system,game_name,ch_name,id
fc,'89 Dennou Kyuusei Uranai (Japan),89电脑占星术 （日版）,FC#1
fc,10-Yard Fight (Japan),十码大战 （日版）,FC#2
fc,10-Yard Fight (Japan) (Rev 1),十码大战 （日版） （修正版 1）,FC#3
fc,"10-Yard Fight (USA, Europe)",十码大战 （美版 欧版）,FC#4
fc,100 Man Dollar Kid - Maboroshi no Teiou Hen (Japan),百万小子 - 幻之帝王篇 （日版）,FC#5
fc,110 in 1 (Asia) (En) (Unl) (Pirate),100合1 （亚洲版） (En) （非官方版） (Pirate),FC#6
fc,"1942 (Japan, USA)",1942 （日版，美版）,FC#7
fc,1943 - The Battle of Midway (Japan) (Beta),1943 - 中途岛战役 （日版） （测试版）,FC#8
fc,1943 - The Battle of Midway (USA),1943 - 中途岛战役 （美版）,FC#9
fc,1943 - The Battle of Valhalla (Japan),1943 - 中途岛战役 （日版）,FC#10
fc,1991 Du Ma Racing (Asia) (Ja) (Idea-Tek) (Unl),91赛马 （亚洲版） (Ja) (Idea-Tek) （非官方版）,FC#11
fc,1991 Du Ma Racing (Asia) (Ja) (Micro Genius) (Unl),91赛马 （亚洲版） (Ja) (Micro Genius) （非官方版）,FC#12
fc,"1999 - Hore, Mitakotoka! Seikimatsu (Japan)",99 强手棋 （日版）,FC#13
fc,2010 Street Fighter (Japan),2010街头斗士 （日版）,FC#14
fc,3 in 1 Supergun (Asia) (Ja) (Unl),枪卡游戏 - 3 合 1 （亚洲版） (Ja) （非官方版）,FC#15
fc,3-D WorldRunner (USA),3D世界赛跑者 （美版）,FC#16
fc,3D Block (Asia) (Ja) (Hwang Shinwei) (Unl),3D方块 （亚洲版） (Ja) (Hwang Shinwei) （非官方版）,FC#17
fc,3D Block (Asia) (Ja) (RCM Group) (Unl),3D方块 （亚洲版） (Ja) (RCM Group) （非官方版）,FC#18
fc,4 Nin Uchi Mahjong (Japan),四人麻雀 （日版）,FC#19
fc,4 Nin Uchi Mahjong (Japan) (Rev 1),四人麻雀 （日版） （修正版 1）,FC#20
fc,720 Degrees (USA),720度转角 （美版）,FC#21
fc,8 Eyes (Japan),八眼传说 （日版）,FC#22
fc,8 Eyes (USA),八眼传说 （美版）,FC#23
fc,A Ressha de Ikou (Japan),铁路Ａ计划 （日版）,FC#24
fc,Aa Yakyuu Jinsei Icchokusen (Japan),野球人生 （日版）,FC#25
fc,Abadox (Japan),阿贝道之战 （日版）,FC#26
fc,Abadox - The Deadly Inner War (USA),阿巴多克斯-致命的内部战争 （美版）,FC#27
fc,Abarenbou Tengu (Japan),暴坊天狗 （日版）,FC#28
fc,Aces - Iron Eagle III (Japan),铁鹰战士III （日版）,FC#29
fc,Action 52 (USA) (Rev A) (Unl),动作游戏 - 52 合 1 （美版） (Rev A) （非官方版）,FC#30
fc,Action 52 (USA) (Unl),动作游戏 - 52 合 1 （美版） （非官方版）,FC#31
fc,Action in New York (Europe),最终任务 （欧版）,FC#32
fc,Adam & Eve (Asia) (En) (Mega Soft) (Unl),亚当与夏娃 （亚洲版） (En) (Mega Soft) （非官方版）,FC#33
fc,Adan y Eva (Spain) (Gluk Video) (Unl),亚当与夏娃 （西班牙版） (Gluk Video) （非官方版）,FC#34
fc,"Addams Family, The (Europe) (En,Fr,De)","阿达一族 （欧版） (En,Fr,De)",FC#35
fc,"Addams Family, The (USA)",阿达一族 （美版）,FC#36
fc,"Addams Family, The - Pugsley's Scavenger Hunt (Europe)",阿达一族 II （欧版）,FC#37
fc,"Addams Family, The - Pugsley's Scavenger Hunt (Europe) (Beta)",阿达一族 II （欧版） （测试版）,FC#38
fc,"Addams Family, The - Pugsley's Scavenger Hunt (USA)",阿达一族 II （美版）,FC#39
fc,"Addams Family, The - Uncle Fester's Quest (USA) (Beta)",阿达一族 - 费斯特伯父的探险 （美版） （测试版）,FC#40
fc,Advanced Dungeons & Dragons - Dragons of Flame (Japan),高级地下城与龙-龙之火焰 （日版）,FC#41
fc,Advanced Dungeons & Dragons - DragonStrike (USA),高级地下城与龙-龙击 （美版）,FC#42
fc,Advanced Dungeons & Dragons - Heroes of the Lance (Japan),高级地下城与龙- 长枪英雄 （日版）,FC#43
fc,Advanced Dungeons & Dragons - Heroes of the Lance (USA),高级地下城与龙- 长枪英雄 （美版）,FC#44
fc,Advanced Dungeons & Dragons - Heroes of the Lance (USA) (Beta),高级地下城与龙- 长枪英雄 （美版） （测试版）,FC#45
fc,Advanced Dungeons & Dragons - Hillsfar (Japan),高级地下城与龙-远山 （日版）,FC#46
fc,Advanced Dungeons & Dragons - Hillsfar (USA),高级地下城与龙-远山 （美版）,FC#47
fc,Advanced Dungeons & Dragons - Pool of Radiance (Japan),高级地下城与龙-光芒之池 （日版）,FC#48
fc,Advanced Dungeons & Dragons - Pool of Radiance (USA),高级地下城与龙-光芒之池 （美版）,FC#49
fc,Adventure Island (USA),冒险岛 （美版）,FC#50
fc,Adventure Island 3 (USA),冒险岛3 （美版）,FC#51
fc,Adventure Island Classic (Europe),冒险岛经典 （欧版）,FC#52
fc,Adventure Island II (USA),冒险岛2 （美版）,FC#53
fc,Adventure Island II (USA) (Beta),冒险岛2 （美版） （测试版）,FC#54
fc,Adventure Island III (Europe) (Proto),冒险岛3 （欧版） （工程版）,FC#55
fc,"Adventure Island Part II, The (Europe)",冒险岛2 （欧版）,FC#56
fc,Adventures in the Magic Kingdom (Europe),魔法王国大冒险 （欧版）,FC#57
fc,Adventures in the Magic Kingdom (USA),魔法王国大冒险 （美版）,FC#58
fc,Adventures in the Magic Kingdom (USA) (Beta 1),魔法王国大冒险 （美版） （测试版 1）,FC#59
fc,Adventures in the Magic Kingdom (USA) (Beta 2),魔法王国大冒险 （美版） （测试版 2）,FC#60
fc,"Adventures of Bayou Billy, The (Europe)",鳄鱼先生 （欧版）,FC#61
fc,"Adventures of Bayou Billy, The (USA)",鳄鱼先生 （美版）,FC#62
fc,"Adventures of Bayou Billy, The (USA) (Virtual Console)",鳄鱼先生 （美版） (Virtual Console),FC#63
fc,Adventures of Dino Riki (USA),新人类 （美版）,FC#64
fc,"Adventures of Dr. Franken, The (USA) (Proto)",法兰克博士大冒险 （美版） （工程版）,FC#65
fc,"Adventures of Gilligan's Island, The (USA)",梦幻岛大冒险 （美版）,FC#66
fc,Adventures of Lolo (Europe),蛋王子大冒险 （欧版）,FC#67
fc,Adventures of Lolo (Europe) (Virtual Console),蛋王子大冒险 （欧版） (Virtual Console),FC#68
fc,Adventures of Lolo (Japan),蛋王子大冒险 （日版）,FC#69
fc,Adventures of Lolo (USA),蛋王子大冒险 （美版）,FC#70
fc,Adventures of Lolo (USA) (Virtual Console),蛋王子大冒险 （美版） (Virtual Console),FC#71
fc,Adventures of Lolo 2 (Europe),蛋王子大冒险 II （欧版）,FC#72
fc,Adventures of Lolo 2 (Europe) (Virtual Console),蛋王子大冒险 II （欧版） (Virtual Console),FC#73
fc,Adventures of Lolo 2 (USA),蛋王子大冒险 II （美版）,FC#74
fc,Adventures of Lolo 2 (USA) (Virtual Console),蛋王子大冒险 II （美版） (Virtual Console),FC#75
fc,Adventures of Lolo 3 (Europe),蛋王子大冒险 III （欧版）,FC#76
fc,Adventures of Lolo 3 (USA),蛋王子大冒险 III （美版）,FC#77
fc,Adventures of Lolo II (Japan),罗罗大冒险2 （日版）,FC#78
fc,"Adventures of Rad Gravity, The (Europe)",重力大冒险 （欧版）,FC#79
fc,"Adventures of Rad Gravity, The (USA)",重力大冒险 （美版）,FC#80
fc,"Adventures of Rocky and Bullwinkle and Friends, The (USA)",波波鹿与飞天鼠 （美版）,FC#81
fc,Adventures of Tom Sawyer (USA),汤姆历险记 （美版）,FC#82
fc,After Burner (Japan),冲破火网 （日版）,FC#83
fc,After Burner (USA) (Unl),冲破火网 （美版） （非官方版）,FC#84
fc,Ai Sensei no Oshiete - Watashi no Hoshi (Japan),爱先生 - 占卜之星 （日版）,FC#85
fc,Aigina no Yogen - Balubalouk no Densetsu Yori (Japan),巴鲁巴矿工传说 （日版）,FC#86
fc,Air Fortress (Europe),空中要塞 （欧版）,FC#87
fc,Air Fortress (Japan),空中要塞 （日版）,FC#88
fc,Air Fortress (USA),空中要塞 （美版）,FC#89
fc,Airball (USA) (Proto 1),气球 （美版） （工程版1）,FC#90
fc,Airball (USA) (Proto 2),气球 （美版） （工程版2）,FC#91
fc,Airwolf (Europe) (Acclaim),飞狼 （欧版） (Acclaim),FC#92
fc,Airwolf (Japan) (Kyugo),飞狼 （日版） (Kyugo),FC#93
fc,Airwolf (USA) (Acclaim),飞狼 （美版） (Acclaim),FC#94
fc,Akagawa Jirou no Yuurei Ressha (Japan),赤川次郎之幽灵列车 （日版）,FC#95
fc,Akira (Japan),阿基拉 （日版）,FC#96
fc,Akuma no Shoutaijou (Japan),恶魔招待状 （日版）,FC#97
fc,Akuma-kun - Makai no Wana (Japan),恶魔君 - 魔界的圈套 （日版）,FC#98
fc,Akumajou Densetsu (Japan),恶魔城 III - 德古拉的诅咒 （日版）,FC#99
fc,Akumajou Densetsu (Japan) (Castlevania Anniversary Collection),恶魔城 III - 德古拉的诅咒 （日版） (Castlevania Anniversary Collection),FC#100
fc,Akumajou Densetsu (Japan) (Virtual Console),恶魔城 III - 德古拉的诅咒 （日版） (Virtual Console),FC#101
fc,Akumajou Dracula (Japan),恶魔城 （日版）,FC#102
fc,Akumajou Dracula (Japan) (Castlevania Anniversary Collection),恶魔城 （日版） (Castlevania Anniversary Collection),FC#103
fc,Akumajou Special - Boku Dracula-kun (Japan),恶魔城外传 - 少年德古拉君 （日版）,FC#104
fc,Akumajou Special - Boku Dracula-kun (Japan) (Castlevania Anniversary Collection),恶魔城外传 - 少年德古拉君 （日版） (Castlevania Anniversary Collection),FC#105
fc,Al Unser Jr. Turbo Racing (USA),涡轮大赛车 （美版）,FC#106
fc,Aladdin (Europe),阿拉丁 （欧版）,FC#107
fc,Alex DeMeo's Race America (USA),美国赛车 （美版）,FC#108
fc,"Alfombra Magica, La (Spain) (Gluk Video) (Unl)",魔法地毯 （西班牙版） (Gluk Video) （非官方版）,FC#109
fc,"Alfombra Magica, La (Spain) (Rev 1) (Gluk Video) (Unl)",魔法地毯 （西班牙版） （修正版 1） (Gluk Video) （非官方版）,FC#110
fc,Alfred Chicken (Europe),神鸡艾烈佛 （欧版）,FC#111
fc,Alfred Chicken (USA),神鸡艾烈佛 （美版）,FC#112
fc,Alien 3 (Europe),异形 III （欧版）,FC#113
fc,Alien 3 (USA),异形 III （美版）,FC#114
fc,Alien Syndrome (Japan),异形风暴 （日版）,FC#115
fc,Alien Syndrome (USA) (Unl),异形风暴 （美版） （非官方版）,FC#116
fc,All-Pro Basketball (USA),全美职业篮球赛 （美版）,FC#117
fc,Alpha Mission (Europe),阿尔法任务 - 装甲争夺战 （欧版）,FC#118
fc,Alpha Mission (USA),阿尔法任务 - 装甲争夺战 （美版）,FC#119
fc,Amagon (USA),荒岛落难记 （美版）,FC#120
fc,America Daitouryou Senkyo (Japan),美国总统大选 （日版）,FC#121
fc,America Oudan Ultra Quiz - Shijou Saidai no Tatakai (Japan),美国横断问答 - 史上最大之争战 （日版）,FC#122
fc,America Oudan Ultra Quiz - Shijou Saidai no Tatakai (Japan) (Rev 1),美国横断问答 - 史上最大之争战 （日版） （修正版 1）,FC#123
fc,American Dream (Japan),美国之梦 （日版）,FC#124
fc,American Football - Touchdown Fever (Japan),美式橄榄球 （日版）,FC#125
fc,American Gladiators (USA),美国斗士 （美版）,FC#126
fc,Ankoku Shinwa - Yamato Takeru Densetsu (Japan),暗黑神话 （日版）,FC#127
fc,Anticipation (Europe),机智问答 （欧版）,FC#128
fc,Anticipation (USA),机智问答 （美版）,FC#129
fc,Aoki Ookami to Shiroki Mejika - Genchou Hishi (Japan),苍狼与白鹿 - 元朝秘史 （日版）,FC#130
fc,Aoki Ookami to Shiroki Mejika - Genghis Khan (Japan),苍狼与白鹿 - 成吉思汗 （日版）,FC#131
fc,Arabian Dream Scheherazade (Japan),阿拉伯之梦 （日版）,FC#132
fc,Arcadia VI (USA) (Proto),阿卡迪亚6 （美版） （工程版）,FC#133
fc,Arch Rivals - A Basketbrawl! (Europe),劲敌-篮球大战！ （欧版）,FC#134
fc,Arch Rivals - A Basketbrawl! (USA),劲敌-篮球大战！ （美版）,FC#135
fc,Archon (USA),巫术对奕 （美版）,FC#136
fc,Arctic (Japan),北极星 （日版）,FC#137
fc,Arctic Adventure - Penguin & Seal (Australia) (Unl),企鹅和海豹 （澳洲版） （非官方版）,FC#138
fc,Argos no Senshi - Hachamecha Daishingeki (Japan),未来战士 （日版）,FC#139
fc,Argus (Japan),百眼巨神 （日版）,FC#140
fc,Arkanoid (Japan),打砖块 （日版）,FC#141
fc,Arkanoid (USA),打砖块 （美版）,FC#142
fc,Arkanoid II (Japan),打砖块 II （日版）,FC#143
fc,Arkanoid II (Japan) (Beta),打砖块 II （日版） （测试版）,FC#144
fc,Arkista's Ring (USA),亚克斯塔的戒指 （美版）,FC#145
fc,Armadillo (Japan),穿山甲小子 （日版）,FC#146
fc,Artelius (Japan),亚特利斯号 （日版）,FC#147
fc,Asmik-kun Land (Japan),阿斯米克君世界 （日版）,FC#148
fc,ASO - Armored Scrum Object (Japan) (En),阿尔法任务 - 装甲争夺战 （日版） (En),FC#149
fc,ASO - Armored Scrum Object (Japan) (En) (Sample),阿尔法任务 - 装甲争夺战 （日版） (En) （试玩版）,FC#150
fc,"Asterix (Europe) (En,Fr,De,Es,It)","美丽新世界 （欧版） (En,Fr,De,Es,It)",FC#151
fc,Astro Fang - Super Machine (Japan),冲锋飞车 - 超级装置 （日版）,FC#152
fc,Astro Robo Sasa (Japan),漂浮枪手 （日版）,FC#153
fc,Astyanax (Europe),战王之王 （欧版）,FC#154
fc,Astyanax (USA),战王之王 （美版）,FC#155
fc,Astyanax (USA) (Beta),战王之王 （美版） （测试版）,FC#156
fc,Athena (Japan),雅典娜 （日版）,FC#157
fc,Athena (USA),雅典娜 （美版）,FC#158
fc,Athletic World (Europe),任天堂跳跳板 - 运动世界 （欧版）,FC#159
fc,Athletic World (USA),任天堂跳跳板 - 运动世界 （美版）,FC#160
fc,Atlantis no Nazo (Japan),亚特兰提斯之谜 （日版）,FC#161
fc,Atlantis no Nazo (Japan) (Beta),亚特兰提斯之谜 （日版） （测试版）,FC#162
fc,Atlantis no Nazo (Japan) (Virtual Console),亚特兰提斯之谜 （日版） (Virtual Console),FC#163
fc,Attack Animal Gakuen (Japan),动物学园 （日版）,FC#164
fc,Attack of the Killer Tomatoes (Europe),蕃茄杀手 （欧版）,FC#165
fc,Attack of the Killer Tomatoes (USA),蕃茄杀手 （美版）,FC#166
fc,Aussie Rules Footy (Australia),澳洲制式足球 （澳洲版）,FC#167
fc,Auto-Upturn (Asia) (Ja) (PAL) (Unl),自转拼图 （亚洲版） (Ja) (PAL) （非官方版）,FC#168
fc,AV Hanafuda Club (Japan) (Unl),AV 花札俱乐部 （日版） （非官方版）,FC#169
fc,AV Kyuukyoku Mahjong 2 (Asia) (Ja) (Ge De) (Unl),AV 究极麻将 II （亚洲版） (Ja) (Ge De) （非官方版）,FC#170
fc,AV Kyuukyoku Mahjong 2 (Asia) (Ja) (Ka Sheng) (Unl),AV 究极麻将 II （亚洲版） (Ja) (Ka Sheng) （非官方版）,FC#171
fc,AV Mahjong Club (Asia) (Ja) (Unl),AV 麻雀俱乐部 （亚洲版） (Ja) （非官方版）,FC#172
fc,AV Mahjong Club (Japan) (Unl),AV 麻雀俱乐部 （日版） （非官方版）,FC#173
fc,AV Mei Shao Nv Zhan Shi (Asia) (Unl),A.V.美少女战士 （亚洲版） （非官方版）,FC#174
fc,AV Pachi-Slot (Asia) (Ja) (Unl),A.V.柏青哥 （亚洲版） (Ja) （非官方版）,FC#175
fc,AV Pachi-Slot (Japan) (Unl),A.V.柏青哥 （日版） （非官方版）,FC#176
fc,AV Poker (Japan) (Unl),AV 美女扑克牌 （日版） （非官方版）,FC#177
fc,AV Soccer (Japan) (Unl),AV 足球 （日版） （非官方版）,FC#178
fc,AV Super Real Pachinko (Japan) (Unl),A.V.超真实柏青哥 （日版） （非官方版）,FC#179
fc,B-Wings (Japan),B 计划 （日版）,FC#180
fc,Babel no Tou (Japan),巴比伦塔 （日版）,FC#181
fc,Baby Boomer (Korea) (Unl),暴走炸弹 (Korea) （非官方版）,FC#182
fc,Baby Boomer (USA) (Unl),暴走炸弹 （美版） （非官方版）,FC#183
fc,Back to the Future (USA),回到未来 （美版）,FC#184
fc,Back to the Future Part II & III (USA),回到未来2.3 （美版）,FC#185
fc,Bad Dudes (USA),龙之忍者 （美版）,FC#186
fc,Bad Dudes vs. Dragon Ninja (Europe),龙之忍者 （欧版）,FC#187
fc,Bad News Baseball (USA),坏消息棒球 （美版）,FC#188
fc,Bad Street Brawler (USA),黑街斗争 （美版）,FC#189
fc,Baken Hisshou Gaku - Gate In (Japan),马券必胜学 （日版）,FC#190
fc,Bakushou! Star Monomane Shitennou (Japan),爆笑四天王 （日版）,FC#191
fc,Bakushou!! Ai no Gekijou (Japan),爆笑爱之剧场 （日版）,FC#192
fc,Bakushou!! Jinsei Gekijou (Japan),爆笑人生剧场 （日版）,FC#193
fc,Bakushou!! Jinsei Gekijou 2 (Japan),爆笑人生剧场 II （日版）,FC#194
fc,Bakushou!! Jinsei Gekijou 3 (Japan),爆笑人生剧场 III （日版）,FC#195
fc,Ballblazer (Japan),滚球大战 （日版）,FC#196
fc,Balloon Fight (Europe),气球大战 （欧版）,FC#197
fc,Balloon Fight (Europe) (Virtual Console),气球大战 （欧版） (Virtual Console),FC#198
fc,Balloon Fight (Japan) (En),气球大战 （日版） (En),FC#199
fc,Balloon Fight (Japan) (En) (GameCube Edition),气球大战 （日版） (En) (GameCube Edition),FC#200
fc,Balloon Fight (USA),气球大战 （美版）,FC#201
fc,Baltron (Japan),巴特隆战记 （日版）,FC#202
fc,Baltron (Japan) (Beta),巴特隆战记 （日版） （测试版）,FC#203
fc,Banana (Japan),香蕉大战 （日版）,FC#204
fc,Banana (Japan) (Beta) (1986-06-30),香蕉大战 （日版） （测试版） (1986-06-30),FC#205
fc,Banana (Japan) (Beta) (Earlier),香蕉大战 （日版） （测试版） (Earlier),FC#206
fc,Banana Prince (Germany),香蕉王子大冒险 （德国版）,FC#207
fc,Bananan Ouji no Daibouken (Japan),香蕉王子大冒险 （日版）,FC#208
fc,Bandai Golf - Challenge Pebble Beach (USA),万岱高尔夫 - 圆石滩球场邀请赛 （美版）,FC#209
fc,Bandit Kings of Ancient China (USA),水浒传 - 天命之誓 （美版）,FC#210
fc,Bao Xiao San Guo (Asia) (Unl),爆笑三国 （亚洲版） （非官方版）,FC#211
fc,Barbie (Europe),芭比娃娃 （欧版）,FC#212
fc,Barbie (USA),芭比娃娃 （美版）,FC#213
fc,Barbie (USA) (Rev 1),芭比娃娃 （美版） （修正版 1）,FC#214
fc,Barcode World (Japan),条码世界 （日版）,FC#215
fc,"Bard's Tale II, The - The Destiny Knight (Japan)",冰城传奇 II - 命运骑士团 （日版）,FC#216
fc,"Bard's Tale, The (Japan)",冰城传奇 （日版）,FC#217
fc,"Bard's Tale, The (Japan) (Sample)",冰城传奇 （日版） （试玩版）,FC#218
fc,"Bard's Tale, The (USA)",冰城传奇 （美版）,FC#219
fc,"Bard's Tale, The - Tales of the Unknown (USA) (Beta 1)",冰城传奇-未知传说 （美版） （测试版 1）,FC#220
fc,"Bard's Tale, The - Tales of the Unknown (USA) (Beta 2)",冰城传奇-未知传说 （美版） （测试版 2）,FC#221
fc,Barker Bill's Trick Shooting (Europe),伯克比尔之戏法射击秀 （欧版）,FC#222
fc,Barker Bill's Trick Shooting (USA),伯克比尔之戏法射击秀 （美版）,FC#223
fc,Baseball (Japan) (En),任天堂棒球 （日版） (En),FC#224
fc,Baseball (Japan) (En) (GameCube Edition),任天堂棒球 （日版） (En) (GameCube Edition),FC#225
fc,"Baseball (USA, Europe)",任天堂棒球 （美版 欧版）,FC#226
fc,"Baseball (USA, Europe) (GameCube Edition)",任天堂棒球 （美版 欧版） (GameCube Edition),FC#227
fc,Baseball Fighter (Japan),棒球战士 （日版）,FC#228
fc,Baseball Simulator 1.000 (USA),模拟棒球 （美版）,FC#229
fc,Baseball Simulator 1.000 (USA) (Virtual Console),模拟棒球 （美版） (Virtual Console),FC#230
fc,Baseball Star - Mezase Sankanou!! (Japan),棒球之星 - 迈向三冠王！ （日版）,FC#231
fc,Baseball Stars (USA),棒球之星 （美版）,FC#232
fc,Baseball Stars II (USA),棒球之星 II （美版）,FC#233
fc,Bases Loaded (USA),满垒王 （美版）,FC#234
fc,Bases Loaded (USA) (Rev 1),满垒王 （美版） （修正版 1）,FC#235
fc,Bases Loaded (USA) (Rev 2),满垒王 （美版） （修正版 2）,FC#236
fc,Bases Loaded 3 (USA),满垒王 III （美版）,FC#237
fc,Bases Loaded 4 (USA),满垒王 IV （美版）,FC#238
fc,Bases Loaded II - Second Season (USA),满垒王 II （美版）,FC#239
fc,Bashi Bazook - Morphoid Masher (USA) (Proto) (1989-05-29),生化战士 DAN （美版） （工程版） (1989-05-29),FC#240
fc,Batman (Japan),蝙蝠侠 （日版）,FC#241
fc,Batman - Return of the Joker (Europe),蝙蝠侠 II - 小丑的复仇 （欧版）,FC#242
fc,Batman - Return of the Joker (USA),蝙蝠侠 II - 小丑的复仇 （美版）,FC#243
fc,Batman - Return of the Joker (USA) (Beta),蝙蝠侠 II - 小丑的复仇 （美版） （测试版）,FC#244
fc,Batman - The Video Game (Europe),蝙蝠侠 （欧版）,FC#245
fc,Batman - The Video Game (USA),蝙蝠侠 （美版）,FC#246
fc,Batman - The Video Game (USA) (Beta 1),蝙蝠侠 （美版） （测试版 1）,FC#247
fc,Batman - The Video Game (USA) (Beta 2),蝙蝠侠 （美版） （测试版 2）,FC#248
fc,Batman Returns (Europe),蝙蝠侠 III - 大显神威 （欧版）,FC#249
fc,Batman Returns (Europe) (Beta),蝙蝠侠 III - 大显神威 （欧版） （测试版）,FC#250
fc,Batman Returns (USA),蝙蝠侠 III - 大显神威 （美版）,FC#251
fc,Batsu & Terry - Makyou no Tetsujin Race (Japan),魔境铁人 （日版）,FC#252
fc,Battle Baseball (Japan),SD 战斗棒球 （日版）,FC#253
fc,Battle Chess (USA),决战西洋棋 （美版）,FC#254
fc,Battle Fleet (Japan),海战舰队 （日版）,FC#255
fc,Battle Formula (Japan),战斗方程式赛车 （日版）,FC#256
fc,"Battle of Olympus, The (Europe)",奥林帕斯之战 （欧版）,FC#257
fc,"Battle of Olympus, The (USA)",奥林帕斯之战 （美版）,FC#258
fc,Battle Stadium - Senbatsu Pro Yakyuu (Japan),战斗野球 - 职业野球选拔赛 （日版）,FC#259
fc,Battle Storm (Japan),战斗风暴 （日版）,FC#260
fc,BattleCity (Japan),战斗城市 （日版）,FC#261
fc,"Battleship (Europe) (En,Fr,De,Es)","海战风云 （欧版） (En,Fr,De,Es)",FC#262
fc,Battleship (USA),海战风云 （美版）,FC#263
fc,Battletoads (Europe),战斗蛙 （欧版）,FC#264
fc,Battletoads (Japan),战斗蛙 （日版）,FC#265
fc,Battletoads (USA),战斗蛙 （美版）,FC#266
fc,Battletoads-Double Dragon (Europe),双截龙 （欧版）,FC#267
fc,Battletoads-Double Dragon (USA),双截龙 （美版）,FC#268
fc,BB Car (Asia) (En) (Unl),噗噗车 （亚洲版） (En) （非官方版）,FC#269
fc,Be-Bop-Highschool - Koukousei Gokuraku Densetsu (Japan),高校生极乐传说 （日版）,FC#270
fc,Beauty and the Beast (Europe),美女与野兽 （欧版）,FC#271
fc,Bee 52 (USA) (Unl),小蜜蜂 52 （美版） （非官方版）,FC#272
fc,Beetlejuice (USA),阴间大法师 （美版）,FC#273
fc,Best Keiba - Derby Stallion (Japan),德贝赛马 （日版）,FC#274
fc,Best Keiba - Derby Stallion (Japan) (Rev 1),德贝赛马 （日版） （修正版 1）,FC#275
fc,Best of the Best - Championship Karate (Europe),精英份子 - 自由搏击冠军赛 （欧版）,FC#276
fc,Best of the Best - Championship Karate (USA),精英份子 - 自由搏击冠军赛 （美版）,FC#277
fc,Best Play Pro Yakyuu '90 (Japan),最佳职业棒球 '90 （日版）,FC#278
fc,Best Play Pro Yakyuu (Japan),最佳职业棒球 （日版）,FC#279
fc,Best Play Pro Yakyuu (Japan) (Rev 1),最佳职业棒球 （日版） （修正版 1）,FC#280
fc,Best Play Pro Yakyuu II (Japan),最佳职业棒球 II （日版）,FC#281
fc,Best Play Pro Yakyuu Special (Japan),最佳职业棒球特别篇 （日版）,FC#282
fc,Best Play Pro Yakyuu Special (Japan) (Rev 1),最佳职业棒球特别篇 （日版） （修正版 1）,FC#283
fc,Bible Adventures (USA) (Unl),圣经大冒险 （美版） （非官方版）,FC#284
fc,Bible Adventures (USA) (v1.1) (Unl),圣经大冒险 （美版） (v1.1) （非官方版）,FC#285
fc,Bible Adventures (USA) (v1.2) (Unl),圣经大冒险 （美版） (v1.2) （非官方版）,FC#286
fc,Bible Adventures (USA) (v1.3) (Unl),圣经大冒险 （美版） (v1.3) （非官方版）,FC#287
fc,Bible Adventures (USA) (v1.4) (Unl),圣经大冒险 （美版） (v1.4) （非官方版）,FC#288
fc,Bible Adventures (USA) (v1.5) (Unl),圣经大冒险 （美版） (v1.5) （非官方版）,FC#289
fc,Bible Buffet (USA) (v6.0) (Unl),毕柏自助餐 （美版） (v6.0) （非官方版）,FC#290
fc,Big Nose and the Witchdoctor (USA) (Beta) (Unl),大鼻子原始人 II （美版） （测试版） （非官方版）,FC#291
fc,Big Nose Freaks Out (USA) (Unl),大鼻子原始人 II （美版） （非官方版）,FC#292
fc,Big Nose the Caveman (USA) (Unl),大鼻子原始人 （美版） （非官方版）,FC#293
fc,Bigfoot (Europe),大轮赛车 （欧版）,FC#294
fc,Bigfoot (USA),大轮赛车 （美版）,FC#295
fc,Bikkuri Nekketsu Shin Kiroku! - Harukanaru Kin Medal (Japan),热血新记录 （日版）,FC#296
fc,Bikkuriman World - Gekitou Sei Senshi (Japan),激斗圣战士 （日版）,FC#297
fc,Bill & Ted's Excellent Video Game Adventure (USA),阿比阿弟的冒险 （美版）,FC#298
fc,Bill Elliott's NASCAR Challenge (USA),比尔埃略特之云斯顿赛车锦标赛 （美版）,FC#299
fc,Binary Land (Japan),企鹅世界 （日版）,FC#300
fc,Bingo (Asia) (C&E) (Unl),填格子 （亚洲版） (C&E) （非官方版）,FC#301
fc,Bingo (Asia) (TXC) (Unl),填格子 （亚洲版） (TXC) （非官方版）,FC#302
fc,Bingo 75 (Asia) (Ja) (Unl),宾果 75 （亚洲版） (Ja) （非官方版）,FC#303
fc,BinGuo 75 (Asia) (Ja) (Unl),宾果 75 （亚洲版） (Ja) （非官方版）,FC#304
fc,Bio Force Ape (Japan) (En) (Proto),生物力量猿人 （日版） (En) （工程版）,FC#305
fc,Bio Miracle Bokutte Upa (Japan),超级宝宝乌帕 （日版）,FC#306
fc,Bio Senshi Dan - Increaser Tono Tatakai (Japan),生化战士 DAN （日版）,FC#307
fc,Bionic Commando (Europe),希特勒的复活 （欧版）,FC#308
fc,Bionic Commando (USA),希特勒的复活 （美版）,FC#309
fc,Bird Week (Japan),鸟的传说 （日版）,FC#310
fc,"Black Bass II, The (Japan)",黑巴斯2 （日版）,FC#311
fc,"Black Bass, The (Japan)",黑巴斯 （日版）,FC#312
fc,"Black Bass, The (USA)",黑巴斯 （美版）,FC#313
fc,Black Dragon (Korea) (Unl),黑龙 (Korea) （非官方版）,FC#314
fc,Blackjack (USA) (Unl),黑杰克 （美版） （非官方版）,FC#315
fc,Blades of Steel (Europe),钢刀曲棍球 （欧版）,FC#316
fc,Blades of Steel (Europe) (Virtual Console),钢刀曲棍球 （欧版） (Virtual Console),FC#317
fc,Blades of Steel (USA),钢刀曲棍球 （美版）,FC#318
fc,Blades of Steel (USA) (Virtual Console),钢刀曲棍球 （美版） (Virtual Console),FC#319
fc,Blaster Master (Europe),超惑星战记 （欧版）,FC#320
fc,Blaster Master (Japan) (Virtual Console),超惑星战记 （日版） (Virtual Console),FC#321
fc,Blaster Master (USA),超惑星战记 （美版）,FC#322
fc,Blaster Master (USA) (Beta) (1988-05-20),超惑星战记 （美版） （测试版） (1988-05-20),FC#323
fc,"Blaster Master (USA, Europe) (Virtual Console)",超惑星战记 （美版 欧版） (Virtual Console),FC#324
fc,Block Out (USA) (Proto),立体空间方块 （美版） （工程版）,FC#325
fc,Blodia Land - Puzzle Quest (Japan),方块世界 （日版）,FC#326
fc,Bloody Warriors - Shan-Go no Gyakushuu (Japan),血腥战士 （日版）,FC#327
fc,"Bloque Magico, El (Spain) (Gluk Video) (Unl)",魔法封锁 （西班牙版） (Gluk Video) （非官方版）,FC#328
fc,"Blue Marlin, The (Japan)",蓝色马林鱼 （日版）,FC#329
fc,"Blue Marlin, The (USA)",蓝色马林鱼 （美版）,FC#330
fc,Blue Shadow (Europe),赤影战士 （欧版）,FC#331
fc,"Blues Brothers, The (Europe)",布鲁斯兄弟 （欧版）,FC#332
fc,"Blues Brothers, The (USA)",布鲁斯兄弟 （美版）,FC#333
fc,BMX Simulator (Asia) (En) (Unl),BMX模拟器 （亚洲版） (En) （非官方版）,FC#334
fc,Bo Jackson Baseball (USA),波杰克森棒球 （美版）,FC#335
fc,Bokosuka Wars (Japan),武士救美 （日版）,FC#336
fc,Bomber King (Japan),炸弹之王 （日版）,FC#337
fc,Bomber Man (Japan),炸弹人 （日版）,FC#338
fc,Bomber Man II (Japan),炸弹人2 （日版）,FC#339
fc,Bomberman (USA),轰炸超人 （美版）,FC#340
fc,Bomberman II (USA),轰炸超人 II （美版）,FC#341
fc,Bonk's Adventure (USA),FC 原人 （美版）,FC#342
fc,Booby Kids (Japan),时空小子 （日版）,FC#343
fc,Booky Man (Spain) (Gluk Video) (Unl),书呆子 （西班牙版） (Gluk Video) （非官方版）,FC#344
fc,Boulder Dash (Europe),推石小子 （欧版）,FC#345
fc,Boulder Dash (Japan),推石小子 （日版）,FC#346
fc,Boulder Dash (USA),推石小子 （美版）,FC#347
fc,Bowling (USA) (Proto),保龄球 （美版） （工程版）,FC#348
fc,Bram Stoker's Dracula (Europe),吸血鬼德古拉 （欧版）,FC#349
fc,Bram Stoker's Dracula (USA),吸血鬼德古拉 （美版）,FC#350
fc,Break Time - The National Pool Tour (USA),休闲时间 - 全国撞球巡回赛 （美版）,FC#351
fc,BreakThru (USA),越野战车 （美版）,FC#352
fc,Brilliant Com Cocoma Pack 1 (Korea) (Unl),韩语益智游戏合集1 (Korea) （非官方版）,FC#353
fc,Brilliant Com Cocoma Pack 2 (Korea) (Unl),韩语益智游戏合集2 (Korea) （非官方版）,FC#354
fc,Brush Roller (Asia) (Ja) (Unl),刷子与滚筒 （亚洲版） (Ja) （非官方版）,FC#355
fc,Bubble Bath Babes (USA) (Unl),美女气泡方块 （美版） （非官方版）,FC#356
fc,Bubble Bobble (Europe),泡泡龙 （欧版）,FC#357
fc,Bubble Bobble (Europe) (Virtual Console),泡泡龙 （欧版） (Virtual Console),FC#358
fc,Bubble Bobble (USA),泡泡龙 （美版）,FC#359
fc,Bubble Bobble (USA) (Virtual Console),泡泡龙 （美版） (Virtual Console),FC#360
fc,Bubble Bobble 2 (Japan),泡泡龙 II （日版）,FC#361
fc,Bubble Bobble Part 2 (USA),泡泡龙 II （美版）,FC#362
fc,Bucky O'Hare (Europe),月球英雄 （欧版）,FC#363
fc,Bucky O'Hare (Japan),月球英雄 （日版）,FC#364
fc,Bucky O'Hare (USA),月球英雄 （美版）,FC#365
fc,Buggy Popper (Japan),碰碰飞车 （日版）,FC#366
fc,Bugs Bunny Birthday Bash (USA) (Beta) [b],兔八哥生日派对 （美版） （测试版） [b],FC#367
fc,"Bugs Bunny Birthday Blowout, The (USA)",邦尼兔 - 生日盛宴 （美版）,FC#368
fc,"Bugs Bunny Blowout, The (Europe)",邦尼兔 - 生日盛宴 （欧版）,FC#369
fc,"Bugs Bunny Crazy Castle, The (USA)",邦尼兔 - 疯狂城堡 （美版）,FC#370
fc,Bugs Bunny Fun House (USA) (Beta),邦尼兔 - 趣味屋 （美版） （测试版）,FC#371
fc,BugTris (Korea) (Unl),Bug俄罗斯方块 (Korea) （非官方版）,FC#372
fc,Bump 'n' Jump (USA),碰碰飞车 （美版）,FC#373
fc,Burai Fighter (Europe),无赖战士 （欧版）,FC#374
fc,Burai Fighter (Japan),无赖战士 （日版）,FC#375
fc,Burai Fighter (USA),无赖战士 （美版）,FC#376
fc,BurgerTime (Japan),汉堡世界 （日版）,FC#377
fc,BurgerTime (USA),汉堡世界 （美版）,FC#378
fc,Business Wars (Japan),商场战争 （日版）,FC#379
fc,Buzz & Waldog (USA) (Proto) (Unl),巴治与沃尔多 （美版） （工程版） （非官方版）,FC#380
fc,Cabal (USA),勇士们 （美版）,FC#381
fc,Cadillac (Japan),名车扑克 （日版）,FC#382
fc,Cadillac (Japan) (Sample),名车扑克 （日版） （试玩版）,FC#383
fc,Caesars Palace (USA),凯萨宫大饭店 （美版）,FC#384
fc,Caesars Palace (USA) (Beta),凯萨宫大饭店 （美版） （测试版）,FC#385
fc,California Games (Europe),加州运动会 （欧版）,FC#386
fc,California Games (USA),加州运动会 （美版）,FC#387
fc,California Raisins - The Grape Escape (USA) (Proto 1),加州葡萄干 葡萄脱逃记 （美版） （工程版1）,FC#388
fc,California Raisins - The Grape Escape (USA) (Proto 2),加州葡萄干 葡萄脱逃记 （美版） （工程版2）,FC#389
fc,Caltron - 6 in 1 (USA) (Unl),卡特隆合卡 - 6 合 1 （美版） （非官方版）,FC#390
fc,Caltron - 9 in 1 (USA) (Proto) (Unl),Caltron九合一 （美版） （工程版） （非官方版）,FC#391
fc,Capcom Barcelona '92 (Japan),卡普空巴塞隆纳运动会 '92 （日版）,FC#392
fc,Capcom's Gold Medal Challenge '92 (Europe),卡普空的金牌挑战92 （欧版）,FC#393
fc,Capcom's Gold Medal Challenge '92 (USA),卡普空的金牌挑战92 （美版）,FC#394
fc,Captain America and the Avengers (Australia),美国队长与复仇者 （澳洲版）,FC#395
fc,Captain America and the Avengers (USA),美国队长与复仇者 （美版）,FC#396
fc,Captain Comic - The Adventure (USA) (Unl),滑稽队长大冒险 （美版） （非官方版）,FC#397
fc,Captain ED (Japan),艾德上尉 （日版）,FC#398
fc,Captain Planet and the Planeteers (Europe),星球拯救队 （欧版）,FC#399
fc,Captain Planet and the Planeteers (USA),星球拯救队 （美版）,FC#400
fc,Captain Saver (Japan),刀锋斗士 II （日版）,FC#401
fc,Captain Silver (Japan),锡鲁巴船长 （日版）,FC#402
fc,Captain Skyhawk (Europe),天鹰计划 （欧版）,FC#403
fc,Captain Skyhawk (USA),天鹰计划 （美版）,FC#404
fc,Captain Skyhawk (USA) (Rev 1),天鹰计划 （美版） （修正版 1）,FC#405
fc,Captain Tsubasa (Japan),天使之翼 （日版）,FC#406
fc,Captain Tsubasa II - Super Striker (Japan),天使之翼2 （日版）,FC#407
fc,Casino Derby (Japan),竞马赛场 （日版）,FC#408
fc,Casino Kid (USA),赌城小子 （美版）,FC#409
fc,Casino Kid II (USA),赌城小子2 （美版）,FC#410
fc,Castelian (Europe),城堡猪 （欧版）,FC#411
fc,Castelian (USA),城堡猪 （美版）,FC#412
fc,Castle Excellent (Japan),精致之城 （日版）,FC#413
fc,Castle of Deceit (USA) (Unl),谎言之城 （美版） （非官方版）,FC#414
fc,Castle of Dragon (USA),龙之军团 （美版）,FC#415
fc,Castle Quest (Japan),奇幻大冒险 （日版）,FC#416
fc,Castlequest (USA),精致之城 （美版）,FC#417
fc,Castlevania (Europe),恶魔城 （欧版）,FC#418
fc,Castlevania (Europe) (Virtual Console),恶魔城 （欧版） (Virtual Console),FC#419
fc,Castlevania (USA),恶魔城 （美版）,FC#420
fc,Castlevania (USA) (Castlevania Anniversary Collection),恶魔城 （美版） (恶魔城 Anniversary Collection),FC#421
fc,Castlevania (USA) (Rev 1),恶魔城 （美版） （修正版 1）,FC#422
fc,Castlevania (USA) (Rev 1) (Virtual Console),恶魔城 （美版） （修正版 1） (Virtual Console),FC#423
fc,Castlevania II - Simon's Quest (Europe),恶魔城 II - 西蒙的探险 （欧版）,FC#424
fc,Castlevania II - Simon's Quest (USA),恶魔城 II - 西蒙的探险 （美版）,FC#425
fc,Castlevania II - Simon's Quest (USA) (Castlevania Anniversary Collection),恶魔城 II - 西蒙的探险 （美版） (Castlevania Anniversary Collection),FC#426
fc,Castlevania III - Dracula's Curse (Europe),恶魔城 III - 德古拉的诅咒 （欧版）,FC#427
fc,Castlevania III - Dracula's Curse (Europe) (Virtual Console),恶魔城 III - 德古拉的诅咒 （欧版） (Virtual Console),FC#428
fc,Castlevania III - Dracula's Curse (USA),恶魔城 III - 德古拉的诅咒 （美版）,FC#429
fc,Castlevania III - Dracula's Curse (USA) (Castlevania Anniversary Collection),恶魔城 III - 德古拉的诅咒 （美版） (Castlevania Anniversary Collection),FC#430
fc,Castlevania III - Dracula's Curse (USA) (Virtual Console),恶魔城 III - 德古拉的诅咒 （美版） (Virtual Console),FC#431
fc,Cat Ninden Teyandee (Japan),猫党忍者传 （日版）,FC#432
fc,Caveman Games (USA),原始人运动会 （美版）,FC#433
fc,Chack'n Pop (Japan),拯救爱心 （日版）,FC#434
fc,Challenge of the Dragon (Asia) (Ja) (Sachen) (Unl),巨龙之挑战 （亚洲版） (Ja) (Sachen) （非官方版）,FC#435
fc,Challenge of the Dragon (USA) (Color Dreams) (Unl),巨龙之挑战 （美版） (Color Dreams) （非官方版）,FC#436
fc,Challenger (Japan),列车寻宝 （日版）,FC#437
fc,Championship Bowling (Japan),保龄球锦标赛 （日版）,FC#438
fc,Championship Bowling (USA),保龄球锦标赛 （美版）,FC#439
fc,Championship Lode Runner (Japan),金牌掏金者 （日版）,FC#440
fc,Championship Pool (USA),撞球锦标赛 （美版）,FC#441
fc,Championship Rally (Europe),火爆越野赛车 - 世界越野赛车锦标赛 （欧版）,FC#442
fc,Chaos World (Japan),邪恶世界 （日版）,FC#443
fc,Cheetahmen II (USA) (Unl),豹人 II （美版） （非官方版）,FC#444
fc,Chess Academy (Asia) (Ja) (NTSC) (Unl),象棋学园 （亚洲版） (Ja) (NTSC) （非官方版）,FC#445
fc,"Chessmaster, The (Europe)",西洋棋大师 （欧版）,FC#446
fc,"Chessmaster, The (USA)",西洋棋大师 （美版）,FC#447
fc,"Chessmaster, The (USA) (Rev 1)",西洋棋大师 （美版） （修正版 1）,FC#448
fc,Chester Field - Ankoku Shin e no Chousen (Japan),切斯特大陆 暗黑之挑战 （日版）,FC#449
fc,Chester Field - Ankoku Shin e no Chousen (Japan) (Beta),切斯特大陆 暗黑之挑战 （日版） （测试版）,FC#450
fc,"Chevaliers du Zodiaque, Les - La Legende d'Or (France)",圣斗士星矢 - 黄金传说 （法国版）,FC#451
fc,Chibi Maruko-chan - Uki Uki Shopping (Japan),樱桃小丸子 （日版）,FC#452
fc,Chiisana Obake - Acchi Socchi Kocchi (Japan),精灵小子 （日版）,FC#453
fc,Chik Bik Ji Jin - Saam Gwok Ji (Asia) (Ja) (Unl),三国志 - 赤壁之战 （亚洲版） (Ja) （非官方版）,FC#454
fc,Chiki Chiki Machine Mou Race (Japan),顽皮狗 （日版）,FC#455
fc,Chiller (Australia) (Unl),恐布世界 （澳洲版） （非官方版）,FC#456
fc,Chiller (USA) (Unl),恐布世界 （美版） （非官方版）,FC#457
fc,Chinese Checkers (Asia) (Ja) (NTSC) (Unl),中国跳棋 （亚洲版） (Ja) (NTSC) （非官方版）,FC#458
fc,Chinese Checkers (Asia) (Ja) (PAL) (Unl),中国跳棋 （亚洲版） (Ja) (PAL) （非官方版）,FC#459
fc,Chinese KungFu (Asia) (Ja) (Unl),少林武者 （亚洲版） (Ja) （非官方版）,FC#460
fc,Chip 'n Dale - Rescue Rangers (Europe),松鼠大作战 （欧版）,FC#461
fc,Chip 'n Dale - Rescue Rangers (Europe) (Beta),松鼠大作战 （欧版） （测试版）,FC#462
fc,Chip 'n Dale - Rescue Rangers (USA),松鼠大作战 （美版）,FC#463
fc,Chip 'n Dale - Rescue Rangers 2 (Europe),松鼠大作战2 （欧版）,FC#464
fc,Chip 'n Dale - Rescue Rangers 2 (USA),松鼠大作战2 （美版）,FC#465
fc,Chip 'n Dale - Rescue Rangers 2 (USA) (Beta),松鼠大作战2 （美版） （测试版）,FC#466
fc,Chip to Dale no Daisakusen (Japan),松鼠大作战 - 奇奇与蒂蒂 （日版）,FC#467
fc,Chip to Dale no Daisakusen 2 (Japan),松鼠大作战 - 奇奇与蒂蒂 II （日版）,FC#468
fc,Chip's Challenge (USA) (v0.924B) (Proto),奇普的挑战 （美版） (v0.924B) （工程版）,FC#469
fc,Chitei Senkuu Vazolder (Japan),地底大作战 （日版）,FC#470
fc,Chiyonofuji no Ooichou (Japan),千代富士 - 大银杏相扑 （日版）,FC#471
fc,Choplifter (Japan) (En),救援直升机 （日版） (En),FC#472
fc,Choplifter (Japan) (En) (Rev 1),救援直升机 （日版） (En) （修正版 1）,FC#473
fc,Chou Fuyuu Yousai Exed Exes (Japan),超浮游要塞 （日版）,FC#474
fc,Chou-Wakusei Senki - MetaFight (Japan),超惑星战记 （日版）,FC#475
fc,Choujikuu Yousai - Macross (Japan),超时空要塞 （日版）,FC#476
fc,Choujin - Ultra Baseball (Japan),超人棒球 （日版）,FC#477
fc,Choujin - Ultra Baseball (Japan) (Virtual Console),超人棒球 （日版） (Virtual Console),FC#478
fc,Choujin Sentai Jetman (Japan),鸟人战队 （日版）,FC#479
fc,Choujinrou Senki - Warwolf (Japan),超人狼战记 （日版）,FC#480
fc,Chris Evert & Ivan Lendl in Top Players' Tennis (USA),顶级网球 （美版）,FC#481
fc,Chubby Cherub (USA),胖天使 （美版）,FC#482
fc,Chuck Yeager's Fighter Combat (USA) (Proto),查克叶格战斗机 （美版） （工程版）,FC#483
fc,Chuugoku Janshi Story - Tonfuu (Japan),中国雀士故事 - 东风 （日版）,FC#484
fc,Chuugoku Senseijutsu (Japan),中国占星术 （日版）,FC#485
fc,Chuugoku Taitei (Asia) (Ja) (Unl),中国大亨 - 迈向大富翁之路 （亚洲版） (Ja) （非官方版）,FC#486
fc,Chuuka Taisen (Japan),中华大仙 （日版）,FC#487
fc,Circus Caper (USA),马戏团大冒险 （美版）,FC#488
fc,Circus Charlie (Japan),马戏团 （日版）,FC#489
fc,City Adventure Touch - Mystery of Triangle (Japan),邻家女孩 - 奇妙的三角关系 （日版）,FC#490
fc,City Connection (Europe),碰碰车 （欧版）,FC#491
fc,City Connection (Europe) (Virtual Console),碰碰车 （欧版） (Virtual Console),FC#492
fc,City Connection (Japan),碰碰车 （日版）,FC#493
fc,City Connection (Japan) (Virtual Console),碰碰车 （日版） (Virtual Console),FC#494
fc,City Connection (USA),碰碰车 （美版）,FC#495
fc,Clash at Demonhead (USA),电击超人 （美版）,FC#496
fc,Classic Concentration (USA),集中力竞赛秀 （美版）,FC#497
fc,Cliffhanger (USA),巅峰战士 （美版）,FC#498
fc,Clu Clu Land (World),可鲁冒险世界 （世界版）,FC#499
fc,Clu Clu Land (World) (GameCube Edition),可鲁冒险世界 （世界版） (GameCube Edition),FC#500
fc,Clu Clu Land (World) (Virtual Console),可鲁冒险世界 （世界版） (Virtual Console),FC#501
fc,Cobra Command (Japan),眼镜蛇指挥官 （日版）,FC#502
fc,Cobra Command (USA),眼镜蛇指挥官 （美版）,FC#503
fc,Cobra Mission (Asia) (Ja) (Unl),眼镜蛇任务 （亚洲版） (Ja) （非官方版）,FC#504
fc,Cobra Triangle (Europe),眼镜蛇快艇 （欧版）,FC#505
fc,Cobra Triangle (USA),眼镜蛇快艇 （美版）,FC#506
fc,Cocoron (Japan),可可龙世界 （日版）,FC#507
fc,Code Name - Viper (USA),人间兵器 - 死亡之狐 （美版）,FC#508
fc,Color a Dinosaur (USA),恐龙着色家 （美版）,FC#509
fc,Color a Dinosaur (USA) (Beta),恐龙着色家 （美版） （测试版）,FC#510
fc,Colorful Dragon (Asia) (Ja) (PAL) (Unl),变色龙 （亚洲版） (Ja) (PAL) （非官方版）,FC#511
fc,Columbus - Ougon no Yoake (Japan),哥伦布传 （日版）,FC#512
fc,Columbus - Ougon no Yoake (Japan) (Sample),哥伦布传 （日版） （试玩版）,FC#513
fc,Commando (USA),战埸之狼 （美版）,FC#514
fc,Conan (USA),王者之剑 （美版）,FC#515
fc,Conflict (Japan),三军大作战 （日版）,FC#516
fc,Conflict (USA),三军大作战 （美版）,FC#517
fc,Conquest of the Crystal Palace (USA),魔天童子 （美版）,FC#518
fc,Contra (Japan),魂斗罗 （日版）,FC#519
fc,Contra (Japan) (Sample),魂斗罗 （日版） （试玩版）,FC#520
fc,Contra (USA),魂斗罗 （美版）,FC#521
fc,Contra Force (USA),魂斗罗 - 武装部队 （美版）,FC#522
fc,Cool World (USA),美女闯天关 （美版）,FC#523
fc,Corre Benny (Spain) (Gluk Video) (Unl),科雷本尼 （西班牙版） (Gluk Video) （非官方版）,FC#524
fc,Corvette ZR-1 Challenge (Europe),美国大赛车 （欧版）,FC#525
fc,Cosmic Epsilon (Japan),太空立体大作战 （日版）,FC#526
fc,"Cosmic Spacehead (Europe) (En,Fr,De,Es) (Unl)","宇宙圣战 （欧版） (En,Fr,De,Es) （非官方版）",FC#527
fc,Cosmic Wars (Japan),宇宙模拟战 （日版）,FC#528
fc,Cosmo Genesis (Japan),宇宙创世纪 （日版）,FC#529
fc,Cosmo Police Galivan (Japan),宇宙刑警 （日版）,FC#530
fc,Cosmos Cop (Asia) (En) (Mega Soft) (Unl),宇宙警察 （亚洲版） (En) (Mega Soft) （非官方版）,FC#531
fc,Cosmos Cop (Spain) (Gluk Video) (Unl),宇宙警察 （西班牙版） (Gluk Video) （非官方版）,FC#532
fc,Cowboy Kid (USA),西部小子 （美版）,FC#533
fc,Crackout (Europe),爆裂砖块 （欧版）,FC#534
fc,Crackout (USA) (Proto),爆裂砖块 （美版） （工程版）,FC#535
fc,Crash 'n' the Boys - Street Challenge (USA),热血新纪录 （美版）,FC#536
fc,Crayon Shin-chan - Ora to Poi Poi (Japan),蜡笔小新 （日版）,FC#537
fc,Crazy Climber (Japan),疯狂爬梯者 （日版）,FC#538
fc,Creatom (Spain) (Gluk Video) (Unl),创世 （西班牙版） (Gluk Video) （非官方版）,FC#539
fc,Crime Busters (Brazil) (Unl),罪犯克星 （巴西版） （非官方版）,FC#540
fc,Crisis Force (Japan),帝国战机 （日版）,FC#541
fc,Crisis Force (Japan) (Sample),帝国战机 （日版） （试玩版）,FC#542
fc,CrossFire (Japan),穿越火线 （日版）,FC#543
fc,CrossFire (USA) (Proto),穿越火线 （美版） （工程版）,FC#544
fc,Crystal Mines (Korea) (Unl),水晶矿坑 (Korea) （非官方版）,FC#545
fc,Crystal Mines (USA) (Unl),水晶矿坑 （美版） （非官方版）,FC#546
fc,Crystalis (USA),天神之剑 （美版）,FC#547
fc,Crystalis (USA) (Beta),天神之剑 （美版） （测试版）,FC#548
fc,Cyber Stadium Series - Base Wars (USA),网络体育场系列-基地战争 （美版）,FC#549
fc,Cyberball (USA),机器人足球 （美版）,FC#550
fc,Cybernoid - The Fighting Machine (USA),战斗机器 （美版）,FC#551
fc,Cycle Race - Road Man (Japan),单车王 （日版）,FC#552
fc,Dai-2-ji Super Robot Taisen (Japan),第二次超级机器人大战 （日版）,FC#553
fc,Daikaijuu Deburas (Japan),大怪兽 - 迪普拉斯 （日版）,FC#554
fc,Daikoukai Jidai (Japan),大航海时代 （日版）,FC#555
fc,Daiku no Gen-san (Japan),大力工头 - 阿源君 （日版）,FC#556
fc,Daiku no Gen-san 2 - Akage no Dan no Gyakushuu (Japan),大力工头 - 阿源君2 （日版）,FC#557
fc,Daisenryaku (Japan),大战略 （日版）,FC#558
fc,Daiva - Imperial of Nirsartia (Japan),超人迪瓦 （日版）,FC#559
fc,Dance Aerobics (USA),任天堂跳跳板 - 韵律体操 （美版）,FC#560
fc,Dancing Blocks (Asia) (Ja) (PAL) (Unl),跳舞方块 （亚洲版） (Ja) (PAL) （非官方版）,FC#561
fc,Danny Sullivan's Indy Heat (Europe),丹尼苏利凡之印地赛车 （欧版）,FC#562
fc,Danny Sullivan's Indy Heat (USA),丹尼苏利凡之印地赛车 （美版）,FC#563
fc,Dao Shuai (Asia) (Ja) (Unl),盗帅 （亚洲版） (Ja) （非官方版）,FC#564
fc,Dark Lord (Japan),黑暗之王 （日版）,FC#565
fc,Darkman (Europe),变形黑侠 （欧版）,FC#566
fc,Darkman (USA),变形黑侠 （美版）,FC#567
fc,Darkwing Duck (Europe),达克鸭历险记 （欧版）,FC#568
fc,Darkwing Duck (Germany),达克鸭历险记 （德国版）,FC#569
fc,Darkwing Duck (USA),达克鸭历险记 （美版）,FC#570
fc,Darkwing Duck (USA) (Beta),达克鸭历险记 （美版） （测试版）,FC#571
fc,Dash Galaxy in the Alien Asylum (USA),异形养殖场 （美版）,FC#572
fc,Dash Yarou (Japan),冲刺野郎 （日版）,FC#573
fc,Datach - Battle Rush - Build Up Robot Tournament (Japan),任天堂刷卡机 - 战斗机器人 （日版）,FC#574
fc,Datach - Crayon Shin-chan - Ora to Poi Poi (Japan),蜡笔小新条码版 （日版）,FC#575
fc,Datach - Dragon Ball Z - Gekitou Tenkaichi Budoukai (Japan),龙珠Z - 激斗天下一武道会 （日版）,FC#576
fc,Datach - J.League Super Top Players (Japan),J联盟条码足球 （日版）,FC#577
fc,Datach - SD Gundam - Gundam Wars (Japan),任天堂刷卡机 - SD 钢弹 （日版）,FC#578
fc,Datach - Ultraman Club - Supokon Fight! (Japan),任天堂刷卡机 - 超人力霸王俱乐部 （日版）,FC#579
fc,Datach - Yu Yu Hakusho - Bakutou Ankoku Bujutsukai (Japan),幽游白书爆斗暗黑武术会 （日版）,FC#580
fc,Datsugoku (Japan),脱狱 （日版）,FC#581
fc,David Crane's A Boy and His Blob - Trouble on Blobolonia (Europe),男孩与泡泡怪 （欧版）,FC#582
fc,David Crane's A Boy and His Blob - Trouble on Blobolonia (Europe) (Rev 1),男孩与泡泡怪 （欧版） （修正版 1）,FC#583
fc,David Crane's A Boy and His Blob - Trouble on Blobolonia (USA),男孩与泡泡怪 （美版）,FC#584
fc,Day Dreamin' Davey (USA),大卫之幻想历险记 （美版）,FC#585
fc,Days of Thunder (Europe),雷霆壮志 （欧版）,FC#586
fc,Days of Thunder (USA),雷霆壮志 （美版）,FC#587
fc,De-Block (Japan),太空方块 （日版）,FC#588
fc,Dead Fox (Japan),死狐狸 （日版）,FC#589
fc,Deadly Towers (USA),魔钟 （美版）,FC#590
fc,Death Race (USA) (Unl),死亡竞赛 （美版） （非官方版）,FC#591
fc,Deathbots (USA) (Rev 1) (Unl),死亡机器 （美版） （修正版 1） （非官方版）,FC#592
fc,Deathbots (USA) (Unl),死亡机器 （美版） （非官方版）,FC#593
fc,Decathlon (Asia) (Ja) (Unl),十项全能 （亚洲版） (Ja) （非官方版）,FC#594
fc,Deep Dungeon III - Yuushi e no Tabi (Japan),深入地底3-勇者之旅 （日版）,FC#595
fc,Deep Dungeon IV - Kuro no Youjutsushi (Japan),深入地底 4:黑之妖术师 （日版）,FC#596
fc,Defender II (USA),毁灭入侵者 II （美版）,FC#597
fc,Defender of the Crown (Europe),保皇骑士 （欧版）,FC#598
fc,Defender of the Crown (France),保皇骑士 （法国版）,FC#599
fc,Defender of the Crown (USA),保皇骑士 （美版）,FC#600
fc,Defenders of Dynatron City (USA),城市保卫战 （美版）,FC#601
fc,Deja Vu (Sweden),似曾相似 (Sweden),FC#602
fc,Deja Vu (USA),似曾相似 （美版）,FC#603
fc,Deja Vu - A Nightmare Comes True!! (Japan),似曾相识:噩梦成真 （日版）,FC#604
fc,Demon Sword (USA),恶魔之剑 （美版）,FC#605
fc,Dengeki - Big Bang! (Japan),电击超人 （日版）,FC#606
fc,Dengeki - Big Bang! (Japan) (Beta),电击超人 （日版） （测试版）,FC#607
fc,Densetsu no Kishi - Elrond (Japan),巫师与战士 （日版）,FC#608
fc,Derby Stallion - Zenkoku Ban (Japan),德贝赛马 - 全国版 （日版）,FC#609
fc,Desert Commander (USA),沙漠之狐 （美版）,FC#610
fc,Destination Earthstar (USA),行星争霸战 （美版）,FC#611
fc,Destiny of an Emperor (USA),吞食天地 （美版）,FC#612
fc,"Destructor, El (Spain) (Gluk Video) (Unl)",毁灭者 （西班牙版） (Gluk Video) （非官方版）,FC#613
fc,Devil Man (Japan),恶魔人 （日版）,FC#614
fc,Devil World (Europe),恶魔世界 （欧版）,FC#615
fc,Devil World (Japan),恶魔世界 （日版）,FC#616
fc,Devil World (Japan) (Rev 1),恶魔世界 （日版） （修正版 1）,FC#617
fc,Dick Tracy (USA),狄克崔西 （美版）,FC#618
fc,Die Hard (Europe),终极警探 （欧版）,FC#619
fc,Die Hard (Japan),终极警探 （日版）,FC#620
fc,Die Hard (USA),终极警探 （美版）,FC#621
fc,Dig Dug (Japan),打空气 （日版）,FC#622
fc,Dig Dug II (Japan),打空气 II （日版）,FC#623
fc,Dig Dug II - Trouble in Paradise (USA),打空气 II （美版）,FC#624
fc,"Dig Dug II - Trouble in Paradise (USA, Europe) (Virtual Console)",打空气 II （美版 欧版） (Virtual Console),FC#625
fc,Digger - The Legend of the Lost City (USA),失落城市传说 （美版）,FC#626
fc,Digger T. Rock - The Legend of the Lost City (Europe),挖矿工 （欧版）,FC#627
fc,Digital Devil Story - Megami Tensei (Japan),女神转生 （日版）,FC#628
fc,Digital Devil Story - Megami Tensei II (Japan),女神转生 II （日版）,FC#629
fc,Digital Devil Story - Megami Tensei II (Japan) (Rev A),女神转生 II （日版） (Rev A),FC#630
fc,Dino Hockey (USA) (Proto 1),迪诺曲棍球 （美版） （工程版1）,FC#631
fc,Dino Hockey (USA) (Proto 2),迪诺曲棍球 （美版） （工程版2）,FC#632
fc,Dirty Harry (USA),肮脏哈利 （美版）,FC#633
fc,Dizzy the Adventurer (USA) (Aladdin Compact Cartridge) (Unl),迪兹蛋大冒险 （美版） (Aladdin Compact Cartridge) （非官方版）,FC#634
fc,Doki! Doki! Yuuenchi - Crazy Land Daisakusen (Japan),游园地 （日版）,FC#635
fc,Dokuganryuu Masamune (Japan),独眼龙政宗 （日版）,FC#636
fc,Don Doko Don (Japan),木匠兄弟 （日版）,FC#637
fc,Don Doko Don 2 (Japan),木匠兄弟 II （日版）,FC#638
fc,Donald Duck (Japan),唐老鸭 （日版）,FC#639
fc,Donald Land (Japan),麦当劳世界 （日版）,FC#640
fc,Dong Dong Nao 1 (Asia) (Ja) (Unl),动动脑1 （亚洲版） (Ja) （非官方版）,FC#641
fc,Dong Dong Nao II - Guo Zhong Ying Wen (Yi) (Asia) (Ja) (Unl),动动脑-国中英文 (Yi) （亚洲版） (Ja) （非官方版）,FC#642
fc,Donkey Kong (Japan),大金刚 （日版）,FC#643
fc,Donkey Kong (World) (Rev 1),大金刚 （世界版） （修正版 1）,FC#644
fc,Donkey Kong (World) (Rev 1) (GameCube Edition),大金刚 （世界版） （修正版 1） (GameCube Edition),FC#645
fc,Donkey Kong - Original Edition (Europe) (Virtual Console) (NTSC),大金刚 （欧版） (Virtual Console) (NTSC),FC#646
fc,Donkey Kong - Original Edition (USA) (3DS Virtual Console),大金刚 （美版） (3DS Virtual Console),FC#647
fc,Donkey Kong 3 (World),大金刚 III （世界版）,FC#648
fc,Donkey Kong 3 (World) (GameCube Edition),大金刚 III （世界版） (GameCube Edition),FC#649
fc,"Donkey Kong Classics (USA, Europe)",大金刚典藏版 （美版 欧版）,FC#650
fc,Donkey Kong Jr. (Japan),大金刚 II - 小金刚 （日版）,FC#651
fc,Donkey Kong Jr. (World) (Rev 1),大金刚 II - 小金刚 （世界版） （修正版 1）,FC#652
fc,Donkey Kong Jr. (World) (Rev 1) (GameCube Edition),大金刚 II - 小金刚 （世界版） （修正版 1） (GameCube Edition),FC#653
fc,Donkey Kong Jr. + Jr. Lesson (Japan),小金刚 + 数学练习 （日版）,FC#654
fc,"Donkey Kong Jr. Math (USA, Europe)",小金刚算术 （美版 欧版）,FC#655
fc,Donkey Kong Jr. no Sansuu Asobi (Japan),小金刚算术 （日版）,FC#656
fc,Donkey Kong Jr. no Sansuu Asobi (Japan) (GameCube Edition),小金刚算术 （日版） (GameCube Edition),FC#657
fc,Dooly Bravo Land (Korea) (Unl),棒极了 (Korea) （非官方版）,FC#658
fc,Door Door (Japan),门门 （日版）,FC#659
fc,Doraemon (Japan),小叮当 （日版）,FC#660
fc,Doraemon (Japan) (Rev A),小叮当 （日版） (Rev A),FC#661
fc,Doraemon - Giga Zombie no Gyakushuu (Japan),小叮当 - 无数僵尸之逆袭 （日版）,FC#662
fc,Dou Zhi Pin Pan - Wisdom Boy (Asia) (Unl),斗智拼盘 （亚洲版） （非官方版）,FC#663
fc,Double Dare (USA),双人挑战赛 （美版）,FC#664
fc,Double Dragon (Europe),双截龙 （欧版）,FC#665
fc,Double Dragon (Europe) (Virtual Console),双截龙 （欧版） (Virtual Console),FC#666
fc,Double Dragon (USA),双截龙 （美版）,FC#667
fc,Double Dragon - Sou Setsu Ryuu (Japan),双截龙 （日版）,FC#668
fc,Double Dragon II - The Revenge (Europe),双截龙 II - 复仇 （欧版）,FC#669
fc,Double Dragon II - The Revenge (USA),双截龙 II - 复仇 （美版）,FC#670
fc,Double Dragon II - The Revenge (USA) (Rev 1),双截龙 II - 复仇 （美版） （修正版 1）,FC#671
fc,Double Dragon III - The Sacred Stones (Europe),双截龙 III - 罗塞塔之石 （欧版）,FC#672
fc,Double Dragon III - The Sacred Stones (USA),双截龙 III - 罗塞塔之石 （美版）,FC#673
fc,Double Dribble (Europe),运球高手 （欧版）,FC#674
fc,Double Dribble (USA),运球高手 （美版）,FC#675
fc,Double Dribble (USA) (Rev 1),运球高手 （美版） （修正版 1）,FC#676
fc,Double Moon Densetsu (Japan),双月传说 （日版）,FC#677
fc,Double Strike - Aerial Attack Force (USA) (v1.0) (Unl),双重打击 （美版） (v1.0) （非官方版）,FC#678
fc,Double Strike - Aerial Attack Force (USA) (v1.1) (Unl),双重打击 （美版） (v1.1) （非官方版）,FC#679
fc,Dough Boy (Japan),美国大兵 （日版）,FC#680
fc,Downtown - Nekketsu Koushinkyoku - Soreyuke Daiundoukai (Japan),热血进行曲大运动会 （日版）,FC#681
fc,Downtown - Nekketsu Monogatari (Japan),热血物语 （日版）,FC#682
fc,Downtown - Nekketsu Monogatari (Japan) (Virtual Console),热血物语 （日版） (Virtual Console),FC#683
fc,Downtown Special - Kunio-kun no Jidaigeki Da yo Zenin Shuugou! (Japan),热血时代剧 （日版）,FC#684
fc,Dr. Chaos (USA),邪恶先生 （美版）,FC#685
fc,Dr. Jekyll and Mr. Hyde (USA),仿魔之刻 （美版）,FC#686
fc,Dr. Mario (Europe),玛璃欧医生 （欧版）,FC#687
fc,"Dr. Mario (Japan, USA)",玛璃欧医生 （日版，美版）,FC#688
fc,"Dr. Mario (Japan, USA) (Rev 1)",玛璃欧医生 （日版，美版） （修正版 1）,FC#689
fc,Dr. Mario (USA) (Beta) (1990-04-27),玛璃欧医生 （美版） （测试版） (1990-04-27),FC#690
fc,Dr. Mario (USA) (Beta) (After 1990-04-27),玛璃欧医生 （美版） （测试版） (After 1990-04-27),FC#691
fc,Drac's Night Out (USA) (Proto),复活之夜 （美版） （工程版）,FC#692
fc,Dragon Ball - Daimaou Fukkatsu (Japan),龙珠2-大魔王复活 （日版）,FC#693
fc,Dragon Ball - Le Secret du Dragon (France),七龙珠 - 神龙之谜 （法国版）,FC#694
fc,Dragon Ball - Le Secret du Dragon (France) (Rev 1),七龙珠 - 神龙之谜 （法国版） （修正版 1）,FC#695
fc,Dragon Ball - Shen Long no Nazo (Japan),七龙珠 - 神龙之谜 （日版）,FC#696
fc,Dragon Ball 3 - Gokuu Den (Japan),七龙珠 III - 悟空传 （日版）,FC#697
fc,Dragon Ball 3 - Gokuu Den (Japan) (Rev 1),七龙珠 III - 悟空传 （日版） （修正版 1）,FC#698
fc,Dragon Ball Z - Kyoushuu! Saiya Jin (Japan),七龙珠Ｚ - 强袭！赛亚人 （日版）,FC#699
fc,Dragon Ball Z Gaiden - Saiya Jin Zetsumetsu Keikaku (Japan),七龙珠Ｚ外传 - 赛亚人绝灭计划 （日版）,FC#700
fc,Dragon Ball Z II - Gekishin Freeza!! (Japan),七龙珠Ｚ II - 激神弗里沙！ （日版）,FC#701
fc,Dragon Ball Z II - Gekishin Freeza!! (Japan) (Rev 1),七龙珠Ｚ II - 激神弗里沙！ （日版） （修正版 1）,FC#702
fc,Dragon Ball Z III - Ressen Jinzou Ningen (Japan),七龙珠Ｚ III - 烈战人造人间 （日版）,FC#703
fc,Dragon Buster (Japan),屠龙记 （日版）,FC#704
fc,Dragon Buster (Japan) (Virtual Console),屠龙记 （日版） (Virtual Console),FC#705
fc,Dragon Buster II - Yami no Fuuin (Japan),屠龙记 II - 闇之封印 （日版）,FC#706
fc,Dragon Fighter (Japan),龙之斗士 （日版）,FC#707
fc,Dragon Fighter (USA),龙之斗士 （美版）,FC#708
fc,Dragon Ninja (Japan),龙之忍者 （日版）,FC#709
fc,Dragon Ninja (Japan) (Rev A),龙之忍者 （日版） (Rev A),FC#710
fc,Dragon Power (USA),七龙珠 - 神龙之谜 （美版）,FC#711
fc,Dragon Quest (Japan),勇者斗恶龙 （日版）,FC#712
fc,Dragon Quest II - Akuryou no Kamigami (Japan),勇者斗恶龙 II （日版）,FC#713
fc,Dragon Quest III - Soshite Densetsu e... (Japan),勇者斗恶龙 III （日版）,FC#714
fc,Dragon Quest III - Soshite Densetsu e... (Japan) (Rev 1),勇者斗恶龙 III （日版） （修正版 1）,FC#715
fc,Dragon Quest IV - Michibikareshi Monotachi (Japan),勇者斗恶龙 IV （日版）,FC#716
fc,Dragon Quest IV - Michibikareshi Monotachi (Japan) (Rev 1),勇者斗恶龙 IV （日版） （修正版 1）,FC#717
fc,Dragon Scroll - Yomigaerishi Maryuu (Japan),龙之卷轴 - 苏醒之魔龙 （日版）,FC#718
fc,Dragon Slayer IV - Drasle Family (Japan),屠龙勇者 4 - 德拉斯莱家族 （日版）,FC#719
fc,Dragon Spirit - Aratanaru Densetsu (Japan),龙魂 （日版）,FC#720
fc,Dragon Spirit - The New Legend (USA),龙魂 （美版）,FC#721
fc,Dragon Unit (Japan),龙之军团 （日版）,FC#722
fc,Dragon Warrior (USA),勇者斗恶龙 （美版）,FC#723
fc,Dragon Warrior (USA) (Rev 1),勇者斗恶龙 （美版） （修正版 1）,FC#724
fc,Dragon Warrior II (USA),龙战士2 （美版）,FC#725
fc,Dragon Warrior III (USA),勇者斗恶龙 III （美版）,FC#726
fc,Dragon Warrior IV (USA),勇者斗恶龙 IV （美版）,FC#727
fc,Dragon Wars (Japan),龙之战争 （日版）,FC#728
fc,Dragon Wars (USA) (Proto),龙之战争 （美版） （工程版）,FC#729
fc,Dragon's Lair (Europe),龙穴历险记 （欧版）,FC#730
fc,Dragon's Lair (Japan),龙穴历险记 （日版）,FC#731
fc,Dragon's Lair (USA),龙穴历险记 （美版）,FC#732
fc,Dreamworld Pogie (Unknown) (Proto 1) (1993-10-19) (Unl),梦幻波依 （未知） （工程版1） (1993-10-19) （非官方版）,FC#733
fc,Dreamworld Pogie (Unknown) (Proto 2) (2016-xx-xx) (Unl),梦幻波依 （未知） （工程版2） (2016-xx-xx) （非官方版）,FC#734
fc,Dreamworld Pogie (Unknown) (Proto 3) (2017-xx-xx) (Unl),梦幻波依 （未知） (Proto 3) (2017-xx-xx) （非官方版）,FC#735
fc,Dropzone (Europe),行星地带 （欧版）,FC#736
fc,Druaga no Tou (Japan),迷宫塔 （日版）,FC#737
fc,Duck (Asia) (En) (Rev 1) (Unl),鸭子 （亚洲版） (En) （修正版 1） （非官方版）,FC#738
fc,Duck (Asia) (En) (Unl),鸭子 （亚洲版） (En) （非官方版）,FC#739
fc,Duck Hunt (World),猎鸭行动 （世界版）,FC#740
fc,Duck Maze (Australia) (Unl),鸭子迷宫 （澳洲版） （非官方版）,FC#741
fc,DuckTales (Europe),唐老鸭俱乐部 （欧版）,FC#742
fc,DuckTales (USA),唐老鸭俱乐部 （美版）,FC#743
fc,DuckTales (USA) (Beta) (1989-05-25),唐老鸭俱乐部 （美版） （测试版） (1989-05-25),FC#744
fc,DuckTales 2 (Europe),唐老鸭俱乐部2 （欧版）,FC#745
fc,DuckTales 2 (Europe) (Beta),唐老鸭俱乐部2 （欧版） （测试版）,FC#746
fc,DuckTales 2 (France),唐老鸭俱乐部2 （法国版）,FC#747
fc,DuckTales 2 (Germany),唐老鸭俱乐部2 （德国版）,FC#748
fc,DuckTales 2 (Japan),唐老鸭俱乐部2 （日版）,FC#749
fc,DuckTales 2 (USA),唐老鸭俱乐部2 （美版）,FC#750
fc,Dudes with Attitude (USA) (Rev 1) (Unl),地下城与魔法 （美版） （修正版 1） （非官方版）,FC#751
fc,Dudes with Attitude (USA) (Unl),地下城与魔法 （美版） （非官方版）,FC#752
fc,Dungeon & Magic - Swords of Element (Japan),地下城与魔法 元素之剑 （日版）,FC#753
fc,Dungeon Kid (Japan),地城小子 （日版）,FC#754
fc,Dungeon Magic - Sword of the Elements (USA),地城魔法 - 元素之剑 （美版）,FC#755
fc,Dusty Diamond's All-Star Softball (USA),全明星垒球 （美版）,FC#756
fc,Dynablaster (Europe),轰炸超人 II （欧版）,FC#757
fc,Dynamite Batman (Japan),蝙蝠侠 II - 小丑的复仇 （日版）,FC#758
fc,Dynamite Bowl (Japan),爆裂保龄球 （日版）,FC#759
fc,Dynamite Bowl (Japan) (Rev A),爆裂保龄球 （日版） (Rev A),FC#760
fc,Dynowarz - The Destruction of Spondylus (USA),龙枪手 （美版）,FC#761
fc,"EarthBound Beginnings (USA, Europe) (Virtual Console)",地球冒险 （美版 欧版） (Virtual Console),FC#762
fc,Eggerland - Meikyuu no Fukkatsu (Japan),蛋王子 - 迷宫之复活 （日版）,FC#763
fc,Egypt (Japan),埃及魔法阵 （日版）,FC#764
fc,Elevator Action (Japan),电梯大战 （日版）,FC#765
fc,Elevator Action (Japan) (Rev 1),电梯大战 （日版） （修正版 1）,FC#766
fc,Elevator Action (Japan) (Rev 1) (Virtual Console),电梯大战 （日版） （修正版 1） (Virtual Console),FC#767
fc,Elevator Action (USA),电梯大战 （美版）,FC#768
fc,Elevator Action (USA) (Virtual Console),电梯大战 （美版） (Virtual Console),FC#769
fc,Eliminator Boat Duel (Europe),赛艇决斗 （欧版）,FC#770
fc,Eliminator Boat Duel (USA),赛艇决斗 （美版）,FC#771
fc,"Elite (Europe) (En,Fr,De)","精英战机 （欧版） (En,Fr,De)",FC#772
fc,Elite (USA) (Proto),精英战机 （美版） （工程版）,FC#773
fc,Elnark no Zaihou (Japan),艾鲁那财宝 （日版）,FC#774
fc,Elysion (Japan),勇士屠魔 （日版）,FC#775
fc,Emoyan no 10 Bai Pro Yakyuu (Japan),十倍职业野球 （日版）,FC#776
fc,"Empereur, L' (Japan)",拿破仑 （日版）,FC#777
fc,"Empereur, L' (USA)",拿破仑 （美版）,FC#778
fc,"English, Pyramid (Korea) (Unl)",金字塔英语 (Korea) （非官方版）,FC#779
fc,Eric Cantona Football Challenge - Goal! 2 (Europe),足球得点王 II （欧版）,FC#780
fc,Erika to Satoru no Yume Bouken (Japan),梦冒险 （日版）,FC#781
fc,"Escape from Atlantis, The (USA) (Proto 1) (Unl)",逃离亚特兰蒂斯 （美版） （工程版1） （非官方版）,FC#782
fc,"Escape from Atlantis, The (USA) (Proto 2) (Unl)",逃离亚特兰蒂斯 （美版） （工程版2） （非官方版）,FC#783
fc,Esper Bouken Tai (Japan),超能力冒险队 （日版）,FC#784
fc,Esper Dream 2 - Aratanaru Tatakai (Japan),超能力之梦 II （日版）,FC#785
fc,Excitebike (Europe),火爆机车赛 （欧版）,FC#786
fc,Excitebike (Europe) (Virtual Console),火爆机车赛 （欧版） (Virtual Console),FC#787
fc,"Excitebike (Japan, USA)",火爆机车赛 （日版，美版）,FC#788
fc,"Excitebike (Japan, USA) (GameCube Edition)",火爆机车赛 （日版，美版） (GameCube Edition),FC#789
fc,"Excitebike (Japan, USA) (Virtual Console)",火爆机车赛 （日版，美版） (Virtual Console),FC#790
fc,Exciting Boxing (Japan),火爆拳击 （日版）,FC#791
fc,Exciting Rally - World Rally Championship (Japan),火爆越野赛车 - 世界越野赛车锦标赛 （日版）,FC#792
fc,Exerion (Japan) (En),火凤凰 （日版） (En),FC#793
fc,Exerion (Japan) (En) (Proto) [b],火凤凰 （日版） (En) （工程版） [b],FC#794
fc,Exodus - Journey to the Promised Land (USA) (v4.0) (Unl),出埃及记 （美版） (v4.0) （非官方版）,FC#795
fc,Exodus - Journey to the Promised Land (USA) (v5.0) (Unl),出埃及记 （美版） (v5.0) （非官方版）,FC#796
fc,Exploding Fist (USA) (Proto) (1990-05-22),斯巴达之拳 （美版） （工程版） (1990-05-22),FC#797
fc,Exploding Fist (USA) (Proto) (Earlier),斯巴达之拳 （美版） （工程版） (Earlier),FC#798
fc,F-1 Race (Japan) (Beta),F-1 大赛车 （日版） （测试版）,FC#799
fc,F-1 Sensation (Japan),F-1 刺激赛车 （日版）,FC#800
fc,F-117A Stealth Fighter (USA),F-117A战斗机 （美版）,FC#801
fc,F-15 City War (Asia) (En) (Idea-Tek) (Unl),F-15城市之战 （亚洲版） (En) (Idea-Tek) （非官方版）,FC#802
fc,F-15 City War (Spain) (Gluk Video) (Unl),F-15城市之战 （西班牙版） (Gluk Video) （非官方版）,FC#803
fc,F-15 City War (USA) (v1.0) (Unl),F-15城市之战 （美版） (v1.0) （非官方版）,FC#804
fc,F-15 City War (USA) (v1.1) (Unl),F-15城市之战 （美版） (v1.1) （非官方版）,FC#805
fc,F-15 Strike Eagle (Europe),F-15 打击之鹰 （欧版）,FC#806
fc,"F-15 Strike Eagle (France) (En,Fr,Nl)","F-15 打击之鹰 （法国版） (En,Fr,Nl)",FC#807
fc,F-15 Strike Eagle (Germany),F-15 打击之鹰 （德国版）,FC#808
fc,F-15 Strike Eagle (Italy),F-15 打击之鹰 （意大利版）,FC#809
fc,"F-15 Strike Eagle (Sweden) (Sv,Da,Fi)","F-15 打击之鹰 (Sweden) (Sv,Da,Fi)",FC#810
fc,F-15 Strike Eagle (USA),F-15 打击之鹰 （美版）,FC#811
fc,F1 Circus (Japan),F-1 竞技场 （日版）,FC#812
fc,F1 Race (Japan),F1赛车 （日版）,FC#813
fc,Famicom Doubutsu Seitai Zukan! - Katte ni Shirokuma - Mori o Sukue no Maki! (Japan),白熊历险记 （日版）,FC#814
fc,Famicom Igo Nyuumon (Japan),任天堂围棋入门 （日版）,FC#815
fc,Famicom Jump - Eiyuu Retsuden (Japan),英雄列传 （日版）,FC#816
fc,Famicom Jump II - Saikyou no 7 Nin (Japan),英雄列传 II - 最强之七人 （日版）,FC#817
fc,Famicom Meijin Sen (Japan),任天堂名人战 （日版）,FC#818
fc,Famicom Meijin Sen (Japan) (Rev 1),任天堂名人战 （日版） （修正版 1）,FC#819
fc,Famicom Shougi - Ryuuousen (Japan),任天堂将棋 - 龙王战 （日版）,FC#820
fc,Famicom Shougi - Ryuuousen (Japan) (Beta),任天堂将棋 - 龙王战 （日版） （测试版）,FC#821
fc,Famicom Top Management (Japan),任天堂顶尖经营者 （日版）,FC#822
fc,Famicom Wars (Japan),任天堂大战 （日版）,FC#823
fc,Famicom Wars (Japan) (Virtual Console),任天堂大战 （日版） (Virtual Console),FC#824
fc,Famicom Yakyuu Ban (Japan),任天堂野球盘 （日版）,FC#825
fc,Family BASIC (Japan) (Rev 1),任天堂培基系统 （日版） （修正版 1）,FC#826
fc,Family BASIC (Japan) (Rev 2),任天堂培基系统 （日版） （修正版 2）,FC#827
fc,Family BASIC (Japan) (v1.0),任天堂培基系统 （日版） (v1.0),FC#828
fc,Family BASIC (Japan) (v3.0),任天堂培基系统 （日版） (v3.0),FC#829
fc,Family Block (Japan),家庭打砖块 （日版）,FC#830
fc,Family Boxing (Japan),家庭拳击 （日版）,FC#831
fc,Family Circuit '91 (Japan) (En),家庭赛车91 （日版） (En),FC#832
fc,Family Circuit (Japan),家庭赛车 （日版）,FC#833
fc,Family Feud (USA),家庭对抗赛 （美版）,FC#834
fc,Family Jockey (Japan),家庭竞马 （日版）,FC#835
fc,Family Mahjong (Japan),家庭麻雀 （日版）,FC#836
fc,Family Mahjong (Japan) (Rev A),家庭麻雀 （日版） (Rev A),FC#837
fc,Family Mahjong II - Shanghai e no Michi (Japan),家庭麻将2-上海之道 （日版）,FC#838
fc,Family Noraebang (Korea) (Unl),家庭练歌房 (Korea) （非官方版）,FC#839
fc,Family Pinball (Japan),家庭弹珠台 （日版）,FC#840
fc,Family Quiz - 4-nin wa Rival (Japan),家庭问答 （日版）,FC#841
fc,Family School (Japan),家庭学院 （日版）,FC#842
fc,Family Tennis (Japan),家庭网球 （日版）,FC#843
fc,Family Trainer 1 - Athletic World (Japan),任天堂跳跳板 - 运动世界 （日版）,FC#844
fc,Family Trainer 1 - Athletic World (Japan) (Rev 1),任天堂跳跳板 - 运动世界 （日版） （修正版 1）,FC#845
fc,Family Trainer 10 - Rairai Kyonsees (Japan),任天堂跳跳板 - 来来僵尸 （日版）,FC#846
fc,Family Trainer 10 - Rairai Kyonsees (Japan) (Beta),任天堂跳跳板 - 来来僵尸 （日版） （测试版）,FC#847
fc,Family Trainer 2 - Running Stadium (Japan),任天堂跳跳板 - 田径运动会 （日版）,FC#848
fc,Family Trainer 3 - Aerobics Studio (Japan),任天堂跳跳板 - 韵律体操 （日版）,FC#849
fc,Family Trainer 4 - Jogging Race (Japan),任天堂跳跳板 - 慢跑竞赛 （日版）,FC#850
fc,Family Trainer 5 - Meiro Daisakusen (Japan),任天堂跳跳板 - 迷路大作战 （日版）,FC#851
fc,Family Trainer 6 - Manhattan Police (Japan),任天堂跳跳板 - 街头警察 （日版）,FC#852
fc,Family Trainer 7 - Daiundoukai (Japan),任天堂跳跳板 - 大运动会 （日版）,FC#853
fc,Family Trainer 8 - Totsugeki! Fuuun Takeshi-jou (Japan),任天堂跳跳板 - 突击风云城 （日版）,FC#854
fc,Family Trainer 9 - Fuuun Takeshi-jou 2 (Japan),任天堂跳跳板 - 突击风云城 II （日版）,FC#855
fc,Famista '89 - Kaimaku Ban!! (Japan),明星职棒 '89 （日版）,FC#856
fc,Famista '90 (Japan),明星职棒 '90 （日版）,FC#857
fc,Famista '91 (Japan),明星职棒 '91 （日版）,FC#858
fc,Famista '92 (Japan),明星职棒 '92 （日版）,FC#859
fc,Famista '93 (Japan),明星职棒 '93 （日版）,FC#860
fc,Famista '94 (Japan),明星职棒 '94 （日版）,FC#861
fc,Fan Kong Jing Ying (Asia) (Unl),反恐精英 （亚洲版） （非官方版）,FC#862
fc,"Fantastic Adventures of Dizzy, The (Europe) (En,Fr,De) (Unl)","迪兹蛋幻想冒险 （欧版） (En,Fr,De) （非官方版）",FC#863
fc,"Fantastic Adventures of Dizzy, The (USA) (Aladdin Compact Cartridge) (Unl)",迪兹蛋幻想冒险 （美版） (Aladdin Compact Cartridge) （非官方版）,FC#864
fc,"Fantastic Adventures of Dizzy, The (USA) (Unl)",迪兹蛋幻想冒险 （美版） （非官方版）,FC#865
fc,Fantasy Zone (Japan) (Sunsoft),幻想空间 （日版） (Sunsoft),FC#866
fc,Fantasy Zone (USA) (Tengen) (Unl),幻想空间 （美版） (Tengen) （非官方版）,FC#867
fc,Fantasy Zone II - Opa-Opa no Namida (Japan),幻想区2 （日版）,FC#868
fc,Faria - A World of Mystery & Danger! (USA),法利亚 神秘世界 （美版）,FC#869
fc,Faria - Fuuin no Tsurugi (Japan),法利亚 封印之剑 （日版）,FC#870
fc,Faxanadu (Europe),沙那多 （欧版）,FC#871
fc,Faxanadu (Japan),沙那多 （日版）,FC#872
fc,Faxanadu (USA),沙那多 （美版）,FC#873
fc,Faxanadu (USA) (Rev 1),沙那多 （美版） （修正版 1）,FC#874
fc,FC Genjin - Freakthoropus Computerus (Japan),FC 原人 （日版）,FC#875
fc,Felix the Cat (Europe),菲力猫 （欧版）,FC#876
fc,Felix the Cat (USA),菲力猫 （美版）,FC#877
fc,Feng Shen Bang (Asia) (Ja) (Unl),封神榜 - 伏魔三太子 （亚洲版） (Ja) （非官方版）,FC#878
fc,Ferrari (Japan),法拉利 （日版）,FC#879
fc,Ferrari Grand Prix Challenge (Europe),法拉利挑战赛 （欧版）,FC#880
fc,Ferrari Grand Prix Challenge (USA),法拉利挑战赛 （美版）,FC#881
fc,Fester's Quest (Europe),福斯特的冒险 （欧版）,FC#882
fc,Fester's Quest (Europe) (Rev 1),福斯特的冒险 （欧版） （修正版 1）,FC#883
fc,Fester's Quest (USA),福斯特的冒险 （美版）,FC#884
fc,Field Combat (Japan),杀戮战场 （日版）,FC#885
fc,Fighting Golf (Japan),战斗高尔夫 （日版）,FC#886
fc,Fighting Hero (Asia) (Ja) (Unl),格斗英雄 （亚洲版） (Ja) （非官方版）,FC#887
fc,Fighting Hero III (Asia) (Ja) (Unl),格斗英雄 III （亚洲版） (Ja) （非官方版）,FC#888
fc,Fighting Road (Japan),战斗之路 （日版）,FC#889
fc,Final Combat (Asia) (Ja) (NTSC) (Unl),最后一战 （亚洲版） (Ja) (NTSC) （非官方版）,FC#890
fc,Final Combat (Asia) (Ja) (PAL) (Unl),最后一战 （亚洲版） (Ja) (PAL) （非官方版）,FC#891
fc,Final Fantasy (Japan),太空战士 （日版）,FC#892
fc,Final Fantasy (Japan) (Rev 1),太空战士 （日版） （修正版 1）,FC#893
fc,Final Fantasy (Japan) (Rev 1) (Virtual Console),太空战士 （日版） （修正版 1） (Virtual Console),FC#894
fc,Final Fantasy (USA),太空战士 （美版）,FC#895
fc,Final Fantasy (USA) (Virtual Console),太空战士 （美版） (Virtual Console),FC#896
fc,"Final Fantasy I, II (Japan)",最终幻想1&2 （日版）,FC#897
fc,Final Fantasy II (Japan),太空战士 II （日版）,FC#898
fc,Final Fantasy II (Japan) (Virtual Console),太空战士 II （日版） (Virtual Console),FC#899
fc,Final Fantasy II (USA) (Proto),太空战士 II （美版） （工程版）,FC#900
fc,Final Fantasy III (Japan),太空战士 III （日版）,FC#901
fc,Final Fantasy III (Japan) (Wii U Virtual Console),太空战士 III （日版） (Wii U Virtual Console),FC#902
fc,Final Fantasy III (Japan) (Wii Virtual Console),太空战士 III （日版） (Wii Virtual Console),FC#903
fc,Final Lap (Japan),最后冲刺 （日版）,FC#904
fc,Final Mission (Japan),最终任务 （日版）,FC#905
fc,Fire 'n Ice (USA),所罗门之钥 II （美版）,FC#906
fc,Fire Dragon (Asia) (En) (Unl),火龙 （亚洲版） (En) （非官方版）,FC#907
fc,Fire Emblem - Ankoku Ryuu to Hikari no Tsurugi (Japan),火焰之纹章 暗黑龙与光之剑 （日版）,FC#908
fc,Fire Emblem Gaiden (Japan),圣火降魔录外传 （日版）,FC#909
fc,Fire Emblem Gaiden (Japan) (Virtual Console),圣火降魔录外传 （日版） (Virtual Console),FC#910
fc,Firehawk (Europe) (Unl),火鹰 （欧版） （非官方版）,FC#911
fc,Firehawk (USA) (Unl),火鹰 （美版） （非官方版）,FC#912
fc,Fisher-Price - Firehouse Rescue (USA),营救消防站 （美版）,FC#913
fc,Fisher-Price - I Can Remember (USA),记忆力大考验 （美版）,FC#914
fc,Fisher-Price - Perfect Fit (USA),图案配对大挑战 （美版）,FC#915
fc,Fist of the North Star (USA),北斗神拳 II （美版）,FC#916
fc,Flappy (Japan),顽皮精灵 （日版）,FC#917
fc,Fleet Commander (Japan),海战指挥官 （日版）,FC#918
fc,Flight of the Intruder (USA),捍卫入侵者 （美版）,FC#919
fc,"Flintstones, The - The Rescue of Dino & Hoppy (Europe)",摩登原始人 （欧版）,FC#920
fc,"Flintstones, The - The Rescue of Dino & Hoppy (Japan)",摩登原始人 （日版）,FC#921
fc,"Flintstones, The - The Rescue of Dino & Hoppy (USA)",摩登原始人 （美版）,FC#922
fc,"Flintstones, The - The Surprise at Dinosaur Peak (Europe)",摩登原始人2 （欧版）,FC#923
fc,"Flintstones, The - The Surprise at Dinosaur Peak! (USA)",摩登原始人 II （美版）,FC#924
fc,Flipull - An Exciting Cube Game (Japan) (En),趣味方块 （日版） (En),FC#925
fc,Flipull - An Exciting Cube Game (Japan) (En) (Rev 1),趣味方块 （日版） (En) （修正版 1）,FC#926
fc,Flying Dragon - The Secret Scroll (USA),飞龙之拳 - 奥义之书 （美版）,FC#927
fc,Flying Hero (Japan),飞行英雄 （日版）,FC#928
fc,Flying Warriors (USA),飞龙战士 （美版）,FC#929
fc,Flying Warriors (USA) (Beta),飞龙战士 （美版） （测试版）,FC#930
fc,Flying Warriors (USA) (Virtual Console),飞龙战士 （美版） (Virtual Console),FC#931
fc,Formation Z (Japan),变形战机 （日版）,FC#932
fc,Formation Z (Japan) (Rev A),变形战机 （日版） (Rev A),FC#933
fc,Formation Z (Japan) (Rev A) (Virtual Console),变形战机 （日版） (Rev A) (Virtual Console),FC#934
fc,Formula 1 Sensation (Europe),F-1 刺激赛车 （欧版）,FC#935
fc,Formula One - Built to Win (USA),F-1 冠军赛车 （美版）,FC#936
fc,Four Players' Tennis (Europe),世界杯网球赛 （欧版）,FC#937
fc,Fox's Peter Pan & the Pirates - The Revenge of Captain Hook (USA),彼得.潘与海盗 铁钩船长的复仇 （美版）,FC#938
fc,Frankenstein - The Monster Returns (USA),科学怪人 （美版）,FC#939
fc,Free Fall (USA) (Proto),自由落体 （美版） （工程版）,FC#940
fc,Freedom Force (USA),自由武装 （美版）,FC#941
fc,Friday the 13th (USA),十三号星期五 （美版）,FC#942
fc,Front Line (Japan),前线任务 （日版）,FC#943
fc,Fudou Myouou Den (Japan),不动明王传 （日版）,FC#944
fc,Fun House (USA),欢乐屋 （美版）,FC#945
fc,Funblaster Pak (Australia) (Unl),点火器合集包 （澳洲版） （非官方版）,FC#946
fc,Fushigi na Blobby - Blobania no Kiki (Japan),男孩与泡泡怪 （日版）,FC#947
fc,Fushigi no Umi no Nadia (Japan),蓝宝石之谜 （日版）,FC#948
fc,Futebol (Brazil) (Unl),巴西足球舞 （巴西版） （非官方版）,FC#949
fc,Future Wars - Mirai Senshi Lios (Japan),未来战争 （日版）,FC#950
fc,Fuzzical Fighter (Japan),奇幻勇士 （日版）,FC#951
fc,G.I. Joe - A Real American Hero (USA),特殊部队 （美版）,FC#952
fc,G.I. Joe - A Real American Hero - The Atlantis Factor (USA) (Beta),特殊部队 - 亚特兰提斯之谜 （美版） （测试版）,FC#953
fc,G.I. Joe - The Atlantis Factor (USA),G.I.JOE 特种部队 （美版）,FC#954
fc,Gaiapolis (Asia) (Ja) (Unl),黄金鹰之剑 （亚洲版） (Ja) （非官方版）,FC#955
fc,Galactic Crusader (Asia) (Ja) (Unl),蝶变 （亚洲版） (Ja) （非官方版）,FC#956
fc,Galactic Crusader (USA) (Unl),蝶变 （美版） （非官方版）,FC#957
fc,Galaga (Europe),大蜜蜂 （欧版）,FC#958
fc,Galaga (Japan),大蜜蜂 （日版）,FC#959
fc,Galaga - Demons of Death (USA),大蜜蜂 （美版）,FC#960
fc,Galaxian (Japan),小蜜蜂 （日版）,FC#961
fc,Galaxian (Japan) (Rev A),小蜜蜂 （日版） (Rev A),FC#962
fc,Galaxy 5000 - Racing in the 51st Century (Europe),银河系5000:狂飙51世纪 （欧版）,FC#963
fc,Galaxy 5000 - Racing in the 51st Century (USA),银河系5000:狂飙51世纪 （美版）,FC#964
fc,Gambler Jiko Chuushinha (Japan),麻将道场 （日版）,FC#965
fc,Gambler Jiko Chuushinha 2 (Japan),麻将道场 2 （日版）,FC#966
fc,Game Designer Yousei Soft - Dezaemon (Japan),游戏设计师 （日版）,FC#967
fc,Game Genie (USA) (Unl),游戏金手指 （美版） （非官方版）,FC#968
fc,Game Master Kid (Unknown) (Proto) (RAM) (Unl),游戏大师小子 （未知） （工程版） (RAM) （非官方版）,FC#969
fc,Game Master Kid (Unknown) (Proto) (Unl),游戏大师小子 （未知） （工程版） （非官方版）,FC#970
fc,Game Party (Japan),游戏派对 （日版）,FC#971
fc,Ganbare Goemon 2 (Japan),大盗五右卫门２ （日版）,FC#972
fc,Ganbare Goemon 2 (Japan) (Virtual Console),大盗五右卫门２ （日版） (Virtual Console),FC#973
fc,Ganbare Goemon Gaiden - Kieta Ougon Kiseru (Japan),大盗五右卫门外传 - 消失之黄金烟斗 （日版）,FC#974
fc,Ganbare Goemon Gaiden - Kieta Ougon Kiseru (Japan) (Rev 1),大盗五右卫门外传 - 消失之黄金烟斗 （日版） （修正版 1）,FC#975
fc,Ganbare Goemon Gaiden - Kieta Ougon Kiseru (Japan) (Rev 1) (Virtual Console),大盗五右卫门外传 - 消失之黄金烟斗 （日版） （修正版 1） (Virtual Console),FC#976
fc,Ganbare Goemon Gaiden 2 - Tenka no Zaihou (Japan),大盗五右卫门外传 II - 天下之财宝 （日版）,FC#977
fc,Ganbare Goemon! - Karakuri Douchuu (Japan),大盗五右卫门 （日版）,FC#978
fc,Ganbare Goemon! - Karakuri Douchuu (Japan) (Virtual Console),大盗五右卫门 （日版） (Virtual Console),FC#979
fc,Ganbare Pennant Race! (Japan),棒球锦标赛 （日版）,FC#980
fc,Ganso Saiyuuki - Super Monkey Daibouken (Japan),元祖西游记 - 孙悟空大冒险 （日版）,FC#981
fc,Gardman (Asia) (Unl),加德曼 （亚洲版） （非官方版）,FC#982
fc,Garfield no Isshukan (Japan),加菲猫 （日版）,FC#983
fc,Garfield no Isshukan (Japan) (Beta 1),加菲猫 （日版） （测试版 1）,FC#984
fc,Garfield no Isshukan (Japan) (Beta 2),加菲猫 （日版） （测试版 2）,FC#985
fc,Gargoyle's Quest II (Europe),石像鬼之谜2 （欧版）,FC#986
fc,Gargoyle's Quest II (USA),石像鬼之谜2 （美版）,FC#987
fc,Garry Kitchen's Battletank (USA),战斗坦克 （美版）,FC#988
fc,Gauntlet (USA),铁手套 （美版）,FC#989
fc,Gauntlet (USA) (Unl),铁手套 （美版） （非官方版）,FC#990
fc,Gauntlet II (Europe),铁手套 II （欧版）,FC#991
fc,Gauntlet II (USA),铁手套 II （美版）,FC#992
fc,Gegege no Kitarou - Youkai Daimakyou (Japan),鬼太郎-妖怪大魔境 （日版）,FC#993
fc,Gegege no Kitarou - Youkai Daimakyou (Japan) (Beta),鬼太郎-妖怪大魔境 （日版） （测试版）,FC#994
fc,Gegege no Kitarou 2 - Youkai Gundan no Chousen (Japan),鬼太郎 II - 妖怪军团之挑战 （日版）,FC#995
fc,Geimos (Japan),宇宙大射击 （日版）,FC#996
fc,Gekikame Ninja Den (Japan),忍者龟 - 激龟忍者传 （日版）,FC#997
fc,Gekikame Ninja Den (Japan) (Virtual Console),忍者龟 - 激龟忍者传 （日版） (Virtual Console),FC#998
fc,Gekitotsu Yonku Battle (Japan),激突四驱车 （日版）,FC#999
fc,Gekitou Pro Wrestling!! - Toukon Densetsu (Japan),激斗摔角 - 斗魂传说 （日版）,FC#1000
fc,Gekitou Stadium!! (Japan),激斗棒球 （日版）,FC#1001
fc,Gemfire (USA),欧洲战记 （美版）,FC#1002
fc,Genghis Khan (USA),苍狼与白鹿 - 成吉思汗 （美版）,FC#1003
fc,Genpei Touma Den - Computer Boardgame (Japan),源平讨魔传 （日版）,FC#1004
fc,George Foreman's KO Boxing (Europe),乔治福尔曼的击倒拳击 （欧版）,FC#1005
fc,George Foreman's KO Boxing (USA),乔治福尔曼的击倒拳击 （美版）,FC#1006
fc,Getsu Fuuma Den (Japan),风月魔传 （日版）,FC#1007
fc,Getsu Fuuma Den (Japan) (Virtual Console),风月魔传 （日版） (Virtual Console),FC#1008
fc,Ghost Lion (USA),幽灵狮子 （美版）,FC#1009
fc,Ghost'n Goblins (Europe),魔界村 （欧版）,FC#1010
fc,Ghostbusters (Japan),魔鬼克星 （日版）,FC#1011
fc,Ghostbusters (Japan) (Beta),魔鬼克星 （日版） （测试版）,FC#1012
fc,Ghostbusters (USA),魔鬼克星 （美版）,FC#1013
fc,Ghostbusters II (Europe),魔鬼克星 II （欧版）,FC#1014
fc,Ghostbusters II (USA),魔鬼克星 II （美版）,FC#1015
fc,Ghosts'n Goblins (USA),魔界村 （美版）,FC#1016
fc,Ghoul School (USA),幽灵学校 （美版）,FC#1017
fc,Gimmi a Break - Shijou Saikyou no Quiz Ou Ketteisen (Japan),史上最强之问答王决定战 （日版）,FC#1018
fc,Gimmi a Break - Shijou Saikyou no Quiz Ou Ketteisen 2 (Japan),史上最强之问答王决定战 II （日版）,FC#1019
fc,Gimmick! (Japan),吉米克先生 （日版）,FC#1020
fc,Gimmick! (Japan) (Beta),吉米克先生 （日版） （测试版）,FC#1021
fc,Gimmick! (Japan) (Memorial Series - Sunsoft Vol. 6),吉米克先生 （日版） (Memorial Series - Sunsoft Vol. 6),FC#1022
fc,Ginga Eiyuu Densetsu (Japan),银河英雄传说 （日版）,FC#1023
fc,Ginga no Sannin (Japan),银河三人组 （日版）,FC#1024
fc,Gluk the Thunder Warrior (Spain) (Gluk Video) (Unl),轰天至尊 （西班牙版） (Gluk Video) （非官方版）,FC#1025
fc,Go! Benny! (Asia) (En) (Unl),快走！本尼！ （亚洲版） (En) （非官方版）,FC#1026
fc,Goal! (Europe),足球得点王 （欧版）,FC#1027
fc,Goal! (USA),足球得点王 （美版）,FC#1028
fc,Goal! Two (USA),足球得点王 II （美版）,FC#1029
fc,Goal!! (Japan),足球得点王 II （日版）,FC#1030
fc,God Slayer - Haruka Tenkuu no Sonata (Japan),天神之剑 （日版）,FC#1031
fc,Godzilla - Monster of Monsters! (Europe),哥吉拉 - 怪兽之王 （欧版）,FC#1032
fc,Godzilla - Monster of Monsters! (USA),哥吉拉 - 怪兽之王 （美版）,FC#1033
fc,Godzilla 2 - War of the Monsters (USA),哥吉拉 II - 怪兽之战争 （美版）,FC#1034
fc,Gojira (Japan),哥斯拉 （日版）,FC#1035
fc,"Golf '92, The (Japan)",高尔夫 '92 （日版）,FC#1036
fc,Golf (Europe),任天堂高尔夫 （欧版）,FC#1037
fc,Golf (Europe) (GameCube Edition),任天堂高尔夫 （欧版） (GameCube Edition),FC#1038
fc,Golf (Japan) (En),任天堂高尔夫 （日版） (En),FC#1039
fc,Golf (Japan) (En) (GameCube Edition),任天堂高尔夫 （日版） (En) (GameCube Edition),FC#1040
fc,Golf (USA),任天堂高尔夫 （美版）,FC#1041
fc,Golf Club - Birdy Rush (Japan),高尔夫俱乐部 （日版）,FC#1042
fc,Golf Grand Slam (Japan),高尔夫大满贯 （日版）,FC#1043
fc,Golf Grand Slam (USA),高尔夫大满贯 （美版）,FC#1044
fc,Golfkko Open (Japan),高尔夫公开赛 （日版）,FC#1045
fc,Golgo 13 - Daiisshou - Kamigami no Tasogare (Japan),狙击13-众神的黄昏 （日版）,FC#1046
fc,Golgo 13 - Dainishou - Icarus no Nazo (Japan),狙击13-伊卡洛斯之谜 （日版）,FC#1047
fc,Golgo 13 - Top Secret Episode (USA),哥尔戈 13 - 诸神之黄昏 （美版）,FC#1048
fc,Gomoku Narabe (Japan),任天堂五子棋 （日版）,FC#1049
fc,Gomoku Narabe (Japan) (GameCube Edition),任天堂五子棋 （日版） (GameCube Edition),FC#1050
fc,Goonies (Japan),七宝奇谋 （日版）,FC#1051
fc,Goonies 2 - Fratelli Saigo no Chousen (Japan),七宝奇谋2 （日版）,FC#1052
fc,"Goonies II, The (Europe)",七宝奇谋 II （欧版）,FC#1053
fc,"Goonies II, The (USA)",七宝奇谋 II （美版）,FC#1054
fc,"Goonies II, The - Fratelli Saigo no Chousen (Japan) (Sample)",七宝奇谋 II （日版） （试玩版）,FC#1055
fc,Gorby no Pipeline Daisakusen (Japan),水管大作战 （日版）,FC#1056
fc,"Gorilla Man, The (Japan)",猩猩男 （日版）,FC#1057
fc,Gotcha! - The Sport! (USA),射击运动 （美版）,FC#1058
fc,Gozonji - Yaji Kita Chin Douchuu (Japan),御存知 - 弥次喜多珍道中 （日版）,FC#1059
fc,Gradius (Europe),宇宙巡航舰 （欧版）,FC#1060
fc,Gradius (Japan),宇宙巡航舰 （日版）,FC#1061
fc,Gradius (Japan) (ArchiMENdes Hen),宇宙巡航舰 （日版） (ArchiMENdes Hen),FC#1062
fc,Gradius (USA),宇宙巡航舰 （美版）,FC#1063
fc,Gradius II (Japan),宇宙巡航舰 II （日版）,FC#1064
fc,"Gran Aventura Submarina, La (Spain) (Gluk Video) (Unl)",伟大的海底冒险 （西班牙版） (Gluk Video) （非官方版）,FC#1065
fc,Grand Master (Japan),究极大师 （日版）,FC#1066
fc,Great Battle Cyber (Japan),SD 英雄挑战 （日版）,FC#1067
fc,Great Boxing - Rush Up (Japan),拳王冠军赛 （日版）,FC#1068
fc,Great Deal (Japan),赌城扑克 （日版）,FC#1069
fc,Great Tank (Japan),大坦克 （日版）,FC#1070
fc,"Great Waldo Search, The (USA)",超级找一找 （美版）,FC#1071
fc,"Great Wall, The (Asia) (Ja) (PAL) (Unl)",万里长城 （亚洲版） (Ja) (PAL) （非官方版）,FC#1072
fc,Greg Norman's Golf Power (USA),葛瑞诺曼的威力高尔夫 （美版）,FC#1073
fc,Gremlin 2 - Shinshu Tanjou (Japan),小魔怪 II - 新种诞生 （日版）,FC#1074
fc,Gremlins 2 - The New Batch (Europe),小魔怪 II - 新种诞生 （欧版）,FC#1075
fc,Gremlins 2 - The New Batch (Europe) (Beta),小魔怪 II - 新种诞生 （欧版） （测试版）,FC#1076
fc,Gremlins 2 - The New Batch (USA),小魔怪 II - 新种诞生 （美版）,FC#1077
fc,Gremlins 2 - The New Batch (USA) (Beta),小魔怪 II - 新种诞生 （美版） （测试版）,FC#1078
fc,"Guardian Legend, The (Europe)",嘉蒂外传 （欧版）,FC#1079
fc,"Guardian Legend, The (USA)",嘉蒂外传 （美版）,FC#1080
fc,Guardic Gaiden (Japan),嘉蒂外传 （日版）,FC#1081
fc,Guerrilla War (Europe),古巴战士 （欧版）,FC#1082
fc,Guerrilla War (USA),古巴战士 （美版）,FC#1083
fc,Guevara (Japan),古巴战士 （日版）,FC#1084
fc,"Gumshoe (USA, Europe)",秘密行动 （美版 欧版）,FC#1085
fc,Gun Nac (Japan),奈克战机 （日版）,FC#1086
fc,Gun Nac (USA),奈克战机 （美版）,FC#1087
fc,Gun Sight (Japan),救难任务 （日版）,FC#1088
fc,Gun-Dec (Japan),毁灭计划 （日版）,FC#1089
fc,Gun.Smoke (Europe),荒野大镖客 （欧版）,FC#1090
fc,Gun.Smoke (USA),荒野大镖客 （美版）,FC#1091
fc,Gunhed - Aratanaru Tatakai (Japan),机甲兵团 （日版）,FC#1092
fc,Gyrodine (Japan),战斗直升机 （日版）,FC#1093
fc,Gyromite ~ Gyro (World),机器人GYRO Gyromite （世界版）,FC#1094
fc,Gyruss (USA),太空射击战 （美版）,FC#1095
fc,Haja no Fuuin (Japan),霸邪之封印 （日版）,FC#1096
fc,Hammerin' Harry (Europe),大力工头 （欧版）,FC#1097
fc,Hana no Star Kaidou (Japan),明星街道 （日版）,FC#1098
fc,Hanafuda Yuukyou Den - Nagarebana Oryuu (Japan) (Unl),花札游侠传-流花之龙 （日版） （非官方版）,FC#1099
fc,Hanjuku Hero (Japan),半熟英雄 （日版）,FC#1100
fc,Hanjuku Hero (Japan) (Virtual Console),半熟英雄 （日版） (Virtual Console),FC#1101
fc,Happily Ever After starring Snow White (USA) (Proto),幸福永在雪白后 （美版） （工程版）,FC#1102
fc,Happy Birthday Bugs (Japan),邦尼兔 - 生日盛宴 （日版）,FC#1103
fc,Happy Camper (USA) (Proto) (Unl) [b],快乐野营 （美版） （工程版） （非官方版） [b],FC#1104
fc,Happy Pairs (Asia) (Ja) (PAL) (Unl),快乐配对 （亚洲版） (Ja) (PAL) （非官方版）,FC#1105
fc,Hard Drivin' (USA) (Proto) (Unl),雅达利赛车 （美版） （工程版） （非官方版）,FC#1106
fc,Harlem Globetrotters (USA),哈林篮球队 （美版）,FC#1107
fc,Hatris (Japan),帽子方块 （日版）,FC#1108
fc,Hatris (USA),帽子方块 （美版）,FC#1109
fc,Hayauchi Super Igo (Japan),超级围棋 （日版）,FC#1110
fc,Hayauchi Super Igo (Japan) (Rev 1),超级围棋 （日版） （修正版 1）,FC#1111
fc,Heavy Barrel (Japan),重装机枪 （日版）,FC#1112
fc,Heavy Barrel (USA),重装机枪 （美版）,FC#1113
fc,Heavy Shreddin' (USA),重装雪板 （美版）,FC#1114
fc,Hebereke (Japan),迷糊蛋 （日版）,FC#1115
fc,Hebereke (Japan) (Virtual Console),迷糊蛋 （日版） (Virtual Console),FC#1116
fc,Hector '87 (Japan),爆击战士87 （日版）,FC#1117
fc,Heisei Tensai Bakabon (Japan),平成天才 （日版）,FC#1118
fc,Hell Fighter (Asia) (Ja) (PAL) (Unl),冥府斗士 （亚洲版） (Ja) (PAL) （非官方版）,FC#1119
fc,Hello Kitty no Ohanabatake (Japan),凯蒂猫花店 （日版）,FC#1120
fc,Hello Kitty World (Japan),凯蒂猫世界 （日版）,FC#1121
fc,Heracles no Eikou - Toujin Makyou Den (Japan),天神之荣光-斗人魔境传 （日版）,FC#1122
fc,Heracles no Eikou II - Titan no Metsubou (Japan),天神之荣光2 （日版）,FC#1123
fc,HeroQuest (Europe) (Proto) (1992-08-21),英雄任务 （欧版） （工程版） (1992-08-21),FC#1124
fc,HeroQuest (USA) (Proto),英雄任务 （美版） （工程版）,FC#1125
fc,HES 6-Pak - Real Player's Pak (Australia) (Unl),动作游戏六合一 （澳洲版） （非官方版）,FC#1126
fc,Hidden Chinese Chess - An Qi (Asia) (Ja) (NTSC) (Unl),暗棋 （亚洲版） (Ja) (NTSC) （非官方版）,FC#1127
fc,Higemaru - Makai-jima - Nanatsu no Shima Daibouken (Japan),魔界岛 - 七岛大冒险 （日版）,FC#1128
fc,High Speed (Europe),高速弹珠台 （欧版）,FC#1129
fc,High Speed (USA),高速弹珠台 （美版）,FC#1130
fc,Highway Star (Japan),公路之星 （日版）,FC#1131
fc,Hikari no Senshi Foton - The Ultimate Game on Planet Earth (Japan),地心冒险 （日版）,FC#1132
fc,Hino Tori - Houou Hen - Gaou no Bouken (Japan),火之鸟 - 凤凰编 - 我王之冒险 （日版）,FC#1133
fc,Hirake! Ponkikki (Japan),潘克大进击 （日版）,FC#1134
fc,Hiryuu no Ken - Ougi no Sho (Japan),飞龙之拳 - 奥义之书 （日版）,FC#1135
fc,Hiryuu no Ken II - Dragon no Tsubasa (Japan),飞龙之拳 II - 龙之翼 （日版）,FC#1136
fc,Hiryuu no Ken II - Dragon no Tsubasa (Japan) (Virtual Console),飞龙之拳 II - 龙之翼 （日版） (Virtual Console),FC#1137
fc,Hiryuu no Ken III - 5 Nin no Dragon (Japan),飞龙之拳3 （日版）,FC#1138
fc,Hiryuu no Ken Special - Fighting Wars (Japan),飞龙之拳特别版 - 格斗争霸战 （日版）,FC#1139
fc,Hiryuu no Ken Special - Fighting Wars (Japan) (Beta),飞龙之拳特别版 - 格斗争霸战 （日版） （测试版）,FC#1140
fc,Hissatsu Doujou Yaburi (Japan),必杀道场破坏者 （日版）,FC#1141
fc,Hissatsu Shigoto Nin (Japan),必杀仕事人 （日版）,FC#1142
fc,Hit Marmot (Asia) (Ja) (Unl),打地鼠 （亚洲版） (Ja) （非官方版）,FC#1143
fc,Hit the Ice (USA) (Proto),暴力冰上曲棍球 （美版） （工程版）,FC#1144
fc,Hitler no Fukkatsu - Top Secret (Japan),希特勒的复活 （日版）,FC#1145
fc,Hitler no Fukkatsu - Top Secret (Japan) (Beta),希特勒的复活 （日版） （测试版）,FC#1146
fc,Hogan's Alley (World),室内射击 （世界版）,FC#1147
fc,Hokkaidou Rensa Satsujin - Okhotsk ni Kiyu (Japan),北海道连续杀人事件 （日版）,FC#1148
fc,Hokuto no Ken (Japan),北斗神拳 （日版）,FC#1149
fc,Hokuto no Ken (Japan) (Beta),北斗神拳 （日版） （测试版）,FC#1150
fc,Hokuto no Ken 2 (Japan),北斗之拳2 （日版）,FC#1151
fc,Hokuto no Ken 3 - Shin Seiki Souzou Seiken Restuden (Japan),北斗神拳 III （日版）,FC#1152
fc,Hokuto no Ken 4 - Shichisei Haken Den - Hokuto Shinken no Kanata e (Japan),北斗之拳4 （日版）,FC#1153
fc,Hollywood Squares (USA),好莱坞广场 （美版）,FC#1154
fc,Holy Diver (Japan),神圣救世主 （日版）,FC#1155
fc,Home Alone (USA),小鬼当家 （美版）,FC#1156
fc,Home Alone (USA) (Rev 1),小鬼当家 （美版） （修正版 1）,FC#1157
fc,Home Alone 2 - Lost in New York (Europe),小鬼当家 II - 纽约迷途记 （欧版）,FC#1158
fc,Home Alone 2 - Lost in New York (USA),小鬼当家 II - 纽约迷途记 （美版）,FC#1159
fc,Honey Peach (Asia) (Ja) (Unl),水蜜桃 （亚洲版） (Ja) （非官方版）,FC#1160
fc,Honoo no Toukyuuji - Dodge Danpei (Japan),炎之斗球儿-躲避球弹平 （日版）,FC#1161
fc,Honoo no Toukyuuji - Dodge Danpei 2 (Japan),炎之斗球儿-躲避球弹平2 （日版）,FC#1162
fc,Honshougi - Naitou 9 Dan Shougi Hiden (Japan),内藤九段 - 将棋秘传 （日版）,FC#1163
fc,Hook (Europe),虎克船长 （欧版）,FC#1164
fc,Hook (Japan),虎克船长 （日版）,FC#1165
fc,Hook (USA),虎克船长 （美版）,FC#1166
fc,Hoops (Europe),燃烧篮球 （欧版）,FC#1167
fc,Hoops (USA),燃烧篮球 （美版）,FC#1168
fc,Hoshi no Kirby - Yume no Izumi no Monogatari (Japan),星之卡比 - 梦之泉的传说 （日版）,FC#1169
fc,Hoshi o Miru Hito (Japan),行星冒险 （日版）,FC#1170
fc,Hostages - The Embassy Mission (Japan),人质大作战 - 大使馆抢救任务 （日版）,FC#1171
fc,Hot Slots (Asia) (Ja) (Unl),激斗水果盘 （亚洲版） (Ja) （非官方版）,FC#1172
fc,Hototogisu (Japan),不如归 （日版）,FC#1173
fc,Hottarman no Chitei Tanken (Japan),火星人之地底探险 （日版）,FC#1174
fc,Hottarman no Chitei Tanken (Japan) (Beta),火星人之地底探险 （日版） （测试版）,FC#1175
fc,Huang Di (Asia) (Ja) (Unl),黄帝 （亚洲版） (Ja) （非官方版）,FC#1176
fc,Hudson Hawk (Europe),终极神鹰 （欧版）,FC#1177
fc,Hudson Hawk (Japan),终极神鹰 （日版）,FC#1178
fc,Hudson Hawk (USA),终极神鹰 （美版）,FC#1179
fc,Huge Insect (Asia) (Ja) (Unl),大蜜蜂 （亚洲版） (Ja) （非官方版）,FC#1180
fc,"Hunt for Red October, The (Europe)",猎杀红色十月 （欧版）,FC#1181
fc,"Hunt for Red October, The (USA)",猎杀红色十月 （美版）,FC#1182
fc,"Hunt for Red October, The (USA) (Rev 1)",猎杀红色十月 （美版） （修正版 1）,FC#1183
fc,HVC Kensa Cassette Controller Test (Japan) (Test Program),控制器测试 （日版） (Test Program),FC#1184
fc,Hyakkiyagyou (Japan),百鬼夜行 （日版）,FC#1185
fc,Hyaku no Sekai no Monogatari - The Tales on a Watery Wilderness (Japan),百之世界物语 （日版）,FC#1186
fc,Hydlide (USA),梦幻仙境 （美版）,FC#1187
fc,Hydlide 3 - Yami kara no Houmonsha (Japan),梦幻仙境3 （日版）,FC#1188
fc,Hydlide Special (Japan),梦幻仙境特别版 （日版）,FC#1189
fc,Hyokkori Hyoutan-jima - Nazo no Kaizokusen (Japan),神秘岛 （日版）,FC#1190
fc,Hyper Olympic (Japan),超级奥林匹克运动会 （日版）,FC#1191
fc,Hyper Olympic (Japan) (Genteiban!),超级奥林匹克运动会 （日版） (Genteiban!),FC#1192
fc,Hyper Sports (Japan),超级运动会 （日版）,FC#1193
fc,Hyper Sports (Japan) (Rev 1),超级运动会 （日版） （修正版 1）,FC#1194
fc,I Love Softball (Japan),我爱垒球 （日版）,FC#1195
fc,Ice Climber (Japan) (En),敲冰块 （日版） (En),FC#1196
fc,"Ice Climber (USA, Europe, Korea)","敲冰块 (USA, Europe, Korea)",FC#1197
fc,Ice Hockey (Europe),冰上曲棍球 （欧版）,FC#1198
fc,Ice Hockey (Europe) (Virtual Console),冰上曲棍球 （欧版） (Virtual Console),FC#1199
fc,Ice Hockey (USA),冰上曲棍球 （美版）,FC#1200
fc,Ide Yousuke Meijin no Jissen Mahjong (Japan),井出洋介之实战麻雀 （日版）,FC#1201
fc,Ide Yousuke Meijin no Jissen Mahjong (Japan) (Rev 1),井出洋介之实战麻雀 （日版） （修正版 1）,FC#1202
fc,Ide Yousuke Meijin no Jissen Mahjong II (Japan),井出洋介实战麻雀2 （日版）,FC#1203
fc,Idemitsu - Space College - Kikenbutsu no Yasashii Butsuri to Kagaku (Japan),出光太空学院 （日版）,FC#1204
fc,Idol Hakkenden (Japan),偶像八犬传 （日版）,FC#1205
fc,Idol Shisen Mahjong (Japan) (Unl),偶像四川麻雀 （日版） （非官方版）,FC#1206
fc,Igo - Kyuu Roban Taikyoku (Japan),围棋 - 九路盘对局 （日版）,FC#1207
fc,Igo Meikan (Japan),围棋名鉴 （日版）,FC#1208
fc,Igo Shinan '91 (Japan),围棋指南 '91 （日版）,FC#1209
fc,Igo Shinan '92 (Japan),围棋指南 '92 （日版）,FC#1210
fc,Igo Shinan '93 (Japan),围棋指南 '93 （日版）,FC#1211
fc,Igo Shinan '94 (Japan),围棋指南 '94 （日版）,FC#1212
fc,Igo Shinan (Japan),围棋指南 （日版）,FC#1213
fc,Ikari (Japan),怒 （日版）,FC#1214
fc,Ikari II - Dogosoken (Japan),怒 II （日版）,FC#1215
fc,Ikari III (Japan),怒 III （日版）,FC#1216
fc,Ikari III - The Rescue (USA),怒 III （美版）,FC#1217
fc,Ikari Warriors (Europe),怒 （欧版）,FC#1218
fc,Ikari Warriors (USA),怒 （美版）,FC#1219
fc,Ikari Warriors (USA) (Rev 1),怒 （美版） （修正版 1）,FC#1220
fc,Ikari Warriors II - Victory Road (USA),怒 II （美版）,FC#1221
fc,Ike Ike! Nekketsu Hockey-bu - Subette Koronde Dairantou (Japan),热血曲棍球 （日版）,FC#1222
fc,Ikinari Musician (Japan),小小音乐家 （日版）,FC#1223
fc,Ikinari Musician (Japan) (Beta),小小音乐家 （日版） （测试版）,FC#1224
fc,Ikki (Japan),忍者大挑战 （日版）,FC#1225
fc,Image Fight (Japan),梦幻战机 （日版）,FC#1226
fc,Image Fight (USA),梦幻战机 （美版）,FC#1227
fc,"Immortal, The (USA)",永生不灭 （美版）,FC#1228
fc,Impossible Mission II (USA) (Unl),不可能的任务 II （美版） （非官方版）,FC#1229
fc,Incantation (Asia) (Ja) (Unl),蝶变 （亚洲版） (Ja) （非官方版）,FC#1230
fc,"Incredible Crash Dummies, The (Europe)",不可思议之人偶 （欧版）,FC#1231
fc,"Incredible Crash Dummies, The (USA)",不可思议之人偶 （美版）,FC#1232
fc,Indiana Jones and the Last Crusade (Europe),印地安纳琼斯 - 圣战奇兵 （欧版）,FC#1233
fc,Indiana Jones and the Last Crusade (USA) (Taito),印地安纳琼斯 - 圣战奇兵 （美版） (Taito),FC#1234
fc,Indiana Jones and the Last Crusade (USA) (UBI Soft),印地安纳琼斯 - 圣战奇兵 （美版） (UBI Soft),FC#1235
fc,Indiana Jones and the Temple of Doom (USA),印地安纳琼斯 - 魔宫传奇 （美版）,FC#1236
fc,Indiana Jones and the Temple of Doom (USA) (Rev 1),印地安纳琼斯 - 魔宫传奇 （美版） （修正版 1）,FC#1237
fc,Indiana Jones and the Temple of Doom (USA) (Unl),印地安纳琼斯 - 魔宫传奇 （美版） （非官方版）,FC#1238
fc,Indora no Hikari (Japan),因陀罗之光 （日版）,FC#1239
fc,Infiltrator (USA),百战飞狼 （美版）,FC#1240
fc,Insector X (Japan),昆虫大战 （日版）,FC#1241
fc,International Cricket (Australia),国际板球赛 （澳洲版）,FC#1242
fc,International Cricket (Australia) (Beta) (1992-08-24),国际板球赛 （澳洲版） （测试版） (1992-08-24),FC#1243
fc,Iron Tank - The Invasion of Normandy (Europe),大坦克 （欧版）,FC#1244
fc,Iron Tank - The Invasion of Normandy (USA),大坦克 （美版）,FC#1245
fc,IronSword - Wizards & Warriors II (Europe),巫师与战士2 （欧版）,FC#1246
fc,IronSword - Wizards & Warriors II (USA),巫师与战士2 （美版）,FC#1247
fc,Isaki Shuugorou no Keiba Hisshou Gaku (Japan),井崎脩五郎之竞马必胜学 （日版）,FC#1248
fc,Ishin no Arashi (Japan),维新之岚 （日版）,FC#1249
fc,Isolated Warrior (Europe),马克司战士 - 惑星戒严令 （欧版）,FC#1250
fc,Isolated Warrior (USA),马克司战士 - 惑星戒严令 （美版）,FC#1251
fc,Itadaki Street - Watashi no Omise ni Yottette (Japan),赌博街-创业人生 （日版）,FC#1252
fc,Ivan 'Ironman' Stewart's Super Off Road (Europe),环绕越野赛车 （欧版）,FC#1253
fc,Ivan 'Ironman' Stewart's Super Off Road (USA),环绕越野赛车 （美版）,FC#1254
fc,J.League Fighting Soccer - The King of Ace Strikers (Japan),J 联盟战斗足球 （日版）,FC#1255
fc,J.League Winning Goal (Japan),J 联盟胜利足球 （日版）,FC#1256
fc,Jack Nicklaus' Greatest 18 Holes of Major Championship Golf (Europe),杰克尼克劳斯的十八洞高尔夫球场锦标赛 （欧版）,FC#1257
fc,Jack Nicklaus' Greatest 18 Holes of Major Championship Golf (USA),杰克尼克劳斯的十八洞高尔夫球场锦标赛 （美版）,FC#1258
fc,Jackal (USA),赤色要塞 （美版）,FC#1259
fc,Jackie Chan (Japan),成龙 （日版）,FC#1260
fc,Jackie Chan's Action Kung Fu (Europe),成龙 （欧版）,FC#1261
fc,Jackie Chan's Action Kung Fu (USA),成龙 （美版）,FC#1262
fc,Jackpot (Australia) (Unl),头奖 （澳洲版） （非官方版）,FC#1263
fc,Jajamaru Gekimaden - Maboroshi no Kinmajou (Japan),茶茶丸击魔传 - 幻之金魔城 （日版）,FC#1264
fc,Jajamaru Ninpou Chou (Japan),茶茶丸忍法帐 （日版）,FC#1265
fc,Jajamaru no Daibouken (Japan),茶茶丸大冒险 （日版）,FC#1266
fc,James Bond Jr (Europe),少年詹姆斯庞德 （欧版）,FC#1267
fc,James Bond Jr (USA),少年詹姆斯庞德 （美版）,FC#1268
fc,Janggun-ui Adeul (Korea) (Unl),将军的儿子 (Korea) （非官方版）,FC#1269
fc,Jangou (Japan),雀豪 （日版）,FC#1270
fc,Jarinko Chie - Bakudan Musume no Shiawase Sagashi (Japan),知惠 （日版）,FC#1271
fc,Jaws (USA),大白鲨 （美版）,FC#1272
fc,Jekyll Hakase no Houma ga Toki (Japan),仿魔之刻 （日版）,FC#1273
fc,Jeopardy! (USA),电视问答游戏 - 危机 （美版）,FC#1274
fc,Jeopardy! (USA) (Rev 1),电视问答游戏 - 危机 （美版） （修正版 1）,FC#1275
fc,Jeopardy! 25th Anniversary Edition (USA),电视问答游戏 - 危机 25 周年纪念版 （美版）,FC#1276
fc,Jeopardy! Junior Edition (USA),电视问答游戏 - 危机少年版 （美版）,FC#1277
fc,Jesus - Kyoufu no Bio Monster (Japan),耶稣号 - 恐怖的生化怪兽 （日版）,FC#1278
fc,"Jetsons, The - Cogswell's Caper (Europe)",摩登原始人 （欧版）,FC#1279
fc,"Jetsons, The - Cogswell's Caper (Japan)",摩登原始人 （日版）,FC#1280
fc,"Jetsons, The - Cogswell's Caper (USA)",摩登原始人 （美版）,FC#1281
fc,Jigoku Gokuraku Maru (Japan),地狱极乐丸 （日版）,FC#1282
fc,Jikuu Yuuden - Debias (Japan),时空勇传 （日版）,FC#1283
fc,Jimmy Connors Tennis (Europe),吉米康诺网球 （欧版）,FC#1284
fc,Jimmy Connors Tennis (USA),吉米康诺网球 （美版）,FC#1285
fc,JJ (Japan),太空跳跃 （日版）,FC#1286
fc,Joe & Mac (USA),战斗原始人 （美版）,FC#1287
fc,Joe & Mac - Caveman Ninja (Europe),战斗原始人 （欧版）,FC#1288
fc,John Elway's Quarterback (USA),约翰艾尔维之传奇四分卫 （美版）,FC#1289
fc,Jongbou (Japan),雀棒 （日版）,FC#1290
fc,Jordan vs Bird - One on One (USA),乔丹对伯德 - 一对一篮球 （美版）,FC#1291
fc,Joshua & the Battle of Jericho (USA) (v5.0) (Unl),约书亚和杰里科的战役 （美版） (v5.0) （非官方版）,FC#1292
fc,Joshua & the Battle of Jericho (USA) (v6.0) (Unl),约书亚和杰里科的战役 （美版） (v6.0) （非官方版）,FC#1293
fc,Journey to Silius (Europe),星际旅程 （欧版）,FC#1294
fc,Journey to Silius (USA),星际旅程 （美版）,FC#1295
fc,Journey to the West (Asia) (Ja) (Unl),西天取经 （亚洲版） (Ja) （非官方版）,FC#1296
fc,Joust (Japan),鸵鸟骑士 （日版）,FC#1297
fc,Joust (USA),鸵鸟骑士 （美版）,FC#1298
fc,Jovial Race (Asia) (En) (Unl),迷魂车 （亚洲版） (En) （非官方版）,FC#1299
fc,Jovial Race (Asia) (Ja) (PAL) (Unl),迷魂车 （亚洲版） (Ja) (PAL) （非官方版）,FC#1300
fc,Joy Mech Fight (Japan),趣味机器人格斗 （日版）,FC#1301
fc,Joy Mech Fight (Japan) (Virtual Console),趣味机器人格斗 （日版） (Virtual Console),FC#1302
fc,JuJu Densetsu (Japan),JUJU 传说 （日版）,FC#1303
fc,Jumbo Ozaki no Hole in One Professional (Japan),尾崎高尔夫 （日版）,FC#1304
fc,Jumpin' Kid - Jack to Mame no Ki Monogatari (Japan),杰克与魔豆 （日版）,FC#1305
fc,"Jungle Book, The (Europe)",森林王子 （欧版）,FC#1306
fc,"Jungle Book, The (USA)",森林王子 （美版）,FC#1307
fc,Jurassic Boy (Asia) (Ja) (Unl),侏罗纪男孩 （亚洲版） (Ja) （非官方版）,FC#1308
fc,Jurassic Park (Europe),侏儸纪公园 （欧版）,FC#1309
fc,Jurassic Park (USA),侏儸纪公园 （美版）,FC#1310
fc,Just Breed (Japan),光荣圣战 （日版）,FC#1311
fc,Juuouki (Japan),兽王记 （日版）,FC#1312
fc,Juuryoku Soukou Metal Storm (Japan),重力装甲 （日版）,FC#1313
fc,Juvei Quest (Japan),十兵卫传说 （日版）,FC#1314
fc,Juvei Quest (Japan) (Alt),十兵卫传说 （日版） (Alt),FC#1315
fc,Kabuki - Quantum Fighter (Europe),地狱极乐丸 （欧版）,FC#1316
fc,Kabuki - Quantum Fighter (USA),地狱极乐丸 （美版）,FC#1317
fc,Kabushiki Doujou (Japan),株式道场 （日版）,FC#1318
fc,Kaettekita! Gunjin Shougi - Nanya Sore! (Japan),军人将棋 （日版）,FC#1319
fc,Kage no Densetsu (Japan),影子传说 （日版）,FC#1320
fc,Kage no Densetsu (Japan) (Virtual Console),影子传说 （日版） (Virtual Console),FC#1321
fc,Kagerou Densetsu (Japan),影狼传说 （日版）,FC#1322
fc,Kaguya Hime Densetsu (Japan),竹取公主 （日版）,FC#1323
fc,Kaijuu Monogatari (Japan),贝兽物语 （日版）,FC#1324
fc,Kaiketsu Yancha Maru (Japan),快杰洋枪 （日版）,FC#1325
fc,Kaiketsu Yancha Maru 2 - Karakuri Land (Japan),快杰洋枪 2 （日版）,FC#1326
fc,Kaiketsu Yancha Maru 3 - Taiketsu! Zouringen (Japan),快杰洋枪 3 （日版）,FC#1327
fc,Kakefu-kun no Jump Tengoku - Speed Jigoku (Japan),加其夫的跳跃天国与速度地狱 （日版）,FC#1328
fc,Kame no Ongaeshi - Urashima Densetsu (Japan),乌龟报恩 （日版）,FC#1329
fc,Kamen no Ninja - Akakage (Japan),假面忍者 - 赤影 （日版）,FC#1330
fc,Kamen no Ninja - Hanamaru (Japan),假面忍者 - 花丸 （日版）,FC#1331
fc,Kamen Rider Club (Japan),假面骑士俱乐部 （日版）,FC#1332
fc,Kamen Rider SD - Granshocker no Yabou (Japan),SD 假面骑士 （日版）,FC#1333
fc,Kanshakudama Nage Kantarou no Toukaidou Gojuusan Tsugi (Japan),东海道五十三次 （日版）,FC#1334
fc,Karakuri Kengou Den Musashi Lord - Karakuribito Hashiru (Japan),忍者剑豪传 （日版）,FC#1335
fc,Karaoke Studio (Japan),任天堂卡拉ＯＫ - 卡拉ＯＫ工作室 （日版）,FC#1336
fc,Karaoke Studio Senyou Cassette Vol. 1 (Japan),任天堂卡拉ＯＫ - 卡拉ＯＫ伴唱带 I （日版）,FC#1337
fc,Karaoke Studio Senyou Cassette Vol. 2 (Japan),任天堂卡拉ＯＫ - 卡拉ＯＫ伴唱带 II （日版）,FC#1338
fc,Karate Champ (USA),空手道冠军赛 （美版）,FC#1339
fc,Karate Champ (USA) (Rev 1),空手道冠军赛 （美版） （修正版 1）,FC#1340
fc,"Karate Kid, The (USA)",小子难缠 （美版）,FC#1341
fc,Karateka (Japan),决战富士山 （日版）,FC#1342
fc,Karateka (Japan) (Beta),决战富士山 （日版） （测试版）,FC#1343
fc,Karnov (Japan),卡诺夫 （日版）,FC#1344
fc,Karnov (Japan) (Rev 1),卡诺夫 （日版） （修正版 1）,FC#1345
fc,Karnov (USA),卡诺夫 （美版）,FC#1346
fc,Kawa no Nushi Tsuri (Japan),钓鱼太郎 （日版）,FC#1347
fc,Kazama Jun to Asama Yuuko no AV Dragon Mahjong (Japan) (Unl),AV龙麻将 （日版） （非官方版）,FC#1348
fc,Keiba Simulation - Honmei (Japan),模拟赛马 - 本命 （日版）,FC#1349
fc,Kekkyoku Nankyoku Daibouken (Japan),南极大冒险 （日版）,FC#1350
fc,Kekkyoku Nankyoku Daibouken (Japan) (Rev 1),南极大冒险 （日版） （修正版 1）,FC#1351
fc,Kero Kero Keroppi no Daibouken (Japan),大眼蛙大冒险 （日版）,FC#1352
fc,Kero Kero Keroppi no Daibouken 2 - Donuts Ike wa Oosawagi! (Japan),大眼蛙大冒险 （日版）,FC#1353
fc,Keroppi to Keroriinu no Splash Bomb! (Japan),大眼蛙之水弹大进击 （日版）,FC#1354
fc,Ki no Bouken - The Quest of Ki (Japan),驭风与巫女凯伊的历险记 （日版）,FC#1355
fc,Kick Off (Europe),足球 （欧版）,FC#1356
fc,Kickle Cubicle (Europe),迷宫岛 （欧版）,FC#1357
fc,Kickle Cubicle (USA),迷宫岛 （美版）,FC#1358
fc,KickMaster (USA),踢王 （美版）,FC#1359
fc,"Kid Dracula (USA, Europe) (Castlevania Anniversary Collection)",恶魔城外传 德拉古拉君 （美版 欧版） (Castlevania Anniversary Collection),FC#1360
fc,"Kid Icarus (USA, Europe)",光神话 （美版 欧版）,FC#1361
fc,"Kid Icarus (USA, Europe) (Rev 1)",光神话 （美版 欧版） （修正版 1）,FC#1362
fc,"Kid Icarus (USA, Europe) (Rev 1) (Virtual Console)",光神话 （美版 欧版） （修正版 1） (Virtual Console),FC#1363
fc,Kid Klown in Night Mayor World (USA),小丑王子大冒险 （美版）,FC#1364
fc,Kid Kool and the Quest for the Seven Wonder Herbs (USA),天国与地狱 （美版）,FC#1365
fc,Kid Niki - Radical Ninja (USA),快杰洋枪丸 （美版）,FC#1366
fc,Kid Niki - Radical Ninja (USA) (Rev 1),快杰洋枪丸 （美版） （修正版 1）,FC#1367
fc,Kiddy Sun in Fantasia (Asia),幻想中的小太阳 （亚洲版）,FC#1368
fc,Kidou Senshi Z Gundam - Hot Scramble (Japan),机动战士Z高达 （日版）,FC#1369
fc,Kidou Senshi Z Gundam - Hot Scramble (Japan) (Final Version),机动战士Z高达 （日版） （最终版）,FC#1370
fc,King Kong 2 - Ikari no Megaton Punch (Japan),金刚 II - 愤怒之万吨铁拳 （日版）,FC#1371
fc,King Neptune's Adventure (USA) (Beta) (Unl),海皇波塞冬的大冒险 （美版） （测试版） （非官方版）,FC#1372
fc,King Neptune's Adventure (USA) (Unl),海皇波塞冬的大冒险 （美版） （非官方版）,FC#1373
fc,King of Kings (Japan),万王之王 （日版）,FC#1374
fc,"King of Kings, The - The Early Years (USA) (v1.1) (Unl)",王中王 （美版） (v1.1) （非官方版）,FC#1375
fc,"King of Kings, The - The Early Years (USA) (v1.2) (Unl)",王中王 （美版） (v1.2) （非官方版）,FC#1376
fc,"King of Kings, The - The Early Years (USA) (v1.3) (Unl)",王中王 （美版） (v1.3) （非官方版）,FC#1377
fc,"King of Kings, The - The Early Years (USA) (v5.0) (Unl)",王中王 （美版） (v5.0) （非官方版）,FC#1378
fc,King's Knight (Japan),国王骑士 （日版）,FC#1379
fc,King's Knight (Japan) (Virtual Console),国王骑士 （日版） (Virtual Console),FC#1380
fc,King's Knight (USA),国王骑士 （美版）,FC#1381
fc,King's Knight (USA) (Virtual Console),国王骑士 （美版） (Virtual Console),FC#1382
fc,King's Quest V (USA),国王密使 V （美版）,FC#1383
fc,Kings of the Beach - Professional Beach Volleyball (USA),沙滩排球王 （美版）,FC#1384
fc,Kinnikuman - Muscle Tag Match (Japan),金肉人摔角 （日版）,FC#1385
fc,Kinnikuman - Muscle Tag Match (Japan) (Rev 1),金肉人摔角 （日版） （修正版 1）,FC#1386
fc,Kirby's Adventure (Canada),星之卡比 - 梦之泉的传说 (Canada),FC#1387
fc,Kirby's Adventure (Europe),星之卡比 - 梦之泉的传说 （欧版）,FC#1388
fc,Kirby's Adventure (France),星之卡比 - 梦之泉的传说 （法国版）,FC#1389
fc,Kirby's Adventure (Germany),星之卡比 - 梦之泉的传说 （德国版）,FC#1390
fc,Kirby's Adventure (USA),星之卡比 - 梦之泉的传说 （美版）,FC#1391
fc,Kirby's Adventure (USA) (Rev 1),星之卡比 - 梦之泉的传说 （美版） （修正版 1）,FC#1392
fc,Kiteretsu Daihyakka (Japan),奇天烈大百科 （日版）,FC#1393
fc,Kitty's Catch (USA) (Proto) (Unl),猫抓鱼 （美版） （工程版） （非官方版）,FC#1394
fc,Kiwi Kraze - A Bird-Brained Adventure! (USA),纽西兰故事 （美版）,FC#1395
fc,Kkachi-wa Norae Chingu (Korea) (Unl),,FC#1396
fc,KlashBall (USA),机器人足球 （美版）,FC#1397
fc,Klax (Japan),旋转方块 （日版）,FC#1398
fc,Klax (USA) (Beta) (Unl),旋转方块 （美版） （测试版） （非官方版）,FC#1399
fc,Klax (USA) (Unl),旋转方块 （美版） （非官方版）,FC#1400
fc,Knight Rider (Europe),霹雳游侠 （欧版）,FC#1401
fc,Knight Rider (Japan),霹雳游侠 （日版）,FC#1402
fc,Knight Rider (USA),霹雳游侠 （美版）,FC#1403
fc,Koko Adventure (Korea) (Unl),科科探险 (Korea) （非官方版）,FC#1404
fc,Konami Hyper Soccer (Europe),科拿米超级足球 （欧版）,FC#1405
fc,Konami Wai Wai World (Japan),科乐美世界 （日版）,FC#1406
fc,Konamic Sports in Seoul (Japan),超级奥林匹克运动会 II （日版）,FC#1407
fc,Korean Igo (Korea) (Unl),韩国五子棋 (Korea) （非官方版）,FC#1408
fc,Kouryuu Densetsu Villgust Gaiden (Japan),甲龙传说外传 （日版）,FC#1409
fc,Koushien (Japan),甲子园 （日版）,FC#1410
fc,Krazy Kreatures (USA) (Rev A) (Unl),益智游戏 （美版） (Rev A) （非官方版）,FC#1411
fc,Krazy Kreatures (USA) (Unl),益智游戏 （美版） （非官方版）,FC#1412
fc,"Krion Conquest, The (USA)",小魔女大冒险 （美版）,FC#1413
fc,Krusty's Fun House (Europe),辛普森家庭 - 超级欢乐屋 （欧版）,FC#1414
fc,Krusty's Fun House (USA),辛普森家庭 - 超级欢乐屋 （美版）,FC#1415
fc,Kujaku Ou (Japan),孔雀王 （日版）,FC#1416
fc,Kujaku Ou II (Japan),孔雀王2 （日版）,FC#1417
fc,Kung Fu (Europe),功夫 （欧版）,FC#1418
fc,"Kung Fu (Japan, USA)",功夫 （日版，美版）,FC#1419
fc,Kung-Fu Heroes (USA),超级中国人 （美版）,FC#1420
fc,Kunio-kun no Nekketsu Soccer League (Japan),热血足球 （日版）,FC#1421
fc,Kurogane Hiroshi no Yosou Daisuki! - Kachiuma Densetsu (Japan),胜马传说 （日版）,FC#1422
fc,Kyonshiizu 2 (Japan),僵尸小子2 （日版）,FC#1423
fc,Kyonshiizu 2 (Japan) (Sample),僵尸小子2 （日版） （试玩版）,FC#1424
fc,Kyoro-chan Land (Japan),格斗高塔 （日版）,FC#1425
fc,Kyoto Hana no Misshitsu Satsujin Jiken (Japan),山村美纱-京都花之密室杀人事件 （日版）,FC#1426
fc,Kyoto Ryuu no Tera Satsujin Jiken (Japan),山村美纱推理游戏-京都龙之寺杀人事件 （日版）,FC#1427
fc,Kyouryuu Sentai Zyuranger (Japan),恐龙战队 （日版）,FC#1428
fc,Kyuukyoku Harikiri Koushien (Japan),究极甲子园 （日版）,FC#1429
fc,Kyuukyoku Harikiri Stadium (Japan),究极棒球 （日版）,FC#1430
fc,Kyuukyoku Harikiri Stadium - '88 Senshu Shin Data Version (Japan),究极棒球 '88 （日版）,FC#1431
fc,Kyuukyoku Harikiri Stadium - Heisei Gannen Ban (Japan),究极棒球平成元年版 （日版）,FC#1432
fc,Kyuukyoku Harikiri Stadium III (Japan),究极棒球3 （日版）,FC#1433
fc,Kyuukyoku Tiger (Japan),究极虎 （日版）,FC#1434
fc,L.A Cop - Miss. Peach World (Japan) (Unl),碧奇小姐世界 （日版） （非官方版）,FC#1435
fc,Labyrinth (Japan),魔王迷宫 （日版）,FC#1436
fc,Lagrange Point (Japan),宇宙抗暴军 （日版）,FC#1437
fc,Lasalle Ishii no Child's Quest (Japan),孩子的冒险 （日版）,FC#1438
fc,Laser Invasion (USA),救难任务 （美版）,FC#1439
fc,Last Action Hero (USA),最后魔鬼英雄 （美版）,FC#1440
fc,Last Armageddon (Japan),末日战记 （日版）,FC#1441
fc,"Last Ninja, The (USA)",最后之忍者 （美版）,FC#1442
fc,"Last Starfighter, The (USA)",最后之星际战机 （美版）,FC#1443
fc,Law of the West (Japan),西部警长 （日版）,FC#1444
fc,Layla (Japan),女超人蕾拉 （日版）,FC#1445
fc,Lee Trevino's Fighting Golf (Europe),战斗高尔夫 （欧版）,FC#1446
fc,Lee Trevino's Fighting Golf (USA),战斗高尔夫 （美版）,FC#1447
fc,Legacy of the Wizard (USA),屠龙剑 IV （美版）,FC#1448
fc,"Legend of Kage, The (USA)",影子传说 （美版）,FC#1449
fc,"Legend of Kage, The (USA) (Virtual Console)",影子传说 （美版） (Virtual Console),FC#1450
fc,"Legend of Prince Valiant, The (Europe)",英勇王子传说 （欧版）,FC#1451
fc,"Legend of Robin Hood, The (USA) (Proto)",罗宾汉 - 侠盗王子 （美版） （工程版）,FC#1452
fc,"Legend of Zelda, The (Europe)",萨尔达传说 - 幻想大陆海拉尔 （欧版）,FC#1453
fc,"Legend of Zelda, The (Europe) (Rev 1)",萨尔达传说 - 幻想大陆海拉尔 （欧版） （修正版 1）,FC#1454
fc,"Legend of Zelda, The (Europe) (Rev 1) (Virtual Console)",萨尔达传说 - 幻想大陆海拉尔 （欧版） （修正版 1） (Virtual Console),FC#1455
fc,"Legend of Zelda, The (USA)",萨尔达传说 - 幻想大陆海拉尔 （美版）,FC#1456
fc,"Legend of Zelda, The (USA) (Collector's Edition)",萨尔达传说 - 幻想大陆海拉尔 （美版） (Collector's Edition),FC#1457
fc,"Legend of Zelda, The (USA) (Rev 1)",萨尔达传说 - 幻想大陆海拉尔 （美版） （修正版 1）,FC#1458
fc,"Legend of Zelda, The (USA) (Rev 1) (GameCube Edition)",萨尔达传说 - 幻想大陆海拉尔 （美版） （修正版 1） (GameCube Edition),FC#1459
fc,"Legend of Zelda, The (USA) (Rev 1) (Virtual Console)",萨尔达传说 - 幻想大陆海拉尔 （美版） （修正版 1） (Virtual Console),FC#1460
fc,Legendary Wings (USA),传说之翼 （美版）,FC#1461
fc,Legends of the Diamond - The Baseball Championship Game (USA),万岱棒球 - 钻石传奇 （美版）,FC#1462
fc,Lei Dian II - Thunderbolt Fighting Plane (Asia) (En) (Unl),裂变2 （亚洲版） (En) （非官方版）,FC#1463
fc,Lemmings (Europe),百战小旅鼠 （欧版）,FC#1464
fc,Lemmings (USA),百战小旅鼠 （美版）,FC#1465
fc,Lethal Weapon (Europe),致命武器 （欧版）,FC#1466
fc,Lethal Weapon (USA),致命武器 （美版）,FC#1467
fc,Life Force (USA),沙罗曼蛇 （美版）,FC#1468
fc,Life Force (USA) (Virtual Console),沙罗曼蛇 （美版） (Virtual Console),FC#1469
fc,Life Force - Salamander (Europe),沙罗曼蛇 （欧版）,FC#1470
fc,Life Force - Salamander (Europe) (Virtual Console),沙罗曼蛇 （欧版） (Virtual Console),FC#1471
fc,Lightgun Game 2 in 1 - Cosmocop + Cyber Monster (Asia) (Ja) (Unl),宇宙警察+怪物射击 二合一 （亚洲版） (Ja) （非官方版）,FC#1472
fc,Lightgun Game 2 in 1 - Tough Cop + Super Tough Cop (Asia) (Ja) (Unl),恶棍警察+超级恶棍警察 二合一 （亚洲版） (Ja) （非官方版）,FC#1473
fc,Lin Ze Xu Jin Yan (Asia) (Unl),林则徐禁烟 （亚洲版） （非官方版）,FC#1474
fc,"Linus Spacehead's Cosmic Crusade (USA) (En,Fr,De,Es) (Unl)","宇宙圣战 （美版） (En,Fr,De,Es) （非官方版）",FC#1475
fc,"Lion King, The (Europe)",狮子王 （欧版）,FC#1476
fc,Lipple Island (Japan),脉动之岛 （日版）,FC#1477
fc,Little League Baseball - Championship Series (USA),世界少棒联盟 - 联盟冠军赛 （美版）,FC#1478
fc,Little Magic (Japan),超魔兽大战 （日版）,FC#1479
fc,Little Mermaid - Ningyo Hime (Japan),小美人鱼 （日版）,FC#1480
fc,Little Mermaid - Ningyo Hime (Japan) (Beta),小美人鱼 （日版） （测试版）,FC#1481
fc,"Little Mermaid, The (USA)",小美人鱼 （美版）,FC#1482
fc,Little Nemo - The Dream Master (Europe),尼莫 - 睡衣英雄 （欧版）,FC#1483
fc,Little Nemo - The Dream Master (USA),尼莫 - 睡衣英雄 （美版）,FC#1484
fc,Little Ninja Brothers (Europe),超级中国人 II （欧版）,FC#1485
fc,Little Ninja Brothers (USA),超级中国人 II （美版）,FC#1486
fc,Little Red Hood (Australia) (Unl),小红帽 （澳洲版） （非官方版）,FC#1487
fc,Little Red Hood - Xiao Hong Mao (Asia) (Ja) (Unl),小红帽 （亚洲版） (Ja) （非官方版）,FC#1488
fc,Little Samson (Europe),圣铃传说 （欧版）,FC#1489
fc,Little Samson (USA),圣铃传说 （美版）,FC#1490
fc,Locksmith (Asia) (Ja) (PAL) (Unl),锁匠 （亚洲版） (Ja) (PAL) （非官方版）,FC#1491
fc,Lode Runner (Japan),掏金者 （日版）,FC#1492
fc,Lode Runner (Japan) (Virtual Console),掏金者 （日版） (Virtual Console),FC#1493
fc,Lode Runner (USA),掏金者 （美版）,FC#1494
fc,"Lode Runner (USA, Europe) (Virtual Console)",掏金者 （美版 欧版） (Virtual Console),FC#1495
fc,"Lone Ranger, The (USA)",独行侠 （美版）,FC#1496
fc,Loopz (USA),水管工人 （美版）,FC#1497
fc,"Lord of King, The (Japan)",战王之王 （日版）,FC#1498
fc,Lost Word of Jenny - Ushinawareta Message (Japan),珍妮 - 失去的消息 （日版）,FC#1499
fc,Lot Lot (Japan),钢珠大战 （日版）,FC#1500
fc,Low G Man - The Low Gravity Man (Europe),反重力战士 （欧版）,FC#1501
fc,Low G Man - The Low Gravity Man (USA),反重力战士 （美版）,FC#1502
fc,Lucky Bingo 777 (Asia) (Ja) (PAL) (Unl),幸运宾果 777 （亚洲版） (Ja) (PAL) （非官方版）,FC#1503
fc,Lunar Ball (Japan),银河撞球 （日版）,FC#1504
fc,Lunar Pool (Europe),银河撞球 （欧版）,FC#1505
fc,Lunar Pool (USA),银河撞球 （美版）,FC#1506
fc,Lupin Sansei - Pandora no Isan (Japan),鲁邦三世 - 潘朵拉的遗产 （日版）,FC#1507
fc,M.C. Kids (USA),麦当劳小子 （美版）,FC#1508
fc,M.C. Kids (USA) (Beta),麦当劳小子 （美版） （测试版）,FC#1509
fc,M.U.L.E. (USA),骡子大作战 （美版）,FC#1510
fc,M.U.S.C.L.E. - Tag Team Match (USA),金肉人摔角 （美版）,FC#1511
fc,M82 Game Selectable Working Product Display (Europe) (Demo) (Kiosk),任天堂展示卡 （欧版） （演示版） （商店演示版）,FC#1512
fc,Mach Rider (Europe),超音速机车赛 （欧版）,FC#1513
fc,Mach Rider (Europe) (Virtual Console),超音速机车赛 （欧版） (Virtual Console),FC#1514
fc,"Mach Rider (Japan, USA)",超音速机车赛 （日版，美版）,FC#1515
fc,"Mach Rider (Japan, USA) (Rev 1)",超音速机车赛 （日版，美版） （修正版 1）,FC#1516
fc,"Mach Rider (Japan, USA) (Rev 1) (Virtual Console)",超音速机车赛 （日版，美版） （修正版 1） (Virtual Console),FC#1517
fc,"Mach Rider (Japan, USA) (Virtual Console)",超音速机车赛 （日版，美版） (Virtual Console),FC#1518
fc,Mad City (Japan),鳄鱼先生 （日版）,FC#1519
fc,Mad City (Japan) (Beta),鳄鱼先生 （日版） （测试版）,FC#1520
fc,Mad City (Japan) (Virtual Console),鳄鱼先生 （日版） (Virtual Console),FC#1521
fc,Mad Max (USA),冲锋飞车队 （美版）,FC#1522
fc,Madoola no Tsubasa (Japan),玛多拉之翼 （日版）,FC#1523
fc,Madoola no Tsubasa (Japan) (Sample),玛多拉之翼 （日版） （试玩版）,FC#1524
fc,"Mafat Conspiracy, The (USA)",伊卡路斯之谜 （美版）,FC#1525
fc,Magic Block (Asia) (En) (Mega Soft) (Unl),魔法方块 （亚洲版） (En) (Mega Soft) （非官方版）,FC#1526
fc,Magic Bubble (Asia) (En) (Unl),魔法气泡 （亚洲版） (En) （非官方版）,FC#1527
fc,"Magic Candle, The (Japan)",魔法之烛 （日版）,FC#1528
fc,Magic Carpet 1001 (USA) (Unl),魔毯1001 （美版） （非官方版）,FC#1529
fc,Magic Cube (Asia) (Ja) (PAL) (Unl),魔法方块 （亚洲版） (Ja) (PAL) （非官方版）,FC#1530
fc,Magic Darts (Japan),魔术飞镖 （日版）,FC#1531
fc,Magic Darts (USA),魔术飞镖 （美版）,FC#1532
fc,Magic Giral (Asia) (Unl),魔女 （亚洲版） （非官方版）,FC#1533
fc,Magic Jewelry (Asia) (Ja) (Unl),魔法宝石 （亚洲版） (Ja) （非官方版）,FC#1534
fc,Magic Jewelry 2 (Asia) (Ja) (Unl),魔法宝石 II （亚洲版） (Ja) （非官方版）,FC#1535
fc,Magic John (Japan),魔法约翰 （日版）,FC#1536
fc,Magic Johnson's Fast Break (USA),魔术强森之快攻篮球 （美版）,FC#1537
fc,Magic Kid Googoo (Korea) (Unl),魔法少年 (Korea) （非官方版）,FC#1538
fc,"Magic of Scheherazade, The (USA)",天方夜谭之魔法世界 （美版）,FC#1539
fc,Magical Kid's Doropie (Japan),小魔女皮皮 （日版）,FC#1540
fc,Magical Kid's Doropie (Japan) (Beta),小魔女皮皮 （日版） （测试版）,FC#1541
fc,Magical Mathematics (Asia) (Ja) (NTSC) (Unl),魔法算盘 （亚洲版） (Ja) (NTSC) （非官方版）,FC#1542
fc,Magical Mathematics (Asia) (Ja) (PAL) (Unl),魔法算盘 （亚洲版） (Ja) (PAL) （非官方版）,FC#1543
fc,Magical Taruruuto-kun - Fantastic World!! (Japan),小魔星达鲁鲁 （日版）,FC#1544
fc,Magical Taruruuto-kun - Fantastic World!! (Japan) (Rev 1),小魔星达鲁鲁 （日版） （修正版 1）,FC#1545
fc,Magical Taruruuto-kun 2 - Mahou Daibouken (Japan),小魔星达鲁鲁2 （日版）,FC#1546
fc,Magician (USA),魔法师 （美版）,FC#1547
fc,Magician (USA) (Beta 1) (1990-03-02),魔法师 （美版） （测试版 1） (1990-03-02),FC#1548
fc,Magician (USA) (Beta 2),魔法师 （美版） （测试版 2）,FC#1549
fc,Magician (USA) (Beta 3),魔法师 （美版） (Beta 3),FC#1550
fc,Magmax (Japan),组合金刚 （日版）,FC#1551
fc,Magmax (USA),组合金刚 （美版）,FC#1552
fc,Magnum Kikiippatsu - Empire City - 1931 (Japan),帝国城市1931 （日版）,FC#1553
fc,Maharaja (Japan),印度大君 （日版）,FC#1554
fc,Mahjang Companion (Asia) (Ja) (Hacker) (Unl),麻雀指南 （亚洲版） (Ja) (Hacker) （非官方版）,FC#1555
fc,Mahjang Companion (Asia) (Ja) (Sachen) (Unl),麻雀指南 （亚洲版） (Ja) (Sachen) （非官方版）,FC#1556
fc,Mahjong (Japan),任天堂麻雀 （日版）,FC#1557
fc,Mahjong (Japan) (Rev 1),任天堂麻雀 （日版） （修正版 1）,FC#1558
fc,Mahjong (Japan) (Rev 2),任天堂麻雀 （日版） （修正版 2）,FC#1559
fc,Mahjong (Japan) (Rev 2) (GameCube Edition),任天堂麻雀 （日版） （修正版 2） (GameCube Edition),FC#1560
fc,Mahjong Academy (Asia) (Ja) (Unl),麻雀学园 - 卒业篇 （亚洲版） (Ja) （非官方版）,FC#1561
fc,Mahjong Block (Asia) (Idea-Tek) (Unl),麻将方块 （亚洲版） (Idea-Tek) （非官方版）,FC#1562
fc,Mahjong Block (Asia) (TXC) (Unl),麻将方块 （亚洲版） (TXC) （非官方版）,FC#1563
fc,Mahjong Club Nagatachou - Sousaisen (Japan),麻将俱乐部 （日版）,FC#1564
fc,Mahjong RPG Dora Dora Dora (Japan),麻雀王牌 RPG （日版）,FC#1565
fc,Mahjong Samit - Kabukicho Hen (Japan) (Unl),麻雀世界 歌舞伎町篇 （日版） （非官方版）,FC#1566
fc,Mahjong Taikai (Japan),麻雀大会 （日版）,FC#1567
fc,Mahjong Taisen (Japan),麻雀大战 （日版）,FC#1568
fc,Mahjong Trap - Si Cuan Ma Que (Asia) (Ja) (Unl),四川麻雀 （亚洲版） (Ja) （非官方版）,FC#1569
fc,"Mahjong World, The - Ma Que Shi Jie (Asia) (Ja) (NTSC) (Unl)",麻雀世界 （亚洲版） (Ja) (NTSC) （非官方版）,FC#1570
fc,"Mahjong World, The - Ma Que Shi Jie (Asia) (Ja) (PAL) (Unl)",麻雀世界 （亚洲版） (Ja) (PAL) （非官方版）,FC#1571
fc,Mahou no Princess Minky Momo - Remember Dream (Japan),魔法公主明琪桃子 - 记住梦想 （日版）,FC#1572
fc,Maison Ikkoku (Japan),相聚一刻 （日版）,FC#1573
fc,Majaventure - Mahjong Senki (Japan),麻雀战记 （日版）,FC#1574
fc,Major League (Japan),大联盟棒球 （日版）,FC#1575
fc,Major League Baseball (USA),美国职业棒球联盟 （美版）,FC#1576
fc,Major League Baseball (USA) (Rev 1),美国职业棒球联盟 （美版） （修正版 1）,FC#1577
fc,Majou Densetsu II - Daimashikyou Galious (Japan),魔城传说2-大魔司教 （日版）,FC#1578
fc,Makai Island (USA) (Proto),魔界岛 - 七岛大冒险 （美版） （工程版）,FC#1579
fc,Makaimura (Japan),魔界村 （日版）,FC#1580
fc,Maniac Mansion (Europe),疯狂大楼 （欧版）,FC#1581
fc,Maniac Mansion (France),疯狂大楼 （法国版）,FC#1582
fc,Maniac Mansion (Germany),疯狂大楼 （德国版）,FC#1583
fc,Maniac Mansion (Italy),疯狂大楼 （意大利版）,FC#1584
fc,Maniac Mansion (Japan),疯狂大楼 （日版）,FC#1585
fc,Maniac Mansion (Spain),疯狂大楼 （西班牙版）,FC#1586
fc,Maniac Mansion (Sweden),疯狂大楼 (Sweden),FC#1587
fc,Maniac Mansion (USA),疯狂大楼 （美版）,FC#1588
fc,Maniac Mansion (USA) (Beta),疯狂大楼 （美版） （测试版）,FC#1589
fc,Mappy (Japan),猫鼠大战 （日版）,FC#1590
fc,Mappy Kids (Japan),猫鼠小子 （日版）,FC#1591
fc,Mappy-Land (Japan),猫鼠世界 （日版）,FC#1592
fc,Mappy-Land (USA),猫鼠世界 （美版）,FC#1593
fc,"Mappy-Land (USA, Europe) (Virtual Console)",猫鼠世界 （美版 欧版） (Virtual Console),FC#1594
fc,Marble Madness (Europe),疯狂石球 （欧版）,FC#1595
fc,Marble Madness (USA),疯狂石球 （美版）,FC#1596
fc,Mario & Yoshi (Europe),马里奥与耀西 （欧版）,FC#1597
fc,Mario Bros. (Europe) (PAL-MA-0),玛璃欧兄弟 （欧版） (PAL-MA-0),FC#1598
fc,"Mario Bros. (Europe) (PAL-MC-0, Classic Series)","玛璃欧兄弟 （欧版） (PAL-MC-0, Classic Series)",FC#1599
fc,Mario Bros. (World),玛璃欧兄弟 （世界版）,FC#1600
fc,Mario Bros. (World) (GameCube Edition),玛璃欧兄弟 （世界版） (GameCube Edition),FC#1601
fc,Mario is Missing! (Europe),失踪马里奥 （欧版）,FC#1602
fc,Mario is Missing! (USA),失踪马里奥 （美版）,FC#1603
fc,Mario Open Golf (Japan),玛璃欧高尔夫公开赛 （日版）,FC#1604
fc,Mario Open Golf (Japan) (Rev 1),玛璃欧高尔夫公开赛 （日版） （修正版 1）,FC#1605
fc,Mario Open Golf (Japan) (Rev 1) (Virtual Console),玛璃欧高尔夫公开赛 （日版） （修正版 1） (Virtual Console),FC#1606
fc,Mario's Time Machine (USA),马里奥的时光机器 （美版）,FC#1607
fc,Marusa no Onna (Japan),玛尔莎之女 （日版）,FC#1608
fc,Mashin Eiyuuden Wataru Gaiden (Japan),魔神英雄伝 外传 （日版）,FC#1609
fc,Mashou (Japan),魔钟 （日版）,FC#1610
fc,Master Chu and the Drunkard Hu (Asia) (Ja) (PAL) (Unl),大师和醉鬼 （亚洲版） (Ja) (PAL) （非官方版）,FC#1611
fc,Master Chu and the Drunkard Hu (USA) (Unl),大师和醉鬼 （美版） （非官方版）,FC#1612
fc,Master Shooter (Asia) (Ja) (Unl),射击大师 （亚洲版） (Ja) （非官方版）,FC#1613
fc,Masuzoe Youichi - Asa Made Famicom (Japan),舛添要一 （日版）,FC#1614
fc,Matendouji (Japan),魔天童子 （日版）,FC#1615
fc,Matsumoto Tooru no Kabushiki Hisshou Gaku (Japan),松本亨经营必胜学 （日版）,FC#1616
fc,Matsumoto Tooru no Kabushiki Hisshou Gaku - Part II (Japan),松本亨经营必胜学 2 （日版）,FC#1617
fc,Max Warrior - Wakusei Kaigenrei (Japan),马克司战士 - 惑星戒严令 （日版）,FC#1618
fc,Maxi 15 (USA) (Rev 1) (Unl),游戏合卡 - 经典 15 合 1 （美版） （修正版 1） （非官方版）,FC#1619
fc,Maxi 15 (USA) (Unl),游戏合卡 - 经典 15 合 1 （美版） （非官方版）,FC#1620
fc,Maxi-15 Pack (Australia) (Unl),游戏合卡 - 经典 15 合 1 （澳洲版） （非官方版）,FC#1621
fc,McDonaldland (Europe),麦当劳小子 （欧版）,FC#1622
fc,McDonaldland (France),麦当劳小子 （法国版）,FC#1623
fc,Mechanized Attack (USA),机动突袭 （美版）,FC#1624
fc,Mega Man (Europe),洛克人 （欧版）,FC#1625
fc,Mega Man (USA),洛克人 （美版）,FC#1626
fc,Mega Man (USA) (Virtual Console),洛克人 （美版） (Virtual Console),FC#1627
fc,Mega Man (World) (Mega Man Legacy Collection),洛克人 （世界版） (洛克人 Legacy Collection),FC#1628
fc,Mega Man 2 (Europe),洛克人 II - 威利博士之谜 （欧版）,FC#1629
fc,Mega Man 2 (Europe) (Virtual Console),洛克人 II - 威利博士之谜 （欧版） (Virtual Console),FC#1630
fc,Mega Man 2 (USA),洛克人 II - 威利博士之谜 （美版）,FC#1631
fc,Mega Man 2 (USA) (Virtual Console),洛克人 II - 威利博士之谜 （美版） (Virtual Console),FC#1632
fc,Mega Man 2 (World) (Mega Man Legacy Collection),洛克人 II - 威利博士之谜 （世界版） (Mega Man Legacy Collection),FC#1633
fc,Mega Man 3 (Europe),洛克人 III - 威利博士之死期 （欧版）,FC#1634
fc,Mega Man 3 (Europe) (Rev 1),洛克人 III - 威利博士之死期 （欧版） （修正版 1）,FC#1635
fc,Mega Man 3 (Europe) (Rev 1) (Virtual Console),洛克人 III - 威利博士之死期 （欧版） （修正版 1） (Virtual Console),FC#1636
fc,Mega Man 3 (USA),洛克人 III - 威利博士之死期 （美版）,FC#1637
fc,Mega Man 3 (USA) (Beta),洛克人 III - 威利博士之死期 （美版） （测试版）,FC#1638
fc,Mega Man 3 (USA) (Virtual Console),洛克人 III - 威利博士之死期 （美版） (Virtual Console),FC#1639
fc,Mega Man 3 (World) (Mega Man Legacy Collection),洛克人 III - 威利博士之死期 （世界版） (Mega Man Legacy Collection),FC#1640
fc,Mega Man 4 (Europe),洛克人 IV - 新的野心 （欧版）,FC#1641
fc,Mega Man 4 (Europe) (Virtual Console),洛克人 IV - 新的野心 （欧版） (Virtual Console),FC#1642
fc,Mega Man 4 (USA),洛克人 IV - 新的野心 （美版）,FC#1643
fc,Mega Man 4 (USA) (Rev 1),洛克人 IV - 新的野心 （美版） （修正版 1）,FC#1644
fc,Mega Man 4 (USA) (Virtual Console),洛克人 IV - 新的野心 （美版） (Virtual Console),FC#1645
fc,Mega Man 4 (World) (Mega Man Legacy Collection),洛克人 IV - 新的野心 （世界版） (Mega Man Legacy Collection),FC#1646
fc,Mega Man 5 (Europe),洛克人 V - 布鲁斯的圈套 （欧版）,FC#1647
fc,Mega Man 5 (Europe) (Virtual Console),洛克人 V - 布鲁斯的圈套 （欧版） (Virtual Console),FC#1648
fc,Mega Man 5 (USA),洛克人 V - 布鲁斯的圈套 （美版）,FC#1649
fc,Mega Man 5 (USA) (Virtual Console),洛克人 V - 布鲁斯的圈套 （美版） (Virtual Console),FC#1650
fc,Mega Man 5 (World) (Mega Man Legacy Collection),洛克人 V - 布鲁斯的圈套 （世界版） (Mega Man Legacy Collection),FC#1651
fc,Mega Man 6 (USA),洛克人 VI - 史上最大之战斗 （美版）,FC#1652
fc,Mega Man 6 (World) (Mega Man Legacy Collection),洛克人 VI - 史上最大之战斗 （世界版） (Mega Man Legacy Collection),FC#1653
fc,Mei Guo Fu Hao - American Man (Asia) (Unl),美国富豪 （亚洲版） （非官方版）,FC#1654
fc,Meiji Ishin (Japan),明治维新 （日版）,FC#1655
fc,Meikyuu Kumikyoku - Milon no Daibouken (Japan),迷宫组曲 米隆的城堡冒险 （日版）,FC#1656
fc,Meikyuu Kumikyoku - Milon no Daibouken (Japan) (Sample),迷宫组曲 米隆的城堡冒险 （日版） （试玩版）,FC#1657
fc,Meikyuu Kumikyoku - Milon no Daibouken (Japan) (Virtual Console),迷宫组曲 米隆的城堡冒险 （日版） (Virtual Console),FC#1658
fc,Meikyuu no Tatsujin - Daimeiro (Japan),大迷路 迷宫达人 （日版）,FC#1659
fc,Meikyuu-jima (Japan),迷宫岛 （日版）,FC#1660
fc,Meimon! Daisan Yakyuubu (Japan),第三野球部 （日版）,FC#1661
fc,Meimon! Takonishi Ouendan - Kouha 6 Nin Shuu (Japan),名门！多古西应援团 - 硬派六人众 （日版）,FC#1662
fc,Meitantei Holmes - Kiri no London Satsujin Jiken (Japan),名侦探霍姆斯 - 雾之伦敦杀人事件 （日版）,FC#1663
fc,Meitantei Holmes - M kara no Chousenjou (Japan),名侦探福尔摩斯 - 谜之挑战状 （日版）,FC#1664
fc,Menace Beach (USA) (Unl),海滩救美 （美版） （非官方版）,FC#1665
fc,Mendel Palace (USA),解谜大作战 （美版）,FC#1666
fc,Meng Huan - Xiang Shuai Chuan Qi Zhi Xue Hai Piao Ling (Asia) (Unl),香帅传奇 血海飘零 （亚洲版） （非官方版）,FC#1667
fc,Mermaids of Atlantis - The Riddle of the Magic Bubble (USA) (Unl),亚特兰提斯之美人鱼 （美版） （非官方版）,FC#1668
fc,Metal Fighter (Asia) (Ja) (Sachen) (Unl),未来小子 （亚洲版） (Ja) (Sachen) （非官方版）,FC#1669
fc,Metal Fighter (USA) (Unl),未来小子 （美版） （非官方版）,FC#1670
fc,Metal Fighter Mu (Japan) (Unl),合金战士 （日版） （非官方版）,FC#1671
fc,Metal Flame - Psy Buster (Japan),金属装甲 （日版）,FC#1672
fc,Metal Force (Korea) (Unl),金属力量 (Korea) （非官方版）,FC#1673
fc,Metal Gear (Europe),特攻神谍 （欧版）,FC#1674
fc,Metal Gear (Japan),特攻神谍 （日版）,FC#1675
fc,Metal Gear (USA),特攻神谍 （美版）,FC#1676
fc,Metal Max (Japan),坦克战记 （日版）,FC#1677
fc,Metal Max (Japan) (Virtual Console),坦克战记 （日版） (Virtual Console),FC#1678
fc,Metal Slader Glory (Japan),史莱德装甲之荣耀 （日版）,FC#1679
fc,Metal Slader Glory (Japan) (Virtual Console),史莱德装甲之荣耀 （日版） (Virtual Console),FC#1680
fc,Metal Storm (USA),重力装甲 （美版）,FC#1681
fc,MetalMech - Man & Machine (USA),金属机甲:人与机器 （美版）,FC#1682
fc,Metro-Cross (Japan),地下铁大暴走 （日版）,FC#1683
fc,Metroid (Europe),银河战士 （欧版）,FC#1684
fc,Metroid (Europe) (Virtual Console),银河战士 （欧版） (Virtual Console),FC#1685
fc,Metroid (USA),银河战士 （美版）,FC#1686
fc,Metroid (USA) (Virtual Console),银河战士 （美版） (Virtual Console),FC#1687
fc,Mezase Pachi Pro - Pachio-kun (Japan),帕青哥君 （日版）,FC#1688
fc,Mezase Pachi Pro - Pachio-kun (Japan) (Beta),帕青哥君 （日版） （测试版）,FC#1689
fc,Mezase! Top Pro - Green ni Kakeru Yume (Japan),职业高尔夫球 （日版）,FC#1690
fc,Michael Andretti's World GP (USA),麦可安德瑞提之世界格兰披治大赛车 （美版）,FC#1691
fc,Mick & Mack as the Global Gladiators (USA) (Proto) (1993-05-28),米克与麦可 橡胶枪 （美版） （工程版） (1993-05-28),FC#1692
fc,Mick & Mack as the Global Gladiators (USA) (Proto) (1993-05-28) (Alt),米克与麦可 橡胶枪 （美版） （工程版） (1993-05-28) (Alt),FC#1693
fc,Mick & Mack as the Global Gladiators (USA) (Proto) (1993-06-16),米克与麦可 橡胶枪 （美版） （工程版） (1993-06-16),FC#1694
fc,Mick & Mack as the Global Gladiators (USA) (Proto) (1993-06-30),米克与麦可 橡胶枪 （美版） （工程版） (1993-06-30),FC#1695
fc,Mick & Mack as the Global Gladiators (USA) (Proto) (1993-07-09),米克与麦可 橡胶枪 （美版） （工程版） (1993-07-09),FC#1696
fc,Mickey Mouse - Dream Balloon (USA) (Beta),米老鼠 梦气球 （美版） （测试版）,FC#1697
fc,Mickey Mouse - Fushigi no Kuni no Daibouken (Japan),米老鼠 不可思议之国的大冒险 （日版）,FC#1698
fc,Mickey Mouse III - Yume Fuusen (Japan),米老鼠3 （日版）,FC#1699
fc,Mickey Mousecapade (USA),米老鼠 （美版）,FC#1700
fc,Mickey's Adventure in Numberland (USA),米老鼠之数字岛大冒险 （美版）,FC#1701
fc,Mickey's Safari in Letterland (USA),米老鼠之字母岛大冒险 （美版）,FC#1702
fc,Micro Machines (Europe) (Unl),微型机器 （欧版） （非官方版）,FC#1703
fc,Micro Machines (USA) (Aladdin Compact Cartridge) (Unl),微型机器 （美版） (Aladdin Compact Cartridge) （非官方版）,FC#1704
fc,Micro Machines (USA) (Unl),微型机器 （美版） （非官方版）,FC#1705
fc,MiG 29 - Soviet Fighter (USA) (Unl),米格 29 - 苏联战机 （美版） （非官方版）,FC#1706
fc,Might & Magic - Secret of the Inner Sanctum (USA),魔法门 心灵圣地之谜 （美版）,FC#1707
fc,Might and Magic - Book One - Secret of the Inner Sanctum (Japan),魔法门 心灵圣地之谜 （日版）,FC#1708
fc,Mighty Bomb Jack (Europe),爆裂杰克 （欧版）,FC#1709
fc,Mighty Bomb Jack (Japan),爆裂杰克 （日版）,FC#1710
fc,Mighty Bomb Jack (Japan) (Rev 1) (Virtual Console),爆裂杰克 （日版） （修正版 1） (Virtual Console),FC#1711
fc,Mighty Bomb Jack (Japan) (Rev A),爆裂杰克 （日版） (Rev A),FC#1712
fc,Mighty Bomb Jack (USA),爆裂杰克 （美版）,FC#1713
fc,Mighty Final Fight (Europe),SD 街头快打 （欧版）,FC#1714
fc,Mighty Final Fight (Japan),SD 街头快打 （日版）,FC#1715
fc,Mighty Final Fight (USA),SD 街头快打 （美版）,FC#1716
fc,Mike Tyson's Intergalactic Power Punch (USA) (Beta) [b],麦克泰森拳击 （美版） （测试版） [b],FC#1717
fc,Mike Tyson's Punch-Out!! (Europe),泰森拳击 （欧版）,FC#1718
fc,Mike Tyson's Punch-Out!! (Europe) (Rev 1),泰森拳击 （欧版） （修正版 1）,FC#1719
fc,"Mike Tyson's Punch-Out!! (Japan, USA)",泰森拳击 （日版，美版）,FC#1720
fc,"Mike Tyson's Punch-Out!! (Japan, USA) (Rev 1)",泰森拳击 （日版，美版） （修正版 1）,FC#1721
fc,Millionaire (Asia) (Ja) (PAL) (Unl),百万富翁 （亚洲版） (Ja) (PAL) （非官方版）,FC#1722
fc,Millipede (USA),杀虫大战 （美版）,FC#1723
fc,Millipede - Kyodai Konchuu no Gyakushuu (Japan),千足虫 昆虫的逆袭 （日版）,FC#1724
fc,Milon's Secret Castle (USA),迷宫组曲 （美版）,FC#1725
fc,Milon's Secret Castle (USA) (Virtual Console),迷宫组曲 （美版） (Virtual Console),FC#1726
fc,Mindblower Pak (Australia) (Unl),益智游戏 - 4 合 1 （澳洲版） （非官方版）,FC#1727
fc,Mindseeker (Japan),超能力行者 （日版）,FC#1728
fc,Minelvaton Saga - Ragon no Fukkatsu (Japan),王子复国记 （日版）,FC#1729
fc,Mini-Putt (Japan),迷你高尔夫球 （日版）,FC#1730
fc,Minna no Taabou no Nakayoshi Daisakusen (Japan),友情大作战 （日版）,FC#1731
fc,Minna no Taabou no Nakayoshi Daisakusen (Japan) (Rev 1),友情大作战 （日版） （修正版 1）,FC#1732
fc,"Miracle Piano Teaching System, The (France)",神奇钢琴教学系统 （法国版）,FC#1733
fc,"Miracle Piano Teaching System, The (Germany)",神奇钢琴教学系统 （德国版）,FC#1734
fc,"Miracle Piano Teaching System, The (USA)",神奇钢琴教学系统 （美版）,FC#1735
fc,Miracle Ropit's - 2100 Nen no Daibouken (Japan),MIRACLE ROPIT冒险 （日版）,FC#1736
fc,Mirai Shinwa Jarvas (Japan),未来神话 （日版）,FC#1737
fc,Mission - Impossible (Europe),碟中谍 （欧版）,FC#1738
fc,Mission - Impossible (France),碟中谍 （法国版）,FC#1739
fc,Mission - Impossible (USA),碟中谍 （美版）,FC#1740
fc,Mission Cobra (USA) (Unl),眼镜蛇任务 （美版） （非官方版）,FC#1741
fc,Mississippi Satsujin Jiken (Japan),密西西比杀人事件 （日版）,FC#1742
fc,Mississippi Satsujin Jiken (Japan) (Rev A),密西西比杀人事件 （日版） (Rev A),FC#1743
fc,Mito Koumon - Sekai Manyuu Ki (Japan),水户黄门 - 世界漫游记 （日版）,FC#1744
fc,Mitsume ga Tooru (Japan),三眼神童 （日版）,FC#1745
fc,Mizushima Shinji no Daikoushien (Japan),水岛新司的大甲子园 （日版）,FC#1746
fc,Moai-kun (Japan),摩艾君 （日版）,FC#1747
fc,Moe Pro! '90 - Kandou Hen (Japan),燃烧职业棒球 '90 - 感动篇 （日版）,FC#1748
fc,Moe Pro! - Saikyou Hen (Japan),燃烧职业棒球 - 最强篇 （日版）,FC#1749
fc,Moero TwinBee - Cinnamon Hakase o Sukue! (Japan),兵蜂2 - 拯救西那蒙博士 （日版）,FC#1750
fc,Moero TwinBee - Cinnamon Hakase o Sukue! (Japan) (Virtual Console),兵蜂2 - 拯救西那蒙博士 （日版） (Virtual Console),FC#1751
fc,Moero!! Junior Basket - Two on Two (Japan),燃烧篮球 （日版）,FC#1752
fc,Moero!! Juudou Warriors (Japan),燃烧柔道战士 （日版）,FC#1753
fc,Moero!! Pro Soccer (Japan),燃烧职业足球 （日版）,FC#1754
fc,Moero!! Pro Tennis (Japan),燃烧职业网球 （日版）,FC#1755
fc,Moero!! Pro Yakyuu '88 - Ketteiban (Japan),燃烧职业棒球 '88 - 决定版 （日版）,FC#1756
fc,Moero!! Pro Yakyuu (Japan),燃烧职业棒球 （日版）,FC#1757
fc,Moero!! Pro Yakyuu (Japan) (Beta),燃烧职业棒球 （日版） （测试版）,FC#1758
fc,Moero!! Pro Yakyuu (Japan) (Rev 1),燃烧职业棒球 （日版） （修正版 1）,FC#1759
fc,Moero!! Pro Yakyuu (Japan) (Rev 2),燃烧职业棒球 （日版） （修正版 2）,FC#1760
fc,Moero!! Pro Yakyuu (Japan) (Rev 3),燃烧职业棒球 （日版） （修正版 3）,FC#1761
fc,Moero!! Pro Yakyuu (Japan) (Rev 3) (Virtual Console),燃烧职业棒球 （日版） （修正版 3） (Virtual Console),FC#1762
fc,Moeru! Oniisan (Japan),深山原始人 （日版）,FC#1763
fc,Momotarou Densetsu (Japan),桃太郎传说 （日版）,FC#1764
fc,Momotarou Densetsu Gaiden (Japan),桃太郎传说外传 （日版）,FC#1765
fc,Momotarou Dentetsu (Japan),桃太郎电铁 （日版）,FC#1766
fc,"Money Game II, The - Kabutochou no Kiseki (Japan)",金钱游戏2 （日版）,FC#1767
fc,"Money Game, The (Japan)",金钱游戏 （日版）,FC#1768
fc,Monopoly (France),大富翁 （法国版）,FC#1769
fc,Monopoly (Germany),大富翁 （德国版）,FC#1770
fc,Monopoly (Japan),大富翁 （日版）,FC#1771
fc,Monopoly (USA),大富翁 （美版）,FC#1772
fc,Monster in My Pocket (Europe),口袋怪物大进击 （欧版）,FC#1773
fc,Monster in My Pocket (USA),口袋怪物大进击 （美版）,FC#1774
fc,Monster in My Pocket (USA) (Beta) (1991-04-22),口袋怪物大进击 （美版） （测试版） (1991-04-22),FC#1775
fc,Monster Maker - 7 Tsu no Hihou (Japan),怪兽制造场 - 七秘宝 （日版）,FC#1776
fc,Monster Party (USA),怪兽派对 （美版）,FC#1777
fc,Monster Truck Rally (USA),大卡车越野赛 （美版）,FC#1778
fc,"Monstruo de los Globos, El (Spain) (Gluk Video) (Unl)",打气泡 （西班牙版） (Gluk Video) （非官方版）,FC#1779
fc,"Monstruo de los Globos, El (Spain) (Rev 1) (Gluk Video) (Unl)",打气泡 （西班牙版） （修正版 1） (Gluk Video) （非官方版）,FC#1780
fc,Moon Crystal (Japan),月之水晶 （日版）,FC#1781
fc,Moon Ranger (USA) (Unl),月球守护者 （美版） （非官方版）,FC#1782
fc,Morita Shougi (Japan),森田将棋 （日版）,FC#1783
fc,Mother (Japan),地球冒险 （日版）,FC#1784
fc,Mother (Japan) (Virtual Console),地球冒险 （日版） (Virtual Console),FC#1785
fc,Motocross Champion (Japan),摩托车越野锦标赛 （日版）,FC#1786
fc,Motor City Patrol (USA),都市赛车 （美版）,FC#1787
fc,Mottomo Abunai Deka (Japan),危险刑警 （日版）,FC#1788
fc,Moulin Rouge Senki - Melville no Honoo (Japan),红磨坊战记 （日版）,FC#1789
fc,Mouryou Senki Madara (Japan),魍魉战记 （日版）,FC#1790
fc,Mr. Gimmick (Europe),吉米克先生 （欧版）,FC#1791
fc,Mr. Gimmick (USA) (Proto),吉米克先生 （美版） （工程版）,FC#1792
fc,Ms. Pac-Man (USA) (Namco),小精灵小姐 （美版） (Namco),FC#1793
fc,Ms. Pac-Man (USA) (Tengen) (Unl),小精灵小姐 （美版） (Tengen) （非官方版）,FC#1794
fc,Mugen Senshi Valis (Japan),梦幻战士 （日版）,FC#1795
fc,Muppet Adventure - Chaos at the Carnival (USA),布偶大冒险 - 混乱狂欢节 （美版）,FC#1796
fc,Murder Club - Honkaku Mystery Adventure (Japan),谋杀之谜冒险 （日版）,FC#1797
fc,Musashi no Bouken (Japan),武藏冒险 （日版）,FC#1798
fc,Musashi no Ken - Tadaima Shugyou Chuu (Japan),六三四之剑 （日版）,FC#1799
fc,"Mutant Virus, The - Crisis in a Computer World (USA)",突变病毒 （美版）,FC#1800
fc,My Life My Love - Boku no Yume - Watashi no Negai (Japan),我的人生我的爱 - 我的梦想及愿望 （日版）,FC#1801
fc,Mystery Quest (USA),秘密大探索 （美版）,FC#1802
fc,"Mystery World Dizzy (Europe) (En,Pt,Pl) (Unl)","神秘世界眩晕 （欧版） (En,Pt,Pl) （非官方版）",FC#1803
fc,Nagagutsu o Haita Neko - Sekai Isshuu 80 Nichi Daibouken (Japan),长靴猫 - 环游世界八十天 （日版）,FC#1804
fc,Nagagutsu o Haita Neko - Sekai Isshuu 80 Nichi Daibouken (Japan) (Beta),长靴猫 - 环游世界八十天 （日版） （测试版）,FC#1805
fc,Nakajima Satoru - F-1 Hero (Japan),中岛悟 - F-1 英雄 （日版）,FC#1806
fc,Nakajima Satoru Kanshuu - F-1 Hero 2 (Japan),中嶋悟監修 F1英雄2 （日版）,FC#1807
fc,Nakayoshi to Issho (Japan),友情物语 （日版）,FC#1808
fc,Namco Classic (Japan),拿姆科高尔夫 （日版）,FC#1809
fc,Namco Classic II (Japan),拿姆科高尔夫 II （日版）,FC#1810
fc,Namco Prism Zone - Dream Master (Japan),梦境之王 （日版）,FC#1811
fc,Namcot Mahjong III - Mahjong Tengoku (Japan),拿姆科麻雀 III - 麻雀天国 （日版）,FC#1812
fc,Nangoku Shirei!! - Spy vs Spy (Japan),谍对谍-南国指令 （日版）,FC#1813
fc,Nantettatte!! Baseball (Japan),星光棒球 （日版）,FC#1814
fc,Nantettatte!! Baseball (Japan) (Sample) (1989-12-22),星光棒球 （日版） （试玩版） (1989-12-22),FC#1815
fc,Nantettatte!! Baseball + Nantettatte!! Baseball - Ko-Game Cassette - '91 Kaimaku Hen (Japan),南特塔特棒球91 （日版）,FC#1816
fc,Nantettatte!! Baseball + Nantettatte!! Baseball - Ko-Game Cassette - OB All Star Hen (Japan),南特塔特棒球全明星 （日版）,FC#1817
fc,Napoleon Senki (Japan),拿破仑战记 （日版）,FC#1818
fc,NARC (USA),缉毒特警 （美版）,FC#1819
fc,Navy Blue (Japan),大海战 （日版）,FC#1820
fc,Nekketsu Kakutou Densetsu (Japan),热血格斗传说 （日版）,FC#1821
fc,Nekketsu Kouha Kunio-kun (Japan),热血硬派 （日版）,FC#1822
fc,Nekketsu Kouha Kunio-kun (Japan) (Virtual Console),热血硬派 （日版） (Virtual Console),FC#1823
fc,Nekketsu Koukou Dodgeball-bu (Japan),热血高校躲避球 （日版）,FC#1824
fc,Nekketsu Koukou Dodgeball-bu (Japan) (Virtual Console),热血高校躲避球 （日版） (Virtual Console),FC#1825
fc,Nekketsu Koukou Dodgeball-bu - Soccer Hen (Japan),热血足球 （日版）,FC#1826
fc,Nekketsu Koukou Dodgeball-bu - Soccer Hen (Japan) (Virtual Console),热血足球 （日版） (Virtual Console),FC#1827
fc,Nekketsu! Street Basket - Ganbare Dunk Heroes (Japan),热血街头篮球 （日版）,FC#1828
fc,NES Open Tournament Golf (Europe),玛璃欧高尔夫公开赛 （欧版）,FC#1829
fc,NES Open Tournament Golf (Europe) (Virtual Console),玛璃欧高尔夫公开赛 （欧版） (Virtual Console),FC#1830
fc,NES Open Tournament Golf (USA),玛璃欧高尔夫公开赛 （美版）,FC#1831
fc,NES Open Tournament Golf (USA) (Virtual Console),玛璃欧高尔夫公开赛 （美版） (Virtual Console),FC#1832
fc,NES Play Action Football (USA),任天堂美式足球 （美版）,FC#1833
fc,NES Play Action Football (USA) (Virtual Console),任天堂美式足球 （美版） (Virtual Console),FC#1834
fc,New Ghostbusters II (Europe),新魔鬼克星 II （欧版）,FC#1835
fc,New Ghostbusters II (Japan),新魔鬼克星 II （日版）,FC#1836
fc,New Ghostbusters II (USA) (Proto),新魔鬼克星 II （美版） （工程版）,FC#1837
fc,New York Nyankies (Japan),纽约摇滚猫 （日版）,FC#1838
fc,"NewZealand Story, The (Europe)",新西兰故事 （欧版）,FC#1839
fc,NFL (USA),全美美式足球联盟 （美版）,FC#1840
fc,NHK Gakuen - Space School - Sansu 5 Nen (Jou) (Japan),NHK学园 算术五年级 (Jou) （日版）,FC#1841
fc,NHK Gakuen - Space School - Sansu 6 Nen (Ge) (Japan),NHK学园 算术六年级 (Ge) （日版）,FC#1842
fc,NHK Gakuen - Space School - Sansu 6 Nen (Jou) (Japan),NHK学园 算术六年级 (Jou) （日版）,FC#1843
fc,Nichibutsu Mahjong III - Mahjong G Men (Japan),物产麻将3 （日版）,FC#1844
fc,"Nigel Mansell's World Championship (Europe) (En,Fr,De,Es,It)","奈杰尔·曼塞尔世界锦标赛 （欧版） (En,Fr,De,Es,It)",FC#1845
fc,Nigel Mansell's World Championship Racing (USA),尼基曼赛尔之世界冠军挑战赛 （美版）,FC#1846
fc,"Nightmare on Elm Street, A (USA)",半夜鬼上床 （美版）,FC#1847
fc,Nightshade (USA),百花百狼 （美版）,FC#1848
fc,Nihonichi no Mei Kantoku (Japan),日本第一棒球名监督 （日版）,FC#1849
fc,Niji no Silk Road (Japan),彩虹丝路 （日版）,FC#1850
fc,Ninja Cop Saizou (Japan),忍者警察 （日版）,FC#1851
fc,Ninja Crusaders (USA),忍者使徒 - 龙牙 （美版）,FC#1852
fc,Ninja Crusaders - Ryuuga (Japan),忍者使徒 - 龙牙 （日版）,FC#1853
fc,Ninja Gaiden (Japan) (Wii U Virtual Console),忍者龙剑传 （日版） (Wii U Virtual Console),FC#1854
fc,Ninja Gaiden (USA),忍者龙剑传 （美版）,FC#1855
fc,Ninja Gaiden (USA) (Beta),忍者龙剑传 （美版） （测试版）,FC#1856
fc,Ninja Gaiden - Episode II - The Dark Sword of Chaos (USA) (Sample) (1990-01-18),忍者龙剑传2 （美版） （试玩版） (1990-01-18),FC#1857
fc,Ninja Gaiden II - The Dark Sword of Chaos (USA),忍者龙剑传2 （美版）,FC#1858
fc,Ninja Gaiden II - The Dark Sword of Chaos (USA) (Virtual Console),忍者龙剑传2 （美版） (Virtual Console),FC#1859
fc,Ninja Gaiden III - The Ancient Ship of Doom (USA),忍者龙剑传3 （美版）,FC#1860
fc,Ninja Gaiden III - The Ancient Ship of Doom (USA) (Wii U Virtual Console),忍者龙剑传3 （美版） (Wii U Virtual Console),FC#1861
fc,Ninja Gaiden III - The Ancient Ship of Doom (USA) (Wii Virtual Console),忍者龙剑传3 （美版） (Wii Virtual Console),FC#1862
fc,Ninja Hattori-kun - Ninja wa Syugyou de Gozaru no Maki (Japan),忍者哈特君 （日版）,FC#1863
fc,Ninja Hattori-kun - Ninja wa Syugyou de Gozaru no Maki (Japan) (Beta),忍者哈特君 （日版） （测试版）,FC#1864
fc,Ninja Jajamaru - Ginga Daisakusen (Japan),忍者茶茶丸 - 银河大作战 （日版）,FC#1865
fc,Ninja Jajamaru - Ginga Daisakusen (Japan) (Beta),忍者茶茶丸 - 银河大作战 （日版） （测试版）,FC#1866
fc,Ninja Jajamaru-kun (Japan),忍者茶茶丸 （日版）,FC#1867
fc,Ninja Jajamaru-kun (World) (Ja) (Virtual Console),忍者茶茶丸 （世界版） (Ja) (Virtual Console),FC#1868
fc,Ninja Kid (USA),忍者小子 （美版）,FC#1869
fc,Ninja Ryuuken Den (Japan),忍者龙剑传 （日版）,FC#1870
fc,Ninja Ryuuken Den (Japan) (Wii Virtual Console),忍者龙剑传 （日版） (Wii Virtual Console),FC#1871
fc,Ninja Ryuuken Den II - Ankoku no Jashin Ken (Japan),忍者龙剑传2 （日版）,FC#1872
fc,Ninja Ryuuken Den III - Yomi no Hakobune (Japan),忍者龙剑传3 （日版）,FC#1873
fc,Ninja-kun - Ashura no Shou (Japan),忍者君 阿修罗之章 （日版）,FC#1874
fc,Ninja-kun - Majou no Bouken (Japan),忍者君 魔城的冒险 （日版）,FC#1875
fc,Ninja-kun - Majou no Bouken (Japan) (Rev 1),忍者君 魔城的冒险 （日版） （修正版 1）,FC#1876
fc,Ninjara Hoi! (Japan),忍者传说 （日版）,FC#1877
fc,Nintendo - NTF2 System Cartridge (USA),任天堂测试卡 （美版）,FC#1878
fc,Nintendo - NTF2 Test Cartridge (NES Test) (USA) (Rev 1) (Test Program),任天堂测试卡 (NES Test) （美版） （修正版 1） (Test Program),FC#1879
fc,Nintendo - NTF2 Test Cartridge (USA) (Test Program),任天堂测试卡 （美版） (Test Program),FC#1880
fc,Nintendo World Championships 1990 (USA) (Competition Cart),任天堂世界冠军赛 1990 （美版） (Competition Cart),FC#1881
fc,Nintendo World Class Service - Control Deck Test Cartridge (USA) (Test Program),任天堂测试 （美版） (Test Program),FC#1882
fc,Nintendo World Class Service - Joystick Test Cartridge (USA) (Test Program),控制器测试 （美版） (Test Program),FC#1883
fc,Nintendo World Class Service - Port Test Cartridge (USA) (Test Program),任天堂控制器测试 （美版） (Test Program),FC#1884
fc,Nintendo World Class Service - Power Pad Test Cartridge (USA) (Test Program),任天堂跳跳板测试 （美版） (Test Program),FC#1885
fc,Nintendo World Cup (Europe),热血足球联盟 （欧版）,FC#1886
fc,Nintendo World Cup (Europe) (Rev 1),热血足球联盟 （欧版） （修正版 1）,FC#1887
fc,Nintendo World Cup (Europe) (Rev 2),热血足球联盟 （欧版） （修正版 2）,FC#1888
fc,Nintendo World Cup (USA),热血足球联盟 （美版）,FC#1889
fc,Nishimura Kyoutarou Mystery - Blue Train Satsujin Jiken (Japan),西村京太郎之推理世界 - 蓝色列车杀人事件 （日版）,FC#1890
fc,Nishimura Kyoutarou Mystery - Super Express Satsujin Jiken (Japan),西村京太郎之推理世界 - 特急列车杀人事件 （日版）,FC#1891
fc,Noah's Ark (Europe),诺亚方舟 （欧版）,FC#1892
fc,Nobunaga no Yabou - Bushou Fuuun Roku (Japan),信长之野望 - 武将风云录 （日版）,FC#1893
fc,Nobunaga no Yabou - Bushou Fuuun Roku (Japan) (Rev A),信长之野望 - 武将风云录 （日版） (Rev A),FC#1894
fc,Nobunaga no Yabou - Sengoku Gunyuuden (Japan),信长野望-战国群雄传 （日版）,FC#1895
fc,Nobunaga no Yabou - Sengoku Gunyuuden (Japan) (Rev 1),信长野望-战国群雄传 （日版） （修正版 1）,FC#1896
fc,Nobunaga no Yabou - Zenkoku Ban (Japan),信长之野望 - 全国版 （日版）,FC#1897
fc,Nobunaga no Yabou - Zenkoku Ban (Japan) (Rev 1),信长之野望 - 全国版 （日版） （修正版 1）,FC#1898
fc,Nobunaga's Ambition (USA),信长之野望 - 全国版 （美版）,FC#1899
fc,Nobunaga's Ambition II (USA),信长之野望 - 战国群雄传 （美版）,FC#1900
fc,North & South (Europe),南北战争 （欧版）,FC#1901
fc,North & South - Wakuwaku Nanboku Sensou (Japan),南北战争 （日版）,FC#1902
fc,North and South (USA),南北战争 （美版）,FC#1903
fc,Nuts & Milk (Japan),爱的小屋 （日版）,FC#1904
fc,Obake no Q Tarou - Wanwan Panic (Japan),Q 太郎 - 汪汪恐慌 （日版）,FC#1905
fc,Obocchama-kun (Japan),少爷历险记 （日版）,FC#1906
fc,Oeka Kids - Anpanman no Hiragana Daisuki (Japan),绘图小子 - 面包超人之最爱平假名 （日版）,FC#1907
fc,Oeka Kids - Anpanman to Oekaki Shiyou!! (Japan),绘图小子 - 面包超人之绘图小子 （日版）,FC#1908
fc,Oishinbo - Kyuukyoku no Menu Sanbon Shoubu (Japan),美味之旅：究极菜单三本胜负 （日版）,FC#1909
fc,Okkotoshi Puzzle - Tonjan! (Japan),小猪仓库番 （日版）,FC#1910
fc,Olympic IQ (Asia) (Ja) (PAL) (Unl),奥林匹克IQ （亚洲版） (Ja) (PAL) （非官方版）,FC#1911
fc,Olympus no Tatakai (Japan),奥林帕斯之战 （日版）,FC#1912
fc,Onyanko Town (Japan),猫咪小镇 （日版）,FC#1913
fc,Operation Secret Storm (USA) (Unl),暴风行动 （美版） （非官方版）,FC#1914
fc,Operation Wolf (Europe),野狼行动 （欧版）,FC#1915
fc,Operation Wolf (Japan),野狼行动 （日版）,FC#1916
fc,Operation Wolf (USA),野狼行动 （美版）,FC#1917
fc,Orb-3D (USA),,FC#1918
fc,Osomatsu-kun - Back to the Me no Deppa no Maki (Japan),穿越的阿松 （日版）,FC#1919
fc,Otaku no Seiza - An Adventure in the Otaku Galaxy (Japan),星座爱好者 - 星系迷的大冒险 （日版）,FC#1920
fc,Othello (Australia) (HES) (Unl),欢乐五子棋 （澳洲版） (HES) （非官方版）,FC#1921
fc,Othello (Japan),欢乐五子棋 （日版）,FC#1922
fc,Othello (USA),欢乐五子棋 （美版）,FC#1923
fc,Outlanders (Japan),风神战士 （日版）,FC#1924
fc,Over Horizon (Europe),超越地平线 （欧版）,FC#1925
fc,Over Horizon (Japan),超越地平线 （日版）,FC#1926
fc,Overlord (USA),领主之战 （美版）,FC#1927
fc,P'Radikus Conflict (USA) (Unl),美食家选举 （美版） （非官方版）,FC#1928
fc,P.O.W. - Prisoners of War (Europe),脱狱 （欧版）,FC#1929
fc,P.O.W. - Prisoners of War (USA),脱狱 （美版）,FC#1930
fc,Pac-Land (Japan),小精灵世界 （日版）,FC#1931
fc,Pac-Man (Europe),小精灵 （欧版）,FC#1932
fc,Pac-Man (Japan) (En),小精灵 （日版） (En),FC#1933
fc,Pac-Man (Japan) (En) (Rev A),小精灵 （日版） (En) (Rev A),FC#1934
fc,Pac-Man (Japan) (En) (Rev B),小精灵 （日版） (En) (Rev B),FC#1935
fc,Pac-Man (USA) (Namco),小精灵 （美版） (Namco),FC#1936
fc,Pac-Man (USA) (Tengen),小精灵 （美版） (Tengen),FC#1937
fc,Pac-Man (USA) (Tengen) (Unl),小精灵 （美版） (Tengen) （非官方版）,FC#1938
fc,Pac-Man (USA) (Virtual Console),小精灵 （美版） (Virtual Console),FC#1939
fc,Pac-Mania (USA) (Unl),疯狂小精灵 （美版） （非官方版）,FC#1940
fc,Pachi-Slot Adventure 2 - Sorotta-kun no Pachi-Slot Tanteidan (Japan),柏青哥大冒险2 （日版）,FC#1941
fc,Pachi-Slot Adventure 3 - Bitaoshii 7 Kenzan! (Japan),帕青哥大冒险 III （日版）,FC#1942
fc,Pachicom (Japan),弹珠机 （日版）,FC#1943
fc,Pachinko Daisakusen (Japan),帕青哥大作战 （日版）,FC#1944
fc,Pachinko Daisakusen 2 (Japan),帕青哥大作战 II （日版）,FC#1945
fc,Pachio-kun 2 (Japan),柏青哥君 2 （日版）,FC#1946
fc,Pachio-kun 3 (Japan),柏青哥君3 （日版）,FC#1947
fc,Pachio-kun 3 (Japan) (Rev A),柏青哥君3 （日版） (Rev A),FC#1948
fc,Pachio-kun 4 (Japan),柏青哥君4 （日版）,FC#1949
fc,Pachio-kun 5 (Japan),柏青哥君5 （日版）,FC#1950
fc,Pajama Hero - Nemo (Japan),尼莫 - 睡衣英雄 （日版）,FC#1951
fc,Palamedes (Japan),智慧方块 （日版）,FC#1952
fc,Palamedes (USA),智慧方块 （美版）,FC#1953
fc,"Palamedes II - Star Twinkle, Hoshi no Mabataki (Japan)",含冤2 : 明星闪耀 （日版）,FC#1954
fc,Panic Restaurant (Europe),超级厨师之美食家世界 （欧版）,FC#1955
fc,Panic Restaurant (USA),超级厨师之美食家世界 （美版）,FC#1956
fc,Panic! Dizzy (Europe) (Proto),恐慌！头晕 （欧版） （工程版）,FC#1957
fc,Paperboy (Europe),送报童 （欧版）,FC#1958
fc,Paperboy (Japan),送报童 （日版）,FC#1959
fc,Paperboy (USA),送报童 （美版）,FC#1960
fc,Paperboy 2 (Europe),送报童 II （欧版）,FC#1961
fc,Paperboy 2 (USA),送报童 II （美版）,FC#1962
fc,Papillon Gals (Japan) (Unl),小女孩 （日版） （非官方版）,FC#1963
fc,Parallel World (Japan),平行世界 （日版）,FC#1964
fc,Parasol Henbee (Japan),阳伞哈比 （日版）,FC#1965
fc,Parasol Stars - Rainbow Islands II (Europe),彩虹岛2 （欧版）,FC#1966
fc,Parasol Stars - The Story of Bubble Bobble III (Europe) (Beta),泡泡龙3 （欧版） （测试版）,FC#1967
fc,Paris-Dakar Rally Special (Japan),巴黎达卡越野赛车特别版 （日版）,FC#1968
fc,Parodius (Europe),疯狂大射击 （欧版）,FC#1969
fc,Parodius (Europe) (Beta),疯狂大射击 （欧版） （测试版）,FC#1970
fc,Parodius Da! (Japan),Q版沙罗曼蛇 （日版）,FC#1971
fc,Parody World - Monster Party (Japan) (Proto),怪兽派对 （日版） （工程版）,FC#1972
fc,Peek-A-Boo Poker (USA) (Unl),美女扑克 （美版） （非官方版）,FC#1973
fc,Peepar Time (Japan),休息时间 （日版）,FC#1974
fc,Penguin-kun Wars (Japan),企鹅君大战 （日版）,FC#1975
fc,Pennant League!! - Home Run Nighter (Japan),家庭晚间棒球大赛 （日版）,FC#1976
fc,"Pennant League, The - Home Run Nighter '90 (Japan)",家庭晚间棒球大赛90 （日版）,FC#1977
fc,Perfect Bowling (Japan),完美保龄球 （日版）,FC#1978
fc,Perman (Japan),小超人帕门 （日版）,FC#1979
fc,Perman Part 2 - Himitsu Kessha Madoodan o Taose! (Japan),小超人帕门2 （日版）,FC#1980
fc,Pescatore (Japan) (Proto),章鱼方块 （日版） （工程版）,FC#1981
fc,Pesterminator - The Western Exterminator (USA) (Unl),瘟疫终结者-西方的消灭者 （美版） （非官方版）,FC#1982
fc,Phantom Air Mission (Europe),捍卫入侵者 （欧版）,FC#1983
fc,Phantom Fighter (USA),灵幻道士 （美版）,FC#1984
fc,Pictionary - The Game of Video Quick Draw (USA),看图猜字 （美版）,FC#1985
fc,Pin Bot (Europe),星际弹珠台 （欧版）,FC#1986
fc,Pin Bot (USA),星际弹珠台 （美版）,FC#1987
fc,Pinball (Europe),任天堂弹珠台 （欧版）,FC#1988
fc,Pinball (Japan) (En) (GameCube Edition),任天堂弹珠台 （日版） (En) (GameCube Edition),FC#1989
fc,"Pinball (Japan, USA)",任天堂弹珠台 （日版，美版）,FC#1990
fc,"Pinball (Japan, USA) (GameCube Edition)",任天堂弹珠台 （日版，美版） (GameCube Edition),FC#1991
fc,Pinball Quest (Australia),弹珠台高手 （澳洲版）,FC#1992
fc,Pinball Quest (Japan),弹珠台高手 （日版）,FC#1993
fc,Pinball Quest (USA),弹珠台高手 （美版）,FC#1994
fc,Pipe Dream (USA),水管狂想曲 （美版）,FC#1995
fc,Pipe V (Asia) (Ja) (Unl),管道 5 （亚洲版） (Ja) （非官方版）,FC#1996
fc,Pipemania (Australia) (HES) (Unl),疯狂水管 （澳洲版） (HES) （非官方版）,FC#1997
fc,Pirates! (Europe),海盗 （欧版）,FC#1998
fc,Pirates! (Germany),海盗 （德国版）,FC#1999
fc,Pirates! (USA),海盗 （美版）,FC#2000
fc,Pizza Pop! (Japan),披萨小子 （日版）,FC#2001
fc,Plasma Ball (Japan),等离子魔球 （日版）,FC#2002
fc,Platoon (USA),前进高棉 （美版）,FC#2003
fc,Platoon (USA) (Rev 1),前进高棉 （美版） （修正版 1）,FC#2004
fc,Playbox BASIC (Japan) (v0.0) (Beta),家庭BASIC （日版） (v0.0) （测试版）,FC#2005
fc,Pocket Zaurus - Juu Ouken no Nazo (Japan),十王剑之谜 （日版）,FC#2006
fc,Poke Block (Asia) (Ja) (Unl),扑克方块 （亚洲版） (Ja) （非官方版）,FC#2007
fc,Poker II (Asia) (Ja) (Unl),扑克 II （亚洲版） (Ja) （非官方版）,FC#2008
fc,Poker III (Asia) (Ja) (Alt 1) (Unl),扑克III （亚洲版） (Ja) (Alt 1) （非官方版）,FC#2009
fc,Poker III (Asia) (Ja) (Alt 2) (Unl),扑克III （亚洲版） (Ja) (Alt 2) （非官方版）,FC#2010
fc,Poker III (Asia) (Ja) (Unl),扑克III （亚洲版） (Ja) （非官方版）,FC#2011
fc,Poker Mahjong - Pu Ke Mao Que (Asia) (Ja) (Unl),扑克麻雀 （亚洲版） (Ja) （非官方版）,FC#2012
fc,Policeman (Spain) (Gluk Video) (Unl),警察 （西班牙版） (Gluk Video) （非官方版）,FC#2013
fc,Pooyan (Japan),三只小猪 （日版）,FC#2014
fc,Popeye (Japan),大力水手 （日版）,FC#2015
fc,Popeye (World) (Rev 1),大力水手 （世界版） （修正版 1）,FC#2016
fc,Popeye no Eigo Asobi (Japan),大力水手之字母游戏 （日版）,FC#2017
fc,Popo Team (Asia) (Ja) (Unl),波波团队 （亚洲版） (Ja) （非官方版）,FC#2018
fc,Porter (Asia) (En) (Unl),搬运工 （亚洲版） (En) （非官方版）,FC#2019
fc,Portopia Renzoku Satsujin Jiken (Japan),波多比亚连续杀人事件 （日版）,FC#2020
fc,Power Blade (Europe),刀锋斗士 （欧版）,FC#2021
fc,Power Blade (USA),刀锋斗士 （美版）,FC#2022
fc,Power Blade 2 (USA),刀锋斗士 II （美版）,FC#2023
fc,Power Blazer (Japan),能量战士 （日版）,FC#2024
fc,Power Punch II (USA),威力拳击 II （美版）,FC#2025
fc,Power Soccer (Japan),威力足球 （日版）,FC#2026
fc,Predator (Australia),终极战士 （澳洲版）,FC#2027
fc,Predator (Japan),终极战士 （日版）,FC#2028
fc,Predator (USA),终极战士 （美版）,FC#2029
fc,President no Sentaku (Japan),总统的选择 （日版）,FC#2030
fc,Prince of Persia (Europe),波斯王子 （欧版）,FC#2031
fc,Prince of Persia (France),波斯王子 （法国版）,FC#2032
fc,Prince of Persia (Germany),波斯王子 （德国版）,FC#2033
fc,Prince of Persia (Spain),波斯王子 （西班牙版）,FC#2034
fc,Prince of Persia (USA),波斯王子 （美版）,FC#2035
fc,Princess Tomato in the Salad Kingdom (USA),番茄公主在沙拉王国 （美版）,FC#2036
fc,Princess Tomato in the Salad Kingdom (USA) (Beta),番茄公主在沙拉王国 （美版） （测试版）,FC#2037
fc,Princess Tomato in the Salad Kingdom (USA) (Virtual Console),番茄公主在沙拉王国 （美版） (Virtual Console),FC#2038
fc,Pro Action Replay (Europe) (v1.0) (Unl),任天堂测试卡 （欧版） (v1.0) （非官方版）,FC#2039
fc,Pro Action Replay (Europe) (v1.2) (Cart Present) (Unl),任天堂测试卡 （欧版） (v1.2) (Cart Present) （非官方版）,FC#2040
fc,Pro Action Replay (Europe) (v1.2) (No Cart Present) (Unl),任天堂测试卡 （欧版） (v1.2) (No Cart Present) （非官方版）,FC#2041
fc,Pro Sport Hockey (USA),美国冰上曲棍球 （美版）,FC#2042
fc,Pro Wres (Japan) (FamicomBox),专业摔跤 （日版） (FamicomBox),FC#2043
fc,Pro Wrestling (Europe),美国职业摔角 （欧版）,FC#2044
fc,Pro Wrestling (USA),美国职业摔角 （美版）,FC#2045
fc,Pro Wrestling (USA) (Rev 1),美国职业摔角 （美版） （修正版 1）,FC#2046
fc,Pro Yakyuu - Family Stadium '87 (Japan),拿姆科职业棒球 '87 （日版）,FC#2047
fc,Pro Yakyuu - Family Stadium '88 (Japan),拿姆科职业棒球 '88 （日版）,FC#2048
fc,Pro Yakyuu - Family Stadium (Japan),拿姆科职业棒球 （日版）,FC#2049
fc,Pro Yakyuu Satsujin Jiken! (Japan),职业野球杀人事件 （日版）,FC#2050
fc,Probotector (Europe),魂斗罗 （欧版）,FC#2051
fc,Probotector II - Return of the Evil Forces (Europe),超级魂斗罗 （欧版）,FC#2052
fc,Project Q (Japan),Q 计划 （日版）,FC#2053
fc,Pu Ke Jing Ling (Asia) (Unl),扑克精灵 （亚洲版） （非官方版）,FC#2054
fc,Punch-Out!! (Europe),泰森拳击 （欧版）,FC#2055
fc,Punch-Out!! (Europe) (Virtual Console),泰森拳击 （欧版） (Virtual Console),FC#2056
fc,Punch-Out!! (Japan) (Gold Edition),泰森拳击 （日版） (Gold Edition),FC#2057
fc,"Punch-Out!! (Japan, USA) (Virtual Console)",泰森拳击 （日版，美版） (Virtual Console),FC#2058
fc,Punch-Out!! (USA),泰森拳击 （美版）,FC#2059
fc,"Punisher, The (USA)",惩罚者 （美版）,FC#2060
fc,Puss 'n Boots - Pero's Great Adventure (USA),穿长靴的猫 （美版）,FC#2061
fc,Puyo Puyo (Japan),魔法气泡 （日版）,FC#2062
fc,Puzslot (Japan),水果方块 （日版）,FC#2063
fc,Puzzle (Asia) (En) (Idea-Tek) (Unl),益智数字拼图游戏 （亚洲版） (En) (Idea-Tek) （非官方版）,FC#2064
fc,Puzzle (Spain) (Gluk Video) (Unl),益智数字拼图游戏 （西班牙版） (Gluk Video) （非官方版）,FC#2065
fc,Puzzle (USA) (Beta) (Unl),益智数字拼图游戏 （美版） （测试版） （非官方版）,FC#2066
fc,Puzzle (USA) (Unl),益智数字拼图游戏 （美版） （非官方版）,FC#2067
fc,Puzznic (Europe),钻石方块 （欧版）,FC#2068
fc,Puzznic (Japan),钻石方块 （日版）,FC#2069
fc,Puzznic (USA),钻石方块 （美版）,FC#2070
fc,Pyokotan no Daimeiro (Japan),小兔大迷路 （日版）,FC#2071
fc,Pyramid (USA) (Rev 1) (Unl),金字塔方块 （美版） （修正版 1） （非官方版）,FC#2072
fc,Pyramid (USA) (Unl),金字塔方块 （美版） （非官方版）,FC#2073
fc,Pyramid - Cleopatra Kikiippatsu (Japan) (Unl),金字塔-埃及艳后 （日版） （非官方版）,FC#2074
fc,Pyramid II (Asia) (Ja) (PAL) (Unl),金字塔方块 II （亚洲版） (Ja) (PAL) （非官方版）,FC#2075
fc,Q Boy (Asia) (Ja) (Unl),Q 男孩 （亚洲版） (Ja) （非官方版）,FC#2076
fc,Q-bert (USA),Q 伯特 （美版）,FC#2077
fc,Qi Wang - Chinese Chess (Asia) (Ja) (Unl),象棋王 （亚洲版） (Ja) （非官方版）,FC#2078
fc,QIX (USA),,FC#2079
fc,Quarter Back Scramble (Japan),美式足球 - 四分卫争霸战 （日版）,FC#2080
fc,Quarth (Japan),射击方块 （日版）,FC#2081
fc,Quattro Adventure (USA) (Unl),冒险游戏 - 4 合 1 （美版） （非官方版）,FC#2082
fc,Quattro Arcade (USA) (Unl),街机游戏 - 4 合 1 （美版） （非官方版）,FC#2083
fc,Quattro Sports (USA) (Unl),运动游戏 - 4 合 1 （美版） （非官方版）,FC#2084
fc,Quinty (Japan),解谜大作战 （日版）,FC#2085
fc,R.B.I. Baseball (USA),RBI 棒球 （美版）,FC#2086
fc,R.B.I. Baseball (USA) (Unl),RBI 棒球 （美版） （非官方版）,FC#2087
fc,R.B.I. Baseball 2 (USA) (Unl),RBI 棒球 II （美版） （非官方版）,FC#2088
fc,R.B.I. Baseball 3 (USA) (Unl),RBI 棒球 III （美版） （非官方版）,FC#2089
fc,R.C. Pro-Am (Europe),遥控车混合赛 （欧版）,FC#2090
fc,R.C. Pro-Am (Europe) (Rev 1),遥控车混合赛 （欧版） （修正版 1）,FC#2091
fc,R.C. Pro-Am (USA),遥控车混合赛 （美版）,FC#2092
fc,R.C. Pro-Am (USA) (Rev 1),遥控车混合赛 （美版） （修正版 1）,FC#2093
fc,R.C. Pro-Am II (Europe),遥控车混合赛 II （欧版）,FC#2094
fc,R.C. Pro-Am II (USA),遥控车混合赛 II （美版）,FC#2095
fc,Racer Mini Yonku - Japan Cup (Japan),日本杯迷你四驱车竞赛 （日版）,FC#2096
fc,Racermate Challenge II (USA) (v3.11.088) (Unl),脚踏车竞赛 II （美版） (v3.11.088) （非官方版）,FC#2097
fc,Racermate Challenge II (USA) (v5.01.033) (Unl),脚踏车竞赛 II （美版） (v5.01.033) （非官方版）,FC#2098
fc,Racermate Challenge II (USA) (v6.02.001) (Unl),脚踏车竞赛 II （美版） (v6.02.001) （非官方版）,FC#2099
fc,Racermate Challenge II (USA) (v6.02.002) (Unl),脚踏车竞赛 II （美版） (v6.02.002) （非官方版）,FC#2100
fc,Racermate Challenge II (USA) (v9.03.128) (Unl),脚踏车竞赛 II （美版） (v9.03.128) （非官方版）,FC#2101
fc,"Racermate Challenge II (USA, Australia) (v3.12.027) (Unl)",脚踏车竞赛 II （美版 澳洲版） (v3.12.027) （非官方版）,FC#2102
fc,Racket Attack (Europe),燃烧职业网球 （欧版）,FC#2103
fc,Racket Attack (USA),燃烧职业网球 （美版）,FC#2104
fc,Rackets & Rivals (Europe),网球联赛 （欧版）,FC#2105
fc,Rad Racer (Europe),公路之星 （欧版）,FC#2106
fc,Rad Racer (USA),公路之星 （美版）,FC#2107
fc,Rad Racer II (USA),公路之星 II （美版）,FC#2108
fc,Rad Racket - Deluxe Tennis II (Asia) (En) (Unl),豪华网球 II （亚洲版） (En) （非官方版）,FC#2109
fc,Rad Racket - Deluxe Tennis II (USA) (Unl),豪华网球 II （美版） （非官方版）,FC#2110
fc,Radac Tailor-Made (Japan),组装自行车 （日版）,FC#2111
fc,Radia Senki - Reimei Hen (Japan),拉迪亚战记 - 黎明篇 （日版）,FC#2112
fc,Raf World (Japan),拉芙世界 （日版）,FC#2113
fc,Raid 2020 (USA) (Beta) (1989-12-xx) (Unl),突袭行动 2020 （美版） （测试版） (1989-12-xx) （非官方版）,FC#2114
fc,Raid 2020 (USA) (Unl),突袭行动 2020 （美版） （非官方版）,FC#2115
fc,Raid on Bungeling Bay (Japan),海湾突袭战 （日版）,FC#2116
fc,Raid on Bungeling Bay (Japan) (En) (Rev 1),海湾突袭战 （日版） (En) （修正版 1）,FC#2117
fc,Raid on Bungeling Bay (USA),海湾突袭战 （美版）,FC#2118
fc,Rainbow Islands (USA),彩虹岛 （美版）,FC#2119
fc,Rainbow Islands - Bubble Bobble 2 (Europe),彩虹岛2 （欧版）,FC#2120
fc,Rainbow Islands - The Story of Bubble Bobble 2 (Japan),彩虹岛 （日版）,FC#2121
fc,Rainbow Islands - The Story of Bubble Bobble 2 (Japan) (Sample),彩虹岛 （日版） （试玩版）,FC#2122
fc,Rally Bike (USA),冲刺野郎 （美版）,FC#2123
fc,Rambo (Japan),蓝波 （日版）,FC#2124
fc,Rambo (USA),蓝波 （美版）,FC#2125
fc,Rambo (USA) (Rev 1),蓝波 （美版） （修正版 1）,FC#2126
fc,Rampage (USA),疯狂大毁灭 （美版）,FC#2127
fc,Rampart (Europe) (Jaleco),领国战役 （欧版） (Jaleco),FC#2128
fc,Rampart (Japan) (Konami),领国战役 （日版） (Konami),FC#2129
fc,Rampart (Japan) (Sample) (Konami),领国战役 （日版） （试玩版） (Konami),FC#2130
fc,Rampart (USA) (Jaleco),领国战役 （美版） (Jaleco),FC#2131
fc,Red Arremer II (Japan),红魔鬼2 （日版）,FC#2132
fc,Reigen Doushi (Japan),灵幻道士 （日版）,FC#2133
fc,Remote Control (USA),电视问答游戏 - 遥控 （美版）,FC#2134
fc,"Ren & Stimpy Show, The - Buckeroo$! (USA)",Ren&Stimpy表演 （美版）,FC#2135
fc,Renegade (USA),热血硬派 - 国雄君 （美版）,FC#2136
fc,Renegade (USA) (Virtual Console),热血硬派 - 国雄君 （美版） (Virtual Console),FC#2137
fc,Rescue - The Embassy Mission (Europe),人质大作战 - 大使馆抢救任务 （欧版）,FC#2138
fc,Rescue - The Embassy Mission (USA),人质大作战 - 大使馆抢救任务 （美版）,FC#2139
fc,Rescue - The Embassy Mission (USA) (Beta),人质大作战 - 大使馆抢救任务 （美版） （测试版）,FC#2140
fc,Ring King (USA),家庭拳击 （美版）,FC#2141
fc,River City Ransom (USA),热血物语 （美版）,FC#2142
fc,Road Fighter (Europe),马路英雄 （欧版）,FC#2143
fc,Road Fighter (Japan),马路英雄 （日版）,FC#2144
fc,Road Runner (USA) (Unl),快腿哔哔鸟 （美版） （非官方版）,FC#2145
fc,RoadBlasters (Europe),疾风公路赛 （欧版）,FC#2146
fc,RoadBlasters (USA),疾风公路赛 （美版）,FC#2147
fc,Robert Byrne's Pool Challenge (USA) (Proto) (Unl),罗伯特·伯恩的泳池挑战赛 （美版） （工程版） （非官方版）,FC#2148
fc,Robin Hood - Prince of Thieves (Europe),罗宾汉 - 侠盗王子 （欧版）,FC#2149
fc,Robin Hood - Prince of Thieves (Germany),罗宾汉 - 侠盗王子 （德国版）,FC#2150
fc,Robin Hood - Prince of Thieves (Spain),罗宾汉 - 侠盗王子 （西班牙版）,FC#2151
fc,Robin Hood - Prince of Thieves (USA),罗宾汉 - 侠盗王子 （美版）,FC#2152
fc,Robin Hood - Prince of Thieves (USA) (Beta) (1991-05-16),罗宾汉 - 侠盗王子 （美版） （测试版） (1991-05-16),FC#2153
fc,Robin Hood - Prince of Thieves (USA) (Rev 1),罗宾汉 - 侠盗王子 （美版） （修正版 1）,FC#2154
fc,Robo Warrior (Europe),机器人战士之王 （欧版）,FC#2155
fc,Robo Warrior (USA),机器人战士之王 （美版）,FC#2156
fc,Robocco Wars (Japan),机器小子大作战 （日版）,FC#2157
fc,RoboCop (Europe),机器战警 （欧版）,FC#2158
fc,RoboCop (Japan),机器战警 （日版）,FC#2159
fc,RoboCop (USA),机器战警 （美版）,FC#2160
fc,RoboCop (USA) (Beta),机器战警 （美版） （测试版）,FC#2161
fc,RoboCop 2 (Europe),机器战警 II （欧版）,FC#2162
fc,RoboCop 2 (Japan),机器战警 II （日版）,FC#2163
fc,RoboCop 2 (USA),机器战警 II （美版）,FC#2164
fc,RoboCop 2 (USA) (Rev 1),机器战警 II （美版） （修正版 1）,FC#2165
fc,RoboCop 3 (Europe),机器战警 III （欧版）,FC#2166
fc,RoboCop 3 (USA),机器战警 III （美版）,FC#2167
fc,RoboCop versus The Terminator (USA) (Proto),机器战警 VS 终结者 （美版） （工程版）,FC#2168
fc,Robodemons (USA) (Unl),机器恶魔 （美版） （非官方版）,FC#2169
fc,Rock 'n' Ball (USA),摇滚弹珠台 （美版）,FC#2170
fc,Rockball (Asia) (Ja) (Unl),摇滚球 - 迷宫封印 （亚洲版） (Ja) （非官方版）,FC#2171
fc,Rocket Ranger (USA),火箭突击队 （美版）,FC#2172
fc,"Rocketeer, The (USA)",火箭人 （美版）,FC#2173
fc,Rockin' Kats (Europe),纽约摇滚猫 （欧版）,FC#2174
fc,Rockin' Kats (USA),纽约摇滚猫 （美版）,FC#2175
fc,Rockin' Kats (USA) (Beta) (1991-05-06),纽约摇滚猫 （美版） （测试版） (1991-05-06),FC#2176
fc,Rockman (Japan) (En),洛克人 （日版） (En),FC#2177
fc,Rockman (Japan) (Virtual Console),洛克人 （日版） (Virtual Console),FC#2178
fc,Rockman 2 - Dr. Wily no Nazo (Japan),洛克人 II - 威利博士之谜 （日版）,FC#2179
fc,Rockman 2 - Dr. Wily no Nazo (Japan) (Virtual Console),洛克人 II - 威利博士之谜 （日版） (Virtual Console),FC#2180
fc,Rockman 3 - Dr. Wily no Saigo! (Japan),洛克人 III - 威利博士之死期 （日版）,FC#2181
fc,Rockman 3 - Dr. Wily no Saigo! (Japan) (Virtual Console),洛克人 III - 威利博士之死期 （日版） (Virtual Console),FC#2182
fc,Rockman 4 - Aratanaru Yabou!! (Japan),洛克人 IV - 新的野心 （日版）,FC#2183
fc,Rockman 4 - Aratanaru Yabou!! (Japan) (Rev A),洛克人 IV - 新的野心 （日版） (Rev A),FC#2184
fc,Rockman 4 - Aratanaru Yabou!! (Japan) (Virtual Console),洛克人 IV - 新的野心 （日版） (Virtual Console),FC#2185
fc,Rockman 5 - Blues no Wana! (Japan),洛克人 V - 布鲁斯的圈套 （日版）,FC#2186
fc,Rockman 5 - Blues no Wana! (Japan) (Virtual Console),洛克人 V - 布鲁斯的圈套 （日版） (Virtual Console),FC#2187
fc,Rockman 6 - Shijou Saidai no Tatakai!! (Japan),洛克人 VI - 史上最大之战斗 （日版）,FC#2188
fc,Rocman X (Asia) (Ja) (Unl),洛克人 X （亚洲版） (Ja) （非官方版）,FC#2189
fc,Rodland (Europe),罗德大陆 （欧版）,FC#2190
fc,Rodland featuring Rit and Tam (Europe) (Beta),罗德大陆 （欧版） （测试版）,FC#2191
fc,Roger Clemens' MVP Baseball (USA),罗杰克莱门斯之 MVP 棒球 （美版）,FC#2192
fc,Rokudenashi Blues (Japan),铁拳对钢拳 （日版）,FC#2193
fc,Rollerball (Australia),滚转弹珠台 （澳洲版）,FC#2194
fc,Rollerball (Japan),滚转弹珠台 （日版）,FC#2195
fc,Rollerball (USA),滚转弹珠台 （美版）,FC#2196
fc,Rollerblade Racer (USA),直排轮大挑战 （美版）,FC#2197
fc,Rollergames (Europe),溜冰大进击 （欧版）,FC#2198
fc,Rollergames (USA),溜冰大进击 （美版）,FC#2199
fc,Rolling Thunder (Japan),雷霆行动 （日版）,FC#2200
fc,Rolling Thunder (USA) (Unl),雷霆行动 （美版） （非官方版）,FC#2201
fc,Romance of the Three Kingdoms (USA),三国志 （美版）,FC#2202
fc,Romance of the Three Kingdoms II (USA),三国志 II （美版）,FC#2203
fc,Romancia (Japan),爱的罗曼史 （日版）,FC#2204
fc,Roundball - 2-on-2 Challenge (Europe),二对二篮球挑战赛 （欧版）,FC#2205
fc,Roundball - 2-on-2 Challenge (USA),二对二篮球挑战赛 （美版）,FC#2206
fc,Route-16 Turbo (Japan),十六干线追逐战 （日版）,FC#2207
fc,Royal Blood (Japan),欧洲战记 （日版）,FC#2208
fc,RPG Jinsei Game (Japan),RPG 人生游戏 （日版）,FC#2209
fc,Rumble Station - 15 in 1 (USA) (Unl),平台游戏 - 15 合 1 （美版） （非官方版）,FC#2210
fc,Rush'n Attack (Europe),绿色兵团 （欧版）,FC#2211
fc,Rush'n Attack (USA),绿色兵团 （美版）,FC#2212
fc,Rygar (Europe),未来战士 （欧版）,FC#2213
fc,Rygar (USA),未来战士 （美版）,FC#2214
fc,Rygar (USA) (Rev 1),未来战士 （美版） （修正版 1）,FC#2215
fc,S.C.A.T. - Special Cybernetic Attack Team (USA),最终任务 （美版）,FC#2216
fc,S.C.A.T. - Special Cybernetic Attack Team (USA) (Beta),最终任务 （美版） （测试版）,FC#2217
fc,"S.C.A.T. - Special Cybernetic Attack Team (USA, Europe) (Virtual Console)",最终任务 （美版 欧版） (Virtual Console),FC#2218
fc,Saint Seiya - Ougon Densetsu (Japan),圣斗士星矢 - 黄金传说 （日版）,FC#2219
fc,Saint Seiya - Ougon Densetsu Kanketsu Hen (Japan),圣斗士星矢 - 黄金传说完结篇 （日版）,FC#2220
fc,Saint Seiya - Ougon Densetsu Kanketsu Hen (Japan) (Beta),圣斗士星矢 - 黄金传说完结篇 （日版） （测试版）,FC#2221
fc,Saiyuuki World (Japan),西游记世界 （日版）,FC#2222
fc,Saiyuuki World 2 - Tenjoukai no Majin (Japan),西游记世界 II - 天上界的魔神 （日版）,FC#2223
fc,Sakigake!! Otoko Juku - Shippuu Ichi Gou Sei (Japan),魁！男塾 - 疾风一号生 （日版）,FC#2224
fc,Salad no Kuni no Tomato Hime (Japan),蕃茄公主 （日版）,FC#2225
fc,Salad no Kuni no Tomato Hime (Japan) (Virtual Console),蕃茄公主 （日版） (Virtual Console),FC#2226
fc,Salamander (Japan),沙罗曼蛇 （日版）,FC#2227
fc,Samsara Naga (Japan),轮回娜迦 （日版）,FC#2228
fc,San Guo Zhi - Qun Xiong Zheng Ba (Asia) (Ja) (Unl),三国志 - 群雄争霸 （亚洲版） (Ja) （非官方版）,FC#2229
fc,San Guo Zhong Lie Zhuan (Asia) (Unl),三国忠烈传 （亚洲版） （非官方版）,FC#2230
fc,Sanada Juu Yuushi (Japan),真田十勇士 （日版）,FC#2231
fc,Sangokushi (Japan),三国志 （日版）,FC#2232
fc,Sangokushi (Japan) (Rev 1),三国志 （日版） （修正版 1）,FC#2233
fc,Sangokushi - Chuugen no Hasha (Japan),三国志 - 中原的霸者 （日版）,FC#2234
fc,Sangokushi II (Japan),三国志 II （日版）,FC#2235
fc,Sangokushi II (Japan) (Rev 1),三国志 II （日版） （修正版 1）,FC#2236
fc,Sangokushi II - Haou no Tairiku (Japan),三国志 II - 霸王的大陆 （日版）,FC#2237
fc,Sanguo Chunqiu - Sichuan Sheng (Asia) (Unl),三国春秋 四川省 （亚洲版） （非官方版）,FC#2238
fc,Sanma no Meitantei (Japan),さんまの名探偵 （日版）,FC#2239
fc,Sanrio Carnival (Japan),卡通明星嘉年华 （日版）,FC#2240
fc,Sanrio Carnival 2 (Japan),卡通明星嘉年华 II （日版）,FC#2241
fc,Sanrio Cup - Pon Pon Volley (Japan),卡通明星杯 - 碰碰排球 （日版）,FC#2242
fc,Sansuu 1 Nen - Keisan Game (Japan),算术一年级 - 计算游戏 （日版）,FC#2243
fc,Sansuu 2 Nen - Keisan Game (Japan),算术二年级 - 计算游戏 （日版）,FC#2244
fc,Sansuu 3 Nen - Keisan Game (Japan),算术三年级 - 计算游戏 （日版）,FC#2245
fc,Sansuu 4 Nen - Keisan Game (Japan),算术四年级 - 计算游戏 （日版）,FC#2246
fc,Sansuu 4 Nen - Keisan Game (Japan) (Beta),算术四年级 - 计算游戏 （日版） （测试版）,FC#2247
fc,Sansuu 5 & 6 Nen - Keisan Game (Japan),数学5、6年级 （日版）,FC#2248
fc,Sansuu 5 & 6 Nen - Keisan Game (Japan) (Beta),数学5、6年级 （日版） （测试版）,FC#2249
fc,Satomi Hakkenden (Japan),里见八犬传 （日版）,FC#2250
fc,Satsui no Kaisou - Soft House Renzoku Satsujin Jiken (Japan),杀意的阶层 （日版）,FC#2251
fc,Scarabeus (USA) (Sample),甲虫轮盘 （美版） （试玩版）,FC#2252
fc,SD Battle Oozumou - Heisei Hero Basho (Japan),SD 战斗大相扑 - 平成英雄场所 （日版）,FC#2253
fc,SD Gundam - Gachapon Senshi 2 - Capsule Senki (Japan),SD 钢弹 II - 胶囊战记 （日版）,FC#2254
fc,SD Gundam - Gachapon Senshi 3 - Eiyuu Senki (Japan),SD 钢弹 III - 英雄战记 （日版）,FC#2255
fc,SD Gundam - Gachapon Senshi 4 - NewType Story (Japan),SD 钢弹 IV - 新机种传说 （日版）,FC#2256
fc,SD Gundam - Gachapon Senshi 5 - Battle of Universal Century (Japan),SD 钢弹 V - 宇宙世纪之战 （日版）,FC#2257
fc,SD Gundam Gaiden - Knight Gundam Monogatari (Japan),SD 钢弹外传 - 骑士钢弹物语 （日版）,FC#2258
fc,SD Gundam Gaiden - Knight Gundam Monogatari (Japan) (Rev 1),SD 钢弹外传 - 骑士钢弹物语 （日版） （修正版 1）,FC#2259
fc,SD Gundam Gaiden - Knight Gundam Monogatari 2 - Hikari no Knight (Japan),SD高达外传 骑士高达物语2 （日版）,FC#2260
fc,SD Gundam Gaiden - Knight Gundam Monogatari 3 - Densetsu no Kishi Dan (Japan),SD 钢弹外传 - 骑士钢弹物语 III （日版）,FC#2261
fc,SD Hero Soukessen - Taose! Aku no Gundan (Japan),SD 英雄总决战 - 打倒恶之军团 （日版）,FC#2262
fc,SD Keiji - Blader (Japan),SD 刑警 - 布雷达 （日版）,FC#2263
fc,SD Sengoku Bushou Retsuden (Japan),SD 战国武将列传 （日版）,FC#2264
fc,Secret Scout in the Temple of Demise (USA) (Beta) (Unl),秘密侦察员 （美版） （测试版） （非官方版）,FC#2265
fc,Secret Scout in the Temple of Demise (USA) (Unl),秘密侦察员 （美版） （非官方版）,FC#2266
fc,Secret Ties (USA) (Proto),神秘领带 （美版） （工程版）,FC#2267
fc,Section-Z (Europe),Z 基地 （欧版）,FC#2268
fc,Section-Z (USA),Z 基地 （美版）,FC#2269
fc,Seicross (Japan),霹雳机车 （日版）,FC#2270
fc,Seicross (Japan) (Rev 1),霹雳机车 （日版） （修正版 1）,FC#2271
fc,Seicross (Japan) (Virtual Console),霹雳机车 （日版） (Virtual Console),FC#2272
fc,Seicross (USA),霹雳机车 （美版）,FC#2273
fc,Seikima II - Akuma no Gyakushuu! (Japan),圣饥魔2 （日版）,FC#2274
fc,Seirei Densetsu Lickle (Japan),圣铃传说 （日版）,FC#2275
fc,Seirei Gari (Japan),星灵狩猎 （日版）,FC#2276
fc,Seiryaku Simulation - Inbou no Wakusei - Shancara (Japan),惑星阴谋 （日版）,FC#2277
fc,Sekiryuuou (Japan),赤龙王 （日版）,FC#2278
fc,Senjou no Ookami (Japan),战埸之狼 （日版）,FC#2279
fc,Sensha Senryaku - Sabaku no Kitsune (Japan),沙漠之狐 （日版）,FC#2280
fc,Sesame Street - 123 (USA),芝麻街123 （美版）,FC#2281
fc,Sesame Street - ABC & 123 (USA),芝麻街123&ABC （美版）,FC#2282
fc,Sesame Street - ABC (USA),芝麻街ABC （美版）,FC#2283
fc,Sesame Street - Big Bird's Hide & Speak (USA),芝麻街 大鸟学英语 （美版）,FC#2284
fc,Sesame Street - Countdown (USA),芝麻街 倒计时 （美版）,FC#2285
fc,Shadow Brain (Japan),暗影之脑 （日版）,FC#2286
fc,Shadow of the Ninja (USA),赤影战士 （美版）,FC#2287
fc,"Shadow of the Ninja (USA, Europe) (Virtual Console)",赤影战士 （美版 欧版） (Virtual Console),FC#2288
fc,Shadow Warriors - Ninja Gaiden (Europe),忍者龙剑传 （欧版）,FC#2289
fc,Shadow Warriors - Ninja Gaiden (Europe) (Virtual Console),忍者龙剑传 （欧版） (Virtual Console),FC#2290
fc,Shadow Warriors II - Ninja Gaiden II (Europe),忍者龙剑传2 （欧版）,FC#2291
fc,Shadowgate (Europe),暗影之门 （欧版）,FC#2292
fc,Shadowgate (France),暗影之门 （法国版）,FC#2293
fc,Shadowgate (Germany),暗影之门 （德国版）,FC#2294
fc,Shadowgate (Japan),暗影之门 （日版）,FC#2295
fc,Shadowgate (Sweden),暗影之门 (Sweden),FC#2296
fc,Shadowgate (USA),暗影之门 （美版）,FC#2297
fc,Shaffle Fight (Japan),机器人盘战 （日版）,FC#2298
fc,Shang Gu Shen Jian (Asia) (Unl),爆笑三国志 （亚洲版） （非官方版）,FC#2299
fc,Shanghai (Japan),上海 （日版）,FC#2300
fc,Shanghai (Japan) (Sample),上海 （日版） （试玩版）,FC#2301
fc,Shanghai II (Japan),上海2 （日版）,FC#2302
fc,Shatterhand (Europe),特救指令 （欧版）,FC#2303
fc,Shatterhand (USA),特救指令 （美版）,FC#2304
fc,Shatterhand (USA) (Beta),特救指令 （美版） （测试版）,FC#2305
fc,Shen Tan Ke Nan (Asia) (Unl),赤川次郎之幽灵列车 （亚洲版） （非官方版）,FC#2306
fc,Sheng Huo Lie Zhuan (Asia) (Ja) (Unl),圣火列传 （亚洲版） (Ja) （非官方版）,FC#2307
fc,Sherlock Holmes - Hakushaku Reijou Yuukai Jiken (Japan),歇洛克福尔摩斯 - 伯爵女儿诱拐事件 （日版）,FC#2308
fc,Shikinjou (Japan),紫禁城 （日版）,FC#2309
fc,Shin 4 Nin Uchi Mahjong - Yakuman Tengoku (Japan),新四人麻雀 - 役满天国 （日版）,FC#2310
fc,Shin Jinrui - The New Type (Japan),新人类 （日版）,FC#2311
fc,Shin Moero!! Pro Yakyuu (Japan),新燃烧职业棒球 （日版）,FC#2312
fc,Shin Satomi Hakken-Den - Hikari to Yami no Tatakai (Japan),新里见八犬传 - 光与闇之战 （日版）,FC#2313
fc,Shingen the Ruler (USA),武田信玄 II （美版）,FC#2314
fc,Shinobi (USA) (Unl),忍 （美版） （非官方版）,FC#2315
fc,Shinsenden (Japan),神仙传 （日版）,FC#2316
fc,Shisen Mahjong - Seifuku Hen (Japan) (Unl),四川麻将 （日版） （非官方版）,FC#2317
fc,Shisen Mahjong 2 (Asia) (Unl),四川麻将2 （亚洲版） （非官方版）,FC#2318
fc,Shockwave (USA) (Unl),太空冲击波 （美版） （非官方版）,FC#2319
fc,Shogun (Japan),将军 （日版）,FC#2320
fc,Shooting Range (USA),万岱射击场 （美版）,FC#2321
fc,Short Order + Eggsplode! (USA),汉堡快餐 （美版）,FC#2322
fc,Shougi Meikan '92 (Japan),将棋名鉴 '92 （日版）,FC#2323
fc,Shougi Meikan '93 (Japan),将棋名鉴 '93 （日版）,FC#2324
fc,Shoukoushi Ceddie (Japan),小公子薛特利 （日版）,FC#2325
fc,Shounen Ashibe - Nepal Daibouken no Maki (Japan),少年亚奇贝 - 尼泊尔大冒险之卷 （日版）,FC#2326
fc,Shuang Xiang Pao (Asia) (Ja) (Unl),双响炮扑克牌 （亚洲版） (Ja) （非官方版）,FC#2327
fc,Shuang Ying (Asia) (Ja) (Unl),双鹰 （亚洲版） (Ja) （非官方版）,FC#2328
fc,Shufflepuck Cafe (Japan),星际咖啡厅 （日版）,FC#2329
fc,Shui Guo Li (Asia) (Unl),水果机 （亚洲版） （非官方版）,FC#2330
fc,Side Pocket (Europe),花式撞球 （欧版）,FC#2331
fc,Side Pocket (Japan),花式撞球 （日版）,FC#2332
fc,Side Pocket (USA),花式撞球 （美版）,FC#2333
fc,Sidewinder (Asia) (Ja) (PAL) (Unl),响尾蛇直升机 （亚洲版） (Ja) (PAL) （非官方版）,FC#2334
fc,Sidewinder (Australia) (Unl),响尾蛇直升机 （澳洲版） （非官方版）,FC#2335
fc,Silent Assault (Asia) (Ja) (PAL) (Unl),寂静突袭队 （亚洲版） (Ja) (PAL) （非官方版）,FC#2336
fc,Silent Assault (USA) (Unl),寂静突袭队 （美版） （非官方版）,FC#2337
fc,Silent Service (Europe),死亡潜航 （欧版）,FC#2338
fc,Silent Service (USA),死亡潜航 （美版）,FC#2339
fc,Silent Service (USA) (Rev 1),死亡潜航 （美版） （修正版 1）,FC#2340
fc,Silk Worm (USA),联合大作战 （美版）,FC#2341
fc,Silva Saga (Japan),魔界佣兵 （日版）,FC#2342
fc,Silver Eagle (Asia) (Ja) (PAL) (Unl),银色之鹰 （亚洲版） (Ja) (PAL) （非官方版）,FC#2343
fc,Silver Surfer (USA),银魔侠 （美版）,FC#2344
fc,SimCity (USA) (Proto),模拟城市 （美版） （工程版）,FC#2345
fc,"Simpsons, The - Bart vs. the Space Mutants (Europe)",辛普森家庭 - 霸子与太空异种 （欧版）,FC#2346
fc,"Simpsons, The - Bart vs. the Space Mutants (USA)",辛普森家庭 - 霸子与太空异种 （美版）,FC#2347
fc,"Simpsons, The - Bart vs. the Space Mutants (USA) (Rev 1)",辛普森家庭 - 霸子与太空异种 （美版） （修正版 1）,FC#2348
fc,"Simpsons, The - Bart vs. the World (Europe)",辛普森家庭 - 霸子与这个世界 （欧版）,FC#2349
fc,"Simpsons, The - Bart vs. the World (USA)",辛普森家庭 - 霸子与这个世界 （美版）,FC#2350
fc,"Simpsons, The - Bartman Meets Radioactive Man (Europe)",辛普森家庭 - 霸子超人与幅射人 （欧版）,FC#2351
fc,"Simpsons, The - Bartman Meets Radioactive Man (USA)",辛普森家庭 - 霸子超人与幅射人 （美版）,FC#2352
fc,"Simpsons, The - Bartman Meets Radioactive Man (USA) (Beta)",辛普森家庭 - 霸子超人与幅射人 （美版） （测试版）,FC#2353
fc,Skate Boy (Spain) (Gluk Video) (Unl),滑板男孩 （西班牙版） (Gluk Video) （非官方版）,FC#2354
fc,Skate or Die (Europe),滑板或死 （欧版）,FC#2355
fc,Skate or Die (USA),滑板或死 （美版）,FC#2356
fc,Skate or Die 2 - The Search for Double Trouble (USA),滑板生死斗 II （美版）,FC#2357
fc,Ski or Die (Europe),滑雪生死斗 （欧版）,FC#2358
fc,Ski or Die (USA),滑雪生死斗 （美版）,FC#2359
fc,Skull & Crossbones (Korea) (Unl),海盗大战 (Korea) （非官方版）,FC#2360
fc,Skull & Crossbones (USA) (Unl),海盗大战 （美版） （非官方版）,FC#2361
fc,Sky Destroyer (Japan),红巾特攻队 （日版）,FC#2362
fc,Sky Kid (Japan),天堂鸟 （日版）,FC#2363
fc,Sky Kid (Japan) (Virtual Console),天堂鸟 （日版） (Virtual Console),FC#2364
fc,Sky Kid (USA),天堂鸟 （美版）,FC#2365
fc,Sky Shark (USA),鲨鱼战机 （美版）,FC#2366
fc,Slalom (Europe),障碍滑雪赛 （欧版）,FC#2367
fc,Slalom (USA),障碍滑雪赛 （美版）,FC#2368
fc,Smash T.V. (Europe),电视斗士 （欧版）,FC#2369
fc,Smash T.V. (USA),电视斗士 （美版）,FC#2370
fc,"Smurfs, The (Europe) (En,Fr,De,Es)","蓝色小精灵 （欧版） (En,Fr,De,Es)",FC#2371
fc,Snake Rattle n Roll (Europe),响尾蛇与大蟒蛇 （欧版）,FC#2372
fc,Snake Rattle n Roll (USA),响尾蛇与大蟒蛇 （美版）,FC#2373
fc,Snake's Revenge (Europe),史耐克的复仇 （欧版）,FC#2374
fc,Snake's Revenge (USA),史耐克的复仇 （美版）,FC#2375
fc,Snoopy's Silly Sports Spectacular! (USA),史努比的趣味运动会 （美版）,FC#2376
fc,Snow Bros. (Japan),雪人兄弟 （日版）,FC#2377
fc,Snow Brothers (Europe),雪人兄弟 （欧版）,FC#2378
fc,Snow Brothers (USA),雪人兄弟 （美版）,FC#2379
fc,Snowboard Challenge (Europe),滑雪板邀请赛 （欧版）,FC#2380
fc,Soap Panic (Japan) (Unl),美女气泡方块 （日版） （非官方版）,FC#2381
fc,Soccer (Europe),任天堂足球 （欧版）,FC#2382
fc,"Soccer (Japan, USA)",任天堂足球 （日版，美版）,FC#2383
fc,Soccer League - Winner's Cup (Japan),足球联盟 - 冠军杯足球赛 （日版）,FC#2384
fc,Softball Tengoku (Japan),垒球天国 （日版）,FC#2385
fc,Solar Jetman - Hunt for the Golden Warpship (Europe),太阳系战士 （欧版）,FC#2386
fc,Solar Jetman - Hunt for the Golden Warpship (USA),太阳系战士 （美版）,FC#2387
fc,Solitaire (USA) (Unl),接龙 （美版） （非官方版）,FC#2388
fc,Solomon no Kagi (Japan),所罗门之钥 （日版）,FC#2389
fc,Solomon no Kagi 2 - Coolmintou Kyuushutsu Sakusen (Japan),所罗门之钥2 （日版）,FC#2390
fc,Solomon's Key (Europe),所罗门之钥 （欧版）,FC#2391
fc,Solomon's Key (USA),所罗门之钥 （美版）,FC#2392
fc,Solomon's Key 2 (Europe),所罗门之钥 II （欧版）,FC#2393
fc,Solomon's Key 2 (USA) (Beta),所罗门之钥 II （美版） （测试版）,FC#2394
fc,Solstice (Japan),秘境魔宝 （日版）,FC#2395
fc,Solstice - The Quest for the Staff of Demnos (Europe),秘境魔宝 （欧版）,FC#2396
fc,Solstice - The Quest for the Staff of Demnos (USA),秘境魔宝 （美版）,FC#2397
fc,Solstice - The Quest for the Staff of Demnos (USA) (Beta),秘境魔宝 （美版） （测试版）,FC#2398
fc,Son Son (Japan),西游记 （日版）,FC#2399
fc,Soreike! Anpanman - Minna de Hiking Game! (Japan),面包超人 （日版）,FC#2400
fc,Sou Setsu Ryuu (Japan) (Beta),双截龙 （日版） （测试版）,FC#2401
fc,Sou Setsu Ryuu II - The Revenge (Japan),双截龙2 （日版）,FC#2402
fc,Sou Setsu Ryuu II - The Revenge (Japan) (Sample),双截龙2 （日版） （试玩版）,FC#2403
fc,Sou Setsu Ryuu III - The Rosetta Stone (Japan),双截龙3 （日版）,FC#2404
fc,Space Harrier (Japan),太空哈利 （日版）,FC#2405
fc,Space Hunter (Japan),太空猎人 （日版）,FC#2406
fc,Space Invaders (Japan),太空侵略者 （日版）,FC#2407
fc,Space Shadow (Japan),太空黑影 （日版）,FC#2408
fc,Space Shuttle Project (USA),太空梭计划 （美版）,FC#2409
fc,Spartan X (Japan),功夫 （日版）,FC#2410
fc,Spartan X 2 (Japan),功夫 II （日版）,FC#2411
fc,Spelunker (Japan),地底探险 （日版）,FC#2412
fc,Spelunker (Japan) (Virtual Console),地底探险 （日版） (Virtual Console),FC#2413
fc,Spelunker (USA),地底探险 （美版）,FC#2414
fc,"Spelunker (USA, Europe) (Virtual Console)",地底探险 （美版 欧版） (Virtual Console),FC#2415
fc,Spelunker II - Yuusha e no Chousen (Japan),地下冒险2-勇者挑战 （日版）,FC#2416
fc,Spider-Man - Return of the Sinister Six (Europe),蜘蛛人 - 凶恶六人组的复仇 （欧版）,FC#2417
fc,Spider-Man - Return of the Sinister Six (USA),蜘蛛人 - 凶恶六人组的复仇 （美版）,FC#2418
fc,Spiritual Warfare (USA) (Beta) (Unl),神圣战争 （美版） （测试版） （非官方版）,FC#2419
fc,Spiritual Warfare (USA) (v5.1) (Unl),神圣战争 （美版） (v5.1) （非官方版）,FC#2420
fc,Spiritual Warfare (USA) (v6.0) (Unl),神圣战争 （美版） (v6.0) （非官方版）,FC#2421
fc,Spiritual Warfare (USA) (v6.1) (Unl),神圣战争 （美版） (v6.1) （非官方版）,FC#2422
fc,Splatterhouse - Wanpaku Graffiti (Japan),腐尸之屋:顽皮的涂鸦 （日版）,FC#2423
fc,Spot (Japan),斑点 （日版）,FC#2424
fc,Spot - The Video Game (USA),斑点棋 （美版）,FC#2425
fc,Spy Hunter (USA),间谍猎人 （美版）,FC#2426
fc,Spy vs Spy (Europe),谍对谍 （欧版）,FC#2427
fc,Spy vs Spy (Japan),谍对谍 （日版）,FC#2428
fc,Spy vs Spy (USA),谍对谍 （美版）,FC#2429
fc,Sqoon (Japan),潜艇大作战 （日版）,FC#2430
fc,Sqoon (Japan) (Rev A),潜艇大作战 （日版） (Rev A),FC#2431
fc,Sqoon (USA),潜艇大作战 （美版）,FC#2432
fc,Square Deal (Japan) (Sample),广场协议 （日版） （试玩版）,FC#2433
fc,Square no Tom Sawyer (Japan),史克威尔之汤姆历险记 （日版）,FC#2434
fc,Squashed (USA) (Proto),忍者茶茶丸 - 银河大作战 （美版） （工程版）,FC#2435
fc,Stack-Up ~ Block (World),叠加~方块 （世界版）,FC#2436
fc,Stadium Events (Europe),竞技运动场 （欧版）,FC#2437
fc,Stadium Events (USA),竞技运动场 （美版）,FC#2438
fc,Stanley - The Search for Dr. Livingston (USA),大探险家史丹立 - 李文斯顿的足迹追踪 （美版）,FC#2439
fc,Star Force (Europe),星际武装战机 （欧版）,FC#2440
fc,Star Force (Japan),星际武装战机 （日版）,FC#2441
fc,Star Force (USA),星际武装战机 （美版）,FC#2442
fc,Star Force (USA) (Beta),星际武装战机 （美版） （测试版）,FC#2443
fc,Star Gate (Japan),星际之门 （日版）,FC#2444
fc,Star Luster (Japan),太空立体战 （日版）,FC#2445
fc,Star Luster (Japan) (Virtual Console),太空立体战 （日版） (Virtual Console),FC#2446
fc,Star Soldier (Japan),星际战机 （日版）,FC#2447
fc,Star Soldier (Japan) (Sample),星际战机 （日版） （试玩版）,FC#2448
fc,Star Soldier (USA),星际战机 （美版）,FC#2449
fc,Star Trek - 25th Anniversary (Germany),星舰迷航记 - 25 周年纪念版 （德国版）,FC#2450
fc,Star Trek - 25th Anniversary (USA),星舰迷航记 - 25 周年纪念版 （美版）,FC#2451
fc,Star Trek - The Next Generation (USA),星舰迷航记 - 银河飞龙 （美版）,FC#2452
fc,Star Trek V - The Final Frontier (USA) (Proto),星舰迷航记 V - 最后防线 （美版） （工程版）,FC#2453
fc,Star Voyager (USA),宇宙创世纪 （美版）,FC#2454
fc,Star Wars (Europe),星际大战 （欧版）,FC#2455
fc,Star Wars (Japan) (Namco),星际大战 （日版） (Namco),FC#2456
fc,Star Wars (Japan) (Victor),星际大战 （日版） (Victor),FC#2457
fc,Star Wars (USA),星际大战 （美版）,FC#2458
fc,Star Wars (USA) (Beta),星际大战 （美版） （测试版）,FC#2459
fc,Star Wars - The Empire Strikes Back (Europe),星际大战 - 帝国大反击 （欧版）,FC#2460
fc,Star Wars - The Empire Strikes Back (Japan),星际大战 - 帝国大反击 （日版）,FC#2461
fc,Star Wars - The Empire Strikes Back (USA),星际大战 - 帝国大反击 （美版）,FC#2462
fc,Star Wars - The Empire Strikes Back (USA) (Beta),星际大战 - 帝国大反击 （美版） （测试版）,FC#2463
fc,Starship Hector (USA),古文明之战 （美版）,FC#2464
fc,StarTropics (Europe),热带之星 （欧版）,FC#2465
fc,StarTropics (Europe) (Virtual Console),热带之星 （欧版） (Virtual Console),FC#2466
fc,StarTropics (USA),热带之星 （美版）,FC#2467
fc,StarTropics (USA) (Virtual Console),热带之星 （美版） (Virtual Console),FC#2468
fc,Stealth ATF (Europe),隐形战机 （欧版）,FC#2469
fc,Stealth ATF (USA),隐形战机 （美版）,FC#2470
fc,Sted - Iseki Wakusei no Yabou (Japan),STED - 遗迹惑星之野望 （日版）,FC#2471
fc,Steins;Gate (USA) (Nintendo Switch),命运石之门 （美版） (Nintendo Switch),FC#2472
fc,Stick Hunter - Exciting Ice Hockey (Japan),球棒猎人 - 火爆冰上曲棍球 （日版）,FC#2473
fc,Stinger (USA),兵蜂 II - 解救肉桂博士 （美版）,FC#2474
fc,Stinger (USA) (Virtual Console),兵蜂 II - 解救肉桂博士 （美版） (Virtual Console),FC#2475
fc,Strategist (Asia) (Ja) (NTSC) (Unl),军事家 （亚洲版） (Ja) (NTSC) （非官方版）,FC#2476
fc,Strategist (Asia) (Ja) (PAL) (Unl),军事家 （亚洲版） (Ja) (PAL) （非官方版）,FC#2477
fc,Street Cop (USA),任天堂跳跳板 - 街头警察 （美版）,FC#2478
fc,Street Fighter 2010 - The Final Fight (USA),街头战士 2010 （美版）,FC#2479
fc,Street Gangs (Europe),热血物语 （欧版）,FC#2480
fc,Street Gangs (Europe) (Virtual Console),热血物语 （欧版） (Virtual Console),FC#2481
fc,Street Heroes (Asia) (Ja) (Unl),街头英雄 （亚洲版） (Ja) （非官方版）,FC#2482
fc,Strider (USA),出击飞龙 （美版）,FC#2483
fc,Strider Hiryu (Japan) (Proto),出击飞龙 （日版） （工程版）,FC#2484
fc,Strike Wolf (Asia) (Unl),战狼 （亚洲版） （非官方版）,FC#2485
fc,Stunt Kids (USA) (Unl),特技小子 （美版） （非官方版）,FC#2486
fc,Sugoro Quest - Dice no Senshitachi (Japan),骰子英雄历险记 （日版）,FC#2487
fc,Sugoro Quest - Dice no Senshitachi (Japan) (Virtual Console),骰子英雄历险记 （日版） (Virtual Console),FC#2488
fc,Suikoden - Tenmei no Chikai (Japan),水浒传 - 天命之誓 （日版）,FC#2489
fc,Sukeban Deka III (Japan),刑事三姐妹3 （日版）,FC#2490
fc,Summer Carnival '92 - Recca (Japan),烈火战机 '92 （日版）,FC#2491
fc,Sunday Funday - The Ride (USA) (Unl),欢乐星期日 （美版） （非官方版）,FC#2492
fc,Sunman (Europe) (Proto),太阳超人 （欧版） （工程版）,FC#2493
fc,Super Adventure Quests (Europe) (Unl),超级冒险任务 （欧版） （非官方版）,FC#2494
fc,Super Arabian (Japan),超级阿拉伯世界 （日版）,FC#2495
fc,Super Black Onyx (Japan),超级黑玛瑙 （日版）,FC#2496
fc,Super C (USA),超级魂斗罗 （美版）,FC#2497
fc,Super Cars (USA),超级赛车 （美版）,FC#2498
fc,Super Cartridge Ver 1 - 4 in 1 (Asia) (Ja) (Unl),游戏合卡1 - 超级 4 合 1 （亚洲版） (Ja) （非官方版）,FC#2499
fc,Super Cartridge Ver 2 - 10 in 1 (Asia) (Ja) (Unl),游戏合卡2 - 超级 10 合 1 （亚洲版） (Ja) （非官方版）,FC#2500
fc,Super Cartridge Ver 3 - 8 in 1 (Asia) (Ja) (Unl),游戏合卡3 - 超级 8 合 1 （亚洲版） (Ja) （非官方版）,FC#2501
fc,Super Cartridge Ver 4 - 6 in 1 (Asia) (Ja) (Unl),游戏合卡4 - 超级 6 合 1 （亚洲版） (Ja) （非官方版）,FC#2502
fc,Super Cartridge Ver 5 - 7 in 1 (Asia) (Ja) (Unl),游戏合卡5 - 超级 7 合 1 （亚洲版） (Ja) （非官方版）,FC#2503
fc,Super Cartridge Ver 6 - 6 in 1 (Asia) (Ja) (Unl),游戏合卡6 - 超级 6 合 1 （亚洲版） (Ja) （非官方版）,FC#2504
fc,Super Cartridge Ver 7 - 4 in 1 (Asia) (Ja) (Unl),游戏合卡7 - 超级 4 合 1 （亚洲版） (Ja) （非官方版）,FC#2505
fc,Super Cartridge Ver 8 - 4 in 1 (Asia) (Ja) (Unl),游戏合卡8 - 超级 4 合 1 （亚洲版） (Ja) （非官方版）,FC#2506
fc,Super Cartridge Ver 9 - 3 in 1 (Asia) (Ja) (Unl),游戏合卡9 - 超级 3 合 1 （亚洲版） (Ja) （非官方版）,FC#2507
fc,Super Chinese (Japan),超级中国人 （日版）,FC#2508
fc,Super Chinese 2 - Dragon Kid (Japan),超级中国人 II （日版）,FC#2509
fc,Super Chinese 2 - Dragon Kid (Japan) (Virtual Console),超级中国人 II （日版） (Virtual Console),FC#2510
fc,Super Chinese 3 (Japan),超级中国人 III （日版）,FC#2511
fc,Super Contra (Japan),超级魂斗罗 （日版）,FC#2512
fc,Super Dodge Ball (USA),热血高校躲避球 （美版）,FC#2513
fc,Super Dodge Ball (USA) (Virtual Console),热血高校躲避球 （美版） (Virtual Console),FC#2514
fc,Super Dyna'mix Badminton (Japan),超级羽毛球 （日版）,FC#2515
fc,Super Glove Ball (USA),超级补球赛 （美版）,FC#2516
fc,Super Jeopardy! (USA),电视问答游戏 - 危机超级版 （美版）,FC#2517
fc,Super Mario Bros. (Europe) (PAL-SM),超级玛璃欧兄弟 （欧版） (PAL-SM),FC#2518
fc,Super Mario Bros. (World) (HVC-SM),超级玛璃欧兄弟 （世界版） (HVC-SM),FC#2519
fc,Super Mario Bros. + Duck Hunt (Europe),超级玛璃欧兄弟 + 猎鸭行动 （欧版）,FC#2520
fc,Super Mario Bros. + Duck Hunt (USA),超级玛璃欧兄弟 + 猎鸭行动 （美版）,FC#2521
fc,Super Mario Bros. + Duck Hunt + World Class Track Meet (USA),超级玛璃欧兄弟 + 猎鸭行动 + 田径运动会 （美版）,FC#2522
fc,Super Mario Bros. + Duck Hunt + World Class Track Meet (USA) (Rev 1),超级玛璃欧兄弟 + 猎鸭行动 + 田径运动会 （美版） （修正版 1）,FC#2523
fc,Super Mario Bros. + Tetris + Nintendo World Cup (Europe),超级玛璃欧兄弟 + 俄罗斯方块 + 热血足球联盟 （欧版）,FC#2524
fc,Super Mario Bros. + Tetris + Nintendo World Cup (Europe) (Rev 1),超级玛璃欧兄弟 + 俄罗斯方块 + 热血足球联盟 （欧版） （修正版 1）,FC#2525
fc,Super Mario Bros. - 25th Anniversary (Australia) (Virtual Console),超级马里奥 25周年 （澳洲版） (Virtual Console),FC#2526
fc,Super Mario Bros. - 25th Anniversary (Japan) (En) (Virtual Console),超级马里奥 25周年 （日版） (En) (Virtual Console),FC#2527
fc,Super Mario Bros. 2 (Europe),超级玛璃欧兄弟 II （欧版）,FC#2528
fc,Super Mario Bros. 2 (Europe) (Virtual Console),超级玛璃欧兄弟 II （欧版） (Virtual Console),FC#2529
fc,Super Mario Bros. 2 (Japan) (Virtual Console),超级玛璃欧兄弟 II （日版） (Virtual Console),FC#2530
fc,Super Mario Bros. 2 (USA),超级玛璃欧兄弟 II （美版）,FC#2531
fc,Super Mario Bros. 2 (USA) (Beta),超级玛璃欧兄弟 II （美版） （测试版）,FC#2532
fc,Super Mario Bros. 2 (USA) (Rev 1),超级玛璃欧兄弟 II （美版） （修正版 1）,FC#2533
fc,Super Mario Bros. 2 (USA) (Rev 1) (Virtual Console),超级玛璃欧兄弟 II （美版） （修正版 1） (Virtual Console),FC#2534
fc,Super Mario Bros. 3 (Europe),超级玛璃欧兄弟 III （欧版）,FC#2535
fc,Super Mario Bros. 3 (Europe) (Virtual Console),超级玛璃欧兄弟 III （欧版） (Virtual Console),FC#2536
fc,Super Mario Bros. 3 (Japan),超级玛璃欧兄弟 III （日版）,FC#2537
fc,Super Mario Bros. 3 (Japan) (Rev 1),超级玛璃欧兄弟 III （日版） （修正版 1）,FC#2538
fc,Super Mario Bros. 3 (Japan) (Rev 1) (Virtual Console),超级玛璃欧兄弟 III （日版） （修正版 1） (Virtual Console),FC#2539
fc,Super Mario Bros. 3 (USA),超级玛璃欧兄弟 III （美版）,FC#2540
fc,Super Mario Bros. 3 (USA) (Rev 1),超级玛璃欧兄弟 III （美版） （修正版 1）,FC#2541
fc,Super Mario Bros. 3 (USA) (Rev 1) (Virtual Console),超级玛璃欧兄弟 III （美版） （修正版 1） (Virtual Console),FC#2542
fc,Super Mario USA (Japan),超级玛璃欧兄弟 II （日版）,FC#2543
fc,Super Mogura Tataki!! - Pokkun Mogurar (Japan),超级鼹鼠敲打 - 打地鼠游戏 （日版）,FC#2544
fc,Super Momotarou Dentetsu (Japan),超级桃太郎电铁 （日版）,FC#2545
fc,Super Pang (Asia) (Ja) (PAL) (Unl),超级魔鬼气泡 （亚洲版） (Ja) (PAL) （非官方版）,FC#2546
fc,Super Pang II (Asia) (Ja) (Unl),超级魔鬼气泡 II （亚洲版） (Ja) （非官方版）,FC#2547
fc,Super Pinball (Japan),超级弹珠台 （日版）,FC#2548
fc,Super Pinball (Japan) (Beta),超级弹珠台 （日版） （测试版）,FC#2549
fc,Super Pitfall (Japan),超级沙坑探险 （日版）,FC#2550
fc,Super Pitfall (USA),超级沙坑探险 （美版）,FC#2551
fc,Super Pitfall II (USA) (Proto),超级陷阱 （美版） （工程版）,FC#2552
fc,Super Real Baseball '88 (Japan),超真实棒球 '88 （日版）,FC#2553
fc,Super Rugby (Japan),超级橄榄球 （日版）,FC#2554
fc,Super Spike V'Ball (Europe),美国沙滩排球锦标赛 （欧版）,FC#2555
fc,Super Spike V'Ball (USA),美国沙滩排球锦标赛 （美版）,FC#2556
fc,Super Spike V'Ball + Nintendo World Cup (USA),美国沙滩排球锦标赛 + 热血足球联盟 （美版）,FC#2557
fc,Super Sports Challenge (Europe) (Plug-Thru Cart) (Unl),运动游戏 - 4 合 1 （欧版） (Plug-Thru Cart) （非官方版）,FC#2558
fc,Super Sports Challenge (Europe) (Unl),运动游戏 - 4 合 1 （欧版） （非官方版）,FC#2559
fc,Super Sprint (Japan),超级冲刺赛车 （日版）,FC#2560
fc,Super Sprint (USA) (Unl),超级冲刺赛车 （美版） （非官方版）,FC#2561
fc,Super Spy Hunter (Europe),超级间谍猎人 （欧版）,FC#2562
fc,Super Spy Hunter (USA),超级间谍猎人 （美版）,FC#2563
fc,Super Star Force (Japan),超级星际武装战机 （日版）,FC#2564
fc,Super Team Games (USA),任天堂跳跳板 - 大运动会 （美版）,FC#2565
fc,Super Turrican (Europe),超级星际战士 （欧版）,FC#2566
fc,Super Xevious - Gump no Nazo (Japan),超级铁板阵 - 坎普之谜 （日版）,FC#2567
fc,Superman (Japan),超人 （日版）,FC#2568
fc,Superman (Japan) (Beta),超人 （日版） （测试版）,FC#2569
fc,Superman (USA) (Kemco),超人 （美版） (Kemco),FC#2570
fc,Superman (USA) (Proto) (Sunsoft),超人 （美版） （工程版） (Sunsoft),FC#2571
fc,Superstar Pro Wrestling (Japan),超级明星职业摔角 （日版）,FC#2572
fc,Swamp Thing (Europe),沼泽怪 （欧版）,FC#2573
fc,Swamp Thing (USA),沼泽怪 （美版）,FC#2574
fc,SWAT - Special Weapons and Tactics (Japan),反恐特警组 （日版）,FC#2575
fc,Sweet Home (Japan),魔屋历险 （日版）,FC#2576
fc,Sweet Home (Japan) (Sample),魔屋历险 （日版） （试玩版）,FC#2577
fc,Sword Master (Europe),剑术大师 （欧版）,FC#2578
fc,Sword Master (Japan),剑术大师 （日版）,FC#2579
fc,Sword Master (USA),剑术大师 （美版）,FC#2580
fc,Swords and Serpents (Europe),宝剑与毒蛇 （欧版）,FC#2581
fc,Swords and Serpents (France),宝剑与毒蛇 （法国版）,FC#2582
fc,Swords and Serpents (USA),宝剑与毒蛇 （美版）,FC#2583
fc,Taan Hak Fung Wan - King Tank (Asia) (Unl),坦克王 （亚洲版） （非官方版）,FC#2584
fc,Taboo - The Sixth Sense (USA),禁忌游戏 - 第六感 （美版）,FC#2585
fc,Taboo - The Sixth Sense (USA) (Rev 1),禁忌游戏 - 第六感 （美版） （修正版 1）,FC#2586
fc,Tag Team Pro-Wrestling (Japan),双人组职业摔角 （日版）,FC#2587
fc,Tag Team Pro-Wrestling Special (Japan) (Sample),组合摔跤 （日版） （试玩版）,FC#2588
fc,Tag Team Wrestling (USA),双人组职业摔角 （美版）,FC#2589
fc,Tagin' Dragon (USA) (Unl),变色龙 （美版） （非官方版）,FC#2590
fc,Taito Basketball (Japan),泰德终极篮球 （日版）,FC#2591
fc,Taito Chase H.Q. (Japan),泰德追踪 HQ （日版）,FC#2592
fc,Taito Grand Prix - Eikou e no License (Japan),追击HQ （日版）,FC#2593
fc,Taiwan Mahjong - Tai Wan Ma Que 16 (Asia) (Ja) (Unl),台湾十六张麻将 （亚洲版） (Ja) （非官方版）,FC#2594
fc,Taiwan Mahjong 2 (Asia) (Ja) (Unl),台湾十六张麻将 II （亚洲版） (Ja) （非官方版）,FC#2595
fc,Taiyou no Shinden (Japan),太阳神殿 （日版）,FC#2596
fc,Taiyou no Yuusha - Fighbird (Japan),太阳勇者 （日版）,FC#2597
fc,Takahashi Meijin no Bouken-jima (Japan),高桥名人的冒险岛 （日版）,FC#2598
fc,Takahashi Meijin no Bouken-jima II (Japan),高桥名人的冒险岛2 （日版）,FC#2599
fc,Takahashi Meijin no Bouken-jima III (Japan),高桥名人的冒险岛3 （日版）,FC#2600
fc,Takahashi Meijin no Bouken-jima IV (Japan),高桥名人的冒险岛4 （日版）,FC#2601
fc,Takahashi Meijin no Bugutte Honey (Japan),高桥名人之蜜蜂女 （日版）,FC#2602
fc,Takeda Shingen (Japan),武田信玄 （日版）,FC#2603
fc,Takeda Shingen 2 (Japan),武田信玄 II （日版）,FC#2604
fc,Takeshi no Chousenjou (Japan),北野武之挑战状 （日版）,FC#2605
fc,Takeshi no Chousenjou (Japan) (Virtual Console),北野武之挑战状 （日版） (Virtual Console),FC#2606
fc,Takeshi no Sengoku Fuuunji (Japan),北野武之战国风云儿 （日版）,FC#2607
fc,Takeshi no Sengoku Fuuunji (Japan) (Beta),北野武之战国风云儿 （日版） （测试版）,FC#2608
fc,"Tale, The - Elrond no Eiyuu (Japan) (Beta)",精灵英雄传说 （日版） （测试版）,FC#2609
fc,TaleSpin (Europe),航空小英雄 （欧版）,FC#2610
fc,TaleSpin (USA),航空小英雄 （美版）,FC#2611
fc,Tamura Koushou Mahjong Seminar (Japan),田村光昭之麻雀研究会 （日版）,FC#2612
fc,Tanigawa Kouji no Shougi Shinan II (Japan),谷川浩司的将棋指南2 （日版）,FC#2613
fc,Tanigawa Kouji no Shougi Shinan III (Japan),谷川浩司的将棋指南3 （日版）,FC#2614
fc,Tank (Asia) (En) (Asder) (Unl),坦克 （亚洲版） (En) (Asder) （非官方版）,FC#2615
fc,Tank (Asia) (En) (Caltron) (Unl),坦克 （亚洲版） (En) (Caltron) （非官方版）,FC#2616
fc,Tanque (Spain) (Gluk Video) (Unl),舌头 （西班牙版） (Gluk Video) （非官方版）,FC#2617
fc,Tantei Jinguuji Saburou - Toki no Sugiyuku Mama ni (Japan),侦探神宫寺三郎:时间的痕迹 （日版）,FC#2618
fc,Tantei Jinguuji Saburou - Yokohamakou Renzoku Satsujin Jiken (Japan),侦探神宫寺三郎 - 横滨港连续杀人事件 （日版）,FC#2619
fc,Tantei Jinguuji Saburou - Yokohamakou Renzoku Satsujin Jiken (Japan) (Virtual Console),侦探神宫寺三郎 - 横滨港连续杀人事件 （日版） (Virtual Console),FC#2620
fc,Tao (Japan),道 （日版）,FC#2621
fc,Target - Renegade (USA),目标 叛徒 （美版）,FC#2622
fc,Taro's Quest (USA) (Proto),塔罗的冒险 （美版） （工程版）,FC#2623
fc,Tasac (Asia) (Ja) (Unl),闪电战机 （亚洲版） (Ja) （非官方版）,FC#2624
fc,Tashiro Masashi no Princess ga Ippai (Japan),田代雅史之拯救公主大作战 （日版）,FC#2625
fc,Tatakae! Chou Robot Seimeitai Transformers - Convoy no Nazo (Japan),战斗吧!超机器人生命体变形金刚 -擎天柱之谜 （日版）,FC#2626
fc,Tatakae! Chou Robot Seimeitai Transformers - Convoy no Nazo (Japan) (Virtual Console),战斗吧!超机器人生命体变形金刚 -擎天柱之谜 （日版） (Virtual Console),FC#2627
fc,Tatakae!! Rahmen Man - Sakuretsu Choujin 102 Gei (Japan),斗将拉面男 - 炸裂超人一○二技艺 （日版）,FC#2628
fc,Tatakai no Banka (Japan),斗者挽歌 （日版）,FC#2629
fc,Tatakai no Banka (Japan) (Rev 1),斗者挽歌 （日版） （修正版 1）,FC#2630
fc,Tecmo Baseball (USA),特库摩棒球 （美版）,FC#2631
fc,Tecmo Bowl (Japan),特库摩美式足球 （日版）,FC#2632
fc,Tecmo Bowl (USA),特库摩美式足球 （美版）,FC#2633
fc,Tecmo Bowl (USA) (Beta),特库摩美式足球 （美版） （测试版）,FC#2634
fc,Tecmo Bowl (USA) (Rev 1),特库摩美式足球 （美版） （修正版 1）,FC#2635
fc,Tecmo Bowl (USA) (Rev 1) (Virtual Console),特库摩美式足球 （美版） （修正版 1） (Virtual Console),FC#2636
fc,Tecmo Cup - Football Game (Europe),特库摩足球 （欧版）,FC#2637
fc,Tecmo Cup - Football Game (Spain),特库摩足球 （西班牙版）,FC#2638
fc,Tecmo Cup - Soccer Game (USA),特库摩足球 （美版）,FC#2639
fc,Tecmo NBA Basketball (USA) (NES-BK),特库摩美国职篮 （美版） (NES-BK),FC#2640
fc,Tecmo NBA Basketball (USA) (NES-BK) (Rev 1),特库摩美国职篮 （美版） (NES-BK) （修正版 1）,FC#2641
fc,Tecmo NBA Basketball (USA) (NES-N7),特库摩美国职篮 （美版） (NES-N7),FC#2642
fc,Tecmo Super Bowl (Japan),特库摩超级美式足球 （日版）,FC#2643
fc,Tecmo Super Bowl (USA),特库摩超级美式足球 （美版）,FC#2644
fc,Tecmo Super Bowl (USA) (Beta),特库摩超级美式足球 （美版） （测试版）,FC#2645
fc,Tecmo World Cup Soccer (Europe),特库摩世界杯足球 （欧版）,FC#2646
fc,Tecmo World Cup Soccer (Japan),特库摩世界杯足球 （日版）,FC#2647
fc,Tecmo World Wrestling (Europe),激斗摔角 - 斗魂传说 （欧版）,FC#2648
fc,Tecmo World Wrestling (USA),激斗摔角 - 斗魂传说 （美版）,FC#2649
fc,Teenage Mutant Hero Turtles (Europe),忍者龟 - 激龟忍者传 （欧版）,FC#2650
fc,Teenage Mutant Hero Turtles (Europe) (Virtual Console),忍者龟 - 激龟忍者传 （欧版） (Virtual Console),FC#2651
fc,Teenage Mutant Hero Turtles - Tournament Fighters (Europe),忍者龟 - 格斗大会 （欧版）,FC#2652
fc,Teenage Mutant Hero Turtles II - The Arcade Game (Europe),忍者龟 - 街机移植版 （欧版）,FC#2653
fc,Teenage Mutant Ninja Turtles (Italy),忍者龟 - 激龟忍者传 （意大利版）,FC#2654
fc,Teenage Mutant Ninja Turtles (Japan),忍者龟 - 激龟忍者传 （日版）,FC#2655
fc,Teenage Mutant Ninja Turtles (USA),忍者龟 - 激龟忍者传 （美版）,FC#2656
fc,Teenage Mutant Ninja Turtles (USA) (Beta),忍者龟 - 激龟忍者传 （美版） （测试版）,FC#2657
fc,Teenage Mutant Ninja Turtles (USA) (Virtual Console),忍者龟 - 激龟忍者传 （美版） (Virtual Console),FC#2658
fc,Teenage Mutant Ninja Turtles - Tournament Fighters (USA),忍者龟 - 格斗大会 （美版）,FC#2659
fc,Teenage Mutant Ninja Turtles 2 - The Manhattan Project (Japan),忍者神龟2-曼哈顿计划 （日版）,FC#2660
fc,Teenage Mutant Ninja Turtles II - The Arcade Game (Australia),忍者龟 - 街机移植版 （澳洲版）,FC#2661
fc,Teenage Mutant Ninja Turtles II - The Arcade Game (USA),忍者龟 - 街机移植版 （美版）,FC#2662
fc,Teenage Mutant Ninja Turtles II - The Arcade Game (USA) (Sample),忍者龟 - 街机移植版 （美版） （试玩版）,FC#2663
fc,Teenage Mutant Ninja Turtles III - The Manhattan Project (USA),忍者龟 - 曼哈顿计划 （美版）,FC#2664
fc,Tenchi o Kurau (Japan),吞食天地 （日版）,FC#2665
fc,Tenchi o Kurau (Japan) (Rev A),吞食天地 （日版） (Rev A),FC#2666
fc,Tenchi o Kurau II - Shokatsu Koumei Den (Japan),吞食天地2:诸葛孔明传 （日版）,FC#2667
fc,Tenchi o Kurau II - Shokatsu Koumei Den (Japan) (Rev A),吞食天地2:诸葛孔明传 （日版） (Rev A),FC#2668
fc,Tenka no Goikenban - Mito Koumon (Japan),水户黄门 （日版）,FC#2669
fc,Tenkaichi Bushi - Keru Naguuru (Japan),天下一武士 （日版）,FC#2670
fc,Tennis (Europe),任天堂网球 （欧版）,FC#2671
fc,"Tennis (Japan, USA)",任天堂网球 （日版，美版）,FC#2672
fc,"Tennis (Japan, USA) (GameCube Edition)",任天堂网球 （日版，美版） (GameCube Edition),FC#2673
fc,Terao no Dosukoi Oozumou (Japan),寺尾之大相扑道场 （日版）,FC#2674
fc,Terminator 2 (Japan),终结者2 （日版）,FC#2675
fc,Terminator 2 - Judgment Day (Europe),魔鬼终结者 II - 审判日 （欧版）,FC#2676
fc,Terminator 2 - Judgment Day (USA),魔鬼终结者 II - 审判日 （美版）,FC#2677
fc,Terminator 2 - Judgment Day (USA) (Beta),魔鬼终结者 II - 审判日 （美版） （测试版）,FC#2678
fc,"Terminator, The (USA, Europe)",魔鬼终结者 （美版 欧版）,FC#2679
fc,Terra Cresta (Japan),神鹰一号 （日版）,FC#2680
fc,Terra Cresta (USA),神鹰一号 （美版）,FC#2681
fc,Tetrastar - The Fighter (Japan),战斗之星 （日版）,FC#2682
fc,Tetris (Bulletproof) (Japan),俄罗斯方块 (Bulletproof) （日版）,FC#2683
fc,Tetris (Bulletproof) (Japan) (Rev 1),俄罗斯方块 (Bulletproof) （日版） （修正版 1）,FC#2684
fc,Tetris (Bulletproof) (Japan) (Rev 2),俄罗斯方块 (Bulletproof) （日版） （修正版 2）,FC#2685
fc,Tetris (Europe),俄罗斯方块 （欧版）,FC#2686
fc,Tetris (USA),俄罗斯方块 （美版）,FC#2687
fc,Tetris (USA) (Tengen) (Unl),俄罗斯方块 （美版） (Tengen) （非官方版）,FC#2688
fc,Tetris 2 (Europe),俄罗斯方块 II （欧版）,FC#2689
fc,Tetris 2 (USA),俄罗斯方块 II （美版）,FC#2690
fc,Tetris 2 + Bombliss (Japan),俄罗斯方块 II + 轰炸方块 （日版）,FC#2691
fc,Tetris 2 + Bombliss (Japan) (Rev 1),俄罗斯方块 II + 轰炸方块 （日版） （修正版 1）,FC#2692
fc,Tetris Flash (Japan),俄罗斯方块 II （日版）,FC#2693
fc,Tetsudou Ou - Famicom Boardgame (Japan),铁道王 - 任天堂纸上游戏 （日版）,FC#2694
fc,Tetsuwan Atom (Japan),原子小金刚 （日版）,FC#2695
fc,Thexder (Japan),飞天战神 （日版）,FC#2696
fc,Thomas the Tank Engine & Friends (USA) (Proto),托马斯和朋友 （美版） （工程版）,FC#2697
fc,"Three Stooges, The (USA)",三傻行大运 （美版）,FC#2698
fc,"Three Stooges, The (USA) (Beta) (1989-02-23)",三傻行大运 （美版） （测试版） (1989-02-23),FC#2699
fc,Thunder & Lightning (USA),雷电 （美版）,FC#2700
fc,Thunder Warrior (Asia) (Ja) (Unl),轰天至尊 （亚洲版） (Ja) （非官方版）,FC#2701
fc,Thunderbirds (Japan),雷鸟神机队 （日版）,FC#2702
fc,Thunderbirds (USA),雷鸟神机队 （美版）,FC#2703
fc,Thundercade (USA),特殊任务 （美版）,FC#2704
fc,Tiger-Heli (Europe),虎式直升机 （欧版）,FC#2705
fc,Tiger-Heli (Europe) (Rev 1),虎式直升机 （欧版） （修正版 1）,FC#2706
fc,Tiger-Heli (Japan),虎式直升机 （日版）,FC#2707
fc,Tiger-Heli (USA),虎式直升机 （美版）,FC#2708
fc,Tiles of Fate (USA) (Unl),天命麻将 （美版） （非官方版）,FC#2709
fc,Time Diver - Avenger (Asia) (En) (Unl),时间旅行者-复仇者 （亚洲版） (En) （非官方版）,FC#2710
fc,Time Diver - Eon Man (USA) (Proto),时间旅行者-伊恩曼 （美版） （工程版）,FC#2711
fc,Time Lord (Europe),时间统治者 （欧版）,FC#2712
fc,Time Lord (USA),时间统治者 （美版）,FC#2713
fc,Time Zone (Japan),时空地带 （日版）,FC#2714
fc,Times of Lore (Japan),时空勇士 （日版）,FC#2715
fc,Times of Lore (USA),时空勇士 （美版）,FC#2716
fc,Tiny Toon Adventures (Europe),兔宝宝大冒险 （欧版）,FC#2717
fc,Tiny Toon Adventures (Japan),兔宝宝大冒险 （日版）,FC#2718
fc,Tiny Toon Adventures (USA),兔宝宝大冒险 （美版）,FC#2719
fc,Tiny Toon Adventures 2 - Montana Land e Youkoso (Japan),兔宝宝历险记2 （日版）,FC#2720
fc,Tiny Toon Adventures 2 - Trouble in Wackyland (Europe),兔宝宝大冒险 II - 蒙大拿岛历险记 （欧版）,FC#2721
fc,Tiny Toon Adventures 2 - Trouble in Wackyland (USA),兔宝宝大冒险 II - 蒙大拿岛历险记 （美版）,FC#2722
fc,Tiny Toon Adventures Cartoon Workshop (Europe),兔宝宝大冒险 - 卡通工作室 （欧版）,FC#2723
fc,Tiny Toon Adventures Cartoon Workshop (USA),兔宝宝大冒险 - 卡通工作室 （美版）,FC#2724
fc,Titan (Japan),泰坦弹珠 （日版）,FC#2725
fc,Titan Warriors (USA) (Proto),泰坦战士 （美版） （工程版）,FC#2726
fc,TM Network - Live in Power Bowl (Japan),实况演唱会 （日版）,FC#2727
fc,To the Earth (Europe),前往地球 （欧版）,FC#2728
fc,To the Earth (USA),前往地球 （美版）,FC#2729
fc,Toki (USA),JUJU 传说 （美版）,FC#2730
fc,Toki (USA) (Beta),JUJU 传说 （美版） （测试版）,FC#2731
fc,Toki no Tabibito - Time Stranger (Japan),时间旅行者 （日版）,FC#2732
fc,Tokkyuu Shirei Solbrain (Japan),特救指令 （日版）,FC#2733
fc,Tokoro-san no Mamoru mo Semeru mo (Japan),百战大出击 （日版）,FC#2734
fc,Tom & Jerry (Japan),猫和老鼠 （日版）,FC#2735
fc,Tom & Jerry - The Ultimate Game of Cat and Mouse! (Europe),猫和老鼠终极版 （欧版）,FC#2736
fc,Tom & Jerry - The Ultimate Game of Cat and Mouse! (USA),猫和老鼠终极版 （美版）,FC#2737
fc,Tom Sawyer no Bouken (Japan),汤姆冒险记 （日版）,FC#2738
fc,Tombs & Treasure (USA),坟墓和宝藏 （美版）,FC#2739
fc,Tommy T'S Sound Editor (USA) (Proto) (Program),汤米的声音编辑 （美版） （工程版） (Program),FC#2740
fc,Toobin' (Korea) (Supercom) (Unl),激流竞赛 (Korea) (Supercom) （非官方版）,FC#2741
fc,Toobin' (USA) (Unl),激流竞赛 （美版） （非官方版）,FC#2742
fc,Top Gun (Europe),捍卫战士 （欧版）,FC#2743
fc,Top Gun (Japan),捍卫战士 （日版）,FC#2744
fc,Top Gun (USA),捍卫战士 （美版）,FC#2745
fc,Top Gun (USA) (Rev 1),捍卫战士 （美版） （修正版 1）,FC#2746
fc,Top Gun - Dual Fighters (Japan),捍卫战士 II （日版）,FC#2747
fc,Top Gun - The Second Mission (Europe),捍卫战士 II （欧版）,FC#2748
fc,Top Gun - The Second Mission (USA),捍卫战士 II （美版）,FC#2749
fc,Top Rider (Japan),顶尖机车赛 （日版）,FC#2750
fc,Top Striker (Japan),顶尖足球 （日版）,FC#2751
fc,Total Funpak (Australia) (Unl),欢乐合卡 - 4 合 1 （澳洲版） （非官方版）,FC#2752
fc,Total Recall (Europe),魔鬼总动员 （欧版）,FC#2753
fc,Total Recall (USA),魔鬼总动员 （美版）,FC#2754
fc,Totally Rad (Europe),魔法约翰 （欧版）,FC#2755
fc,Totally Rad (USA),魔法约翰 （美版）,FC#2756
fc,Totsuzen! Macchoman (Japan),荒岛落难记 （日版）,FC#2757
fc,Totsuzen! Macchoman (Japan) (Beta),荒岛落难记 （日版） （测试版）,FC#2758
fc,Touchdown Fever (USA),美式橄榄球 （美版）,FC#2759
fc,Touhou Kenbun Roku (Japan),东方见闻录 （日版）,FC#2760
fc,Toukon Club (Japan),斗魂俱乐部 （日版）,FC#2761
fc,Toukyou Pachi-Slot Adventure (Japan),东京柏青哥大冒险 （日版）,FC#2762
fc,Toukyou Pachi-Slot Adventure (Japan) (Rev 1),东京柏青哥大冒险 （日版） （修正版 1）,FC#2763
fc,Tower of Radia (USA) (Proto),拉迪亚之塔 （美版） （工程版）,FC#2764
fc,Town & Country Surf Designs - Thrilla's Surfari (USA),乡镇滑板 （美版）,FC#2765
fc,Town & Country Surf Designs - Wood & Water Rage (USA),乡镇滑板 木头与水愤怒 （美版）,FC#2766
fc,Toxic Crusaders (USA),毒魔侠 （美版）,FC#2767
fc,Track & Field (USA),田径 （美版）,FC#2768
fc,Track & Field II (Europe),田径2 （欧版）,FC#2769
fc,Track & Field II (USA),田径2 （美版）,FC#2770
fc,Track & Field II (USA) (Rev A),田径2 （美版） (Rev A),FC#2771
fc,Track & Field in Barcelona (Europe),巴塞罗那田径 （欧版）,FC#2772
fc,Treasure Master (USA),寻宝大师 （美版）,FC#2773
fc,"Triathron, The (Japan)",三项铁人竞赛 （日版）,FC#2774
fc,Trog! (Europe),抢救龙蛋大作战 （欧版）,FC#2775
fc,Trog! (USA),抢救龙蛋大作战 （美版）,FC#2776
fc,Trojan (Europe),斗者挽歌 （欧版）,FC#2777
fc,Trojan (USA),斗者挽歌 （美版）,FC#2778
fc,"Trolls in Crazyland, The (Europe)",食人妖之疯狂岛大冒险 （欧版）,FC#2779
fc,Trolls on Treasure Island (USA) (Unl),食人妖之金银岛大冒险 （美版） （非官方版）,FC#2780
fc,Tsuppari Oozumou (Japan),顶上大相扑 （日版）,FC#2781
fc,Tsuppari Oozumou (Japan) (Virtual Console),顶上大相扑 （日版） (Virtual Console),FC#2782
fc,Tsuppari Wars (Japan),极道战争 （日版）,FC#2783
fc,Tsuri Kichi Sanpei - Blue Marlin Hen (Japan),天才小钓手 - 蓝色马林鱼篇 （日版）,FC#2784
fc,Tsuru Pika Hagemaru - Mezase! Tsuru Seko no Akashi (Japan),爆笑小福星 （日版）,FC#2785
fc,Tu Ji (Asia) (Unl),突击 （亚洲版） （非官方版）,FC#2786
fc,Turbo Racing (Europe),涡轮大赛车 （欧版）,FC#2787
fc,Twin Cobra (USA),究极虎 （美版）,FC#2788
fc,Twin Eagle (Asia) (Ja) (PAL) (Unl),双鹰 （亚洲版） (Ja) (PAL) （非官方版）,FC#2789
fc,Twin Eagle (Japan),双鹰 （日版）,FC#2790
fc,Twin Eagle (USA),双鹰 （美版）,FC#2791
fc,TwinBee (Japan),兵蜂 （日版）,FC#2792
fc,TwinBee 3 - Poko Poko Daimaou (Japan),兵蜂3 （日版）,FC#2793
fc,TwinBee 3 - Poko Poko Daimaou (Japan) (Sample),兵蜂3 （日版） （试玩版）,FC#2794
fc,U-Force Power Games (USA) (Proto 1),U力量游戏合集 （美版） （工程版1）,FC#2795
fc,U-Force Power Games (USA) (Proto 2) [b],U力量游戏合集 （美版） （工程版2） [b],FC#2796
fc,U-Force Test (USA) (Test Program),任天堂测试卡 （美版） (Test Program),FC#2797
fc,U.S. Championship V'Ball (Japan),美国沙滩排球锦标赛 （日版）,FC#2798
fc,U.S. Championship V'Ball (Japan) (Sample),美国沙滩排球锦标赛 （日版） （试玩版）,FC#2799
fc,Uchuu Keibitai SDF (Japan),宇宙警备队 （日版）,FC#2800
fc,Uchuusen Cosmo Carrier (Japan),宇宙船COSMO （日版）,FC#2801
fc,Ufouria - The Saga (Europe),迷糊蛋 （欧版）,FC#2802
fc,Ufouria - The Saga (Europe) (Beta),迷糊蛋 （欧版） （测试版）,FC#2803
fc,"Ufouria - The Saga (USA, Europe) (Wii U Virtual Console)",迷糊蛋 （美版 欧版） (Wii U Virtual Console),FC#2804
fc,"Ufouria - The Saga (USA, Europe) (Wii Virtual Console)",迷糊蛋 （美版 欧版） (Wii Virtual Console),FC#2805
fc,Ultima - Exodus (USA),创世纪 - 艾索德斯 （美版）,FC#2806
fc,Ultima - Kyoufu no Exodus (Japan),爱儿和朋友们 （日版）,FC#2807
fc,Ultima - Quest of the Avatar (USA),创世纪 - 圣者之道 （美版）,FC#2808
fc,Ultima - Seija e no Michi (Japan),爱儿和朋友们 （日版）,FC#2809
fc,Ultima - Warriors of Destiny (USA),创世纪 - 命运斗士 （美版）,FC#2810
fc,"Ultimate Air Combat (Europe) (En,Fr,De)","铁鹰战士 III - 终极空战 （欧版） (En,Fr,De)",FC#2811
fc,"Ultimate Air Combat (Europe) (En,Fr,De) (Beta)","铁鹰战士 III - 终极空战 （欧版） (En,Fr,De) （测试版）",FC#2812
fc,Ultimate Air Combat (USA),铁鹰战士 III - 终极空战 （美版）,FC#2813
fc,Ultimate Basketball (USA),泰德终极篮球 （美版）,FC#2814
fc,Ultimate League Soccer (Europe) (Unl),终极足球联盟大赛 （欧版） （非官方版）,FC#2815
fc,Ultimate League Soccer (USA) (Unl),终极足球联盟大赛 （美版） （非官方版）,FC#2816
fc,"Ultimate Stuntman, The (Asia) (En) (Unl)",终极特技英雄 （亚洲版） (En) （非官方版）,FC#2817
fc,"Ultimate Stuntman, The (USA) (Unl)",终极特技英雄 （美版） （非官方版）,FC#2818
fc,Ultraman Club - Kaijuu Daikessen!! (Japan),奥特曼俱乐部 （日版）,FC#2819
fc,Ultraman Club 2 - Kaettekita Ultraman Club (Japan),超人力霸王俱乐部 II （日版）,FC#2820
fc,Ultraman Club 3 - Matamata Shutsugeki!! Ultra Kyoudai (Japan),奥特曼俱乐部3 （日版）,FC#2821
fc,"Uncanny X-Men, The (USA)",特异功能组 （美版）,FC#2822
fc,Uncharted Waters (USA),大航海时代 （美版）,FC#2823
fc,Uninvited (USA),恶魔招待状 （美版）,FC#2824
fc,"Universe Soldiers, The (Asia) (En) (Unl)",宇宙战士 （亚洲版） (En) （非官方版）,FC#2825
fc,"Untouchables, The (Japan)",铁面无私 （日版）,FC#2826
fc,"Untouchables, The (USA)",铁面无私 （美版）,FC#2827
fc,"Untouchables, The (USA) (Rev 1)",铁面无私 （美版） （修正版 1）,FC#2828
fc,"Untouchables, The (USA) (Rev 2)",铁面无私 （美版） （修正版 2）,FC#2829
fc,Urban Champion (World),都市冠军 （世界版）,FC#2830
fc,Urusei Yatsura - Lum no Wedding Bell (Japan),福星小子 - 拉姆的结婚铃 （日版）,FC#2831
fc,Urusei Yatsura - Lum no Wedding Bell (Japan) (Beta),福星小子 - 拉姆的结婚铃 （日版） （测试版）,FC#2832
fc,USA Ice Hockey in FC (Japan),美国冰上曲棍球 （日版）,FC#2833
fc,Ushio to Tora - Shinen no Taiyou (Japan),潮与虎 （日版）,FC#2834
fc,Utsurun Desu - Kawauso Hawaii e Iku (Japan),传染总动员 （日版）,FC#2835
fc,UWC (USA) (Proto),环球摔跤公司 （美版） （工程版）,FC#2836
fc,Valkyrie no Bouken - Toki no Kagi Densetsu (Japan),女武神大冒险 - 时之键传说 （日版）,FC#2837
fc,Valkyrie no Bouken - Toki no Kagi Densetsu (Japan) (Virtual Console),女武神大冒险 - 时之键传说 （日版） (Virtual Console),FC#2838
fc,Vegas Connection - Casino kara Ai o Komete (Japan),连接维加斯:我爱赌城 （日版）,FC#2839
fc,Vegas Dream (USA),赌城之梦 （美版）,FC#2840
fc,Venice Beach Volleyball (Asia) (Ja) (Idea-Tek) (Unl),威尼斯沙滩排球赛 （亚洲版） (Ja) (Idea-Tek) （非官方版）,FC#2841
fc,Venice Beach Volleyball (Asia) (Ja) (Super Mega) (Unl),威尼斯沙滩排球赛 （亚洲版） (Ja) (Super Mega) （非官方版）,FC#2842
fc,Venice Beach Volleyball (USA) (Beta) (Unl),威尼斯沙滩排球赛 （美版） （测试版） （非官方版）,FC#2843
fc,Venice Beach Volleyball (USA) (Unl),威尼斯沙滩排球赛 （美版） （非官方版）,FC#2844
fc,Venus Senki - Back the City (Japan),金星战记 （日版）,FC#2845
fc,Vice - Project Doom (USA),毁灭计划 （美版）,FC#2846
fc,Videomation (USA),动态视讯大师 （美版）,FC#2847
fc,Vindicators (USA) (Unl),维护者坦克 （美版） （非官方版）,FC#2848
fc,Virus (USA) (Beta) (1989-xx-xx),病毒 （美版） （测试版） (1989-xx-xx),FC#2849
fc,Virus (USA) (Beta) (1990-02-02),病毒 （美版） （测试版） (1990-02-02),FC#2850
fc,Virus (USA) (Beta) (1990-03-xx),病毒 （美版） （测试版） (1990-03-xx),FC#2851
fc,Viva! Las Vegas (Japan),赌城之梦 （日版）,FC#2852
fc,Volguard II (Japan),高机动战斗 II （日版）,FC#2853
fc,Volley Ball (Spain) (Gluk Video) (Unl),排球 （西班牙版） (Gluk Video) （非官方版）,FC#2854
fc,"Volleyball (USA, Europe)",任天堂排球 （美版 欧版）,FC#2855
fc,"Volleyball (USA, Europe) (Virtual Console)",任天堂排球 （美版 欧版） (Virtual Console),FC#2856
fc,Wacky Races (USA),顽皮狗 （美版）,FC#2857
fc,Wagyan Land (Japan),瓦强世界 （日版）,FC#2858
fc,Wagyan Land 2 (Japan),瓦强世界2 （日版）,FC#2859
fc,Wagyan Land 2 (Japan) (Virtual Console),瓦强世界2 （日版） (Virtual Console),FC#2860
fc,Wagyan Land 3 (Japan),瓦强世界3 （日版）,FC#2861
fc,Wai Wai World 2 - SOS!! Paseri Jou (Japan),科拿米世界 II （日版）,FC#2862
fc,Wai Wai World 2 - SOS!! Paseri Jou (Japan) (Virtual Console),科拿米世界 II （日版） (Virtual Console),FC#2863
fc,Wai Xing Zhan Shi (Asia) (Unl),外星战士 （亚洲版） （非官方版）,FC#2864
fc,Wait and See! (Asia) (En) (Unl),等着瞧 （亚洲版） (En) （非官方版）,FC#2865
fc,Wall Street Kid (USA),华尔街小子 （美版）,FC#2866
fc,Wally Bear and the No! Gang (USA) (Beta) (Unl),威利熊 （美版） （测试版） （非官方版）,FC#2867
fc,Wally Bear and the No! Gang (USA) (Unl),威利熊 （美版） （非官方版）,FC#2868
fc,Wang Zi Fu Chou Ji (Asia) (Unl),王子复仇记 （亚洲版） （非官方版）,FC#2869
fc,Wanpaku Duck Yume Bouken (Japan),唐老鸭梦冒险 （日版）,FC#2870
fc,Wanpaku Duck Yume Bouken (Japan) (Beta),唐老鸭梦冒险 （日版） （测试版）,FC#2871
fc,Wanpaku Kokkun no Gourmet World (Japan),超级厨师之美食家世界 （日版）,FC#2872
fc,"War in the Gulf ~ Guerra del Golfo, La (Brazil, Spain) (CCE, Gluk Video) (Unl)","高尔夫之战 (Brazil, Spain) (CCE, Gluk Video) （非官方版）",FC#2873
fc,War on Wheels (USA) (Proto),车轮上的战争 （美版） （工程版）,FC#2874
fc,Wario no Mori (Japan) (En),坏璃欧森林 （日版） (En),FC#2875
fc,Wario's Woods (Europe),坏璃欧森林 （欧版）,FC#2876
fc,Wario's Woods (USA),坏璃欧森林 （美版）,FC#2877
fc,Warpman (Japan),太空守护者 （日版）,FC#2878
fc,Wayne Gretzky Hockey (USA),韦恩葛瑞兹基之冰上曲棍球 （美版）,FC#2879
fc,Wayne's World (USA),反斗智多星 （美版）,FC#2880
fc,WCW World Championship Wrestling (USA),超级明星职业摔角 （美版）,FC#2881
fc,Wei Lai Xiao Zi (Asia) (Ja) (Unl),未来小子 （亚洲版） (Ja) （非官方版）,FC#2882
fc,Werewolf - The Last Warrior (Europe),超人狼战记 （欧版）,FC#2883
fc,Werewolf - The Last Warrior (USA),超人狼战记 （美版）,FC#2884
fc,Western Kids (Japan),西部小子 （日版）,FC#2885
fc,Wheel of Fortune (USA),幸运之轮 （美版）,FC#2886
fc,Wheel of Fortune (USA) (Rev 1),幸运之轮 （美版） （修正版 1）,FC#2887
fc,Wheel of Fortune - Family Edition (USA),幸运之轮家庭版 （美版）,FC#2888
fc,Wheel of Fortune - Junior Edition (USA),幸运之轮儿童版 （美版）,FC#2889
fc,Wheel of Fortune Featuring Vanna White (USA),幸运之轮 （美版）,FC#2890
fc,Where in Time Is Carmen Sandiego (USA),卡门圣地牙哥时刻 （美版）,FC#2891
fc,Where's Waldo (USA),眼力训练游戏 - 瓦德在哪里 （美版）,FC#2892
fc,White Lion Densetsu - Pyramid no Kanata ni (Japan),白狮传说 （日版）,FC#2893
fc,Who Framed Roger Rabbit (USA),威探闯通关 （美版）,FC#2894
fc,Whomp 'Em (USA),西游记2 （美版）,FC#2895
fc,Widget (USA),威奇精灵 （美版）,FC#2896
fc,"Wild Gunman (Japan, USA)",荒野枪手 （日版，美版）,FC#2897
fc,Wild Gunman (World) (Rev 1),荒野枪手 （世界版） （修正版 1）,FC#2898
fc,Willow (Europe),威洛之旅 （欧版）,FC#2899
fc,Willow (Japan),威洛之旅 （日版）,FC#2900
fc,Willow (USA),威洛之旅 （美版）,FC#2901
fc,Wily & Right no Rockboard - That's Paradise (Japan),威利和莱特在洛克棋盘 洛克人乐园 （日版）,FC#2902
fc,"Win, Lose or Draw (USA)",胜负大对决 （美版）,FC#2903
fc,Winter Games (USA),冬季运动会 （美版）,FC#2904
fc,Winter Games (USA) (Rev 1),冬季运动会 （美版） （修正版 1）,FC#2905
fc,Wit's (Japan),维兹超人 （日版）,FC#2906
fc,Wizardry - Knight of Diamonds - The Second Scenario (USA),巫术2:钻石骑士 （美版）,FC#2907
fc,Wizardry - Proving Grounds of the Mad Overlord (Japan),巫术 - 疯狂城主的试练场 （日版）,FC#2908
fc,Wizardry - Proving Grounds of the Mad Overlord (USA),巫术 - 疯狂城主的试练场 （美版）,FC#2909
fc,Wizardry II - Llylgamyn no Isan (Japan),巫术2:钻石骑士 （日版）,FC#2910
fc,Wizardry III - Diamond no Kishi (Japan),巫术 III  - 钻石骑士 （日版）,FC#2911
fc,Wizards & Warriors (Europe),巫术 （欧版）,FC#2912
fc,Wizards & Warriors (USA),巫术 （美版）,FC#2913
fc,Wizards & Warriors (USA) (Rev 1),巫术 （美版） （修正版 1）,FC#2914
fc,Wizards & Warriors III - Kuros...Visions of Power (Europe),巫术3 看见力量 （欧版）,FC#2915
fc,Wizards & Warriors III - Kuros...Visions of Power (USA),巫术3 看见力量 （美版）,FC#2916
fc,Wolverine (USA),特异功能组 - 金刚狼 （美版）,FC#2917
fc,"Wonderland Dizzy (Europe) (En,Fr,Es,Nl,Pt,Pl) (2015) (Unl)","仙境眩晕 （欧版） (En,Fr,Es,Nl,Pt,Pl) (2015) （非官方版）",FC#2918
fc,"Wonderland Dizzy (Europe) (En,Fr,Es,Nl,Pt,Pl) (Proto) (1993-09-24) (Unl)","仙境眩晕 （欧版） (En,Fr,Es,Nl,Pt,Pl) （工程版） (1993-09-24) （非官方版）",FC#2919
fc,Woody Poko (Japan),森林大冒险 （日版）,FC#2920
fc,World Boxing (Japan),世界拳击赛 （日版）,FC#2921
fc,World Champ (Europe),世界冠军 （欧版）,FC#2922
fc,World Champ (USA),世界冠军 （美版）,FC#2923
fc,World Class Track Meet (USA),任天堂跳跳板 - 田径运动会 （美版）,FC#2924
fc,World Class Track Meet (USA) (Rev 1),任天堂跳跳板 - 田径运动会 （美版） （修正版 1）,FC#2925
fc,World Games (USA),世界运动会 （美版）,FC#2926
fc,World Grand-Prix - Pole to Finish (Japan),世界方程式大赛车 （日版）,FC#2927
fc,"World of Card Games, The (Asia) (Ja) (Unl)",扑克集锦 （亚洲版） (Ja) （非官方版）,FC#2928
fc,World Super Tennis (Japan),世界杯网球赛 （日版）,FC#2929
fc,Wrath of the Black Manta (Europe),忍者警察 （欧版）,FC#2930
fc,Wrath of the Black Manta (USA),忍者警察 （美版）,FC#2931
fc,Wrath of the Black Manta (USA) (Rev 1),忍者警察 （美版） （修正版 1）,FC#2932
fc,Wrecking Crew (World),玛璃欧拆屋工 （世界版）,FC#2933
fc,Wrecking Crew (World) (Virtual Console),玛璃欧拆屋工 （世界版） (Virtual Console),FC#2934
fc,Wurm - Journey to the Center of the Earth! (USA),地底大作战 （美版）,FC#2935
fc,WWF King of the Ring (Europe),世界摔角联盟 - 冠军之路 （欧版）,FC#2936
fc,WWF King of the Ring (USA),世界摔角联盟 - 冠军之路 （美版）,FC#2937
fc,WWF Wrestlemania (Europe),世界摔角联盟 - 狂热摔角 （欧版）,FC#2938
fc,WWF Wrestlemania (USA),世界摔角联盟 - 狂热摔角 （美版）,FC#2939
fc,WWF Wrestlemania - Steel Cage Challenge (Europe),WWF摔跤 铁笼挑战赛 （欧版）,FC#2940
fc,WWF Wrestlemania - Steel Cage Challenge (USA),WWF摔跤 铁笼挑战赛 （美版）,FC#2941
fc,WWF Wrestlemania Challenge (Europe),世界摔角联盟 - 狂热摔角锦标赛 （欧版）,FC#2942
fc,WWF Wrestlemania Challenge (Japan),世界摔角联盟 - 狂热摔角锦标赛 （日版）,FC#2943
fc,WWF Wrestlemania Challenge (USA),世界摔角联盟 - 狂热摔角锦标赛 （美版）,FC#2944
fc,Xenophobe (USA),外星大作战 （美版）,FC#2945
fc,Xevious (Europe),铁板阵 （欧版）,FC#2946
fc,Xevious (Japan) (En),铁板阵 （日版） (En),FC#2947
fc,Xevious (Japan) (En) (Rev 1),铁板阵 （日版） (En) （修正版 1）,FC#2948
fc,Xevious - The Avenger (USA),铁板阵 （美版）,FC#2949
fc,Xexyz (USA),乌龟报恩 （美版）,FC#2950
fc,Xiao Ma Li (Asia) (Idea-Tek) (Unl),小玛丽 （亚洲版） (Idea-Tek) （非官方版）,FC#2951
fc,Xiao Ma Li (Asia) (Nei-Hu) (Unl),小玛丽 （亚洲版） (Nei-Hu) （非官方版）,FC#2952
fc,Xing He Zhan Shi (Asia) (Unl),外星战士 （亚洲版） （非官方版）,FC#2953
fc,Xing Ji Zheng Ba (Asia) (Unl),外星战士 （亚洲版） （非官方版）,FC#2954
fc,Xing Zhan Qing Yuan (Asia) (Unl),外星战士 （亚洲版） （非官方版）,FC#2955
fc,Xybots (USA) (Proto) (Unl),迷宫任务 （美版） （工程版） （非官方版）,FC#2956
fc,Yamamura Misa Suspense Series - Kyoto Zai-Tech Satsujin Jiken (Japan),山村美紗サスペンス 京都鞍馬山荘殺人事件 （日版）,FC#2957
fc,Yami no Shigotonin Kage (Japan),赤影战士 （日版）,FC#2958
fc,Yasuda Fire & Marine - Safety Rally (Japan),安田消防与海上安全集会 （日版）,FC#2959
fc,Yie Ar Kung-Fu (Japan) (Rev 1.2),功夫小子 （日版） (Rev 1.2),FC#2960
fc,Yie Ar Kung-Fu (Japan) (Rev 1.4),功夫小子 （日版） (Rev 1.4),FC#2961
fc,Ying Lie Qun Xia Zhuan (Asia) (Unl),英烈群侠传 （亚洲版） （非官方版）,FC#2962
fc,Ying Xiong Yuan Yi Jing Chuan Qi (Asia) (Unl),勇者斗恶龙 （亚洲版） （非官方版）,FC#2963
fc,Yo! Noid (USA),溜溜球大师 （美版）,FC#2964
fc,Yo! Noid (USA) (Beta),溜溜球大师 （美版） （测试版）,FC#2965
fc,Yoshi (USA),耀西的蛋 （美版）,FC#2966
fc,Yoshi no Cookie (Japan),耀西的饼干 （日版）,FC#2967
fc,Yoshi no Tamago (Japan),耀西的蛋 （日版）,FC#2968
fc,Yoshi's Cookie (Europe),耀西的饼干 （欧版）,FC#2969
fc,Yoshi's Cookie (Europe) (Virtual Console),耀西的饼干 （欧版） (Virtual Console),FC#2970
fc,Yoshi's Cookie (USA),耀西的饼干 （美版）,FC#2971
fc,Yoshi's Cookie (USA) (Virtual Console),耀西的饼干 （美版） (Virtual Console),FC#2972
fc,You Ling Xing Dong (Asia) (Unl),幽灵行动 （亚洲版） （非官方版）,FC#2973
fc,Youkai Club (Japan),妖怪俱乐部 （日版）,FC#2974
fc,Youkai Douchuuki (Japan),妖怪道中记 （日版）,FC#2975
fc,Youkai Douchuuki (Japan) (Virtual Console),妖怪道中记 （日版） (Virtual Console),FC#2976
fc,"Young Indiana Jones Chronicles, The (USA)",少年印地安纳琼斯 （美版）,FC#2977
fc,Yousei Monogatari - Rod Land (Japan),妖精物语 （日版）,FC#2978
fc,Ys (Japan),伊苏国 （日版）,FC#2979
fc,Ys II - Ancient Ys Vanished - The Final Chapter (Japan),伊苏国 II （日版）,FC#2980
fc,Ys III - Wanderers from Ys (Japan),伊苏3 （日版）,FC#2981
fc,Yume Penguin Monogatari (Japan),企鹅梦物语 （日版）,FC#2982
fc,Zanac (USA),银河号 （美版）,FC#2983
fc,Zelda II - The Adventure of Link (Europe),萨尔达传说 II - 林克冒险 （欧版）,FC#2984
fc,Zelda II - The Adventure of Link (Europe) (Rev 1),萨尔达传说 II - 林克冒险 （欧版） （修正版 1）,FC#2985
fc,Zelda II - The Adventure of Link (Europe) (Rev 2),萨尔达传说 II - 林克冒险 （欧版） （修正版 2）,FC#2986
fc,Zelda II - The Adventure of Link (Europe) (Rev 2) (Virtual Console),萨尔达传说 II - 林克冒险 （欧版） （修正版 2） (Virtual Console),FC#2987
fc,Zelda II - The Adventure of Link (USA),萨尔达传说 II - 林克冒险 （美版）,FC#2988
fc,Zelda II - The Adventure of Link (USA) (Collector's Edition),萨尔达传说 II - 林克冒险 （美版） (Collector's Edition),FC#2989
fc,Zelda II - The Adventure of Link (USA) (Virtual Console),萨尔达传说 II - 林克冒险 （美版） (Virtual Console),FC#2990
fc,Zelda no Densetsu 1 - The Hyrule Fantasy (Japan),萨尔达传说 - 幻想大陆海拉尔 （日版）,FC#2991
fc,Zen - Intergalactic Ninja (Europe),银河忍者 - 禅 （欧版）,FC#2992
fc,Zen - Intergalactic Ninja (USA),银河忍者 - 禅 （美版）,FC#2993
fc,Zenbei Pro Basket (Japan),全美职业篮球赛 （日版）,FC#2994
fc,Zhan Guo Si Chuan Sheng (Asia) (C&E) (Unl),战国四川省 （亚洲版） (C&E) （非官方版）,FC#2995
fc,Zhan Guo Si Chuan Sheng (Asia) (Nei-Hu) (Unl),战国四川省 （亚洲版） (Nei-Hu) （非官方版）,FC#2996
fc,Zhen Ben Xi You Ji (Asia) (Ja) (Unl),西游记格斗 （亚洲版） (Ja) （非官方版）,FC#2997
fc,Zhi Li Xiao Zhuang Yuan (Asia) (Unl),智力小状元 （亚洲版） （非官方版）,FC#2998
fc,Zhong Guo Mahjong (Asia) (Unl),中国麻将 （亚洲版） （非官方版）,FC#2999
fc,Zhong Guo Xiang Qi - Chinese Chese (Asia) (Ja) (Unl),中国象棋 （亚洲版） (Ja) （非官方版）,FC#3000
fc,Zhuang Qiu Chuan Shuo Hua Zhuang II - Ball Story (Asia) (Unl),撞球传说 花撞2 （亚洲版） （非官方版）,FC#3001
fc,Zippy Race (Japan),疯狂骑士 （日版）,FC#3002
fc,Zoda's Revenge - StarTropics II (USA),佐达的复仇 热带之星2 （美版）,FC#3003
fc,"Zoda's Revenge - StarTropics II (USA, Europe) (Virtual Console)",佐达的复仇 热带之星2 （美版 欧版） (Virtual Console),FC#3004
fc,Zoids - Chuuou Tairiku no Tatakai (Japan),机兽新世纪 - 中央大陆之战 （日版）,FC#3005
fc,Zoids - Chuuou Tairiku no Tatakai (Japan) (Rev 1),机兽新世纪 - 中央大陆之战 （日版） （修正版 1）,FC#3006
fc,Zoids 2 - Zenebas no Gyakushuu (Japan),机兽新世纪 II - 帝国之逆袭 （日版）,FC#3007
fc,Zoids Mokushiroku (Japan),机兽新世纪 - 默示录 （日版）,FC#3008
fc,Zombie Hunter (Japan),僵尸猎人 （日版）,FC#3009
fc,Zombie Nation (USA),僵尸国度 （美版）,FC#3010
fc,Zunou Senkan Galg (Japan) (En),头脑战舰 （日版） (En),FC#3011
fc,Zunou Senkan Galg (Japan) (En) (Beta),头脑战舰 （日版） (En) （测试版）,FC#3012
