system,game_name,ch_name,id
gba,007 - Everything or Nothing (Japan),詹姆斯邦德007-谁与争锋007 （日版）,GBA#1
gba,"007 - Everything or Nothing (USA, Europe) (En,Fr,De)","詹姆斯邦德007-谁与争锋007 （美版 欧版） (En,Fr,De)",GBA#2
gba,"007 - NightFire (USA, Europe) (En,Fr,De)","占士邦007-夜火 （美版 欧版） (En,Fr,De)",GBA#3
gba,"2 Disney Games - Disney Sports - Football + Disney Sports - Skateboarding (Europe) (En,Fr,De,Es,It)","2合1-迪斯尼全明星体育系列-足球+滑板 （欧版） (En,Fr,De,Es,It)",GBA#4
gba,"2 Disney Games - Lilo & Stitch 2 + Peter Pan - Return to Neverland (Europe) (En,Fr,De,Es+En,Fr,De,Es,It,Nl)","游戏2合1-小飞侠和星际宝贝2 （欧版） (En,Fr,De,Es+En,Fr,De,Es,It,Nl)",GBA#5
gba,"2 Game Pack! - Hot Wheels - Stunt Track Challenge + Hot Wheels - World Race (USA, Europe)",游戏2合1-无敌风火轮赛车-疾速赛车X+世界赛车 （美版 欧版）,GBA#6
gba,"2 Game Pack! - Matchbox Missions - Emergency Response & Air, Land and Sea Rescue (Europe) (En,Fr,De,Es,It)","火柴盒任务2合1 （欧版） (En,Fr,De,Es,It)",GBA#7
gba,"2 Game Pack! - Matchbox Missions - Emergency Response + Air, Land and Sea Rescue (USA)",2合1-Matchbox任务 （美版）,GBA#8
gba,"2 Game Pack! - Uno & Skip-Bo (Europe) (En,Fr,De,Es,It)","纸牌游戏合集包 （欧版） (En,Fr,De,Es,It)",GBA#9
gba,2 Game Pack! - Uno + Skip-Bo (USA),2合1-UNO-纸牌 （美版）,GBA#10
gba,"2 Games in 1 - Alla Ricerca di Nemo + Gli Incredibili - Una 'Normale' Famiglia di Supereroi (Italy) (Es,It+It)","游戏2合1-海底总动员1+超人特攻队 （意大利版） (Es,It+It)",GBA#11
gba,"2 Games in 1 - Bionicle + Knights' Kingdom (Europe) (En,Fr,De,Da+En,De)","游戏2合1-乐高生化战士和乐高骑士王国 （欧版） (En,Fr,De,Da+En,De)",GBA#12
gba,"2 Games in 1 - Brother Bear + The Lion King (Europe) (En,Fr,De,Es,It,Nl,Sv,Da)","游戏2合1-迪斯尼青年装 （欧版） (En,Fr,De,Es,It,Nl,Sv,Da)",GBA#13
gba,"2 Games in 1 - Buscando a Nemo + Los Increibles (Spain) (Es,It+Es)","游戏2合1-海底总动员合集 （西班牙版） (Es,It+Es)",GBA#14
gba,2 Games in 1 - Cartoon Network Block Party + Cartoon Network Speedway (USA),游戏2合1-卡通网络包 （美版）,GBA#15
gba,"2 Games in 1 - Columns Crown + ChuChu Rocket! (Europe) (En+En,Ja,Fr,De,Es)","游戏2合1-世嘉包 （欧版） (En+En,Ja,Fr,De,Es)",GBA#16
gba,2 Games in 1 - Die Monster AG + Findet Nemo (Germany),游戏2合1-海底总动员和怪兽公司 （德国版）,GBA#17
gba,"2 Games in 1 - Disney Princesas + El Rey Leon (Spain) (Es+En,Fr,De,Es,It,Nl,Sv,Da)","游戏2合1-迪斯尼女孩装 （西班牙版） (Es+En,Fr,De,Es,It,Nl,Sv,Da)",GBA#18
gba,"2 Games in 1 - Disney Princesas + Hermano Oso (Spain) (Es+En,Fr,De,Es,It,Nl,Sv,Da)","游戏2合1-熊兄弟+迪斯尼公主 （西班牙版） (Es+En,Fr,De,Es,It,Nl,Sv,Da)",GBA#19
gba,2 Games in 1 - Disney Princesas + Lizzie McGuire (Spain),游戏2合1-迪斯尼公主和平民天后 （西班牙版）,GBA#20
gba,"2 Games in 1 - Disney Princess + Brother Bear (Europe) (En+En,Fr,De,Es,It,Nl,Sv,Da)","游戏2合1-迪斯尼白雪公主们和迪斯尼小熊的兄弟们 （欧版） (En+En,Fr,De,Es,It,Nl,Sv,Da)",GBA#21
gba,2 Games in 1 - Disney Princess + Lizzie McGuire (Europe),游戏2合1-迪斯尼公主和平民天后 （欧版）,GBA#22
gba,"2 Games in 1 - Disney Princesse + Frere des Ours (France) (Fr+En,Fr,De,Es,It,Nl,Sv,Da)","游戏2合1-熊兄弟+迪斯尼公主 （法国版） (Fr+En,Fr,De,Es,It,Nl,Sv,Da)",GBA#23
gba,"2 Games in 1 - Disney Princesse + Le Roi Lion (France) (Fr+En,Fr,De,Es,It,Nl,Sv,Da)","游戏2合1-迪斯尼游戏集 （法国版） (Fr+En,Fr,De,Es,It,Nl,Sv,Da)",GBA#24
gba,"2 Games in 1 - Disney Principesse + Il Re Leone (Italy) (It+En,Fr,De,Es,It,Nl,Sv,Da)","游戏2合1-游戏王-命运之旅+怪兽龙门骰 （意大利版） (It+En,Fr,De,Es,It,Nl,Sv,Da)",GBA#25
gba,"2 Games in 1 - Disney Principesse + Koda, Fratello Orso (Italy) (It+En,Fr,De,Es,It,Nl,Sv,Da)","游戏2合1-迪斯尼公主+熊兄弟 （意大利版） (It+En,Fr,De,Es,It,Nl,Sv,Da)",GBA#26
gba,"2 Games in 1 - Disneys Prinzessinnen + Baerenbrueder (Germany) (De+En,Fr,De,Es,It,Nl,Sv,Da)","游戏2合1-熊兄弟+迪斯尼公主 （德国版） (De+En,Fr,De,Es,It,Nl,Sv,Da)",GBA#27
gba,"2 Games in 1 - Disneys Prinzessinnen + Der Koenig der Loewen (Germany) (De+En,Fr,De,Es,It,Nl,Sv,Da)","游戏2合1-迪斯尼游戏集 （德国版） (De+En,Fr,De,Es,It,Nl,Sv,Da)",GBA#28
gba,"2 Games in 1 - Dr. Mario + Puzzle League (Europe) (En,Fr,De,Es,It)","新游戏2合1-马里奥医生与花仙子方块 （欧版） (En,Fr,De,Es,It)",GBA#29
gba,2 Games in 1 - Dragon Ball Z - The Legacy of Goku I & II (USA),游戏2合1-龙珠2合1游戏合集 （美版）,GBA#30
gba,2 Games in 1 - Findet Nemo + Die Unglaublichen (Germany),2合1-海底总动员+超人特攻队 （德国版）,GBA#31
gba,"2 Games in 1 - Findet Nemo + Findet Nemo - Das Abenteuer Geht Weiter (Germany) (De+Fr,De,Nl)","海底总动员2合1 （德国版） (De+Fr,De,Nl)",GBA#32
gba,"2 Games in 1 - Finding Nemo + Finding Nemo - The Continuing Adventures (Europe) (En+En,Es,It,Sv,Da)","游戏2合1-海底总动员合集 （欧版） (En+En,Es,It,Sv,Da)",GBA#33
gba,"2 Games in 1 - Finding Nemo + Finding Nemo - The Continuing Adventures (Europe) (Es,It+En,Es,It,Sv,Da)","游戏2合1-海底总动员合集 （欧版） (Es,It+En,Es,It,Sv,Da)",GBA#34
gba,"2 Games in 1 - Finding Nemo + Finding Nemo - The Continuing Adventures (Europe) (Fr,Nl+Fr,De,Nl)","游戏2合1-海底总动员合集 （欧版） (Fr,Nl+Fr,De,Nl)",GBA#35
gba,2 Games in 1 - Finding Nemo + The Incredibles (Europe),游戏2合1-海底总动员1+超人特攻队 （欧版）,GBA#36
gba,"2 Games in 1 - Finding Nemo + The Incredibles (Europe) (Fr,Nl)","游戏2合1-海底总动员1+超人特攻队 （欧版） (Fr,Nl)",GBA#37
gba,2 Games in 1 - Finding Nemo - The Continuing Adventures + The Incredibles (USA),游戏2合1-超人总动员+海底总动员2 （美版）,GBA#38
gba,2 Games in 1 - Golden Nugget Casino + Texas Hold 'em Poker (USA),新游戏2合1-棋牌2合1 （美版）,GBA#39
gba,2 Games in 1 - Hot Wheels - Velocity X + Hot Wheels - World Race (Europe),游戏2合1-无敌风火轮赛车 （欧版）,GBA#40
gba,2 Games in 1 - Hot Wheels - Velocity X + Hot Wheels - World Race (USA),游戏2合1-无敌风火轮赛车 （美版）,GBA#41
gba,2 Games in 1 - Les Razmoket Rencontrent les Delajungle + SpongeBob SquarePants - SuperSponge (France),游戏2合1-海淿方块+淘气小兵兵 （法国版）,GBA#42
gba,"2 Games in 1 - Monsters & Co. + Alla Ricerca di Nemo (Italy) (En,Fr,It+Es,It)","游戏2合1-迪斯尼补充包游戏集 （意大利版） (En,Fr,It+Es,It)",GBA#43
gba,"2 Games in 1 - Monsters en Co. + Finding Nemo (Netherlands) (En,Es,Nl+Fr,Nl)","游戏2合1-怪物公司+海底总动员 （荷兰版） (En,Es,Nl+Fr,Nl)",GBA#44
gba,"2 Games in 1 - Monsters, Inc. + Finding Nemo (Europe)",游戏2合1-海底总动员+怪物公司 （欧版）,GBA#45
gba,"2 Games in 1 - Monsters, Inc. + Finding Nemo (USA)",游戏2合1-海底总动员+怪物公司 （美版）,GBA#46
gba,"2 Games in 1 - Monstres & Cie + Le Monde de Nemo (France) (En,Fr,It+Fr,Nl)","2合1-怪物工厂&海底总动员 （法国版） (En,Fr,It+Fr,Nl)",GBA#47
gba,"2 Games in 1 - Monstruos, S.A. + Buscando a Nemo (Spain) (En,Es,Nl+Es,It)","游戏2合1-怪物工厂和海底总动员 （西班牙版） (En,Es,Nl+Es,It)",GBA#48
gba,"2 Games in 1 - Moto GP + GT Advance 3 - Pro Concept Racing (Europe) (En,Fr,De,Es,It+En)","游戏2合1-GP摩托和GTA赛车3 （欧版） (En,Fr,De,Es,It+En)",GBA#49
gba,"2 Games in 1 - Power Rangers - Ninja Storm + Power Rangers - La Force du Temps (France) (En,Fr,De+Fr)","游戏2合1-鸟人战队合集 （法国版） (En,Fr,De+Fr)",GBA#50
gba,"2 Games in 1 - Power Rangers - Ninja Storm + Power Rangers - Time Force (Europe) (En,Fr,De+En)","游戏2合1-金刚战士合集 （欧版） (En,Fr,De+En)",GBA#51
gba,"2 Games in 1 - Power Rangers - Ninja Storm + Power Rangers - Time Force (Germany) (En,Fr,De+De)","游戏2合1-金刚战士合集 （德国版） (En,Fr,De+De)",GBA#52
gba,"2 Games in 1 - Power Rangers - Ninja Storm + Power Rangers - Time Force (USA) (En,Fr,De+En)","游戏2合1-金刚战士合集 （美版） (En,Fr,De+En)",GBA#53
gba,2 Games in 1 - Quad Desert Fury + Monster Trucks (USA),游戏2合1-沙漠狂暴人竞技赛+怪兽大脚车 （美版）,GBA#54
gba,2 Games in 1 - Rugrats - Go Wild + SpongeBob SquarePants - SuperSponge (Europe),游戏2合1-超级海绵+小淘气 （欧版）,GBA#55
gba,"2 Games in 1 - Scooby-Doo + Scooby-Doo 2 - Desatado (Spain) (Es+En,Fr,De,Es,It)","游戏2合1-史诺比系列 （西班牙版） (Es+En,Fr,De,Es,It)",GBA#56
gba,"2 Games in 1 - Scooby-Doo + Scooby-Doo 2 - Les Monstres Se Dechainent (France) (Fr+En,Fr,De,Es,It)","游戏2合1-史酷比合集 （法国版） (Fr+En,Fr,De,Es,It)",GBA#57
gba,2 Games in 1 - Scooby-Doo + Scooby-Doo 2 - Monsters Unleashed (Europe),游戏2合1-史酷比合集 （欧版）,GBA#58
gba,2 Games in 1 - Scooby-Doo + Scooby-Doo 2 - Monsters Unleashed (USA),游戏2合1-史酷比合集 （美版）,GBA#59
gba,"2 Games in 1 - Scooby-Doo! - Mystery Mayhem + Scooby-Doo and the Cyber Chase (Europe) (En,Fr,De+En)","游戏2合1-史诺比鬼屋历险 （欧版） (En,Fr,De+En)",GBA#60
gba,"2 Games in 1 - Scooby-Doo! - Mystery Mayhem + Scooby-Doo and the Cyber Chase (USA) (En,Fr,De+En)","游戏2合1-史诺比鬼屋历险 （美版） (En,Fr,De+En)",GBA#61
gba,"2 Games in 1 - Sonic Advance + ChuChu Rocket! (Europe) (En,Ja,Fr,De,Es)","游戏2合1-索尼克A+咻咻火箭 （欧版） (En,Ja,Fr,De,Es)",GBA#62
gba,"2 Games in 1 - Sonic Advance + Sonic Battle (Europe) (En,Ja,Fr,De,Es+En,Ja,Fr,De,Es,It)","游戏2合1-索尼克包 （欧版） (En,Ja,Fr,De,Es+En,Ja,Fr,De,Es,It)",GBA#63
gba,"2 Games in 1 - Sonic Advance + Sonic Pinball Party (Europe) (En,Ja,Fr,De,Es+En,Ja,Fr,De,Es,It)","游戏2合1-索尼克包 （欧版） (En,Ja,Fr,De,Es+En,Ja,Fr,De,Es,It)",GBA#64
gba,"2 Games in 1 - Sonic Battle + ChuChu Rocket! (Europe) (En,Ja,Fr,De,Es,It+En,Ja,Fr,De,Es)","游戏2合1-索尼克大乱斗+啾啾火箭 （欧版） (En,Ja,Fr,De,Es,It+En,Ja,Fr,De,Es)",GBA#65
gba,"2 Games in 1 - Sonic Battle + Sonic Pinball Party (Europe) (En,Ja,Fr,De,Es,It)","游戏2合1-索尼克包 （欧版） (En,Ja,Fr,De,Es,It)",GBA#66
gba,"2 Games in 1 - Sonic Pinball Party + Columns Crown (Europe) (En,Ja,Fr,De,Es,It+En)","游戏2合1-索尼克弹珠台+方块大战 （欧版） (En,Ja,Fr,De,Es,It+En)",GBA#67
gba,"2 Games in 1 - SpongeBob SquarePants - Battle for Bikini Bottom + Jimmy Neutron Boy Genius (Europe) (En,Fr,De+En,Fr,De,Es)","游戏2合1-超级海绵和吉米小子 （欧版） (En,Fr,De+En,Fr,De,Es)",GBA#68
gba,2 Games in 1 - SpongeBob SquarePants - Battle for Bikini Bottom + Nicktoons - Freeze Frame Frenzy (USA),游戏2合1-海绵方块+尼克通 （美版）,GBA#69
gba,2 Games in 1 - SpongeBob SquarePants - Battle for Bikini Bottom + The Fairly OddParents! - Breakin' da Rules (USA),游戏2合1-海淿方块+反斗家族 （美版）,GBA#70
gba,2 Games in 1 - SpongeBob SquarePants - Revenge of the Flying Dutchman + SpongeBob SquarePants - SuperSponge (Europe),游戏2合1-超级海绵笨伯 （欧版）,GBA#71
gba,2 Games in 1 - SpongeBob SquarePants - Revenge of the Flying Dutchman + SpongeBob SquarePants - SuperSponge (USA),游戏2合1-超级海绵笨伯 （美版）,GBA#72
gba,2 Games in 1 - SpongeBob SquarePants - SuperSponge + SpongeBob SquarePants - Battle for Bikini Bottom (Europe),游戏2合1-超级海绵大冒险+比基尼岛的冒险 （欧版）,GBA#73
gba,"2 Games in 1 - SpongeBob SquarePants - SuperSponge + SpongeBob SquarePants - Battle for Bikini Bottom (Europe) (En+En,Fr,De)","游戏2合1-超级海绵大冒险+比基尼岛的冒险 （欧版） (En+En,Fr,De)",GBA#74
gba,"2 Games in 1 - The Lion King + Disney Princess (Europe) (En,Fr,De,Es,It,Nl,Sv,Da+En)","游戏2合1-狮子王+迪斯尼公主 （欧版） (En,Fr,De,Es,It,Nl,Sv,Da+En)",GBA#75
gba,"2 Games in 1 - The SpongeBob SquarePants Movie + SpongeBob SquarePants and Friends in Freeze Frame Frenzy (Europe) (En,Fr,De,Es,It,Nl+En,Fr,De,Es,Nl)","游戏2合1-海淿方块+尼克通大集合 （欧版） (En,Fr,De,Es,It,Nl+En,Fr,De,Es,Nl)",GBA#76
gba,2 Games in 1! - Dragon Ball Z - Buu's Fury + Dragon Ball GT - Transformation (USA),游戏2合1-龙珠Z+龙珠GT （美版）,GBA#77
gba,2 Games in One! - Dr. Mario + Puzzle League (USA),新游戏2合1-马里奥医生与花仙子方块 （美版）,GBA#78
gba,"2 Games in One! - Gauntlet + Rampart (Europe) (En,Fr,De,Es,It)","新游戏2合1-铁腕战士.射击堡垒 （欧版） (En,Fr,De,Es,It)",GBA#79
gba,2 Games in One! - Gauntlet + Rampart (USA),新游戏2合1-铁腕战士.射击堡垒 （美版）,GBA#80
gba,"2 Games in One! - Marble Madness + Klax (Europe) (En,Fr,De,Es,It)","新游戏2合1-疯狂弹珠与立体方块 （欧版） (En,Fr,De,Es,It)",GBA#81
gba,2 Games in One! - Marble Madness + Klax (USA),新游戏2合1-疯狂弹珠与立体方块 （美版）,GBA#82
gba,"2 Games in One! - Paperboy + Rampage (Europe) (En,Fr,De,Es,It)","新游戏2合1-送报童与毁灭金刚 （欧版） (En,Fr,De,Es,It)",GBA#83
gba,2 Games in One! - Paperboy + Rampage (USA),新游戏2合1-送报童与毁灭金刚 （美版）,GBA#84
gba,"2 Games in One! - Spy Hunter + Super Sprint (Europe) (En,Fr,De,Es,It)","新游戏2合1-间谍猎手赛车.超级冲刺 （欧版） (En,Fr,De,Es,It)",GBA#85
gba,2 Games in One! - Spy Hunter + Super Sprint (USA),新游戏2合1-间谍猎手赛车.超级冲刺 （美版）,GBA#86
gba,2 Great Games! - Pac-Man World + Ms. Pac-Man - Maze Madness (USA),游戏2合1-吃豆小姐+吃豆先生 （美版）,GBA#87
gba,"2 in 1 - Asterix & Obelix - Bash Them All! + Asterix & Obelix XXL (Europe) (En,Fr,De,Es,It,Nl)","游戏2合1-美丽新世界+幻想新国度 （欧版） (En,Fr,De,Es,It,Nl)",GBA#88
gba,"2 in 1 - V-Rally 3 + Stuntman (Europe) (En,Fr,De,Es,It)","游戏2合1-V拉力3+特技人 （欧版） (En,Fr,De,Es,It)",GBA#89
gba,"2 in 1 Game Pack - Shrek 2 & Shark Tale (Europe) (En,Fr,De,Es,It,Sv+En,Fr,De,Es,It)","游戏2合1-鲨鱼故事和怪物史瑞克2 （欧版） (En,Fr,De,Es,It,Sv+En,Fr,De,Es,It)",GBA#90
gba,2 in 1 Game Pack - Shrek 2 + Shark Tale (USA),2合1-鲨鱼黑帮+史莱克2 （美版）,GBA#91
gba,"2 in 1 Game Pack - Spider-Man & Spider-Man 2 (Europe) (En,Fr,De+En,Fr,De,Es,It)","游戏2合1-蜘蛛侠 （欧版） (En,Fr,De+En,Fr,De,Es,It)",GBA#92
gba,"2 in 1 Game Pack - Spider-Man + Spider-Man 2 (USA) (En,Fr,De+En,Fr,De,Es)","游戏2合1-蜘蛛侠+蜘蛛侠2 （美版） (En,Fr,De+En,Fr,De,Es)",GBA#93
gba,"2 in 1 Game Pack - Spider-Man - Mysterio's Menace + X2 - Wolverine's Revenge (USA, Europe)",游戏2合1-蜘蛛侠+X战警 （美版 欧版）,GBA#94
gba,"2 in 1 Game Pack - Tony Hawk's Underground + Kelly Slater's Pro Surfer (USA, Europe)",游戏2合1-托尼霍克地下滑板+凯利·史雷特职业冲浪 （美版 欧版）,GBA#95
gba,2 Jeux en 1 - Titeuf - Ze Gag Machine + Titeuf - Mega Compet (France),2合1-坏小子+坏小子-迪德夫 （法国版）,GBA#96
gba,2-in-1 Fun Pack - Shrek 2 + Madagascar (Europe),游戏2合1-马达加斯加+史莱克2 （欧版）,GBA#97
gba,2-in-1 Fun Pack - Shrek 2 + Madagascar (USA),游戏2合1-马达加斯加+史莱克2 （美版）,GBA#98
gba,2-in-1 Fun Pack - Shrek 2 + Madagascar - Operation Penguin (Europe),游戏2合1-史莱克2+马达加斯加 （欧版）,GBA#99
gba,2-in-1 Fun Pack - Shrek 2 + Madagascar - Operation Penguin (USA),游戏2合1-史莱克2+马达加斯加 （美版）,GBA#100
gba,"2006 FIFA World Cup - Germany 2006 (USA, Europe) (En,Fr,De,Es,It)","2006FIFA世界杯 （美版 欧版） (En,Fr,De,Es,It)",GBA#101
gba,2K Sports - Major League Baseball 2K7 (USA),美国职业棒球大联盟2007 （美版）,GBA#102
gba,3 Game Pack! - Candy Land + Chutes and Ladders + Original Memory Game (USA),游戏3合1 - 幼儿益智游戏合集 （美版）,GBA#103
gba,3 Game Pack! - Ker Plunk! + Toss Across + Tip It (USA),3合1小游戏 （美版）,GBA#104
gba,3 Game Pack! - Mouse Trap + Simon + Operation (USA),游戏三合一 （美版）,GBA#105
gba,3 Game Pack! - The Game of Life + Payday + Yahtzee (USA),游戏3合1 - 生活的游戏+发薪日+快艇骰子 （美版）,GBA#106
gba,"3 Games in 1 - Rugrats - I Gotta Go Party + SpongeBob SquarePants - SuperSponge + Tak and the Power of Juju (Europe) (En+En+En,Fr,De)","游戏3合1-淘气小兵兵之我要参加宴会+超级海绵大冒险+塔克和符咒的神力 （欧版） (En+En+En,Fr,De)",GBA#107
gba,3 Games in One - Darts + Roll-a-Ball + Shuffle Bowl (Europe),Majesco室内游戏3合1 （欧版）,GBA#108
gba,3 Games in One - Darts + Roll-a-Ball + Shuffle Bowl (USA),Majesco室内游戏3合1 （美版）,GBA#109
gba,"3 Games in One! - Breakout + Centipede + Warlords (Europe) (En,Fr,De,Es,It)","街机游戏3合1-虫虫入侵.突破重围与战神 （欧版） (En,Fr,De,Es,It)",GBA#110
gba,3 Games in One! - Breakout + Centipede + Warlords (USA),街机游戏3合1-虫虫入侵.突破重围与战神 （美版）,GBA#111
gba,"3 Games in One! - Super Breakout + Millipede + Lunar Lander (Europe) (En,Fr,De,Es,It)","街机游戏3合1-蜈蚣.方块射击.登月 （欧版） (En,Fr,De,Es,It)",GBA#112
gba,3 Games in One! - Super Breakout + Millipede + Lunar Lander (USA),街机游戏3合1-蜈蚣.方块射击.登月 （美版）,GBA#113
gba,"3 Games in One! - Yars' Revenge + Asteroids + Pong (Europe) (En,Fr,De,Es,It)","街机游戏3合1-碰碰弹珠台.爆破慧星与亚尔的复仇 （欧版） (En,Fr,De,Es,It)",GBA#114
gba,3 Games in One! - Yars' Revenge + Asteroids + Pong (USA),街机游戏3合1-碰碰弹珠台.爆破慧星与亚尔的复仇 （美版）,GBA#115
gba,4 Games on One Game Pak (Nickelodeon Movies) (USA),游戏4合1 - GP摩托车赛 GT职业概念锦标车赛1+2+3 (Nickelodeon Movies) （美版）,GBA#116
gba,4 Games on One Game Pak (Nicktoons) (USA),游戏4合1 - GP摩托车赛 GT职业概念锦标车赛1+2+3 (Nicktoons) （美版）,GBA#117
gba,"4 Games on One Game Pak (Racing) (USA) (En,Fr,De,Es,It)","游戏4合1 - GP摩托车赛 GT职业概念锦标车赛1+2+3 (Racing) （美版） (En,Fr,De,Es,It)",GBA#118
gba,4x4 Off-Roaders (Europe) (Proto),4x4赛车 （欧版） （工程版）,GBA#119
gba,[BIOS] Game Boy Advance (Japan) (Debug Version),,GBA#120
gba,[BIOS] Game Boy Advance (World),,GBA#121
gba,Ab durch die Hecke (Germany),篱笆墙外 （德国版）,GBA#122
gba,"Ace Combat Advance (USA, Europe)",王牌空战A （美版 欧版）,GBA#123
gba,Ace Lightning (Europe),头号闪电 （欧版）,GBA#124
gba,Acrobat Kid (Japan),蝙蝠小子 （日版）,GBA#125
gba,"Action Man - Robot Atak (Europe) (En,Fr,De,Es,It)","机动人-机器人的攻击 （欧版） (En,Fr,De,Es,It)",GBA#126
gba,"Action Replay (Europe) (En,Fr,De,It) (v3.3) (Unl)","GBA金手指工具 （欧版） (En,Fr,De,It) (v3.3) （非官方版）",GBA#127
gba,"Action Replay GBX (Europe) (En,Fr,De,It) (Alt 1) (Unl)","GBA金手指工具 （欧版） (En,Fr,De,It) (Alt 1) （非官方版）",GBA#128
gba,"Action Replay GBX (Europe) (En,Fr,De,It) (Unl)","GBA金手指工具 （欧版） (En,Fr,De,It) （非官方版）",GBA#129
gba,"Action Replay GBX (Europe) (En,Fr,De,It) (v3.1) (Unl)","GBA金手指工具 （欧版） (En,Fr,De,It) (v3.1) （非官方版）",GBA#130
gba,Action Replay GBX (Europe) (Unl),GBA金手指工具 （欧版） （非官方版）,GBA#131
gba,Action Replay MAX (Europe) (Unl),金手指工具 （欧版） （非官方版）,GBA#132
gba,Activision Anthology (USA),亚特逊经典老游戏合辑 （美版）,GBA#133
gba,Advance GT2 (Japan) (En),GTA职业概念赛车2 （日版） (En),GBA#134
gba,Advance GTA (Japan) (En),GTA职业概念赛车1 （日版） (En),GBA#135
gba,Advance GTA (Japan) (En) (Rev 1),GTA职业概念赛车1 （日版） (En) （修正版 1）,GBA#136
gba,"Advance Guardian Heroes (Europe) (En,Fr)","守护英雄A （欧版） (En,Fr)",GBA#137
gba,Advance Guardian Heroes (Japan),守护英雄A （日版）,GBA#138
gba,Advance Guardian Heroes (USA),守护英雄A （美版）,GBA#139
gba,Advance Rally (Japan) (En),高级汽车拉力赛 （日版） (En),GBA#140
gba,"Advance Wars (Europe) (En,Fr,De,Es)","高级战争 （欧版） (En,Fr,De,Es)",GBA#141
gba,"Advance Wars (Europe) (En,Fr,De,Es) (Wii U Virtual Console)","高级战争 （欧版） (En,Fr,De,Es) (Wii U Virtual Console)",GBA#142
gba,Advance Wars (USA),高级战争 （美版）,GBA#143
gba,Advance Wars (USA) (Rev 1),高级战争 （美版） （修正版 1）,GBA#144
gba,Advance Wars (USA) (Wii U Virtual Console),高级战争 （美版） (Wii U Virtual Console),GBA#145
gba,"Advance Wars 2 - Black Hole Rising (Europe) (En,Fr,De,Es,It)","高级战争2-黑洞的升起 （欧版） (En,Fr,De,Es,It)",GBA#146
gba,"Advance Wars 2 - Black Hole Rising (Europe) (En,Fr,De,Es,It) (Wii U Virtual Console)","高级战争2-黑洞的升起 （欧版） (En,Fr,De,Es,It) (Wii U Virtual Console)",GBA#147
gba,Advance Wars 2 - Black Hole Rising (USA),高级战争2-黑洞的升起 （美版）,GBA#148
gba,Advance Wars 2 - Black Hole Rising (USA) (Wii U Virtual Console),高级战争2-黑洞的升起 （美版） (Wii U Virtual Console),GBA#149
gba,Adventure of Tokyo Disney Sea (Japan),东京迪斯尼大进击-海洋馆篇 （日版）,GBA#150
gba,"Adventures of Jimmy Neutron Boy Genius vs. Jimmy Negatron, The (Germany)",天才男孩吉米中子VS吉米负电子 （德国版）,GBA#151
gba,"Adventures of Jimmy Neutron Boy Genius vs. Jimmy Negatron, The (USA, Europe)",天才男孩吉米中子VS吉米负电子 （美版 欧版）,GBA#152
gba,"Adventures of Jimmy Neutron Boy Genius, The - Attack of the Twonkies (USA, Europe)",天才男孩吉米中子VS吉米负电子 （美版 欧版）,GBA#153
gba,"Adventures of Jimmy Neutron Boy Genius, The - Jet Fusion (USA, Europe)",天才男孩吉米中子VS吉米负电子 （美版 欧版）,GBA#154
gba,Aero the Acro-Bat - Rascal Rival Revenge (Europe),蝙蝠侠 （欧版）,GBA#155
gba,Aero the Acro-Bat - Rascal Rival Revenge (Europe) (Beta),蝙蝠侠 （欧版） （测试版）,GBA#156
gba,Aero the Acro-Bat - Rascal Rival Revenge (USA),蝙蝠侠 （美版）,GBA#157
gba,"Agassi Tennis Generation (Europe) (En,Fr,De,Es,It)","阿加西网球世代 （欧版） (En,Fr,De,Es,It)",GBA#158
gba,Agassi Tennis Generation (USA),阿加西网球世代 （美版）,GBA#159
gba,"Agent Hugo - Roborumble (Europe) (En,Fr,De,Es,It,Nl,Pt,Sv,No,Da,Fi)","雨果滑板 （欧版） (En,Fr,De,Es,It,Nl,Pt,Sv,No,Da,Fi)",GBA#160
gba,"Aggressive Inline (Europe) (En,Fr,De)","花样溜冰 （欧版） (En,Fr,De)",GBA#161
gba,Aggressive Inline (USA),花样溜冰 （美版）,GBA#162
gba,Aging Cartridge (World),老化墨盒 （世界版）,GBA#163
gba,"Aigle de Guerre, L' (France)",拿破仑 （法国版）,GBA#164
gba,"AirForce Delta II (Japan) (En,Ja,Fr,De)","三角洲空军部队II （日版） (En,Ja,Fr,De)",GBA#165
gba,"AirForce Delta Storm (USA) (En,Ja,Fr,De)","三角洲空军风暴 （美版） (En,Ja,Fr,De)",GBA#166
gba,Aka-chan Doubutsuen (Japan),小朋友的动物园 （日版）,GBA#167
gba,Aka-chan Doubutsuen (Japan) (Rev 1),小朋友的动物园 （日版） （修正版 1）,GBA#168
gba,Akumajou Dracula - Circle of the Moon (Japan),恶魔城-月之轮回 （日版）,GBA#169
gba,"Aladdin (Europe) (En,Fr,De,Es)","迪斯尼-阿拉丁 （欧版） (En,Fr,De,Es)",GBA#170
gba,Aladdin (Japan),迪斯尼-阿拉丁 （日版）,GBA#171
gba,"Aladdin (USA) (En,Fr,De,Es)","迪斯尼-阿拉丁 （美版） (En,Fr,De,Es)",GBA#172
gba,Aleck Bordon Adventure - Tower & Shaft Advance (Japan),阿莱克博顿大冒险-塔与桥的大冒险 （日版）,GBA#173
gba,"Alex Ferguson's Player Manager 2002 ~ Total Soccer Manager (Europe) (En,Fr,De,Es,It,Nl)","冠军足球经理 （欧版） (En,Fr,De,Es,It,Nl)",GBA#174
gba,"Alex Rider - Stormbreaker (Europe) (En,Fr,De,Es)","旋风特务 （欧版） (En,Fr,De,Es)",GBA#175
gba,Alex Rider - Stormbreaker (USA),旋风特务 （美版）,GBA#176
gba,"Alien Hominid (Europe) (En,Fr,De,Es,It)","外星原始人 （欧版） (En,Fr,De,Es,It)",GBA#177
gba,"Alienators - Evolution Continues (USA, Europe) [b]",进化特区 （美版 欧版） [b],GBA#178
gba,"All Grown Up! - Express Yourself (USA, Europe)",小淘气-我们长大了 （美版 欧版）,GBA#179
gba,All-Star Baseball 2003 (USA),全美明星棒球2003 （美版）,GBA#180
gba,All-Star Baseball 2004 (USA) (Beta 1),全美明星棒球2004 （美版） （测试版 1）,GBA#181
gba,All-Star Baseball 2004 (USA) (Beta 2),全美明星棒球2004 （美版） （测试版 2）,GBA#182
gba,All-Star Baseball 2004 featuring Derek Jeter (USA),全美明星棒球2004 （美版）,GBA#183
gba,"Altered Beast - Guardian of the Realms (Europe) (En,Fr,De,Es,It)","兽王记-王国的守护者 （欧版） (En,Fr,De,Es,It)",GBA#184
gba,Altered Beast - Guardian of the Realms (USA),兽王记-王国的守护者 （美版）,GBA#185
gba,"Amazing Virtual Sea-Monkeys, The (USA)",海底小精灵 （美版）,GBA#186
gba,American Bass Challenge (USA),美国巴斯钓鱼挑战赛 （美版）,GBA#187
gba,"American Dragon - Jake Long - Rise of the Huntsclan (USA, Europe) (En,Fr,De,Es,It)","美国龙-杰克龙 （美版 欧版） (En,Fr,De,Es,It)",GBA#188
gba,American Idol (USA),美国偶像超巨星节拍 （美版）,GBA#189
gba,"American Tail, An - Fievel's Gold Rush (Europe) (En,Fr,De,Es,It)","美国鼠谭-淘金记 （欧版） (En,Fr,De,Es,It)",GBA#190
gba,"American Tail, An - Fievel's Gold Rush (USA) (En,Es)","美国鼠谭-淘金记 （美版） (En,Es)",GBA#191
gba,Angel Collection - Mezase! Gakuen no Fashion Leader (Japan),天使的收藏品 （日版）,GBA#192
gba,Angel Collection 2 - Pichimo ni Narou (Japan),天使的收藏品2-成为杂志模特 （日版）,GBA#193
gba,Angelique (Japan),安琪莉可之女王学院 （日版）,GBA#194
gba,Animal Crossing - Balloon Fight (Japan) (En),动物之森-气球大战 （日版） (En),GBA#195
gba,"Animal Crossing - Balloon Fight (USA, Europe)",动物之森-气球大战 （美版 欧版）,GBA#196
gba,Animal Crossing - Baseball (Japan) (En),动物之森-棒球 （日版） (En),GBA#197
gba,"Animal Crossing - Baseball (USA, Europe)",动物之森-棒球 （美版 欧版）,GBA#198
gba,Animal Crossing - Clu Clu Land (Japan) (En),动物之森-可鲁冒险世界 （日版） (En),GBA#199
gba,"Animal Crossing - Clu Clu Land (USA, Europe)",动物之森-可鲁冒险世界 （美版 欧版）,GBA#200
gba,Animal Crossing - Donkey Kong (Japan) (En),动物之森-大金刚 （日版） (En),GBA#201
gba,"Animal Crossing - Donkey Kong (USA, Europe)",动物之森-大金刚 （美版 欧版）,GBA#202
gba,Animal Crossing - Donkey Kong 3 (Japan) (En),动物之森-大金刚3 （日版） (En),GBA#203
gba,"Animal Crossing - Donkey Kong 3 (USA, Europe)",动物之森-大金刚3 （美版 欧版）,GBA#204
gba,Animal Crossing - Donkey Kong Jr. (Japan) (En),动物之森-大金刚JR （日版） (En),GBA#205
gba,"Animal Crossing - Donkey Kong Jr. (USA, Europe)",动物之森-大金刚JR （美版 欧版）,GBA#206
gba,Animal Crossing - Donkey Kong Jr. Math (Japan) (En),动物之森-大金刚JR数学 （日版） (En),GBA#207
gba,"Animal Crossing - Donkey Kong Jr. Math (USA, Europe)",动物之森-大金刚JR数学 （美版 欧版）,GBA#208
gba,Animal Crossing - Excitebike (Japan) (En),动物之森-摩托车大赛 （日版） (En),GBA#209
gba,"Animal Crossing - Excitebike (USA, Europe)",动物之森-摩托车大赛 （美版 欧版）,GBA#210
gba,Animal Crossing - Golf (Japan) (En),动物之森-高尔夫 （日版） (En),GBA#211
gba,"Animal Crossing - Golf (USA, Europe)",动物之森-高尔夫 （美版 欧版）,GBA#212
gba,Animal Crossing - Ice Climber (Japan) (En),动物之森-敲冰块 （日版） (En),GBA#213
gba,"Animal Crossing - Ice Climber (USA, Europe)",动物之森-敲冰块 （美版 欧版）,GBA#214
gba,Animal Crossing - Mario Bros. (Japan) (En),动物之森-玛丽兄弟 （日版） (En),GBA#215
gba,"Animal Crossing - Mario Bros. (USA, Europe)",动物之森-玛丽兄弟 （美版 欧版）,GBA#216
gba,Animal Crossing - Pinball (Japan) (En),动物之森-弹珠台 （日版） (En),GBA#217
gba,"Animal Crossing - Pinball (USA, Europe)",动物之森-弹珠台 （美版 欧版）,GBA#218
gba,Animal Crossing - Soccer (Japan) (En),动物之森-足球 （日版） (En),GBA#219
gba,"Animal Crossing - Soccer (USA, Europe)",动物之森-足球 （美版 欧版）,GBA#220
gba,Animal Crossing - Super Mario Bros. (Japan) (En),动物之森-超级玛丽兄弟 （日版） (En),GBA#221
gba,"Animal Crossing - Super Mario Bros. (USA, Europe)",动物之森-超级玛丽兄弟 （美版 欧版）,GBA#222
gba,Animal Crossing - Tennis (Japan) (En),动物之森-网球 （日版） (En),GBA#223
gba,"Animal Crossing - Tennis (USA, Europe)",动物之森-网球 （美版 欧版）,GBA#224
gba,Animal Mania - Dokidoki Aishou Check (Japan),动物可爱占卜 （日版）,GBA#225
gba,Animal Snap - Rescue Them 2 by 2 (Europe),动物方块-拯救它们 （欧版）,GBA#226
gba,Animal Snap - Rescue Them 2 by 2 (USA),动物方块-拯救它们 （美版）,GBA#227
gba,Animal Yokochou - Doki Doki Kyuushutsu Daisakusen! no Maki (Japan),动物横町-心跳心跳救出大作战之卷 （日版）,GBA#228
gba,Animal Yokochou - Doki Doki Shinkyuu Shiken! no Maki (Japan),动物横町-心跳心跳升级考试之卷 （日版）,GBA#229
gba,"Animaniacs - Lights, Camera, Action! (Europe) (En,Fr,De,Es,It)","华纳电影总动员-灯光.镜头.开拍! （欧版） (En,Fr,De,Es,It)",GBA#230
gba,"Ant Bully, The (Europe) (En,Fr,De,Es,It)","别惹蚂蚁 （欧版） (En,Fr,De,Es,It)",GBA#231
gba,"Ant Bully, The (USA) (En,Fr)","别惹蚂蚁 （美版） (En,Fr)",GBA#232
gba,"Antz - Extreme Racing (Europe) (En,Fr,De,Es,It,Nl)","小蚁雄兵-极限赛车 （欧版） (En,Fr,De,Es,It,Nl)",GBA#233
gba,Antz - Extreme Racing (USA),小蚁雄兵-极限赛车 （美版）,GBA#234
gba,Ao-Zora to Nakama-tachi - Yume no Bouken (Japan),梦之冒险 （日版）,GBA#235
gba,Archer Maclean's 3D Pool (USA),3D虚拟台球 （美版）,GBA#236
gba,Arctic Tale (USA),北极故事 （美版）,GBA#237
gba,"Army Men - Operation Green (USA) (En,Fr,De,Es,It)","玩具军人-绿色军事行动 （美版） (En,Fr,De,Es,It)",GBA#238
gba,Army Men - Turf Wars (USA),玩具军人之草场的战争 （美版）,GBA#239
gba,"Army Men Advance (USA, Europe) (En,Fr,De,Es,It)","玩具军人 （美版 欧版） (En,Fr,De,Es,It)",GBA#240
gba,"Around the World in 80 Days (Europe) (En,Fr,De,Es,It,Nl)","环游世界80天 （欧版） (En,Fr,De,Es,It,Nl)",GBA#241
gba,Around the World in 80 Days (USA),环游世界80天 （美版）,GBA#242
gba,"Arthur and the Invisibles (USA) (En,Fr,Es)","亚瑟与迷你国 （美版） (En,Fr,Es)",GBA#243
gba,"Arthur and the Minimoys (Europe) (En,Fr,De,Es,It,Nl)","亚瑟与迷你国 （欧版） (En,Fr,De,Es,It,Nl)",GBA#244
gba,Ashita no Joe - Makka ni Moeagare! (Japan),小拳王-赤热之战! （日版）,GBA#245
gba,"Asterix & Obelix - Bash Them All! (Europe) (En,Fr,De,Es,It,Nl)","美丽新世界 （欧版） (En,Fr,De,Es,It,Nl)",GBA#246
gba,"Asterix & Obelix XXL (Europe) (En,Fr,De,Es,It,Nl)","幻想新国度 （欧版） (En,Fr,De,Es,It,Nl)",GBA#247
gba,"Astro Boy - Omega Factor (Europe) (En,Ja,Fr,De,Es,It)","铁臂阿童木-阿童木心之秘密 （欧版） (En,Ja,Fr,De,Es,It)",GBA#248
gba,"Astro Boy - Omega Factor (USA) (En,Ja,Fr,De,Es,It)","铁臂阿童木-阿童木心之秘密 （美版） (En,Ja,Fr,De,Es,It)",GBA#249
gba,Astro Boy - Tetsuwan Atom - Atom Heart no Himitsu (Japan),铁臂阿童木-阿童木心之秘密 （日版）,GBA#250
gba,Atari Anniversary Advance (Europe),雅利达游戏合集 （欧版）,GBA#251
gba,Atari Anniversary Advance (USA),雅利达游戏合集 （美版）,GBA#252
gba,"Atlantis - The Lost Empire (Europe) (En,Fr,De,Es,It,Nl)","亚特兰帝斯-失落的帝国 （欧版） (En,Fr,De,Es,It,Nl)",GBA#253
gba,"Atlantis - The Lost Empire (USA, Europe)",亚特兰帝斯-失落的帝国 （美版 欧版）,GBA#254
gba,"Atomic Betty (USA, Europe)",超级贝蒂 （美版 欧版）,GBA#255
gba,"ATV - Quad Power Racing (Europe) (En,Fr,De,Es,It) (Rev 1)","越野车力量竞赛 （欧版） (En,Fr,De,Es,It) （修正版 1）",GBA#256
gba,"ATV - Quad Power Racing (USA, Europe)",越野车力量竞赛 （美版 欧版）,GBA#257
gba,"ATV - Thunder Ridge Riders (Europe) (En,Fr,De,Es,It)","ATV闪电骑士 （欧版） (En,Fr,De,Es,It)",GBA#258
gba,ATV - Thunder Ridge Riders (USA),ATV闪电骑士 （美版）,GBA#259
gba,Avatar - The Last Airbender (USA),降世神通 （美版）,GBA#260
gba,Avatar - The Last Airbender - The Burning Earth (USA),降世神通-最后气宗之燃烧的大地 （美版）,GBA#261
gba,"Avatar - The Legend of Aang (Europe) (En,Fr,De,Nl)","降世神通 （欧版） (En,Fr,De,Nl)",GBA#262
gba,"Avatar - The Legend of Aang - The Burning Earth (Europe) (En,De)","降世神通-最后气宗之燃烧的大地 （欧版） (En,De)",GBA#263
gba,"Aventures de Jackie Chan, Les - La Legende de la Main Noire (France)",成龙冒险-黑手党传说 （法国版）,GBA#264
gba,Azumanga Daiou Advance (Japan),漫画大王 （日版）,GBA#265
gba,B-Densetsu! Battle B-Daman - Fire Spirits! (Japan),B-传说!战斗比达人炎魂 （日版）,GBA#266
gba,B-Densetsu! Battle B-Daman - Moero! B-Damashii!! (Japan),B-传说!战斗比达人 （日版）,GBA#267
gba,"Babar to the Rescue (Europe) (En,Fr,De,Da)","贝巴-救援 （欧版） (En,Fr,De,Da)",GBA#268
gba,"Babar to the Rescue (USA) (En,Fr,Es)","贝巴-救援 （美版） (En,Fr,Es)",GBA#269
gba,"Back to Stone (Europe) (En,Fr)","重返石头城 （欧版） (En,Fr)",GBA#270
gba,"Back to Stone (USA) (En,Fr)","重返石头城 （美版） (En,Fr)",GBA#271
gba,"Back Track (USA, Europe)",撤退 （美版 欧版）,GBA#272
gba,Backyard Baseball (USA),儿童后院棒球 （美版）,GBA#273
gba,Backyard Baseball 2006 (USA),后院棒球2006 （美版）,GBA#274
gba,Backyard Basketball (USA),后院篮球 （美版）,GBA#275
gba,Backyard Football (USA),儿童后院足球 （美版）,GBA#276
gba,Backyard Football 2006 (USA),后院橄榄球2006 （美版）,GBA#277
gba,Backyard Hockey (USA),冰球院场 （美版）,GBA#278
gba,Backyard Skateboarding (USA),庭院滑板 （美版）,GBA#279
gba,Backyard Sports - Baseball 2007 (USA),后院运动-棒球2007 （美版）,GBA#280
gba,Backyard Sports - Basketball 2007 (USA),后院运动-篮球2007 （美版）,GBA#281
gba,Backyard Sports - Football 2007 (USA),后院运动-橄榄球2007 （美版）,GBA#282
gba,Bakunetsu Dodge Ball Fighters (Japan),超级躲避球A （日版）,GBA#283
gba,Bakuten Shoot Beyblade - Gekitou! Saikyou Blader (Japan),爆转陀螺王-激斗赛 （日版）,GBA#284
gba,Bakuten Shoot Beyblade 2002 - Gekisen! Team Battle!! Kouryuu no Shou - Daichi Hen (Japan),爆转陀螺2002激斗赛-黄龙之章 （日版）,GBA#285
gba,Bakuten Shoot Beyblade 2002 - Gekisen! Team Battle!! Seiryuu no Shou - Takao Hen (Japan),爆转陀螺2002激斗赛-青龙之章 （日版）,GBA#286
gba,Bakuten Shoot Beyblade 2002 - Ikuze! Bakutou! Chou Jiryoku Battle!! (Japan),爆转陀螺王 （日版）,GBA#287
gba,"Baldur's Gate - Dark Alliance (Europe) (En,Fr,De,Es,It)","博得之门-黑暗联盟 （欧版） (En,Fr,De,Es,It)",GBA#288
gba,Baldur's Gate - Dark Alliance (USA),博得之门-黑暗联盟 （美版）,GBA#289
gba,Ballistic - Ecks vs. Sever (USA),艾克斯VS瑟娃-弹道专家 （美版）,GBA#290
gba,"Banjo-Kazooie - Grunty's Revenge (Europe) (En,Fr,De)","琴音笛声-格兰蒂的复仇 （欧版） (En,Fr,De)",GBA#291
gba,"Banjo-Kazooie - Grunty's Revenge (Europe) (En,Fr,De,Es,It) (Beta 1)","琴音笛声-格兰蒂的复仇 （欧版） (En,Fr,De,Es,It) （测试版 1）",GBA#292
gba,"Banjo-Kazooie - Grunty's Revenge (Europe) (En,Fr,De,Es,It) (Beta 2)","琴音笛声-格兰蒂的复仇 （欧版） (En,Fr,De,Es,It) （测试版 2）",GBA#293
gba,"Banjo-Kazooie - Grunty's Revenge (USA, Europe)",琴音笛声-格兰蒂的复仇 （美版 欧版）,GBA#294
gba,Banjo-Kazooie - La Vendetta di Grunty (Italy),琴音笛声-格兰蒂的复仇 （意大利版）,GBA#295
gba,Banjo-Kazooie - La Venganza de Grunty (Spain),琴音笛声-格兰蒂的复仇 （西班牙版）,GBA#296
gba,"Banjo-Pilot (Europe) (En,Fr,De,Es,It)","班卓飞行员 （欧版） (En,Fr,De,Es,It)",GBA#297
gba,Banjo-Pilot (Unknown) (Beta),班卓飞行员 （未知） （测试版）,GBA#298
gba,Banjo-Pilot (USA),班卓飞行员 （美版）,GBA#299
gba,"Barbie - The Princess and the Pauper (Europe) (En,Fr,De,Es,It,Nl)","芭比-公主与乞丐 （欧版） (En,Fr,De,Es,It,Nl)",GBA#300
gba,Barbie - The Princess and the Pauper (USA),芭比-公主与乞丐 （美版）,GBA#301
gba,"Barbie and the Magic of Pegasus (Europe) (En,Fr,De,Es,It,Nl)","芭比和魔法天马 （欧版） (En,Fr,De,Es,It,Nl)",GBA#302
gba,Barbie and the Magic of Pegasus (USA),芭比和魔法天马 （美版）,GBA#303
gba,Barbie as the Island Princess (USA),芭比-森林公主 （美版）,GBA#304
gba,"Barbie Diaries, The - High School Mystery (Europe)",芭比日记-高校神秘 （欧版）,GBA#305
gba,"Barbie Diaries, The - High School Mystery (USA)",芭比日记-高校神秘 （美版）,GBA#306
gba,"Barbie Groovy Games (Europe) (En,Fr,De,Es,It)","芭比益智小游戏合集 （欧版） (En,Fr,De,Es,It)",GBA#307
gba,Barbie Groovy Games (USA),芭比益智小游戏合集 （美版）,GBA#308
gba,"Barbie Horse Adventures (Europe) (En,Fr,De,Es,It,Nl)","巴比马术赛 （欧版） (En,Fr,De,Es,It,Nl)",GBA#309
gba,Barbie Horse Adventures - Blue Ribbon Race (USA),巴比马术赛 （美版）,GBA#310
gba,"Barbie in the 12 Dancing Princesses (Europe) (En,Fr,De,Es,It)","芭比-12-舞蹈公主 （欧版） (En,Fr,De,Es,It)",GBA#311
gba,Barbie in the 12 Dancing Princesses (USA),芭比-12-舞蹈公主 （美版）,GBA#312
gba,"Barbie Superpack - Secret Agent + Groovy Games (Europe) (En,Fr,De,Es,It)","游戏2合1-芭比游戏系列 （欧版） (En,Fr,De,Es,It)",GBA#313
gba,Barbie Superpack - Secret Agent + Groovy Games (USA),游戏2合1-芭比游戏系列 （美版）,GBA#314
gba,"Barnyard (Europe) (En,Fr,De,Es,It,Nl)","疯狂农庄 （欧版） (En,Fr,De,Es,It,Nl)",GBA#315
gba,Barnyard (USA),疯狂农庄 （美版）,GBA#316
gba,Baseball Advance (USA),棒球A （美版）,GBA#317
gba,Bass Tsuri Shiyouze! - Tournament wa Senryaku da! (Japan),钓鲈巡回赛-夺标就是战略! （日版）,GBA#318
gba,"Batman - Rise of Sin Tzu (USA) (En,Fr,Es)","蝙蝠侠-辛特组的复活 （美版） (En,Fr,Es)",GBA#319
gba,"Batman - Vengeance (Europe) (En,Fr,De,Es,It,Nl)","蝙蝠侠-复仇 （欧版） (En,Fr,De,Es,It,Nl)",GBA#320
gba,"Batman - Vengeance (USA) (En,Fr,Es)","蝙蝠侠-复仇 （美版） (En,Fr,Es)",GBA#321
gba,"Batman Begins (USA, Europe) (En,Fr,De,Es,It,Nl)","蝙蝠侠诞生 （美版 欧版） (En,Fr,De,Es,It,Nl)",GBA#322
gba,Battle B-Daman (USA),B-传说！战斗比达人 （美版）,GBA#323
gba,Battle B-Daman - Fire Spirits! (USA),B-传说!战斗比达人炎魂! （美版）,GBA#324
gba,Battle Network Rockman EXE (Japan),洛克人-网络战斗EXE1 （日版）,GBA#325
gba,Battle Network Rockman EXE 2 (Japan),洛克人网络大战EXE2 （日版）,GBA#326
gba,Battle Network Rockman EXE 2 (Japan) (Rev 1),洛克人网络大战EXE2 （日版） （修正版 1）,GBA#327
gba,Battle Network Rockman EXE 3 (Japan),洛克人战斗网络EXE3-黄版 （日版）,GBA#328
gba,Battle Network Rockman EXE 3 (Japan) (Rev 1),洛克人战斗网络EXE3-黄版 （日版） （修正版 1）,GBA#329
gba,Battle Network Rockman EXE 3 - Black (Japan) (Promo),洛克人战斗网络EXE3-黑版 （日版） (Promo),GBA#330
gba,Battle Network Rockman EXE 3 - Black (Japan) (Rev 1),洛克人战斗网络EXE3-黑版 （日版） （修正版 1）,GBA#331
gba,Battle X Battle - Kyodai Gyo Densetsu (Japan),战斗X战斗-巨大鱼传说 （日版）,GBA#332
gba,"BattleBots - Beyond the BattleBox (Europe) (En,Fr,De)","战斗机器-超越的战斗空间 （欧版） (En,Fr,De)",GBA#333
gba,BattleBots - Beyond the BattleBox (USA),战斗机器-超越的战斗空间 （美版）,GBA#334
gba,BattleBots - Design & Destroy (USA),机器人大战-设计&破坏 （美版）,GBA#335
gba,Battletoads (USA) (Proto),忍者蛙 （美版） （工程版）,GBA#336
gba,BB Ball (Japan),BB球 （日版）,GBA#337
gba,Beast Shooter - Mezase Beast King! (Japan),斗兽王! （日版）,GBA#338
gba,"Bee Game, The (USA)",蜜蜂宝宝 （美版）,GBA#339
gba,"Berenstain Bears and the Spooky Old Tree, The (USA)",贝贝熊与老树精 （美版）,GBA#340
gba,"Best Friends - Hunde & Katzen (Germany) (En,De)","猫狗好朋友 （德国版） (En,De)",GBA#341
gba,Best Play Pro Yakyuu (Japan),最佳职业棒球 （日版）,GBA#342
gba,"Beyblade G-Revolution (Europe) (En,De,Es,It)","爆旋陀螺-G点旋转 （欧版） (En,De,Es,It)",GBA#343
gba,Beyblade G-Revolution (USA),爆旋陀螺-G点旋转 （美版）,GBA#344
gba,"Beyblade V-Force - Ultimate Blader Jam (Europe) (En,Fr,De,Es,It)","爆转陀螺王-力量之最终冲击 （欧版） (En,Fr,De,Es,It)",GBA#345
gba,Beyblade V-Force - Ultimate Blader Jam (USA),爆转陀螺王-力量之最终冲击 （美版）,GBA#346
gba,Bibi Blocksberg - Der Magische Hexenkreis (Germany),比比小魔女 （德国版）,GBA#347
gba,Bibi und Tina - Ferien auf dem Martinshof (Germany),比比小魔女和提娜-在牧场的三月假日 （德国版）,GBA#348
gba,Bibi und Tina - Ferien auf dem Martinshof (Germany) (Rev 1),比比小魔女和提娜-在牧场的三月假日 （德国版） （修正版 1）,GBA#349
gba,"Bible Game, The (USA)",圣经游戏 （美版）,GBA#350
gba,"Biene Maja, Die - Klatschmohnwiese in Gefahr (Germany)",蜜蜂宝宝 （德国版）,GBA#351
gba,"Big Mutha Truckers (Europe) (En,Fr,De,Es,It)","重金属卡车 （欧版） (En,Fr,De,Es,It)",GBA#352
gba,Big Mutha Truckers (USA),重金属卡车 （美版）,GBA#353
gba,"Billy Hatcher - Hyper Shoot (USA) (En,Ja) (Billy Hatcher and the Giant Egg) [b]","比利·哈彻-超级射击 （美版） (En,Ja) (Billy Hatcher and the Giant Egg) [b]",GBA#354
gba,"Billy Hatcher - Hyper Shoot ~Easy~ (USA) (En,Ja) (Billy Hatcher and the Giant Egg) [b]","比利·哈彻-超级射击~Easy~ （美版） (En,Ja) (Billy Hatcher and the Giant Egg) [b]",GBA#355
gba,"Bionicle (Europe) (En,Fr,De,Da)","生化战士 （欧版） (En,Fr,De,Da)",GBA#356
gba,Bionicle (USA),生化战士 （美版）,GBA#357
gba,"Bionicle - Matoran Adventures (USA, Europe) (En,Fr,De,Es,It,Nl,Sv,Da)","乐高斗牛士冒险 （美版 欧版） (En,Fr,De,Es,It,Nl,Sv,Da)",GBA#358
gba,"Bionicle - Maze of Shadows (Europe) (En,De)","乐高荒岛冒险-幽影迷宫 （欧版） (En,De)",GBA#359
gba,"Bionicle - Maze of Shadows (Europe) (En,De) (Rev 1)","乐高荒岛冒险-幽影迷宫 （欧版） (En,De) （修正版 1）",GBA#360
gba,Bionicle - Maze of Shadows (USA),乐高荒岛冒险-幽影迷宫 （美版）,GBA#361
gba,"Bionicle Heroes (Europe) (En,Fr,De,Es,It,Da)","生化英雄 （欧版） (En,Fr,De,Es,It,Da)",GBA#362
gba,"Bionicle Heroes (USA) (En,Fr,De,Es,It,Da)","生化英雄 （美版） (En,Fr,De,Es,It,Da)",GBA#363
gba,bit Generations - Boundish (Japan) (En),几何世代-反弹网球 （日版） (En),GBA#364
gba,bit Generations - Coloris (Japan) (En),几何世代-颜色方块 （日版） (En),GBA#365
gba,bit Generations - Dialhex (Japan) (En),几何世代-六角形针盘 （日版） (En),GBA#366
gba,bit Generations - Digidrive (Japan) (En),几何世代-数位驱动 （日版） (En),GBA#367
gba,bit Generations - Dotstream (Japan) (En),几何世代-点点潮流 （日版） (En),GBA#368
gba,bit Generations - Orbital (Japan) (En),几何世代-轨道牵引 （日版） (En),GBA#369
gba,bit Generations - Soundvoyager (Japan) (En),几何世代-声音航海家 （日版） (En),GBA#370
gba,Black Belt Challenge (Europe),黑腰带挑战赛 （欧版）,GBA#371
gba,Black Black - Bura Bura (Japan),魔笛师传说 （日版）,GBA#372
gba,Black Matrix Zero (Japan),正邪幻想曲Zero （日版）,GBA#373
gba,Blackthorne (Europe),黑色荆棘之狠将奇兵 （欧版）,GBA#374
gba,Blackthorne (USA),黑色荆棘之狠将奇兵 （美版）,GBA#375
gba,Blades of Thunder (USA),雷霆之刃直升机 （美版）,GBA#376
gba,Bleach Advance - Kurenai ni Somaru Soul Society (Japan),死神 （日版）,GBA#377
gba,Blender Bros. (USA),连体兄弟 （美版）,GBA#378
gba,Blue Angelo - Angels from the Shrine (Europe) (Proto 1),蓝色天使-神殿里的天使 （欧版） （工程版1）,GBA#379
gba,Blue Angelo - Angels from the Shrine (Europe) (Proto 2),蓝色天使-神殿里的天使 （欧版） （工程版2）,GBA#380
gba,BMX Trick Racer (USA),BMX花式越野车大赛 （美版）,GBA#381
gba,Board Game Classics (USA),新游戏3合1-经典桌面棋盘游戏合集 （美版）,GBA#382
gba,"Board Game Classics - Backgammon & Chess & Draughts (Europe) (En,Fr,De,Es,It)","新游戏3合1-经典桌面棋盘游戏合集 （欧版） (En,Fr,De,Es,It)",GBA#383
gba,Boboboubo Boubobo - 9 Kyoku Senshi Gag Yuugou (Japan),9极战士-恶搞融合 （日版）,GBA#384
gba,Boboboubo Boubobo - Bakutou Hajike Taisen (Japan),爆裂鼻毛真拳-热斗爆裂大战 （日版）,GBA#385
gba,Boboboubo Boubobo - Maji de!! Shinken Battle (Japan),爆裂鼻毛真拳!! （日版）,GBA#386
gba,Boboboubo Boubobo - Ougi 87.5 Bakuretsu Hanage Shinken (Japan),爆裂鼻毛真拳 （日版）,GBA#387
gba,"Boktai - The Sun Is in Your Hand (Europe) (En,Fr,De,Es,It)","我们的太阳1 （欧版） (En,Fr,De,Es,It)",GBA#388
gba,Boktai - The Sun Is in Your Hand (USA),我们的太阳1 （美版）,GBA#389
gba,Boktai - The Sun Is in Your Hand (USA) (Sample),我们的太阳1 （美版） （试玩版）,GBA#390
gba,"Boktai 2 - Solar Boy Django (Europe) (En,Fr,De,Es,It)","我们的太阳2 （欧版） (En,Fr,De,Es,It)",GBA#391
gba,Boktai 2 - Solar Boy Django (USA),我们的太阳2 （美版）,GBA#392
gba,Boku wa Koukuu Kanseikan (Japan) (Rev 1),我是航空管制官 （日版） （修正版 1）,GBA#393
gba,Bokujou Monogatari - Mineral Town no Nakama-tachi (Japan),牧场物语-矿石镇的朋友们 （日版）,GBA#394
gba,Bokujou Monogatari - Mineral Town no Nakama-tachi for Girl (Japan),牧场物语-矿石镇的伙伴们-女孩篇 （日版）,GBA#395
gba,Bokura no Taiyou - Taiyou Action RPG (Japan),我们的太阳1 （日版）,GBA#396
gba,Bomber Man Jetters - Densetsu no Bomber Man (Japan),炸弹人杰特斯 （日版）,GBA#397
gba,Bomber Man Jetters - Game Collection (Japan),炸弹人杰特斯游戏竞技 （日版）,GBA#398
gba,Bomber Man Max 2 - Bomber Man Version (Japan),炸弹人马克思2-炸弹人版 （日版）,GBA#399
gba,Bomber Man Max 2 - Max Version (Japan),炸弹人马克思2-马克思版 （日版）,GBA#400
gba,Bomber Man Story (Japan),炸弹人传说 （日版）,GBA#401
gba,"Bomberman Max 2 - Blue Advance (Europe) (En,Fr,De)","炸弹人马克思2-蓝版 （欧版） (En,Fr,De)",GBA#402
gba,Bomberman Max 2 - Blue Advance (USA),炸弹人马克思2-蓝版 （美版）,GBA#403
gba,"Bomberman Max 2 - Red Advance (Europe) (En,Fr,De)","炸弹人马克思2-红版 （欧版） (En,Fr,De)",GBA#404
gba,Bomberman Max 2 - Red Advance (USA),炸弹人马克思2-红版 （美版）,GBA#405
gba,"Bomberman Tournament (USA, Europe)",炸弹人传说 （美版 欧版）,GBA#406
gba,Bookworm (USA),书虫 （美版）,GBA#407
gba,Bouken Yuuki Pluster World - Densetsu no Plust Gate (Japan),冒险游记-未发现的传说 （日版）,GBA#408
gba,Bouken Yuuki Pluster World - Densetsu no Plust Gate EX (Japan),冒险游记-未发现的传说EX （日版）,GBA#409
gba,Bouken Yuuki Pluster World - Pluston GP (Japan),冒险游记GP赛车 （日版）,GBA#410
gba,Bouken-ou Beet - Busters Road (Japan),冒险王比特-克星之路 （日版）,GBA#411
gba,Boukyaku no Senritsu (Japan),忘却的旋律 （日版）,GBA#412
gba,"Boulder Dash EX (Europe) (En,Fr,De)","推石小子EX （欧版） (En,Fr,De)",GBA#413
gba,Boulder Dash EX (Japan),推石小子EX （日版）,GBA#414
gba,Boulder Dash EX (USA),推石小子EX （美版）,GBA#415
gba,"Boxing Fever (USA, Europe)",狂热拳击 （美版 欧版）,GBA#416
gba,"Bratz (Europe) (En,Fr,De,Es,It)","跳舞机 （欧版） (En,Fr,De,Es,It)",GBA#417
gba,"Bratz (USA) (En,Fr,Es)","跳舞机 （美版） (En,Fr,Es)",GBA#418
gba,"Bratz - Babyz (Europe) (En,Es,It)","顽皮宝宝 （欧版） (En,Es,It)",GBA#419
gba,Bratz - Babyz (USA),顽皮宝宝 （美版）,GBA#420
gba,"Bratz - Forever Diamondz (Europe) (En,Fr,Es,It)","贝兹娃娃-永久的钻石 （欧版） (En,Fr,Es,It)",GBA#421
gba,Bratz - Forever Diamondz (Germany),贝兹娃娃-永久的钻石 （德国版）,GBA#422
gba,Bratz - Forever Diamondz (USA),贝兹娃娃-永久的钻石 （美版）,GBA#423
gba,Bratz - Rock Angelz (France),芭兹娃娃-摇滚天使 （法国版）,GBA#424
gba,Bratz - Rock Angelz (Germany),芭兹娃娃-摇滚天使 （德国版）,GBA#425
gba,Bratz - Rock Angelz (Spain),芭兹娃娃-摇滚天使 （西班牙版）,GBA#426
gba,"Bratz - Rock Angelz (USA, Europe)",芭兹娃娃-摇滚天使 （美版 欧版）,GBA#427
gba,Bratz - The Movie (Europe),贝兹洋娃娃-电影院 （欧版）,GBA#428
gba,"Bratz - The Movie (Europe) (Es,It)","贝兹洋娃娃-电影院 （欧版） (Es,It)",GBA#429
gba,Bratz - The Movie (Germany),贝兹洋娃娃-电影院 （德国版）,GBA#430
gba,Bratz - The Movie (USA),贝兹洋娃娃-电影院 （美版）,GBA#431
gba,Breath of Fire (Europe),龙战士 （欧版）,GBA#432
gba,"Breath of Fire (Europe) (En,Fr,De)","龙战士 （欧版） (En,Fr,De)",GBA#433
gba,Breath of Fire (USA),龙战士 （美版）,GBA#434
gba,Breath of Fire - Ryuu no Senshi (Japan),龙战士 （日版）,GBA#435
gba,Breath of Fire II (Europe),龙战士2-使命之子 （欧版）,GBA#436
gba,Breath of Fire II (USA),龙战士2-使命之子 （美版）,GBA#437
gba,Breath of Fire II - Shimei no Ko (Japan),龙战士2-使命之子 （日版）,GBA#438
gba,Britney's Dance Beat (Europe),小甜甜布兰妮之舞蹈节拍 （欧版）,GBA#439
gba,"Britney's Dance Beat (Europe) (En,De)","小甜甜布兰妮之舞蹈节拍 （欧版） (En,De)",GBA#440
gba,"Britney's Dance Beat (Europe) (En,Fr)","小甜甜布兰妮之舞蹈节拍 （欧版） (En,Fr)",GBA#441
gba,Britney's Dance Beat (USA),小甜甜布兰妮之舞蹈节拍 （美版）,GBA#442
gba,"Broken Circle (Europe) (En,It) (Proto)","断圆 （欧版） (En,It) （工程版）",GBA#443
gba,"Broken Circle (Europe) (En,It) (Unl)","断圆 （欧版） (En,It) （非官方版）",GBA#444
gba,"Broken Sword - The Shadow of the Templars (Europe) (En,Fr,De,Es,It)","断剑-圣堂武士之迷 （欧版） (En,Fr,De,Es,It)",GBA#445
gba,"Broken Sword - The Shadow of the Templars (USA) (En,Fr,De,Es,It)","断剑-圣堂武士之迷 （美版） (En,Fr,De,Es,It)",GBA#446
gba,Brother Bear (Europe),迪斯尼小熊的兄弟们 （欧版）,GBA#447
gba,"Brother Bear (Europe) (Fr,De,Es,It,Nl,Sv,Da)","迪斯尼小熊的兄弟们 （欧版） (Fr,De,Es,It,Nl,Sv,Da)",GBA#448
gba,Brother Bear (USA),迪斯尼小熊的兄弟们 （美版）,GBA#449
gba,"Bruce Lee - Return of the Legend (Europe) (En,Fr,De,Es,It)","李小龙-英雄再现 （欧版） (En,Fr,De,Es,It)",GBA#450
gba,Bruce Lee - Return of the Legend (USA),李小龙-英雄再现 （美版）,GBA#451
gba,"Bubble Bobble - Old & New (Europe) (En,Fr,De,Es,It)","泡泡龙新版&旧版 （欧版） (En,Fr,De,Es,It)",GBA#452
gba,Bubble Bobble - Old & New (Japan),泡泡龙新版&旧版 （日版）,GBA#453
gba,Bubble Bobble - Old & New (USA),泡泡龙新版&旧版 （美版）,GBA#454
gba,Buffy - Im Bann der Daemonen - Koenig Darkhuls Zorn (Germany),吸血鬼杀手巴菲-返回黑暗世界 （德国版）,GBA#455
gba,Buffy contre les Vampires - La Colere de Darkhul (France),吸血鬼杀手巴菲-返回黑暗世界 （法国版）,GBA#456
gba,"Buffy the Vampire Slayer - Wrath of the Darkhul King (USA, Europe)",吸血鬼杀手巴菲-返回黑暗世界 （美版 欧版）,GBA#457
gba,Bura Bura Donkey (Japan),大金刚-摇摆王 （日版）,GBA#458
gba,"Butt-Ugly Martians - B.K.M. Battles (Europe) (En,Fr,De,Es,It)","神勇火星人-反冲大作战 （欧版） (En,Fr,De,Es,It)",GBA#459
gba,Butt-Ugly Martians - B.K.M. Battles (USA),神勇火星人-反冲大作战 （美版）,GBA#460
gba,Cabbage Patch Kids - The Patch Puppy Rescue (Europe),捲心菜娃娃-拯救斑点狗 （欧版）,GBA#461
gba,Cabbage Patch Kids - The Patch Puppy Rescue (USA),捲心菜娃娃-拯救斑点狗 （美版）,GBA#462
gba,Cabela's Big Game Hunter (USA),猎鹿人 （美版）,GBA#463
gba,"Cabela's Big Game Hunter - 2005 Adventures (USA, Europe)",勇敢的坎贝拉猎鹿人2005 （美版 欧版）,GBA#464
gba,Caesars Palace Advance - Millennium Gold Edition (USA) (Beta),凯撒的宫殿A （美版） （测试版）,GBA#465
gba,"Caesars Palace Advance - Millennium Gold Edition (USA, Europe)",凯撒的宫殿A （美版 欧版）,GBA#466
gba,Calciobit (Japan),轻松玩欢乐足球 （日版）,GBA#467
gba,Camp Lazlo - Leaky Lake Games (Europe),爱酷一族 （欧版）,GBA#468
gba,Camp Lazlo - Leaky Lake Games (USA),爱酷一族 （美版）,GBA#469
gba,Capcom Classics Mini Mix (USA),CAPCOM经典小合集 （美版）,GBA#470
gba,Captain Tsubasa - Eikou no Kiseki (Japan),天使之翼-荣光的轨迹 （日版）,GBA#471
gba,Car Battler Joe (USA),激斗遥控车战士JOE （美版）,GBA#472
gba,Card e-Reader (Japan),卡片读取机 （日版）,GBA#473
gba,Card e-Reader+ (Japan),卡片读取机+ （日版）,GBA#474
gba,Card Party (Japan),卡片宴会 （日版）,GBA#475
gba,Cardcaptor Sakura - Sakura Card de Mini Game (Japan),库洛魔法使-库洛的迷你游戏 （日版）,GBA#476
gba,Cardcaptor Sakura - Sakura Card Hen - Sakura to Card to Otomodachi (Japan),魔法使小樱-小樱牌篇 （日版）,GBA#477
gba,Cardcaptor Sakura - Sakura Card Hen - Sakura to Card to Otomodachi (Japan) (Rev 1),魔法使小樱-小樱牌篇 （日版） （修正版 1）,GBA#478
gba,"Care Bears - The Care Quests (Europe) (En,Fr,De,Es,It,Nl,Pt,Da)","爱心熊之爱心任务问答 （欧版） (En,Fr,De,Es,It,Nl,Pt,Da)",GBA#479
gba,"Care Bears - The Care Quests (USA) (En,Fr,Es)","爱心熊之爱心任务问答 （美版） (En,Fr,Es)",GBA#480
gba,"Carrera Power Slide (Europe) (En,Fr,De,Es,It,Nl)","动力滑行赛车 （欧版） (En,Fr,De,Es,It,Nl)",GBA#481
gba,"Cars (Europe) (Es,Pt)","汽车总动员 （欧版） (Es,Pt)",GBA#482
gba,"Cars (Europe) (Fr,Nl)","汽车总动员 （欧版） (Fr,Nl)",GBA#483
gba,"Cars (Europe) (Sv,No,Da,Fi)","汽车总动员 （欧版） (Sv,No,Da,Fi)",GBA#484
gba,Cars (Germany),汽车总动员 （德国版）,GBA#485
gba,Cars (Japan),汽车总动员 （日版）,GBA#486
gba,"Cars (USA, Europe)",汽车总动员 （美版 欧版）,GBA#487
gba,"Cars - Mater-National Championship (Europe) (En,Fr,De,Es,It,Nl)","汽车总动员-全国大赛 （欧版） (En,Fr,De,Es,It,Nl)",GBA#488
gba,"Cars - Mater-National Championship (USA) (En,Fr)","汽车总动员-全国大赛 （美版） (En,Fr)",GBA#489
gba,Cars - Motori Ruggenti (Italy),汽车总动员 （意大利版）,GBA#490
gba,Cartoon Network Block Party (USA),卡通频道-疯狂派对 （美版）,GBA#491
gba,Cartoon Network Speedway (USA),卡通网-高速飙车 （美版）,GBA#492
gba,"Casper (Europe) (En,Fr,De,Es,It,Nl,Pt)","鬼马小灵精 （欧版） (En,Fr,De,Es,It,Nl,Pt)",GBA#493
gba,"Casper (USA) (En,Fr,Es)","鬼马小灵精 （美版） (En,Fr,Es)",GBA#494
gba,Castlevania (Europe),恶魔城-月之轮回 （欧版）,GBA#495
gba,Castlevania (Europe) (Wii U Virtual Console),恶魔城-月之轮回 （欧版） (Wii U Virtual Console),GBA#496
gba,Castlevania - Akatsuki no Minuet (Japan),恶魔城-晓月圆舞曲 （日版）,GBA#497
gba,"Castlevania - Aria of Sorrow (Europe) (En,Fr,De)","恶魔城-晓月圆舞曲 （欧版） (En,Fr,De)",GBA#498
gba,"Castlevania - Aria of Sorrow (Europe) (En,Fr,De) (Wii U Virtual Console)","恶魔城-晓月圆舞曲 （欧版） (En,Fr,De) (Wii U Virtual Console)",GBA#499
gba,Castlevania - Aria of Sorrow (USA),恶魔城-晓月圆舞曲 （美版）,GBA#500
gba,Castlevania - Aria of Sorrow (USA) (Wii U Virtual Console),恶魔城-晓月圆舞曲 （美版） (Wii U Virtual Console),GBA#501
gba,Castlevania - Byakuya no Concerto (Japan),恶魔城-白夜协奏曲 （日版）,GBA#502
gba,Castlevania - Circle of the Moon (USA),恶魔城-月之轮回 （美版）,GBA#503
gba,Castlevania - Circle of the Moon (USA) (Wii U Virtual Console),恶魔城-月之轮回 （美版） (Wii U Virtual Console),GBA#504
gba,Castlevania - Harmony of Dissonance (Europe),恶魔城-白夜协奏曲 （欧版）,GBA#505
gba,Castlevania - Harmony of Dissonance (USA),恶魔城-白夜协奏曲 （美版）,GBA#506
gba,"Castlevania Double Pack (Europe) (En,Fr,De)","2合1-恶魔城 （欧版） (En,Fr,De)",GBA#507
gba,Castlevania Double Pack (USA),2合1-恶魔城 （美版）,GBA#508
gba,"Castleween (Europe) (En,Fr,De,Es,It)","古堡幽灵 （欧版） (En,Fr,De,Es,It)",GBA#509
gba,"Cat in the Hat, The (Europe) (En,Fr,De,Es,It)","爱戴帽子的猫博士 （欧版） (En,Fr,De,Es,It)",GBA#510
gba,"Cat in the Hat, The (USA)",爱戴帽子的猫博士 （美版）,GBA#511
gba,"Catwoman (USA, Europe) (En,Fr,De,Es,It,Nl)","猫女 （美版 欧版） (En,Fr,De,Es,It,Nl)",GBA#512
gba,"Catz (Europe) (En,Fr,De,It)","可爱小猫 （欧版） (En,Fr,De,It)",GBA#513
gba,"Catz (USA, Europe)",可爱小猫 （美版 欧版）,GBA#514
gba,Chaoji Maliou 2 (China),小神游-超级马里欧2 （中国版）,GBA#515
gba,Chaoji Maliou Shijie (China),小神游-超级马力欧世界 （中国版）,GBA#516
gba,"Charlie and the Chocolate Factory (Europe) (En,Fr,Es,Nl)","查理与巧克力工厂 （欧版） (En,Fr,Es,Nl)",GBA#517
gba,"Charlie and the Chocolate Factory (USA) (En,Fr,Es,Nl)","查理与巧克力工厂 （美版） (En,Fr,Es,Nl)",GBA#518
gba,"Charlotte's Web (Europe) (En,Fr,De,Es,It)","夏洛特的网 （欧版） (En,Fr,De,Es,It)",GBA#519
gba,"Charlotte's Web (USA) (En,Fr,De,Es,It)","夏洛特的网 （美版） (En,Fr,De,Es,It)",GBA#520
gba,"Cheetah Girls, The (USA)",花豹女郎 （美版）,GBA#521
gba,Chessmaster (Europe),国际象棋大师 （欧版）,GBA#522
gba,Chessmaster (France),国际象棋大师 （法国版）,GBA#523
gba,Chessmaster (Germany),国际象棋大师 （德国版）,GBA#524
gba,Chessmaster (USA),国际象棋大师 （美版）,GBA#525
gba,Chi Vuol Essere Milionario (Italy),谁想成为百万富翁 （意大利版）,GBA#526
gba,Chicken Little (Japan),四眼天鸡 （日版）,GBA#527
gba,"Chicken Little (USA, Europe) (En,Fr,De,Es,It,Nl)","四眼天鸡 （美版 欧版） (En,Fr,De,Es,It,Nl)",GBA#528
gba,"Chicken Shoot (Europe) (En,Fr,De,Es,It)","射鸡 （欧版） (En,Fr,De,Es,It)",GBA#529
gba,Chicken Shoot (USA),射鸡 （美版）,GBA#530
gba,"Chicken Shoot 2 (Europe) (En,Fr,De,Es,It)","射鸡2 （欧版） (En,Fr,De,Es,It)",GBA#531
gba,Chicken Shoot 2 (USA),射鸡2 （美版）,GBA#532
gba,Chinmoku no Iseki - Estpolis Gaiden (Japan),四狂神战记外传-沉默的遗迹 （日版）,GBA#533
gba,Chobits for Game Boy Advance - Atashi Dake no Hito (Japan),人形电脑天使心 （日版）,GBA#534
gba,Chocobo Land - A Game of Dice (Japan),陆行鸟大陆-骰子游戏 （日版）,GBA#535
gba,Choro Q Advance (Japan),Q版赛车A （日版）,GBA#536
gba,Choro Q Advance (Japan) (Rev 1),Q版赛车A （日版） （修正版 1）,GBA#537
gba,Choro Q Advance 2 (Japan),迷你Q版赛车2代变速齿轮之公路旅行 （日版）,GBA#538
gba,Chou Makaimura R (Japan),超魔界村R （日版）,GBA#539
gba,"Chronicles of Narnia, The - The Lion, the Witch and the Wardrobe (USA, Europe) (En,Fr,De,Es,It,Nl,Sv,Da)","纳尼亚传奇编年史 （美版 欧版） (En,Fr,De,Es,It,Nl,Sv,Da)",GBA#540
gba,Chu Chu Rocket! Challenge (USA) (Billy Hatcher and the Giant Egg) [b],楚楚火箭！挑战 （美版） (Billy Hatcher and the Giant Egg) [b],GBA#541
gba,"ChuChu Rocket! (Europe) (En,Ja,Fr,De,Es)","咕噜咕噜火箭! （欧版） (En,Ja,Fr,De,Es)",GBA#542
gba,"ChuChu Rocket! (Japan) (En,Ja,Fr,De,Es)","咕噜咕噜火箭! （日版） (En,Ja,Fr,De,Es)",GBA#543
gba,"ChuChu Rocket! (USA) (En,Ja,Fr,De,Es)","咕噜咕噜火箭! （美版） (En,Ja,Fr,De,Es)",GBA#544
gba,CIMA - The Enemy (USA),半兽敌人 （美版）,GBA#545
gba,"Cinderella - Magical Dreams (Europe) (En,Fr,De,Es,It)","迪斯尼仙履奇缘-奇幻之旅 （欧版） (En,Fr,De,Es,It)",GBA#546
gba,"Cinderella - Magical Dreams (USA) (En,Fr,De,Es,It)","迪斯尼仙履奇缘-奇幻之旅 （美版） (En,Fr,De,Es,It)",GBA#547
gba,Cinnamon Game Series 2 - Yume no Daibouken (Japan),长耳狗希纳蒙-梦之大冒险 （日版）,GBA#548
gba,Cinnamon Game Series 3 - Fuwafuwa Daisakusen (Japan),长耳狗-云上大作战 （日版）,GBA#549
gba,Cinnamoroll - Koko ni Iru yo (Japan),长耳狗-就在这里 （日版）,GBA#550
gba,"Classic NES Series - Bomberman (USA, Europe)",经典任天堂-炸弹人 （美版 欧版）,GBA#551
gba,Classic NES Series - Castlevania (USA),任天堂FC珍藏游戏系列第29辑 （美版）,GBA#552
gba,"Classic NES Series - Donkey Kong (USA, Europe)",经典任天堂-大金刚 （美版 欧版）,GBA#553
gba,"Classic NES Series - Dr. Mario (USA, Europe)",任天堂FC珍藏游戏系列第15辑 （美版 欧版）,GBA#554
gba,"Classic NES Series - Excitebike (USA, Europe)",经典任天堂-越野机车 （美版 欧版）,GBA#555
gba,"Classic NES Series - Ice Climber (USA, Europe)",经典任天堂-雪人兄弟 （美版 欧版）,GBA#556
gba,"Classic NES Series - Metroid (USA, Europe)",任天堂FC珍藏游戏系列第23辑 （美版 欧版）,GBA#557
gba,"Classic NES Series - Pac-Man (USA, Europe)",经典任天堂-大食客 （美版 欧版）,GBA#558
gba,"Classic NES Series - Super Mario Bros. (USA, Europe)",经典任天堂-超级马里奥兄弟 （美版 欧版）,GBA#559
gba,"Classic NES Series - The Legend of Zelda (USA, Europe)",经典任天堂-塞尔达传说 （美版 欧版）,GBA#560
gba,"Classic NES Series - Xevious (USA, Europe)",经典任天堂-铁板阵 （美版 欧版）,GBA#561
gba,"Classic NES Series - Zelda II - The Adventure of Link (USA, Europe)",任天堂FC珍藏游戏系列第25辑 （美版 欧版）,GBA#562
gba,"Cocoto - Kart Racer (Europe) (En,Fr,De,Es,It)","小魔怪赛车 （欧版） (En,Fr,De,Es,It)",GBA#563
gba,"Cocoto - Platform Jumper (Europe) (En,Fr,De,Es,It)","可可特跳跃小子 （欧版） (En,Fr,De,Es,It)",GBA#564
gba,CodeBreaker (USA) (Unl),GBA金手指密码工具 （美版） （非官方版）,GBA#565
gba,Codename - Kids Next Door - Operation S.O.D.A. (USA),代号-邻家小孩 （美版）,GBA#566
gba,"Colin McRae Rally 2.0 (Europe) (En,Fr,De)","越野拉力赛车2 （欧版） (En,Fr,De)",GBA#567
gba,"Colin McRae Rally 2.0 (USA) (En,Fr,De)","越野拉力赛车2 （美版） (En,Fr,De)",GBA#568
gba,Columns Crown (Europe),宝石方块 （欧版）,GBA#569
gba,Columns Crown (Japan),宝石方块 （日版）,GBA#570
gba,Columns Crown (USA),宝石方块 （美版）,GBA#571
gba,Combat Choro Q - Advance Daisakusen (Japan),Q版坦克大作战 （日版）,GBA#572
gba,"Combo Pack - Sonic Advance + Sonic Pinball Party (USA) (En,Ja,Fr,De,Es+En,Ja,Fr,De,Es,It)","2合1-索尼克大冒险和索尼克弹珠球 （美版） (En,Ja,Fr,De,Es+En,Ja,Fr,De,Es,It)",GBA#573
gba,"Comix Zone (Europe) (En,Fr,De,Es,It)","漫画地带 （欧版） (En,Fr,De,Es,It)",GBA#574
gba,Contra Advance (USA) (Beta),魂斗罗A （美版） （测试版）,GBA#575
gba,Contra Advance - The Alien Wars EX (Europe),魂斗罗-异型战争EX （欧版）,GBA#576
gba,Contra Advance - The Alien Wars EX (USA),魂斗罗-异型战争EX （美版）,GBA#577
gba,Contra Advance - The Alien Wars EX (USA) (Wii U Virtual Console),魂斗罗-异型战争EX （美版） (Wii U Virtual Console),GBA#578
gba,Contra Hard Spirits (Japan) (En),魂斗罗-异型战争EX （日版） (En),GBA#579
gba,"Corvette (USA) (En,Fr,De,Es,It)","克尔维特汽车-50周年纪念 （美版） (En,Fr,De,Es,It)",GBA#580
gba,Cosmo & Wanda - Wenn Elfen Helfen! - Das Schattenduell (Germany),反斗家族2-暗影决战 （德国版）,GBA#581
gba,"Crash & Spyro Super Pack Volume 1 (Europe) (En,Fr,De,Es,It,Nl)","游戏2合1-古惑狼+小龙斯派罗-第1卷 （欧版） (En,Fr,De,Es,It,Nl)",GBA#582
gba,"Crash & Spyro Super Pack Volume 2 (Europe) (En,Fr,De,Es,It,Nl)","游戏2合1-古惑狼+小龙斯派罗-第2卷 （欧版） (En,Fr,De,Es,It,Nl)",GBA#583
gba,"Crash & Spyro Super Pack Volume 3 (Europe) (En,Fr,De,Es,It)","游戏2合1-古惑狼与斯派洛超级包3 （欧版） (En,Fr,De,Es,It)",GBA#584
gba,Crash & Spyro Superpack - Spyro - Season of Ice + Crash Bandicoot - The Huge Adventure (USA),游戏2合1-小龙斯派罗+古惑狼1 （美版）,GBA#585
gba,Crash & Spyro Superpack - Spyro Orange - The Cortex Conspiracy + Crash Bandicoot Purple - Ripto's Rampage (USA),游戏2合1-古惑狼与斯派洛 （美版）,GBA#586
gba,Crash Bandicoot - The Huge Adventure (USA),古惑狼-无尽的冒险 （美版）,GBA#587
gba,"Crash Bandicoot 2 - N-Tranced (Europe) (En,Fr,De,Es,It,Nl)","古惑狼2 （欧版） (En,Fr,De,Es,It,Nl)",GBA#588
gba,Crash Bandicoot 2 - N-Tranced (USA),古惑狼2 （美版）,GBA#589
gba,Crash Bandicoot Advance (Japan),古惑狼-无尽的冒险 （日版）,GBA#590
gba,Crash Bandicoot Advance - Wakuwaku Tomodachi Daisakusen! (Japan),古惑狼-友情大作战! （日版）,GBA#591
gba,Crash Bandicoot Advance 2 - Guruguru Saimin Dai-panic! (Japan),古惑狼2 （日版）,GBA#592
gba,Crash Bandicoot Bakusou! Nitro Cart (Japan),古惑狼赛车 （日版）,GBA#593
gba,"Crash Bandicoot Fusion (Europe) (En,Fr,De,Es,It)","古惑狼-暴跳的罗彼德与紫色宝贝龙 （欧版） (En,Fr,De,Es,It)",GBA#594
gba,Crash Bandicoot Purple - Ripto's Rampage (USA),古惑狼-暴跳的罗彼德与紫色宝贝龙 （美版）,GBA#595
gba,Crash Bandicoot Purple - Ripto's Rampage (USA) (Rev 1),古惑狼-暴跳的罗彼德与紫色宝贝龙 （美版） （修正版 1）,GBA#596
gba,"Crash Bandicoot XS (Europe) (En,Fr,De,Es,It,Nl)","古惑狼-无尽的冒险 （欧版） (En,Fr,De,Es,It,Nl)",GBA#597
gba,"Crash Nitro Kart (Europe) (En,Fr,De,Es,It,Nl)","古惑狼赛车 （欧版） (En,Fr,De,Es,It,Nl)",GBA#598
gba,Crash Nitro Kart (USA),古惑狼赛车 （美版）,GBA#599
gba,"Crash of the Titans (Europe) (En,Fr,De,Es,It,Nl)","古惑狼泰坦 （欧版） (En,Fr,De,Es,It,Nl)",GBA#600
gba,"Crash of the Titans (USA) (En,Fr)","古惑狼泰坦 （美版） (En,Fr)",GBA#601
gba,Crash Superpack - Crash Bandicoot 2 - N-Tranced + Crash Nitro Kart (USA),游戏2合1-古惑狼超级包 （美版）,GBA#602
gba,Crayon Shin-chan - Arashi o Yobu Cinemaland no Daibouken! (Japan),蜡笔小新-电影乐园大冒险! （日版）,GBA#603
gba,Crayon Shin-chan - Densetsu o Yobu Omake no Miyako Shockgaan! (Japan),蜡笔小新2 （日版）,GBA#604
gba,Crazy Chase (Europe) (Beta),疯狂的追击 （欧版） （测试版）,GBA#605
gba,"Crazy Chase (Europe) (En,Fr,De)","疯狂的追击 （欧版） (En,Fr,De)",GBA#606
gba,"Crazy Chase (Europe) (En,Fr,De) (Beta)","疯狂的追击 （欧版） (En,Fr,De) （测试版）",GBA#607
gba,Crazy Chase (USA),疯狂的追击 （美版）,GBA#608
gba,"Crazy Frog Racer (Europe) (En,Fr,De,Nl)","疯狂青蛙赛车 （欧版） (En,Fr,De,Nl)",GBA#609
gba,"Crazy Taxi - Catch a Ride (Europe) (En,Fr,De,Es,It)","疯狂出租车 （欧版） (En,Fr,De,Es,It)",GBA#610
gba,Crazy Taxi - Catch a Ride (USA),疯狂出租车 （美版）,GBA#611
gba,"Creatures (Europe) (En,Es,It)","造生物计划 （欧版） (En,Es,It)",GBA#612
gba,"Creatures (Europe) (En,Fr,De)","造生物计划 （欧版） (En,Fr,De)",GBA#613
gba,Croket! - Yume no Banker Survival! (Japan),口袋梦幻! （日版）,GBA#614
gba,Croket! 2 - Yami no Bank to Banqueen (Japan),馅饼2-黑暗邦克和邦公主 （日版）,GBA#615
gba,Croket! 3 - Granu Oukoku no Nazo (Japan),馅饼3-砂糖王国之谜 （日版）,GBA#616
gba,Croket! 4 - Bank no Mori no Mamorigami (Japan),馅饼4-森林守护神 （日版）,GBA#617
gba,Croket! Great - Toki no Boukensha (Japan),馅饼-时空的冒险者 （日版）,GBA#618
gba,"Crouching Tiger, Hidden Dragon (Europe) (En,Fr,De,Es,It)","卧虎藏龙 （欧版） (En,Fr,De,Es,It)",GBA#619
gba,"Crouching Tiger, Hidden Dragon (USA) (Beta)",卧虎藏龙 （美版） （测试版）,GBA#620
gba,"Crouching Tiger, Hidden Dragon (USA) (En,Fr,Es)","卧虎藏龙 （美版） (En,Fr,Es)",GBA#621
gba,Cruis'n Velocity (USA) (Beta),劲速狂飙车 （美版） （测试版）,GBA#622
gba,"Cruis'n Velocity (USA, Europe)",劲速狂飙车 （美版 欧版）,GBA#623
gba,Crushed Baseball (USA),热血棒球 （美版）,GBA#624
gba,"CT Special Forces (Europe) (En,Fr,De,Es,It,Nl)","CT特种部队1 （欧版） (En,Fr,De,Es,It,Nl)",GBA#625
gba,"CT Special Forces (Europe) (En,Fr,De,Es,It,Nl) (Beta)","CT特种部队1 （欧版） (En,Fr,De,Es,It,Nl) （测试版）",GBA#626
gba,"CT Special Forces (USA) (En,Fr,De,Es,It,Nl)","CT特种部队1 （美版） (En,Fr,De,Es,It,Nl)",GBA#627
gba,"CT Special Forces - Back to Hell (Europe) (En,Fr,De,Es,It,Nl)","CT特种部队2 （欧版） (En,Fr,De,Es,It,Nl)",GBA#628
gba,"CT Special Forces - Bioterror (Europe) (En,Fr,De,Es,It,Nl)","CT特种部队3 （欧版） (En,Fr,De,Es,It,Nl)",GBA#629
gba,"CT Special Forces 2 - Back in the Trenches (USA) (En,Fr,De,Es,It,Nl)","CT特种部队2-重返战壕 （美版） (En,Fr,De,Es,It,Nl)",GBA#630
gba,Cubix - Robots for Everyone - Clash 'N Bash (USA),机械人大战-疯狂冲撞 （美版）,GBA#631
gba,"Curious George (Europe) (En,Fr,De,Es,It,Sv,Da)","好奇的乔治 （欧版） (En,Fr,De,Es,It,Sv,Da)",GBA#632
gba,Curious George (USA),好奇的乔治 （美版）,GBA#633
gba,Custom Robo GX (Japan),组合机器人GX （日版）,GBA#634
gba,Cyberdrive Zoids - Kijuu no Senshi Hyuu (Japan),网络机械兽世纪 （日版）,GBA#635
gba,Dai-mahjong. (Japan),大麻雀 （日版）,GBA#636
gba,Daisenryaku for Game Boy Advance (Japan),大战略 （日版）,GBA#637
gba,Daisuki Teddy (Japan),我爱泰迪熊 （日版）,GBA#638
gba,Dan Doh!! Tobase Shouri no Smile Shot (Japan),高球小子-飞吧!!胜利的微笑 （日版）,GBA#639
gba,Dan Doh!! Xi (Japan),高尔夫球小子 （日版）,GBA#640
gba,Dancing Sword - Senkou (Japan),舞之刃 （日版）,GBA#641
gba,Danny Phantom - Dschungelstadt (Germany),幻影丹尼-都市丛林 （德国版）,GBA#642
gba,"Danny Phantom - The Ultimate Enemy (Europe) (En,De,Es)","幻影丹尼-终极敌人 （欧版） (En,De,Es)",GBA#643
gba,"Danny Phantom - The Ultimate Enemy (Europe) (En,Fr,Nl)","幻影丹尼-终极敌人 （欧版） (En,Fr,Nl)",GBA#644
gba,Danny Phantom - The Ultimate Enemy (USA),幻影丹尼-终极敌人 （美版）,GBA#645
gba,Danny Phantom - Urban Jungle (USA),幻影丹尼-都市丛林 （美版）,GBA#646
gba,"Daredevil (Europe) (En,Fr,Es,It)","夜魔侠 （欧版） (En,Fr,Es,It)",GBA#647
gba,Daredevil (Germany),夜魔侠 （德国版）,GBA#648
gba,"Daredevil (USA, Europe)",夜魔侠 （美版 欧版）,GBA#649
gba,Darius R (Japan) (En),大流士战机R （日版） (En),GBA#650
gba,"Dark Arena (USA, Europe)",暗黑竞技场 （美版 欧版）,GBA#651
gba,Dark Empire (Japan) (Proto),黑暗帝国 （日版） （工程版）,GBA#652
gba,"Dave Mirra Freestyle BMX 2 (Europe) (En,Fr,De,Es,It)","黛夫·米亚自由式自行车越野赛2 （欧版） (En,Fr,De,Es,It)",GBA#653
gba,"Dave Mirra Freestyle BMX 2 (Europe) (En,Fr,De,Es,It) (Rev 1)","黛夫·米亚自由式自行车越野赛2 （欧版） (En,Fr,De,Es,It) （修正版 1）",GBA#654
gba,Dave Mirra Freestyle BMX 2 (USA),黛夫·米亚自由式自行车越野赛2 （美版）,GBA#655
gba,"Dave Mirra Freestyle BMX 3 (USA, Europe)",戴夫·米拉特技自行车3 （美版 欧版）,GBA#656
gba,"David Beckham Soccer (Europe) (En,Fr,De,Es,It)","大卫·贝克汉姆足球 （欧版） (En,Fr,De,Es,It)",GBA#657
gba,"David Beckham Soccer (USA) (En,Es)","大卫·贝克汉姆足球 （美版） (En,Es)",GBA#658
gba,"Davis Cup (Europe) (En,Fr,De,Es,It)","戴维斯杯网球公开赛 （欧版） (En,Fr,De,Es,It)",GBA#659
gba,"Davis Cup (USA) (En,Fr,De,Es,It)","戴维斯杯网球公开赛 （美版） (En,Fr,De,Es,It)",GBA#660
gba,"Dead to Rights (Europe) (En,Fr,De,Es,It)","脱狱潜龙 （欧版） (En,Fr,De,Es,It)",GBA#661
gba,Dead to Rights (USA),脱狱潜龙 （美版）,GBA#662
gba,"Deadly Skies (Europe) (En,Ja,Fr,De)","致命的天空 （欧版） (En,Ja,Fr,De)",GBA#663
gba,Deal or No Deal (USA),一掷千金 （美版）,GBA#664
gba,Defender (USA),防御者 （美版）,GBA#665
gba,"Defender - For All Mankind (Europe) (En,Fr,De,Es,It)","防御者 （欧版） (En,Fr,De,Es,It)",GBA#666
gba,Defender of the Crown (Europe),王冠的守护者 （欧版）,GBA#667
gba,Defender of the Crown (USA),王冠的守护者 （美版）,GBA#668
gba,DemiKids - Dark Version (USA),真女神转生-暗之书 （美版）,GBA#669
gba,DemiKids - Light Version (USA),真女神转生-光之书 （美版）,GBA#670
gba,Demon Driver - Time to Burn Rubber! (Europe),魔鬼驾驶员-时间燃烧车! （欧版）,GBA#671
gba,Demon Driver - Time to Burn Rubber! (USA),魔鬼驾驶员-时间燃烧车! （美版）,GBA#672
gba,"Denki Blocks! (Europe) (En,Fr,De,Es,It)","电击方块! （欧版） (En,Fr,De,Es,It)",GBA#673
gba,Denki Blocks! (Japan),电击方块! （日版）,GBA#674
gba,"Denki Blocks! (USA) (En,Es)","电击方块! （美版） (En,Es)",GBA#675
gba,Densetsu no Stafy (Japan),传说的斯塔非1 （日版）,GBA#676
gba,Densetsu no Stafy 2 (Japan),传说的斯塔菲2 （日版）,GBA#677
gba,Densetsu no Stafy 3 (Japan),传说的斯塔菲3 （日版）,GBA#678
gba,Densetsu no Stafy 3 (Japan) (Rev 1),传说的斯塔菲3 （日版） （修正版 1）,GBA#679
gba,Derby Stallion Advance (Japan),达比赛马 （日版）,GBA#680
gba,Desert Strike Advance (USA),沙漠风暴 （美版）,GBA#681
gba,Deutschland Sucht den Superstar (Germany),美国偶像超巨星节拍 （德国版）,GBA#682
gba,"Dexter's Laboratory - Chess Challenge (Europe) (En,Fr,De,Es)","幸运的实验室-国际象棋挑战赛 （欧版） (En,Fr,De,Es)",GBA#683
gba,Dexter's Laboratory - Chess Challenge (USA),幸运的实验室-国际象棋挑战赛 （美版）,GBA#684
gba,"Dexter's Laboratory - Deesaster Strikes! (Europe) (En,Fr,De,Es,It)","德克斯特幸运的实验室! （欧版） (En,Fr,De,Es,It)",GBA#685
gba,"Dexter's Laboratory - Deesaster Strikes! (USA) (En,Fr,De,Es,It)","德克斯特幸运的实验室! （美版） (En,Fr,De,Es,It)",GBA#686
gba,"Dexter's Laboratory - Deesaster Strikes! (USA) (En,Fr,De,Es,It) (Rev 1)","德克斯特幸运的实验室! （美版） (En,Fr,De,Es,It) （修正版 1）",GBA#687
gba,Di Gi Charat - DigiCommunication (Japan),便利商店 （日版）,GBA#688
gba,Diadroids World - Evil Teikoku no Yabou (Japan),危险的世界 （日版）,GBA#689
gba,Diddy Kong Pilot (Unknown) (Proto) (2001),大金刚领航员 （未知） （工程版） (2001),GBA#690
gba,Diddy Kong Pilot (Unknown) (Proto) (2003),大金刚领航员 （未知） （工程版） (2003),GBA#691
gba,DigiCommunication Nyo - Datou! Black Gemagema Dan (Japan),便利商店2-打倒熊猫少女团 （日版）,GBA#692
gba,"Digimon - Battle Spirit (Europe) (En,Fr,De,Es,It)","数码暴龙 （欧版） (En,Fr,De,Es,It)",GBA#693
gba,Digimon - Battle Spirit (USA),数码暴龙 （美版）,GBA#694
gba,"Digimon - Battle Spirit 2 (Europe) (En,Fr,De,Es,It)","数码宝贝精神大作战2 （欧版） (En,Fr,De,Es,It)",GBA#695
gba,"Digimon - Battle Spirit 2 (USA) (En,Fr,De,Es,It)","数码宝贝精神大作战2 （美版） (En,Fr,De,Es,It)",GBA#696
gba,"Digimon Racing (Europe) (En,Fr,De,Es,It)","数码暴龙赛车 （欧版） (En,Fr,De,Es,It)",GBA#697
gba,Digimon Racing (Japan),数码暴龙赛车 （日版）,GBA#698
gba,"Digimon Racing (USA) (En,Fr,De,Es,It)","数码暴龙赛车 （美版） (En,Fr,De,Es,It)",GBA#699
gba,"Dinotopia - The Timestone Pirates (USA, Europe) (En,Fr,De,Es,It,Nl)","时空英豪 （美版 欧版） (En,Fr,De,Es,It,Nl)",GBA#700
gba,Disney Princesas (Spain),迪斯尼的公主们 （西班牙版）,GBA#701
gba,"Disney Princess (USA, Europe)",迪斯尼公主 （美版 欧版）,GBA#702
gba,"Disney Princess - Royal Adventure (Europe) (En,Fr,De)","迪斯尼公主-王国冒险 （欧版） (En,Fr,De)",GBA#703
gba,Disney Princess - Royal Adventure (USA),迪斯尼公主-王国冒险 （美版）,GBA#704
gba,Disney Princesse (France),迪斯尼公主 （法国版）,GBA#705
gba,Disney Principesse (Italy),迪斯尼公主 （意大利版）,GBA#706
gba,Disney Sports - American Football (Japan),迪斯尼全明星运动系列-橄榄球 （日版）,GBA#707
gba,"Disney Sports - Basketball (Europe) (En,Fr,De,Es,It)","迪斯尼全明星体育系列-篮球 （欧版） (En,Fr,De,Es,It)",GBA#708
gba,Disney Sports - Basketball (Japan),迪斯尼全明星体育系列-篮球 （日版）,GBA#709
gba,Disney Sports - Basketball (USA),迪斯尼全明星体育系列-篮球 （美版）,GBA#710
gba,"Disney Sports - Football (Soccer) (Europe) (En,Fr,De,Es,It)","迪斯尼全明星体育系列-足球 (Soccer) （欧版） (En,Fr,De,Es,It)",GBA#711
gba,Disney Sports - Football (USA),迪斯尼全明星体育系列-足球 （美版）,GBA#712
gba,"Disney Sports - Motocross (Europe) (En,Fr,De,Es,It)","迪斯尼全明星体育系列-摩托车 （欧版） (En,Fr,De,Es,It)",GBA#713
gba,Disney Sports - Motocross (Japan),迪斯尼全明星体育系列-摩托车 （日版）,GBA#714
gba,Disney Sports - Motocross (USA),迪斯尼全明星体育系列-摩托车 （美版）,GBA#715
gba,"Disney Sports - Skateboarding (Europe) (En,Fr,De,Es,It)","迪斯尼全明星体育系列-滑板 （欧版） (En,Fr,De,Es,It)",GBA#716
gba,Disney Sports - Skateboarding (Japan),迪斯尼全明星体育系列-滑板 （日版）,GBA#717
gba,Disney Sports - Skateboarding (USA),迪斯尼全明星体育系列-滑板 （美版）,GBA#718
gba,"Disney Sports - Snowboarding (Europe) (En,Fr,De,Es,It)","迪斯尼全明星体育系列-滑雪板 （欧版） (En,Fr,De,Es,It)",GBA#719
gba,Disney Sports - Snowboarding (Japan),迪斯尼全明星体育系列-滑雪板 （日版）,GBA#720
gba,Disney Sports - Snowboarding (USA),迪斯尼全明星体育系列-滑雪板 （美版）,GBA#721
gba,Disney Sports - Soccer (Japan),迪斯尼全明星体育系列-足球 （日版）,GBA#722
gba,Disney Sports - Soccer (USA),迪斯尼全明星体育系列-足球 （美版）,GBA#723
gba,"Disney's Game + TV Episode - Lizzie McGuire 2 - Lizzie Diaries (USA) (En,Fr)","迪斯尼公主-皇家冒险 （美版） (En,Fr)",GBA#724
gba,"Disney's Party (USA, Europe) (En,Fr,De,Es,It)","迪斯尼欢乐聚会 （美版 欧版） (En,Fr,De,Es,It)",GBA#725
gba,Disneys Prinzessinnen (Germany),迪斯尼公主 （德国版）,GBA#726
gba,"DK - King of Swing (Europe) (En,Fr,De,Es,It)","大金刚-摇摆之王 （欧版） (En,Fr,De,Es,It)",GBA#727
gba,DK - King of Swing (USA),大金刚-摇摆之王 （美版）,GBA#728
gba,DK - King of Swing (USA) (Demo) (Kiosk),大金刚-摇摆之王 （美版） （演示版） （商店演示版）,GBA#729
gba,Dogz (Europe),可爱小狗 （欧版）,GBA#730
gba,"Dogz (Europe) (En,Fr,De,It)","可爱小狗 （欧版） (En,Fr,De,It)",GBA#731
gba,Dogz (France),可爱小狗 （法国版）,GBA#732
gba,Dogz (USA),可爱小狗 （美版）,GBA#733
gba,Dogz - Fashion (Europe),俏皮宠物 （欧版）,GBA#734
gba,Dogz - Fashion (USA),俏皮宠物 （美版）,GBA#735
gba,Dogz 2 (Europe),宠物狗2 （欧版）,GBA#736
gba,"Dogz 2 (Europe) (En,Fr,De,It)","宠物狗2 （欧版） (En,Fr,De,It)",GBA#737
gba,Dogz 2 (USA),宠物狗2 （美版）,GBA#738
gba,Dogz 2 (USA) (Rev 1),宠物狗2 （美版） （修正版 1）,GBA#739
gba,Dokapon - Monster Hunter (USA),多卡邦怪物猎人 （美版）,GBA#740
gba,"Dokapon - Monster Hunter! (Europe) (En,Fr,De)","多卡邦怪物猎人 （欧版） (En,Fr,De)",GBA#741
gba,Dokapon Q - Monster Hunter! (Japan),多卡邦Q怪物猎人! （日版）,GBA#742
gba,Dokidoki Cooking Series 1 - Komugi-chan no Happy Cake (Japan),烹饪系列1-快乐糕点 （日版）,GBA#743
gba,Dokidoki Cooking Series 2 - Gourmet Kitchen - Suteki na Obentou (Japan),美食家的厨房 （日版）,GBA#744
gba,Dokodemo Taikyoku - Yakuman Advance (Japan),随身对局役满 （日版）,GBA#745
gba,Dokodemo Taikyoku - Yakuman Advance (Japan) (Rev 1),随身对局役满 （日版） （修正版 1）,GBA#746
gba,Domo-kun no Fushigi Television (Japan),多摩君之不可思议的冒险 （日版）,GBA#747
gba,"Donald Duck Advance (Europe) (En,Fr,De,Es,It)","唐老鸭冒险 （欧版） (En,Fr,De,Es,It)",GBA#748
gba,Donald Duck Advance (Japan),唐老鸭冒险 （日版）,GBA#749
gba,Donald Duck Advance (USA),唐老鸭冒险 （美版）,GBA#750
gba,Donchan Puzzle - Hanabi de Dohn! Advance (Japan),花火大会 （日版）,GBA#751
gba,"Donkey Kong Country (Europe) (En,Fr,De,Es,It)","超级大金刚1 （欧版） (En,Fr,De,Es,It)",GBA#752
gba,Donkey Kong Country (USA),超级大金刚1 （美版）,GBA#753
gba,"Donkey Kong Country 2 (Europe) (En,Fr,De,Es,It)","超级大金刚2 （欧版） (En,Fr,De,Es,It)",GBA#754
gba,Donkey Kong Country 2 (USA),超级大金刚2 （美版）,GBA#755
gba,"Donkey Kong Country 3 (Europe) (En,Fr,De,Es,It)","超级大金刚3 （欧版） (En,Fr,De,Es,It)",GBA#756
gba,Donkey Kong Country 3 (USA),超级大金刚3 （美版）,GBA#757
gba,"Doom (USA, Europe)",DOOM-毁灭战士 （美版 欧版）,GBA#758
gba,Doom II (Europe),DOOM-毁灭战士2 （欧版）,GBA#759
gba,Doom II (USA),DOOM-毁灭战士2 （美版）,GBA#760
gba,Dora the Explorer - Dora's World Adventure! (USA),Dora的环球冒险! （美版）,GBA#761
gba,Dora the Explorer - Super Spies (USA),探险家朵拉-超级间谍 （美版）,GBA#762
gba,"Dora the Explorer - Super Star Adventures! (Europe) (En,Fr,Nl)","小冒险家朵拉-超级巨星探险! （欧版） (En,Fr,Nl)",GBA#763
gba,Dora the Explorer - Super Star Adventures! (USA),小冒险家朵拉-超级巨星探险! （美版）,GBA#764
gba,Dora the Explorer - The Search for the Pirate Pig's Treasure (USA),探险家朵拉-寻找海盗猪的财宝 （美版）,GBA#765
gba,Dora the Explorer Double Pack (USA),游戏2合1-朵拉大冒险合集 （美版）,GBA#766
gba,Doraemon - Dokodemo Walker (Japan),机器猫棋盘游戏 （日版）,GBA#767
gba,Doraemon - Midori no Wakusei Dokidoki Daikyuushutsu! (Japan),机器猫-绿之惑星拯救作战 （日版）,GBA#768
gba,Double Dragon Advance (Japan),双截龙 （日版）,GBA#769
gba,Double Dragon Advance (USA),双截龙 （美版）,GBA#770
gba,Double Game! - Cartoon Network Block Party & Cartoon Network Speedway (Europe),2合1-卡通频道-疯狂派对+卡通频道-高速飙车 （欧版）,GBA#771
gba,Double Game! - Golden Nugget Casino & Texas Hold 'em Poker (Europe),游戏2合1-棋牌2合1 （欧版）,GBA#772
gba,Double Game! - Quad Desert Fury & Monster Trucks (Europe),游戏2合1-沙漠狂暴人竞技赛+怪兽大脚车 （欧版）,GBA#773
gba,"Double Pack - Sonic Advance & ChuChu Rocket! (Japan) (En,Ja,Fr,De,Es)","游戏2合1-索尼克大冒险+啾啾火箭队! （日版） (En,Ja,Fr,De,Es)",GBA#774
gba,"Double Pack - Sonic Battle & Sonic Advance (Japan) (En,Ja,Fr,De,Es+En,Ja)","2合1-战斗索尼克+索尼克大冒险 （日版） (En,Ja,Fr,De,Es+En,Ja)",GBA#775
gba,"Double Pack - Sonic Pinball Party & Sonic Battle (Japan) (En,Ja+En,Ja,Fr,De,Es,It)","2合1-索尼克弹珠台+战斗索尼克 （日版） (En,Ja+En,Ja,Fr,De,Es,It)",GBA#776
gba,Doubutsu-jima no Chobigurumi (Japan),狄尤小乖乖 （日版）,GBA#777
gba,Doubutsu-jima no Chobigurumi (Japan) (Rev 1),狄尤小乖乖 （日版） （修正版 1）,GBA#778
gba,Doubutsu-jima no Chobigurumi 2 - Tama-chan Monogatari (Japan),动物岛的乔比们2-球球物语 （日版）,GBA#779
gba,"Downforce (Europe) (En,Fr,De,Es,It)","F1重装赛车 （欧版） (En,Fr,De,Es,It)",GBA#780
gba,Downtown - Nekketsu Monogatari EX (Japan),热血物语EX （日版）,GBA#781
gba,Dr. Mario & Panel de Pon (Japan),新游戏2合1-马里奥医生与花仙子方块 （日版）,GBA#782
gba,"Dr. Mario (USA) (Kiosk, GameCube)","马里奥医生 （美版） (Kiosk, GameCube)",GBA#783
gba,"Dr. Muto (Europe) (En,Fr,De,Es,It)","疯狂博士 （欧版） (En,Fr,De,Es,It)",GBA#784
gba,Dr. Seuss' The Cat in the Hat (USA),爱戴帽子的猫博士 （美版）,GBA#785
gba,Dr. Sudoku (Europe),数独医生 （欧版）,GBA#786
gba,Dr. Sudoku (USA),数独医生 （美版）,GBA#787
gba,Dragon Ball - Advance Adventure (Japan),龙珠大冒险 （日版）,GBA#788
gba,Dragon Ball - Advance Adventure (Korea),龙珠大冒险 (Korea),GBA#789
gba,"Dragon Ball - Advanced Adventure (Europe) (En,Fr,De,Es,It)","龙珠大冒险 （欧版） (En,Fr,De,Es,It)",GBA#790
gba,Dragon Ball - Advanced Adventure (USA),龙珠大冒险 （美版）,GBA#791
gba,Dragon Ball GT - Transformation (USA),龙珠GT-突变 （美版）,GBA#792
gba,Dragon Ball Z - Bukuu Tougeki (Japan),龙珠Z-舞空斗剧 （日版）,GBA#793
gba,Dragon Ball Z - Buu's Fury (USA),龙珠Z-布欧的愤怒 （美版）,GBA#794
gba,Dragon Ball Z - Collectible Card Game (USA),七龙珠Z-卡片收集游戏 （美版）,GBA#795
gba,Dragon Ball Z - Moogongtoogeuk (Korea),龙珠Z-舞空斗剧 (Korea),GBA#796
gba,"Dragon Ball Z - Supersonic Warriors (Europe) (En,Fr,De,Es,It)","龙珠Z-舞空斗剧 （欧版） (En,Fr,De,Es,It)",GBA#797
gba,Dragon Ball Z - Supersonic Warriors (USA),龙珠Z-舞空斗剧 （美版）,GBA#798
gba,"Dragon Ball Z - Taiketsu (Europe) (En,Fr,De,Es,It)","龙珠Z-对决 （欧版） (En,Fr,De,Es,It)",GBA#799
gba,Dragon Ball Z - Taiketsu (USA),龙珠Z-对决 （美版）,GBA#800
gba,"Dragon Ball Z - The Legacy of Goku (Europe) (En,Fr,De,Es,It)","七龙珠Z-悟空遗产传说 （欧版） (En,Fr,De,Es,It)",GBA#801
gba,Dragon Ball Z - The Legacy of Goku (USA),七龙珠Z-悟空遗产传说 （美版）,GBA#802
gba,"Dragon Ball Z - The Legacy of Goku II (Europe) (En,Fr,De,Es,It)","龙珠Z-悟空的遗产2 （欧版） (En,Fr,De,Es,It)",GBA#803
gba,Dragon Ball Z - The Legacy of Goku II (USA),龙珠Z-悟空的遗产2 （美版）,GBA#804
gba,Dragon Ball Z - The Legacy of Goku II International (Japan),龙珠Z-悟空的遗产2 （日版）,GBA#805
gba,Dragon Drive - World D Break (Japan),骑龙少年 （日版）,GBA#806
gba,Dragon Quest Characters - Torneko no Daibouken 2 Advance - Fushigi no Dungeon (Japan),特鲁尼克大冒险2-不可思议的迷宫 （日版）,GBA#807
gba,Dragon Quest Characters - Torneko no Daibouken 3 Advance - Fushigi no Dungeon (Japan),特鲁尼克大冒险2-不可思议的迷宫 （日版）,GBA#808
gba,Dragon Quest Monsters - Caravan Heart (Japan),勇者斗恶龙怪物篇3-旅团之心 （日版）,GBA#809
gba,Dragon Tales - Dragon Adventures (USA),龙之传说-巨龙冒险 （美版）,GBA#810
gba,"Dragon's Rock (Europe) (En,Fr,De,Es,It)","洛克龙大冒险 （欧版） (En,Fr,De,Es,It)",GBA#811
gba,"Drake & Josh (USA) (En,Fr)","德雷克和约什 （美版） (En,Fr)",GBA#812
gba,"Drill Dozer (Europe) (En,Fr,De,Es,It) (Wii U Virtual Console)","螺旋破碎机-轰振 （欧版） (En,Fr,De,Es,It) (Wii U Virtual Console)",GBA#813
gba,Drill Dozer (USA),螺旋破碎机-轰振 （美版）,GBA#814
gba,"Driv3r (Europe) (En,Fr,De,Es,It)","极道无间-横冲直撞3 （欧版） (En,Fr,De,Es,It)",GBA#815
gba,Driv3r (USA),极道无间-横冲直撞3 （美版）,GBA#816
gba,"Driven (Europe) (En,Fr,De,Es,It)","生死时速车 （欧版） (En,Fr,De,Es,It)",GBA#817
gba,"Driven (USA) (En,Fr,De,Es,It)","生死时速车 （美版） (En,Fr,De,Es,It)",GBA#818
gba,"Driver 2 Advance (Europe) (En,Fr,De,Es,It)","生死时速车2A （欧版） (En,Fr,De,Es,It)",GBA#819
gba,"Driver 2 Advance (Europe) (En,Fr,De,Es,It) (Beta)","生死时速车2A （欧版） (En,Fr,De,Es,It) （测试版）",GBA#820
gba,Driver 2 Advance (USA),生死时速车2A （美版）,GBA#821
gba,"Drome Racers (Europe) (En,Fr,De,Da)","乐高疯狂赛车 （欧版） (En,Fr,De,Da)",GBA#822
gba,Drome Racers (USA),乐高疯狂赛车 （美版）,GBA#823
gba,"Droopy's Tennis Open (Europe) (En,Fr,De,Es,It,Nl)","杜皮狗之网球公开赛 （欧版） (En,Fr,De,Es,It,Nl)",GBA#824
gba,"Droopy's Tennis Open (Europe) (En,Fr,De,Es,It,Nl) (Beta)","杜皮狗之网球公开赛 （欧版） (En,Fr,De,Es,It,Nl) （测试版）",GBA#825
gba,Dual Blades (Japan),双刃 （日版）,GBA#826
gba,Dual Blades (USA),双刃 （美版）,GBA#827
gba,Duel Masters (Japan),卡牌决斗高手1 （日版）,GBA#828
gba,"Duel Masters - Kaijudo Showdown (Europe) (En,Fr,De,Es,It)","卡片决斗高手1 （欧版） (En,Fr,De,Es,It)",GBA#829
gba,Duel Masters - Kaijudo Showdown (USA),卡片决斗高手1 （美版）,GBA#830
gba,"Duel Masters - Sempai Legends (Europe) (En,Fr,De,Es,It)","卡片决斗高手-永恒的传说 （欧版） (En,Fr,De,Es,It)",GBA#831
gba,Duel Masters - Sempai Legends (USA),卡片决斗高手-永恒的传说 （美版）,GBA#832
gba,"Duel Masters - Shadow of the Code (Europe) (En,Fr,De,Es,It)","卡片决斗高手-影子代号 （欧版） (En,Fr,De,Es,It)",GBA#833
gba,Duel Masters - Shadow of the Code (USA),卡片决斗高手-影子代号 （美版）,GBA#834
gba,Duel Masters 2 - Invincible Advance (Japan),卡片对决高手2 （日版）,GBA#835
gba,Duel Masters 2 - Kirifuda Shoubu Ver. (Japan),卡片对决高手2 （日版）,GBA#836
gba,Duel Masters 3 (Japan),卡片决斗高手3 （日版）,GBA#837
gba,Duel Masters 3 (Japan) (Rev 1),卡片决斗高手3 （日版） （修正版 1）,GBA#838
gba,"Duke Nukem Advance (Europe) (En,Fr,De,It)","毁灭公爵A （欧版） (En,Fr,De,It)",GBA#839
gba,Duke Nukem Advance (USA),毁灭公爵A （美版）,GBA#840
gba,"Dungeons & Dragons - Eye of the Beholder (Europe) (En,Fr,De,Es,It)","龙与地下城-魔眼杀机 （欧版） (En,Fr,De,Es,It)",GBA#841
gba,Dungeons & Dragons - Eye of the Beholder (USA),龙与地下城-魔眼杀机 （美版）,GBA#842
gba,"Dynasty Warriors Advance (Europe) (En,Fr,De,Es,It)","三国无双A （欧版） (En,Fr,De,Es,It)",GBA#843
gba,Dynasty Warriors Advance (USA),三国无双A （美版）,GBA#844
gba,e-Reader (USA),E-Book浏览器r （美版）,GBA#845
gba,"E.T. - The Extra-Terrestrial (Europe) (En,Fr,De,Es,It,Nl)","外星人-着陆 （欧版） (En,Fr,De,Es,It,Nl)",GBA#846
gba,E.T. - The Extra-Terrestrial (USA),外星人-着陆 （美版）,GBA#847
gba,"Earthworm Jim (USA, Europe)",蚯蚓吉姆 （美版 欧版）,GBA#848
gba,"Earthworm Jim 2 (Europe) (En,Fr,De,Es,It)","蚯蚓吉姆2 （欧版） (En,Fr,De,Es,It)",GBA#849
gba,Earthworm Jim 2 (USA),蚯蚓吉姆2 （美版）,GBA#850
gba,"Ecks V Sever (Europe) (En,Fr,De,Es,It)","艾克斯VS瑟娃 （欧版） (En,Fr,De,Es,It)",GBA#851
gba,"Ecks vs Sever (USA) (En,Fr,De,Es,It)","艾克斯VS瑟娃 （美版） (En,Fr,De,Es,It)",GBA#852
gba,"Ecks vs. Sever II - Ballistic (Europe) (En,Fr,De,Es,It)","艾克斯VS瑟娃-弹道专家2 （欧版） (En,Fr,De,Es,It)",GBA#853
gba,"Ed, Edd n Eddy - Jawbreakers! (Europe) (En,Fr,De,Es,It)","Ed Edd和Eddy-唠叨的家伙们! （欧版） (En,Fr,De,Es,It)",GBA#854
gba,"Ed, Edd n Eddy - Jawbreakers! (USA)",Ed Edd和Eddy-唠叨的家伙们! （美版）,GBA#855
gba,"Ed, Edd n Eddy - Jawbreakers! (USA) (Rev 1)",Ed Edd和Eddy-唠叨的家伙们! （美版） （修正版 1）,GBA#856
gba,"Ed, Edd n Eddy - The Mis-Edventures (Europe) (En,Fr)","顽皮小鬼混乱大冒险 （欧版） (En,Fr)",GBA#857
gba,"Ed, Edd n Eddy - The Mis-Edventures (USA) (En,Fr)","顽皮小鬼混乱大冒险 （美版） (En,Fr)",GBA#858
gba,"Egg Mania (USA) (En,Fr,Es)","战斗蛋方块 （美版） (En,Fr,Es)",GBA#859
gba,Egg Mania - Tsukande! Mawashite! Dossun Puzzle!! (Japan),战斗蛋方块 （日版）,GBA#860
gba,"Eggo Mania (Europe) (En,Fr,De,Es,It,Nl)","战斗蛋方块 （欧版） (En,Fr,De,Es,It,Nl)",GBA#861
gba,"Eggo Mania (Europe) (En,Fr,De,Es,It,Nl) (Beta)","战斗蛋方块 （欧版） (En,Fr,De,Es,It,Nl) （测试版）",GBA#862
gba,Elemix! (Japan),艾列米克斯物语! （日版）,GBA#863
gba,Elevator Action - Old & New (Japan),电梯大作战-新版&旧版 （日版）,GBA#864
gba,"Elf - The Movie (Europe) (En,Fr,De,Es,It)","圣诞精灵－电影版 （欧版） (En,Fr,De,Es,It)",GBA#865
gba,"Elf - The Movie (USA) (En,Fr,De,Es,It)","圣诞精灵－电影版 （美版） (En,Fr,De,Es,It)",GBA#866
gba,Elf Bowling 1 & 2 (USA),精灵保龄球1&2 （美版）,GBA#867
gba,"Enchanted - Once Upon Andalasia (USA) (En,Fr)","迪斯尼曼哈顿奇缘 （美版） (En,Fr)",GBA#868
gba,"Eragon (Europe) (En,Fr,De,Es,It)","龙骑士 （欧版） (En,Fr,De,Es,It)",GBA#869
gba,Eragon (USA),龙骑士 （美版）,GBA#870
gba,Erementar Gerad - Tozasareshi Uta (Japan),武器种族传说-封印之诗歌 （日版）,GBA#871
gba,ESPN Final Round Golf (Europe),ESPN高尔夫总决赛 （欧版）,GBA#872
gba,ESPN Final Round Golf 2002 (USA),ESPN高尔夫总决赛2002 （美版）,GBA#873
gba,ESPN Great Outdoor Games - Bass 2002 (USA),ESPN非常户外运动巴斯钓鱼2002 （美版）,GBA#874
gba,ESPN Great Outdoor Games - Bass Tournament (Europe),ESPN户外运动-巴斯钓鱼2002 （欧版）,GBA#875
gba,ESPN International Winter Sports (Europe),ESPN盐湖城冬季奥运2002 （欧版）,GBA#876
gba,ESPN International Winter Sports 2002 (USA),ESPN国际冬季运动会2002 （美版）,GBA#877
gba,ESPN Winter X-Games Snowboarding 2 (Europe),ESPN冬季运动会-滑雪板2 （欧版）,GBA#878
gba,ESPN Winter X-Games Snowboarding 2002 (Japan) (En),ESPN冬季运动会-滑雪板2002 （日版） (En),GBA#879
gba,ESPN Winter X-Games Snowboarding 2002 (USA),ESPN冬季运动会-滑雪板2002 （美版）,GBA#880
gba,"ESPN X-Games Skateboarding (Europe) (En,Fr,De,Es,It)","ESPN-X-溜冰板游戏 （欧版） (En,Fr,De,Es,It)",GBA#881
gba,ESPN X-Games Skateboarding (Japan) (En),ESPN-X-溜冰板游戏 （日版） (En),GBA#882
gba,ESPN X-Games Skateboarding (USA),ESPN-X-溜冰板游戏 （美版）,GBA#883
gba,"Essence of War, The - Glory Days (Europe) (En,Fr,De,Es,It)","超级陆战争 （欧版） (En,Fr,De,Es,It)",GBA#884
gba,"European Super League (Europe) (En,Fr,De,Es,It)","欧洲超级联盟足球赛 （欧版） (En,Fr,De,Es,It)",GBA#885
gba,everGirl (USA),曾经女孩 （美版）,GBA#886
gba,EX Monopoly (Japan),大富翁EX垄断 （日版）,GBA#887
gba,EX Monopoly (Japan) (Rev 1),大富翁EX垄断 （日版） （修正版 1）,GBA#888
gba,Exciting Bass (Japan),刺激钓鱼 （日版）,GBA#889
gba,Expedition der Stachelbeeren - Zoff im Zoo (Germany),狂野丛林-猎杀黑猩猩 （德国版）,GBA#890
gba,"Extreme Ghostbusters - Code Ecto-1 (Europe) (En,Fr,De,Es,It,Pt)","捉鬼特工队-Ecto-1行动 （欧版） (En,Fr,De,Es,It,Pt)",GBA#891
gba,Extreme Ghostbusters - Code Ecto-1 (USA),捉鬼特工队-Ecto-1行动 （美版）,GBA#892
gba,"Extreme Skate Adventure (Europe) (Fr,De)","迪斯尼究级滑板 （欧版） (Fr,De)",GBA#893
gba,Extreme Skate Adventure (USA) (Rev 1),迪斯尼究级滑板 （美版） （修正版 1）,GBA#894
gba,"Extreme Skate Adventure (USA, Europe)",迪斯尼究级滑板 （美版 欧版）,GBA#895
gba,Eyeshield 21 - DevilBats DevilDays (Japan),极速达阵21-恶魔蝙蝠恶魔日 （日版）,GBA#896
gba,EZ-Talk - Shokyuu Hen 1 (Japan),简单说英语1 （日版）,GBA#897
gba,EZ-Talk - Shokyuu Hen 2 (Japan),简单说英语2 （日版）,GBA#898
gba,EZ-Talk - Shokyuu Hen 3 (Japan),简单说英语3 （日版）,GBA#899
gba,EZ-Talk - Shokyuu Hen 4 (Japan),简单说英语4 （日版）,GBA#900
gba,EZ-Talk - Shokyuu Hen 5 (Japan),简单说英语5 （日版）,GBA#901
gba,EZ-Talk - Shokyuu Hen 6 (Japan),简单说英语6 （日版）,GBA#902
gba,"F-14 Tomcat (USA, Europe)",F-14雄猫 （美版 欧版）,GBA#903
gba,F-Zero - Climax (Japan),零式赛车-高潮 （日版）,GBA#904
gba,F-Zero - Falcon Densetsu (Japan),零式赛车-猎鹰传说 （日版）,GBA#905
gba,"F-Zero - GP Legend (Europe) (En,Fr,De,Es,It)","零式赛车-GP传说 （欧版） (En,Fr,De,Es,It)",GBA#906
gba,"F-Zero - GP Legend (Europe) (En,Fr,De,Es,It) (Wii U Virtual Console)","零式赛车-GP传说 （欧版） (En,Fr,De,Es,It) (Wii U Virtual Console)",GBA#907
gba,F-Zero - GP Legend (USA),零式赛车-GP传说 （美版）,GBA#908
gba,F-Zero - GP Legend (USA) (Wii U Virtual Console),零式赛车-GP传说 （美版） (Wii U Virtual Console),GBA#909
gba,F-Zero - Maximum Velocity (USA) (Wii U Virtual Console),最高时速赛车 （美版） (Wii U Virtual Console),GBA#910
gba,"F-Zero - Maximum Velocity (USA, Europe)",最高时速赛车 （美版 欧版）,GBA#911
gba,F-Zero for Game Boy Advance (Japan),最高时速赛车 （日版）,GBA#912
gba,"F1 2002 (Europe) (En,Fr,De,Es,It)","F1大奖赛车2002 （欧版） (En,Fr,De,Es,It)",GBA#913
gba,"F1 2002 (USA, Europe)",F1大奖赛车2002 （美版 欧版）,GBA#914
gba,F24 Stealth Fighter (USA),F-24-秘密行动 （美版）,GBA#915
gba,"Fairly OddParents!, The - Breakin' da Rules (USA)",正义双亲之叛逆的惩罚 （美版）,GBA#916
gba,"Fairly OddParents!, The - Clash with the Anti-World (Europe) (En,De,Es,Nl)","正义双亲的反斗家族-反物质世界的突变 （欧版） (En,De,Es,Nl)",GBA#917
gba,"Fairly OddParents!, The - Clash with the Anti-World (USA)",正义双亲的反斗家族-反物质世界的突变 （美版）,GBA#918
gba,"Fairly OddParents!, The - Enter the Cleft (USA)",正义双亲之过关斩将 （美版）,GBA#919
gba,"Fairly OddParents!, The - Shadow Showdown (Europe)",反斗家族之暗影决战 （欧版）,GBA#920
gba,"Fairly OddParents!, The - Shadow Showdown (USA)",反斗家族之暗影决战 （美版）,GBA#921
gba,Famicom Mini - Dai-2-ji Super Robot Taisen (Japan) (Promo),FC mini 第二次机器人大战 （日版） (Promo),GBA#922
gba,Famicom Mini - Kidou Senshi Z Gundam - Hot Scramble (Japan) (Promo),FC mini 机动战士Z高达 紧急起飞 （日版） (Promo),GBA#923
gba,Famicom Mini 01 - Super Mario Bros. (Japan) (En) (Rev 1),任天堂FC珍藏游戏系列第1辑-超级马里奥 （日版） (En) （修正版 1）,GBA#924
gba,Famicom Mini 02 - Donkey Kong (Japan) (En),任天堂FC珍藏游戏系列第2辑-大金钢 （日版） (En),GBA#925
gba,Famicom Mini 03 - Ice Climber (Japan) (En),任天堂FC珍藏游戏系列第3辑-冰人 （日版） (En),GBA#926
gba,Famicom Mini 04 - Excitebike (Japan) (En),任天堂FC珍藏游戏系列第4辑-机车大赛 （日版） (En),GBA#927
gba,Famicom Mini 05 - Zelda no Densetsu 1 - The Hyrule Fantasy (Japan),任天堂FC珍藏游戏系列第5辑-赛尔达传说 （日版）,GBA#928
gba,Famicom Mini 06 - Pac-Man (Japan) (En),任天堂FC珍藏游戏系列第6辑-吃豆 （日版） (En),GBA#929
gba,Famicom Mini 07 - Xevious (Japan) (En),任天堂FC珍藏游戏系列第7辑-铁板阵 （日版） (En),GBA#930
gba,Famicom Mini 08 - Mappy (Japan) (En),任天堂FC珍藏游戏系列第8辑-快乐鼠 （日版） (En),GBA#931
gba,Famicom Mini 09 - Bomber Man (Japan) (En),任天堂FC珍藏游戏系列第9辑-炸弹人 （日版） (En),GBA#932
gba,Famicom Mini 10 - Star Soldier (Japan) (En),任天堂FC珍藏游戏系列第10辑-雷鸟号 （日版） (En),GBA#933
gba,Famicom Mini 11 - Mario Bros. (Japan),任天堂FC珍藏游戏系列第11辑-马里奥兄弟 （日版）,GBA#934
gba,Famicom Mini 12 - Clu Clu Land (Japan),任天堂FC珍藏游戏系列第12辑-滚球乐园 （日版）,GBA#935
gba,Famicom Mini 13 - Balloon Fight (Japan),任天堂FC珍藏游戏系列第13辑-气球岛 （日版）,GBA#936
gba,Famicom Mini 14 - Wrecking Crew (Japan),任天堂FC珍藏游戏系列第14辑-拆屋工 （日版）,GBA#937
gba,Famicom Mini 15 - Dr. Mario (Japan),任天堂FC珍藏游戏系列第15辑-马里奥医生 （日版）,GBA#938
gba,Famicom Mini 16 - Dig Dug (Japan),任天堂FC珍藏游戏系列第16辑-充气人 （日版）,GBA#939
gba,Famicom Mini 17 - Takahashi Meijin no Bouken-jima (Japan),任天堂FC珍藏游戏系列第17辑-高桥名人的冒险岛 （日版）,GBA#940
gba,Famicom Mini 18 - Makaimura (Japan),任天堂FC珍藏游戏系列第18辑-魔界村 （日版）,GBA#941
gba,Famicom Mini 19 - Twin Bee (Japan),任天堂FC珍藏游戏系列第19辑-兵蜂 （日版）,GBA#942
gba,Famicom Mini 20 - Ganbare Goemon! - Karakuri Douchuu (Japan),任天堂FC珍藏游戏系列第20辑-大盗伍右卫门 （日版）,GBA#943
gba,Famicom Mini 21 - Super Mario Bros. 2 (Japan),任天堂FC珍藏游戏系列第21辑-马里奥兄弟2 （日版）,GBA#944
gba,Famicom Mini 22 - Nazo no Murasame Jou (Japan),任天堂FC珍藏游戏系列第22辑-迷之村雨城 （日版）,GBA#945
gba,Famicom Mini 23 - Metroid (Japan),任天堂FC珍藏游戏系列第23辑-银河战士 （日版）,GBA#946
gba,Famicom Mini 24 - Hikari Shinwa - Palthena no Kagami (Japan),任天堂FC珍藏游戏系列第24辑-光神话之镜 （日版）,GBA#947
gba,Famicom Mini 25 - The Legend of Zelda 2 - Link no Bouken (Japan),任天堂FC珍藏游戏系列第25辑-赛尔达传说2-林克大冒险 （日版）,GBA#948
gba,"Famicom Mini 26 - Famicom Mukashibanashi - Shin Onigashima - Zen, Kouhen (Japan)",任天堂FC珍藏游戏系列第26辑-新鬼岛 （日版）,GBA#949
gba,"Famicom Mini 27 - Famicom Tantei Club - Kieta Koukeisha - Zen, Kouhen (Japan)",任天堂FC珍藏游戏系列第27辑-侦探俱乐部1 （日版）,GBA#950
gba,"Famicom Mini 28 - Famicom Tantei Club Part II - Ushiro ni Tatsu Shoujo - Zen, Kouhen (Japan)",任天堂FC珍藏游戏系列第28辑-侦探俱乐部2 （日版）,GBA#951
gba,Famicom Mini 29 - Akumajou Dracula (Japan),任天堂FC珍藏游戏系列第29辑-恶魔城 （日版）,GBA#952
gba,Famicom Mini 30 - SD Gundam World - Gachapon Senshi Scramble Wars (Japan),任天堂FC珍藏游戏系列第30辑-SD高达战士 （日版）,GBA#953
gba,Famicom Mini Collection (China) (En) (Proto),FC mini收藏集 （中国版） (En) （工程版）,GBA#954
gba,"Famille Delajungle, La - A la Poursuite de Darwin (France)",狂野丛林-猎杀黑猩猩 （法国版）,GBA#955
gba,"Famille Delajungle, La - Le Film (France)",丛林冒险 （法国版）,GBA#956
gba,Family Feud (USA),家庭斗争 （美版）,GBA#957
gba,Family Tennis Advance (Japan),家庭网球 （日版）,GBA#958
gba,Famista Advance (Japan),棒球A （日版）,GBA#959
gba,Fancy Pocket (Japan),口袋精品店 （日版）,GBA#960
gba,Fanqiejiang Wangguo Da Maoxian (China) (Proto),西红柿王国大冒险 （中国版） （工程版）,GBA#961
gba,Fantastic 4 (Europe),神奇四侠 （欧版）,GBA#962
gba,"Fantastic 4 (Europe) (Fr,De,Es,Nl)","神奇四侠 （欧版） (Fr,De,Es,Nl)",GBA#963
gba,Fantastic 4 (USA),神奇四侠 （美版）,GBA#964
gba,"Fantastic 4 - Flame On (Europe) (En,Fr,Es,It)","神奇4侠 （欧版） (En,Fr,Es,It)",GBA#965
gba,Fantastic 4 - Flame On (USA),神奇4侠 （美版）,GBA#966
gba,Fantastic Children (Japan),奇幻儿童-梦想少年 （日版）,GBA#967
gba,Fantastic Maerchen - Cake-ya-san Monogatari (Japan),蛋糕屋物语-动物心理学占卜 （日版）,GBA#968
gba,"Fantastici 4, I (Italy)",神奇四侠 （意大利版）,GBA#969
gba,Farbe (Germany) (En),颜色 （德国版） (En),GBA#970
gba,Fear Factor Unleashed (USA),恐惧因素-解惑之谁敢来挑战 （美版）,GBA#971
gba,Field of Nine - Digital Edition 2001 (Japan),九局战场-数位版2001 （日版）,GBA#972
gba,"FIFA Soccer 06 (USA, Europe) (En,Fr,De,Es,It,Nl)","FIFA足球2006 （美版 欧版） (En,Fr,De,Es,It,Nl)",GBA#973
gba,"FIFA Soccer 07 (USA, Europe) (En,Fr,De,Es)","FIFA07 （美版 欧版） (En,Fr,De,Es)",GBA#974
gba,"FIFA Soccer 2003 (USA, Europe) (En,Fr,De,Es,It)","FIFA足球2003 （美版 欧版） (En,Fr,De,Es,It)",GBA#975
gba,"FIFA Soccer 2004 (USA, Europe) (En,Fr,De,Es,It)","FIFA足球2004 （美版 欧版） (En,Fr,De,Es,It)",GBA#976
gba,"FIFA Soccer 2005 (USA, Europe) (En,Fr,De,Es,It,Nl)","FIFA足球2005 （美版 欧版） (En,Fr,De,Es,It,Nl)",GBA#977
gba,FightBox (Europe),格斗大会 （欧版）,GBA#978
gba,FILA Decathlon (Europe) (Beta),十项全能 （欧版） （测试版）,GBA#979
gba,"FILA Decathlon (Europe) (En,Fr,De,Es,It,Sv)","十项全能 （欧版） (En,Fr,De,Es,It,Sv)",GBA#980
gba,"Final Fantasy I & II - Dawn of Souls (Europe) (En,Fr,De,Es,It)","最终幻想1+2-魂之黎明 （欧版） (En,Fr,De,Es,It)",GBA#981
gba,Final Fantasy I & II - Dawn of Souls (USA),最终幻想1+2-魂之黎明 （美版）,GBA#982
gba,"Final Fantasy I, II Advance (Japan) (Rev 1)",最终幻想1&2 （日版） （修正版 1）,GBA#983
gba,"Final Fantasy I, II Advance (Japan) (Rev 1) (Wii U Virtual Console)",最终幻想1&2 （日版） （修正版 1） (Wii U Virtual Console),GBA#984
gba,"Final Fantasy IV Advance (Europe) (En,Fr,De,Es,It)","最终幻想4 （欧版） (En,Fr,De,Es,It)",GBA#985
gba,Final Fantasy IV Advance (Japan),最终幻想4 （日版）,GBA#986
gba,Final Fantasy IV Advance (Japan) (Rev 1),最终幻想4 （日版） （修正版 1）,GBA#987
gba,Final Fantasy IV Advance (USA),最终幻想4 （美版）,GBA#988
gba,"Final Fantasy Tactics Advance (Europe) (En,Fr,De,Es,It)","最终幻想战略版 （欧版） (En,Fr,De,Es,It)",GBA#989
gba,Final Fantasy Tactics Advance (Japan),最终幻想战略版 （日版）,GBA#990
gba,Final Fantasy Tactics Advance (USA),最终幻想战略版 （美版）,GBA#991
gba,Final Fantasy Tactics Advance (USA) (Wii U Virtual Console),最终幻想战略版 （美版） (Wii U Virtual Console),GBA#992
gba,"Final Fantasy V Advance (Europe) (En,Fr,De,Es,It)","最終幻想5 （欧版） (En,Fr,De,Es,It)",GBA#993
gba,Final Fantasy V Advance (Japan),最終幻想5 （日版）,GBA#994
gba,Final Fantasy V Advance (Japan) (Wii U Virtual Console),最終幻想5 （日版） (Wii U Virtual Console),GBA#995
gba,Final Fantasy V Advance (USA),最終幻想5 （美版）,GBA#996
gba,"Final Fantasy VI Advance (Europe) (En,Fr,De,Es,It)","最终幻想六代 （欧版） (En,Fr,De,Es,It)",GBA#997
gba,Final Fantasy VI Advance (Japan),最终幻想六代 （日版）,GBA#998
gba,Final Fantasy VI Advance (USA),最终幻想六代 （美版）,GBA#999
gba,Final Fight One (Europe),快打旋风ONE （欧版）,GBA#1000
gba,Final Fight One (Japan),快打旋风ONE （日版）,GBA#1001
gba,Final Fight One (USA),快打旋风ONE （美版）,GBA#1002
gba,Final Fight One (USA) (Wii U Virtual Console),快打旋风ONE （美版） (Wii U Virtual Console),GBA#1003
gba,Final Fire Pro Wrestling - Yume no Dantai Unei! (Japan),终极火爆摔跤梦之团体运营! （日版）,GBA#1004
gba,Findet Nemo (Germany),海底总动员-寻找伦莫 （德国版）,GBA#1005
gba,Findet Nemo (Germany) (Beta),海底总动员-寻找伦莫 （德国版） （测试版）,GBA#1006
gba,"Finding Nemo (Europe) (Es,It)","海底总动员 （欧版） (Es,It)",GBA#1007
gba,"Finding Nemo (Europe) (Fr,Nl)","海底总动员 （欧版） (Fr,Nl)",GBA#1008
gba,Finding Nemo (Japan),海底总动员 （日版）,GBA#1009
gba,"Finding Nemo (USA, Europe)",海底总动员 （美版 欧版）,GBA#1010
gba,Finding Nemo - Aratanaru Bouken (Japan),海底总动员-新的冒险 （日版）,GBA#1011
gba,"Finding Nemo - The Continuing Adventures (Europe) (En,Es,It,Sv,Da)","海底总动员-冒险再续 （欧版） (En,Es,It,Sv,Da)",GBA#1012
gba,"Finding Nemo - The Continuing Adventures (Europe) (Fr,De,Nl)","海底总动员-冒险再续 （欧版） (Fr,De,Nl)",GBA#1013
gba,"Finding Nemo - The Continuing Adventures (USA, Europe)",海底总动员-冒险再续 （美版 欧版）,GBA#1014
gba,Fire Eaters - Zero Bandits (Europe) (Demo),食火者-零土匪 （欧版） （演示版）,GBA#1015
gba,"Fire Emblem (Europe) (En,Es,It)","火炎之纹章-烈火之剑 （欧版） (En,Es,It)",GBA#1016
gba,"Fire Emblem (Europe) (En,Fr,De)","火炎之纹章-烈火之剑 （欧版） (En,Fr,De)",GBA#1017
gba,"Fire Emblem (Europe) (En,Fr,De) (Wii U Virtual Console)","火炎之纹章-烈火之剑 （欧版） (En,Fr,De) (Wii U Virtual Console)",GBA#1018
gba,Fire Emblem (USA) (Wii U Virtual Console),火炎之纹章-烈火之剑 （美版） (Wii U Virtual Console),GBA#1019
gba,"Fire Emblem (USA, Australia)",火炎之纹章-烈火之剑 （美版 澳洲版）,GBA#1020
gba,Fire Emblem - Fuuin no Tsurugi (Japan),火炎之纹章-封印之剑 （日版）,GBA#1021
gba,Fire Emblem - Rekka no Ken (Japan),火炎之纹章-烈火之剑 （日版）,GBA#1022
gba,Fire Emblem - Rekka no Ken (Japan) (Beta) (2003-02-06),火炎之纹章-烈火之剑 （日版） （测试版） (2003-02-06),GBA#1023
gba,Fire Emblem - Rekka no Ken (Japan) (Beta) (2003-02-19),火炎之纹章-烈火之剑 （日版） （测试版） (2003-02-19),GBA#1024
gba,Fire Emblem - Seima no Kouseki (Japan),火炎之纹章-圣魔之光石 （日版）,GBA#1025
gba,Fire Emblem - Seima no Kouseki (Japan) (Beta),火炎之纹章-圣魔之光石 （日版） （测试版）,GBA#1026
gba,"Fire Emblem - The Sacred Stones (Europe) (En,Fr,De,Es,It)","火炎之纹章-圣魔之光石 （欧版） (En,Fr,De,Es,It)",GBA#1027
gba,"Fire Emblem - The Sacred Stones (Europe) (En,Fr,De,Es,It) (Wii U Virtual Console)","火炎之纹章-圣魔之光石 （欧版） (En,Fr,De,Es,It) (Wii U Virtual Console)",GBA#1028
gba,Fire Emblem - The Sacred Stones (USA) (Wii U Virtual Console),火炎之纹章-圣魔之光石 （美版） (Wii U Virtual Console),GBA#1029
gba,"Fire Emblem - The Sacred Stones (USA, Australia)",火炎之纹章-圣魔之光石 （美版 澳洲版）,GBA#1030
gba,"Fire Pro Wrestling (USA, Europe)",火炎职业摔跤 （美版 欧版）,GBA#1031
gba,Fire Pro Wrestling 2 (USA),火爆摔跤2 （美版）,GBA#1032
gba,Fire Pro Wrestling A (Japan),火炎职业摔跤A （日版）,GBA#1033
gba,Flashback Legends (France) (Proto),闪回:传奇 （法国版） （工程版）,GBA#1034
gba,"Flintstones, The - Big Trouble in Bedrock (Europe) (En,Fr,De,Es,It)","石头乐园-岩床上的大麻烦 （欧版） (En,Fr,De,Es,It)",GBA#1035
gba,"Flintstones, The - Big Trouble in Bedrock (USA)",石头乐园-岩床上的大麻烦 （美版）,GBA#1036
gba,"Flushed Away (Europe) (En,Fr,De,Es,It)","鼠国大冒险 （欧版） (En,Fr,De,Es,It)",GBA#1037
gba,Flushed Away (USA),鼠国大冒险 （美版）,GBA#1038
gba,"Ford Racing 3 (Europe) (En,Fr,De,Es,It)","福特赛车3 （欧版） (En,Fr,De,Es,It)",GBA#1039
gba,Ford Racing 3 (USA),福特赛车3 （美版）,GBA#1040
gba,Formation Soccer 2002 (Japan),F立体足球2002 （日版）,GBA#1041
gba,"Fortress (USA, Europe)",堡垒 （美版 欧版）,GBA#1042
gba,Foster's Home for Imaginary Friends (Europe),亲亲麻吉 （欧版）,GBA#1043
gba,Foster's Home for Imaginary Friends (USA),亲亲麻吉 （美版）,GBA#1044
gba,"Frank Herbert's Dune - Ornithopter Assault (Europe) (En,Fr,De,Es,It) (Proto)","沙丘魔堡 （欧版） (En,Fr,De,Es,It) （工程版）",GBA#1045
gba,"Franklin the Turtle (Europe) (En,Fr,De,Es,It,Sv,No,Da,Fi) (Rev 2)","海龟富兰克林 （欧版） (En,Fr,De,Es,It,Sv,No,Da,Fi) （修正版 2）",GBA#1046
gba,"Franklin the Turtle (Europe) (En,Fr,De,It,Sv,No,Da,Fi)","海龟富兰克林 （欧版） (En,Fr,De,It,Sv,No,Da,Fi)",GBA#1047
gba,"Franklin the Turtle (Europe) (En,Fr,De,It,Sv,No,Da,Fi) (Rev 1)","海龟富兰克林 （欧版） (En,Fr,De,It,Sv,No,Da,Fi) （修正版 1）",GBA#1048
gba,"Franklin the Turtle (USA) (En,Fr,De,Es,It,Sv,No,Da,Fi)","海龟富兰克林 （美版） (En,Fr,De,Es,It,Sv,No,Da,Fi)",GBA#1049
gba,"Franklin's Great Adventures (Europe) (En,Fr,De,Es,It,Nl,Pt,Da)","小乌龟弗兰克林的大冒险 （欧版） (En,Fr,De,Es,It,Nl,Pt,Da)",GBA#1050
gba,"Franklin's Great Adventures (USA) (En,Fr,Es)","小乌龟弗兰克林的大冒险 （美版） (En,Fr,Es)",GBA#1051
gba,"Freekstyle (Europe) (En,Fr,De,Es,It)","疯狂越野摩托 （欧版） (En,Fr,De,Es,It)",GBA#1052
gba,Freekstyle (USA),疯狂越野摩托 （美版）,GBA#1053
gba,Freestyle Scooter (Europe),极限时髦滑板车 （欧版）,GBA#1054
gba,Frogger - Kodaibunmei no Nazo (Japan),青蛙冒险-古文明之谜 （日版）,GBA#1055
gba,Frogger - Mahou no Kuni no Daibouken (Japan),青蛙冒险2-魔法国大冒险 （日版）,GBA#1056
gba,"Frogger Advance - The Great Quest (Europe) (En,Fr,De,Es,It)","青蛙伟大的探索 （欧版） (En,Fr,De,Es,It)",GBA#1057
gba,Frogger Advance - The Great Quest (USA),青蛙伟大的探索 （美版）,GBA#1058
gba,"Frogger's Adventures - Temple of the Frog (Europe) (En,Fr,De,Es,It)","青蛙冒险-蛙之殿堂 （欧版） (En,Fr,De,Es,It)",GBA#1059
gba,"Frogger's Adventures - Temple of the Frog (USA) (En,Fr,De,Es,It)","青蛙冒险-蛙之殿堂 （美版） (En,Fr,De,Es,It)",GBA#1060
gba,"Frogger's Adventures 2 - The Lost Wand (Europe) (En,Fr,De,Es,It)","青蛙冒险2-失落的权杖 （欧版） (En,Fr,De,Es,It)",GBA#1061
gba,"Frogger's Adventures 2 - The Lost Wand (USA) (En,Es)","青蛙冒险2-失落的权杖 （美版） (En,Es)",GBA#1062
gba,Frogger's Journey - The Forgotten Relic (USA),青蛙冒险-古文明之谜 （美版）,GBA#1063
gba,From TV Animation One Piece - Mezase! King of Belly (Japan),海贼王-七个岛的大秘宝 （日版）,GBA#1064
gba,From TV Animation One Piece - Nanatsu-jima no Daihihou (Japan),海贼王-七个岛的大秘宝 （日版）,GBA#1065
gba,Frontier Stories (Japan),开拓者物语-半兽敌人 （日版）,GBA#1066
gba,Fruits Mura no Doubutsu-tachi (Japan),水果村的动物们 （日版）,GBA#1067
gba,Fruits Mura no Doubutsu-tachi (Japan) (Rev 1),水果村的动物们 （日版） （修正版 1）,GBA#1068
gba,Fruits Mura no Doubutsu-tachi (Japan) (Rev 2),水果村的动物们 （日版） （修正版 2）,GBA#1069
gba,Fushigi no Kuni no Alice (Japan),爱丽丝梦游仙境 （日版）,GBA#1070
gba,Fushigi no Kuni no Angelique (Japan),安琪莉可女王 （日版）,GBA#1071
gba,Futari wa Pretty Cure - Arienaai! Yume no Sono wa Daimeikyuu (Japan),俏丽搭档-梦之国的大迷宫 （日版）,GBA#1072
gba,Futari wa Pretty Cure Max Heart - Maji Maji! Fight de IN Janai (Japan),变身少女-美丽天使 （日版）,GBA#1073
gba,Gachasute! Dino Device - Blue (Japan),怪兽蛋蓝版 （日版）,GBA#1074
gba,Gachasute! Dino Device - Red (Japan),怪兽蛋红版 （日版）,GBA#1075
gba,Gachasute! Dino Device 2 - Dragon (Japan),转转蛋怪兽蛋2-龙版 （日版）,GBA#1076
gba,Gachasute! Dino Device 2 - Phoenix (Japan),转转蛋怪兽蛋2-凤凰版 （日版）,GBA#1077
gba,Gachinko Pro Yakyuu (Japan),Q版职业棒球 （日版）,GBA#1078
gba,"Gadget Racers (Europe) (En,Fr,De)","迷你Q版赛车2代变速齿轮之公路旅行 （欧版） (En,Fr,De)",GBA#1079
gba,Gadget Racers (USA),迷你Q版赛车2代变速齿轮之公路旅行 （美版）,GBA#1080
gba,Gakkou no Kaidan - Hyakuyoubako no Fuuin (Japan),学校之怪谈-百妖箱的封印 （日版）,GBA#1081
gba,Gakkou o Tsukurou!! Advance (Japan),学校传说 （日版）,GBA#1082
gba,Gakuen Alice - Dokidoki Fushigi Taiken (Japan),学院爱丽丝-不可思议的心跳体验 （日版）,GBA#1083
gba,Gakuen Alice - Dokidoki Fushigi Taiken (Japan) (Rev 1),学院爱丽丝-不可思议的心跳体验 （日版） （修正版 1）,GBA#1084
gba,Gakuen Senki Muryou (Japan),学院战记无量 （日版）,GBA#1085
gba,Galaxy Angel Game Boy Advance - Moridakusan Tenshi no Full-Course - Okawari Jiyuu (Japan),银河天使 （日版）,GBA#1086
gba,"Galidor - Defenders of the Outer Dimension (USA) (En,Fr,De,Es,It,Nl,Sv,Da)","异次元防卫者 （美版） (En,Fr,De,Es,It,Nl,Sv,Da)",GBA#1087
gba,Gambler Densetsu Tetsuya - Yomigaeru Densetsu (Japan),胜负师传说-哲也苏醒传说 （日版）,GBA#1088
gba,Game & Watch Gallery 4 (USA),任天堂博物馆4 （美版）,GBA#1089
gba,Game & Watch Gallery 4 (USA) (Wii U Virtual Console),任天堂博物馆4 （美版） (Wii U Virtual Console),GBA#1090
gba,Game & Watch Gallery Advance (Europe),任天堂博物馆4 （欧版）,GBA#1091
gba,Game Boy Advance (World) (AGB Emulater),,GBA#1092
gba,Game Boy Advance Video - All Grown Up! - Volume 1 (USA),GBA电影-我们都长大了-成长第1卷 （美版）,GBA#1093
gba,Game Boy Advance Video - Cartoon Network Collection - Edition Platinum (France),GBA视频-卡通网络收藏 （法国版）,GBA#1094
gba,Game Boy Advance Video - Cartoon Network Collection - Edition Premium (France),卡通网络收集-特制版 （法国版）,GBA#1095
gba,Game Boy Advance Video - Cartoon Network Collection - Edition Speciale (France),GBA视频-卡通频道集锦 （法国版）,GBA#1096
gba,Game Boy Advance Video - Cartoon Network Collection - Limited Edition (USA),GBA电影-卡通频道珍藏电影-限定版 （美版）,GBA#1097
gba,"Game Boy Advance Video - Cartoon Network Collection - Platinum Edition (USA, Europe)",GBA电影-卡通频道珍藏电影第1卷 （美版 欧版）,GBA#1098
gba,"Game Boy Advance Video - Cartoon Network Collection - Premium Edition (USA, Europe)",GBA视频-卡通网络收集特别版 （美版 欧版）,GBA#1099
gba,"Game Boy Advance Video - Cartoon Network Collection - Special Edition (USA, Europe)",GBA电影-卡通网络珍藏特别版 （美版 欧版）,GBA#1100
gba,"Game Boy Advance Video - Cartoon Network Collection - Volume 1 (USA, Europe)",GBA电影-卡通频道珍藏电影第1卷 （美版 欧版）,GBA#1101
gba,"Game Boy Advance Video - Cartoon Network Collection - Volume 2 (USA, Europe)",GBA电影-卡通频道珍藏电影第2卷 （美版 欧版）,GBA#1102
gba,"Game Boy Advance Video - Codename - Kids Next Door - Volume 1 (USA, Europe)",GBA电影-小孩大联邦第1卷 （美版 欧版）,GBA#1103
gba,Game Boy Advance Video - Disney Channel Collection - Volume 1 (USA),GBA电影-迪士尼频道电影第1卷 （美版）,GBA#1104
gba,Game Boy Advance Video - Disney Channel Collection - Volume 2 (USA) (Rev 5),GBA视频 迪士尼频道精选2 （美版） （修正版 5）,GBA#1105
gba,Game Boy Advance Video - Dora the Explorer - Volume 1 (USA),GBA电影-小冒险家朵拉第1卷 （美版）,GBA#1106
gba,Game Boy Advance Video - Dragon Ball GT - Volume 1 (USA),GBA电影-七龙珠GT第一卷 （美版）,GBA#1107
gba,Game Boy Advance Video - Nicktoons - Volume 3 (USA),GBA视频-尼克卡通珍藏电影第3卷 （美版）,GBA#1108
gba,Game Boy Advance Video - Nicktoons Collection - Volume 1 (USA),GBA电影-尼克卡通珍藏电影第1卷 （美版）,GBA#1109
gba,Game Boy Advance Video - Nicktoons Collection - Volume 2 (USA),GBA电影-尼克卡通珍藏电影第2卷 （美版）,GBA#1110
gba,Game Boy Advance Video - Pokemon - Volume 1 (USA),GBA电影-口袋妖怪第1卷 （美版）,GBA#1111
gba,Game Boy Advance Video - Pokemon - Volume 2 (USA),GBA电影-口袋妖怪第2卷 （美版）,GBA#1112
gba,Game Boy Advance Video - Pokemon - Volume 3 (USA),GBA电影-口袋妖怪第3卷 （美版）,GBA#1113
gba,Game Boy Advance Video - Pokemon - Volume 4 (USA),GBA电影-口袋妖怪第4卷 （美版）,GBA#1114
gba,Game Boy Advance Video - Shark Tale (USA) (Rev 5),GBA视频 鲨鱼黑帮 （美版） （修正版 5）,GBA#1115
gba,Game Boy Advance Video - Shark Tale (USA) (Rev 6),GBA视频 鲨鱼黑帮 （美版） （修正版 6）,GBA#1116
gba,Game Boy Advance Video - Shrek (USA) (Rev 5),GBA视频 怪物史瑞克 （美版） （修正版 5）,GBA#1117
gba,Game Boy Advance Video - Shrek (USA) (Rev 6),GBA视频 怪物史瑞克 （美版） （修正版 6）,GBA#1118
gba,Game Boy Advance Video - Shrek + Shark Tale (USA) (Rev 5),GBA视频 怪物史瑞克+鲨鱼黑帮 （美版） （修正版 5）,GBA#1119
gba,Game Boy Advance Video - Shrek 2 (USA) (Rev 5),GBA视频 怪物史瑞克2 （美版） （修正版 5）,GBA#1120
gba,Game Boy Advance Video - Shrek 2 (USA) (Rev 6),GBA视频 怪物史瑞克2 （美版） （修正版 6）,GBA#1121
gba,Game Boy Advance Video - Sonic X - Volume 1 (USA),GBA电影-音速小子X第1卷 （美版）,GBA#1122
gba,Game Boy Advance Video - SpongeBob SquarePants - Volume 1 (USA) (Rev 1),GBA电影-超级海绵第1卷 （美版） （修正版 1）,GBA#1123
gba,Game Boy Advance Video - SpongeBob SquarePants - Volume 2 (USA) (Rev 1),GBA电影-超级海绵第2卷 （美版） （修正版 1）,GBA#1124
gba,Game Boy Advance Video - SpongeBob SquarePants - Volume 3 (USA),GBA电影-超级海绵第3卷 （美版）,GBA#1125
gba,Game Boy Advance Video - Strawberry Shortcake - Volume 1 (USA),GBA电影-蛋糕上的草莓第1卷 （美版）,GBA#1126
gba,Game Boy Advance Video - Super Robot Monkey Team - Hyper Force Go! - Volume 1 (USA),GBA电影-超级机械猴队第1卷 （美版）,GBA#1127
gba,Game Boy Advance Video - Teenage Mutant Ninja Turtles - Le Demenagement (France),GBA视频-忍者神龟 （法国版）,GBA#1128
gba,"Game Boy Advance Video - Teenage Mutant Ninja Turtles - Things Change (USA, Europe)",GBA电影：忍者神龟 （美版 欧版）,GBA#1129
gba,Game Boy Advance Video - The Adventures of Jimmy Neutron Boy Genius - Volume 1 (USA),GBA电影-天才小子吉米大冒险第1卷 （美版）,GBA#1130
gba,Game Boy Advance Video - The Fairly OddParents! - Volume 1 (USA),GBA电影-反斗家族第1卷 （美版）,GBA#1131
gba,Game Boy Advance Video - The Fairly OddParents! - Volume 2 (USA) (Rev 1),GBA电影-反斗家族第2卷 （美版） （修正版 1）,GBA#1132
gba,Game Boy Advance Video - The Proud Family - Volume 1 (USA),GBA电影-骄傲家族第1卷 （美版）,GBA#1133
gba,Game Boy Advance Video - Yu-Gi-Oh! - Yugi vs. Joey (France),GBA视频-游戏王!游戏对决城之内 （法国版）,GBA#1134
gba,"Game Boy Advance Video - Yu-Gi-Oh! - Yugi vs. Joey (USA, Europe)",GBA视频-游戏王!游戏对决城之内 （美版 欧版）,GBA#1135
gba,Game Boy Gallery 4 (Japan) (Wii U Virtual Console),GAME BOY 展览馆4 （日版） (Wii U Virtual Console),GBA#1136
gba,Game Boy Wars Advance 1+2 (Japan),高级战争1+2 （日版）,GBA#1137
gba,Games Explosion! (USA),游戏爆发! （美版）,GBA#1138
gba,GameShark GBA (USA) (Alt 1) (Unl),鲨鱼金手指 （美版） (Alt 1) （非官方版）,GBA#1139
gba,GameShark GBA (USA) (Unl),鲨鱼金手指 （美版） （非官方版）,GBA#1140
gba,Ganbare! Dodge Fighters (Japan),躲避球斗士 （日版）,GBA#1141
gba,"Gang del Bosco, La (Italy)",篱笆墙外 （意大利版）,GBA#1142
gba,"Garfield - The Search for Pooky (Europe) (En,Fr,De,Es,It) (Rev 2)","加菲猫-寻找卜姬 （欧版） (En,Fr,De,Es,It) （修正版 2）",GBA#1143
gba,"Garfield - The Search for Pooky (Europe) (En,Fr,De,It)","加菲猫-寻找卜姬 （欧版） (En,Fr,De,It)",GBA#1144
gba,"Garfield - The Search for Pooky (Europe) (En,Fr,De,It) (Rev 1)","加菲猫-寻找卜姬 （欧版） (En,Fr,De,It) （修正版 1）",GBA#1145
gba,"Garfield - The Search for Pooky (USA) (En,Fr,De,Es,It)","加菲猫-寻找卜姬 （美版） (En,Fr,De,Es,It)",GBA#1146
gba,"Garfield and His Nine Lives (Europe) (En,Fr,De,Es,It,Nl)","加菲猫和它的九条命 （欧版） (En,Fr,De,Es,It,Nl)",GBA#1147
gba,"Garfield and His Nine Lives (USA) (En,Fr,Es)","加菲猫和它的九条命 （美版） (En,Fr,Es)",GBA#1148
gba,Gauntlet - Dark Legacy (USA),黑暗的遗产 （美版）,GBA#1149
gba,GBA AV Adapter (China) (Unl),GBASP视频接收器 （中国版） （非官方版）,GBA#1150
gba,GBA Movie Player 2 CF (Spain) (Unl),GBA电影播放器2CF （西班牙版） （非官方版）,GBA#1151
gba,GBA Personal Organizer (USA) (Unl),个人数据助理系统 （美版） （非官方版）,GBA#1152
gba,GBA TV Tuner PAL (China) (v1.3) (Unl),电视接收器用软件 （中国版） (v1.3) （非官方版）,GBA#1153
gba,GBA TV Tuner PAL (China) (v2.0) (Unl),电视接收器用软件 （中国版） (v2.0) （非官方版）,GBA#1154
gba,Gegege no Kitarou - Kikiippatsu! Youkai Rettou (Japan),鬼太郎-危机一发妖怪列岛 （日版）,GBA#1155
gba,"Gekido Advance - Kintaro's Revenge (Europe) (En,Fr,De,Es,It)","究级截拳道 （欧版） (En,Fr,De,Es,It)",GBA#1156
gba,Gekido Advance - Kintaro's Revenge (USA),究级截拳道 （美版）,GBA#1157
gba,Gekitou Densetsu Noah - Dream Management (Japan),激斗梦幻经理人 （日版）,GBA#1158
gba,Gekitou! Car Battler Go!! (Japan),激斗!遥控车战士GO!! （日版）,GBA#1159
gba,Gem Smashers (USA),宝石方块也疯狂 （美版）,GBA#1160
gba,Genseishin Justirisers - Souchaku! Hoshi no Senshi-tachi (Japan),幻星神正义战士-地球的战士们 （日版）,GBA#1161
gba,Gensou Maden Saiyuuki - Hangyaku no Toushin-taishi (Japan),幻想魔传最游记-叛逆的斗神太子 （日版）,GBA#1162
gba,Gensou Suikoden - Card Stories (Japan),幻想水浒传-卡片传说 （日版）,GBA#1163
gba,Get Ride! Amdriver - Senkou no Hero Tanjou! (Japan),重装骑士-闪光英雄的诞生! （日版）,GBA#1164
gba,Get Ride! Amdriver - Shutsugeki! Battle Party (Japan),重装骑士-出击!战斗团队 （日版）,GBA#1165
gba,Get! - Boku no Mushi Tsukamaete (Japan),捉住!-我的捕虫日记 （日版）,GBA#1166
gba,GetBackers Dakkanya - Jagan Fuuin! (Japan),闪灵二人组-邪眼封印! （日版）,GBA#1167
gba,GetBackers Dakkanya - Jigoku no Scaramouche (Japan),闪灵二人组 （日版）,GBA#1168
gba,GetBackers Dakkanya - Metropolis Dakkan Sakusen! (Japan),闪灵二人组-首都夺还作战! （日版）,GBA#1169
gba,"Ghost Rider (USA, Europe) (En,Fr,De,Es,It,Nl)","魔鬼骑士 （美版 欧版） (En,Fr,De,Es,It,Nl)",GBA#1170
gba,Ghost Trap (Japan),幽灵陷阱 （日版）,GBA#1171
gba,"Global Star - Sudoku Fever (Europe) (En,Fr,De,Es,It)","拼图数独九宫格 （欧版） (En,Fr,De,Es,It)",GBA#1172
gba,Global Star - Sudoku Fever (USA),拼图数独九宫格 （美版）,GBA#1173
gba,"Go! Go! Beckham! - Adventure on Soccer Island (Europe) (En,Fr,De,Es,It)","贝克汗姆足球岛冒险 （欧版） (En,Fr,De,Es,It)",GBA#1174
gba,"Godzilla - Domination! (Europe) (En,Fr,De,Es,It)","怪物统治! （欧版） (En,Fr,De,Es,It)",GBA#1175
gba,Godzilla - Domination! (USA),怪物统治! （美版）,GBA#1176
gba,Goemon - New Age Shutsudou! (Japan),大盗伍佑卫门新时代出动! （日版）,GBA#1177
gba,Gojira - Kaijuu Dairantou Advance (Japan),哥斯拉怪兽大乱斗 （日版）,GBA#1178
gba,"Golden Nugget Casino (USA, Europe)",赌城淘金乐园 （美版 欧版）,GBA#1179
gba,Golden Sun (France),黄金的太阳-开启的封印 （法国版）,GBA#1180
gba,Golden Sun (Germany),黄金的太阳-开启的封印 （德国版）,GBA#1181
gba,Golden Sun (Italy),黄金的太阳-开启的封印 （意大利版）,GBA#1182
gba,Golden Sun (Spain),黄金的太阳-开启的封印 （西班牙版）,GBA#1183
gba,"Golden Sun (USA, Europe)",黄金的太阳-开启的封印 （美版 欧版）,GBA#1184
gba,Golden Sun - Die Vergessene Epoche (Germany),黄金太阳2-失落的时代 （德国版）,GBA#1185
gba,Golden Sun - L'Age Perdu (France),黄金太阳2-失落的时代 （法国版）,GBA#1186
gba,Golden Sun - L'Era Perduta (Italy),黄金太阳2-失落的时代 （意大利版）,GBA#1187
gba,Golden Sun - La Edad Perdida (Spain),黄金太阳2-失落的时代 （西班牙版）,GBA#1188
gba,"Golden Sun - The Lost Age (USA, Europe)",黄金太阳2-失落的时代 （美版 欧版）,GBA#1189
gba,"Golden Sun - The Lost Age (USA, Europe) (Wii U Virtual Console)",黄金太阳2-失落的时代 （美版 欧版） (Wii U Virtual Console),GBA#1190
gba,GP-1 Racing (USA) (Proto),GP-1赛车 （美版） （工程版）,GBA#1191
gba,Gradius Advance (Europe),沙罗曼蛇A （欧版）,GBA#1192
gba,Gradius Galaxies (USA),沙罗曼蛇之星系战争 （美版）,GBA#1193
gba,Gradius Generation (Japan),沙罗曼蛇 （日版）,GBA#1194
gba,"Grand Theft Auto Advance (Europe) (En,Fr,De,Es,It)","侠盗猎车A （欧版） (En,Fr,De,Es,It)",GBA#1195
gba,Grand Theft Auto Advance (USA),侠盗猎车A （美版）,GBA#1196
gba,Greatest Nine (Japan),最强9人棒球 （日版）,GBA#1197
gba,Green Eggs and Ham by Dr. Seuss (USA),苏斯格林博士-火腿与鸡蛋 （美版）,GBA#1198
gba,Greg Hastings' Tournament Paintball Max'd (USA),格雷戈哈斯汀-彩弹竞技场MAXd （美版）,GBA#1199
gba,"Gremlins - Stripe vs Gizmo (Europe) (En,Fr,De,Es,It,Pt)","魔怪小精灵 （欧版） (En,Fr,De,Es,It,Pt)",GBA#1200
gba,"Gremlins - Stripe vs Gizmo (Europe) (En,Fr,De,Es,It,Pt) (Beta)","魔怪小精灵 （欧版） (En,Fr,De,Es,It,Pt) （测试版）",GBA#1201
gba,Gremlins - Stripe vs Gizmo (USA),魔怪小精灵 （美版）,GBA#1202
gba,"Grim Adventures of Billy & Mandy, The (USA)",比利和曼迪的过关大冒险 （美版）,GBA#1203
gba,Groove Adventure Rave - Hikari to Yami no Daikessen (Japan),圣石小子光与暗的大决战 （日版）,GBA#1204
gba,Groove Adventure Rave - Hikari to Yami no Daikessen 2 (Japan),光与暗大决战2 （日版）,GBA#1205
gba,"GT Advance - Championship Racing (USA, Europe)",GT职业概念锦标赛车 （美版 欧版）,GBA#1206
gba,GT Advance 2 - Rally Racing (Europe),GTA职业概念赛车2 （欧版）,GBA#1207
gba,GT Advance 2 - Rally Racing (USA),GTA职业概念赛车2 （美版）,GBA#1208
gba,GT Advance 3 - Pro Concept Racing (Europe),GTA职业概念赛车3 （欧版）,GBA#1209
gba,GT Advance 3 - Pro Concept Racing (USA),GTA职业概念赛车3 （美版）,GBA#1210
gba,GT Championship (Europe),GT锦标赛车 （欧版）,GBA#1211
gba,GT Racers (Europe) (Beta) (2005-07-13),GT赛车手 （欧版） （测试版） (2005-07-13),GBA#1212
gba,GT Racers (Europe) (Beta) (2005-10-14),GT赛车手 （欧版） （测试版） (2005-10-14),GBA#1213
gba,"GT Racers (Europe) (En,Fr,De,Es,It)","GT赛车手 （欧版） (En,Fr,De,Es,It)",GBA#1214
gba,Guilty Gear X - Advance Edition (Europe),罪恶克星X （欧版）,GBA#1215
gba,Guilty Gear X - Advance Edition (Japan),罪恶克星X （日版）,GBA#1216
gba,Guilty Gear X - Advance Edition (Japan) (Beta),罪恶克星X （日版） （测试版）,GBA#1217
gba,Guilty Gear X - Advance Edition (USA),罪恶克星X （美版）,GBA#1218
gba,Gumby vs. the Astrobots (USA),格宾小子-决斗阿斯塔罗伯特 （美版）,GBA#1219
gba,"Gunstar Future Heroes (Europe) (En,Ja,Fr,De,Es,It)","超级火枪英雄 （欧版） (En,Ja,Fr,De,Es,It)",GBA#1220
gba,Gunstar Super Heroes (Japan),超级火枪英雄 （日版）,GBA#1221
gba,Gunstar Super Heroes (USA),超级火枪英雄 （美版）,GBA#1222
gba,Guranbo (Japan),格兰宝 （日版）,GBA#1223
gba,Guru Logic Champ (Japan),充填方块 （日版）,GBA#1224
gba,Gyakuten Saiban (Japan),逆转裁判 （日版）,GBA#1225
gba,Gyakuten Saiban (Japan) (Rev 1),逆转裁判 （日版） （修正版 1）,GBA#1226
gba,Gyakuten Saiban 2 (Japan),逆转裁判2 （日版）,GBA#1227
gba,Gyakuten Saiban 3 (Japan),逆转裁判3 （日版）,GBA#1228
gba,Hachiemon (Japan),哈欠妖怪 （日版）,GBA#1229
gba,Hagane no Renkinjutsushi - Meisou no Rondo (Japan),钢之炼金术士-迷走之轮舞曲 （日版）,GBA#1230
gba,Hagane no Renkinjutsushi - Omoide no Sonata (Japan),钢之炼金术士-回忆之奏鸣曲 （日版）,GBA#1231
gba,Hajime no Ippo - The Fighting! (Japan),幕之内一步-格斗赛! （日版）,GBA#1232
gba,Hamepane - Tokyo Mew Mew (Japan),东京猫猫拼图 （日版）,GBA#1233
gba,Hamster Club 3 (Japan),仓鼠物语3 （日版）,GBA#1234
gba,Hamster Club 4 - Shigetchi Daidassou (Japan),仓鼠太郎俱乐部4 （日版）,GBA#1235
gba,Hamster Monogatari 2 GBA (Japan),仓鼠物语2 （日版）,GBA#1236
gba,Hamster Monogatari 3 GBA (Japan),仓鼠物语3 （日版）,GBA#1237
gba,Hamster Monogatari 3EX 4 Special (Japan),仓鼠物语3EX-4-特别版 （日版）,GBA#1238
gba,Hamster Monogatari Collection (Japan),仓鼠太郎大收藏 （日版）,GBA#1239
gba,Hamster Paradise - Pure Heart (Japan),火腿太郎乐园-清纯之心 （日版）,GBA#1240
gba,Hamster Paradise Advanchu (Japan),仓鼠天堂A （日版）,GBA#1241
gba,"Hamtaro - Ham-Ham Games (Europe) (En,Fr,De,Es,It)","哈姆太郎运动会 （欧版） (En,Fr,De,Es,It)",GBA#1242
gba,"Hamtaro - Ham-Ham Games (Japan, USA) (En,Ja)","哈姆太郎运动会 （日版，美版） (En,Ja)",GBA#1243
gba,"Hamtaro - Ham-Ham Heartbreak (Europe) (En,Fr,De,Es,It)","哈姆太郎3-恋爱大冒险 （欧版） (En,Fr,De,Es,It)",GBA#1244
gba,Hamtaro - Ham-Ham Heartbreak (USA),哈姆太郎3-恋爱大冒险 （美版）,GBA#1245
gba,"Hamtaro - Rainbow Rescue (Europe) (En,Fr,De,Es,It)","哈姆太郎-彩虹救援 （欧版） (En,Fr,De,Es,It)",GBA#1246
gba,Hanabi Hyakkei Advance (Japan),花火百景 （日版）,GBA#1247
gba,Hanafuda Trump Mahjong - Depachika Wayouchuu (Japan),中日洋3国桌上游戏大合集 （日版）,GBA#1248
gba,"Happy Feet (Europe) (En,Fr,De,Es,It)","快乐的大脚 （欧版） (En,Fr,De,Es,It)",GBA#1249
gba,"Happy Feet (USA) (En,Fr)","快乐的大脚 （美版） (En,Fr)",GBA#1250
gba,"Hardcore Pinball (USA, Europe)",无限弹珠台 （美版 欧版）,GBA#1251
gba,"Hardcore Pool (Europe) (En,De,Es,It)","核心台球 （欧版） (En,De,Es,It)",GBA#1252
gba,Hardcore Pool (France),核心台球 （法国版）,GBA#1253
gba,"Harlem Globetrotters - World Tour (Europe) (En,Fr,De,Es,It)","哈林世界巡回篮球队 （欧版） (En,Fr,De,Es,It)",GBA#1254
gba,Harlem Globetrotters - World Tour (USA),哈林世界巡回篮球队 （美版）,GBA#1255
gba,Harobots - Robo Hero Battling!! (Japan),哈罗机器人-机器人英雄大会战!! （日版）,GBA#1256
gba,Harry Potter - Quidditch World Cup (Japan),哈里波特-魁地奇世界杯 （日版）,GBA#1257
gba,"Harry Potter - Quidditch World Cup (USA, Europe) (En,Fr,De,Es,It,Nl,Da)","哈里波特-魁地奇世界杯 （美版 欧版） (En,Fr,De,Es,It,Nl,Da)",GBA#1258
gba,"Harry Potter and the Chamber of Secrets (USA, Europe) (En,Fr,De,Es,It,Nl,Pt,Sv,No,Da)","哈瑞·波特-消失的密室 （美版 欧版） (En,Fr,De,Es,It,Nl,Pt,Sv,No,Da)",GBA#1259
gba,"Harry Potter and the Goblet of Fire (USA, Europe) (En,Fr,De,Es,It,Nl,Da)","哈利波特和火焰杯 （美版 欧版） (En,Fr,De,Es,It,Nl,Da)",GBA#1260
gba,"Harry Potter and the Order of the Phoenix (USA, Europe) (En,Fr,De,Es,It,Nl,Da)","哈利波特与凤凰社 （美版 欧版） (En,Fr,De,Es,It,Nl,Da)",GBA#1261
gba,"Harry Potter and the Prisoner of Azkaban (USA, Europe) (En,Fr,De,Es,It,Nl,Da)","哈利波特与阿兹卡班的逃犯 （美版 欧版） (En,Fr,De,Es,It,Nl,Da)",GBA#1262
gba,"Harry Potter and the Sorcerer's Stone (USA, Europe) (En,Fr,De,Es,It,Nl,Pt,Sv,No,Da)","哈利波特神秘的魔法石 （美版 欧版） (En,Fr,De,Es,It,Nl,Pt,Sv,No,Da)",GBA#1263
gba,"Harry Potter Collection (Europe) (En,Fr,De,Es,It,Nl,Pt,Sv,No,Da)","哈利波特合集 （欧版） (En,Fr,De,Es,It,Nl,Pt,Sv,No,Da)",GBA#1264
gba,Harry Potter to Azkaban no Shuujin (Japan),哈利波特与阿兹卡班的逃犯 （日版）,GBA#1265
gba,Harry Potter to Himitsu no Heya (Japan),哈利·波特-消失的密室 （日版）,GBA#1266
gba,Harry Potter to Kenja no Ishi (Japan),哈利波特-神秘的魔法石 （日版）,GBA#1267
gba,Harvest Moon - Friends of Mineral Town (Europe),牧场物语-矿石镇的朋友们 （欧版）,GBA#1268
gba,Harvest Moon - Friends of Mineral Town (Germany),牧场物语-矿石镇的朋友们 （德国版）,GBA#1269
gba,Harvest Moon - Friends of Mineral Town (USA),牧场物语-矿石镇的朋友们 （美版）,GBA#1270
gba,Harvest Moon - More Friends of Mineral Town (USA),牧场物语-矿石镇的伙伴们-女孩篇 （美版）,GBA#1271
gba,Hatena Satena (Japan),机智解迷 （日版）,GBA#1272
gba,"Haunted Mansion, The (USA) (Proto)",幽灵公馆 （美版） （工程版）,GBA#1273
gba,"Heidi - The Game (Europe) (En,Fr,De,Es,It)","海蒂 （欧版） (En,Fr,De,Es,It)",GBA#1274
gba,Hello Kitty - Happy Party Pals (Europe),哈罗-凯蒂-快乐聚会 （欧版）,GBA#1275
gba,"Hello Kitty - Happy Party Pals (Europe) (En,Fr,De,Es)","哈罗-凯蒂-快乐聚会 （欧版） (En,Fr,De,Es)",GBA#1276
gba,Hello Kitty - Happy Party Pals (USA),哈罗-凯蒂-快乐聚会 （美版）,GBA#1277
gba,Hello Kitty Collection - Miracle Fashion Maker (Japan),凯蒂猫游戏精选-流行创造者 （日版）,GBA#1278
gba,Hello! Idol Debut - Kids Idol Ikusei Game (Japan),Hello!偶像登场 （日版）,GBA#1279
gba,Hello! Idol Debut - Kids Idol Ikusei Game (Japan) (Rev 1),Hello!偶像登场 （日版） （修正版 1）,GBA#1280
gba,"Herbie - Fully Loaded (Europe) (En,Fr,De)","迪斯尼疯狂金车 （欧版） (En,Fr,De)",GBA#1281
gba,Herbie - Fully Loaded (USA),迪斯尼疯狂金车 （美版）,GBA#1282
gba,"Hey Arnold! - The Movie (Europe) (En,Fr,De)","嘿阿诺德电影版 （欧版） (En,Fr,De)",GBA#1283
gba,"Hey Arnold! - The Movie (Europe) (En,Fr,De) (Beta)","嘿阿诺德电影版 （欧版） (En,Fr,De) （测试版）",GBA#1284
gba,Hey Arnold! - The Movie (USA),嘿阿诺德电影版 （美版）,GBA#1285
gba,Hi Hi Puffy AmiYumi (Japan),嗨嗨帕妃亚美由美 （日版）,GBA#1286
gba,"Hi Hi Puffy AmiYumi - Kaznapped! (Europe) (En,De)","帕妃美由纪 （欧版） (En,De)",GBA#1287
gba,Hi Hi Puffy AmiYumi - Kaznapped! (USA),帕妃美由纪 （美版）,GBA#1288
gba,Higanbana (Japan) (Rev 1),彼岸花 （日版） （修正版 1）,GBA#1289
gba,"High Heat Major League Baseball 2002 (USA, Europe)",爆裂棒球2002 （美版 欧版）,GBA#1290
gba,High Heat Major League Baseball 2003 (Japan) (En),火爆美国职业棒球联赛2003 （日版） (En),GBA#1291
gba,High Heat Major League Baseball 2003 (USA),火爆美国职业棒球联赛2003 （美版）,GBA#1292
gba,High School Musical - Livin' the Dream (USA),歌舞青春 （美版）,GBA#1293
gba,High School Musical - Livin' the Dream (USA) (Beta),歌舞青春 （美版） （测试版）,GBA#1294
gba,Hikaru no Go (Japan),棋灵王 （日版）,GBA#1295
gba,Hikaru no Go (Japan) (Demo) (Promo),棋灵王 （日版） （演示版） (Promo),GBA#1296
gba,Hikaru no Go (Japan) (Rev 1),棋灵王 （日版） （修正版 1）,GBA#1297
gba,Hikaru no Go 2 (Japan),棋灵王2 （日版）,GBA#1298
gba,Himawari Doubutsu Byouin - Pet no Oishasan Ikusei Game (Japan),向日葵动物医院-宠物医生 （日版）,GBA#1299
gba,Himawari Doubutsu Byouin - Pet no Oishasan Ikusei Game (Japan) (Rev 1),向日葵动物医院-宠物医生 （日版） （修正版 1）,GBA#1300
gba,Hime Kishi Monogatari - Princess Blue (Japan),姬骑士物语-蓝色的公主 （日版）,GBA#1301
gba,Hitsuji no Kimochi. (Japan),绵羊之心 （日版）,GBA#1302
gba,Hobbit no Bouken - Lord of the Rings - Hajimari no Monogatari (Japan),魔戒前传-霍比特人的冒险 （日版）,GBA#1303
gba,"Hobbit, The - The Prelude to the Lord of the Rings (Europe) (En,Fr,De,Es,It)","魔戒前传-霍比特人历险记 （欧版） (En,Fr,De,Es,It)",GBA#1304
gba,"Hobbit, The - The Prelude to the Lord of the Rings (USA)",魔戒前传-霍比特人历险记 （美版）,GBA#1305
gba,"Home on the Range (Europe) (En,Fr,De,Es)","H牧场是我家 （欧版） (En,Fr,De,Es)",GBA#1306
gba,"Home on the Range (USA) (En,Fr)","H牧场是我家 （美版） (En,Fr)",GBA#1307
gba,Horsez (USA),我的马场 （美版）,GBA#1308
gba,"Hoshi no Kirby - Kagami no Daimeikyuu (Japan) (Demo) (Kiosk, GameCube)","星之卡比-镜之谜宫 （日版） （演示版） (Kiosk, GameCube)",GBA#1309
gba,Hoshi no Kirby - Kagami no Daimeikyuu (Japan) (Rev 1),星之卡比-镜之谜宫 （日版） （修正版 1）,GBA#1310
gba,Hoshi no Kirby - Kagami no Daimeikyuu (Japan) (Wii U Virtual Console),星之卡比-镜之谜宫 （日版） (Wii U Virtual Console),GBA#1311
gba,Hoshi no Kirby - Yume no Izumi Deluxe (Japan),星之卡比-梦之泉蒂拉克丝 （日版）,GBA#1312
gba,Hot Potato! (Europe),火热的马铃薯! （欧版）,GBA#1313
gba,"Hot Potato! (Europe) (En,Fr,De)","火热的马铃薯! （欧版） (En,Fr,De)",GBA#1314
gba,Hot Potato! (USA),火热的马铃薯! （美版）,GBA#1315
gba,"Hot Wheels - All Out (Europe) (En,Fr,De,Es,It)","无敌风火轮赛车-全部出局 （欧版） (En,Fr,De,Es,It)",GBA#1316
gba,Hot Wheels - All Out (USA),无敌风火轮赛车-全部出局 （美版）,GBA#1317
gba,"Hot Wheels - Burnin' Rubber (Europe) (En,Fr)","无敌风火轮赛车 （欧版） (En,Fr)",GBA#1318
gba,Hot Wheels - Burnin' Rubber (USA),无敌风火轮赛车 （美版）,GBA#1319
gba,"Hot Wheels - Stunt Track Challenge (USA, Europe)",无敌风火轮赛车-障碍挑战赛 （美版 欧版）,GBA#1320
gba,Hot Wheels - Velocity X (Europe),无敌风火轮疾速赛车X （欧版）,GBA#1321
gba,Hot Wheels - Velocity X (USA),无敌风火轮疾速赛车X （美版）,GBA#1322
gba,Hot Wheels - World Race (Europe),火热飞轮-世界赛车 （欧版）,GBA#1323
gba,Hot Wheels - World Race (USA),火热飞轮-世界赛车 （美版）,GBA#1324
gba,Hot Wheels Advance (Japan) (En),无敌风火轮赛车 （日版） (En),GBA#1325
gba,Hudson Best Collection Vol. 1 - Bomber Man Collection (Japan),经典收藏3-动作篇 （日版）,GBA#1326
gba,Hudson Best Collection Vol. 2 - Lode Runner Collection (Japan),Hudson最佳收藏2 （日版）,GBA#1327
gba,Hudson Best Collection Vol. 3 - Action Collection (Japan),经典收藏3-动作篇 （日版）,GBA#1328
gba,Hudson Best Collection Vol. 4 - Nazotoki Collection (Japan),Hudson经典收藏4 （日版）,GBA#1329
gba,Hudson Best Collection Vol. 5 - Shooting Collection (Japan),Hudson经典收藏5 （日版）,GBA#1330
gba,Hudson Best Collection Vol. 6 - Bouken-jima Collection (Japan),Hudson经典收藏6 （日版）,GBA#1331
gba,"Hugo - Bukkazoom! (Europe) (En,Fr,De,Es,It,Nl,Pt,Sv,No,Da,Fi,Pl)","瓢虫汽车赛! （欧版） (En,Fr,De,Es,It,Nl,Pt,Sv,No,Da,Fi,Pl)",GBA#1332
gba,"Hugo - The Evil Mirror Advance (Europe) (En,Fr,De,Es,It,Nl,Pt,Sv,No,Da,Fi,Pl)","雨果-邪恶的镜子 （欧版） (En,Fr,De,Es,It,Nl,Pt,Sv,No,Da,Fi,Pl)",GBA#1333
gba,"Hugo - The Evil Mirror Advance (USA) (En,Fr,Es)","雨果-邪恶的镜子 （美版） (En,Fr,Es)",GBA#1334
gba,"Hugo 2 in 1 (Europe) (En,Fr,De,Es,It,Nl,Pt,Sv,No,Da,Fi,Pl)","游戏2合1-雨果包 （欧版） (En,Fr,De,Es,It,Nl,Pt,Sv,No,Da,Fi,Pl)",GBA#1335
gba,Hunter X Hunter - Minna Tomodachi Daisakusen!! (Japan),猎人X猎人-热血友情大作战!! （日版）,GBA#1336
gba,Hunter X Hunter - Minna Tomodachi Daisakusen!! (Japan) (Rev 1),猎人X猎人-热血友情大作战!! （日版） （修正版 1）,GBA#1337
gba,Huo-Wen Zhanji - Fengyin Zhi Jian (China) (Proto),火焰纹章 封印之剑 （中国版） （工程版）,GBA#1338
gba,Hyper Sports 2002 Winter (Japan),超级运动家2002冬季版 （日版）,GBA#1339
gba,I Spy Challenger! (USA),智力大挑战! （美版）,GBA#1340
gba,"Ice Age (Europe) (En,Fr,De,Es,It)","冰河世纪 （欧版） (En,Fr,De,Es,It)",GBA#1341
gba,Ice Age (Japan),冰河世纪 （日版）,GBA#1342
gba,"Ice Age (USA) (En,Fr,Es)","冰河世纪 （美版） (En,Fr,Es)",GBA#1343
gba,"Ice Age 2 - The Meltdown (Europe) (En,Fr,De,Es,It,Nl)","冰河世纪2 （欧版） (En,Fr,De,Es,It,Nl)",GBA#1344
gba,Ice Age 2 - The Meltdown (USA),冰河世纪2 （美版）,GBA#1345
gba,"Ice Nine (USA, Europe) (En,Fr,De,Es,It)","冰冻九号 （美版 欧版） (En,Fr,De,Es,It)",GBA#1346
gba,Ignition Collection - Volume 1 (Europe),燃烧合集-系列1 （欧版）,GBA#1347
gba,"Incredibili, Gli - Una 'Normale' Famiglia di Supereroi (Italy)",超人特工队 （意大利版）,GBA#1348
gba,"Incredible Hulk, The (Europe) (En,Fr,De,Es,It)","变相怪杰绿巨人 （欧版） (En,Fr,De,Es,It)",GBA#1349
gba,"Incredible Hulk, The (USA)",变相怪杰绿巨人 （美版）,GBA#1350
gba,"Incredibles, The (Europe) (Fr,Nl)","超人特工队 （欧版） (Fr,Nl)",GBA#1351
gba,"Incredibles, The (USA, Europe)",超人特工队 （美版 欧版）,GBA#1352
gba,"Incredibles, The - Rise of the Underminer (Europe) (En,Fr,De,Es,It,Nl,Pt)","超人特工队 （欧版） (En,Fr,De,Es,It,Nl,Pt)",GBA#1353
gba,"Incredibles, The - Rise of the Underminer (USA, Europe)",超人特工队 （美版 欧版）,GBA#1354
gba,"Increibles, Los (Spain)",超人特工队 （西班牙版）,GBA#1355
gba,Initial D - Another Stage (Japan),头文字D赛车-另一个故事 （日版）,GBA#1356
gba,"Inspector Gadget - Advance Mission (Europe) (En,Fr,De,Es,It,Nl)","神探佳杰特-高级任务 （欧版） (En,Fr,De,Es,It,Nl)",GBA#1357
gba,Inspector Gadget - Advance Mission (USA),神探佳杰特-高级任务 （美版）,GBA#1358
gba,"Inspector Gadget Racing (Europe) (En,Fr,De,Es,It,Nl)","嘎杰特赛车 （欧版） (En,Fr,De,Es,It,Nl)",GBA#1359
gba,International Karate Advanced (Europe),国际空手道大赛 （欧版）,GBA#1360
gba,International Karate Plus (Europe),国际空手道大赛-加强版 （欧版）,GBA#1361
gba,International Karate Plus (USA),国际空手道大赛-加强版 （美版）,GBA#1362
gba,International Superstar Soccer (Europe),国际超级足球赛 （欧版）,GBA#1363
gba,International Superstar Soccer Advance (Europe),国际超级明星足球赛 （欧版）,GBA#1364
gba,Inukko Club (Japan),小狗俱乐部-福丸之大冒险 （日版）,GBA#1365
gba,Inuyasha - Naraku no Wana! Mayoi no Mori no Shoutaijou (Japan),犬夜叉-奈落之圈套迷幻森林之请帖 （日版）,GBA#1366
gba,Invader (Europe),侵略者 （欧版）,GBA#1367
gba,"Invincible Iron Man, The (USA, Europe)",无敌钢铁超人 （美版 欧版）,GBA#1368
gba,iQue Reader (China),神游阅读器 （中国版）,GBA#1369
gba,iQue Video & Audio (China),神游播放器 （中国版）,GBA#1370
gba,"Iridion 3D (USA, Europe)",伊登战机 （美版 欧版）,GBA#1371
gba,"Iridion II (Europe) (En,Fr,De)","伊登战机II （欧版） (En,Fr,De)",GBA#1372
gba,Iridion II (USA),伊登战机II （美版）,GBA#1373
gba,Iron Kid (Korea),钢铁小子 (Korea),GBA#1374
gba,"Island Xtreme Stunts (USA, Europe) (En,Fr,De,Es,It,Nl,Sv,Da)","乐高积木岛极限特技赛车 （美版 欧版） (En,Fr,De,Es,It,Nl,Sv,Da)",GBA#1375
gba,Isseki Hatchou - Kore 1ppon de 8shurui! (Japan),一石八鸟! （日版）,GBA#1376
gba,"It's Mr. Pants (USA, Europe)",内裤先生 （美版 欧版）,GBA#1377
gba,J.League Pocket (Japan),J联盟足球口袋版 （日版）,GBA#1378
gba,J.League Pocket (Japan) (Rev 1),J联盟足球口袋版 （日版） （修正版 1）,GBA#1379
gba,J.League Pocket 2 (Japan),J联盟足球口袋版2 （日版）,GBA#1380
gba,J.League Pro Soccer Club o Tsukurou! Advance (Japan),J联盟足球职业创造球会 （日版）,GBA#1381
gba,J.League Winning Eleven Advance 2002 (Japan),J-联盟足球胜利11人2002 （日版）,GBA#1382
gba,"Jackie Chan Adventures - Legend of the Dark Hand (USA, Europe)",成龙冒险-黑手党传说 （美版 欧版）,GBA#1383
gba,Jajamaru Jr. Denshouki - Jalecolle mo Arisourou (Japan),茶茶丸Jr.传承记 （日版）,GBA#1384
gba,"James Pond - Codename Robocod (Europe) (En,Fr,De,Es,It,Nl,Pt)","詹姆斯庞德-代号Robocod （欧版） (En,Fr,De,Es,It,Nl,Pt)",GBA#1385
gba,"James Pond - Codename Robocod (USA) (En,Fr,Es,Pt)","詹姆斯庞德-代号Robocod （美版） (En,Fr,Es,Pt)",GBA#1386
gba,"Jazz Jackrabbit (USA, Europe)",吵闹的长耳大野兔 （美版 欧版）,GBA#1387
gba,Jet Grind Radio (USA),喷射小子-街头涂鸦 （美版）,GBA#1388
gba,Jet Set Radio (Europe),喷射小子-街头涂鸦 （欧版）,GBA#1389
gba,JGTO Kounin Golf Master - Japan Golf Tour Game (Japan),高尔夫大师 （日版）,GBA#1390
gba,JGTO Kounin Golf Master Mobile - Japan Golf Tour Game (Japan),高尔夫达人 （日版）,GBA#1391
gba,Jikkyou World Soccer Pocket (Japan),实况世界足球口袋版 （日版）,GBA#1392
gba,Jikkyou World Soccer Pocket 2 (Japan),实况世界足球口袋版2 （日版）,GBA#1393
gba,"Jimmy Neutron Boy Genius (Europe) (En,Fr,De,Es)","天才男孩-吉米 （欧版） (En,Fr,De,Es)",GBA#1394
gba,Jimmy Neutron Boy Genius (USA),天才男孩-吉米 （美版）,GBA#1395
gba,Jimmy Neutron un Garcon Genial - L'Attaque des Twonkies (France),天才小子吉米 （法国版）,GBA#1396
gba,Jimmy Neutron vs. Jimmy Negatron (Germany) (Beta),天才男孩吉米中子VS吉米负电子 （德国版） （测试版）,GBA#1397
gba,Jinsei Game Advance (Japan),人生游戏 （日版）,GBA#1398
gba,Jissen Pachi-Slot Hisshouhou! - Juuou Advance (Japan),实战柏青嫂必胜法-兽王A （日版）,GBA#1399
gba,Jisu F-Zero Weilai Saiche (China),神游极速零式未来赛车 （中国版）,GBA#1400
gba,"Jonny Moseley Mad Trix (USA, Europe) (En,Fr,De,Es,It)","强尼·摩斯立之疯狂滑雪 （美版 欧版） (En,Fr,De,Es,It)",GBA#1401
gba,"Juka and the Monophonic Menace (Europe) (En,Fr,De,Es,It)","丘卡和单声的危机 （欧版） (En,Fr,De,Es,It)",GBA#1402
gba,"Juka and the Monophonic Menace (USA) (En,Fr,Es)","丘卡和单声的危机 （美版） (En,Fr,Es)",GBA#1403
gba,"Jungle Book 2, The (Europe) (En,Fr,De,Es,It,Nl)","迪斯尼-丛林之书2 （欧版） (En,Fr,De,Es,It,Nl)",GBA#1404
gba,"Jungle Book, The (USA) (En,Fr,De,Es,It,Nl)","丛林之书 （美版） (En,Fr,De,Es,It,Nl)",GBA#1405
gba,Jurassic Park III - Advanced Action (Japan),侏罗纪公园3高级行动-岛屿的进攻 （日版）,GBA#1406
gba,"Jurassic Park III - Dino Attack (Europe) (En,Fr,De,Es,It)","侏罗纪公园3-岛屿的进攻 （欧版） (En,Fr,De,Es,It)",GBA#1407
gba,Jurassic Park III - Island Attack (USA),侏罗纪公园3高级行动-岛屿的进攻 （美版）,GBA#1408
gba,Jurassic Park III - Kyouryuu ni Ainiikou! (Japan),侏罗纪公园3-公园建设者 （日版）,GBA#1409
gba,"Jurassic Park III - Park Builder (Europe) (En,Fr,De,Es,It)","侏罗纪公园3-公园建设者 （欧版） (En,Fr,De,Es,It)",GBA#1410
gba,Jurassic Park III - Park Builder (USA),侏罗纪公园3-公园建设者 （美版）,GBA#1411
gba,"Jurassic Park III - The DNA Factor (Europe) (En,Fr,De,Es,It)","侏罗纪公园3-DNA基因 （欧版） (En,Fr,De,Es,It)",GBA#1412
gba,Jurassic Park III - The DNA Factor (USA),侏罗纪公园3-DNA基因 （美版）,GBA#1413
gba,Jurassic Park III - Ushinawareta Idenshi (Japan),侏罗纪公园3-DNA基因 （日版）,GBA#1414
gba,Jurassic Park Institute Tour - Dinosaur Rescue (Japan),侏罗纪公园创立旅行 （日版）,GBA#1415
gba,Justice League - Chronicles (USA),正义联盟历代记 （美版）,GBA#1416
gba,"Justice League - Injustice for All (Europe) (En,Fr,De,Es,It)","超人正义联盟 （欧版） (En,Fr,De,Es,It)",GBA#1417
gba,Justice League - Injustice for All (USA),超人正义联盟 （美版）,GBA#1418
gba,Justice League - Injustice for All (USA) (Beta),超人正义联盟 （美版） （测试版）,GBA#1419
gba,"Justice League Heroes - The Flash (Europe) (En,Fr,De,Es,It)","正义联盟英雄-闪光 （欧版） (En,Fr,De,Es,It)",GBA#1420
gba,Justice League Heroes - The Flash (USA),正义联盟英雄-闪光 （美版）,GBA#1421
gba,K-1 Pocket Grand Prix (Japan),K-1口袋格斗大奖赛 （日版）,GBA#1422
gba,K-1 Pocket Grand Prix 2 (Japan),K-1口袋格斗大奖赛2 （日版）,GBA#1423
gba,Kaeru B Back (Japan),青蛙回家 （日版）,GBA#1424
gba,Kaiketsu Zorori to Mahou no Yuuenchi - Ohimesama o Sukue! (Japan),恶作剧王大闹魔法游乐园 （日版）,GBA#1425
gba,Kaisertal - Fight the Necronis War (Europe) (Demo),凯瑟战机 （欧版） （演示版）,GBA#1426
gba,Kamaitachi no Yoru Advance (Japan),恐怖惊魂夜 （日版）,GBA#1427
gba,Kami no Kijutsu - Illusion of the Evil Eyes (Japan),神之记述-邪恶之眼的幻影 （日版）,GBA#1428
gba,"Kao the Kangaroo (Europe) (En,Fr,De,Es,It,Nl)","小小袋鼠闯天关 （欧版） (En,Fr,De,Es,It,Nl)",GBA#1429
gba,"Kao the Kangaroo (USA) (En,Fr,De,Es,It,Nl)","小小袋鼠闯天关 （美版） (En,Fr,De,Es,It,Nl)",GBA#1430
gba,Kappa no Kai-kata - Kaatan Daibouken! (Japan),河童饲育方法-卡堂大冒险 （日版）,GBA#1431
gba,"Karnaaj Rally (USA, Europe)",战斗赛车 （美版 欧版）,GBA#1432
gba,Kawa no Nushi Tsuri 3 & 4 (Japan),河川垂钓3&4 （日版）,GBA#1433
gba,Kawa no Nushi Tsuri 5 - Fushigi no Mori kara (Japan),川钓太郎5 （日版）,GBA#1434
gba,Kawaii Koinu Wonderful (Japan),可爱小狗 （日版）,GBA#1435
gba,Kawaii Pet Game Gallery (Japan),可爱小狗游戏合集 （日版）,GBA#1436
gba,Kawaii Pet Game Gallery 2 (Japan),可爱宠物系列-游戏集锦2 （日版）,GBA#1437
gba,Kawaii Pet Shop Monogatari 3 (Japan),卡哇伊宠物商店物语3 （日版）,GBA#1438
gba,Kaze no Klonoa - Yumemiru Teikoku (Japan),风之克罗帝亚-梦见帝国 （日版）,GBA#1439
gba,Kaze no Klonoa G2 - Dream Champ Tournament (Japan),风之克罗帝亚2 （日版）,GBA#1440
gba,Keitai Denjuu Telefang 2 - Power (Japan),携带电兽2-力量版 （日版）,GBA#1441
gba,Keitai Denjuu Telefang 2 - Speed (Japan),携带电兽2-速度版 （日版）,GBA#1442
gba,"Kelly Slater's Pro Surfer (USA, Europe)",凯利·史雷特职业冲浪 （美版 欧版）,GBA#1443
gba,Keroro Gunsou - Taiketsu! Gekisou Keronprix Daisakusen de Arimasu!! (Japan),库洛洛军曹对决-激走车青蛙大作战!! （日版）,GBA#1444
gba,"Kessaku Sen! - Ganbare Goemon 1, 2 - Yuki Hime to Magginesu (Japan)",杰作选加油伍佑卫门1+2 （日版）,GBA#1445
gba,"Kid Paddle (Europe) (Fr,Nl)","船桨男孩 （欧版） (Fr,Nl)",GBA#1446
gba,Kid's Cards (USA),儿童扑克 （美版）,GBA#1447
gba,Kidou Gekidan Haro Ichiza - Haro no Puyo Puyo (Japan),哈罗之咕噜咕噜砖块 （日版）,GBA#1448
gba,Kidou Senshi Gundam - Seed Destiny (Japan),机动战士高达SEED DESTINY （日版）,GBA#1449
gba,Kidou Senshi Gundam Seed - Tomo to Kimi to Koko de. (Japan),机动战士高达SEED-友情篇 （日版）,GBA#1450
gba,Kidou Tenshi Angelic Layer - Misaki to Yume no Tenshi-tachi (Japan),机动天使领域 （日版）,GBA#1451
gba,Kien (USA) (Proto),基恩 （美版） （工程版）,GBA#1452
gba,Kikaika Guntai - Mech Platoon (Japan),机械化军队 （日版）,GBA#1453
gba,Kiki Kaikai Advance (Japan),奇奇怪界 （日版）,GBA#1454
gba,"Kill Switch (Europe) (En,Fr,De,Es,It)","战地杀机-屠戮开关 （欧版） (En,Fr,De,Es,It)",GBA#1455
gba,Kill Switch (USA),战地杀机-屠戮开关 （美版）,GBA#1456
gba,"Killer 3D Pool (Europe) (En,Fr,De,Es,It)","三维台球杀手 （欧版） (En,Fr,De,Es,It)",GBA#1457
gba,Killer 3D Pool (USA),三维台球杀手 （美版）,GBA#1458
gba,"Kim Possible (Europe) (En,Fr,De,Es)","迪斯尼之麻辣女孩1 （欧版） (En,Fr,De,Es)",GBA#1459
gba,"Kim Possible (Europe) (En,Fr,De,Es) (Rev 1)","迪斯尼之麻辣女孩1 （欧版） (En,Fr,De,Es) （修正版 1）",GBA#1460
gba,Kim Possible (Japan),迪斯尼之麻辣女孩1 （日版）,GBA#1461
gba,Kim Possible - Revenge of Monkey Fist (USA),迪斯尼之麻辣女孩1 （美版）,GBA#1462
gba,"Kim Possible 2 - Drakken's Demise (Europe) (En,Fr,De,Es)","迪斯尼之麻辣女孩2 （欧版） (En,Fr,De,Es)",GBA#1463
gba,"Kim Possible 2 - Drakken's Demise (USA) (En,Fr)","迪斯尼之麻辣女孩2 （美版） (En,Fr)",GBA#1464
gba,"Kim Possible 3 - Team Possible (USA) (En,Fr)","迪斯尼之麻辣女孩3 （美版） (En,Fr)",GBA#1465
gba,"King Kong - The Official Game of the Movie (Europe) (En,Fr,De,Es,It,Nl)","金刚 （欧版） (En,Fr,De,Es,It,Nl)",GBA#1466
gba,"King Kong - The Official Game of the Movie (Europe) (En,Sv,No,Da,Fi)","金刚 （欧版） (En,Sv,No,Da,Fi)",GBA#1467
gba,"King of Fighters EX 2, The - Howling Blood (Europe)",格斗之王EX2-嚎叫的血液 （欧版）,GBA#1468
gba,"King of Fighters EX 2, The - Howling Blood (Japan) (Rev 1)",格斗之王EX2-嚎叫的血液 （日版） （修正版 1）,GBA#1469
gba,"King of Fighters EX 2, The - Howling Blood (USA)",格斗之王EX2-嚎叫的血液 （美版）,GBA#1470
gba,"King of Fighters EX, The - NeoBlood (Europe)",拳皇EX （欧版）,GBA#1471
gba,"King of Fighters EX, The - NeoBlood (Japan)",拳皇EX （日版）,GBA#1472
gba,"King of Fighters EX, The - NeoBlood (Japan) (Beta)",拳皇EX （日版） （测试版）,GBA#1473
gba,"King of Fighters EX, The - NeoBlood (USA)",拳皇EX （美版）,GBA#1474
gba,"King of Fighters EX, The - NeoBlood (USA) (Rev 1)",拳皇EX （美版） （修正版 1）,GBA#1475
gba,"Kingdom Hearts - Chain of Memories (Europe) (En,Fr,De,Es,It)","王国之心-记忆之链 （欧版） (En,Fr,De,Es,It)",GBA#1476
gba,Kingdom Hearts - Chain of Memories (Japan),王国之心-记忆之链 （日版）,GBA#1477
gba,Kingdom Hearts - Chain of Memories (USA),王国之心-记忆之链 （美版）,GBA#1478
gba,Kinniku Banzuke - Kimero! Kiseki no Kanzen Seiha (Japan),筋番付肉 （日版）,GBA#1479
gba,Kinniku Banzuke - Kongou-kun no Daibouken! (Japan),筋番付肉-金刚君的大冒险 （日版）,GBA#1480
gba,Kinnikuman II-Sei - Seigi Choujin e no Michi (Japan),筋肉人Ⅱ世-正义超人之道 （日版）,GBA#1481
gba,"Kirby & The Amazing Mirror (Europe) (En,Fr,De,Es,It)","星之卡比-镜之谜宫 （欧版） (En,Fr,De,Es,It)",GBA#1482
gba,Kirby & The Amazing Mirror (USA),星之卡比-镜之谜宫 （美版）,GBA#1483
gba,Kirby & The Amazing Mirror (USA) (Wii U Virtual Console),星之卡比-镜之谜宫 （美版） (Wii U Virtual Console),GBA#1484
gba,"Kirby - Nightmare in Dream Land (Europe) (En,Fr,De,Es,It)","星之卡比-可怕的梦境 （欧版） (En,Fr,De,Es,It)",GBA#1485
gba,Kirby - Nightmare in Dream Land (USA),星之卡比-可怕的梦境 （美版）,GBA#1486
gba,Kirby - Nightmare in Dream Land (USA) (Wii U Virtual Console),星之卡比-可怕的梦境 （美版） (Wii U Virtual Console),GBA#1487
gba,Kisekko Gurumii - Chesty to Nuigurumi-tachi no Mahou no Bouken (Japan),魔法之冒险 （日版）,GBA#1488
gba,Kiss x Kiss - Seirei Gakuen (Japan),星铃学院 （日版）,GBA#1489
gba,Kiwame Mahjong Deluxe - Mirai Senshi 21 (Japan),究级麻将-未来战士21杯 （日版）,GBA#1490
gba,Klonoa - Empire of Dreams (Europe),风之克罗帝亚-梦见帝国 （欧版）,GBA#1491
gba,Klonoa - Empire of Dreams (USA),风之克罗帝亚-梦见帝国 （美版）,GBA#1492
gba,Klonoa 2 - Dream Champ Tournament (USA),风之克罗帝亚2梦之选手巡回赛 （美版）,GBA#1493
gba,Klonoa 2 - Dream Champ Tournament (USA) (Wii U Virtual Console),风之克罗帝亚2梦之选手巡回赛 （美版） (Wii U Virtual Console),GBA#1494
gba,Klonoa Heroes - Densetsu no Star Medal (Japan),克罗帝亚英雄们-传说的星之徽章 （日版）,GBA#1495
gba,"Knights' Kingdom (Europe) (En,De)","乐高骑士帝国 （欧版） (En,De)",GBA#1496
gba,Knights' Kingdom (USA),乐高骑士帝国 （美版）,GBA#1497
gba,"Koala Brothers - Outback Adventures (Europe) (En,Fr,De,Es,It,Nl,Pt,Da)","考拉兄弟-内陆冒险 （欧版） (En,Fr,De,Es,It,Nl,Pt,Da)",GBA#1498
gba,"Koala Brothers - Outback Adventures (USA) (En,Fr,De,Es,It,Nl,Pt,Da)","考拉兄弟-内陆冒险 （美版） (En,Fr,De,Es,It,Nl,Pt,Da)",GBA#1499
gba,Koinu to Issho - Aijou Monogatari (Japan),爱情物语可爱的宠物小狗 （日版）,GBA#1500
gba,Koinu to Issho 2 (Japan),可爱小狗2 （日版）,GBA#1501
gba,Koinu-chan no Hajimete no Osanpo - Koinu no Kokoro Ikusei Game (Japan),可爱小狗养育计划 （日版）,GBA#1502
gba,Konami Arcade Game Collection (Japan),科拿米精品游戏合集6合一 （日版）,GBA#1503
gba,Konami Collector's Series - Arcade Advanced (USA),科拿米精品游戏合集6合一 （美版）,GBA#1504
gba,"Konami Collector's Series - Arcade Classics (Europe) (En,Fr,De,Es,It)","科拿米精品游戏合集6合一 （欧版） (En,Fr,De,Es,It)",GBA#1505
gba,Konami Krazy Racers (Europe),科纳米疯狂赛车手 （欧版）,GBA#1506
gba,Konami Krazy Racers (USA),科纳米疯狂赛车手 （美版）,GBA#1507
gba,Konami Krazy Racers (USA) (Beta),科纳米疯狂赛车手 （美版） （测试版）,GBA#1508
gba,Konami Wai Wai Racing Advance (Japan),科纳米哇哇赛车 （日版）,GBA#1509
gba,Konchuu Monster - Battle Master (Japan),昆虫怪兽-战斗大师 （日版）,GBA#1510
gba,Konchuu Monster - Battle Stadium (Japan),昆虫怪兽-战斗竞技场 （日版）,GBA#1511
gba,Konchuu no Mori no Daibouken - Fushigi na Sekai no Juunin-tachi (Japan),昆虫之森大冒险 （日版）,GBA#1512
gba,Kong - King of Atlantis (Europe),亚特兰帝斯的金刚 （欧版）,GBA#1513
gba,Kong - King of Atlantis (USA),亚特兰帝斯的金刚 （美版）,GBA#1514
gba,"Kong - The 8th Wonder of the World (USA) (En,Fr,Es)","金刚 （美版） (En,Fr,Es)",GBA#1515
gba,"Kong - The Animated Series (Europe) (En,Fr,De,Es,It,Nl)","金刚之旅 （欧版） (En,Fr,De,Es,It,Nl)",GBA#1516
gba,"Kong - The Animated Series (USA) (En,Fr,De,Es,It,Nl)","金刚之旅 （美版） (En,Fr,De,Es,It,Nl)",GBA#1517
gba,Konjiki no Gashbell!! - Makai no Bookmark (Japan),金色卡修-魔界的书签 （日版）,GBA#1518
gba,Konjiki no Gashbell!! - Unare! Yuujou no Zakeru (Japan),魔界小金毛-共鸣友情的电击 （日版）,GBA#1519
gba,Konjiki no Gashbell!! - Unare! Yuujou no Zakeru 2 (Japan),金色的卡修-友情的电击2 （日版）,GBA#1520
gba,Konjiki no Gashbell!! The Card Battle for GBA (Japan),金色的卡修-卡片战斗 （日版）,GBA#1521
gba,Konjiki no Gashbell!! Yuujou no Zakeru - Dream Tag Tournament (Japan),金色卡修-梦之黑暗锦标赛 （日版）,GBA#1522
gba,Koro Koro Puzzle - Happy Panechu! (Japan),快乐转盘! （日版）,GBA#1523
gba,Kotoba no Puzzle - Mojipittan Advance (Japan),智力拼字A （日版）,GBA#1524
gba,Kouchuu Ouja Mushiking - Greatest Champion e no Michi (Japan),甲虫王国-格莱特斯特冠军之路 （日版）,GBA#1525
gba,Koukou Juken Advance Series Eigo Koubun Hen - 26 Units Shuuroku (Japan),高校受验加强系列-英语构文篇 （日版）,GBA#1526
gba,Koukou Juken Advance Series Eijukugo Hen - 650 Phrases Shuuroku (Japan),高校受验系列-英熟語语篇-650片语收錄 （日版）,GBA#1527
gba,Koukou Juken Advance Series Eitango Hen - 2000 Words Shuuroku (Japan),高校受验加强系列-英语单词篇-2000字-红版 （日版）,GBA#1528
gba,Koutetsu Teikoku from HOT-B (Japan),钢铁帝国 （日版）,GBA#1529
gba,Kunio-kun Nekketsu Collection 1 (Japan),任天堂国夫君热血纪念合集1 （日版）,GBA#1530
gba,Kunio-kun Nekketsu Collection 2 (Japan),任天堂国夫君热血纪念合集2 （日版）,GBA#1531
gba,Kunio-kun Nekketsu Collection 3 (Japan),任天堂国夫君热血纪念合集 （日版）,GBA#1532
gba,Kurohige no Golf Shiyouyo (Japan),黑胡子之大家来打高尔夫-快乐转盘 （日版）,GBA#1533
gba,Kurohige no Kurutto Jintori (Japan),黑胡子之转转碰碰球 （日版）,GBA#1534
gba,Kurukuru Kururin (Europe),滚滚棒 （欧版）,GBA#1535
gba,Kurukuru Kururin (Japan),滚滚棒 （日版）,GBA#1536
gba,Kururin Paradise (Japan),滚滚棒天堂 （日版）,GBA#1537
gba,"Lady Sia (Europe) (En,Fr,De,Es,It,Nl)","女神战士-西雅 （欧版） (En,Fr,De,Es,It,Nl)",GBA#1538
gba,"Lady Sia (USA) (En,Fr,De,Es,It,Nl)","女神战士-西雅 （美版） (En,Fr,De,Es,It,Nl)",GBA#1539
gba,"Land Before Time, The (Europe) (En,Fr,De,Es,It)","小脚走天涯-史前之岛 （欧版） (En,Fr,De,Es,It)",GBA#1540
gba,"Land Before Time, The (USA) (En,Es)","小脚走天涯-史前之岛 （美版） (En,Es)",GBA#1541
gba,"Land Before Time, The - Into the Mysterious Beyond (Europe) (En,Fr,De,Es,It,Nl,Pt,Da)","史前时代-神秘世纪 （欧版） (En,Fr,De,Es,It,Nl,Pt,Da)",GBA#1542
gba,"Land Before Time, The - Into the Mysterious Beyond (USA) (En,Fr,Es)","史前时代-神秘世纪 （美版） (En,Fr,Es)",GBA#1543
gba,"Lara Croft Tomb Raider - Legend (Europe) (En,Fr,De,Es,It)","古墓丽影-传奇 （欧版） (En,Fr,De,Es,It)",GBA#1544
gba,"Lara Croft Tomb Raider - Legend (USA) (En,Fr,De,Es,It)","古墓丽影-传奇 （美版） (En,Fr,De,Es,It)",GBA#1545
gba,"Lara Croft Tomb Raider - The Prophecy (Europe) (En,Fr,De,Es,It)","古墓丽影-预言 （欧版） (En,Fr,De,Es,It)",GBA#1546
gba,Lara Croft Tomb Raider - The Prophecy (Japan),古墓丽影-预言 （日版）,GBA#1547
gba,"Lara Croft Tomb Raider - The Prophecy (USA) (En,Fr,De,Es,It)","古墓丽影-预言 （美版） (En,Fr,De,Es,It)",GBA#1548
gba,"Lea - Passion Veterinaire (France) (En,Fr)","我的马场 （法国版） (En,Fr)",GBA#1549
gba,Legend of Dynamic Goushouden - Houkai no Rondo (Japan),豪翔传-崩界的轮舞曲 （日版）,GBA#1550
gba,"Legend of Spyro, The - A New Beginning (Europe) (En,Fr,De,Es,It,Nl)","斯派罗传说-新的开始 （欧版） (En,Fr,De,Es,It,Nl)",GBA#1551
gba,"Legend of Spyro, The - A New Beginning (USA)",斯派罗传说-新的开始 （美版）,GBA#1552
gba,"Legend of Spyro, The - The Eternal Night (Europe) (En,Fr,De,Es,It,Nl)","斯派罗传说-无尽之夜 （欧版） (En,Fr,De,Es,It,Nl)",GBA#1553
gba,"Legend of Spyro, The - The Eternal Night (USA) (En,Fr)","斯派罗传说-无尽之夜 （美版） (En,Fr)",GBA#1554
gba,"Legend of Zelda, The - A Link to the Past & Four Swords (Europe) (En,Fr,De,Es,It)","塞尔达传说-时空隧道 （欧版） (En,Fr,De,Es,It)",GBA#1555
gba,"Legend of Zelda, The - A Link to the Past & Four Swords (USA)",塞尔达传说-时空隧道 （美版）,GBA#1556
gba,"Legend of Zelda, The - The Minish Cap (Europe) (En,Fr,De,Es,It)","塞尔达传说-缩小帽 （欧版） (En,Fr,De,Es,It)",GBA#1557
gba,"Legend of Zelda, The - The Minish Cap (USA)",塞尔达传说-缩小帽 （美版）,GBA#1558
gba,"Legend of Zelda, The - The Minish Cap (USA) (Demo) (Kiosk)",塞尔达传说-缩小帽 （美版） （演示版） （商店演示版）,GBA#1559
gba,"Legends of Wrestling II (USA, Europe)",摔跤传说2 （美版 欧版）,GBA#1560
gba,Legendz - Buhwarhaneun Siryeonyi Seom (Korea),苏生龙王新传说 (Korea),GBA#1561
gba,Legendz - Sign of Nekuromu (Japan),苏生龙王传说 （日版）,GBA#1562
gba,Legendz - Yomigaeru Shiren no Shima (Japan),军团-苏醒的试练之岛 （日版）,GBA#1563
gba,"LEGO Bionicle (Europe) (En,Fr,De,Es,It,Nl,Sv,Da)","乐高荒岛冒险 （欧版） (En,Fr,De,Es,It,Nl,Sv,Da)",GBA#1564
gba,"LEGO Bionicle (USA) (En,Fr)","乐高荒岛冒险 （美版） (En,Fr)",GBA#1565
gba,"LEGO Island 2 - The Brickster's Revenge (Europe) (En,Fr,De,Es,It,Nl,Sv,Da)","乐高积木岛2 （欧版） (En,Fr,De,Es,It,Nl,Sv,Da)",GBA#1566
gba,"LEGO Island 2 - The Brickster's Revenge (USA) (En,Fr)","乐高积木岛2 （美版） (En,Fr)",GBA#1567
gba,LEGO Racers 2 (Europe) (Beta),乐高赛车手2 （欧版） （测试版）,GBA#1568
gba,"LEGO Racers 2 (Europe) (En,Fr,De,Es,It,Nl,Sv,Da)","乐高赛车手2 （欧版） (En,Fr,De,Es,It,Nl,Sv,Da)",GBA#1569
gba,"LEGO Racers 2 (USA) (En,Fr)","乐高赛车手2 （美版） (En,Fr)",GBA#1570
gba,"LEGO Soccer Mania (USA, Europe) (En,Fr,De,Es,It,Nl,Sv,Da)","乐高疯狂足球 （美版 欧版） (En,Fr,De,Es,It,Nl,Sv,Da)",GBA#1571
gba,LEGO Star Wars - The Video Game (Japan),乐高星球大战 （日版）,GBA#1572
gba,"LEGO Star Wars - The Video Game (USA, Europe) (En,Fr,De,Es,It,Nl,Da)","乐高星球大战 （美版 欧版） (En,Fr,De,Es,It,Nl,Da)",GBA#1573
gba,"LEGO Star Wars II - The Original Trilogy (Europe) (En,Fr,De,Es,It,Da)","乐高星球大战 （欧版） (En,Fr,De,Es,It,Da)",GBA#1574
gba,LEGO Star Wars II - The Original Trilogy (USA),乐高星球大战 （美版）,GBA#1575
gba,Lemony Snicket - Raetselhafte Ereignisse (Germany),雷蒙·斯尼奇的不幸历险 （德国版）,GBA#1576
gba,Lemony Snicket - Una Serie di Sfortunati Eventi (Italy),雷蒙·斯尼奇的不幸历险 （意大利版）,GBA#1577
gba,"Lemony Snicket's A Series of Unfortunate Events (Europe) (Fr,Es)","雷蒙·斯尼奇的不幸历险 （欧版） (Fr,Es)",GBA#1578
gba,"Lemony Snicket's A Series of Unfortunate Events (USA, Europe)",雷蒙·斯尼奇的不幸历险 （美版 欧版）,GBA#1579
gba,Let's Ride! - Dreamer (USA),马场生活 （美版）,GBA#1580
gba,Let's Ride! - Friends Forever (USA),一起去骑马-永远的朋友 （美版）,GBA#1581
gba,Let's Ride! - Sunshine Stables (USA),阳光小马棚 （美版）,GBA#1582
gba,Licca-chan no Oshare Nikki (Japan),莉卡的时尚化妆日记 （日版）,GBA#1583
gba,Lilliput Oukoku - Lillimoni to Issho Puni! (Japan),小人国游记 （日版）,GBA#1584
gba,"Lilo & Stitch (Europe) (En,Fr,De,Es,It,Nl)","迪斯尼星际宝贝1 （欧版） (En,Fr,De,Es,It,Nl)",GBA#1585
gba,"Lilo & Stitch (Europe) (En,Fr,De,Es,It,Nl) (Rev 1)","迪斯尼星际宝贝1 （欧版） (En,Fr,De,Es,It,Nl) （修正版 1）",GBA#1586
gba,Lilo & Stitch (Japan),迪斯尼星际宝贝1 （日版）,GBA#1587
gba,Lilo & Stitch (USA),迪斯尼星际宝贝1 （美版）,GBA#1588
gba,"Lilo & Stitch 2 (Europe) (En,Fr,De,Es)","迪斯尼星际宝贝2 （欧版） (En,Fr,De,Es)",GBA#1589
gba,Lilo & Stitch 2 - Haemsterviel Havoc (USA),迪斯尼星际宝贝2 （美版）,GBA#1590
gba,"Lion King 1 1-2, The (USA)",迪斯尼狮子王1.5 （美版）,GBA#1591
gba,"Lion King, The (Europe) (En,Fr,De,Es,It,Nl,Sv,Da)","迪斯尼狮子王 （欧版） (En,Fr,De,Es,It,Nl,Sv,Da)",GBA#1592
gba,Little Buster Q (Japan),小小克星巨人 （日版）,GBA#1593
gba,Little Einsteins (USA),小爱因斯坦 （美版）,GBA#1594
gba,"Little League Baseball 2002 (USA) (En,Es)","小型棒球联赛2002 （美版） (En,Es)",GBA#1595
gba,"Little Mermaid, The - Magic in Two Kingdoms (USA, Europe) (En,Fr,De,Es,It)","小美人鱼 （美版 欧版） (En,Fr,De,Es,It)",GBA#1596
gba,Little Patissier - Cake no Oshiro (Japan),小西点-蛋糕之城 （日版）,GBA#1597
gba,"Lizzie McGuire (Europe) (En,Fr,De,Es)","平民天后 （欧版） (En,Fr,De,Es)",GBA#1598
gba,Lizzie McGuire - On the Go! (USA),平民天后! （美版）,GBA#1599
gba,"Lizzie McGuire 2 - Lizzie Diaries (USA) (En,Fr)","平民天后2 （美版） (En,Fr)",GBA#1600
gba,Lizzie McGuire 3 - Homecoming Havoc (USA),平民天后3-浩劫归来 （美版）,GBA#1601
gba,Lode Runner (Japan),淘金人 （日版）,GBA#1602
gba,"Looney Tunes - Back in Action (USA, Europe) (En,Fr,De,Es,It)","华纳明星总动员 （美版 欧版） (En,Fr,De,Es,It)",GBA#1603
gba,Looney Tunes Double Pack (Europe),乐一通游戏合集 （欧版）,GBA#1604
gba,Looney Tunes Double Pack (USA),乐一通游戏合集 （美版）,GBA#1605
gba,"Lord of the Rings, The - Futatsu no Tou (Japan)",指环王-双塔 （日版）,GBA#1606
gba,"Lord of the Rings, The - Nakatsukuni Daisanki (Japan)",指环王-第三纪 （日版）,GBA#1607
gba,"Lord of the Rings, The - Ou no Kikan (Japan)",指环王-王者归来 （日版）,GBA#1608
gba,"Lord of the Rings, The - The Fellowship of the Ring (Europe) (En,Fr,De,Es,It)","指环王-魔戒现身 （欧版） (En,Fr,De,Es,It)",GBA#1609
gba,"Lord of the Rings, The - The Fellowship of the Ring (USA)",指环王-魔戒现身 （美版）,GBA#1610
gba,"Lord of the Rings, The - The Fellowship of the Ring (USA) (Rev 1)",指环王-魔戒现身 （美版） （修正版 1）,GBA#1611
gba,"Lord of the Rings, The - The Return of the King (USA, Europe) (En,Fr,De,Es,It)","指环王-王者归临 （美版 欧版） (En,Fr,De,Es,It)",GBA#1612
gba,"Lord of the Rings, The - The Third Age (USA, Europe) (En,Fr,De,Es,It)","指环王-第三纪 （美版 欧版） (En,Fr,De,Es,It)",GBA#1613
gba,"Lord of the Rings, The - The Two Towers (USA, Europe) (En,Fr,De,Es,It,Nl)","指环王-双塔 （美版 欧版） (En,Fr,De,Es,It,Nl)",GBA#1614
gba,"Lost Vikings, The (Europe) (En,Fr,De,Es)","失落的维京人 （欧版） (En,Fr,De,Es)",GBA#1615
gba,"Lost Vikings, The (USA)",失落的维京人 （美版）,GBA#1616
gba,Love Hina Advance - Shukufuku no Kane wa Naru Kana (Japan),纯情房东俏房客-祝福之钟声 （日版）,GBA#1617
gba,Lu-Hai-Kong Dazhan (China) (Proto),陆海空大战 （中国版） （工程版）,GBA#1618
gba,"Lucky Luke - Wanted! (Europe) (En,Fr,De,Es,It,Nl)","幸运枪手路克-通缉犯 （欧版） (En,Fr,De,Es,It,Nl)",GBA#1619
gba,Lufia - The Ruins of Lore (USA),沉默的遗迹-四狂神战记外传 （美版）,GBA#1620
gba,Lunar Legend (Japan),银河之星-露娜传奇 （日版）,GBA#1621
gba,Lunar Legend (USA),银河之星-露娜传奇 （美版）,GBA#1622
gba,M&M's - Blast! (USA),M&M's巧克力旋风 （美版）,GBA#1623
gba,M&M's - Break' Em (USA) (Rev 1),M&M方块 （美版） （修正版 1）,GBA#1624
gba,Madagascar (Europe),马达加斯加 （欧版）,GBA#1625
gba,"Madagascar (Europe) (Fr,De,Pt)","马达加斯加 （欧版） (Fr,De,Pt)",GBA#1626
gba,Madagascar (Italy),马达加斯加 （意大利版）,GBA#1627
gba,Madagascar (Japan),马达加斯加 （日版）,GBA#1628
gba,Madagascar (Netherlands),马达加斯加 （荷兰版）,GBA#1629
gba,Madagascar (Spain),马达加斯加 （西班牙版）,GBA#1630
gba,Madagascar (USA),马达加斯加 （美版）,GBA#1631
gba,Madagascar - Operacion Pinguino (Spain),马达加斯加 （西班牙版）,GBA#1632
gba,Madagascar - Operation Penguin (Europe),马达加斯加 （欧版）,GBA#1633
gba,"Madagascar - Operation Penguin (Europe) (Fr,De)","马达加斯加 （欧版） (Fr,De)",GBA#1634
gba,"Madagascar - Operation Penguin (Europe) (It,Nl)","马达加斯加 （欧版） (It,Nl)",GBA#1635
gba,Madagascar - Operation Penguin (USA),马达加斯加 （美版）,GBA#1636
gba,Madden NFL 06 (USA),NFL橄榄球2006 （美版）,GBA#1637
gba,Madden NFL 07 (USA),疯狂橄榄球2007 （美版）,GBA#1638
gba,Madden NFL 2002 (USA),马顿橄榄球2002 （美版）,GBA#1639
gba,Madden NFL 2003 (USA),NFL橄榄球2003 （美版）,GBA#1640
gba,Madden NFL 2004 (USA),美式橄榄球2004 （美版）,GBA#1641
gba,Madden NFL 2005 (USA),NFL橄榄球2005 （美版）,GBA#1642
gba,Made in Wario (Japan),瓦里奥制造 （日版）,GBA#1643
gba,"Made in Wario (Japan) (Demo) (Kiosk, GameCube)","瓦里奥制造 （日版） （演示版） (Kiosk, GameCube)",GBA#1644
gba,Made in Wario (Japan) (Wii U Virtual Console),瓦里奥制造 （日版） (Wii U Virtual Console),GBA#1645
gba,MAER Heaven - Knockin' on Heaven's Door (Japan),敲击天堂之门 （日版）,GBA#1646
gba,Magi Nation (Japan),指轮传奇 （日版）,GBA#1647
gba,Magical Houshin (Japan),魔法封神 （日版）,GBA#1648
gba,"Magical Quest 2 Starring Mickey & Minnie (Europe) (En,Fr,De)","迪斯尼的米奇老鼠2 （欧版） (En,Fr,De)",GBA#1649
gba,"Magical Quest 2 Starring Mickey & Minnie (USA) (En,Fr,De)","迪斯尼的米奇老鼠2 （美版） (En,Fr,De)",GBA#1650
gba,"Magical Quest 3 Starring Mickey & Donald (Europe) (En,Fr,De)","迪斯尼米老鼠&唐老鸭3 （欧版） (En,Fr,De)",GBA#1651
gba,"Magical Quest 3 Starring Mickey & Donald (USA) (En,Fr,De)","迪斯尼米老鼠&唐老鸭3 （美版） (En,Fr,De)",GBA#1652
gba,"Magical Quest Starring Mickey & Minnie (Europe) (En,Fr,De,Es,It)","迪斯尼的米奇老鼠 （欧版） (En,Fr,De,Es,It)",GBA#1653
gba,Magical Quest Starring Mickey & Minnie (USA),迪斯尼的米奇老鼠 （美版）,GBA#1654
gba,Magical Vacation (Japan),魔法假期 （日版）,GBA#1655
gba,Mahjong Keiji (Japan),麻雀刑事 （日版）,GBA#1656
gba,Mahou no Pumpkin - Ann to Greg no Daibouken (Japan),魔法南瓜头 （日版）,GBA#1657
gba,Mahou Sensei Negima! - Private Lesson - Damedesuu Toshokan-jima (Japan),魔法先生-图书馆岛 （日版）,GBA#1658
gba,Mahou Sensei Negima! - Private Lesson 2 - Ojamashimasuu Parasite de Chuu (Japan),魔法老师涅吉!-私人授课2 （日版）,GBA#1659
gba,Mail de Cute (Japan),可爱的邮递员 （日版）,GBA#1660
gba,Majesco's Sports Pack (Europe),Majesco运动3合1 （欧版）,GBA#1661
gba,Majesco's Sports Pack (USA),Majesco运动3合1 （美版）,GBA#1662
gba,Majokko Cream-chan no Gokko Series 1 - Wannyan Idol Gakuen (Japan),汪仔偶像学园 （日版）,GBA#1663
gba,Majokko Cream-chan no Gokko Series 2 - Kisekae Angel (Japan),换装天使 （日版）,GBA#1664
gba,Maliou Kadingche - Chaoji Saidao (China) (Proto),马里奥卡丁车 超级赛道 （中国版） （工程版）,GBA#1665
gba,Maliou Yu Luyiji RPG (China) (Proto),马里奥与路奇RPG （中国版） （工程版）,GBA#1666
gba,Mandrake the Magician (Italy) (Proto),魔术师曼德 （意大利版） （工程版）,GBA#1667
gba,Manga-ka Debut Monogatari (Japan),漫画家物语 （日版）,GBA#1668
gba,Manga-ka Debut Monogatari (Japan) (Rev 1),漫画家物语 （日版） （修正版 1）,GBA#1669
gba,"Maniac Racers Advance (Europe) (En,Fr,De,Es,It)","疯狂越野摩托车 （欧版） (En,Fr,De,Es,It)",GBA#1670
gba,"Manic Miner (Europe) (En,Fr,De,Es,It)","疯狂矿工 （欧版） (En,Fr,De,Es,It)",GBA#1671
gba,"March of the Penguins (Europe) (En,Fr,De,Es,It)","帝企鹅日记 （欧版） (En,Fr,De,Es,It)",GBA#1672
gba,March of the Penguins (USA),帝企鹅日记 （美版）,GBA#1673
gba,"Marie, Elie & Anis no Atelier - Soyokaze kara no Dengon (Japan)",炼金术士玛丽艾莉&安丝的工作室-风之传言 （日版）,GBA#1674
gba,"Mario & Luigi - Superstar Saga (Europe) (En,Fr,De,Es,It)","马里奥与路易RPG （欧版） (En,Fr,De,Es,It)",GBA#1675
gba,"Mario & Luigi - Superstar Saga (Europe) (En,Fr,De,Es,It) (Wii U Virtual Console)","马里奥与路易RPG （欧版） (En,Fr,De,Es,It) (Wii U Virtual Console)",GBA#1676
gba,Mario & Luigi - Superstar Saga (USA),马里奥与路易RPG （美版）,GBA#1677
gba,Mario & Luigi - Superstar Saga (USA) (Demo) (Kiosk),马里奥与路易RPG （美版） （演示版） （商店演示版）,GBA#1678
gba,Mario & Luigi - Superstar Saga (USA) (Wii U Virtual Console),马里奥与路易RPG （美版） (Wii U Virtual Console),GBA#1679
gba,Mario & Luigi RPG (Japan),马里奥与路易RPG （日版）,GBA#1680
gba,Mario Golf - Advance Tour (Australia),马里奥高尔夫巡回赛 （澳洲版）,GBA#1681
gba,Mario Golf - Advance Tour (Europe),马里奥高尔夫巡回赛 （欧版）,GBA#1682
gba,Mario Golf - Advance Tour (Europe) (Wii U Virtual Console),马里奥高尔夫巡回赛 （欧版） (Wii U Virtual Console),GBA#1683
gba,Mario Golf - Advance Tour (France),马里奥高尔夫巡回赛 （法国版）,GBA#1684
gba,Mario Golf - Advance Tour (Germany),马里奥高尔夫巡回赛 （德国版）,GBA#1685
gba,Mario Golf - Advance Tour (Italy),马里奥高尔夫巡回赛 （意大利版）,GBA#1686
gba,Mario Golf - Advance Tour (Spain),马里奥高尔夫巡回赛 （西班牙版）,GBA#1687
gba,Mario Golf - Advance Tour (USA),马里奥高尔夫巡回赛 （美版）,GBA#1688
gba,Mario Golf - GBA Tour (Japan),马里奥高尔夫巡回赛 （日版）,GBA#1689
gba,Mario Kart - Double Dash!! (USA) (Fire Emblem GBA - Bonus Items),马力欧卡丁车 双重冲击 （美版） (Fire Emblem GBA - Bonus Items),GBA#1690
gba,Mario Kart - Super Circuit (Europe),马里奥赛车超级巡回赛 （欧版）,GBA#1691
gba,Mario Kart - Super Circuit (Europe) (Wii U Virtual Console),马里奥赛车超级巡回赛 （欧版） (Wii U Virtual Console),GBA#1692
gba,Mario Kart - Super Circuit (USA),马里奥赛车超级巡回赛 （美版）,GBA#1693
gba,Mario Kart - Super Circuit (USA) (Wii U Virtual Console),马里奥赛车超级巡回赛 （美版） (Wii U Virtual Console),GBA#1694
gba,Mario Kart Advance (Japan),马里奥赛车A超级巡回赛 （日版）,GBA#1695
gba,Mario Kart Advance (Japan) (3DS Virtual Console),马里奥赛车A超级巡回赛 （日版） (3DS Virtual Console),GBA#1696
gba,Mario Kart Advance (Japan) (Wii U Virtual Console),马里奥赛车A超级巡回赛 （日版） (Wii U Virtual Console),GBA#1697
gba,"Mario Party Advance (Europe) (En,Fr,De,Es,It)","马里奥聚会 （欧版） (En,Fr,De,Es,It)",GBA#1698
gba,Mario Party Advance (Japan),马里奥聚会 （日版）,GBA#1699
gba,Mario Party Advance (Japan) (Wii U Virtual Console),马里奥聚会 （日版） (Wii U Virtual Console),GBA#1700
gba,Mario Party Advance (USA),马里奥聚会 （美版）,GBA#1701
gba,Mario Party Advance (USA) (Wii U Virtual Console),马里奥聚会 （美版） (Wii U Virtual Console),GBA#1702
gba,"Mario Pinball Land (USA) (Kiosk, GameCube)","马里奥弹珠台 （美版） (Kiosk, GameCube)",GBA#1703
gba,"Mario Pinball Land (USA, Australia)",马里奥弹珠台 （美版 澳洲版）,GBA#1704
gba,"Mario Power Tennis (Europe) (En,Fr,De,Es,It)","马里奥网球 （欧版） (En,Fr,De,Es,It)",GBA#1705
gba,"Mario Tennis - Power Tour (USA) (En,Fr,De,Es,It) (Wii U Virtual Console)","马里奥网球 （美版） (En,Fr,De,Es,It) (Wii U Virtual Console)",GBA#1706
gba,"Mario Tennis - Power Tour (USA, Australia) (En,Fr,De,Es,It)","马里奥网球 （美版 澳洲版） (En,Fr,De,Es,It)",GBA#1707
gba,Mario Tennis Advance (Japan),马里奥网球A （日版）,GBA#1708
gba,"Mario vs. Donkey Kong (Europe) (En,Fr,De,Es,It)","马里奥VS大金刚 （欧版） (En,Fr,De,Es,It)",GBA#1709
gba,Mario vs. Donkey Kong (Japan),马里奥VS大金刚 （日版）,GBA#1710
gba,"Mario vs. Donkey Kong (USA) (Demo) (Kiosk, GameCube)","马里奥VS大金刚 （美版） （演示版） (Kiosk, GameCube)",GBA#1711
gba,"Mario vs. Donkey Kong (USA, Australia)",马里奥VS大金刚 （美版 澳洲版）,GBA#1712
gba,"Marvel - Ultimate Alliance (Europe) (En,It)","漫画英雄终极联盟 （欧版） (En,It)",GBA#1713
gba,Marvel - Ultimate Alliance (USA),漫画英雄终极联盟 （美版）,GBA#1714
gba,"Mary-Kate and Ashley - Girls Night Out (USA, Europe)",玛莉·凯特和艾希莉-外出的夜晚 （美版 欧版）,GBA#1715
gba,"Mary-Kate and Ashley - Sweet 16 - Licensed to Drive (USA, Europe)",玛丽·凯特和艾希莉-甜蜜车16 （美版 欧版）,GBA#1716
gba,Masters of the Universe - He-Man - Power of Grayskull (USA),宇宙人希曼-灰色头骨的力量 （美版）,GBA#1717
gba,"Mat Hoffman's Pro BMX (Europe) (Fr,De)","马特·霍夫曼-自行车越野赛 （欧版） (Fr,De)",GBA#1718
gba,"Mat Hoffman's Pro BMX (USA, Europe)",马特·霍夫曼-自行车越野赛 （美版 欧版）,GBA#1719
gba,"Mat Hoffman's Pro BMX 2 (USA, Europe)",马特·霍夫曼的自行车越野赛2 （美版 欧版）,GBA#1720
gba,Matantei Loki Ragnarok - Gensou no Labyrinth (Japan),魔法侦探传奇-幻想之魔境 （日版）,GBA#1721
gba,Matantei Loki Ragnarok - Gensou no Labyrinth (Japan) (Rev 1),魔法侦探传奇-幻想之魔境 （日版） （修正版 1）,GBA#1722
gba,Matchbox Cross Town Heroes (Europe),城市救火英雄车 （欧版）,GBA#1723
gba,Matchbox Cross Town Heroes (USA),城市救火英雄车 （美版）,GBA#1724
gba,Math Patrol - The Kleptoid Threat (USA),算术侦察飞机队 （美版）,GBA#1725
gba,Mawaru - Made in Wario (Japan),旋转瓦里奥 （日版）,GBA#1726
gba,Max Payne (USA),英雄本色-马克思·佩恩 （美版）,GBA#1727
gba,"Max Payne Advance (Europe) (En,Fr,De)","英雄本色-马克思·佩恩 （欧版） (En,Fr,De)",GBA#1728
gba,"Maya the Bee - Sweet Gold (Europe) (En,Fr,De,Es,It)","小蜜蜂玛雅-甜美的黄金 （欧版） (En,Fr,De,Es,It)",GBA#1729
gba,"Maya the Bee - The Great Adventure (Europe) (En,Fr,De,Es,It)","玛雅蜜蜂-伟大的冒险 （欧版） (En,Fr,De,Es,It)",GBA#1730
gba,"Mazes of Fate (USA) (En,Fr,De,Es,It)","迷宫的圣杯 （美版） (En,Fr,De,Es,It)",GBA#1731
gba,"Mech Platoon (Europe) (En,Fr,De,Es,It)","机械化部队 （欧版） (En,Fr,De,Es,It)",GBA#1732
gba,Mech Platoon (USA),机械化部队 （美版）,GBA#1733
gba,Medabots - Metabee (Europe),金属机器人大战-蓝蜂版 （欧版）,GBA#1734
gba,Medabots - Metabee (Spain),金属机器人大战-蓝蜂版 （西班牙版）,GBA#1735
gba,Medabots - Metabee (USA),金属机器人大战-蓝蜂版 （美版）,GBA#1736
gba,Medabots - Metabee (USA) (Wii U Virtual Console),金属机器人大战-蓝蜂版 （美版） (Wii U Virtual Console),GBA#1737
gba,Medabots - Rokusho (Europe),金属机器人大战-六书版 （欧版）,GBA#1738
gba,Medabots - Rokusho (Spain),金属机器人大战-六书版 （西班牙版）,GBA#1739
gba,Medabots - Rokusho (USA),金属机器人大战-六书版 （美版）,GBA#1740
gba,"Medabots AX - Metabee Ver. (Europe) (En,Fr,De,Es,It)","金属机器人大战AX-六书版 （欧版） (En,Fr,De,Es,It)",GBA#1741
gba,Medabots AX - Metabee Ver. (USA),金属机器人大战AX-六书版 （美版）,GBA#1742
gba,"Medabots AX - Rokusho Ver. (Europe) (En,Fr,De,Es,It)","金属机器人大战AX-六书版 （欧版） (En,Fr,De,Es,It)",GBA#1743
gba,Medabots AX - Rokusho Ver. (USA),金属机器人大战AX-六书版 （美版）,GBA#1744
gba,"Medal of Honor - Infiltrator (USA, Europe) (En,Fr,De)","荣誉勋章-渗透者 （美版 欧版） (En,Fr,De)",GBA#1745
gba,"Medal of Honor - Underground (Europe) (En,Fr,Es,It) (Ubi Soft)","荣誉勋章 （欧版） (En,Fr,Es,It) (Ubi Soft)",GBA#1746
gba,"Medal of Honor - Underground (Europe) (En,Fr,Es,It) (Zoo Digital)","荣誉勋章 （欧版） (En,Fr,Es,It) (Zoo Digital)",GBA#1747
gba,Medal of Honor - Underground (USA),荣誉勋章 （美版）,GBA#1748
gba,Medal of Honor Advance (Japan),荣誉勋章-渗透者 （日版）,GBA#1749
gba,Medarot G - Kabuto (Japan),金属机器人G-甲冑版 （日版）,GBA#1750
gba,Medarot G - Kuwagata (Japan),金属机器人G-锹型虫版 （日版）,GBA#1751
gba,Medarot Navi - Kabuto (Japan),金属机器人大战-甲胄版 （日版）,GBA#1752
gba,Medarot Navi - Kuwagata (Japan),金属机器人大战-锹型虫版 （日版）,GBA#1753
gba,Medarot Ni Core - Kabuto (Japan),金属机械器人2-甲冑版 （日版）,GBA#1754
gba,Medarot Ni Core - Kabuto (Japan) (Rev 1),金属机械器人2-甲冑版 （日版） （修正版 1）,GBA#1755
gba,Medarot Ni Core - Kuwagata (Japan),金属机械器人2-甲冑版 （日版）,GBA#1756
gba,"Meet the Robinsons (Europe) (En,Fr,De,Es,It,Nl)","拜访鲁宾逊一家 （欧版） (En,Fr,De,Es,It,Nl)",GBA#1757
gba,Meet the Robinsons (USA),拜访鲁宾逊一家 （美版）,GBA#1758
gba,Mega Man & Bass (Europe),洛克人&佛鲁迪 （欧版）,GBA#1759
gba,Mega Man & Bass (USA),洛克人&佛鲁迪 （美版）,GBA#1760
gba,Mega Man & Bass (USA) (Wii U Virtual Console),洛克人&佛鲁迪 （美版） (Wii U Virtual Console),GBA#1761
gba,Mega Man Battle Chip Challenge (Europe),洛克人EXE战斗芯片锦标赛 （欧版）,GBA#1762
gba,Mega Man Battle Chip Challenge (Europe) (Wii U Virtual Console),洛克人EXE战斗芯片锦标赛 （欧版） (Wii U Virtual Console),GBA#1763
gba,Mega Man Battle Chip Challenge (USA),洛克人EXE战斗芯片锦标赛 （美版）,GBA#1764
gba,Mega Man Battle Chip Challenge (USA) (Wii U Virtual Console),洛克人EXE战斗芯片锦标赛 （美版） (Wii U Virtual Console),GBA#1765
gba,Mega Man Battle Network (Europe),洛克人-网络战斗EXE1 （欧版）,GBA#1766
gba,Mega Man Battle Network (Europe) (Wii U Virtual Console),洛克人-网络战斗EXE1 （欧版） (Wii U Virtual Console),GBA#1767
gba,Mega Man Battle Network (USA),洛克人-网络战斗EXE1 （美版）,GBA#1768
gba,Mega Man Battle Network (USA) (Wii U Virtual Console),洛克人-网络战斗EXE1 （美版） (Wii U Virtual Console),GBA#1769
gba,Mega Man Battle Network 2 (Europe),洛克人网络大战EXE2 （欧版）,GBA#1770
gba,Mega Man Battle Network 2 (USA),洛克人网络大战EXE2 （美版）,GBA#1771
gba,Mega Man Battle Network 2 (USA) (Debug Version),洛克人网络大战EXE2 （美版） （调试版）,GBA#1772
gba,"Mega Man Battle Network 2 (USA, Europe) (Wii U Virtual Console)",洛克人网络大战EXE2 （美版 欧版） (Wii U Virtual Console),GBA#1773
gba,Mega Man Battle Network 3 - Blue (Europe),洛克人战斗网络EXE3-蓝版 （欧版）,GBA#1774
gba,Mega Man Battle Network 3 - Blue (Europe) (Wii U Virtual Console),洛克人战斗网络EXE3-蓝版 （欧版） (Wii U Virtual Console),GBA#1775
gba,Mega Man Battle Network 3 - Blue Version (USA),洛克人战斗网络EXE3-蓝版 （美版）,GBA#1776
gba,Mega Man Battle Network 3 - Blue Version (USA) (Wii U Virtual Console),洛克人战斗网络EXE3-蓝版 （美版） (Wii U Virtual Console),GBA#1777
gba,Mega Man Battle Network 3 - White (Europe),洛克人战斗网络EXE3-白版 （欧版）,GBA#1778
gba,Mega Man Battle Network 3 - White (Europe) (Wii U Virtual Console),洛克人战斗网络EXE3-白版 （欧版） (Wii U Virtual Console),GBA#1779
gba,Mega Man Battle Network 3 - White Version (USA),洛克人战斗网络EXE3-蓝版 （美版）,GBA#1780
gba,Mega Man Battle Network 3 - White Version (USA) (Wii U Virtual Console),洛克人战斗网络EXE3-蓝版 （美版） (Wii U Virtual Console),GBA#1781
gba,Mega Man Battle Network 4 - Blue Moon (Europe),洛克人战斗网络EXE4-蓝月亮 （欧版）,GBA#1782
gba,Mega Man Battle Network 4 - Blue Moon (Europe) (Wii U Virtual Console),洛克人战斗网络EXE4-蓝月亮 （欧版） (Wii U Virtual Console),GBA#1783
gba,Mega Man Battle Network 4 - Blue Moon (USA),洛克人战斗网络EXE4-蓝月亮 （美版）,GBA#1784
gba,Mega Man Battle Network 4 - Blue Moon (USA) (Wii U Virtual Console),洛克人战斗网络EXE4-蓝月亮 （美版） (Wii U Virtual Console),GBA#1785
gba,Mega Man Battle Network 4 - Red Sun (Europe),洛克人战斗网络EXE4-红太阳 （欧版）,GBA#1786
gba,Mega Man Battle Network 4 - Red Sun (Europe) (Wii U Virtual Console),洛克人战斗网络EXE4-红太阳 （欧版） (Wii U Virtual Console),GBA#1787
gba,Mega Man Battle Network 4 - Red Sun (USA),洛克人战斗网络EXE4-红太阳 （美版）,GBA#1788
gba,Mega Man Battle Network 4 - Red Sun (USA) (Wii U Virtual Console),洛克人战斗网络EXE4-红太阳 （美版） (Wii U Virtual Console),GBA#1789
gba,Mega Man Battle Network 5 - Team Colonel (Europe),洛克人网络战斗5-卡奈尔之队 （欧版）,GBA#1790
gba,Mega Man Battle Network 5 - Team Colonel (Europe) (Wii U Virtual Console),洛克人网络战斗5-卡奈尔之队 （欧版） (Wii U Virtual Console),GBA#1791
gba,Mega Man Battle Network 5 - Team Colonel (USA),洛克人网络战斗5-卡奈尔之队 （美版）,GBA#1792
gba,Mega Man Battle Network 5 - Team Colonel (USA) (Wii U Virtual Console),洛克人网络战斗5-卡奈尔之队 （美版） (Wii U Virtual Console),GBA#1793
gba,Mega Man Battle Network 5 - Team Proto Man (Europe) (Wii U Virtual Console),洛克人网络战斗5-普洛特曼之队 （欧版） (Wii U Virtual Console),GBA#1794
gba,Mega Man Battle Network 5 - Team Proto Man (USA) (Wii U Virtual Console),洛克人网络战斗5-普洛特曼之队 （美版） (Wii U Virtual Console),GBA#1795
gba,Mega Man Battle Network 5 - Team Protoman (Europe),洛克人网络战斗5-普洛特曼之队 （欧版）,GBA#1796
gba,Mega Man Battle Network 5 - Team Protoman (USA),洛克人网络战斗5-普洛特曼之队 （美版）,GBA#1797
gba,Mega Man Battle Network 6 - Cybeast Falzar (Europe),洛克人战斗网络EXE6-电脑兽法尔扎 （欧版）,GBA#1798
gba,Mega Man Battle Network 6 - Cybeast Falzar (Europe) (Wii U Virtual Console),洛克人战斗网络EXE6-电脑兽法尔扎 （欧版） (Wii U Virtual Console),GBA#1799
gba,Mega Man Battle Network 6 - Cybeast Falzar (USA),洛克人战斗网络EXE6-电脑兽法尔扎 （美版）,GBA#1800
gba,Mega Man Battle Network 6 - Cybeast Falzar (USA) (Wii U Virtual Console),洛克人战斗网络EXE6-电脑兽法尔扎 （美版） (Wii U Virtual Console),GBA#1801
gba,Mega Man Battle Network 6 - Cybeast Gregar (Europe),洛克人战斗网络EXE6-电脑兽格莱伽 （欧版）,GBA#1802
gba,Mega Man Battle Network 6 - Cybeast Gregar (Europe) (Wii U Virtual Console),洛克人战斗网络EXE6-电脑兽格莱伽 （欧版） (Wii U Virtual Console),GBA#1803
gba,Mega Man Battle Network 6 - Cybeast Gregar (USA),洛克人战斗网络EXE6-电脑兽格莱伽 （美版）,GBA#1804
gba,Mega Man Battle Network 6 - Cybeast Gregar (USA) (Wii U Virtual Console),洛克人战斗网络EXE6-电脑兽格莱伽 （美版） (Wii U Virtual Console),GBA#1805
gba,Mega Man Zero (USA) (Wii U Virtual Console),洛克人ZERO1 （美版） (Wii U Virtual Console),GBA#1806
gba,"Mega Man Zero (USA, Europe)",洛克人ZERO1 （美版 欧版）,GBA#1807
gba,Mega Man Zero 2 (Europe),洛克人ZERO2 （欧版）,GBA#1808
gba,Mega Man Zero 2 (USA),洛克人ZERO2 （美版）,GBA#1809
gba,Mega Man Zero 2 (USA) (Wii U Virtual Console),洛克人ZERO2 （美版） (Wii U Virtual Console),GBA#1810
gba,Mega Man Zero 3 (Europe),洛克人ZERO3 （欧版）,GBA#1811
gba,Mega Man Zero 3 (USA),洛克人ZERO3 （美版）,GBA#1812
gba,Mega Man Zero 3 (USA) (Wii U Virtual Console),洛克人ZERO3 （美版） (Wii U Virtual Console),GBA#1813
gba,Mega Man Zero 4 (Europe),洛克人ZERO4 （欧版）,GBA#1814
gba,Mega Man Zero 4 (USA),洛克人ZERO4 （美版）,GBA#1815
gba,Mega Man Zero 4 (USA) (Wii U Virtual Console),洛克人ZERO4 （美版） (Wii U Virtual Console),GBA#1816
gba,"Meine Tierarztpraxis (Germany) (En,De)","我的兽医实习 （德国版） (En,De)",GBA#1817
gba,"Meine Tierpension (Germany) (En,De)","我的宠物旅馆 （德国版） (En,De)",GBA#1818
gba,Meitantei Conan - Akatsuki no Monument (Japan),名侦探柯南-黎明之碑 （日版）,GBA#1819
gba,Meitantei Conan - Nerawareta Tantei (Japan),名侦探柯楠-被阻击的名侦探 （日版）,GBA#1820
gba,Men in Black - The Series (Europe),黑超特警组-续作 （欧版）,GBA#1821
gba,Men in Black - The Series (USA),黑超特警组-续作 （美版）,GBA#1822
gba,Mermaid Melody - Pichi Pichi Pitch (Japan),人鱼的旋律 （日版）,GBA#1823
gba,Mermaid Melody - Pichi Pichi Pitch - Pichi Pichi Party (Japan),人鱼旋律 （日版）,GBA#1824
gba,Mermaid Melody - Pichi Pichi Pitch - Pichi Pichitto Live Start! (Japan),美人鱼之韵-活力之舞-活力现场演奏会 （日版）,GBA#1825
gba,Metal Max 2 Kai (Japan),重装机兵2·改V1.1 （日版）,GBA#1826
gba,Metal Max 2 Kai (Japan) (Rev 1),重装机兵2·改V1.1 （日版） （修正版 1）,GBA#1827
gba,Metal Slug Advance (Europe),合金弹头A （欧版）,GBA#1828
gba,Metal Slug Advance (Japan),合金弹头A （日版）,GBA#1829
gba,Metal Slug Advance (USA),合金弹头A （美版）,GBA#1830
gba,Metalgun Slinger (Japan),合金射击者 （日版）,GBA#1831
gba,"Metroid - Zero Mission (Europe) (En,Fr,De,Es,It)","银河战士2-初始任务 （欧版） (En,Fr,De,Es,It)",GBA#1832
gba,"Metroid - Zero Mission (Europe) (En,Fr,De,Es,It) (Beta)","银河战士2-初始任务 （欧版） (En,Fr,De,Es,It) （测试版）",GBA#1833
gba,"Metroid - Zero Mission (Europe) (En,Fr,De,Es,It) (Wii U Virtual Console)","银河战士2-初始任务 （欧版） (En,Fr,De,Es,It) (Wii U Virtual Console)",GBA#1834
gba,Metroid - Zero Mission (Japan),银河战士2-初始任务 （日版）,GBA#1835
gba,Metroid - Zero Mission (USA),银河战士2-初始任务 （美版）,GBA#1836
gba,Metroid - Zero Mission (USA) (Beta),银河战士2-初始任务 （美版） （测试版）,GBA#1837
gba,Metroid - Zero Mission (USA) (Wii U Virtual Console),银河战士2-初始任务 （美版） (Wii U Virtual Console),GBA#1838
gba,"Metroid Fusion (Europe) (En,Fr,De,Es,It)","银河战士1 （欧版） (En,Fr,De,Es,It)",GBA#1839
gba,"Metroid Fusion (Europe) (En,Fr,De,Es,It) (Beta) (2002-09-11)","银河战士1 （欧版） (En,Fr,De,Es,It) （测试版） (2002-09-11)",GBA#1840
gba,"Metroid Fusion (Europe) (En,Fr,De,Es,It) (Beta) (2002-09-16)","银河战士1 （欧版） (En,Fr,De,Es,It) （测试版） (2002-09-16)",GBA#1841
gba,"Metroid Fusion (Europe) (En,Fr,De,Es,It) (Wii U Virtual Console)","银河战士1 （欧版） (En,Fr,De,Es,It) (Wii U Virtual Console)",GBA#1842
gba,Metroid Fusion (Japan),银河战士1 （日版）,GBA#1843
gba,Metroid Fusion (USA),银河战士1 （美版）,GBA#1844
gba,Metroid Fusion (USA) (Wii U Virtual Console),银河战士1 （美版） (Wii U Virtual Console),GBA#1845
gba,Mezase! Koushien (Japan),目标!甲子园 （日版）,GBA#1846
gba,Mickey no Pocket Resort (Japan),米老鼠-口袋旅游胜地 （日版）,GBA#1847
gba,Mickey to Donald no Magical Quest 3 (Japan),迪斯尼米老鼠和唐老鸭3 （日版）,GBA#1848
gba,Mickey to Minnie no Magical Quest (Japan),迪斯尼的米奇老鼠 （日版）,GBA#1849
gba,Mickey to Minnie no Magical Quest 2 (Japan),迪斯尼的米奇老鼠2 （日版）,GBA#1850
gba,"Micro Machines (Europe) (En,Fr,De,Es,It)","微型小小赛车 （欧版） (En,Fr,De,Es,It)",GBA#1851
gba,"Midnight Club - Street Racing (Europe) (En,Fr,De,Es,It)","港湾深夜俱乐部-街头狂飙车 （欧版） (En,Fr,De,Es,It)",GBA#1852
gba,Midnight Club - Street Racing (USA),港湾深夜俱乐部-街头狂飙车 （美版）,GBA#1853
gba,"Midway's Greatest Arcade Hits (USA, Europe)",米德威精品电玩4合一 （美版 欧版）,GBA#1854
gba,Mighty Beanz - Pocket Puzzles (USA),豆仔口袋方块 （美版）,GBA#1855
gba,"Mijn Dierenpension (Netherlands) (En,Nl)","我的宠物旅馆 （荷兰版） (En,Nl)",GBA#1856
gba,"Mijn Dierenpraktijk (Netherlands) (En,Nl)","我的兽医实习 （荷兰版） (En,Nl)",GBA#1857
gba,"Mike Tyson Boxing (Europe) (En,Fr,De,Es,It)","麦克·泰森拳击 （欧版） (En,Fr,De,Es,It)",GBA#1858
gba,"Mike Tyson Boxing (USA) (En,Fr,De,Es,It)","麦克·泰森拳击 （美版） (En,Fr,De,Es,It)",GBA#1859
gba,Minami no Umi no Odyssey (Japan),南之海的奥德赛 （日版）,GBA#1860
gba,Mini Moni. - Mika no Happy Morning Chatty (Japan),迷你早晨-迈克不快乐的饶舌口语 （日版）,GBA#1861
gba,Mini Moni. - Onegai Ohoshi-sama! (Japan),迷你早安-落在山脊上的星星! （日版）,GBA#1862
gba,"Minna de Puyo Puyo (Japan) (En,Ja)","魔法气泡大会战 （日版） (En,Ja)",GBA#1863
gba,Minna no Ouji-sama (Japan),网球王子-方块篇 （日版）,GBA#1864
gba,"Minna no Shiiku Series - Boku no Kabuto, Kuwagata (Japan)",大家的养育系列3我的盔甲.刀饰 （日版）,GBA#1865
gba,Minna no Shiiku Series 1 - Boku no Kabutomushi (Japan),大家一起养系列-我的甲虫 （日版）,GBA#1866
gba,Minna no Shiiku Series 2 - Boku no Kuwagata (Japan),大家一起养系列-我的变形虫 （日版）,GBA#1867
gba,Minna no Soft Series - Happy Trump 20 (Japan),大众软件系列-快乐纸牌20 （日版）,GBA#1868
gba,Minna no Soft Series - Hyokkori Hyoutan-jima - Don Gabacho Daikatsuyaku no Maki (Japan),全民游戏系列-葫芦孤岛漂流记 （日版）,GBA#1869
gba,Minna no Soft Series - Minna no Mahjong (Japan),全民麻将 （日版）,GBA#1870
gba,Minna no Soft Series - Minna no Shougi (Japan),大家的将棋 （日版）,GBA#1871
gba,Minna no Soft Series - Minna no Shougi (Japan) (Rev 1),大家的将棋 （日版） （修正版 1）,GBA#1872
gba,Minna no Soft Series - Numpla Advance (Japan),大众软件系列-数独 （日版）,GBA#1873
gba,Minna no Soft Series - Shanghai (Japan),上海 （日版）,GBA#1874
gba,Minna no Soft Series - Shanghai (Japan) (Rev 1),上海 （日版） （修正版 1）,GBA#1875
gba,Minna no Soft Series - Tetris Advance (Japan),俄罗斯方块 （日版）,GBA#1876
gba,Minna no Soft Series - Tetris Advance (Japan) (Rev 1),俄罗斯方块 （日版） （修正版 1）,GBA#1877
gba,Minna no Soft Series - Zooo (Japan),动物饲养员 （日版）,GBA#1878
gba,"Minority Report - Everybody Runs (USA, Europe)",少数派报告 （美版 欧版）,GBA#1879
gba,Mirakuru! Panzou - 7-tsu no Hoshi no Uchuu Kaizoku (Japan),梦幻熊猫像-7-星宇宙海盗 （日版）,GBA#1880
gba,"Mission Impossible - Operation Surma (Europe) (En,Fr,De,Es,It)","不可能完成的任务 （欧版） (En,Fr,De,Es,It)",GBA#1881
gba,"Mission Impossible - Operation Surma (USA) (En,Fr,Es)","不可能完成的任务 （美版） (En,Fr,Es)",GBA#1882
gba,Miteluode - Lingdian Renwu (China),小神游-密特罗德-零点任务 （中国版）,GBA#1883
gba,Miteluode Ronghe (China),小神游-银河战士 （中国版）,GBA#1884
gba,MLB SlugFest 20-04 (USA),美国职棒大联盟2004 （美版）,GBA#1885
gba,Mobile Pro Yakyuu - Kantoku no Saihai (Japan),职业棒球-行动版 （日版）,GBA#1886
gba,Mobile Suit Gundam Seed - Battle Assault (USA),高达Seed-格斗篇 （美版）,GBA#1887
gba,Moero!! Jaleco Collection (Japan),燃烧系列合集 （日版）,GBA#1888
gba,Momotarou Dentetsu G - Gold Deck o Tsukure! (Japan),桃太郎电铁G! （日版）,GBA#1889
gba,Momotarou Matsuri (Japan) (Rev 1),桃太郎祭典 （日版） （修正版 1）,GBA#1890
gba,"Monopoly (Europe) (En,Fr,De,Es)","大富翁-垄断 （欧版） (En,Fr,De,Es)",GBA#1891
gba,Monopoly (USA),大富翁-垄断 （美版）,GBA#1892
gba,"Monster AG, Die (Germany)",怪兽公司 （德国版）,GBA#1893
gba,Monster Farm Advance (Japan),怪兽农场A （日版）,GBA#1894
gba,Monster Farm Advance 2 (Japan),怪兽农场A2 （日版）,GBA#1895
gba,"Monster Force (Europe) (En,Fr,De,Es,It)","怪物力量 （欧版） (En,Fr,De,Es,It)",GBA#1896
gba,Monster Force (USA),怪物力量 （美版）,GBA#1897
gba,Monster Gate (Japan),怪兽之门 （日版）,GBA#1898
gba,Monster Gate (Japan) (Rev 1),怪兽之门 （日版） （修正版 1）,GBA#1899
gba,Monster Gate - Ooinaru Dungeon - Fuuin no Orb (Japan),怪兽之门2 （日版）,GBA#1900
gba,Monster Guardians (Japan),妖怪守护者 （日版）,GBA#1901
gba,Monster House (Europe),怪兽小屋 （欧版）,GBA#1902
gba,"Monster House (Europe) (En,Fr,De,Es)","怪兽小屋 （欧版） (En,Fr,De,Es)",GBA#1903
gba,"Monster House (USA) (En,Fr)","怪兽小屋 （美版） (En,Fr)",GBA#1904
gba,Monster Jam - Maximum Destruction (Europe),怪物卡车大毁灭 （欧版）,GBA#1905
gba,Monster Jam - Maximum Destruction (USA),怪物卡车大毁灭 （美版）,GBA#1906
gba,Monster Maker 4 - Flash Card (Japan),怪兽制造者4-闪光卡片 （日版）,GBA#1907
gba,Monster Maker 4 - Killer Dice (Japan),怪兽制造者4-骰子杀手 （日版）,GBA#1908
gba,Monster Rancher Advance (USA),怪兽农场A （美版）,GBA#1909
gba,Monster Rancher Advance 2 (USA),怪兽农场A2 （美版）,GBA#1910
gba,Monster Summoner (Japan),怪兽召唤士 （日版）,GBA#1911
gba,"Monster Truck Madness (USA, Europe)",疯狂大脚车 （美版 欧版）,GBA#1912
gba,"Monster Trucks (USA, Europe)",怪兽大脚车 （美版 欧版）,GBA#1913
gba,"Monster Trucks Mayhem (Europe) (En,Fr,De,Es,It)","火爆怪兽卡车 （欧版） (En,Fr,De,Es,It)",GBA#1914
gba,Monster Trucks Mayhem (USA),火爆怪兽卡车 （美版）,GBA#1915
gba,Monster! Bass Fishing (Europe),怪物巴斯钓鱼 （欧版）,GBA#1916
gba,Monster! Bass Fishing (USA),怪物巴斯钓鱼 （美版）,GBA#1917
gba,"Monsters, Inc. (Europe) (En,Es,Nl)","怪兽公司 （欧版） (En,Es,Nl)",GBA#1918
gba,"Monsters, Inc. (Europe) (En,Fr,It)","怪兽公司 （欧版） (En,Fr,It)",GBA#1919
gba,"Monsters, Inc. (Japan)",怪兽公司 （日版）,GBA#1920
gba,"Monsters, Inc. (USA, Europe)",怪兽公司 （美版 欧版）,GBA#1921
gba,"Moorhen 3 - The Chicken Chase! (Europe) (En,Fr,De,Es,It)","雷鸟3-猎鸡人! （欧版） (En,Fr,De,Es,It)",GBA#1922
gba,Morita Shougi Advance (Japan),森田将棋 （日版）,GBA#1923
gba,"Morning Adventure, The (Spain) (Promo)",晨间探险 （西班牙版） (Promo),GBA#1924
gba,"Mortal Kombat - Deadly Alliance (Europe) (En,Fr,De,Es,It)","真人快打-致命联盟 （欧版） (En,Fr,De,Es,It)",GBA#1925
gba,"Mortal Kombat - Deadly Alliance (USA) (En,Fr,De,Es,It)","真人快打-致命联盟 （美版） (En,Fr,De,Es,It)",GBA#1926
gba,"Mortal Kombat - Tournament Edition (USA) (En,Fr,De,Es,It)","真人快打-格斗场 （美版） (En,Fr,De,Es,It)",GBA#1927
gba,Mortal Kombat Advance (Europe),真人快打 （欧版）,GBA#1928
gba,Mortal Kombat Advance (USA),真人快打 （美版）,GBA#1929
gba,Mother 1+2 (Japan),妈咪1+2 （日版）,GBA#1930
gba,Mother 3 (Japan),妈咪3 （日版）,GBA#1931
gba,Motocross Challenge (USA) (Proto),摩托越野挑战赛 （美版） （工程版）,GBA#1932
gba,Motocross Maniacs Advance (Japan),疯狂越野摩托车 （日版）,GBA#1933
gba,"Motocross Maniacs Advance (USA) (En,Es)","疯狂越野摩托车 （美版） (En,Es)",GBA#1934
gba,MotoGP (Europe) (Beta),GP摩托车赛 （欧版） （测试版）,GBA#1935
gba,"MotoGP (Europe) (En,Fr,De,Es,It)","GP摩托车赛 （欧版） (En,Fr,De,Es,It)",GBA#1936
gba,MotoGP (Japan) (En),GP摩托车赛 （日版） (En),GBA#1937
gba,"MotoGP (USA) (En,Fr,De,Es,It)","GP摩托车赛 （美版） (En,Fr,De,Es,It)",GBA#1938
gba,"Motoracer Advance (Europe) (En,Fr,De,Es,It)","越野摩托车A （欧版） (En,Fr,De,Es,It)",GBA#1939
gba,"Motoracer Advance (USA) (En,Fr,De,Es,It)","越野摩托车A （美版） (En,Fr,De,Es,It)",GBA#1940
gba,"Mr Nutz (Europe) (En,Fr,De,Es,It)","松鼠大进攻 （欧版） (En,Fr,De,Es,It)",GBA#1941
gba,Mr. Driller 2 (Europe),钻地小子2 （欧版）,GBA#1942
gba,Mr. Driller 2 (Japan),钻地小子2 （日版）,GBA#1943
gba,Mr. Driller 2 (USA),钻地小子2 （美版）,GBA#1944
gba,Mr. Driller A - Fushigi na Pacteria (Japan),钻地先生-陌生的细菌 （日版）,GBA#1945
gba,Mr. Incredible (Japan),超人特工队 （日版）,GBA#1946
gba,Mr. Incredible - Kyouteki Underminer Toujou (Japan),超人特攻队 （日版）,GBA#1947
gba,"Ms. Pac-Man - Maze Madness (Europe) (En,Fr,De,Es,It)","吃豆小精灵大冒险 （欧版） (En,Fr,De,Es,It)",GBA#1948
gba,Ms. Pac-Man - Maze Madness (USA),吃豆小精灵大冒险 （美版）,GBA#1949
gba,"Mucha Lucha! - Mascaritas of the Lost Code (USA) (En,Fr,Es)","穆夏露萨-马卡三人组丢失的密码 （美版） (En,Fr,Es)",GBA#1950
gba,Mugenborg (Japan),梦幻伯格 （日版）,GBA#1951
gba,"Mummy, The (Europe) (En,Fr,De,Es,It)","木乃伊归来 （欧版） (En,Fr,De,Es,It)",GBA#1952
gba,"Mummy, The (USA) (En,Fr,De,Es,It)","木乃伊归来 （美版） (En,Fr,De,Es,It)",GBA#1953
gba,Muppet Pinball Mayhem (Europe),芝麻布偶街弹珠台 （欧版）,GBA#1954
gba,Muppet Pinball Mayhem (USA),芝麻布偶街弹珠台 （美版）,GBA#1955
gba,"Muppets, The - On with the Show! (USA, Europe) (En,Fr,De,Es,It,Nl)","芝麻街-演出开始啦! （美版 欧版） (En,Fr,De,Es,It,Nl)",GBA#1956
gba,Mutsu - Water Looper Mutsu (Japan),水环中的宠物 （日版）,GBA#1957
gba,"MX 2002 featuring Ricky Carmichael (USA, Europe)",MX2002未来机车赛 （美版 欧版）,GBA#1958
gba,"My Animal Centre in Africa (Europe) (En,Fr,De,Es,It)","我的非洲动物中心 （欧版） (En,Fr,De,Es,It)",GBA#1959
gba,My Little Pony - Crystal Princess - The Runaway Rainbow (USA),小精灵马-水晶公主 （美版）,GBA#1960
gba,Nakayoshi Mahjong - KabuReach (Japan),友情麻将 （日版）,GBA#1961
gba,Nakayoshi Pet Advance Series 1 - Kawaii Hamster (Japan),动物伴侣系列一-可爱老鼠 （日版）,GBA#1962
gba,Nakayoshi Pet Advance Series 2 - Kawaii Koinu (Japan),动物伴侣系列二-可爱小狗 （日版）,GBA#1963
gba,Nakayoshi Pet Advance Series 3 - Kawaii Koneko (Japan),动物伴侣系列三-可爱小猫 （日版）,GBA#1964
gba,Nakayoshi Pet Advance Series 3 - Kawaii Koneko (Japan) (Rev 1),动物伴侣系列三-可爱小猫 （日版） （修正版 1）,GBA#1965
gba,Nakayoshi Pet Advance Series 4 - Kawaii Koinu Mini - Wankoto Asobou!! Kogata-ken (Japan),动物伴侣系列四-可爱小狗 （日版）,GBA#1966
gba,Nakayoshi Youchien - Sukoyaka Enji Ikusei Game (Japan),小朋友幼稚园 （日版）,GBA#1967
gba,Nakayoshi Youchien - Sukoyaka Enji Ikusei Game (Japan) (Rev 1),小朋友幼稚园 （日版） （修正版 1）,GBA#1968
gba,Namco Museum (Europe),南梦宫经典博物馆 （欧版）,GBA#1969
gba,Namco Museum (Japan) (En),南梦宫经典博物馆 （日版） (En),GBA#1970
gba,Namco Museum (USA),南梦宫经典博物馆 （美版）,GBA#1971
gba,"Namco Museum - 50th Anniversary (Europe) (En,Fr,De,Es,It)","南梦宫博物馆 （欧版） (En,Fr,De,Es,It)",GBA#1972
gba,Namco Museum - 50th Anniversary (USA),南梦宫博物馆 （美版）,GBA#1973
gba,Nancy Drew - Message in a Haunted Mansion (USA),南茜·德鲁-鬼屋里的讯息 （美版）,GBA#1974
gba,Napoleon (Japan),拿破仑 （日版）,GBA#1975
gba,Narikiri Jockey Game - Yuushun Rhapsody (Japan),优俊赛马 （日版）,GBA#1976
gba,Naruto - Konoha Senki (Japan),火影忍者-木叶战记 （日版）,GBA#1977
gba,Naruto - Konoha Senki (Japan) (Rev 1),火影忍者-木叶战记 （日版） （修正版 1）,GBA#1978
gba,Naruto - Ninja Council (USA),火影忍者-最强忍者大集合1 （美版）,GBA#1979
gba,Naruto - Ninja Council 2 (USA),火影忍者-大结集2 （美版）,GBA#1980
gba,Naruto - Ninjutsu Zenkai! Saikyou Ninja Daikesshuu (Japan),火影忍者-最强忍者大集合1 （日版）,GBA#1981
gba,Naruto - Ninjutsu Zenkai! Saikyou Ninja Daikesshuu (Japan) (Rev 1),火影忍者-最强忍者大集合1 （日版） （修正版 1）,GBA#1982
gba,Naruto - Saikyou Ninja Daikesshuu 2 (Japan),火影忍者-最强忍者大集合2 （日版）,GBA#1983
gba,Naruto RPG - Uketsugareshi Hi no Ishi (Japan),火影忍者RPG （日版）,GBA#1984
gba,Naruto RPG - Uketsugareshi Hi no Ishi (Japan) (Rev 1),火影忍者RPG （日版） （修正版 1）,GBA#1985
gba,NASCAR Heat 2002 (USA),云斯顿赛车2002 （美版）,GBA#1986
gba,Natural 2 - Duo (Japan),双姝情缘 （日版）,GBA#1987
gba,"NBA Jam 2002 (USA, Europe)",劲爆NBA2002 （美版 欧版）,GBA#1988
gba,"Need for Speed - Most Wanted (USA, Europe) (En,Fr,De,It)","极品飞车-最高通缉 （美版 欧版） (En,Fr,De,It)",GBA#1989
gba,"Need for Speed - Porsche Unleashed (Europe) (En,Fr,De,Es,It)","极品飞车-宝石捷之旅 （欧版） (En,Fr,De,Es,It)",GBA#1990
gba,Need for Speed - Porsche Unleashed (USA),极品飞车-宝石捷之旅 （美版）,GBA#1991
gba,"Need for Speed - Underground (USA, Europe) (En,Fr,De,It)","极品飞车-地下狂飙 （美版 欧版） (En,Fr,De,It)",GBA#1992
gba,"Need for Speed - Underground 2 (USA, Europe) (En,Fr,De,It)","极品飞车-地下狂飙2 （美版 欧版） (En,Fr,De,It)",GBA#1993
gba,"Need for Speed Carbon - Own the City (USA, Europe) (En,Fr,De,Es,It)","极品飞车-卡本峡谷 （美版 欧版） (En,Fr,De,Es,It)",GBA#1994
gba,Neoromance Game - Harukanaru Toki no Naka de (Japan),遥远的时空之中 （日版）,GBA#1995
gba,Neoromance Game - Harukanaru Toki no Naka de (Japan) (Rev 1),遥远的时空之中 （日版） （修正版 1）,GBA#1996
gba,NES Classics - Castlevania (Europe),NES经典 恶魔城 （欧版）,GBA#1997
gba,"Next Generation Tennis (Europe) (En,Fr,De,Es,It,Pt)","罗兰公开赛2002-次世代网球 （欧版） (En,Fr,De,Es,It,Pt)",GBA#1998
gba,NFL Blitz 20-02 (USA),NFL橄榄球闪电大作战2002 （美版）,GBA#1999
gba,NFL Blitz 20-03 (USA),NFL橄榄球2003 （美版）,GBA#2000
gba,NHL 2002 (USA),美国冰上曲棍球2002 （美版）,GBA#2001
gba,NHL Hitz 20-03 (USA),曲棍球2003 （美版）,GBA#2002
gba,Nicktoons - Attack of the Toybots (USA),尼克通海绵方块和朋友们-玩具机器人来袭 （美版）,GBA#2003
gba,Nicktoons - Battle for Volcano Island (USA),尼克通-火山岛大战 （美版）,GBA#2004
gba,Nicktoons - Freeze Frame Frenzy (USA),尼克卡通-疯狂定格 （美版）,GBA#2005
gba,"Nicktoons Racing (Europe) (En,Fr,De,Es,It)","尼克通赛车 （欧版） (En,Fr,De,Es,It)",GBA#2006
gba,Nicktoons Racing (USA),尼克通赛车 （美版）,GBA#2007
gba,Nicktoons Unite! (USA),尼克通海绵! （美版）,GBA#2008
gba,"NiGHTS into Dreams ~Score Attack~ (USA) (En,Ja) (GameCube)","夜梦入分数攻击 （美版） (En,Ja) (GameCube)",GBA#2009
gba,Nihon Pro Mahjong Renmei Kounin - Tetsuman Advance - Menkyo Kaiden Series (Japan),日本职业麻将-徹万 （日版）,GBA#2010
gba,Ninja Cop (Europe),忍者刑警 （欧版）,GBA#2011
gba,Ninja Five-0 (USA),忍者刑警 （美版）,GBA#2012
gba,"Nintendo MP3 Player (Europe) (En,Fr,De,Es,It)","任天堂MP3播放器 （欧版） (En,Fr,De,Es,It)",GBA#2013
gba,Nintendo Puzzle Collection - Dr. Mario (Japan) (En),任天堂解谜游戏合集 马里奥医生 （日版） (En),GBA#2014
gba,Nintendo Puzzle Collection - Panel de Pon (Japan),任天堂解谜游戏合集 魔法方块 （日版）,GBA#2015
gba,Nintendo Puzzle Collection - Yoshi no Cookie (Japan),任天堂解谜游戏合集 耀西的饼干 （日版）,GBA#2016
gba,No No No Puzzle Chailien (Japan),团团转难题大集合 （日版）,GBA#2017
gba,"No Rules - Get Phat (USA, Europe) (En,Fr,De,Es,It,Nl)","无规则-街头滑板小子 （美版 欧版） (En,Fr,De,Es,It,Nl)",GBA#2018
gba,Nobunaga Ibun (Japan),信长异闻录 （日版）,GBA#2019
gba,Nobunaga no Yabou (Japan),信长的野望 （日版）,GBA#2020
gba,"Noddy - A Day in Toyland (Europe) (En,Fr,Es,It,Nl,Pt,Da)","诺迪在玩具世界的一天 （欧版） (En,Fr,Es,It,Nl,Pt,Da)",GBA#2021
gba,"Noddy - A Day in Toyland (USA) (En,Fr,Es)","诺迪在玩具世界的一天 （美版） (En,Fr,Es)",GBA#2022
gba,"Nos Voisins, les Hommes (France)",篱笆墙外 （法国版）,GBA#2023
gba,Nyan Nyan Nyanko no NyanCollection (Japan),咪咪小猫收藏集 （日版）,GBA#2024
gba,Ochaken Kururin - Honwaka Puzzle de Hotto Shiyo (Japan),小茶犬-温情谜语 （日版）,GBA#2025
gba,Ochaken no Bouken-jima - Honwaka Yume no Island (Japan),茶犬的冒险岛 （日版）,GBA#2026
gba,Ochaken no Heya (Japan),小狗的窝 （日版）,GBA#2027
gba,Ochaken no Yume Bouken (Japan),茶犬的梦之冒险 （日版）,GBA#2028
gba,Oddworld - Munch's Oddysee (Germany),阿比逃亡记-奇异世界 （德国版）,GBA#2029
gba,"Oddworld - Munch's Oddysee (USA, Europe)",阿比逃亡记-奇异世界 （美版 欧版）,GBA#2030
gba,Ohanaya-san Monogatari GBA - Iyashikei Ohanaya-san Ikusei Game (Japan),花屋物语 （日版）,GBA#2031
gba,Ojarumaru - Gekkouchou Sanpo de Ojaru (Japan),丸少爷-来月光町散步 （日版）,GBA#2032
gba,Okumanchouja Game - Nottori Daisakusen! (Japan),亿万长者游戏 （日版）,GBA#2033
gba,One Piece (USA),海贼王-少年跳跃 （美版）,GBA#2034
gba,One Piece - Dragon Dream (Japan),海贼王-龙之梦 （日版）,GBA#2035
gba,One Piece - Going Baseball - Haejeok Yaku (Korea),海贼王-棒球进行曲 (Korea),GBA#2036
gba,One Piece - Going Baseball - Kaizoku Yakyuu (Japan),海贼王热血棒球 （日版）,GBA#2037
gba,One Piece - Ilgop Seomui Debomool (Korea),海贼王-七岛大秘宝 (Korea),GBA#2038
gba,Onimusha Tactics (Europe),鬼舞者战略版 （欧版）,GBA#2039
gba,Onimusha Tactics (Japan),鬼舞者战略版 （日版）,GBA#2040
gba,Onimusha Tactics (USA),鬼舞者战略版 （美版）,GBA#2041
gba,Onmyou Taisenki - Zeroshiki (Japan),阴阳大战记-零式 （日版）,GBA#2042
gba,"Open Season (Europe) (En,Fr,De,Es,It,Sv,No,Da,Fi)","狩猎季节 （欧版） (En,Fr,De,Es,It,Sv,No,Da,Fi)",GBA#2043
gba,"Open Season (Europe) (En,Fr,Es,Nl)","狩猎季节 （欧版） (En,Fr,Es,Nl)",GBA#2044
gba,"Open Season (USA) (En,Fr,Es)","狩猎季节 （美版） (En,Fr,Es)",GBA#2045
gba,Operation Armored Liberty (USA),反击捍卫自由 （美版）,GBA#2046
gba,Oriental Blue - Ao no Tengai (Japan),天外魔境-青之天外 （日版）,GBA#2047
gba,Oshaberi Inko Club (Japan),鹦鹉俱乐部 （日版）,GBA#2048
gba,Oshare Princess (Japan),奥沙尔公主1 （日版）,GBA#2049
gba,Oshare Princess 2 (Japan),奥沙尔公主2和动物占卜 （日版）,GBA#2050
gba,Oshare Princess 3 (Japan),奥沙尔公主3 （日版）,GBA#2051
gba,Oshare Princess 5 (Japan),奥沙尔公主5 （日版）,GBA#2052
gba,Oshare Wanko (Japan),俏皮宠物 （日版）,GBA#2053
gba,Ottifanten Pinball (Germany),快乐河马弹球台 （德国版）,GBA#2054
gba,Ougon no Taiyou - Hirakareshi Fuuin (Japan),黄金的太阳-开启的封印 （日版）,GBA#2055
gba,Ougon no Taiyou - Ushinawareshi Toki (Japan),黄金太阳2-失落的时代 （日版）,GBA#2056
gba,Over the Hedge (Europe),篱笆墙外 （欧版）,GBA#2057
gba,Over the Hedge (USA),篱笆墙外 （美版）,GBA#2058
gba,Over the Hedge - Beesten bij de Buren (Netherlands),篱笆墙外 （荷兰版）,GBA#2059
gba,"Over the Hedge - Hammy Goes Nuts! (Europe) (En,Fr,De,Es,It,Nl)","篱笆墙外 （欧版） (En,Fr,De,Es,It,Nl)",GBA#2060
gba,Over the Hedge - Hammy Goes Nuts! (USA),篱笆墙外 （美版）,GBA#2061
gba,Overstorm (Unknown) (Proto),太平洋风暴 （未知） （工程版）,GBA#2062
gba,Ozzy & Drix (USA),捍卫战士 （美版）,GBA#2063
gba,"Paard & Pony - Mijn Manege (Netherlands) (En,Nl)","我的马场 （荷兰版） (En,Nl)",GBA#2064
gba,"Paard & Pony - Paard in Galop (Netherlands) (En,Nl)","马场生活 （荷兰版） (En,Nl)",GBA#2065
gba,Pac-Man Collection (Europe),小精灵全集 （欧版）,GBA#2066
gba,Pac-Man Collection (Europe) (Wii U Virtual Console),小精灵全集 （欧版） (Wii U Virtual Console),GBA#2067
gba,Pac-Man Collection (Japan) (En),小精灵全集 （日版） (En),GBA#2068
gba,Pac-Man Collection (USA),小精灵全集 （美版）,GBA#2069
gba,Pac-Man Collection (USA) (Wii U Virtual Console),小精灵全集 （美版） (Wii U Virtual Console),GBA#2070
gba,"Pac-Man Pinball Advance (Europe) (En,Fr,De,Es,It)","吃豆小精灵弹珠台 （欧版） (En,Fr,De,Es,It)",GBA#2071
gba,Pac-Man Pinball Advance (USA),吃豆小精灵弹珠台 （美版）,GBA#2072
gba,"Pac-Man World & Ms. Pac-Man - Maze Madness (Europe) (En,Fr,De,Es,It)","2合1-吃豆小精灵大冒险+吃豆小精灵世界 （欧版） (En,Fr,De,Es,It)",GBA#2073
gba,"Pac-Man World (Europe) (En,Fr,De,Es,It)","吃豆小精灵世界 （欧版） (En,Fr,De,Es,It)",GBA#2074
gba,Pac-Man World (USA),吃豆小精灵世界 （美版）,GBA#2075
gba,"Pac-Man World 2 (Europe) (En,Fr,De,Es,It)","吃豆小精灵世界2 （欧版） (En,Fr,De,Es,It)",GBA#2076
gba,Pac-Man World 2 (USA),吃豆小精灵世界2 （美版）,GBA#2077
gba,Paws & Claws - Best Friends - Dogs & Cats (USA),猫猫狗狗-我们的朋友 （美版）,GBA#2078
gba,Paws & Claws - Pet Resort (USA),我的宠物旅馆 （美版）,GBA#2079
gba,Paws & Claws - Pet Vet (USA),宠物医院 （美版）,GBA#2080
gba,"Payback (Europe) (En,Fr,De,Es,It)","危险人物-报复 （欧版） (En,Fr,De,Es,It)",GBA#2081
gba,Pazuninn - Umininn no Puzzle de Nimu (Japan),魔幻弹力球 （日版）,GBA#2082
gba,Penny Racers (Europe),Q版赛车A （欧版）,GBA#2083
gba,"Peter Pan - Return to Neverland (Europe) (En,Fr,De,Es,It,Nl)","小飞侠-回到梦不落帝国 （欧版） (En,Fr,De,Es,It,Nl)",GBA#2084
gba,"Peter Pan - Return to Neverland (Europe) (En,Fr,De,Es,It,Nl) (Rev 1)","小飞侠-回到梦不落帝国 （欧版） (En,Fr,De,Es,It,Nl) （修正版 1）",GBA#2085
gba,Peter Pan - Return to Neverland (USA),小飞侠-回到梦不落帝国 （美版）,GBA#2086
gba,Peter Pan - Return to Neverland (USA) (Rev 1),小飞侠-回到梦不落帝国 （美版） （修正版 1）,GBA#2087
gba,"Peter Pan - The Motion Picture Event (Europe) (En,Fr,De,Es,It)","小飞侠电影版 （欧版） (En,Fr,De,Es,It)",GBA#2088
gba,Peter Pan - The Motion Picture Event (USA),小飞侠电影版 （美版）,GBA#2089
gba,Petz - Hamsterz Life 2 (USA),模拟宠物-仓鼠的生活2 （美版）,GBA#2090
gba,Petz Vet (USA),宠物诊所 （美版）,GBA#2091
gba,"Pferd & Pony - Best Friends - Mein Pferd (Germany) (En,De)","最好的朋友-我的马儿 （德国版） (En,De)",GBA#2092
gba,"Pferd & Pony - Lass Uns Reiten 2 (Germany) (En,De)","马场生活2 （德国版） (En,De)",GBA#2093
gba,"Pferd & Pony - Mein Gestuet (Germany) (En,De)","马场生活 （德国版） (En,De)",GBA#2094
gba,"Pferd & Pony - Mein Pferdehof (Germany) (En,De)","马场生活 （德国版） (En,De)",GBA#2095
gba,Pferd & Pony 2 in 1 (Germany),游戏2合1-我的马场合集 （德国版）,GBA#2096
gba,"Phalanx (Europe) (En,Fr,De,Es,It,Nl)","银河战机 （欧版） (En,Fr,De,Es,It,Nl)",GBA#2097
gba,Phalanx (Japan),银河战机 （日版）,GBA#2098
gba,Phalanx (USA),银河战机 （美版）,GBA#2099
gba,Phantasy Star Collection (Europe),梦幻之星123代合集 （欧版）,GBA#2100
gba,Phantasy Star Collection (USA),梦幻之星123代合集 （美版）,GBA#2101
gba,"Phantom, The (Italy) (Proto)",幻影 （意大利版） （工程版）,GBA#2102
gba,Phil of the Future (USA),未来的菲尔 （美版）,GBA#2103
gba,Pia Carrot e Youkoso!! 3.3 (Japan),绯色茶餐厅 （日版）,GBA#2104
gba,"Piglet's Big Game (Europe) (En,Fr,De,Es,It,Nl)","迪斯尼小猪BIG游戏 （欧版） (En,Fr,De,Es,It,Nl)",GBA#2105
gba,Piglet's Big Game (USA),迪斯尼小猪BIG游戏 （美版）,GBA#2106
gba,Pikapika Nurse Monogatari - Nurse Ikusei Game (Japan),亮丽护士物语-活泼护士养成游戏 （日版）,GBA#2107
gba,"Pinball Advance (Europe) (En,Fr,De,Es,It)","弹珠台A （欧版） (En,Fr,De,Es,It)",GBA#2108
gba,Pinball Challenge Deluxe (Europe),挑战弹珠台-豪华版 （欧版）,GBA#2109
gba,"Pinball of the Dead, The (Europe) (En,Fr,De,Es,It)","死亡之屋弹珠台 （欧版） (En,Fr,De,Es,It)",GBA#2110
gba,"Pinball of the Dead, The (Japan)",死亡之屋弹珠台 （日版）,GBA#2111
gba,"Pinball of the Dead, The (USA)",死亡之屋弹珠台 （美版）,GBA#2112
gba,Pinball Tycoon (Europe),弹珠台大亨 （欧版）,GBA#2113
gba,Pinball Tycoon (USA),弹珠台大亨 （美版）,GBA#2114
gba,"Pink Panther - Pinkadelic Pursuit (Europe) (En,Fr,De,Es,It)","粉红傻豹大追捕 （欧版） (En,Fr,De,Es,It)",GBA#2115
gba,Pink Panther - Pinkadelic Pursuit (USA),粉红傻豹大追捕 （美版）,GBA#2116
gba,"Pinky and the Brain - The Master Plan (Europe) (En,Fr,De,Es,It)","老鼠征服之综合计划 （欧版） (En,Fr,De,Es,It)",GBA#2117
gba,Pinky Monkey Town (Japan),粉红猴庄 （日版）,GBA#2118
gba,Pinobee & Phoebee (Japan),匹诺比拇竺跋 （日版）,GBA#2119
gba,"Pinobee - Wings of Adventure (USA, Europe)",匹诺比的冒险徽章 （美版 欧版）,GBA#2120
gba,Pinobee no Daibouken (Japan),匹诺比之大冒险 （日版）,GBA#2121
gba,"Pippa Funnell - Stable Adventure (Europe) (En,Fr)","梦幻骑手-安逸的阳光 （欧版） (En,Fr)",GBA#2122
gba,"Pippa Funnell 2 (Europe) (En,Fr)","马场精英2 （欧版） (En,Fr)",GBA#2123
gba,"Pirates of the Caribbean - Dead Man's Chest (USA, Europe) (En,Fr,De,Es,It)","加勒比海盗2-亡者财宝 （美版 欧版） (En,Fr,De,Es,It)",GBA#2124
gba,"Pirates of the Caribbean - The Curse of the Black Pearl (Europe) (En,Fr,De,Es,It)","加勒比海盗 （欧版） (En,Fr,De,Es,It)",GBA#2125
gba,"Pirates of the Caribbean - The Curse of the Black Pearl (USA) (En,Fr,De,Es,It)","加勒比海盗 （美版） (En,Fr,De,Es,It)",GBA#2126
gba,Pitfall - L'Expedition Perdue (France),玛亚历险记-迷失的探险队 （法国版）,GBA#2127
gba,Pitfall - The Lost Expedition (Europe),玛亚历险记-迷失的探险队 （欧版）,GBA#2128
gba,Pitfall - The Lost Expedition (USA),玛亚历险记-迷失的探险队 （美版）,GBA#2129
gba,"Pitfall - The Mayan Adventure (USA, Europe)",玛亚历险 （美版 欧版）,GBA#2130
gba,Pixeline i Pixieland (Denmark),小不点-魔法大陆 (Denmark),GBA#2131
gba,"Planet Monsters (Europe) (En,Fr,De,Es,It,Nl)","星球怪物 （欧版） (En,Fr,De,Es,It,Nl)",GBA#2132
gba,"Planet Monsters (USA) (En,Fr,De,Es,It,Nl)","星球怪物 （美版） (En,Fr,De,Es,It,Nl)",GBA#2133
gba,"Planet of the Apes (Europe) (En,Fr,De,Es,It,Nl)","决战猩球 （欧版） (En,Fr,De,Es,It,Nl)",GBA#2134
gba,"Planet of the Apes (USA) (En,Fr,De,Es,It,Nl)","决战猩球 （美版） (En,Fr,De,Es,It,Nl)",GBA#2135
gba,Play Novel - Silent Hill (Japan),寂静岭 （日版）,GBA#2136
gba,Play-Yan (Japan),播放君 （日版）,GBA#2137
gba,Play-Yan Micro (Japan),播放君-GBM专用影音播放器 （日版）,GBA#2138
gba,Pocket Dogs (USA),口袋小狗 （美版）,GBA#2139
gba,Pocket Monsters - Emerald (Japan),口袋妖怪-火红 （日版）,GBA#2140
gba,Pocket Monsters - FireRed (Japan),口袋妖怪-火红 （日版）,GBA#2141
gba,Pocket Monsters - FireRed (Japan) (Rev 1),口袋妖怪-火红 （日版） （修正版 1）,GBA#2142
gba,Pocket Monsters - LeafGreen (Japan),口袋妖怪叶绿 （日版）,GBA#2143
gba,Pocket Monsters - LeafGreen (Japan) (Rev 1),口袋妖怪叶绿 （日版） （修正版 1）,GBA#2144
gba,Pocket Monsters - Ruby (Japan),口袋妖怪红宝石 （日版）,GBA#2145
gba,Pocket Monsters - Sapphire (Japan),口袋妖怪蓝宝石 （日版）,GBA#2146
gba,"Pocket Music (Europe) (En,Fr,De,Es,It)","口袋音乐 （欧版） (En,Fr,De,Es,It)",GBA#2147
gba,Pocket Professor - Kwik Notes - Volume One (USA),口袋教授-克威克笔记 （美版）,GBA#2148
gba,Pocky & Rocky with Becky (USA),奇奇怪界 （美版）,GBA#2149
gba,Poke Inu (Japan),口袋小狗 （日版）,GBA#2150
gba,Pokemon - 10th Anniversary Distribution (Europe),口袋妖怪 发行10周年纪念版 （欧版）,GBA#2151
gba,Pokemon - Aura Mew Distribution (Europe),口袋妖怪 黑暗梦幻 （欧版）,GBA#2152
gba,Pokemon - Aura Mew Distribution (France),口袋妖怪 黑暗梦幻 （法国版）,GBA#2153
gba,Pokemon - Aura Mew Distribution (Germany),口袋妖怪 黑暗梦幻 （德国版）,GBA#2154
gba,Pokemon - Aura Mew Distribution (Italy),口袋妖怪 黑暗梦幻 （意大利版）,GBA#2155
gba,Pokemon - Aura Mew Distribution (Spain),口袋妖怪 黑暗梦幻 （西班牙版）,GBA#2156
gba,Pokemon - Aurora Ticket Distribution (USA),口袋妖怪 极光船票 （美版）,GBA#2157
gba,Pokemon - Blattgruene Edition (Germany),口袋妖怪-绿叶 （德国版）,GBA#2158
gba,Pokemon - Doel Deoxys Distribution (Netherlands),口袋妖怪 代欧奇希斯 （荷兰版）,GBA#2159
gba,Pokemon - Edicion Esmeralda (Spain),口袋妖怪-绿宝石西班牙版 （西班牙版）,GBA#2160
gba,Pokemon - Edicion Rojo Fuego (Spain),口袋妖怪-火红 （西班牙版）,GBA#2161
gba,Pokemon - Edicion Rubi (Spain),口袋妖怪-红宝石 （西班牙版）,GBA#2162
gba,Pokemon - Edicion Rubi (Spain) (Rev 1),口袋妖怪-红宝石 （西班牙版） （修正版 1）,GBA#2163
gba,Pokemon - Edicion Verde Hoja (Spain),口袋妖怪-绿叶 （西班牙版）,GBA#2164
gba,Pokemon - Edicion Zafiro (Spain),口袋妖怪-蓝宝石 （西班牙版）,GBA#2165
gba,Pokemon - Edicion Zafiro (Spain) (Rev 1),口袋妖怪-蓝宝石 （西班牙版） （修正版 1）,GBA#2166
gba,"Pokemon - Emerald Version (USA, Europe)",口袋妖怪-绿叶 （美版 欧版）,GBA#2167
gba,Pokemon - Feuerrote Edition (Germany),口袋妖怪-火红 （德国版）,GBA#2168
gba,Pokemon - FireRed Version (USA),口袋妖怪-火红 （美版）,GBA#2169
gba,"Pokemon - FireRed Version (USA, Europe) (Rev 1)",口袋妖怪-火红 （美版 欧版） （修正版 1）,GBA#2170
gba,Pokemon - LeafGreen Version (USA),口袋妖怪-绿叶 （美版）,GBA#2171
gba,"Pokemon - LeafGreen Version (USA, Europe) (Rev 1)",口袋妖怪-绿叶 （美版 欧版） （修正版 1）,GBA#2172
gba,Pokemon - Liechi Berry Glitch Fix & Shiny Zigzagoon Distribution (Europe),口袋妖怪 枝荔果&直冲熊 bug修复版 （欧版）,GBA#2173
gba,Pokemon - Rubin-Edition (Germany),口袋妖怪红宝石 （德国版）,GBA#2174
gba,Pokemon - Rubin-Edition (Germany) (Debug Version),口袋妖怪红宝石 （德国版） （调试版）,GBA#2175
gba,Pokemon - Rubin-Edition (Germany) (Rev 1),口袋妖怪红宝石 （德国版） （修正版 1）,GBA#2176
gba,Pokemon - Ruby Version (USA),口袋妖怪-红宝石V1.2 （美版）,GBA#2177
gba,"Pokemon - Ruby Version (USA, Europe) (Rev 1)",口袋妖怪-红宝石V1.2 （美版 欧版） （修正版 1）,GBA#2178
gba,"Pokemon - Ruby Version (USA, Europe) (Rev 2)",口袋妖怪-红宝石V1.2 （美版 欧版） （修正版 2）,GBA#2179
gba,Pokemon - Saphir-Edition (Germany),口袋妖怪-蓝宝石 （德国版）,GBA#2180
gba,Pokemon - Saphir-Edition (Germany) (Rev 1),口袋妖怪-蓝宝石 （德国版） （修正版 1）,GBA#2181
gba,Pokemon - Sapphire Version (USA),口袋妖怪-蓝宝石V1.2 （美版）,GBA#2182
gba,"Pokemon - Sapphire Version (USA, Europe) (Rev 1)",口袋妖怪-蓝宝石V1.2 （美版 欧版） （修正版 1）,GBA#2183
gba,"Pokemon - Sapphire Version (USA, Europe) (Rev 2)",口袋妖怪-蓝宝石V1.2 （美版 欧版） （修正版 2）,GBA#2184
gba,Pokemon - Slot 2 Distribution (Japan) (Proto),口袋妖怪 Slot 2 Distribution （日版） （工程版）,GBA#2185
gba,Pokemon - Smaragd-Edition (Germany),口袋妖怪-绿宝石 （德国版）,GBA#2186
gba,Pokemon - Version Emeraude (France),口袋妖怪-绿宝石 （法国版）,GBA#2187
gba,Pokemon - Version Rouge Feu (France),口袋妖怪-火红 （法国版）,GBA#2188
gba,Pokemon - Version Rubis (France),口袋妖怪-红宝石 （法国版）,GBA#2189
gba,Pokemon - Version Rubis (France) (Rev 1),口袋妖怪-红宝石 （法国版） （修正版 1）,GBA#2190
gba,Pokemon - Version Saphir (France),口袋妖怪-蓝宝石 （法国版）,GBA#2191
gba,Pokemon - Version Saphir (France) (Rev 1),口袋妖怪-蓝宝石 （法国版） （修正版 1）,GBA#2192
gba,Pokemon - Version Vert Feuille (France),口袋妖怪-绿叶 （法国版）,GBA#2193
gba,Pokemon - Versione Rosso Fuoco (Italy),口袋妖怪-火红 （意大利版）,GBA#2194
gba,Pokemon - Versione Rubino (Italy),口袋妖怪-红宝石 （意大利版）,GBA#2195
gba,Pokemon - Versione Rubino (Italy) (Rev 1),口袋妖怪-红宝石 （意大利版） （修正版 1）,GBA#2196
gba,Pokemon - Versione Smeraldo (Italy),口袋妖怪-绿宝石 （意大利版）,GBA#2197
gba,Pokemon - Versione Verde Foglia (Italy),口袋妖怪-绿叶 （意大利版）,GBA#2198
gba,Pokemon - Versione Zaffiro (Italy),口袋妖怪-蓝宝石 （意大利版）,GBA#2199
gba,Pokemon - Versione Zaffiro (Italy) (Rev 1),口袋妖怪-蓝宝石 （意大利版） （修正版 1）,GBA#2200
gba,Pokemon Fushigi no Dungeon - Aka no Kyuujotai (Japan),口袋妖怪不可思议的迷宫-红色救助队 （日版）,GBA#2201
gba,"Pokemon Mystery Dungeon - Red Rescue Team (Europe) (En,Fr,De,Es,It)","口袋妖怪不可思议的迷宫-赤之救助队 （欧版） (En,Fr,De,Es,It)",GBA#2202
gba,Pokemon Mystery Dungeon - Red Rescue Team (USA) (Demo) (Kiosk),口袋妖怪不可思议的迷宫-赤之救助队 （美版） （演示版） （商店演示版）,GBA#2203
gba,"Pokemon Mystery Dungeon - Red Rescue Team (USA, Australia)",口袋妖怪不可思议的迷宫-赤之救助队 （美版 澳洲版）,GBA#2204
gba,"Pokemon Pinball - Ruby & Sapphire (Europe) (En,Fr,De,Es,It)","口袋妖怪弹珠台v1.1 （欧版） (En,Fr,De,Es,It)",GBA#2205
gba,Pokemon Pinball - Ruby & Sapphire (Japan),口袋妖怪弹珠台v1.1 （日版）,GBA#2206
gba,Pokemon Pinball - Ruby & Sapphire (Japan) (Rev 1),口袋妖怪弹珠台v1.1 （日版） （修正版 1）,GBA#2207
gba,Pokemon Pinball - Ruby & Sapphire (USA),口袋妖怪弹珠台v1.1 （美版）,GBA#2208
gba,"Polar Express, The (USA, Europe) (En,Fr,De,Es,It)","极地快递 （美版 欧版） (En,Fr,De,Es,It)",GBA#2209
gba,"Polarium Advance (Europe) (En,Fr,De,Es,It)","直感一笔 （欧版） (En,Fr,De,Es,It)",GBA#2210
gba,Polarium Advance (USA),直感一笔 （美版）,GBA#2211
gba,Polarium Advance (USA) (Wii U Virtual Console),直感一笔 （美版） (Wii U Virtual Console),GBA#2212
gba,"Polly Pocket! - Super Splash Island (Europe) (En,Fr,De,Es,It) (DSI)","波利口袋-超级人鱼岛 （欧版） (En,Fr,De,Es,It) (DSI)",GBA#2213
gba,"Polly Pocket! - Super Splash Island (Europe) (En,Fr,De,Es,It) (Vivendi)","波利口袋-超级人鱼岛 （欧版） (En,Fr,De,Es,It) (Vivendi)",GBA#2214
gba,Polly Pocket! - Super Splash Island (USA) (DSI),波利口袋-超级人鱼岛 （美版） (DSI),GBA#2215
gba,Polly Pocket! - Super Splash Island (USA) (Vivendi),波利口袋-超级人鱼岛 （美版） (Vivendi),GBA#2216
gba,Pop Idol (Europe),美国偶像超巨星节拍 （欧版）,GBA#2217
gba,"Popeye - Rush for Spinach (USA, Europe) (En,Fr,De,Es,It)","大力水手-冲向菠菜 （美版 欧版） (En,Fr,De,Es,It)",GBA#2218
gba,"Postman Pat and the Greendale Rocket (Europe) (En,No,Da)","邮差帕特和绿色火箭 （欧版） (En,No,Da)",GBA#2219
gba,Power Poke Dash (Japan),力量口袋职棒冲刺 （日版）,GBA#2220
gba,"Power Pro Kun Pocket 1, 2 (Japan)",实况Q版口袋棒球1+2 （日版）,GBA#2221
gba,"Power Pro Kun Pocket 1, 2 (Japan) (Promo)",实况Q版口袋棒球1+2 （日版） (Promo),GBA#2222
gba,Power Pro Kun Pocket 3 (Japan),实况Q版口袋棒球3 （日版）,GBA#2223
gba,Power Pro Kun Pocket 3 (Japan) (Rev 1),实况Q版口袋棒球3 （日版） （修正版 1）,GBA#2224
gba,Power Pro Kun Pocket 4 (Japan),实况Q版口袋棒球4 （日版）,GBA#2225
gba,Power Pro Kun Pocket 4 (Japan) (Rev 1),实况Q版口袋棒球4 （日版） （修正版 1）,GBA#2226
gba,Power Pro Kun Pocket 5 (Japan),实况Q版口袋棒球5 （日版）,GBA#2227
gba,Power Pro Kun Pocket 5 (Japan) (Promo),实况Q版口袋棒球5 （日版） (Promo),GBA#2228
gba,Power Pro Kun Pocket 5 (Japan) (Rev 1),实况Q版口袋棒球5 （日版） （修正版 1）,GBA#2229
gba,Power Pro Kun Pocket 6 (Japan),实况Q版口袋棒球6 （日版）,GBA#2230
gba,Power Pro Kun Pocket 6 (Japan) (Promo),实况Q版口袋棒球6 （日版） (Promo),GBA#2231
gba,Power Pro Kun Pocket 7 (Japan),实况Q版口袋棒球7 （日版）,GBA#2232
gba,"Power Rangers - Dino Thunder (Europe) (Fr,De)","鸟人战队-巨龙雷鸣 （欧版） (Fr,De)",GBA#2233
gba,"Power Rangers - Dino Thunder (USA, Europe)",鸟人战队-巨龙雷鸣 （美版 欧版）,GBA#2234
gba,Power Rangers - La Force du Temps (France),鸟人战队合集-时间力量 （法国版）,GBA#2235
gba,"Power Rangers - Ninja Storm (Europe) (En,Fr,De)","鸟人战队-武士风暴 （欧版） (En,Fr,De)",GBA#2236
gba,Power Rangers - Ninja Storm (USA),鸟人战队-武士风暴 （美版）,GBA#2237
gba,Power Rangers - Time Force (Germany),鸟人战队-时空大作战 （德国版）,GBA#2238
gba,"Power Rangers - Time Force (USA, Europe)",鸟人战队-时空大作战 （美版 欧版）,GBA#2239
gba,"Power Rangers - Wild Force (USA, Europe)",鸟人战队-荒野力量 （美版 欧版）,GBA#2240
gba,"Power Rangers S.P.D. (Europe) (En,Es,It)","鸟人战队-金刚战士S.P.D. （欧版） (En,Es,It)",GBA#2241
gba,"Power Rangers S.P.D. (Europe) (En,Fr,De)","鸟人战队-金刚战士S.P.D. （欧版） (En,Fr,De)",GBA#2242
gba,"Power Rangers S.P.D. (USA, Europe)",鸟人战队-金刚战士S.P.D. （美版 欧版）,GBA#2243
gba,"Powerpuff Girls, The - Him and Seek (Europe) (En,Fr,De,Es)","喷气女孩Him和Seek （欧版） (En,Fr,De,Es)",GBA#2244
gba,"Powerpuff Girls, The - Him and Seek (USA)",喷气女孩Him和Seek （美版）,GBA#2245
gba,"Powerpuff Girls, The - Mojo Jojo A-Go-Go (Europe) (En,Fr,De,Es,It,Nl)","喷气女孩-魔女啾啾Go （欧版） (En,Fr,De,Es,It,Nl)",GBA#2246
gba,"Powerpuff Girls, The - Mojo Jojo A-Go-Go (USA) (En,Fr,De,Es,It,Nl)","喷气女孩-魔女啾啾Go （美版） (En,Fr,De,Es,It,Nl)",GBA#2247
gba,"Prehistorik Man (USA) (En,Fr,De,Es,It,Nl) (Beta)","摩登原始人 （美版） (En,Fr,De,Es,It,Nl) （测试版）",GBA#2248
gba,"Prehistorik Man (USA, Europe) (En,Fr,De,Es,It,Nl)","摩登原始人 （美版 欧版） (En,Fr,De,Es,It,Nl)",GBA#2249
gba,"Premier Action Soccer (Europe) (En,Fr,De,Es,It)","足球经理 （欧版） (En,Fr,De,Es,It)",GBA#2250
gba,"Premier Manager 2003-04 (Europe) (En,Fr,De,It)","职业足球经理2003-2004 （欧版） (En,Fr,De,It)",GBA#2251
gba,"Premier Manager 2003-04 (Europe) (En,Fr,De,It) (Rev 1)","职业足球经理2003-2004 （欧版） (En,Fr,De,It) （修正版 1）",GBA#2252
gba,"Premier Manager 2004-2005 (Europe) (En,Fr,De,It)","足球经理2004-2005 （欧版） (En,Fr,De,It)",GBA#2253
gba,"Premier Manager 2005-2006 (Europe) (En,Fr,De,It)","足球经理2005-2006 （欧版） (En,Fr,De,It)",GBA#2254
gba,"Prince of Persia - The Sands of Time & Lara Croft Tomb Raider - The Prophecy (Europe) (En,Fr,De,Es,It,Nl+En,Fr,De,Es,It)","2合1-波斯王子+古墓丽影 （欧版） (En,Fr,De,Es,It,Nl+En,Fr,De,Es,It)",GBA#2255
gba,"Prince of Persia - The Sands of Time (Europe) (En,Fr,De,Es,It,Nl)","波斯王子-时之沙 （欧版） (En,Fr,De,Es,It,Nl)",GBA#2256
gba,"Prince of Persia - The Sands of Time (USA) (En,Fr,Es)","波斯王子-时之沙 （美版） (En,Fr,Es)",GBA#2257
gba,"Prince of Persia - The Sands of Time (USA) (En,Fr,Es) (Rev 1)","波斯王子-时之沙 （美版） (En,Fr,Es) （修正版 1）",GBA#2258
gba,"Princess Natasha - Student, Secret Agent, Princess (Europe) (En,Fr,De,Es,It)","娜塔莎公主-学生秘密特工 （欧版） (En,Fr,De,Es,It)",GBA#2259
gba,"Princess Natasha - Student, Secret Agent, Princess (USA)",娜塔莎公主-学生秘密特工 （美版）,GBA#2260
gba,Pro Action Replay (Japan) (Unl),GBA金手指工具 （日版） （非官方版）,GBA#2261
gba,"Pro Beach Soccer (Europe) (En,Fr,De,Es,It,Pt)","职业沙滩足球 （欧版） (En,Fr,De,Es,It,Pt)",GBA#2262
gba,Pro Mahjong Tsuwamono GBA (Japan),职业麻将兵 （日版）,GBA#2263
gba,Pro Tennis WTA Tour (Europe),超真实女子网球-口袋版 （欧版）,GBA#2264
gba,Pro Yakyuu Team o Tsukurou! Advance (Japan),育成棒球 （日版）,GBA#2265
gba,"Proud Family, The (USA)",自豪之家 （美版）,GBA#2266
gba,PukuPuku Tennen Kairanban (Japan),狗狗小镇 （日版）,GBA#2267
gba,PukuPuku Tennen Kairanban - Koi no Cupid Daisakusen (Japan),咕嘟咕嘟天然传阅板-爱神丘比特大作战 （日版）,GBA#2268
gba,PukuPuku Tennen Kairanban - Youkoso! Illusion Land he (Japan),咕嘟咕嘟天然传阅板-欢迎来到梦幻乐园 （日版）,GBA#2269
gba,"Punch King - Arcade Boxing (Europe) (En,Fr,Es)","击倒王 （欧版） (En,Fr,Es)",GBA#2270
gba,Punch King - Arcade Boxing (USA),击倒王 （美版）,GBA#2271
gba,Puppy Luv - Spa and Resort (USA),爱心宠物狗-狗狗疗养院 （美版）,GBA#2272
gba,"Puyo Pop (Europe) (En,Ja)","魔法气泡大会战 （欧版） (En,Ja)",GBA#2273
gba,"Puyo Pop (USA) (En,Ja)","魔法气泡大会战 （美版） (En,Ja)",GBA#2274
gba,Puyo Pop - Endless Version (USA) (GameCube),魔法气泡 无尽版 （美版） (GameCube),GBA#2275
gba,Puyo Pop - Endless Version (USA) (Ja) (GameCube),魔法气泡 无尽版 （美版） (Ja) (GameCube),GBA#2276
gba,"Puyo Pop Fever (Europe) (En,Fr,De,Es,It)","魔法气泡大会战-狂热版 （欧版） (En,Fr,De,Es,It)",GBA#2277
gba,"Puyo Puyo Fever (Japan) (En,Ja,Fr,De,Es,It)","魔法气泡大会战2 （日版） (En,Ja,Fr,De,Es,It)",GBA#2278
gba,Puzzle & Tantei Collection (Japan),方块&侦探游戏合集 （日版）,GBA#2279
gba,Pyuu to Fuku! Jaguar - Byoo to Deru! Megane-kun (Japan),眼睛君 （日版）,GBA#2280
gba,"Quad Desert Fury (USA, Europe)",沙漠狂暴人竞技赛车 （美版 欧版）,GBA#2281
gba,Qui Veut Gagner des Millions (France),谁想成为百万富翁 （法国版）,GBA#2282
gba,Quiere Ser Millonario (Spain),谁想成为百万富翁 （西班牙版）,GBA#2283
gba,Qwak (Europe) (Demo) (Unl),夸克 （欧版） （演示版） （非官方版）,GBA#2284
gba,"Qwak (Europe) (En,Fr,De,Es,It) (Unl)","夸克 （欧版） (En,Fr,De,Es,It) （非官方版）",GBA#2285
gba,"R-Type III - The Third Lightning (Europe) (En,Fr,De,Es,It)","R飞行队III （欧版） (En,Fr,De,Es,It)",GBA#2286
gba,R-Type III - The Third Lightning (USA),R飞行队III （美版）,GBA#2287
gba,"Racing Fever (Europe) (En,De,Es,It)","火热赛车 （欧版） (En,De,Es,It)",GBA#2288
gba,Racing Fever (France),火热赛车 （法国版）,GBA#2289
gba,"Racing Gears Advance (Europe) (En,Fr,De,Es,It)","高速赛车 （欧版） (En,Fr,De,Es,It)",GBA#2290
gba,Racing Gears Advance (USA),高速赛车 （美版）,GBA#2291
gba,"Rampage - Puzzle Attack (USA, Europe)",毁灭金刚方块 （美版 欧版）,GBA#2292
gba,"Rapala Pro Fishing (USA, Europe)",诺马职业钓鱼 （美版 欧版）,GBA#2293
gba,"Ratatouille (Europe) (En,It,Sv,No,Da)","料理鼠王 （欧版） (En,It,Sv,No,Da)",GBA#2294
gba,"Ratatouille (Europe) (Es,Pt)","料理鼠王 （欧版） (Es,Pt)",GBA#2295
gba,"Ratatouille (Europe) (Fr,De,Nl)","料理鼠王 （欧版） (Fr,De,Nl)",GBA#2296
gba,Ratatouille (USA),料理鼠王 （美版）,GBA#2297
gba,Rave Master - Special Attack Force! (USA),圣石小子-特殊武力! （美版）,GBA#2298
gba,"Rayman - 10th Anniversary (Europe) (En,Fr,De,Es,It,Nl,Sv,No,Da,Fi)","游戏2合1-雷曼10周年纪念版合集 （欧版） (En,Fr,De,Es,It,Nl,Sv,No,Da,Fi)",GBA#2299
gba,"Rayman - 10th Anniversary (USA) (En,Fr,De,Es,It)","游戏2合1-雷曼10周年纪念版合集 （美版） (En,Fr,De,Es,It)",GBA#2300
gba,"Rayman - Hoodlum's Revenge (USA) (En,Fr,Es)","雷曼-阿飞复仇 （美版） (En,Fr,Es)",GBA#2301
gba,"Rayman - Hoodlums' Revenge (Europe) (En,Fr,De,Es,It,Nl)","雷曼-阿飞复仇 （欧版） (En,Fr,De,Es,It,Nl)",GBA#2302
gba,"Rayman - Raving Rabbids (Europe) (En,Fr,De,Es,It,Nl)","雷曼-疯狂兔子 （欧版） (En,Fr,De,Es,It,Nl)",GBA#2303
gba,"Rayman - Raving Rabbids (USA) (En,Fr,Es)","雷曼-疯狂兔子 （美版） (En,Fr,Es)",GBA#2304
gba,"Rayman 3 (Europe) (En,Fr,De,Es,It,Nl,Sv,No,Da,Fi)","雷曼3 （欧版） (En,Fr,De,Es,It,Nl,Sv,No,Da,Fi)",GBA#2305
gba,"Rayman 3 (Europe) (En,Fr,De,Es,It,Nl,Sv,No,Da,Fi) (Beta)","雷曼3 （欧版） (En,Fr,De,Es,It,Nl,Sv,No,Da,Fi) （测试版）",GBA#2306
gba,"Rayman 3 (USA) (En,Fr,Es)","雷曼3 （美版） (En,Fr,Es)",GBA#2307
gba,"Rayman Advance (Europe) (En,Fr,De,Es,It)","雷曼A （欧版） (En,Fr,De,Es,It)",GBA#2308
gba,"Rayman Advance (Europe) (En,Fr,De,Es,It) (Beta)","雷曼A （欧版） (En,Fr,De,Es,It) （测试版）",GBA#2309
gba,"Rayman Advance (USA) (En,Fr,De,Es,It)","雷曼A （美版） (En,Fr,De,Es,It)",GBA#2310
gba,"Razbitume! - Restez Branches! (Europe) (En,Fr)","我们一起成长 （欧版） (En,Fr)",GBA#2311
gba,"Razmoket Rencontrent les Delajungle, Les (France)",小淘气丛林历险记 （法国版）,GBA#2312
gba,"Razmoket, Les - A Moi la Fiesta (France)",小淘气-我要参加宴会 （法国版）,GBA#2313
gba,"Razmoket, Les - Voler N'Est Pas Jouer (France)",小淘气-城堡冒险 （法国版）,GBA#2314
gba,Razor Freestyle Scooter (USA),劲爆单脚滑行车 （美版）,GBA#2315
gba,"Ready 2 Rumble Boxing - Round 2 (Europe) (En,Fr,De)","暴力拳击2 （欧版） (En,Fr,De)",GBA#2316
gba,Ready 2 Rumble Boxing - Round 2 (USA),暴力拳击2 （美版）,GBA#2317
gba,"Rebelstar - Tactical Command (Europe) (En,Fr,De,Es,It)","惑星指令 （欧版） (En,Fr,De,Es,It)",GBA#2318
gba,Rebelstar - Tactical Command (USA),惑星指令 （美版）,GBA#2319
gba,Recca no Honoo - The Game (Japan),烈火之炎 （日版）,GBA#2320
gba,"Reign of Fire (Europe) (En,Fr,De,Es,It)","火焰统治-火龙帝国 （欧版） (En,Fr,De,Es,It)",GBA#2321
gba,"Reign of Fire (USA) (En,Fr,De,Es,It)","火焰统治-火龙帝国 （美版） (En,Fr,De,Es,It)",GBA#2322
gba,Relaxuma na Mainichi (Japan),利乐熊的每一天 （日版）,GBA#2323
gba,Rescue Heroes - Billy Blazes! (USA),救援英雄-比利布雷斯! （美版）,GBA#2324
gba,Resident Evil 2 (Unknown) (Proto),生化危机2 （未知） （工程版）,GBA#2325
gba,"Revenge of Shinobi, The (Europe) (En,Fr,De,Es,It)","忍者的复仇 （欧版） (En,Fr,De,Es,It)",GBA#2326
gba,"Revenge of Shinobi, The (Europe) (En,Fr,De,Es,It) (Beta)","忍者的复仇 （欧版） (En,Fr,De,Es,It) （测试版）",GBA#2327
gba,"Revenge of Shinobi, The (USA)",忍者的复仇 （美版）,GBA#2328
gba,"Revenge of the Smurfs, The (Europe) (En,Fr,De,Es,It,Nl)","蓝精灵Smurfs的复仇 （欧版） (En,Fr,De,Es,It,Nl)",GBA#2329
gba,Rhythm Tengoku (Japan),旋律天国 （日版）,GBA#2330
gba,Rhythm Tengoku (Japan) (Demo) (Kiosk),旋律天国 （日版） （演示版） （商店演示版）,GBA#2331
gba,Rhythm Tengoku (Japan) (Rev 1),旋律天国 （日版） （修正版 1）,GBA#2332
gba,"Ripping Friends, The - The World's Most Manly Men! (USA, Europe)",顶级朋友 （美版 欧版）,GBA#2333
gba,River City Ransom EX (USA),热血物语EX （美版）,GBA#2334
gba,Riviera - The Promised Land (USA),约束之地 （美版）,GBA#2335
gba,Riviera - Yakusoku no Chi Riviera (Japan),约束之地Riviera （日版）,GBA#2336
gba,Riviera - Yakusoku no Chi Riviera (Japan) (Rev 1),约束之地Riviera （日版） （修正版 1）,GBA#2337
gba,"Road Rash - Jailbreak (Europe) (En,Fr,De,Es,It)","暴力摩托车 （欧版） (En,Fr,De,Es,It)",GBA#2338
gba,Road Rash - Jailbreak (USA),暴力摩托车 （美版）,GBA#2339
gba,Robopon 2 - Cross Version (USA),机甲宝贝2-十字版 （美版）,GBA#2340
gba,Robopon 2 - Ring Version (USA),机甲宝贝2-铃铛版 （美版）,GBA#2341
gba,Robot Poncots 2 - Cross Version (Japan),机甲宝贝兵2-十字版 （日版）,GBA#2342
gba,Robot Poncots 2 - Ring Version (Japan),机甲宝贝兵2-铃铛版 （日版）,GBA#2343
gba,"Robot Wars - Advanced Destruction (Europe) (En,Fr,De,Es,It)","遥控机器人大战之无尽的毁灭 （欧版） (En,Fr,De,Es,It)",GBA#2344
gba,Robot Wars - Advanced Destruction (USA),遥控机器人大战之无尽的毁灭 （美版）,GBA#2345
gba,"Robot Wars - Extreme Destruction (Europe) (En,Fr,De,Es,It,Nl)","遥控机器人大战之无尽的毁灭 （欧版） (En,Fr,De,Es,It,Nl)",GBA#2346
gba,"Robotech - The Macross Saga (USA, Europe) (En,Fr,De,Es,It,Nl)","太空堡垒 （美版 欧版） (En,Fr,De,Es,It,Nl)",GBA#2347
gba,"Robots (Europe) (En,Fr,De,Es,It)","机器人 （欧版） (En,Fr,De,Es,It)",GBA#2348
gba,Robots (Japan),机器人 （日版）,GBA#2349
gba,Robots (USA),机器人 （美版）,GBA#2350
gba,Rock 'N Roll Racing (Europe),摇滚赛车 （欧版）,GBA#2351
gba,Rock 'N Roll Racing (USA),摇滚赛车 （美版）,GBA#2352
gba,"Rock'em Sock'em Robots (Europe) (En,Fr,De,Es,It)","格斗机器人 （欧版） (En,Fr,De,Es,It)",GBA#2353
gba,Rock'em Sock'em Robots (USA),格斗机器人 （美版）,GBA#2354
gba,"Rocket Power - Beach Bandits (USA, Europe)",急速动力-沙滩强盗 （美版 欧版）,GBA#2355
gba,"Rocket Power - Beach Bandits (USA, Europe) (v0.14) (Beta)",急速动力-沙滩强盗 （美版 欧版） (v0.14) （测试版）,GBA#2356
gba,"Rocket Power - Dream Scheme (USA, Europe)",急速动力-梦之计划 （美版 欧版）,GBA#2357
gba,Rocket Power - Le Cauchemar d'Otto (France),急速动力-梦之计划 （法国版）,GBA#2358
gba,Rocket Power - Zero Gravity Zone (USA),急速动力-零重力赛场 （美版）,GBA#2359
gba,Rockman & Forte (Japan),洛克人与佛鲁迪 （日版）,GBA#2360
gba,Rockman EXE 4 - Tournament Blue Moon (Japan),洛克人战斗网络EXE4-蓝月亮 （日版）,GBA#2361
gba,Rockman EXE 4 - Tournament Blue Moon (Japan) (Rev 1) (Wii U Virtual Console),洛克人战斗网络EXE4-蓝月亮 （日版） （修正版 1） (Wii U Virtual Console),GBA#2362
gba,Rockman EXE 4 - Tournament Red Sun (Japan),洛克人战斗网络EXE4-红太阳 （日版）,GBA#2363
gba,Rockman EXE 4 - Tournament Red Sun (Japan) (Rev 1),洛克人战斗网络EXE4-红太阳 （日版） （修正版 1）,GBA#2364
gba,Rockman EXE 4.5 - Real Operation (Japan),洛克人战斗网络EXE4.5-真实演习 （日版）,GBA#2365
gba,Rockman EXE 4.5 - Real Operation (Japan) (Wii U Virtual Console),洛克人战斗网络EXE4.5-真实演习 （日版） (Wii U Virtual Console),GBA#2366
gba,Rockman EXE 5 - Team of Blues (Japan),洛克人战斗网络EXE5-普洛特曼之队 （日版）,GBA#2367
gba,Rockman EXE 5 - Team of Colonel (Japan),洛克人战斗网络EXE5-卡奈尔之队 （日版）,GBA#2368
gba,Rockman EXE 6 - Dennoujuu Falzar (Japan),洛克人战斗网络EXE 6-电脑兽法尔扎 （日版）,GBA#2369
gba,Rockman EXE 6 - Dennoujuu Falzar (Japan) (Wii U Virtual Console),洛克人战斗网络EXE 6-电脑兽法尔扎 （日版） (Wii U Virtual Console),GBA#2370
gba,Rockman EXE 6 - Dennoujuu Gregar (Japan),洛克人战斗网络EXE 6-电脑兽格莱伽 （日版）,GBA#2371
gba,Rockman EXE 6 - Dennoujuu Gregar (Japan) (Wii U Virtual Console),洛克人战斗网络EXE 6-电脑兽格莱伽 （日版） (Wii U Virtual Console),GBA#2372
gba,Rockman EXE Battle Chip GP (Japan),洛克人EXE战斗芯片锦标赛 （日版）,GBA#2373
gba,Rockman Zero (Japan),洛克人ZERO1 （日版）,GBA#2374
gba,Rockman Zero 2 (Japan),洛克人ZERO2 （日版）,GBA#2375
gba,Rockman Zero 3 (Japan),洛克人ZERO3 （日版）,GBA#2376
gba,Rockman Zero 4 (Japan),洛克人ZERO4 （日版）,GBA#2377
gba,"Rocky (Europe) (En,Fr,De,Es,It)","洛奇拳击 （欧版） (En,Fr,De,Es,It)",GBA#2378
gba,"Rocky (USA) (En,Fr,De,Es,It)","洛奇拳击 （美版） (En,Fr,De,Es,It)",GBA#2379
gba,RPG Tsukuru Advance (Japan),RPG工具 （日版）,GBA#2380
gba,"Rugrats - Castle Capers (USA, Europe)",小淘气-跳跃城堡 （美版 欧版）,GBA#2381
gba,"Rugrats - Go Wild (USA, Europe)",鲁加特野外历险记 （美版 欧版）,GBA#2382
gba,"Rugrats - I Gotta Go Party (USA, Europe)",小淘气-我要参加宴会 （美版 欧版）,GBA#2383
gba,Rugrats - Travesuras en el Castillo (Spain),小淘气-城堡冒险 （西班牙版）,GBA#2384
gba,"Sabre Wulf (Europe) (En,Fr,De)","剑齿虎 （欧版） (En,Fr,De)",GBA#2385
gba,Sabre Wulf (USA),剑齿虎 （美版）,GBA#2386
gba,"Sabrina the Teenage Witch - Potion Commotion (Europe) (En,Fr,De,Es,It,Nl)","年轻的女巫塞布丽娜 （欧版） (En,Fr,De,Es,It,Nl)",GBA#2387
gba,"Sabrina the Teenage Witch - Potion Commotion (USA) (En,Fr,Es)","年轻的女巫塞布丽娜 （美版） (En,Fr,Es)",GBA#2388
gba,Saibara Rieko no Dendou Mahjong (Japan),西原理惠子之殿堂麻雀 （日版）,GBA#2389
gba,Sakura Momoko no UkiUki Carnival (Japan),嘉年华会 （日版）,GBA#2390
gba,"Salt Lake 2002 (Europe) (En,Fr,De,Es,It,Nl)","盐湖城冬季奥运会2002 （欧版） (En,Fr,De,Es,It,Nl)",GBA#2391
gba,"Salt Lake 2002 (USA) (En,Fr,De,Es,It,Nl)","盐湖城冬季奥运会2002 （美版） (En,Fr,De,Es,It,Nl)",GBA#2392
gba,Samsara Naga 1x2 (Japan),育龙战记1x2 （日版）,GBA#2393
gba,Samsara Naga 1x2 (Japan) (Rev 1),育龙战记1x2 （日版） （修正版 1）,GBA#2394
gba,Samsara Naga 1x2 (Japan) (Rev 2),育龙战记1x2 （日版） （修正版 2）,GBA#2395
gba,Samurai Deeper Kyo (Japan),鬼眼狂刀-京 （日版）,GBA#2396
gba,Samurai Deeper Kyo (USA),鬼眼狂刀-京 （美版）,GBA#2397
gba,Samurai Evolution - Oukoku Geist (Japan),樱国之魂 （日版）,GBA#2398
gba,"Samurai Jack - The Amulet of Time (USA, Europe)",日本武士杰克-时间之护身符 （美版 欧版）,GBA#2399
gba,Sangokushi (Japan),三国志 （日版）,GBA#2400
gba,Sangokushi - Eiketsuden (Japan),三国志英杰传 （日版）,GBA#2401
gba,Sangokushi - Koumeiden (Japan),三国志孔明传 （日版）,GBA#2402
gba,Sanrio Puroland - All Characters (Japan),三丽鸥漫画全明星 （日版）,GBA#2403
gba,Santa Claus Jr. Advance (Europe),圣诞老人 （欧版）,GBA#2404
gba,Santa Claus Jr. Advance (Europe) (Beta),圣诞老人 （欧版） （测试版）,GBA#2405
gba,Santa Claus Saves the Earth (Europe),圣诞老人救地球 （欧版）,GBA#2406
gba,"Santa Clause 3, The - The Escape Clause (USA)",圣诞老人3-出逃的圣诞老人 （美版）,GBA#2407
gba,Scan Hunter - Sennen Kaigyo o Oe! (Japan),扫描猎人-追击千年怪鱼! （日版）,GBA#2408
gba,Scooby-Doo (Europe),史诺比-真人照片版 （欧版）,GBA#2409
gba,Scooby-Doo (France),史诺比-真人照片版 （法国版）,GBA#2410
gba,Scooby-Doo (Germany),史诺比-真人照片版 （德国版）,GBA#2411
gba,Scooby-Doo (Spain),史诺比-真人照片版 （西班牙版）,GBA#2412
gba,Scooby-Doo (USA),史诺比-真人照片版 （美版）,GBA#2413
gba,"Scooby-Doo 2 - Monsters Unleashed (Europe) (En,Fr,De,Es,It)","史酷比2-脱缰的怪物 （欧版） (En,Fr,De,Es,It)",GBA#2414
gba,"Scooby-Doo 2 - Monsters Unleashed (USA, Europe)",史酷比2-脱缰的怪物 （美版 欧版）,GBA#2415
gba,"Scooby-Doo and the Cyber Chase (Europe) (En,Fr,De)","史诺比鬼屋历险 （欧版） (En,Fr,De)",GBA#2416
gba,"Scooby-Doo and the Cyber Chase (USA, Europe)",史诺比鬼屋历险 （美版 欧版）,GBA#2417
gba,"Scooby-Doo! - Mystery Mayhem (Europe) (En,Fr,De)","史诺比鬼屋历险-隐秘的罪证 （欧版） (En,Fr,De)",GBA#2418
gba,"Scooby-Doo! - Mystery Mayhem (USA) (En,Fr)","史诺比鬼屋历险-隐秘的罪证 （美版） (En,Fr)",GBA#2419
gba,"Scooby-Doo! - Unmasked (Europe) (En,Fr)","史酷比 （欧版） (En,Fr)",GBA#2420
gba,"Scooby-Doo! - Unmasked (Europe) (Es,It)","史酷比 （欧版） (Es,It)",GBA#2421
gba,"Scooby-Doo! - Unmasked (USA) (En,Fr)","史酷比 （美版） (En,Fr)",GBA#2422
gba,"Scorpion King, The - Sword of Osiris (Europe) (En,Fr,De,Es,It)","蝎子王-大地之剑 （欧版） (En,Fr,De,Es,It)",GBA#2423
gba,"Scorpion King, The - Sword of Osiris (USA)",蝎子王-大地之剑 （美版）,GBA#2424
gba,"Scrabble (Europe) (En,Fr,De,Es)","拼字游戏 （欧版） (En,Fr,De,Es)",GBA#2425
gba,Scrabble Blast! (USA),拼字游戏! （美版）,GBA#2426
gba,Scrabble Scramble! (Europe),混乱拼字 （欧版）,GBA#2427
gba,"Scrabble Scramble! (Europe) (En,Fr,De,Es,It,Nl)","混乱拼字 （欧版） (En,Fr,De,Es,It,Nl)",GBA#2428
gba,Screw Breaker - Goushin DoriRureRo (Japan),螺旋钻地小子-轰阵 （日版）,GBA#2429
gba,"Scurge - Hive (Europe) (En,Fr,De,Es,It)","蜂巢 （欧版） (En,Fr,De,Es,It)",GBA#2430
gba,"Scurge - Hive (USA) (En,Fr,Es)","蜂巢 （美版） (En,Fr,Es)",GBA#2431
gba,SD Gundam Force (Japan) (En),SD高达力量 （日版） (En),GBA#2432
gba,SD Gundam Force (USA),SD高达力量 （美版）,GBA#2433
gba,SD Gundam G Generation Advance (Japan),SD高达G世纪 （日版）,GBA#2434
gba,Sea Trader - Rise of Taipan (USA),商人之海-Taipan的繁荣 （美版）,GBA#2435
gba,"Secret Agent Barbie - Royal Jewels Mission (Europe) (En,Fr,De,Es,It)","芭比秘密间谍 （欧版） (En,Fr,De,Es,It)",GBA#2436
gba,Secret Agent Barbie - Royal Jewels Mission (USA),芭比秘密间谍 （美版）,GBA#2437
gba,"SEGA Arcade Gallery (Europe) (En,Fr,De,Es,It)","世嘉街机游戏集锦 （欧版） (En,Fr,De,Es,It)",GBA#2438
gba,SEGA Arcade Gallery (USA),世嘉街机游戏集锦 （美版）,GBA#2439
gba,SEGA Rally Championship (Europe),世嘉拉力锦标赛车 （欧版）,GBA#2440
gba,SEGA Rally Championship (Japan) (En),世嘉拉力锦标赛车 （日版） (En),GBA#2441
gba,SEGA Rally Championship (USA),世嘉拉力锦标赛车 （美版）,GBA#2442
gba,SEGA Smash Pack (Europe),世嘉街机游戏合集 （欧版）,GBA#2443
gba,SEGA Smash Pack (USA),世嘉街机游戏合集 （美版）,GBA#2444
gba,Sengoku Kakumei Gaiden (Japan),战国革命外传 （日版）,GBA#2445
gba,Sennen Kazoku (Japan),千年家族 （日版）,GBA#2446
gba,Sennen Kazoku (Japan) (Rev 1),千年家族 （日版） （修正版 1）,GBA#2447
gba,Sentouin Yamada Hajime (Japan),战斗员山田一 （日版）,GBA#2448
gba,"Serious Sam Advance (Europe) (En,Fr,De)","英雄萨姆A （欧版） (En,Fr,De)",GBA#2449
gba,"Serious Sam Advance (USA) (En,Fr,De)","英雄萨姆A （美版） (En,Fr,De)",GBA#2450
gba,Shaman King - Legacy of the Spirits - Soaring Hawk (USA),通灵王-精神遗产之翱翔之鹰 （美版）,GBA#2451
gba,Shaman King - Legacy of the Spirits - Sprinting Wolf (USA),通灵王-精神遗产之疾速之狼通灵王-精神遗产之疾速之狼 （美版）,GBA#2452
gba,"Shaman King - Master of Spirits (Europe) (En,Fr,De)","通灵王1-精神大师 （欧版） (En,Fr,De)",GBA#2453
gba,Shaman King - Master of Spirits (USA),通灵王1-精神大师 （美版）,GBA#2454
gba,"Shaman King - Master of Spirits 2 (Europe) (En,Fr,De)","通灵王-精神大师2 （欧版） (En,Fr,De)",GBA#2455
gba,Shaman King - Master of Spirits 2 (USA),通灵王-精神大师2 （美版）,GBA#2456
gba,Shaman King Card Game - Chou Senjiryakketsu 2 (Japan),超·占事略决2 （日版）,GBA#2457
gba,Shaman King Card Game - Chou Senjiryakketsu 3 (Japan),通灵王-超·占士略决3 （日版）,GBA#2458
gba,Shamu's Deep Sea Adventures (Europe),深海冒险 （欧版）,GBA#2459
gba,Shamu's Deep Sea Adventures (USA),深海冒险 （美版）,GBA#2460
gba,Shanghai Advance (Japan),上海 （日版）,GBA#2461
gba,"Shark Tale (Europe) (Fr,De,Es)","鲨鱼故事 （欧版） (Fr,De,Es)",GBA#2462
gba,Shark Tale (Italy),鲨鱼故事 （意大利版）,GBA#2463
gba,Shark Tale (Japan),鲨鱼故事 （日版）,GBA#2464
gba,"Shark Tale (USA, Europe)",鲨鱼故事 （美版 欧版）,GBA#2465
gba,Shaun Palmer's Pro Snowboarder (Germany),夏恩·派蒙的职业滑雪板 （德国版）,GBA#2466
gba,"Shaun Palmer's Pro Snowboarder (USA, Europe)",夏恩·派蒙的职业滑雪板 （美版 欧版）,GBA#2467
gba,"Sheep (Europe) (En,Fr,De,Es,It)","绵羊之心 （欧版） (En,Fr,De,Es,It)",GBA#2468
gba,Shifting Gears - Road Trip (USA),迷你Q版赛车2代变速齿轮之公路旅行 （美版）,GBA#2469
gba,"Shikakui Atama o Maruku Suru. Advance - Kanji, Keisan (Japan)",方脑壳脑力修行-汉字-计算 （日版）,GBA#2470
gba,"Shikakui Atama o Maruku Suru. Advance - Kokugo, Sansuu, Shakai, Rika (Japan)",方脑壳脑力修行-国语-算术-理科-社会 （日版）,GBA#2471
gba,Shimura Ken no Baka Tonosama - Bakushou Tenka Touitsu Game (Japan),志村健之白痴殿下-爆笑天下统一游戏 （日版）,GBA#2472
gba,Shimura Ken no Baka Tonosama - Bakushou Tenka Touitsu Game (Japan) (Rev 1),志村健之白痴殿下-爆笑天下统一游戏 （日版） （修正版 1）,GBA#2473
gba,Shin Bokura no Taiyou - Gyakushuu no Sabata (Japan),我们的太阳3-萨巴塔的逆袭 （日版）,GBA#2474
gba,Shin chan - Aventuras en Cineland (Spain),蜡笔小新 （西班牙版）,GBA#2475
gba,Shin chan contra los Munecos de Shock Gahn (Spain),蜡笔小新-食玩都大冒险 （西班牙版）,GBA#2476
gba,Shin Kisekae Monogatari (Japan),新换装物语 （日版）,GBA#2477
gba,Shin Megami Tensei (Japan),真女神转生 （日版）,GBA#2478
gba,Shin Megami Tensei Devil Children - Hikari no Sho (Japan),真女神转生-光之书 （日版）,GBA#2479
gba,Shin Megami Tensei Devil Children - Honoo no Sho (Japan),真女神转生-炎之书 （日版）,GBA#2480
gba,Shin Megami Tensei Devil Children - Koori no Sho (Japan),真女神转生-冰之书 （日版）,GBA#2481
gba,Shin Megami Tensei Devil Children - Messiah Riser (Japan),真女神转生-恶魔少年 （日版）,GBA#2482
gba,Shin Megami Tensei Devil Children - Puzzle de Call! (Japan),真女神转生-恶魔之子! （日版）,GBA#2483
gba,Shin Megami Tensei Devil Children - Yami no Sho (Japan),真女神转生-暗之书 （日版）,GBA#2484
gba,Shin Megami Tensei Devil Children - Yami no Sho (Japan) (Beta),真女神转生-暗之书 （日版） （测试版）,GBA#2485
gba,Shin Megami Tensei II (Japan),真女神转生2 （日版）,GBA#2486
gba,Shin Nihon Pro Wrestling - Toukon Retsuden Advance (Japan),新日本职业摔跤-斗魂烈传 （日版）,GBA#2487
gba,Shin Sangoku Musou Advance (Japan),真·三国无双 （日版）,GBA#2488
gba,Shin Sangoku Musou Advance (Japan) (Rev 1),真·三国无双 （日版） （修正版 1）,GBA#2489
gba,Shingata Medarot - Kabuto Version (Japan),真型美达人-甲冑版 （日版）,GBA#2490
gba,Shingata Medarot - Kuwagata Version (Japan),真型美达人-锹型虫版 （日版）,GBA#2491
gba,Shining Force - Kuroki Ryuu no Fukkatsu (Japan),光明力量-暗黑龙的复活 （日版）,GBA#2492
gba,"Shining Force - Resurrection of the Dark Dragon (Europe) (En,Fr,De,Es,It)","光明力量-暗黑龙的复活 （欧版） (En,Fr,De,Es,It)",GBA#2493
gba,Shining Force - Resurrection of the Dark Dragon (USA),光明力量-暗黑龙的复活 （美版）,GBA#2494
gba,"Shining Soul (Europe) (En,Fr,De,Es,It)","光明之魂1 （欧版） (En,Fr,De,Es,It)",GBA#2495
gba,Shining Soul (Japan),光明之魂1 （日版）,GBA#2496
gba,Shining Soul (USA),光明之魂1 （美版）,GBA#2497
gba,"Shining Soul II (Europe) (En,Fr,De,Es,It)","光明之魂2 （欧版） (En,Fr,De,Es,It)",GBA#2498
gba,Shining Soul II (Japan),光明之魂2 （日版）,GBA#2499
gba,Shining Soul II (USA),光明之魂2 （美版）,GBA#2500
gba,Shinyaku Seiken Densetsu (Japan),新约圣剑传说 （日版）,GBA#2501
gba,Shiren Monsters - Netsal (Japan),风来西林怪兽足球 （日版）,GBA#2502
gba,"Shrek - Hassle at the Castle (Europe) (En,Fr,De,Es,It,Nl)","怪物史瑞克在城堡的激战 （欧版） (En,Fr,De,Es,It,Nl)",GBA#2503
gba,"Shrek - Hassle at the Castle (USA) (En,Fr,De,Es,It,Nl)","怪物史瑞克在城堡的激战 （美版） (En,Fr,De,Es,It,Nl)",GBA#2504
gba,"Shrek - Reekin' Havoc (Europe) (En,Fr,De,Es,It,Nl)","怪物史瑞克-恶臭大灾难 （欧版） (En,Fr,De,Es,It,Nl)",GBA#2505
gba,"Shrek - Reekin' Havoc (USA) (En,Fr,De,Es,It,Nl)","怪物史瑞克-恶臭大灾难 （美版） (En,Fr,De,Es,It,Nl)",GBA#2506
gba,"Shrek - Smash n' Crash Racing (Europe) (En,Fr,De,Es,It)","史莱克赛车 （欧版） (En,Fr,De,Es,It)",GBA#2507
gba,Shrek - Smash n' Crash Racing (USA),史莱克赛车 （美版）,GBA#2508
gba,"Shrek - Super Slam (Europe) (En,Fr,De,Es,It,Nl)","史瑞克-超级撞击 （欧版） (En,Fr,De,Es,It,Nl)",GBA#2509
gba,Shrek - Super Slam (USA),史瑞克-超级撞击 （美版）,GBA#2510
gba,"Shrek - Swamp Kart Speedway (USA) (En,Fr,De,Es,It,Nl) (Rev 1)","怪物史瑞克沼泽赛车 （美版） (En,Fr,De,Es,It,Nl) （修正版 1）",GBA#2511
gba,"Shrek - Swamp Kart Speedway (USA, Europe) (En,Fr,De,Es,It,Nl)","怪物史瑞克沼泽赛车 （美版 欧版） (En,Fr,De,Es,It,Nl)",GBA#2512
gba,"Shrek 2 (Europe) (Fr,De,Es,It,Sv)","怪物史瑞克2 （欧版） (Fr,De,Es,It,Sv)",GBA#2513
gba,"Shrek 2 (USA, Europe)",怪物史瑞克2 （美版 欧版）,GBA#2514
gba,"Shrek 2 - Beg for Mercy (Europe) (Fr,De,Es,It)","史莱克2-穿长靴的猫 （欧版） (Fr,De,Es,It)",GBA#2515
gba,"Shrek 2 - Beg for Mercy (USA, Europe)",史莱克2-穿长靴的猫 （美版 欧版）,GBA#2516
gba,"Shrek the Third (Europe) (En,Fr,De,Es,It,Nl)","史莱克3 （欧版） (En,Fr,De,Es,It,Nl)",GBA#2517
gba,Shrek the Third (USA),史莱克3 （美版）,GBA#2518
gba,"Sigma Star Saga (USA, Europe)",西格马星际传奇 （美版 欧版）,GBA#2519
gba,"Silent Scope (Europe) (En,Fr,De,Es,It)","沉默的狙击手 （欧版） (En,Fr,De,Es,It)",GBA#2520
gba,Silent Scope (Japan),沉默的狙击手 （日版）,GBA#2521
gba,"Silent Scope (USA) (En,Fr,De,Es,It)","沉默的狙击手 （美版） (En,Fr,De,Es,It)",GBA#2522
gba,Silk to Cotton (Japan),丝绸到棉花 （日版）,GBA#2523
gba,"SimCity 2000 (Europe) (En,Fr,De,Es,It)","模拟城市2000 （欧版） (En,Fr,De,Es,It)",GBA#2524
gba,"SimCity 2000 (Europe) (En,Fr,De,Es,It) (Rev 1)","模拟城市2000 （欧版） (En,Fr,De,Es,It) （修正版 1）",GBA#2525
gba,SimCity 2000 (USA),模拟城市2000 （美版）,GBA#2526
gba,SimCity 2000 (USA) (Rev 1),模拟城市2000 （美版） （修正版 1）,GBA#2527
gba,"Simple 2960 Tomodachi Series Vol. 1 - The Table Game Collection - Mahjong, Shougi, Hanafuda, Reversi (Japan)",简单2960第一集-桌面游戏 （日版）,GBA#2528
gba,Simple 2960 Tomodachi Series Vol. 2 - The Block Kuzushi (Japan),简单2960第二集-打砖块障碍崩溃 （日版）,GBA#2529
gba,Simple 2960 Tomodachi Series Vol. 2 - The Block Kuzushi (Japan) (Rev 1),简单2960第二集-打砖块障碍崩溃 （日版） （修正版 1）,GBA#2530
gba,Simple 2960 Tomodachi Series Vol. 3 - The Itsudemo Puzzle - Massugu Soroete Straws (Japan),简单2960第一集-桌面游戏 （日版）,GBA#2531
gba,Simple 2960 Tomodachi Series Vol. 4 - The Trump - Minna de Asoberu 12 Shurui no Trump Game (Japan),简单2960第四集-王牌扑克 （日版）,GBA#2532
gba,Simple 2960 Tomodachi Series Vol. 4 - The Trump - Minna de Asoberu 12 Shurui no Trump Game (Japan) (Rev 1),简单2960第四集-王牌扑克 （日版） （修正版 1）,GBA#2533
gba,"Simpsons, The - Road Rage (Europe) (En,Fr,De,Es,It)","辛普森疯狂大道赛车 （欧版） (En,Fr,De,Es,It)",GBA#2534
gba,"Simpsons, The - Road Rage (USA, Europe)",辛普森疯狂大道赛车 （美版 欧版）,GBA#2535
gba,"Sims 2, The (USA, Europe) (En,Fr,De,Es,It,Nl)","模拟人生2 （美版 欧版） (En,Fr,De,Es,It,Nl)",GBA#2536
gba,"Sims 2, The - Pets (Europe) (En,Fr,De,Es,It,Nl)","模拟人生2-宠物 （欧版） (En,Fr,De,Es,It,Nl)",GBA#2537
gba,"Sims 2, The - Pets (USA, Europe)",模拟人生2-宠物 （美版 欧版）,GBA#2538
gba,"Sims, The (Japan)",模拟人生-纯属意外 （日版）,GBA#2539
gba,"Sims, The - Bustin' Out (USA) (En,Fr,De,Es,It,Nl) (Rev 1)","模拟人生-纯属意外 （美版） (En,Fr,De,Es,It,Nl) （修正版 1）",GBA#2540
gba,"Sims, The - Bustin' Out (USA, Europe) (En,Fr,De,Es,It,Nl)","模拟人生-纯属意外 （美版 欧版） (En,Fr,De,Es,It,Nl)",GBA#2541
gba,Sister Princess - RePure (Japan),妹妹公主 （日版）,GBA#2542
gba,Sitafei De Chuanshuo (China) (Proto),传说的斯塔非 （中国版） （工程版）,GBA#2543
gba,Sitafei De Chuanshuo 2 (China) (Proto),传说的斯塔非2 （中国版） （工程版）,GBA#2544
gba,"Sitting Ducks (Europe) (En,Fr,De,Es,It,Nl)","坐坐鸭 （欧版） (En,Fr,De,Es,It,Nl)",GBA#2545
gba,"Sitting Ducks (USA) (En,Fr,De,Es,It,Nl)","坐坐鸭 （美版） (En,Fr,De,Es,It,Nl)",GBA#2546
gba,SK8 - Tony Hawk's Pro Skater 2 (Japan),托尼·霍克职业溜冰板2 （日版）,GBA#2547
gba,"Sky Dancers - They Magically Fly! (Europe) (En,Fr,De,Es,It)","空中之舞-魔法飞翔! （欧版） (En,Fr,De,Es,It)",GBA#2548
gba,Sky Dancers - They Magically Fly! (USA),空中之舞-魔法飞翔! （美版）,GBA#2549
gba,Slime Morimori Dragon Quest - Shougeki no Shippo Dan (Japan),勇者斗恶龙之元气史莱姆-冲击的尾巴团 （日版）,GBA#2550
gba,Slot! Pro 2 Advance - GoGo Juggler & New Tairyou (Japan),专业柏青嫂游戏2-走开骗子 （日版）,GBA#2551
gba,Slot! Pro Advance - Takarabune & Ooedo Sakurafubuki 2 (Japan),专业柏青嫂游戏-宝船&大江户樱吹雪2 （日版）,GBA#2552
gba,"Smashing Drive (Europe) (En,Fr,De,Es,It)","疯狂车驾驶员 （欧版） (En,Fr,De,Es,It)",GBA#2553
gba,Smashing Drive (USA),疯狂车驾驶员 （美版）,GBA#2554
gba,"Smuggler's Run (Europe) (En,Fr,De,Es,It)","逃跑走私犯车 （欧版） (En,Fr,De,Es,It)",GBA#2555
gba,Smuggler's Run (USA),逃跑走私犯车 （美版）,GBA#2556
gba,SN Systems (Europe),SN系统 （欧版）,GBA#2557
gba,Snap Kid's (Japan),摄影小子 （日版）,GBA#2558
gba,"Snood (Europe) (En,Fr,De,Es,It)","怪投射波 （欧版） (En,Fr,De,Es,It)",GBA#2559
gba,Snood (USA),怪投射波 （美版）,GBA#2560
gba,"Snood 2 - On Vacation (Europe) (En,Fr,De,Es,It)","史奴德2-假期 （欧版） (En,Fr,De,Es,It)",GBA#2561
gba,Snood 2 - On Vacation (USA),史奴德2-假期 （美版）,GBA#2562
gba,"Soccer Kid (USA, Europe)",足球小子 （美版 欧版）,GBA#2563
gba,"Sonic Advance (Europe) (En,Ja,Fr,De,Es)","索尼克大冒险 （欧版） (En,Ja,Fr,De,Es)",GBA#2564
gba,"Sonic Advance (Japan) (En,Ja)","索尼克大冒险 （日版） (En,Ja)",GBA#2565
gba,"Sonic Advance (Japan) (En,Ja) (Rev 1)","索尼克大冒险 （日版） (En,Ja) （修正版 1）",GBA#2566
gba,"Sonic Advance (USA) (En,Ja)","索尼克大冒险 （美版） (En,Ja)",GBA#2567
gba,"Sonic Advance 2 (Europe) (En,Ja,Fr,De,Es,It)","索尼克2 （欧版） (En,Ja,Fr,De,Es,It)",GBA#2568
gba,"Sonic Advance 2 (Japan) (En,Ja,Fr,De,Es,It)","索尼克2 （日版） (En,Ja,Fr,De,Es,It)",GBA#2569
gba,"Sonic Advance 2 (USA) (En,Ja,Fr,De,Es,It)","索尼克2 （美版） (En,Ja,Fr,De,Es,It)",GBA#2570
gba,"Sonic Advance 3 (Europe) (En,Ja,Fr,De,Es,It)","索尼克3 （欧版） (En,Ja,Fr,De,Es,It)",GBA#2571
gba,"Sonic Advance 3 (Europe) (En,Ja,Fr,De,Es,It) (Beta)","索尼克3 （欧版） (En,Ja,Fr,De,Es,It) （测试版）",GBA#2572
gba,"Sonic Advance 3 (Japan) (En,Ja,Fr,De,Es,It)","索尼克3 （日版） (En,Ja,Fr,De,Es,It)",GBA#2573
gba,"Sonic Advance 3 (USA) (En,Ja,Fr,De,Es,It)","索尼克3 （美版） (En,Ja,Fr,De,Es,It)",GBA#2574
gba,"Sonic Battle (Europe) (En,Ja,Fr,De,Es,It)","索尼克战斗 （欧版） (En,Ja,Fr,De,Es,It)",GBA#2575
gba,"Sonic Battle (Japan) (En,Ja)","索尼克战斗 （日版） (En,Ja)",GBA#2576
gba,"Sonic Battle (USA) (En,Ja,Fr,De,Es,It)","索尼克战斗 （美版） (En,Ja,Fr,De,Es,It)",GBA#2577
gba,"Sonic Pinball Party (Europe) (En,Ja,Fr,De,Es,It)","索尼克弹珠派对 （欧版） (En,Ja,Fr,De,Es,It)",GBA#2578
gba,"Sonic Pinball Party (Japan) (En,Ja,Fr,De,Es,It)","索尼克弹珠派对 （日版） (En,Ja,Fr,De,Es,It)",GBA#2579
gba,"Sonic Pinball Party (USA) (En,Ja,Fr,De,Es,It)","索尼克弹珠派对 （美版） (En,Ja,Fr,De,Es,It)",GBA#2580
gba,Sonic The Hedgehog - Genesis (USA),索尼克和小尾巴 （美版）,GBA#2581
gba,"Sound of Thunder, A (Europe) (En,Fr,De,Es,It)","雷霆之音 （欧版） (En,Fr,De,Es,It)",GBA#2582
gba,"Sound of Thunder, A (USA) (En,Fr,De,Es,It)","雷霆之音 （美版） (En,Fr,De,Es,It)",GBA#2583
gba,Space Channel 5 - Ulala's Cosmic Attack (Europe),太空频道5-舞啦啦之炫耀攻击 （欧版）,GBA#2584
gba,Space Channel 5 - Ulala's Cosmic Attack (USA),太空频道5-舞啦啦之炫耀攻击 （美版）,GBA#2585
gba,Space Hexcite - Maetel Legend EX (Japan),宇宙战舰EX （日版）,GBA#2586
gba,Space Invaders (France),太空侵略者 （法国版）,GBA#2587
gba,"Space Invaders (USA, Europe)",太空侵略者 （美版 欧版）,GBA#2588
gba,Space Invaders EX (Japan) (En),太空入侵者EX （日版） (En),GBA#2589
gba,"Speedball 2 - Brutal Deluxe (Europe) (En,Fr,De,Es,It)","速度橄榄球2 （欧版） (En,Fr,De,Es,It)",GBA#2590
gba,Spider-Man (France),蜘蛛人-电影版 （法国版）,GBA#2591
gba,Spider-Man (Germany),蜘蛛人-电影版 （德国版）,GBA#2592
gba,"Spider-Man (USA, Europe)",蜘蛛人-电影版 （美版 欧版）,GBA#2593
gba,"Spider-Man - Battle for New York (Europe) (En,Fr,De,Es,It)","蜘蛛侠-纽约之战 （欧版） (En,Fr,De,Es,It)",GBA#2594
gba,Spider-Man - Battle for New York (USA),蜘蛛侠-纽约之战 （美版）,GBA#2595
gba,Spider-Man - Mysterio no Kyoui (Japan),蜘蛛人-未知的威胁 （日版）,GBA#2596
gba,"Spider-Man - Mysterio's Menace (USA, Europe)",蜘蛛人-未知的威胁 （美版 欧版）,GBA#2597
gba,"Spider-Man 2 (Europe) (En,Fr,De,Es)","蜘蛛侠2 （欧版） (En,Fr,De,Es)",GBA#2598
gba,Spider-Man 2 (Italy),蜘蛛侠2 （意大利版）,GBA#2599
gba,"Spider-Man 2 (USA, Europe)",蜘蛛侠2 （美版 欧版）,GBA#2600
gba,Spider-Man 3 (Europe),蜘蛛侠3 （欧版）,GBA#2601
gba,Spider-Man 3 (France),蜘蛛侠3 （法国版）,GBA#2602
gba,Spider-Man 3 (Germany),蜘蛛侠3 （德国版）,GBA#2603
gba,Spider-Man 3 (Italy),蜘蛛侠3 （意大利版）,GBA#2604
gba,Spider-Man 3 (Spain),蜘蛛侠3 （西班牙版）,GBA#2605
gba,Spider-Man 3 (USA),蜘蛛侠3 （美版）,GBA#2606
gba,Spirit - Der Wilde Mustang - Auf der Suche nach Homeland (Germany),小马王 （德国版）,GBA#2607
gba,Spirit - Der Wilde Mustang - Auf der Suche nach Homeland (Germany) (Beta),小马王 （德国版） （测试版）,GBA#2608
gba,Spirit - L'Etalon des Plaines - A la Recherche de la Terre Natale (France),小马王 （法国版）,GBA#2609
gba,Spirit - Stallion of the Cimarron - Search for Homeland (Europe),小马王 （欧版）,GBA#2610
gba,Spirit - Stallion of the Cimarron - Search for Homeland (USA),小马王 （美版）,GBA#2611
gba,Spirits & Spells (USA),幽灵与符咒 （美版）,GBA#2612
gba,"SpongeBob and Friends - Attack of the Toybots (Europe) (En,De)","尼克通海绵方块和朋友们-玩具机器人来袭 （欧版） (En,De)",GBA#2613
gba,"SpongeBob SquarePants - Battle for Bikini Bottom (Europe) (En,Fr,De)","鲍勃斯邦奇-比基尼岛的冒险 （欧版） (En,Fr,De)",GBA#2614
gba,SpongeBob SquarePants - Battle for Bikini Bottom (USA),鲍勃斯邦奇-比基尼岛的冒险 （美版）,GBA#2615
gba,"SpongeBob SquarePants - Creature from the Krusty Krab (Europe) (En,Fr,De,Es,It,Nl,Sv,Da)","海棉宝宝-来自Krusty Krab的生物 （欧版） (En,Fr,De,Es,It,Nl,Sv,Da)",GBA#2616
gba,SpongeBob SquarePants - Creature from the Krusty Krab (USA),海棉宝宝-来自Krusty Krab的生物 （美版）,GBA#2617
gba,"SpongeBob SquarePants - Lights, Camera, Pants! (Europe) (En,Fr,De,Es,It,Nl,Sv)","海绵方块! （欧版） (En,Fr,De,Es,It,Nl,Sv)",GBA#2618
gba,"SpongeBob SquarePants - Lights, Camera, Pants! (USA)",海绵方块! （美版）,GBA#2619
gba,SpongeBob SquarePants - Revenge of the Flying Dutchman (USA) (Beta),超级海绵笨伯-荷兰鬼魂的复仇 （美版） （测试版）,GBA#2620
gba,"SpongeBob SquarePants - Revenge of the Flying Dutchman (USA, Europe)",超级海绵笨伯-荷兰鬼魂的复仇 （美版 欧版）,GBA#2621
gba,"SpongeBob SquarePants - SuperSponge (USA, Europe)",超级海绵-笨伯 （美版 欧版）,GBA#2622
gba,"SpongeBob SquarePants - SuperSponge (USA, Europe) (Beta) (2000-11-28)",超级海绵-笨伯 （美版 欧版） （测试版） (2000-11-28),GBA#2623
gba,"SpongeBob SquarePants - SuperSponge (USA, Europe) (Beta) (2001-01-08) (05-16)",超级海绵-笨伯 （美版 欧版） （测试版） (2001-01-08) (05-16),GBA#2624
gba,"SpongeBob SquarePants - SuperSponge (USA, Europe) (Beta) (2001-01-08) (07-47)",超级海绵-笨伯 （美版 欧版） （测试版） (2001-01-08) (07-47),GBA#2625
gba,"SpongeBob SquarePants - SuperSponge (USA, Europe) (Beta) (2001-02-05)",超级海绵-笨伯 （美版 欧版） （测试版） (2001-02-05),GBA#2626
gba,"SpongeBob SquarePants - SuperSponge (USA, Europe) (Beta) (2001-02-15)",超级海绵-笨伯 （美版 欧版） （测试版） (2001-02-15),GBA#2627
gba,"SpongeBob SquarePants - SuperSponge (USA, Europe) (Beta) (2001-02-23)",超级海绵-笨伯 （美版 欧版） （测试版） (2001-02-23),GBA#2628
gba,"SpongeBob SquarePants - SuperSponge (USA, Europe) (Beta) (2001-02-26)",超级海绵-笨伯 （美版 欧版） （测试版） (2001-02-26),GBA#2629
gba,"SpongeBob SquarePants - SuperSponge (USA, Europe) (Beta) (2001-03-01)",超级海绵-笨伯 （美版 欧版） （测试版） (2001-03-01),GBA#2630
gba,"SpongeBob SquarePants - SuperSponge (USA, Europe) (Beta) (2001-03-12)",超级海绵-笨伯 （美版 欧版） （测试版） (2001-03-12),GBA#2631
gba,"SpongeBob SquarePants - SuperSponge (USA, Europe) (Beta) (2001-03-14)",超级海绵-笨伯 （美版 欧版） （测试版） (2001-03-14),GBA#2632
gba,"SpongeBob SquarePants - SuperSponge (USA, Europe) (Beta) (2001-06-06) (11-34)",超级海绵-笨伯 （美版 欧版） （测试版） (2001-06-06) (11-34),GBA#2633
gba,"SpongeBob SquarePants - SuperSponge (USA, Europe) (Beta) (2001-06-06) (11-39)",超级海绵-笨伯 （美版 欧版） （测试版） (2001-06-06) (11-39),GBA#2634
gba,"SpongeBob SquarePants - SuperSponge (USA, Europe) (Beta) (2001-07-31)",超级海绵-笨伯 （美版 欧版） （测试版） (2001-07-31),GBA#2635
gba,"SpongeBob SquarePants and Friends - Battle for Volcano Island (Europe) (En,Fr,De,Es,It,Nl)","海绵方块和朋友们-火山岛之战 （欧版） (En,Fr,De,Es,It,Nl)",GBA#2636
gba,"SpongeBob SquarePants and Friends in Freeze Frame Frenzy (Europe) (En,Fr,De,Es,Nl)","GBA电影-超级海绵电影版 （欧版） (En,Fr,De,Es,Nl)",GBA#2637
gba,"SpongeBob SquarePants and Friends Unite! (Europe) (En,Fr,De,Es,It)","海绵方块和他的朋友们! （欧版） (En,Fr,De,Es,It)",GBA#2638
gba,"SpongeBob SquarePants Movie, The (Europe) (En,Fr,De,Es,It,Nl)","超级海绵电影版 （欧版） (En,Fr,De,Es,It,Nl)",GBA#2639
gba,"SpongeBob SquarePants Movie, The (USA)",超级海绵电影版 （美版）,GBA#2640
gba,"SpongeBob SquarePants Movie, The (USA) (Beta 1)",超级海绵电影版 （美版） （测试版 1）,GBA#2641
gba,"SpongeBob SquarePants Movie, The (USA) (Beta 2)",超级海绵电影版 （美版） （测试版 2）,GBA#2642
gba,SpongeBob's Atlantis SquarePantis (USA),超级海绵笨伯-亚特兰蒂斯 （美版）,GBA#2643
gba,Sports Illustrated for Kids - Baseball (USA),儿童运动画刊-棒球 （美版）,GBA#2644
gba,Sports Illustrated for Kids - Football (USA),儿童运动画刊-足球 （美版）,GBA#2645
gba,Sportsmans Pack 2 in 1 - Cabela's Big Game Hunter + Rapala Pro Fishing (USA),游戏2合1-运动游戏合集 （美版）,GBA#2646
gba,"Spy Hunter (Europe) (En,Ja,Fr,De,Es)","间谍猎手车 （欧版） (En,Ja,Fr,De,Es)",GBA#2647
gba,"Spy Hunter (USA) (En,Ja,Fr,De,Es)","间谍猎手车 （美版） (En,Ja,Fr,De,Es)",GBA#2648
gba,Spy Kids 3-D - Game Over (Europe),非常间谍小子3D （欧版）,GBA#2649
gba,Spy Kids 3-D - Game Over (USA),非常间谍小子3D （美版）,GBA#2650
gba,Spy Kids Challenger (USA),间谍小子挑战者 （美版）,GBA#2651
gba,"Spy Muppets - License to Croak (USA) (En,Fr,De,Es,It,Nl)","木偶间谍-特遣青蛙 （美版） (En,Fr,De,Es,It,Nl)",GBA#2652
gba,Spyro - Attack of the Rhynocs (USA),小龙斯派罗-瑞诺西斯的攻击 （美版）,GBA#2653
gba,"Spyro - Season of Ice (Europe) (En,Fr,De,Es,It)","小龙斯派罗-冰冻的季节 （欧版） (En,Fr,De,Es,It)",GBA#2654
gba,Spyro - Season of Ice (USA),小龙斯派罗-冰冻的季节 （美版）,GBA#2655
gba,"Spyro 2 - Season of Flame (Europe) (En,Fr,De,Es,It)","小龙斯派罗2-火焰的季节 （欧版） (En,Fr,De,Es,It)",GBA#2656
gba,"Spyro 2 - Season of Flame (Europe) (En,Fr,De,Es,It) (Beta)","小龙斯派罗2-火焰的季节 （欧版） (En,Fr,De,Es,It) （测试版）",GBA#2657
gba,Spyro 2 - Season of Flame (USA),小龙斯派罗2-火焰的季节 （美版）,GBA#2658
gba,Spyro Advance (Japan),小龙斯派罗-冰冻的季节 （日版）,GBA#2659
gba,Spyro Advance - Wakuwaku Tomodachi Daisakusen! (Japan),小龙斯派罗-友情大作战! （日版）,GBA#2660
gba,"Spyro Adventure (Europe) (En,Fr,De,Es,It,Nl)","小龙斯派罗-瑞诺西斯的攻击 （欧版） (En,Fr,De,Es,It,Nl)",GBA#2661
gba,"Spyro Fusion (Europe) (En,Fr,De,Es,It)","宝贝龙-阴谋的本质与橙色古惑狼 （欧版） (En,Fr,De,Es,It)",GBA#2662
gba,Spyro Orange - The Cortex Conspiracy (USA),宝贝龙-阴谋的本质与橙色古惑狼 （美版）,GBA#2663
gba,Spyro Orange - The Cortex Conspiracy (USA) (Rev 1),宝贝龙-阴谋的本质与橙色古惑狼 （美版） （修正版 1）,GBA#2664
gba,Spyro Superpack - Spyro - Season of Ice + Spyro 2 - Season of Flame (USA),2合1-小龙史派罗1+2 （美版）,GBA#2665
gba,"SSX 3 (USA, Europe)",疾风滑雪板3 （美版 欧版）,GBA#2666
gba,"SSX Tricky (USA, Europe) (En,Fr,De)","疾风滑雪板 （美版 欧版） (En,Fr,De)",GBA#2667
gba,Stadium Games (Europe),田径运动会 （欧版）,GBA#2668
gba,Stadium Games (USA),田径运动会 （美版）,GBA#2669
gba,"Star Wars - Episode II - Attack of the Clones (Europe) (En,Fr,De,Es,It)","星球大战前传II-克隆人的攻击 （欧版） (En,Fr,De,Es,It)",GBA#2670
gba,Star Wars - Episode II - Attack of the Clones (USA),星球大战前传II-克隆人的攻击 （美版）,GBA#2671
gba,"Star Wars - Episode III - Revenge of the Sith (Europe) (En,Fr,De,Es,It,Nl)","星球大战3-西斯的复仇 （欧版） (En,Fr,De,Es,It,Nl)",GBA#2672
gba,"Star Wars - Episode III - Revenge of the Sith (USA) (En,Fr,Es)","星球大战3-西斯的复仇 （美版） (En,Fr,Es)",GBA#2673
gba,"Star Wars - Flight of the Falcon (Europe) (En,Fr,De)","星球大战-猎鹰飞行队 （欧版） (En,Fr,De)",GBA#2674
gba,Star Wars - Flight of the Falcon (USA),星球大战-猎鹰飞行队 （美版）,GBA#2675
gba,"Star Wars - Jedi Power Battles (Europe) (En,Fr,De,Es)","星际大战首部曲-绝地武士 （欧版） (En,Fr,De,Es)",GBA#2676
gba,Star Wars - Jedi Power Battles (USA),星际大战首部曲-绝地武士 （美版）,GBA#2677
gba,"Star Wars - The New Droid Army (Europe) (En,Fr,De,Es)","星球大战前传-新帝国军队 （欧版） (En,Fr,De,Es)",GBA#2678
gba,Star Wars - The New Droid Army (USA),星球大战前传-新帝国军队 （美版）,GBA#2679
gba,"Star Wars Trilogy - Apprentice of the Force (Europe) (En,Fr,De,Es,It,Nl)","星球大战三部曲-学徒的原力 （欧版） (En,Fr,De,Es,It,Nl)",GBA#2680
gba,"Star Wars Trilogy - Apprentice of the Force (USA) (En,Fr,Es)","星球大战三部曲-学徒的原力 （美版） (En,Fr,Es)",GBA#2681
gba,"Star X (Europe) (En,Fr,De,Es,It,Nl)","行星战机X （欧版） (En,Fr,De,Es,It,Nl)",GBA#2682
gba,"Star X (USA) (En,Fr,De,Es,It,Nl)","行星战机X （美版） (En,Fr,De,Es,It,Nl)",GBA#2683
gba,"Starsky & Hutch (Europe) (En,Fr,De,Es,It)","一路狂飙之极速双雄 （欧版） (En,Fr,De,Es,It)",GBA#2684
gba,Starsky & Hutch (USA),一路狂飙之极速双雄 （美版）,GBA#2685
gba,Starsky & Hutch (USA) (Beta),一路狂飙之极速双雄 （美版） （测试版）,GBA#2686
gba,Steel Empire (Europe),钢铁帝国 （欧版）,GBA#2687
gba,"Steven Gerrard's Total Soccer 2002 (Europe) (En,Fr,De,Es,It,Nl)","史蒂文·甲尔德足球2002 （欧版） (En,Fr,De,Es,It,Nl)",GBA#2688
gba,"Strawberry Shortcake - Ice Cream Island - Riding Camp (Europe) (En,Fr,De,Es,It,Nl,Pt,Da)","蛋糕上的草莓-冰淇淋小岛 （欧版） (En,Fr,De,Es,It,Nl,Pt,Da)",GBA#2689
gba,"Strawberry Shortcake - Ice Cream Island - Riding Camp (Europe) (En,Fr,De,Es,It,Nl,Pt,Da) (Rev 1)","蛋糕上的草莓-冰淇淋小岛 （欧版） (En,Fr,De,Es,It,Nl,Pt,Da) （修正版 1）",GBA#2690
gba,Strawberry Shortcake - Summertime Adventure (USA),草莓娃娃-夏季历险 （美版）,GBA#2691
gba,Strawberry Shortcake - Summertime Adventure - Special Edition (USA),草莓娃娃-夏日历险特别版 （美版）,GBA#2692
gba,Strawberry Shortcake - Sweet Dreams (USA),草莓蛋糕美梦 （美版）,GBA#2693
gba,Street Fighter Alpha 3 (Europe),少年街霸A3 （欧版）,GBA#2694
gba,Street Fighter Alpha 3 (USA),少年街霸A3 （美版）,GBA#2695
gba,Street Fighter Zero 3 Upper (Japan),少年街霸3 （日版）,GBA#2696
gba,"Street Jam Basketball (USA, Europe)",街头篮球 （美版 欧版）,GBA#2697
gba,"Street Racing Syndicate (Europe) (En,Fr,De,Es,It)","街头赛车联盟 （欧版） (En,Fr,De,Es,It)",GBA#2698
gba,Street Racing Syndicate (USA),街头赛车联盟 （美版）,GBA#2699
gba,Strike Force Hydra (Europe),决战九头蛇 （欧版）,GBA#2700
gba,Strike Force Hydra (USA),决战九头蛇 （美版）,GBA#2701
gba,Stuart Little 2 (France),一家之鼠2 （法国版）,GBA#2702
gba,"Stuart Little 2 (USA, Europe)",一家之鼠2 （美版 欧版）,GBA#2703
gba,"Stuntman (Europe) (En,Fr,De,Es,It)","特技人车 （欧版） (En,Fr,De,Es,It)",GBA#2704
gba,"Stuntman (USA) (En,Fr,Es)","特技人车 （美版） (En,Fr,Es)",GBA#2705
gba,Sugar Sugar Rune - Heart Ga Ippai! Moegi Gakuen (Japan),双心之诗 （日版）,GBA#2706
gba,"Suite Life of Zack & Cody, The - Tipton Caper (USA) (En,Fr)","小查&寇弟的顶级生活 （美版） (En,Fr)",GBA#2707
gba,"Sum of All Fears, The (Europe) (En,Fr,De,Es,It)","恐惧的总和 （欧版） (En,Fr,De,Es,It)",GBA#2708
gba,"Sum of All Fears, The (USA) (En,Fr,De,Es,It)","恐惧的总和 （美版） (En,Fr,De,Es,It)",GBA#2709
gba,Summon Night - Craft Sword Monogatari (Japan),召唤之夜-铸剑物语 （日版）,GBA#2710
gba,Summon Night - Craft Sword Monogatari - Hajimari no Ishi (Japan),召唤之夜-铸剑物语-起源之石 （日版）,GBA#2711
gba,Summon Night - Craft Sword Monogatari 2 (Japan),召唤之夜-铸剑物语2 （日版）,GBA#2712
gba,Summon Night - Swordcraft Story (USA),召唤之夜-铸剑物语 （美版）,GBA#2713
gba,Summon Night - Swordcraft Story 2 (USA),召唤之夜-铸剑物语2 （美版）,GBA#2714
gba,Super Army War (USA),超级陆战争 （美版）,GBA#2715
gba,Super Black Bass Advance (Europe),超级黑巴斯钓鱼 （欧版）,GBA#2716
gba,Super Black Bass Advance (Japan),超级黑巴斯钓鱼 （日版）,GBA#2717
gba,"Super Bubble Pop (Europe) (En,Fr,De,Es,It,Nl,Pt,Sv)","超级立体泡泡 （欧版） (En,Fr,De,Es,It,Nl,Pt,Sv)",GBA#2718
gba,Super Bubble Pop (USA),超级立体泡泡 （美版）,GBA#2719
gba,"Super Bust-A-Move (Europe) (En,Fr,De,Es,It)","超级泡泡龙 （欧版） (En,Fr,De,Es,It)",GBA#2720
gba,"Super Bust-A-Move (USA) (En,Fr,Es)","超级泡泡龙 （美版） (En,Fr,Es)",GBA#2721
gba,"Super Chinese 1, 2 Advance (Japan)",超级中国人1+2 （日版）,GBA#2722
gba,Super Collapse! II (USA),超级坍塌方块2 （美版）,GBA#2723
gba,Super Dodge Ball Advance (Europe),超级躲避球A （欧版）,GBA#2724
gba,Super Dodge Ball Advance (USA),超级躲避球A （美版）,GBA#2725
gba,Super Dodge Ball Advance (USA) (Beta),超级躲避球A （美版） （测试版）,GBA#2726
gba,Super Dodge Ball Advance (USA) (Rev 1),超级躲避球A （美版） （修正版 1）,GBA#2727
gba,Super Donkey Kong (Japan),超级大金刚1 （日版）,GBA#2728
gba,Super Donkey Kong 2 (Japan),超级大金刚2 （日版）,GBA#2729
gba,Super Donkey Kong 3 (Japan),超级大金刚3 （日版）,GBA#2730
gba,Super Dropzone - Intergalactic Rescue Mission (Europe),超级月面地带 （欧版）,GBA#2731
gba,Super Dropzone - Intergalactic Rescue Mission (USA),超级月面地带 （美版）,GBA#2732
gba,Super Duper Sumos (USA),超级笨蛋相扑手 （美版）,GBA#2733
gba,Super Ghouls'n Ghosts (USA) (Wii U Virtual Console),超魔界村R （美版） (Wii U Virtual Console),GBA#2734
gba,"Super Ghouls'n Ghosts (USA, Europe)",超魔界村R （美版 欧版）,GBA#2735
gba,"Super Hornet FA 18F (USA, Europe)",超级大黄蜂FA-18F攻击机 （美版 欧版）,GBA#2736
gba,Super Mario Advance (USA) (Demo) (Kiosk),超级马里奥A （美版） （演示版） （商店演示版）,GBA#2737
gba,"Super Mario Advance (USA, Europe)",超级马里奥A （美版 欧版）,GBA#2738
gba,"Super Mario Advance (USA, Europe) (Wii U Virtual Console)",超级马里奥A （美版 欧版） (Wii U Virtual Console),GBA#2739
gba,Super Mario Advance - Super Mario USA + Mario Brothers (Japan),超级马里奥A （日版）,GBA#2740
gba,"Super Mario Advance 2 - Super Mario World (Europe) (En,Fr,De,Es)","超级马里奥世界2 （欧版） (En,Fr,De,Es)",GBA#2741
gba,"Super Mario Advance 2 - Super Mario World (USA, Australia)",超级马里奥世界2 （美版 澳洲版）,GBA#2742
gba,Super Mario Advance 2 - Super Mario World + Mario Brothers (Japan),超级马里奥A2 （日版）,GBA#2743
gba,"Super Mario Advance 3 - Yoshi's Island (Europe) (En,Fr,De,Es,It)","超级马里奥3-耀奇岛 （欧版） (En,Fr,De,Es,It)",GBA#2744
gba,"Super Mario Advance 3 - Yoshi's Island (Europe) (En,Fr,De,Es,It) (Wii U Virtual Console)","超级马里奥3-耀奇岛 （欧版） (En,Fr,De,Es,It) (Wii U Virtual Console)",GBA#2745
gba,Super Mario Advance 3 - Yoshi's Island (USA),超级马里奥3-耀奇岛 （美版）,GBA#2746
gba,Super Mario Advance 3 - Yoshi's Island (USA) (Wii U Virtual Console),超级马里奥3-耀奇岛 （美版） (Wii U Virtual Console),GBA#2747
gba,Super Mario Advance 3 - Yoshi's Island + Mario Brothers (Japan),超级马里奥A （日版）,GBA#2748
gba,Super Mario Advance 4 - Super Mario 3 + Mario Brothers (Japan),超级马里奥GBA4 （日版）,GBA#2749
gba,Super Mario Advance 4 - Super Mario 3 + Mario Brothers (Japan) (Rev 1),超级马里奥GBA4 （日版） （修正版 1）,GBA#2750
gba,Super Mario Advance 4 - Super Mario 3 + Mario Brothers (Japan) (Rev 2),超级马里奥GBA4 （日版） （修正版 2）,GBA#2751
gba,Super Mario Advance 4 - Super Mario 3 + Mario Brothers (Japan) (Rev 2) (Wii U Virtual Console),超级马里奥GBA4 （日版） （修正版 2） (Wii U Virtual Console),GBA#2752
gba,"Super Mario Advance 4 - Super Mario Bros. 3 (Europe) (En,Fr,De,Es,It)","超级马里奥4 （欧版） (En,Fr,De,Es,It)",GBA#2753
gba,"Super Mario Advance 4 - Super Mario Bros. 3 (Europe) (En,Fr,De,Es,It) (Rev 1)","超级马里奥4 （欧版） (En,Fr,De,Es,It) （修正版 1）",GBA#2754
gba,"Super Mario Advance 4 - Super Mario Bros. 3 (Europe) (En,Fr,De,Es,It) (Rev 1) (Wii U Virtual Console)","超级马里奥4 （欧版） (En,Fr,De,Es,It) （修正版 1） (Wii U Virtual Console)",GBA#2755
gba,Super Mario Advance 4 - Super Mario Bros. 3 (USA),超级马里奥4 （美版）,GBA#2756
gba,Super Mario Advance 4 - Super Mario Bros. 3 (USA) (Rev 1) (Wii U Virtual Console),超级马里奥4 （美版） （修正版 1） (Wii U Virtual Console),GBA#2757
gba,"Super Mario Advance 4 - Super Mario Bros. 3 (USA, Australia) (Rev 1)",超级马里奥4 （美版 澳洲版） （修正版 1）,GBA#2758
gba,Super Mario Ball (Europe),马里奥弹珠台 （欧版）,GBA#2759
gba,Super Mario Ball (Japan),马里奥弹珠台 （日版）,GBA#2760
gba,Super Mario Ball (Japan) (Wii U Virtual Console),马里奥弹珠台 （日版） (Wii U Virtual Console),GBA#2761
gba,Super Mario Bros. (Japan) (Hot Mario Campaign),超级玛丽兄弟 （日版） (Hot Mario Campaign),GBA#2762
gba,"Super Monkey Ball Jr. (Europe) (En,Fr,De,Es,It)","超级猴子球 （欧版） (En,Fr,De,Es,It)",GBA#2763
gba,Super Monkey Ball Jr. (USA),超级猴子球 （美版）,GBA#2764
gba,Super Puzzle Bobble Advance (Japan) (En),超级泡泡龙A （日版） (En),GBA#2765
gba,Super Puzzle Fighter II (Europe),超级街霸对战方块2 （欧版）,GBA#2766
gba,Super Puzzle Fighter II (USA),超级街霸对战方块2 （美版）,GBA#2767
gba,Super Puzzle Fighter II (USA) (Rev 1),超级街霸对战方块2 （美版） （修正版 1）,GBA#2768
gba,Super Real Mahjong Dousoukai (Japan),超级真实麻将同学会 （日版）,GBA#2769
gba,Super Robot Taisen - Original Generation (Europe),超级机器人大战OG （欧版）,GBA#2770
gba,Super Robot Taisen - Original Generation (Japan),超级机器人大战OG （日版）,GBA#2771
gba,Super Robot Taisen - Original Generation (USA),超级机器人大战OG （美版）,GBA#2772
gba,Super Robot Taisen - Original Generation 2 (Japan),超级机器人大战-原创世纪OG2 （日版）,GBA#2773
gba,Super Robot Taisen - Original Generation 2 (USA),超级机器人大战-原创世纪OG2 （美版）,GBA#2774
gba,Super Robot Taisen A (Japan),超级机器人大战A （日版）,GBA#2775
gba,Super Robot Taisen D (Japan),超级机器人大战D （日版）,GBA#2776
gba,Super Robot Taisen J (Japan),超级机器人大战J （日版）,GBA#2777
gba,Super Robot Taisen R (Japan),超级机器人大战R （日版）,GBA#2778
gba,Super Street Fighter II Turbo - Revival (Europe),超级街霸II-复苏 （欧版）,GBA#2779
gba,Super Street Fighter II Turbo - Revival (Europe) (Rev 1),超级街霸II-复苏 （欧版） （修正版 1）,GBA#2780
gba,Super Street Fighter II Turbo - Revival (Europe) (Rev 1) (Wii U Virtual Console),超级街霸II-复苏 （欧版） （修正版 1） (Wii U Virtual Console),GBA#2781
gba,Super Street Fighter II Turbo - Revival (USA),超级街霸II-复苏 （美版）,GBA#2782
gba,Super Street Fighter II Turbo - Revival (USA) (Wii U Virtual Console),超级街霸II-复苏 （美版） (Wii U Virtual Console),GBA#2783
gba,Super Street Fighter II X - Revival (Japan),街霸II-X复苏 （日版）,GBA#2784
gba,"Superman - Countdown to Apokolips (Europe) (En,Fr,De,Es,It)","超人回到地球 （欧版） (En,Fr,De,Es,It)",GBA#2785
gba,Superman - Countdown to Apokolips (USA),超人回到地球 （美版）,GBA#2786
gba,"Superman Returns - Fortress of Solitude (USA, Europe) (En,Fr,De,Es,It)","超人归来 （美版 欧版） (En,Fr,De,Es,It)",GBA#2787
gba,"Surf's Up (Europe) (En,Fr,De,Es,It)","冲浪季节 （欧版） (En,Fr,De,Es,It)",GBA#2788
gba,"Surf's Up (Europe) (En,Fr,Es)","冲浪季节 （欧版） (En,Fr,Es)",GBA#2789
gba,"Surf's Up (USA) (En,Fr,Es)","冲浪季节 （美版） (En,Fr,Es)",GBA#2790
gba,Sutakomi - Star Communicator (Japan),星际通讯战 （日版）,GBA#2791
gba,Sweet Cookie Pie (Japan),美味糕点 （日版）,GBA#2792
gba,Sword of Mana (Europe),新约圣剑传说 （欧版）,GBA#2793
gba,"Sword of Mana (Europe) (Es,It)","新约圣剑传说 （欧版） (Es,It)",GBA#2794
gba,"Sword of Mana (Europe) (Fr,De)","新约圣剑传说 （欧版） (Fr,De)",GBA#2795
gba,"Sword of Mana (USA, Australia)",新约圣剑传说 （美版 澳洲版）,GBA#2796
gba,Sylvanian Families - Fashion Designer ni Naritai! - Kurumi-risu no Onnanoko (Japan),希尔尼之家-成为流行设计家! （日版）,GBA#2797
gba,Sylvanian Families - Yousei no Stick to Fushigi no Ki - Marron-inu no Onnanoko (Japan),妖精之杖-不可思议的大树 （日版）,GBA#2798
gba,Sylvanian Families 4 - Meguru Kisetsu no Tapestry (Japan),森林之家4 （日版）,GBA#2799
gba,Tactics Ogre - The Knight of Lodis (USA),皇家骑士团外传 （美版）,GBA#2800
gba,Tactics Ogre Gaiden - The Knight of Lodis (Japan),皇家骑士团外传 （日版）,GBA#2801
gba,Taiketsu! Ultra Hero (Japan),激斗!英雄奥特曼 （日版）,GBA#2802
gba,"Tak - The Great Juju Challenge (Europe) (En,Fr,De,Nl)","塔克-伟大的符咒挑战 （欧版） (En,Fr,De,Nl)",GBA#2803
gba,"Tak - The Great Juju Challenge (USA, Europe)",塔克-伟大的符咒挑战 （美版 欧版）,GBA#2804
gba,"Tak 2 - The Staff of Dreams (Europe) (En,Fr,De,Es,It)","塔克历险记2-梦想之杖 （欧版） (En,Fr,De,Es,It)",GBA#2805
gba,Tak 2 - The Staff of Dreams (USA),塔克历险记2-梦想之杖 （美版）,GBA#2806
gba,"Tak and the Power of Juju (Europe) (En,Fr,De)","塔克和符咒的神力 （欧版） (En,Fr,De)",GBA#2807
gba,"Tak and the Power of Juju (Europe) (Es,It)","塔克和符咒的神力 （欧版） (Es,It)",GBA#2808
gba,Tak and the Power of Juju (USA),塔克和符咒的神力 （美版）,GBA#2809
gba,"Tales of Phantasia (Europe) (En,Fr,De,Es,It)","幻想传说 （欧版） (En,Fr,De,Es,It)",GBA#2810
gba,Tales of Phantasia (Japan),幻想传说 （日版）,GBA#2811
gba,"Tales of Phantasia (USA, Australia)",幻想传说 （美版 澳洲版）,GBA#2812
gba,Tales of the World - Narikiri Dungeon 2 (Japan),传说世界-换装迷宫2 （日版）,GBA#2813
gba,Tales of the World - Narikiri Dungeon 3 (Japan),传说世界-换装迷宫3 （日版）,GBA#2814
gba,Tales of the World - Summoner's Lineage (Japan),世界传说-召唤者之血统 （日版）,GBA#2815
gba,Tanbi Musou - Meine Liebe (Japan),耽美梦想 （日版）,GBA#2816
gba,"Tang Tang (Europe) (En,Fr,De,Es,It,Fi)","轰炸索罗门 （欧版） (En,Fr,De,Es,It,Fi)",GBA#2817
gba,Tang Tang (USA),轰炸索罗门 （美版）,GBA#2818
gba,Tantei Gakuen Q - Kyuukyoku Trick ni Idome! (Japan),侦探学院Q-名侦探就是你! （日版）,GBA#2819
gba,Tantei Gakuen Q - Meitantei wa Kimi da! (Japan),侦探学院Q-名侦探就是你! （日版）,GBA#2820
gba,Tantei Jinguuji Saburou - Shiroi Kage no Shoujo (Japan),侦探神宫寺三郎-白影少女 （日版）,GBA#2821
gba,Tarzan - L'Appel de la Jungle (France),泰山重返丛林 （法国版）,GBA#2822
gba,"Tarzan - Return to the Jungle (USA, Europe)",泰山重返丛林 （美版 欧版）,GBA#2823
gba,Tarzan - Rueckkehr in den Dschungel (Germany),泰山重返丛林 （德国版）,GBA#2824
gba,Taxi 3 (France),终极杀阵车3 （法国版）,GBA#2825
gba,"Teen Titans (USA) (En,Fr)","少年泰坦战队 （美版） (En,Fr)",GBA#2826
gba,"Teen Titans 2 (USA) (En,Fr)","少年悍将2-兄弟会的复仇 （美版） (En,Fr)",GBA#2827
gba,"Teenage Mutant Ninja Turtles (Europe) (En,Fr,De,Es,It)","忍者神龟 （欧版） (En,Fr,De,Es,It)",GBA#2828
gba,Teenage Mutant Ninja Turtles (USA),忍者神龟 （美版）,GBA#2829
gba,"Teenage Mutant Ninja Turtles 2 - Battle Nexus (Europe) (En,Fr,De,Es,It)","忍者神龟2-并肩作战 （欧版） (En,Fr,De,Es,It)",GBA#2830
gba,Teenage Mutant Ninja Turtles 2 - Battle Nexus (USA),忍者神龟2-并肩作战 （美版）,GBA#2831
gba,"Teenage Mutant Ninja Turtles Double Pack (Europe) (En,Fr,De,Es,It)","2合1-忍者神龟+忍者神龟2 （欧版） (En,Fr,De,Es,It)",GBA#2832
gba,"Teenage Mutant Ninja Turtles Double Pack (USA) (En,Fr,De,Es,It)","2合1-忍者神龟+忍者神龟2 （美版） (En,Fr,De,Es,It)",GBA#2833
gba,Tekken Advance (Europe),铁拳 （欧版）,GBA#2834
gba,Tekken Advance (Japan),铁拳 （日版）,GBA#2835
gba,Tekken Advance (USA),铁拳 （美版）,GBA#2836
gba,Ten Pin Alley 2 (USA),大满贯保龄球 （美版）,GBA#2837
gba,"Tennis Masters Series 2003 (Europe) (En,Fr,De,Es,It,Pt)","网球征服系列2003 （欧版） (En,Fr,De,Es,It,Pt)",GBA#2838
gba,Tennis no Ouji-sama - Aim at the Victory! (Japan),网球王子-志在胜利! （日版）,GBA#2839
gba,Tennis no Ouji-sama - Genius Boys Academy (Japan),网球王子 （日版）,GBA#2840
gba,Tennis no Ouji-sama 2003 - Cool Blue (Japan),网球王子2003-冰蓝版 （日版）,GBA#2841
gba,Tennis no Ouji-sama 2003 - Passion Red (Japan),网球王子2003-火红版 （日版）,GBA#2842
gba,Tennis no Ouji-sama 2004 - Glorious Gold (Japan),网球王子-光荣之金 （日版）,GBA#2843
gba,Tennis no Ouji-sama 2004 - Stylish Silver (Japan),网球王子-时尚之银 （日版）,GBA#2844
gba,"Terminator 3 - Rise of the Machines (Europe) (En,Fr,De,Es,It)","终结者3机器的崛起 （欧版） (En,Fr,De,Es,It)",GBA#2845
gba,Terminator 3 - Rise of the Machines (USA),终结者3机器的崛起 （美版）,GBA#2846
gba,"Tetris Worlds (Europe) (En,Es,It)","俄罗斯方块 （欧版） (En,Es,It)",GBA#2847
gba,"Tetris Worlds (Europe) (En,Fr,De,Nl)","俄罗斯方块 （欧版） (En,Fr,De,Nl)",GBA#2848
gba,Tetris Worlds (Japan),俄罗斯方块 （日版）,GBA#2849
gba,Tetris Worlds (Japan) (Rev 1),俄罗斯方块 （日版） （修正版 1）,GBA#2850
gba,Tetris Worlds (USA),俄罗斯方块 （美版）,GBA#2851
gba,Texas Hold 'em Poker (Europe) (Rev 1),德克萨斯扑克牌 （欧版） （修正版 1）,GBA#2852
gba,"Texas Hold 'em Poker (USA, Europe)",德克萨斯扑克牌 （美版 欧版）,GBA#2853
gba,TG Rally (Europe),TG顶级拉力赛车 （欧版）,GBA#2854
gba,That's So Raven (USA),如此瑞文 （美版）,GBA#2855
gba,"That's So Raven 2 - Supernatural Style (USA) (En,Fr)","如此瑞文2 （美版） (En,Fr)",GBA#2856
gba,"Three Stooges, The (USA)",三个帮手 （美版）,GBA#2857
gba,Three-in-One Pack - Connect Four + Perfection + Trouble (USA),新游戏3合1-四连环 （美版）,GBA#2858
gba,Three-in-One Pack - Risk + Battleship + Clue (USA),新游戏3合1-风险.战舰.线索 （美版）,GBA#2859
gba,Three-in-One Pack - Risk + Battleship + Clue (USA) (Rev 1),新游戏3合1-风险.战舰.线索 （美版） （修正版 1）,GBA#2860
gba,Three-in-One Pack - Sorry! + Aggravation + Scrabble Junior (USA),新游戏3合1-可怜虫 （美版）,GBA#2861
gba,Thunder Alley (USA),雷霆越野车 （美版）,GBA#2862
gba,"Thunderbirds (USA, Europe)",雷鸟 （美版 欧版）,GBA#2863
gba,Thunderbirds - International Rescue (Europe),雷鸟-国际救援组织 （欧版）,GBA#2864
gba,"Tiger Woods PGA Tour 2004 (USA, Europe)",老虎伍兹职业高尔夫2004PGA巡回赛 （美版 欧版）,GBA#2865
gba,"Tiger Woods PGA Tour Golf (Europe) (En,Fr,De,Es,It)","老虎伍兹高尔夫 （欧版） (En,Fr,De,Es,It)",GBA#2866
gba,"Tiger Woods PGA Tour Golf (USA, Europe)",老虎伍兹高尔夫 （美版 欧版）,GBA#2867
gba,Tim Burton's The Nightmare Before Christmas - The Pumpkin King (Japan),圣诞惊魂夜 （日版）,GBA#2868
gba,"Tim Burton's The Nightmare Before Christmas - The Pumpkin King (USA, Europe) (En,Fr,De,Es,It)","圣诞惊魂夜 （美版 欧版） (En,Fr,De,Es,It)",GBA#2869
gba,"Tiny Chao Garden (USA) (En,Ja,Fr,De,Es) (Sonic Adventure DX - Director’s Cut)","小的朝阳花园 （美版） (En,Ja,Fr,De,Es) (Sonic Adventure DX - Director’s Cut)",GBA#2870
gba,Tiny Chao Garden (USA) (Ja) (Phantasy Star Online Episode I & II),小的朝阳花园 （美版） (Ja) (Phantasy Star Online Episode I & II),GBA#2871
gba,"Tiny Toon Adventures - Buster's Bad Dream (Europe) (En,Fr,De,Es,It)","宾尼兔大冒险-糟糕的梦 （欧版） (En,Fr,De,Es,It)",GBA#2872
gba,Tiny Toon Adventures - Scary Dreams (USA),乐尼通大冒险 （美版）,GBA#2873
gba,"Tiny Toon Adventures - Wacky Stackers (Europe) (En,Fr,De,Es,It)","宾尼兔冒险-古怪蛋方块 （欧版） (En,Fr,De,Es,It)",GBA#2874
gba,Tiny Toon Adventures - Wacky Stackers (USA),宾尼兔冒险-古怪蛋方块 （美版）,GBA#2875
gba,Tir et But - Edition Champions du Monde (France),指令足球 （法国版）,GBA#2876
gba,Titeuf - Mega Compet (France),坏小子-迪德夫 （法国版）,GBA#2877
gba,Titeuf - Ze Gag Machine (France),坏小子 （法国版）,GBA#2878
gba,Titi et les Bijoux Magiques (France),托蒂的欢乐派对之不可思议的宝石 （法国版）,GBA#2879
gba,"TMNT (USA) (En,Fr,Es)","忍者神龟 （美版） (En,Fr,Es)",GBA#2880
gba,"TMNT - Teenage Mutant Ninja Turtles (Europe) (En,Fr,De,Es,It)","忍者神龟 （欧版） (En,Fr,De,Es,It)",GBA#2881
gba,TOCA World Touring Cars (Europe),托卡世界环游赛车 （欧版）,GBA#2882
gba,Tokimeki Yume Series 1 - Ohanaya-san ni Narou! (Japan),心跳系列-经营花店 （日版）,GBA#2883
gba,Tokyo Majin Gakuen - Fuju Houroku (Japan),东京魔人学院-符咒封禄 （日版）,GBA#2884
gba,"Tokyo Xtreme Racer Advance (Europe) (En,Fr,De,Es,It)","东京极限竞速车 （欧版） (En,Fr,De,Es,It)",GBA#2885
gba,Tokyo Xtreme Racer Advance (USA),东京极限竞速车 （美版）,GBA#2886
gba,"Tom and Jerry - The Magic Ring (Europe) (En,Fr,De,Es,It)","汤姆和杰瑞-魔法铃铛 （欧版） (En,Fr,De,Es,It)",GBA#2887
gba,"Tom and Jerry - The Magic Ring (USA) (En,Fr,De,Es,It)","汤姆和杰瑞-魔法铃铛 （美版） (En,Fr,De,Es,It)",GBA#2888
gba,"Tom and Jerry in Infurnal Escape (Europe) (En,Fr,De,Es,It)","汤姆和杰利-逃出地狱 （欧版） (En,Fr,De,Es,It)",GBA#2889
gba,Tom and Jerry in Infurnal Escape (USA),汤姆和杰利-逃出地狱 （美版）,GBA#2890
gba,"Tom and Jerry Tales (Europe) (En,Fr,De,Es,It)","汤姆和杰瑞 （欧版） (En,Fr,De,Es,It)",GBA#2891
gba,"Tom and Jerry Tales (USA) (En,Fr,Es)","汤姆和杰瑞 （美版） (En,Fr,Es)",GBA#2892
gba,"Tom Clancy's Rainbow Six - Rogue Spear (Europe) (En,Fr,De,Es,It)","彩虹6号 （欧版） (En,Fr,De,Es,It)",GBA#2893
gba,"Tom Clancy's Rainbow Six - Rogue Spear (USA) (En,Fr,De,Es,It)","彩虹6号 （美版） (En,Fr,De,Es,It)",GBA#2894
gba,"Tom Clancy's Splinter Cell (Europe) (En,Fr,De,Es,It,Nl)","分裂细胞 （欧版） (En,Fr,De,Es,It,Nl)",GBA#2895
gba,"Tom Clancy's Splinter Cell (Europe) (En,Fr,De,Es,It,Nl) (Beta)","分裂细胞 （欧版） (En,Fr,De,Es,It,Nl) （测试版）",GBA#2896
gba,"Tom Clancy's Splinter Cell (USA) (En,Fr,Es)","分裂细胞 （美版） (En,Fr,Es)",GBA#2897
gba,"Tom Clancy's Splinter Cell - Pandora Tomorrow (Europe) (En,Fr,De,Es,It,Nl)","分裂细胞：明日潘多拉 （欧版） (En,Fr,De,Es,It,Nl)",GBA#2898
gba,"Tom Clancy's Splinter Cell - Pandora Tomorrow (USA) (En,Fr,Es)","分裂细胞：明日潘多拉 （美版） (En,Fr,Es)",GBA#2899
gba,Tomato Adventure (Japan),西红柿冒险 （日版）,GBA#2900
gba,Tongqin Yi Bi (China) (Proto),通勤一笔 （中国版） （工程版）,GBA#2901
gba,Tonka - On the Job (USA),工作中的大卡 （美版）,GBA#2902
gba,Tony Hawk's American Sk8land (Europe),托尼霍克美式滑板 （欧版）,GBA#2903
gba,"Tony Hawk's American Sk8land (Europe) (Fr,De,Es,It)","托尼霍克美式滑板 （欧版） (Fr,De,Es,It)",GBA#2904
gba,Tony Hawk's American Sk8land (USA),托尼霍克美式滑板 （美版）,GBA#2905
gba,"Tony Hawk's Downhill Jam (Europe) (En,Fr,De,Es,It)","托尼霍克滑板下坡 （欧版） (En,Fr,De,Es,It)",GBA#2906
gba,Tony Hawk's Downhill Jam (USA),托尼霍克滑板下坡 （美版）,GBA#2907
gba,Tony Hawk's Pro Skater 2 (France),托尼·霍克职业滑板2 （法国版）,GBA#2908
gba,Tony Hawk's Pro Skater 2 (Germany),托尼·霍克职业滑板2 （德国版）,GBA#2909
gba,"Tony Hawk's Pro Skater 2 (USA, Europe)",托尼·霍克职业滑板2 （美版 欧版）,GBA#2910
gba,Tony Hawk's Pro Skater 3 (France),托尼霍克职业滑板3 （法国版）,GBA#2911
gba,Tony Hawk's Pro Skater 3 (Germany),托尼霍克职业滑板3 （德国版）,GBA#2912
gba,"Tony Hawk's Pro Skater 3 (USA, Europe)",托尼霍克职业滑板3 （美版 欧版）,GBA#2913
gba,"Tony Hawk's Pro Skater 4 (USA, Europe)",托尼·霍克职业溜冰4 （美版 欧版）,GBA#2914
gba,"Tony Hawk's Underground (USA, Europe)",托尼·霍克地下滑板1 （美版 欧版）,GBA#2915
gba,"Tony Hawk's Underground 2 (USA, Europe)",托尼·霍克地下滑板2 （美版 欧版）,GBA#2916
gba,"Tootuff - The Gag Machine (Europe) (En,Fr,De,Es,It) (Proto)","坏小子-迪德夫 （欧版） (En,Fr,De,Es,It) （工程版）",GBA#2917
gba,Top Gear GT Championship (Europe),全日本顶级GT锦标赛车 （欧版）,GBA#2918
gba,Top Gear GT Championship (USA),全日本顶级GT锦标赛车 （美版）,GBA#2919
gba,"Top Gear Rally (Europe) (En,Fr,De,Es,It)","顶级拉力赛车 （欧版） (En,Fr,De,Es,It)",GBA#2920
gba,Top Gear Rally (Japan),顶级拉力赛车 （日版）,GBA#2921
gba,Top Gear Rally (USA),顶级拉力赛车 （美版）,GBA#2922
gba,"Top Gun - Combat Zones (USA) (En,Fr,De,Es,It)","壮志凌云-战区 （美版） (En,Fr,De,Es,It)",GBA#2923
gba,"Top Gun - Firestorm Advance (USA, Europe) (En,Fr,De,Es,It)","捍卫战士 （美版 欧版） (En,Fr,De,Es,It)",GBA#2924
gba,"Top Spin 2 (Europe) (En,Fr,De,Es,It)","上旋高手网球2 （欧版） (En,Fr,De,Es,It)",GBA#2925
gba,"Top Spin 2 (USA) (En,Fr,De,Es,It)","上旋高手网球2 （美版） (En,Fr,De,Es,It)",GBA#2926
gba,Total Soccer Advance (Japan),冠军足球 （日版）,GBA#2927
gba,"Totally Spies! (Europe) (En,Fr,De,Es,It,Nl)","间谍少女组! （欧版） (En,Fr,De,Es,It,Nl)",GBA#2928
gba,Totally Spies! (USA),间谍少女组! （美版）,GBA#2929
gba,"Totally Spies! 2 - Undercover (Europe) (En,Fr,De,Es,It,Nl)","间谍少女组2 （欧版） (En,Fr,De,Es,It,Nl)",GBA#2930
gba,"Totally Spies! 2 - Undercover (USA) (En,Fr)","间谍少女组2 （美版） (En,Fr)",GBA#2931
gba,Tottoko Hamutarou 3 - Love Love Daibouken Dechu (Japan),哈姆太郎3-爱之冒险 （日版）,GBA#2932
gba,Tottoko Hamutarou 4 - Nijiiro Daikoushin Dechu (Japan),哈姆太郎4-虹色大行进 （日版）,GBA#2933
gba,Touhai Densetsu Akagi - Yami ni Mai Orita Tensai (Japan),赤木-麻将传说 （日版）,GBA#2934
gba,Toukon Heat (Japan),斗魂 （日版）,GBA#2935
gba,"Tower SP, The (Japan)",模拟大楼SP （日版）,GBA#2936
gba,"Tower SP, The (USA)",模拟大楼SP （美版）,GBA#2937
gba,Toyrobo Force (Japan),玩具机器人 （日版）,GBA#2938
gba,"Travis Pastrana's Pro MotoX (USA, Europe) (Proto) (2002-12-12)",帕斯切拉摩托车大赛 （美版 欧版） （工程版） (2002-12-12),GBA#2939
gba,"Treasure Planet (Europe) (En,Fr,De,Es,It,Nl)","迪斯尼之金银岛 （欧版） (En,Fr,De,Es,It,Nl)",GBA#2940
gba,"Treasure Planet (Europe) (En,Fr,De,Es,It,Nl) (Rev 1)","迪斯尼之金银岛 （欧版） (En,Fr,De,Es,It,Nl) （修正版 1）",GBA#2941
gba,Treasure Planet (USA),迪斯尼之金银岛 （美版）,GBA#2942
gba,"Trick Star (Europe) (En,Fr,De,Es,It)","诡计摩托 （欧版） (En,Fr,De,Es,It)",GBA#2943
gba,"Tringo (Europe) (En,Fr,De,Es,It)","方块拼图 （欧版） (En,Fr,De,Es,It)",GBA#2944
gba,Tringo (USA),方块拼图 （美版）,GBA#2945
gba,Trollz - Hair Affair! (Europe),奇幻慢舞! （欧版）,GBA#2946
gba,"Trollz - Hair Affair! (Europe) (En,De,It)","奇幻慢舞! （欧版） (En,De,It)",GBA#2947
gba,"Trollz - Hair Affair! (Europe) (En,Fr,Es)","奇幻慢舞! （欧版） (En,Fr,Es)",GBA#2948
gba,Trollz - Hair Affair! (USA),奇幻慢舞! （美版）,GBA#2949
gba,Tron 2.0 - Killer App (Europe),电子世界争霸战2.0 （欧版）,GBA#2950
gba,Tron 2.0 - Killer App (USA),电子世界争霸战2.0 （美版）,GBA#2951
gba,Tsuukin Hitofude (Japan),通勤一笔 （日版）,GBA#2952
gba,Tsuukin Hitofude (Japan) (Wii U Virtual Console),通勤一笔 （日版） (Wii U Virtual Console),GBA#2953
gba,Turbo Turtle Adventure (USA),海龟的冒险 （美版）,GBA#2954
gba,"Turok - Evolution (Europe) (En,Fr,De,Es,It)","恐龙猎人进化战争 （欧版） (En,Fr,De,Es,It)",GBA#2955
gba,Turok - Evolution (USA),恐龙猎人进化战争 （美版）,GBA#2956
gba,Turok Advance (Unknown) (Proto) (Bright Version),恐龙猎人A （未知） （工程版） (Bright Version),GBA#2957
gba,Turok Advance (Unknown) (Proto) (Dark Version),恐龙猎人A （未知） （工程版） (Dark Version),GBA#2958
gba,Turok Advance (Unknown) (Proto) (Earlier),恐龙猎人A （未知） （工程版） (Earlier),GBA#2959
gba,Tweety and the Magic Gems (Europe),托蒂的欢乐派对之不可思议的宝石 （欧版）,GBA#2960
gba,Tweety and the Magic Gems (Germany),托蒂的欢乐派对之不可思议的宝石 （德国版）,GBA#2961
gba,Tweety and the Magic Gems (Netherlands),托蒂的欢乐派对之不可思议的宝石 （荷兰版）,GBA#2962
gba,Tweety and the Magic Gems (USA),托蒂的欢乐派对之不可思议的宝石 （美版）,GBA#2963
gba,Tweety no Hearty Party (Japan),托蒂的欢乐派对之不可思议的宝石 （日版）,GBA#2964
gba,Twin Series 1 - Mezase Debut! - Fashion Designer Monogatari + Kawaii Pet Game Gallery 2 (Japan),双子系列1-流行设计师+可爱宠物系列2 （日版）,GBA#2965
gba,Twin Series 2 - Oshare Princess 4 + Renai Uranai Daisakusen! + Renai Party Game - Sweet Heart (Japan),奥沙尔公主4恋爱占卜大作战 （日版）,GBA#2966
gba,Twin Series 3 - Konchuu Monster - Ouja Ketteisen + Super Chinese Labyrinth (Japan),双子系列3-昆虫怪兽+超级中国人 （日版）,GBA#2967
gba,Twin Series 4 - Hamu Hamu Monster EX - Hamster Monogatari RPG + Fantasy Puzzle - Hamster Monogatari - Mahou no Meikyuu 1.2.3 (Japan),双子系列4-黄金鼠怪兽EX+黄金鼠物语-魔法迷宫1+2+3 （日版）,GBA#2968
gba,Twin Series 5 - Mahou no Kuni no Cake-ya-san Monogatari + Wanwan Meitantei EX (Japan),双子系列5-汪汪名侦探EX+魔法国度蛋糕店物语 （日版）,GBA#2969
gba,Twin Series 6 - Wannyan Idol Gakuen + Koinu to Issho Special (Japan),双子系列6-猫狗偶像学园+与小狗同乐特别版 （日版）,GBA#2970
gba,Twin Series 7 - Twin Puzzle - Kisekae Wanko EX + Nyaa to Chuu no Rainbow Magic 2 (Japan),双子系列7-变装小狗EX+彩虹魔术方块2 （日版）,GBA#2971
gba,"Ty the Tasmanian Tiger 2 - Bush Rescue (USA, Europe) (En,Fr,De)","袋狼2丛林营救-试试塔斯梅尼亚的老虎 （美版 欧版） (En,Fr,De)",GBA#2972
gba,Ty the Tasmanian Tiger 3 - Night of the Quinkan (USA),泰斯虎冒险3 （美版）,GBA#2973
gba,Tyrian 2000 (USA) (Proto),天龙战机2000 （美版） （工程版）,GBA#2974
gba,Uchuu Daisakusen Choco Vader - Uchuu kara no Shinryakusha (Japan),宇宙大作战-异次元的侵略者 （日版）,GBA#2975
gba,Uchuu no Stellvia (Japan),宇宙学院 （日版）,GBA#2976
gba,Ueki no Housoku - Jingi Sakuretsu! Nouryokusha Battle (Japan),植木的法则 （日版）,GBA#2977
gba,Ui-Ire - World Soccer Winning Eleven (Japan),胜利11人世界足球 （日版）,GBA#2978
gba,Ultimate Arcade Games (USA),终极街机游戏合集 （美版）,GBA#2979
gba,Ultimate Beach Soccer (USA),沙滩足球 （美版）,GBA#2980
gba,"Ultimate Brain Games (USA, Europe)",终极智力游戏 （美版 欧版）,GBA#2981
gba,Ultimate Card Games (USA) (Rev 1),终极扑克牌游戏 （美版） （修正版 1）,GBA#2982
gba,Ultimate Card Games (USA) (Rev 2),终极扑克牌游戏 （美版） （修正版 2）,GBA#2983
gba,"Ultimate Card Games (USA, Europe)",终极扑克牌游戏 （美版 欧版）,GBA#2984
gba,Ultimate Muscle - The Kinnikuman Legacy - The Path of the Superhero (USA),终极筋肉人-超级英雄之路 （美版）,GBA#2985
gba,Ultimate Puzzle Games (USA),终极智力游戏 （美版）,GBA#2986
gba,Ultimate Spider-Man (Europe),终极蜘蛛人 （欧版）,GBA#2987
gba,"Ultimate Spider-Man (Europe) (Fr,De,Es,It)","终极蜘蛛人 （欧版） (Fr,De,Es,It)",GBA#2988
gba,Ultimate Spider-Man (USA),终极蜘蛛人 （美版）,GBA#2989
gba,Ultimate Winter Games (USA),终极冬季运动会 （美版）,GBA#2990
gba,Ultra Keibitai - Monster Attack (Japan),超级警备队-怪兽袭击 （日版）,GBA#2991
gba,Unfabulous (USA),一本正经 （美版）,GBA#2992
gba,"Unglaublichen, Die (Germany)",超人特工队 （德国版）,GBA#2993
gba,"Uno 52 (Europe) (En,Fr,De,Es,It)","扑克52张 （欧版） (En,Fr,De,Es,It)",GBA#2994
gba,Uno 52 (USA),扑克52张 （美版）,GBA#2995
gba,"Uno Free Fall (Europe) (En,Fr,De,Es,It)","智力自由球 （欧版） (En,Fr,De,Es,It)",GBA#2996
gba,Uno Free Fall (USA),智力自由球 （美版）,GBA#2997
gba,"Urban Yeti! (USA, Europe)",都市的雪人! （美版 欧版）,GBA#2998
gba,"Urbz, The - Sims in the City (Japan)",模拟人生-上流社会 （日版）,GBA#2999
gba,"Urbz, The - Sims in the City (USA, Europe) (En,Fr,De,Es,It,Nl)","模拟人生-上流社会 （美版 欧版） (En,Fr,De,Es,It,Nl)",GBA#3000
gba,V-Master Cross (Japan),V-怪兽卡片斗士 （日版）,GBA#3001
gba,"V-Rally 3 (Europe) (En,Fr,De,Es,It)","V拉力车3 （欧版） (En,Fr,De,Es,It)",GBA#3002
gba,V-Rally 3 (Japan),V拉力车3 （日版）,GBA#3003
gba,"V-Rally 3 (USA) (En,Fr,Es)","V拉力车3 （美版） (En,Fr,Es)",GBA#3004
gba,"V.I.P. (Europe) (En,Fr,De,Es,It,Nl)","会员 （欧版） (En,Fr,De,Es,It,Nl)",GBA#3005
gba,"Van Helsing (Europe) (En,Fr,De,Es,It)","范海辛 （欧版） (En,Fr,De,Es,It)",GBA#3006
gba,Van Helsing (USA),范海辛 （美版）,GBA#3007
gba,Vattroller X (Japan),球斗士 （日版）,GBA#3008
gba,"Vattroller X - Taikenban (Japan) (Demo) (Kiosk, GameCube)","球斗士X 体验版 （日版） （演示版） (Kiosk, GameCube)",GBA#3009
gba,Vecinos Invasores (Spain),篱笆墙外 （西班牙版）,GBA#3010
gba,VeggieTales - LarryBoy and the Bad Apple (USA),蔬菜总动员-拉里男孩和坏苹果 （美版）,GBA#3011
gba,"Virtua Tennis (Europe) (En,Fr,De,Es,It)","虚拟网球 （欧版） (En,Fr,De,Es,It)",GBA#3012
gba,Virtua Tennis (USA),虚拟网球 （美版）,GBA#3013
gba,"Virtual Kasparov (Europe) (En,Fr,De,Es,It)","虚拟西洋棋手 （欧版） (En,Fr,De,Es,It)",GBA#3014
gba,"Virtual Kasparov (USA) (En,Fr,De,Es,It)","虚拟西洋棋手 （美版） (En,Fr,De,Es,It)",GBA#3015
gba,"W.i.t.c.h. (Europe) (En,Fr,De,Es,It)","女巫 （欧版） (En,Fr,De,Es,It)",GBA#3016
gba,"Wade Hixton's Counter Punch (USA, Europe)",维德-汉克斯的反击 （美版 欧版）,GBA#3017
gba,Wagamama Fairy Mirumo de Pon! - 8 Nin no Toki no Yousei (Japan),任性妖精Mirumo-八目妖精 （日版）,GBA#3018
gba,Wagamama Fairy Mirumo de Pon! - Dokidoki Memorial Panic (Japan),任性妖精米诺-心跳的回忆 （日版）,GBA#3019
gba,Wagamama Fairy Mirumo de Pon! - Nazo no Kagi to Shinjitsu no Tobira (Japan),任性妖精米诺-迷之轮和真实之门 （日版）,GBA#3020
gba,Wagamama Fairy Mirumo de Pon! - Ougon Maracas no Densetsu (Japan),任性妖精Mirumo-黄金响葫芦的传说 （日版）,GBA#3021
gba,Wagamama Fairy Mirumo de Pon! - Taisen Mahoudama (Japan),任性小妖精咪鲁摩-神奇彩球对战 （日版）,GBA#3022
gba,Wagamama Fairy Mirumo de Pon! - Yume no Kakera (Japan),任性妖精米诺-梦的碎片 （日版）,GBA#3023
gba,Wakeboarding Unleashed featuring Shaun Murray (Europe),极限水上滑板 （欧版）,GBA#3024
gba,Wakeboarding Unleashed featuring Shaun Murray (USA),极限水上滑板 （美版）,GBA#3025
gba,Waliou Xunbao Ji (China),小神游-瓦力欧寻宝记 （中国版）,GBA#3026
gba,Waliou Zhizao (China),小神游-瓦里奥制造 （中国版）,GBA#3027
gba,Wanko de Kururin! Wancle (Japan),小茶犬-宠物滚滚乐园 （日版）,GBA#3028
gba,Wanko Mix Chiwanko World (Japan),小狗米克斯-爱情世界 （日版）,GBA#3029
gba,Wannyan Doubutsu Byouin - Doubutsu no Oishasan Ikusei Game (Japan),宠物医院-动物医生育成计划 （日版）,GBA#3030
gba,Wannyan Doubutsu Byouin - Doubutsu no Oishasan Ikusei Game (Japan) (Rev 1),宠物医院-动物医生育成计划 （日版） （修正版 1）,GBA#3031
gba,Wanwan Meitantei (Japan),汪汪名侦探 （日版）,GBA#3032
gba,"Wario Land 4 (USA, Europe)",瓦里奥世界4 （美版 欧版）,GBA#3033
gba,"Wario Land 4 (USA, Europe) (Wii U Virtual Console)",瓦里奥世界4 （美版 欧版） (Wii U Virtual Console),GBA#3034
gba,Wario Land Advance - Youki no Otakara (Japan),瓦里奥世界4 （日版）,GBA#3035
gba,Wario Land Advance - Youki no Otakara (Japan) (Wii U Virtual Console),瓦里奥世界4 （日版） (Wii U Virtual Console),GBA#3036
gba,WarioWare - Twisted! (USA),旋转瓦里奥! （美版）,GBA#3037
gba,"WarioWare, Inc. - Mega Microgame$! (USA)",瓦里奥制造 （美版）,GBA#3038
gba,"WarioWare, Inc. - Mega Microgame$! (USA) (Beta)",瓦里奥制造 （美版） （测试版）,GBA#3039
gba,"WarioWare, Inc. - Mega Microgame$! (USA) (Wii U Virtual Console)",瓦里奥制造 （美版） (Wii U Virtual Console),GBA#3040
gba,"WarioWare, Inc. - Minigame Mania (Europe) (En,Fr,De,Es,It)","瓦里奥制造 （欧版） (En,Fr,De,Es,It)",GBA#3041
gba,"WarioWare, Inc. - Trial version (USA) (Demo) (Kiosk, GameCube)","瓦里奥制造 体验版 （美版） （演示版） (Kiosk, GameCube)",GBA#3042
gba,Weekend Miljonairs (Netherlands),谁想成为百万富翁 （荷兰版）,GBA#3043
gba,Wer Wird Millionaer (Germany),谁想成为百万富翁 （德国版）,GBA#3044
gba,Whac-A-Mole (USA),打鼹鼠 （美版）,GBA#3045
gba,Whistle! - Dai-37-kai Tokyo-to Chuugakkou Sougou Taiiku Soccer Taikai (Japan),哨声响起 （日版）,GBA#3046
gba,Who Wants to Be a Millionaire (Australia),谁想成为百万富翁 （澳洲版）,GBA#3047
gba,Who Wants to Be a Millionaire (Europe),谁想成为百万富翁 （欧版）,GBA#3048
gba,Who Wants to Be a Millionaire - 2nd Edition (Europe),谁想成为百万富翁2 （欧版）,GBA#3049
gba,Who Wants to Be a Millionaire Junior (Europe),谁想成为百万富翁 （欧版）,GBA#3050
gba,"Wild Thornberrys Movie, The (USA, Europe)",狂野丛林-电影 （美版 欧版）,GBA#3051
gba,"Wild Thornberrys Movie, The (USA, Europe) (Beta)",狂野丛林-电影 （美版 欧版） （测试版）,GBA#3052
gba,"Wild Thornberrys, The - Chimp Chase (USA, Europe)",狂野棘林-猎杀黑猩猩 （美版 欧版）,GBA#3053
gba,"Wild, The (USA, Europe) (En,Fr,De,Es)","狂野大自然 （美版 欧版） (En,Fr,De,Es)",GBA#3054
gba,"Wilden Fussball-Kerle, Die - Entscheidung im Teufelstopf (Germany)",疯狂破裂橄榄球 （德国版）,GBA#3055
gba,"Wilden Fussball-Kerle, Die - Gefahr im Wilde Kerle Land (Germany)",卡拉大地 （德国版）,GBA#3056
gba,"Wing Commander - Prophecy (Europe) (En,Fr,De,Es,It)","银河飞将-预言 （欧版） (En,Fr,De,Es,It)",GBA#3057
gba,Wing Commander - Prophecy (USA),银河飞将-预言 （美版）,GBA#3058
gba,Wings (Europe),长空之翼 （欧版）,GBA#3059
gba,Wings (USA),长空之翼 （美版）,GBA#3060
gba,"Winnie the Pooh's Rumbly Tumbly Adventure & Rayman 3 (Europe) (En,Fr,De,Es,It,Nl+En,Fr,De,Es,It,Nl,Sv,No,Da,Fi)","游戏2合1-小熊维尼+雷曼3 （欧版） (En,Fr,De,Es,It,Nl+En,Fr,De,Es,It,Nl,Sv,No,Da,Fi)",GBA#3061
gba,"Winnie the Pooh's Rumbly Tumbly Adventure (Europe) (En,Fr,De,Es,It,Nl)","小熊维尼-崎岖的冒险历程 （欧版） (En,Fr,De,Es,It,Nl)",GBA#3062
gba,"Winnie the Pooh's Rumbly Tumbly Adventure (USA) (En,Fr,Es)","小熊维尼-崎岖的冒险历程 （美版） (En,Fr,Es)",GBA#3063
gba,Winning Post for Game Boy Advance (Japan),冠军赛马 （日版）,GBA#3064
gba,Winning Post for Game Boy Advance (Japan) (Rev 1),冠军赛马 （日版） （修正版 1）,GBA#3065
gba,Winning Post for Game Boy Advance (Japan) (Rev 2),冠军赛马 （日版） （修正版 2）,GBA#3066
gba,"Winter Sports (Europe) (En,Fr,De,Es,It)","冬季奥运会 （欧版） (En,Fr,De,Es,It)",GBA#3067
gba,"WinX Club (Europe) (En,Fr,De,Es,It)","粉红女郎俱乐部 （欧版） (En,Fr,De,Es,It)",GBA#3068
gba,WinX Club (USA),粉红女郎俱乐部 （美版）,GBA#3069
gba,"WinX Club - Quest for the Codex (Europe) (En,Fr,De,Es,It)","魔法粉红俏佳人俱乐部 - 法典任务 （欧版） (En,Fr,De,Es,It)",GBA#3070
gba,WinX Club - Quest for the Codex (USA),魔法粉红俏佳人俱乐部 - 法典任务 （美版）,GBA#3071
gba,Wizardry Summoner (Japan),辟邪除妖-召唤者 （日版）,GBA#3072
gba,Wizardry Summoner (Japan) (Rev 1),辟邪除妖-召唤者 （日版） （修正版 1）,GBA#3073
gba,"Wolfenstein 3D (USA, Europe)",3D德军总部 （美版 欧版）,GBA#3074
gba,Woody Woodpecker - Crazy Castle 5 (Japan),啄木鸟伍迪闯疯狂城堡5 （日版）,GBA#3075
gba,"Woody Woodpecker in Crazy Castle 5 (Europe) (En,Fr,De)","啄木鸟伍迪勇闯疯狂城堡5 （欧版） (En,Fr,De)",GBA#3076
gba,Woody Woodpecker in Crazy Castle 5 (USA),啄木鸟伍迪勇闯疯狂城堡5 （美版）,GBA#3077
gba,Word Safari - The Friendship Totems (USA),单词旅行-友谊图腾 （美版）,GBA#3078
gba,World Advance Soccer - Shouri e no Michi (Japan),世界足球-迈向胜利之路 （日版）,GBA#3079
gba,"World Championship Poker (Europe) (En,Fr,De,Es,It)","世界扑克锦标赛 （欧版） (En,Fr,De,Es,It)",GBA#3080
gba,World Championship Poker (USA),世界扑克锦标赛 （美版）,GBA#3081
gba,"World Poker Tour (Europe) (En,Fr,De)","世界扑克联赛 （欧版） (En,Fr,De)",GBA#3082
gba,World Poker Tour (USA),世界扑克联赛 （美版）,GBA#3083
gba,World Reborn (USA) (Proto),世界重生 （美版） （工程版）,GBA#3084
gba,World Reborn (USA) (Unl),世界重生 （美版） （非官方版）,GBA#3085
gba,World Tennis Stars (Europe),世界网球明星 （欧版）,GBA#3086
gba,World Tennis Stars (USA),世界网球明星 （美版）,GBA#3087
gba,"Worms Blast (Europe) (En,Fr,De,Es,It)","百战天虫 （欧版） (En,Fr,De,Es,It)",GBA#3088
gba,"Worms World Party (Europe) (En,Fr,De,Es,It)","百战天虫 （欧版） (En,Fr,De,Es,It)",GBA#3089
gba,"Worms World Party (USA) (En,Fr,De,Es,It)","百战天虫 （美版） (En,Fr,De,Es,It)",GBA#3090
gba,WTA Tour Tennis (USA),超真实女子网球-口袋版 （美版）,GBA#3091
gba,WTA Tour Tennis Pocket (Japan),超真实女子网球赛-口袋版 （日版）,GBA#3092
gba,"WWE - Road to WrestleMania X8 (USA, Europe)",WWE疯狂摔跤之路X8 （美版 欧版）,GBA#3093
gba,"WWE - Survivor Series (USA, Europe)",职业摔跤联盟-生存者系列 （美版 欧版）,GBA#3094
gba,"WWF - Road to WrestleMania (USA, Europe)",WWF摔跤之路 （美版 欧版）,GBA#3095
gba,"WWF - Road to WrestleMania (USA, Europe) (Beta)",WWF摔跤之路 （美版 欧版） （测试版）,GBA#3096
gba,X-Bladez - Inline Skater (Europe),X旋风直排轮溜冰 （欧版）,GBA#3097
gba,X-Bladez - Inline Skater (USA),X旋风直排轮溜冰 （美版）,GBA#3098
gba,"X-Men - Reign of Apocalypse (USA, Europe)",X战警-启示录 （美版 欧版）,GBA#3099
gba,"X-Men - The Official Game (Europe) (En,Fr,Es,It)","X战警-官方游戏 （欧版） (En,Fr,Es,It)",GBA#3100
gba,X-Men - The Official Game (USA),X战警-官方游戏 （美版）,GBA#3101
gba,X-Men 2 - La Vengeance de Wolverine (France),X战警2-狼人之复仇 （法国版）,GBA#3102
gba,X-Terminator Advance (Japan) (Unl),X-终结者A （日版） （非官方版）,GBA#3103
gba,"X2 - Wolverine's Revenge (USA, Europe)",X战警2-狼人之复仇 （美版 欧版）,GBA#3104
gba,Xploder Advance (Europe) (Alt 1) (Unl),GBA金手指密码工具 （欧版） (Alt 1) （非官方版）,GBA#3105
gba,Xploder Advance (Europe) (Unl),GBA金手指密码工具 （欧版） （非官方版）,GBA#3106
gba,XS Moto (USA),XS摩托车 （美版）,GBA#3107
gba,xXx (France),X传奇限制级战警 （法国版）,GBA#3108
gba,"xXx (USA, Europe)",X传奇限制级战警 （美版 欧版）,GBA#3109
gba,Yaobai Senxigang (China) (Proto),摇摆大金刚 （中国版） （工程版）,GBA#3110
gba,Yaoxi Dao (China),小神游-耀西岛 （中国版）,GBA#3111
gba,Yggdra Union (Japan),尤古朵拉公主联盟 （日版）,GBA#3112
gba,Yggdra Union - We'll Never Fight Alone (Europe),尤古朵拉公主联盟 （欧版）,GBA#3113
gba,Yggdra Union - We'll Never Fight Alone (USA),尤古朵拉公主联盟 （美版）,GBA#3114
gba,Yoshi no Banyuuinryoku (Japan),耀西的万有引力 （日版）,GBA#3115
gba,Yoshi Sample (Japan) (En) (Demo),耀西试玩版 （日版） (En) （演示版）,GBA#3116
gba,Yoshi Sample (Japan) (En) (SDK 3.0) (Demo),耀西试玩版 （日版） (En) (SDK 3.0) （演示版）,GBA#3117
gba,Yoshi Topsy-Turvy (USA),耀西的万有引力 （美版）,GBA#3118
gba,"Yoshi's Universal Gravitation (Europe) (En,Fr,De,Es,It)","耀西的万有引力 （欧版） (En,Fr,De,Es,It)",GBA#3119
gba,Youkaidou (Japan),妖怪道 （日版）,GBA#3120
gba,"Yu Yu Hakusho - Ghostfiles - Spirit Detective (Europe) (En,Fr,De,Es,It)","幽游白书-灵界侦探 （欧版） (En,Fr,De,Es,It)",GBA#3121
gba,Yu Yu Hakusho - Ghostfiles - Spirit Detective (USA),幽游白书-灵界侦探 （美版）,GBA#3122
gba,"Yu Yu Hakusho - Ghostfiles - Tournament Tactics (USA, Europe)",幽游白书-灵界侦探 （美版 欧版）,GBA#3123
gba,"Yu-Gi-Oh! - 7 Trials to Glory - World Championship Tournament 2005 (USA) (En,Ja,Fr,De,Es,It)","游戏王-世界锦标赛2005 （美版） (En,Ja,Fr,De,Es,It)",GBA#3124
gba,"Yu-Gi-Oh! - Day of the Duelist - World Championship Tournament 2005 (Europe) (En,Ja,Fr,De,Es,It)","游戏王-世界冠军赛2005 （欧版） (En,Ja,Fr,De,Es,It)",GBA#3125
gba,"Yu-Gi-Oh! - Destiny Board Traveler (Europe) (En,Fr,De,Es,It)","游戏王-命运之旅 （欧版） (En,Fr,De,Es,It)",GBA#3126
gba,Yu-Gi-Oh! - Destiny Board Traveler (USA),游戏王-命运之旅 （美版）,GBA#3127
gba,"Yu-Gi-Oh! - Dungeon Dice Monsters (Europe) (En,Fr,De,Es,It)","游戏王-怪兽龙门骰 （欧版） (En,Fr,De,Es,It)",GBA#3128
gba,Yu-Gi-Oh! - Dungeon Dice Monsters (Japan),游戏王-怪兽龙门骰 （日版）,GBA#3129
gba,"Yu-Gi-Oh! - Dungeon Dice Monsters (USA) (En,Es)","游戏王-怪兽龙门骰 （美版） (En,Es)",GBA#3130
gba,"Yu-Gi-Oh! - Reshef of Destruction (Europe) (En,Fr,De,Es,It)","游戏王-毁灭的大邪神 （欧版） (En,Fr,De,Es,It)",GBA#3131
gba,Yu-Gi-Oh! - Reshef of Destruction (USA),游戏王-毁灭的大邪神 （美版）,GBA#3132
gba,Yu-Gi-Oh! - Sugoroku no Sugoroku (Japan),游戏王-双六的骰子 （日版）,GBA#3133
gba,Yu-Gi-Oh! - The Eternal Duelist Soul (USA),游戏王-永恒斗士之魂 （美版）,GBA#3134
gba,"Yu-Gi-Oh! - The Sacred Cards (Europe) (En,Fr,De,Es,It)","游戏王-神圣的卡片 （欧版） (En,Fr,De,Es,It)",GBA#3135
gba,Yu-Gi-Oh! - The Sacred Cards (USA),游戏王-神圣的卡片 （美版）,GBA#3136
gba,"Yu-Gi-Oh! - Ultimate Masters - World Championship Tournament 2006 (USA) (En,Ja,Fr,De,Es,It)","游戏王UM2006 （美版） (En,Ja,Fr,De,Es,It)",GBA#3137
gba,"Yu-Gi-Oh! - Ultimate Masters Edition - World Championship Tournament 2006 (Europe) (En,Ja,Fr,De,Es,It)","游戏王UM2006 （欧版） (En,Ja,Fr,De,Es,It)",GBA#3138
gba,"Yu-Gi-Oh! - World Championship Tournament 2004 (Europe) (En,Ja,Fr,De,Es,It)","游戏王-世界锦标赛2004 （欧版） (En,Ja,Fr,De,Es,It)",GBA#3139
gba,"Yu-Gi-Oh! - World Championship Tournament 2004 (USA) (En,Ja,Fr,De,Es,It)","游戏王-世界锦标赛2004 （美版） (En,Ja,Fr,De,Es,It)",GBA#3140
gba,"Yu-Gi-Oh! - Worldwide Edition - Stairway to the Destined Duel (Europe) (En,Ja,Fr,De,Es,It)","游戏王6-国际版 （欧版） (En,Ja,Fr,De,Es,It)",GBA#3141
gba,"Yu-Gi-Oh! - Worldwide Edition - Stairway to the Destined Duel (USA) (En,Ja,Fr,De,Es,It)","游戏王6-国际版 （美版） (En,Ja,Fr,De,Es,It)",GBA#3142
gba,"Yu-Gi-Oh! Double Pack (Europe) (En,Fr,De,Es,It)","游戏王2合1 （欧版） (En,Fr,De,Es,It)",GBA#3143
gba,Yu-Gi-Oh! Double Pack (USA),游戏王2合1 （美版）,GBA#3144
gba,"Yu-Gi-Oh! Double Pack 2 (USA) (En,Fr,De,Es,It)","游戏2合1-游戏王-命运之旅+怪兽龙门骰 （美版） (En,Fr,De,Es,It)",GBA#3145
gba,Yu-Gi-Oh! Duel Monsters 5 Expert 1 (Japan),游戏王5-双重恶魔 （日版）,GBA#3146
gba,Yu-Gi-Oh! Duel Monsters 6 Expert 2 (Japan),游戏王6 （日版）,GBA#3147
gba,Yu-Gi-Oh! Duel Monsters 7 - Kettou Toshi Densetsu (Japan),游戏王7-决斗都市传说 （日版）,GBA#3148
gba,Yu-Gi-Oh! Duel Monsters 8 - Hametsu no Daijashin (Japan),游戏王8-破灭之大邪神 （日版）,GBA#3149
gba,"Yu-Gi-Oh! Duel Monsters Expert 2006 (Japan) (En,Ja,Fr,De,Es,It)","游戏王-卡片决斗2006 （日版） (En,Ja,Fr,De,Es,It)",GBA#3150
gba,"Yu-Gi-Oh! Duel Monsters Expert 3 (Japan) (En,Ja,Fr,De,Es,It)","游戏王Expert3 （日版） (En,Ja,Fr,De,Es,It)",GBA#3151
gba,Yu-Gi-Oh! Duel Monsters GX - Mezase Duel King! (Japan),游戏王-目标决斗王怪兽GX! （日版）,GBA#3152
gba,"Yu-Gi-Oh! Duel Monsters International - Worldwide Edition (Japan) (En,Ja,Fr,De,Es,It)","游戏王国际版 （日版） (En,Ja,Fr,De,Es,It)",GBA#3153
gba,"Yu-Gi-Oh! Duel Monsters International - Worldwide Edition (Japan) (En,Ja,Fr,De,Es,It) (Rev 1)","游戏王国际版 （日版） (En,Ja,Fr,De,Es,It) （修正版 1）",GBA#3154
gba,"Yu-Gi-Oh! Duel Monsters International 2 (Japan) (En,Ja)","游戏王-怪兽决斗国际版2 （日版） (En,Ja)",GBA#3155
gba,Yu-Gi-Oh! GX - Duel Academy (Europe),游戏王GX-决斗学院 （欧版）,GBA#3156
gba,Yu-Gi-Oh! GX - Duel Academy (USA),游戏王GX-决斗学院 （美版）,GBA#3157
gba,Yumemi-chan no Naritai Series 3 - Watashi no Makesalon (Japan),我的彩粧世界 （日版）,GBA#3158
gba,Yuujou no Victory Goal 4v4 Arashi - Get the Goal!! (Japan),友情足球-4V4岚 （日版）,GBA#3159
gba,Yuureiyashiki no Nijuuyojikan (Japan),幽灵屋缚之24小时 （日版）,GBA#3160
gba,Z.O.E. 2173 - Testament (Japan),星域毁灭者2173-遗嘱 （日版）,GBA#3161
gba,"Zapper (Europe) (En,Fr,De,Es,It)","蚱蜢zapper （欧版） (En,Fr,De,Es,It)",GBA#3162
gba,Zapper - One Wicked Cricket! (USA),蚱蜢Zapper （美版）,GBA#3163
gba,Zatchbell! - Electric Arena (USA),魔法少年贾修-电击竞技场 （美版）,GBA#3164
gba,Zelda no Densetsu - Fushigi no Boushi (Japan),塞尔达传说-缩小帽 （日版）,GBA#3165
gba,Zelda no Densetsu - Kamigami no Triforce & 4tsu no Tsurugi (Japan),赛尔达传说-众神之三角力量和四支剑 （日版）,GBA#3166
gba,Zen-Nihon GT Senshuken (Japan),全日本顶级GT锦标赛车 （日版）,GBA#3167
gba,Zen-Nihon Shounen Soccer Taikai 2 - Mezase Nihon-ichi! (Japan),全日本少年足球大会2-目标日本第一! （日版）,GBA#3168
gba,Zero One (Japan),对与错-是与非 （日版）,GBA#3169
gba,Zero One SP (Japan),对还是错SP （日版）,GBA#3170
gba,Zero-Tours (Japan),零度旅行 （日版）,GBA#3171
gba,Zettaizetsumei Dangerous Jiisan - Naki no 1-kai - Zettaifukujuu Violence Kouchou - Wagahai ga 1-ban Erainjai!! (Japan),天才爷爷2 （日版）,GBA#3172
gba,Zettaizetsumei Dangerous Jiisan - Shijou Saikyou no Dogeza (Japan),天才爷爷-史上最强之土下座 （日版）,GBA#3173
gba,Zettaizetsumei Dangerous Jiisan 3 - Hateshinaki Mamonogatari (Japan),天才爷爷3-无尽的魔物语 （日版）,GBA#3174
gba,Zettaizetsumei Dangerous Jiisan Tsuu - Ikari no Oshioki Blues (Japan),天才爷爷-痔疮先生的痛 （日版）,GBA#3175
gba,Zhuanzhuanbang (China) (Proto),转转棒 （中国版） （工程版）,GBA#3176
gba,Zhuanzhuanbang Tiantang (China) (Proto),转转棒天堂 （中国版） （工程版）,GBA#3177
gba,"Zidane Football Generation 2002 (Europe) (En,Fr,De,Es,It)","齐达内足球世代2002 （欧版） (En,Fr,De,Es,It)",GBA#3178
gba,Zoey 101 (USA),Zoey 101 （美版）,GBA#3179
gba,Zoids Legacy (USA),机械兽新世纪 （美版）,GBA#3180
gba,Zoids Saga (Japan),机兽新世纪 （日版）,GBA#3181
gba,Zoids Saga (Japan) (Rev 1),机兽新世纪 （日版） （修正版 1）,GBA#3182
gba,Zoids Saga - Fuzors (Japan),机兽新世纪 （日版）,GBA#3183
gba,Zoids Saga II (Japan),机兽新世纪2 （日版）,GBA#3184
gba,Zoku Bokura no Taiyou - Taiyou Shounen Django (Japan),续我们的太阳 （日版）,GBA#3185
gba,Zoku Bokura no Taiyou - Taiyou Shounen Django (Japan) (Rev 1),续我们的太阳 （日版） （修正版 1）,GBA#3186
gba,"Zone of the Enders - The Fist of Mars (Europe) (En,Fr,De)","星域毁灭者2173-火星的碰撞 （欧版） (En,Fr,De)",GBA#3187
gba,Zone of the Enders - The Fist of Mars (USA),星域毁灭者2173-火星的碰撞 （美版）,GBA#3188
gba,"ZooCube (Europe) (En,Fr,De,Es,It)","立体旋转方块 （欧版） (En,Fr,De,Es,It)",GBA#3189
gba,ZooCube (Japan),立体旋转方块 （日版）,GBA#3190
gba,ZooCube (USA),立体旋转方块 （美版）,GBA#3191
gba,"Zooo - Action Puzzle Game (Europe) (En,Fr,De,Es,It)","动物饲养员 （欧版） (En,Fr,De,Es,It)",GBA#3192
