system,game_name,ch_name,id,size
nds,'Chou' Kowai Hanashi DS - Ao no Shou (Japan),超鬼故事DS-青之章（日版）,NDS#1,68.72MB
nds,"'Josei no Hinkaku' Juku DS - Tsuyoku, Yasashiku, Utsukushiku - Bando Mariko Shinsho (Japan)",女性品格补习班 DS（日版）,NDS#2,41.24MB
nds,007 - Blood Stone (Canada),詹姆斯邦德007-血石（加拿大版）,NDS#3,31.31MB
nds,007 - Blood Stone (France),詹姆斯邦德007-血石（法国版）,NDS#4,31.31MB
nds,007 - Blood Stone (Germany),詹姆斯邦德007-血石（德国版）,NDS#5,31.47MB
nds,007 - Blood Stone (United Kingdom),詹姆斯邦德007-血石(United Kingdom),NDS#6,31.42MB
nds,007 - Blood Stone (USA),詹姆斯邦德007-血石（美版）,NDS#7,31.42MB
nds,007 - Ein Quantum Trost (Germany),007-量子危机（德国版）,NDS#8,19.68MB
nds,"007 - Quantum of Solace (Europe) (En,Fr)","詹姆斯邦德007-量子危机（欧版） (En,Fr)",NDS#9,20.51MB
nds,"007 - Quantum of Solace (Europe) (Es,It)","詹姆斯邦德007-量子危机（欧版） (Es,It)",NDS#10,20.52MB
nds,007 - Quantum of Solace (Korea) [b],詹姆斯邦德007-量子危机（韩国版） [b],NDS#11,19.79MB
nds,"007 - Quantum of Solace (USA) (En,Fr)","詹姆斯邦德007-量子危机（美版） (En,Fr)",NDS#12,20.53MB
nds,1 contre 100 (France),1比100（法国版）,NDS#13,1.69MB
nds,1 gegen 100 (Germany),以一敌百（德国版）,NDS#14,1.76MB
nds,1 vs 100 (Europe) [b],以一敌百（欧版） [b],NDS#15,1.74MB
nds,1 vs 100 (USA),以一敌百（美版）,NDS#16,6.27MB
nds,1-nichi 10-pun de E ga Jouzu ni Kakeru DS (Japan),每天10分钟提高绘画水平（日版）,NDS#17,14.31MB
nds,10 voor Taal (Netherlands),10 语言（荷兰版）,NDS#18,3.44MB
nds,"100 All-Time Favorites (USA) (En,Fr,Es)","100 个经典桌面游戏（美版） (En,Fr,Es)",NDS#19,15.86MB
nds,100 Classic Book Collection (Europe),100部经典名著合集（欧版）,NDS#20,42.43MB
nds,100 Classic Books (USA),100部经典名著合集（美版）,NDS#21,46.93MB
nds,"100 Classic Games (Europe) (En,Fr,De,Es,It) (Rev 1)","100个经典小游戏（欧版） (En,Fr,De,Es,It) （修正版 1）",NDS#22,5.10MB
nds,"100 Classic Games (Europe) (En,Fr,De,Es,Nl)","100个经典小游戏（欧版） (En,Fr,De,Es,Nl)",NDS#23,5.09MB
nds,100 Livres Classiques (France),古典书籍图书馆（法国版）,NDS#24,39.06MB
nds,1000 Bornes - Coups-Fourres et Courses Folles! (France),1000边界（法国版）,NDS#25,1.83MB
nds,"1000 Cooking Recipes from Elle a Table (Europe) (En,Fr,De,Es,It) (NDSi Enhanced)","1000烹饪食谱来自艾丽餐桌（欧版） (En,Fr,De,Es,It) (NDSi Enhanced)",NDS#26,27.72MB
nds,1001 Crosswords (Europe),,NDS#27,1.14MB
nds,1001 Touch Games (Europe),,NDS#28,21.09MB
nds,"1001 Touch Games (Europe) (En,Fr,It,Nl)",,NDS#29,22.40MB
nds,1001 Touch Games (Germany),,NDS#30,21.17MB
nds,1001 Touch Games (USA),,NDS#31,21.76MB
nds,"101 Dino Pets (Europe) (En,Fr,De,It)","101恐龙宠物（欧版） (En,Fr,De,It)",NDS#32,3.61MB
nds,"101 in 1 Explosive Megamix (Europe) (En,Fr,De,Es,It,Nl)","101合1小游戏（欧版） (En,Fr,De,Es,It,Nl)",NDS#33,7.28MB
nds,"101 in 1 Explosive Megamix (USA) (En,Fr,Es)","101合1小游戏（美版） (En,Fr,Es)",NDS#34,7.28MB
nds,"101 in 1 Sports Megamix (Europe) (En,Fr,De,Es,It,Nl)","运动101合1（欧版） (En,Fr,De,Es,It,Nl)",NDS#35,13.19MB
nds,"101 in 1 Sports Megamix (USA) (En,Fr,Es)","运动101合1（美版） (En,Fr,Es)",NDS#36,13.18MB
nds,"11 Card Games (Europe) (En,De,Es)",,NDS#37,2.13MB
nds,12 Family Games (Europe) [b],游戏12合1（欧版） [b],NDS#38,3.71MB
nds,123 Sesame Street - Cookie's Counting Carnival - The Videogame (Australia),芝麻街-饼干计数嘉年华（澳洲版）,NDS#39,10.25MB
nds,123 Sesame Street - Cookie's Counting Carnival - The Videogame (USA),芝麻街-饼干计数嘉年华（美版）,NDS#40,10.25MB
nds,123 Sesame Street - Elmo's A-to-Zoo Adventure - The Videogame (Australia),芝麻街-埃尔默动物园历险（澳洲版）,NDS#41,15.49MB
nds,123 Sesame Street - Elmo's A-to-Zoo Adventure - The Videogame (USA),芝麻街-埃尔默动物园历险（美版）,NDS#42,15.49MB
nds,"123 Sesame Street - Ready, Set, Grover! - With Elmo - The Videogame (USA) (En,Es)","芝麻街-准备,设置,格罗弗（美版） (En,Es)",NDS#43,59.47MB
nds,1500 DS Spirits - Mahjong V (Japan),1500DS 魂 Vol.11-麻将V（日版）,NDS#44,2.39MB
nds,1500 DS Spirits - Shougi V (Japan),1500DS 魂 Vol.12-将棋V（日版）,NDS#45,1.76MB
nds,1500 DS Spirits Vol. 1 - Mahjong (Japan),1500日圆系列Vol.1-麻雀（日版）,NDS#46,1.94MB
nds,1500 DS Spirits Vol. 10 - Igo (Japan),1500DS 魂 Vol.10-围棋（日版）,NDS#47,1.60MB
nds,1500 DS Spirits Vol. 2 - Shougi (Japan),1500日圆系列Vol.2-将棋（日版）,NDS#48,1.75MB
nds,1500 DS Spirits Vol. 3 - Block Kuzushi (Japan),1500日圆系列Vol.3-打砖块（日版）,NDS#49,1.53MB
nds,1500 DS Spirits Vol. 4 - Reversi (Japan),1500日圆系列Vol.4-黑白棋（日版）,NDS#50,1.35MB
nds,1500 DS Spirits Vol. 5 - Hanafuda (Japan),1500日圆系列Vol.5-花札（日版）,NDS#51,1.93MB
nds,1500 DS Spirits Vol. 6 - Trump (Japan) [b],1500DS 魂 Vol.6-扑克牌（日版） [b],NDS#52,1.86MB
nds,1500 DS Spirits Vol. 7 - Chess (Japan),1500DS 魂 Vol.7-国际象棋（日版）,NDS#53,1.64MB
nds,1500 DS Spirits Vol. 8 - Darts (Japan),1500DS 魂 Vol.8-射飞镖（日版）,NDS#54,1.60MB
nds,1500 DS Spirits Vol. 9 - 2-nin Uchi Mahjong (Japan),1500DS 魂 Vol.9-2人麻将（日版）,NDS#55,1.87MB
nds,"18 Card Games (Europe) (En,Fr,De,Es,Nl)","18张纸牌游戏（欧版） (En,Fr,De,Es,Nl)",NDS#56,2.32MB
nds,18 Classic Card Games (USA),18款经典纸牌游戏（美版）,NDS#57,2.11MB
nds,1seg Jushin Adapter - DS Television (Japan),,NDS#58,1.66MB
nds,2 Game Pack - My Amusement Park + Digging for Dinosaurs (USA),,NDS#59,17.86MB
nds,2 Game Pack! - Monster Trucks Mayhem + ATV - Thunder Ridge Riders (USA),2合1-ATV雷霆越野车手+怪物卡车（美版）,NDS#60,4.63MB
nds,"2 Games in 1 - Jewel Master - Cradle of Egypt + Mahjongg - Ancient Egypt (Europe) (En,Fr,De,Es,It,Nl)","游戏2合1-珠宝大师埃及的摇篮+古埃及麻将（欧版） (En,Fr,De,Es,It,Nl)",NDS#61,6.42MB
nds,"2 Games on 1 Card - Monster Trucks Mayhem & ATV - Thunder Ridge Riders (Europe) (En,Fr,De,Es,It)","ATV雷霆山脊车手+怪物卡车（欧版） (En,Fr,De,Es,It)",NDS#62,4.65MB
nds,2 in 1 - Best of Bibi Blocksberg - Neustadt im Hex-Chaos + Das Gestohlene Hexbuch (Germany),,NDS#63,23.45MB
nds,2 in 1 - Best Of Bibi Und Tina - Die Grosse Schnitzeljagd + Das Grosse Unwetter (Germany),,NDS#64,18.37MB
nds,"2 in 1 - Mahjong + Mahjong Around the World (Europe) (En,Fr,De,Es,It,Nl)",,NDS#65,7.49MB
nds,"2 in 1 - Music for Kids + Englisch Macht Spass - Eine Reise nach London! (Europe) (En,De) (NDSi Enhanced)",,NDS#66,28.42MB
nds,"2 in 1 - My Little Baby + My Boyfriend (Europe) (En,Fr,De,Es,It,Sv,No,Da)",,NDS#67,16.94MB
nds,"2 in 1 - My Pet Hotel + My Vet Practice - In the Country (Europe) (En,Fr,De)",,NDS#68,30.64MB
nds,"2 in 1 - My Pet Hotel 2 + My Vet Practice - In the Country (Europe) (Fr,De)",,NDS#69,40.71MB
nds,"2 in 1 - My Pet School + Best Friends - My Horse (Europe) (En,Fr,De)",,NDS#70,18.46MB
nds,"2 in 1 - My Riding Stables + My Riding Stables - Life with Horses (Europe) (En,Fr,De,Es,It)",,NDS#71,26.07MB
nds,"2 in 1 - My Riding Stables + My Western Horse (Europe) (En,Fr,De)",,NDS#72,21.98MB
nds,"2 in 1 - My Vet Practice + My Pet Hotel 2 (Europe) (En,Fr,De,Es,It)",,NDS#73,25.16MB
nds,2-Pack - Pinkalicious - It's Party Time! & Silverlicious - Sweet Adventure (USA),,NDS#74,15.11MB
nds,200 Klassische Buecher (Germany),200本古典名著（德国版）,NDS#75,13.51MB
nds,"2006 FIFA World Cup - Germany 2006 (Europe) (En,Fr,De,Es,It)","Fifa 世界杯20006（欧版） (En,Fr,De,Es,It)",NDS#76,23.98MB
nds,2006 FIFA World Cup - Germany 2006 (USA),Fifa 世界杯20006（美版）,NDS#77,23.98MB
nds,2006-Nen 10-Gatsu Taikenban Soft (Japan) (Demo) (Kiosk),,NDS#78,37.83MB
nds,"3 Game Pack! - Cradle of Rome + Cradle of Athena + Cradle of Egypt (Europe) (En,Fr,De,Es,It,Nl)",,NDS#79,12.91MB
nds,"3 Game Pack! - Cradle of Rome + Cradle of Athena + Cradle of Egypt (Europe) (En,Fr,De,Es,It,Nl) (Rev 1)",,NDS#80,12.91MB
nds,"3 Game Pack! - Uno & Skip-Bo & Uno Free Fall (Europe) (En,Fr,De,Es,It)","桌面游戏3合1（欧版） (En,Fr,De,Es,It)",NDS#81,1.61MB
nds,3 Game Pack! - Uno + Skip-Bo + Uno Free Fall (USA),扑克3合1（美版）,NDS#82,1.58MB
nds,"3 in 1 - Animals (Europe) (En,Fr,De)",,NDS#83,29.70MB
nds,"3 in 1 - Horses (Europe) (En,Fr,De)",,NDS#84,31.09MB
nds,"3 in 1 - My Horse + My Vet Practice + My Vet Practice in the Country (Europe) (Fr,De,It)",,NDS#85,29.57MB
nds,"3 in 1 - My Riding Stables + My Pet School + My Western Horse (Europe) (Fr,De,It)",,NDS#86,26.14MB
nds,"3 in 1 - My Riding Stables - Life with Horses + My Pet Hotel 2 & + My Pet School (Europe) (Fr,De,It)",,NDS#87,37.05MB
nds,"3 in 1 - My Vet Practice & Riding Star & My Vet Practice in Australia (Europe) (En,Fr,De,Es,It)",,NDS#88,30.19MB
nds,"3 in 1 - Solitaire, Mahjong & Tangram (Europe) (En,Fr,De,Es,It,Nl)","游戏3合1-接龙,麻将,七巧板（欧版） (En,Fr,De,Es,It,Nl)",NDS#89,5.01MB
nds,4 Elements (Europe),四元素（欧版）,NDS#90,8.33MB
nds,"4 Elements (Europe) (Fr,De)","四元素（欧版） (Fr,De)",NDS#91,9.47MB
nds,"4 Elements (Europe) (Fr,Nl)","四元素（欧版） (Fr,Nl)",NDS#92,9.00MB
nds,4 Game Fun Pack - Monopoly + Boggle + Yahtzee + Battleship (Europe),4合1：大富翁，拼字母，骰子，战舰（欧版）,NDS#93,13.36MB
nds,4 Game Fun Pack - Monopoly + Boggle + Yahtzee + Battleship (USA),4合1：大富翁，拼字母，骰子，战舰（美版）,NDS#94,14.00MB
nds,4 Game Pack! - Battleship + Connect Four + Sorry! + Trouble (USA),游戏4合1-战斗船+连接4+对不起+麻烦（美版）,NDS#95,2.38MB
nds,4 Game Pack! - Clue + Aggravation + Perfection + Mouse Trap (USA),益智游戏4合1（美版）,NDS#96,2.97MB
nds,4 in 1 - Meine Tierarztpraxis + Meine Tierpension + Mein Gestuet + Mein Pferd (Germany),,NDS#97,22.87MB
nds,4 Kyouka Perfect Clear DS (Japan) (Not for Resale),,NDS#98,10.16MB
nds,4 Kyouka Perfect Clear DS - Eigo Onsei Tsuki (Japan) (Not for Resale),,NDS#99,64.61MB
nds,"42 All-Time Classics (Europe) (En,Fr,De,Es,It)","42个经典棋牌桌面游戏（欧版） (En,Fr,De,Es,It)",NDS#100,6.89MB
nds,"42 All-Time Classics (Europe) (En,Fr,De,Es,It) (Rev 1)","42个经典棋牌桌面游戏（欧版） (En,Fr,De,Es,It) （修正版 1）",NDS#101,6.98MB
nds,5-kyuu kara 1-kyuu Kanzen Taiou Saishin Kako Mondai - Nijishiken Taisaku - Eiken Kanzenban (Japan),,NDS#102,100.09MB
nds,5-kyuu kara 1-kyuu Kanzen Taiou Saishin Kako Mondai - Nijishiken Taisaku - Eiken Kanzenban (Japan) (Rev 1) [b],,NDS#103,97.57MB
nds,5-Nen Kanji Keisan Nigate Hunter DS (Japan) (Not for Resale),,NDS#104,6.09MB
nds,"50 Classic Games (Europe) (En,Fr,De,Es,It,Nl)","50 经典游戏（欧版） (En,Fr,De,Es,It,Nl)",NDS#105,3.52MB
nds,50 Classic Games (USA),50 经典游戏（美版）,NDS#106,3.53MB
nds,50 Classic Games (USA) (Rev 1),50 经典游戏（美版） （修正版 1）,NDS#107,3.50MB
nds,"50 Jeux Incontournables (France) (En,Fr,De,Es,It,Nl) [b]","50 经典游戏（法国版） (En,Fr,De,Es,It,Nl) [b]",NDS#108,3.52MB
nds,50 More Classic Games (USA),,NDS#109,3.26MB
nds,7 Wonders - Treasures of Seven (Europe),,NDS#110,4.43MB
nds,"7 Wonders - Treasures of Seven (France) (Fr,Nl)",,NDS#111,4.61MB
nds,7 Wonders - Treasures of Seven (USA),,NDS#112,4.43MB
nds,7 Wonders II (Europe),七大奇迹2（欧版）,NDS#113,3.10MB
nds,"7 Wonders II (Europe) (En,Fr)","七大奇迹2（欧版） (En,Fr)",NDS#114,3.27MB
nds,7 Wonders II (Germany),七大奇迹2（德国版）,NDS#115,3.09MB
nds,7 Wonders II (USA),七大奇迹2（美版）,NDS#116,3.09MB
nds,"7 Wonders of the Ancient World (Europe) (En,Fr,De,Es,It)","七大奇迹（欧版） (En,Fr,De,Es,It)",NDS#117,4.96MB
nds,7 Wonders of the Ancient World (USA),七大奇迹（美版）,NDS#118,3.35MB
nds,700 Mannin no Atama o Yoku Suru - Chou Keisan DS - 13000 Mon + Image Keisan (Japan),,NDS#119,1.67MB
nds,7th Dragon (Japan),七龙传说（日版）,NDS#120,25.19MB
nds,"8BallAllstars (Europe) (En,Fr,De,Es,It)","台球全明星（欧版） (En,Fr,De,Es,It)",NDS#121,1.01MB
nds,99 no Namida (Japan),99滴眼泪（日版）,NDS#122,21.27MB
nds,[BIOS] iQue DS Lite ARM7TDMI (GBA Mode) (China),,NDS#123,7.33KB
nds,[BIOS] iQue DS Lite ARM946E-S (China),,NDS#124,2.15KB
nds,[BIOS] iQue DS Lite Firmware (China),,NDS#125,200.95KB
nds,[BIOS] iQue DS Lite Firmware (China) (Alt),,NDS#126,360.72KB
nds,[BIOS] Nintendo DS ARM7TDMI (GBA Mode) (World),,NDS#127,12.51KB
nds,[BIOS] Nintendo DS ARM7TDMI (World),,NDS#128,12.53KB
nds,[BIOS] Nintendo DS ARM946E-S (World),,NDS#129,2.37KB
nds,[BIOS] Nintendo DS Lite Firmware (Europe),,NDS#130,226.66KB
nds,A Prendre ou a Laisser - Le Jeu Officiel (France),一掷千金（法国版）,NDS#131,2.09MB
nds,A Ressha de Ikou DS (Japan),A 列车 DS（日版）,NDS#132,11.70MB
nds,A-Max Boxing (Japan) (Proto),,NDS#133,256.28KB
nds,A-Max Tennis (Japan) (En) (Proto),,NDS#134,149.23KB
nds,Ab durch die Hecke (Germany),篱笆墙外（德国版）,NDS#135,21.68MB
nds,Ace Attorney Investigations - Miles Edgeworth (Europe),逆转检事（欧版）,NDS#136,23.66MB
nds,Ace Attorney Investigations - Miles Edgeworth (USA),逆转检事（美版）,NDS#137,23.65MB
nds,AceKard 2 (World) (Unl),,NDS#138,50.18KB
nds,AceKard 2 (World) (v2.1) (Unl),,NDS#139,35.17KB
nds,AceKard 2i (World) (Unl),,NDS#140,55.87KB
nds,AceKard R.P.G. (World) (Unl),,NDS#141,35.71KB
nds,Action Replay DS (World) (v1.00) (Unl) [b],,NDS#142,160.77KB
nds,Action Replay DS (World) (v1.02) (Unl),,NDS#143,161.63KB
nds,Action Replay DS (World) (v1.54) (Unl) [b],,NDS#144,292.38KB
nds,"Actionloop (Europe) (En,Fr,De,Es,It)","瞬感龙珠（欧版） (En,Fr,De,Es,It)",NDS#145,4.21MB
nds,Active Health with Carol Vorderman (Europe),和卡罗尔沃德曼一起保持健康（欧版）,NDS#146,9.40MB
nds,"Actua Pool (Europe) (En,De,Es,It)","真实撞球（欧版） (En,De,Es,It)",NDS#147,2.69MB
nds,Actua Pool (France),真实撞球（法国版）,NDS#148,2.67MB
nds,"Addy - Do You Speak English (Europe) (Fr,De,Es,It)","安迪-你能说英语吗（欧版） (Fr,De,Es,It)",NDS#149,3.84MB
nds,Addy Junior - Mein Koerper (Germany),小阿迪-我的身体（德国版）,NDS#150,37.23MB
nds,"Adi l'Entraineur - Mathematiques, Francais 6e & 5e (France) [b]",阿迪的训练6eme1-5eme（法国版） [b],NDS#151,4.52MB
nds,"Adi l'Entraineur - Mathematiques, Francais CE1-CE2 (France) [b]",阿迪的训练CE1-CE2（法国版） [b],NDS#152,5.49MB
nds,"Adi l'Entraineur - Mathematiques, Francais CM1-CM2 (France) [b]",阿迪的训练CM1-CM2（法国版） [b],NDS#153,3.99MB
nds,Adi l'Entraineur - Objectif Anglais (France),ADI训练员-英国宗旨（法国版）,NDS#154,3.74MB
nds,Adibou - Je Joue a Lire et a Compter (France) [b],阿迪波（法国版） [b],NDS#155,21.92MB
nds,Adibou - Je Joue avec les Lettres et les Nombres (France) [b],阿迪波-字母与数字（法国版） [b],NDS#156,21.69MB
nds,Adibou Aventure - J'Explore le Corps Humain (France),阿迪波冒险记（法国版）,NDS#157,44.49MB
nds,"Advance Wars - Dark Conflict (Europe) (En,Fr,De,Es,It)","高级战争-黑暗冲突（欧版） (En,Fr,De,Es,It)",NDS#158,37.62MB
nds,Advance Wars - Days of Ruin (USA) (Demo) (Kiosk),高级战争-毁灭之日（美版） （演示版） （商店演示版）,NDS#159,37.83MB
nds,"Advance Wars - Days of Ruin (USA) (En,Fr,Es)","高级战争-毁灭之日（美版） (En,Fr,Es)",NDS#160,37.83MB
nds,"Advance Wars - Dual Strike (Europe) (En,Fr,De,Es,It)","高级战争（欧版） (En,Fr,De,Es,It)",NDS#161,14.05MB
nds,Advance Wars - Dual Strike (USA),高级战争（美版）,NDS#162,12.56MB
nds,Adventure Time - Hey Ice King! Why'd You Steal Our Garbage!! (USA),,NDS#163,12.37MB
nds,Adventures of Pinocchio (Europe),木偶奇遇记（欧版）,NDS#164,18.24MB
nds,Affari Tuoi (Italy),一掷千金（意大利版）,NDS#165,2.05MB
nds,AFL Mascot Manor (Australia),美国橄榄球联盟-吉祥物玛诺（澳洲版）,NDS#166,22.75MB
nds,Again - FBI Chou Shinri Sousakan (Japan),又一次-FBI超能力探员（日版）,NDS#167,63.34MB
nds,Again - Interactive Crime Novel (USA),又一次-FBI超能力探员（美版）,NDS#168,62.84MB
nds,"Agatha Christie - The ABC Murders (Europe) (En,Fr,De,Es,It)","阿嘉莎克莉丝蒂-ABC谋杀案（欧版） (En,Fr,De,Es,It)",NDS#169,9.06MB
nds,"Agatha Christie - The ABC Murders (Europe) (En,Fr,De,Es,Nl)","阿嘉莎克莉丝蒂-ABC谋杀案（欧版） (En,Fr,De,Es,Nl)",NDS#170,9.12MB
nds,"Agatha Christie - The ABC Murders (USA) (En,Fr,Es)","阿嘉莎克莉丝蒂-ABC谋杀案（美版） (En,Fr,Es)",NDS#171,9.04MB
nds,"Age of Empires - Mythologies (Europe) (En,Fr,De,Es,It)","帝国时代-神话世纪（欧版） (En,Fr,De,Es,It)",NDS#172,99.74MB
nds,"Age of Empires - Mythologies (USA) (En,Fr)","帝国时代-神话世纪（美版） (En,Fr)",NDS#173,99.74MB
nds,"Age of Empires - The Age of Kings (Europe) (En,Es,It)","帝国时代-帝王世纪（欧版） (En,Es,It)",NDS#174,25.48MB
nds,"Age of Empires - The Age of Kings (Europe) (En,Fr,De)","帝国时代-帝王世纪（欧版） (En,Fr,De)",NDS#175,25.52MB
nds,Age of Empires - The Age of Kings (USA),帝国时代-帝王世纪（美版）,NDS#176,25.25MB
nds,Aibou DS (Japan),搭档 DS（日版）,NDS#177,69.73MB
nds,Air Traffic Chaos (USA),空中交通大混乱-我是航空管制官（美版）,NDS#178,4.38MB
nds,Akachan wa Doko kara Kuru no (Japan),为你而生-宝宝从哪里来？（日版）,NDS#179,39.92MB
nds,Akagawa Jirou Mystery - Tsuki no Hikari - Shizumeru Kane no Satsujin (Japan),赤川次郎悬疑小说-月光-沉钟杀人（日版）,NDS#180,68.17MB
nds,Akagawa Jirou Mystery - Yasoukyoku - Hon ni Manekareta Satsujin (Japan),赤川次郎侦探系列-夜想曲-由一本书所引起的杀人案（日版）,NDS#181,67.56MB
nds,Akai Ito Destiny DS (Japan),红线 destiny DS（日版）,NDS#182,80.24MB
nds,Akai Ito DS (Japan),红线DS（日版）,NDS#183,62.00MB
nds,Akko de Pon! - Ikasama Hourouki (Japan),现子麻将-作弊流浪记（日版）,NDS#184,10.15MB
nds,Akko ni Omakase! - Brain Shock (Japan),大脑冲击-脑细胞活性化（日版）,NDS#185,18.59MB
nds,Akogare Girls Collection - Lovely Youchien Nikki (Japan),憧憬女孩收藏集-亲爱幼稚园日记（日版）,NDS#186,6.11MB
nds,Akogare Girls Collection - Mister Donut DS (Japan),甜甜圈大挑战DS（日版）,NDS#187,6.42MB
nds,Akogare Girls Collection - Ohanaya-san Monogatari (Japan),花店物语（日版）,NDS#188,7.78MB
nds,Akogare Girls Collection - Pika Pika Nurse Monogatari (Japan),,NDS#189,11.96MB
nds,Akogare Girls Collection - Suteki ni Nurse Days (Japan),憧憬女孩收藏集 - 美好的护士生活（日版）,NDS#190,4.75MB
nds,Akumajou Dracula - Gallery of Labyrinth (Japan),恶魔城-迷宫的画廊（日版）,NDS#191,22.47MB
nds,Akumajou Dracula - Gallery of Labyrinth (Japan) (Rev 1),恶魔城-迷宫的画廊（日版） （修正版 1）,NDS#192,22.58MB
nds,Akumajou Dracula - Sougetsu no Juujika (Japan) (Rev 1),恶魔城-苍月的十字架（日版） （修正版 1）,NDS#193,17.07MB
nds,Akumajou Dracula - Ubawareta Kokuin (Japan),恶魔城-被夺走的刻印（日版）,NDS#194,24.98MB
nds,ALC no 10-punkan Eigo Master - Chuukyuu (Japan),ALC的10分钟英语大师-中级（日版）,NDS#195,39.55MB
nds,ALC no 10-punkan Eigo Master - Chuukyuu (Japan) (Rev 1),ALC的10分钟英语大师-中级（日版） （修正版 1）,NDS#196,39.56MB
nds,ALC no 10-punkan Eigo Master - Joukyuu (Japan) (Rev 1),十分钟英语大师-上级（日版） （修正版 1）,NDS#197,37.44MB
nds,ALC no 10-punkan Eigo Master - Shokyuu (Japan),ALC的十分钟英语大师-初级（日版）,NDS#198,36.08MB
nds,ALC no 10-punkan Eigo Master - Shokyuu (Japan) (Rev 1),ALC的十分钟英语大师-初级（日版） （修正版 1）,NDS#199,36.09MB
nds,"Alex Rider - Stormbreaker (Europe) (En,Fr,De,Es)","亚历克斯风暴骑士（欧版） (En,Fr,De,Es)",NDS#200,10.22MB
nds,Alex Rider - Stormbreaker (United Kingdom),亚历克斯风暴骑士(United Kingdom),NDS#201,10.19MB
nds,Alex Rider - Stormbreaker (USA),亚历克斯风暴骑士（美版）,NDS#202,10.23MB
nds,"Alice in Wonderland (Europe) (En,Fr,De,Es,It,Nl) (NDSi Enhanced)","爱丽丝梦游仙境（欧版） (En,Fr,De,Es,It,Nl) (NDSi Enhanced)",NDS#203,20.16MB
nds,"Alice in Wonderland (USA) (En,Fr,Es) (NDSi Enhanced)","爱丽丝梦游仙境（美版） (En,Fr,Es) (NDSi Enhanced)",NDS#204,25.00MB
nds,"Aliens - Infestation (Europe) (En,Fr,De)","异型-群袭（欧版） (En,Fr,De)",NDS#205,6.44MB
nds,"Aliens - Infestation (USA) (En,Fr,De)","异型-群袭（美版） (En,Fr,De)",NDS#206,6.44MB
nds,"Aliens in the Attic (Europe) (En,Fr,De,Es,It,Nl)","楼上的外星人（欧版） (En,Fr,De,Es,It,Nl)",NDS#207,12.03MB
nds,"Aliens in the Attic (USA) (En,Fr,De,Es,It,Nl)","楼上的外星人（美版） (En,Fr,De,Es,It,Nl)",NDS#208,12.03MB
nds,All Kamen Rider - Rider Generation (Japan),完全假面骑士-骑士世代（日版）,NDS#209,19.65MB
nds,All Kamen Rider - Rider Generation 2 (Japan),,NDS#210,45.95MB
nds,All Star Cheer Squad (USA),全明星拉拉队（美版）,NDS#211,31.87MB
nds,"All Star Cheerleader (Europe) (En,De,Es)","全明星啦啦队（欧版） (En,De,Es)",NDS#212,32.03MB
nds,"All Star Cheerleader (Europe) (Sv,No,Da,Fi)","全明星啦啦队（欧版） (Sv,No,Da,Fi)",NDS#213,32.03MB
nds,Allez Raconte (France),,NDS#214,51.12MB
nds,"Allied Ace Pilots (Europe) (En,Fr,De,Es,It)","盟军王牌飞行员（欧版） (En,Fr,De,Es,It)",NDS#215,5.35MB
nds,"Alpha and Omega (Europe) (En,Fr,De,Es,It)","丛林有情狼（欧版） (En,Fr,De,Es,It)",NDS#216,17.62MB
nds,Alpha and Omega (USA),丛林有情狼（美版）,NDS#217,17.57MB
nds,Alssongdalssong - Myeonghwatamheom DS (Korea) [b],解谜杰作探险 DS（韩国版） [b],NDS#218,32.24MB
nds,"Alvin and the Chipmunks (Europe) (En,Fr,De,Es,It)","艾尔文与花栗鼠（欧版） (En,Fr,De,Es,It)",NDS#219,45.94MB
nds,"Alvin and the Chipmunks (USA) (En,Fr)","艾尔文与花栗鼠（美版） (En,Fr)",NDS#220,46.14MB
nds,Alvin and the Chipmunks - Chipwrecked (Europe),,NDS#221,42.63MB
nds,"Alvin and the Chipmunks - Chipwrecked (Europe) (Fr,De,Es,It)",,NDS#222,42.65MB
nds,"Alvin and the Chipmunks - Chipwrecked (USA) (En,Fr)",,NDS#223,42.65MB
nds,"Alvin and the Chipmunks - The Squeakquel (Europe) (En,Fr,De)","艾尔文与花栗鼠-明星俱乐部（欧版） (En,Fr,De)",NDS#224,37.95MB
nds,Alvin and the Chipmunks - The Squeakquel (USA),艾尔文与花栗鼠-明星俱乐部（美版）,NDS#225,37.95MB
nds,"Aly & AJ Adventure, The (Europe) (En,Fr,De,Es,It)","艾莉与艾洁的冒险（欧版） (En,Fr,De,Es,It)",NDS#226,4.55MB
nds,"Aly & AJ Adventure, The (USA)",艾莉与艾洁的冒险（美版）,NDS#227,4.54MB
nds,"Amazing Adventures - The Forgotten Ruins (Europe) (En,Fr,De,Es,It)","惊奇大冒险（欧版） (En,Fr,De,Es,It)",NDS#228,12.24MB
nds,Amazing Adventures - The Forgotten Ruins (USA),惊奇大冒险（美版）,NDS#229,11.51MB
nds,"Amazing Spider-Man, The (Europe) (En,Fr,De,Es,It)",,NDS#230,17.69MB
nds,"Amazing Spider-Man, The (USA)",,NDS#231,17.69MB
nds,"America's Next Top Model (Europe) (En,De)","全美超模大赛（欧版） (En,De)",NDS#232,13.99MB
nds,"America's Next Top Model (Europe) (En,Fr,Es,It)","全美超模大赛（欧版） (En,Fr,Es,It)",NDS#233,38.23MB
nds,"America's Next Top Model (Europe) (En,Fr,Es,It,Sv,No,Da)","全美超模大赛（欧版） (En,Fr,Es,It,Sv,No,Da)",NDS#234,38.31MB
nds,America's Next Top Model (USA),全美超模大赛（美版）,NDS#235,14.02MB
nds,America's Test Kitchen - Let's Get Cooking (USA),美国厨房测试-让我们去烹饪（美版）,NDS#236,177.09MB
nds,America's Test Kitchen - Let's Get Cooking (USA) (Demo) (Kiosk),美国厨房测试-让我们去烹饪（美版） （演示版） （商店演示版）,NDS#237,65.90MB
nds,"American Dragon - Jake Long (Europe) (En,Fr,De,Es,It)","迪斯尼的美国龙（欧版） (En,Fr,De,Es,It)",NDS#238,9.27MB
nds,"American Dragon - Jake Long - Attack of the Dark Dragon (USA) (En,Fr,De,Es,It)","迪斯尼的美国龙（美版） (En,Fr,De,Es,It)",NDS#239,9.26MB
nds,American Girl - Julie Finds a Way (USA),美国女孩-朱莉历险记（美版）,NDS#240,11.31MB
nds,American Girl - Kit Mystery Challenge! (USA),美国女孩-成套工具奥秘挑战（美版）,NDS#241,8.66MB
nds,"AMF Bowling Pinbusters! (Europe) (En,Fr,De,Es,It)","AMF杯保龄球赛（欧版） (En,Fr,De,Es,It)",NDS#242,17.74MB
nds,AMF Bowling Pinbusters! (USA),AMF杯保龄球赛（美版）,NDS#243,17.74MB
nds,Amici (Italy),阿米西（意大利版）,NDS#244,3.27MB
nds,"An M. Night Shyamalan Film - The Last Airbender (Europe) (En,Fr,De,Es,It) (NDSi Enhanced)","降世神通-最后的气宗（欧版） (En,Fr,De,Es,It) (NDSi Enhanced)",NDS#245,23.48MB
nds,"An M. Night Shyamalan Film - The Last Airbender (USA) (En,Fr) (NDSi Enhanced)","降世神通-最后的气宗（美版） (En,Fr) (NDSi Enhanced)",NDS#246,23.47MB
nds,ANA Original - Gotouchi Kentei DS (Japan) (Not for Resale),,NDS#247,32.17MB
nds,Anan Kanshuu - Onna Dikara Kinkyuu Up! DS (Japan),Anan检修-女力紧急提升讲座!DS（日版）,NDS#248,19.98MB
nds,Anata Dake no Private Lesson - DS de Hajimeru Tipness no Yoga (Japan),开始只专属于您的私人课程DS-浦利斯的瑜伽（日版）,NDS#249,74.47MB
nds,Anata mo DS de Classic Kiite Mimasenka (Japan),您也用DS听古典音乐吗（日版）,NDS#250,83.80MB
nds,"Ancient Spirits - Columbus' Legacy (Europe) (En,Fr,De,Nl)","古之精魂-哥伦布的传说（欧版） (En,Fr,De,Nl)",NDS#251,13.20MB
nds,"Angel Cat Sugar (Europe) (En,Fr,De,Es,It)","天使猫糖糖（欧版） (En,Fr,De,Es,It)",NDS#252,2.86MB
nds,"Angel Cat Sugar (Europe) (Sv,No,Da,Fi) [b]","天使猫糖糖（欧版） (Sv,No,Da,Fi) [b]",NDS#253,2.87MB
nds,Angelique Duet (Japan),安琪莉可-二重奏（日版）,NDS#254,23.89MB
nds,Animal Boxing (USA),动物拳击（美版）,NDS#255,13.49MB
nds,"Animal Crossing - Wild World (Europe) (En,Fr,De,Es,It)",,NDS#256,22.99MB
nds,"Animal Crossing - Wild World (Europe) (En,Fr,De,Es,It) (Demo) (Kiosk)",,NDS#257,23.00MB
nds,Animal Crossing - Wild World (USA),,NDS#258,17.68MB
nds,Animal Crossing - Wild World (USA) (Rev 1),,NDS#259,17.68MB
nds,Animal Crossing - Wild World - Broadcast Version (Europe) (Demo) (Wi-Fi Kiosk),,NDS#260,87.25KB
nds,Animal Crossing - Wild World - Relay Version (USA) (Demo) (Wi-Fi Kiosk),,NDS#261,85.30KB
nds,"Animal Genius (Europe) (En,Fr,De,Es,It,Nl,Sv,No,Da)","动物天赋（欧版） (En,Fr,De,Es,It,Nl,Sv,No,Da)",NDS#262,40.30MB
nds,Animal Genius (USA),动物天赋（美版）,NDS#263,11.14MB
nds,"Animal Kororo (Europe) (En,Fr,De,Es,It)","转转小淘气（欧版） (En,Fr,De,Es,It)",NDS#264,7.90MB
nds,"Animal Life - Africa (Europe) (En,Fr,De,Es,It) (NDSi Enhanced)","狗瑜珈大师 非洲（欧版） (En,Fr,De,Es,It) (NDSi Enhanced)",NDS#265,11.17MB
nds,"Animal Life - Australia (Europe) (En,Fr,De,Es,It) (NDSi Enhanced)","狗瑜珈大师 澳洲（欧版） (En,Fr,De,Es,It) (NDSi Enhanced)",NDS#266,10.99MB
nds,"Animal Life - Dinosaurs (Europe) (En,Fr,De,Es,It) (NDSi Enhanced)","狗瑜珈大师 恐龙（欧版） (En,Fr,De,Es,It) (NDSi Enhanced)",NDS#267,10.46MB
nds,"Animal Life - Eurasia (Europe) (En,Fr,De,Es,It) (NDSi Enhanced)","狗瑜珈大师 欧亚（欧版） (En,Fr,De,Es,It) (NDSi Enhanced)",NDS#268,11.08MB
nds,"Animal Life - North America (Europe) (En,Fr,De,Es,It) (NDSi Enhanced)","狗瑜珈大师 北美（欧版） (En,Fr,De,Es,It) (NDSi Enhanced)",NDS#269,10.97MB
nds,"Animal Paradise (Europe) (En,Fr,De,Es,It,Nl)","动物天堂（欧版） (En,Fr,De,Es,It,Nl)",NDS#270,17.33MB
nds,"Animal Paradise (USA) (En,Fr,Es)","动物天堂（美版） (En,Fr,Es)",NDS#271,16.17MB
nds,"Animal Paradise - Wild (USA) (En,Fr,Es)","动物乐园天堂（美版） (En,Fr,Es)",NDS#272,24.87MB
nds,"Animal Planet - Emergency Vets (Europe) (En,Fr,De,Es,It)","动物星球-宠物急诊室（欧版） (En,Fr,De,Es,It)",NDS#273,5.73MB
nds,"Animal Planet - Emergency Vets (USA) (En,Fr)","动物星球-宠物急诊室（美版） (En,Fr)",NDS#274,5.68MB
nds,Animal Planet - Vet Collection (USA),,NDS#275,26.78MB
nds,"Animal Planet - Vet Life (Europe) (En,De,Es,It) [b]","动物星球-兽医生活（欧版） (En,De,Es,It) [b]",NDS#276,20.50MB
nds,Animal Planet - Vet Life (USA),动物星球-兽医生活（美版）,NDS#277,21.64MB
nds,"Animal World - Big Cats (Europe) (En,Fr,De,Es,It)","动物世界-大猫（欧版） (En,Fr,De,Es,It)",NDS#278,9.15MB
nds,"Animal World - Dinosaurs (Europe) (En,Fr,De,Es,It)","动物世界-恐龙（欧版） (En,Fr,De,Es,It)",NDS#279,6.77MB
nds,"Animaniacs - Lights, Camera, Action! (Europe) (En,Fr,De,Es,It)","卡通集锦:灯光,相机,行动!（欧版） (En,Fr,De,Es,It)",NDS#280,2.30MB
nds,"Animaniacs - Lights, Camera, Action! (Europe) (En,Fr,De,Es,It) (Rev 1)","卡通集锦:灯光,相机,行动!（欧版） (En,Fr,De,Es,It) （修正版 1）",NDS#281,2.30MB
nds,"AniMates! (USA) (En,Fr)","毛绒乐园（美版） (En,Fr)",NDS#282,9.90MB
nds,"Ankh - Curse of the Scarab King (Europe) (En,Es,It,Nl,Pl,Ru)","十字生命章-圣甲虫王的诅咒（欧版） (En,Es,It,Nl,Pl,Ru)",NDS#283,86.07MB
nds,"Ankh - Der Fluch des Skarabaeenkoenigs (Germany) (En,Fr,De)","十字生命章-圣甲虫王的诅咒（德国版） (En,Fr,De)",NDS#284,89.61MB
nds,"Ankh - La Malediction du Roi Scarabee (France) (En,Fr) [b]","十字生命章-圣甲虫王的诅咒（法国版） (En,Fr) [b]",NDS#285,82.96MB
nds,"Anky's Ruiterschool (Europe) (Fr,Nl)","安琪的骑术学校（欧版） (Fr,Nl)",NDS#286,9.52MB
nds,Anna & die Liebe (Germany),安娜与纯爱（德国版）,NDS#287,3.98MB
nds,Annie M.G. Schmidt's Pluk van de Petteflet (Netherlands),逮捕比特佛雷德（荷兰版）,NDS#288,15.73MB
nds,Annie no Atelier - Sera-tou no Renkinjutsushi (Japan),炼金术士安妮-赛拉岛的炼金术士（日版）,NDS#289,64.31MB
nds,"Anno - Create a New World (Europe) (En,Fr,De,Es,It)","创造新世纪（欧版） (En,Fr,De,Es,It)",NDS#290,20.52MB
nds,"Anno 1701 - Dawn of Discovery (Europe) (En,Fr,De,Es,It,Nl)","纪元1701-探索的开端（欧版） (En,Fr,De,Es,It,Nl)",NDS#291,9.18MB
nds,"Anno 1701 - Dawn of Discovery (USA) (En,Fr,Es)","纪元1701-探索的开端（美版） (En,Fr,Es)",NDS#292,9.21MB
nds,Annyeong! Haemtori - Haemtoriwa BanggaBangga Chingudeul (Korea) [b],嗨-哈姆太郎-哈姆太郎与朋友（韩国版） [b],NDS#293,10.82MB
nds,Anone DS (Japan) (NDSi Enhanced),,NDS#294,1.53MB
nds,Another Code - Futatsu no Kioku (Japan),双重记忆（日版）,NDS#295,22.20MB
nds,"Another Code - Two Memories (Europe) (En,Fr,De,Es,It)","异色代码-双重记忆（欧版） (En,Fr,De,Es,It)",NDS#296,22.49MB
nds,"Another Time, Another Leaf - Kagami no Naka no Tantei (Japan)",另一个时空-另一个自我-镜中侦探（日版）,NDS#297,37.58MB
nds,Anpanman to Asobo - ABC Kyoushitsu (Japan),与面包超人同在-ABC教室（日版）,NDS#298,30.53MB
nds,Anpanman to Asobo - Aiueo Kyoushitsu (Japan),面包超人-日语教室（日版）,NDS#299,24.70MB
nds,Anpanman to Asobo - Aiueo Kyoushitsu (Japan) (Rev 1),面包超人-日语教室（日版） （修正版 1）,NDS#300,26.32MB
nds,Anpanman to Asobo - Aiueo Kyoushitsu DX (Japan),面包超人日语教室DX（日版）,NDS#301,37.09MB
nds,Anpanman to Asobo - Aiueo Kyoushitsu DX (Japan) (Rev 1),面包超人日语教室DX（日版） （修正版 1）,NDS#302,37.10MB
nds,Anpanman to Touch de Waku Waku Training (Japan) [b],和面包超人一起练习触摸（日版） [b],NDS#303,15.77MB
nds,"Ant Nation (Europe) (En,Fr,De,Es,It)","蚂蚁王国（欧版） (En,Fr,De,Es,It)",NDS#304,2.85MB
nds,"Ant Nation (USA) (En,Fr,Es)","蚂蚁王国（美版） (En,Fr,Es)",NDS#305,2.85MB
nds,Aodon DS - Hanabi no Kiwami & Hanabi no Takumi (Japan),青动DS-花火之极和花火之匠（日版）,NDS#306,196.04MB
nds,"Apassionata (Europe) (En,Fr,De,Es,It)",,NDS#307,19.12MB
nds,Apathy - Narukami Gakuen Toshi Densetsu Tantei Kyoku (Japan),鸣神学园都市传说探侦局（日版）,NDS#308,11.98MB
nds,"Ape Maia, L' (Italy)",,NDS#309,21.89MB
nds,Apollo Justice - Ace Attorney (Europe),逆转裁判4（欧版）,NDS#310,40.46MB
nds,"Apollo Justice - Ace Attorney (Europe) (Es,It)","逆转裁判4（欧版） (Es,It)",NDS#311,42.45MB
nds,"Apollo Justice - Ace Attorney (Europe) (Fr,De)","逆转裁判4（欧版） (Fr,De)",NDS#312,42.78MB
nds,Apollo Justice - Ace Attorney (USA),逆转裁判4（美版）,NDS#313,40.45MB
nds,Appare! Shougi Jiisan - Washi to Shoubu ja (Japan),王将!将棋先生!和我决斗吧（日版）,NDS#314,2.33MB
nds,Apprends avec Pokemon A la Conquete du Clavier (France),,NDS#315,73.79MB
nds,Aprende Con Pokemon - Aventura Entre Las Teclas (Spain),,NDS#316,73.02MB
nds,"Aqua Panic! (Europe) (En,Fr,De,Es,It,Nl,Pt)","水底恐慌（欧版） (En,Fr,De,Es,It,Nl,Pt)",NDS#317,13.65MB
nds,"Aqua Panic! (USA) (En,Fr,Es)","水底恐慌（美版） (En,Fr,Es)",NDS#318,13.66MB
nds,"Aquarium by DS (Europe) (En,Fr,De,Es,It)","水族馆DS（欧版） (En,Fr,De,Es,It)",NDS#319,2.64MB
nds,Aquarium by DS (USA),水族馆DS（美版）,NDS#320,2.64MB
nds,Arabians Lost - The Engagement on Desert (Japan),阿拉伯迷情（日版）,NDS#321,211.87MB
nds,Aranuri - Badachingudeulkkwa hamkke Mandeuneun Sesang (Korea),艾拉的海洋世界（韩国版）,NDS#322,15.34MB
nds,Arashi no Yoru ni (Japan),风雨之夜（日版）,NDS#323,3.85MB
nds,Arashi no Yoru ni (Japan) (Rev 1),风雨之夜（日版） （修正版 1）,NDS#324,3.85MB
nds,Arasuji de Kitaeru - Hayamimi no Susume DS (Japan),大纲记忆法速听推荐DS（日版）,NDS#325,46.10MB
nds,Arasuji de Oboeru Sokudoku no Susume DS (Japan),大纲记忆法式速读推广练习DS（日版）,NDS#326,1.88MB
nds,Arceus Distribution 2009 (USA) (Wi-Fi Kiosk) (Save Data),,NDS#327,199.67KB
nds,"Arceus Distribution 2010 (Europe) (En,Fr,De,Es,It) (Wi-Fi Kiosk) (Save Data)",,NDS#328,210.21KB
nds,"Archime DS (Japan) (En,Ja)","搞笑特训班DS（日版） (En,Ja)",NDS#329,672.75KB
nds,"Arctic Tale (Europe) (En,Fr,De,Es,It)","北极故事（欧版） (En,Fr,De,Es,It)",NDS#330,3.16MB
nds,Arctic Tale (USA),北极故事（美版）,NDS#331,3.07MB
nds,Are You Smarter than a 10 Year Old - The Official Nintendo DS Game (Europe),你比10岁孩子聪明吗（欧版）,NDS#332,26.33MB
nds,Are You Smarter than a 5th Grader (Australia),你比五年级生聪明吗（澳洲版）,NDS#333,23.17MB
nds,Are You Smarter than a 5th Grader (USA),你比五年级生聪明吗（美版）,NDS#334,27.87MB
nds,Are You Smarter than a 5th Grader - Back to School (USA) (NDSi Enhanced),你比五年级学生聪明吗-回到学校（美版） (NDSi Enhanced),NDS#335,11.37MB
nds,Are You Smarter than a 5th Grader - Game Time (USA),你比五年级学生聪明吗? 游戏时间（美版）,NDS#336,21.86MB
nds,Are You Smarter than a 5th Grader - Make the Grade (USA),你比五年级学生聪明吗（美版）,NDS#337,47.59MB
nds,"Arkanoid DS (Europe) (En,Fr,De,Es,It)","打砖块DS（欧版） (En,Fr,De,Es,It)",NDS#338,33.26MB
nds,Arkanoid DS (Japan),打砖块DS（日版）,NDS#339,34.16MB
nds,"Arkanoid DS (USA) (En,Fr,De,Es,It)","打砖块DS（美版） (En,Fr,De,Es,It)",NDS#340,33.26MB
nds,"Army Men - Soldiers of Misfortune (Europe) (En,Fr,De,Es,It)","玩具军人-倒霉战士（欧版） (En,Fr,De,Es,It)",NDS#341,5.77MB
nds,Army Men - Soldiers of Misfortune (USA),玩具军人-倒霉战士（美版）,NDS#342,5.77MB
nds,"Around the World in 80 Days & Fishdom (Germany) (Fr,De)",,NDS#343,10.62MB
nds,"Around the World in 80 Days (Europe) (En,Fr,De)","环游世界80天（欧版） (En,Fr,De)",NDS#344,7.43MB
nds,"Around the World in 80 Days (Europe) (En,Fr,Nl)","环游世界80天（欧版） (En,Fr,Nl)",NDS#345,7.46MB
nds,"Around the World in 80 Days (Europe) (En,Fr,Nl) (Rev 1)","环游世界80天（欧版） (En,Fr,Nl) （修正版 1）",NDS#346,7.46MB
nds,"Art - Das Kunstmagazin Puzzle - Echter Puzzlespass fuer Unterwegs (Europe) (En,Fr,De,Es,It)","艺术拼图（欧版） (En,Fr,De,Es,It)",NDS#347,3.83MB
nds,"Art Academy (Europe) (En,Fr,De,Es,It) (NDSi Enhanced)","美术学院（欧版） (En,Fr,De,Es,It) (NDSi Enhanced)",NDS#348,18.40MB
nds,Art Academy (USA) (NDSi Enhanced),美术学院（美版） (NDSi Enhanced),NDS#349,18.24MB
nds,"Art of Murder - FBI Top Secret (Europe) (Fr,De) (NDSi Enhanced)",,NDS#350,35.05MB
nds,"Arthur and the Invisibles - The Game (USA) (En,Fr,Es)","亚瑟与迷你国（美版） (En,Fr,Es)",NDS#351,6.42MB
nds,"Arthur and the Minimoys (Europe) (En,Fr,De,Es,It,Nl)","亚瑟与迷你国（欧版） (En,Fr,De,Es,It,Nl)",NDS#352,6.42MB
nds,"Arthur and the Revenge of Maltazard (Europe) (En,Fr,De,Es,It,Nl)","亚瑟和他的迷你王国2（欧版） (En,Fr,De,Es,It,Nl)",NDS#353,13.11MB
nds,Aruite Wakaru - Seikatsu Rhythm DS (Japan),步调生活测定软件（日版）,NDS#354,9.72MB
nds,ASH - Archaic Sealed Heat (Japan),ASH 远古封印之炎（日版）,NDS#355,124.13MB
nds,Ash's PIKACHU! Distribution 2011 (USA) (Wi-Fi Kiosk) (Save Data),,NDS#356,205.21KB
nds,Asoberu Eigo - Word Magic DS (Japan),,NDS#357,28.19MB
nds,Asonde Igo ga Sarani Tsuyoku Naru! - Ginsei Igo DS - Chuukyuu Hen (Japan),玩游戏学围棋-银星围棋DS 中级篇（日版）,NDS#358,2.80MB
nds,Asonde Igo ga Tsuyoku Naru! - Ginsei Igo DS (Japan),围棋玩得更强-银星围棋DS（日版）,NDS#359,2.51MB
nds,Asonde Shougi ga Tsuyoku Naru! - Ginsei Shougi DS (Japan),银星将棋DS（日版）,NDS#360,17.59MB
nds,"Asphalt - Urban GT (Europe) (En,Fr,De,Es,It)","都市沥青路GT（欧版） (En,Fr,De,Es,It)",NDS#361,9.05MB
nds,Asphalt - Urban GT (Japan),都市沥青路GT（日版）,NDS#362,9.07MB
nds,"Asphalt - Urban GT (USA) (En,Fr,Es)","都市沥青路GT（美版） (En,Fr,Es)",NDS#363,9.05MB
nds,"Asphalt - Urban GT 2 (Europe) (En,Fr,De,Es,It)","沥青都市GT2（欧版） (En,Fr,De,Es,It)",NDS#364,17.75MB
nds,"Asphalt - Urban GT 2 (USA) (En,Fr,Es)","沥青都市GT2（美版） (En,Fr,Es)",NDS#365,17.42MB
nds,"Assassin's Creed - Altair's Chronicles (Europe) (En,Fr,De,Es,It)","刺客信条-阿泰尔编年史（欧版） (En,Fr,De,Es,It)",NDS#366,32.26MB
nds,"Assassin's Creed - Altair's Chronicles (USA) (En,Fr,Es)","刺客信条-阿泰尔编年史（美版） (En,Fr,Es)",NDS#367,32.26MB
nds,"Assassin's Creed II - Discovery (Europe) (En,Fr,De,Es,It,Nl,Sv,No,Da) (NDSi Enhanced)","刺客信条2-探索（欧版） (En,Fr,De,Es,It,Nl,Sv,No,Da) (NDSi Enhanced)",NDS#368,42.45MB
nds,"Assassin's Creed II - Discovery (USA) (En,Fr,Es) (NDSi Enhanced)","刺客信条2-探索（美版） (En,Fr,Es) (NDSi Enhanced)",NDS#369,42.28MB
nds,"Asterix & Obelix XXL 2 - Mission Wifix (Europe) (En,Fr,De,Es,It,Nl)","高卢骑兵2（欧版） (En,Fr,De,Es,It,Nl)",NDS#370,17.60MB
nds,"Asterix - Brain Trainer (Europe) (En,Fr,De,Es,It,Nl)","阿斯特里克斯-脑力训练（欧版） (En,Fr,De,Es,It,Nl)",NDS#371,17.55MB
nds,"Asterix - These Romans Are Crazy! (Europe) (En,Fr,De,It,Nl)","阿斯特利斯-这些罗马人都疯了（欧版） (En,Fr,De,It,Nl)",NDS#372,40.92MB
nds,"Asterix at the Olympic Games (Europe) (En,Fr,De,Es,It,Nl)","奥运会上的阿斯特里克斯（欧版） (En,Fr,De,Es,It,Nl)",NDS#373,11.22MB
nds,"Astro Boy - The Video Game (Europe) (En,Fr,De,Es,It)","铁臂阿童木游戏版（欧版） (En,Fr,De,Es,It)",NDS#374,4.07MB
nds,"Astro Boy - The Video Game (USA) (En,Fr,De,Es,It)","铁臂阿童木游戏版（美版） (En,Fr,De,Es,It)",NDS#375,4.07MB
nds,"Astro Invaders (USA) (En,Fr,Es)","天文入侵者（美版） (En,Fr,Es)",NDS#376,1.96MB
nds,"Astrology (Europe) (En,Fr,De,Es,It)","占星术（欧版） (En,Fr,De,Es,It)",NDS#377,3.58MB
nds,"Astrology DS - The Stars in Your Hands (USA) (En,Fr,Es)","占星术DS（美版） (En,Fr,Es)",NDS#378,12.88MB
nds,Atama de Do! Kotencotenco (Japan),动脑游戏!小天小天子（日版）,NDS#379,7.21MB
nds,Atama no Kaiten no Training - Rubik's Cube & Chou Yuumei Puzzle-tachi (Japan),头脑练习魔方-超有名解谜（日版）,NDS#380,14.91MB
nds,Atama o Kitaete Asobu Taisen Yajirushi Puzzle - Puppynu Vector One (Japan),头脑锻炼游戏对战失印谜题：帕比狗矢量1（日版）,NDS#381,10.76MB
nds,"Atari Greatest Hits - Volume 1 (Europe) (En,Fr,De)","雅达利经典游戏-卷1（欧版） (En,Fr,De)",NDS#382,27.81MB
nds,Atari Greatest Hits - Volume 1 (USA),雅达利经典游戏-卷1（美版）,NDS#383,27.59MB
nds,Atari Greatest Hits - Volume 2 (USA),雅达利经典游戏-卷2（美版）,NDS#384,23.13MB
nds,Atarimix - Happy 10 Games (Japan),雅达利快乐10游戏（日版）,NDS#385,2.72MB
nds,Atelier Annie - Alchemists of Sera Island (USA),炼金术士安妮-赛拉岛的炼金术士（美版）,NDS#386,52.29MB
nds,"Atlantic Quest (Europe) (Fr,De)",,NDS#387,2.66MB
nds,"Atlantic Quest + Galactic Quest (Europe) (En,Fr,De,Nl)",,NDS#388,5.00MB
nds,Atsumare! Power Pro Kun no DS Koushien (Japan),集合!力量棒球的DS甲子园（日版）,NDS#389,37.26MB
nds,Atsumare! Power Pro Kun no DS Koushien (Japan) (Rev 1),集合!力量棒球的DS甲子园（日版） （修正版 1）,NDS#390,37.26MB
nds,Atsumete! Kirby (Japan),卡比大集合（日版）,NDS#391,13.63MB
nds,"ATV Quad Frenzy (Europe) (En,Fr,De)","山地越野车：极度疯狂（欧版） (En,Fr,De)",NDS#392,6.25MB
nds,ATV Quad Frenzy (USA),山地越野车：极度疯狂（美版）,NDS#393,6.16MB
nds,"ATV Quad Kings (Europe) (En,Fr,De,Es,It,Nl)","ATV沙滩摩托车之王（欧版） (En,Fr,De,Es,It,Nl)",NDS#394,11.84MB
nds,"ATV Quad Kings (USA) (En,Fr,Es)","ATV沙滩摩托车之王（美版） (En,Fr,Es)",NDS#395,11.77MB
nds,ATV Wild Ride (USA),ATV狂野摩托车（美版）,NDS#396,6.79MB
nds,Au Pays des PooYoos - Activites d'Eveil (France) [b],早期学习活动（法国版） [b],NDS#397,13.86MB
nds,Auto Escuela - Aprueba Conmigo (Spain),核准驾驶（西班牙版）,NDS#398,14.97MB
nds,Autoescuela Trainer (Spain),驾驶训练（西班牙版）,NDS#399,11.24MB
nds,"Avalon Code (Europe) (En,Fr,De)","创世法典（欧版） (En,Fr,De)",NDS#400,62.91MB
nds,Avalon Code (Japan),创世法典（日版）,NDS#401,59.42MB
nds,Avalon Code (USA),创世法典（美版）,NDS#402,58.13MB
nds,Avatar - Der Herr der Elemente - Die Erde Brennt (Germany),降世神通-燃烧的大地（德国版）,NDS#403,32.54MB
nds,Avatar - The Last Airbender (USA),降世神通（美版）,NDS#404,37.74MB
nds,Avatar - The Last Airbender - Into the Inferno (USA),降世神通-最后的气宗-地狱之战（美版）,NDS#405,6.51MB
nds,Avatar - The Last Airbender - The Burning Earth (USA),降世神通-燃烧的大地（美版）,NDS#406,31.79MB
nds,"Avatar - The Legend of Aang (Europe) (En,Fr,De,Nl)","降世神通（欧版） (En,Fr,De,Nl)",NDS#407,37.74MB
nds,Avatar - The Legend of Aang (Korea) [b],降世神通（韩国版） [b],NDS#408,6.46MB
nds,"Avatar - The Legend of Aang - Into the Inferno (Europe) (En,De,It,Nl)","降世神通-前往地狱之战的传说（欧版） (En,De,It,Nl)",NDS#409,6.51MB
nds,Avatar - The Legend of Aang - The Burning Earth (Europe),降世神通-燃烧的大地（欧版）,NDS#410,31.79MB
nds,"Avatar - The Legend of Aang - The Burning Earth (Europe) (Fr,Nl)","降世神通-燃烧的大地（欧版） (Fr,Nl)",NDS#411,31.97MB
nds,"Aventures de May, Les - L'Etrange Disparition (France)",五月的冒险-消失（法国版）,NDS#412,31.43MB
nds,"Aventures de T'choupi a l'Ecole, Les (France)",,NDS#413,4.53MB
nds,Awa Tama (Japan),泡泡精灵（日版）,NDS#414,18.86MB
nds,"Away - Shuffle Dungeon (Europe) (En,Fr,De,Es,It)","远离-混乱迷宫（欧版） (En,Fr,De,Es,It)",NDS#415,35.51MB
nds,Away - Shuffle Dungeon (Japan),远离-混乱迷宫（日版）,NDS#416,33.66MB
nds,Away - Shuffle Dungeon (USA),远离-混乱迷宫（美版）,NDS#417,33.72MB
nds,"B Team - Metal Cartoon Squad (Europe) (En,Fr,De,Es,It)","金属卡通小队（欧版） (En,Fr,De,Es,It)",NDS#418,17.97MB
nds,"B-17 - Fortress in the Sky (Europe) (En,Fr,Es,It)","B-17-中堡垒（欧版） (En,Fr,Es,It)",NDS#419,3.82MB
nds,B-17 - Fortress in the Sky (USA),B-17-中堡垒（美版）,NDS#420,3.71MB
nds,"B. Sokal Syberia (USA) (En,Fr,Es)","塞伯利亚之谜（美版） (En,Fr,Es)",NDS#421,55.10MB
nds,"Baby Fashion Star (Europe) (En,Fr,De,Es,It,Nl,Sv,No,Da) (NDSi Enhanced)",,NDS#422,17.40MB
nds,"Baby Life (Europe) (En,Fr,De,Es,It,Nl)","婴儿生活（欧版） (En,Fr,De,Es,It,Nl)",NDS#423,5.03MB
nds,"Baby Life (USA) (En,Fr,Es)","婴儿生活（美版） (En,Fr,Es)",NDS#424,5.04MB
nds,"Baby Pals (Europe) (En,Fr,De,Es,It)","宝宝伴侣（欧版） (En,Fr,De,Es,It)",NDS#425,24.71MB
nds,Baby Pals (USA),宝宝伴侣（美版）,NDS#426,24.48MB
nds,Baby Wild Katzen (Germany),野生小猫科动物（德国版）,NDS#427,6.83MB
nds,"Babysitting Mania (Europe) (En,Fr,De,Es,It,Nl)","疯狂育儿专家（欧版） (En,Fr,De,Es,It,Nl)",NDS#428,22.69MB
nds,Babysitting Mania (USA),疯狂育儿专家（美版）,NDS#429,20.09MB
nds,"Bachelor, The - The Videogame (USA) (En,Fr,Es)",,NDS#430,41.73MB
nds,Back at the Barnyard - Barnyard Games (Europe),疯狂农庄（欧版）,NDS#431,13.50MB
nds,Back at the Barnyard - Slop Bucket Games (USA),疯狂农庄（美版）,NDS#432,13.50MB
nds,Backgammon (Germany),西洋双陆棋（德国版）,NDS#433,2.27MB
nds,Backyard Baseball '09 (USA),后院棒球09（美版）,NDS#434,3.29MB
nds,Backyard Baseball '10 (USA),后院棒球 2010（美版）,NDS#435,6.66MB
nds,Backyard Basketball (USA),后院篮球 2008（美版）,NDS#436,3.34MB
nds,Backyard Football '09 (USA),后院美式足球2009（美版）,NDS#437,5.20MB
nds,Backyard Football (USA),庭院橄榄球2008（美版）,NDS#438,5.59MB
nds,Backyard Hockey (USA),庭院冰球（美版）,NDS#439,3.87MB
nds,Backyard Sports - Rookie Rush (USA),后院运动-新秀拉什（美版）,NDS#440,26.15MB
nds,Backyard Sports - Sandlot Sluggers (USA),后院运动-沙地强打者（美版）,NDS#441,21.74MB
nds,"Backyardigans, The (Europe) [b]",花园小子（欧版） [b],NDS#442,5.66MB
nds,"Backyardigans, The (USA)",花园小子（美版）,NDS#443,5.66MB
nds,Bae Yong-Joon to Manabu Kankokugo DS (Japan),与裴勇俊一起学韩语DS（日版）,NDS#444,20.03MB
nds,Bae Yong-Joon to Manabu Kankokugo DS - Date-Hen (Japan),,NDS#445,32.81MB
nds,Bae Yong-Joon to Manabu Kankokugo DS - Test-Hen (Japan),,NDS#446,33.44MB
nds,"Bakugan - Battle Brawlers (Europe) (En,Fr,De,Es,It,Nl,Sv) (B6RP)","爆丸（欧版） (En,Fr,De,Es,It,Nl,Sv) (B6RP)",NDS#447,92.93MB
nds,"Bakugan - Battle Brawlers (Europe) (En,Fr,De,Es,It,Nl,Sv) (Toys'R'Us)","爆丸（欧版） (En,Fr,De,Es,It,Nl,Sv) (Toys'R'Us)",NDS#448,92.94MB
nds,"Bakugan - Battle Brawlers (USA) (En,Fr)","爆丸（美版） (En,Fr)",NDS#449,90.44MB
nds,"Bakugan - Battle Brawlers (USA) (En,Fr) (Toys'R'Us)","爆丸（美版） (En,Fr) (Toys'R'Us)",NDS#450,90.42MB
nds,"Bakugan - Battle Brawlers - Battle Trainer (Europe) (En,Fr,De,Es,It,Nl,Sv)","爆丸-战斗训练（欧版） (En,Fr,De,Es,It,Nl,Sv)",NDS#451,21.22MB
nds,Bakugan - Battle Brawlers - Battle Trainer (USA),爆丸-战斗训练（美版）,NDS#452,17.61MB
nds,"Bakugan - Defenders of the Core (Europe) (En,Fr,De,Es,It,Nl,Sv)","爆丸战士-核心抵抗者（欧版） (En,Fr,De,Es,It,Nl,Sv)",NDS#453,40.81MB
nds,"Bakugan - Defenders of the Core (USA) (En,Fr)","爆丸战士-核心抵抗者（美版） (En,Fr)",NDS#454,40.73MB
nds,"Bakugan - Rise of the Resistance (Europe) (En,Fr,De,Es,It,Nl,Sv)","爆丸-崛起的阻力（欧版） (En,Fr,De,Es,It,Nl,Sv)",NDS#455,18.68MB
nds,"Bakugan - Rise of the Resistance (USA) (En,Fr)","爆丸-崛起的阻力（美版） (En,Fr)",NDS#456,18.65MB
nds,Bakugan Battle Brawlers DS - Defender of the Core (Japan),爆丸战士DS-核心抵抗者（日版）,NDS#457,36.49MB
nds,Bakuman. - Mangaka e no Michi (Japan),,NDS#458,38.59MB
nds,Bakumatsu Renka Shinsengumi DS (Japan),幕末恋华-新选组 DS（日版）,NDS#459,172.53MB
nds,"Bakushow - Challenge Your Friends! (Europe) (En,Fr,De,Es,It)","巴库秀（欧版） (En,Fr,De,Es,It)",NDS#460,881.07KB
nds,Bakusou Dekotora Densetsu Black (Japan),爆走卡车传说（日版）,NDS#461,8.26MB
nds,"Ballerina (Europe) (En,Fr,De,Es,It,Nl)","让我们玩芭蕾（欧版） (En,Fr,De,Es,It,Nl)",NDS#462,9.50MB
nds,Balloon Pop (USA),气球泡泡（美版）,NDS#463,1.84MB
nds,"Balls of Fury (Europe) (En,Fr,De,Es,It)","乒乓特种兵（欧版） (En,Fr,De,Es,It)",NDS#464,3.59MB
nds,Balls of Fury (USA),乒乓特种兵（美版）,NDS#465,3.57MB
nds,"Band Hero (Europe) (En,Fr,De,Es,It)","乐队英雄（欧版） (En,Fr,De,Es,It)",NDS#466,156.00MB
nds,"Band Hero (USA) (En,Fr)","乐队英雄（美版） (En,Fr)",NDS#467,148.60MB
nds,"Band Hero (USA) (En,Fr) (Demo) (Kiosk)","乐队英雄（美版） (En,Fr) （演示版） （商店演示版）",NDS#468,55.79MB
nds,"Bandz Mania (Europe) (En,Fr,De)","疯狂变形球（欧版） (En,Fr,De)",NDS#469,3.70MB
nds,Bangai-O Spirits (Europe),班凯奥魂（欧版）,NDS#470,2.72MB
nds,Bangai-O Spirits (Japan),班凯奥魂（日版）,NDS#471,2.85MB
nds,Bangai-O Spirits (USA),班凯奥魂（美版）,NDS#472,2.72MB
nds,Banushi Life Game - Winner's Circle (Japan),马主生活-胜者轨迹（日版）,NDS#473,21.91MB
nds,"Barbie - Dreamhouse Party (Europe) (En,Fr,De,Es,It,Nl,Sv,No,Da,Fi)",,NDS#474,7.19MB
nds,"Barbie - Dreamhouse Party (USA) (En,Fr,Es)",,NDS#475,7.08MB
nds,"Barbie - Groom and Glam Pups (Brazil) (En,Es,Pt)","芭比娃娃-照顾小狗（巴西版） (En,Es,Pt)",NDS#476,11.46MB
nds,"Barbie - Groom and Glam Pups (Europe) (En,Fr,De,Es,It,Nl)","芭比娃娃-照顾小狗（欧版） (En,Fr,De,Es,It,Nl)",NDS#477,24.11MB
nds,"Barbie - Groom and Glam Pups (USA) (En,Fr)","芭比娃娃-照顾小狗（美版） (En,Fr)",NDS#478,9.17MB
nds,"Barbie - Jet, Set & Style! (Europe) (De,Es,It) (VMZP) (NDSi Enhanced)","芭比娃娃-发型师（欧版） (De,Es,It) (VMZP) (NDSi Enhanced)",NDS#479,33.62MB
nds,"Barbie - Jet, Set & Style! (Europe) (De,Es,It) (VMZX) (NDSi Enhanced)","芭比娃娃-发型师（欧版） (De,Es,It) (VMZX) (NDSi Enhanced)",NDS#480,33.62MB
nds,"Barbie - Jet, Set & Style! (Europe) (En,Fr,Nl) (NDSi Enhanced)","芭比娃娃-发型师（欧版） (En,Fr,Nl) (NDSi Enhanced)",NDS#481,30.94MB
nds,"Barbie - Jet, Set & Style! (Europe) (En,Fr,Nl) (VMZY) (NDSi Enhanced)","芭比娃娃-发型师（欧版） (En,Fr,Nl) (VMZY) (NDSi Enhanced)",NDS#482,30.94MB
nds,"Barbie - Jet, Set & Style! (USA) (En,Fr) (NDSi Enhanced)","芭比娃娃-发型师（美版） (En,Fr) (NDSi Enhanced)",NDS#483,22.16MB
nds,"Barbie - Jet, Set & Style! (USA) (En,Fr) (Rev 1) (NDSi Enhanced)","芭比娃娃-发型师（美版） (En,Fr) （修正版 1） (NDSi Enhanced)",NDS#484,22.16MB
nds,"Barbie and the Three Musketeers (Europe) (De,It)","芭比和三个火枪手（欧版） (De,It)",NDS#485,67.02MB
nds,"Barbie and the Three Musketeers (Europe) (En,Fr)","芭比和三个火枪手（欧版） (En,Fr)",NDS#486,67.45MB
nds,"Barbie and the Three Musketeers (Europe) (Es,Nl)","芭比和三个火枪手（欧版） (Es,Nl)",NDS#487,65.02MB
nds,"Barbie and the Three Musketeers (USA) (En,Fr)","芭比和三个火枪手（美版） (En,Fr)",NDS#488,72.29MB
nds,"Barbie as the Island Princess (Europe) (Fr,De,Es,It,Nl)","芭比之森林公主（欧版） (Fr,De,Es,It,Nl)",NDS#489,25.88MB
nds,Barbie as the Island Princess (United Kingdom),芭比之森林公主(United Kingdom),NDS#490,25.98MB
nds,Barbie as the Island Princess (USA),芭比之森林公主（美版）,NDS#491,25.98MB
nds,"Barbie Fashion Show - An Eye for Style (Europe) (En,Fr,De)","芭比时装秀-魅眼有型（欧版） (En,Fr,De)",NDS#492,69.35MB
nds,"Barbie Fashion Show - An Eye for Style (Europe) (Es,It,Nl)","芭比时装秀-魅眼有型（欧版） (Es,It,Nl)",NDS#493,68.46MB
nds,"Barbie Fashion Show - An Eye for Style (USA) (En,Fr)","芭比时装秀-魅眼有型（美版） (En,Fr)",NDS#494,47.06MB
nds,"Barbie Horse Adventures - Riding Camp (Europe) (En,Fr,De,Es,It,Nl)","芭比马术冒险-骑术野营（欧版） (En,Fr,De,Es,It,Nl)",NDS#495,74.62MB
nds,"Barbie Horse Adventures - Riding Camp (USA) (En,Fr)","芭比马术冒险-骑术野营（美版） (En,Fr)",NDS#496,29.86MB
nds,"Barbie in the 12 Dancing Princesses (Europe) (En,Fr,De,Es,It)","芭比-12个跳舞的公主（欧版） (En,Fr,De,Es,It)",NDS#497,2.40MB
nds,Barbie in the 12 Dancing Princesses (USA),芭比-12个跳舞的公主（美版）,NDS#498,2.31MB
nds,Barnyard - Verrueckte Bauernhof-Spiele (Germany),疯狂农场-疯狂的农场使用者（德国版）,NDS#499,13.54MB
nds,"Barnyard Blast - Swine of the Night (Europe) (En,Fr,De,Es,It,Pt)","恶魔猎猪（欧版） (En,Fr,De,Es,It,Pt)",NDS#500,4.39MB
nds,"Barnyard Blast - Swine of the Night (USA) (En,Fr,Es,Pt)","恶魔猎猪（美版） (En,Fr,Es,Pt)",NDS#501,4.36MB
nds,Bartender DS (Japan),调酒师DS（日版）,NDS#502,18.07MB
nds,Bastian Sick Der Dativ Ist dem Genitiv Sein Tod (Germany),与格属格的死亡宣言（德国版）,NDS#503,3.63MB
nds,Batman - Arkham Asylum (Europe) (Proto),,NDS#504,1.99MB
nds,"Batman - The Brave and the Bold - The Videogame (Europe) (En,Fr,De,Es,It,Nl)","蝙蝠侠-英勇与无畏（欧版） (En,Fr,De,Es,It,Nl)",NDS#505,15.54MB
nds,"Batman - The Brave and the Bold - The Videogame (USA) (En,Fr,Es)","蝙蝠侠-英勇与无畏（美版） (En,Fr,Es)",NDS#506,15.54MB
nds,Battle & Get! - Pokemon Typing DS (Japan),战斗&收服!口袋妖怪打字机DS（日版）,NDS#507,74.85MB
nds,"Battle of Giants - Dinosaurs (USA) (En,Fr,Es)","恐龙大战（美版） (En,Fr,Es)",NDS#508,12.65MB
nds,"Battle of Giants - Dragons (USA) (En,Fr,Es) (Rev 1)","巨龙战争（美版） (En,Fr,Es) （修正版 1）",NDS#509,14.68MB
nds,"Battle of Giants - Mutant Insects (USA) (En,Fr,Es)","变异巨虫大战（美版） (En,Fr,Es)",NDS#510,15.09MB
nds,Battle Spirits Digital Starter (Japan),战魂-数位起始包（日版）,NDS#511,32.97MB
nds,"Battles of Prince of Persia (Europe) (En,Fr,De,Es,It,Nl)","波斯王子的战争（欧版） (En,Fr,De,Es,It,Nl)",NDS#512,14.33MB
nds,"Battles of Prince of Persia (USA) (En,Fr,De,Es,It,Nl)","波斯王子的战争（美版） (En,Fr,De,Es,It,Nl)",NDS#513,14.33MB
nds,"Battleship (Europe) (En,Fr,De,Es,It)",,NDS#514,11.02MB
nds,"Battleship (USA) (En,Fr)",,NDS#515,11.02MB
nds,"Bauernhof, Der (Germany)",农场（德国版）,NDS#516,12.61MB
nds,Beach de Reach! DS (Japan),美少女海边麻将（日版）,NDS#517,39.17MB
nds,"Beastly - Frantic Foto (USA) (En,Fr,Es)","狂热照片来找碴（美版） (En,Fr,Es)",NDS#518,5.24MB
nds,"Beat City (Europe) (En,De,Es,It)","节拍城市（欧版） (En,De,Es,It)",NDS#519,1.76MB
nds,Beat City (USA),节拍城市（美版）,NDS#520,1.56MB
nds,Beat the Intro (Europe),打击简介（欧版）,NDS#521,12.70MB
nds,"Beauty Academy (Europe) (En,Fr,De,Nl)","美容学院（欧版） (En,Fr,De,Nl)",NDS#522,4.97MB
nds,"Beauty Salon (Europe) (En,Fr,De,Es,It) [b]","美丽沙龙（欧版） (En,Fr,De,Es,It) [b]",NDS#523,13.88MB
nds,"Bee Game, The (USA)",蜜蜂游戏（美版）,NDS#524,1.15MB
nds,Bee Movie - Das Game (Germany),蜜蜂总动员（德国版）,NDS#525,20.42MB
nds,Bee Movie - Le Jeu (France),蜜蜂总动员（法国版）,NDS#526,20.42MB
nds,Bee Movie Game (Europe),蜜蜂总动员（欧版）,NDS#527,20.42MB
nds,Bee Movie Game (Italy),蜜蜂总动员（意大利版）,NDS#528,20.42MB
nds,Bee Movie Game (Netherlands),蜜蜂总动员（荷兰版）,NDS#529,20.42MB
nds,Bee Movie Game (Spain),蜜蜂总动员（西班牙版）,NDS#530,20.42MB
nds,Bee Movie Game (USA),蜜蜂总动员（美版）,NDS#531,20.42MB
nds,"Beetle Junior DS (Europe) (En,Fr,De)","甲虫历险记DS（欧版） (En,Fr,De)",NDS#532,1.06MB
nds,Beetle King (Europe),甲虫国王（欧版）,NDS#533,7.41MB
nds,"Bejeweled 3 (Europe) (En,Fr,De)","宝石迷阵3（欧版） (En,Fr,De)",NDS#534,16.21MB
nds,Bejeweled 3 (USA),宝石迷阵3（美版）,NDS#535,13.97MB
nds,"Bejeweled Twist (Australia) (En,Fr,De,Es,It,Nl) (NDSi Enhanced)","宝石迷阵（澳洲版） (En,Fr,De,Es,It,Nl) (NDSi Enhanced)",NDS#536,26.77MB
nds,"Bejeweled Twist (Europe) (En,Fr,De,Es,It,Nl) (VBTP) (NDSi Enhanced)","宝石迷阵（欧版） (En,Fr,De,Es,It,Nl) (VBTP) (NDSi Enhanced)",NDS#537,26.77MB
nds,"Bejeweled Twist (Europe) (En,Fr,De,Es,It,Nl) (VBTX) (NDSi Enhanced)","宝石迷阵（欧版） (En,Fr,De,Es,It,Nl) (VBTX) (NDSi Enhanced)",NDS#538,26.79MB
nds,Bejeweled Twist (USA) (NDSi Enhanced),宝石迷阵（美版） (NDSi Enhanced),NDS#539,23.79MB
nds,"Bella Sara (Europe) (En,Fr,De,Es,It)","贝拉萨拉（欧版） (En,Fr,De,Es,It)",NDS#540,16.40MB
nds,"Bella Sara (USA) (En,Fr,De,Es,It)","贝拉萨拉（美版） (En,Fr,De,Es,It)",NDS#541,16.40MB
nds,"Ben 10 - Alien Force (Europe) (En,Fr,De,Es,It)","Ben 10-外星力量（欧版） (En,Fr,De,Es,It)",NDS#542,9.92MB
nds,"Ben 10 - Alien Force (USA) (En,Fr,De,Es,It) (Rev 1)","Ben 10-外星力量（美版） (En,Fr,De,Es,It) （修正版 1）",NDS#543,9.92MB
nds,"Ben 10 - Alien Force - Vilgax Attacks (Europe) (En,Fr,De,Es,It)","BEN10-外星力量维尔加科斯的攻击（欧版） (En,Fr,De,Es,It)",NDS#544,14.32MB
nds,"Ben 10 - Alien Force - Vilgax Attacks (USA) (En,Fr,De,Es,It)","BEN10-外星力量维尔加科斯的攻击（美版） (En,Fr,De,Es,It)",NDS#545,14.32MB
nds,"Ben 10 - Galactic Racing (Europe) (En,Fr,De,Es,It)",,NDS#546,15.15MB
nds,"Ben 10 - Galactic Racing (USA) (En,Fr,De,Es,It)",,NDS#547,15.15MB
nds,"Ben 10 - Omniverse (Europe) (En,Fr,De,Es,It)",,NDS#548,23.42MB
nds,"Ben 10 - Omniverse (USA) (En,Fr,Es)",,NDS#549,20.22MB
nds,Ben 10 - Protector of Earth (Europe),Ben 10-守护地球（欧版）,NDS#550,14.26MB
nds,"Ben 10 - Protector of Earth (Europe) (En,Fr,De,Es,It)","Ben 10-守护地球（欧版） (En,Fr,De,Es,It)",NDS#551,14.30MB
nds,Ben 10 - Protector of Earth (USA),Ben 10-守护地球（美版）,NDS#552,14.26MB
nds,"Ben 10 - Triple Pack (Europe) (En,Fr,De,Es,It)","BEN10-三重战线（欧版） (En,Fr,De,Es,It)",NDS#553,34.34MB
nds,"Ben 10 - Triple Pack (USA) (En,Fr,De,Es,It)","BEN10-三重战线（美版） (En,Fr,De,Es,It)",NDS#554,34.32MB
nds,"Ben 10 - Ultimate Alien - Cosmic Destruction (Europe) (En,Fr,De,Es,It)","BEN10外星神力-终极异型（欧版） (En,Fr,De,Es,It)",NDS#555,17.64MB
nds,"Ben 10 - Ultimate Alien - Cosmic Destruction (USA) (En,Fr,De,Es,It)","BEN10外星神力-终极异型（美版） (En,Fr,De,Es,It)",NDS#556,17.63MB
nds,"Ben 10 - Ultimate Alien - Cosmic Destruction (USA) (En,Fr,De,Es,It) (Beta)","BEN10外星神力-终极异型（美版） (En,Fr,De,Es,It) （测试版）",NDS#557,20.78MB
nds,Benjamin Bluemchen - Ein Tag im Zoo (Germany),小本杰明-在动物园里的一天（德国版）,NDS#558,23.27MB
nds,"Benoit Sokal Last King of Africa (Europe) (En,Fr,De,Es,It)","非洲最后的王（欧版） (En,Fr,De,Es,It)",NDS#559,44.81MB
nds,"Berlitz - My English Coach (Europe) (En,Fr,De,Es,It)","伯利兹-我的英语教练（欧版） (En,Fr,De,Es,It)",NDS#560,3.09MB
nds,"Bermuda Triangle (Europe) (En,Fr,De,Es,It)","百慕大三角（欧版） (En,Fr,De,Es,It)",NDS#561,2.12MB
nds,Bermuda Triangle - Saving the Coral (USA),百慕大三角-拯救珊瑚（美版）,NDS#562,2.11MB
nds,"Bescherelle Pratique, Le (France)",Bescherelle法语练习（法国版）,NDS#563,2.65MB
nds,Besser Essen - Leben Leicht Gemacht (Germany),更好的美食-让生活简单（德国版）,NDS#564,6.48MB
nds,Best Buy Nintendo Zone Beacon (USA) (Wi-Fi Kiosk),,NDS#565,183.10KB
nds,"Best Friends - Hunde & Katzen (Germany) (En,De)","猫朋狗友（德国版） (En,De)",NDS#566,5.80MB
nds,"Best Friends - Mijn Honden en Katten (Netherlands) (En,Nl)","我最好的朋友-猫猫与狗狗（荷兰版） (En,Nl)",NDS#567,5.80MB
nds,"Best Friends - My Horse (Europe) (En,Nl)","最好的朋友-我的马儿（欧版） (En,Nl)",NDS#568,6.06MB
nds,"Best Friends Tonight (USA) (En,Fr,De,Es,It)","今夜最好的朋友（美版） (En,Fr,De,Es,It)",NDS#569,6.60MB
nds,"Best of Arcade Games DS (Europe) (En,Fr,De,Es,It,Nl,Pt)","最佳街机游戏 DS（欧版） (En,Fr,De,Es,It,Nl,Pt)",NDS#570,2.62MB
nds,"Best of Board Games DS (Europe) (En,Fr,De,Es,It,Pt)","最佳桌面游戏DS（欧版） (En,Fr,De,Es,It,Pt)",NDS#571,4.87MB
nds,"Best of Card Games DS (Europe) (En,Fr,De,Es,It,Nl)","最佳纸牌游戏（欧版） (En,Fr,De,Es,It,Nl)",NDS#572,2.36MB
nds,"Best of Tests DS (Europe) (En,Fr,De,Es,It,Pt)","最佳测试DS（欧版） (En,Fr,De,Es,It,Pt)",NDS#573,1.35MB
nds,"Best of Tests DS (USA) (En,Fr,Es)","最佳测试DS（美版） (En,Fr,Es)",NDS#574,1.36MB
nds,"Betty Boop's Double Shift (Europe) (En,Fr,De,Es,It)","贝蒂布鲁的双转变（欧版） (En,Fr,De,Es,It)",NDS#575,1.41MB
nds,Betty Boop's Double Shift (USA),贝蒂布鲁的双转变（美版）,NDS#576,1.40MB
nds,"Beyblade - Metal Fusion (USA) (En,Fr,Es)","战斗陀螺-钢铁战魂-爆诞（美版） (En,Fr,Es)",NDS#577,27.05MB
nds,"Beyblade - Metal Fusion (USA) (En,Fr,Es) (Collector's Edition)","战斗陀螺-钢铁战魂-爆诞（美版） (En,Fr,Es) (Collector's Edition)",NDS#578,27.05MB
nds,"Beyblade - Metal Fusion (USA) (En,Fr,Es) (Toys'R'Us Exclusive)","战斗陀螺-钢铁战魂-爆诞（美版） (En,Fr,Es) (Toys'R'Us Exclusive)",NDS#579,27.05MB
nds,"Beyblade - Metal Fusion (USA) (En,Fr,Es) (Walmart Exclusive)","战斗陀螺-钢铁战魂-爆诞（美版） (En,Fr,Es) (Walmart Exclusive)",NDS#580,27.05MB
nds,"Beyblade - Metal Masters (USA) (En,Fr,Es)",,NDS#581,19.57MB
nds,"Beyblade - Metal Masters (USA) (En,Fr,Es) (Best Buy Exclusive)",,NDS#582,19.60MB
nds,"Beyblade - Metal Masters (USA) (En,Fr,Es) (Collector's Edition)",,NDS#583,19.60MB
nds,"Beyblade - Metal Masters (USA) (En,Fr,Es) (Target Exclusive)",,NDS#584,19.60MB
nds,"Beyblade - Metal Masters (USA) (En,Fr,Es) (Toys'R'Us Exclusive)",,NDS#585,19.60MB
nds,"Beyblade - Metal Masters - Nightmare Rex (Europe) (En,Fr,De,Es,It)",,NDS#586,20.40MB
nds,Beyblade Metal Fusion - Cyber Pegasus (Europe),战斗陀螺-钢铁战魂-爆诞（欧版）,NDS#587,32.50MB
nds,"BFF TV (Europe) (En,Fr,De,Es,It) [b]","BFF电视台（欧版） (En,Fr,De,Es,It) [b]",NDS#588,6.60MB
nds,Bibi & Tina - Das Grosse Unwetter (Germany),比比和蒂娜-恶劣天气（德国版）,NDS#589,10.07MB
nds,"Bibi & Tina - Die Grosse Schnitzeljagd (Europe) (En,Fr,De)","毕比&蒂娜-积极的力争上游（欧版） (En,Fr,De)",NDS#590,8.34MB
nds,Bibi & Tina - Jump & Ride (Germany),比比和蒂娜-跳马和骑马（德国版）,NDS#591,7.15MB
nds,Bibi Blocksberg - Das Gestohlene Hexbuch (Germany),小女巫碧碧-被盗的魔法书（德国版）,NDS#592,12.61MB
nds,Bibi Blocksberg - Der Verhexte Schloss-Schatz (Germany),,NDS#593,3.71MB
nds,Bibi Blocksberg - Grundschule Mathematik - Klasse 1 bis 4 (Germany),比比学习-小学数学1-4年级（德国版）,NDS#594,8.84MB
nds,Bibi Blocksberg - Neustadt im Hex-Chaos (Germany),比比方块-混沌中的城市（德国版）,NDS#595,11.06MB
nds,Bibliothek der Klassischen Buecher (Germany),古典书籍图书馆（德国版）,NDS#596,23.03MB
nds,"Biene Maja, Die - Klatschmohnwiese in Gefahr (Germany)",蜜蜂宝宝（德国版）,NDS#597,1.62MB
nds,Bienvenue Chez les Ch'tis - Le Jeu (France),欢迎来到北方（法国版）,NDS#598,11.28MB
nds,"Big Bang Mini (Europe) (En,Fr,De,Es,It)","迷你烟花（欧版） (En,Fr,De,Es,It)",NDS#599,7.13MB
nds,"Big Bang Mini (USA) (En,Fr,De,Es,It)","迷你烟花（美版） (En,Fr,De,Es,It)",NDS#600,7.13MB
nds,"Big Brain Academy (Europe) (En,Fr,De,Es,It,Nl)","大脑学院（欧版） (En,Fr,De,Es,It,Nl)",NDS#601,1.24MB
nds,"Big Brain Academy (Europe) (En,Fr,De,Es,It,Nl) (Demo) (Kiosk)","大脑学院（欧版） (En,Fr,De,Es,It,Nl) （演示版） （商店演示版）",NDS#602,1.14MB
nds,Big Brain Academy (USA),大脑学院（美版）,NDS#603,1009.56KB
nds,Big Brain Academy (USA) (Demo) (Kiosk),大脑学院（美版） （演示版） （商店演示版）,NDS#604,974.21KB
nds,"Big Catch - Bass Fishing (Europe) (En,Fr,De,Es,It)","垂钓巴斯（欧版） (En,Fr,De,Es,It)",NDS#605,2.69MB
nds,"Big Deal, The (Europe)",比大小（欧版）,NDS#606,3.58MB
nds,"Big League Sports - Summer (USA) (En,Fr)","夏日运动大联盟（美版） (En,Fr)",NDS#607,14.70MB
nds,"Big Mutha Truckers (Europe) (En,Fr,De,Es,It)","重金属卡车司机（欧版） (En,Fr,De,Es,It)",NDS#608,3.03MB
nds,Big Mutha Truckers (USA),重金属卡车司机（美版）,NDS#609,2.99MB
nds,Big Time Rush - Backstage Pass (USA),,NDS#610,13.56MB
nds,"Big Word Puzzle Book (Europe) (En,Fr,De,Es,It)","难字解谜书本（欧版） (En,Fr,De,Es,It)",NDS#611,10.52MB
nds,"Bigfoot - Collision Course (Europe) (En,Fr,De,Es,It,Nl)","大脚赛车: 撞不停（欧版） (En,Fr,De,Es,It,Nl)",NDS#612,8.15MB
nds,Bigfoot - Collision Course (USA),大脚赛车: 撞不停（美版）,NDS#613,8.15MB
nds,"Biggest Loser USA, The (Europe) (NDSi Enhanced)",仲裁法检合格证书!适用于信息技术考试的考试测试基本护照信息技术（欧版） (NDSi Enhanced),NDS#614,6.96MB
nds,"Biggest Loser, The (USA) (NDSi Enhanced)",减肥达人（美版） (NDSi Enhanced),NDS#615,6.94MB
nds,"Bigs 2, The (USA)",大联盟职棒2（美版）,NDS#616,22.87MB
nds,Biker Mice from Mars (Europe),火星鼠骑士赛车（欧版）,NDS#617,9.72MB
nds,Biker Mice from Mars (USA),火星鼠骑士赛车（美版）,NDS#618,9.77MB
nds,Bikkuriman Daijiten (Japan),仙魔大战大事典（日版）,NDS#619,93.36MB
nds,Billiard Action (Europe),花式撞球出击（欧版）,NDS#620,1.54MB
nds,Biohazard - Deadly Silence (Japan),生化危机DS 死寂（日版）,NDS#621,98.09MB
nds,"Bionicle Heroes (Europe) (En,Fr,De,Es,It,Da)","生化英雄（欧版） (En,Fr,De,Es,It,Da)",NDS#622,21.29MB
nds,Bionicle Heroes (Japan),生化英雄（日版）,NDS#623,21.34MB
nds,Bionicle Heroes (USA),生化英雄（美版）,NDS#624,21.26MB
nds,Bisanggu - Exit DS (Korea) [b],非常口（韩国版） [b],NDS#625,6.75MB
nds,Biz Nouryoku DS Series - Miryoku Kaikaku (Japan),职场能力DS系列-魅力改革（日版）,NDS#626,1.98MB
nds,Biz Nouryoku DS Series - Wagokoro no Moto (Japan),商业能力DS系列-话心之素（日版）,NDS#627,11.12MB
nds,Biz Taiken DS Series - Kigyoudou - Inshoku (Japan),职场体验DS系列-创业道饮食（日版）,NDS#628,15.83MB
nds,Black Cat - Kuroneko no Concerto (Japan),黑猫协奏曲（日版）,NDS#629,40.17MB
nds,Black Jack - Hi no Tori Hen (Japan),怪医秦博士-火之鸟篇（日版）,NDS#630,34.25MB
nds,Black Sigil - Blade of the Exiled (USA),黑色咒印-放逐的刀刃（美版）,NDS#631,7.94MB
nds,Blades of Thunder II (USA),雷霆战机2（美版）,NDS#632,8.55MB
nds,Blazer Drive (Japan),闪耀灵驱（日版）,NDS#633,206.59MB
nds,"Bleach - Dark Souls (Europe) (En,Fr,De,Es,It)","死神Bleach-黑衣闪现的镇魂歌（欧版） (En,Fr,De,Es,It)",NDS#634,84.12MB
nds,Bleach - Dark Souls (USA),死神Bleach-黑衣闪现的镇魂歌（美版）,NDS#635,83.05MB
nds,"Bleach - The 3rd Phantom (Europe) (En,Fr)","死神-第三幻影（欧版） (En,Fr)",NDS#636,80.07MB
nds,Bleach - The 3rd Phantom (Japan),死神-第三幻影（日版）,NDS#637,83.87MB
nds,Bleach - The 3rd Phantom (USA),死神-第三幻影（美版）,NDS#638,83.12MB
nds,"Bleach - The Blade of Fate (Europe) (En,Fr,De,Es,It)","死神-苍天驱动的命运（欧版） (En,Fr,De,Es,It)",NDS#639,75.42MB
nds,Bleach - The Blade of Fate (USA),死神-苍天驱动的命运（美版）,NDS#640,74.75MB
nds,Bleach DS - Souten ni Kakeru Unmei (Japan),死神DS 驰骋苍天的命运（日版）,NDS#641,77.58MB
nds,Bleach DS 2nd - Kokui Hirameku Requiem (Japan),死神Bleach-黑衣闪现的镇魂歌（日版）,NDS#642,86.69MB
nds,Bleach DS 4th - Flame Bringer (Japan),BLEACH死神 DS 4th 火焰使者（日版）,NDS#643,23.95MB
nds,"Blood Bowl (Europe) (En,Fr,De,Es,It)","血腥橄榄球（欧版） (En,Fr,De,Es,It)",NDS#644,10.53MB
nds,Blood of Bahamut (Japan),巴哈姆特之血（日版）,NDS#645,16.36MB
nds,Blue Dragon - Awakened Shadow (France),蓝龙-异界巨兽（法国版）,NDS#646,51.78MB
nds,Blue Dragon - Awakened Shadow (Germany),蓝龙-异界巨兽（德国版）,NDS#647,51.80MB
nds,Blue Dragon - Awakened Shadow (Italy),蓝龙-异界巨兽（意大利版）,NDS#648,51.74MB
nds,Blue Dragon - Awakened Shadow (Spain),蓝龙-异界巨兽（西班牙版）,NDS#649,51.77MB
nds,Blue Dragon - Awakened Shadow (United Kingdom),蓝龙-异界巨兽(United Kingdom),NDS#650,51.87MB
nds,Blue Dragon - Awakened Shadow (USA),蓝龙-异界巨兽（美版）,NDS#651,51.88MB
nds,Blue Dragon - Awakened Shadow (USA) (Beta),蓝龙-异界巨兽（美版） （测试版）,NDS#652,73.29MB
nds,Blue Dragon - Ikai no Kyojuu (Japan),蓝龙-异界的巨兽（日版）,NDS#653,52.47MB
nds,"Blue Dragon Plus (Europe) (En,Fr,De,Es,It)","蓝龙Plus（欧版） (En,Fr,De,Es,It)",NDS#654,33.36MB
nds,Blue Dragon Plus (Japan),蓝龙Plus（日版）,NDS#655,30.30MB
nds,Blue Dragon Plus (USA),蓝龙Plus（美版）,NDS#656,29.98MB
nds,"Blumen & Muster Puzzle - Echter Puzzlespass fuer Unterwegs (Europe) (En,Fr,De,Es,It)","拼图游戏-花和样式（欧版） (En,Fr,De,Es,It)",NDS#657,3.34MB
nds,Bob Esponja - Atrapados en el Congelador (Spain),,NDS#658,8.11MB
nds,"Bob the Builder - Festival of Fun (Europe) (En,Es)","鲍勃建筑队-欢乐节日（欧版） (En,Es)",NDS#659,15.79MB
nds,"Bob the Builder - Festival of Fun (Europe) (En,Fr,De,Nl)","鲍勃建筑队-欢乐节日（欧版） (En,Fr,De,Nl)",NDS#660,20.45MB
nds,"Bob the Builder - Festival of Fun (Europe) (En,Pt,No,Da,Fi)","鲍勃建筑队-欢乐节日（欧版） (En,Pt,No,Da,Fi)",NDS#661,23.50MB
nds,"Boing! Docomodake DS (Europe) (En,Fr,De,Es,It)","嘣!DoCoMo蘑菇DS（欧版） (En,Fr,De,Es,It)",NDS#662,5.89MB
nds,"Boing! Docomodake DS (USA) (En,Fr,De,Es,It)","嘣!DoCoMo蘑菇DS（美版） (En,Fr,De,Es,It)",NDS#663,5.89MB
nds,"Boku to Sim no Machi - Agent - Nazo no Kaitou kara Hihou o Mamore Daisakusen! (Japan) (En,Ja)","我的模拟人生-警探（日版） (En,Ja)",NDS#664,22.91MB
nds,Boku to Sim no Machi - Kingdom (Japan),我的模拟王国（日版）,NDS#665,27.19MB
nds,Boku to Sim no Machi - Party (Japan),我与模拟市民-派对（日版）,NDS#666,11.69MB
nds,Boku to Sim no Machi - Racing (Japan),小市民赛车（日版）,NDS#667,28.00MB
nds,Boku to Sim no Machi - Resort ni Genki o Torimodosou! (Japan),我与模拟小镇（日版）,NDS#668,14.49MB
nds,Boku wa Koukuu Kanseikan DS - Air Traffic Controller (Japan),我是航空管制官DS（日版）,NDS#669,4.65MB
nds,Bokujou Monogatari - Colobockle Station (Japan),牧场物语-精灵驿站（日版）,NDS#670,15.31MB
nds,Bokujou Monogatari - Colobockle Station (Japan) (Rev 2),牧场物语-精灵驿站（日版） （修正版 2）,NDS#671,15.31MB
nds,Bokujou Monogatari - Colobockle Station for Girl (Japan),牧场物语-女生版（日版）,NDS#672,15.84MB
nds,Bokujou Monogatari - Futago no Mura (Japan),牧场物语-双子村落（日版）,NDS#673,46.18MB
nds,Bokujou Monogatari - Kimi to Sodatsu Shima (Japan),牧场物语-与你同在的小岛（日版）,NDS#674,9.97MB
nds,Bokujou Monogatari - KiraKira Taiyou to Nakama-tachi (Japan),牧场物语-闪耀太阳与伙伴们（日版）,NDS#675,12.86MB
nds,Bokujou Monogatari - Youkoso! Kaze no Bazaar e (Japan),牧场物语-欢迎来到风之商店（日版）,NDS#676,29.98MB
nds,Bokujou Monogatari - Youkoso! Kaze no Bazaar e (Japan) (Rev 2),牧场物语-欢迎来到风之商店（日版） （修正版 2）,NDS#677,29.97MB
nds,Bokura no Taiyou - Django & Sabata (Japan),我们的太阳-加戈与萨巴塔（日版）,NDS#678,51.80MB
nds,Bokura no Taiyou - Django & Sabata (Japan) (Rev 1),我们的太阳-加戈与萨巴塔（日版） （修正版 1）,NDS#679,51.80MB
nds,Bokura no Television Game Kentei - Pikotto! Udedameshi (Japan),我们的电视游戏力检定-皮柯特!身手!（日版）,NDS#680,4.10MB
nds,Bokura no Television Game Kentei - Pikotto! Udedameshi (Japan) (Beta) (2008-02-22),我们的电视游戏力检定-皮柯特!身手!（日版） （测试版） (2008-02-22),NDS#681,6.08MB
nds,Bokura wa Kaseki Horider (Japan),我们是化石挖掘者（日版）,NDS#682,77.82MB
nds,"Bolt (Europe) (En,Fr,De,Es,It,Nl)","超级闪电狗（欧版） (En,Fr,De,Es,It,Nl)",NDS#683,15.74MB
nds,"Bolt (Europe) (En,Sv,No,Da)","超级闪电狗（欧版） (En,Sv,No,Da)",NDS#684,16.94MB
nds,Bolt (Japan),超级闪电狗（日版）,NDS#685,15.29MB
nds,Bolt (Japan) (Rev 1),超级闪电狗（日版） （修正版 1）,NDS#686,15.29MB
nds,"Bolt (USA) (En,Fr,Es)","超级闪电狗（美版） (En,Fr,Es)",NDS#687,20.04MB
nds,"Bolt - Be-Awesome Edition (USA) (En,Fr,Es)",,NDS#688,20.04MB
nds,"Bomberman (Europe) (En,Fr,De,Es,It)","炸弹人（欧版） (En,Fr,De,Es,It)",NDS#689,3.28MB
nds,Bomberman (Japan),炸弹人（日版）,NDS#690,2.73MB
nds,Bomberman (Japan) (Rev 1),炸弹人（日版） （修正版 1）,NDS#691,2.70MB
nds,Bomberman (USA),炸弹人（美版）,NDS#692,2.67MB
nds,"Bomberman 2 (Europe) (En,Fr,De,Es,It)","炸弹人 2（欧版） (En,Fr,De,Es,It)",NDS#693,13.24MB
nds,"Bomberman Land Touch! (Europe) (En,Fr,De,Es,It)","炸弹人世界（欧版） (En,Fr,De,Es,It)",NDS#694,9.68MB
nds,Bomberman Land Touch! (USA),炸弹人世界（美版）,NDS#695,8.56MB
nds,"Bomberman Land Touch! 2 (Europe) (En,Fr,De,Es,It)","触摸炸弹人大陆2（欧版） (En,Fr,De,Es,It)",NDS#696,19.24MB
nds,Bomberman Land Touch! 2 (USA),触摸炸弹人大陆2（美版）,NDS#697,13.92MB
nds,"Bomberman Story DS (Europe) (En,Fr,De,Es,It)","炸弹人物语DS（欧版） (En,Fr,De,Es,It)",NDS#698,15.76MB
nds,Bomberman Story DS (Japan),炸弹人物语DS（日版）,NDS#699,13.55MB
nds,"Boogie (Europe) (En,Fr,De,Es,It,Nl,Pt)","布吉摇摆（欧版） (En,Fr,De,Es,It,Nl,Pt)",NDS#700,69.75MB
nds,"Boogie (USA) (En,Fr,Es)","布吉摇摆（美版） (En,Fr,Es)",NDS#701,69.75MB
nds,Bookworm (Europe),书呆子（欧版）,NDS#702,4.53MB
nds,Bookworm (USA),书呆子（美版）,NDS#703,4.52MB
nds,Boshi Techou DS with 'Akachan Massage' (Japan) (NDSi Enhanced),,NDS#704,27.46MB
nds,Boshi Techou DS with 'Akachan Massage' (Japan) (Rev 1) (NDSi Enhanced),,NDS#705,27.47MB
nds,Bouken-ou Beet - Vandel vs. Busters (Japan),冒险王比特DS（日版）,NDS#706,12.17MB
nds,"Boulder Dash - Rocks! (Europe) (En,Fr,De,Es,It)","推石小子-宝石（欧版） (En,Fr,De,Es,It)",NDS#707,16.12MB
nds,Boule & Bill - Vive les Vacances! (France),布勒和比利狗（法国版）,NDS#708,7.57MB
nds,Brain Age - Train Your Brain in Minutes a Day! (USA),脑力训练-每天训练你的大脑几分钟（美版）,NDS#709,3.13MB
nds,Brain Age - Train Your Brain in Minutes a Day! (USA) (Rev 1),脑力训练-每天训练你的大脑几分钟（美版） （修正版 1）,NDS#710,3.13MB
nds,Brain Age 2 - More Training in Minutes a Day! (USA) (Demo) (Kiosk),川岛隆太教授的DS-脑力锻炼2（美版） （演示版） （商店演示版）,NDS#711,8.24MB
nds,"Brain Age 2 - More Training in Minutes a Day! (USA) (En,Fr,Es)","川岛隆太教授的DS-脑力锻炼2（美版） (En,Fr,Es)",NDS#712,11.41MB
nds,"Brain Assist (Europe) (En,Fr,De,Es,It)","右脑能力检测机-触摸右脑DS（欧版） (En,Fr,De,Es,It)",NDS#713,7.51MB
nds,"Brain Assist (USA) (En,Fr,De,Es,It)","右脑能力检测机-触摸右脑DS（美版） (En,Fr,De,Es,It)",NDS#714,7.51MB
nds,Brain Boost - Beta Wave (USA),脑力推进-贝塔测试（美版）,NDS#715,5.61MB
nds,Brain Boost - Gamma Wave (USA),脑力推进-伽马射线（美版）,NDS#716,5.56MB
nds,"Brain Buster - Puzzle Pak (Europe) (En,Fr,Es,It)","大脑破坏者-数字谜题（欧版） (En,Fr,Es,It)",NDS#717,2.99MB
nds,Brain Buster - Puzzle Pak (USA),大脑破坏者-数字谜题（美版）,NDS#718,2.77MB
nds,"Brain Challenge (Europe) (En,Fr,De,Es,It,Nl)","脑力挑战（欧版） (En,Fr,De,Es,It,Nl)",NDS#719,6.56MB
nds,"Brain Challenge (USA) (En,Fr,Es)","脑力挑战（美版） (En,Fr,Es)",NDS#720,6.56MB
nds,Brain Quest - Grades 3 & 4 (USA),智力问答-3&4年级（美版）,NDS#721,2.93MB
nds,Brain Quest - Grades 5 & 6 (USA),智力问答-5&6年级（美版）,NDS#722,2.93MB
nds,"Brain Voyage (USA) (En,Fr,Es)","脑力导航（美版） (En,Fr,Es)",NDS#723,15.11MB
nds,"Brainstorm Series - Treasure Chase (USA) (En,Fr,De,Es,It) (NDSi Enhanced)","头脑风暴系列-推宝箱（美版） (En,Fr,De,Es,It) (NDSi Enhanced)",NDS#724,9.67MB
nds,"Brainstorm Series - Word Up (USA) (En,Fr,Es)","头脑风暴系列-填字游戏（美版） (En,Fr,Es)",NDS#725,4.79MB
nds,"Bratz - 4 Real (Europe) (En,Fr)","贝兹娃娃4（欧版） (En,Fr)",NDS#726,23.78MB
nds,"Bratz - 4 Real (Europe) (Es,It)","贝兹娃娃4（欧版） (Es,It)",NDS#727,23.84MB
nds,"Bratz - 4 Real (Europe) (Sv,Da)","贝兹娃娃4（欧版） (Sv,Da)",NDS#728,23.44MB
nds,Bratz - 4 Real (Germany),贝兹娃娃4（德国版）,NDS#729,23.38MB
nds,Bratz - 4 Real (USA),贝兹娃娃4（美版）,NDS#730,25.23MB
nds,Bratz - Fashion Boutique (USA) (NDSi Enhanced),,NDS#731,18.92MB
nds,Bratz - Forever Diamondz (France),洋娃娃合唱团-永恒星钻（法国版）,NDS#732,10.00MB
nds,Bratz - Forever Diamondz (Germany),洋娃娃合唱团-永恒星钻（德国版）,NDS#733,10.13MB
nds,Bratz - Forever Diamondz (Italy),洋娃娃合唱团-永恒星钻（意大利版）,NDS#734,9.90MB
nds,Bratz - Forever Diamondz (Spain),洋娃娃合唱团-永恒星钻（西班牙版）,NDS#735,9.91MB
nds,Bratz - Forever Diamondz (United Kingdom),洋娃娃合唱团-永恒星钻(United Kingdom),NDS#736,10.30MB
nds,Bratz - Forever Diamondz (USA),洋娃娃合唱团-永恒星钻（美版）,NDS#737,10.26MB
nds,"Bratz - Girlz Really Rock (Europe) (En,Fr,De,Es,It,Nl,Sv,No,Da)","贝兹娃娃-女孩本摇滚（欧版） (En,Fr,De,Es,It,Nl,Sv,No,Da)",NDS#738,23.38MB
nds,"Bratz - Girlz Really Rock (USA) (En,Fr)","贝兹娃娃-女孩本摇滚（美版） (En,Fr)",NDS#739,23.38MB
nds,"Bratz - Super Babyz (Europe) (De,Es)","街头美少女-超级宝贝（欧版） (De,Es)",NDS#740,14.95MB
nds,"Bratz - Super Babyz (Europe) (En,Fr)","街头美少女-超级宝贝（欧版） (En,Fr)",NDS#741,14.95MB
nds,Bratz - Super Babyz (USA),街头美少女-超级宝贝（美版）,NDS#742,16.41MB
nds,"Bratz Kidz - Party (Europe) (En,Fr,De,Es,It,Sv,No,Da)","贝兹娃娃派对（欧版） (En,Fr,De,Es,It,Sv,No,Da)",NDS#743,13.53MB
nds,"Bratz Kidz - Slumber Party (USA) (En,Fr,Es)","贝兹娃娃（美版） (En,Fr,Es)",NDS#744,13.53MB
nds,"Bratz Ponyz (Europe) (En,Fr,De,Es,It,Da)","贝兹小马（欧版） (En,Fr,De,Es,It,Da)",NDS#745,11.89MB
nds,"Bratz Ponyz (USA) (En,Fr,Es)","贝兹小马（美版） (En,Fr,Es)",NDS#746,11.89MB
nds,"Bratz Ponyz 2 (Europe) (En,Fr,De,Es,It,Nl,Sv,No,Da)","贝兹小马2（欧版） (En,Fr,De,Es,It,Nl,Sv,No,Da)",NDS#747,12.46MB
nds,"Bratz Ponyz 2 (USA) (En,Fr,Es)","贝兹小马2（美版） (En,Fr,Es)",NDS#748,12.47MB
nds,"Brave (Europe) (En,Fr,De,Es,It,Nl)",,NDS#749,44.47MB
nds,"Brave (Europe) (En,Sv,No,Da)",,NDS#750,44.46MB
nds,"Brave (USA) (En,Fr,Es)",,NDS#751,44.46MB
nds,Brave Story - Boku no Kioku to Negai (Japan),勇敢的故事-我的记忆与祈愿（日版）,NDS#752,21.30MB
nds,Bravissi-Mots (France) (NDSi Enhanced),经典词语游戏（法国版） (NDSi Enhanced),NDS#753,7.17MB
nds,Break 'em All (USA),破坏一切（美版）,NDS#754,1.88MB
nds,Breath - Toiki wa Akaneiro (Japan),茜色气息（日版）,NDS#755,37.72MB
nds,Brick 'em All DS (Europe),破坏砖块（欧版）,NDS#756,1.86MB
nds,"Brickdown - Block Kuzushi no France Kakumei Yaa! (Japan) (En,Ja)","SuperLite2500-惊险打砖块（日版） (En,Ja)",NDS#757,4.16MB
nds,Brico Utile (France),有用的工具（法国版）,NDS#758,4.58MB
nds,"Bridge Training (Europe) (En,Fr,De,Es,It)","桥牌训练（欧版） (En,Fr,De,Es,It)",NDS#759,1.16MB
nds,Brigitte - ErnaehrungsCoach (Germany),布里吉特-健身教练（德国版）,NDS#760,7.40MB
nds,"Broken Sword - Shadow of the Templars - The Director's Cut (Europe) (En,Fr,De,Es,It)","断剑-圣堂武士之谜-导演剪辑版（欧版） (En,Fr,De,Es,It)",NDS#761,47.28MB
nds,"Broken Sword - Shadow of the Templars - The Director's Cut (USA) (En,Fr,De,Es,It)","断剑-圣堂武士之谜-导演剪辑版（美版） (En,Fr,De,Es,It)",NDS#762,47.28MB
nds,"Brothers in Arms DS (Europe) (En,Fr,De,Es,It)","战火兄弟连DS（欧版） (En,Fr,De,Es,It)",NDS#763,13.77MB
nds,"Brothers in Arms DS (USA) (En,Fr,Es)","战火兄弟连DS（美版） (En,Fr,Es)",NDS#764,13.77MB
nds,"Bubble Bobble - Double Shot (Europe) (En,Fr,De,Es,It)","泡泡龙-双重射击（欧版） (En,Fr,De,Es,It)",NDS#765,5.56MB
nds,"Bubble Bobble - Double Shot (USA) (En,Fr,Es)","泡泡龙-双重射击（美版） (En,Fr,Es)",NDS#766,5.57MB
nds,Bubble Bobble DS (Japan),泡泡龙DS（日版）,NDS#767,2.56MB
nds,"Bubble Bobble Revolution (Europe) (En,Fr,De,Es,It)","泡泡龙革命（欧版） (En,Fr,De,Es,It)",NDS#768,2.56MB
nds,Bubble Bobble Revolution (USA),泡泡龙革命（美版）,NDS#769,2.57MB
nds,Bubble Bobble Revolution (USA) (Rev 1),泡泡龙革命（美版） （修正版 1）,NDS#770,2.56MB
nds,Bubble Guppies (Europe),,NDS#771,6.12MB
nds,Bubble Guppies (USA),,NDS#772,6.12MB
nds,"Buffy the Vampire Slayer - Sacrifice (Europe) (En,Fr,De,Es,It)","吸血鬼杀手巴菲-祭品（欧版） (En,Fr,De,Es,It)",NDS#773,25.70MB
nds,Build-A-Bear Workshop - Ou Se Font les Meilleurs Amis (France),熊熊工作室（法国版）,NDS#774,5.24MB
nds,"Build-A-Bear Workshop - Welcome to Hugsville (Europe) (En,Fr,Es,Da)","熊熊工作室-欢迎光临拥抱城（欧版） (En,Fr,Es,Da)",NDS#775,3.89MB
nds,"Build-A-Bear Workshop - Welcome to Hugsville (USA) (En,Fr,Es)","熊熊工作室-欢迎光临拥抱城（美版） (En,Fr,Es)",NDS#776,3.89MB
nds,"Build-A-Bear Workshop - Where Best Friends Are Made (Europe) (En,Da)","熊熊作坊（欧版） (En,Da)",NDS#777,5.21MB
nds,"Build-A-Bear Workshop - Where Best Friends Are Made (USA) (En,Fr,Es)","熊熊作坊（美版） (En,Fr,Es)",NDS#778,5.17MB
nds,Build-a-Lot (Europe),地产大亨（欧版）,NDS#779,3.75MB
nds,Build-a-Lot (USA),地产大亨（美版）,NDS#780,3.73MB
nds,"Bunnyz (Europe) (En,Fr,De,Es,It,Nl)","宠物兔（欧版） (En,Fr,De,Es,It,Nl)",NDS#781,5.33MB
nds,Burger Bot (USA),,NDS#782,3.55MB
nds,Burger Island (USA),汉堡岛（美版）,NDS#783,8.36MB
nds,"Burnout Legends (Europe) (En,Fr,De,Es,It,Nl)","火爆狂飚（欧版） (En,Fr,De,Es,It,Nl)",NDS#784,22.38MB
nds,"Burnout Legends (USA) (En,Fr,Es)","火爆狂飚（美版） (En,Fr,Es)",NDS#785,22.38MB
nds,Business Ryoku Kentei DS (Japan),商务能力检定（日版）,NDS#786,4.53MB
nds,Bust-A-Move DS (Europe),泡泡龙DS（欧版）,NDS#787,8.38MB
nds,Bust-A-Move DS (USA),泡泡龙DS（美版）,NDS#788,8.37MB
nds,"Busy Scissors (Europe) (En,Fr,De,Es,It)","忙碌的理发师（欧版） (En,Fr,De,Es,It)",NDS#789,2.69MB
nds,"Busy Scissors (USA) (En,Fr,Es)","忙碌的理发师（美版） (En,Fr,Es)",NDS#790,2.61MB
nds,Byeorui Kirby - Dopang Ildangui Seupgyeok (Korea),星之卡比-参上多罗奇团修正版（韩国版）,NDS#791,7.24MB
nds,"Byoutai Seiri DS - Image Dekiru! Shikkan, Shoujou to Care (Japan)",,NDS#792,10.23MB
nds,C'Est Pas Sorcier - Les Fabuleux Defis de Fred & Jamy (France),原来如此（法国版）,NDS#793,16.46MB
nds,"C.O.P. - The Recruit (Europe) (En,Fr,De,Es,It)","刑警新兵-罪恶覆灭计划（欧版） (En,Fr,De,Es,It)",NDS#794,19.38MB
nds,"C.O.P. - The Recruit (USA) (En,Fr,De,Es,It)","刑警新兵-罪恶覆灭计划（美版） (En,Fr,De,Es,It)",NDS#795,19.38MB
nds,"C.O.R.E. (USA) (En,Fr,De,Es,It)","核心（美版） (En,Fr,De,Es,It)",NDS#796,38.41MB
nds,Cabela's Dangerous Hunts 2011 (USA),坎贝拉危险狩猎2011（美版）,NDS#797,28.62MB
nds,Cahier de Vacances pour Adultes (France),大人的假日书本（法国版）,NDS#798,2.77MB
nds,Cahier de Vacances pour Adultes 2 (France),大人的假日书本 2（法国版）,NDS#799,4.15MB
nds,"Cake Mania (Europe) (En,Fr,De,Es,It)","蛋糕工坊（欧版） (En,Fr,De,Es,It)",NDS#800,6.35MB
nds,Cake Mania (USA),蛋糕工坊（美版）,NDS#801,5.88MB
nds,Cake Mania - Main Street (USA),蛋糕工房（美版）,NDS#802,10.10MB
nds,"Cake Mania 2 - Jill's Next Adventure! (Europe) (En,Fr,De,Es,It,Nl)","蛋糕工坊2（欧版） (En,Fr,De,Es,It,Nl)",NDS#803,8.36MB
nds,Cake Mania 2 - Jill's Next Adventure! (USA),蛋糕工坊2（美版）,NDS#804,6.74MB
nds,Cake Mania 3 (USA),蛋糕工房3（美版）,NDS#805,25.91MB
nds,"Call of Atlantis (Europe) (En,Fr,De,Es,It,Nl)","亚特兰蒂斯的呼唤（欧版） (En,Fr,De,Es,It,Nl)",NDS#806,12.93MB
nds,"Call of Atlantis (Europe) (En,Fr,De,Es,It,Nl) (Rev 1)","亚特兰蒂斯的呼唤（欧版） (En,Fr,De,Es,It,Nl) （修正版 1）",NDS#807,12.95MB
nds,Call of Duty - Black Ops (Canada),使命召唤7-黑色行动（加拿大版）,NDS#808,33.88MB
nds,"Call of Duty - Black Ops (Europe) (Es,It)","使命召唤7-黑色行动（欧版） (Es,It)",NDS#809,39.28MB
nds,Call of Duty - Black Ops (France),使命召唤7-黑色行动（法国版）,NDS#810,33.89MB
nds,Call of Duty - Black Ops (Germany),使命召唤7-黑色行动（德国版）,NDS#811,34.08MB
nds,Call of Duty - Black Ops (United Kingdom),使命召唤7-黑色行动(United Kingdom),NDS#812,33.90MB
nds,Call of Duty - Black Ops (USA),使命召唤7-黑色行动（美版）,NDS#813,33.90MB
nds,Call of Duty - Modern Warfare - Mobilized (Canada),使命召唤-现代战争-动员（加拿大版）,NDS#814,36.53MB
nds,Call of Duty - Modern Warfare - Mobilized (France),使命召唤-现代战争-动员（法国版）,NDS#815,36.53MB
nds,Call of Duty - Modern Warfare - Mobilized (Germany),使命召唤-现代战争-动员（德国版）,NDS#816,37.37MB
nds,Call of Duty - Modern Warfare - Mobilized (Italy),使命召唤-现代战争-动员（意大利版）,NDS#817,36.93MB
nds,Call of Duty - Modern Warfare - Mobilized (Spain),使命召唤-现代战争-动员（西班牙版）,NDS#818,36.62MB
nds,Call of Duty - Modern Warfare - Mobilized (United Kingdom),使命召唤-现代战争-动员(United Kingdom),NDS#819,36.99MB
nds,Call of Duty - Modern Warfare - Mobilized (USA),使命召唤-现代战争-动员（美版）,NDS#820,36.99MB
nds,Call of Duty - Modern Warfare 3 - Defiance (Canada),,NDS#821,37.01MB
nds,"Call of Duty - Modern Warfare 3 - Defiance (Europe) (Es,It)",,NDS#822,43.84MB
nds,Call of Duty - Modern Warfare 3 - Defiance (France),,NDS#823,37.02MB
nds,Call of Duty - Modern Warfare 3 - Defiance (Germany),,NDS#824,37.29MB
nds,Call of Duty - Modern Warfare 3 - Defiance (United Kingdom),,NDS#825,37.00MB
nds,Call of Duty - Modern Warfare 3 - Defiance (USA),,NDS#826,37.00MB
nds,Call of Duty - World at War (Europe),使命召唤5-战争世界（欧版）,NDS#827,34.38MB
nds,Call of Duty - World at War (Korea) [b],使命召唤5-战争世界（韩国版） [b],NDS#828,33.90MB
nds,Call of Duty - World at War (USA),使命召唤5-战争世界（美版）,NDS#829,34.38MB
nds,Call of Duty 4 - Modern Warfare (France),使命召唤4-现代战争（法国版）,NDS#830,31.99MB
nds,Call of Duty 4 - Modern Warfare (Germany),使命召唤4-现代战争（德国版）,NDS#831,33.17MB
nds,Call of Duty 4 - Modern Warfare (Italy),使命召唤4-现代战争（意大利版）,NDS#832,32.03MB
nds,Call of Duty 4 - Modern Warfare (Japan),使命召唤4-现代战争（日版）,NDS#833,30.45MB
nds,Call of Duty 4 - Modern Warfare (Korea),使命召唤4-现代战争（韩国版）,NDS#834,31.68MB
nds,Call of Duty 4 - Modern Warfare (Spain),使命召唤4-现代战争（西班牙版）,NDS#835,33.27MB
nds,Call of Duty 4 - Modern Warfare (United Kingdom),使命召唤4-现代战争(United Kingdom),NDS#836,32.14MB
nds,Call of Duty 4 - Modern Warfare (USA),使命召唤4-现代战争（美版）,NDS#837,32.14MB
nds,"Calvin Tucker's Redneck - Farm Animal Racing Tournament (USA) (En,Fr,De,Es,It)","农场动物赛车锦标赛（美版） (En,Fr,De,Es,It)",NDS#838,5.93MB
nds,"Camp Rock - The Final Jam (Europe) (En,Fr,De,Es,It,Nl) (NDSi Enhanced)","摇滚青春（欧版） (En,Fr,De,Es,It,Nl) (NDSi Enhanced)",NDS#839,41.64MB
nds,"Camp Rock - The Final Jam (Europe) (En,Sv,No,Da) (NDSi Enhanced)","摇滚青春（欧版） (En,Sv,No,Da) (NDSi Enhanced)",NDS#840,41.46MB
nds,"Camp Rock - The Final Jam (USA) (En,Fr,Es) (NDSi Enhanced)","摇滚青春（美版） (En,Fr,Es) (NDSi Enhanced)",NDS#841,46.10MB
nds,Camp Rock 2 (Unknown) (Proto),,NDS#842,246.20MB
nds,Camping Mama + Papa (Japan),野营妈妈爸爸（日版）,NDS#843,15.96MB
nds,Camping Mama - Outdoor Adventures (USA),野营妈妈-户外冒险（美版）,NDS#844,8.51MB
nds,Candace Kane's Candy Factory (USA),糖果工厂（美版）,NDS#845,3.81MB
nds,"Captain America - Super Soldier (Europe) (En,Fr,De,Es,It)","上尉密令-超级战士（欧版） (En,Fr,De,Es,It)",NDS#846,28.91MB
nds,"Captain America - Super Soldier (USA) (En,Fr,Es)","上尉密令-超级战士（美版） (En,Fr,Es)",NDS#847,28.78MB
nds,"Captain Morgane and the Golden Turtle (Europe) (En,Fr,De,Es,It)",,NDS#848,43.38MB
nds,Captain Sabertooth and the Trials by Fire (Europe),,NDS#849,37.85MB
nds,Captain Tsubasa - Gekitou no Kiseki (Japan),天使之翼-激斗的轨迹（日版）,NDS#850,47.70MB
nds,"Captain Tsubasa - New Kick Off (Europe) (Fr,De,Es,It)","天使之翼-激斗的轨迹（欧版） (Fr,De,Es,It)",NDS#851,11.81MB
nds,"Carcassonne (Europe) (En,Fr,De,It)","卡卡宋（欧版） (En,Fr,De,It)",NDS#852,7.97MB
nds,Card de Asobu! Hajimete no DS (Japan),,NDS#853,25.81MB
nds,Card Game 9 (Japan),纸牌游戏9（日版）,NDS#854,4.58MB
nds,"Card Games - The Classics (Europe) (En,Fr,De,Es,It)",,NDS#855,3.67MB
nds,Carl Jiisan no Soratobu Ie (Japan),飞屋环游记（日版）,NDS#856,13.23MB
nds,"Carnival Games (Europe) (En,Fr,De,Es,It,Nl)","嘉年华游戏（欧版） (En,Fr,De,Es,It,Nl)",NDS#857,39.91MB
nds,Carnival Games (USA) (Demo) (Kiosk),嘉年华游戏（美版） （演示版） （商店演示版）,NDS#858,4.94MB
nds,"Carnival Games (USA) (En,Fr)","嘉年华游戏（美版） (En,Fr)",NDS#859,21.78MB
nds,"Carnival Games (USA) (En,Fr,Es) (Rev 1)","嘉年华游戏（美版） (En,Fr,Es) （修正版 1）",NDS#860,22.18MB
nds,Cars (Europe),汽车总动员（欧版）,NDS#861,6.56MB
nds,"Cars (Europe) (Es,Pt)","汽车总动员（欧版） (Es,Pt)",NDS#862,6.59MB
nds,"Cars (Europe) (Fr,Nl)","汽车总动员（欧版） (Fr,Nl)",NDS#863,6.59MB
nds,"Cars (Europe) (Sv,No,Da,Fi)","汽车总动员（欧版） (Sv,No,Da,Fi)",NDS#864,6.59MB
nds,Cars (Germany),汽车总动员（德国版）,NDS#865,6.59MB
nds,Cars (Japan),汽车总动员（日版）,NDS#866,6.60MB
nds,Cars (USA),汽车总动员（美版）,NDS#867,6.56MB
nds,Cars - Hook International (Germany),汽车总动员-全国大赛（德国版）,NDS#868,22.72MB
nds,Cars - La Copa Internacional de Mate (Spain),汽车总动员-全国大赛（西班牙版）,NDS#869,22.70MB
nds,Cars - La Coppa Internazionale di Carl Attrezzi (Italy),汽车总动员-全国大赛（意大利版）,NDS#870,22.50MB
nds,"Cars - Mater-National Championship (Europe) (En,Sv,Da)","汽车总动员-全国大赛（欧版） (En,Sv,Da)",NDS#871,22.61MB
nds,"Cars - Mater-National Championship (Europe) (Fr,Nl)","汽车总动员-全国大赛（欧版） (Fr,Nl)",NDS#872,22.31MB
nds,Cars - Mater-National Championship (USA),汽车总动员-全国大赛（美版）,NDS#873,22.53MB
nds,Cars - Motori Ruggenti (Italy),汽车总动员（意大利版）,NDS#874,6.59MB
nds,"Cars - Race-O-Rama (Europe) (En,Es,It)","汽车总动员-竞速（欧版） (En,Es,It)",NDS#875,21.36MB
nds,"Cars - Race-O-Rama (Europe) (Fr,De) [b]","汽车总动员-竞速（欧版） (Fr,De) [b]",NDS#876,21.56MB
nds,"Cars - Race-O-Rama (USA) (En,Fr)","汽车总动员-竞速（美版） (En,Fr)",NDS#877,21.30MB
nds,"Cars 2 (Europe) (En,Es) (NDSi Enhanced)","汽车总动员2（欧版） (En,Es) (NDSi Enhanced)",NDS#878,43.18MB
nds,"Cars 2 (Europe) (En,Sv,Fi) (NDSi Enhanced)","汽车总动员2（欧版） (En,Sv,Fi) (NDSi Enhanced)",NDS#879,47.24MB
nds,"Cars 2 (Europe) (Fr,De,It) (NDSi Enhanced)","汽车总动员2（欧版） (Fr,De,It) (NDSi Enhanced)",NDS#880,48.25MB
nds,"Cars 2 (Europe) (Fr,Nl) (NDSi Enhanced)","汽车总动员2（欧版） (Fr,Nl) (NDSi Enhanced)",NDS#881,43.38MB
nds,"Cars 2 (Europe) (Sv,No,Da) (NDSi Enhanced)","汽车总动员2（欧版） (Sv,No,Da) (NDSi Enhanced)",NDS#882,47.60MB
nds,Cars 2 (Japan) (NDSi Enhanced),汽车总动员2（日版） (NDSi Enhanced),NDS#883,38.51MB
nds,"Cars 2 (USA) (En,Fr,Es) (NDSi Enhanced)","汽车总动员2（美版） (En,Fr,Es) (NDSi Enhanced)",NDS#884,47.95MB
nds,"Carte au Tresor, La - Le Jeu Video Officiel (France)",宝物地图（法国版）,NDS#885,14.90MB
nds,"Cartoon Network Racing (Europe) (En,Fr,De,Es,It,Sv,No,Da)","卡通明星拉力赛（欧版） (En,Fr,De,Es,It,Sv,No,Da)",NDS#886,47.35MB
nds,"Cartoon Network Racing (USA) (En,Fr,Es)","卡通明星拉力赛（美版） (En,Fr,Es)",NDS#887,47.34MB
nds,Cartridge Construction Kit (World) (v1.22) (Unl),,NDS#888,128.96KB
nds,"Casper's Scare School - Classroom Capers (Europe) (En,Fr,De,Es,It,Nl,Pt,Sv,No,Da,Fi)","鬼马小精灵-大闹学校（欧版） (En,Fr,De,Es,It,Nl,Pt,Sv,No,Da,Fi)",NDS#889,8.00MB
nds,Casper's Scare School - Classroom Capers (USA),鬼马小精灵-大闹学校（美版）,NDS#890,8.15MB
nds,"Casper's Scare School - Spooky Sports Day (Europe) (En,Fr,De,Es,It,Nl,Pt,Sv,No,Da)","鬼马小灵精恐怖学校-鬼怪的运动日（欧版） (En,Fr,De,Es,It,Nl,Pt,Sv,No,Da)",NDS#891,3.35MB
nds,Casper's Scare School - Spooky Sports Day (USA),鬼马小灵精恐怖学校-鬼怪的运动日（美版）,NDS#892,3.33MB
nds,"Castlevania - Dawn of Sorrow (Europe) (En,Fr,De,Es,It)","恶魔城-苍月的十字架（欧版） (En,Fr,De,Es,It)",NDS#893,17.25MB
nds,Castlevania - Dawn of Sorrow (USA),恶魔城-苍月的十字架（美版）,NDS#894,17.06MB
nds,Castlevania - Dawn of Sorrow (USA) (Demo) (Kiosk),恶魔城-苍月的十字架（美版） （演示版） （商店演示版）,NDS#895,16.96MB
nds,"Castlevania - Order of Ecclesia (Europe) (En,Fr,De,Es,It)","恶魔城-被夺走的刻印（欧版） (En,Fr,De,Es,It)",NDS#896,25.15MB
nds,Castlevania - Order of Ecclesia (Korea) [b],恶魔城-被夺走的刻印（韩国版） [b],NDS#897,24.97MB
nds,"Castlevania - Order of Ecclesia (USA) (En,Fr)","恶魔城-被夺走的刻印（美版） (En,Fr)",NDS#898,25.01MB
nds,"Castlevania - Portrait of Ruin (Europe) (En,Fr,De,Es,It)","恶魔城-废墟的肖像（欧版） (En,Fr,De,Es,It)",NDS#899,22.71MB
nds,Castlevania - Portrait of Ruin (USA),恶魔城-废墟的肖像（美版）,NDS#900,22.44MB
nds,"Casual Classics (Europe) (En,Fr,De,Es,It,Nl)","经典休闲游戏合集（欧版） (En,Fr,De,Es,It,Nl)",NDS#901,3.27MB
nds,"Casual Classics (Europe) (En,Fr,De,Es,It,Nl) (Rev 1)","经典休闲游戏合集（欧版） (En,Fr,De,Es,It,Nl) （修正版 1）",NDS#902,3.27MB
nds,"Casual Mania (Europe) (En,Fr,De,Es,It,Nl)","休闲游戏（欧版） (En,Fr,De,Es,It,Nl)",NDS#903,10.81MB
nds,Casual Mania (USA),休闲游戏（美版）,NDS#904,10.82MB
nds,"Catan (Europe) (En,De)","卡坦岛（欧版） (En,De)",NDS#905,8.69MB
nds,Catch! Touch! Yoshi! (Japan),触摸！耀西！（日版）,NDS#906,1.85MB
nds,Catch! Touch! Yoshi! (Japan) (Demo) (Kiosk),触摸！耀西！（日版） （演示版） （商店演示版）,NDS#907,1.84MB
nds,Catch! Touch! Yoshi! (Japan) (Rev 1),触摸！耀西！（日版） （修正版 1）,NDS#908,3.72MB
nds,"Cate West - The Vanishing Files (Europe) (En,Fr,De,Es,It)","消失的档案（欧版） (En,Fr,De,Es,It)",NDS#909,21.15MB
nds,Cate West - The Vanishing Files (USA),消失的档案（美版）,NDS#910,20.02MB
nds,"Cats & Dogs - The Revenge of Kitty Galore (USA) (En,Fr,Es)","猫狗大战（美版） (En,Fr,Es)",NDS#911,24.67MB
nds,"Cats & Dogs - The Revenge of Kitty Galore - The Videogame (Europe) (En,Fr,De,Es,It,Nl)","猫狗大战（欧版） (En,Fr,De,Es,It,Nl)",NDS#912,24.67MB
nds,"Catz (Europe) (En,Fr,De,Es,It)","宠物猫（欧版） (En,Fr,De,Es,It)",NDS#913,5.11MB
nds,Catz (Japan),宠物猫（日版）,NDS#914,5.11MB
nds,Catz (USA),宠物猫（美版）,NDS#915,5.11MB
nds,"Catz 2 (Europe) (En,Fr,De,Es,It,Nl,Sv,No,Da)","猫猫故事2（欧版） (En,Fr,De,Es,It,Nl,Sv,No,Da)",NDS#916,6.78MB
nds,Catz 2 - Daisuki Nyan Nyan Park (Japan),猫猫故事 2（日版）,NDS#917,6.84MB
nds,"Cavallo & Pony - La Scuola di Equitazione (Europe) (Fr,It) [b]","骑术学校（欧版） (Fr,It) [b]",NDS#918,15.70MB
nds,Cedric - L'Anniversaire de Chen (France),塞德里克-陈的生日（法国版）,NDS#919,10.96MB
nds,"Celebi Distribution 2011 (Europe) (En,Fr,De,Es,It) (Wi-Fi Kiosk) (Save Data)",,NDS#920,215.88KB
nds,Celebi Distribution 2011 (USA) (Wi-Fi Kiosk) (Save Data),,NDS#921,205.04KB
nds,Center Shiken - Eigo Listening - Sokushuu DS (Japan),中心试验-英语听觉速习DS（日版）,NDS#922,146.52MB
nds,"Cesar Millan's Dog Whisperer (USA) (En,Fr,Es)","我的狗教练-和凯撒米兰一起了解你的狗（美版） (En,Fr,Es)",NDS#923,14.37MB
nds,Chainz Galaxy (Europe),,NDS#924,21.87MB
nds,Chajara! Gaeguri Jungsa Keroro - Teullingeurimchatgi Daejakjeon! (Korea),找到了!青蛙军曹-找错大作战!（韩国版）,NDS#925,24.98MB
nds,"Challenge Me - Brain Puzzles (Europe) (En,Fr,De,Es,It)","挑战自我-头脑挑战（欧版） (En,Fr,De,Es,It)",NDS#926,1.83MB
nds,Challenge Me - Brain Puzzles (USA),挑战自我-头脑挑战（美版）,NDS#927,1.83MB
nds,"Challenge Me - Brain Puzzles 2 (Europe) (En,Fr,De,Es,It)","自我挑战-大脑智力题2（欧版） (En,Fr,De,Es,It)",NDS#928,1.84MB
nds,"Challenge Me - Brain Puzzles 2 (USA) (En,Fr,Es)","自我挑战-大脑智力题2（美版） (En,Fr,Es)",NDS#929,1.87MB
nds,Challenge Me - Math Workout (USA),,NDS#930,1.05MB
nds,"Challenge Me - Maths Workout (Europe) (En,Fr,De,Es,It)","挑战自我-数学测验（欧版） (En,Fr,De,Es,It)",NDS#931,1.72MB
nds,"Challenge Me - Word Puzzles (Europe) (En,Fr,De,Es,It)","自我挑战-填字游戏（欧版） (En,Fr,De,Es,It)",NDS#932,1.86MB
nds,"Challenge Me - Word Puzzles (USA) (En,Fr,Es)","自我挑战-填字游戏（美版） (En,Fr,Es)",NDS#933,1.88MB
nds,"Challenge Me Kids - Brain Games (Europe) (En,Fr,De,Es,It)",,NDS#934,1.60MB
nds,Chameleon - To Dye For! (USA),翻转逆转变色龙（美版）,NDS#935,1.95MB
nds,Championship Pony (USA),冠军小马（美版）,NDS#936,2.45MB
nds,"Chaotic - Shadow Warriors (USA) (En,Fr)","混沌-暗影战士（美版） (En,Fr)",NDS#937,36.70MB
nds,Chara-Chenko (Japan) (NDSi Enhanced),,NDS#938,20.82MB
nds,"Charlotte's Web (Europe) (En,Fr,De,Es,It)","夏洛特的网（欧版） (En,Fr,De,Es,It)",NDS#939,38.63MB
nds,Charlotte's Web (USA),夏洛特的网（美版）,NDS#940,38.62MB
nds,"Charm Girls Club - My Fashion Mall (Europe) (En,Fr,Es)","魅力女孩俱乐部-我的时尚购物大厅（欧版） (En,Fr,Es)",NDS#941,28.12MB
nds,"Charm Girls Club - My Fashion Mall (USA) (En,Fr,Es)","魅力女孩俱乐部-我的时尚购物大厅（美版） (En,Fr,Es)",NDS#942,28.12MB
nds,"Charm Girls Club - My Fashion Show (Europe) (En,Fr,Es)","魅力女孩俱乐部-我的时尚秀（欧版） (En,Fr,Es)",NDS#943,24.81MB
nds,"Charm Girls Club - My Fashion Show (USA) (En,Fr,Es)","魅力女孩俱乐部-我的时尚秀（美版） (En,Fr,Es)",NDS#944,24.81MB
nds,"Charm Girls Club - My Perfect Prom (Europe) (En,Fr,Es)","魅力女孩俱乐部-我的完美舞会（欧版） (En,Fr,Es)",NDS#945,26.42MB
nds,"Charm Girls Club - My Perfect Prom (USA) (En,Fr,Es)","魅力女孩俱乐部-我的完美舞会（美版） (En,Fr,Es)",NDS#946,26.42MB
nds,Charm Girls Club - Watashi no Fashion Mall (Japan),迷人女孩俱乐部-我的流行商场（日版）,NDS#947,28.78MB
nds,Charm Girls Club - Watashi no Fashion Show (Japan),迷人女孩俱乐部-我的流行表演（日版）,NDS#948,24.97MB
nds,"Chase, The - Felix Meets Felicity (Europe) (En,Fr,De,Es,It)","追求-当幸福遇上福（欧版） (En,Fr,De,Es,It)",NDS#949,20.10MB
nds,"Chase, The - Felix Meets Felicity (USA) (En,Fr,De,Es,It)","追求-当幸福遇上福（美版） (En,Fr,De,Es,It)",NDS#950,19.91MB
nds,Cheer We Go (USA) (NDSi Enhanced),欢呼去我们!（美版） (NDSi Enhanced),NDS#951,13.53MB
nds,"Cheetah Girls, The - Passport to Stardom (USA)",花豹少女队3-演员通行证（美版）,NDS#952,25.82MB
nds,"Cheetah Girls, The - Pop Star Sensations (USA)",花豹美眉-流行明星轰动（美版）,NDS#953,11.88MB
nds,"Chess (Europe) (En,Fr,De,Es,It)","国际象棋（欧版） (En,Fr,De,Es,It)",NDS#954,1.28MB
nds,"Chess for Kids (Europe) (En,Fr,De,Es,It) [b]","孩子们的国际象棋（欧版） (En,Fr,De,Es,It) [b]",NDS#955,2.73MB
nds,"Chessmaster - The Art of Learning (Europe) (En,Fr,De,Es,It,Nl)","国际象棋大师-学习的艺术（欧版） (En,Fr,De,Es,It,Nl)",NDS#956,8.92MB
nds,"Chessmaster - The Art of Learning (USA) (En,Fr,Es)","国际象棋大师-学习的艺术（美版） (En,Fr,Es)",NDS#957,8.95MB
nds,"Chevrolet Camaro - Wild Ride (USA) (En,Fr,Es)",,NDS#958,7.16MB
nds,Chi's Sweet Home - Chi ga Ouchi ni Yatte Kita (Japan),起司猫小叽的幸福生活-到这里来吧（日版）,NDS#959,5.55MB
nds,Chibi Maruko-chan DS - Maru-chan no Machi (Japan),樱桃小丸子 DS 小丸子的市镇（日版）,NDS#960,39.31MB
nds,Chibi-Robo! - Park Patrol (USA),开花吧!小机器人（美版）,NDS#961,19.36MB
nds,"Chicken Attack DS (Europe) (En,Fr,De)","怪鸡弹球DS（欧版） (En,Fr,De)",NDS#962,2.05MB
nds,"Chicken Blaster (Europe) (En,Fr,De,Es,It)","爆裂小鸡猎杀者（欧版） (En,Fr,De,Es,It)",NDS#963,3.68MB
nds,"Chicken Blaster (USA) (En,Fr,Es)","爆裂小鸡猎杀者（美版） (En,Fr,Es)",NDS#964,3.68MB
nds,"Chicken Hunter (USA) (En,Fr,De,Es,It,Nl)","射鸡英雄传（美版） (En,Fr,De,Es,It,Nl)",NDS#965,3.75MB
nds,"Chicken Little - Ace in Action (Europe) (En,Fr,De,Es,It)","四眼天鸡2之战斗王牌（欧版） (En,Fr,De,Es,It)",NDS#966,16.67MB
nds,Chicken Little - Ace in Action (USA),四眼天鸡2之战斗王牌（美版）,NDS#967,16.67MB
nds,Chicken Little - Uchuu Saikyou no Team (Japan),四眼天鸡（日版）,NDS#968,16.73MB
nds,"Chicken Shoot (Europe) (En,Fr,De,Es,It)","射鸡英雄传（欧版） (En,Fr,De,Es,It)",NDS#969,4.49MB
nds,"Chicken Shoot (USA) (En,Fr,De,Es,It)","射鸡英雄传（美版） (En,Fr,De,Es,It)",NDS#970,4.49MB
nds,"Chiffres et des Lettres, Des - L'Entrainement Cerebral Maximum! (France)",数字与字母（法国版）,NDS#971,3.02MB
nds,Chikyuu no Arukikata DS - France '07-'08 (Japan),DS系列-走遍地球（日版）,NDS#972,35.23MB
nds,Chikyuu no Arukikata DS - Hawaii '07-'08 - Oahu-tou (Japan),走遍全球DS-夏威夷（日版）,NDS#973,22.70MB
nds,Chikyuu no Arukikata DS - Hong Kong '07-'08 (Japan),走遍全球DS-香港（日版）,NDS#974,38.58MB
nds,Chikyuu no Arukikata DS - Igirisu '07-'08 (Japan),走遍全球 DS英国（日版）,NDS#975,44.52MB
nds,"Chikyuu no Arukikata DS - Italia '07-'08 - Roma, Milano, Firenze, Venezia (Japan)",DS系列-走遍地球意大利篇（日版）,NDS#976,36.51MB
nds,Chikyuu no Arukikata DS - New York '07-'08 (Japan),走遍全球DS-纽约（日版）,NDS#977,29.57MB
nds,"Chikyuu no Arukikata DS - Seoul, Busan '07-'08 (Japan)","走遍全球DS-首尔,釜山（日版）",NDS#978,36.48MB
nds,"Chikyuu no Arukikata DS - Shanghai, Hangzhou, Suzhou '07-'08 (Japan)",走遍全球DS-上海.杭州.苏州（日版）,NDS#979,27.48MB
nds,Chikyuu no Arukikata DS - Taiwan '07-'08 (Japan),走遍全球DS-台湾（日版）,NDS#980,31.18MB
nds,Chikyuu no Arukikata DS - Thai '07-'08 (Japan),DS系列-走遍地球泰国篇（日版）,NDS#981,38.20MB
nds,"Children of Mana (Europe) (En,Fr,De,Es,It)","玛娜之子（欧版） (En,Fr,De,Es,It)",NDS#982,40.89MB
nds,"Children of Mana (USA, Australia)",玛娜之子（美版 澳洲版）,NDS#983,38.57MB
nds,Chishiki-ou Series - Train Master (Japan),知识王系列-火车达人（日版）,NDS#984,14.09MB
nds,Cho Geukjangpan Gaeguri Jungsa Keroro the Movie - Cheongongdaemoheom (Korea) [b],超剧场版 KERORO 军曹 3-行动-天空大冒险是也（韩国版） [b],NDS#985,19.23MB
nds,Cho Geukjangpan Gaeguri Jungsa Keroro the Movie - Dragon Warriors (Korea) [b],超剧场版-青蛙军曹-击侵龙斗士军团是也（韩国版） [b],NDS#986,26.20MB
nds,Chocobo to Mahou no Ehon (Japan),陆行鸟-魔法绘本（日版）,NDS#987,26.99MB
nds,Chocobo to Mahou no Ehon - Majo to Shoujo to 5-nin no Yuusha (Japan),陆行鸟与魔法绘本-魔女与少女与5名勇者（日版）,NDS#988,79.34MB
nds,Chocoken no Dekitate Sweets Wagon (Japan),巧克力犬的现作甜点餐车（日版）,NDS#989,2.81MB
nds,Chocoken no Omise - Patissier & Sweets Shop Game (Japan),巧克力犬的店-糕点专卖店游戏（日版）,NDS#990,2.71MB
nds,Chocoken no Sweets Department - Patissier Ikusei Simulation Game (Japan),巧克力犬的点心店（日版）,NDS#991,4.28MB
nds,"Chocolatier (USA) (En,Fr)","巧克力大亨（美版） (En,Fr)",NDS#992,4.02MB
nds,Chokkan Hitofude (Japan),直感一笔（日版）,NDS#993,2.93MB
nds,Chokkan! Asonde Rilakkuma (Japan),直感!游玩吧松弛熊（日版）,NDS#994,5.91MB
nds,Chokkan! Asonde Rilakkuma (Japan) (Rev 1),直感!游玩吧松弛熊（日版） （修正版 1）,NDS#995,4.64MB
nds,Chotto Aima no Colpile DS (Japan),SuperLite2500-闲暇时的方砖解谜DS（日版）,NDS#996,4.27MB
nds,Chou Gekijouban Keroro Gunsou - Enshuu Da yo! - Zenin Shuugou (Japan),超剧场版!库洛洛军曹大演戏（日版）,NDS#997,26.42MB
nds,Chou Gekijouban Keroro Gunsou - Gekishin Dragon Warriors de Arimasu! (Japan),超剧场版 KERORO 军曹-击侵龙斗士军团是也!（日版）,NDS#998,26.53MB
nds,Chou Gekijouban Keroro Gunsou 3 - Tenkuu Daibouken de Arimasu! (Japan),超剧场版-青蛙军曹3-行动!天空大冒险是也!（日版）,NDS#999,20.55MB
nds,Chou Kantan - Boki Nyuumon DS (Japan),超级简单笔记入门 DS（日版）,NDS#1000,3.17MB
nds,Chou Kaseki Monster Battle - Gekitotsu Galaxy (Japan),超化石怪兽对决-激斗银河系（日版）,NDS#1001,50.52MB
nds,Chou Meisaku Suiri Adventure DS - Raymond Chandler Gensaku - Saraba Itoshiki Hito yo (Japan),超名作推理冒险DS-雷蒙.钱德勒原着-再见-吾爱（日版）,NDS#1002,22.32MB
nds,Chou Nekketsu Koukou Kunio-kun - Dodgeball-bu (Japan),超热血高校国夫君-躲避球部（日版）,NDS#1003,3.13MB
nds,Chou Shittou Caduceus (Japan),超执刀（日版）,NDS#1004,5.71MB
nds,Chou Shittou Caduceus (Japan) (Rev 1),超执刀（日版） （修正版 1）,NDS#1005,5.72MB
nds,Chou Soujuu Mecha MG (Japan),超操纵机器MG（日版）,NDS#1006,20.95MB
nds,Chou!! Nep League DS (Japan),超日本联盟DS（日版）,NDS#1007,26.89MB
nds,Choyeolhyeolgogyo Kunio-gun Pigubu (Korea),超热血高校国夫君躲避球部（韩国版）,NDS#1008,3.11MB
nds,"Christiane Stengers Gedaechtnis-Coach (Europe) (En,Fr,De,Es,It)",,NDS#1009,5.10MB
nds,"Christmas Carol, A (Europe) (En,Fr,Es,Nl)","迪斯尼圣诞颂歌（欧版） (En,Fr,Es,Nl)",NDS#1010,48.39MB
nds,"Christmas Carol, A (Europe) (Fr,De,It)","迪斯尼圣诞颂歌（欧版） (Fr,De,It)",NDS#1011,48.66MB
nds,"Christmas Carol, A (USA) (En,Fr,Es)","迪斯尼圣诞颂歌（美版） (En,Fr,Es)",NDS#1012,48.13MB
nds,"Chronicles of Mystery - Curse of the Ancient Temple (Europe) (En,Fr,De,Es,It)","奥秘编年史-古老寺庙的诅咒（欧版） (En,Fr,De,Es,It)",NDS#1013,28.67MB
nds,"Chronicles of Mystery - Curse of the Ancient Temple (Europe) (En,Fr,De,It,Nl) (Rev 1)","奥秘编年史-古老寺庙的诅咒（欧版） (En,Fr,De,It,Nl) （修正版 1）",NDS#1014,28.37MB
nds,"Chronicles of Mystery - Curse of the Ancient Temple (USA) (En,Fr,Es)","奥秘编年史-古老寺庙的诅咒（美版） (En,Fr,Es)",NDS#1015,28.67MB
nds,"Chronicles of Mystery - The Secret Tree of Life (Europe) (En,Fr,De,Es,It,Nl) (NDSi Enhanced)","神秘传奇-生命之树的秘密（欧版） (En,Fr,De,Es,It,Nl) (NDSi Enhanced)",NDS#1016,29.50MB
nds,"Chronicles of Mystery - The Secret Tree of Life (USA) (En,Fr,Es) (NDSi Enhanced)","神秘传奇-生命之树的秘密（美版） (En,Fr,Es) (NDSi Enhanced)",NDS#1017,29.50MB
nds,"Chronicles of Narnia, The - Prince Caspian (Europe) (En,De,It,Sv,No,Da)","纳尼亚传奇2-凯斯宾王子（欧版） (En,De,It,Sv,No,Da)",NDS#1018,21.20MB
nds,"Chronicles of Narnia, The - Prince Caspian (Europe) (En,Fr,Es,Nl)","纳尼亚传奇2-凯斯宾王子（欧版） (En,Fr,Es,Nl)",NDS#1019,21.13MB
nds,"Chronicles of Narnia, The - Prince Caspian (United Kingdom)",纳尼亚传奇2-凯斯宾王子(United Kingdom),NDS#1020,21.01MB
nds,"Chronicles of Narnia, The - Prince Caspian (USA) (En,Fr,Es)","纳尼亚传奇2-凯斯宾王子（美版） (En,Fr,Es)",NDS#1021,25.14MB
nds,"Chronicles of Narnia, The - The Lion, the Witch and the Wardrobe (Europe) (En,De,Sv,Da)","纳尼亚魔法王国（欧版） (En,De,Sv,Da)",NDS#1022,52.40MB
nds,"Chronicles of Narnia, The - The Lion, the Witch and the Wardrobe (Europe) (En,Fr,Es,It,Nl)","纳尼亚魔法王国（欧版） (En,Fr,Es,It,Nl)",NDS#1023,52.48MB
nds,"Chronicles of Narnia, The - The Lion, the Witch and the Wardrobe (USA) (En,Fr,Es,It,Nl)","纳尼亚魔法王国（美版） (En,Fr,Es,It,Nl)",NDS#1024,52.49MB
nds,"Chrono Trigger (Europe) (En,Fr)","超时空之轮（欧版） (En,Fr)",NDS#1025,50.07MB
nds,"Chrono Trigger (Japan) (En,Ja)","超时空之轮（日版） (En,Ja)",NDS#1026,50.74MB
nds,"Chrono Trigger (USA) (En,Fr)","超时空之轮（美版） (En,Fr)",NDS#1027,50.07MB
nds,"Chronos Twin (Europe) (En,Fr,De,Es,It)","时空双子-两个时空的同一英雄（欧版） (En,Fr,De,Es,It)",NDS#1028,2.11MB
nds,"Chrysler Classic Racing (Europe) (En,Fr,De,Es,It)","克莱斯勒经典赛车（欧版） (En,Fr,De,Es,It)",NDS#1029,7.25MB
nds,"Chrysler Classic Racing (USA) (En,Fr,De,Es,It)","克莱斯勒经典赛车（美版） (En,Fr,De,Es,It)",NDS#1030,7.25MB
nds,Chubaw Desu yo! - Kyoshou Recipe Shuu (Japan),明星厨房-大师食谱集（日版）,NDS#1031,22.37MB
nds,Chuck E. Cheese's Gameroom (USA),查克奶酪游戏屋（美版）,NDS#1032,6.48MB
nds,Chuck E. Cheese's Party Games (USA),查克奶酪聚会（美版）,NDS#1033,4.58MB
nds,Chuck E. Cheese's Playhouse (USA),查克奶酪玩乐屋（美版）,NDS#1034,6.01MB
nds,Chuldong! Rescue Force DS (Korea),多米英雄-救援部队DS（韩国版）,NDS#1035,8.42MB
nds,Chungjeon! Hanguginui Sangsingnyeok DS (Korea),韩国常识DS（韩国版）,NDS#1036,12.34MB
nds,Chuugaku Eitango Target 1800 DS (Japan),中学英语单词目标 1800 DS（日版）,NDS#1037,18.98MB
nds,Chuugaku Eitango Target 1800 DS (Japan) (Rev 1),中学英语单词目标 1800 DS（日版） （修正版 1）,NDS#1038,18.98MB
nds,"Chuugaku Junbi - 5 Kyouka Kanpeki DS (Japan) (TACJ, Not for Resale)",,NDS#1039,9.00MB
nds,"Chuugaku Junbi - 5 Kyouka Kanpeki DS (Japan) (TCJJ, Not for Resale)",,NDS#1040,9.08MB
nds,Chuukana Janshi Tenho Painyan Remix (Japan),中华雀士-天奉牌娘（日版）,NDS#1041,18.03MB
nds,Ciao Dream Touch! - Happy Anniversary (Japan),触摸梦想!快乐周年庆（日版）,NDS#1042,2.28MB
nds,Cid to Chocobo no Fushigi na Dungeon - Toki Wasure no Meikyuu DS+ (Japan),西德和陆行鸟不可思议迷宫-忘却时间的迷宫+（日版）,NDS#1043,86.29MB
nds,Cinnamoroll - Cinnamon Ball - Kurukuru Sweets Paradise (Japan),长耳狗弹珠台-旋转甜点天堂（日版）,NDS#1044,2.62MB
nds,Cinnamoroll - Ohanashi Shiyo! - Kira Kira de Kore Cafe (Japan),长耳狗-闪亮咖啡（日版）,NDS#1045,6.83MB
nds,"City Life DS (Europe) (En,Fr,De,Es,It)","城市生活DS（欧版） (En,Fr,De,Es,It)",NDS#1046,10.31MB
nds,Clash King V201 (Japan),冲撞之王V201（日版）,NDS#1047,9.12MB
nds,Classic Action - Devilish (USA),恶魔弹珠台（美版）,NDS#1048,2.94MB
nds,"Classic Games - The Premium Selection (Europe) (En,Fr,De,Es,It,Nl)","经典游戏（欧版） (En,Fr,De,Es,It,Nl)",NDS#1049,3.54MB
nds,"Classic Games - The Premium Selection (Europe) (En,Fr,De,Es,It,Nl) (Rev 1)","经典游戏（欧版） (En,Fr,De,Es,It,Nl) （修正版 1）",NDS#1050,3.56MB
nds,Classic Word Games (Europe) (NDSi Enhanced),经典词语游戏（欧版） (NDSi Enhanced),NDS#1051,5.68MB
nds,Classic Word Games (USA) (NDSi Enhanced),经典词语游戏（美版） (NDSi Enhanced),NDS#1052,5.68MB
nds,Claymore - Gingan no Majo (Japan),猎魔战记-银眼的魔女（日版）,NDS#1053,37.64MB
nds,"Clever Kids - Creepy Crawlies (Europe) (En,Fr,De,Es,It)","聪明的孩子-爬虫（欧版） (En,Fr,De,Es,It)",NDS#1054,49.38MB
nds,"Clever Kids - Dino Land (Europe) (En,Fr,De,Es,It,Pt)","聪明的孩子-恐龙大地（欧版） (En,Fr,De,Es,It,Pt)",NDS#1055,16.82MB
nds,Clever Kids - Farmyard Fun (Europe),聪明孩子-欢乐农场（欧版）,NDS#1056,37.45MB
nds,Clever Kids - Pirates (Europe),聪明孩子-海盗（欧版）,NDS#1057,42.71MB
nds,"Clever Kids - Pony World (Europe) (En,Fr,De,Es,It,Pt)","聪明的孩子-小马世界（欧版） (En,Fr,De,Es,It,Pt)",NDS#1058,17.45MB
nds,"Clever! - Das Spiel, das Wissen Schafft (Germany)","聪明!戏剧,创造知识（德国版）",NDS#1059,4.62MB
nds,"Clique, The - Diss and Make Up (USA) (En,Fr,Es)","女校风波（美版） (En,Fr,Es)",NDS#1060,21.54MB
nds,"Clique, The - Queen Teen (Europe) (En,Fr,De,Es,It)","女校风波（欧版） (En,Fr,De,Es,It)",NDS#1061,21.54MB
nds,"Cloudy with a Chance of Meatballs (Europe) (En,Fr,De,Es,It)","美食从天而降（欧版） (En,Fr,De,Es,It)",NDS#1062,13.56MB
nds,Cloudy with a Chance of Meatballs (United Kingdom),美食从天而降(United Kingdom),NDS#1063,13.56MB
nds,"Cloudy with a Chance of Meatballs (USA) (En,Fr,De,Es,It)","美食从天而降（美版） (En,Fr,De,Es,It)",NDS#1064,13.56MB
nds,"Cloudy with a Chance of Meatballs 2 (Europe) (En,Fr,De,It,Nl)",,NDS#1065,6.69MB
nds,Cloudy with a Chance of Meatballs 2 (USA),,NDS#1066,6.64MB
nds,Club Penguin - Cuerpo de Pinguinos de Elite (Spain),,NDS#1067,26.26MB
nds,Club Penguin - Elite Penguin Force (Europe),企鹅俱乐部-精英企鹅部队（欧版）,NDS#1068,26.78MB
nds,Club Penguin - Elite Penguin Force (Germany),企鹅俱乐部-精英企鹅部队（德国版）,NDS#1069,25.97MB
nds,Club Penguin - Elite Penguin Force (USA),企鹅俱乐部-精英企鹅部队（美版）,NDS#1070,26.48MB
nds,"Club Penguin - Elite Penguin Force (USA) (En,Fr,Es) (Rev 2)","企鹅俱乐部-精英企鹅部队（美版） (En,Fr,Es) （修正版 2）",NDS#1071,26.26MB
nds,Club Penguin - Elite Penguin Force (USA) (Rev 1),企鹅俱乐部-精英企鹅部队（美版） （修正版 1）,NDS#1072,25.69MB
nds,"Club Penguin - EPF - Herbert's Revenge (Europe) (En,Fr)","企鹅俱乐部-精英企鹅部队-赫伯特的复仇（欧版） (En,Fr)",NDS#1073,30.16MB
nds,"Club Penguin - EPF - Herbert's Revenge (USA) (En,Fr,Es)","企鹅俱乐部-精英企鹅部队-赫伯特的复仇（美版） (En,Fr,Es)",NDS#1074,30.14MB
nds,Club Penguin - Force d'Elite (France),企鹅俱乐部-精英企鹅部队（法国版）,NDS#1075,25.64MB
nds,"Clubhouse Games (USA) (En,Fr,De,Es,It)","俱乐部家庭游戏（美版） (En,Fr,De,Es,It)",NDS#1076,6.89MB
nds,"Clubhouse Games (USA) (En,Fr,De,Es,It) (Rev 1)","俱乐部家庭游戏（美版） (En,Fr,De,Es,It) （修正版 1）",NDS#1077,6.97MB
nds,CNAE Aprende con Nosotros - Driver's Ed (Spain),CNAE 我们一起学驾驶（西班牙版）,NDS#1078,1.25MB
nds,Cocina Conmigo! - Que Preparamos Hoy (Spain),厨房指南（西班牙版）,NDS#1079,179.26MB
nds,Cocina Conmigo! - Que Preparamos Hoy (Spain) (Rev 1),厨房指南（西班牙版） （修正版 1）,NDS#1080,179.26MB
nds,Cocoro no Cocoron (Japan),心球奇遇记（日版）,NDS#1081,9.73MB
nds,"Cocoto - Kart Racer (Europe) (En,Fr,De,Es,It)","小魔怪卡丁车（欧版） (En,Fr,De,Es,It)",NDS#1082,21.68MB
nds,"Cocoto - Kart Racer (Europe) (En,Fr,De,Es,It) (Beta)","小魔怪卡丁车（欧版） (En,Fr,De,Es,It) （测试版）",NDS#1083,21.68MB
nds,"Cocoto - Kart Racer (USA) (En,Fr,Es)","小魔怪卡丁车（美版） (En,Fr,Es)",NDS#1084,21.81MB
nds,"Cocoto Racers (Europe) (En,Fr,De,Es,It)","小魔怪卡丁车（欧版） (En,Fr,De,Es,It)",NDS#1085,21.81MB
nds,Code de la Route (France) [b],公路规则（法国版） [b],NDS#1086,28.34MB
nds,Code de la Route - Edition 2008 (France),公路规则DS-2008年版（法国版）,NDS#1087,28.76MB
nds,Code de la Route - Edition Deluxe (France),交通法规-精装版（法国版）,NDS#1088,28.84MB
nds,Code de la Route DS (France),公路规则DS（法国版）,NDS#1089,10.64MB
nds,"Code de la Route, Le (France)",公路规则（法国版）,NDS#1090,29.09MB
nds,"Code de la Route, Le - Moto et BSR (France)",交通法规-摩托车与BSR（法国版）,NDS#1091,29.32MB
nds,Code Geass - Hangyaku no Lelouch (Japan),代号基亚斯-反叛的鲁鲁修（日版）,NDS#1092,42.02MB
nds,Code Geass - Hangyaku no Lelouch R2 - Banjou no Geass Gekijou (Japan),代号基亚斯-反叛的鲁鲁修R（日版）,NDS#1093,31.37MB
nds,"Code Lyoko (Europe) (En,Fr,Es,It)","虚幻勇士（欧版） (En,Fr,Es,It)",NDS#1094,47.86MB
nds,"Code Lyoko (USA) (En,Fr,Es)","虚幻勇士（美版） (En,Fr,Es)",NDS#1095,47.86MB
nds,"Code Lyoko - Fall of X.A.N.A. (Europe) (En,Fr)","虚幻勇士-毁灭夏之纳（欧版） (En,Fr)",NDS#1096,25.52MB
nds,"Code Lyoko - Fall of X.A.N.A. (USA) (En,Fr)","虚幻勇士-毁灭夏之纳（美版） (En,Fr)",NDS#1097,25.77MB
nds,"Code Lyoko - Fall of X.A.N.A. (USA) (En,Fr) (Beta)","虚幻勇士-毁灭夏之纳（美版） (En,Fr) （测试版）",NDS#1098,26.81MB
nds,CodeBreaker DS (World) (v1.0.0) (Unl) [b],,NDS#1099,279.81KB
nds,CodeBreaker DS (World) (v1.0.1) (Unl) [b],,NDS#1100,289.53KB
nds,CodeBreaker DS Lite (World) (Unl),,NDS#1101,207.41KB
nds,CodeBreaker DS v2 (World) (v2.0.0) (Unl) [b],,NDS#1102,397.68KB
nds,CodeFreak DS (Japan) (Unl),,NDS#1103,227.63KB
nds,CodeFreak DS Type II (Japan) (Unl),,NDS#1104,532.94KB
nds,"Colin McRae - DiRT 2 (Europe) (En,Fr,De,Es,It)","科林麦克雷-尘土飞扬2（欧版） (En,Fr,De,Es,It)",NDS#1105,33.46MB
nds,"Color Cross (USA) (En,Fr,Es)","绚彩十字绣（美版） (En,Fr,Es)",NDS#1106,2.83MB
nds,"Colour Cross (Europe) (En,Fr,De,Es,It)","颜色十字填字（欧版） (En,Fr,De,Es,It)",NDS#1107,2.94MB
nds,"Combat of Giants - Dinosaurs (Europe) (En,Fr,De,Es,It,Nl,Sv,No,Da)","恐龙大作战（欧版） (En,Fr,De,Es,It,Nl,Sv,No,Da)",NDS#1108,12.64MB
nds,"Combat of Giants - Dragons (Europe) (En,Fr,De,Es,It,Nl,Sv,No,Da)","巨兽大战-龙（欧版） (En,Fr,De,Es,It,Nl,Sv,No,Da)",NDS#1109,14.67MB
nds,"Combat of Giants - Mutant Insects (Europe) (En,Fr,De,Es,It,Nl,Sv,No,Da)","变异巨虫大战（欧版） (En,Fr,De,Es,It,Nl,Sv,No,Da)",NDS#1110,15.09MB
nds,"Combo Pack - Madagascar 3 - Europe's Most Wanted + Croods, The - Prehistoric Party! (Europe) (En,Fr,De,Es,It)",,NDS#1111,43.74MB
nds,"Command and Destroy (Europe) (En,Fr,De,Es,It)","命令与毁灭（欧版） (En,Fr,De,Es,It)",NDS#1112,3.40MB
nds,Command and Destroy (USA),命令与毁灭（美版）,NDS#1113,3.40MB
nds,"Commando - Steel Disaster (USA) (En,Fr,Es)","突击队-钢铁灾难（美版） (En,Fr,Es)",NDS#1114,10.74MB
nds,"Contact (Europe) (En,Fr,De,Es,It)","Contact（欧版） (En,Fr,De,Es,It)",NDS#1115,28.45MB
nds,"Contact (Europe) (En,Fr,De,Es,It) (Beta)","Contact（欧版） (En,Fr,De,Es,It) （测试版）",NDS#1116,28.49MB
nds,Contact (Japan),Contact（日版）,NDS#1117,28.24MB
nds,Contact (USA),Contact（美版）,NDS#1118,28.44MB
nds,Contra - Dual Spirits (Japan),魂斗罗-双重魂灵（日版）,NDS#1119,13.16MB
nds,Contra 4 (Europe) (Proto),魂斗罗4（欧版） （工程版）,NDS#1120,16.18MB
nds,Contra 4 (USA),魂斗罗4（美版）,NDS#1121,12.80MB
nds,"Conveni DS, The - Otona no Keieiryoku Training (Japan)",便利店-大人的经营能力锻炼（日版）,NDS#1122,9.46MB
nds,"Cookie & Cream (Europe) (En,Fr,De,Es,It)","曲奇和奶油（欧版） (En,Fr,De,Es,It)",NDS#1123,6.70MB
nds,Cookie & Cream (USA),曲奇和奶油（美版）,NDS#1124,6.71MB
nds,Cookie Shop - Crea la Tienda de tus Suenos (Spain),,NDS#1125,5.02MB
nds,"Cookie Shop - Create Your Dream Shop (Europe) (En,Fr)","甜点商店（欧版） (En,Fr)",NDS#1126,5.36MB
nds,"Cookie Shop - Create Your Dream Shop (USA) (En,Fr,Es)","甜点商店（美版） (En,Fr,Es)",NDS#1127,5.41MB
nds,Cookin' Idol I! My! Mine! - Game de Hirameki! Kirameki! Cooking (Japan),偶像来下厨-用游戏巧手烹饪（日版）,NDS#1128,45.15MB
nds,Cooking Guide - Can't Decide What to Eat (Europe),厨房指南（欧版）,NDS#1129,198.65MB
nds,Cooking Guide - Can't Decide What to Eat (Europe) (Rev 1),厨房指南（欧版） （修正版 1）,NDS#1130,198.65MB
nds,"Cooking Mama (Europe) (De,Es,It)","厨房老妈（欧版） (De,Es,It)",NDS#1131,4.77MB
nds,"Cooking Mama (Europe) (En,Fr,It)","厨房老妈（欧版） (En,Fr,It)",NDS#1132,4.77MB
nds,Cooking Mama (Japan),厨房老妈（日版）,NDS#1133,4.71MB
nds,Cooking Mama (Korea),厨房老妈（韩国版）,NDS#1134,4.73MB
nds,Cooking Mama (USA),厨房老妈（美版）,NDS#1135,4.74MB
nds,Cooking Mama 2 (Japan),厨房妈妈2（日版）,NDS#1136,10.85MB
nds,"Cooking Mama 2 - Dinner with Friends (Europe) (En,Fr,De,Es,It)","厨房妈妈2-友情晚宴（欧版） (En,Fr,De,Es,It)",NDS#1137,11.26MB
nds,Cooking Mama 2 - Dinner with Friends (USA),厨房妈妈2-友情晚宴（美版）,NDS#1138,10.96MB
nds,"Cooking Mama 3 (Europe) (En,Fr,De,Es,It)","厨房妈妈3（欧版） (En,Fr,De,Es,It)",NDS#1139,17.85MB
nds,"Cooking Mama 3 (Europe) (En,Sv,No,Da,Fi)","厨房妈妈3（欧版） (En,Sv,No,Da,Fi)",NDS#1140,17.26MB
nds,Cooking Mama 3 (Japan),厨房妈妈3（日版）,NDS#1141,17.78MB
nds,Cooking Mama 3 - Shop & Chop (USA),厨房妈妈3（美版）,NDS#1142,17.77MB
nds,"Cooking Mama World - Combo Pack - Volume 1 (Europe) (En,Fr,De,Es,It)",,NDS#1143,27.85MB
nds,"Cooking Mama World - Combo Pack - Volume 2 (Europe) (En,Fr,De,Es,It)",,NDS#1144,30.07MB
nds,"Cooking Mama World - Hobbies & Fun (Europe) (En,Fr,De,Es,It)","厨房妈妈-爱好和乐趣（欧版） (En,Fr,De,Es,It)",NDS#1145,12.51MB
nds,"Cooking Mama World - Outdoor Adventures (Europe) (En,Fr,De,Es,It)",,NDS#1146,9.96MB
nds,"Coraline (Europe) (En,Fr,De,Es,It)","鬼妈妈（欧版） (En,Fr,De,Es,It)",NDS#1147,10.09MB
nds,"Coraline (USA) (En,Fr,Es)","鬼妈妈（美版） (En,Fr,Es)",NDS#1148,10.11MB
nds,Cornelsen Trainer - Englisch - Klasse 5 + 6 (Germany),,NDS#1149,18.23MB
nds,Cornelsen Trainer - Englisch - Klasse 7 + 8 (Germany),,NDS#1150,30.48MB
nds,"Cornelsen Trainer - Mathe - Klasse 5 (Europe) (En,De)","科内森教练-数学5年级（欧版） (En,De)",NDS#1151,3.03MB
nds,"Cornelsen Trainer - Mathe - Klasse 5 + 6 (Europe) (En,De)",,NDS#1152,5.04MB
nds,"Cornelsen Trainer - Mathe - Klasse 6 (Europe) (En,De)","科内森教练-数学6年级（欧版） (En,De)",NDS#1153,3.09MB
nds,Coropata (Japan),巧智向导（日版）,NDS#1154,2.29MB
nds,Corvette Evolution GT (USA),赛车进化GT（美版）,NDS#1155,11.96MB
nds,Cory in the House (Europe),柯瑞当家（欧版）,NDS#1156,6.96MB
nds,Cory in the House (USA),柯瑞当家（美版）,NDS#1157,6.96MB
nds,"Cosmetic Paradise (Europe) (En,Fr,It)","化妆品天堂（欧版） (En,Fr,It)",NDS#1158,5.45MB
nds,Cosmetick Paradise (Japan),化妆品天堂（日版）,NDS#1159,3.82MB
nds,Cosmetick Paradise - Kirei no Mahou (Japan) (NDSi Enhanced),化妆品乐园-美丽的魔法（日版） (NDSi Enhanced),NDS#1160,11.74MB
nds,Cosmetick Paradise - Make no Kiseki (Japan),化妆天国（日版）,NDS#1161,8.18MB
nds,Cosmetick Paradise - Make no Kiseki (Japan) (Rev 1),化妆天国（日版） （修正版 1）,NDS#1162,14.17MB
nds,Cosmetick Paradise - Princess Life (Japan) (NDSi Enhanced),化妆天国-公主生活（日版） (NDSi Enhanced),NDS#1163,14.74MB
nds,Cosmopolitan - Total Relooking (France),全球大都会（法国版）,NDS#1164,12.34MB
nds,Cosmos Chaos (USA),,NDS#1165,46.82MB
nds,Cosmos Chaos (USA) (Beta),,NDS#1166,46.82MB
nds,Countdown - The Game (Europe) [b],倒数计时（欧版） [b],NDS#1167,2.96MB
nds,"Cradle of Rome (USA) (En,Fr,De,Es,It,Nl)","罗马起源（美版） (En,Fr,De,Es,It,Nl)",NDS#1168,5.54MB
nds,"Cradle of Rome 2 (Europe) (En,Fr,Es,It)",,NDS#1169,6.98MB
nds,Craft Mama (Japan),,NDS#1170,12.53MB
nds,Crafting Mama (USA),手工妈妈（美版）,NDS#1171,12.46MB
nds,"Crash - Mind over Mutant (Europe) (En,Fr,De,Es,It,Nl)","古惑狼-变异心灵（欧版） (En,Fr,De,Es,It,Nl)",NDS#1172,16.08MB
nds,"Crash - Mind over Mutant (USA) (En,Fr,De,Es,It,Nl)","古惑狼-变异心灵（美版） (En,Fr,De,Es,It,Nl)",NDS#1173,16.07MB
nds,Crash Bandicoot Festival (Japan),古惑狼嘉年华（日版）,NDS#1174,17.67MB
nds,"Crash Boom Bang! (Europe) (En,Fr,De,Es,It)","碰撞重击（欧版） (En,Fr,De,Es,It)",NDS#1175,20.78MB
nds,Crash Boom Bang! (USA),碰撞重击（美版）,NDS#1176,20.76MB
nds,"Crash of the Titans (Europe) (En,Fr,De,Es,It,Nl)","古惑狼泰坦（欧版） (En,Fr,De,Es,It,Nl)",NDS#1177,61.70MB
nds,Crash of the Titans (USA),古惑狼泰坦（美版）,NDS#1178,61.69MB
nds,"Crayola Treasure Adventures (Europe) (En,Fr,De,Es,It)","千色乐珠宝冒险（欧版） (En,Fr,De,Es,It)",NDS#1179,4.79MB
nds,Crayola Treasure Adventures (USA),千色乐珠宝冒险（美版）,NDS#1180,4.34MB
nds,Crayon Shin-chan - Arashi o Yobu Cinemaland Kachinko Gachinko Daikatsugeki! (Japan),蜡笔小新-呼风唤雨电影乐园大活剧（日版）,NDS#1181,78.38MB
nds,Crayon Shin-chan - Arashi o Yobu Nendororoon Daihenshin! (Japan),蜡笔小新-黏土造型大变身!（日版）,NDS#1182,52.16MB
nds,Crayon Shin-chan - Obaka Dainin Den - Susume! Kasukabe Ninja Tai! (Japan),蜡笔小新-呆呆忍者传-前进吧!春日部忍者队!（日版）,NDS#1183,39.01MB
nds,Crayon Shin-chan - Shock Gahn! - Densetsu o Yobu Omake Daiketsusen!! (Japan),蜡笔小新!惊奇园地的传说大绝战!!（日版）,NDS#1184,35.89MB
nds,Crayon Shin-chan DS - Arashi o Yobu Nutte Crayoon Daisakusen! (Japan),蜡笔小新DS-暴风呼唤的蜡笔涂鸦大作战（日版）,NDS#1185,42.35MB
nds,"Crazy Chicken - Star Karts (USA) (En,Fr,De,Es,It)","疯狂小鸡星际卡丁车（美版） (En,Fr,De,Es,It)",NDS#1186,5.24MB
nds,"Crazy Chicken Adventure - The Pharaoh's Treasure (USA) (En,Fr,De,Es,It)","疯狂小鸡-法老王的宝藏（美版） (En,Fr,De,Es,It)",NDS#1187,5.63MB
nds,"Crazy Chicken Carnival (Europe) (En,Fr,De,Es,It)","疯狂小鸡-狂欢节（欧版） (En,Fr,De,Es,It)",NDS#1188,25.31MB
nds,"Crazy Chicken Jump'n Run - Atlantis Quest (USA) (En,Fr,De,Es,It)","疯狂小鸡-亚特兰蒂斯（美版） (En,Fr,De,Es,It)",NDS#1189,7.10MB
nds,"Crazy Circus (Europe) (En,Fr,De,Es,It)","疯狂马戏团（欧版） (En,Fr,De,Es,It)",NDS#1190,12.63MB
nds,"Crazy Circus (Europe) (En,Fr,De,Es,It) (Rev 1)","疯狂马戏团（欧版） (En,Fr,De,Es,It) （修正版 1）",NDS#1191,12.63MB
nds,"Crazy Frog Collectables - Art School (Europe) (En,Fr,De,Es,It)","疯狂青蛙-收藏艺术学校（欧版） (En,Fr,De,Es,It)",NDS#1192,8.04MB
nds,"Crazy Frog Racer (Europe) (En,Fr,De,Es,It)","疯狂青蛙赛车（欧版） (En,Fr,De,Es,It)",NDS#1193,4.41MB
nds,"Crazy Machines (Europe) (En,Fr,De,Es,It)","疯狂机器（欧版） (En,Fr,De,Es,It)",NDS#1194,1.52MB
nds,"Crazy Machines (Germany) (En,De)","疯狂机器（德国版） (En,De)",NDS#1195,1.52MB
nds,Crazy Machines (USA),疯狂机器（美版）,NDS#1196,1.50MB
nds,"Crazy Machines 2 (Europe) (En,Fr,De,Es,It)","疯狂机器2（欧版） (En,Fr,De,Es,It)",NDS#1197,3.04MB
nds,"Crazy Pig (Europe) (En,Fr,De,Es,It,Nl)","疯狂猪崽（欧版） (En,Fr,De,Es,It,Nl)",NDS#1198,2.13MB
nds,"Crazy School Games (Europe) (En,Fr,De,Es,It)","疯狂学校游戏（欧版） (En,Fr,De,Es,It)",NDS#1199,4.30MB
nds,"Crime Lab - Body of Evidence (Europe) (En,Es,It,Nl) (NDSi Enhanced)","犯罪实验室-身体的证据（欧版） (En,Es,It,Nl) (NDSi Enhanced)",NDS#1200,35.05MB
nds,Crime Lab - Body of Evidence (United Kingdom) (NDSi Enhanced),犯罪实验室-身体的证据(United Kingdom) (NDSi Enhanced),NDS#1201,35.05MB
nds,"Crime Lab - Body of Evidence (USA) (En,Fr,Es) (NDSi Enhanced)","犯罪实验室-身体的证据（美版） (En,Fr,Es) (NDSi Enhanced)",NDS#1202,35.04MB
nds,"Crime Scene (Europe) (En,Fr,De,Es,It)","犯罪现场（欧版） (En,Fr,De,Es,It)",NDS#1203,15.29MB
nds,"Crime Scene (USA) (En,Fr,Es)","犯罪现场（美版） (En,Fr,Es)",NDS#1204,15.51MB
nds,Crimson Room (Japan),SuperLite2500-绯红房间（日版）,NDS#1205,2.43MB
nds,Croket! DS - Tenkuu no Yuusha-tachi (Japan),可乐小子DS 天空的勇者们（日版）,NDS#1206,12.69MB
nds,"Croods, The - Prehistoric Party! (Europe) (En,Fr,De,Es,It)",,NDS#1207,15.59MB
nds,"Croods, The - Prehistoric Party! (USA) (En,Fr,Es)",,NDS#1208,15.54MB
nds,Cross Treasures (Japan),夺宝猎人（日版）,NDS#1209,10.92MB
nds,Crossword de Manabou! Chiri - Rekishi (Japan),纵横填字字谜学习!地理·历史（日版）,NDS#1210,2.83MB
nds,Crossword DS + Sekai 1-shuu Cross (Japan),填字游戏DS+世界一周填字（日版）,NDS#1211,3.07MB
nds,"CrossworDS (Europe) (En,Fr,De,Es,It)","填字游戏（欧版） (En,Fr,De,Es,It)",NDS#1212,2.11MB
nds,CrossworDS (USA),填字游戏（美版）,NDS#1213,10.06MB
nds,Crosswords - Cruciverba Italiani (Italy),意大利字谜游戏（意大利版）,NDS#1214,2.10MB
nds,Cruciverba per DS (Italy),填字游戏 DS（意大利版）,NDS#1215,2.49MB
nds,"Cruise Line Tycoon (Europe) (En,Fr,De,Es,It,Nl)","游艇大亨（欧版） (En,Fr,De,Es,It,Nl)",NDS#1216,6.62MB
nds,"Crystal Mines (Europe) (En,Fr,De,Es,It)","水晶地雷（欧版） (En,Fr,De,Es,It)",NDS#1217,2.49MB
nds,"CSI - Crime Scene Investigation - Dark Motives (Europe) (En,Fr,De,Es,It)","犯罪现场-黑暗动机（欧版） (En,Fr,De,Es,It)",NDS#1218,20.99MB
nds,"CSI - Crime Scene Investigation - Dark Motives (USA) (En,Fr,De,Es,It)","犯罪现场-黑暗动机（美版） (En,Fr,De,Es,It)",NDS#1219,20.99MB
nds,"CSI - Crime Scene Investigation - Deadly Intent - The Hidden Cases (Europe) (En,Fr,De,Es,It)","CSI犯罪现场-致命意图（欧版） (En,Fr,De,Es,It)",NDS#1220,24.14MB
nds,"CSI - Crime Scene Investigation - Deadly Intent - The Hidden Cases (USA) (En,Fr,Es)","CSI犯罪现场-致命意图（美版） (En,Fr,Es)",NDS#1221,24.14MB
nds,"CSI - Crime Scene Investigation - Unsolved! (Europe) (En,Fr,De,Es,It) (NDSi Enhanced)","CSI犯罪现场调查-未解决案件（欧版） (En,Fr,De,Es,It) (NDSi Enhanced)",NDS#1222,23.49MB
nds,"CSI - Crime Scene Investigation - Unsolved! (USA) (En,Fr,Es) (NDSi Enhanced)","CSI犯罪现场调查-未解决案件（美版） (En,Fr,Es) (NDSi Enhanced)",NDS#1223,23.49MB
nds,Cuisine Party (France) [b],美食聚会（法国版） [b],NDS#1224,4.00MB
nds,Culdcept DS (Japan),卡片召唤师DS（日版）,NDS#1225,39.92MB
nds,"Culture Generale pour les Nuls, La (France)",缺乏的普通栽培（法国版）,NDS#1226,1.01MB
nds,"Culture Generale pour les Nuls, La - 2e Edition (Europe) (En,Fr,De)","缺乏的普通栽培-第二版（欧版） (En,Fr,De)",NDS#1227,7.12MB
nds,"Curling DS (USA) (En,Fr)","冰壶 DS（美版） (En,Fr)",NDS#1228,5.78MB
nds,Custom Battler Bomberman (Japan),,NDS#1229,12.50MB
nds,Custom Beat Battle - Draglade (Japan),音乐格斗-屠龙战记（日版）,NDS#1230,9.11MB
nds,Custom Beat Battle - Draglade 2 (Japan),音乐格斗-屠龙战记2（日版）,NDS#1231,11.83MB
nds,Custom Mahjong (Japan),SuperLite2500-特制麻将（日版）,NDS#1232,867.18KB
nds,"Custom Robo Arena (Europe) (En,Fr,De,Es,It)","激斗!自制机器人（欧版） (En,Fr,De,Es,It)",NDS#1233,39.99MB
nds,Custom Robo Arena (USA),激斗!自制机器人（美版）,NDS#1234,36.30MB
nds,CycloDS Evolution (World) (Unl) [b],,NDS#1235,67.21KB
nds,CycloDS Evolution (World) (v1.1) (Unl),,NDS#1236,73.12KB
nds,"D&CO - Ta Maison de Reve en 7 Jours (Europe) (Fr,It) [b]",,NDS#1237,8.06MB
nds,D.Gray-Man - Innocence no Shito-tachi (Japan),驱魔少年-神的使徒们（日版）,NDS#1238,26.48MB
nds,DaGeDar (USA),,NDS#1239,4.60MB
nds,Daigassou! Band-Brothers (Japan),大合奏乐队兄弟（日版）,NDS#1240,4.05MB
nds,Daigassou! Band-Brothers - Request Selection (Japan) (Expansion Cartridge),,NDS#1241,42.04KB
nds,Daigassou! Band-Brothers DX (Japan),明星乐团大合奏 DX（日版）,NDS#1242,29.87MB
nds,Daigassou! Band-Brothers DX (Japan) (Rev 1),明星乐团大合奏 DX（日版） （修正版 1）,NDS#1243,29.87MB
nds,Daikoukai Jidai IV - Rota Nova (Japan),大航海时代DS（日版）,NDS#1244,22.96MB
nds,Daisenryaku DS - Great Strategy (Japan),大战略（日版）,NDS#1245,10.77MB
nds,Daito Giken Koushiki Pachi-Slot Simulator Hihouden - Ossu! Banchou - Yoshimune DS (Japan),大都技研官方柏青嫂模拟机-来吧!吉宗老大DS（日版）,NDS#1246,26.58MB
nds,"Dance Floor (Europe) (En,Fr,De,Es,It,Nl,Pt) [b]","舞池（欧版） (En,Fr,De,Es,It,Nl,Pt) [b]",NDS#1247,24.12MB
nds,"Dance! - It's Your Stage (Europe) (En,De) (NDSi Enhanced)","跳舞!这是你的舞台（欧版） (En,De) (NDSi Enhanced)",NDS#1248,53.79MB
nds,Dancing on Ice (Europe),花样滑冰（欧版）,NDS#1249,34.79MB
nds,Dancing with the Stars - We Dance! (USA),与明星共舞-让我们翩翩起舞（美版）,NDS#1250,48.31MB
nds,"Daniel X - The Ultimate Power (USA) (En,Fr,De,Es,It) (NDSi Enhanced)","丹尼尔X-终极力量（美版） (En,Fr,De,Es,It) (NDSi Enhanced)",NDS#1251,22.34MB
nds,"Danny Phantom - Urban Jungle (Europe) (En,Fr,De,Es)","丹尼幻影（欧版） (En,Fr,De,Es)",NDS#1252,5.21MB
nds,Danny Phantom - Urban Jungle (USA),丹尼幻影（美版）,NDS#1253,4.07MB
nds,Danshaku (Japan),弹爵（日版）,NDS#1254,10.78MB
nds,Daredemo Asobi Taizen (Japan),益智游戏大全（日版）,NDS#1255,4.30MB
nds,Daredemo Kantan! - Jo Chihun no Tsumego (Japan),赵治勋围棋（日版）,NDS#1256,960.33KB
nds,Daredemo Kantan! - Watanabe Akira no Tsumeshougi (Japan),老少皆宜!渡边明的将棋解残局（日版）,NDS#1257,1.21MB
nds,"Daring Game for Girls, The (USA)",女孩们的勇敢游戏（美版）,NDS#1258,19.24MB
nds,"Dark Spire, The (USA)",幻雾之塔与剑之铁规（美版）,NDS#1259,6.12MB
nds,Darkrai Distribution 2008 (USA) (Wi-Fi Kiosk) (Save Data),,NDS#1260,199.57KB
nds,"Darkrai Distribution 2011 (Europe) (En,Fr,De,Es,It) (Wi-Fi Kiosk) (Save Data)",,NDS#1261,95.52KB
nds,Das weiss doch jedes Kind! (Germany),每个孩子都知道了!（德国版）,NDS#1262,24.52MB
nds,Data Max (World) (Unl),,NDS#1263,97.81KB
nds,Date ni Gametsui Wake ja Nee! - Dungeon Maker Girls Type (Japan),一切为爱-迷宫创造史少女版（日版）,NDS#1264,48.15MB
nds,Datenshi no Amai Yuuwaku x Kaikan Phrase (Japan),快感指令-堕天使之甜蜜诱惑（日版）,NDS#1265,154.27MB
nds,"Dawn of Discovery (USA) (En,Fr,De,Es,It)","探索的开端（美版） (En,Fr,De,Es,It)",NDS#1266,17.63MB
nds,Dawn of Heroes (USA),英雄的黎明（美版）,NDS#1267,24.69MB
nds,Days of Memories (Japan),记忆之日（日版）,NDS#1268,10.53MB
nds,Days of Memories 2 (Japan),回忆之日2（日版）,NDS#1269,9.95MB
nds,Days of Memories 3 (Japan),回忆的日子 3（日版）,NDS#1270,8.94MB
nds,"de Blob 2 (Europe) (En,Fr,De,Es,It,Nl) (NDSi Enhanced)","颜料宝贝2（欧版） (En,Fr,De,Es,It,Nl) (NDSi Enhanced)",NDS#1271,38.05MB
nds,"de Blob 2 (USA) (En,Fr) (NDSi Enhanced)","颜料宝贝2（美版） (En,Fr) (NDSi Enhanced)",NDS#1272,38.06MB
nds,"Dead'n'Furious (Europe) (En,Fr,De,Es,It)","死亡与愤怒（欧版） (En,Fr,De,Es,It)",NDS#1273,8.67MB
nds,Deal or No Deal (Australia),一掷千金（澳洲版）,NDS#1274,2.38MB
nds,Deal or No Deal (Germany),一掷千金（德国版）,NDS#1275,1.71MB
nds,Deal or No Deal (Netherlands),一掷千金（荷兰版）,NDS#1276,2.39MB
nds,Deal or No Deal (USA),一掷千金（美版）,NDS#1277,10.46MB
nds,Deal or No Deal - Der Banker Schlaegt Zurueck (Germany),一掷千金-巴克尔归来（德国版）,NDS#1278,2.65MB
nds,"Deal or No Deal - Special Edition (USA) (En,Fr,Es)","一掷千金-特别版（美版） (En,Fr,Es)",NDS#1279,3.37MB
nds,Deal or No Deal - The Banker Is Back! (Europe),一掷千金（欧版）,NDS#1280,2.76MB
nds,Deal or No Deal - The Official Nintendo DS Game (Europe),一掷千金（欧版）,NDS#1281,2.11MB
nds,Dear Girl - Stories - Hibiki - Hibiki Tokkun Daisakusen! (Japan),亲爱女孩故事-响响特训大作战（日版）,NDS#1282,187.34MB
nds,"Death Jr. and the Science Fair of Doom (Europe) (En,Fr,De,Es,It)","小死神-末日科学展（欧版） (En,Fr,De,Es,It)",NDS#1283,43.62MB
nds,Death Jr. and the Science Fair of Doom (USA),小死神-末日科学展（美版）,NDS#1284,43.50MB
nds,Death Note - Kira Game (Japan),死亡笔记-奇拿游戏（日版）,NDS#1285,9.87MB
nds,Death Note - L o Tsugu Mono (Japan),DEATH NOTE-L的继承者（日版）,NDS#1286,26.31MB
nds,Deca Sporta - DS de Sports '10' Shumoku! (Japan),十项全能DS（日版）,NDS#1287,6.29MB
nds,"Deca Sports DS (USA) (En,Fr,Es)","运动大集锦DS-10项运动（美版） (En,Fr,Es)",NDS#1288,5.52MB
nds,Deco Tendances (France),室内设计师（法国版）,NDS#1289,23.29MB
nds,Deep Aquarium - Kiseki no Shinkai (Japan),深遂水族馆-奇迹的深海（日版）,NDS#1290,2.37MB
nds,Deep Labyrinth (Europe),深暗迷宫（欧版）,NDS#1291,39.05MB
nds,Deep Labyrinth (Japan),深暗迷宫（日版）,NDS#1292,38.88MB
nds,Deep Labyrinth (USA),深暗迷宫（美版）,NDS#1293,39.05MB
nds,"Deep Sea Aquarium by DS (Europe) (En,Fr,It) [b]","深海水族馆 DS（欧版） (En,Fr,It) [b]",NDS#1294,2.38MB
nds,"Deer Drive (USA) (En,Fr,Es)","麋鹿猎人（美版） (En,Fr,Es)",NDS#1295,5.75MB
nds,Defendin' DePenguin (Europe) (Rev 1),企鹅守卫（欧版） （修正版 1）,NDS#1296,24.45MB
nds,"Defendin' DePenguin (USA) (En,Es)","企鹅守卫（美版） (En,Es)",NDS#1297,24.39MB
nds,Deine Eigene Modenschau (Germany),你自己的时装秀（德国版）,NDS#1298,10.32MB
nds,Deine Eigene Modenschau (Germany) (Beta),你自己的时装秀（德国版） （测试版）,NDS#1299,11.07MB
nds,"Deine Reitschule (Europe) (Fr,De)","你的骑术学校（欧版） (Fr,De)",NDS#1300,9.52MB
nds,Dekiru Otoko no Mote Life - Hiru no Mote Kouza Hen (Japan),万能先生的泡妞生活-白天把妹讲座篇（日版）,NDS#1301,10.53MB
nds,Dekiru Otoko no Mote Life - Yoru no Mote Jissen Hen (Japan),万能先生的泡妞生活-夜晚把妹实战篇（日版）,NDS#1302,10.43MB
nds,Dekita yo! Mama. - Mitsugo no Kuma-san - Onnanoko (Japan),亲子娱乐幼儿小熊-女孩版（日版）,NDS#1303,4.99MB
nds,Dekita yo! Mama. - Mitsugo no Kuma-san - Otokonoko (Japan),亲子娱乐幼儿小熊-男孩版（日版）,NDS#1304,4.48MB
nds,Dekita yo! Mama. - Wannyan Club - Onnanoko (Japan),是啊!妈妈女孩俱乐部（日版）,NDS#1305,4.36MB
nds,Dekita yo! Mama. - Wannyan Club - Otokonoko (Japan),亲子娱乐幼儿小熊-男孩版（日版）,NDS#1306,3.73MB
nds,Deltora Quest - Nanatsu no Houseki (Japan),拯救德尔托拉-七宝石（日版）,NDS#1307,79.19MB
nds,"Dementium - The Ward (Europe) (En,Fr,De,Es,It)","病院惊魂（欧版） (En,Fr,De,Es,It)",NDS#1308,26.68MB
nds,Dementium - The Ward (USA),病院惊魂（美版）,NDS#1309,18.20MB
nds,"Dementium II (Europe) (En,Fr,De,Es,It)","恐怖病房2（欧版） (En,Fr,De,Es,It)",NDS#1310,34.96MB
nds,"Dementium II (USA) (En,Fr,De,Es,It)","恐怖病房2（美版） (En,Fr,De,Es,It)",NDS#1311,34.96MB
nds,Dengeki Gakuen RPG - Cross of Venus (Japan),电击学园 RPG-十字架上的美少女（日版）,NDS#1312,99.72MB
nds,Dengeki Gakuen RPG - Cross of Venus Special (Japan),电击学园RPG-十字架上的美少女特别版（日版）,NDS#1313,160.62MB
nds,Denjirou Sensei no Fushigi na Jikkenshitsu (Japan),传次郎先生的不可思议实验室（日版）,NDS#1314,13.48MB
nds,Denksport Varia (Netherlands),脑力狂人（荷兰版）,NDS#1315,3.95MB
nds,Densetsu no Stafy - Taiketsu! Dile Kaizoku Dan (Japan),传说的斯塔菲-对决!戴尔海盗团（日版）,NDS#1316,38.12MB
nds,Densetsu no Stafy 4 (Japan),传说的斯塔飞4（日版）,NDS#1317,17.31MB
nds,Deoxys Distribution 2008 (USA) (Wi-Fi Kiosk) (Save Data),,NDS#1318,199.66KB
nds,Derby Stallion DS (Japan),德比赛马（日版）,NDS#1319,13.49MB
nds,Desktop Tower Defense (USA),桌面攻防战（美版）,NDS#1320,4.25MB
nds,"Despicable Me - Minion Mayhem (Europe) (En,Fr,De,Es,It,Sv,No,Da,Fi)","卑鄙的我（欧版） (En,Fr,De,Es,It,Sv,No,Da,Fi)",NDS#1321,6.93MB
nds,"Despicable Me - Minion Mayhem (Europe) (En,Fr,De,Es,It,Sv,No,Da,Fi) (Beta)","卑鄙的我（欧版） (En,Fr,De,Es,It,Sv,No,Da,Fi) （测试版）",NDS#1322,9.65MB
nds,"Despicable Me - The Game - Minion Mayhem (USA) (En,Fr,De,Es,It)","卑鄙的我（美版） (En,Fr,De,Es,It)",NDS#1323,6.51MB
nds,"Despicable Me - The Game - Minion Mayhem (USA) (En,Fr,De,Es,It) (Beta)","卑鄙的我（美版） (En,Fr,De,Es,It) （测试版）",NDS#1324,8.48MB
nds,Destiny Links (Japan),命运连结（日版）,NDS#1325,24.35MB
nds,Deutgo Sseugo Chinhaejineun - DS Yeongeo Sammaegyeong (Korea),每日DS-英语训练（韩国版）,NDS#1326,87.91MB
nds,Deutsch 1.-4. Klasse - Fit fuers Gymnasium (Germany),德语 1.-4. 类（德国版）,NDS#1327,3.92MB
nds,Deutsch 1.-4. Klasse 2012 (Germany),,NDS#1328,2.08MB
nds,Deviens Miss France (France),法国小姐（法国版）,NDS#1329,6.93MB
nds,Devil Survivor 2 (Japan),女神异闻录-恶魔求生者2（日版）,NDS#1330,93.85MB
nds,Devilish (Europe),恶魔弹珠台（欧版）,NDS#1331,2.89MB
nds,Devilish - Ball Bounder (Japan),恶魔来袭（日版）,NDS#1332,2.90MB
nds,"Di-Gata Defenders (Europe) (En,Fr,De,Es,It)","Di-Gata捍卫者（欧版） (En,Fr,De,Es,It)",NDS#1333,11.11MB
nds,"Di-Gata Defenders (USA) (En,Fr,Es)","Di-Gata捍卫者（美版） (En,Fr,Es)",NDS#1334,11.10MB
nds,"Diabolik - The Original Sin (Europe) (En,Fr,De,Es,It,Nl)","德伯力克-原罪（欧版） (En,Fr,De,Es,It,Nl)",NDS#1335,13.65MB
nds,Diary Girl (USA),日记女生（美版）,NDS#1336,3.76MB
nds,"Diddl im Kaesekuchenland (Europe) (En,Fr,De)","德国小白鼠-起司蛋糕乐园（欧版） (En,Fr,De)",NDS#1337,9.61MB
nds,"Diddl Puzzle - Echter Puzzlespass fuer Unterwegs (Europe) (En,Fr,De,Es,It)","拼图（欧版） (En,Fr,De,Es,It)",NDS#1338,2.87MB
nds,"Diddy Kong Racing DS (Europe) (En,Fr,De,Es,It)","迪迪大金刚赛车 DS（欧版） (En,Fr,De,Es,It)",NDS#1339,18.89MB
nds,Diddy Kong Racing DS (USA),迪迪大金刚赛车 DS（美版）,NDS#1340,18.69MB
nds,"Diego's Build and Rescue (Europe) (En,Fr,Nl)","徒步旅行救援队（欧版） (En,Fr,Nl)",NDS#1341,11.38MB
nds,Diego's Build and Rescue (USA),徒步旅行救援队（美版）,NDS#1342,5.70MB
nds,Diercke - Das Geographie-Quiz (Germany),地理测验（德国版）,NDS#1343,9.78MB
nds,Diercke - Junior-Quiz Geographie (Germany),初中地理问答（德国版）,NDS#1344,18.60MB
nds,Dig Dug - Digging Strike (Europe),钻地小子 - 打气大作战（欧版）,NDS#1345,5.95MB
nds,Dig Dug - Digging Strike (Japan),钻地小子 - 打气大作战（日版）,NDS#1346,5.95MB
nds,Dig Dug - Digging Strike (USA),钻地小子 - 打气大作战（美版）,NDS#1347,5.94MB
nds,Digging For Dinosaurs (USA),,NDS#1348,6.87MB
nds,Digimon Championship (Japan),数码暴龙冠军赛（日版）,NDS#1349,12.27MB
nds,Digimon Championship (Korea) [b],数码暴龙冠军赛（韩国版） [b],NDS#1350,12.53MB
nds,Digimon Story (Japan),数码宝贝传说（日版）,NDS#1351,15.33MB
nds,Digimon Story (Japan) (Rev 1),数码宝贝传说（日版） （修正版 1）,NDS#1352,15.33MB
nds,Digimon Story - Lost Evolution (Japan),数码宝贝物语-失落的进化（日版）,NDS#1353,27.74MB
nds,Digimon Story - Moonlight (Japan),数码暴龙-月光（日版）,NDS#1354,18.41MB
nds,Digimon Story - Moonlight (Japan) (Beta),数码暴龙-月光（日版） （测试版）,NDS#1355,28.16MB
nds,Digimon Story - Sunburst (Japan),数码暴龙-阳光（日版）,NDS#1356,18.41MB
nds,Digimon Story - Sunburst (Japan) (Beta),数码暴龙-阳光（日版） （测试版）,NDS#1357,28.16MB
nds,Digimon Story - Super Xros Wars - Blue (Japan),数码宝贝物语-超合体大战-蓝版（日版）,NDS#1358,28.89MB
nds,Digimon Story - Super Xros Wars - Red (Japan),数码宝贝物语-超合体大战-红版（日版）,NDS#1359,28.89MB
nds,Digimon World - Dawn (USA),数码宝贝-日照（美版）,NDS#1360,18.41MB
nds,Digimon World - Dusk (USA),数码宝贝-月光（美版）,NDS#1361,18.41MB
nds,Digimon World Championship (USA),数码暴龙-世界竞标赛（美版）,NDS#1362,12.51MB
nds,Digimon World Championship (USA) (Beta),数码暴龙-世界竞标赛（美版） （测试版）,NDS#1363,17.31MB
nds,Digimon World DS (USA),数码怪兽世界DS（美版）,NDS#1364,15.37MB
nds,"Diner Dash (Europe) (En,Fr,De,Es,It)","美女餐厅（欧版） (En,Fr,De,Es,It)",NDS#1365,3.23MB
nds,"Diner Dash - Flo on the Go (USA) (En,Fr)","美女餐厅-随身弗洛（美版） (En,Fr)",NDS#1366,5.81MB
nds,"Diner Dash - Sizzle & Serve (USA) (En,Fr,De,Es,It)","美女餐厅（美版） (En,Fr,De,Es,It)",NDS#1367,3.25MB
nds,"Diner Dash - Sizzle & Serve (USA) (En,Fr,De,Es,It) (Rev 1)","美女餐厅（美版） (En,Fr,De,Es,It) （修正版 1）",NDS#1368,3.25MB
nds,Dino King Battle - Taiko kara no Hyouryuusha (Japan),恐龙王之战-来自太古的漂流者（日版）,NDS#1369,58.95MB
nds,"Dino Master - Dig, Discover, Duel (Europe) (En,Fr,De,Es,It)","恐龙大师（欧版） (En,Fr,De,Es,It)",NDS#1370,3.06MB
nds,"Dino Master - Dig, Discover, Duel (USA)",恐龙大师（美版）,NDS#1371,3.01MB
nds,Dino Pets - The Virtual Pet Game (USA),宠物小恐龙（美版）,NDS#1372,3.60MB
nds,"Dinosaur King (Europe) (En,Fr,De,Es,It)","恐龙王者（欧版） (En,Fr,De,Es,It)",NDS#1373,35.04MB
nds,Dinosaur King (USA),恐龙王者（美版）,NDS#1374,35.04MB
nds,"DiRT 2 (USA) (En,Fr,Es)","科林麦克雷-尘土飞扬2（美版） (En,Fr,Es)",NDS#1375,33.46MB
nds,Discovery Kids - Dolphin Discovery (USA),少儿探索频道-海豚探索（美版）,NDS#1376,6.03MB
nds,"Discovery Kids - Kitten Corner (USA) (En,Fr,Es)","少儿探索频道-小猫探索（美版） (En,Fr,Es)",NDS#1377,20.06MB
nds,"Discovery Kids - Parrot Pals (USA) (En,Fr,Es)","少儿探索频道-鹦鹉探索（美版） (En,Fr,Es)",NDS#1378,6.41MB
nds,"Discovery Kids - Pony Paradise (USA) (En,Fr,Es)","少儿探索频道-马的天堂（美版） (En,Fr,Es)",NDS#1379,4.79MB
nds,"Discovery Kids - Puppy Playtime (USA) (En,Fr,Es)","探索频道-狗狗游戏（美版） (En,Fr,Es)",NDS#1380,28.85MB
nds,"Discovery Kids - Snake Safari (USA) (En,Fr,Es) (Rev 1)",,NDS#1381,7.79MB
nds,"Discovery Kids - Spider Quest (USA) (En,Fr,Es)",,NDS#1382,15.04MB
nds,"Disgaea DS (Europe) (En,Fr)","魔界战记（欧版） (En,Fr)",NDS#1383,23.04MB
nds,Disgaea DS (USA),魔界战记（美版）,NDS#1384,26.12MB
nds,Disney Big Hero 6 - Battle in the Bay (Europe),,NDS#1385,10.14MB
nds,"Disney Big Hero 6 - Battle in the Bay (Europe) (En,Fr,De,Es,It,Nl)",,NDS#1386,10.14MB
nds,Disney Big Hero 6 - Battle in the Bay (USA),,NDS#1387,10.15MB
nds,Disney Friends (Europe),迪斯尼伙伴（欧版）,NDS#1388,29.21MB
nds,Disney Friends (Germany),迪斯尼伙伴（德国版）,NDS#1389,29.85MB
nds,Disney Friends (Italy),迪斯尼伙伴（意大利版）,NDS#1390,29.57MB
nds,Disney Friends (Japan),迪斯尼伙伴（日版）,NDS#1391,28.75MB
nds,Disney Friends (Netherlands),迪斯尼伙伴（荷兰版）,NDS#1392,29.52MB
nds,Disney Friends (USA),迪斯尼伙伴（美版）,NDS#1393,29.11MB
nds,Disney Frozen - Olaf's Quest (Europe),,NDS#1394,7.84MB
nds,"Disney Frozen - Olaf's Quest (Europe) (En,Fr,De,It,Nl)",,NDS#1395,7.84MB
nds,Disney Frozen - Olaf's Quest (USA),,NDS#1396,7.84MB
nds,"Disney Planes (Europe) (En,Es)",,NDS#1397,25.49MB
nds,"Disney Planes (Europe) (En,Sv,Fi)",,NDS#1398,32.80MB
nds,"Disney Planes (Europe) (Fr,De,It)",,NDS#1399,32.81MB
nds,"Disney Planes (Europe) (Fr,Nl)",,NDS#1400,25.65MB
nds,"Disney Planes (Europe) (Sv,No,Da)",,NDS#1401,32.58MB
nds,"Disney Planes (USA) (En,Fr,Es)",,NDS#1402,32.63MB
nds,"Disney Princess - Enchanting Storybooks (Europe) (De,Es,It)",,NDS#1403,16.58MB
nds,"Disney Princess - Enchanting Storybooks (Europe) (En,Fr,Nl)",,NDS#1404,14.19MB
nds,"Disney Princess - Enchanting Storybooks (USA) (En,Fr)",,NDS#1405,13.70MB
nds,"Disney Princess - Magical Jewels (Europe) (En,Fr,De,Es,It,Nl)","迪斯尼公主-不可思议的宝石（欧版） (En,Fr,De,Es,It,Nl)",NDS#1406,22.53MB
nds,Disney Princess - Magical Jewels (USA),迪斯尼公主-不可思议的宝石（美版）,NDS#1407,17.48MB
nds,Disney Princess - Mahou no Jewel (Japan),迪斯尼公主-魔法宝石（日版）,NDS#1408,16.56MB
nds,Disney Two Pack - Frozen Olaf's Quest + Big Hero 6 - Battle in the Bay (USA),,NDS#1409,17.73MB
nds,"Disney Violetta - Rhythm & Music (Europe) (En,Fr,De,Es,It,Pt)",,NDS#1410,10.13MB
nds,"Diva Girls - Diva Ballerina (Europe) (En,Fr,De,Es,It)","天后女孩-芭蕾天后（欧版） (En,Fr,De,Es,It)",NDS#1411,32.15MB
nds,"Diva Girls - Diva Dancers (Europe) (En,Fr,De,Es,It)","女主角-首席舞者（欧版） (En,Fr,De,Es,It)",NDS#1412,22.86MB
nds,"Diva Girls - Divas on Ice (USA) (En,Fr,Es)","女主角-冰上公主（美版） (En,Fr,Es)",NDS#1413,36.68MB
nds,"Diva Girls - Making the Music (Europe) (En,Fr,De,Es,It) [b]","歌剧女孩-创作音乐（欧版） (En,Fr,De,Es,It) [b]",NDS#1414,7.77MB
nds,"Diva Girls - Princess on Ice 2 (Europe) (En,Fr,De,Es,It) [b]","迪娃女孩-冰上公主2（欧版） (En,Fr,De,Es,It) [b]",NDS#1415,36.73MB
nds,"DJ Star (Europe) (En,Fr,De,Es,It)","DJ之星（欧版） (En,Fr,De,Es,It)",NDS#1416,96.73MB
nds,"DJ Star (USA) (En,Fr,Es)","DJ之星（美版） (En,Fr,Es)",NDS#1417,92.85MB
nds,DK - Jungle Climber (USA),大金刚-丛林攀爬者（美版）,NDS#1418,13.96MB
nds,DK - Jungle Climber (USA) (Demo) (Kiosk),大金刚-丛林攀爬者（美版） （演示版） （商店演示版）,NDS#1419,8.94MB
nds,Doctor Who - Evacuation Earth (Europe),神秘博士-重返地球（欧版）,NDS#1420,13.58MB
nds,"Dodge Racing - Charger vs Challenger (Europe) (En,Fr,De,Es,It)","道奇赛车-战马VS挑战者（欧版） (En,Fr,De,Es,It)",NDS#1421,8.89MB
nds,"Dodge Racing - Charger vs Challenger (USA) (En,Fr,Es)","道奇赛车-战马VS挑战者（美版） (En,Fr,Es)",NDS#1422,8.89MB
nds,Dog Trainer (Europe) (Cheat Cartridge) (Unl),,NDS#1423,31.78KB
nds,Dog Trainer 2 (Europe) (Cheat Cartridge) (Unl),,NDS#1424,31.79KB
nds,"Dogz (Europe) (En,Fr,De,Es,It)","宠物狗（欧版） (En,Fr,De,Es,It)",NDS#1425,5.13MB
nds,Dogz (United Kingdom),宠物狗(United Kingdom),NDS#1426,4.11MB
nds,Dogz (USA),宠物狗（美版）,NDS#1427,4.11MB
nds,"Dogz 2 (Europe) (En,Fr,De,Es,It)","狗狗故事2（欧版） (En,Fr,De,Es,It)",NDS#1428,8.41MB
nds,Dokapon Journey (USA),多卡波之旅-欢乐大混战（美版）,NDS#1429,8.74MB
nds,Dokapon Journey! - Nakayoku Kenka Shite (Japan) [b],多卡波之旅-热闹的旅行（日版） [b],NDS#1430,8.80MB
nds,Doki Doki Majo Shinpan Duo (Japan),心跳魔女神判2（日版）,NDS#1431,109.24MB
nds,Doki Doki Majo Shinpan! (Japan),心跳魔女神判（日版）,NDS#1432,71.68MB
nds,Doki Majo Plus (Japan),心跳魔女强化版（日版）,NDS#1433,150.08MB
nds,Dokodemo Pilates (Japan),在哪都能进行的瑜伽（日版）,NDS#1434,65.10MB
nds,Dokodemo Raku Raku! - DS Kakeibo (Japan),无论何地都能用的DS计事本（日版）,NDS#1435,2.79MB
nds,Dokodemo Raku Raku! - DS Kakeibo (Japan) (Rev 1),无论何地都能用的DS计事本（日版） （修正版 1）,NDS#1436,2.78MB
nds,Dokodemo Yoga (Japan),随身练瑜伽（日版）,NDS#1437,71.46MB
nds,Dokonjou Shougakusei Bon Biita - Hadaka no Choujou Ketsusen!! - Biita vs Dokuro Dei! (Japan),超能小学生-邦.比太（日版）,NDS#1438,27.30MB
nds,"Dolphin Island (Europe) (En,Fr,De,Es,It,Nl)","海豚岛（欧版） (En,Fr,De,Es,It,Nl)",NDS#1439,10.95MB
nds,"Dolphin Island - Underwater Adventures (Europe) (En,Fr,De,Es,It,Nl) (NDSi Enhanced)","海豚岛（欧版） (En,Fr,De,Es,It,Nl) (NDSi Enhanced)",NDS#1440,23.32MB
nds,"Dolphin Trainer (Europe) (En,Fr,De,Es,It,Nl,Pt)","海豚训练员（欧版） (En,Fr,De,Es,It,Nl,Pt)",NDS#1441,5.10MB
nds,Don Bluth Presents - Dragon's Lair (USA),龙的巢穴（美版）,NDS#1442,15.14MB
nds,"Don King Boxing (Europe) (En,Fr,De,Es,It)","唐金拳击（欧版） (En,Fr,De,Es,It)",NDS#1443,27.29MB
nds,"Don King Boxing (USA) (En,Fr,De,Es,It)","唐金拳击（美版） (En,Fr,De,Es,It)",NDS#1444,27.29MB
nds,Dondake Sports 101 (Japan),非常运动101（日版）,NDS#1445,11.76MB
nds,"Donkey Kong - Jungle Climber (Europe) (En,Fr,De,Es,It)","大金刚-丛林攀跃者（欧版） (En,Fr,De,Es,It)",NDS#1446,14.93MB
nds,Donkey Kong - Jungle Climber (Japan),大金刚-丛林攀跃者（日版）,NDS#1447,13.80MB
nds,"Donkey Xote (Europe) (En,Fr,De,Es,It)","骑士歪传（欧版） (En,Fr,De,Es,It)",NDS#1448,21.77MB
nds,"Doodle Hex (Europe) (En,Fr,De,Es,It)","涂画魔女（欧版） (En,Fr,De,Es,It)",NDS#1449,33.47MB
nds,Doodle Jump Journey (USA),,NDS#1450,758.17KB
nds,Dora & Friends' - Fantastic Flight (Europe),,NDS#1451,5.63MB
nds,"Dora & Friends' - Pet Shelter (Europe) (En,Fr,Es,Nl)",,NDS#1452,12.43MB
nds,"Dora & Kai-Lan's Pet Shelter (Canada) (En,Fr)",,NDS#1453,12.44MB
nds,Dora & Kai-Lan's Pet Shelter (USA),,NDS#1454,5.90MB
nds,"Dora Puppy (Canada) (En,Fr)","多拉小狗（加拿大版） (En,Fr)",NDS#1455,8.52MB
nds,Dora Puppy (USA),多拉小狗（美版）,NDS#1456,5.81MB
nds,"Dora the Explorer - Dora Puppy (Europe) (En,Fr,Es,Nl)","小探险家朵拉-朵拉狗狗（欧版） (En,Fr,Es,Nl)",NDS#1457,15.12MB
nds,"Dora the Explorer - Dora Puppy (Europe) (En,Fr,Nl)","小探险家朵拉-朵拉狗狗（欧版） (En,Fr,Nl)",NDS#1458,11.31MB
nds,Dora the Explorer - Dora Puppy (Europe) [b],小探险家朵拉-朵拉狗狗（欧版） [b],NDS#1459,5.81MB
nds,Dora the Explorer - Dora Saves the Mermaids (Europe),小探险家朵拉-拯救美人鱼（欧版）,NDS#1460,5.62MB
nds,"Dora the Explorer - Dora Saves the Mermaids (Europe) (En,Fr,De,Nl)","小探险家朵拉-拯救美人鱼（欧版） (En,Fr,De,Nl)",NDS#1461,6.78MB
nds,"Dora the Explorer - Dora Saves the Mermaids (Europe) (Sv,No,Da,Fi)","小探险家朵拉-拯救美人鱼（欧版） (Sv,No,Da,Fi)",NDS#1462,9.78MB
nds,Dora the Explorer - Dora Saves the Mermaids (USA),小探险家朵拉-拯救美人鱼（美版）,NDS#1463,5.62MB
nds,Dora the Explorer - Dora Saves the Snow Princess (Europe),小探险家朵拉-拯救雪公主（欧版）,NDS#1464,5.66MB
nds,"Dora the Explorer - Dora Saves the Snow Princess (Europe) (En,Fr,Nl) [b]","小探险家朵拉-拯救雪公主（欧版） (En,Fr,Nl) [b]",NDS#1465,8.52MB
nds,"Dora the Explorer - Dora Saves the Snow Princess (Europe) (Sv,No,Da)","小探险家朵拉-拯救雪公主（欧版） (Sv,No,Da)",NDS#1466,9.87MB
nds,Dora the Explorer - Dora Saves the Snow Princess (USA),小探险家朵拉-拯救雪公主（美版）,NDS#1467,5.66MB
nds,"Dora's Big Birthday Adventure (Canada) (En,Fr,Nl)","朵拉的大生日冒险（加拿大版） (En,Fr,Nl)",NDS#1468,9.88MB
nds,"Dora's Big Birthday Adventure (Europe) (En,Fr,Es,Nl)","朵拉的大生日冒险（欧版） (En,Fr,Es,Nl)",NDS#1469,11.70MB
nds,"Dora's Big Birthday Adventure (Europe) (En,Fr,Nl)","朵拉的大生日冒险（欧版） (En,Fr,Nl)",NDS#1470,9.88MB
nds,Dora's Big Birthday Adventure (USA),朵拉的大生日冒险（美版）,NDS#1471,5.97MB
nds,"Dora's Cooking Club (Canada) (En,Fr,Nl)","朵拉的烹饪俱乐部（加拿大版） (En,Fr,Nl)",NDS#1472,12.85MB
nds,"Dora's Cooking Club (Europe) (En,Fr,Es,Nl)","朵拉的烹饪俱乐部（欧版） (En,Fr,Es,Nl)",NDS#1473,12.80MB
nds,"Dora's Cooking Club (Europe) (En,Fr,Nl)","朵拉的烹饪俱乐部（欧版） (En,Fr,Nl)",NDS#1474,12.85MB
nds,Dora's Cooking Club (USA),朵拉的烹饪俱乐部（美版）,NDS#1475,6.04MB
nds,Dorabase - Doraemon Super Baseball Gaiden - Dramatic Stadium (Japan),哆啦A梦棒球-连续剧.运动场（日版）,NDS#1476,17.29MB
nds,Dorabase 2 - Nettou Ultra Stadium (Japan),哆啦A梦-超棒球外传2（日版）,NDS#1477,31.97MB
nds,Doraemon - Nobita no Kyouryuu 2006 DS (Japan),机器猫-野比的恐龙2006 DS（日版）,NDS#1478,66.89MB
nds,Doraemon - Nobita no Shin Makai Daibouken DS (Japan),多拉A梦-野比的新魔界大冒险DS（日版）,NDS#1479,50.47MB
nds,Doraemon - Nobita to Midori no Kyojinden DS (Japan),哆拉A梦-大雄和绿巨人传DS（日版）,NDS#1480,22.45MB
nds,"Double Pack - Cradle of Rome + Cradle of Egypt (Europe) (En,Fr,Es,It)",,NDS#1481,6.15MB
nds,"Double Sequence - The Q-Virus Invasion (Europe) (En,Fr,De,Es,It)","双序列-Q病毒入侵（欧版） (En,Fr,De,Es,It)",NDS#1482,2.65MB
nds,"Double Sequence - The Q-Virus Invasion (USA) (En,Fr,De,Es,It)","双序列-Q病毒入侵（美版） (En,Fr,De,Es,It)",NDS#1483,2.65MB
nds,Dowajwo! Rhythm Hero (Korea),节拍特工（韩国版）,NDS#1484,88.59MB
nds,Dr Kawashima's Brain Training - How Old Is Your Brain (Australia) (Demo) (Kiosk),大脑锻炼（澳洲版） （演示版） （商店演示版）,NDS#1485,1.84MB
nds,"Dr Kawashima's Brain Training - How Old Is Your Brain (Europe) (En,Fr,De,Es,It,Nl)","大脑锻炼（欧版） (En,Fr,De,Es,It,Nl)",NDS#1486,5.47MB
nds,"Dr Kawashima's Brain Training - How Old Is Your Brain (Europe) (En,Fr,De,Es,It,Nl) (Demo) (Kiosk)","大脑锻炼（欧版） (En,Fr,De,Es,It,Nl) （演示版） （商店演示版）",NDS#1487,1.87MB
nds,Dr Kawashima's Brain Training - How Old Is Your Brain - Sudoku Download 2 (Europe) (Demo) (Kiosk),,NDS#1488,104.81KB
nds,"Dr Reiner Knizia's Brainbenders (Europe) (En,Fr,De,Es,It)","脑力导航（欧版） (En,Fr,De,Es,It)",NDS#1489,15.12MB
nds,Dr. Jekyll & Mr. Hyde - Enigmes & Objets Caches (France),化身博士（法国版）,NDS#1490,10.96MB
nds,"Dr. Seuss - How the Grinch Stole Christmas! (Europe) (En,Fr,De,Es,It)","圣诞怪杰（欧版） (En,Fr,De,Es,It)",NDS#1491,1.39MB
nds,Dr. Seuss - How the Grinch Stole Christmas! (USA),圣诞怪杰（美版）,NDS#1492,1.39MB
nds,Dr. Slump Arale-chan (Japan),阿拉蕾（日版）,NDS#1493,11.96MB
nds,"Drachenspass mit Hexe Lilli (Europe) (En,Fr,De,Es,It) [b]",,NDS#1494,5.58MB
nds,Drachenzaehmen Leicht Gemacht (Germany),驯龙高手（德国版）,NDS#1495,37.05MB
nds,"Draglade (Europe) (En,Fr,De,Es,It)","音乐格斗-屠龙战记（欧版） (En,Fr,De,Es,It)",NDS#1496,9.84MB
nds,Draglade (USA),音乐格斗-屠龙战记（美版）,NDS#1497,9.03MB
nds,"Dragon Ball - Origins (Europe) (En,Fr,De,Es,It)","龙珠-起源（欧版） (En,Fr,De,Es,It)",NDS#1498,22.23MB
nds,Dragon Ball - Origins (USA),龙珠-起源（美版）,NDS#1499,22.15MB
nds,"Dragon Ball - Origins 2 (Europe) (En,Fr,De,Es,It)","龙珠DS2-突击!红绸军（欧版） (En,Fr,De,Es,It)",NDS#1500,34.77MB
nds,"Dragon Ball - Origins 2 (USA) (En,Fr,Es)","龙珠DS2-突击!红绸军（美版） (En,Fr,Es)",NDS#1501,34.43MB
nds,"Dragon Ball - Origins 2 (USA) (En,Fr,Es) (Beta 1)","龙珠DS2-突击!红绸军（美版） (En,Fr,Es) （测试版 1）",NDS#1502,41.32MB
nds,"Dragon Ball - Origins 2 (USA) (En,Fr,Es) (Beta 2)","龙珠DS2-突击!红绸军（美版） (En,Fr,Es) （测试版 2）",NDS#1503,41.55MB
nds,Dragon Ball DS (Japan),龙珠DS（日版）,NDS#1504,22.25MB
nds,Dragon Ball DS (Korea) [b],龙珠DS（韩国版） [b],NDS#1505,22.20MB
nds,Dragon Ball DS 2 - Totsugeki! Red Ribbon Gun (Japan),龙珠DS2-突击!红绸军（日版）,NDS#1506,34.71MB
nds,Dragon Ball Kai - Saiyajin Raishuu (Japan),龙珠改-赛亚人来袭（日版）,NDS#1507,40.38MB
nds,Dragon Ball Kai - Ultimate Butou Den (Japan),七龙珠改-究极武斗传（日版）,NDS#1508,28.82MB
nds,"Dragon Ball Z - Attack of the Saiyans (Europe) (En,Fr,De,Es,It)","龙珠Z-赛亚人来袭（欧版） (En,Fr,De,Es,It)",NDS#1509,42.15MB
nds,"Dragon Ball Z - Attack of the Saiyans (USA) (En,Fr)","龙珠Z-赛亚人来袭（美版） (En,Fr)",NDS#1510,42.16MB
nds,"Dragon Ball Z - Attack of the Saiyans (USA) (En,Fr) (Beta)","龙珠Z-赛亚人来袭（美版） (En,Fr) （测试版）",NDS#1511,58.78MB
nds,Dragon Ball Z - Bukuu Ressen (Japan),龙珠Z舞空烈战（日版）,NDS#1512,31.58MB
nds,"Dragon Ball Z - Goku Densetsu (Europe) (En,Fr,De,Es,It)","龙珠Z-遥远的悟空传说（欧版） (En,Fr,De,Es,It)",NDS#1513,17.32MB
nds,Dragon Ball Z - Harukanaru Densetsu (USA),龙珠Z-遥远的悟空传说（美版）,NDS#1514,14.68MB
nds,Dragon Ball Z - Harukanaru Gokuu Densetsu (Japan),龙珠Z-遥远的悟空传说（日版）,NDS#1515,14.87MB
nds,"Dragon Ball Z - Supersonic Warriors 2 (Europe) (En,Fr,De,Es,It)","龙珠Z：舞空斗剧2（欧版） (En,Fr,De,Es,It)",NDS#1516,31.59MB
nds,Dragon Ball Z - Supersonic Warriors 2 (USA),龙珠Z：舞空斗剧2（美版）,NDS#1517,31.47MB
nds,"Dragon Booster (Europe) (En,Fr,De,Es,It)","圣龙尊者（欧版） (En,Fr,De,Es,It)",NDS#1518,12.51MB
nds,Dragon Booster (USA),圣龙尊者（美版）,NDS#1519,13.67MB
nds,Dragon Dance (Japan),舞龙（日版）,NDS#1520,12.11MB
nds,"Dragon Hunters (Europe) (En,Fr,De,Es,It)","猎龙人（欧版） (En,Fr,De,Es,It)",NDS#1521,14.49MB
nds,"Dragon Master (Europe) (En,Fr,De,Es,It) [b]","训龙大师（欧版） (En,Fr,De,Es,It) [b]",NDS#1522,40.66MB
nds,"Dragon Quest - The Chapters of the Chosen (Europe) (En,Fr,De,Es,It)","勇者斗恶龙4-被引导的人们（欧版） (En,Fr,De,Es,It)",NDS#1523,40.57MB
nds,"Dragon Quest - The Hand of the Heavenly Bride (Europe) (En,Fr,De,Es,It)","勇者斗恶龙 5 天空的新娘（欧版） (En,Fr,De,Es,It)",NDS#1524,52.35MB
nds,Dragon Quest Heroes - Rocket Slime (USA),勇者斗恶龙怪物篇-史莱姆冲击的尾巴团2（美版）,NDS#1525,15.46MB
nds,"Dragon Quest IV - Chapters of the Chosen (USA) (En,Fr,Es)","勇者斗恶龙4-被引导的人们（美版） (En,Fr,Es)",NDS#1526,40.58MB
nds,Dragon Quest IV - Michibikareshi Mono-tachi (Japan),勇者斗恶龙4-被引导的人们（日版）,NDS#1527,40.10MB
nds,Dragon Quest IX - Hoshizora no Mamoribito (Japan),勇者斗恶龙 9 星空守护者（日版）,NDS#1528,109.96MB
nds,"Dragon Quest IX - Sentinels of the Starry Skies (Europe) (En,Fr,De,Es,It)","勇者斗恶龙9-星空下的守护者（欧版） (En,Fr,De,Es,It)",NDS#1529,116.97MB
nds,Dragon Quest IX - Sentinels of the Starry Skies (USA) (Demo) (Kiosk) (Video),勇者斗恶龙9-星空下的守护者（美版） （演示版） （商店演示版） (Video),NDS#1530,22.36MB
nds,"Dragon Quest IX - Sentinels of the Starry Skies (USA) (En,Fr,Es)","勇者斗恶龙9-星空下的守护者（美版） (En,Fr,Es)",NDS#1531,116.97MB
nds,"Dragon Quest Monsters - Joker (Europe) (En,Fr,De,Es,It)","勇者斗恶龙怪兽篇-Joker（欧版） (En,Fr,De,Es,It)",NDS#1532,29.32MB
nds,Dragon Quest Monsters - Joker (Japan),勇者斗恶龙怪兽篇-Joker（日版）,NDS#1533,27.94MB
nds,Dragon Quest Monsters - Joker (USA),勇者斗恶龙怪兽篇-Joker（美版）,NDS#1534,28.12MB
nds,Dragon Quest Monsters - Joker 2 (Europe) (Demo) (Kiosk),勇者斗恶龙-怪兽-王牌2（欧版） （演示版） （商店演示版）,NDS#1535,26.96MB
nds,"Dragon Quest Monsters - Joker 2 (Europe) (En,Fr,De,Es,It)","勇者斗恶龙-怪兽-王牌2（欧版） (En,Fr,De,Es,It)",NDS#1536,53.96MB
nds,Dragon Quest Monsters - Joker 2 (Japan),勇者斗恶龙-怪兽-王牌2（日版）,NDS#1537,52.87MB
nds,"Dragon Quest Monsters - Joker 2 (USA) (En,Fr,De,Es,It)","勇者斗恶龙-怪兽-王牌2（美版） (En,Fr,De,Es,It)",NDS#1538,53.96MB
nds,Dragon Quest Monsters - Joker 2 - Professional (Japan),勇者斗恶龙-怪兽仙境-Joker 2 专业版（日版）,NDS#1539,65.07MB
nds,"Dragon Quest V - Hand of the Heavenly Bride (USA) (En,Fr,Es)","勇者斗恶龙 5 天空的新娘（美版） (En,Fr,Es)",NDS#1540,52.35MB
nds,Dragon Quest V - Tenkuu no Hanayome (Japan),勇者斗恶龙5-天空的新娘（日版）,NDS#1541,49.01MB
nds,Dragon Quest VI - Maboroshi no Daichi (Japan),勇者斗恶龙6-幻之大地（日版）,NDS#1542,51.81MB
nds,"Dragon Quest VI - Realms of Revelation (USA) (En,Fr,Es)","勇者斗恶龙6-幻之大地（美版） (En,Fr,Es)",NDS#1543,59.79MB
nds,"Dragon Quest VI - Realms of Reverie (Europe) (En,Fr,De,Es,It)","勇者斗恶龙6-幻之大地（欧版） (En,Fr,De,Es,It)",NDS#1544,59.77MB
nds,Dragon Tamer - Sound Spirit (Japan),龙音旋律-声乐精髓（日版）,NDS#1545,14.28MB
nds,Dragon Zakura DS (Japan),龙樱DS（日版）,NDS#1546,8.78MB
nds,Dragonite Distribution 2008 (USA) (Wi-Fi Kiosk) (Save Data),,NDS#1547,199.73KB
nds,"Dragonology (Europe) (En,Fr,De,Es,It,Nl)","龙学（欧版） (En,Fr,De,Es,It,Nl)",NDS#1548,38.19MB
nds,"Dragonology (USA) (En,Fr,De,Es,It)","龙学（美版） (En,Fr,De,Es,It)",NDS#1549,38.19MB
nds,"Drake & Josh - Talent Showdown (USA) (En,Fr)","德雷克和乔西-才艺展示（美版） (En,Fr)",NDS#1550,7.58MB
nds,Drama Queens (Europe),戏剧女王（欧版）,NDS#1551,18.80MB
nds,Drama Queens (USA),戏剧女王（美版）,NDS#1552,18.80MB
nds,Dramatic Dungeon - Sakura Taisen - Kimi Aru ga Tame (Japan),樱花大战-因为有你（日版）,NDS#1553,37.77MB
nds,"Drawn to Life (Europe) (En,Fr,De,Es,It)","描绘生命-艺术人生（欧版） (En,Fr,De,Es,It)",NDS#1554,11.38MB
nds,"Drawn to Life (USA) (En,Fr)","描绘生命-艺术人生（美版） (En,Fr)",NDS#1555,11.12MB
nds,"Drawn to Life - Collection (Europe) (En,Fr,De,Es,It)","描绘生命合集（欧版） (En,Fr,De,Es,It)",NDS#1556,42.53MB
nds,"Drawn to Life - Collection (USA) (En,Fr,Es)","描绘生命合集（美版） (En,Fr,Es)",NDS#1557,42.53MB
nds,Drawn to Life - Edicion Bob Esponja (Spain),,NDS#1558,8.58MB
nds,Drawn to Life - Kamisama no Marionette (Japan),绘画人生-神的傀儡（日版）,NDS#1559,11.06MB
nds,"Drawn to Life - SpongeBob SquarePants Edition (Europe) (En,Fr,De,It,Nl)","描绘生命-海绵宝宝版（欧版） (En,Fr,De,It,Nl)",NDS#1560,8.88MB
nds,"Drawn to Life - SpongeBob SquarePants Edition (Europe) (En,Sv,No,Da,Fi)","描绘生命-海绵宝宝版（欧版） (En,Sv,No,Da,Fi)",NDS#1561,8.84MB
nds,"Drawn to Life - SpongeBob SquarePants Edition (Greece) (En,El)","描绘生命-海绵宝宝版(Greece) (En,El)",NDS#1562,8.69MB
nds,"Drawn to Life - SpongeBob SquarePants Edition (USA) (En,Fr)","描绘生命-海绵宝宝版（美版） (En,Fr)",NDS#1563,8.67MB
nds,"Drawn to Life - The Next Chapter (Europe) (En,Fr,De,Es,It,Nl)","描绘生命-下一章（欧版） (En,Fr,De,Es,It,Nl)",NDS#1564,31.27MB
nds,"Drawn to Life - The Next Chapter (USA) (En,Fr)","描绘生命-下一章（美版） (En,Fr)",NDS#1565,31.04MB
nds,"Drawn to Life - The Next Chapter (USA) (En,Fr) (Rev 1)","描绘生命-下一章（美版） (En,Fr) （修正版 1）",NDS#1566,30.98MB
nds,Dream Chronicles (USA),梦之旅（美版）,NDS#1567,10.63MB
nds,Dream Dancer (USA),,NDS#1568,5.17MB
nds,Dream Day - Wedding Destinations (Europe),梦幻之日婚礼地点（欧版）,NDS#1569,9.95MB
nds,Dream Day - Wedding Destinations (USA),梦幻之日婚礼地点（美版）,NDS#1570,9.95MB
nds,"Dream Pinball 3D (Europe) (En,Fr,De,Es,It)","梦幻弹球3D（欧版） (En,Fr,De,Es,It)",NDS#1571,40.60MB
nds,"Dream Pinball 3D (USA) (En,Fr,De,Es,It)","梦幻弹球3D（美版） (En,Fr,De,Es,It)",NDS#1572,40.60MB
nds,Dream Salon (USA),梦幻沙龙（美版）,NDS#1573,7.12MB
nds,"Dreamer Series - Babysitter (USA) (En,Fr,Es)","梦想家-婴儿保姆（美版） (En,Fr,Es)",NDS#1574,3.06MB
nds,"Dreamer Series - Horse Trainer (USA) (En,Fr,De,Es)",,NDS#1575,9.70MB
nds,"Dreamer Series - Pop Star (USA) (En,Fr,De,Es,It,Nl)","梦想家-明星（美版） (En,Fr,De,Es,It,Nl)",NDS#1576,3.44MB
nds,"Dreamer Series - Puppy Trainer (USA) (En,Es)","梦想家-小狗教练员（美版） (En,Es)",NDS#1577,7.65MB
nds,"Dreamer Series - Shop Owner (USA) (En,Fr,Es)","梦想家-商店老板（美版） (En,Fr,Es)",NDS#1578,2.38MB
nds,"Dreamer Series - Teacher (USA) (En,Fr,Es)","梦想家系列-教师（美版） (En,Fr,Es)",NDS#1579,4.29MB
nds,"Dreamer Series - Top Model (USA) (En,Fr,De,Es,It)","梦想家-顶尖模特儿（美版） (En,Fr,De,Es,It)",NDS#1580,25.99MB
nds,"Dreamer Series - Zoo Keeper (USA) (En,Fr,De,Es,It)","梦想家系列-物园管理员（美版） (En,Fr,De,Es,It)",NDS#1581,9.78MB
nds,"DreamWorks 2-in-1 Party Pack (USA) (En,Fr)","梦工厂游戏2合1（美版） (En,Fr)",NDS#1582,52.99MB
nds,"Drei Fragezeichen, Die - Das Geheimnis der Geisterinsel (Germany)",三个问号-幽灵海岛的秘密（德国版）,NDS#1583,3.18MB
nds,"Drei Fragezeichen, Die - Das Geheimnis der Toten (Germany)",三个问号-幽灵岛的秘密（德国版）,NDS#1584,4.69MB
nds,Driver Dan's Story Train (Europe),,NDS#1585,5.06MB
nds,Driver License Trainer Espana (Spain),西班牙驾驶执照训练员（西班牙版）,NDS#1586,14.07MB
nds,Driver License Trainer Italia (Italy),驾驶执照训练-义大利（意大利版）,NDS#1587,5.40MB
nds,Drivers Ed Portable (USA),驾驶执照训练便携版（美版）,NDS#1588,1.24MB
nds,"Drivers' Ed Portable (Europe) (En,Fr,De,Es,It)","驾驶执照训练便携版（欧版） (En,Fr,De,Es,It)",NDS#1589,1.24MB
nds,Driving Theory Training (Europe),驾照训练（欧版）,NDS#1590,9.30MB
nds,Driving Theory Training - 2009-2010 Edition (Europe) (Rev 1),,NDS#1591,9.30MB
nds,Drone Tactics (USA),昆虫战争（美版）,NDS#1592,30.88MB
nds,"Dropcast (Europe) (En,Fr,De,Es)","魔法消色方块（欧版） (En,Fr,De,Es)",NDS#1593,7.45MB
nds,Dropcast (USA),魔法消色方块（美版）,NDS#1594,7.41MB
nds,DS Bimoji Training (Japan),DS美文字训练（日版）,NDS#1595,16.93MB
nds,DS Bungaku Zenshuu (Japan),DS文学全集（日版）,NDS#1596,19.34MB
nds,DS Chueogui Donghwa - Touch RO Puzzle (Korea),独奏解谜-童话王国（韩国版）,NDS#1597,4.21MB
nds,DS de Yomu Series - Tezuka Osamu - Hi no Tori - Daiikkan (Japan),DS阅读系列-手塚治虫-火鸟1（日版）,NDS#1598,128.09MB
nds,DS de Yomu Series - Tezuka Osamu - Hi no Tori - Dainikan (Japan),DS阅读系列-手塚治虫-火鸟2（日版）,NDS#1599,130.29MB
nds,DS de Yomu Series - Tezuka Osamu - Hi no Tori - Daisankan (Japan),DS阅读系列-手塚治虫-火鸟3（日版）,NDS#1600,112.53MB
nds,DS Dengeki Bunko - Allison (Japan),DS电击文库-阿里森（日版）,NDS#1601,25.68MB
nds,DS Dengeki Bunko - Inukami! feat. Animation (Japan),DS电击文库-活泼天使（日版）,NDS#1602,70.17MB
nds,"DS Dengeki Bunko - Iriya no Sora, UFO no Natsu (Japan)",DS电击文库-伊里野的天空 UFO的夏天（日版）,NDS#1603,26.98MB
nds,"DS Dengeki Bunko - Iriya no Sora, UFO no Natsu II (Japan)",DS电击文库-伊利亚的天空 UFO之夏2（日版）,NDS#1604,47.14MB
nds,DS Dengeki Bunko ADV - Baccano! (Japan),DS电击文库ADV-永生之酒（日版）,NDS#1605,72.03MB
nds,"DS Download Europe - Meteos & Polarium (Europe) (En,Fr,De,Es,It) (Demo) (Wi-Fi Kiosk)",,NDS#1606,1.82MB
nds,DS Download Station - Volume 1 (Europe) (Demo) (Wi-Fi Kiosk),,NDS#1607,10.28MB
nds,DS Download Station - Volume 1 (USA) (Demo) (Wi-Fi Kiosk),,NDS#1608,9.14MB
nds,DS Download Station - Volume 10 (USA) (Demo) (Wi-Fi Kiosk),,NDS#1609,24.24MB
nds,DS Download Station - Volume 11 (USA) (Demo) (Wi-Fi Kiosk),,NDS#1610,22.29MB
nds,DS Download Station - Volume 12 (USA) (Demo) (Wi-Fi Kiosk),,NDS#1611,22.25MB
nds,DS Download Station - Volume 13 (USA) (Demo) (Wi-Fi Kiosk),,NDS#1612,23.76MB
nds,DS Download Station - Volume 14 (USA) (Demo) (Wi-Fi Kiosk),,NDS#1613,24.80MB
nds,DS Download Station - Volume 15 (USA) (Demo) (Wi-Fi Kiosk),,NDS#1614,22.46MB
nds,DS Download Station - Volume 16 (USA) (Demo) (Wi-Fi Kiosk),,NDS#1615,24.16MB
nds,DS Download Station - Volume 17 (USA) (Demo) (Wi-Fi Kiosk),,NDS#1616,23.88MB
nds,DS Download Station - Volume 18 (USA) (Demo) (Wi-Fi Kiosk),,NDS#1617,19.33MB
nds,DS Download Station - Volume 19 (USA) (Demo) (Wi-Fi Kiosk),,NDS#1618,26.96MB
nds,DS Download Station - Volume 2 (Europe) (Demo) (Wi-Fi Kiosk),,NDS#1619,3.93MB
nds,DS Download Station - Volume 2 (USA) (Demo) (Wi-Fi Kiosk),,NDS#1620,9.54MB
nds,"DS Download Station - Volume 3 (Europe) (En,Fr,De,Es,It,Nl) (Demo) (Wi-Fi Kiosk)",,NDS#1621,9.70MB
nds,DS Download Station - Volume 3 (USA) (Demo) (Wi-Fi Kiosk),,NDS#1622,13.61MB
nds,"DS Download Station - Volume 4 (Europe) (En,Fr,De,Es,It,Nl) (Demo) (Wi-Fi Kiosk)",,NDS#1623,11.66MB
nds,DS Download Station - Volume 4 (USA) (Demo) (Wi-Fi Kiosk),,NDS#1624,13.73MB
nds,"DS Download Station - Volume 5 (Europe) (En,Fr,De,Es,It,Nl) (Demo) (Wi-Fi Kiosk)",,NDS#1625,12.19MB
nds,DS Download Station - Volume 5 (USA) (Demo) (Wi-Fi Kiosk),,NDS#1626,12.23MB
nds,"DS Download Station - Volume 6 (Europe) (En,Fr,De,Es,It,Nl) (Demo) (Wi-Fi Kiosk)",,NDS#1627,15.90MB
nds,DS Download Station - Volume 6 (USA) (Demo) (Wi-Fi Kiosk),,NDS#1628,15.93MB
nds,"DS Download Station - Volume 7 (Europe) (En,Fr,De,Es,It,Nl) (Demo) (Wi-Fi Kiosk)",,NDS#1629,11.99MB
nds,DS Download Station - Volume 7 (USA) (Demo) (Wi-Fi Kiosk),,NDS#1630,26.41MB
nds,"DS Download Station - Volume 8 (Europe) (En,Fr,De,Es,It,Nl) (Demo) (Wi-Fi Kiosk)",,NDS#1631,8.55MB
nds,DS Download Station - Volume 8 (USA) (Demo) (Wi-Fi Kiosk),,NDS#1632,19.33MB
nds,DS Download Station - Volume 9 (USA) (Demo) (Wi-Fi Kiosk),,NDS#1633,20.01MB
nds,DS GoStop (Korea),触摸花图（韩国版）,NDS#1634,14.85MB
nds,DS Kageyama Method - Dennou Hanpuku - Chiri Rekishi Koumin Maru x Maru Shakaika (Japan) [b],,NDS#1635,4.99MB
nds,DS Kageyama Method Dennou Hanpuku - Masu x Masu Hyaku Masu Keisan (Japan),阴山方法计算100题（日版）,NDS#1636,2.67MB
nds,DS Kageyama Method Dennou Hanpuku - Masu x Masu Pre-Hyaku Masu Keisan - Hyaku Masu no Mae ni Kore Da yo! (Japan),DS阴山英男方式的百位百格计算练习（日版）,NDS#1637,2.59MB
nds,DS Kageyama Method Dennou Hanpuku - Tadashii Kanji Kakitori-kun (Japan),阴山英男-端正的汉字书写-笔录君（日版）,NDS#1638,4.91MB
nds,DS Kageyama Method Dennou Hanpuku - Tadashii Kanji Kakitori-kun - Kondo wa Kanken Taisaku Da yo! (Japan),DS阴山方式的正确汉字君-汉字能力检定对策（日版）,NDS#1639,9.67MB
nds,DS Kageyama Method Dennou Hanpuku - Tadashii Kanji Kakitori-kun - Kondo wa Kanken Taisaku Da yo! (Japan) (Rev 2),DS阴山方式的正确汉字君-汉字能力检定对策（日版） （修正版 2）,NDS#1640,12.83MB
nds,DS Motte Tabi ni Deyo - Kyoto (Japan),随身旅游-京都（日版）,NDS#1641,14.31MB
nds,"DS Nishimura Kyotaro Suspense 2 Shin Tantei Series - Kanazawa, Hakodate, Gokkan no Kyoukoku - Fukushuu no Kage (Japan)",DS西村京太郎悬疑2-新侦探系列-金泽、函馆、极寒的峡谷-复仇的影子（日版）,NDS#1642,30.83MB
nds,"DS Nishimura Kyotaro Suspense Shin Tantei Series - Kyoto, Atami, Zekkai no Kotou - Satsui no Wana (Japan)",DS西村京太郎悬疑新侦探系列京都、热海、绝海的孤岛杀机的圈套（日版）,NDS#1643,19.20MB
nds,DS Puzzler - Nanpure Fan & Oekaki Logic (Japan),DS谜题-绘画逻辑（日版）,NDS#1644,1.03MB
nds,DS Puzzler - Nanpure Fan & Oekaki Logic (Japan) (Rev 1),DS谜题-绘画逻辑（日版） （修正版 1）,NDS#1645,1.03MB
nds,DS Puzzler - Nanpure Fan & Oekaki Logic - Wi-Fi Taiou (Japan),DS Puzzle 绘画逻辑 Wifi对应版（日版）,NDS#1646,1.58MB
nds,DS Rakubiki Jiten (Japan),DS乐引辞典（日版）,NDS#1647,49.49MB
nds,DS Teku Teku Nikki - Walking & Diet Diary (Japan),育成散步计-计步天使口袋DS（日版）,NDS#1648,1.88MB
nds,DS Uranai Seikatsu (Japan),DS占卜生活（日版）,NDS#1649,17.91MB
nds,DS Vitamin - Widaehan Bapsang - Malhaneun! Geongangyori Giljabi (Korea) [b],DS维他命-伟大的餐桌文化健康食物指南（韩国版） [b],NDS#1650,92.65MB
nds,"DS Yamamura Misa Suspense - Maiko Kogiku, Kisha Catherine, Sougiya Ishihara Akiko - Koto ni Mau Hana Sanrin - Kyoto Satsujin Jiken File (Japan)",DS山村美纱悬疑-舞妓小菊·记者凯瑟琳·殡仪馆石原明子-飞舞古都花三轮-京都杀人事件档案（日版）,NDS#1651,19.39MB
nds,"DS Yukemuri Suspense Series - Free Writer Tachibana Maki - Touyako, Nanatsu no Yu, Okuyu no Sato - Shuzai Techou (Japan)",DS温泉悬疑系列-自由作家橘真希-洞爷湖&#12539;七个温泉&#12539;奥汤的乡-取材笔记（日版）,NDS#1652,65.50MB
nds,"DS-PICO Series - Sanrio no Party e Ikou! - Oryouri, Oshare, Okaimono (Japan)","DS-PICO系列-三丽鸥大派对!料理,时尚,购物（日版）",NDS#1653,8.02MB
nds,DS-Pico Series - Sanrio Puroland - Waku Waku Okaimono - Suteki na Oheya o Tsukuri Masho (Japan) (NDSi Enhanced),,NDS#1654,13.78MB
nds,DS-Xtreme 4Gb (World) (v1.1.0) (Unl) [b],,NDS#1655,1.61MB
nds,DSTT (World) (Unl),,NDS#1656,24.60KB
nds,DSTTi (World) (Unl),,NDS#1657,1.36MB
nds,DSvision - Starter Kit (Japan),,NDS#1658,19.57KB
nds,DSvision Starter Kit (Japan) (DSvision),,NDS#1659,2.97MB
nds,"DTM Race Driver 3 - Create & Race (Germany) (En,Fr,De,Es,It)","赛车手-创造与竞速（德国版） (En,Fr,De,Es,It)",NDS#1660,44.46MB
nds,"Ducati Moto (Europe) (En,Fr,De,Es,It)","杜卡迪摩托（欧版） (En,Fr,De,Es,It)",NDS#1661,13.62MB
nds,Ducati Moto (USA),杜卡迪摩托（美版）,NDS#1662,13.62MB
nds,Duden - Einfach Klasse in Deutsch - 1. und 2. Klasse (Germany),,NDS#1663,21.53MB
nds,Duden - Einfach Klasse in Deutsch - 3. und 4. Klasse (Germany),,NDS#1664,2.27MB
nds,Duden - Einfach Klasse in Mathematik - 1. und 2. Klasse (Germany),,NDS#1665,7.31MB
nds,Duden - Einfach Klasse in Mathematik - 3. und 4. Klasse (Germany),,NDS#1666,3.53MB
nds,Duel Love - Koisuru Otome wa Shouri no Megami (Japan),战斗恋人-恋爱少女是胜利女神（日版）,NDS#1667,83.81MB
nds,Duel Masters Volume 1 (Japan) (DSvision),,NDS#1668,400.23MB
nds,Duel Masters Volume 2 (Japan) (DSvision),,NDS#1669,378.56MB
nds,Duel Masters Volume 3 (Japan) (DSvision),,NDS#1670,368.08MB
nds,"Duke Nukem - Critical Mass (Europe) (En,Fr,De,Es,It)","毁灭公爵-临界质量（欧版） (En,Fr,De,Es,It)",NDS#1671,60.37MB
nds,"Duke Nukem - Critical Mass (USA) (En,Fr,De,Es,It)","毁灭公爵-临界质量（美版） (En,Fr,De,Es,It)",NDS#1672,60.31MB
nds,Dun-Dam - Dungeons & Dam (Japan),水坝淹迷宫（日版）,NDS#1673,21.53MB
nds,"Dungeon Explorer (Europe) (En,Fr,De,Es,It)","迷宫探险家-邪神的领域（欧版） (En,Fr,De,Es,It)",NDS#1674,26.17MB
nds,Dungeon Explorer - Jashin no Ryouiki (Japan),迷宫探险家-邪神的领域（日版）,NDS#1675,25.24MB
nds,Dungeon Explorer - Warriors of Ancient Arts (USA),迷宫探险家-邪神的领域（美版）,NDS#1676,25.19MB
nds,"Dungeon Maker (Europe) (En,Fr,De,Es,It)","迷宫制造者-魔法铲和小勇者（欧版） (En,Fr,De,Es,It)",NDS#1677,13.26MB
nds,Dungeon Maker - Mahou no Shovel to Chiisana Yuusha (Japan),迷宫制造者-魔法铲和小勇者（日版）,NDS#1678,12.60MB
nds,Dungeon of Windaria (Japan),风之咏叹调的迷宫（日版）,NDS#1679,3.23MB
nds,"Dungeon Raiders (Europe) (En,Fr,De,Es,It)","地牢突袭（欧版） (En,Fr,De,Es,It)",NDS#1680,8.71MB
nds,"Dungeon Raiders (USA) (En,Fr,De,Es)","地牢突袭（美版） (En,Fr,De,Es)",NDS#1681,8.70MB
nds,"Dynasty Warriors DS - Fighter's Battle (Europe) (En,Fr,De,Es,It)","真三国无双-斗士之战（欧版） (En,Fr,De,Es,It)",NDS#1682,35.11MB
nds,Dynasty Warriors DS - Fighter's Battle (USA),真三国无双-斗士之战（美版）,NDS#1683,34.15MB
nds,E=M6 Defi Cerebral (France),智力挑战（法国版）,NDS#1684,2.07MB
nds,"EA Playground (Europe) (En,Fr,De,Es,It)","EA游乐场（欧版） (En,Fr,De,Es,It)",NDS#1685,19.75MB
nds,EA Playground (Korea),EA游乐场（韩国版）,NDS#1686,19.78MB
nds,"EA Playground (USA) (En,Fr,De,Es,It)","EA游乐场（美版） (En,Fr,De,Es,It)",NDS#1687,19.75MB
nds,"Easy Learning - Discover Our World (Europe) (En,Fr,De,Es,It)","轻松学习了解我们的世界（欧版） (En,Fr,De,Es,It)",NDS#1688,14.45MB
nds,"Easy Piano (USA) (En,Fr,Es)","简单钢琴（美版） (En,Fr,Es)",NDS#1689,6.25MB
nds,"Easy Piano - Learn, Play & Compose (Europe) (En,Fr,De,Es,It)","简单钢琴（欧版） (En,Fr,De,Es,It)",NDS#1690,3.96MB
nds,Eco-Creatures - Save the Forest (USA),森林守护者（美版）,NDS#1691,4.09MB
nds,Ecolis (Japan),森林守护神（日版）,NDS#1692,4.14MB
nds,Ecolis - Aoi Umi to Ugoku Shima (Japan),森林守护灵-蔚蓝海洋与移动岛屿（日版）,NDS#1693,6.29MB
nds,"Ecolis - Save the Forest (Europe) (En,Fr,De,Es,It)","森林守护者（欧版） (En,Fr,De,Es,It)",NDS#1694,4.22MB
nds,"Ed's Farm (Europe) (En,Fr,De,Es,It)","埃德的农庄（欧版） (En,Fr,De,Es,It)",NDS#1695,3.07MB
nds,"Ed, Edd n Eddy - Scam of the Century (Europe) (En,Fr,De,Es,It)","顽皮小鬼-世纪骗局（欧版） (En,Fr,De,Es,It)",NDS#1696,7.48MB
nds,"Ed, Edd n Eddy - Scam of the Century (USA)",顽皮小鬼-世纪骗局（美版）,NDS#1697,6.04MB
nds,Edamoto Naomi no Shiawase Kitchen - Kakushi Aji wa Anata ga Kimete ne (Japan),幸福厨房（日版）,NDS#1698,6.45MB
nds,EDGE (World) (Unl),,NDS#1699,73.94KB
nds,Edo Bunka Rekishi Kentei DS (Japan),江户文化历史检定 DS（日版）,NDS#1700,15.79MB
nds,Edogawa Ranpo no Kaijin Nijuu Mensou DS (Japan),江户川乱步-怪人二十面相（日版）,NDS#1701,6.53MB
nds,Egg Monster Hero (Japan),半熟英雄（日版）,NDS#1702,14.40MB
nds,Eggheads (Europe),,NDS#1703,1.42MB
nds,Egokoro Kyoushitsu DS (Japan) (NDSi Enhanced),绘画教室DS（日版） (NDSi Enhanced),NDS#1704,18.68MB
nds,Eibun Tadoku DS - Sekai no Bungaku Senshuu (Japan) [b],英文多读 DS 世界文学选集（日版） [b],NDS#1705,3.06MB
nds,Eibun Tadoku DS - Sekai no Meisaku Douwa (Japan),英文多读 DS 世界名作童话（日版）,NDS#1706,3.68MB
nds,Eigo de Asobou - Mummy Talk DS (Japan) (NDSi Enhanced),,NDS#1707,107.37MB
nds,Eigo de Tabisuru - Little Charo (Japan),英语旅行物语-小狗沙罗（日版）,NDS#1708,422.04MB
nds,Eigo ga Nigate na Otona no DS Training - Eigo Zuke (Japan),成人英语训练DS 英语学习（日版）,NDS#1709,89.98MB
nds,Eigo ga Nigate na Otona no DS Training - Eigo Zuke (Japan) (Rev 1),成人英语训练DS 英语学习（日版） （修正版 1）,NDS#1710,89.96MB
nds,Eigo ga Nigate na Otona no DS Training - Motto Eigo Zuke (Japan),英语苦手的成人DS训练-更多的英语难题（日版）,NDS#1711,89.12MB
nds,Eigo o Taberu Fushigi na Ikimono - Marsh (Japan),吃英语的神秘生物（日版）,NDS#1712,32.24MB
nds,"Eigyoudou, The (Japan)",THE营业道（日版）,NDS#1713,4.06MB
nds,Eijukugo Target 1000 DS (Japan),英文片语指标 1000 DS（日版）,NDS#1714,35.88MB
nds,Eiken DS (Japan),英检DS-旺文社英检书系列基准（日版）,NDS#1715,27.10MB
nds,Eiken DS (Japan) (Rev 2),英检DS-旺文社英检书系列基准（日版） （修正版 2）,NDS#1716,27.10MB
nds,Eiken DS Training (Japan),英检DS训练（日版）,NDS#1717,28.18MB
nds,Eiken Kakomondai Shuuroku - Eiken DS 2 Deluxe (Japan),收录英检考古题-英检 DS2 豪华版（日版）,NDS#1718,174.51MB
nds,Eiken Kakomondai Shuuroku - Eiken DS 2 Deluxe (Japan) (Rev 2),收录英检考古题-英检 DS2 豪华版（日版） （修正版 2）,NDS#1719,180.53MB
nds,Eiken-ou - 2-kyuu Hen (Japan),英检王-2级篇（日版）,NDS#1720,55.80MB
nds,Eiken-ou - 3-kyuu Hen (Japan),英检王-3级编（日版）,NDS#1721,17.69MB
nds,Eiken-ou - 4-kyuu Hen (Japan),英检王-4级编（日版）,NDS#1722,16.36MB
nds,Eiken-ou - Jun-2-kyuu Hen (Japan),英检王-准2级篇（日版）,NDS#1723,31.55MB
nds,Eikoh Seminar Koushiki DS Kyouzai - Chuugaku Eitango - Eitan Zamurai DS (Japan),荣光研究班公式DS教材-中学英语单词（日版）,NDS#1724,66.46MB
nds,Eikoh Seminar Koushiki DS Kyouzai - Koukou Eitango - Eitan Zamurai DS (Japan),荣光研究班公式 DS 教材高校英语单词（日版）,NDS#1725,83.19MB
nds,Eikoh Seminar Koushiki DS Kyouzai - Shougakkou Eigo - Eitan Zamurai DS (Japan),荣光研究班正式DS教材小学英语（日版）,NDS#1726,68.60MB
nds,Eindeloos Backgammon (Netherlands),双行棋（荷兰版）,NDS#1727,2.28MB
nds,Eindeloos Games Top 10 (Netherlands),休闲游戏10合1（荷兰版）,NDS#1728,4.27MB
nds,"Eindeloos Mahjong (Netherlands) (En,Nl)","麻将（荷兰版） (En,Nl)",NDS#1729,2.79MB
nds,Eindeloos Mahjong 2 - Een Reis om de Wereld (Netherlands),麻将 2（荷兰版）,NDS#1730,4.09MB
nds,Eindeloos Patience (Netherlands),无尽的耐心（荷兰版）,NDS#1731,3.27MB
nds,Eitango Target 1900 DS (Japan),英语单词目标 1900 DS（日版）,NDS#1732,25.59MB
nds,Eitango Target 1900 DS (Japan) (Rev 1),英语单词目标 1900 DS（日版） （修正版 1）,NDS#1733,28.80MB
nds,Eiyuu Senki - Laevatein (Japan),英雄战记（日版）,NDS#1734,3.48MB
nds,Elebits - Kai to Zero no Fushigi na Tabi (Japan),能源小精灵-凯伊与杰洛的神秘之旅（日版）,NDS#1735,23.04MB
nds,Elebits - Kaiwa Zeroui Sinbihan Yeohaeng (Korea) [b],能源小精灵-凯伊与杰洛的神秘之旅（韩国版） [b],NDS#1736,22.59MB
nds,"Elebits - The Adventures of Kai and Zero (USA) (En,Fr)","能源小精灵-凯伊与杰洛的神秘之旅（美版） (En,Fr)",NDS#1737,23.03MB
nds,"Elebits - The Adventures of Kai and Zero (USA) (En,Fr) (Beta)","能源小精灵-凯伊与杰洛的神秘之旅（美版） (En,Fr) （测试版）",NDS#1738,23.14MB
nds,"Electroplankton (Europe) (En,Fr,De,Es,It)","电子浮游生物（欧版） (En,Fr,De,Es,It)",NDS#1739,6.57MB
nds,Electroplankton (Japan),电子浮游生物（日版）,NDS#1740,6.32MB
nds,Electroplankton (USA),电子浮游生物（美版）,NDS#1741,6.29MB
nds,"Eledees - The Adventures of Kai and Zero (Europe) (En,Fr,De,Es,It)","能源小精灵凯和零的大冒险（欧版） (En,Fr,De,Es,It)",NDS#1742,23.03MB
nds,Element Girls (Germany),元素女孩（德国版）,NDS#1743,4.63MB
nds,"Element Girls - Love, Fashion & Friends (Europe) (En,Fr,De,Es,It)","元素女孩-爱情,时尚和朋友（欧版） (En,Fr,De,Es,It)",NDS#1744,5.30MB
nds,"Element Girls - Style Your Life! (Europe) (Fr,De)","元素女孩-您的生活方式!（欧版） (Fr,De)",NDS#1745,9.32MB
nds,Element Hunters (Japan),元素猎人（日版）,NDS#1746,10.70MB
nds,Element Hunters (Korea) [b],元素猎人（韩国版） [b],NDS#1747,10.70MB
nds,Elemental Monster - Itsu Hashira Gami no Nazo (Japan),元素怪兽-五柱神之谜（日版）,NDS#1748,64.78MB
nds,"Elements of Destruction (Europe) (En,Fr,De,Es)","破坏城市我最拿手（欧版） (En,Fr,De,Es)",NDS#1749,2.17MB
nds,Elements of Destruction (USA),破坏城市我最拿手（美版）,NDS#1750,2.19MB
nds,Elf Bowling 1 & 2 (USA),圣诞保龄球1+2（美版）,NDS#1751,880.90KB
nds,Elite Beat Agents (Europe),节拍特工（欧版）,NDS#1752,89.20MB
nds,Elite Beat Agents (France),节拍特工（法国版）,NDS#1753,88.98MB
nds,Elite Beat Agents (Germany),节拍特工（德国版）,NDS#1754,89.11MB
nds,Elite Beat Agents (Italy),节拍特工（意大利版）,NDS#1755,88.93MB
nds,Elite Beat Agents (Spain),节拍特工（西班牙版）,NDS#1756,88.93MB
nds,Elite Beat Agents (USA),节拍特工（美版）,NDS#1757,93.06MB
nds,"Elite Forces - Unit 77 (Europe) (En,Fr,De,Es,It)","精英力量-77 小队（欧版） (En,Fr,De,Es,It)",NDS#1758,8.29MB
nds,"Elite Forces - Unit 77 (USA) (En,Fr,De,Es,It)","精英力量-77 小队（美版） (En,Fr,De,Es,It)",NDS#1759,8.29MB
nds,"Elite Forces - Unit 77 (USA) (En,Fr,De,Es,It) (Rev 1)","精英力量-77 小队（美版） (En,Fr,De,Es,It) （修正版 1）",NDS#1760,8.29MB
nds,"Ellen Whitaker's Horse Life (Europe) (En,Fr,De,Es,It,Nl)","爱伦.怀塔克的马术生活（欧版） (En,Fr,De,Es,It,Nl)",NDS#1761,23.46MB
nds,Elminage - Yami no Miko to Kamigami no Yubiwa - DS Remix (Japan),暗之巫女与众神的戒指（日版）,NDS#1762,62.69MB
nds,Elminage II - Sousei no Megami to Unmei no Daichi - DS Remix (Japan) (NDSi Enhanced) [b],冬宫2DS-双生的女神与命运的大地（日版） (NDSi Enhanced) [b],NDS#1763,65.48MB
nds,"Elvenland (Europe) (En,Fr,De)","精灵大陆（欧版） (En,Fr,De)",NDS#1764,2.19MB
nds,Emblem of Gundam (Japan),高达纹章（日版）,NDS#1765,33.05MB
nds,"Emergency (Europe) (En,Fr,Es,It,Nl)","紧急情况 DS（欧版） (En,Fr,Es,It,Nl)",NDS#1766,13.65MB
nds,Emergency 2012 (Germany),紧急2012（德国版）,NDS#1767,12.63MB
nds,Emergency DS (Germany),紧急情况 DS（德国版）,NDS#1768,13.68MB
nds,Emergency Kids (Germany),救急小子（德国版）,NDS#1769,11.74MB
nds,Emergency Room - Real Life Rescues (USA),急诊室-真实生命拯救（美版）,NDS#1770,8.86MB
nds,Emergency! - Disaster Rescue Squad (USA),,NDS#1771,13.83MB
nds,"Emily - My Animal Shelter (Europe) (En,Fr,It)","埃玛-我的动物避难所（欧版） (En,Fr,It)",NDS#1772,5.13MB
nds,"Emily - My Dog Paradise (Europe) (En,Fr,It) [b]","埃玛-我的私人狗狗诊所（欧版） (En,Fr,It) [b]",NDS#1773,7.65MB
nds,"Emily - My Personal Diary (Europe) (En,Fr,De,Es,It,Nl) [b]","埃米莉-我的个人日记（欧版） (En,Fr,De,Es,It,Nl) [b]",NDS#1774,2.92MB
nds,Emily Archer - The Curse of King Tut's Tomb (Europe),艾米莉阿彻-图坦卡蒙墓地的诅咒（欧版）,NDS#1775,13.35MB
nds,"Emily Archer - The Curse of King Tut's Tomb (Europe) (Fr,De)","艾米莉阿彻-图坦卡蒙墓地的诅咒（欧版） (Fr,De)",NDS#1776,13.26MB
nds,"Emily Archer - The Curse of King Tut's Tomb (Europe) (Fr,Nl)","艾米莉阿彻-图坦卡蒙墓地的诅咒（欧版） (Fr,Nl)",NDS#1777,13.26MB
nds,"Emily the Strange - Strangerous (Europe) (En,De) (VESP) (NDSi Enhanced)","奇怪的艾米丽（欧版） (En,De) (VESP) (NDSi Enhanced)",NDS#1778,36.21MB
nds,"Emily the Strange - Strangerous (Europe) (En,Fr) (VESV) (NDSi Enhanced)","奇怪的艾米丽（欧版） (En,Fr) (VESV) (NDSi Enhanced)",NDS#1779,36.27MB
nds,"Emily the Strange - Strangerous (Europe) (En,Fr) (VESX) (NDSi Enhanced)","奇怪的艾米丽（欧版） (En,Fr) (VESX) (NDSi Enhanced)",NDS#1780,36.27MB
nds,Emily the Strange - Strangerous (USA) (NDSi Enhanced),奇怪的艾米丽（美版） (NDSi Enhanced),NDS#1781,36.24MB
nds,"Emma at the Farm (Europe) (En,De,Sv,No,Da,Fi)","爱玛在农场（欧版） (En,De,Sv,No,Da,Fi)",NDS#1782,9.72MB
nds,"Emma at the Farm (Europe) (En,Fr,De,Es,It,Nl,Pt)","爱玛在农场（欧版） (En,Fr,De,Es,It,Nl,Pt)",NDS#1783,9.01MB
nds,"Emma at the Farm (USA) (En,Fr,Es)","爱玛在农场（美版） (En,Fr,Es)",NDS#1784,9.22MB
nds,"Emma in the Mountains (Europe) (En,Fr,De,Es,It,Nl,Pt)","艾玛在山上（欧版） (En,Fr,De,Es,It,Nl,Pt)",NDS#1785,6.64MB
nds,"Emma in the Mountains (USA) (En,Fr,Es)","艾玛在山上（美版） (En,Fr,Es)",NDS#1786,6.67MB
nds,"Enchanted (Europe) (En,Fr,De,Es,It,Nl)","曼哈顿奇缘（欧版） (En,Fr,De,Es,It,Nl)",NDS#1787,12.06MB
nds,"Enchanted (USA) (En,Fr,De,Es,It,Nl)","曼哈顿奇缘（美版） (En,Fr,De,Es,It,Nl)",NDS#1788,12.06MB
nds,"Enchanted Folk and the School of Wizardry (Europe) (En,Fr,De,Es,It)","尖顶帽与魔法的 365天（欧版） (En,Fr,De,Es,It)",NDS#1789,35.57MB
nds,"Ener-G - Dance Squad (USA) (En,Fr,Es)","活力无限的舞蹈小队（美版） (En,Fr,Es)",NDS#1790,54.40MB
nds,"Ener-G - Gym Rockets (USA) (En,Fr,Es)","活力无限的体操火箭（美版） (En,Fr,Es)",NDS#1791,6.61MB
nds,"Ener-G - Horse Riders (USA) (En,Fr,Es)","活力无限的马术骑士（美版） (En,Fr,Es)",NDS#1792,21.76MB
nds,"Englisch Buddy (Europe) (En,Fr,De)","英语伙计（欧版） (En,Fr,De)",NDS#1793,56.03MB
nds,Englisch Entdecken Mit Ben & Bella (Germany) (En),,NDS#1794,12.75MB
nds,Englisch Macht Spass - Eine Reise nach London! (Germany),趣味英语-伦敦之旅（德国版）,NDS#1795,18.10MB
nds,"English Buddy (Europe) (En,Fr,De,Es,It,Nl) [b]","英语伙计（欧版） (En,Fr,De,Es,It,Nl) [b]",NDS#1796,56.49MB
nds,"English Training - Have Fun Improving Your Skills (Europe) (Fr,De,Es,It,Nl)","英语训练（欧版） (Fr,De,Es,It,Nl)",NDS#1797,84.91MB
nds,"Enigmistica, L' (Italy)",,NDS#1798,3.44MB
nds,Enpitsu de Oku no Hosomichi DS (Japan),铅笔书写-奥州小道DS（日版）,NDS#1799,33.13MB
nds,"Entraineur Cerebral, L' - Kids (France)",宝宝教练（法国版）,NDS#1800,7.96MB
nds,"Entraineur Cerebral, L' - Logique (France) [b]",大脑训练-逻辑（法国版） [b],NDS#1801,7.65MB
nds,"Entraineur Cerebral, L' - Perception (France) [b]",大脑训练-知觉（法国版） [b],NDS#1802,9.90MB
nds,EQ Trainer DS - Dekiru Otona no Communication Jutsu (Japan),EQ指导员DS-成人的交流策略（日版）,NDS#1803,1.10MB
nds,Equestrian Training (Europe) [b],马术培训（欧版） [b],NDS#1804,9.94MB
nds,Equitation - Galops 1 a 4 (France),马术飞驰 1-4（法国版）,NDS#1805,10.21MB
nds,Equitation - Galops 1 a 7 (France) [b],马术-疾驰（法国版） [b],NDS#1806,10.79MB
nds,"Era Glaciale 3, L' - L'Alba dei Dinosauri (Italy)",冰河世纪3-恐龙的黎明（意大利版）,NDS#1807,21.39MB
nds,"Era Glaciale 4, L' - Continenti alla Deriva - Giochi Polari (Italy)",,NDS#1808,45.48MB
nds,"Eragon (Europe) (En,Fr,De,Es,It)","龙骑士（欧版） (En,Fr,De,Es,It)",NDS#1809,35.86MB
nds,Eragon (USA),龙骑士（美版）,NDS#1810,35.86MB
nds,"Escape the Museum (Europe) (En,Fr,It)","逃出博物馆（欧版） (En,Fr,It)",NDS#1811,17.06MB
nds,"Escape the Museum (Europe) (En,Fr,Nl)","逃出博物馆（欧版） (En,Fr,Nl)",NDS#1812,17.07MB
nds,Escape the Museum (Germany),逃出博物馆（德国版）,NDS#1813,17.31MB
nds,"Escape the Museum (USA) (En,Fr,De,Es)","逃出博物馆（美版） (En,Fr,De,Es)",NDS#1814,17.30MB
nds,ESSE Shikkari Kakeibo DS (Japan),ESSE 安全家计本（日版）,NDS#1815,4.67MB
nds,ESSE Shikkari Kakeibo DS (Japan) (Rev 1),ESSE 安全家计本（日版） （修正版 1）,NDS#1816,4.67MB
nds,Essential Sudoku DS (Europe),竞争数独DS（欧版）,NDS#1817,556.92KB
nds,Estpolis - The Lands Cursed by the Gods (Japan),四狂神战记（日版）,NDS#1818,34.56MB
nds,"Etrian Odyssey (Europe) (En,Fr,De,Es,It)","世界树迷宫（欧版） (En,Fr,De,Es,It)",NDS#1819,8.52MB
nds,Etrian Odyssey (USA),世界树迷宫（美版）,NDS#1820,7.11MB
nds,Etrian Odyssey II - Heroes of Lagaard (USA),世界树迷宫2-诸王的圣杯（美版）,NDS#1821,11.59MB
nds,Etrian Odyssey III - The Drowned City (USA),世界树迷宫3-星海的访客（美版）,NDS#1822,19.11MB
nds,Everything's Rosie (Europe),,NDS#1823,5.21MB
nds,"Evolution GT (Europe) (En,Fr,De,Es,It)","进化赛车GT（欧版） (En,Fr,De,Es,It)",NDS#1824,12.47MB
nds,"Exit DS (Europe) (En,Ja,Fr,De,Es,It)","非常口DS（欧版） (En,Ja,Fr,De,Es,It)",NDS#1825,7.53MB
nds,"Exit DS (USA) (En,Fr,De,Es,It)","非常口DS（美版） (En,Fr,De,Es,It)",NDS#1826,7.47MB
nds,Expeditie Robinson (Netherlands),远征罗宾逊（荷兰版）,NDS#1827,8.22MB
nds,Eyeshield 21 - Max Devil Power! (Japan),光速蒙面侠-究极恶魔之力（日版）,NDS#1828,16.76MB
nds,EZ-Flash V (World) (Unl),,NDS#1829,95.42KB
nds,EZ-Flash Vi (World) (Unl),,NDS#1830,1.61MB
nds,"F-24 - Stealth Fighter (Europe) (En,Fr,De,Es,It)","F-24-黑鹰战警（欧版） (En,Fr,De,Es,It)",NDS#1831,1.58MB
nds,F-24 - Stealth Fighter (USA),F-24-黑鹰战警（美版）,NDS#1832,1.57MB
nds,Fab 5 Soccer (USA),Fab 5 足球（美版）,NDS#1833,3.81MB
nds,Fab 5 Soccer (USA) (Rev 1),Fab 5 足球（美版） （修正版 1）,NDS#1834,3.81MB
nds,FabStyle (Japan),,NDS#1835,163.43MB
nds,Fabulous Finds (Europe),美妙的发现（欧版）,NDS#1836,13.79MB
nds,Fabulous Finds (USA),美妙的发现（美版）,NDS#1837,13.76MB
nds,Facening de Hyoujou Yutaka ni Inshou Up - Otona no DS Kao Training (Japan),使脸部表情丰富提高印象的-成人的DS表情训练（日版）,NDS#1838,16.89MB
nds,"Fairyland - Melody Magic (USA) (En,Fr,De,Es,It)",,NDS#1839,19.47MB
nds,"Fall fuer TKKG, Ein - Detektiv Gesucht! (Germany)",TKKG-少年侦探（德国版）,NDS#1840,6.74MB
nds,Famicom Wars DS (Japan),高级战争DS（日版）,NDS#1841,12.56MB
nds,Family Feud - 2010 Edition (USA),家庭智力抢答2010版（美版）,NDS#1842,4.12MB
nds,Family Fortunes (Europe),家族财富（欧版）,NDS#1843,7.28MB
nds,"Family Park Tycoon (Europe) (En,De)","拖车场大亨（欧版） (En,De)",NDS#1844,19.54MB
nds,"Famous - The Road to Glory! (Europe) (En,Fr,De,Es,It,Nl)","我要成名（欧版） (En,Fr,De,Es,It,Nl)",NDS#1845,11.73MB
nds,Fancy Nancy - Tea Party Time! (USA) (NDSi Enhanced),,NDS#1846,10.71MB
nds,"Fantastic Four - Rise of the Silver Surfer (Europe) (En,Fr,De,Es,It)","神奇四侠2-银影侠（欧版） (En,Fr,De,Es,It)",NDS#1847,28.44MB
nds,"Fantastic Four - Rise of the Silver Surfer (USA) (En,Fr,De,Es,It)","神奇四侠2-银影侠（美版） (En,Fr,De,Es,It)",NDS#1848,28.38MB
nds,"Fantasy Aquarium by DS (Europe) (En,Fr,De,Es,It)","梦幻水族馆DS（欧版） (En,Fr,De,Es,It)",NDS#1849,2.64MB
nds,Fantasy Aquarium by DS (USA),梦幻水族馆DS（美版）,NDS#1850,2.64MB
nds,"Farm Frenzy - Animal Country (Europe) (En,Fr,De,Es,It,Nl)","疯狂农场-动物王国（欧版） (En,Fr,De,Es,It,Nl)",NDS#1851,4.61MB
nds,"Farm Frenzy - Animal Country (USA) (En,Nl)","疯狂农场-动物王国（美版） (En,Nl)",NDS#1852,4.61MB
nds,"Farm Frenzy 3 (Europe) (En,Fr,De,Nl)",,NDS#1853,5.10MB
nds,"Farm Life - Manage Your Own Farm (Europe) (En,Fr,De,Es,It,Nl)","农场生活（欧版） (En,Fr,De,Es,It,Nl)",NDS#1854,4.41MB
nds,Farmtopia (USA),疯狂农场（美版）,NDS#1855,4.62MB
nds,"Fashion Designer - High Fashion (Europe) (En,Fr,De,Es,It)","时装设计师-高档时尚（欧版） (En,Fr,De,Es,It)",NDS#1856,19.72MB
nds,"Fashion Designer - Style Icon (Europe) (En,Fr,De,Es,It)","时装设计师（欧版） (En,Fr,De,Es,It)",NDS#1857,8.80MB
nds,Fashion Dogz (Europe),时尚宠物狗（欧版）,NDS#1858,13.90MB
nds,"Fashion Studio - Paris Collection (USA) (En,Fr,Es)","时尚工作室-巴黎收藏（美版） (En,Fr,Es)",NDS#1859,8.68MB
nds,"Fashion Tycoon (Europe) (En,Fr,De,Es,It,Nl)","时尚巨头（欧版） (En,Fr,De,Es,It,Nl)",NDS#1860,2.32MB
nds,"Fashion Week Jr. - Designer (USA) (En,Fr,Es)",,NDS#1861,19.71MB
nds,"Fast Food Panic (Europe) (En,Fr,De,Es,It)","快餐狂（欧版） (En,Fr,De,Es,It)",NDS#1862,9.16MB
nds,"Fast Food Panic (USA) (En,Fr,Es)","快餐狂（美版） (En,Fr,Es)",NDS#1863,9.56MB
nds,"Fee Lili-Rose 2, La - Mon Monde Merveilleux (Europe) (En,Fr,It)","莉莉菲公主-我的精彩世界（欧版） (En,Fr,It)",NDS#1864,37.82MB
nds,"Fee Lili-Rose, La - La Magie des Fees (Europe) (En,Fr,De)","莉莉菲公主（欧版） (En,Fr,De)",NDS#1865,12.34MB
nds,Feel the Magic - XY-XX (USA) (Demo) (Kiosk),为你而死（美版） （演示版） （商店演示版）,NDS#1866,12.94MB
nds,"Feel the Magic - XY-XX (USA) (En,Ja)","为你而死（美版） (En,Ja)",NDS#1867,12.24MB
nds,Feji (Russia),迪士尼精灵-小叮当(Russia),NDS#1868,37.78MB
nds,Feji (Russia) (Beta),迪士尼精灵-小叮当(Russia) （测试版）,NDS#1869,37.80MB
nds,"Ferrari Challenge - Trofeo Pirelli (USA) (En,Fr)","法拉利挑战赛（美版） (En,Fr)",NDS#1870,10.18MB
nds,"Ferrari Challenge - Trofeo Pirelli - European Series (Europe) (En,Fr,De,Es,It)","法拉利挑战赛（欧版） (En,Fr,De,Es,It)",NDS#1871,10.09MB
nds,"FIFA 06 (Europe) (En,Fr,De,Es,It,Nl)","FIFA足球2006（欧版） (En,Fr,De,Es,It,Nl)",NDS#1872,23.06MB
nds,"FIFA 07 (Europe) (En,Fr,De,Es,It,Nl)","FIFA 2007（欧版） (En,Fr,De,Es,It,Nl)",NDS#1873,24.43MB
nds,"FIFA 08 (Europe) (En,Fr,De,Es,It)","国际足盟大赛 FIFA 08（欧版） (En,Fr,De,Es,It)",NDS#1874,22.81MB
nds,"FIFA 08 (Europe) (En,Fr,De,Es,It) (Rev 1)","国际足盟大赛 FIFA 08（欧版） (En,Fr,De,Es,It) （修正版 1）",NDS#1875,22.64MB
nds,FIFA 08 (Korea),国际足盟大赛 FIFA 08（韩国版）,NDS#1876,22.55MB
nds,"FIFA 09 (Europe) (En,Fr,De,Es,It)","国际足盟大赛 FIFA 09（欧版） (En,Fr,De,Es,It)",NDS#1877,23.80MB
nds,FIFA 09 (Korea) [b],国际足盟大赛 FIFA 09（韩国版） [b],NDS#1878,23.71MB
nds,"FIFA 10 (Europe) (En,Fr,De,Es,It)","国际足盟大赛 FIFA 10（欧版） (En,Fr,De,Es,It)",NDS#1879,19.89MB
nds,FIFA 10 (Korea) [b],国际足盟大赛 FIFA 10（韩国版） [b],NDS#1880,19.78MB
nds,"FIFA 11 (Europe) (En,Fr,De,Es,It) (NDSi Enhanced)","国际足盟大赛 FIFA 11（欧版） (En,Fr,De,Es,It) (NDSi Enhanced)",NDS#1881,22.29MB
nds,FIFA Soccer 06 (USA),FIFA足球2006（美版）,NDS#1882,23.07MB
nds,FIFA Soccer 07 (USA),FIFA 2007（美版）,NDS#1883,24.43MB
nds,"FIFA Soccer 08 (USA) (En,Fr,De,Es,It)","国际足盟大赛 FIFA 08（美版） (En,Fr,De,Es,It)",NDS#1884,22.81MB
nds,"FIFA Soccer 09 (USA) (En,Fr,De,Es,It)","国际足盟大赛 FIFA 09（美版） (En,Fr,De,Es,It)",NDS#1885,23.80MB
nds,"FIFA Soccer 10 (USA) (En,Fr,De,Es,It)","国际足盟大赛 FIFA 10（美版） (En,Fr,De,Es,It)",NDS#1886,19.89MB
nds,"FIFA Soccer 11 (USA) (En,Fr,De,Es,It) (NDSi Enhanced)","FIFA世界杯11（美版） (En,Fr,De,Es,It) (NDSi Enhanced)",NDS#1887,22.29MB
nds,"FIFA Street 2 (Europe) (En,Fr,De)","FIFA街头足球2（欧版） (En,Fr,De)",NDS#1888,22.66MB
nds,"FIFA Street 2 (USA) (En,Fr,De)","FIFA街头足球2（美版） (En,Fr,De)",NDS#1889,22.66MB
nds,"FIFA Street 3 (Europe) (En,Fr,De,Es,It)","FIFA街头足球3（欧版） (En,Fr,De,Es,It)",NDS#1890,24.12MB
nds,"FIFA Street 3 (Europe) (En,Fr,De,Es,It) (Rev 1)","FIFA街头足球3（欧版） (En,Fr,De,Es,It) （修正版 1）",NDS#1891,24.13MB
nds,"FIFA Street 3 (USA) (En,Fr,Es)","FIFA街头足球3（美版） (En,Fr,Es)",NDS#1892,24.12MB
nds,Fifi and the Flowertots (Europe) [b],花童菲菲（欧版） [b],NDS#1893,5.42MB
nds,Fifi and the Flowertots - Fifi's Garden Party (Europe),,NDS#1894,5.08MB
nds,Fighting Fantasy - The Warlock of Firetop Mountain (USA),战斗幻想-火焰山的魔法师（美版）,NDS#1895,26.79MB
nds,Figure Princess - Dugeundugeun Skating - Geum-medaleul Noryeora! (Korea),滑冰公主（韩国版）,NDS#1896,41.97MB
nds,Figure Skating - Eunban wiui Yojeong (Korea) [b],花样滑冰（韩国版） [b],NDS#1897,21.59MB
nds,Final Fantasy - The 4 Heroes of Light (Europe),最终幻想-光之四战士（欧版）,NDS#1898,21.74MB
nds,Final Fantasy - The 4 Heroes of Light (USA),最终幻想-光之四战士（美版）,NDS#1899,21.74MB
nds,"Final Fantasy Crystal Chronicles - Echoes of Time (Europe) (En,Fr,De,Es)","最终幻想水晶编年史-时间的共鸣（欧版） (En,Fr,De,Es)",NDS#1900,78.23MB
nds,Final Fantasy Crystal Chronicles - Echoes of Time (Japan),最终幻想水晶编年史-时间的共鸣（日版）,NDS#1901,77.70MB
nds,"Final Fantasy Crystal Chronicles - Echoes of Time (USA) (En,Fr,Es)","最终幻想水晶编年史-时间的共鸣（美版） (En,Fr,Es)",NDS#1902,78.18MB
nds,"Final Fantasy Crystal Chronicles - Ring of Fates (Europe) (En,Fr,De,Es)","最终幻想水晶编年史-命运之轮（欧版） (En,Fr,De,Es)",NDS#1903,67.02MB
nds,Final Fantasy Crystal Chronicles - Ring of Fates (Japan),最终幻想水晶编年史-命运之轮（日版）,NDS#1904,67.92MB
nds,"Final Fantasy Crystal Chronicles - Ring of Fates (USA) (En,Es)","最终幻想水晶编年史-命运之轮（美版） (En,Es)",NDS#1905,67.02MB
nds,"Final Fantasy Crystal Chronicles - Ring of Fates (USA) (En,Es) (Demo) (Kiosk)","最终幻想水晶编年史-命运之轮（美版） (En,Es) （演示版） （商店演示版）",NDS#1906,50.86MB
nds,"Final Fantasy Fables - Chocobo Tales (Europe) (En,Fr,De,Es,It)","最终幻想-陆行鸟和魔法绘本（欧版） (En,Fr,De,Es,It)",NDS#1907,29.96MB
nds,Final Fantasy Fables - Chocobo Tales (USA),最终幻想-陆行鸟和魔法绘本（美版）,NDS#1908,27.13MB
nds,"Final Fantasy III (Europe) (En,Fr,De,Es,It)","最终幻想3（欧版） (En,Fr,De,Es,It)",NDS#1909,47.72MB
nds,Final Fantasy III (Japan),最终幻想3（日版）,NDS#1910,60.08MB
nds,Final Fantasy III (USA),最终幻想3（美版）,NDS#1911,60.07MB
nds,"Final Fantasy IV (Europe) (En,Fr,De,Es,It)","最终幻想4（欧版） (En,Fr,De,Es,It)",NDS#1912,76.08MB
nds,Final Fantasy IV (Japan),最终幻想4（日版）,NDS#1913,79.53MB
nds,"Final Fantasy IV (USA) (En,Fr,Es)","最终幻想4（美版） (En,Fr,Es)",NDS#1914,76.65MB
nds,Final Fantasy Tactics A2 - Fuuketsu no Grimoire (Japan),最终幻想战略版A2-封穴的魔法书（日版）,NDS#1915,56.86MB
nds,"Final Fantasy Tactics A2 - Grimoire of the Rift (Europe) (En,Fr,De,Es)","最终幻想战略版A2-封穴的魔法书（欧版） (En,Fr,De,Es)",NDS#1916,58.59MB
nds,"Final Fantasy Tactics A2 - Grimoire of the Rift (USA) (En,Fr,Es)","最终幻想战略版A2-封穴的魔法书（美版） (En,Fr,Es)",NDS#1917,58.59MB
nds,"Final Fantasy XII - Revenant Wings (Europe) (En,Fr,De,Es,It)","最终幻想12-亡灵之翼（欧版） (En,Fr,De,Es,It)",NDS#1918,43.03MB
nds,Final Fantasy XII - Revenant Wings (Japan),最终幻想12-亡灵之翼（日版）,NDS#1919,40.83MB
nds,Final Fantasy XII - Revenant Wings (USA),最终幻想12-亡灵之翼（美版）,NDS#1920,40.56MB
nds,"Finde die Unterschiede - Foto Frenzy (Europe) (En,Fr,De,Es,It)","寻找差异-疯狂照片（欧版） (En,Fr,De,Es,It)",NDS#1921,11.66MB
nds,Findet Nemo - Flucht in den Ozean (Germany),海底总动员（德国版）,NDS#1922,10.23MB
nds,Finding Nemo - Escape to the Big Blue (Europe),寻找尼莫（欧版）,NDS#1923,10.14MB
nds,"Finding Nemo - Escape to the Big Blue (Europe) (Es,It)","寻找尼莫（欧版） (Es,It)",NDS#1924,10.91MB
nds,"Finding Nemo - Escape to the Big Blue (Europe) (Fr,Nl)","寻找尼莫（欧版） (Fr,Nl)",NDS#1925,10.89MB
nds,Finding Nemo - Escape to the Big Blue (USA),寻找尼莫（美版）,NDS#1926,10.16MB
nds,"Finding Nemo - Escape to the Big Blue - Special Edition (Europe) (En,Es)",,NDS#1927,26.17MB
nds,"Finding Nemo - Escape to the Big Blue - Special Edition (Europe) (Fr,De,It,Nl)",,NDS#1928,34.14MB
nds,Finding Nemo - Escape to the Big Blue - Special Edition (USA),,NDS#1929,22.17MB
nds,Finding Nemo - Touch de Nemo (Japan),海底总动员-触摸尼莫（日版）,NDS#1930,10.76MB
nds,"Fire Emblem - Shadow Dragon (Europe) (En,Fr,De,Es,It)","火焰之纹章-新暗黑龙与光之剑（欧版） (En,Fr,De,Es,It)",NDS#1931,36.86MB
nds,Fire Emblem - Shadow Dragon (USA),火焰之纹章-新暗黑龙与光之剑（美版）,NDS#1932,33.62MB
nds,Fire Emblem - Shin Ankoku Ryuu to Hikari no Ken (Japan),火焰之纹章-新暗黑龙与光之剑（日版）,NDS#1933,33.41MB
nds,Fire Emblem - Shin Monshou no Nazo - Hikari to Kage no Eiyuu (Japan) (Rev 1) (NDSi Enhanced),火焰之纹章-新纹章之谜-光与影的英雄（日版） （修正版 1） (NDSi Enhanced),NDS#1934,61.07MB
nds,Fireman Sam (Europe),小小救生队（欧版）,NDS#1935,5.99MB
nds,Fireman Sam - Action Stations (Europe),,NDS#1936,4.93MB
nds,"Fish Tycoon (Europe) (En,Fr,De,Es,It)","养鱼大亨（欧版） (En,Fr,De,Es,It)",NDS#1937,8.66MB
nds,Fish Tycoon (USA),养鱼大亨（美版）,NDS#1938,8.77MB
nds,"Fishdom (Europe) (Fr,De)","小鱼自由方块（欧版） (Fr,De)",NDS#1939,2.90MB
nds,"Fishdom (Europe) (Fr,Nl)","小鱼自由方块（欧版） (Fr,Nl)",NDS#1940,2.90MB
nds,"Fishdom (USA) (En,Fr)","小鱼自由方块（美版） (En,Fr)",NDS#1941,2.89MB
nds,Fit for Fun - Der Interaktive Ernaehrungscoach (Germany),快乐减肥（德国版）,NDS#1942,4.61MB
nds,"Fix It (Europe) (En,Fr,De,Es,It,Nl)","修理它（欧版） (En,Fr,De,Es,It,Nl)",NDS#1943,23.85MB
nds,"Fizz (Europe) (En,Fr,De,Es,It)","费兹解迷（欧版） (En,Fr,De,Es,It)",NDS#1944,1.07MB
nds,"Flaaklypa Grand Prix (Europe) (En,Sv,No,Da)","绝壁赛车（欧版） (En,Sv,No,Da)",NDS#1945,41.33MB
nds,"Flash Focus - Vision Training in Minutes a Day (USA) (En,Fr,Es)","DS眼力训练（美版） (En,Fr,Es)",NDS#1946,8.65MB
nds,"Flipper Critters (Europe) (En,Fr,De,Es,It)","动物弹珠台（欧版） (En,Fr,De,Es,It)",NDS#1947,6.85MB
nds,"Flipper Critters (USA) (En,Fr,De,Es,It)","动物弹珠台（美版） (En,Fr,De,Es,It)",NDS#1948,6.85MB
nds,Flips 6 Book Pack - Cathy Cassidy (Europe),菲利普斯-卡瑟迪（欧版）,NDS#1949,3.51MB
nds,Flips 6 Book Pack - Enid Blyton - Faraway Tree Stories (Europe),菲利普斯-遥远的树之物语（欧版）,NDS#1950,4.84MB
nds,Flips 6 Book Pack - Eoin Colfer - Artemis Fowl (Europe),菲利普斯-阿特米斯奇幻历险（欧版）,NDS#1951,3.80MB
nds,Flips 6 Book Pack - Mr Gum by Andy Stanton (Europe),互动书籍-胶先生（欧版）,NDS#1952,5.53MB
nds,Flips 6 Book Pack - Rick Riordan - Percy Jackson (Europe),互动书籍-珀西.杰克逊（欧版）,NDS#1953,4.26MB
nds,Flips 8 Book Pack - Enid Blyton - The Adventure Series (Europe),翻转-伊尼德布莱顿-探险系列（欧版）,NDS#1954,5.83MB
nds,Flips 8 Book Pack - Too Ghoul for School (Europe),菲利普斯-校园幽灵（欧版）,NDS#1955,4.23MB
nds,Florist Shop (Germany),花店（德国版）,NDS#1956,3.59MB
nds,Florist Shop (USA),花店（美版）,NDS#1957,3.59MB
nds,"Flower, Sun and Rain - Murder and Mystery in Paradise (Europe) (En,Fr,De,Es,It)","花,太阳和雨（欧版） (En,Fr,De,Es,It)",NDS#1958,36.91MB
nds,"Flower, Sun and Rain - Murder and Mystery in Paradise (USA)","花,太阳和雨（美版）",NDS#1959,33.08MB
nds,"Fluch der Osterinsel, Der (Germany) (NDSi Enhanced)",诅咒的复活节岛（德国版） (NDSi Enhanced),NDS#1960,23.59MB
nds,Flunkene Pirater (Norway),,NDS#1961,40.58MB
nds,"Flunkerne - Paa Maanen (Europe) (No,Da)",,NDS#1962,48.68MB
nds,"Flunkerne - Superskurke (Europe) (No,Da) [b]","弗伦科内-超级捣蛋鬼（欧版） (No,Da) [b]",NDS#1963,46.02MB
nds,Flunkerne Pirater (Denmark),,NDS#1964,42.75MB
nds,Flushed Away (Europe),鼠国流浪记（欧版）,NDS#1965,10.08MB
nds,"Flushed Away (Europe) (De,It)","鼠国流浪记（欧版） (De,It)",NDS#1966,9.09MB
nds,"Flushed Away (Europe) (Fr,Es)","鼠国流浪记（欧版） (Fr,Es)",NDS#1967,9.08MB
nds,Flushed Away (USA),鼠国流浪记（美版）,NDS#1968,10.08MB
nds,"Football Academy - Build and Prove Your Football Knowledge (Europe) (En,Fr,De,Es,It)","足球训练学校（欧版） (En,Fr,De,Es,It)",NDS#1969,23.94MB
nds,Football Director DS (Europe),足球主管DS（欧版）,NDS#1970,2.37MB
nds,"Ford Racing 3 (Europe) (En,Fr,De,Es,It)","福特赛车3（欧版） (En,Fr,De,Es,It)",NDS#1971,5.95MB
nds,Ford Racing 3 (USA),福特赛车3（美版）,NDS#1972,5.94MB
nds,Fort Boyard - Casse-tetes & Enigmes (France),博涯堡垒:困惑与谜团（法国版）,NDS#1973,11.45MB
nds,Fort Boyard - Le Jeu (France),博涯堡垒-开战（法国版）,NDS#1974,5.54MB
nds,Fort Boyard - Le Jeu (France) (Rev 1),博涯堡垒-开战（法国版） （修正版 1）,NDS#1975,6.96MB
nds,Fossil Fighters (USA),我们是化石挖掘者（美版）,NDS#1976,77.99MB
nds,Fossil Fighters (USA) (Demo) (Kiosk),我们是化石挖掘者（美版） （演示版） （商店演示版）,NDS#1977,49.31MB
nds,Fossil Fighters Champions (USA) (NDSi Enhanced),,NDS#1978,169.51MB
nds,Fossil League - Dino Tournament Championship (Europe),化石联盟-恐龙冠军巡回锦标赛（欧版）,NDS#1979,17.45MB
nds,Fossil League - Dino Tournament Championship (USA),化石联盟-恐龙冠军巡回锦标赛（美版）,NDS#1980,17.45MB
nds,Foster's Home for Imaginary Friends - Imagination Invaders (Europe),鬼马狂想屋-假想入侵者（欧版）,NDS#1981,38.21MB
nds,Foster's Home for Imaginary Friends - Imagination Invaders (USA),鬼马狂想屋-假想入侵者（美版）,NDS#1982,38.21MB
nds,"Foto Frenzy - Spot the Difference (USA) (En,Fr,Es)","寻找差异-疯狂照片（美版） (En,Fr,Es)",NDS#1983,11.67MB
nds,"Franklin's Great Adventures (Europe) (En,Fr,De,Es,It,Nl,Pt,Da)","富兰克林之伟大冒险（欧版） (En,Fr,De,Es,It,Nl,Pt,Da)",NDS#1984,1.33MB
nds,"Franklin's Great Adventures (USA) (En,Fr,Es)","富兰克林之伟大冒险（美版） (En,Fr,Es)",NDS#1985,1.33MB
nds,Franzis Gedaechtnistrainer (Germany),记忆教练（德国版）,NDS#1986,2.54MB
nds,"Franzoesisch Buddy (Europe) (Fr,De,Es,It) [b]","法国伙计（欧版） (Fr,De,Es,It) [b]",NDS#1987,36.81MB
nds,"Freddi Fish - ABC under the Sea (Europe) (En,Fr,De,Es,It,Nl)","小鱼弗雷迪和朋友-在海底下的ABC（欧版） (En,Fr,De,Es,It,Nl)",NDS#1988,10.83MB
nds,Freddi Fish - ABC under the Sea (USA),小鱼弗雷迪和朋友-在海底下的ABC（美版）,NDS#1989,4.96MB
nds,Freddie Flintoff's Power Play Cricket (Europe),弗雷迪弗林夫的棒球（欧版）,NDS#1990,8.20MB
nds,Freedom Wings (Europe),自由之翼（欧版）,NDS#1991,2.13MB
nds,Freedom Wings (USA),自由之翼（美版）,NDS#1992,2.13MB
nds,Fresh PreCure! - Asobi Collection (Japan),光之美少女!玩乐收藏（日版）,NDS#1993,41.70MB
nds,"Freshly-Picked - Tingle's Rosy Rupeeland (Europe) (En,Fr,De,Es,It)","秦克尔的玫瑰色卢比乐园（欧版） (En,Fr,De,Es,It)",NDS#1994,31.88MB
nds,"Fritz (Europe) (En,Fr,De,Es,It)","象棋大师（欧版） (En,Fr,De,Es,It)",NDS#1995,1.74MB
nds,"Fritz Chess (USA) (En,Fr,Es)","西洋棋高手（美版） (En,Fr,Es)",NDS#1996,1.74MB
nds,"Frogger - Helmet Chaos (Europe) (En,Fr,De,Es,It)","青蛙过河（欧版） (En,Fr,De,Es,It)",NDS#1997,25.03MB
nds,Frogger - Helmet Chaos (USA),青蛙过河（美版）,NDS#1998,26.05MB
nds,"Frogman Show D.S., The - Datte, Shouganai Janai. (Japan)",蛙男秀DS（日版）,NDS#1999,34.75MB
nds,"From the Abyss (Europe) (En,Fr,De,Es,It)","来自深渊（欧版） (En,Fr,De,Es,It)",NDS#2000,5.92MB
nds,From the Abyss (Japan),来自深渊（日版）,NDS#2001,5.45MB
nds,From the Abyss (USA),来自深渊（美版）,NDS#2002,5.43MB
nds,Front Mission (USA),前线任务（美版）,NDS#2003,16.33MB
nds,Front Mission 1st (Japan),前线任务（日版）,NDS#2004,16.28MB
nds,Front Mission 1st (Japan) (Rev 1),前线任务（日版） （修正版 1）,NDS#2005,24.61MB
nds,Front Mission 2089 - Border of Madness (Japan),前线任务2089-疯狂边界（日版）,NDS#2006,21.43MB
nds,Fruits Mura no Doubutsu-tachi 2 - Osora no Fruits Land (Japan),水果村的动物们2（日版）,NDS#2007,3.09MB
nds,Fruits Mura no Doubutsu-tachi 2 - Osora no Fruits Land (Japan) (Rev 1),水果村的动物们2（日版） （修正版 1）,NDS#2008,3.09MB
nds,Fuehrerschein Coach 2008 (Germany),驾驶执照教练 2008（德国版）,NDS#2009,16.29MB
nds,Fuehrerschein-Trainer (Germany),驾驶教练（德国版）,NDS#2010,8.90MB
nds,Fujimori Midori no Let's Tarot - Anata mo Kyou kara Uranaishi (Japan),藤森绿的Let's 塔罗牌（日版）,NDS#2011,32.49MB
nds,Fukoumori - Molily no Unhappy Project (Japan),蝙蝠猫莉-猫莉的恶作剧之旅（日版）,NDS#2012,11.23MB
nds,Fullmetal Alchemist - Dual Sympathy (Europe),钢之炼金术师-双重羁绊（欧版）,NDS#2013,23.42MB
nds,Fullmetal Alchemist - Dual Sympathy (USA),钢之炼金术师-双重羁绊（美版）,NDS#2014,23.41MB
nds,Fullmetal Alchemist - Trading Card Game (USA),钢之炼金术士-卡片对战游戏（美版）,NDS#2015,21.52MB
nds,Fushigi Kagaku - Nazotoki Quiz Training - Nazotore (Japan),神奇科学-猜谜训练（日版）,NDS#2016,14.95MB
nds,Fushigi no Dungeon - Fuurai no Shiren 4 - Kami no Hitomi to Akuma no Heso (Japan),不可思议的迷宫-风来的西林4 神之眼与恶魔之肚脐（日版）,NDS#2017,16.81MB
nds,Fushigi no Dungeon - Fuurai no Shiren 5 - Fortune Tower to Unmei no Dice (Japan),不可思议的迷宫风来的西林5-命运之塔与命运骰子（日版）,NDS#2018,19.41MB
nds,Fushigi no Dungeon - Fuurai no Shiren DS (Japan),不可思议的迷宫-风来之西林DS（日版）,NDS#2019,6.25MB
nds,Fushigi no Dungeon - Fuurai no Shiren DS 2 - Sabaku no Majou (Japan),不可思议的迷宫-风来之西林2 砂漠的魔城（日版）,NDS#2020,11.65MB
nds,Fushigi Yuugi DS (Japan),梦幻游戏DS（日版）,NDS#2021,157.88MB
nds,Futari wa PreCure Max Heart - Danzen! DS de PreCure - Chikara o Awasete Dai-battle!! (Japan),美丽祭祀二人组-满心-合力大作战（日版）,NDS#2022,18.53MB
nds,Futari wa PreCure Splash Star - Panpaka Game de Zekkouchou! (Japan),美丽祭师二人组（日版）,NDS#2023,13.12MB
nds,futureU - The Prep Game for SAT (USA),为了大学-星期六的预习游戏（美版）,NDS#2024,4.19MB
nds,Fuuun! Dairoujou (Japan),风云-大笼城（日版）,NDS#2025,2.59MB
nds,Fuyu no Sonata DS (Japan) (NDSi Enhanced),,NDS#2026,190.96MB
nds,"G-Force (Europe) (De,It)","鼠胆妙算（欧版） (De,It)",NDS#2027,51.21MB
nds,"G-Force (Europe) (En,Fr,Es,Nl)","鼠胆妙算（欧版） (En,Fr,Es,Nl)",NDS#2028,51.21MB
nds,"G-Force (Europe) (En,Sv,No,Da)","鼠胆妙算（欧版） (En,Sv,No,Da)",NDS#2029,51.21MB
nds,"G-Force (USA) (En,Fr,Es)","鼠胆妙算（美版） (En,Fr,Es)",NDS#2030,55.40MB
nds,G.G Series Collection+ (Japan),G.G系列精选（日版）,NDS#2031,23.37MB
nds,"G.I. Joe - The Rise of Cobra (Europe) (En,Fr,De,Es,It)","特种部队 - 眼镜蛇的崛起（欧版） (En,Fr,De,Es,It)",NDS#2032,18.30MB
nds,"G.I. Joe - The Rise of Cobra (USA) (En,Fr,Es)","特种部队 - 眼镜蛇的崛起（美版） (En,Fr,Es)",NDS#2033,18.31MB
nds,G6DS Real (World) (Unl),,NDS#2034,63.27KB
nds,Gabu Gabu Planet (Japan),贪吃星球（日版）,NDS#2035,11.07MB
nds,Gachapin Challenge DS (Japan),卡奇宾大挑战DS（日版）,NDS#2036,14.33MB
nds,Gachapin Nikki DS (Japan),咖查宾日记DS（日版）,NDS#2037,16.19MB
nds,Gaitame Baibai Trainer - Kabutore FX (Japan),外汇交易训练器 FX（日版）,NDS#2038,9.82MB
nds,Gakken - Chuugokugo Zanmai DS (Japan),学研-中国语三昧DS（日版）,NDS#2039,43.74MB
nds,Gakken - Thai-Go Indonesia-Go Zanmai DS (Japan),,NDS#2040,19.18MB
nds,Gakken Chuugokugo Zanmai DS - Kiki & Kaki Training (Japan) [b],,NDS#2041,28.36MB
nds,Gakken DS - Otona no Gakushuu - Kindaichi Sensei no Nihongo Lesson (Japan),学研DS大人的学习-金田一老师的日本语课程（日版）,NDS#2042,17.49MB
nds,Gakken DS - Shin TOEIC Test Kanzen Kouryaku (Japan),学研DS-新托福考试完全攻略（日版）,NDS#2043,57.03MB
nds,Gakken DS - Shin TOEIC Test Kanzen Kouryaku (Japan) (Rev 1),学研DS-新托福考试完全攻略（日版） （修正版 1）,NDS#2044,57.03MB
nds,Gakken Eigo Zanmai DS (Japan),学研英语三昧 DS（日版）,NDS#2045,20.76MB
nds,Gakken Europe 4-kakokugo Zanmai DS (Japan) [b],,NDS#2046,32.90MB
nds,Gakken Hangeul Zanmai DS (Japan),学研韩文自修 DS（日版）,NDS#2047,23.36MB
nds,Gakken Hangul Zanmai DS - Kiki & Kaki Training (Japan),,NDS#2048,32.48MB
nds,Gakken M Bunko Presents - Monoshiri Edo Meijin (Japan),学研M文库出品-博古通今江户名人（日版）,NDS#2049,2.55MB
nds,Gakken Mainichi no Drill DS - Mezase! Miracle Shougaku 1 Nensei (Japan),学研每日训练DS-奇迹小一学生（日版）,NDS#2050,5.69MB
nds,Gakken Mu Henshuubu Kanshuu - Choujou Genshou Research File (Japan),学研MU编辑部监制-超常现象研究档案（日版）,NDS#2051,5.06MB
nds,Gakken Shin TOEIC Test - Kanzen Kouryaku 2 (Japan),,NDS#2052,91.17MB
nds,Gakken Youten Rank Jun Series - Kagaku DS (Japan),学园要点系列-科学DS（日版）,NDS#2053,2.81MB
nds,Gakken Youten Rank Jun Series - Kagaku DS (Japan) (Rev 1),学园要点系列-科学DS（日版） （修正版 1）,NDS#2054,3.35MB
nds,Gakken Youten Rank Jun Series - Nihon no Rekishi DS (Japan),学园要点系列-日本的历史DS（日版）,NDS#2055,2.53MB
nds,Gakken Youten Rank Jun Series - Nihon no Rekishi DS (Japan) (Rev 1),学园要点系列-日本的历史DS（日版） （修正版 1）,NDS#2056,2.53MB
nds,Gakkou no Kaidan DS (Japan),学校怪谈DS（日版）,NDS#2057,5.69MB
nds,Gakkou no Kowai Uwasa - Hanako-san ga Kita!! - Minna no Hanako-san (Japan),学校恐怖传说-花子来了!大家的花子（日版）,NDS#2058,22.65MB
nds,Gakuen Alice - Waku Waku Happy Friends (Japan),学院爱丽丝（日版）,NDS#2059,7.59MB
nds,Gakuen Hetalia DS (Japan) [b],,NDS#2060,363.18MB
nds,"Galactic Taz Ball (Europe) (En,Fr,De,Es,It,Nl)","银河塔兹球（欧版） (En,Fr,De,Es,It,Nl)",NDS#2061,16.76MB
nds,"Galactic Taz Ball (USA) (En,Fr,Es,Pt)","银河塔兹球（美版） (En,Fr,Es,Pt)",NDS#2062,16.76MB
nds,"Galactik Football (Europe) (En,Fr,De,Es,It)","银河系足球世界杯（欧版） (En,Fr,De,Es,It)",NDS#2063,34.45MB
nds,"Galaxy Racers (Europe) (En,Fr,De,Es,It)","银河车手（欧版） (En,Fr,De,Es,It)",NDS#2064,17.30MB
nds,"Galaxy Racers (USA) (En,Fr,De,Es,It)","银河车手（美版） (En,Fr,De,Es,It)",NDS#2065,17.30MB
nds,Galileo (Japan),神探伽利略（日版）,NDS#2066,36.24MB
nds,Galileo Mystery - Die Krone des Midas (Germany),神秘伽利略米达斯王冠（德国版）,NDS#2067,24.07MB
nds,"Game & Watch Collection (Japan) (En,Ja) (Club Nintendo)","game & watch精选集（日版） (En,Ja) (Club Nintendo)",NDS#2068,639.80KB
nds,"Game & Watch Collection (USA, Europe) (Club Nintendo)",game & watch精选集（美版 欧版） (Club Nintendo),NDS#2069,639.21KB
nds,Game & Watch Collection 2 (Japan) (Club Nintendo),game & watch精选集 2（日版） (Club Nintendo),NDS#2070,605.80KB
nds,Game & Watch Collection 2 (USA) (Club Nintendo),game & watch精选集 2（美版） (Club Nintendo),NDS#2071,613.34KB
nds,Game Center CX - Arino no Chousenjou (Japan),游戏中心CX-有野的挑战书（日版）,NDS#2072,6.07MB
nds,Game Center CX - Arino no Chousenjou 2 (Japan),游乐场 CX 有野的挑战书 2（日版）,NDS#2073,20.81MB
nds,Game de Demashita! Powerpuff Girls Z (Japan),飞天小女警Z（日版）,NDS#2074,6.34MB
nds,"Game Hits (Europe) (En,Fr,De,Es,It,Nl)","热门游戏（欧版） (En,Fr,De,Es,It,Nl)",NDS#2075,5.78MB
nds,Game Hits! (USA),,NDS#2076,5.78MB
nds,Gamebook DS - Aquarian Age - Perpetual Period (Japan),游戏书DS-水瓶世纪（日版）,NDS#2077,40.63MB
nds,Gamebook DS - Koukaku no Regios (Japan),游戏书DS-钢壳都市雷吉欧斯（日版）,NDS#2078,17.08MB
nds,Gamebook DS - Sword World 2.0 (Japan),游戏书DS-剑之世界2.0（日版）,NDS#2079,18.70MB
nds,"Games Around the World (USA) (En,Fr)","环游世界（美版） (En,Fr)",NDS#2080,2.94MB
nds,Ganbare Goemon - TokaiDouchuu Ooedo Tengurigaeshi no Maki (Japan),加油伍佑卫门:大江户天狗返还之卷（日版）,NDS#2081,31.18MB
nds,Ganbaru Watashi no Kakei Diary (Japan),加油-我的家计日记（日版）,NDS#2082,5.05MB
nds,Ganbaru Watashi no Kakei Diary (Japan) (Rev 1),加油-我的家计日记（日版） （修正版 1）,NDS#2083,5.05MB
nds,"Gang del Bosco, La (Italy)",篱笆墙外（意大利版）,NDS#2084,22.13MB
nds,Gardening Guide - How to Get Green Fingers (Australia),园艺指南（澳洲版）,NDS#2085,14.66MB
nds,"Gardening Guide - How to Get Green Fingers (Europe) (En,Fr,De)","园艺指南（欧版） (En,Fr,De)",NDS#2086,14.65MB
nds,"Gardening Mama (Europe) (En,Fr,De,Es,It)","园艺妈妈（欧版） (En,Fr,De,Es,It)",NDS#2087,13.75MB
nds,"Gardening Mama (Europe) (En,Fr,De,Es,It) (Rev 1)","园艺妈妈（欧版） (En,Fr,De,Es,It) （修正版 1）",NDS#2088,13.75MB
nds,Gardening Mama (Japan),园艺妈妈（日版）,NDS#2089,13.75MB
nds,Gardening Mama (USA),园艺妈妈（美版）,NDS#2090,13.74MB
nds,"Gardenscapes (Europe) (En,Fr,De,Nl)",,NDS#2091,10.77MB
nds,"Garfield - A Tail of Two Kitties (USA) (En,Fr,Es)","加菲猫-双猫记（美版） (En,Fr,Es)",NDS#2092,4.74MB
nds,"Garfield 2 (Europe) (En,Fr,De,Es,It,Nl,Pt,Sv,No,Da,Fi)","加菲猫2（欧版） (En,Fr,De,Es,It,Nl,Pt,Sv,No,Da,Fi)",NDS#2093,4.75MB
nds,"Garfield Gets Real (Europe) (En,Fr,De,Es,It)","加菲猫-现实世界历险记（欧版） (En,Fr,De,Es,It)",NDS#2094,4.81MB
nds,Garfield Gets Real (USA),加菲猫-现实世界历险记（美版）,NDS#2095,4.81MB
nds,"Garfield's Fun Fest (Europe) (En,Fr,De,Es,It)","加菲猫的狂欢节（欧版） (En,Fr,De,Es,It)",NDS#2096,4.98MB
nds,Garfield's Fun Fest (USA),加菲猫的狂欢节（美版）,NDS#2097,4.92MB
nds,"Garfield's Nightmare (Europe) (En,Fr,De,Es,It,Nl,Pt,Sv,No,Da,Fi)","加菲猫的噩梦（欧版） (En,Fr,De,Es,It,Nl,Pt,Sv,No,Da,Fi)",NDS#2098,6.25MB
nds,"Garfield's Nightmare (USA) (En,Fr,Es)","加菲猫的噩梦（美版） (En,Fr,Es)",NDS#2099,6.25MB
nds,"Gauntlet (Europe) (En,Fr,De,Es,It) (Proto)",,NDS#2100,24.77MB
nds,"Gauntlet (USA) (En,Fr,Es) (Proto)",,NDS#2101,24.76MB
nds,Gegege no Kitarou - Youkai Daigekisen (Japan),鬼太郎-妖怪大激战（日版）,NDS#2102,8.23MB
nds,"Geheimnis von Dragonville, Das - May's Mystery (Germany)",五月的冒险-消失（德国版）,NDS#2103,31.66MB
nds,Gekifu Bakegyamon - Ayakashi Fighting (Japan),妖逆门（日版）,NDS#2104,15.94MB
nds,Gekikara Nanpure 2500 Mon (Japan),SuperLite2500-麻辣数独2500问（日版）,NDS#2105,4.41MB
nds,Gekitou! Custom Robo (Japan),激斗!组合机器人（日版）,NDS#2106,36.31MB
nds,"Gem Quest - 4 Elements (USA) (En,Fr)","四元素（美版） (En,Fr)",NDS#2107,8.94MB
nds,"Gendai Daisenryaku DS - Isshoku Sokuhatsu, Gunji Balance Houkai (Japan) [b]",现代大战略DS-一触即发-军事平衡崩毁（日版） [b],NDS#2108,21.22MB
nds,"Generator Rex - Agent of Providence (Europe) (En,Fr,De,Es,It)",,NDS#2109,55.95MB
nds,"Generator Rex - Agent of Providence (USA) (En,Fr)",,NDS#2110,55.95MB
nds,"Genio de las Palabras, El (Spain)",单词天才（西班牙版）,NDS#2111,8.82MB
nds,Genmu no Tou to Tsurugi no Okite (Japan),幻雾之塔与剑之法则（日版）,NDS#2112,6.02MB
nds,Gensou Suikoden - Tierkreis (Japan),幻想水浒传-黄道之轮（日版）,NDS#2113,192.75MB
nds,"GEO Wunder Natur Puzzle - Echter Puzzlespass fuer Unterwegs (Europe) (En,Fr,De,Es,It)","谜 GEO（欧版） (En,Fr,De,Es,It)",NDS#2114,3.48MB
nds,Geojisui Yunmugok (Korea),虚伪轮舞曲（韩国版）,NDS#2115,12.70MB
nds,GEOlino PowerQuiz - Wissen fuer Kinder (Germany),大百科难题（德国版）,NDS#2116,21.98MB
nds,"Geomaster (Europe) (En,Fr,De,Es,It)","世界地图（欧版） (En,Fr,De,Es,It)",NDS#2117,2.82MB
nds,"Geometry Wars - Galaxies (Europe) (En,Fr,De,Es,It)","几何战争-银河（欧版） (En,Fr,De,Es,It)",NDS#2118,23.02MB
nds,Geometry Wars - Galaxies (USA),几何战争-银河（美版）,NDS#2119,23.02MB
nds,"George of the Jungle (Europe) (En,Fr,De,Es,It)","森林泰山（欧版） (En,Fr,De,Es,It)",NDS#2120,14.35MB
nds,George of the Jungle and the Search for the Secret (USA),森林泰山（美版）,NDS#2121,14.09MB
nds,Germany's Next Topmodel - Das Offizielle Spiel zur Show (Germany),德国顶级模特（德国版）,NDS#2122,38.18MB
nds,Germany's Next Topmodel - Das Offizielle Spiel zur Staffel 2009 (Germany),下一个顶尖模特儿（德国版）,NDS#2123,15.72MB
nds,Germany's Next Topmodel - Das Offizielle Spiel zur Staffel 2010 (Germany) (NDSi Enhanced),德国下一个顶级模特 2010（德国版） (NDSi Enhanced),NDS#2124,21.60MB
nds,Germany's Next Topmodel - Das offizielle Spiel zur Staffel 2011! (Germany) (NDSi Enhanced),,NDS#2125,22.41MB
nds,"Gesundheits Coach, Der - Wohlfuehlen Jeden Tag (Germany)",健康教练-每天感觉好极了（德国版）,NDS#2126,14.07MB
nds,"Geurigo, Malhago, Sijakaja! - Monster Farm DS (Korea) [b]",怪物农场 DS（韩国版） [b],NDS#2127,25.66MB
nds,"Geuryeora, Touch! - Naega Mandeuneun Sesang (Korea)",描绘生命（韩国版）,NDS#2128,11.08MB
nds,"Geuryeora, Touch! - SpongeBob Nemobaji (Korea) [b]",描绘生命-海绵宝宝版（韩国版） [b],NDS#2129,8.47MB
nds,Ghost Trick (Japan),幽灵侦探（日版）,NDS#2130,69.44MB
nds,"Ghost Trick - Phantom Detective (Europe) (En,Fr,De,Es,It)","鬼把戏-幻影侦探（欧版） (En,Fr,De,Es,It)",NDS#2131,73.91MB
nds,"Ghost Trick - Phantom Detective (USA) (En,Fr,De,Es,It)","鬼把戏-幻影侦探（美版） (En,Fr,De,Es,It)",NDS#2132,73.91MB
nds,"Ghostbusters - The Video Game (Europe) (En,Fr,De,Es,It,Nl)","捉鬼敢死队（欧版） (En,Fr,De,Es,It,Nl)",NDS#2133,25.72MB
nds,"Ghostbusters - The Video Game (USA) (En,Fr,Es)","捉鬼敢死队（美版） (En,Fr,Es)",NDS#2134,25.72MB
nds,"Giana Sisters DS (Europe) (En,Fr,De,Es,It)","吉安娜姐妹 DS（欧版） (En,Fr,De,Es,It)",NDS#2135,4.15MB
nds,Giana Sisters DS (USA),吉安娜姐妹 DS（美版）,NDS#2136,4.07MB
nds,Gijeogui 100-kan Gyesanbeop (Korea) [b],神奇 100 个计算题（韩国版） [b],NDS#2137,2.42MB
nds,Gijutsu Hyouronsha Kanshuu - Kihonjouhou Gijutsusha DS (Japan) [b],,NDS#2138,42.14MB
nds,"Gilde DS, Die (Europe) (En,Fr,De)","协会（欧版） (En,Fr,De)",NDS#2139,20.43MB
nds,Gina-Lisa Powershopping (Germany),吉娜-丽莎-购物狂（德国版）,NDS#2140,18.54MB
nds,Ginga Tetsudou 999 DS (Japan),银河铁道999DS（日版）,NDS#2141,69.79MB
nds,Gintama - Gintama Quest - Gin-san ga Tenshoku shitari Sekai o Sukuttari (Japan),银魂-银玉谜题-小银转职拯救世界（日版）,NDS#2142,28.53MB
nds,Gintama - Gintoki vs Hijikata! - Kabukichou Gintama Daisoudatsusen!! (Japan),银魂-银时对土方!银玉大争夺战!!（日版）,NDS#2143,25.21MB
nds,Gintama - Gintoki vs Hijikata! - Kabukichou Gintama Daisoudatsusen!! (Japan) (Rev 1),银魂-银时对土方!银玉大争夺战!!（日版） （修正版 1）,NDS#2144,25.21MB
nds,Gintama DS - Yorozuya Daisoudou (Japan),银魂DS-万事屋大骚动（日版）,NDS#2145,10.18MB
nds,"Girl Time - Everything You Need for a Hip, Happening Life! (USA)",女孩时间（美版）,NDS#2146,4.78MB
nds,Girls Life - Fashion Addict (Europe) (Beta),女孩生活-时尚触摸（欧版） （测试版）,NDS#2147,29.78MB
nds,"Girls Life - Fashion Addict (Europe) (En,Fr,De,Es,It,Nl) (NDSi Enhanced)","女孩生活-时尚触摸（欧版） (En,Fr,De,Es,It,Nl) (NDSi Enhanced)",NDS#2148,67.40MB
nds,"Girls Life - Fashion Addict (Europe, Australia) (Beta)","女孩生活-时尚触摸(Europe, Australia) （测试版）",NDS#2149,55.41MB
nds,"Girls Life - Jewellery Style (Europe) (En,Fr,De,Es,It,Nl) (NDSi Enhanced)","女孩生活-时尚珠宝（欧版） (En,Fr,De,Es,It,Nl) (NDSi Enhanced)",NDS#2150,14.09MB
nds,"Girls Life - Makeover (Europe) (En,Fr,De,Es,It,Nl) (NDSi Enhanced)","女孩生活-化妆（欧版） (En,Fr,De,Es,It,Nl) (NDSi Enhanced)",NDS#2151,10.71MB
nds,"Girls Only (Europe) (En,Fr,De,Es,It,Nl)","女生专属（欧版） (En,Fr,De,Es,It,Nl)",NDS#2152,4.68MB
nds,Girls Only (USA),女生专属（美版）,NDS#2153,4.70MB
nds,Glory Days - Yuugeki no Hero (Japan),荣誉日-游击英雄（日版）,NDS#2154,10.69MB
nds,"Glory Days 2 (Europe) (En,Fr,De,Es,It)","荣誉日2（欧版） (En,Fr,De,Es,It)",NDS#2155,10.84MB
nds,"Glory Days 2 (USA) (En,Fr,Es)","荣誉日2（美版） (En,Fr,Es)",NDS#2156,10.83MB
nds,Glory of Heracles (USA),海格力斯的荣光-魂之证明（美版）,NDS#2157,41.87MB
nds,Glory of Heracles (USA) (Demo) (Kiosk),海格力斯的荣光-魂之证明（美版） （演示版） （商店演示版）,NDS#2158,22.03MB
nds,"Go West! - A Lucky Luke Adventure (Europe) (En,Fr,De,Es,It,Nl)","幸运的路克-独闯西部（欧版） (En,Fr,De,Es,It,Nl)",NDS#2159,21.77MB
nds,"Go! Go! Cosmo Cops! (Europe) (En,Fr,De,Es,It)","加油!宇宙战警!（欧版） (En,Fr,De,Es,It)",NDS#2160,12.71MB
nds,"Go, Diego, Go! - Great Dinosaur Rescue (Europe) (En,Fr,Nl)","徒步旅行救助队-恐龙大拯救（欧版） (En,Fr,Nl)",NDS#2161,9.02MB
nds,"Go, Diego, Go! - Great Dinosaur Rescue (USA)",徒步旅行救助队-恐龙大拯救（美版）,NDS#2162,5.78MB
nds,"Go, Diego, Go! - Safari Rescue (Europe)",徒步旅行抢救队（欧版）,NDS#2163,5.91MB
nds,"Go, Diego, Go! - Safari Rescue (Europe) (En,Fr)","徒步旅行抢救队（欧版） (En,Fr)",NDS#2164,7.66MB
nds,"Go, Diego, Go! - Safari Rescue (Europe) (En,Fr,Nl)","徒步旅行抢救队（欧版） (En,Fr,Nl)",NDS#2165,9.27MB
nds,"Go, Diego, Go! - Safari Rescue (USA)",徒步旅行抢救队（美版）,NDS#2166,5.91MB
nds,"Godzilla Unleashed (Europe) (En,Fr,De,Es,It)","哥斯拉-能量释放（欧版） (En,Fr,De,Es,It)",NDS#2167,26.06MB
nds,Godzilla Unleashed - Double Smash (USA),哥斯拉-能量释放（美版）,NDS#2168,26.06MB
nds,"Gogo's Crazy Bones (Europe) (En,Fr)",,NDS#2169,2.59MB
nds,Gogo's Crazy Bones (USA),,NDS#2170,2.57MB
nds,Gokujou!! Mecha Mote Iinchou - Girls 'Mote Kawa' Box (Japan),恋爱班长（日版）,NDS#2171,13.62MB
nds,"Gokujou!! Mecha Mote Iinchou - Mecha Mote Days, Hajimemasuwa! (Japan)",恋爱班长迷人生活开始（日版）,NDS#2172,5.21MB
nds,Gokujou!! Mecha Mote Iinchou - MM My Best Friend! (Japan) (NDSi Enhanced),,NDS#2173,38.25MB
nds,Gokujou!! Mecha Mote Iinchou - MM Town de Miracle Change! (Japan),恋爱班长-MM镇的奇迹转变（日版）,NDS#2174,26.83MB
nds,Golden Balls (Europe),财富金球（欧版）,NDS#2175,10.75MB
nds,"Golden Compass, The (USA) (En,Fr,De,Es,It)","黄金罗盘（美版） (En,Fr,De,Es,It)",NDS#2176,13.57MB
nds,"Golden Compass, The - The Official Videogame (Europe) (En,Fr,De,Es,It)","黄金罗盘（欧版） (En,Fr,De,Es,It)",NDS#2177,13.58MB
nds,"Golden Compass, The - The Official Videogame (Europe) (En,Nl,Sv,No,Da)","黄金罗盘（欧版） (En,Nl,Sv,No,Da)",NDS#2178,13.51MB
nds,"Golden Nugget Casino DS (Europe) (En,Fr,De)","职业赌场DS（欧版） (En,Fr,De)",NDS#2179,10.94MB
nds,Golden Nugget Casino DS (USA),职业赌场DS（美版）,NDS#2180,10.09MB
nds,"Golden Sun - Dark Dawn (Europe) (En,Fr,De,Es,It)","黄金的太阳-漆黑的黎明（欧版） (En,Fr,De,Es,It)",NDS#2181,124.90MB
nds,"Golden Sun - Dark Dawn (Europe) (En,Fr,De,Es,It) (Demo) (Kiosk)","黄金的太阳-漆黑的黎明（欧版） (En,Fr,De,Es,It) （演示版） （商店演示版）",NDS#2182,52.57MB
nds,Golden Sun - Dark Dawn (USA) (Demo) (Kiosk),黄金的太阳-漆黑的黎明（美版） （演示版） （商店演示版）,NDS#2183,52.55MB
nds,"Golden Sun - Dark Dawn (USA, Australia) (En,Es)","黄金的太阳-漆黑的黎明（美版 澳洲版） (En,Es)",NDS#2184,123.31MB
nds,"Goldene Amulett des Pharao, Das (Europe) (En,Fr,De,Es,It)","法老的护身符（欧版） (En,Fr,De,Es,It)",NDS#2185,8.37MB
nds,GoldenEye - Au Service du Mal (France),007黄金眼-黑帮情报员（法国版）,NDS#2186,6.22MB
nds,GoldenEye - Dark Agent DS (Japan),黄金眼：黑帮情报员（日版）,NDS#2187,6.16MB
nds,GoldenEye - Rogue Agent (Europe),007 黄金眼（欧版）,NDS#2188,6.17MB
nds,GoldenEye - Rogue Agent (USA),007 黄金眼（美版）,NDS#2189,6.18MB
nds,GoldenEye 007 (Canada),黄金眼007（加拿大版）,NDS#2190,33.04MB
nds,GoldenEye 007 (France),黄金眼007（法国版）,NDS#2191,33.04MB
nds,GoldenEye 007 (Germany),黄金眼007（德国版）,NDS#2192,33.05MB
nds,GoldenEye 007 (Italy),黄金眼007（意大利版）,NDS#2193,33.28MB
nds,GoldenEye 007 (Spain),黄金眼007（西班牙版）,NDS#2194,32.92MB
nds,GoldenEye 007 (United Kingdom),黄金眼007(United Kingdom),NDS#2195,33.49MB
nds,GoldenEye 007 (USA),黄金眼007（美版）,NDS#2196,33.49MB
nds,Golgo 13 - File G13 o Oe (Japan),哥尔哥 13 追查 G13 档案（日版）,NDS#2197,14.96MB
nds,Goosebumps HorrorLand (Europe),鸡皮疙瘩恐怖乐园（欧版）,NDS#2198,24.80MB
nds,Goosebumps HorrorLand (USA),鸡皮疙瘩恐怖乐园（美版）,NDS#2199,24.88MB
nds,GoPets - Vacation Island! (USA),宠物向前冲-渡假小岛（美版）,NDS#2200,8.37MB
nds,"Gormiti - The Lords of Nature! (Europe) (En,Fr,De,Es,It)","高米迪战士-自然之王（欧版） (En,Fr,De,Es,It)",NDS#2201,45.16MB
nds,"Gormiti - The Lords of Nature! (USA) (En,Fr,De,Es,It)","高米迪战士-自然之王（美版） (En,Fr,De,Es,It)",NDS#2202,45.16MB
nds,Gotouchi Kentei DS (Japan),当地检定DS（日版）,NDS#2203,31.93MB
nds,Gotouchi Kentei DS (Japan) (Rev 1),当地检定DS（日版） （修正版 1）,NDS#2204,40.89MB
nds,Gouma Reifu Den Izuna (Japan),降魔灵符传-伊津奈（日版）,NDS#2205,4.95MB
nds,Gouma Reifu Den Izuna Ni (Japan),降魔灵符传-贰（日版）,NDS#2206,18.93MB
nds,"Gourmet Chef - Cook Your Way to Fame (USA) (En,Fr,Es)","美食家厨师（美版） (En,Fr,Es)",NDS#2207,7.99MB
nds,"Grand Galop (Europe) (En,Fr)","马鞍俱乐部（欧版） (En,Fr)",NDS#2208,4.24MB
nds,"Grand Theft Auto - Chinatown Wars (Europe) (En,Fr,De,Es,It)","侠盗猎车手-中国城之战（欧版） (En,Fr,De,Es,It)",NDS#2209,58.47MB
nds,Grand Theft Auto - Chinatown Wars (Japan),侠盗猎车手-中国城之战（日版）,NDS#2210,57.61MB
nds,"Grand Theft Auto - Chinatown Wars (USA) (En,Fr,De,Es,It)","侠盗猎车手-中国城之战（美版） (En,Fr,De,Es,It)",NDS#2211,58.12MB
nds,Grand Trucker Aniki - Shigoto to Kenka to Koi Moyou (Japan),大卡车大哥大-工作-打架与恋爱（日版）,NDS#2212,18.60MB
nds,Grease - The Official Video Game (Europe) (NDSi Enhanced),油脂劲歌热舞（欧版） (NDSi Enhanced),NDS#2213,39.73MB
nds,Grease - The Official Video Game (USA) (NDSi Enhanced),油脂劲歌热舞（美版） (NDSi Enhanced),NDS#2214,39.73MB
nds,"Green Lantern - Rise of the Manhunters (Europe) (En,Fr,De,Es,It,Nl)","绿灯侠-猎人的崛起（欧版） (En,Fr,De,Es,It,Nl)",NDS#2215,37.52MB
nds,"Green Lantern - Rise of the Manhunters (USA) (En,Fr,De,Es,It,Nl)","绿灯侠-猎人的崛起（美版） (En,Fr,De,Es,It,Nl)",NDS#2216,37.52MB
nds,Greg Hastings' Tournament Paintball Max'd (Europe),格雷格'黑斯廷斯的彩弹巡回赛（欧版）,NDS#2217,77.93MB
nds,Greg Hastings' Tournament Paintball Max'd (USA),格雷格'黑斯廷斯的彩弹巡回赛（美版）,NDS#2218,75.60MB
nds,"Gremlins - Gizmo (USA) (En,Fr,Es,Pt)",,NDS#2219,39.52MB
nds,"Gremlins - Gizmo (USA) (En,Fr,Es,Pt) (Beta)",,NDS#2220,43.21MB
nds,"Grey's Anatomy - The Video Game (Europe) (En,Fr,De,Es,It)","实习医生格蕾（欧版） (En,Fr,De,Es,It)",NDS#2221,29.60MB
nds,"Grey's Anatomy - The Video Game (USA) (En,Fr,Es)","实习医生格蕾（美版） (En,Fr,Es)",NDS#2222,29.60MB
nds,"Grid (USA) (En,Fr,Es)","超级房车赛：起点（美版） (En,Fr,Es)",NDS#2223,36.29MB
nds,GripsKids - Deutsch (Germany),扣题小子（德国版）,NDS#2224,9.87MB
nds,"GripsKids - Mathematik (Europe) (En,Fr,De,It)","算术训练员（欧版） (En,Fr,De,It)",NDS#2225,8.13MB
nds,GripsKids - Sachkunde (Germany),儿童必备知识全书（德国版）,NDS#2226,8.62MB
nds,"Groovy Chick - My Fashion World (Europe) (En,De,Es,It) [b]","时髦女孩-我的时尚世界（欧版） (En,De,Es,It) [b]",NDS#2227,9.12MB
nds,"Grosse Tagesschau Quiz, Das (Germany)",大检测每日问答（德国版）,NDS#2228,4.02MB
nds,Grundschule - 1.-4. Klasse - Fit fuers Gymnasium - 2014 (Germany),,NDS#2229,4.53MB
nds,Grundschule 1.-4. Klasse - Fit fuers Gymnasium (Germany),成功的学会小学课程-数学类 1 - 4（德国版）,NDS#2230,4.86MB
nds,Grundschule 1.-4. Klasse - Fit fuers Gymnasium 2010 (Germany),初级1至4班2010年-适合中级（德国版）,NDS#2231,5.98MB
nds,Grundschule 1.-4. Klasse - Fit fuers Gymnasium 2012 (Germany),,NDS#2232,4.49MB
nds,Grundschule 1.-4. Klasse - Fit fuers Gymnasium 2013 (Germany),,NDS#2233,4.49MB
nds,"Guida in Cucina, La - Che Si Mangia Oggi (Italy)",厨房指南（意大利版）,NDS#2234,183.58MB
nds,"Guida in Cucina, La - Che Si Mangia Oggi (Italy) (Rev 1)",厨房指南（意大利版） （修正版 1）,NDS#2235,183.58MB
nds,"Guilty Gear - Dust Strikers (Europe) (En,Fr,De,Es,It)","罪恶装备（欧版） (En,Fr,De,Es,It)",NDS#2236,27.05MB
nds,Guilty Gear - Dust Strikers (Japan),罪恶装备（日版）,NDS#2237,25.93MB
nds,Guilty Gear - Dust Strikers (USA),罪恶装备（美版）,NDS#2238,25.83MB
nds,"Guinness World Records - The Videogame (Europe) (En,Fr,De,Es,It)","吉尼斯世界纪录-游戏版（欧版） (En,Fr,De,Es,It)",NDS#2239,43.15MB
nds,"Guinness World Records - The Videogame (USA) (En,Fr,Es)","吉尼斯世界纪录-游戏版（美版） (En,Fr,Es)",NDS#2240,43.15MB
nds,"Guitar Hero - On Tour (Europe) (Fr,De,Es,It)","吉他英雄-巡演（欧版） (Fr,De,Es,It)",NDS#2241,98.46MB
nds,"Guitar Hero - On Tour (Europe) (Fr,De,Es,It) (Demo) (Kiosk)","吉他英雄-巡演（欧版） (Fr,De,Es,It) （演示版） （商店演示版）",NDS#2242,31.05MB
nds,Guitar Hero - On Tour (Japan),吉他英雄-巡演（日版）,NDS#2243,95.78MB
nds,Guitar Hero - On Tour (Korea) [b],吉他英雄-巡演（韩国版） [b],NDS#2244,95.81MB
nds,Guitar Hero - On Tour (United Kingdom),吉他英雄-巡演(United Kingdom),NDS#2245,95.75MB
nds,Guitar Hero - On Tour (United Kingdom) (Demo) (Kiosk),吉他英雄-巡演(United Kingdom) （演示版） （商店演示版）,NDS#2246,30.17MB
nds,Guitar Hero - On Tour (USA) (Demo) (Kiosk),吉他英雄-巡演（美版） （演示版） （商店演示版）,NDS#2247,30.43MB
nds,"Guitar Hero - On Tour (USA) (En,Fr)","吉他英雄-巡演（美版） (En,Fr)",NDS#2248,95.81MB
nds,"Guitar Hero - On Tour - Decades (Europe) (Fr,De,Es,It)","吉他英雄-十年巡演（欧版） (Fr,De,Es,It)",NDS#2249,104.92MB
nds,"Guitar Hero - On Tour - Decades (Europe) (Fr,De,Es,It) (Demo) (Kiosk)","吉他英雄-十年巡演（欧版） (Fr,De,Es,It) （演示版） （商店演示版）",NDS#2250,36.88MB
nds,Guitar Hero - On Tour - Decades (Korea) [b],吉他英雄-十年巡演（韩国版） [b],NDS#2251,104.37MB
nds,Guitar Hero - On Tour - Decades (United Kingdom),吉他英雄-十年巡演(United Kingdom),NDS#2252,105.06MB
nds,"Guitar Hero - On Tour - Decades (USA) (En,Fr)","吉他英雄-十年巡演（美版） (En,Fr)",NDS#2253,104.27MB
nds,"Guitar Hero - On Tour - Decades (USA) (En,Fr) (Demo) (Kiosk)","吉他英雄-十年巡演（美版） (En,Fr) （演示版） （商店演示版）",NDS#2254,36.88MB
nds,"Guitar Hero - On Tour - Modern Hits (Europe) (Fr,De,Es,It)","吉他英雄巡演-摩登热曲（欧版） (Fr,De,Es,It)",NDS#2255,101.54MB
nds,Guitar Hero - On Tour - Modern Hits (United Kingdom),吉他英雄巡演-摩登热曲(United Kingdom),NDS#2256,102.28MB
nds,"Guitar Hero - On Tour - Modern Hits (USA) (En,Fr)","吉他英雄巡演-摩登热曲（美版） (En,Fr)",NDS#2257,101.42MB
nds,"Guitar Hero - On Tour - Modern Hits (USA) (En,Fr) (Demo) (Kiosk)","吉他英雄巡演-摩登热曲（美版） (En,Fr) （演示版） （商店演示版）",NDS#2258,43.30MB
nds,"Guitar Rock Tour (Europe) (En,Fr,De,Es,It,Nl)","摇滚吉他之旅（欧版） (En,Fr,De,Es,It,Nl)",NDS#2259,87.06MB
nds,"Guitar Rock Tour (USA) (En,Fr,Es)","摇滚吉他之旅（美版） (En,Fr,Es)",NDS#2260,86.97MB
nds,"Gummy Bears - Mini Golf (USA) (En,Fr,Es)",,NDS#2261,8.65MB
nds,"Gunpey DS - Music x Puzzle (Europe) (En,Fr,De,Es,It)","音乐时间（欧版） (En,Fr,De,Es,It)",NDS#2262,18.83MB
nds,Gunpey DS - Music x Puzzle (USA),音乐时间（美版）,NDS#2263,18.70MB
nds,"Guru Guru (Europe) (En,Fr,De,Es,It)","咕噜咕噜滚滚兔（欧版） (En,Fr,De,Es,It)",NDS#2264,6.45MB
nds,Guruguru Nagetto (Japan),咕噜咕噜-投（日版）,NDS#2265,5.07MB
nds,Gyakkyou Burai Kaiji - Death or Survival (Japan),赌博默示录-死或生（日版）,NDS#2266,9.44MB
nds,Gyakuten Kenji (Japan),逆转检事（日版）,NDS#2267,23.43MB
nds,Gyakuten Kenji 2 (Japan),逆转检事2（日版）,NDS#2268,30.73MB
nds,Gyakuten Saiban - Yomigaeru Gyakuten (Japan) (Demo) (Kiosk),逆转裁判-复苏的逆转（日版） （演示版） （商店演示版）,NDS#2269,6.60MB
nds,"Gyakuten Saiban - Yomigaeru Gyakuten (Japan) (En,Ja)","逆转裁判-复苏的逆转（日版） (En,Ja)",NDS#2270,33.33MB
nds,"Gyakuten Saiban 2 (Japan) (En,Ja)","逆转裁判2（日版） (En,Ja)",NDS#2271,9.96MB
nds,"Gyakuten Saiban 3 (Japan) (En,Ja)","逆转裁判3（日版） (En,Ja)",NDS#2272,10.31MB
nds,Gyakuten Saiban 4 (Japan),逆转裁判4（日版）,NDS#2273,40.26MB
nds,Gyakuten Saiban 4 (Japan) (Rev 1),逆转裁判4（日版） （修正版 1）,NDS#2274,40.26MB
nds,Gyakuten Saiban Jiten (Japan),逆转裁判事典（日版）,NDS#2275,15.20MB
nds,Gyouretsu no Dekiru - Houritsu Soudanjo (Japan),行列法律谘询中心（日版）,NDS#2276,43.06MB
nds,Habu Yoshiharu Shougi de Kitaeru - Ketsudanryoku DS (Japan),羽生善治-锻炼将棋「决断力」（日版）,NDS#2277,3.72MB
nds,Hachi-One Diver DS (Japan),潜入八十一格的世界 DS（日版）,NDS#2278,5.26MB
nds,Hagane no Renkinjutsushi - Dual Sympathy (Japan),钢之炼金术师3 双重共鸣（日版）,NDS#2279,23.78MB
nds,Hajime no Ippo - The Fighting! DS (Japan),第一神拳-格斗赛（日版）,NDS#2280,35.66MB
nds,Hakoniwa Seikatsu - Hitsuji Mura DS (Japan),箱庭生活-乡村DS（日版）,NDS#2281,4.92MB
nds,Hakoniwa Seikatsu - Hitsuji Mura DS (Japan) (Rev 1),箱庭生活-乡村DS（日版） （修正版 1）,NDS#2282,5.00MB
nds,Hakuouki - Yuugiroku DS (Japan),薄樱鬼-游戏录DS（日版）,NDS#2283,138.73MB
nds,Hakuouki - Zuisouroku DS (Japan),薄樱鬼-随想录DS（日版）,NDS#2284,330.96MB
nds,Hakuouki DS (Japan),薄樱鬼DS（日版）,NDS#2285,414.54MB
nds,Hakuouki Ryoumeiroku (Japan),,NDS#2286,407.30MB
nds,"Hamekomi Lucky Puzzle DS (Japan) (En,Ja)","七巧板（日版） (En,Ja)",NDS#2287,2.37MB
nds,Hamster to Kurasou (Japan),哈姆太郎-与仓鼠一起生活吧（日版）,NDS#2288,5.59MB
nds,Hamster to Kurasou (Japan) (Rev 1),哈姆太郎-与仓鼠一起生活吧（日版） （修正版 1）,NDS#2289,5.59MB
nds,Hamsterz 2 (Europe),仓鼠生活2（欧版）,NDS#2290,5.59MB
nds,"Hamsterz 2 (Europe) (En,Fr,De,Es,It,Nl) (Rev 1)","仓鼠生活2（欧版） (En,Fr,De,Es,It,Nl) （修正版 1）",NDS#2291,6.03MB
nds,"Hamsterz 2 (Europe) (En,Fr,De,Es,It,Nl) (Rev 2)","仓鼠生活2（欧版） (En,Fr,De,Es,It,Nl) （修正版 2）",NDS#2292,6.03MB
nds,Hamsterz Life (Europe),仓鼠的生活（欧版）,NDS#2293,6.10MB
nds,Hamsterz Life (USA),仓鼠的生活（美版）,NDS#2294,6.10MB
nds,Hana Deka Club - Animal Paradise (Japan),哈拿达卡俱乐部-宠物天堂（日版）,NDS#2295,12.54MB
nds,Hana Saku DS Gardening Life (Japan),花开DS园艺生活（日版）,NDS#2296,37.11MB
nds,Hana to Taiyou to Ame to - Owaranai Rakuen (Japan),花、太阳和雨-无尽的乐园（日版）,NDS#2297,36.58MB
nds,Hana Yori Dango - Koi Seyo Otome! (Japan),花样男子-恋爱少女（日版）,NDS#2298,40.95MB
nds,Hands On! Tangrams (USA),传递!七巧板（美版）,NDS#2299,7.51MB
nds,Haneru no Tobira DS - Tanshuku Tetsudou no Yoru (Japan),百元店的飞跃DS-缩略铁道之夜（日版）,NDS#2300,8.09MB
nds,Hanguk-eomungyoyuk-yeonguhoe - Hangeom DS (Korea),汉检 DS（韩国版）,NDS#2301,3.39MB
nds,"Hannah Montana (Europe) (En,Fr,De,Es,It,Nl)","汉纳.蒙大纳（欧版） (En,Fr,De,Es,It,Nl)",NDS#2302,12.96MB
nds,Hannah Montana (USA),汉纳.蒙大纳（美版）,NDS#2303,12.93MB
nds,"Hannah Montana - Music Jam (Europe) (En,Fr,De,Es,It,Nl)","汉娜-蒙塔娜-音乐节拍（欧版） (En,Fr,De,Es,It,Nl)",NDS#2304,14.12MB
nds,"Hannah Montana - Music Jam (Europe) (En,Sv,No,Da)","汉娜-蒙塔娜-音乐节拍（欧版） (En,Sv,No,Da)",NDS#2305,14.13MB
nds,Hannah Montana - Music Jam (USA),汉娜-蒙塔娜-音乐节拍（美版）,NDS#2306,13.43MB
nds,"Hannah Montana - The Movie (Europe) (En,Es,It)","汉娜蒙塔娜电影版（欧版） (En,Es,It)",NDS#2307,35.11MB
nds,"Hannah Montana - The Movie (Europe) (En,Fr,De,Nl)","汉娜蒙塔娜电影版（欧版） (En,Fr,De,Nl)",NDS#2308,35.15MB
nds,"Hannah Montana - The Movie (Europe) (En,Sv,No,Da)","汉娜蒙塔娜电影版（欧版） (En,Sv,No,Da)",NDS#2309,35.14MB
nds,Hannah Montana - The Movie (United Kingdom),汉娜蒙塔娜电影版(United Kingdom),NDS#2310,34.94MB
nds,Hannah Montana - The Movie (USA),汉娜蒙塔娜电影版（美版）,NDS#2311,39.27MB
nds,"Hannah Montana - The Movie (USA) (En,Fr) (Rev 1)","汉娜蒙塔娜电影版（美版） (En,Fr) （修正版 1）",NDS#2312,39.41MB
nds,Hanshin Tigers DS (Japan),阪神老虎DS（日版）,NDS#2313,44.48MB
nds,Hapi Hapi Clover (Japan),快乐小兔-幸运草（日版）,NDS#2314,8.47MB
nds,"Happily Ever After - Volume 1 (USA) (En,Fr)",,NDS#2315,5.35MB
nds,"Happily Ever After - Volume 2 (USA) (En,Fr)",,NDS#2316,5.37MB
nds,"Happy Bakery (Europe) (En,Fr,De,Es,It)","快乐面包店（欧版） (En,Fr,De,Es,It)",NDS#2317,4.88MB
nds,Happy Cooking (USA),快乐厨房（美版）,NDS#2318,8.73MB
nds,Happy Cooking - Touch Pen de Tanoshiku Oryouri (Japan),休闲系列 2980快乐烹饪（日版）,NDS#2319,6.13MB
nds,"Happy Feet (Europe) (En,Fr,De,Es,It)","快乐韵脚（欧版） (En,Fr,De,Es,It)",NDS#2320,18.39MB
nds,Happy Feet (USA),快乐韵脚（美版）,NDS#2321,18.39MB
nds,"Happy Feet 2 (Europe) (En,Fr,De,Es,It,Nl)",,NDS#2322,37.81MB
nds,"Happy Feet Two (USA) (En,Fr,De,Es,It,Nl)",,NDS#2323,37.81MB
nds,"Happy Hippo's World Tour (Europe) (En,Fr,De,Es,It)","快乐的河马（欧版） (En,Fr,De,Es,It)",NDS#2324,3.73MB
nds,Happy My Sweets (Japan),快乐甜点（日版）,NDS#2325,5.94MB
nds,"Happy Party with Hello Kitty & Friends! (Europe) (En,Fr,De,Es,It,Nl)","凯蒂猫和朋友们的快乐派对（欧版） (En,Fr,De,Es,It,Nl)",NDS#2326,6.81MB
nds,Happy Star Band (Japan),快乐星☆乐团（日版）,NDS#2327,7.37MB
nds,Happy Star Band - Jeongungmin Audition Baendeupyeon (Korea),,NDS#2328,7.52MB
nds,"Hardy Boys, The - Treasure on the Tracks (Europe) (En,Fr,De,Ru)","哈迪男孩-铁轨上的宝藏（欧版） (En,Fr,De,Ru)",NDS#2329,66.59MB
nds,"Hardy Boys, The - Treasure on the Tracks (USA)",哈迪男孩-铁轨上的宝藏（美版）,NDS#2330,36.06MB
nds,"Harlem Globetrotters - World Tour (Europe) (En,Fr,De,Es,It)","哈林花式篮球队-世界巡回赛（欧版） (En,Fr,De,Es,It)",NDS#2331,1.38MB
nds,Harlem Globetrotters - World Tour (USA),哈林花式篮球队-世界巡回赛（美版）,NDS#2332,1.37MB
nds,Harobots Action!! (Japan),哈罗机器人行动（日版）,NDS#2333,11.31MB
nds,"Harry Potter and the Deathly Hallows - Part 1 (Europe) (En,Fr,De,Es,It)","哈利波特与死亡圣器-第1部分（欧版） (En,Fr,De,Es,It)",NDS#2334,16.07MB
nds,"Harry Potter and the Deathly Hallows - Part 1 (USA) (En,Fr,Es)","哈利波特与死亡圣器-第1部分（美版） (En,Fr,Es)",NDS#2335,16.07MB
nds,"Harry Potter and the Deathly Hallows - Part 2 (Europe) (En,Fr,De,Es,It)","哈利波特与死亡圣器第2部分（欧版） (En,Fr,De,Es,It)",NDS#2336,16.51MB
nds,"Harry Potter and the Deathly Hallows - Part 2 (USA) (En,Fr,Es)","哈利波特与死亡圣器第2部分（美版） (En,Fr,Es)",NDS#2337,16.51MB
nds,"Harry Potter and the Goblet of Fire (Europe) (En,Fr,De,Es,It)","哈利波特与火焰杯（欧版） (En,Fr,De,Es,It)",NDS#2338,27.94MB
nds,"Harry Potter and the Goblet of Fire (USA) (En,Fr,De,Es,It)","哈利波特与火焰杯（美版） (En,Fr,De,Es,It)",NDS#2339,27.94MB
nds,"Harry Potter and the Half-Blood Prince (Europe) (En,Fr,De,Es,It,Nl)","哈利波特与混血王子（欧版） (En,Fr,De,Es,It,Nl)",NDS#2340,49.95MB
nds,"Harry Potter and the Half-Blood Prince (USA) (En,Fr,Es)","哈利波特与混血王子（美版） (En,Fr,Es)",NDS#2341,49.95MB
nds,"Harry Potter and the Order of the Phoenix (Europe) (En,Fr,De,Es,It,Nl,Sv,No,Da)","哈里波特与凤凰令（欧版） (En,Fr,De,Es,It,Nl,Sv,No,Da)",NDS#2342,39.82MB
nds,Harry Potter and the Order of the Phoenix (United Kingdom),哈里波特与凤凰令(United Kingdom),NDS#2343,39.81MB
nds,Harry Potter and the Order of the Phoenix (USA),哈里波特与凤凰令（美版）,NDS#2344,39.81MB
nds,Harry Potter to Fushichou no Kishidan (Japan),哈利波特凤凰会的密令（日版）,NDS#2345,40.06MB
nds,Harry Potter to Honoo no Goblet (Japan),哈里波特与火焰杯（日版）,NDS#2346,27.88MB
nds,"Harry Potter to Nazo no Prince (Japan) (En,Ja)","哈利波特-混血王子的背叛（日版） (En,Ja)",NDS#2347,49.95MB
nds,Harry Potter und der Halbblut-Prinz (Germany),哈利波特与混血王子（德国版）,NDS#2348,49.96MB
nds,Harry Potterwa Honhyeorwangja (Korea) [b],哈利波特-混血王子的背叛（韩国版） [b],NDS#2349,49.95MB
nds,"Harvest Fishing (Europe) (En,Fr,De,Es,It)","川钓高手-树荫谷的流水之歌（欧版） (En,Fr,De,Es,It)",NDS#2350,10.35MB
nds,Harvest Moon - Frantic Farming (Europe),牧场物语方块-疯狂收割（欧版）,NDS#2351,9.05MB
nds,"Harvest Moon - Frantic Farming (Europe) (En,De)","牧场物语方块-疯狂收割（欧版） (En,De)",NDS#2352,9.56MB
nds,Harvest Moon - Frantic Farming (USA),牧场物语方块-疯狂收割（美版）,NDS#2353,9.04MB
nds,"Harvest Moon - The Tale of Two Towns (Europe) (En,Fr,De)","牧场物语-双子村（欧版） (En,Fr,De)",NDS#2354,47.26MB
nds,"Harvest Moon DS (Europe) (En,Fr,De,Es,It)","牧场物语DS（欧版） (En,Fr,De,Es,It)",NDS#2355,16.84MB
nds,"Harvest Moon DS (Europe) (En,Fr,De,Es,It) (Rev 1)","牧场物语DS（欧版） (En,Fr,De,Es,It) （修正版 1）",NDS#2356,16.84MB
nds,Harvest Moon DS (USA),牧场物语DS（美版）,NDS#2357,16.75MB
nds,Harvest Moon DS (USA) (Rev 1),牧场物语DS（美版） （修正版 1）,NDS#2358,16.76MB
nds,"Harvest Moon DS - Grand Bazaar (Europe) (En,Fr,De,Es,It)","牧场物语-风之集会（欧版） (En,Fr,De,Es,It)",NDS#2359,31.79MB
nds,Harvest Moon DS - Grand Bazaar (USA),牧场物语-风之集会（美版）,NDS#2360,29.97MB
nds,"Harvest Moon DS - Island of Happiness (Europe) (En,Fr,De,Es,It)","牧场物语-与你共建小岛（欧版） (En,Fr,De,Es,It)",NDS#2361,11.12MB
nds,Harvest Moon DS - Island of Happiness (USA),牧场物语-与你共建小岛（美版）,NDS#2362,10.15MB
nds,"Harvest Moon DS - Sunshine Islands (Europe) (En,Fr,De,Es,It)","牧场物语-闪耀太阳与伙伴们（欧版） (En,Fr,De,Es,It)",NDS#2363,15.42MB
nds,Harvest Moon DS - Sunshine Islands (USA),牧场物语-闪耀太阳与伙伴们（美版）,NDS#2364,13.17MB
nds,Harvest Moon DS - The Tale of Two Towns (USA),牧场物语-双子村（美版）,NDS#2365,46.01MB
nds,Harvest Moon DS Cute (USA),牧场物语-女孩版（美版）,NDS#2366,15.94MB
nds,"Hasbro Family Game Night (Europe) (En,Fr,De,Nl)","孩之宝家庭游戏之夜（欧版） (En,Fr,De,Nl)",NDS#2367,10.21MB
nds,"Hasbro Family Game Night (USA) (En,Fr)","孩之宝家庭游戏之夜（美版） (En,Fr)",NDS#2368,10.21MB
nds,"Haus Anubis, Das - Das Geheimnis des Osiris (Germany)",阿努比斯-奥西里斯的秘密（德国版）,NDS#2369,9.45MB
nds,"Haus Anubis, Das - Das Geheimnis des Osiris (Germany) (Rev 1)",阿努比斯-奥西里斯的秘密（德国版） （修正版 1）,NDS#2370,9.44MB
nds,"Haus Anubis, Das - Im Bann der Isis (Germany)",,NDS#2371,8.54MB
nds,Have Fun with Crosswords (Europe),,NDS#2372,2.36MB
nds,Hayarigami 2 DS - Toshi Densetsu Kaii Jiken (Japan),流行之神 2 DS（日版）,NDS#2373,53.31MB
nds,Hayarigami DS - Toshi Densetsu Kaii Jiken (Japan),流行神 DS 都市传说怪异事（日版）,NDS#2374,42.96MB
nds,Hayate no Gotoku! - Boku ga Romeo de Romeo ga Boku de (Japan),旋风管家-我演罗密欧-罗密欧演我（日版）,NDS#2375,25.72MB
nds,Hayate no Gotoku! - Ojousama Produce Daisakusen - Boku Iro ni Somare! - Gakkou Hen (Japan),旋风管家2-学校篇（日版）,NDS#2376,27.45MB
nds,Hayate no Gotoku! - Ojousama Produce Daisakusen - Boku Iro ni Somare! - Oyashiki Hen (Japan),旋风管家2-大屋篇（日版）,NDS#2377,27.42MB
nds,HeartCatch PreCure! - Oshare Collection (Japan),Heart Catch 光之美少女-时尚精选集（日版）,NDS#2378,23.20MB
nds,"Heathcliff! - Frantic Foto (USA) (En,Fr,Es)",,NDS#2379,4.78MB
nds,"Heathcliff! - Frantic Foto (USA) (En,Fr,Es) (Rev 1)",,NDS#2380,4.78MB
nds,Heavy Armor Brigade (USA),重型装甲旅（美版）,NDS#2381,31.61MB
nds,Heisa Byoutou - Dementium (Japan),闭锁病房（日版）,NDS#2382,17.13MB
nds,Heisei Kyouiku Iinkai DS (Japan),平成教育委员会DS（日版）,NDS#2383,9.07MB
nds,Heisei Kyouiku Iinkai DS (Japan) (Rev 1),平成教育委员会DS（日版） （修正版 1）,NDS#2384,9.07MB
nds,Heisei Kyouiku Iinkai DS (Japan) (Rev 2),平成教育委员会DS（日版） （修正版 2）,NDS#2385,9.07MB
nds,Heisei Kyouiku Iinkai DS - Zenkoku Touitsu Moshi Special (Japan),平成教育委员会DS-全国统一模拟考试特别篇（日版）,NDS#2386,64.82MB
nds,"Hell's Kitchen - The Game (Europe) (En,Fr,De,Es,It)","地狱厨房（欧版） (En,Fr,De,Es,It)",NDS#2387,9.16MB
nds,"Hell's Kitchen - The Game (USA) (En,Fr,De,Es,It)","地狱厨房（美版） (En,Fr,De,Es,It)",NDS#2388,9.16MB
nds,"Hello Baby! (Europe) (En,Fr,De,Es,It)","你好宝贝（欧版） (En,Fr,De,Es,It)",NDS#2389,3.97MB
nds,"Hello Kitty - Big City Dreams (Europe) (En,Fr,De,Es,It,Nl,Pt)","凯蒂猫-梦幻都市（欧版） (En,Fr,De,Es,It,Nl,Pt)",NDS#2390,20.48MB
nds,"Hello Kitty - Big City Dreams (Europe) (En,Fr,De,Es,It,Nl,Pt) (Rev 1)","凯蒂猫-梦幻都市（欧版） (En,Fr,De,Es,It,Nl,Pt) （修正版 1）",NDS#2391,20.52MB
nds,"Hello Kitty - Big City Dreams (Europe) (En,Sv,No,Da)","凯蒂猫-梦幻都市（欧版） (En,Sv,No,Da)",NDS#2392,20.54MB
nds,"Hello Kitty - Big City Dreams (USA) (En,Fr,Es)","凯蒂猫-梦幻都市（美版） (En,Fr,Es)",NDS#2393,20.48MB
nds,"Hello Kitty - Birthday Adventures (Europe) (En,Fr,De,Es,It)","凯蒂猫的生日大冒险（欧版） (En,Fr,De,Es,It)",NDS#2394,28.34MB
nds,"Hello Kitty - Birthday Adventures (USA) (En,Fr,De,Es,It)","凯蒂猫的生日大冒险（美版） (En,Fr,De,Es,It)",NDS#2395,28.32MB
nds,Hello Kitty - Daily (Europe),凯蒂猫日记（欧版）,NDS#2396,2.24MB
nds,Hello Kitty - Daily (France) [b],凯蒂猫日记（法国版） [b],NDS#2397,2.21MB
nds,Hello Kitty - Daily (Germany),凯蒂猫日记（德国版）,NDS#2398,2.25MB
nds,Hello Kitty - Daily (Italy),凯蒂猫日记（意大利版）,NDS#2399,2.26MB
nds,Hello Kitty - Daily (Spain),凯蒂猫日记（西班牙版）,NDS#2400,2.27MB
nds,Hello Kitty - Daily (USA),凯蒂猫日记（美版）,NDS#2401,2.24MB
nds,"Hello Kitty - Party (USA) (En,Fr,De,Es,It,Nl)","凯蒂猫派对（美版） (En,Fr,De,Es,It,Nl)",NDS#2402,6.79MB
nds,Hello Kitty no Gotouchi Collection - Koi no DokiDoki Travel (Japan),Hello Kitty的各地收藏集-恋爱的心跳旅行（日版）,NDS#2403,8.98MB
nds,Hello Kitty no Oshare Party - Sanrio Character Zukan DS (Japan),Hello Kitty的时髦舞会-Sanrio的角色图鉴DS（日版）,NDS#2404,8.18MB
nds,Hello Kitty no Paku Paku & Logic (Japan),凯蒂猫的智力小游戏（日版）,NDS#2405,2.63MB
nds,Hello Kitty no Panda Sports Stadium (Japan),Hello Kitty的熊猫运动会（日版）,NDS#2406,3.63MB
nds,"Hello, Pocoyo! (Europe) (En,Fr,De,Es,It)","你好!小小的我（欧版） (En,Fr,De,Es,It)",NDS#2407,32.65MB
nds,"Henry Hatsworth in the Puzzling Adventure (Europe) (En,Fr,De,Es,It)","亨利海茨沃斯的解谜冒险（欧版） (En,Fr,De,Es,It)",NDS#2408,19.33MB
nds,"Henry Hatsworth in the Puzzling Adventure (USA) (En,Fr,De,Es,It)","亨利海茨沃斯的解谜冒险（美版） (En,Fr,De,Es,It)",NDS#2409,19.33MB
nds,"Heracles - Battle with the Gods (Europe) (En,Fr,De,Es,It)","赫拉克勒斯-众神之战（欧版） (En,Fr,De,Es,It)",NDS#2410,2.25MB
nds,Heracles no Eikou - Tamashii no Shoumei (Japan),海格里斯的荣光-魂之证明（日版）,NDS#2411,38.71MB
nds,"Herbie - Rescue Rally (Europe) (En,Fr,De,Es)","赫比救援拉力（欧版） (En,Fr,De,Es)",NDS#2412,10.27MB
nds,"Herbie - Rescue Rally (USA) (En,Fr,De,Es)","赫比救援拉力（美版） (En,Fr,De,Es)",NDS#2413,10.27MB
nds,Hero's Saga - Laevatein Tactics (USA),英雄战记-烈焰之剑（美版）,NDS#2414,3.42MB
nds,"Heroes of Hellas 2 - Olympia (Europe) (En,Fr,De,Nl)",,NDS#2415,5.34MB
nds,Heroes of Mana (Europe),圣剑传说-玛娜英雄（欧版）,NDS#2416,38.94MB
nds,Heroes of Mana (USA),圣剑传说-玛娜英雄（美版）,NDS#2417,38.95MB
nds,Hexe Lilli Entdeckt Europa (Germany),巫女莉莉探索欧洲（德国版）,NDS#2418,6.61MB
nds,"Hi Hi Puffy AmiYumi - The Genie & the Amp (Europe) (En,Fr,De,Es,It)","帕妃二人组亚美由美-妖怪和安培（欧版） (En,Fr,De,Es,It)",NDS#2419,37.66MB
nds,Hi Hi Puffy AmiYumi - The Genie & the Amp (USA),帕妃二人组亚美由美-妖怪和安培（美版）,NDS#2420,38.26MB
nds,"Hi! Hamtaro - Ham-Ham Challenge (Europe) (En,Fr,De,Es,It)","嗨!哈姆太郎-Ham-Ham的挑战（欧版） (En,Fr,De,Es,It)",NDS#2421,12.19MB
nds,Hi! Hamtaro - Ham-Ham Challenge (USA),嗨!哈姆太郎-Ham-Ham的挑战（美版）,NDS#2422,12.19MB
nds,Hidamari Sketch - Dokodemo Sugoroku x 365 (Japan),向阳素描-随时随地升官图 X365（日版）,NDS#2423,52.55MB
nds,"Hidden Expedition - Titanic (Europe) (En,Fr,De,Nl)",,NDS#2424,11.27MB
nds,"Hidden Mysteries - Buckingham Palace (Europe) (En,Fr,It)","隐藏的秘密-白金汉宫（欧版） (En,Fr,It)",NDS#2425,15.35MB
nds,"Hidden Mysteries - Buckingham Palace (Europe) (En,Fr,Nl)","隐藏的秘密-白金汉宫（欧版） (En,Fr,Nl)",NDS#2426,16.28MB
nds,Hidden Mysteries - Buckingham Palace - Auf den Spuren der Royals (Germany),隐藏的秘密-白金汉宫（德国版）,NDS#2427,12.50MB
nds,Hidden Mysteries - Buckingham Palace - Secrets of Kings and Queens (USA),隐藏的秘密-白金汉宫（美版）,NDS#2428,12.48MB
nds,Hidden Mysteries - Salem Secrets (Europe),隐藏的神秘-塞勒姆的秘密-1692年巫术审判事件（欧版）,NDS#2429,11.84MB
nds,Hidden Mysteries - Salem Secrets (Germany),隐藏的神秘-塞勒姆的秘密-1692年巫术审判事件（德国版）,NDS#2430,11.79MB
nds,Hidden Mysteries - Salem Secrets - Witch Trials of 1692 (USA),隐藏的神秘-塞勒姆的秘密-1692年巫术审判事件（美版）,NDS#2431,11.93MB
nds,Hidden Mysteries - Titanic (Europe),隐藏的秘密-泰坦尼克号（欧版）,NDS#2432,23.76MB
nds,"Hidden Mysteries - Titanic (Europe) (En,Fr,Nl)","隐藏的秘密-泰坦尼克号（欧版） (En,Fr,Nl)",NDS#2433,24.93MB
nds,Hidden Mysteries - Titanic (Germany),隐藏的秘密-泰坦尼克号（德国版）,NDS#2434,22.82MB
nds,"Hidden Mysteries - Titanic - Secrets of the Fateful Voyage (Europe) (En,Fr,It)","隐藏的秘密-泰坦尼克号（欧版） (En,Fr,It)",NDS#2435,24.71MB
nds,Hidden Mysteries - Titanic - Secrets of the Fateful Voyage (USA),隐藏的秘密-泰坦尼克号（美版）,NDS#2436,23.69MB
nds,Hidden Mysteries - Vampire Secrets (Europe),隐藏的神秘-吸血鬼的秘密（欧版）,NDS#2437,23.67MB
nds,"Hidden Mysteries - Vampire Secrets (Europe) (En,Fr,Nl)","隐藏的神秘-吸血鬼的秘密（欧版） (En,Fr,Nl)",NDS#2438,24.70MB
nds,Hidden Mysteries - Vampire Secrets (Germany),隐藏的神秘-吸血鬼的秘密（德国版）,NDS#2439,24.22MB
nds,Hidden Mysteries - Vampire Secrets (USA),隐藏的神秘-吸血鬼的秘密（美版）,NDS#2440,25.24MB
nds,"Hidden Object Show (Europe) (En,Fr,De,Nl)","隐藏物品大搜索（欧版） (En,Fr,De,Nl)",NDS#2441,25.20MB
nds,"Hidden Objects - Mystery Stories (USA) (En,Fr,Es)","隐藏的物体-神秘故事（美版） (En,Fr,Es)",NDS#2442,13.99MB
nds,"Hidden Objects - The Big Journey (Europe) (En,De)","隐藏的物体-大之旅（欧版） (En,De)",NDS#2443,13.84MB
nds,"Hidden Objects - The Big Journey (Europe) (En,Fr,De,Nl) (Rev 1)","隐藏的物体-大之旅（欧版） (En,Fr,De,Nl) （修正版 1）",NDS#2444,13.89MB
nds,"Hidden Objects - The Big Journey (Europe) (En,Fr,De,Nl) (Rev 2)","隐藏的物体-大之旅（欧版） (En,Fr,De,Nl) （修正版 2）",NDS#2445,13.90MB
nds,"Hidden Objects - The Big Journey (Europe) (En,Fr,De,Nl) (Rev 3)","隐藏的物体-大之旅（欧版） (En,Fr,De,Nl) （修正版 3）",NDS#2446,13.98MB
nds,"High School Musical - Makin' the Cut! (Europe) (En,Fr,De,Es,It)","歌舞青春-脱颖而出（欧版） (En,Fr,De,Es,It)",NDS#2447,35.83MB
nds,"High School Musical - Makin' the Cut! (USA) (En,Fr,De,Es,It)","歌舞青春-脱颖而出（美版） (En,Fr,De,Es,It)",NDS#2448,35.83MB
nds,"High School Musical 2 - Work This Out! (Europe) (En,Fr,De,Es,It,Nl)","歌舞青春2-心随舞动（欧版） (En,Fr,De,Es,It,Nl)",NDS#2449,28.82MB
nds,"High School Musical 2 - Work This Out! (USA) (En,Fr,De,Es,It,Nl)","歌舞青春2-心随舞动（美版） (En,Fr,De,Es,It,Nl)",NDS#2450,28.82MB
nds,"High School Musical 3 - Senior Year (Europe) (En,Fr,De,Es,It,Nl)","歌舞青春3-毕业舞会（欧版） (En,Fr,De,Es,It,Nl)",NDS#2451,26.39MB
nds,"High School Musical 3 - Senior Year (USA) (En,Fr,Es)","歌舞青春3-毕业舞会（美版） (En,Fr,Es)",NDS#2452,30.46MB
nds,Higurashi no Naku Koro ni Kizuna I (Japan),寒蝉鸣泣之时-第一卷.祟（日版）,NDS#2453,200.69MB
nds,Higurashi no Naku Koro ni Kizuna II - Dainikan - Sou (Japan),寒蝉鸣泣之时-绊-第二卷.想（日版）,NDS#2454,201.41MB
nds,Higurashi no Naku Koro ni Kizuna III - Daisankan - Rasen (Japan),暮蝉鸣泣时之羁绊-第三卷-螺（日版）,NDS#2455,212.81MB
nds,Higurashi no Naku Koro ni Kizuna IV - Daiyonkan - Kizuna (Japan),暮蝉鸣泣时之羁绊-第四卷．绊（日版）,NDS#2456,191.14MB
nds,Hiiro no Kakera DS (Japan),绯色的欠片DS（日版）,NDS#2457,181.44MB
nds,Hiite Utaeru DS Guitar 'M-06' (Japan),边弹边唱DS吉他M06（日版）,NDS#2458,43.83MB
nds,Hijouguchi - Exit DS (Japan),非常口（日版）,NDS#2459,6.69MB
nds,Hikari no 4 Senshi - Final Fantasy Gaiden (Japan),光之四战士-最终幻想外传（日版）,NDS#2460,21.72MB
nds,Hippatte!! Puzzle Bobble (Japan),拉拉泡泡龙DS（日版）,NDS#2461,8.91MB
nds,Hiraki Kazuo Sensei (Tokyo Daigaku) Kanshuu - Suku Suku Kosodate DS - Akachan to Asobou! (Japan),让孩子茁壮成长(Tokyo Daigaku) Kanshuu - Suku Suku Kosodate DS - Akachan to Asobou! （日版）,NDS#2462,20.06MB
nds,Hirameki Action - Chibikko Wagyan no Ooki na Bouken (Japan),灵感动作游戏-小瓦强的大冒险（日版）,NDS#2463,45.63MB
nds,Hirameki Puzzle - Maxwell no Fushigi na Note (Japan),涂鸦冒险家（日版）,NDS#2464,8.87MB
nds,Hiromichi Oniisan no Oyako Taisou Navi - Oyako no Skin-Ship & Tairyoku Zukuri (Japan),广道哥哥的亲子体操（日版）,NDS#2465,41.22MB
nds,Hissatsu Kung Fu - Kanji Dragon (Japan),必杀功夫汉字龙（日版）,NDS#2466,8.65MB
nds,"Hisshou Pachinko Pachi-Slot Kouryaku Series DS Vol. 1 - Shinseiki Evangelion - Magokoro o, Kimi ni (Japan)",必胜柏青哥-柏青哥攻略系列DS Vol.1-新世纪福音战士（日版）,NDS#2467,85.79MB
nds,"Hisshou Pachinko Pachi-Slot Kouryaku Series DS Vol. 2 - CR Shinseiki Evangelion - Shito, Futatabi (Japan)",必胜柏青嫂攻略Vol.2-新世纪福音战士（日版）,NDS#2468,168.35MB
nds,Hisshou Pachinko Pachi-Slot Kouryaku Series DS Vol. 3 - Shinseiki Evangelion - Yakusoku no Toki (Japan),必胜柏青哥嫂攻略系列Vol.3-新世纪福音战士-约定时刻（日版）,NDS#2469,148.11MB
nds,Hisshou Pachinko Pachi-Slot Kouryaku Series DS Vol. 4 - CR Shinseiki Evangelion - Saigo no Shisha (Japan),新世纪福音战士-最后的死者（日版）,NDS#2470,178.04MB
nds,Hisshou Pachinko Pachi-Slot Kouryaku Series DS Vol. 5 - Shinseiki Evangelion - Tamashii no Kiseki (Japan),必胜柏青哥★柏青嫂攻略系列 DS Vol.5 新世纪福音战士-魂之轨迹（日版）,NDS#2471,171.28MB
nds,"Histoire de France pour les Nuls, L' (France)",法国历史的空白部份（法国版）,NDS#2472,7.07MB
nds,"History - Great Empires - Rome (Europe) (En,Fr,De,Es,It)","历史伟大的帝国罗马（欧版） (En,Fr,De,Es,It)",NDS#2473,12.51MB
nds,"History - Great Empires - Rome (USA) (En,Fr,De,Es,It)","历史伟大的帝国罗马（美版） (En,Fr,De,Es,It)",NDS#2474,12.51MB
nds,HMH Vokabeltrainer - Englisch (Germany),HMH英语词汇训练（德国版）,NDS#2475,52.49MB
nds,HMH Vokabeltrainer - Franzoesisch (Germany),HMH法语词汇（德国版）,NDS#2476,58.04MB
nds,HMH Vokabeltrainer - Spanisch (Germany),HMH西班牙语词汇（德国版）,NDS#2477,47.60MB
nds,Hokkaido Hatsu! 'Dosanko Wide' ga DS ni Narimashita. - Hoshizawa Sachiko no Temanashi Raku Raku Gohan (Japan),星泽幸子的轻松烹饪法（日版）,NDS#2478,32.52MB
nds,Hokuto no Ken - Hokuto Shinken Denshousha no Michi (Japan),北斗神拳-北斗神拳继承者之路（日版）,NDS#2479,43.47MB
nds,Hollands Supermodel - Win de Strijd op de Catwalk! (Netherlands),超级模特（荷兰版）,NDS#2480,38.69MB
nds,"Holly Hobbie & Friends (Europe) (En,Fr,De,Es,It)","哈比和她的朋友们（欧版） (En,Fr,De,Es,It)",NDS#2481,4.35MB
nds,Holly Hobbie & Friends (USA),哈比和她的朋友们（美版）,NDS#2482,3.87MB
nds,"Hollywood Files - Deadly Intrigues (Europe) (En,Fr,De,Es,It,Nl)","好莱坞档案-致命的阴谋（欧版） (En,Fr,De,Es,It,Nl)",NDS#2483,29.77MB
nds,Home Designer - Perfekt Gestylte Zimmer (Germany) (NDSi Enhanced),,NDS#2484,14.35MB
nds,"Homie Rollerz (USA) (En,Es)","兄弟赛车（美版） (En,Es)",NDS#2485,6.83MB
nds,"Honda ATV Fever (USA) (En,Fr,Es)",,NDS#2486,11.03MB
nds,"Honeycomb Beat (Europe) (En,Fr,De,Es,It)","脑内觉醒（欧版） (En,Fr,De,Es,It)",NDS#2487,9.52MB
nds,Honeycomb Beat (USA),脑内觉醒（美版）,NDS#2488,9.33MB
nds,"Hop (USA) (En,Fr,Es)","涂鸦跳跃-开运兔（美版） (En,Fr,Es)",NDS#2489,6.52MB
nds,"Hop - The Movie (Europe) (En,Fr,De,Es,It)","涂鸦跳跃-开运兔（欧版） (En,Fr,De,Es,It)",NDS#2490,6.52MB
nds,Hoppie (USA),,NDS#2491,2.68MB
nds,"Horrible Histories - Ruthless Romans (Europe) (En,Fr,De,Es,It)","恐怖历史之残忍罗马（欧版） (En,Fr,De,Es,It)",NDS#2492,11.86MB
nds,"Horrid Henry - Missions of Mischief (Europe) (En,Fr,De,Es,It)","调皮的亨利（欧版） (En,Fr,De,Es,It)",NDS#2493,7.54MB
nds,"Horrid Henry - Missions of Mischief (Europe) (En,Fr,De,Es,It) (Rev 1)","调皮的亨利（欧版） (En,Fr,De,Es,It) （修正版 1）",NDS#2494,7.49MB
nds,Horrid Henry's Horrid Adventure (Europe),调皮亨利的冒险（欧版）,NDS#2495,5.46MB
nds,"Horse & Foal - My Riding Stables (Europe) (En,Es,It)","我的马场（欧版） (En,Es,It)",NDS#2496,6.51MB
nds,"Horse & Foal - My Riding Stables (Europe) (En,Fr,De)","我的马场（欧版） (En,Fr,De)",NDS#2497,6.50MB
nds,"Horse & Foal - My Riding Stables (Europe) (En,Sv,No,Da)","我的马场（欧版） (En,Sv,No,Da)",NDS#2498,5.27MB
nds,Horse Life (USA),马场生活（美版）,NDS#2499,7.78MB
nds,"Horse Life - Adventures (USA) (En,Fr,Es)","赛马生活冒险（美版） (En,Fr,Es)",NDS#2500,23.48MB
nds,"Horse Life 3 (Europe) (En,Fr,De,Es,It,Nl) [b]","马场生活3（欧版） (En,Fr,De,Es,It,Nl) [b]",NDS#2501,21.77MB
nds,"Horseland (Europe) (En,De,Nl,Sv) [b]","马儿乐园（欧版） (En,De,Nl,Sv) [b]",NDS#2502,4.01MB
nds,"Horseland (Europe) (Fr,It) [b]","马儿乐园（欧版） (Fr,It) [b]",NDS#2503,4.01MB
nds,"Horsez (USA) (En,Fr,Es)","育马爱好者（美版） (En,Fr,Es)",NDS#2504,26.68MB
nds,Hoshi no Kirby - Sanjou! Dorotche Dan (Japan),星之卡比-参上!呐喊团（日版）,NDS#2505,7.31MB
nds,Hoshi no Kirby Ultra Super Deluxe (Japan),星之卡比-绝妙超豪华版（日版）,NDS#2506,55.57MB
nds,Hoshigami (Europe),星神（欧版）,NDS#2507,14.51MB
nds,Hoshigami (France),星神（法国版）,NDS#2508,14.42MB
nds,Hoshigami (Japan),星神（日版）,NDS#2509,14.50MB
nds,Hoshigami (Korea),星神（韩国版）,NDS#2510,14.41MB
nds,Hoshigami - Ruining Blue Earth - Remix (USA),星神（美版）,NDS#2511,14.51MB
nds,Hoshizora Navi (Japan),星空导航（日版）,NDS#2512,3.21MB
nds,Hoshizora no Comic Garden (Japan),星空漫画花园（日版）,NDS#2513,100.20MB
nds,"Hospital Giant (Europe) (En,Fr,De,Es,It)","医院巨人（欧版） (En,Fr,De,Es,It)",NDS#2514,14.53MB
nds,"Hot Wheels - Battle Force 5 (Europe) (En,Fr,De,Es,It,Nl)","无敌风火轮赛车-第五战队（欧版） (En,Fr,De,Es,It,Nl)",NDS#2515,26.01MB
nds,Hot Wheels - Battle Force 5 (USA),无敌风火轮赛车-第五战队（美版）,NDS#2516,26.02MB
nds,Hot Wheels - Beat That! (Europe),热轮竞速（欧版）,NDS#2517,23.19MB
nds,"Hot Wheels - Beat That! (Europe) (Fr,De,It)","热轮竞速（欧版） (Fr,De,It)",NDS#2518,24.91MB
nds,Hot Wheels - Beat That! (USA),热轮竞速（美版）,NDS#2519,23.19MB
nds,"Hot Wheels - Track Attack (Brazil) (En,Es,Pt) (NDSi Enhanced)","风火轮赛车-轨道攻击（巴西版） (En,Es,Pt) (NDSi Enhanced)",NDS#2520,24.10MB
nds,"Hot Wheels - Track Attack (Europe) (En,Fr,De,Es,It,Nl) (NDSi Enhanced)","风火轮赛车-轨道攻击（欧版） (En,Fr,De,Es,It,Nl) (NDSi Enhanced)",NDS#2521,24.65MB
nds,"Hot Wheels - Track Attack (USA) (En,Fr) (NDSi Enhanced)","风火轮赛车-轨道攻击（美版） (En,Fr) (NDSi Enhanced)",NDS#2522,24.65MB
nds,Hotel Deluxe (Netherlands),豪华旅馆（荷兰版）,NDS#2523,14.23MB
nds,Hotel Deluxe - Greif nach den Sternen (Germany),豪华旅馆-与明星零距离（德国版）,NDS#2524,14.18MB
nds,"Hotel Dusk - Room 215 (Europe) (En,Fr,De,Es,It)","旅馆疑云-215号房间（欧版） (En,Fr,De,Es,It)",NDS#2525,66.95MB
nds,Hotel Dusk - Room 215 (USA),旅馆疑云-215号房间（美版）,NDS#2526,63.83MB
nds,Hotel Duskui Bimil (Korea) [b],黄昏旅馆 215 房间（韩国版） [b],NDS#2527,66.90MB
nds,"Hotel for Dogs (Europe) (En,Fr,De,Es,It) [b]","流浪狗之家（欧版） (En,Fr,De,Es,It) [b]",NDS#2528,14.13MB
nds,Hotel for Dogs (USA),流浪狗之家（美版）,NDS#2529,13.52MB
nds,"Hotel Giant DS (Europe) (En,Fr,De,Es,It)","旅馆大亨DS（欧版） (En,Fr,De,Es,It)",NDS#2530,9.94MB
nds,"Hotel Giant DS (USA) (En,Fr,Es)","旅馆大亨DS（美版） (En,Fr,Es)",NDS#2531,9.90MB
nds,"Hotel Transylvania (Europe) (En,Fr,It) (Rev 1)",,NDS#2532,35.02MB
nds,"Hotel Transylvania (Europe) (En,Fr,Nl)",,NDS#2533,35.02MB
nds,Hotel Transylvania (United Kingdom),,NDS#2534,35.49MB
nds,Hotel Transylvania (USA),,NDS#2535,35.45MB
nds,Hottarake no Shima - Kanata to Nijiiro no Kagami (Japan) (Rev 1),遗忘之岛-彼方与彩虹镜（日版） （修正版 1）,NDS#2536,17.31MB
nds,Houkago Mystery Club - 26 no Tobira (Japan),放学后-神秘俱乐部-26扇门（日版）,NDS#2537,2.39MB
nds,Houkago Shounen (Japan),下课后少年（日版）,NDS#2538,37.96MB
nds,"House M.D. - The Official Game (Europe) (En,Fr,De)","豪斯医生（欧版） (En,Fr,De)",NDS#2539,42.42MB
nds,How to Pass Your Driving Test (Europe),如何通过你的驾照考试（欧版）,NDS#2540,22.39MB
nds,"How to Train Your Dragon (Europe) (En,Fr)","驯龙高手（欧版） (En,Fr)",NDS#2541,40.30MB
nds,"How to Train Your Dragon (Europe) (Es,It)","驯龙高手（欧版） (Es,It)",NDS#2542,41.47MB
nds,"How to Train Your Dragon (USA) (En,Fr)","驯龙高手（美版） (En,Fr)",NDS#2543,40.31MB
nds,Hudson x GReeeeN - Live! DeeeeS! (Japan),HUDSON×GReeeeN 演唱会!?DeeeeS!?（日版）,NDS#2544,233.93MB
nds,Hugo - Den forsvundne Kaempe (Denmark),,NDS#2545,14.55MB
nds,Hugo - Kampen om Krystalkortet (Denmark),,NDS#2546,8.13MB
nds,"Hugo - Magic in the Trollwoods (Europe) (Sv,No,Da,Fi)","雨果-巨魔树林里的魔法（欧版） (Sv,No,Da,Fi)",NDS#2547,18.01MB
nds,"Hugo - Trollakademin 1 - Den Forsvunna Jatten (Europe) (Sv,No)",,NDS#2548,30.19MB
nds,"Hugo - Trollakademin 2 - Jakten pa Kristallkartan (Europe) (Sv,No)",,NDS#2549,22.01MB
nds,"Hugo - Zauberei im Trollwald (Europe) (En,De,Es,Pt)","雨果-巨魔树林里的魔法（欧版） (En,De,Es,Pt)",NDS#2550,18.01MB
nds,"Huis Anubis, Het - De Donkere Strijd (Netherlands)",阿努比斯-黑暗的斗争（荷兰版）,NDS#2551,8.53MB
nds,"Huis Anubis, Het - Het Geheim van Osiris (Netherlands)",阿努比斯之屋（荷兰版）,NDS#2552,9.39MB
nds,"Huis Anubis, Het - Het Geheim van Osiris (Netherlands) (Rev 1)",阿努比斯之屋（荷兰版） （修正版 1）,NDS#2553,9.39MB
nds,"Humans, The - Meet the Ancestors! (Europe) (En,Fr,De,Es,It)","The Humans: Meet the Ancestors!（欧版） (En,Fr,De,Es,It)",NDS#2554,5.66MB
nds,"Humans, The - Meet the Ancestors! (USA) (En,Fr,Es)","The Humans: Meet the Ancestors!（美版） (En,Fr,Es)",NDS#2555,5.64MB
nds,"Hurry Up Hedgehog! (Europe) (En,Fr,De,Es,It)","刺猬快跑（欧版） (En,Fr,De,Es,It)",NDS#2556,1.53MB
nds,Hurry Up Hedgehog! (USA),刺猬快跑（美版）,NDS#2557,1.54MB
nds,Hwansangsuhojeon - Tierkreis (Korea) [b],幻想水浒传-黄道十二宫（韩国版） [b],NDS#2558,191.58MB
nds,"Hysteria Hospital - Emergency Ward (Europe) (En,Fr,De,Es,It)","疯狂急诊室（欧版） (En,Fr,De,Es,It)",NDS#2559,2.35MB
nds,"Hysteria Hospital - Emergency Ward (USA) (En,Fr,Es)","疯狂急诊室（美版） (En,Fr,Es)",NDS#2560,2.35MB
nds,"I Am an... Air Traffic Controller by DS (Europe) (En,Fr,De,Es,It)","我是航空管制员 DS（欧版） (En,Fr,De,Es,It)",NDS#2561,5.46MB
nds,"I Did It Mum! - Boy (Europe) (En,Fr,De,Es,It)","我做到了-妈妈!-男孩篇（欧版） (En,Fr,De,Es,It)",NDS#2562,12.89MB
nds,"I Did It Mum! - Doll's House (Europe) (En,Fr,De,Es,It) [b]","我做到了妈妈!布娃娃之家（欧版） (En,Fr,De,Es,It) [b]",NDS#2563,2.67MB
nds,"I Did It Mum! - Girl (Europe) (En,Fr,De,Es,It)","我做到了-妈妈!-女孩篇（欧版） (En,Fr,De,Es,It)",NDS#2564,12.64MB
nds,"I Did It Mum! - Picture Book (Europe) (En,Fr,De,Es,It) [b]","妈妈我做到了-图书版（欧版） (En,Fr,De,Es,It) [b]",NDS#2565,42.95MB
nds,"I Did It Mum! - Spelling (Europe) (En,Fr,De,Es,It) [b]","我做到了妈妈-拼写（欧版） (En,Fr,De,Es,It) [b]",NDS#2566,10.54MB
nds,"I Did It Mum! 2 - Boy (Europe) (En,Fr,De,Es,It)","妈妈我做到了2-男孩版（欧版） (En,Fr,De,Es,It)",NDS#2567,12.64MB
nds,"I Did It Mum! 2 - Girl (Europe) (En,Fr,De,Es,It)","妈妈我做到了2-女孩版（欧版） (En,Fr,De,Es,It)",NDS#2568,13.20MB
nds,I Heart Geeks (USA),,NDS#2569,6.56MB
nds,I Love Babies (USA),,NDS#2570,8.21MB
nds,"I Love Beauty - Hollywood Makeover (Europe) (En,Fr,De,Es,It)","我爱美丽-好莱坞彩妆（欧版） (En,Fr,De,Es,It)",NDS#2571,7.12MB
nds,"I Love Beauty - Hollywood Makeover (USA) (En,Fr,Es)","我爱美丽-好莱坞彩妆（美版） (En,Fr,Es)",NDS#2572,7.13MB
nds,"I Love Dogs - My Cute Puppies (Europe) (Sv,No,Da,Fi)",,NDS#2573,4.25MB
nds,I Love Dolphin (Japan),我爱海豚（日版）,NDS#2574,4.88MB
nds,"I Love Horses (Europe) (En,Fr,De,Es,It)","我爱马儿（欧版） (En,Fr,De,Es,It)",NDS#2575,7.81MB
nds,"I Love Horses (Europe) (En,Fr,Es,It,Nl)","我爱马儿（欧版） (En,Fr,Es,It,Nl)",NDS#2576,7.74MB
nds,"I Love Horses (Europe) (En,Fr,Es,It,Nl) (Rev 1) [b]","我爱马儿（欧版） (En,Fr,Es,It,Nl) （修正版 1） [b]",NDS#2577,7.73MB
nds,"I Love Horses (Europe) (En,Fr,Es,It,Nl) (YWDZ)","我爱马儿（欧版） (En,Fr,Es,It,Nl) (YWDZ)",NDS#2578,7.74MB
nds,"I Love Horses (Europe) (Sv,No,Da,Fi)","我爱马儿（欧版） (Sv,No,Da,Fi)",NDS#2579,7.68MB
nds,I Love Horses (USA),我爱马儿（美版）,NDS#2580,7.86MB
nds,I Love Puppies (USA),,NDS#2581,4.07MB
nds,I SPY Castle (USA),,NDS#2582,18.67MB
nds,I Spy Fun House (Europe),小小侦探-趣味屋（欧版）,NDS#2583,8.35MB
nds,"I Spy Fun House (Europe) (En,Fr,De,It,Nl)","小小侦探-趣味屋（欧版） (En,Fr,De,It,Nl)",NDS#2584,11.97MB
nds,"I Spy Fun House (Europe) (En,Ru) (Beta)","小小侦探-趣味屋（欧版） (En,Ru) （测试版）",NDS#2585,18.76MB
nds,I Spy Fun House (USA),小小侦探-趣味屋（美版）,NDS#2586,8.35MB
nds,I Spy Game Pack (USA),,NDS#2587,22.69MB
nds,I SPY Universe (USA),,NDS#2588,13.85MB
nds,I'm a Celebrity - Get Me Out of Here! (Europe),我是名人...让我离开这里!（欧版）,NDS#2589,9.51MB
nds,iCarly (Australia) (NDSi Enhanced),爱卡莉（澳洲版） (NDSi Enhanced),NDS#2590,20.11MB
nds,"iCarly (Europe) (En,Fr,De,Es,It,Nl) (NDSi Enhanced)","爱卡莉（欧版） (En,Fr,De,Es,It,Nl) (NDSi Enhanced)",NDS#2591,76.96MB
nds,"iCarly (USA) (En,Fr) (NDSi Enhanced)","爱卡莉（美版） (En,Fr) (NDSi Enhanced)",NDS#2592,30.67MB
nds,iCarly - Groovy Foodie! (Europe),,NDS#2593,9.42MB
nds,iCarly - Groovy Foodie! (USA),,NDS#2594,9.44MB
nds,"iCarly 2 - iJoin the Click! (Europe) (En,De,Es,It) (NDSi Enhanced)","爱卡莉2（欧版） (En,De,Es,It) (NDSi Enhanced)",NDS#2595,65.64MB
nds,iCarly 2 - iJoin the Click! (USA) (NDSi Enhanced),爱卡莉2（美版） (NDSi Enhanced),NDS#2596,29.33MB
nds,"Ice Age - Dawn of the Dinosaurs (USA) (En,Fr)","冰河世记 3（美版） (En,Fr)",NDS#2597,25.58MB
nds,Ice Age 2 (Japan),冰河世纪2-消融（日版）,NDS#2598,31.43MB
nds,"Ice Age 2 - The Meltdown (Europe) (En,Fr,De,Es,It,Nl)","冰河世纪2融化（欧版） (En,Fr,De,Es,It,Nl)",NDS#2599,31.38MB
nds,Ice Age 2 - The Meltdown (USA),冰河世纪2融化（美版）,NDS#2600,31.31MB
nds,"Ice Age 3 - Dawn of the Dinosaurs (Europe) (De,Es)","冰河世纪 3 恐龙的黎明（欧版） (De,Es)",NDS#2601,25.73MB
nds,"Ice Age 3 - Dawn of the Dinosaurs (Europe) (En,Sv)","冰河世纪 3 恐龙的黎明（欧版） (En,Sv)",NDS#2602,25.24MB
nds,"Ice Age 3 - Dawn of the Dinosaurs (Europe) (Fr,Nl) [b]","冰河世纪 3 恐龙的黎明（欧版） (Fr,Nl) [b]",NDS#2603,25.77MB
nds,"Ice Age 4 - Continental Drift - Arctic Games (Europe) (De,Es)",,NDS#2604,51.62MB
nds,"Ice Age 4 - Continental Drift - Arctic Games (Europe) (En,Sv)",,NDS#2605,51.20MB
nds,"Ice Age 4 - Continental Drift - Arctic Games (Europe) (Fr,Nl)",,NDS#2606,51.47MB
nds,"Ice Age 4 - Continental Drift - Arctic Games (USA) (En,Fr)",,NDS#2607,51.59MB
nds,Ichido wa Yon de Okitai - Nihon Bungaku 100-sen (Japan),一口气读完的日本文学100篇（日版）,NDS#2608,18.68MB
nds,"Ico Soccer (Europe) (En,Fr,De,Es,It)","奇哥足球（欧版） (En,Fr,De,Es,It)",NDS#2609,3.44MB
nds,Idaten Jump DS - Moero! Flame Kaiser (Japan),韦驮天翔DS 燃烧吧! 火焰凯萨（日版）,NDS#2610,6.86MB
nds,Idol Janshi Suchie-Pai III Remix (Japan),美少女麻将3-Remix（日版）,NDS#2611,19.70MB
nds,"Idolm@ster, The - Dearly Stars (Japan) (NDSi Enhanced)",偶像大师-深情之星（日版） (NDSi Enhanced),NDS#2612,226.97MB
nds,"Igor - The Game (Europe) (En,Fr,De,Es,It)","科学小怪蛋（欧版） (En,Fr,De,Es,It)",NDS#2613,7.50MB
nds,Igor - The Game (USA),科学小怪蛋（美版）,NDS#2614,7.50MB
nds,Ikamono Tantei - Ikatan (Japan),欺诈侦探（日版）,NDS#2615,33.29MB
nds,IKOU - Intelligenztrainer fuer Kids (Germany),儿童智力训练（德国版）,NDS#2616,14.37MB
nds,"IL-2 Sturmovik - Birds of Prey (Europe) (En,Fr,De,Es,It)","伊尔2斯图莫维克-猛禽出击（欧版） (En,Fr,De,Es,It)",NDS#2617,8.78MB
nds,"IL-2 Sturmovik - Birds of Prey (USA) (En,Fr,De,Es,It)","伊尔2斯图莫维克-猛禽出击（美版） (En,Fr,De,Es,It)",NDS#2618,8.78MB
nds,Illu-Logi VOW (Japan),插画逻辑（日版）,NDS#2619,7.83MB
nds,Illumislight - Hikari no Puzzle (Japan),霓虹之光-光线益智游戏（日版）,NDS#2620,2.00MB
nds,Illust Logic DS + Colorful Logic (Japan),填图逻辑DS+色彩逻辑（日版）,NDS#2621,1.81MB
nds,"Imagine - Animal Doctor (USA) (En,Fr,Es)","想像-动物医生（美版） (En,Fr,Es)",NDS#2622,12.35MB
nds,"Imagine - Animal Doctor Care Center (USA) (En,Fr,Es) (NDSi Enhanced)","想像-动物医生诊治中心（美版） (En,Fr,Es) (NDSi Enhanced)",NDS#2623,17.79MB
nds,"Imagine - Artist (Europe) (En,Fr,De,Es,It,Nl) (NDSi Enhanced)","想像-艺术家（欧版） (En,Fr,De,Es,It,Nl) (NDSi Enhanced)",NDS#2624,14.22MB
nds,"Imagine - Artist (USA) (En,Fr,Es) (NDSi Enhanced)","想像-艺术家（美版） (En,Fr,Es) (NDSi Enhanced)",NDS#2625,14.22MB
nds,"Imagine - Babies (Europe) (En,Fr,De,Es,It,Nl)","想像-宝贝（欧版） (En,Fr,De,Es,It,Nl)",NDS#2626,12.00MB
nds,"Imagine - Baby Club (Europe) (En,Fr,De,Es,It,Nl,Pt,Sv,No,Da)","想像-宝宝俱乐部（欧版） (En,Fr,De,Es,It,Nl,Pt,Sv,No,Da)",NDS#2627,18.36MB
nds,"Imagine - Babysitters (USA) (En,Fr,Es,Pt)","想像-月嫂（美版） (En,Fr,Es,Pt)",NDS#2628,18.35MB
nds,"Imagine - Babyz (USA) (En,Fr,Es)","想像-宝贝（美版） (En,Fr,Es)",NDS#2629,12.01MB
nds,"Imagine - Babyz Fashion (USA) (En,Fr,Es) (NDSi Enhanced)","想像-Baby时尚（美版） (En,Fr,Es) (NDSi Enhanced)",NDS#2630,17.40MB
nds,"Imagine - Ballet Dancer (Europe) (En,Fr,De,Es,It,Nl)","芭蕾舞者（欧版） (En,Fr,De,Es,It,Nl)",NDS#2631,59.10MB
nds,"Imagine - Ballet Star (USA) (En,Fr,De,Es,It,Nl)","想像-芭蕾明星（美版） (En,Fr,De,Es,It,Nl)",NDS#2632,59.09MB
nds,"Imagine - Beauty Stylist (Europe) (En,Fr,De,Es,It,Nl,Sv,No,Da)","想象-美丽造型师（欧版） (En,Fr,De,Es,It,Nl,Sv,No,Da)",NDS#2633,11.65MB
nds,"Imagine - Boutique Owner (USA) (En,Fr,Es)","精品店老板（美版） (En,Fr,Es)",NDS#2634,8.72MB
nds,"Imagine - Champion Rider (Europe) (En,Fr,De,Es,It) (NDSi Enhanced)","想像-冠军骑手（欧版） (En,Fr,De,Es,It) (NDSi Enhanced)",NDS#2635,16.96MB
nds,"Imagine - Champion Rider (Europe) (En,Fr,De,Es,It,Nl,Sv,No,Da)","想像-冠军骑手（欧版） (En,Fr,De,Es,It,Nl,Sv,No,Da)",NDS#2636,21.76MB
nds,"Imagine - Cheerleader (USA) (En,Fr,Es)","啦啦队员（美版） (En,Fr,Es)",NDS#2637,9.56MB
nds,"Imagine - Detective (USA) (En,Fr,De,Es,It,Nl,Sv,No,Da)","想象-侦探（美版） (En,Fr,De,Es,It,Nl,Sv,No,Da)",NDS#2638,12.38MB
nds,"Imagine - Detective Adventures (Europe) (En,Fr,De,Es,It,Nl,Sv,No,Da)","想象-侦探冒险（欧版） (En,Fr,De,Es,It,Nl,Sv,No,Da)",NDS#2639,12.38MB
nds,"Imagine - Doctor (Europe) (En,Fr,De,Es,It,Nl,Sv,No,Da)","医生（欧版） (En,Fr,De,Es,It,Nl,Sv,No,Da)",NDS#2640,4.79MB
nds,"Imagine - Dream Resort (Europe) (En,Fr,De,Es,It) (NDSi Enhanced)","想像-梦想渡假村（欧版） (En,Fr,De,Es,It) (NDSi Enhanced)",NDS#2641,7.20MB
nds,"Imagine - Dream Weddings (Europe) (En,Fr,De,Es,It,Nl,Pt,Sv,No,Da)","想像-梦中婚礼（欧版） (En,Fr,De,Es,It,Nl,Pt,Sv,No,Da)",NDS#2642,22.59MB
nds,"Imagine - Family Doctor (USA) (En,Fr,Es)","家庭医生（美版） (En,Fr,Es)",NDS#2643,4.79MB
nds,"Imagine - Fashion Designer (Europe) (En,Fr,De,Es,It,Nl,Sv,No,Da)","想像-形象时尚设计师（欧版） (En,Fr,De,Es,It,Nl,Sv,No,Da)",NDS#2644,18.93MB
nds,"Imagine - Fashion Designer (USA) (En,Fr,Es)","想像-形象时尚设计师（美版） (En,Fr,Es)",NDS#2645,18.92MB
nds,"Imagine - Fashion Designer - New York (USA) (En,Fr,Es,Pt)","想像-纽约时尚设计师（美版） (En,Fr,Es,Pt)",NDS#2646,61.12MB
nds,"Imagine - Fashion Designer - World Tour (USA) (En,Fr,Es) (NDSi Enhanced)","想像-时装设计师世界巡回赛（美版） (En,Fr,Es) (NDSi Enhanced)",NDS#2647,67.39MB
nds,"Imagine - Fashion Model (Europe) (En,Fr,De,Es,It,Nl,Pt,Sv,No,Da)","想像-时尚模特（欧版） (En,Fr,De,Es,It,Nl,Pt,Sv,No,Da)",NDS#2648,61.13MB
nds,"Imagine - Fashion Model (Europe) (En,Fr,De,Es,It,Nl,Pt,Sv,No,Da) (Beta)","想像-时尚模特（欧版） (En,Fr,De,Es,It,Nl,Pt,Sv,No,Da) （测试版）",NDS#2649,76.72MB
nds,"Imagine - Fashion Paradise (Europe) (En,Fr,De,Es,It,Pt) (NDSi Enhanced)","想像-时装天堂（欧版） (En,Fr,De,Es,It,Pt) (NDSi Enhanced)",NDS#2650,9.13MB
nds,"Imagine - Fashion Stylist (USA) (En,Fr,Es) (NDSi Enhanced)","想像-时装设计师（美版） (En,Fr,Es) (NDSi Enhanced)",NDS#2651,9.13MB
nds,"Imagine - Figure Skater (Europe) (En,Fr,De,Es,It)","想像-花式滑冰（欧版） (En,Fr,De,Es,It)",NDS#2652,21.93MB
nds,"Imagine - Figure Skater (USA) (En,Fr,De,Es,It)","想像-花式滑冰（美版） (En,Fr,De,Es,It)",NDS#2653,21.88MB
nds,"Imagine - Girl Band (Europe) (En,Fr,De,Es,It)","想像-女子乐团（欧版） (En,Fr,De,Es,It)",NDS#2654,26.29MB
nds,"Imagine - Girl Band (Europe) (En,Nl,Sv,No,Da)","想像-女子乐团（欧版） (En,Nl,Sv,No,Da)",NDS#2655,26.23MB
nds,"Imagine - Gymnast (Europe) (En,Fr,De,Es,It,Nl,Sv,No,Da)","想像-体操运动员（欧版） (En,Fr,De,Es,It,Nl,Sv,No,Da)",NDS#2656,6.61MB
nds,"Imagine - Gymnast (USA) (En,Fr,Es) (NDSi Enhanced)","想像-体操运动员（美版） (En,Fr,Es) (NDSi Enhanced)",NDS#2657,13.54MB
nds,"Imagine - Happy Cooking (Europe) (En,Fr,De,Es,It)","梦想成真-快乐厨房（欧版） (En,Fr,De,Es,It)",NDS#2658,7.69MB
nds,"Imagine - Happy Cooking (Europe) (En,Fr,De,Es,It,Nl)","梦想成真-快乐厨房（欧版） (En,Fr,De,Es,It,Nl)",NDS#2659,8.13MB
nds,"Imagine - Happy Cooking (Europe) (En,Fr,De,Es,It,Nl) (Rev 1)","梦想成真-快乐厨房（欧版） (En,Fr,De,Es,It,Nl) （修正版 1）",NDS#2660,8.14MB
nds,"Imagine - Ice Champions (USA) (En,Fr,Es)","滑冰冠军（美版） (En,Fr,Es)",NDS#2661,20.10MB
nds,"Imagine - Interior Designer (Europe) (En,Fr,De,Es,It,Nl)","室内设计师（欧版） (En,Fr,De,Es,It,Nl)",NDS#2662,12.10MB
nds,"Imagine - Interior Designer (USA) (En,Fr,Es)","室内设计师（美版） (En,Fr,Es)",NDS#2663,12.10MB
nds,"Imagine - Journalist (Europe) (En,Fr,De,Es,It,Nl,Sv,No,Da) (NDSi Enhanced)","想象-记者（欧版） (En,Fr,De,Es,It,Nl,Sv,No,Da) (NDSi Enhanced)",NDS#2664,13.82MB
nds,"Imagine - Makeup Artist (USA) (En,Fr)","化妆艺术家（美版） (En,Fr)",NDS#2665,8.47MB
nds,"Imagine - Master Chef (USA) (En,Fr,De,Es,It)","想像-大厨（美版） (En,Fr,De,Es,It)",NDS#2666,7.66MB
nds,"Imagine - Modern Dancer (Europe) (En,Fr,De,Es,It)","想像-摩登舞者（欧版） (En,Fr,De,Es,It)",NDS#2667,54.40MB
nds,"Imagine - Movie Star (Europe) (En,Fr,De,Es,It,Nl,Sv,No,Da)","想像-电影明星（欧版） (En,Fr,De,Es,It,Nl,Sv,No,Da)",NDS#2668,11.20MB
nds,"Imagine - Movie Star (USA) (En,Fr,Es)","想像-电影明星（美版） (En,Fr,Es)",NDS#2669,10.18MB
nds,"Imagine - Music Fest (USA) (En,Fr)","音乐节（美版） (En,Fr)",NDS#2670,4.71MB
nds,"Imagine - My Boutique (Europe) (En,Fr,De,Es,It)","我的时装店（欧版） (En,Fr,De,Es,It)",NDS#2671,8.72MB
nds,"Imagine - My Restaurant (Europe) (En,Fr,De,Es,It)","我的餐厅（欧版） (En,Fr,De,Es,It)",NDS#2672,8.17MB
nds,"Imagine - Party Planner (Europe) (En,Fr,De,Es,It,Nl)","想象-派对组织者（欧版） (En,Fr,De,Es,It,Nl)",NDS#2673,10.66MB
nds,"Imagine - Party Planner (USA) (En,Fr,De,Es,It,Nl)","想象-派对组织者（美版） (En,Fr,De,Es,It,Nl)",NDS#2674,10.66MB
nds,"Imagine - Pet Vet (Europe) (En,Fr,De,Es,It,Nl,Sv,No,Da)","幻想宠物医生（欧版） (En,Fr,De,Es,It,Nl,Sv,No,Da)",NDS#2675,12.35MB
nds,"Imagine - Reporter (USA) (En,Fr,Es) (NDSi Enhanced)","想像-记者（美版） (En,Fr,Es) (NDSi Enhanced)",NDS#2676,13.82MB
nds,"Imagine - Rescue Vet (Europe) (En,Fr,De,Es,It) (NDSi Enhanced)","想像-急救兽医（欧版） (En,Fr,De,Es,It) (NDSi Enhanced)",NDS#2677,17.80MB
nds,"Imagine - Resort Owner (USA) (En,Fr,Es) (NDSi Enhanced)","想像-度假村所有者（美版） (En,Fr,Es) (NDSi Enhanced)",NDS#2678,7.20MB
nds,"Imagine - Rock Star (USA) (En,Fr,De,Es,It)","想像-摇滚明星（美版） (En,Fr,De,Es,It)",NDS#2679,26.24MB
nds,"Imagine - Salon Stylist (USA) (En,Fr,Es)","想像-沙龙美发师（美版） (En,Fr,Es)",NDS#2680,11.87MB
nds,"Imagine - Soccer Captain (USA) (En,Fr,Es)","足球队队长（美版） (En,Fr,Es)",NDS#2681,17.41MB
nds,"Imagine - Sweet 16 (USA) (En,Fr,Es)","想像-甜蜜16（美版） (En,Fr,Es)",NDS#2682,9.65MB
nds,"Imagine - Teacher (Europe) (En,Fr,De,Es,It,Nl,Pt,Sv,No,Da)","想像-假如你是老师（欧版） (En,Fr,De,Es,It,Nl,Pt,Sv,No,Da)",NDS#2683,6.39MB
nds,"Imagine - Teacher (USA) (En,Fr,Es,Pt)","想像-假如你是老师（美版） (En,Fr,Es,Pt)",NDS#2684,6.39MB
nds,"Imagine - Teacher - Class Trip (USA) (En,Fr,Es)","想象教师-班级之旅（美版） (En,Fr,Es)",NDS#2685,10.39MB
nds,"Imagine - Teacher - School Trip (Europe) (En,Fr,De,Es,It,Nl)","想象-教师校园之旅（欧版） (En,Fr,De,Es,It,Nl)",NDS#2686,10.39MB
nds,"Imagine - Wedding Designer (USA) (En,Fr,Es,Pt)","婚礼设计师（美版） (En,Fr,Es,Pt)",NDS#2687,22.59MB
nds,"Imagine - Wildlife Keeper (Europe) (En,Fr,De,Es,It,Nl,Sv,No,Da)","想象-野生动物管理员（欧版） (En,Fr,De,Es,It,Nl,Sv,No,Da)",NDS#2688,13.13MB
nds,"Imagine - Zookeeper (USA) (En,Fr,Es)","想像-动物园管理员（美版） (En,Fr,Es)",NDS#2689,13.13MB
nds,Imasugu Tsukaeru Mamechishiki - Quiz Zatsugaku-ou DS (Japan),马上能用小知识益智杂学王DS（日版）,NDS#2690,9.59MB
nds,Imi made Wakaru - Otona no Jukugo Renshuu - Kadokawa Ruigo Shin Jiten kara 5-man Mon (Japan),彻底详解成人英语练习-角川类语新辞典精选5万题（日版）,NDS#2691,6.41MB
nds,Impara con Pokemon - Avventura Tra i Tasti (Italy),,NDS#2692,76.09MB
nds,"Impossible Mission (Europe) (En,Fr,De,Es,It)","谍中谍（欧版） (En,Fr,De,Es,It)",NDS#2693,6.74MB
nds,Impossible Mission (USA),谍中谍（美版）,NDS#2694,6.75MB
nds,Inazuma Eleven (Europe),闪电11人（欧版）,NDS#2695,128.67MB
nds,Inazuma Eleven (France),闪电11人（法国版）,NDS#2696,128.59MB
nds,Inazuma Eleven (Germany),闪电11人（德国版）,NDS#2697,128.85MB
nds,Inazuma Eleven (Italy),闪电11人（意大利版）,NDS#2698,128.63MB
nds,Inazuma Eleven (Japan),闪电11人（日版）,NDS#2699,85.69MB
nds,Inazuma Eleven (Japan) (Rev 1),闪电11人（日版） （修正版 1）,NDS#2700,85.71MB
nds,Inazuma Eleven (Spain),闪电11人（西班牙版）,NDS#2701,128.99MB
nds,Inazuma Eleven 2 - Blizzard (Europe),,NDS#2702,170.72MB
nds,Inazuma Eleven 2 - Bufera di Neve (Italy),,NDS#2703,170.18MB
nds,Inazuma Eleven 2 - Eissturm (Germany),,NDS#2704,170.34MB
nds,Inazuma Eleven 2 - Feuersturm (Germany),,NDS#2705,170.44MB
nds,Inazuma Eleven 2 - Firestorm (Europe),,NDS#2706,170.81MB
nds,Inazuma Eleven 2 - Kyoui no Shinryakusha - Blizzard (Japan),闪电11人2 威胁的侵略者-暴雪（日版）,NDS#2707,171.81MB
nds,Inazuma Eleven 2 - Kyoui no Shinryakusha - Blizzard (Japan) (Rev 1),闪电11人2 威胁的侵略者-暴雪（日版） （修正版 1）,NDS#2708,171.80MB
nds,Inazuma Eleven 2 - Kyoui no Shinryakusha - Fire (Japan),闪电11人2 威胁的侵略者-烈火（日版）,NDS#2709,172.01MB
nds,Inazuma Eleven 2 - Kyoui no Shinryakusha - Fire (Japan) (Rev 1),闪电11人2 威胁的侵略者-烈火（日版） （修正版 1）,NDS#2710,172.01MB
nds,Inazuma Eleven 2 - Tempesta di Fuoco (Italy),,NDS#2711,170.29MB
nds,Inazuma Eleven 2 - Tempete de Feu (France),,NDS#2712,170.03MB
nds,Inazuma Eleven 2 - Tempete de Glace (France),,NDS#2713,169.92MB
nds,Inazuma Eleven 2 - Tormenta de Fuego (Spain),,NDS#2714,171.17MB
nds,Inazuma Eleven 2 - Ventisca Eterna (Spain),,NDS#2715,171.07MB
nds,Inazuma Eleven 3 - Sekai e no Chousen!! - Bomber (Japan),闪电足球队3-迈向世界的挑战-炸弹版（日版）,NDS#2716,291.03MB
nds,Inazuma Eleven 3 - Sekai e no Chousen!! - Spark (Japan),闪电足球队3-迈向世界的挑战-闪光版（日版）,NDS#2717,295.76MB
nds,Inazuma Eleven 3 - Sekai e no Chousen!! - The Ogre (Japan),闪电十一人3-迈向世界的挑战-王牙版（日版）,NDS#2718,321.01MB
nds,"Incollables CE1-CE2, Les (France)",终极挑战 CE1-CE2（法国版）,NDS#2719,2.58MB
nds,"Incollables CM1-CM2, Les (France)",终极挑战 CM1-CM2（法国版）,NDS#2720,2.59MB
nds,"Incollables CP, Les (France) [b]",无懈可击 CP（法国版） [b],NDS#2721,2.48MB
nds,"Incredible Hulk, The (Europe) (En,Fr,De,Es,It)","神奇绿巨人（欧版） (En,Fr,De,Es,It)",NDS#2722,25.64MB
nds,"Incredible Hulk, The (USA) (En,Fr,De,Es,It)","神奇绿巨人（美版） (En,Fr,De,Es,It)",NDS#2723,25.64MB
nds,"Incredibles, The - Rise of the Underminer (Europe)",超人总动员（欧版）,NDS#2724,4.36MB
nds,"Incredibles, The - Rise of the Underminer (Europe) (En,Fr,De,Es,It)","超人总动员（欧版） (En,Fr,De,Es,It)",NDS#2725,4.36MB
nds,"Incredibles, The - Rise of the Underminer (USA)",超人总动员（美版）,NDS#2726,4.36MB
nds,"Indiana Jones and the Staff of Kings (Europe) (En,Fr,De,Es,It)","印第安纳琼斯与王之杖（欧版） (En,Fr,De,Es,It)",NDS#2727,25.37MB
nds,"Indiana Jones and the Staff of Kings (USA) (En,Fr)","印第安纳琼斯与王之杖（美版） (En,Fr)",NDS#2728,25.36MB
nds,Indianapolis 500 Legends (USA),印地500赛车（美版）,NDS#2729,47.69MB
nds,"Indoor Sports Club (Europe) (En,Fr,De,Es,It)","室内运动俱乐部（欧版） (En,Fr,De,Es,It)",NDS#2730,2.63MB
nds,Indosik Dunoe Suhak (Korea),印度式计算全脑系列（韩国版）,NDS#2731,1.05MB
nds,Infinite Space (Europe),无限航路（欧版）,NDS#2732,89.16MB
nds,Infinite Space (USA),无限航路（美版）,NDS#2733,89.16MB
nds,"Inkheart (Europe) (En,Fr,De,Es,It)","墨水心（欧版） (En,Fr,De,Es,It)",NDS#2734,8.69MB
nds,"Inkheart (USA) (En,Fr,De,Es,It)","墨水心（美版） (En,Fr,De,Es,It)",NDS#2735,8.69MB
nds,Insecticide (USA),杀虫剂（美版）,NDS#2736,45.56MB
nds,Intellivision Lives! (USA),八十年代经典游戏集（美版）,NDS#2737,5.24MB
nds,Interactive Storybook DS - Series 1 (USA),互动故事书系列1（美版）,NDS#2738,9.05MB
nds,Interactive Storybook DS - Series 2 (USA),互动故事书DS 系列2（美版）,NDS#2739,5.14MB
nds,Interactive Storybook DS - Series 3 (USA),互动故事书DS系列3（美版）,NDS#2740,8.34MB
nds,"Internado, El - Laguna Negra (Europe) (En,Fr,De,Es,It)","萨尔瓦多学院（欧版） (En,Fr,De,Es,It)",NDS#2741,18.86MB
nds,"International Athletics (Europe) (En,Fr,De,Es,It)","国际田径大赛（欧版） (En,Fr,De,Es,It)",NDS#2742,4.67MB
nds,Intervilles - Fais Gagner Ta Ville! - Le Jeu Officiel (France),城市之间（法国版）,NDS#2743,47.39MB
nds,Inu Gaisha (Japan),小狗公司 DS（日版）,NDS#2744,74.95MB
nds,Inugamike no Ichizoku (Japan),犬神家一族（日版）,NDS#2745,18.97MB
nds,InuYasha - Secret of the Divine Jewel (USA),犬夜叉-四魂之迷（美版）,NDS#2746,22.24MB
nds,Ippan Zaidan Houjin Nihon Kanji Shuujukudo Kentei Kikou Kounin - Kanjukuken DS (Japan),一般财团法人-日本汉字习熟度检定机构-公认-汉熟检DS（日版）,NDS#2747,9.77MB
nds,Iron Chef America - Supreme Cuisine (USA),美国铁人料理-顶级烹饪法（美版）,NDS#2748,20.01MB
nds,Iron Feather (Japan),钢之羽（日版）,NDS#2749,17.49MB
nds,"Iron Man (Europe) (En,Fr,De,Es,It)","钢铁侠（欧版） (En,Fr,De,Es,It)",NDS#2750,34.03MB
nds,"Iron Man (USA) (En,Fr,Es)","钢铁侠（美版） (En,Fr,Es)",NDS#2751,34.03MB
nds,"Iron Man 2 (USA) (En,Fr,Es)","钢铁侠2（美版） (En,Fr,Es)",NDS#2752,25.26MB
nds,"Iron Man 2 - The Video Game (Europe) (En,Fr,De,Es,It)","钢铁侠2（欧版） (En,Fr,De,Es,It)",NDS#2753,25.35MB
nds,Iron Master - The Legendary Blacksmith (Japan),铁匠大师（日版）,NDS#2754,25.08MB
nds,Iron Master - Wanggugui Yusangwa Segaeui Yeolsoe (Korea),钢铁大师（韩国版）,NDS#2755,25.06MB
nds,Irozuki Tingle no Koi no Balloon Trip (Japan),变色汀格尔的恋之气球旅行（日版）,NDS#2756,41.42MB
nds,Isanghan Naraui Princess (Korea),仙境公主（韩国版）,NDS#2757,12.19MB
nds,Ishin no Arashi - Shippuu Ryouma Den (Japan) [b],维新风暴-疾风龙马传（日版） [b],NDS#2758,19.06MB
nds,"Isola dei Famosi, L' (Italy)",兰达岛（意大利版）,NDS#2759,8.35MB
nds,It's Tehodoki! Hannya Shingyou Nyuumon (Japan),般若心经入门（日版）,NDS#2760,3.27MB
nds,Itadaki Street DS - Dragon Quest Super Mario (Japan),富豪街DS（日版）,NDS#2761,19.42MB
nds,Item Getter - Bokura no Kagaku to Mahou no Kankei (Japan),道具探索家-我们的科学跟魔法之间的关系（日版）,NDS#2762,188.38MB
nds,iTouch DS (World) (Unl),,NDS#2763,33.36KB
nds,Itouke no Urawaza DS (Japan),伊东家的生活妙方（日版）,NDS#2764,54.06MB
nds,Itsudemo Dokodemo - Onita Atsushi no Seiji Quiz DS (Japan),随时任何地方都能进行的大仁田厚的政治猜谜DS（日版）,NDS#2765,14.69MB
nds,Itsudemo Dokodemo Dekiru Igo - AI Igo DS (Japan),AI围棋DS演示版（日版）,NDS#2766,1.51MB
nds,Itsudemo Dokodemo Dekiru Shougi - AI Shougi DS (Japan),AI将棋DS演示版（日版）,NDS#2767,6.05MB
nds,Itsumo no Shokuzai de Dekichau Suteki na Sweets to Gochisou. (Japan),日常食材大变身-美味的甜点（日版）,NDS#2768,13.87MB
nds,Itsuwari no Rondo (Japan),谎言的轮舞曲-回旋（日版）,NDS#2769,12.79MB
nds,"Ivy the Kiwi (Europe) (En,Fr,De,Es,It)","青藤几维鸟?（欧版） (En,Fr,De,Es,It)",NDS#2770,4.44MB
nds,"Ivy the Kiwi (USA) (En,Fr,Es)","青藤几维鸟?（美版） (En,Fr,Es)",NDS#2771,4.28MB
nds,Ivy the Kiwi - Tsuta ga Michibiku Monogatari. (Japan),青藤几维鸟?（日版）,NDS#2772,4.10MB
nds,Izuna - Legend of the Unemployed Ninja (USA),无职忍者传（美版）,NDS#2773,5.01MB
nds,"Izuna - The Legend of the Ninja (Europe) (En,Fr,It)","无职忍者传（欧版） (En,Fr,It)",NDS#2774,4.90MB
nds,Izuna 2 - The Unemployed Ninja Returns (USA),降魔灵符传2（美版）,NDS#2775,18.97MB
nds,"J'Apprends l'Anglais CP-CM1 (Europe) (Fr,It) [b]","学习英文CP-CM1（欧版） (Fr,It) [b]",NDS#2776,32.28MB
nds,"J4G - A Girl's World (Europe) (En,De)","J4G-一个女孩的世界（欧版） (En,De)",NDS#2777,17.11MB
nds,"Jackass - The Game DS (Europe) (En,Fr,De,Es,It)","蠢才秀-游戏版（欧版） (En,Fr,De,Es,It)",NDS#2778,64.42MB
nds,Jackass - The Game DS (USA),蠢才秀-游戏版（美版）,NDS#2779,65.66MB
nds,Jacqueline Wilson's Tracy Beaker - The Game (Europe),杰奎琳，威尔逊，特雷西的杯子-游戏版（欧版）,NDS#2780,3.35MB
nds,Jagged Alliance (USA),铁血联盟（美版）,NDS#2781,34.37MB
nds,Jaka Jaka Music! M09 (Japan),快乐吉他演奏（日版）,NDS#2782,55.29MB
nds,Jake Hunter - Detective Chronicles (USA),侦探神宫寺三郎-远古的记忆（美版）,NDS#2783,14.24MB
nds,Jake Hunter Detective Story - Memories of the Past (USA),神宫寺三郎（美版）,NDS#2784,35.10MB
nds,"Jake Power - Firefighter (Australia) (En,Fr,Es)","杰克力量-消防员（澳洲版） (En,Fr,Es)",NDS#2785,21.03MB
nds,"Jake Power - Fireman (USA) (En,Fr,Es)","杰克力量-消防员（美版） (En,Fr,Es)",NDS#2786,21.03MB
nds,"Jake Power - Handyman (Australia) (En,Fr,Es)","杰克力量-杂物工（澳洲版） (En,Fr,Es)",NDS#2787,21.03MB
nds,"Jake Power - Handyman (USA) (En,Fr,Es)","杰克力量-杂物工（美版） (En,Fr,Es)",NDS#2788,21.03MB
nds,"Jake Power - Policeman (Australia) (En,Fr,Es)","杰克力量-警察（澳洲版） (En,Fr,Es)",NDS#2789,21.03MB
nds,"Jake Power - Policeman (USA) (En,Fr,Es)","杰克力量-警察（美版） (En,Fr,Es)",NDS#2790,21.03MB
nds,"Jam Sessions - Sing & Play Guitar (Europe) (En,Fr,De,Es,It,Nl)","即兴演奏（欧版） (En,Fr,De,Es,It,Nl)",NDS#2791,28.62MB
nds,"Jam Sessions - Sing and Play Guitar (USA) (En,Fr,De,Es,It,Nl)","即兴演奏（美版） (En,Fr,De,Es,It,Nl)",NDS#2792,28.62MB
nds,"Jam Sessions 2 (USA) (En,Fr,Es) (NDSi Enhanced)","即兴演奏（美版） (En,Fr,Es) (NDSi Enhanced)",NDS#2793,39.84MB
nds,"Jam with the Band (Europe) (En,Fr,De,Es,It)","明星乐团大合奏 DX（欧版） (En,Fr,De,Es,It)",NDS#2794,48.72MB
nds,"Jambo! Safari - Animal Rescue (Europe) (En,Fr,De,It)","丛林之旅-动物救援（欧版） (En,Fr,De,It)",NDS#2795,16.80MB
nds,"Jambo! Safari - Animal Rescue (USA) (En,Fr,De,It)","丛林之旅-动物救援（美版） (En,Fr,De,It)",NDS#2796,16.80MB
nds,"James Cameron's Avatar - The Game (Europe) (En,Fr,De,Es,It,Nl) (NDSi Enhanced)","詹姆斯卡梅隆-阿凡达（欧版） (En,Fr,De,Es,It,Nl) (NDSi Enhanced)",NDS#2797,26.24MB
nds,James Cameron's Avatar - The Game (Japan) (NDSi Enhanced),詹姆斯卡梅隆-阿凡达（日版） (NDSi Enhanced),NDS#2798,26.27MB
nds,"James Cameron's Avatar - The Game (USA) (En,Fr,Es) (NDSi Enhanced)","詹姆斯卡梅隆-阿凡达（美版） (En,Fr,Es) (NDSi Enhanced)",NDS#2799,26.13MB
nds,"James Patterson Women's Murder Club - Games of Passion (Europe) (En,Fr,De,Es,It) (NDSi Enhanced)","女子谋杀俱乐部-游戏激情（欧版） (En,Fr,De,Es,It) (NDSi Enhanced)",NDS#2800,25.91MB
nds,"James Patterson Women's Murder Club - Games of Passion (USA) (En,Fr) (NDSi Enhanced)","女子谋杀俱乐部-游戏激情（美版） (En,Fr) (NDSi Enhanced)",NDS#2801,25.76MB
nds,"James Pond - Codename Robocod (Europe) (En,Fr,De,Es,It)","詹姆士.庞德-机器密码（欧版） (En,Fr,De,Es,It)",NDS#2802,2.22MB
nds,James Pond - Codename Robocod (USA),詹姆士.庞德-机器密码（美版）,NDS#2803,2.23MB
nds,Jan Sangoku Musou (Japan),雀.三国无双（日版）,NDS#2804,96.66MB
nds,Jane's Hotel (Germany),珍妮的旅馆（德国版）,NDS#2805,5.29MB
nds,"Jane's Hotel (USA) (En,Fr,Es)","珍妮的旅馆（美版） (En,Fr,Es)",NDS#2806,5.84MB
nds,Jason Rohrer with Music by Tom Bailey - Diamond Trust of London (USA),,NDS#2807,88.57MB
nds,"Je Decouvre les Echecs (Europe) (Fr,It) [b]","国际象棋学校（欧版） (Fr,It) [b]",NDS#2808,10.83MB
nds,"Jelly Belly - Ballistic Beans! (Europe) (En,Fr,De,Es,It) [b]","吉利贝利弹道豆（欧版） (En,Fr,De,Es,It) [b]",NDS#2809,2.55MB
nds,"Jelly Belly - Ballistic Beans! (USA) (En,Fr,Es)","吉利贝利弹道豆（美版） (En,Fr,Es)",NDS#2810,2.55MB
nds,"Jenga - World Tour (Europe) (En,Fr,De,Es,It)","搭积木-世界巡回赛（欧版） (En,Fr,De,Es,It)",NDS#2811,9.24MB
nds,Jenga - World Tour (USA),搭积木-世界巡回赛（美版）,NDS#2812,9.24MB
nds,Jeoldaepiryo - Yeongsugeo 1000 DS (Korea) [b],英语片语指标 1000 DS（韩国版） [b],NDS#2813,39.26MB
nds,Jeoldaeuwi - Yeongdaneo 1900 DS (Korea) [b],英语单词指标 1900 DS（韩国版） [b],NDS#2814,44.03MB
nds,Jeongukmin Model Audition Superstar DS (Korea),,NDS#2815,13.92MB
nds,Jeopardy! (USA),电视问答（美版）,NDS#2816,8.72MB
nds,Jet Impulse (Japan),喷射脉冲（日版）,NDS#2817,59.19MB
nds,"Jetix Puzzle Buzzle (Europe) (En,Fr,De,Es,It,Nl,Sv,No,Da,Fi)","Jetix益智游戏（欧版） (En,Fr,De,Es,It,Nl,Sv,No,Da,Fi)",NDS#2818,2.38MB
nds,Jewel Adventures (Europe),,NDS#2819,2.89MB
nds,"Jewel Adventures (Europe) (En,Fr,De,Es,It,Nl)",,NDS#2820,2.89MB
nds,"Jewel Land (Europe) (En,Fr,De)","珠宝大地（欧版） (En,Fr,De)",NDS#2821,2.24MB
nds,"Jewel Legends - Tree of Life (Europe) (En,Fr,De,Es,Nl)",,NDS#2822,5.95MB
nds,"Jewel Legends - Tree of Life (Europe) (En,Fr,Es,It)",,NDS#2823,5.90MB
nds,Jewel Link - Arctic Quest (Europe),,NDS#2824,2.74MB
nds,Jewel Link - Atlantic Quest (Europe),,NDS#2825,2.66MB
nds,"Jewel Link - Atlantic Quest (Europe) (Fr,Nl)",,NDS#2826,2.66MB
nds,Jewel Link - Galactic Quest (Europe),,NDS#2827,2.70MB
nds,"Jewel Link - Legends of Atlantis (Europe) (En,Fr,Es,It)",,NDS#2828,6.30MB
nds,Jewel Link - Safari Quest (Europe),,NDS#2829,2.54MB
nds,"Jewel Link - Safari Quest (Europe) (Fr,De,Nl)",,NDS#2830,2.55MB
nds,"Jewel Link Chronicles - Legend of Athena (Europe) (En,Fr,Es,It)","珠宝大师-雅典娜的摇篮（欧版） (En,Fr,Es,It)",NDS#2831,5.74MB
nds,Jewel Link Double Pack (Europe),,NDS#2832,5.02MB
nds,"Jewel Link Mysteries - Mountains of Madness (Europe) (En,Fr,Es,It)",,NDS#2833,12.82MB
nds,"Jewel Link Mysteries - Mountains of Madness (USA) (En,Fr,Es)",,NDS#2834,12.82MB
nds,"Jewel Master - Atlantis (Europe) (En,Fr,De,Es,It,Nl)",,NDS#2835,6.30MB
nds,"Jewel Master - Cradle of Athena (Europe) (En,Fr,De,Es,It,Nl)","珠宝大师-雅典娜的摇篮（欧版） (En,Fr,De,Es,It,Nl)",NDS#2836,5.80MB
nds,"Jewel Master - Cradle of Athena (USA) (En,Fr,Es)","珠宝大师-雅典娜的摇篮（美版） (En,Fr,Es)",NDS#2837,5.73MB
nds,"Jewel Master - Cradle of Egypt (Europe) (En,Fr,De,Es,It,Nl)","宝石大师-埃及的摇篮（欧版） (En,Fr,De,Es,It,Nl)",NDS#2838,4.75MB
nds,"Jewel Master - Cradle of Egypt (Europe) (En,Fr,Es,It)","宝石大师-埃及的摇篮（欧版） (En,Fr,Es,It)",NDS#2839,4.73MB
nds,"Jewel Master - Cradle of Egypt 2 (Europe) (En,Fr,De,Es,It,Nl)",,NDS#2840,6.78MB
nds,"Jewel Master - Cradle of Egypt 2 (Europe) (En,Fr,Es,It)",,NDS#2841,6.79MB
nds,"Jewel Master - Cradle of Egypt 2 (USA) (En,Fr,Es,It)",,NDS#2842,6.85MB
nds,"Jewel Master - Cradle of Persia (Europe) (En,Fr,De,Es,It,Nl)",,NDS#2843,6.88MB
nds,"Jewel Master - Cradle of Persia (Europe) (En,Fr,Es,It)",,NDS#2844,6.88MB
nds,"Jewel Master - Cradle of Persia (USA) (En,Fr,Es)",,NDS#2845,6.80MB
nds,"Jewel Master - Cradle of Rome (Europe) (En,Fr,De,Es,It,Nl)","珠宝大师：罗马起源（欧版） (En,Fr,De,Es,It,Nl)",NDS#2846,5.55MB
nds,"Jewel Master - Cradle of Rome (Germany) (En,Fr,De,Es,It,Nl)","珠宝大师：罗马起源（德国版） (En,Fr,De,Es,It,Nl)",NDS#2847,5.55MB
nds,"Jewel Master - Cradle of Rome 2 (Europe) (En,Fr,De,Es,It,Nl)",,NDS#2848,7.00MB
nds,"Jewel Master - Cradle of Rome 2 (USA) (En,Fr,Es)",,NDS#2849,6.99MB
nds,"Jewel Master - Egypt (USA) (En,Fr,Es)","珠宝大师-埃及（美版） (En,Fr,Es)",NDS#2850,4.74MB
nds,"Jewel Master Collection (USA) (En,Fr,Es)",,NDS#2851,5.35MB
nds,"Jewel Match & 4 Elements (Germany) (Fr,De)",,NDS#2852,12.11MB
nds,"Jewel Match (Europe) (En,Fr,De)","宝石神话（欧版） (En,Fr,De)",NDS#2853,2.38MB
nds,"Jewel Match (Europe) (En,Fr,Nl)","宝石神话（欧版） (En,Fr,Nl)",NDS#2854,2.39MB
nds,"Jewel Match (USA) (En,Fr)","宝石神话（美版） (En,Fr)",NDS#2855,2.40MB
nds,"Jewel Match 2 (Europe) (En,Fr,De,Nl)",,NDS#2856,8.37MB
nds,"Jewel Match 3 (Europe) (En,Fr,De,Nl)",,NDS#2857,6.38MB
nds,"Jewel Quest - Expeditions (Europe) (En,Es,It)","宝石探秘（欧版） (En,Es,It)",NDS#2858,7.44MB
nds,"Jewel Quest - Expeditions (Europe) (En,Fr,Nl)","宝石探秘（欧版） (En,Fr,Nl)",NDS#2859,7.41MB
nds,Jewel Quest - Expeditions (Germany),宝石探秘（德国版）,NDS#2860,7.42MB
nds,Jewel Quest - Expeditions (USA),宝石探秘（美版）,NDS#2861,8.06MB
nds,"Jewel Quest - Mysteries (Europe) (En,Fr,Nl)","宝石探秘（欧版） (En,Fr,Nl)",NDS#2862,21.16MB
nds,Jewel Quest - Mysteries (USA),宝石探秘（美版）,NDS#2863,20.45MB
nds,Jewel Quest - Mysteries - 2 Tolle Wimmelbild-Abenteuer (Germany),宝石探秘（德国版）,NDS#2864,21.44MB
nds,Jewel Quest - Mysteries - Curse of the Emerald Tear (Europe),神秘宝石（欧版）,NDS#2865,21.56MB
nds,Jewel Quest - Solitaire (France) [b],宝石探秘纸牌（法国版） [b],NDS#2866,9.63MB
nds,Jewel Quest - Solitaire - 3 Tolle Solitaire-Spiele (Germany),宝石探秘-纸牌（德国版）,NDS#2867,36.02MB
nds,Jewel Quest - Solitaire - Solitaire with a Twist! (Europe),宝石探秘纸牌（欧版）,NDS#2868,9.62MB
nds,Jewel Quest - Solitaire Trio (Europe),探秘3合1（欧版）,NDS#2869,36.07MB
nds,"Jewel Quest - Solitaire Trio (Europe) (En,Fr,Nl)","探秘3合1（欧版） (En,Fr,Nl)",NDS#2870,36.03MB
nds,"Jewel Quest - Solitaire Trio (Europe) (Fr,Nl)","探秘3合1（欧版） (Fr,Nl)",NDS#2871,36.02MB
nds,"Jewel Quest - Solitaire Trio (USA) (En,Fr,Nl)","探秘3合1（美版） (En,Fr,Nl)",NDS#2872,36.07MB
nds,"Jewel Quest 5 - The Sleepless Star (Europe) (En,Fr,De,Nl)",,NDS#2873,13.66MB
nds,"Jewel Quest IV - Heritage (Europe) (En,Fr,De,Nl)","宝石探秘4-文化（欧版） (En,Fr,De,Nl)",NDS#2874,13.33MB
nds,"Jewel Quest Mysteries 2 - Trail of the Midnight Heart (Europe) (En,Fr,De,Nl)",,NDS#2875,8.77MB
nds,"Jewel Time Deluxe (Europe) (En,Fr,De,Es,It)","宝石探秘豪华版（欧版） (En,Fr,De,Es,It)",NDS#2876,2.45MB
nds,"Jewel Time Deluxe (USA) (En,Fr)","宝石探秘豪华版（美版） (En,Fr)",NDS#2877,2.45MB
nds,Jewelpet - Kawaii Mahou no Fantasy (Japan),宝石宠物-可爱的魔法幻想曲（日版）,NDS#2878,7.39MB
nds,Jewelpet - Mahou no DS Kirapikarin (Japan),宝石宠物2-魔法DS 亮晶晶（日版）,NDS#2879,16.44MB
nds,Jewelpet - Mahou no Oheya de Issho ni Asobou! (Japan),宝石宠物-魔法的部屋（日版）,NDS#2880,15.48MB
nds,"Jewels of the Ages (Europe) (En,Fr,De,Es,It,Nl)","宝石世纪（欧版） (En,Fr,De,Es,It,Nl)",NDS#2881,4.90MB
nds,"Jewels of the Ages (USA) (En,Fr,Es)","宝石世纪（美版） (En,Fr,Es)",NDS#2882,4.90MB
nds,"Jewels of the Tropical Lost Island (Europe) (En,Fr,De,Es,It,Nl)","失落的宝藏（欧版） (En,Fr,De,Es,It,Nl)",NDS#2883,5.24MB
nds,"Jewels of the Tropical Lost Island (USA) (En,Fr,Es)","失落的宝藏（美版） (En,Fr,Es)",NDS#2884,5.24MB
nds,"Jigapix - Love is (Europe) (En,Fr,De,Es,It,Nl) (NDSi Enhanced)",,NDS#2885,7.44MB
nds,"Jigapix - Pets (Europe) (En,Fr,De,Es,It,Nl) (NDSi Enhanced)","宠物拼图（欧版） (En,Fr,De,Es,It,Nl) (NDSi Enhanced)",NDS#2886,4.84MB
nds,"Jigapix - Pets (USA) (En,Fr,Es) (NDSi Enhanced)","宠物拼图（美版） (En,Fr,Es) (NDSi Enhanced)",NDS#2887,4.86MB
nds,"Jigapix - Wild World (Europe) (En,Fr,De,Es,It,Nl) (NDSi Enhanced)","拼图狂野世界（欧版） (En,Fr,De,Es,It,Nl) (NDSi Enhanced)",NDS#2888,4.42MB
nds,"Jigapix - Wild World (USA) (En,Fr,Es) (NDSi Enhanced)","拼图狂野世界（美版） (En,Fr,Es) (NDSi Enhanced)",NDS#2889,4.44MB
nds,"Jigapix - Wonderful World (Europe) (En,Fr,De,Es,It,Nl) (NDSi Enhanced)","拼图-精彩的世界（欧版） (En,Fr,De,Es,It,Nl) (NDSi Enhanced)",NDS#2890,4.56MB
nds,"Jigapix - Wonderful World (USA) (En,Fr,Es) (NDSi Enhanced)","拼图-精彩的世界（美版） (En,Fr,Es) (NDSi Enhanced)",NDS#2891,4.57MB
nds,Jigoku Shoujo - Akekazura (Japan),地狱少女-朱蘰（日版）,NDS#2892,11.16MB
nds,Jigsaw Puzzle DS - DS de Meguru Sekai Isan no Tabi (Japan),智力拼图DS-DS世界遗产之旅（日版）,NDS#2893,21.22MB
nds,Jigsaw World - Daigekitou! Jig Battle Heroes (Japan),拼图世界-大激斗!拼图战斗英雄（日版）,NDS#2894,47.75MB
nds,Jiji Tsuushin Shuppan-Kyoku Kyouryoku - Katei no Igaku - DS de Kitaeru Shokuzai Kenkou Training (Japan),时事通信出版局共同协力-家用医学 DS锻炼之食材健康训练（日版）,NDS#2895,14.57MB
nds,Jillian Michaels Fitness Ultimatum 2010 (USA),麦可斯健身最后通牒2010（美版）,NDS#2896,19.92MB
nds,Jin Samguk Mussang DS - Fighter's Battle (Korea),真三国无双DS-斗士之战（韩国版）,NDS#2897,34.01MB
nds,Jinsei Game (Japan),人生游戏DS（日版）,NDS#2898,8.60MB
nds,Jinsei Game DS (Japan),人生游戏DS（日版）,NDS#2899,2.40MB
nds,Jinsei Game Q - DS Heisei no Dekigoto (Japan),人生游戏Q DS-平成的那些事（日版）,NDS#2900,4.05MB
nds,Jinsei Game Q - DS Shouwa no Dekigoto (Japan),人生游戏Q DS-昭和的那些事（日版）,NDS#2901,4.32MB
nds,Jishin DS 72-jikan (Japan),地震DS-72小时（日版）,NDS#2902,8.82MB
nds,Jissen Pachi-Slot Hisshouhou! DS - Aladdin II Evolution (Japan),实战柏情哥-阿拉丁-进化（日版）,NDS#2903,17.53MB
nds,Jissen Pachi-Slot Hisshouhou! DS - Hokuto no Ken (Japan),七田氏右脑训练-瞬间决胜-记忆力（日版）,NDS#2904,11.36MB
nds,Jissen Pachi-Slot Hisshouhou! DS - Hokuto no Ken SE (Japan),实战柏青嫂必胜法-北斗之拳SE DS（日版）,NDS#2905,24.84MB
nds,Jjangguneun Monmallyeo - Buriburi - Tteogip Maeul Daemoheom! (Korea),,NDS#2906,40.69MB
nds,Jjangguneun Monmallyeo - Cinemaland Chalkak Chalkak Daesodong! (Korea) [b],蜡笔小新-电影乐园大挑战（韩国版） [b],NDS#2907,61.16MB
nds,Jjangguneun Monmallyeo - Mallangmallang Gomuchalheuk Daebyeonsin! (Korea),蜡笔小新-呼风唤雨粘土大变身（韩国版）,NDS#2908,45.74MB
nds,Jjangguneun Monmallyeo - Won Peulleoseu Won! - Shock Seong Land Daegyeoljeon!! (Korea),,NDS#2909,32.83MB
nds,Jjangguneun Monmallyeo DS - Alssongdalssong Crayon Daejakjeon! (Korea),蜡笔小新DS-暴风呼唤的蜡笔涂鸦大作战（韩国版）,NDS#2910,44.18MB
nds,"Joan Jade and the Gates of Xibalba (Europe) (En,Fr,De,Nl)",,NDS#2911,5.16MB
nds,John Deere - Harvest in the Heartland (USA),约翰迪尔-收获在农场（美版）,NDS#2912,4.09MB
nds,John Deere - Harvest in the Heartland (USA) (Rev 1),约翰迪尔-收获在农场（美版） （修正版 1）,NDS#2913,4.09MB
nds,"Johnny Bravo in the Hukka-Mega-Mighty-Ultra-Extreme Date-O-Rama! (Europe) (En,Es,It)","英勇强尼（欧版） (En,Es,It)",NDS#2914,7.53MB
nds,"Johnny Bravo in the Hukka-Mega-Mighty-Ultra-Extreme Date-O-Rama! (USA) (En,Es,It)","英勇强尼（美版） (En,Es,It)",NDS#2915,7.54MB
nds,Johnny no Dasshutsu Daisakusen (Japan),强尼的脱出大作战（日版）,NDS#2916,4.40MB
nds,"Johnny Test (USA) (En,Fr,Es)","阿尼正传（美版） (En,Fr,Es)",NDS#2917,7.99MB
nds,"Jojo's Fashion Show (Europe) (En,Fr,De,Es,It) [b]","乔乔时尚秀（欧版） (En,Fr,De,Es,It) [b]",NDS#2918,12.15MB
nds,"Jojo's Fashion Show - Design in a Dash! (USA) (En,Fr,Es)","乔乔时尚秀（美版） (En,Fr,Es)",NDS#2919,12.15MB
nds,"Jonas (Europe) (En,Fr,De,Es,It,Nl)","乔纳斯兄弟（欧版） (En,Fr,De,Es,It,Nl)",NDS#2920,34.83MB
nds,"Jonas (Europe) (En,Sv,No,Da)","乔纳斯兄弟（欧版） (En,Sv,No,Da)",NDS#2921,34.76MB
nds,Jonas (USA),乔纳斯兄弟（美版）,NDS#2922,38.99MB
nds,Jonas (USA) (Rev 1),乔纳斯兄弟（美版） （修正版 1）,NDS#2923,39.06MB
nds,Josefiina Alkupolku - Englannin Kieli - Mysteeri Lontoossa (Finland),,NDS#2924,22.16MB
nds,Josefiina Alkupolku - Matematiikka - Sumua Lukukylan ylla (Finland),,NDS#2925,10.85MB
nds,Josefiina Alkupolku - Seikkailumaa - Unelmien peili (Finland),,NDS#2926,10.62MB
nds,Josefin Skolhjaelp - Svenska - Kaos i Kommakoeping (Sweden),,NDS#2927,44.25MB
nds,Josefin Skolhjalp - Engelska - Mystery in London (Sweden),,NDS#2928,20.52MB
nds,Josefin Skolhjalp - Lar Dig Stava - Stavning eller Kaos (Sweden),,NDS#2929,19.77MB
nds,Josefin Skolhjalp - Matematik - Dimma over Sifferkoping (Sweden),,NDS#2930,11.46MB
nds,Josefin Skolhjalp och Dromspegeln (Sweden),,NDS#2931,17.12MB
nds,Josefine - Hotell Skrotenborg (Norway),,NDS#2932,19.60MB
nds,Josefine - Jungelskatten (Norway),丛林探险(Norway),NDS#2933,10.98MB
nds,"Josefine - Magi i Eventyrland (Europe) (Sv,No) [b]","约瑟芬与贤者（欧版） (Sv,No) [b]",NDS#2934,70.44MB
nds,Josefine og Droemmespeilet (Norway),约瑟芬与梦之镜(Norway),NDS#2935,16.47MB
nds,Josefine Skolehjelp - Engelsk - Mystery in London (Norway),约瑟芬学校-神秘的伦敦(Norway),NDS#2936,22.73MB
nds,Josefine Skolehjelp - Laer a stave - Staving eller Kaos (Norway),,NDS#2937,19.59MB
nds,Josefine Skolehjelp - Matematikk - Taake i Tallheimen (Norway),约瑟芬学校-数学-穿越高山(Norway),NDS#2938,10.50MB
nds,Josefine Skolehjelp - Norsk - Kaos i Kommaby (Norway),约瑟芬挪威语学校指导(Norway),NDS#2939,42.38MB
nds,Joshikousei Nigeru! - Shinrei Puzzle Gakuen (Japan),SuperLite2500-女子高中生逃脱!心灵谜题学园（日版）,NDS#2940,7.03MB
nds,"Journey to the Center of the Earth (Europe) (En,Fr,De,Es,It)","地心冒险（欧版） (En,Fr,De,Es,It)",NDS#2941,32.02MB
nds,Journey to the Center of the Earth (USA),地心冒险（美版）,NDS#2942,32.02MB
nds,Juggler DS (Japan),戏法者DS（日版）,NDS#2943,21.33MB
nds,"Juiced 2 - Hot Import Nights (Europe) (En,Fr,De,Es,It)","极品醉车2-燃情之夜（欧版） (En,Fr,De,Es,It)",NDS#2944,18.15MB
nds,Juiced 2 - Hot Import Nights (USA),极品醉车2-燃情之夜（美版）,NDS#2945,18.15MB
nds,Jumble Madness (USA),混杂疯狂（美版）,NDS#2946,8.22MB
nds,Jump Super Stars (Japan),JUMP明星大乱斗（日版）,NDS#2947,14.22MB
nds,Jump Ultimate Stars (Japan),集英社全明星究极大乱斗（日版）,NDS#2948,40.56MB
nds,JumpStart - Deep Sea Escape (USA),,NDS#2949,9.60MB
nds,JumpStart - Legend of Lost Island (USA),,NDS#2950,9.56MB
nds,"Jungle School (Europe) (En,Fr,De,Es,It,Nl)","超级老师-疯狂学校（欧版） (En,Fr,De,Es,It,Nl)",NDS#2951,9.52MB
nds,"Junior Brain Trainer (Europe) (En,Fr,De,Es,It)","初级脑力锻炼（欧版） (En,Fr,De,Es,It)",NDS#2952,2.79MB
nds,"Junior Brain Trainer (Europe) (Fr,Nl,Sv,No,Da,Fi)","初级脑力锻炼（欧版） (Fr,Nl,Sv,No,Da,Fi)",NDS#2953,3.75MB
nds,"Junior Brain Trainer (USA) (En,Fr,De,Es,It)","初级脑力锻炼（美版） (En,Fr,De,Es,It)",NDS#2954,2.76MB
nds,Junior Brain Trainer - Math Edition (USA),,NDS#2955,3.75MB
nds,Junior Brain Trainer - Maths Edition (Europe),少年脑力锻炼数学版（欧版）,NDS#2956,3.75MB
nds,"Junior Brain Trainer 2 (Europe) (En,Fr,De,Es,It)","少年脑力训练2（欧版） (En,Fr,De,Es,It)",NDS#2957,3.91MB
nds,"Junior Brain Trainer 2 (USA) (En,Fr,De,Es,It)","少年脑力训练2（美版） (En,Fr,De,Es,It)",NDS#2958,3.90MB
nds,Junior Classic Books & Fairytales (USA),,NDS#2959,6.69MB
nds,Junior Classic Books (Europe),少年经典书藉（欧版）,NDS#2960,6.69MB
nds,"Junior Classic Games (Europe) (En,Fr,De,Es,It)","初级经典游戏（欧版） (En,Fr,De,Es,It)",NDS#2961,5.88MB
nds,"Junior Classic Games (Europe) (En,Fr,De,Es,It) (Rev 1)","初级经典游戏（欧版） (En,Fr,De,Es,It) （修正版 1）",NDS#2962,5.89MB
nds,"Junior Classic Games (USA) (En,Fr,De,Es,It)","初级经典游戏（美版） (En,Fr,De,Es,It)",NDS#2963,5.89MB
nds,Junior Island Adventure (USA),,NDS#2964,10.01MB
nds,Junior Mystery Quest (USA),,NDS#2965,10.58MB
nds,Junior Mystery Stories (Europe),少年神秘故事（欧版）,NDS#2966,10.55MB
nds,Junior Mystery Stories (Europe) (Rev 1),少年神秘故事（欧版） （修正版 1）,NDS#2967,10.65MB
nds,"Junior Wort-Quiz, Das (Germany)",初级字词问答（德国版）,NDS#2968,8.80MB
nds,Just in Time Translations - Say It in 6 Languages (USA),即时翻译（美版）,NDS#2969,22.91MB
nds,"Just Sing (USA) (En,Fr) (NDSi Enhanced)",,NDS#2970,52.27MB
nds,"Just Sing! (Europe) (En,Fr,De,Nl) (NDSi Enhanced)","想唱就唱（欧版） (En,Fr,De,Nl) (NDSi Enhanced)",NDS#2971,52.25MB
nds,"Just Sing! (Europe) (En,Fr,De,Nl) (Rev 1) (NDSi Enhanced)","想唱就唱（欧版） (En,Fr,De,Nl) （修正版 1） (NDSi Enhanced)",NDS#2972,52.25MB
nds,"Just Sing! - Vol. 2 (Europe) (En,Fr,De) (VJVP) (NDSi Enhanced)",,NDS#2973,45.50MB
nds,"Just Sing! - Vol. 2 (Europe) (En,Fr,De) (VJVV) (NDSi Enhanced)",,NDS#2974,45.50MB
nds,"Just Sing! - Vol. 3 (Europe) (En,Fr,De) (NDSi Enhanced)",,NDS#2975,44.90MB
nds,"Justice League Heroes (Europe) (En,Fr,De,Es,It)","正义联盟英雄（欧版） (En,Fr,De,Es,It)",NDS#2976,41.23MB
nds,Justice League Heroes (USA),正义联盟英雄（美版）,NDS#2977,41.23MB
nds,Juushin Enbu DS (Japan),兽神演武DS（日版）,NDS#2978,17.34MB
nds,Juushinden - Ultimate Beast Battlers (Japan),兽神传-终极兽战士（日版）,NDS#2979,22.31MB
nds,K-1 World GP - Zettai Ouja Ikusei Keikaku (Japan),K-1 World GP-绝对王者育成计划（日版）,NDS#2980,29.71MB
nds,K11 - Kommissare im Einsatz (Germany),K11 专员运动（德国版）,NDS#2981,18.90MB
nds,K3 en de Vrolijke Noten (Netherlands),,NDS#2982,14.06MB
nds,K3 en het IJsprinsesje (Netherlands),K3和小冰雪公主（荷兰版）,NDS#2983,6.62MB
nds,K3 Fashion Party (Netherlands),,NDS#2984,9.68MB
nds,K3 Karaoke (Netherlands),,NDS#2985,27.85MB
nds,Kabu Trader Shun (Japan),股票交易员-瞬（日版）,NDS#2986,14.68MB
nds,Kabushiki Baibai Trainer - Kabutore! (Japan),股票交易训练员（日版）,NDS#2987,42.51MB
nds,Kabushiki Baibai Trainer - Kabutore! Next (Japan),股票交易训练器NEXT（日版）,NDS#2988,42.72MB
nds,Kachou Shima Kosaku DS - Dekiru Otoko no Love & Success (Japan),课长岛耕作DS-万能先生的爱情和事业（日版）,NDS#2989,26.97MB
nds,Kage no Densetsu - The Legend of Kage 2 (Japan),影之传说2（日版）,NDS#2990,8.59MB
nds,Kageyama Hideo no Hanpuku Ondoku - DS Eigo - Shougaku Eigo Hisshuu Drill (Japan),阴山英男的反覆音读 DS 英语（日版）,NDS#2991,25.27MB
nds,Kageyama Hideo no IQ Teacher DS - Kangaeru Chikara to Oboeru Chikara (Japan),阴山英男的IQ教学（日版）,NDS#2992,1.11MB
nds,Kaibou Seirigaku DS - Touch de Hirogaru! Jintai no Kouzou to Kinou (Japan),,NDS#2993,10.46MB
nds,Kaibou Seirigaku DS - Touch de Hirogaru! Jintai no Kouzou to Kinou (Japan) (Rev 2) [b],,NDS#2994,10.46MB
nds,Kaibou Seirigaku DS - Touch de Hirogaru! Jintai no Kouzou to Kinou (Japan) (Rev 3),,NDS#2995,13.38MB
nds,Kaidan Restaurant - Ura Menu 100-sen (Japan),怪谈餐馆-秘密菜单100选（日版）,NDS#2996,20.16MB
nds,Kaidan Restaurant - Zoku! Shin Menu 100-sen (Japan),怪谈餐馆-毛骨悚然菜单100选（日版）,NDS#2997,38.44MB
nds,Kaigo Navi DS (Japan),,NDS#2998,6.11MB
nds,Kaijuu Busters (Japan),怪兽克星（日版）,NDS#2999,33.17MB
nds,Kaijuu Busters (Japan) (Rev 1),怪兽克星（日版） （修正版 1）,NDS#3000,44.04MB
nds,Kaijuu Busters Powered (Japan),怪兽克星（日版）,NDS#3001,43.90MB
nds,Kaite Oboeru - Doragana (Japan),边写边记的多啦A梦假名（日版）,NDS#3002,19.76MB
nds,"Kaite, Shabette, Hajimeyou! - Monster Farm DS (Japan)",画画说话开始吧!怪物农场DS（日版）,NDS#3003,25.86MB
nds,Kaitou Rousseau (Japan),怪盗卢梭（日版）,NDS#3004,42.58MB
nds,Kaitou Wario the Seven (Japan),怪盗瓦里奥-变相7杰（日版）,NDS#3005,24.14MB
nds,Kaitou Wario the Seven (Japan) (Rev 1),怪盗瓦里奥-变相7杰（日版） （修正版 1）,NDS#3006,24.51MB
nds,Kaizoku Sentai Gokaiger - Atsumete Henshin! 35 Sentai! (Japan),,NDS#3007,47.26MB
nds,Kakikomi Shiki - 'Hannya Shingyou' Renshuuchou DS (Japan),注解式的般若心经练习簿DS（日版）,NDS#3008,6.30MB
nds,Kakko Yoku Narou - Kaku-chan Shiki - Kintore Navi (Japan),角田君的格斗指南（日版）,NDS#3009,96.78MB
nds,"Kakuromaniacs (Europe) (En,Fr,De,Es,It)","狂热数和（欧版） (En,Fr,De,Es,It)",NDS#3010,1.27MB
nds,Kakushi E Mystery - Riku to Yohan - Kieta 2-mai no E (Japan),里克与约翰-消失的2幅画（日版）,NDS#3011,29.99MB
nds,"Kalle Kunskap - 4-7 Aar (Europe) (Sv,No,Da,Fi) [b]","卡勒科学-4-7年级（欧版） (Sv,No,Da,Fi) [b]",NDS#3012,157.88MB
nds,"Kalle Kunskap Matematik 4-8 ar (Europe) (Sv,No)",,NDS#3013,46.22MB
nds,Kameleon (Europe),咕噜咕噜变色龙（欧版）,NDS#3014,1.84MB
nds,"Kamen Rider - Dragon Knight (USA) (En,Fr,Es)","假面骑士龙骑（美版） (En,Fr,Es)",NDS#3015,9.90MB
nds,Kamen Rider Battle - GanbaRide - Card Battle Taisen (Japan),假面骑士对决-化身骑士-卡片大战（日版）,NDS#3016,45.68MB
nds,Kamonohashikamo. - Aimai Seikatsu no Susume (Japan),暧昧鸭嘴兽-暧昧生活的建议（日版）,NDS#3017,13.79MB
nds,Kanbayashi Shiki Nouryoku Kaihatsu Hou - Unou Kids DS (Japan),神林氏右脑开发（日版）,NDS#3018,2.01MB
nds,Kanbayashi Shiki Nouryoku Kaihatsu Hou - Unou Kids DS (Japan) (Rev 1),神林氏右脑开发（日版） （修正版 1）,NDS#3019,2.01MB
nds,Kangaeru Chikara o Gun Gun Nobasu! - DS Youji no Noutore (Japan),提升思考力DS-幼儿脑训练（日版）,NDS#3020,18.03MB
nds,Kanji no Wataridori (Japan),汉字的渡鸟（日版）,NDS#3021,6.12MB
nds,Kanji no Wataridori (Japan) (Rev 1),汉字的渡鸟（日版） （修正版 1）,NDS#3022,6.12MB
nds,Kanji Sonomama - DS Rakubiki Jiten (Japan),汉字乐引词典（日版）,NDS#3023,67.37MB
nds,Kankyou Jidai no Koushiki Kentei - Eco Kentei DS - Tokyo Shoukou Kaigisho Kanshuu (Japan),环境时代的官方检定-eco检定DS 东京工商会议所监制（日版）,NDS#3024,3.08MB
nds,Kanshuu - Shuukan Pro Wrestling - Pro Wrestling Kentei DS (Japan),职业摔跤审定DS（日版）,NDS#3025,29.63MB
nds,Kanshuu Nihon Joushiki Ryoku Kentei Kyoukai - Imasara Hito ni wa Kikenai - Otona no Joushiki Ryoku Training DS (Japan),大人的常识力训练DS（日版）,NDS#3026,39.27MB
nds,Kanshuu Nihon Joushiki Ryoku Kentei Kyoukai - Imasara Hito ni wa Kikenai - Otona no Joushiki Ryoku Training DS (Japan) (Rev 1),大人的常识力训练DS（日版） （修正版 1）,NDS#3027,39.27MB
nds,Kantan! Tanoshii! - Okashi Navi DS (Japan),简单!有趣!点心菜谱DS（日版）,NDS#3028,25.76MB
nds,Karada Support Kenkyuujo - Tounyoubyou Hen (Japan),,NDS#3029,4.35MB
nds,"Karada, Yorokobu Shokuji & Exercise - Kenkou Kentei (Japan)",健康检定（日版）,NDS#3030,8.09MB
nds,Karasawa Shunichi no Zettai ni Ukeru!! - Zatsugakuen DS (Japan),唐泽俊一的杂学苑（日版）,NDS#3031,1.72MB
nds,"Karrablast-shelmet Distribution 2011 (Europe) (En,Fr,De,Es,It) (Wi-Fi Kiosk) (Save Data)",,NDS#3032,95.89KB
nds,Kaseki Chou Shinka - Spectrobes (Japan),化石超进化Spectrobes（日版）,NDS#3033,23.71MB
nds,Katei de Dekiru! Chomeijin Yuumei Ryourinin no Original Recipe - Shokusai Roman (Japan),食彩浪漫-家常菜!名人名厨的原创菜谱（日版）,NDS#3034,7.31MB
nds,Katekyoo Hitman Reborn! DS - Fate of Heat - Honoo no Sadame (Japan),家庭教师 Hitman Reborn!炎之命运（日版）,NDS#3035,25.33MB
nds,Katekyoo Hitman Reborn! DS - Fate of Heat II - Unmei no Futari (Japan),家庭教师 HITMAN REBORNDS 炎之命运 II 命运牵连的二人（日版）,NDS#3036,42.55MB
nds,Katekyoo Hitman Reborn! DS - Fate of Heat III - Yuki no Shugosha Raishuu! (Japan),家庭教师 HITMAN REBORN!DS 炎之命运 III 雪之守护者来袭!（日版）,NDS#3037,35.97MB
nds,Katekyoo Hitman Reborn! DS - Flame Rumble - Kaien Ring Soudatsusen! (Japan),家庭教师-杀手重生!开火-手镯争夺战（日版）,NDS#3038,33.44MB
nds,Katekyoo Hitman Reborn! DS - Flame Rumble - Mukuro Kyoushuu! (Japan),家庭教师REBORN!（日版）,NDS#3039,27.72MB
nds,Katekyoo Hitman Reborn! DS - Flame Rumble Hyper - Moeyo Mirai (Japan),家庭教师 HITMAN REBORN! DS-火焰决战-超燃烧吧未来（日版）,NDS#3040,63.75MB
nds,Katekyoo Hitman Reborn! DS - Flame Rumble X - Mirai Chou Bakuhatsu!! (Japan),家庭教师 HITMAN REBORN!DS 火焰决战 X 未来超爆发（日版）,NDS#3041,74.25MB
nds,Katekyoo Hitman Reborn! DS - Flame Rumble XX - Chou Kessen! Real 6 Chouka (Japan) (NDSi Enhanced),家庭教师HITMAN REBORN!DS 火焰决战 XX-超决战!真6吊花（日版） (NDSi Enhanced),NDS#3042,69.81MB
nds,Katekyoo Hitman Reborn! DS - Mafia Daishuugou! - Vongola Festival!! (Japan),家庭教师-犯罪集团大集合-意大利式节日（日版）,NDS#3043,35.09MB
nds,Katekyoo Hitman Reborn! DS - Ore ga Boss! - Saikyou Family Taisen (Japan) (NDSi Enhanced),家庭教师 HITMAN REBORN!DS 我才是老大!最强家族大战（日版） (NDSi Enhanced),NDS#3044,33.95MB
nds,Katekyoo Hitman Reborn! DS - Ore ga Boss! - Saikyou Family Taisen (Japan) (Rev 1),家庭教师 HITMAN REBORN!DS 我才是老大!最强家族大战（日版） （修正版 1）,NDS#3045,49.59MB
nds,Katekyoo Hitman Reborn! DS - Shinuki Max! Vongola Carnival!! (Japan),家庭教师HITMAN REBORN!DS-死气MAX!彭哥列嘉年华（日版）,NDS#3046,12.55MB
nds,Katekyoo Hitman Reborn! DS - Vongola Shiki - Taisen Battle Sugoroku (Japan),家庭教师Hitman Reborn!-意大利式对战双六（日版）,NDS#3047,23.16MB
nds,"Kawa no Nushi Tsuri - Komorebi no Tani, Seseragi no Uta (Japan)",川钓高手-树荫谷的流水之歌（日版）,NDS#3048,10.12MB
nds,Kawaii Koinu DS (Japan),可爱小狗 DS（日版）,NDS#3049,4.15MB
nds,Kawaii Koinu DS 2 (Japan),可爱的小狗DS2（日版）,NDS#3050,8.21MB
nds,Kawaii Koinu DS 2 (Japan) (Rev 1),可爱的小狗DS2（日版） （修正版 1）,NDS#3051,11.45MB
nds,Kawaii Koinu DS 2 (Japan) (Rev 2),可爱的小狗DS2（日版） （修正版 2）,NDS#3052,8.21MB
nds,Kawaii Koinu DS 3 (Japan),可爱幼犬DS3（日版）,NDS#3053,20.41MB
nds,Kawaii Koinu DS 3 (Japan) (Rev 1),可爱幼犬DS3（日版） （修正版 1）,NDS#3054,20.41MB
nds,Kawaii Koneko DS (Japan),可爱小猫DS（日版）,NDS#3055,6.47MB
nds,Kawaii Koneko DS 2 (Japan),可爱小猫2（日版）,NDS#3056,7.58MB
nds,Kawaii Koneko DS 3 (Japan),可爱幼猫DS3（日版）,NDS#3057,13.81MB
nds,"Kayou Generation, The (Japan)",歌谣时代（日版）,NDS#3058,29.03MB
nds,Kazoku Minna de - Nihon Shiatsu Shikai Kanshuu - Raku Raku Shiatsu Navi (Japan),家族各位都用得上的日本指压师协会主编的指压指南（日版）,NDS#3059,47.94MB
nds,Keiba Navi - Umanosuke (Japan),竞马场大赛（日版）,NDS#3060,3.36MB
nds,Keiba Techou - Umanosuke 2 (Japan),赛马手册-马之助2（日版）,NDS#3061,4.33MB
nds,Keiji J.B. Harold no Jikenbo - Manhattan Requiem & Kiss of Murder (Japan),哈罗德事件簿-曼哈顿安魂曲与杀戮之吻（日版）,NDS#3062,18.19MB
nds,Keiji J.B. Harold no Jikenbo - Murder Club (Japan),刑警J.B.哈罗德事件簿-杀人俱乐部（日版）,NDS#3063,5.35MB
nds,Keitai Sousakan 7 DS - Buddy Sequence (Japan),手机探员 7 DS 拍挡阵容（日版）,NDS#3064,23.73MB
nds,Kekkaishi - Karasumori Ayakashi Kidan (Japan),结界师-黑森林老妖奇谈（日版）,NDS#3065,7.82MB
nds,Kekkaishi - Karasumori Ayakashi Kidan (Japan) (Rev 1),结界师-黑森林老妖奇谈（日版） （修正版 1）,NDS#3066,7.84MB
nds,Kekkaishi - Kokubourou Shuurai (Japan),结界师-黑芒楼袭来（日版）,NDS#3067,10.35MB
nds,"Keldeo Distribution 2012 (USA, Europe) (En,Fr,De,Es,It) (Wi-Fi Kiosk) (Save Data)",,NDS#3068,95.70KB
nds,Keltis - Das Spiel von Reiner Knizia (Germany),凯尔迪斯桌游-四叶草圣石之路（德国版）,NDS#3069,8.07MB
nds,Kemeko Deluxe! DS - Yome to Meka to Otoko to Onna (Japan),钢铁新娘DS -新娘与机器与男与女（日版）,NDS#3070,72.32MB
nds,Kenkou Ouen Recipe 1000 - DS Kondate Zenshuu (Japan),健康应援菜谱1000 DS菜单全集（日版）,NDS#3071,17.97MB
nds,Kenkou Ouen Recipe 1000 - DS Kondate Zenshuu (Japan) (Rev 1),健康应援菜谱1000 DS菜单全集（日版） （修正版 1）,NDS#3072,18.19MB
nds,Kensa-you Flash Card - UJI CHECKER - SEQUENCER (Japan) (En) (v12.2) (Program),,NDS#3073,1.75MB
nds,Kensa-you Flash Card - UJI CHECKER - SEQUENCER (Japan) (En) (v3.0) (Program),,NDS#3074,5.32MB
nds,Kensa-you Flash Card - UJI CHECKER - SEQUENCER (Japan) (En) (v7.2) (Alt) (Program),,NDS#3075,2.60MB
nds,Kensa-you Flash Card - UJI CHECKER - SEQUENCER (Japan) (En) (v7.2) (Program),,NDS#3076,1.71MB
nds,Kenshuui Tendo Dokuta (Japan),研修医-天堂独太（日版）,NDS#3077,6.46MB
nds,Kenshuui Tendo Dokuta 2 - Inochi no Tenbin (Japan),研修医天堂独太2 命运的天秤（日版）,NDS#3078,18.00MB
nds,Kero Kero 7 (Japan),青蛙军曹7（日版）,NDS#3079,14.96MB
nds,Keroro Gunsou - Enshuu Da yo! - Zenin Shuugou Part 2 (Japan),Keroro军曹-演习!全员集合-战斗2（日版）,NDS#3080,35.79MB
nds,Keroro RPG - Kishi to Musha to Densetsu no Kaizoku (Japan),青蛙军曹克罗罗RPG 骑士和武士和传说的海盗（日版）,NDS#3081,43.17MB
nds,Keshikasu-kun - Battle Kasu-tival (Japan),橡皮擦君-战斗大节日（日版）,NDS#3082,9.99MB
nds,Ketsui Death Label - Kizuna Jigoku-tachi (Japan),决意-死亡标记（日版）,NDS#3083,84.12MB
nds,"Kid Paddle - Blorks Invasion (Europe) (Fr,Nl)","船桨男孩-Blorks入侵（欧版） (Fr,Nl)",NDS#3084,6.72MB
nds,Kid Paddle - Lost in the Game (France),船浆小子迷失游戏（法国版）,NDS#3085,12.77MB
nds,Kidou Gekidan Haro Ichiza - Gundam Mahjong +Z - Sarani Dekiru You ni Natta Na! (Japan),机动剧团-欢聚一堂-高达麻将+Z加入（日版）,NDS#3086,51.25MB
nds,Kidou Gekidan Haro Ichiza - Gundam Mahjong DS - Oyaji ni mo Agarareta Koto nai no ni! (Japan),高达麻将DS（日版）,NDS#3087,23.85MB
nds,Kidou Senshi Gundam 00 (Japan),机动战士高达00（日版）,NDS#3088,25.14MB
nds,Kids DS - Dekita yo! Mama. - Onnanoko (Japan),来咯!妈妈-亲自娱乐-女孩版（日版）,NDS#3089,3.50MB
nds,Kids DS - Dekita yo! Mama. - Otokonoko (Japan),来咯!妈妈-亲自娱乐-男孩版（日版）,NDS#3090,3.49MB
nds,Kids Learn & Play - Pets & Vets Bundle (USA),,NDS#3091,25.25MB
nds,Kids Learn - 2Think - A+ Edition (USA),,NDS#3092,10.04MB
nds,Kids Learn - Math - A+ Edition (USA),,NDS#3093,8.18MB
nds,Kids Learn - Math and Spelling Bundle (USA),,NDS#3094,17.59MB
nds,Kids Learn - Spelling and Grammar - A+ Edition (USA),,NDS#3095,9.89MB
nds,Kids Learn Music - A+ Edition (USA) (NDSi Enhanced),,NDS#3096,9.46MB
nds,Kiite Hajimeru - Eigo Kaiwa Training - Kikitore (Japan),英语会话训练（日版）,NDS#3097,45.03MB
nds,Kikansha Thomas - DS de Hajimeru Chiiku Gakushuu (Japan),汤玛斯小火车DS-启蒙智育学习（日版）,NDS#3098,28.80MB
nds,Kikansha Thomas - DS de Hajimeru Kokugo Sansuu Eigo (Japan),"火车头托马斯-从头开始学国语,算术,英语（日版）",NDS#3099,15.95MB
nds,Kiku! Kaku! Kotoba o Fuyasu! - Hajimete no Eigo Training - Eitore (Japan),听写学单字!基础英文训练（日版）,NDS#3100,26.83MB
nds,"Kilari - Deviens une Star (Europe) (En,Fr,Es,It)","明星之路（欧版） (En,Fr,Es,It)",NDS#3101,11.18MB
nds,"Kilari - Na-san, Mon Meilleur Ami (Europe) (Fr,Es,It)","偶像宣言-小纳伴身边（欧版） (Fr,Es,It)",NDS#3102,8.88MB
nds,"Kim Possible - Global Gemini (Europe) (En,Fr,De,Es,It)","麻辣女孩-环球双子（欧版） (En,Fr,De,Es,It)",NDS#3103,6.83MB
nds,"Kim Possible - Global Gemini (USA) (En,Fr)","麻辣女孩-环球双子（美版） (En,Fr)",NDS#3104,6.83MB
nds,"Kim Possible - Kimmunicator (Europe) (En,Fr,De,Es,It)","麻辣女孩（欧版） (En,Fr,De,Es,It)",NDS#3105,4.69MB
nds,"Kim Possible - Kimmunicator (USA) (En,Fr)","麻辣女孩（美版） (En,Fr)",NDS#3106,4.67MB
nds,Kimi ni Todoke - Sodateru Omoi (Japan),好想告诉你-培养思念（日版）,NDS#3107,41.07MB
nds,Kimi ni Todoke - Special (Japan),,NDS#3108,60.72MB
nds,Kimi ni Todoke - Tsutaeru Kimochi (Japan),好想告诉你-培育的思恋（日版）,NDS#3109,38.48MB
nds,"Kimi no Tame Nara Shineru (Japan) (En,Ja)","愿意为你而死（日版） (En,Ja)",NDS#3110,12.24MB
nds,Kimi no Yuusha (Japan),你的勇者（日版）,NDS#3111,24.67MB
nds,Kimochi yosa Rensa Puzzle - Trion Cube (Japan),爽快连锁方块-立体方块（日版）,NDS#3112,2.94MB
nds,Kimokawa-E! (Japan),怪的可爱!（日版）,NDS#3113,137.96MB
nds,Kindaichi Shounen no Jikenbo - Akuma no Satsujin Koukai (Japan),金田一少年事件簿-恶魔的杀人航海（日版）,NDS#3114,19.67MB
nds,"Kingdom Hearts - 358-2 Days (Europe) (En,Fr,De,Es,It)","王国之心358/2 天（欧版） (En,Fr,De,Es,It)",NDS#3115,188.23MB
nds,Kingdom Hearts - 358-2 Days (Japan),王国之心358/2 天（日版）,NDS#3116,190.09MB
nds,Kingdom Hearts - 358-2 Days (Japan) (Rev 1),王国之心358/2 天（日版） （修正版 1）,NDS#3117,190.08MB
nds,"Kingdom Hearts - 358-2 Days (USA) (En,Fr)","王国之心358/2 天（美版） (En,Fr)",NDS#3118,186.88MB
nds,"Kingdom Hearts - Re-coded (Europe) (En,Fr,De,Es,It)","王国之心-编码重制版（欧版） (En,Fr,De,Es,It)",NDS#3119,179.08MB
nds,Kingdom Hearts - Re-coded (Japan),王国之心-编码重制版（日版）,NDS#3120,177.64MB
nds,"Kingdom Hearts - Re-coded (USA) (En,Fr,Es)","王国之心-编码重制版（美版） (En,Fr,Es)",NDS#3121,178.48MB
nds,"Kira Kira Pop Princess (Europe) (En,Fr,It)","粉色街道-闪耀音乐时间（欧版） (En,Fr,It)",NDS#3122,17.70MB
nds,Kirakira Rhythm Collection (Japan) (NDSi Enhanced),闪亮节拍典藏集（日版） (NDSi Enhanced),NDS#3123,13.75MB
nds,Kirarin Revolution - Atsumete Change! - Cool Kira Coord (Japan),偶像宣言-闪亮舞台动手做（日版）,NDS#3124,34.72MB
nds,Kirarin Revolution - Kira Kira Idol Audition (Japan),闪亮革命-闪闪发光的偶像饰演（日版）,NDS#3125,10.66MB
nds,Kirarin Revolution - Mezase Idol Queen (Japan),闪亮革命-萌芽的偶像女皇（日版）,NDS#3126,9.31MB
nds,Kirarin Revolution - Minna de Odorou Furi Furi Debut! (Japan),闪耀☆革命-大家一起跳舞吧（日版）,NDS#3127,33.54MB
nds,Kirarin Revolution - Naa-san to Issho (Japan),恋爱革命（日版）,NDS#3128,8.15MB
nds,Kirarin Revolution - Tsukutte Misechao! - Kime Kira Stage (Japan),闪亮革命-秀出自我-群星闪耀的舞台（日版）,NDS#3129,29.83MB
nds,Kirby - Canvas Curse (USA),触摸卡比（美版）,NDS#3130,15.06MB
nds,Kirby - Canvas Curse (USA) (Demo) (Kiosk),触摸卡比（美版） （演示版） （商店演示版）,NDS#3131,15.09MB
nds,"Kirby - Mouse Attack (Europe) (En,Fr,De,Es,It)","星之卡比-老鼠进攻（欧版） (En,Fr,De,Es,It)",NDS#3132,8.59MB
nds,"Kirby - Power Paintbrush (Europe) (En,Fr,De,Es,It)","触摸卡比（欧版） (En,Fr,De,Es,It)",NDS#3133,16.54MB
nds,Kirby - Squeak Squad (USA),星之卡比参上!呐喊团（美版）,NDS#3134,7.27MB
nds,Kirby - Squeak Squad (USA) (Demo) (Kiosk),星之卡比参上!呐喊团（美版） （演示版） （商店演示版）,NDS#3135,5.01MB
nds,"Kirby Mass Attack (Europe) (En,Fr,De,Es,It)","卡比大集合（欧版） (En,Fr,De,Es,It)",NDS#3136,15.46MB
nds,"Kirby Mass Attack (USA) (En,Fr,Es)","卡比大集合（美版） (En,Fr,Es)",NDS#3137,14.56MB
nds,"Kirby Super Star Ultra (Europe) (En,Fr,De,Es,It)","星之卡比超究极豪华版（欧版） (En,Fr,De,Es,It)",NDS#3138,58.47MB
nds,Kirby Super Star Ultra (USA),星之卡比超究极豪华版（美版）,NDS#3139,55.48MB
nds,Kirby Super Star Ultra (USA) (Demo) (Kiosk),星之卡比超究极豪华版（美版） （演示版） （商店演示版）,NDS#3140,55.43MB
nds,Kirby Ultra Super Deluxe (Korea),星之卡比-超级豪华版（韩国版）,NDS#3141,55.51MB
nds,Kirei Zukin Seikatsu (Japan),,NDS#3142,15.93MB
nds,Kirei Zukin Seikatsu 2 (Japan),,NDS#3143,16.14MB
nds,Kirihara Shoten Forest - Eigo@DS (Japan),桐原书店 FOREST 英文文法（日版）,NDS#3144,15.66MB
nds,Kirihara Shoten Kanshuu - Daigakusei Ryoku Kentei DS (Japan),桐原书店监修-大学生力检定 DS（日版）,NDS#3145,6.03MB
nds,"Kirikou and the Wild Beasts (Europe) (En,Fr,De,Es,It) (Beta)","叽哩咕与野兽（欧版） (En,Fr,De,Es,It) （测试版）",NDS#3146,20.88MB
nds,"Kirikou et les Betes Sauvages (Europe) (En,Fr,De,Es,It) [b]",,NDS#3147,20.88MB
nds,Kiwami Birei Aquarium - Sekai no Sakana to Iruka Kujira-tachi (Japan),美丽水族馆-世界的鱼和海豚、鲸鱼（日版）,NDS#3148,5.01MB
nds,"Knerten Gets Married (Europe) (En,De,Sv,No,Da)",,NDS#3149,26.43MB
nds,Knigge - Spielend zum Guten Benehmen (Germany),学习礼节与好习惯（德国版）,NDS#3150,1.33MB
nds,Knights in the Nightmare (Japan),噩梦骑士（日版）,NDS#3151,76.18MB
nds,Knights in the Nightmare (USA),噩梦骑士（美版）,NDS#3152,75.77MB
nds,Knobel- und Denkspiele (Germany),,NDS#3153,5.29MB
nds,Knobel- und Denkspiele 2 (Germany),,NDS#3154,5.48MB
nds,"Knock 'Em Downs - World's Fair (Europe) (En,Es)",,NDS#3155,35.20MB
nds,"Knock 'Em Downs - World's Fair (USA) (En,Es)",,NDS#3156,35.20MB
nds,"Know How - Think and Play outside the Box (Europe) (En,Fr,De,Es,It)","巧妙挪移（欧版） (En,Fr,De,Es,It)",NDS#3157,7.57MB
nds,"Know How 2 (Europe) (En,Fr,De,Es,It) (NDSi Enhanced)","懂得如何做2（欧版） (En,Fr,De,Es,It) (NDSi Enhanced)",NDS#3158,9.48MB
nds,Kobun Kanbun DS (Japan),古文汉文DS（日版）,NDS#3159,1.89MB
nds,Kochira Katsushika Ku Kameari Kouen Mae Hashutsujo - Kateba Tengoku! Makereba Jigoku! - Ryoutsu-ryuu Ikkakusenkin Daisakusen! (Japan),葛饰区龟有公园前派出所-胜者天国!负者地狱!两津流-一攫千金大作战!（日版）,NDS#3160,28.75MB
nds,Kochkurs - Was Wollen Wir Heute Kochen (Germany),厨房指南（德国版）,NDS#3161,196.60MB
nds,Kochkurs - Was Wollen Wir Heute Kochen (Germany) (Rev 1),厨房指南（德国版） （修正版 1）,NDS#3162,196.59MB
nds,Kodai Ouja Kyouryuu King - 7-tsu no Kakera (Japan),古代王者-恐龙王 7块碎片（日版）,NDS#3163,29.64MB
nds,Kodawari Saihai Simulation - Ochanoma Pro Yakyuu DS (Japan),精心策略大模拟-客厅职棒 DS（日版）,NDS#3164,20.64MB
nds,Kodawari Saihai Simulation - Ochanoma Pro Yakyuu DS - 2010 Nendo Ban (Japan),精心策略大模拟-客厅职棒 DS 2010 年度版（日版）,NDS#3165,21.84MB
nds,Kodawari Saihai Simulation - Ochanoma Pro Yakyuu DS - 2010 Nendo Ban (Japan) (Rev 1),精心策略大模拟-客厅职棒 DS 2010 年度版（日版） （修正版 1）,NDS#3166,21.86MB
nds,Kodomo no Tame no Yomi Kikase - Ehon de Asobou 1-kan (Japan),给孩子们讲故事：快乐画册1（日版）,NDS#3167,20.98MB
nds,Kodomo no Tame no Yomi Kikase - Ehon de Asobou 2-kan (Japan),给孩子们讲故事：快乐画册2（日版）,NDS#3168,22.27MB
nds,Kodomo no Tame no Yomi Kikase - Ehon de Asobou 3-kan (Japan),给孩子们讲故事：快乐画册3（日版）,NDS#3169,20.04MB
nds,Kodomo no Tame no Yomi Kikase - Ehon de Asobou 4-kan (Japan),儿童英语看图说话4（日版）,NDS#3170,19.27MB
nds,Kodomo no Tame no Yomi Kikase - Ehon de Asobou 5-kan (Japan),儿童英语看图说话5（日版）,NDS#3171,20.56MB
nds,Kodomo no Tame no Yomi Kikase - Ehon de Asobou 6-kan (Japan),儿童英语看图说话6（日版）,NDS#3172,21.49MB
nds,Koe de Asobou - HeartCatch PreCure! (Japan),用声音游玩-Heart Catch 光之美少女（日版）,NDS#3173,46.07MB
nds,Koh-Lanta (France),兰达岛（法国版）,NDS#3174,9.04MB
nds,Koh-Lanta - Survie dans la Jungle! (France),柯兰达-丛林生存（法国版）,NDS#3175,9.32MB
nds,Koinu de Kururin (Japan),小狗的房间（日版）,NDS#3176,3.43MB
nds,Koisuru Purin! - Koi wa Daibouken! Dr. Kanmi no Yabou! (Japan),恋爱布丁-恋爱大冒险（日版）,NDS#3177,24.78MB
nds,Kokoro ga Mezameru - Otoko-tachi no Nurie DS - Tamiya Box Art (Japan),心灵觉醒男人们的图画DS-田宫箱绘（日版）,NDS#3178,16.53MB
nds,"Kokoro ga Uruou - Birei Aquarium DS - Kujira, Iruka, Penguin (Japan)","美丽水族馆DS-鲸鱼,海豚,企鹅（日版）",NDS#3179,2.60MB
nds,"Kokoro ga Uruou - Birei Aquarium DS - Tetra, Guppy, Angelfish (Japan)","美丽水族馆DS-灯鱼,孔雀鱼,天使鱼（日版）",NDS#3180,2.60MB
nds,Kokoro ni Shimiru - Mouhitsu de Kaku - Aida Mitsuo DS (Japan),相田毛笔书法（日版）,NDS#3181,5.40MB
nds,Kokoro o Yasumeru - Otona no Nurie DS (Japan),修身养性的成人涂鸦绘本DS（日版）,NDS#3182,14.88MB
nds,Kokoro o Yasumeru - Otona no Nurie DS (Japan) (Rev 2),修身养性的成人涂鸦绘本DS（日版） （修正版 2）,NDS#3183,14.89MB
nds,Kokoro o Yasumeru - Otona no Nurie DS 2 (Japan),休心大人涂鸦DS2（日版）,NDS#3184,7.29MB
nds,"Kolonisten van Catan, De (Netherlands)",卡坦岛（荷兰版）,NDS#3185,8.72MB
nds,Koma Neko DS (Japan),定格摄影小猫DS（日版）,NDS#3186,9.80MB
nds,"Konami Arcade Classics (Europe) (En,Ja,Fr,De,Es,It)","柯拉米街机经典合集（欧版） (En,Ja,Fr,De,Es,It)",NDS#3187,13.67MB
nds,"Konami Arcade Collection (Japan) (En,Ja)","柯拉米街机经典合集（日版） (En,Ja)",NDS#3188,13.52MB
nds,"Konami Classics Series - Arcade Hits (USA) (En,Ja)","柯拉米经典街机合集（美版） (En,Ja)",NDS#3189,13.53MB
nds,Konchuu Wars (Japan),昆虫大战（日版）,NDS#3190,30.94MB
nds,Konductra (USA),益智谜题（美版）,NDS#3191,5.53MB
nds,Konnichiwa Akachan (Japan),宝贝你好（日版）,NDS#3192,24.81MB
nds,Kono Quiz Yarou!! (Japan),可诺智力问答（日版）,NDS#3193,4.87MB
nds,Konzentration und Aufmerksamkeit 1.-4. Klasse (Germany),集中注意力 1-4年级（德国版）,NDS#3194,6.78MB
nds,Kore de Haji o Kakanai - Ashita Tsukaeru DS Business Manner (Japan),实用DS商务礼仪（日版）,NDS#3195,5.33MB
nds,"Korg DS-10 Synthesizer (Europe) (En,Fr,De,Es,It)","KORG DS-10 电子乐合成模拟软件（欧版） (En,Fr,De,Es,It)",NDS#3196,494.03KB
nds,Korg DS-10 Synthesizer (Japan) (En),KORG DS-10 电子乐合成模拟软件（日版） (En),NDS#3197,477.87KB
nds,Korg DS-10 Synthesizer (USA),KORG DS-10 电子乐合成模拟软件（美版）,NDS#3198,494.19KB
nds,"Korg DS-10+ Synthesizer (Japan) (En,Ja) (NDSi Enhanced)","KORG DS-10 加强版（日版） (En,Ja) (NDSi Enhanced)",NDS#3199,842.96KB
nds,Korg DS-10+ Synthesizer (USA) (NDSi Enhanced),KORG DS-10 加强版（美版） (NDSi Enhanced),NDS#3200,852.47KB
nds,"Korg DS-10+ Synthesizer Limited Edition (Japan) (En,Ja) (NDSi Enhanced)",,NDS#3201,1.41MB
nds,Korg M01 Music Workstation (Japan) (En),KORG M01 合成器（日版） (En),NDS#3202,34.23MB
nds,Kotoba no Puzzle - Mojipittan DS (Japan),智力拼字DS（日版）,NDS#3203,4.98MB
nds,"Kou Rate Ura Mahjong Retsuden - Mukoubuchi - Goburei, Last Desu ne (Japan)",高赔率地下麻将列传（日版）,NDS#3204,17.57MB
nds,Kou-chan no Shiawase! Kantan! Oryouri Recipe (Japan),阿幸的幸福简单料理食谱（日版）,NDS#3205,16.25MB
nds,Kouchuu Kakutou - Mushi-1 Grand-Prix (Japan),甲虫格斗-昆虫1 豪华赏金（日版）,NDS#3206,4.22MB
nds,Kouchuu Kakutou - Mushi-1 Grand-Prix (Japan) (Rev 1),甲虫格斗-昆虫1 豪华赏金（日版） （修正版 1）,NDS#3207,5.07MB
nds,Kouchuu Ouja Mushi King - Greatest Champion e no Michi 2 (Japan),甲虫王者-通往冠军之路2（日版）,NDS#3208,62.96MB
nds,Kouchuu Ouja Mushi King - Greatest Champion e no Michi DS (Japan),甲虫王者-战斗之道DS（日版）,NDS#3209,48.95MB
nds,Kouchuu Ouja Mushi King Super Collection (Japan),甲虫王者-虫之王-超级收藏（日版）,NDS#3210,54.38MB
nds,Kouenji Joshi Soccer 2 - Koi wa Nebagiba Kouenji (Japan),高圆寺女子足球2-恋爱就是永不放弃（日版）,NDS#3211,23.99MB
nds,Koukou Juken Eitango Get Through 1900 - Eitan Zamurai DS (Japan),高中综合测试：英语单词1900例（日版）,NDS#3212,69.90MB
nds,Koukou Juken Eitango Get Through 1900 - Eitan Zamurai DS (Japan) (Rev 1),高中综合测试：英语单词1900例（日版） （修正版 1）,NDS#3213,77.48MB
nds,Koukou Yakyuu-dou DS (Japan),高中棒球之路 DS（日版）,NDS#3214,39.70MB
nds,Koushounin DS (Japan),谈判专家DS（日版）,NDS#3215,10.32MB
nds,Kousoku Card Battle - Card Hero (Japan),高速卡片战斗-卡片英雄（日版）,NDS#3216,30.53MB
nds,Kreuzwortraetsel DS - Welt Edition (Germany),填字游戏DS-世界版（德国版）,NDS#3217,1.96MB
nds,Kumatanchi (Japan),熊姬和她的伙伴们（日版）,NDS#3218,21.29MB
nds,"Kung Fu Panda (Canada) (En,Fr)","功夫熊猫（加拿大版） (En,Fr)",NDS#3219,30.06MB
nds,Kung Fu Panda (Europe),功夫熊猫（欧版）,NDS#3220,21.97MB
nds,Kung Fu Panda (France),功夫熊猫（法国版）,NDS#3221,20.68MB
nds,Kung Fu Panda (Germany),功夫熊猫（德国版）,NDS#3222,21.70MB
nds,Kung Fu Panda (Italy),功夫熊猫（意大利版）,NDS#3223,21.56MB
nds,Kung Fu Panda (Japan),功夫熊猫（日版）,NDS#3224,22.04MB
nds,Kung Fu Panda (Korea),功夫熊猫（韩国版）,NDS#3225,22.01MB
nds,Kung Fu Panda (Netherlands),功夫熊猫（荷兰版）,NDS#3226,21.97MB
nds,Kung Fu Panda (Spain),功夫熊猫（西班牙版）,NDS#3227,21.41MB
nds,Kung Fu Panda (Sweden),功夫熊猫（瑞典版）,NDS#3228,21.97MB
nds,Kung Fu Panda (USA),功夫熊猫（美版）,NDS#3229,21.96MB
nds,"Kung Fu Panda - Legendary Warriors (Europe) (En,Fr,De,Es,It,Nl)","功夫熊猫-神龙大侠（欧版） (En,Fr,De,Es,It,Nl)",NDS#3230,15.17MB
nds,"Kung Fu Panda - Legendary Warriors (USA) (En,Fr)","功夫熊猫-神龙大侠（美版） (En,Fr)",NDS#3231,15.16MB
nds,"Kung Fu Panda 2 (Europe) (En,Fr,De,Es,It,Nl) (NDSi Enhanced)","功夫熊猫2（欧版） (En,Fr,De,Es,It,Nl) (NDSi Enhanced)",NDS#3232,42.39MB
nds,"Kung Fu Panda 2 (USA) (En,Fr) (VKUE) (NDSi Enhanced)","功夫熊猫2（美版） (En,Fr) (VKUE) (NDSi Enhanced)",NDS#3233,42.14MB
nds,"Kung Fu Panda 2 (USA) (En,Fr) (VKUY) (NDSi Enhanced)","功夫熊猫2（美版） (En,Fr) (VKUY) (NDSi Enhanced)",NDS#3234,42.14MB
nds,Kung Zhu (Europe),电动仓鼠-功夫（欧版）,NDS#3235,8.09MB
nds,"Kung Zhu (Europe) (En,Fr,De,Es,It) (Rev 1)","电动仓鼠-功夫（欧版） (En,Fr,De,Es,It) （修正版 1）",NDS#3236,8.11MB
nds,Kung Zhu (USA),电动仓鼠-功夫（美版）,NDS#3237,8.09MB
nds,Kunio-kun no Chou Nekketsu! - Daiundoukai (Japan),超热血大运动会（日版）,NDS#3238,6.94MB
nds,Kunio-kun no Chou Nekketsu! - Soccer League Plus - World Hyper Cup Hen (Japan),热血高校-足球联盟+超世界杯篇（日版）,NDS#3239,3.16MB
nds,Kunitori Zunou Battle - Nobunaga no Yabou (Japan),窃国头脑战-信长之野望（日版）,NDS#3240,12.67MB
nds,Kupuu!! Mamegoma! (Japan),海豹宝宝 3（日版）,NDS#3241,10.64MB
nds,Kurayami no Hate de Kimi o Matsu (Japan),在黑暗尽头等待你（日版）,NDS#3242,160.56MB
nds,Kurikin - Nano Island Story (Japan),栗子君-纳米岛的故事（日版）,NDS#3243,17.40MB
nds,Kurikuri DS - Otasuke Island (Japan),玉兔追月DS-游戏乐园（日版）,NDS#3244,6.71MB
nds,Kuroshitsuji - Phantom & Ghost (Japan),黑执事 Phantom Ghost（日版）,NDS#3245,34.56MB
nds,KuruKuru Chameleon DS (Japan),咕噜咕噜变色龙DS（日版）,NDS#3246,6.04MB
nds,KuruKuru Princess - Figure de KiraKira Koori no Angel (Japan),滑冰公主-闪亮花样冰之天使（日版）,NDS#3247,12.79MB
nds,KuruKuru Princess - Tokimeki Figure - Mezase! Vancouver (Japan),回旋公主-动人花式溜冰☆向温哥华奥运前进（日版）,NDS#3248,41.89MB
nds,KuruKuru Princess - Yume no White Quartet (Japan),溜冰公主梦之白色四重奏（日版）,NDS#3249,14.12MB
nds,Kuruma de DS (Japan),,NDS#3250,53.06MB
nds,Kurupoto - Atama ni Piritto Supplement Puzzle (Japan),回转门（日版）,NDS#3251,6.96MB
nds,Kurupoto - Cool Cool Stars (USA),回转门酷酷星（美版）,NDS#3252,3.00MB
nds,Kururin Doughnut - Okashi na Recipe (Japan),旋转甜甜圈-点心食谱（日版）,NDS#3253,7.53MB
nds,Kurutore eCDP (Japan) (Not for Resale),,NDS#3254,116.90MB
nds,Kutsushita Nyanko - Shiroi Kutsushita o Haita Neko to Kurashi Hajimemashita. (Japan),穿白袜的小黑猫（日版）,NDS#3255,5.42MB
nds,Kuukan Zukei - Hirameki Training - Kuutore (Japan),空间☆图形-闪现训练（日版）,NDS#3256,5.82MB
nds,Kuwagata Tsumami - Kuttsuke! Tsumami Bako (Japan),锹型虫少女-益智方块（日版）,NDS#3257,8.61MB
nds,"Kyokugen Dasshutsu - 9-jikan, 9-nin, 9 no Tobira (Japan)",极限逃脱-9小时9人9道门（日版）,NDS#3258,95.68MB
nds,Kyou kara DS - Calorie Navi (Japan),从今开始DS卡路里指南（日版）,NDS#3259,9.48MB
nds,Kyouryuu Ikusei Battle RPG - Kyouryuu Monster (Japan),恐龙育成战斗RPG-恐龙怪兽（日版）,NDS#3260,13.60MB
nds,Kyouryuu Ouja Ketteisen - Kyouryuu Grand Prix (Japan),恐龙王者决定战（日版）,NDS#3261,17.30MB
nds,Kyouryuu Taisen Dino Champ - Saikyou DNA Hakkutsu Daisakusen (Japan),恐龙对战-最强DNA发掘大作战（日版）,NDS#3262,2.98MB
nds,Kyuukyuu Kyuumei Caduceus 2 (Japan),超执刀2（日版）,NDS#3263,32.10MB
nds,L - The Prologue to Death Note - Rasen no Trap (Japan),死亡笔记本L序章-螺旋陷阱（日版）,NDS#3264,43.13MB
nds,L.O.L. (USA),搞笑特训班DS（美版）,NDS#3265,858.41KB
nds,"Labyrinth (Europe) (En,Fr,De) (Ravensburger)","旋转滚球（欧版） (En,Fr,De) (Ravensburger)",NDS#3266,5.54MB
nds,"Labyrinth (Europe) (En,Fr,De,Es,It)","旋转滚球（欧版） (En,Fr,De,Es,It)",NDS#3267,2.41MB
nds,"Labyrinth (Europe) (En,Fr,De,It) (Rev 1) (Ravensburger)","旋转滚球（欧版） (En,Fr,De,It) （修正版 1） (Ravensburger)",NDS#3268,5.57MB
nds,"Labyrinth (Europe) (Fr,Nl) (Ravensburger)","旋转滚球（欧版） (Fr,Nl) (Ravensburger)",NDS#3269,5.58MB
nds,Labyrinth (USA),旋转滚球（美版）,NDS#3270,2.07MB
nds,"Lalaloopsy (Europe) (En,Fr,De,Es,It)",,NDS#3271,10.15MB
nds,"Lalaloopsy (USA) (En,Fr)",,NDS#3272,10.14MB
nds,Lalaloopsy - Carnival of Friends (USA),,NDS#3273,26.51MB
nds,"Lanfeust of Troy (Europe) (En,Fr,De,Es,It)","特洛伊英雄（欧版） (En,Fr,De,Es,It)",NDS#3274,22.39MB
nds,"Langenscheidt Basic-Woerterbuch Englisch (Europe) (En,Fr,De,Es,It)","德英词典（欧版） (En,Fr,De,Es,It)",NDS#3275,22.46MB
nds,"Langenscheidt VokabelStar Englisch fuer Einsteiger (Europe) (En,Fr,De,Es,It)","VocabStar 英语-对于初学者（欧版） (En,Fr,De,Es,It)",NDS#3276,21.85MB
nds,Lapin Malin - J'Apprends a Lire et a Ecrire (France),恶性兔子-学会如何读与写（法国版）,NDS#3277,19.07MB
nds,"Lara Croft Tomb Raider - Legend (Europe) (En,Fr,De,Es,It)","古墓丽影-传奇（欧版） (En,Fr,De,Es,It)",NDS#3278,51.31MB
nds,"Lara Croft Tomb Raider - Legend (USA) (En,Fr,De,Es,It)","古墓丽影-传奇（美版） (En,Fr,De,Es,It)",NDS#3279,51.31MB
nds,Last Bullet (Japan),最后子弹（日版）,NDS#3280,44.57MB
nds,Last Window - Mayonaka no Yakusoku (Japan),最后一扇窗-深夜约定（日版）,NDS#3281,102.00MB
nds,"Last Window - The Secret of Cape West (Europe) (En,Fr,De,Es,It)","最后之窗-真夜中的约束（欧版） (En,Fr,De,Es,It)",NDS#3282,105.66MB
nds,Layton Gyosuwa Angmaui Sangja (Korea) [b],雷顿教授和恶魔之箱（韩国版） [b],NDS#3283,89.92MB
nds,Layton Gyosuwa Isanghan Maeul (Korea) [b],雷顿教授和不可思议的村庄（韩国版） [b],NDS#3284,51.54MB
nds,Layton Kyouju to Akuma no Hako (Japan),莱顿教授与恶魔之箱（日版）,NDS#3285,98.67MB
nds,Layton Kyouju to Akuma no Hako (Japan) (Rev 1),莱顿教授与恶魔之箱（日版） （修正版 1）,NDS#3286,98.68MB
nds,Layton Kyouju to Akuma no Hako - Friendly Ban (Japan),莱顿教授与恶魔之箱-友好篇（日版）,NDS#3287,97.74MB
nds,Layton Kyouju to Fushigi na Machi (Japan),雷顿教授与不可思议的城镇（日版）,NDS#3288,49.00MB
nds,Layton Kyouju to Fushigi na Machi (Japan) (Rev 1),雷顿教授与不可思议的城镇（日版） （修正版 1）,NDS#3289,49.00MB
nds,Layton Kyouju to Fushigi na Machi (Japan) (Rev 2),雷顿教授与不可思议的城镇（日版） （修正版 2）,NDS#3290,49.00MB
nds,Layton Kyouju to Fushigi na Machi - Friendly Ban (Japan),雷顿教授与不可思议的小镇-友情版（日版）,NDS#3291,49.86MB
nds,Layton Kyouju to Majin no Fue (Japan),莱顿教授与魔神之笛（日版）,NDS#3292,194.84MB
nds,Layton Kyouju to Majin no Fue (Japan) (Rev 1),莱顿教授与魔神之笛（日版） （修正版 1）,NDS#3293,194.84MB
nds,Layton Kyouju to Saigo no Jikan Ryokou (Japan),莱顿教授与最后的时间旅行（日版）,NDS#3294,188.08MB
nds,Layton Kyouju to Saigo no Jikan Ryokou (Japan) (Rev 1),莱顿教授与最后的时间旅行（日版） （修正版 1）,NDS#3295,188.01MB
nds,Learn Chess (USA),学习国际象棋（美版）,NDS#3296,6.42MB
nds,"Learn Geography (USA) (En,Fr,Es)","学会地理（美版） (En,Fr,Es)",NDS#3297,14.47MB
nds,"Learn Math (USA) (En,Es)","学习数学（美版） (En,Es)",NDS#3298,11.74MB
nds,Learn Science (USA),学习科学（美版）,NDS#3299,8.64MB
nds,"Learn to Play Chess with Fritz & Chesster (Europe) (En,Fr,De,Es,It)","弗里茨和国际象棋小师（欧版） (En,Fr,De,Es,It)",NDS#3300,6.57MB
nds,Learn with Pokemon - Typing Adventure (Europe),,NDS#3301,74.10MB
nds,"Learning Maths (Europe) (En,Fr,It) [b]","学会算术（欧版） (En,Fr,It) [b]",NDS#3302,11.72MB
nds,Learning To Spell (USA),,NDS#3303,3.18MB
nds,Lecons de Cuisine - Qu'Allons-Nous Manger Aujourd'hui (France),厨房指南-今天要吃什么?（法国版）,NDS#3304,201.11MB
nds,Lecons de Cuisine - Qu'Allons-Nous Manger Aujourd'hui (France) (Rev 1),厨房指南-今天要吃什么?（法国版） （修正版 1）,NDS#3305,201.10MB
nds,"Left Brain, Right Brain - Use Both Hands, Train Both Sides (USA)",左脑右脑（美版）,NDS#3306,2.61MB
nds,"Left Brain, Right Brain 2 (Europe) (En,Fr,De)","左脑右脑2（欧版） (En,Fr,De)",NDS#3307,1.76MB
nds,"Left Brain, Right Brain 2 (USA)",左脑右脑2（美版）,NDS#3308,1.56MB
nds,"Left or Right - Ambidextrous Challenge (Europe) (En,Fr,De,Es,It)","左右为难-灵巧挑战（欧版） (En,Fr,De,Es,It)",NDS#3309,3.71MB
nds,Legacy of Ys - Books I & II (USA),伊苏 I & II（美版）,NDS#3310,32.91MB
nds,"Legend of Kage 2, The (Europe) (En,Fr,De,Es,It)","影之传说2（欧版） (En,Fr,De,Es,It)",NDS#3311,10.04MB
nds,"Legend of Kage 2, The (USA) (En,Fr,De,Es,It)","影之传说2（美版） (En,Fr,De,Es,It)",NDS#3312,10.04MB
nds,"Legend of Kay (Europe) (En,Fr,De,Es,It)","凯之传奇（欧版） (En,Fr,De,Es,It)",NDS#3313,18.85MB
nds,"Legend of Kay (USA) (En,Fr,Es)","凯之传奇（美版） (En,Fr,Es)",NDS#3314,18.85MB
nds,"Legend of Spyro, The - A New Beginning (Europe) (En,Fr,De,Es,It,Nl)","斯派罗传奇-崭新的开端（欧版） (En,Fr,De,Es,It,Nl)",NDS#3315,35.28MB
nds,"Legend of Spyro, The - A New Beginning (USA)",斯派罗传奇-崭新的开端（美版）,NDS#3316,35.29MB
nds,"Legend of Spyro, The - Dawn of the Dragon (Europe) (En,Fr,De,Es,It,Nl)","斯派罗传说-龙之黎明（欧版） (En,Fr,De,Es,It,Nl)",NDS#3317,43.56MB
nds,"Legend of Spyro, The - Dawn of the Dragon (USA) (En,Fr,De,Es,It,Nl)","斯派罗传说-龙之黎明（美版） (En,Fr,De,Es,It,Nl)",NDS#3318,43.90MB
nds,"Legend of Spyro, The - The Eternal Night (Europe) (En,Fr,De,Es,It,Nl)","斯派罗传说-永夜（欧版） (En,Fr,De,Es,It,Nl)",NDS#3319,15.36MB
nds,"Legend of Spyro, The - The Eternal Night (USA)",斯派罗传说-永夜（美版）,NDS#3320,15.36MB
nds,"Legend of the Guardians - The Owls of Ga'Hoole (Europe) (En,Fr,De,Es,It,Nl)","守卫者传奇-猫头鹰守护神（欧版） (En,Fr,De,Es,It,Nl)",NDS#3321,39.36MB
nds,"Legend of the Guardians - The Owls of Ga'Hoole (USA) (En,Fr,Es,Pt)","守卫者传奇-猫头鹰守护神（美版） (En,Fr,Es,Pt)",NDS#3322,39.36MB
nds,"Legend of Zelda, The - Phantom Hourglass (Europe) (En,Fr,De,Es,It)","塞尔达传说-幻影沙漏（欧版） (En,Fr,De,Es,It)",NDS#3323,35.56MB
nds,"Legend of Zelda, The - Phantom Hourglass (Europe) (En,Fr,De,Es,It) (Demo) (Kiosk)","塞尔达传说-幻影沙漏（欧版） (En,Fr,De,Es,It) （演示版） （商店演示版）",NDS#3324,35.64MB
nds,"Legend of Zelda, The - Phantom Hourglass (USA) (Demo) (Kiosk)",塞尔达传说-幻影沙漏（美版） （演示版） （商店演示版）,NDS#3325,34.07MB
nds,"Legend of Zelda, The - Phantom Hourglass (USA) (En,Fr,Es)","塞尔达传说-幻影沙漏（美版） (En,Fr,Es)",NDS#3326,34.73MB
nds,"Legend of Zelda, The - Spirit Tracks (Europe) (En,Fr,De,Es,It)","塞尔达传说-灵魂轨迹（欧版） (En,Fr,De,Es,It)",NDS#3327,51.81MB
nds,"Legend of Zelda, The - Spirit Tracks (Europe) (En,Fr,De,Es,It) (Demo) (Kiosk)","塞尔达传说-灵魂轨迹（欧版） (En,Fr,De,Es,It) （演示版） （商店演示版）",NDS#3328,32.35MB
nds,"Legend of Zelda, The - Spirit Tracks (Europe) (En,Fr,De,Es,It) (Rev 1)","塞尔达传说-灵魂轨迹（欧版） (En,Fr,De,Es,It) （修正版 1）",NDS#3329,51.81MB
nds,"Legend of Zelda, The - Spirit Tracks (USA) (En,Fr,Es) (Demo) (Kiosk)","塞尔达传说-灵魂轨迹（美版） (En,Fr,Es) （演示版） （商店演示版）",NDS#3330,31.77MB
nds,"Legend of Zelda, The - Spirit Tracks (USA) (En,Fr,Es) (Rev 1)","塞尔达传说-灵魂轨迹（美版） (En,Fr,Es) （修正版 1）",NDS#3331,51.10MB
nds,"Legend of Zelda, The - Spirit Tracks (USA, Australia) (En,Fr,Es)","塞尔达传说-灵魂轨迹（美版 澳洲版） (En,Fr,Es)",NDS#3332,51.11MB
nds,"Legend of Zelda, The - Twilight Princess - Preview Trailer (USA) (Promo)",,NDS#3333,6.11MB
nds,"Legendary Starfy, The (USA)",传说的斯塔飞-对决-达伊鲁海盗团（美版）,NDS#3334,34.80MB
nds,"Legendary Starfy, The (USA) (Demo) (Kiosk)",传说的斯塔飞-对决-达伊鲁海盗团（美版） （演示版） （商店演示版）,NDS#3335,6.51MB
nds,"LEGO Batman - The Videogame (Europe) (En,Fr,De,Es,It,Da)","乐高蝙蝠侠（欧版） (En,Fr,De,Es,It,Da)",NDS#3336,41.89MB
nds,LEGO Batman - The Videogame (Japan),乐高蝙蝠侠（日版）,NDS#3337,41.68MB
nds,"LEGO Batman - The Videogame (USA) (En,Fr,Es)","乐高蝙蝠侠（美版） (En,Fr,Es)",NDS#3338,41.89MB
nds,"LEGO Batman 2 - DC Super Heroes (Europe) (En,De)",,NDS#3339,93.05MB
nds,"LEGO Batman 2 - DC Super Heroes (Europe) (En,De) (Rev 1)",,NDS#3340,93.02MB
nds,"LEGO Batman 2 - DC Super Heroes (Europe) (En,Fr)",,NDS#3341,93.05MB
nds,"LEGO Batman 2 - DC Super Heroes (Europe) (En,Fr,De,Es,It,Nl,Da)",,NDS#3342,93.06MB
nds,"LEGO Batman 2 - DC Super Heroes (Europe) (En,Fr,De,Es,It,Nl,Da) (Rev 1)",,NDS#3343,93.02MB
nds,"LEGO Batman 2 - DC Super Heroes (USA) (En,Fr,Es,Pt)",,NDS#3344,92.70MB
nds,"LEGO Battles (Europe) (En,Fr,De,Es,It,Da)","乐高大战（欧版） (En,Fr,De,Es,It,Da)",NDS#3345,81.61MB
nds,"LEGO Battles (USA) (En,Fr,Es)","乐高大战（美版） (En,Fr,Es)",NDS#3346,81.61MB
nds,"LEGO Battles - Ninjago (USA) (En,Fr,Es)","乐高大战-忍者出击（美版） (En,Fr,Es)",NDS#3347,57.03MB
nds,"LEGO Friends (Europe) (En,Fr,De,Es,It,Nl,Da)",,NDS#3348,99.40MB
nds,"LEGO Friends (USA) (En,Fr,Es,Pt)",,NDS#3349,99.40MB
nds,"LEGO Harry Potter - Years 1-4 (Europe) (En,Fr,De,Es,It,Da)","乐高哈利波特-Years 1-4（欧版） (En,Fr,De,Es,It,Da)",NDS#3350,107.69MB
nds,"LEGO Harry Potter - Years 1-4 (Europe) (En,Fr,De,Es,It,Da) (Beta)","乐高哈利波特-Years 1-4（欧版） (En,Fr,De,Es,It,Da) （测试版）",NDS#3351,115.94MB
nds,"LEGO Harry Potter - Years 1-4 (USA) (En,Fr,Es)","乐高哈利波特-Years 1-4（美版） (En,Fr,Es)",NDS#3352,107.69MB
nds,"LEGO Harry Potter - Years 5-7 (Europe) (En,Fr,De,Es,It,Nl,Da)",,NDS#3353,100.34MB
nds,"LEGO Harry Potter - Years 5-7 (USA) (En,Fr,Es)",,NDS#3354,100.35MB
nds,"LEGO Indiana Jones - The Original Adventures (Europe) (En,Fr,De,Es,It,Da)","乐高印第安那琼斯-最初冒险（欧版） (En,Fr,De,Es,It,Da)",NDS#3355,46.93MB
nds,"LEGO Indiana Jones - The Original Adventures (USA) (En,Fr,De,Es,It,Da)","乐高印第安那琼斯-最初冒险（美版） (En,Fr,De,Es,It,Da)",NDS#3356,46.93MB
nds,"LEGO Indiana Jones 2 - The Adventure Continues (Europe) (En,Fr,De,Es,It,Da)","乐高印第安纳琼斯2-冒险再续（欧版） (En,Fr,De,Es,It,Da)",NDS#3357,44.01MB
nds,"LEGO Indiana Jones 2 - The Adventure Continues (USA) (En,Fr,Es)","乐高印第安纳琼斯2-冒险再续（美版） (En,Fr,Es)",NDS#3358,44.02MB
nds,"LEGO Legends of Chima - Laval's Journey (Europe) (En,Fr,De,Es,It,Nl,Da)",,NDS#3359,88.47MB
nds,"LEGO Legends of Chima - Laval's Journey (France) (En,Fr,De,Es,It,Nl,Da)",,NDS#3360,88.46MB
nds,"LEGO Legends of Chima - Laval's Journey (Germany) (En,Fr,De,Es,It,Nl,Da)",,NDS#3361,88.48MB
nds,"LEGO Legends of Chima - Laval's Journey (USA) (En,Fr,Es,Pt)",,NDS#3362,88.47MB
nds,"LEGO Marvel Super Heroes - L'Univers en Peril (France) (En,Fr,De,Es,It,Nl,Da)",,NDS#3363,101.18MB
nds,"LEGO Marvel Super Heroes - Universe in Peril (Europe) (En,Fr,De,Es,It,Nl,Da)",,NDS#3364,101.18MB
nds,"LEGO Marvel Super Heroes - Universe in Peril (Germany) (En,Fr,De,Es,It,Nl,Da)",,NDS#3365,101.18MB
nds,"LEGO Marvel Super Heroes - Universe in Peril (USA) (En,Fr,Es,Pt)",,NDS#3366,101.18MB
nds,"LEGO Ninjago - The Videogame (Europe) (En,Fr,De,Es,It,Nl,Da)","乐高大战-忍者出击（欧版） (En,Fr,De,Es,It,Nl,Da)",NDS#3367,57.03MB
nds,"LEGO Ninjago - The Videogame (Europe) (En,Fr,De,Es,It,Nl,Da) (Rev 1)","乐高大战-忍者出击（欧版） (En,Fr,De,Es,It,Nl,Da) （修正版 1）",NDS#3368,57.02MB
nds,"LEGO Pirates of the Caribbean - The Video Game (Europe) (En,Fr,De,Es,It,Nl,Sv,No,Da)","乐高加勒比海盗-电视游戏版（欧版） (En,Fr,De,Es,It,Nl,Sv,No,Da)",NDS#3369,91.41MB
nds,"LEGO Pirates of the Caribbean - The Video Game (USA) (En,Fr,Es)","乐高加勒比海盗-电视游戏版（美版） (En,Fr,Es)",NDS#3370,91.41MB
nds,"LEGO Rock Band (Europe) (En,Fr,De,Es,It,Da)","乐高摇滚乐队（欧版） (En,Fr,De,Es,It,Da)",NDS#3371,184.48MB
nds,"LEGO Rock Band (USA) (En,Fr,De,Es,It,Da)","乐高摇滚乐队（美版） (En,Fr,De,Es,It,Da)",NDS#3372,184.49MB
nds,"LEGO Star Wars - The Complete Saga (Europe) (En,Fr,De,Es,It,Da)","乐高星球大战-传奇（欧版） (En,Fr,De,Es,It,Da)",NDS#3373,47.92MB
nds,LEGO Star Wars - The Complete Saga (USA),乐高星球大战-传奇（美版）,NDS#3374,47.92MB
nds,"LEGO Star Wars II - The Original Trilogy (Europe) (En,Fr,De,Es,It,Da)","乐高星球大战2（欧版） (En,Fr,De,Es,It,Da)",NDS#3375,17.91MB
nds,LEGO Star Wars II - The Original Trilogy (Japan),乐高星球大战2（日版）,NDS#3376,18.30MB
nds,LEGO Star Wars II - The Original Trilogy (USA),乐高星球大战2（美版）,NDS#3377,17.77MB
nds,LEGO Star Wars II - The Original Trilogy (USA) (Rev 1),乐高星球大战2（美版） （修正版 1）,NDS#3378,18.25MB
nds,"LEGO Star Wars III - The Clone Wars (Europe) (En,Fr,De,Es,It,Da)","乐高星球大战3-克隆战争（欧版） (En,Fr,De,Es,It,Da)",NDS#3379,105.87MB
nds,"LEGO Star Wars III - The Clone Wars (USA) (En,Fr,Es)","乐高星球大战3-克隆战争（美版） (En,Fr,Es)",NDS#3380,105.86MB
nds,"LEGO The Lord of the Rings (Europe) (En,Fr,De,Es,It,Nl,Da)",,NDS#3381,98.65MB
nds,"LEGO The Lord of the Rings (France) (En,Fr,De,Es,It,Nl,Da)",,NDS#3382,98.65MB
nds,"LEGO The Lord of the Rings (Germany) (En,Fr,De,Es,It,Nl,Da)",,NDS#3383,98.66MB
nds,"LEGO The Lord of the Rings (Spain) (En,Fr,De,Es,It,Nl,Da)",,NDS#3384,98.66MB
nds,"LEGO The Lord of the Rings (USA) (En,Fr,Es,Pt)",,NDS#3385,98.65MB
nds,"LEGO The Lord of the Rings (USA) (En,Fr,Es-LX,Pt-BR)",,NDS#3386,98.66MB
nds,Lemyuoul no Renkinjutsushi (Japan) [b],雷米奥尔的的炼金术师（日版） [b],NDS#3387,13.34MB
nds,Lernen mit Pokemon - Tasten-Abenteuer (Germany),,NDS#3388,73.79MB
nds,"Lernerfolg Grundschule - Deutsch - Der Rechtschreibtrainer (Europe) (De,Tr)","小学生学习-德语拼写教练（欧版） (De,Tr)",NDS#3389,35.28MB
nds,"Lernerfolg Grundschule - Deutsch - Klasse 1+2 (Europe) (De,Tr)",,NDS#3390,18.47MB
nds,"Lernerfolg Grundschule - Deutsch - Klasse 1-4 (Europe) (De,Tr)","小学教育-德语1-4级（欧版） (De,Tr)",NDS#3391,44.23MB
nds,"Lernerfolg Grundschule - Deutsch - Klasse 1-4 (Europe) (De,Tr) (Rev 1)","小学教育-德语1-4级（欧版） (De,Tr) （修正版 1）",NDS#3392,21.97MB
nds,"Lernerfolg Grundschule - Deutsch - Klasse 3+4 (Europe) (De,Tr)",,NDS#3393,5.33MB
nds,"Lernerfolg Grundschule - Englisch (Germany) (Fr,De)","小学成绩检测-英语（德国版） (Fr,De)",NDS#3394,31.35MB
nds,"Lernerfolg Grundschule - Englisch - Der Vokabeltrainer (Europe) (Fr,De,Es,It,Tr)","小学生学习-英语词汇训练（欧版） (Fr,De,Es,It,Tr)",NDS#3395,24.65MB
nds,"Lernerfolg Grundschule - Englisch - Klasse 1-4 (Spain) (Es,Ru) (Proto)",,NDS#3396,32.27MB
nds,"Lernerfolg Grundschule - Konzentration - Der Aufmerksamkeitstrainer (Europe) (En,De,Tr)","成功学习-浓度（欧版） (En,De,Tr)",NDS#3397,18.51MB
nds,Lernerfolg Grundschule - Mathematik (Germany),成功的学会小学课程-数学类1-4年级（德国版）,NDS#3398,11.55MB
nds,"Lernerfolg Grundschule - Mathematik Intensiv - Klasse 1-4 (Europe) (En,Fr,De,Es,It,Tr)","小学教育-数学1-4级（欧版） (En,Fr,De,Es,It,Tr)",NDS#3399,8.13MB
nds,Lernerfolg Grundschule - Musik - Little Amadeus (Germany),成功学习-音乐（德国版）,NDS#3400,18.84MB
nds,"Lernerfolg Vorschule - Capt'n Sharky (Europe) (De,Tr)","学龄前儿童学习（欧版） (De,Tr)",NDS#3401,44.32MB
nds,Lernerfolg Vorschule - Capt'n Sharky (Germany),学龄前儿童学习（德国版）,NDS#3402,44.46MB
nds,"Lernerfolg Vorschule - Prinzessin Lillifee (Europe) (De,Tr)","幼儿园学习-莉莉菲公主（欧版） (De,Tr)",NDS#3403,43.65MB
nds,Lernerfolg Vorschule - Prinzessin Lillifee (Germany),幼儿园学习-莉莉菲公主（德国版）,NDS#3404,44.19MB
nds,"Let's Draw! (Europe) (En,Es,It)","让我们一起绘图（欧版） (En,Es,It)",NDS#3405,32.04MB
nds,"Let's Draw! (Europe) (Fr,De,Nl)","让我们一起绘图（欧版） (Fr,De,Nl)",NDS#3406,35.60MB
nds,"Let's Draw! (Europe) (Sv,No,Da)","让我们一起绘图（欧版） (Sv,No,Da)",NDS#3407,29.69MB
nds,"Let's Draw! (USA) (En,Fr,Es)","让我们一起绘图（美版） (En,Fr,Es)",NDS#3408,32.14MB
nds,"Let's Pilates! (USA) (En,Fr,De,Es,It)","一起彼拉提斯（美版） (En,Fr,De,Es,It)",NDS#3409,63.16MB
nds,"Let's Play Ballerina (USA) (En,Fr,Es)","让我们玩芭蕾（美版） (En,Fr,Es)",NDS#3410,9.20MB
nds,"Let's Play Fashion Designer (Europe) (En,Fr,De,Es,It)","大家来当时装设计师（欧版） (En,Fr,De,Es,It)",NDS#3411,4.50MB
nds,"Let's Play Firemen (Europe) (En,Fr,De,Es,It)","一起来当消防员（欧版） (En,Fr,De,Es,It)",NDS#3412,7.24MB
nds,"Let's Play Flight Attendant (Europe) (En,Fr,De,Es,It)","一起玩吧-空姐（欧版） (En,Fr,De,Es,It)",NDS#3413,2.58MB
nds,"Let's Play Flight Attendant (USA) (En,Fr,De,Es,It)","一起玩吧-空姐（美版） (En,Fr,De,Es,It)",NDS#3414,2.58MB
nds,"Let's Play Garden (USA) (En,Fr,Es)","让我们在花园玩（美版） (En,Fr,Es)",NDS#3415,4.13MB
nds,"Let's Play Journalists (Europe) (En,Fr,De,Es,It)","一起玩吧-记者（欧版） (En,Fr,De,Es,It)",NDS#3416,5.30MB
nds,"Let's Play Mums (Europe) (En,Fr,De,Es,It)","大家一起当妈妈（欧版） (En,Fr,De,Es,It)",NDS#3417,3.07MB
nds,"Let's Play Pet Hospitals (Europe) (En,Fr,De,Es,It)","一起玩吧-宠物医院（欧版） (En,Fr,De,Es,It)",NDS#3418,12.64MB
nds,"Let's Play Schools (Europe) (En,Fr,De,Es,It)","一起玩吧-开心上学去（欧版） (En,Fr,De,Es,It)",NDS#3419,4.30MB
nds,"Let's Play Shops (Europe) (En,Fr,De,Es,It)","一起玩吧!商店（欧版） (En,Fr,De,Es,It)",NDS#3420,2.47MB
nds,Let's Ride - Friends Forever (USA),骑马-永远的朋友（美版）,NDS#3421,6.08MB
nds,"Let's Yoga! (Europe) (En,Fr,De,Es,It)","一起做瑜伽（欧版） (En,Fr,De,Es,It)",NDS#3422,74.34MB
nds,"Let's Yoga! (USA) (En,Fr,De,Es,It)","一起做瑜伽（美版） (En,Fr,De,Es,It)",NDS#3423,74.35MB
nds,Let's! Mangaka DS Style (Japan),,NDS#3424,4.26MB
nds,Lettriq - Evaluez Votre QI Lettrique (France),字母方块（法国版）,NDS#3425,24.24MB
nds,Level5 Premium - Gold (Japan) (Demo) (Promo),,NDS#3426,44.20MB
nds,Level5 Premium - Platinum (Japan) (Demo) (Promo),,NDS#3427,150.37MB
nds,Level5 Premium - Silver (Japan) (Demo) (Promo),,NDS#3428,22.25MB
nds,Lewis to Mirai Dorobou - Wilbur no Kiken na Jikan Ryokou (Japan),未来小子-小威的危险时光旅行（日版）,NDS#3429,8.35MB
nds,"Liberty Pass Distribution (Europe) (En,Ja) (Wi-Fi Kiosk) (Save Data)",,NDS#3430,95.56KB
nds,"Licca-chan DS - Motto! Onnanoko Lesson - Oshare, Oshigoto, Otetsudai Daisuki! (Japan) (NDSi Enhanced)",莉卡娃娃DS-少女课程（日版） (NDSi Enhanced),NDS#3431,17.73MB
nds,Licca-chan DS - Onnanoko Lesson - Oshare mo Oshigoto mo Omakase! (Japan),小莉卡DS的女孩子课堂-化妆教学（日版）,NDS#3432,14.36MB
nds,"LifeSigns - Hospital Affairs (Europe) (En,Fr,De,Es,It)","研修医-天堂独太 2（欧版） (En,Fr,De,Es,It)",NDS#3433,21.12MB
nds,LifeSigns - Surgical Unit (USA),天堂独太2-命之天平（美版）,NDS#3434,16.24MB
nds,LilPri DS - Hime Chen! Apple Pink (Japan),变身小公主DS-苹果粉红（日版）,NDS#3435,51.74MB
nds,Lina no Atelier - Strahl no Renkinjutsushi (Japan),莉娜的工作室-修特拉尔的炼金术士（日版）,NDS#3436,96.24MB
nds,"Linda Hyde - Vampire Mansion (Europe) (En,Fr,Nl)",,NDS#3437,14.80MB
nds,"Line Rider - Freestyle (Europe) (En,Fr,De,Es,It)","线条滑雪 2（欧版） (En,Fr,De,Es,It)",NDS#3438,54.05MB
nds,Line Rider 2 - Unbound (USA),线条滑雪2-释放（美版）,NDS#3439,54.01MB
nds,Lingo Deluxe (Netherlands),,NDS#3440,6.49MB
nds,Lingo met Lucille Werner (Netherlands),林戈（荷兰版）,NDS#3441,10.02MB
nds,Lingo voor Kinderen (Netherlands),林戈（荷兰版）,NDS#3442,9.64MB
nds,"Lionel Trains - On Track (Europe) (En,Fr,De,Es,It)","火车小镇（欧版） (En,Fr,De,Es,It)",NDS#3443,2.29MB
nds,Lionel Trains - On Track (USA),火车小镇（美版）,NDS#3444,2.29MB
nds,Lise no Atelier - O'ldor no Renkinjutsushi (Japan),利兹的工作室-奥鲁多鲁的炼金术士（日版）,NDS#3445,71.55MB
nds,Lise no Atelier - O'ldor no Renkinjutsushi (Japan) (Rev 1),利兹的工作室-奥鲁多鲁的炼金术士（日版） （修正版 1）,NDS#3446,69.05MB
nds,"Little Bears (Europe) (En,Fr,De,Es,It)","小熊宝宝（欧版） (En,Fr,De,Es,It)",NDS#3447,5.61MB
nds,"Little Bears (USA) (En,Fr,Es)","小熊宝宝（美版） (En,Fr,Es)",NDS#3448,5.60MB
nds,Little Charley Bear - Toybox of Fun (Europe),,NDS#3449,4.41MB
nds,Little League World Series Baseball - Double Play (USA),小联盟世界系列棒球（美版）,NDS#3450,24.08MB
nds,Little League World Series Baseball 2008 (USA),小联盟世界锦标赛2008（美版）,NDS#3451,11.19MB
nds,Little League World Series Baseball 2009 (USA),小联盟世界锦标赛 2009（美版）,NDS#3452,14.64MB
nds,Little Mermaid - Ariel no Umi no Takaramono (Japan),小美人鱼（日版）,NDS#3453,9.49MB
nds,"Little Mermaid, The - Ariel's Undersea Adventure (Europe) (En,Fr,De,Es,It)","迪斯尼的小美人鱼（欧版） (En,Fr,De,Es,It)",NDS#3454,9.58MB
nds,"Little Mermaid, The - Ariel's Undersea Adventure (USA) (En,Fr,De,Es,It)","迪斯尼的小美人鱼（美版） (En,Fr,De,Es,It)",NDS#3455,9.58MB
nds,Little Red Riding Hood's Zombie BBQ (USA),小红帽的僵尸串串烧（美版）,NDS#3456,8.77MB
nds,Little Wingels (Germany),艾米丽（德国版）,NDS#3457,6.55MB
nds,"Littlest Pet Shop - Beach Friends (Europe) (En,Fr,De,Es,Nl,Pt,Sv,No,Da,Fi)","小小宠物店-海滩伙伴（欧版） (En,Fr,De,Es,Nl,Pt,Sv,No,Da,Fi)",NDS#3458,32.15MB
nds,"Littlest Pet Shop - Beach Friends (USA) (En,Fr,Es)","小小宠物店-海滩伙伴（美版） (En,Fr,Es)",NDS#3459,31.70MB
nds,"Littlest Pet Shop - City Friends (Europe) (En,Fr,De,Es,Nl,Pt,Sv,No,Da,Fi)","小小宠物店-城市朋友（欧版） (En,Fr,De,Es,Nl,Pt,Sv,No,Da,Fi)",NDS#3460,32.16MB
nds,"Littlest Pet Shop - City Friends (USA) (En,Fr,Es)","小小宠物店-城市朋友（美版） (En,Fr,Es)",NDS#3461,31.72MB
nds,"Littlest Pet Shop - Country Friends (Europe) (En,Fr,De,Es,Nl,Pt,Sv,No,Da,Fi) [b]","小小宠物店-乡村伙伴（欧版） (En,Fr,De,Es,Nl,Pt,Sv,No,Da,Fi) [b]",NDS#3462,32.20MB
nds,"Littlest Pet Shop - Country Friends (USA) (En,Fr,Es)","小小宠物店-乡村伙伴（美版） (En,Fr,Es)",NDS#3463,31.75MB
nds,"Littlest Pet Shop - Garden (Europe) (En,Fr,De,Es,It,Nl,Sv,No,Da,Fi,Pl,Cs)","小小宠物店-花园（欧版） (En,Fr,De,Es,It,Nl,Sv,No,Da,Fi,Pl,Cs)",NDS#3464,28.71MB
nds,Littlest Pet Shop - Garden (Korea) [b],小小宠物店-花园（韩国版） [b],NDS#3465,28.89MB
nds,"Littlest Pet Shop - Garden (USA) (En,Fr,Es)","小小宠物店-花园（美版） (En,Fr,Es)",NDS#3466,28.60MB
nds,"Littlest Pet Shop - Jungle (Europe) (En,Fr,De,Es,It,Nl,Sv,No,Da,Fi,Pl,Cs)","小小宠物店-丛林（欧版） (En,Fr,De,Es,It,Nl,Sv,No,Da,Fi,Pl,Cs)",NDS#3467,28.71MB
nds,"Littlest Pet Shop - Jungle (USA) (En,Fr,Es)","小小宠物店-丛林（美版） (En,Fr,Es)",NDS#3468,28.60MB
nds,"Littlest Pet Shop - Spring (Europe) (En,Fr,De,Es,It)","小小宠物店-春季（欧版） (En,Fr,De,Es,It)",NDS#3469,30.26MB
nds,"Littlest Pet Shop - Spring (USA) (En,Fr,Es)","小小宠物店-春季（美版） (En,Fr,Es)",NDS#3470,30.23MB
nds,"Littlest Pet Shop - Winter (Europe) (En,Fr,De,Es,It,Nl,Sv,No,Da,Fi,Pl,Cs)","小小宠物店-冬季（欧版） (En,Fr,De,Es,It,Nl,Sv,No,Da,Fi,Pl,Cs)",NDS#3471,28.72MB
nds,"Littlest Pet Shop - Winter (USA) (En,Fr,Es)","小小宠物店-冬季（美版） (En,Fr,Es)",NDS#3472,28.61MB
nds,"Littlest Pet Shop 3 - Biggest Stars - Blue Team (Europe) (En,Pt,Sv,No,Da,Fi)","小小宠物店3-蓝队（欧版） (En,Pt,Sv,No,Da,Fi)",NDS#3473,29.56MB
nds,"Littlest Pet Shop 3 - Biggest Stars - Blue Team (USA) (En,Fr)","小小宠物店3-蓝队（美版） (En,Fr)",NDS#3474,29.34MB
nds,"Littlest Pet Shop 3 - Biggest Stars - Pink Team (Europe) (En,Pt,Sv,No,Da,Fi)","小小宠物店3-粉红队（欧版） (En,Pt,Sv,No,Da,Fi)",NDS#3475,29.53MB
nds,"Littlest Pet Shop 3 - Biggest Stars - Pink Team (USA) (En,Fr)","小小宠物店3-粉红队（美版） (En,Fr)",NDS#3476,29.31MB
nds,"Littlest Pet Shop 3 - Biggest Stars - Purple Team (Europe) (En,Pt,Sv,No,Da,Fi)","小小宠物店3-紫队（欧版） (En,Pt,Sv,No,Da,Fi)",NDS#3477,29.57MB
nds,"Littlest Pet Shop 3 - Biggest Stars - Purple Team (USA) (En,Fr)","小小宠物店3-紫队（美版） (En,Fr)",NDS#3478,29.36MB
nds,Live Battle Card - Live On DS (Japan),觉醒战士 DS（日版）,NDS#3479,13.95MB
nds,Live-On Card Live-R DS (Korea),,NDS#3480,9.38MB
nds,Livly Garden (Japan),来福花园（日版）,NDS#3481,17.34MB
nds,"Lock's Quest (Europe) (En,Fr,De,Es,It)","建筑大战-洛克的冒险（欧版） (En,Fr,De,Es,It)",NDS#3482,16.96MB
nds,"Lock's Quest (Europe) (En,Sv,No,Da,Fi)","建筑大战-洛克的冒险（欧版） (En,Sv,No,Da,Fi)",NDS#3483,16.94MB
nds,"Lock's Quest (USA) (En,Fr)","建筑大战-洛克的冒险（美版） (En,Fr)",NDS#3484,16.78MB
nds,"Lock's Quest (USA) (En,Fr) (Beta)","建筑大战-洛克的冒险（美版） (En,Fr) （测试版）",NDS#3485,18.00MB
nds,Lock's Quest - Shinmai Archineer no Hyakunichi Sensou (Japan),洛克大冒险（日版）,NDS#3486,16.74MB
nds,Lode Runner (Japan),淘金者（日版）,NDS#3487,1.05MB
nds,"Logic Cubes (Europe) (En,De)","逻辑方块（欧版） (En,De)",NDS#3488,2.04MB
nds,"Logic Island (Europe) (En,Fr,De,Es,It) [b]","逻辑岛（欧版） (En,Fr,De,Es,It) [b]",NDS#3489,4.22MB
nds,"Logic Machines (Europe) (En,Fr,De,Es,It)","逻辑机器（欧版） (En,Fr,De,Es,It)",NDS#3490,2.61MB
nds,"Logic Machines (USA) (En,Fr,Es)","逻辑机器（美版） (En,Fr,Es)",NDS#3491,2.62MB
nds,"Lola & Virginia (Europe) (En,Fr,De,Es,It,Pt)","劳拉与维吉尼娅（欧版） (En,Fr,De,Es,It,Pt)",NDS#3492,5.29MB
nds,Londonian Gothics - Meikyuu no Lolita (Japan),迷宫的罗利塔（日版）,NDS#3493,16.77MB
nds,Long Vacation - Iruka to Watashi (Japan),海上长假-海豚与我（日版）,NDS#3494,5.43MB
nds,LonQ! Highland in DS - Puu Puu Seijin Arawaru!! Shukketsu Dai-service! Onara no Saiten SP (Japan),伦敦Q乐园DS（日版）,NDS#3495,14.83MB
nds,"Looney Tunes - Cartoon Concerto (Europe) (En,Fr,De,Es,It)","兔宝宝-卡通协奏曲（欧版） (En,Fr,De,Es,It)",NDS#3496,56.58MB
nds,"Looney Tunes - Cartoon Conductor (USA) (En,Fr,De,Es,It)","兔宝宝-卡通协奏曲（美版） (En,Fr,De,Es,It)",NDS#3497,56.58MB
nds,Looney Tunes - Duck Amuck (Europe),华纳群星总动员-达菲鸭（欧版）,NDS#3498,36.31MB
nds,Looney Tunes - Duck Amuck (France),华纳群星总动员-达菲鸭（法国版）,NDS#3499,33.04MB
nds,Looney Tunes - Duck Amuck (Germany),华纳群星总动员-达菲鸭（德国版）,NDS#3500,33.11MB
nds,Looney Tunes - Duck Amuck (Italy),华纳群星总动员-达菲鸭（意大利版）,NDS#3501,33.01MB
nds,Looney Tunes - Duck Amuck (Spain),华纳群星总动员-达菲鸭（西班牙版）,NDS#3502,32.85MB
nds,Looney Tunes - Duck Amuck (USA),华纳群星总动员-达菲鸭（美版）,NDS#3503,36.31MB
nds,"Lord of the Rings, The - Aragorn's Quest (Europe) (En,Fr,De,Es,It,Nl)","魔戒-阿拉贡的冒险（欧版） (En,Fr,De,Es,It,Nl)",NDS#3504,44.96MB
nds,"Lord of the Rings, The - Aragorn's Quest (USA) (En,Fr,Es,Pt)","魔戒-阿拉贡的冒险（美版） (En,Fr,Es,Pt)",NDS#3505,44.96MB
nds,"Lord of the Rings, The - Conquest (Europe) (En,Fr,De,Es,It)","魔戒-征服（欧版） (En,Fr,De,Es,It)",NDS#3506,27.74MB
nds,"Lord of the Rings, The - Conquest (USA) (En,Fr,De,Es,It)","魔戒-征服（美版） (En,Fr,De,Es,It)",NDS#3507,27.75MB
nds,"Lost Identities (Europe) (En,De) (VLIP) (NDSi Enhanced)","失落的身份（欧版） (En,De) (VLIP) (NDSi Enhanced)",NDS#3508,20.59MB
nds,"Lost Identities (Europe) (En,De) (VLIV) (NDSi Enhanced)","失落的身份（欧版） (En,De) (VLIV) (NDSi Enhanced)",NDS#3509,20.59MB
nds,"Lost in Blue (Europe) (En,Fr,De,Es,It)","生存之子-迷失蔚蓝（欧版） (En,Fr,De,Es,It)",NDS#3510,12.79MB
nds,Lost in Blue (USA),生存之子-迷失蔚蓝（美版）,NDS#3511,12.79MB
nds,"Lost in Blue 2 (Europe) (En,Fr,De,Es,It)","迷失蔚蓝2（欧版） (En,Fr,De,Es,It)",NDS#3512,18.24MB
nds,"Lost in Blue 2 (USA) (En,Ja,Fr,De,Es,It)","迷失蔚蓝2（美版） (En,Ja,Fr,De,Es,It)",NDS#3513,18.24MB
nds,"Lost in Blue 3 (Europe) (En,Fr,De,Es,It)","迷失蔚蓝3（欧版） (En,Fr,De,Es,It)",NDS#3514,33.49MB
nds,Lost in Blue 3 (USA),迷失蔚蓝3（美版）,NDS#3515,32.27MB
nds,"Lost Treasures of Alexandria, The (Europe) (En,Fr,De,Nl)","亚历山大的遗宝（欧版） (En,Fr,De,Nl)",NDS#3516,7.69MB
nds,"LostMagic (Europe) (En,Fr,De,Es)","失落的魔法（欧版） (En,Fr,De,Es)",NDS#3517,5.57MB
nds,LostMagic (Japan),失落的魔法（日版）,NDS#3518,7.08MB
nds,"LostMagic (USA) (En,Fr,De,Es)","失落的魔法（美版） (En,Fr,De,Es)",NDS#3519,5.57MB
nds,Love Cat Life (Japan),爱猫生活（日版）,NDS#3520,38.46MB
nds,"Love Is... in Bloom - The Flower Shop Garden (Europe) (En,Fr,De,Es,It,Nl,Ru)","爱如鲜花盛开（欧版） (En,Fr,De,Es,It,Nl,Ru)",NDS#3521,6.91MB
nds,Love Love Hamster (Japan),爱上哈姆太郎（日版）,NDS#3522,11.97MB
nds,Love Plus (Japan),爱相随（日版）,NDS#3523,207.96MB
nds,Love Plus+ (Japan),爱相随+（日版）,NDS#3524,314.13MB
nds,"Lovely Lisa (Europe) (En,Fr,Es)","可爱的丽莎（欧版） (En,Fr,Es)",NDS#3525,17.52MB
nds,"Lovely Lisa (USA) (En,Fr,Es)","可爱的丽莎（美版） (En,Fr,Es)",NDS#3526,17.54MB
nds,Lovely Lisa and Friends (USA) (NDSi Enhanced),,NDS#3527,17.69MB
nds,"Loving Life with Hello Kitty & Friends (Europe) (En,Fr,De,Es,It,Nl)","凯蒂猫和朋友（欧版） (En,Fr,De,Es,It,Nl)",NDS#3528,14.42MB
nds,Loving Life with Hello Kitty & Friends (USA),凯蒂猫和朋友（美版）,NDS#3529,16.45MB
nds,"Lucky Luke - The Daltons (Europe) (En,Fr,De,Es,It,Nl)","幸运卢克-多尔顿（欧版） (En,Fr,De,Es,It,Nl)",NDS#3530,8.72MB
nds,Lucky Star - Moe Drill (Japan),幸运星 LOLI育成（日版）,NDS#3531,42.63MB
nds,Lufia - Curse of the Sinistrals (USA),四狂神传说（美版）,NDS#3532,34.54MB
nds,Luminous Arc (Europe),弧光之源（欧版）,NDS#3533,68.61MB
nds,Luminous Arc (Japan),弧光之源（日版）,NDS#3534,63.81MB
nds,Luminous Arc (USA),弧光之源（美版）,NDS#3535,68.61MB
nds,Luminous Arc 2 (Europe),弧光之源2-意志（欧版）,NDS#3536,75.65MB
nds,Luminous Arc 2 (USA),弧光之源2-意志（美版）,NDS#3537,76.18MB
nds,Luminous Arc 2 - Will (Japan),弧光之源2-意志（日版）,NDS#3538,78.11MB
nds,Luminous Arc 3 - Eyes (Japan),弧光之源3-猎眼妖精（日版）,NDS#3539,66.27MB
nds,Lunar - Dragon Song (USA),露娜-龙之歌（美版）,NDS#3540,13.81MB
nds,Lunar - Genesis (Europe),银河之星-露娜传奇（欧版）,NDS#3541,13.79MB
nds,Lunar - Genesis (Japan),银河之星-露娜传奇（日版）,NDS#3542,13.76MB
nds,"Lunar Knights (Europe) (En,Fr,De,Es,It)","我们的太阳DS-露娜骑士（欧版） (En,Fr,De,Es,It)",NDS#3543,52.73MB
nds,"Lunar Knights (USA) (En,Es)","我们的太阳DS-露娜骑士（美版） (En,Es)",NDS#3544,52.71MB
nds,Lunnis (Spain),亲子王国（西班牙版）,NDS#3545,41.31MB
nds,Lupin Sansei - Shijou Saidai no Zunousen (Japan),鲁邦三世-世上最大头脑大作战（日版）,NDS#3546,40.90MB
nds,Lux-Pain (Europe),圣女之痛（欧版）,NDS#3547,60.17MB
nds,Lux-Pain (Japan),圣女之痛（日版）,NDS#3548,76.10MB
nds,Lux-Pain (USA),圣女之痛（美版）,NDS#3549,60.17MB
nds,"Luxor - Pharaoh's Challenge (Europe) (En,Fr,De,Es,It)","埃及祖玛-法老王的挑战（欧版） (En,Fr,De,Es,It)",NDS#3550,5.17MB
nds,Luxor - Pharaoh's Challenge (USA),埃及祖玛-法老王的挑战（美版）,NDS#3551,5.24MB
nds,Lyra no Bouken - Ougon no Rashinban (Japan),黑暗元素-黄金罗盘（日版）,NDS#3552,13.22MB
nds,M&M's - Adventure (USA),M&M的冒险（美版）,NDS#3553,9.33MB
nds,"M&M's - Break 'em (Europe) (En,Fr,De,Es,It)","M&M 全面破坏（欧版） (En,Fr,De,Es,It)",NDS#3554,2.70MB
nds,M&M's - Break 'em (USA),M&M 全面破坏（美版）,NDS#3555,2.68MB
nds,M&M's - Break 'em (USA) (Rev 1),M&M 全面破坏（美版） （修正版 1）,NDS#3556,2.70MB
nds,M&M's - Kart Racing (USA),M&M卡丁赛车（美版）,NDS#3557,6.24MB
nds,M&M's - Kart Racing (USA) (Rev 1),M&M卡丁赛车（美版） （修正版 1）,NDS#3558,6.24MB
nds,M3DS Real (World) (Unl),,NDS#3559,18.88KB
nds,M3DS Simply & R4DS (World) (Unl),,NDS#3560,9.81KB
nds,Mabeopcheonjamun DS (Korea) [b],魔法千字文 DS（韩国版） [b],NDS#3561,98.00MB
nds,Mabeopcheonjamun DS 2 - Choehuui Hanjamabeop (Korea),西游大战DS2（韩国版）,NDS#3562,150.99MB
nds,Machi no Pet-ya-san DS - 200 Piki Wan-chan Daishuugou (Japan),镇上的宠物店DS-200只小狗大集合（日版）,NDS#3563,12.54MB
nds,Machi no Pet-ya-san DS 2 - Wannyan 333-hiki Daishuugou! (Japan),城市宠物店 DS2-333 只猫狗大集合（日版）,NDS#3564,18.05MB
nds,Madagascar (Europe),马达加斯加（欧版）,NDS#3565,11.40MB
nds,Madagascar (France),马达加斯加（法国版）,NDS#3566,11.37MB
nds,Madagascar (Germany),马达加斯加（德国版）,NDS#3567,11.43MB
nds,Madagascar (Italy),马达加斯加（意大利版）,NDS#3568,11.40MB
nds,Madagascar (Japan),马达加斯加（日版）,NDS#3569,11.43MB
nds,Madagascar (Netherlands),马达加斯加（荷兰版）,NDS#3570,11.40MB
nds,Madagascar (Spain),马达加斯加（西班牙版）,NDS#3571,11.44MB
nds,Madagascar (USA),马达加斯加（美版）,NDS#3572,11.40MB
nds,Madagascar - Escape 2 Africa (United Kingdom),马达加斯加2-远离非洲(United Kingdom),NDS#3573,33.68MB
nds,Madagascar - Escape 2 Africa (USA),马达加斯加2-远离非洲（美版）,NDS#3574,33.69MB
nds,Madagascar 2 (Canada) [b],马达加斯加2-逃离非洲（加拿大版） [b],NDS#3575,32.19MB
nds,Madagascar 2 (France) [b],马达加斯加2-逃离非洲（法国版） [b],NDS#3576,32.19MB
nds,Madagascar 2 (Germany),马达加斯加2-逃离非洲（德国版）,NDS#3577,34.55MB
nds,Madagascar 2 (Italy),马达加斯加2-逃离非洲（意大利版）,NDS#3578,33.57MB
nds,Madagascar 2 (Netherlands),马达加斯加2-逃离非洲（荷兰版）,NDS#3579,33.53MB
nds,Madagascar 2 (Spain),马达加斯加2-逃离非洲（西班牙版）,NDS#3580,33.01MB
nds,Madagascar 2 (Sweden),马达加斯加2-逃离非洲（瑞典版）,NDS#3581,33.20MB
nds,"Madagascar 3 (USA) (En,Fr,Es)",,NDS#3582,28.95MB
nds,"Madagascar 3 - Europe's Most Wanted (Europe) (En,Fr,De,Es,It,Nl,Ru)",,NDS#3583,34.09MB
nds,"Madagascar Kartz (Europe) (En,Fr,De,Es,It,Nl,Sv)","马达加斯加赛车（欧版） (En,Fr,De,Es,It,Nl,Sv)",NDS#3584,25.46MB
nds,"Madagascar Kartz (USA) (En,Fr)","马达加斯加赛车（美版） (En,Fr)",NDS#3585,25.45MB
nds,Madden NFL 06 (Europe),美式橄榄球2006（欧版）,NDS#3586,13.71MB
nds,Madden NFL 06 (USA),美式橄榄球2006（美版）,NDS#3587,13.71MB
nds,Madden NFL 07 (Europe),疯狂橄榄球（欧版）,NDS#3588,17.64MB
nds,Madden NFL 07 (USA),疯狂橄榄球（美版）,NDS#3589,17.64MB
nds,Madden NFL 08 (Europe),麦登美式橄榄球2008（欧版）,NDS#3590,23.38MB
nds,Madden NFL 08 (USA),麦登美式橄榄球2008（美版）,NDS#3591,23.38MB
nds,Madden NFL 09 (Europe),马顿爆裂美式足球09（欧版）,NDS#3592,23.01MB
nds,Madden NFL 09 (USA),马顿爆裂美式足球09（美版）,NDS#3593,23.01MB
nds,Madden NFL 09 (USA) (Rev 1),马顿爆裂美式足球09（美版） （修正版 1）,NDS#3594,23.01MB
nds,Madden NFL 2005 (USA),美式橄榄球2005（美版）,NDS#3595,6.91MB
nds,Made in Ore (Japan),本大爷工作室（日版）,NDS#3596,6.50MB
nds,Maeh Jongg DS (Germany),麻将 DS（德国版）,NDS#3597,3.93MB
nds,Maeilmaeil - DS Dunoe Training (Korea),每日DS-脑力训练（韩国版）,NDS#3598,4.11MB
nds,Maeilmaeil Deoukdeo! - DS Dunoe Training (Korea),脑白金2（韩国版）,NDS#3599,12.98MB
nds,MAER Heaven - Boukyaku no Klavier (Japan),魔法世界-忘却的古拉维亚（日版）,NDS#3600,23.03MB
nds,MAER Heaven - Kaldea no Akuma (Japan),魔法天国-卡鲁迪亚的恶魔（日版）,NDS#3601,19.77MB
nds,"Maestro! - Jump in Music (Europe) (En,Fr,De,Es,It,Nl,Pt,Sv,No,Da)","音乐大师-跃动音乐（欧版） (En,Fr,De,Es,It,Nl,Pt,Sv,No,Da)",NDS#3602,10.33MB
nds,Mage Knight - Destiny's Soldier (USA),魔法骑士-宿命的战士（美版）,NDS#3603,8.43MB
nds,Magic Cheongkeuwa Mabeobui Seong (Korea),,NDS#3604,21.21MB
nds,"Magic Encyclopedia 3 - Illusions (Europe) (En,Fr,De,Es,It,Nl)",,NDS#3605,13.19MB
nds,"Magic Encyclopedia II - Moonlight (Europe) (En,Fr,De,Nl)","魔法百科2-月光之章（欧版） (En,Fr,De,Nl)",NDS#3606,4.64MB
nds,"Magic Made Fun - Perform Tricks That Will Amaze Your Friends! (Europe) (En,Fr,De,Es,It)","魔术大全（欧版） (En,Fr,De,Es,It)",NDS#3607,19.14MB
nds,"Magic Roundabout, The (Europe) (En,Fr,De,Es,It,Nl)","神奇的旋转木马（欧版） (En,Fr,De,Es,It,Nl)",NDS#3608,11.02MB
nds,"Magic School Bus, The - Oceans (USA)",,NDS#3609,14.89MB
nds,Magic Taizen (Japan),魔术塔伊兹（日版）,NDS#3610,7.11MB
nds,"Magical Michael Pang (Europe) (En,Fr,De,Es,It)","射泡泡-神奇的迈克尔（欧版） (En,Fr,De,Es,It)",NDS#3611,9.32MB
nds,"Magical Starsign (Europe) (En,Fr,De,Es,It)","魔法假期（欧版） (En,Fr,De,Es,It)",NDS#3612,35.88MB
nds,Magical Starsign (USA),魔法假期（美版）,NDS#3613,33.99MB
nds,"Magical Unicorn, The (Europe) (Fr,De,Nl)","魔法独角兽（欧版） (Fr,De,Nl)",NDS#3614,3.80MB
nds,Magical Vacation - Itsutsu no Hoshi ga Narabu Toki (Japan),魔法假期-五星连珠之刻（日版）,NDS#3615,33.65MB
nds,Magical Zhu Zhu Princess - Carriages and Castles (USA),电动仓鼠公主-车和城堡（美版）,NDS#3616,4.55MB
nds,Magical Zunou Power!! DS (Japan),魔法脑力（日版）,NDS#3617,17.83MB
nds,"Magician's Quest - Mysterious Times (USA) (En,Fr,Es)","尖帽子与魔法的 365 日（美版） (En,Fr,Es)",NDS#3618,35.57MB
nds,MagicQ DS (Korea),魔法Q DS（韩国版）,NDS#3619,28.28MB
nds,"Magische Labyrinth, Das (Germany)",魔术迷宫（德国版）,NDS#3620,3.51MB
nds,Magnetica (USA),瞬感龙珠（美版）,NDS#3621,3.83MB
nds,"Mah Jong Quest - Expeditions (Europe) (En,Es,It)","麻将传奇（欧版） (En,Es,It)",NDS#3622,5.44MB
nds,"Mah Jong Quest - Expeditions (Europe) (En,Fr,Nl)","麻将传奇（欧版） (En,Fr,Nl)",NDS#3623,5.39MB
nds,Mah Jong Quest - Expeditions (Germany),麻将传奇（德国版）,NDS#3624,5.38MB
nds,Mah Jong Quest - Expeditions (USA),麻将传奇（美版）,NDS#3625,5.29MB
nds,"Mah-Jong 300 (Europe) (En,Fr,Es,It)","麻将300（欧版） (En,Fr,Es,It)",NDS#3626,2.94MB
nds,"Mahjong (Europe) (En,Fr,De,Es,It)","麻将（欧版） (En,Fr,De,Es,It)",NDS#3627,2.79MB
nds,"Mahjong (Germany) (En,De)","麻将（德国版） (En,De)",NDS#3628,2.77MB
nds,"Mahjong - Eine Reise um die Welt (Europe) (En,Fr,De,Es,It)","麻将2（欧版） (En,Fr,De,Es,It)",NDS#3629,4.07MB
nds,Mahjong Fight Club DS - Wi-Fi Taiou (Japan),麻雀格斗俱乐部（日版）,NDS#3630,11.83MB
nds,Mahjong Fight Club DS - Wi-Fi Taiou (Japan) (Rev 1),麻雀格斗俱乐部（日版） （修正版 1）,NDS#3631,11.83MB
nds,Mahjong Haou DS - Dan-Kyuu Battle (Japan),麻将霸王DS-段位对决（日版）,NDS#3632,6.59MB
nds,Mahjong Haou DS Special (Japan),麻将霸王DS特别版（日版）,NDS#3633,8.24MB
nds,"Mahjong Journey - Quest for Tikal (USA) (En,Fr,De,Es,It)","麻将-远古玛雅（美版） (En,Fr,De,Es,It)",NDS#3634,3.53MB
nds,"Mahjong Mysteries - Ancient Athena (Europe) (En,Fr,De,Es,It,Nl)",,NDS#3635,3.94MB
nds,"Mahjong Mysteries - Ancient Athena (Europe) (En,Fr,Es,It)",,NDS#3636,3.94MB
nds,Mahjong Mysteries - Ancient Egypt (Europe),麻将-远古埃及（欧版）,NDS#3637,3.75MB
nds,"Mahjong Mysteries - Ancient Egypt (Europe) (En,Fr,Es,It) (Rev 1)","麻将-远古埃及（欧版） (En,Fr,Es,It) （修正版 1）",NDS#3638,3.84MB
nds,Mahjong Navi DS (Japan),麻将指导 DS（日版）,NDS#3639,2.82MB
nds,Mahjong Taikai (Japan),麻雀大会（日版）,NDS#3640,5.29MB
nds,"Mahjongg - Ancient Egypt (Europe) (En,Fr,De,Es,It)","麻将-远古埃及（欧版） (En,Fr,De,Es,It)",NDS#3641,3.85MB
nds,"Mahjongg - Ancient Mayas (Europe) (En,Fr,De,Es,It)","麻将-远古玛雅（欧版） (En,Fr,De,Es,It)",NDS#3642,3.53MB
nds,"Mahjongg - Ancient Mayas (Europe) (En,Fr,De,Es,It,Nl)","麻将-远古玛雅（欧版） (En,Fr,De,Es,It,Nl)",NDS#3643,3.60MB
nds,"Mahjongg DS (Europe) (En,Fr,De,Es,It,Nl)","麻将（欧版） (En,Fr,De,Es,It,Nl)",NDS#3644,9.41MB
nds,Mahjongg Mysteries - Ancient Egypt (USA),,NDS#3645,3.75MB
nds,Mahou ni Kakerarete (Japan),魔法情人（日版）,NDS#3646,11.37MB
nds,Mainichi ga Tanoshii! - Ayanokouji Kimimaro no Happy Techou (Japan),每日皆欢乐-绫小路的快乐笔记（日版）,NDS#3647,4.90MB
nds,Mainichi Kokorobics - Kaiun Kenkyuuka Utsukita Mahiro Kanshuu - DS Uranai Happiness 2008 (Japan),每日心理分析-DS快乐占卜2008（日版）,NDS#3648,3.40MB
nds,Mainichi Shinbun Soukan 135 Shuunen Project - Mainichi Shinbun 1000 Dai News (Japan),每日新闻创刊135-周年企划-每日新闻1000大新闻（日版）,NDS#3649,30.57MB
nds,Mainichi Shinbunsha Kyouryoku - Saikyou no Kanji Drill 5-man Mon (Japan),每日新闻社协力-最强汉字练习5万题（日版）,NDS#3650,7.41MB
nds,Mainichi Suteki! - Hello Kitty no Life Kit (Japan),每天都是快乐的-Hello Kitty的生活笔记（日版）,NDS#3651,4.49MB
nds,"Mais Ou Se Cache Carmen Sandiego - Mystere au Bout du Monde (Europe) (En,Fr)","哪儿是卡门圣迭戈的隐藏处-在世界的末端秘密（欧版） (En,Fr)",NDS#3652,24.57MB
nds,"Maja (Europe) (Fr,De,Nl)",,NDS#3653,22.88MB
nds,Maji de Manabu - LEC de Ukaru - DS Gyouseishoshi (Japan),,NDS#3654,7.17MB
nds,Maji de Manabu - LEC de Ukaru - DS Hisho Kentei 2-kyuu - 3-kyuu (Japan),认真学习 LEC 合格认证 DS 秘书检定 2 级/3 级（日版）,NDS#3655,4.88MB
nds,Maji de Manabu - LEC de Ukaru - DS Kikenbutsu Toriatsukaisha Otsushu 4 Rui (Japan),认真学习LEC合格DS-危险物品处理者乙种4类（日版）,NDS#3656,95.67MB
nds,Maji de Manabu - LEC de Ukaru - DS Kikenbutsu Toriatsukaisha Otsushu 4 Rui (Japan) (Rev 1),认真学习LEC合格DS-危险物品处理者乙种4类（日版） （修正版 1）,NDS#3657,95.95MB
nds,Maji de Manabu - LEC de Ukaru - DS Koumuin Shiken - Suuteki Shori (Japan),认真学习LEC合格DS-公务员考试数学处理（日版）,NDS#3658,3.25MB
nds,Maji de Manabu - LEC de Ukaru - DS Nisshou Boki 3-kyuu (Japan),DS日商簿记3级（日版）,NDS#3659,6.19MB
nds,Maji de Manabu - LEC de Ukaru - DS Takuchi Tatemono Torihiki Shuninsha (Japan),认真学习LEC合格DS-土地交易主任（日版）,NDS#3660,50.20MB
nds,Maji de Manabu - LEC de Ukaru - DS Takuchi Tatemono Torihiki Shuninsha - 2011 Nen & 2012 Nendo Ban (Japan),认真学习LEC合格DS-宅地建物取引主任者2010&2011年度版（日版）,NDS#3661,3.08MB
nds,Majime ni Fumajime - Kaiketsu Zorori - Kyoufu no Takarabako (Japan),恶作剧狸猫-恐怖的宝箱（日版）,NDS#3662,3.80MB
nds,Majin Tantei Nougami Neuro - Neuro to Yako no Bishoku Zanmai - Suiri Tsuki - Gourmet & Mystery (Japan),魔人侦探食脑奈罗-奈罗与弥子的美食三昧-推理美食家与谜题（日版）,NDS#3663,34.45MB
nds,Majo ni Naru. (Japan),魔女之路（日版）,NDS#3664,35.29MB
nds,Major DS - Dream Baseball (Japan),棒球大联盟DS-梦幻棒球（日版）,NDS#3665,19.44MB
nds,Major League Baseball 2K10 (USA),职业棒球大联盟 2K10（美版）,NDS#3666,28.43MB
nds,Major League Baseball 2K11 (USA),美国职业棒球大联盟2K11（美版）,NDS#3667,28.41MB
nds,Major League Baseball 2K12 (USA),,NDS#3668,28.39MB
nds,Major League Baseball 2K6 (USA) (Beta),,NDS#3669,2.35MB
nds,Major League Baseball 2K7 (USA),美国职业棒球大联盟2007（美版）,NDS#3670,2.89MB
nds,"Major League Baseball 2K8 - Fantasy All-Stars (USA) (En,Fr,Es)","美国职棒大联盟2008（美版） (En,Fr,Es)",NDS#3671,31.24MB
nds,"Major League Baseball 2K9 - Fantasy All-Stars (USA) (En,Fr,Es)","美国职棒大联盟 2009 梦幻全明星（美版） (En,Fr,Es)",NDS#3672,31.17MB
nds,Makai Senki Disgaea - Makai no Ouji to Akai Tsuki (Japan),魔界战记-魔界王子与赤月（日版）,NDS#3673,25.88MB
nds,"Make 10 - A Journey of Numbers (Europe) (En,Fr,De,Es,It)","相加为10的故事（欧版） (En,Fr,De,Es,It)",NDS#3674,51.01MB
nds,Make-up and Style (Germany) (NDSi Enhanced),,NDS#3675,7.35MB
nds,Make-up Paradise (Korea),化妆天堂（韩国版）,NDS#3676,8.22MB
nds,Makeup Princess (Korea) [b],化妆公主（韩国版） [b],NDS#3677,3.79MB
nds,Makeup Princess 2 - Princess Life (Korea) (NDSi Enhanced),,NDS#3678,14.66MB
nds,"Malediction de Toutankhamon, La - Enigmes & Objets Caches (France)",艾米莉阿彻-图坦卡蒙的诅咒（法国版）,NDS#3679,13.26MB
nds,Mallangmallang Dunoegyosil (Korea),头脑补习班（韩国版）,NDS#3680,1.00MB
nds,Mama's Combo Pack - Volume 1 (USA),,NDS#3681,14.48MB
nds,Mama's Combo Pack - Volume 2 (USA),,NDS#3682,25.15MB
nds,Mamegoma - Honobono Nikki (Japan),小海豹日记（日版）,NDS#3683,2.15MB
nds,Mamegoma 2 - Uchi no Ko ga Ichiban! (Japan),海豹宝宝2-我家的孩子最棒（日版）,NDS#3684,7.50MB
nds,Mamegoma 3 - Kawaii ga Ippai! (Japan),海豹宝宝3-好多小可爱（日版）,NDS#3685,5.08MB
nds,Manaphy Distribution 2007 (USA) (Wi-Fi Kiosk) (Save Data),,NDS#3686,199.75KB
nds,Manepa 1000 Mannin no FX Training (Japan),1000 万人的 FX 训练（日版）,NDS#3687,14.22MB
nds,Manepa 1000-Mannin no FX Training - Leverage Kisei Taiouban (Japan) [b],,NDS#3688,11.52MB
nds,Manga-ka Debut Monogatari DS - Akogare! Manga-ka Ikusei Game (Japan),漫画家出道物语DS（日版）,NDS#3689,2.45MB
nds,Manga-ka Debut Monogatari DS - Akogare! Manga-ka Ikusei Game (Japan) (Rev 1),漫画家出道物语DS（日版） （修正版 1）,NDS#3690,2.45MB
nds,Manjyeora - Made in Wario (Korea),瓦里奥制造（韩国版）,NDS#3691,15.06MB
nds,MapleStory DS (Japan),冒险岛DS（日版）,NDS#3692,34.90MB
nds,MapleStory DS (Korea),冒险岛DS（韩国版）,NDS#3693,34.17MB
nds,"March of the Penguins (Europe) (En,Fr,De,Es,It)","帝企鹅日记（欧版） (En,Fr,De,Es,It)",NDS#3694,2.25MB
nds,March of the Penguins (USA),帝企鹅日记（美版）,NDS#3695,1.85MB
nds,"Margot's Bepuzzled! (Europe) (En,Fr,De,Es,It)","玛格的困惑（欧版） (En,Fr,De,Es,It)",NDS#3696,1.51MB
nds,"Margot's Bepuzzled! (USA) (En,Fr,Es)","玛格的困惑（美版） (En,Fr,Es)",NDS#3697,1.51MB
nds,"Margot's Word Brain (Europe) (En,Fr,De,Es,It)","玛戈的单词大脑（欧版） (En,Fr,De,Es,It)",NDS#3698,2.41MB
nds,"Margot's Word Brain (USA) (En,Fr,Es)","玛戈的单词大脑（美版） (En,Fr,Es)",NDS#3699,2.41MB
nds,Marie & Gali no Let's Science (Japan),玛丽与伽利的科学教室（日版）,NDS#3700,4.15MB
nds,"Marie-Antoinette and the American War of Independence - Episode 1 - The Brotherhood of the Wolf (Europe) (En,Fr,De,Es,It)","玛丽-安托瓦内特和美国独立战争-第1集（欧版） (En,Fr,De,Es,It)",NDS#3701,6.82MB
nds,"Marie-Antoinette and the Disciples of Loki (Europe) (En,Fr,De)",,NDS#3702,4.89MB
nds,"Mario & Luigi - Bowser's Inside Story (Europe) (En,Fr,De,Es,It)","马里奥和路易RPG3（欧版） (En,Fr,De,Es,It)",NDS#3703,51.41MB
nds,"Mario & Luigi - Bowser's Inside Story (Europe) (En,Fr,De,Es,It) (Demo) (Kiosk)","马里奥和路易RPG3（欧版） (En,Fr,De,Es,It) （演示版） （商店演示版）",NDS#3704,25.75MB
nds,Mario & Luigi - Bowser's Inside Story (USA) (Demo) (Kiosk),马里奥和路易RPG3（美版） （演示版） （商店演示版）,NDS#3705,25.27MB
nds,"Mario & Luigi - Bowser's Inside Story (USA) (En,Fr,Es)","马里奥和路易RPG3（美版） (En,Fr,Es)",NDS#3706,50.99MB
nds,"Mario & Luigi - Partners in Time (Europe) (En,Fr,De,Es,It)","马里奥和路易-时空伙伴（欧版） (En,Fr,De,Es,It)",NDS#3707,34.78MB
nds,"Mario & Luigi - Partners in Time (Europe) (En,Fr,De,Es,It) (Demo) (Kiosk)","马里奥和路易-时空伙伴（欧版） (En,Fr,De,Es,It) （演示版） （商店演示版）",NDS#3708,13.65MB
nds,Mario & Luigi - Partners in Time (USA),马里奥和路易-时空伙伴（美版）,NDS#3709,33.92MB
nds,Mario & Luigi - Partners in Time (USA) (Demo) (Kiosk),马里奥和路易-时空伙伴（美版） （演示版） （商店演示版）,NDS#3710,13.53MB
nds,Mario & Luigi - Partners in Time (USA) (Rev 1),马里奥和路易-时空伙伴（美版） （修正版 1）,NDS#3711,34.72MB
nds,Mario & Luigi RPG - Siganui Partner (Korea),马里奥和路易-时空伙伴（韩国版）,NDS#3712,35.03MB
nds,Mario & Luigi RPG 2x2 (Japan),马里奥与路易RPG2（日版）,NDS#3713,34.72MB
nds,Mario & Luigi RPG 3 - Kupa Momsok Daemoheom (Korea),,NDS#3714,50.77MB
nds,Mario & Luigi RPG 3!!! (Japan),马里奥&路易 RPG3!!!（日版）,NDS#3715,49.56MB
nds,Mario & Sonic at Beijing Olympic (Japan),马里奥与索尼克在北京奥运会（日版）,NDS#3716,55.15MB
nds,"Mario & Sonic at the Olympic Games (Europe) (En,Fr,De,Es,It)","马里奥与索尼克在北京奥运会（欧版） (En,Fr,De,Es,It)",NDS#3717,56.62MB
nds,Mario & Sonic at the Olympic Games (USA) (Demo) (Kiosk),马里奥与索尼克在北京奥运会（美版） （演示版） （商店演示版）,NDS#3718,14.52MB
nds,"Mario & Sonic at the Olympic Games (USA) (En,Fr,De,Es,It)","马里奥与索尼克在北京奥运会（美版） (En,Fr,De,Es,It)",NDS#3719,56.62MB
nds,"Mario & Sonic at the Olympic Winter Games (Europe) (En,Fr,De,Es,It)","马里奥和索尼克在冬奥会（欧版） (En,Fr,De,Es,It)",NDS#3720,64.73MB
nds,"Mario & Sonic at the Olympic Winter Games (USA) (En,Fr,Es)","马里奥和索尼克在冬奥会（美版） (En,Fr,Es)",NDS#3721,60.88MB
nds,Mario & Sonic at Vancouver Olympic (Japan),马里奥和索尼克在温哥华冬奥会（日版）,NDS#3722,58.22MB
nds,Mario Basket 3 on 3 (Japan),马里奥篮球3对3（日版）,NDS#3723,33.12MB
nds,Mario Hoops 3 on 3 (USA),马里奥篮球3对3（美版）,NDS#3724,32.19MB
nds,"Mario Kart DS (Europe) (Demo) (Kiosk, Multiplayer)","马里奥赛车DS（欧版） （演示版） (Kiosk, Multiplayer)",NDS#3725,11.07MB
nds,"Mario Kart DS (Europe) (En,Fr,De,Es,It)","马里奥赛车DS（欧版） (En,Fr,De,Es,It)",NDS#3726,13.07MB
nds,Mario Kart DS (Japan),马里奥赛车DS（日版）,NDS#3727,12.52MB
nds,Mario Kart DS (Japan) (Demo) (Kiosk),马里奥赛车DS（日版） （演示版） （商店演示版）,NDS#3728,12.51MB
nds,Mario Kart DS (Korea),马里奥赛车DS（韩国版）,NDS#3729,12.87MB
nds,Mario Kart DS (USA) (Demo) (Kiosk),马里奥赛车DS（美版） （演示版） （商店演示版）,NDS#3730,8.52MB
nds,"Mario Kart DS (USA) (En,Fr,De,Es,It)","马里奥赛车DS（美版） (En,Fr,De,Es,It)",NDS#3731,13.07MB
nds,"Mario Party DS (Europe) (En,Fr,De,Es,It)","马里奥聚会DS（欧版） (En,Fr,De,Es,It)",NDS#3732,20.03MB
nds,"Mario Party DS (Europe) (En,Fr,De,Es,It) (Rev 1)","马里奥聚会DS（欧版） (En,Fr,De,Es,It) （修正版 1）",NDS#3733,20.04MB
nds,Mario Party DS (Japan),马里奥聚会DS（日版）,NDS#3734,16.58MB
nds,Mario Party DS (Japan) (Rev 1),马里奥聚会DS（日版） （修正版 1）,NDS#3735,16.58MB
nds,Mario Party DS (Japan) (Rev 2),马里奥聚会DS（日版） （修正版 2）,NDS#3736,16.59MB
nds,Mario Party DS (Korea),马里奥聚会DS（韩国版）,NDS#3737,16.65MB
nds,Mario Party DS (USA),马里奥聚会DS（美版）,NDS#3738,16.60MB
nds,Mario Party DS (USA) (Demo) (Kiosk),马里奥聚会DS（美版） （演示版） （商店演示版）,NDS#3739,10.60MB
nds,Mario Party DS (USA) (Rev 1),马里奥聚会DS（美版） （修正版 1）,NDS#3740,16.60MB
nds,Mario Party DS (USA) (Rev 2),马里奥聚会DS（美版） （修正版 2）,NDS#3741,16.60MB
nds,"Mario Slam Basketball (Europe) (En,Fr,De,Es,It) (Demo) (Kiosk)","马里奥灌篮篮球（欧版） (En,Fr,De,Es,It) （演示版） （商店演示版）",NDS#3742,29.80MB
nds,"Mario Slam Basketball (Europe) (En,Ja,Fr,De,Es,It)","马里奥灌篮篮球（欧版） (En,Ja,Fr,De,Es,It)",NDS#3743,30.18MB
nds,Mario vs. Donkey Kong - Mini-Land Mayhem! (Europe) (Demo) (Kiosk) (NDSi Enhanced),马里奥对大金刚-迷你王国的大混乱（欧版） （演示版） （商店演示版） (NDSi Enhanced),NDS#3744,11.46MB
nds,"Mario vs. Donkey Kong - Mini-Land Mayhem! (Europe) (En,Fr,De,Es,It) (NDSi Enhanced)","马里奥对大金刚-迷你王国的大混乱（欧版） (En,Fr,De,Es,It) (NDSi Enhanced)",NDS#3745,11.70MB
nds,Mario vs. Donkey Kong - Mini-Land Mayhem! (USA) (Demo) (Kiosk) (NDSi Enhanced),马里奥对大金刚-迷你王国的大混乱（美版） （演示版） （商店演示版） (NDSi Enhanced),NDS#3746,15.23MB
nds,"Mario vs. Donkey Kong - Mini-Land Mayhem! (USA) (En,Fr,Es) (Rev 1) (NDSi Enhanced)","马里奥对大金刚-迷你王国的大混乱（美版） (En,Fr,Es) （修正版 1） (NDSi Enhanced)",NDS#3747,11.24MB
nds,"Mario vs. Donkey Kong - Mini-Land Mayhem! (USA) (En,Fr,Es) (Rev 2) (NDSi Enhanced)","马里奥对大金刚-迷你王国的大混乱（美版） (En,Fr,Es) （修正版 2） (NDSi Enhanced)",NDS#3748,11.25MB
nds,Mario vs. Donkey Kong - Totsugeki! Mini-Land (Japan) (NDSi Enhanced),马里奥对大金刚-迷你王国的大混乱（日版） (NDSi Enhanced),NDS#3749,10.96MB
nds,Mario vs. Donkey Kong 2 - March of the Minis (Europe) (Demo) (Kiosk),马里奥对大金刚2（欧版） （演示版） （商店演示版）,NDS#3750,19.51MB
nds,"Mario vs. Donkey Kong 2 - March of the Minis (Europe) (En,Fr,De,Es,It)","马里奥对大金刚2（欧版） (En,Fr,De,Es,It)",NDS#3751,22.45MB
nds,Mario vs. Donkey Kong 2 - March of the Minis (USA),马里奥对大金刚2（美版）,NDS#3752,14.77MB
nds,Mario vs. Donkey Kong 2 - March of the Minis (USA) (Demo) (Kiosk),马里奥对大金刚2（美版） （演示版） （商店演示版）,NDS#3753,13.22MB
nds,Mario vs. Donkey Kong 2 - MiniMini Daikoushin! (Japan),马里奥VS大金刚2-迷你马里奥大行进（日版）,NDS#3754,23.55MB
nds,Mariowa Sonic - Beijing Olympic (Korea),马里奥与索尼克在北京奥运会（韩国版）,NDS#3755,53.74MB
nds,Mariowa Sonic - Vancouver Donggye-olympic (Korea) [b],马里奥与索尼克在温哥华冬奥会（韩国版） [b],NDS#3756,58.06MB
nds,Marker Man Adventures (USA),标记者大冒险（美版）,NDS#3757,15.84MB
nds,Marl Oukoku no Ningyou Hime - Tenshi ga Kanaderu Ai no Uta (Japan),玛鲁王国人形姬-天使爱的谐奏曲（日版）,NDS#3758,65.53MB
nds,"Martin Mystery (Europe) (En,Fr,De,Es,It)","校园神兵（欧版） (En,Fr,De,Es,It)",NDS#3759,10.75MB
nds,"Martin Mystery (Europe) (En,Fr,De,Es,It) (Beta)","校园神兵（欧版） (En,Fr,De,Es,It) （测试版）",NDS#3760,10.70MB
nds,"Maru Goukaku - Shikaku Dasshu! 2011-Nendohan Financial Planning Ginou Kentei Shiken 2-Kyuu, 3-Kyuu (Japan)",,NDS#3761,17.10MB
nds,Maru Goukaku - Shikaku Dasshu! 2011-Nendohan Gyousei Shoshi Shiken (Japan),,NDS#3762,16.45MB
nds,Maru Goukaku - Shikaku Dasshu! 2011-Nendohan Jouhou Security Specialist Shiken - Network Specialist Shiken (Japan),,NDS#3763,16.97MB
nds,Maru Goukaku - Shikaku Dasshu! 2011-Nendohan Takken Shiken (Japan),,NDS#3764,16.46MB
nds,Maru Goukaku - Shikaku Dasshu! Care Manager Shiken (Japan),,NDS#3765,24.27MB
nds,Maru Goukaku - Shikaku Dasshu! Chuushoukigyou Shindanshi Shiken (Japan),,NDS#3766,24.92MB
nds,"Maru Goukaku - Shikaku Dasshu! Financial Planning Ginou Kentei Shiken 2-kyuu, 3-kyuu (Japan)",Maru合格资格夺取!-FP技能检定试验2（日版）,NDS#3767,24.33MB
nds,Maru Goukaku - Shikaku Dasshu! Gyousei Shoshi Shiken (Japan),Maru合格资格夺取!-行政书士试验（日版）,NDS#3768,37.86MB
nds,"Maru Goukaku - Shikaku Dasshu! Hanbaishi Kentei Shiken 2-kyuu, 3-kyuu (Japan)",考上检定!贩卖士检定考2级&#12539;3级（日版）,NDS#3769,24.31MB
nds,"Maru Goukaku - Shikaku Dasshu! IT Passport Shiken, Kihon Jouhou Gijutsusha Shiken, Ouyou Jouhou Gijutsusha Shiken (Japan)",减肥达人（日版）,NDS#3770,16.10MB
nds,"Maru Goukaku - Shikaku Dasshu! IT Passport Shiken, Kihon Jouhou Gijutsusha Shiken, Ouyou Jouhou Gijutsusha Shiken (Japan) (Rev 2)",减肥达人（日版） （修正版 2）,NDS#3771,31.86MB
nds,Maru Goukaku - Shikaku Dasshu! Kaigo Fukushishi Shiken (Japan),,NDS#3772,17.20MB
nds,Maru Goukaku - Shikaku Dasshu! Shakai Fukushishi Shiken (Japan),,NDS#3773,17.32MB
nds,Maru Goukaku - Shikaku Dasshu! Sharoushi Shiken (Japan),,NDS#3774,16.39MB
nds,Maru Goukaku - Shikaku Dasshu! Shouken Gaimuin Ni-Shu Shiken (Japan),,NDS#3775,24.09MB
nds,"Maru Goukaku - Shikaku Dasshu! Special IT Passport Shiken, Kihon Jouhou Gijutsusha Shiken, Ouyou Jouhou Gijutsusha Shiken (Japan)",,NDS#3776,18.14MB
nds,Maru Goukaku - Shikaku Dasshu! Special Kaigo Fukushishi Shiken (Japan),,NDS#3777,13.97MB
nds,Maru Goukaku - Shikaku Dasshu! Special Shakai Fukushishi Shiken (Japan),,NDS#3778,18.10MB
nds,Maru Goukaku - Shikaku Dasshu! Special Sharoushi Shiken (Japan),,NDS#3779,17.24MB
nds,Maru Goukaku - Shikaku Dasshu! Special Takken Shiken (Japan),,NDS#3780,17.55MB
nds,Maru Goukaku - Shikaku Dasshu! TAC Koumuin Shiken - Kokka II Tane (Japan),完全合格资格夺取!TAC公务员试验（日版）,NDS#3781,13.87MB
nds,Maru Kaite Don Don Oboeru - Kyoui no Tsugawa Shiki Kanji Kiokujutsu (Japan),不断书写的惊异的铁杉式汉字记忆术（日版）,NDS#3782,2.23MB
nds,Maru Kaite Don Don Oboeru - Kyoui no Tsugawa Shiki Kanji Kiokujutsu - Kiso Gakushuu Hen (Japan),画圆记忆法-津川式汉字记忆术-基础学习篇（日版）,NDS#3783,2.37MB
nds,Maruhan Pachinko & Pachi-Slot Hisshou Guide Kyouryoku - The Pachinko Hall (Japan),MARUHAN 柏青哥柏青嫂必胜攻略志协力柏青哥店（日版）,NDS#3784,7.33MB
nds,Marvel - Ultimate Alliance 2 (Europe),漫画英雄-终极联盟2（欧版）,NDS#3785,29.37MB
nds,Marvel - Ultimate Alliance 2 (USA),漫画英雄-终极联盟2（美版）,NDS#3786,29.37MB
nds,"Marvel Nemesis - Rise of the Imperfects (Europe) (En,Fr,De)","Marvel复仇女神：未完成体（欧版） (En,Fr,De)",NDS#3787,40.17MB
nds,Marvel Nemesis - Rise of the Imperfects (USA),Marvel复仇女神：未完成体（美版）,NDS#3788,40.17MB
nds,"Marvel Super Hero Squad (Europe) (En,Fr,De,Nl)","漫画超级英雄小队（欧版） (En,Fr,De,Nl)",NDS#3789,10.53MB
nds,"Marvel Super Hero Squad (Europe) (Es,It)","漫画超级英雄小队（欧版） (Es,It)",NDS#3790,10.29MB
nds,"Marvel Super Hero Squad (Korea) (En,Ko) [b]","漫画超级英雄小队（韩国版） (En,Ko) [b]",NDS#3791,7.95MB
nds,"Marvel Super Hero Squad (USA) (En,Fr,Es)","漫画超级英雄小队（美版） (En,Fr,Es)",NDS#3792,9.36MB
nds,"Marvel Super Hero Squad (USA) (En,Fr,Es) (Walmart Edition)","漫画超级英雄小队（美版） (En,Fr,Es) (Walmart Edition)",NDS#3793,9.35MB
nds,"Marvel Super Hero Squad - The Infinity Gauntlet (Europe) (De,It)","Q版超级漫画英雄大战（欧版） (De,It)",NDS#3794,37.85MB
nds,"Marvel Super Hero Squad - The Infinity Gauntlet (Europe) (En,Es)","Q版超级漫画英雄大战（欧版） (En,Es)",NDS#3795,37.56MB
nds,"Marvel Super Hero Squad - The Infinity Gauntlet (Europe) (En,Fr)","Q版超级漫画英雄大战（欧版） (En,Fr)",NDS#3796,37.80MB
nds,"Marvel Super Hero Squad - The Infinity Gauntlet (USA) (En,Fr)","Q版超级漫画英雄大战（美版） (En,Fr)",NDS#3797,37.80MB
nds,"Marvel Trading Card Game (Europe) (En,Fr,De,Es,It)","漫画英雄卡片对战（欧版） (En,Fr,De,Es,It)",NDS#3798,23.02MB
nds,Marvel Trading Card Game (USA),漫画英雄卡片对战（美版）,NDS#3799,25.43MB
nds,"Mary King's Riding School (Europe) (En,Fr,De,Es,It)","骑术学校（欧版） (En,Fr,De,Es,It)",NDS#3800,2.45MB
nds,"Master All Classics (Europe) (En,Fr,De,Es,It)","精通所有经典游戏（欧版） (En,Fr,De,Es,It)",NDS#3801,15.86MB
nds,Master Jin Jin's IQ Challenge (USA),大师金金的智商挑战（美版）,NDS#3802,1.15MB
nds,Master of Illusion (USA),幻像大师（美版）,NDS#3803,8.22MB
nds,Master of the Monster Lair (USA),迷宫制造者（美版）,NDS#3804,12.53MB
nds,"Match 3 Madness (Europe) (En,Fr,De,Es,It,Nl)","疯狂小游戏3合1（欧版） (En,Fr,De,Es,It,Nl)",NDS#3805,11.05MB
nds,Matching Maker DS (Japan),创造街道者DS（日版）,NDS#3806,2.46MB
nds,"Matchstick (USA) (En,Es)","火柴棒（美版） (En,Es)",NDS#3807,860.00KB
nds,"Matchstick Puzzle by DS (Europe) (En,Fr,De,Es,It)","右脑回转-火柴棒解谜DS（欧版） (En,Fr,De,Es,It)",NDS#3808,857.74KB
nds,Math Blaster in the Prime Adventure (USA),数学射击-最初的冒险（美版）,NDS#3809,8.44MB
nds,Math Play (USA),数学游戏（美版）,NDS#3810,1.34MB
nds,Math Play (USA) (Rev 1),数学游戏（美版） （修正版 1）,NDS#3811,1.38MB
nds,"Mathe Buddy - 5. Klasse (Europe) (Fr,De,It)","第五类数学巴迪（欧版） (Fr,De,It)",NDS#3812,3.56MB
nds,"Mathe Buddy - 6. Klasse (Europe) (Fr,De,It)","第六类数学巴迪（欧版） (Fr,De,It)",NDS#3813,3.36MB
nds,Mathematik 1.-4. Klasse - Fit fuers Gymnasium (Germany),数学 1.-4. 类（德国版）,NDS#3814,3.54MB
nds,Mathematik 1.-4. Klasse 2012 (Germany),,NDS#3815,1.47MB
nds,Mathematik und Deutsch - 1.-4. Klasse - 2014 (Germany),,NDS#3816,4.52MB
nds,Mathematik und Deutsch 1.-4. Klasse 2013 (Germany),,NDS#3817,4.48MB
nds,"Maths Made Simple (Europe) (En,Fr,De,Es,It)","简单数学（欧版） (En,Fr,De,Es,It)",NDS#3818,1.05MB
nds,"Maths Play - Have Fun with Numbers! (Europe) (En,Fr,De,Es,It,Nl,Sv,No,Da)","算术游戏-以字同乐（欧版） (En,Fr,De,Es,It,Nl,Sv,No,Da)",NDS#3819,2.60MB
nds,Matsuda Tadanori Onsen Kyouju Kanshuu - Zenkoku Dokodemo Onsen Techou (Japan),松田忠德温泉教授监修-日本随身温泉手册（日版）,NDS#3820,36.43MB
nds,"Maus DS (Europe) (En,Fr,De,Es,It)","老鼠 DS（欧版） (En,Fr,De,Es,It)",NDS#3821,15.20MB
nds,Mawashite Koron (Japan),Mawashite Koron（日版）,NDS#3822,2.05MB
nds,Mawashite Tsunageru Touch Panic (Japan),疯狂触摸（日版）,NDS#3823,3.61MB
nds,Mawasundaa!! (Japan),转转乐（日版）,NDS#3824,10.78MB
nds,"Max & the Magic Marker (Europe) (En,Fr,De,Es,It)",,NDS#3825,8.92MB
nds,"Max & the Magic Marker (USA) (En,Fr,De,Es,It)",,NDS#3826,19.60MB
nds,Max Media Launcher (World) (Unl),,NDS#3827,14.33KB
nds,Max Media Player (World) (v1.22) (Unl),,NDS#3828,191.48KB
nds,May's Mysteries - The Secret of Dragonville (Europe) (Easy Interactive),五月的冒险-消失（欧版） (Easy Interactive),NDS#3829,31.51MB
nds,May's Mysteries - The Secret of Dragonville (Europe) (Mastertronic),五月的冒险-消失（欧版） (Mastertronic),NDS#3830,31.43MB
nds,May's Mystery - Forbidden Memories (USA),,NDS#3831,32.03MB
nds,"Maya (Europe) (Es,It)",,NDS#3832,22.25MB
nds,"Mazes of Fate DS (Europe) (En,Fr,De,Es,It)","命运迷阵DS（欧版） (En,Fr,De,Es,It)",NDS#3833,37.75MB
nds,Mazes of Fate DS (USA),命运迷阵DS（美版）,NDS#3834,28.47MB
nds,Mazes of Fate DS (USA) (Beta),命运迷阵DS（美版） （测试版）,NDS#3835,29.05MB
nds,Me de Unou o Kitaeru - DS Sokudoku Junior (Japan),用眼锻炼右脑-DS速读少年（日版）,NDS#3836,3.98MB
nds,Me de Unou o Kitaeru - DS Sokudoku Jutsu (Japan),眼之右脑锻炼-DS速读术（日版）,NDS#3837,4.29MB
nds,"Mechanic Master (Europe) (En,Fr,De,Es,It)","机械大师（欧版） (En,Fr,De,Es,It)",NDS#3838,4.80MB
nds,"Mechanic Master (USA) (En,Fr,De,Es,It)","机械大师（美版） (En,Fr,De,Es,It)",NDS#3839,4.80MB
nds,"Mechanic Master 2 (Europe) (En,Fr,De,Es,It)","机械硕士2（欧版） (En,Fr,De,Es,It)",NDS#3840,7.13MB
nds,Mechanic Master 2 (USA),机械硕士2（美版）,NDS#3841,7.12MB
nds,"MechAssault - Phantom War (Europe) (En,Fr,De)","机甲先锋-幻影战争（欧版） (En,Fr,De)",NDS#3842,38.33MB
nds,MechAssault - Phantom War (USA),机甲先锋-幻影战争（美版）,NDS#3843,39.12MB
nds,Medarot DS - Kabuto Ver. (Japan),美达人DS-独角仙版（日版）,NDS#3844,26.21MB
nds,Medarot DS - Kabuto Ver. (Japan) (Rev 1),美达人DS-独角仙版（日版） （修正版 1）,NDS#3845,26.21MB
nds,Medarot DS - Kuwagata Ver. (Japan),美达人DS-锹形虫版（日版）,NDS#3846,26.22MB
nds,Medarot DS - Kuwagata Ver. (Japan) (Rev 1),美达人DS-锹形虫版（日版） （修正版 1）,NDS#3847,26.21MB
nds,"Meet the Robinsons (Europe) (En,Fr,De,Es,It,Nl)","拜见鲁宾逊一家（欧版） (En,Fr,De,Es,It,Nl)",NDS#3848,8.68MB
nds,Meet the Robinsons (USA),拜见鲁宾逊一家（美版）,NDS#3849,8.34MB
nds,Mega Brain Boost (USA),非常脑力锻炼（美版）,NDS#3850,5.35MB
nds,"Mega Man Battle Network 5 - Double Team DS (Europe) (En,Fr,De,Es,It)","洛克人EXE5-DS双生领袖（欧版） (En,Fr,De,Es,It)",NDS#3851,12.68MB
nds,Mega Man Battle Network 5 - Double Team DS (USA),洛克人EXE5-DS双生领袖（美版）,NDS#3852,10.18MB
nds,"Mega Man Star Force - Dragon (Europe) (En,Fr,De,Es,It)","流星洛克人-飞龙（欧版） (En,Fr,De,Es,It)",NDS#3853,17.61MB
nds,Mega Man Star Force - Dragon (USA),流星洛克人-飞龙（美版）,NDS#3854,15.60MB
nds,"Mega Man Star Force - Leo (Europe) (En,Fr,De,Es,It)","流星洛克人-雄狮（欧版） (En,Fr,De,Es,It)",NDS#3855,17.60MB
nds,Mega Man Star Force - Leo (USA),流星洛克人-雄狮（美版）,NDS#3856,15.59MB
nds,"Mega Man Star Force - Pegasus (Europe) (En,Fr,De,Es,It)","流星洛克人-天马（欧版） (En,Fr,De,Es,It)",NDS#3857,17.60MB
nds,Mega Man Star Force - Pegasus (USA),流星洛克人-天马（美版）,NDS#3858,15.59MB
nds,"Mega Man Star Force 2 - Zerker x Ninja (Europe) (En,Fr,De,Es,It)","流星洛克人2-暴忍（欧版） (En,Fr,De,Es,It)",NDS#3859,15.78MB
nds,Mega Man Star Force 2 - Zerker x Ninja (USA),流星洛克人2-暴忍（美版）,NDS#3860,13.42MB
nds,"Mega Man Star Force 2 - Zerker x Saurian (Europe) (En,Fr,De,Es,It)","流星洛克人2-暴龙（欧版） (En,Fr,De,Es,It)",NDS#3861,15.78MB
nds,Mega Man Star Force 2 - Zerker x Saurian (USA),流星洛克人2-暴龙（美版）,NDS#3862,13.42MB
nds,Mega Man Star Force 3 - Black Ace (USA),流星洛克人 3 黑色王牌（美版）,NDS#3863,15.34MB
nds,Mega Man Star Force 3 - Red Joker (USA),流星洛克人 3 红色小丑（美版）,NDS#3864,15.35MB
nds,Mega Man Zero Collection (Europe),洛克人-零合集（欧版）,NDS#3865,20.55MB
nds,Mega Man Zero Collection (USA),洛克人-零合集（美版）,NDS#3866,20.56MB
nds,"Mega Man ZX (Europe) (En,Ja,Fr,De,Es,It)","洛克人ZX（欧版） (En,Ja,Fr,De,Es,It)",NDS#3867,28.67MB
nds,Mega Man ZX (USA),洛克人ZX（美版）,NDS#3868,28.40MB
nds,"Mega Man ZX - Advent (Europe) (En,Ja,Fr,De,Es,It)","洛克人ZX 降临（欧版） (En,Ja,Fr,De,Es,It)",NDS#3869,32.77MB
nds,Mega Man ZX - Advent (USA),洛克人ZX 降临（美版）,NDS#3870,45.59MB
nds,"Mega Mindy (Europe) (Fr,Nl) (Rev 1)","米佳-明迪（欧版） (Fr,Nl) （修正版 1）",NDS#3871,9.07MB
nds,"Mega Mindy (Europe) (Fr,Nl) (Rev 2)","米佳-明迪（欧版） (Fr,Nl) （修正版 2）",NDS#3872,9.09MB
nds,"Mega Mindy (Europe) (Fr,Nl) [b]","米佳-明迪（欧版） (Fr,Nl) [b]",NDS#3873,9.07MB
nds,Megami Ibunroku - Devil Survivor (Japan),女神异闻录-恶魔求生者（日版）,NDS#3874,45.14MB
nds,"Megamind - The Blue Defender (Europe) (En,Fr,De,Es,It,Nl,Sv,Da)","超级大坏蛋（欧版） (En,Fr,De,Es,It,Nl,Sv,Da)",NDS#3875,31.19MB
nds,"Megamind - The Blue Defender (USA) (En,Fr)","超级大坏蛋（美版） (En,Fr)",NDS#3876,31.19MB
nds,"Mein Beautyhotel fuer Tiere (Germany) (En,De)","我的美丽动物旅馆（德国版） (En,De)",NDS#3877,11.28MB
nds,"Mein Eigener Tierbaby-Zoo (Europe) (En,Fr,De,Es,It)","动物园宝宝（欧版） (En,Fr,De,Es,It)",NDS#3878,9.74MB
nds,Mein Franzoesisch Coach - Verbessere Dein Franzoesisch (Germany),我的法语教练（德国版）,NDS#3879,9.64MB
nds,Mein Koch-Coach - Gesund und Lecker Kochen (Germany) (NDSi Enhanced),我的健康饮食教练（德国版） (NDSi Enhanced),NDS#3880,66.93MB
nds,Mein Traumjob - Kinderaerztin (Germany),我梦想的工作-儿童医生（德国版）,NDS#3881,9.05MB
nds,Mein Wortschatz-Coach - Englisch Lernen (Germany),我的英语教练（德国版）,NDS#3882,9.52MB
nds,Mein Wortschatz-Coach - Verbessere Dein Ausdrucksvermoegen (Germany) (Rev 1),我的单词教练（德国版） （修正版 1）,NDS#3883,14.71MB
nds,"Meine Tierarztpraxis (Germany) (En,De)","我的兽医实习（德国版） (En,De)",NDS#3884,6.00MB
nds,Meine Tierarztpraxis - Einsatz auf dem Land (Germany),我的兽医实习（德国版）,NDS#3885,27.25MB
nds,"Meine Tierarztpraxis - SOS am Ozean (Europe) (En,De) (NDSi Enhanced)","宠物兽医海洋巡防（欧版） (En,De) (NDSi Enhanced)",NDS#3886,20.51MB
nds,Meine Tierarztpraxis in Australien (Germany),我在澳大利亚的兽医实习（德国版）,NDS#3887,24.85MB
nds,"Meine Tierpension (Germany) (En,De)","我的宠物旅店（德国版） (En,De)",NDS#3888,6.96MB
nds,Meine Tierpension - Tapsige Tierbabys (Germany),我的宠物旅馆-笨笨动物宝宝（德国版）,NDS#3889,8.79MB
nds,"Meine Tierpension 2 (Germany) (En,De)","我的宠物旅馆2（德国版） (En,De)",NDS#3890,16.07MB
nds,"Meine Tierschule (Germany) (En,De)","我的动物学校（德国版） (En,De)",NDS#3891,13.36MB
nds,Meitantei Conan & Kindaichi Shounen no Jikenbo - Meguriau Futari no Meitantei (Japan),名侦探柯南 & 金田一少年之事件簿 2 大名侦探的相逢（日版）,NDS#3892,28.32MB
nds,Meitantei Conan - Aoki Houseki no Rondo (Japan),名侦探柯南-苍蓝宝石的轮舞曲（日版）,NDS#3893,32.10MB
nds,Meitantei Conan - Kako Kara no Zensou Kyoku (Japan),,NDS#3894,44.46MB
nds,Meitantei Conan - Kieta Hakase to Machigai Sagashi no Tou (Japan),名侦探柯南-消失的博士与找错之塔（日版）,NDS#3895,19.53MB
nds,Meitantei Conan - Tantei Ryoku Trainer (Japan),名侦探柯南-侦探力训练（日版）,NDS#3896,11.27MB
nds,"Meloetta Distribution 2013 (USA, Europe) (En,Fr,De,Es,It) (Wi-Fi Kiosk) (Save Data)",,NDS#3897,95.68KB
nds,"Mensch Aergere Dich Nicht - Das Beliebte Original (Europe) (En,Fr,De)",,NDS#3898,4.44MB
nds,Mensetsu no Tatsujin - Tenshoku Hen (Japan),面试达人-转职编（日版）,NDS#3899,4.01MB
nds,Meoriga Joajineun Sudoku 10000 Mun (Korea),数独10000问（韩国版）,NDS#3900,5.09MB
nds,Merlin - A Servant of Two Masters (Europe),,NDS#3901,12.49MB
nds,Mes Amis Disney (France),迪斯尼朋友（法国版）,NDS#3902,29.76MB
nds,Metal Beyblade - Cyber Pegasis (Korea) [b],金属战斗陀螺-爆诞-对决大赛场（韩国版） [b],NDS#3903,26.42MB
nds,Metal Beyblade 2 - Big Bang Bladers (Korea) [b],,NDS#3904,18.86MB
nds,Metal Fight Beyblade (Japan),战斗陀螺-钢铁战魂（日版）,NDS#3905,18.40MB
nds,Metal Fight Beyblade (Japan) (Value Price),战斗陀螺-钢铁战魂（日版） (Value Price),NDS#3906,18.40MB
nds,Metal Fight Beyblade - Baku Shin Susanoo Shuurai! (Japan),战斗陀螺-钢铁战魂!爆神须佐之男来袭!（日版）,NDS#3907,33.30MB
nds,Metal Fight Beyblade - Bakutan! Cyber Pegasis (Japan),金属战斗陀螺-爆诞-对决大赛场（日版）,NDS#3908,34.94MB
nds,Metal Fight Beyblade - Choujou Kessen! - Big Bang Bladers (Japan),战斗陀螺-钢铁战魂-绝顶对决!大霹雳杯陀螺战士全球大赛（日版）,NDS#3909,26.25MB
nds,Metal Max 2 - Reloaded (Japan),,NDS#3910,38.35MB
nds,Metal Max 3 (Japan),重装机兵3（日版）,NDS#3911,35.85MB
nds,Metal Saga - Hagane no Kisetsu (Japan),重装机兵-钢之季节（日版）,NDS#3912,9.88MB
nds,"Metal Slug 7 (Europe) (En,Fr,De,Es,It)","合金弹头7（欧版） (En,Fr,De,Es,It)",NDS#3913,35.44MB
nds,Metal Slug 7 (Japan),合金弹头7（日版）,NDS#3914,35.42MB
nds,Metal Slug 7 (Korea) [b],合金弹头7（韩国版） [b],NDS#3915,35.47MB
nds,Metal Slug 7 (USA),合金弹头7（美版）,NDS#3916,35.43MB
nds,Metcha! Taiko no Tatsujin DS - 7-tsu no Shima no Daibouken (Japan),超级太鼓达人-七岛大冒险（日版）,NDS#3917,45.92MB
nds,"Meteos (Europe) (En,Fr,De,Es,It)","陨石大战（欧版） (En,Fr,De,Es,It)",NDS#3918,33.54MB
nds,Meteos (Japan),陨石大战（日版）,NDS#3919,33.64MB
nds,Meteos (USA),陨石大战（美版）,NDS#3920,33.63MB
nds,"Meteos - Disney Magic (Europe) (En,Fr,De,Es,It)","陨石-迪士尼魔法（欧版） (En,Fr,De,Es,It)",NDS#3921,21.33MB
nds,Meteos - Disney Magic (Japan),陨石-迪士尼魔法（日版）,NDS#3922,15.83MB
nds,Meteos - Disney Magic (USA),陨石-迪士尼魔法（美版）,NDS#3923,15.86MB
nds,Methode Boscher - La Journee des Tout Petits (France) [b],博世入门-佩蒂特日常学习（法国版） [b],NDS#3924,9.99MB
nds,"Metroid Prime - Hunters (Europe) (En,Fr,De,Es,It)","银河战士-初猎（欧版） (En,Fr,De,Es,It)",NDS#3925,38.03MB
nds,"Metroid Prime - Hunters (Europe) (En,Fr,De,Es,It) (Rev 1)","银河战士-初猎（欧版） (En,Fr,De,Es,It) （修正版 1）",NDS#3926,38.05MB
nds,Metroid Prime - Hunters (Japan),银河战士-初猎（日版）,NDS#3927,38.04MB
nds,Metroid Prime - Hunters (Japan) (Rev 1),银河战士-初猎（日版） （修正版 1）,NDS#3928,46.90MB
nds,Metroid Prime - Hunters (Korea),银河战士-初猎（韩国版）,NDS#3929,37.93MB
nds,Metroid Prime - Hunters (USA),银河战士-初猎（美版）,NDS#3930,38.02MB
nds,Metroid Prime - Hunters (USA) (Demo) (Kiosk),银河战士-初猎（美版） （演示版） （商店演示版）,NDS#3931,33.77MB
nds,Metroid Prime - Hunters (USA) (Rev 1),银河战士-初猎（美版） （修正版 1）,NDS#3932,38.06MB
nds,"Metroid Prime - Hunters - First Hunt (Europe) (En,Fr,De,Es,It) (Demo) (Not for Resale)",,NDS#3933,9.18MB
nds,"Metroid Prime - Hunters - First Hunt (USA, Australia) (Demo) (Not for Resale)",,NDS#3934,8.82MB
nds,"Metroid Prime Pinball (Europe) (En,Fr,De,Es,It)","银河战士弹珠台（欧版） (En,Fr,De,Es,It)",NDS#3935,16.84MB
nds,Metroid Prime Pinball (Japan),银河战士弹珠台（日版）,NDS#3936,16.72MB
nds,Metroid Prime Pinball (USA),银河战士弹珠台（美版）,NDS#3937,16.70MB
nds,"Metropolis Crime$ (Europe) (En,Fr,De,Es,It)","大都市犯罪（欧版） (En,Fr,De,Es,It)",NDS#3938,14.78MB
nds,Mew To Hadou No Yuusha Lucario Special Pack (Japan) (DSvision),,NDS#3939,198.01MB
nds,Mezase! 100 Giri Golf DS (Japan),突破100高尔夫DS（日版）,NDS#3940,16.63MB
nds,Mezase! Koushien (Japan),目标!甲子园（日版）,NDS#3941,1.63MB
nds,Mezase! Shoujo Manga Ka!! Ciao Manga School (Japan),少女学院（日版）,NDS#3942,3.01MB
nds,Mezase! Zenkoku Taikai!! - Let's! Brass!! - Brass Band Renshuu Soft (Japan),管乐总动员（日版）,NDS#3943,5.84MB
nds,Mezase!! Tsuri Master DS (Japan),目标!钓鱼大师 DS（日版）,NDS#3944,14.77MB
nds,"Mi Escuela de Equitacion (Europe) (En,Fr,De,Es)",,NDS#3945,9.70MB
nds,Mi Experto en Aleman - Mejora Tu Vocabulario Aleman (Spain),我的德语教练（西班牙版）,NDS#3946,9.76MB
nds,Mi Experto en Cocina - Comida Saludable (Spain) (NDSi Enhanced),我的健康饮食老师（西班牙版） (NDSi Enhanced),NDS#3947,62.81MB
nds,Mi Experto en Frances - Mejora Tu Vocabulario Frances (Mexico),我的法语教练(Mexico),NDS#3948,9.59MB
nds,Mi Experto en Frances - Mejora Tu Vocabulario Frances (Spain),我的法语教练（西班牙版）,NDS#3949,9.59MB
nds,Mi Experto en Ingles - Mejora Tu Vocabulario Ingles (Mexico),我的英语教练(Mexico),NDS#3950,9.61MB
nds,Mi Experto en Ingles - Mejora Tu Vocabulario Ingles (Spain),我的英语教练（西班牙版）,NDS#3951,9.61MB
nds,Mi Experto en Vocabulario (Mexico),我的单词教练(Mexico),NDS#3952,15.25MB
nds,Mi Experto en Vocabulario (Spain),我的单词教练（西班牙版）,NDS#3953,15.25MB
nds,"Miami Crisis (Europe) (En,Fr,De,Es,It)","迈阿密危机（欧版） (En,Fr,De,Es,It)",NDS#3954,29.80MB
nds,Miami Crisis (Japan),迈阿密危机（日版）,NDS#3955,31.88MB
nds,"Miami Law (USA) (En,Fr,Es)","迈阿密危机（美版） (En,Fr,Es)",NDS#3956,28.27MB
nds,"Miami Nights - Singles in the City (Europe) (En,Fr,De,Es,It,Nl)","迈阿密之夜-单身贵族（欧版） (En,Fr,De,Es,It,Nl)",NDS#3957,15.65MB
nds,"Miami Nights - Singles in the City (USA) (En,Fr,Es)","迈阿密之夜-单身贵族（美版） (En,Fr,Es)",NDS#3958,15.65MB
nds,"Michael Jackson - The Experience (Europe) (En,Fr,De,Es,It)","迈克.杰克逊-经验（欧版） (En,Fr,De,Es,It)",NDS#3959,43.18MB
nds,"Michael Jackson - The Experience (USA) (En,Fr,Es)","迈克.杰克逊-经验（美版） (En,Fr,Es)",NDS#3960,43.18MB
nds,"Micro Machines V4 (Europe) (En,Fr,De,Es,It)","微型机器V4（欧版） (En,Fr,De,Es,It)",NDS#3961,12.56MB
nds,Micro Machines V4 (USA),微型机器V4（美版）,NDS#3962,12.56MB
nds,Midnight Mysteries - Gaensehaut Wimmelbild-Abenteuer mit Edgar Allan Poe (Germany),午夜之谜-爱伦坡的阴谋（德国版）,NDS#3963,18.25MB
nds,"Midnight Mysteries - The Edgar Allan Poe Conspiracy (Europe) (En,Fr,Nl) (Rev 1)","午夜迷踪-爱伦坡谋杀案（欧版） (En,Fr,Nl) （修正版 1）",NDS#3964,18.30MB
nds,"Midnight Mysteries - The Edgar Allan Poe Conspiracy (Europe) (Fr,Nl)","午夜迷踪-爱伦坡谋杀案（欧版） (Fr,Nl)",NDS#3965,18.01MB
nds,Midnight Mysteries - The Edgar Allan Poe Conspiracy (USA),午夜迷踪-爱伦坡谋杀案（美版）,NDS#3966,18.35MB
nds,"Midnight Play! Pack (Europe) (En,Fr,De,Es,It)","午夜赌场游戏集合（欧版） (En,Fr,De,Es,It)",NDS#3967,19.15MB
nds,"Midnight Play! Pack (USA) (En,Fr,Es)","午夜赌场游戏集合（美版） (En,Fr,Es)",NDS#3968,19.15MB
nds,"Miffy's World (Europe) (En,Fr,Es,Nl,Pt)",,NDS#3969,36.34MB
nds,"Miffy's World (Europe) (En,Sv,No,Da,Fi)",,NDS#3970,35.09MB
nds,"Might & Magic - Clash of Heroes (Europe) (En,Fr,De,Es,It)","魔法门-英雄交锋（欧版） (En,Fr,De,Es,It)",NDS#3971,17.34MB
nds,"Might & Magic - Clash of Heroes (USA) (En,Fr,Es)","魔法门-英雄交锋（美版） (En,Fr,Es)",NDS#3972,17.34MB
nds,Migungui Gunju (Korea),来自深渊（韩国版）,NDS#3973,5.40MB
nds,"Mijn Dierenpension (Netherlands) (En,Nl)","我的宠物旅店（荷兰版） (En,Nl)",NDS#3974,7.15MB
nds,"Mijn Dierenpension 2 (Netherlands) (En,Nl)","我的宠物旅馆 2（荷兰版） (En,Nl)",NDS#3975,16.07MB
nds,"Mijn Dierenpraktijk (Netherlands) (En,Nl)","我的兽医实习（荷兰版） (En,Nl)",NDS#3976,5.87MB
nds,"Mijn Dierenschool (Netherlands) (En,Nl)","我的动物学校（荷兰版） (En,Nl)",NDS#3977,12.21MB
nds,"Mijn Droomjob - Verpleegster (Europe) (Fr,Nl) [b]","我的梦想职业-护士（欧版） (Fr,Nl) [b]",NDS#3978,2.08MB
nds,"Military History - Commander - Europe at War (Europe) (En,Fr,De,Es,It)","战场指挥官-欧洲战争（欧版） (En,Fr,De,Es,It)",NDS#3979,5.29MB
nds,Milon no Hoshizora Shabon - Puzzle Kumikyoku (Japan),米隆的星空气泡-谜组曲（日版）,NDS#3980,1.85MB
nds,Mimi de Unou o Kitaeru - DS Chou-nouryoku (Japan),用耳朵锻炼右脑-DS听脑力（日版）,NDS#3981,64.98MB
nds,Mimi's Party Fun! (USA),,NDS#3982,11.81MB
nds,Minagara Oreru DS Origami (Japan),边看边折-DS折纸（日版）,NDS#3983,29.94MB
nds,"Mind Quiz - Your Brain Coach (Europe) (En,Fr,De,Es,It)","心灵问答-你的大脑训练（欧版） (En,Fr,De,Es,It)",NDS#3984,5.64MB
nds,"Mind Quiz - Your Brain Coach (USA) (En,Fr,De,Es,It)","心灵问答-你的大脑训练（美版） (En,Fr,De,Es,It)",NDS#3985,5.64MB
nds,"Mind Your Language - Apprends le Francais! (Europe) (En,Fr,De,Es,It)","留意您的语言-学会法语（欧版） (En,Fr,De,Es,It)",NDS#3986,6.98MB
nds,"Mind Your Language - Aprende Espanol! (Europe) (En,Fr,De,Es,It)","留意您的语言-西班牙语（欧版） (En,Fr,De,Es,It)",NDS#3987,7.36MB
nds,"Mind Your Language - Learn English! (Europe) (En,Fr,De,Es,It,Pt)","介意您的语言-学会英语（欧版） (En,Fr,De,Es,It,Pt)",NDS#3988,6.80MB
nds,"Mind Your Language - Learn Japanese! (Europe) (En,Fr,De,Es,It)","留意您的语言-学会日语（欧版） (En,Fr,De,Es,It)",NDS#3989,6.77MB
nds,"Mind Your Language - Lern Deutsch! (Europe) (En,Fr,De,Es,It) [b]","您介意的语言-学会德语!（欧版） (En,Fr,De,Es,It) [b]",NDS#3990,6.66MB
nds,"Mind. Body. Soul. - Blend-It (Europe) (En,Fr,De,Es,It)","心灵,身体和灵魂-调配它（欧版） (En,Fr,De,Es,It)",NDS#3991,10.46MB
nds,"Mind. Body. Soul. - Nutrition Matters (Europe) (En,Fr,De,Es,It)","灵、身体、灵魂的营养健康（欧版） (En,Fr,De,Es,It)",NDS#3992,7.32MB
nds,"Mind. Body. Soul. - Spellbound 2 (Europe) (En,Fr,De,Es,It)","着迷2（欧版） (En,Fr,De,Es,It)",NDS#3993,19.45MB
nds,"MinDStorm - Train Your Brain (Europe) (En,Fr,De,Es,It)","头脑风暴（欧版） (En,Fr,De,Es,It)",NDS#3994,1.14MB
nds,"MinDStorm 2 (Europe) (En,Fr,De,Es,It)","头脑风暴 2（欧版） (En,Fr,De,Es,It)",NDS#3995,1.72MB
nds,Mini Golf Resort (Germany),,NDS#3996,4.98MB
nds,"Mini Ninjas (Europe) (En,Fr,De,Es,It,Nl)","迷你忍者（欧版） (En,Fr,De,Es,It,Nl)",NDS#3997,25.65MB
nds,"Mini Ninjas (USA) (En,Fr,Es)","迷你忍者（美版） (En,Fr,Es)",NDS#3998,25.65MB
nds,Mini RC Rally (USA),迷你RC拉力赛车（美版）,NDS#3999,11.02MB
nds,Mini Yonku DS (Japan),迷你四驱车DS（日版）,NDS#4000,12.70MB
nds,Minna Atsumare! - Quiz Party (Japan),大家集合-猜谜派对（日版）,NDS#4001,1.63MB
nds,Minna de Asobou - Shanghai DS 2 (Japan) [b],上海DS2（日版） [b],NDS#4002,2.76MB
nds,Minna de Dokusho DS - Genji Monogatari + Chottodake Bungaku (Japan),大家来读书 DS 源氏物语-小品文学（日版）,NDS#4003,4.97MB
nds,Minna de Dokusho DS - Keetai Shousetsu Desuuu (Japan),大家来读书 DS 手机小说（日版）,NDS#4004,4.61MB
nds,Minna de Dokusho DS - Naruhodo! Tanoshii Seikatsu no Urawaza Kakushiwaza (Japan),全体读书DS 诚然!快乐的生活隐藏的小技巧（日版）,NDS#4005,6.12MB
nds,Minna de Dokusho DS - Torimonochou - Hanshichi & Umon & Ango & Agojuurou & Hatamoto Taikutsu Otoko (Japan),大家来读书 DS 捕物帐-半七-右门-颚十郎-旗本退屈男（日版）,NDS#4006,4.98MB
nds,Minna de Flash Anzan DS (Japan),大家一起快速心算DS（日版）,NDS#4007,4.08MB
nds,"Minna de Jibun no Setsumeisho - B-Gata, A-Gata, AB-Gata, O-Gata (Japan)",大家自己的说明书（日版）,NDS#4008,14.51MB
nds,"Minna de Jibun no Setsumeisho - B-Gata, A-Gata, AB-Gata, O-Gata (Japan) (Rev 1)",大家自己的说明书（日版） （修正版 1）,NDS#4009,17.31MB
nds,Minna de Taikan Dokusho DS - Choo Kowaai! - Gakkou no Kaidan (Japan),大家来体感读书DS-超恐怖学校怪谈（日版）,NDS#4010,6.35MB
nds,Minna de Wai Wai - Cocoto Kart (Japan),科科特卡丁赛车（日版）,NDS#4011,21.80MB
nds,Minna no Conveni (Japan),全民便利商店（日版）,NDS#4012,7.29MB
nds,Minna no Doubutsuen (Japan),全民动物园（日版）,NDS#4013,27.25MB
nds,Minna no DS Seminar - Kanpeki Eitango Ryoku (Japan),大家的DS研究班-完美英语单词能力（日版）,NDS#4014,21.33MB
nds,Minna no DS Seminar - Kanpeki Kanji Ryoku (Japan),大家的DS研究班-完美汉字能力（日版）,NDS#4015,3.97MB
nds,Minna no DS Seminar - Kantan Ongaku Ryoku - Kiso kara Hajimeru Gakufu Nyuumon (Japan),大众的DS补习班-简单音乐力（日版）,NDS#4016,4.40MB
nds,Minna no Mahjong DS (Japan) (Rev 1),全民麻将DS（日版） （修正版 1）,NDS#4017,2.15MB
nds,Minna no Oekakiya-san (Japan) [b],大家的小画家（日版） [b],NDS#4018,9.85MB
nds,Minna no Suizokukan (Japan),大众水族馆（日版）,NDS#4019,28.11MB
nds,Minna to Kimi no Piramekino! (Japan),扮神弄鬼一起来（日版）,NDS#4020,39.15MB
nds,"Minute to Win It (USA) (En,Fr,De,Es,It)","分秒必争（美版） (En,Fr,De,Es,It)",NDS#4021,9.90MB
nds,"Mio Coach di Cucina, Il - Prepara Cibi Sani e Gustosi (Italy) (NDSi Enhanced)",我的健康饮食教练（意大利版） (NDSi Enhanced),NDS#4022,66.07MB
nds,"Mio Coach, Il - Arricchisco il Mio Inglese (Italy)",我的英语教练（意大利版）,NDS#4023,9.68MB
nds,"Mio Coach, Il - Arricchisco il Mio Vocabolario (Italy)",我的单词教练（意大利版）,NDS#4024,16.23MB
nds,Mirakuru! Mimika DS (Japan),妙厨学生美味香 DS（日版）,NDS#4025,25.18MB
nds,Miru Chikara o Jissen de Kitaeru - DS Medikara Training (Japan),锻炼动态视觉实践-DS眼力训练（日版）,NDS#4026,7.24MB
nds,Miss Princess - MisPri! (Japan),,NDS#4027,59.81MB
nds,"Miss Spider's Sunny Patch Friends - Harvest Time Hop and Fly (Europe) (En,Fr,De,Es,It,Nl)","蜘蛛小姐：收获季节的热舞（欧版） (En,Fr,De,Es,It,Nl)",NDS#4028,6.46MB
nds,"Miss Spider's Sunny Patch Friends - Harvest Time Hop and Fly (Europe) (En,Fr,De,Es,It,Nl) (Rev 1)","蜘蛛小姐：收获季节的热舞（欧版） (En,Fr,De,Es,It,Nl) （修正版 1）",NDS#4029,6.26MB
nds,"Miss Spider's Sunny Patch Friends - Harvest Time Hop and Fly (USA) (En,Fr,Es)","蜘蛛小姐：收获季节的热舞（美版） (En,Fr,Es)",NDS#4030,6.46MB
nds,Mission Runway (USA),时尚设计（美版）,NDS#4031,39.87MB
nds,"Mister Slime (USA) (En,Fr,Es)","史莱姆先生（美版） (En,Fr,Es)",NDS#4032,7.97MB
nds,Mitame Kara Yomigaeru - Otona no Kikonashi Training (Japan),从外表亮起来-成熟衣着训练（日版）,NDS#4033,5.91MB
nds,Miteha Ikenai (Japan),不要看（日版）,NDS#4034,32.58MB
nds,Mitsukete! Keroro Gunsou - Machigai Sagashi Daisakusen de Arimasu! (Japan),找啊!库洛洛军曹-找错大作战!（日版）,NDS#4035,25.15MB
nds,Miyamoto Sansuu Kyoushitsu no Kyouzai - Kashikoku Naru Puzzle DS Ban (Japan),宫本算数教室教材-变聪明益智游戏DS版（日版）,NDS#4036,2.76MB
nds,Mizuiro Blood (Japan),水色之血（日版）,NDS#4037,16.05MB
nds,MK6-Motion (World) (Unl) [b],,NDS#4038,37.50KB
nds,MLB Power Pros 2008 (USA),职业棒球联盟2008（美版）,NDS#4039,36.58MB
nds,Moe Moe 2-ji Taisen(ryaku) Two - Yamato Nadeshiko (Japan),萌萌2次大战(略)2-大和抚子（日版）,NDS#4040,55.01MB
nds,Moe Sta - Moeru Toudai Eigojuku (Japan),萌星-最萌东大英语课堂（日版）,NDS#4041,185.85MB
nds,Moero! Nekketsu Rhythm Damashii - Osu! Tatakae! Ouendan 2 (Japan),燃烧吧!热血旋律魂-押忍!战斗!应援团2（日版）,NDS#4042,93.53MB
nds,Moetan DS (Japan),萌单DS（日版）,NDS#4043,40.40MB
nds,Mogitate Tingle no Barairo Rupee Land (Japan),新星诞生-庭格尔的蔷薇色卢比乐园（日版）,NDS#4044,33.61MB
nds,Mokjjangiyagi - Colobockle Station (Korea) [b],牧场物语-精灵驿站（韩国版） [b],NDS#4045,18.88MB
nds,Mokjjangiyagi - Colobockle Station for Girl (Korea) [b],牧场物语-妖精小站女孩版（韩国版） [b],NDS#4046,15.88MB
nds,Mokjjangiyagi - Neowa hamkke Jaraneun Seom (Korea) [b],牧场物语-养育你的小岛（韩国版） [b],NDS#4047,10.05MB
nds,Momo Waliou Zhizao (China) (iDS),摸摸瓦里奥制造（中国版） (iDS),NDS#4048,14.73MB
nds,Momo Yaoxi - Yun Zhong Manbu (China) (iDS),,NDS#4049,2.15MB
nds,Momotarou Dentetsu - 20 Shuunen (Japan),桃太郎电铁20周年（日版）,NDS#4050,11.10MB
nds,Momotarou Dentetsu - World (Japan),桃太郎电铁世界篇（日版）,NDS#4051,17.36MB
nds,Momotarou Dentetsu DS - Tokyo & Japan (Japan),桃太郎电铁DS（日版）,NDS#4052,4.60MB
nds,Momotarou Dentetsu DS - Tokyo & Japan (Japan) (Rev 1),桃太郎电铁DS（日版） （修正版 1）,NDS#4053,4.60MB
nds,Mon Coach Personnel - J'Ameliore Mon Anglais (Canada),我的英语教练（加拿大版）,NDS#4054,9.55MB
nds,Mon Coach Personnel - J'Ameliore Mon Anglais (France),我的英语教练（法国版）,NDS#4055,9.56MB
nds,Mon Coach Personnel - J'Ameliore Mon Espagnol (Canada),我的西班牙语教练（加拿大版）,NDS#4056,9.53MB
nds,Mon Coach Personnel - J'Ameliore Mon Espagnol (France),我的西班牙语教练（法国版）,NDS#4057,9.53MB
nds,Mon Coach Personnel - J'Enrichis Mon Vocabulaire (Canada),字母游戏（加拿大版）,NDS#4058,15.12MB
nds,Mon Coach Personnel - J'Enrichis Mon Vocabulaire (France),字母游戏（法国版）,NDS#4059,15.12MB
nds,Mon Coach Personnel - Mes Recettes Plaisir et Ligne (France) (NDSi Enhanced),我的健康饮食教练（法国版） (NDSi Enhanced),NDS#4060,66.33MB
nds,Mon Premier Bescherelle (France),Bescherelle我的初次法语字典（法国版）,NDS#4061,6.59MB
nds,Mondai na Nihongo (Japan),问题日语校正（日版）,NDS#4062,2.89MB
nds,"Monkey Madness - Island Escape (USA) (En,Fr,Es)",,NDS#4063,2.60MB
nds,Monmallineun 3-gongjuwa Hamkkehaneun - Geurimyeonsang Yeongdaneo Amgibeop (Korea),如何记住与图片相关联的英语词汇（韩国版）,NDS#4064,104.59MB
nds,Monokuro Boo & Baby Boo - Kururin Boo (Japan),黑白猪和宝宝猪的旋转方块（日版）,NDS#4065,1.38MB
nds,"Monopoly (Europe) (En,Fr,De)","大富翁（欧版） (En,Fr,De)",NDS#4066,2.21MB
nds,"Monopoly (USA) (En,Fr)","大富翁（美版） (En,Fr)",NDS#4067,2.21MB
nds,"Monster Band (USA) (En,Fr,De,Es,It)",,NDS#4068,7.14MB
nds,"Monster Bomber (Europe) (En,Fr,De,Es,It)","怪兽炸弹人（欧版） (En,Fr,De,Es,It)",NDS#4069,4.70MB
nds,Monster Bomber (Japan),怪兽炸弹人（日版）,NDS#4070,3.71MB
nds,Monster Bomber (USA),怪兽炸弹人（美版）,NDS#4071,3.72MB
nds,Monster Farm DS 2 - Yomigaeru! Master Breeder Densetsu (Japan) [b],怪物农场DS2-复苏!驯养大师传说场（日版） [b],NDS#4072,35.13MB
nds,"Monster Frenzy (USA) (En,Fr,Es)","怪物疯狂（美版） (En,Fr,Es)",NDS#4073,12.28MB
nds,"Monster High - 13 Wishes (Europe) (En,Fr,De,Es,It,Nl,Sv,No,Da,Fi)",,NDS#4074,8.30MB
nds,"Monster High - 13 Wishes (USA) (En,Fr,Es)",,NDS#4075,8.20MB
nds,"Monster High - Ghoul Spirit (Europe) (En,Fr,De,Es,It,Nl) (Little Orbit) (NDSi Enhanced)",,NDS#4076,32.65MB
nds,"Monster High - Ghoul Spirit (Europe) (En,Fr,De,Es,It,Nl) (THQ) (NDSi Enhanced)",,NDS#4077,32.65MB
nds,"Monster High - Ghoul Spirit (USA) (En,Fr) (NDSi Enhanced)",,NDS#4078,24.67MB
nds,"Monster High - Ghoul Spirit (USA) (En,Fr) (Rev 1) (Little Orbit) (NDSi Enhanced)",,NDS#4079,24.67MB
nds,"Monster High - Skultimate Roller Maze (Europe) (En,Fr,De,Es,It,Nl,Sv,No,Da,Fi)",,NDS#4080,3.16MB
nds,"Monster High - Skultimate Roller Maze (USA) (En,Fr,Es)",,NDS#4081,3.08MB
nds,"Monster House (Europe) (En,Fr,De,Es,It,Sv,Da)","怪兽小屋（欧版） (En,Fr,De,Es,It,Sv,Da)",NDS#4082,9.75MB
nds,Monster House (Japan),怪兽小屋（日版）,NDS#4083,9.38MB
nds,Monster House (United Kingdom),怪兽小屋(United Kingdom),NDS#4084,9.75MB
nds,"Monster House (USA) (En,Fr)","怪兽小屋（美版） (En,Fr)",NDS#4085,9.75MB
nds,Monster Jam (Europe),怪兽卡车（欧版）,NDS#4086,26.91MB
nds,"Monster Jam (Europe) (Fr,De,Es,It)","怪兽卡车（欧版） (Fr,De,Es,It)",NDS#4087,27.95MB
nds,Monster Jam (USA),怪兽卡车（美版）,NDS#4088,26.91MB
nds,"Monster Jam - Path of Destruction (Europe) (En,Fr,De,It,Nl)","怪物卡车-毁灭之路（欧版） (En,Fr,De,It,Nl)",NDS#4089,69.88MB
nds,Monster Jam - Path of Destruction (USA),怪物卡车-毁灭之路（美版）,NDS#4090,51.82MB
nds,"Monster Jam - Urban Assault (Europe) (En,Fr,De,Es,It)","怪兽卡车-市区争斗（欧版） (En,Fr,De,Es,It)",NDS#4091,24.25MB
nds,"Monster Jam - Urban Assault (USA) (En,Fr)","怪兽卡车-市区争斗（美版） (En,Fr)",NDS#4092,23.70MB
nds,"Monster Lab (Europe) (En,Fr,De,Es,It)","怪物实验室（欧版） (En,Fr,De,Es,It)",NDS#4093,70.83MB
nds,"Monster Lab (USA) (En,Fr,De,Es,It)","怪物实验室（美版） (En,Fr,De,Es,It)",NDS#4094,70.72MB
nds,Monster Mayhem - Build and Battle (USA),怪物大破坏-创建和战斗（美版）,NDS#4095,29.80MB
nds,Monster Puzzle (Europe),怪兽方块（欧版）,NDS#4096,4.19MB
nds,Monster Racers (Japan),怪兽竞速手（日版）,NDS#4097,9.36MB
nds,"Monster Racers (USA) (En,Fr,Es)","怪兽竞速手（美版） (En,Fr,Es)",NDS#4098,10.22MB
nds,Monster Rancher DS (USA),怪物农场DS（美版）,NDS#4099,35.30MB
nds,Monster Tale (USA),怪兽传说（美版）,NDS#4100,14.21MB
nds,"Monster Trucks DS (Europe) (En,Fr,De)","怪物四驱赛车DS（欧版） (En,Fr,De)",NDS#4101,6.67MB
nds,Monster Trucks DS (USA),怪物四驱赛车DS（美版）,NDS#4102,6.58MB
nds,"Monsters vs Aliens (Europe) (En,Fr,Nl,Sv)","怪兽大战异形（欧版） (En,Fr,Nl,Sv)",NDS#4103,38.30MB
nds,"Monsters vs Aliens (Europe) (Es,It)","怪兽大战异形（欧版） (Es,It)",NDS#4104,37.73MB
nds,Monsters vs Aliens (Germany),怪兽大战异形（德国版）,NDS#4105,29.38MB
nds,"Monsters vs Aliens (USA) (En,Fr)","怪兽大战异形（美版） (En,Fr)",NDS#4106,37.59MB
nds,Moomin-dani no Okurimono (Japan),成为暮明谷的居民吧（日版）,NDS#4107,15.13MB
nds,"Moon (Europe) (En,Fr,De,Es,It)","月面惊魂（欧版） (En,Fr,De,Es,It)",NDS#4108,45.54MB
nds,Moon (USA),月面惊魂（美版）,NDS#4109,45.56MB
nds,"Moorhuhn - Jewel of Darkness (Europe) (En,Fr,De)","小鸡猎人-黑暗宝石（欧版） (En,Fr,De)",NDS#4110,1.01MB
nds,"Moorhuhn - Star Karts (Europe) (En,Fr,De,Es,It)","搞怪鸡-星际卡丁车（欧版） (En,Fr,De,Es,It)",NDS#4111,5.26MB
nds,"Moorhuhn Adventure - The Pharaoh's Treasure (Europe) (En,Fr,De,Es,It)","怪鸡冒险记-法老王的宝藏（欧版） (En,Fr,De,Es,It)",NDS#4112,5.65MB
nds,"Moorhuhn DS (Europe) (En,Fr,De,Es,It,Nl)","射鸡英雄传（欧版） (En,Fr,De,Es,It,Nl)",NDS#4113,3.75MB
nds,"Moorhuhn Jump'n Run - Atlantis (Europe) (En,Fr,De,Es,It)","搞怪鸡-亚特兰蒂斯（欧版） (En,Fr,De,Es,It)",NDS#4114,7.07MB
nds,"More Brain Training from Dr Kawashima - How Old Is Your Brain (Europe) (En,Fr,De,Es,It,Nl)","更进一步成人脑力锻炼（欧版） (En,Fr,De,Es,It,Nl)",NDS#4115,20.37MB
nds,"More Brain Training from Dr Kawashima - How Old Is Your Brain (Europe) (En,Fr,De,Es,It,Nl) (Demo) (Kiosk)","更进一步成人脑力锻炼（欧版） (En,Fr,De,Es,It,Nl) （演示版） （商店演示版）",NDS#4116,3.53MB
nds,"More TouchMaster (Europe) (En,Fr,De,Es,It)","更强的触摸大师（欧版） (En,Fr,De,Es,It)",NDS#4117,13.44MB
nds,Mori no Cafeteria DS - Oshare na Cafe Recipe (Japan),森林餐厅 DS 华丽餐点食谱（日版）,NDS#4118,7.97MB
nds,Morinaga Takurou Kanshuu - Okane no Shin Joushiki DS Training (Japan),森永卓郎的省钱新常识 DS 训练（日版）,NDS#4119,11.61MB
nds,Moshi Monsters - Katsuma Unleashed (Europe),,NDS#4120,15.31MB
nds,Moshi Monsters - Katsuma Unleashed (USA),,NDS#4121,15.31MB
nds,Moshi Monsters - Moshling Zoo (Europe),,NDS#4122,8.73MB
nds,Moshi Monsters - Moshling Zoo (USA),,NDS#4123,8.73MB
nds,Moshi Monsters - Moshlings Theme Park (Europe),,NDS#4124,10.84MB
nds,Moshi Monsters - Moshlings Theme Park (USA),,NDS#4125,10.84MB
nds,Moshimo! Kinen Surunara... (Japan),有朝一日!? 如果禁烟的话?（日版）,NDS#4126,4.22MB
nds,Moshimo! Saibanin ni Erabaretara... (Japan),有朝一日!? 如果被选进陪审团的话?（日版）,NDS#4127,4.61MB
nds,"Moto Racer DS (Europe) (En,Fr,De,Es,It)","摩托英豪DS（欧版） (En,Fr,De,Es,It)",NDS#4128,12.68MB
nds,"Moto Racer DS (USA) (En,Fr,Es)","摩托英豪DS（美版） (En,Fr,Es)",NDS#4129,12.69MB
nds,Mots Croises (France),纵横填字（法国版）,NDS#4130,1.90MB
nds,Mots Croises 2 (France),填字游戏2（法国版）,NDS#4131,1.78MB
nds,"Motto Hayaku! Seikaku ni! - Kazu Sense, Keisanryoku Up Training - Suutore (Japan)",计算力提升训练-数字练习（日版）,NDS#4132,9.05MB
nds,Motto Me de Unou o Kitaeru - DS Sokudoku Jutsu (Japan),更多眼之右脑锻炼DS速读术（日版）,NDS#4133,4.53MB
nds,Motto TOEIC Test DS Training (Japan),TOEIC测验DS-强化训练（日版）,NDS#4134,49.03MB
nds,Motto! Hamster to Kurasou - Akachan ga Umareta yo (Japan),,NDS#4135,10.32MB
nds,Motto! Stitch! DS - Rhythm de Rakugaki Daisakusen (Japan),星际宝贝DS-节奏涂鸦大作战（日版）,NDS#4136,24.42MB
nds,Moxie Girlz (USA) (NDSi Enhanced),慕斯女孩（美版） (NDSi Enhanced),NDS#4137,8.68MB
nds,Moyashimon DS - Tales of Agriculture (Japan),萌菌物语DS（日版）,NDS#4138,13.52MB
nds,Moyeora! Kirby (Korea),,NDS#4139,12.93MB
nds,"Mr Bean (Europe) (En,Fr,De,Es,It,Nl,Pt,Sv,No,Da,Fi)","憨豆先生（欧版） (En,Fr,De,Es,It,Nl,Pt,Sv,No,Da,Fi)",NDS#4140,6.75MB
nds,Mr. Driller - Drill Spirits (Europe),钻地先生-钻魂（欧版）,NDS#4141,6.38MB
nds,Mr. Driller - Drill Spirits (Japan),钻地先生-钻魂（日版）,NDS#4142,7.49MB
nds,Mr. Driller - Drill Spirits (USA),钻地先生-钻魂（美版）,NDS#4143,6.06MB
nds,Mr. Incredible - Kyouteki Underminer Toujou (Japan),超人特攻队-强敌地底怪客登场（日版）,NDS#4144,4.37MB
nds,"Mr. Slime Jr. (Europe) (En,Fr,De,Es,It,Nl,Sv,No,Da)","小粘土先生（欧版） (En,Fr,De,Es,It,Nl,Sv,No,Da)",NDS#4145,7.97MB
nds,Mr. Slime Jr. (Germany),小粘土先生（德国版）,NDS#4146,7.87MB
nds,"MTV Fan Attack (Europe) (En,Fr,De,Es,It)","MTV歌迷来袭（欧版） (En,Fr,De,Es,It)",NDS#4147,31.94MB
nds,"MTV Fan Attack (Europe) (En,Nl,Sv,No,Da)","MTV歌迷来袭（欧版） (En,Nl,Sv,No,Da)",NDS#4148,31.94MB
nds,Mugen Kouro (Japan),无限航路（日版）,NDS#4149,88.41MB
nds,Mugen no Frontier - Super Robot Taisen OG Saga (Japan),无限边境-超级机器人大战OG传奇（日版）,NDS#4150,65.57MB
nds,Mugen no Frontier Exceed - Super Robot Taisen OG Saga (Japan),无限边疆EXCEED-超级机器人大战OG传奇（日版）,NDS#4151,172.12MB
nds,"Mummi og de Mystiske Hylene (Europe) (Sv,No,Da,Fi)","姆明和神秘的尖叫声（欧版） (Sv,No,Da,Fi)",NDS#4152,50.36MB
nds,"Mummi og den Store Hoestfesten (Europe) (Sv,No,Da,Fi)","姆明和伟大的秋季盛宴（欧版） (Sv,No,Da,Fi)",NDS#4153,41.30MB
nds,"Mummy, The - Tomb of the Dragon Emperor (Europe) (En,Fr,De,Es,It)","木乃伊3-龙帝之墓（欧版） (En,Fr,De,Es,It)",NDS#4154,40.38MB
nds,"Mummy, The - Tomb of the Dragon Emperor (USA) (En,Fr,De,Es,It)","木乃伊3-龙帝之墓（美版） (En,Fr,De,Es,It)",NDS#4155,40.38MB
nds,"Murder in Venice (Europe) (En,Fr,De,Es,It,Nl)","威尼斯谋杀案（欧版） (En,Fr,De,Es,It,Nl)",NDS#4156,19.40MB
nds,"Murder in Venice (USA) (En,Fr,Es)","威尼斯谋杀案（美版） (En,Fr,Es)",NDS#4157,19.40MB
nds,"Murder on the Titanic (Europe) (En,Fr,De,Nl) (NDSi Enhanced)",,NDS#4158,25.05MB
nds,Mushi - Machi no Konchuu Monogatari (Japan),昆虫镇的昆虫物语（日版）,NDS#4159,14.53MB
nds,Mushishi - Ame Furu Sato (Japan),虫师-天降之里（日版）,NDS#4160,33.16MB
nds,"Mushroom Men - Rise of the Fungi (Europe) (En,Fr,De,Es,It)","蘑菇人-菌类的崛起（欧版） (En,Fr,De,Es,It)",NDS#4161,11.29MB
nds,"Mushroom Men - Rise of the Fungi (USA) (En,Fr,De,Es,It)","蘑菇人-菌类的崛起（美版） (En,Fr,De,Es,It)",NDS#4162,11.29MB
nds,"Music - Music for Everyone (Europe) (En,Fr,De,Es,It)","音乐（欧版） (En,Fr,De,Es,It)",NDS#4163,5.52MB
nds,"Music for Kids (Europe) (En,De) (NDSi Enhanced)",,NDS#4164,9.50MB
nds,"Music Monstars - The Ultimate Music Machine (Europe) (En,Fr,De,Es,It)","音乐魔星（欧版） (En,Fr,De,Es,It)",NDS#4165,7.11MB
nds,"Music Star - I Wanna Be a Popstar (Europe) (En,Fr,De,Es,It,Nl)","音乐明星-我想要当明星（欧版） (En,Fr,De,Es,It,Nl)",NDS#4166,3.44MB
nds,"MX vs ATV Reflex (Europe) (En,Fr,De,Es,It)","究极大越野-超完美特技（欧版） (En,Fr,De,Es,It)",NDS#4167,22.53MB
nds,"MX vs ATV Reflex (USA) (En,Fr)","究极大越野-超完美特技（美版） (En,Fr)",NDS#4168,22.53MB
nds,MX vs. ATV Extreme Limite (France),究级大越野-突破控制（法国版）,NDS#4169,8.40MB
nds,MX vs. ATV Untamed (Europe),究级大越野-突破控制（欧版）,NDS#4170,8.39MB
nds,MX vs. ATV Untamed (USA),究级大越野-突破控制（美版）,NDS#4171,8.45MB
nds,My Amusement Park (USA),,NDS#4172,11.10MB
nds,"My Animal Centre (Europe) (En,Fr,De,Es,It,Nl)","我的动物中心（欧版） (En,Fr,De,Es,It,Nl)",NDS#4173,8.81MB
nds,"My Animal Centre - Baby Animals (Europe) (En,Fr,De,Es,It)","我的动物中心-动物宝宝（欧版） (En,Fr,De,Es,It)",NDS#4174,6.80MB
nds,"My Animal Centre in Africa (Europe) (En,Fr,De,Es,It)","我的非洲动物园（欧版） (En,Fr,De,Es,It)",NDS#4175,6.02MB
nds,"My Animal Centre in Africa (Europe) (Sv,No,Da,Fi)","我的非洲动物园（欧版） (Sv,No,Da,Fi)",NDS#4176,6.64MB
nds,"My Animal Centre in Australia (Europe) (En,Fr,De,Es,It,Nl)","我的动物中心-澳大利亚（欧版） (En,Fr,De,Es,It,Nl)",NDS#4177,11.81MB
nds,"My Baby - Boy (Europe) (En,Fr,De,Es,It,Nl,Pt)","我的男婴宝宝（欧版） (En,Fr,De,Es,It,Nl,Pt)",NDS#4178,10.34MB
nds,"My Baby - Boy (USA) (En,Fr,Es)","我的男婴宝宝（美版） (En,Fr,Es)",NDS#4179,10.18MB
nds,"My Baby - First Steps (USA) (En,Fr,Es)","我宝宝的第一步（美版） (En,Fr,Es)",NDS#4180,20.74MB
nds,"My Baby - Girl (Europe) (En,Fr,De,Es,It,Nl,Pt)","我的女婴宝宝（欧版） (En,Fr,De,Es,It,Nl,Pt)",NDS#4181,10.34MB
nds,"My Baby - Girl (USA) (En,Fr,Es)","我的女婴宝宝（美版） (En,Fr,Es)",NDS#4182,10.18MB
nds,"My Baby - Girl (USA) (En,Fr,Es) (Majesco)","我的女婴宝宝（美版） (En,Fr,Es) (Majesco)",NDS#4183,10.26MB
nds,"My Baby 2 - Boy & Girl (Europe) (En,Fr,De,Es,It,Nl)","我的宝宝2（欧版） (En,Fr,De,Es,It,Nl)",NDS#4184,32.10MB
nds,"My Baby 3 & Friends (Europe) (En,Fr,De,Es,It,Nl,Pt)","我的宝贝3（欧版） (En,Fr,De,Es,It,Nl,Pt)",NDS#4185,36.71MB
nds,"My Baby 3 & Friends (USA) (En,Fr,Es)","我的宝贝3（美版） (En,Fr,Es)",NDS#4186,36.71MB
nds,"My Ballet Studio (USA) (En,Fr,De,Es,It)",,NDS#4187,32.40MB
nds,"My Best Friends - Cats & Dogs (Europe) (En,Fr,De,Es,It)","我最好的朋友-猫猫与狗狗（欧版） (En,Fr,De,Es,It)",NDS#4188,5.87MB
nds,"My Boyfriend (Europe) (En,Fr,De,Es,It)","我的男友（欧版） (En,Fr,De,Es,It)",NDS#4189,6.51MB
nds,"My Boyfriend (Germany) (En,De)","我的男友（德国版） (En,De)",NDS#4190,6.40MB
nds,"My Boyfriend (Summer of My Life) (USA) (En,Fr,De,Es,It)","我的男友(Summer of My Life) （美版） (En,Fr,De,Es,It)",NDS#4191,11.61MB
nds,My Boyfriend - Der Sommer Meines Lebens (Germany),我的男友-夏日生活（德国版）,NDS#4192,11.41MB
nds,My Boyfriend - Verliebt in einen Star (Germany),我的男朋友-爱上星（德国版）,NDS#4193,12.86MB
nds,My Chinese Coach - Learn a New Language (USA),我的中文教练（美版）,NDS#4194,37.96MB
nds,"My Chinese Coach - Learn to Speak Chinese (Europe) (En,Fr,De,Es,It)","我的中文老师（欧版） (En,Fr,De,Es,It)",NDS#4195,42.83MB
nds,My Cooking Coach - Prepare Healthy Recipes (Europe) (NDSi Enhanced),我的健康饮食教练（欧版） (NDSi Enhanced),NDS#4196,62.81MB
nds,"My Dangerous Pet - Snake (Europe) (En,Fr,De,Es,It) [b]","我的危险宠物蛇（欧版） (En,Fr,De,Es,It) [b]",NDS#4197,15.16MB
nds,"My Dangerous Pet - Spider (Europe) (En,Fr,De,Es,It) [b]","我的危险宠物蜘蛛（欧版） (En,Fr,De,Es,It) [b]",NDS#4198,15.16MB
nds,"My Dog Coach - Understand Your Dog with Cesar Millan (Europe) (En,Fr,Es)","我的狗教练-和凯撒米兰一起了解你的狗（欧版） (En,Fr,Es)",NDS#4199,14.38MB
nds,"My Dogs Paradise (Europe) (En,Fr,De,Es,It,Nl)","我的小狗天堂（欧版） (En,Fr,De,Es,It,Nl)",NDS#4200,7.65MB
nds,"My DoItAll (USA) (En,Fr,Es)","我的全能助手（美版） (En,Fr,Es)",NDS#4201,2.61MB
nds,"My Dress-Up (Europe) (En,Fr,De,Es,It,Sv,No,Da,Fi)","我的穿着（欧版） (En,Fr,De,Es,It,Sv,No,Da,Fi)",NDS#4202,1.52MB
nds,My Dress-Up (USA),我的穿着（美版）,NDS#4203,1.52MB
nds,"My English Coach (Europe) (Fr,De,Es,It) [b]","我的英文老师（欧版） (Fr,De,Es,It) [b]",NDS#4204,36.63MB
nds,My English Coach para Hispanoparlantes - Ingles a Tu Alcance! (USA) (Es),我的英语老师-西班牙语版（美版） (Es),NDS#4205,33.27MB
nds,"My Farm Around the World (Europe) (En,Fr,De,Es,It,Pt)","我的环球农场（欧版） (En,Fr,De,Es,It,Pt)",NDS#4206,2.40MB
nds,"My Farm Around the World (USA) (En,Fr)","我的环球农场（美版） (En,Fr)",NDS#4207,2.38MB
nds,"My Fashion Studio (USA) (En,Fr,Es)","我的时尚工作室（美版） (En,Fr,Es)",NDS#4208,8.76MB
nds,"My First Dollhouse (USA) (En,Fr,Es)",,NDS#4209,2.68MB
nds,My French Coach - Learn a New Language (USA),我的法语教练（美版）,NDS#4210,48.90MB
nds,My French Coach - Level 1 - Learn to Speak French (Europe),我的法语老师（欧版）,NDS#4211,48.90MB
nds,My French Coach - Level 2 - Improve Your French (Europe),我的法语教练（欧版）,NDS#4212,10.88MB
nds,"My Friends (Europe) (En,Fr,De,Es,It)","我的朋友（欧版） (En,Fr,De,Es,It)",NDS#4213,1.31MB
nds,"My Friends (USA) (En,Fr,Es)","我的朋友（美版） (En,Fr,Es)",NDS#4214,1.32MB
nds,"My Frogger - Toy Trials (Europe) (En,Fr,De,Es,It)","我的青蛙-玩具之旅（欧版） (En,Fr,De,Es,It)",NDS#4215,13.24MB
nds,My Frogger - Toy Trials (USA),我的青蛙-玩具之旅（美版）,NDS#4216,13.24MB
nds,"My Fun Facts Coach - Facts for Your Daily Life (USA) (En,Fr)","我的興趣老師（美版） (En,Fr)",NDS#4217,3.89MB
nds,"My Happy Kitchen (Europe) (En,Fr,De,Es,It)","我愉快的厨房（欧版） (En,Fr,De,Es,It)",NDS#4218,8.73MB
nds,"My Health Coach - Manage Your Weight (Europe) (En,Fr,De,Es,It,Nl)","我的健康教练-管理您的体重（欧版） (En,Fr,De,Es,It,Nl)",NDS#4219,12.73MB
nds,"My Health Coach - Manage Your Weight (Europe) (En,Fr,De,Es,It,Nl) (Rev 1)","我的健康教练-管理您的体重（欧版） (En,Fr,De,Es,It,Nl) （修正版 1）",NDS#4220,12.74MB
nds,"My Health Coach - Stop Smoking with Allen Carr (Europe) (En,Fr,De,Es,It,Nl)","我的健康教练-戒烟（欧版） (En,Fr,De,Es,It,Nl)",NDS#4221,16.79MB
nds,My Healthy Cooking Coach - Easy Way to Cook Healthy (USA) (NDSi Enhanced),我的健康饮食教练（美版） (NDSi Enhanced),NDS#4222,64.42MB
nds,My Hero - Doctor (USA),我的英雄-医生（美版）,NDS#4223,9.19MB
nds,My Hero - Firefighter (USA),我的英雄-消防员（美版）,NDS#4224,7.27MB
nds,"My Horse & Me (Europe) (En,Fr,De,Es,It,Nl,Sv,Da)","我和我的小马（欧版） (En,Fr,De,Es,It,Nl,Sv,Da)",NDS#4225,7.48MB
nds,"My Horse & Me (Europe) (En,Fr,De,Es,It,Nl,Sv,Da) (Rev 1)","我和我的小马（欧版） (En,Fr,De,Es,It,Nl,Sv,Da) （修正版 1）",NDS#4226,7.48MB
nds,"My Horse & Me (USA) (En,Fr,Es)","我和我的小马（美版） (En,Fr,Es)",NDS#4227,7.48MB
nds,"My Horse & Me - Riding for Gold (USA) (En,Fr,Es)","我和我的小马 2（美版） (En,Fr,Es)",NDS#4228,13.63MB
nds,"My Horse & Me 2 (Europe) (En,Fr,De,Es,It,Nl,Sv,No,Da,Fi) [b]","我和我的小马2（欧版） (En,Fr,De,Es,It,Nl,Sv,No,Da,Fi) [b]",NDS#4229,13.57MB
nds,"My Horse Club (Europe) (En,De,Es,It,Nl)","我的马匹俱乐部（欧版） (En,De,Es,It,Nl)",NDS#4230,8.18MB
nds,My Japanese Coach - Learn a New Language (USA),我的日语教练（美版）,NDS#4231,34.08MB
nds,My Japanese Coach - Learn to Speak Japanese (Europe),我的日文老师（欧版）,NDS#4232,34.08MB
nds,"My Little Baby (Europe) (En,De)","我的小宝贝（欧版） (En,De)",NDS#4233,8.59MB
nds,"My Little Baby (Europe) (En,Fr,De,Es) [b]","我的小宝贝（欧版） (En,Fr,De,Es) [b]",NDS#4234,9.49MB
nds,"My Little Baby (Europe) (En,Fr,De,Es,It,Sv,No,Da) [b]","我的小宝贝（欧版） (En,Fr,De,Es,It,Sv,No,Da) [b]",NDS#4235,10.02MB
nds,"My Little Flufties (Europe) (En,Fr,De,Es,It)","毛绒乐园（欧版） (En,Fr,De,Es,It)",NDS#4236,9.90MB
nds,My Little Pony - Pinkie Pie's Party (USA),我的小马-粉色派聚会（美版）,NDS#4237,7.93MB
nds,"My Make-Up (Europe) (En,Fr,De,Es,It,Sv,No,Da,Fi)","我的妆扮（欧版） (En,Fr,De,Es,It,Sv,No,Da,Fi)",NDS#4238,1.57MB
nds,My Make-Up (USA),我的妆扮（美版）,NDS#4239,1.51MB
nds,My Melody Angel Book - Denshi Techou & Enjoy Game (Japan),我的悦耳天使书（日版）,NDS#4240,44.01MB
nds,"My Own Pet Shelter (Europe) (En,Fr,De,Nl)","我的宠物住房（欧版） (En,Fr,De,Nl)",NDS#4241,4.94MB
nds,"My Paris Fashion House (Europe) (En,Fr,De,Es,It,Nl,Sv,No,Da)","我的巴黎时装商店（欧版） (En,Fr,De,Es,It,Nl,Sv,No,Da)",NDS#4242,8.68MB
nds,"My Pet Beauty Salon (Europe) (En,Fr,De,Es,It)","我的美丽动物宾馆（欧版） (En,Fr,De,Es,It)",NDS#4243,11.28MB
nds,My Pet Chimp (USA),我的宠物黑猩猩（美版）,NDS#4244,8.09MB
nds,"My Pet Dolphin (Europe) (En,Fr,De,Es,It)","我的宠物海豚（欧版） (En,Fr,De,Es,It)",NDS#4245,5.14MB
nds,"My Pet Dolphin (Europe) (En,Fr,De,Es,It) (Rev 1)","我的宠物海豚（欧版） (En,Fr,De,Es,It) （修正版 1）",NDS#4246,5.15MB
nds,"My Pet Dolphin 2 (Europe) (En,Fr,De,Es,It)","我爱海豚2（欧版） (En,Fr,De,Es,It)",NDS#4247,6.48MB
nds,"My Pet Hotel 2 (Europe) (En,It)","我的宠物旅馆2（欧版） (En,It)",NDS#4248,16.09MB
nds,"My Pet Hotel 2 (Europe) (En,Sv,No,Da)","我的宠物旅馆2（欧版） (En,Sv,No,Da)",NDS#4249,15.39MB
nds,"My Pet Hotel 2 (Europe) (Fr,Es)","我的宠物旅馆2（欧版） (Fr,Es)",NDS#4250,16.02MB
nds,"My Pet Kitten (Europe) (En,Fr,De,Es,It) [b]","我的宠物小猫（欧版） (En,Fr,De,Es,It) [b]",NDS#4251,19.75MB
nds,"My Pet Parrot (Europe) (En,Fr,De,Es,It)","我的宠物鹦鹉（欧版） (En,Fr,De,Es,It)",NDS#4252,7.31MB
nds,"My Pet Pony (Europe) (En,Fr,De,Es,It) [b]","我的宠物小马（欧版） (En,Fr,De,Es,It) [b]",NDS#4253,4.81MB
nds,"My Pet Puppy (Europe) (En,Fr,De,Es,It) [b]","我的宠物小狗（欧版） (En,Fr,De,Es,It) [b]",NDS#4254,30.24MB
nds,"My Pet School (Europe) (En,Fr,Es,It)","我的宠物学校（欧版） (En,Fr,Es,It)",NDS#4255,14.60MB
nds,"My Pet Shop (Europe) (En,Fr,De,Es,It)","我的宠物商店（欧版） (En,Fr,De,Es,It)",NDS#4256,19.37MB
nds,"My Pet Shop (USA) (En,Fr,De,Es,It)","我的宠物商店（美版） (En,Fr,De,Es,It)",NDS#4257,19.37MB
nds,"My Pet Zoo Vet (Europe) (En,Fr,De,Es,It)","我的宠物-动物园兽医（欧版） (En,Fr,De,Es,It)",NDS#4258,25.57MB
nds,"My Puppy Shop (Europe) (En,Fr,De,Es,It,Nl,Sv,Da)","我的狗狗商店（欧版） (En,Fr,De,Es,It,Nl,Sv,Da)",NDS#4259,16.79MB
nds,My Reading Tutor (USA),,NDS#4260,8.78MB
nds,My SAT Coach with The Princeton Review - Crack the SAT (USA),我的普林斯顿-SAT培训老师（美版）,NDS#4261,4.37MB
nds,"My Secret Diary (Europe) (En,Fr,De,Es,It,Sv,No,Da,Fi)","我的秘密日记（欧版） (En,Fr,De,Es,It,Sv,No,Da,Fi)",NDS#4262,919.38KB
nds,My Secret Diary (USA),我的秘密日记（美版）,NDS#4263,918.09KB
nds,"My Secret World by Imagine (Europe) (En,Fr,De,Es,It,Nl,Pt,Sv,No,Da)","我想象中的神秘世界（欧版） (En,Fr,De,Es,It,Nl,Pt,Sv,No,Da)",NDS#4264,6.62MB
nds,"My Secret World by Imagine (USA) (En,Fr,Es,Pt)","我想象中的神秘世界（美版） (En,Fr,Es,Pt)",NDS#4265,6.62MB
nds,My Spanish Coach - Learn a New Language (USA),我的西班牙语教练（美版）,NDS#4266,51.17MB
nds,"My Spanish Coach - Level 1 (Europe) (En,Es)",,NDS#4267,52.72MB
nds,My Spanish Coach - Level 2 - Improve Your Spanish (Europe),我的西班牙语教练（欧版）,NDS#4268,10.88MB
nds,"My Stop Smoking Coach with Allen Carr Easyway - Quit for Good (USA) (En,Fr,Es)","我的戒烟教练（美版） (En,Fr,Es)",NDS#4269,16.79MB
nds,"My Vet Practice - In Australia (Europe) (En,Fr,De,Es,It) [b]","我在澳洲的兽医实习（欧版） (En,Fr,De,Es,It) [b]",NDS#4270,24.98MB
nds,"My Vet Practice - In the Country (Europe) (En,Fr,De,Es,It)","我的兽医实习-在乡村（欧版） (En,Fr,De,Es,It)",NDS#4271,30.53MB
nds,My Virtual Tutor - Reading - 1st Grade to 2nd Grade (USA),,NDS#4272,5.13MB
nds,My Virtual Tutor - Reading - K to 1st Grade (USA),,NDS#4273,4.83MB
nds,My Virtual Tutor - Reading - Pre-K to Kindergarten (USA),,NDS#4274,4.74MB
nds,"My Weight Loss Coach - Improve Your Health (USA) (En,Fr,Es)","我的减肥教练（美版） (En,Fr,Es)",NDS#4275,12.72MB
nds,My Word Coach - Develop Your Vocabulary (Europe),我的单词教练（欧版）,NDS#4276,16.39MB
nds,My Word Coach - Improve Your Vocabulary (USA),我的单词教练（美版）,NDS#4277,16.39MB
nds,My Word Coach - Verbeter Je Woordenschat (Netherlands),我的单词教练（荷兰版）,NDS#4278,16.01MB
nds,My Word Coach Junior - Woordjes Leren (Netherlands),我的单词老师-学会单词（荷兰版）,NDS#4279,8.72MB
nds,"My World, My Way (USA)",我的世界我的路（美版）,NDS#4280,19.56MB
nds,"MySims (Europe) (En,Fr,De,Es,It,Nl)","我与模拟小镇（欧版） (En,Fr,De,Es,It,Nl)",NDS#4281,14.49MB
nds,MySims (Korea),我与模拟小镇（韩国版）,NDS#4282,14.49MB
nds,"MySims (USA) (En,Fr,Es)","我与模拟小镇（美版） (En,Fr,Es)",NDS#4283,14.49MB
nds,"MySims - Agents (Europe) (En,Fr,De,Es,It,Nl,Pt,Sv,No,Da)","我的模拟人生-特工（欧版） (En,Fr,De,Es,It,Nl,Pt,Sv,No,Da)",NDS#4284,22.92MB
nds,"MySims - Agents (USA) (En,Fr,Es)","我的模拟人生-特工（美版） (En,Fr,Es)",NDS#4285,22.92MB
nds,"MySims - Kingdom (Europe) (En,Fr,De,Es,It,Nl,Pt,Sv,Pl,Cs,Hu)","我的模拟王国（欧版） (En,Fr,De,Es,It,Nl,Pt,Sv,Pl,Cs,Hu)",NDS#4286,27.19MB
nds,"MySims - Kingdom (USA) (En,Fr,Es)","我的模拟王国（美版） (En,Fr,Es)",NDS#4287,27.19MB
nds,"MySims - Party (Europe) (En,Fr,De,Es,It,Nl,Pt)","我的模拟聚会（欧版） (En,Fr,De,Es,It,Nl,Pt)",NDS#4288,14.62MB
nds,"MySims - Party (USA) (En,Fr,Es)","我的模拟聚会（美版） (En,Fr,Es)",NDS#4289,12.76MB
nds,"MySims - Racing (Europe) (En,Fr,De,Es,It,Nl)","小市民赛车（欧版） (En,Fr,De,Es,It,Nl)",NDS#4290,28.12MB
nds,"MySims - Racing (USA) (En,Fr,Es)","小市民赛车（美版） (En,Fr,Es)",NDS#4291,28.06MB
nds,MySims - Simdeurui Wangguk (Korea) [b],我的模拟人生-王国（韩国版） [b],NDS#4292,27.19MB
nds,"MySims - SkyHeroes (Europe) (En,Fr,De,Es,It,Nl)","我的模拟人生-蓝天英雄（欧版） (En,Fr,De,Es,It,Nl)",NDS#4293,31.64MB
nds,"MySims - SkyHeroes (USA) (En,Fr,De,Es,It,Nl)","我的模拟人生-蓝天英雄（美版） (En,Fr,De,Es,It,Nl)",NDS#4294,31.64MB
nds,Myst (Europe) (Beta),神秘岛（欧版） （测试版）,NDS#4295,93.19MB
nds,"Myst (Europe) (En,Fr,De)","神秘岛（欧版） (En,Fr,De)",NDS#4296,95.04MB
nds,"Myst (USA) (En,Fr)","神秘岛（美版） (En,Fr)",NDS#4297,94.17MB
nds,"Myst (USA) (En,Fr) (Rev 1)","神秘岛（美版） (En,Fr) （修正版 1）",NDS#4298,93.37MB
nds,"Mysterious Adventures in the Caribbean (Europe) (En,De,Nl)","加勒比海的神秘冒险（欧版） (En,De,Nl)",NDS#4299,7.07MB
nds,"Mysterious Adventures in the Caribbean (Europe) (En,Fr,De,Nl) (Rev 1)","加勒比海的神秘冒险（欧版） (En,Fr,De,Nl) （修正版 1）",NDS#4300,7.07MB
nds,"Mysterious Case of Dr. Jekyll & Mr. Hyde, The (Europe)",化身博士（欧版）,NDS#4301,10.74MB
nds,"Mysterious Case of Dr. Jekyll & Mr. Hyde, The (Europe) (Fr,De)","化身博士（欧版） (Fr,De)",NDS#4302,10.87MB
nds,"Mysterious Case of Dr. Jekyll & Mr. Hyde, The (Europe) (Fr,Nl)","化身博士（欧版） (Fr,Nl)",NDS#4303,10.86MB
nds,"Mysterious Case of Dr. Jekyll & Mr. Hyde, The (USA)",化身博士（美版）,NDS#4304,10.88MB
nds,"Mystery Case Files - MillionHeir (Europe) (En,Fr,De,Es,It)","神秘事件档案-百万遗产（欧版） (En,Fr,De,Es,It)",NDS#4305,79.64MB
nds,Mystery Case Files - MillionHeir (USA) (Demo) (Kiosk),神秘事件档案-百万遗产（美版） （演示版） （商店演示版）,NDS#4306,23.66MB
nds,"Mystery Case Files - MillionHeir (USA) (En,Fr,Es)","神秘事件档案-百万遗产（美版） (En,Fr,Es)",NDS#4307,79.46MB
nds,"Mystery Case Files - MillionHeir (USA) (En,Fr,Es) (Rev 1)","神秘事件档案-百万遗产（美版） (En,Fr,Es) （修正版 1）",NDS#4308,79.45MB
nds,"Mystery Case Files - Prime Suspects (Europe) (En,Fr,De,Es,It,Nl)",,NDS#4309,18.82MB
nds,"Mystery Case Files - Ravenhearst (Europe) (En,Fr,De,Es,It,Nl)",,NDS#4310,24.13MB
nds,Mystery Case Files - Ravenhearst (Germany),,NDS#4311,24.13MB
nds,Mystery Detective (Europe),触摸侦探（欧版）,NDS#4312,7.21MB
nds,Mystery Detective (Italy),触摸侦探（意大利版）,NDS#4313,7.27MB
nds,Mystery Detective II (Italy),触摸侦探2（意大利版）,NDS#4314,13.03MB
nds,Mystery Dungeon - Shiren the Wanderer (Europe),不可思议迷宫-风来西林（欧版）,NDS#4315,6.41MB
nds,Mystery Dungeon - Shiren the Wanderer (USA),不可思议迷宫-风来西林（美版）,NDS#4316,6.41MB
nds,"Mystery Mansion (Europe) (En,Fr,De,Es,It)","神秘公寓（欧版） (En,Fr,De,Es,It)",NDS#4317,3.07MB
nds,Mystery P.I. - Portrait of a Thief (USA),神秘PI-肖像神偷（美版）,NDS#4318,9.72MB
nds,"Mystery Quest - Curse of the Ancient Spirits (USA) (En,Fr)",,NDS#4319,13.15MB
nds,"Mystery Stories (Europe) (En,Fr,De,Nl)",,NDS#4320,13.87MB
nds,"Mystery Stories (Europe) (En,Fr,De,Nl) (Rev 1)",,NDS#4321,13.96MB
nds,Mystery Stories - Curse of the Ancient Spirits (Europe),,NDS#4322,13.15MB
nds,"Mystery Stories - Mountains of Madness (Europe) (En,Fr,De,Es,It,Nl)",,NDS#4323,12.87MB
nds,"Mystery Tales - Time Travel (Europe) (En,Fr,De,Es,It,Nl)","时空旅行的神秘传说（欧版） (En,Fr,De,Es,It,Nl)",NDS#4324,17.08MB
nds,"Mystery Tales - Time Travel (Europe) (En,Fr,De,Es,It,Nl) (Rev 1)","时空旅行的神秘传说（欧版） (En,Fr,De,Es,It,Nl) （修正版 1）",NDS#4325,17.15MB
nds,Mystery Tales - Time Travel (USA),时空旅行的神秘传说（美版）,NDS#4326,17.16MB
nds,"Mystery Tales 2 - The Spirit Mask (Europe) (En,Fr,De,Es,Nl)","神秘传说2-精神面具（欧版） (En,Fr,De,Es,Nl)",NDS#4327,22.22MB
nds,N+ (USA),N+（美版）,NDS#4328,3.50MB
nds,"Nacho Libre (Europe) (En,Fr,De)","疯狂的神父（欧版） (En,Fr,De)",NDS#4329,39.36MB
nds,Nacho Libre (USA),疯狂的神父（美版）,NDS#4330,37.73MB
nds,"Nadia - Megafun Land (Europe) (En,Fr)","那迪亚麦高乐园（欧版） (En,Fr)",NDS#4331,9.81MB
nds,"Nadia's World (Europe) (En,Fr,Es)","那迪亚的世界（欧版） (En,Fr,Es)",NDS#4332,8.82MB
nds,Nakamura Akira Kanshuu - India Shiki Keisan Drill DS (Japan),中村亨监修印度式计算讲座（日版）,NDS#4333,4.04MB
nds,Nakamura Sumiko Tettei Shidou - Shin TOEIC Test 1-nichi 1-pun DS Lesson - 1-shuukan Shuuchuu Program Tsuki (Japan),中村澄子彻底指导-新托福(R)测试DS 1日1分DS课程1周集中补习计划（日版）,NDS#4334,41.06MB
nds,Nakamura Sumiko Tettei Shidou - Shin TOEIC Test 1-nichi 1-pun DS Lesson - 1-shuukan Shuuchuu Program Tsuki (Japan) (Rev 1),中村澄子彻底指导-新托福(R)测试DS 1日1分DS课程1周集中补习计划（日版） （修正版 1）,NDS#4335,39.87MB
nds,Nakayoshi All-Stars - Mezase Gakuen Idol (Japan),NAKAYOSI群星会-以校园偶像为目标（日版）,NDS#4336,4.28MB
nds,Nakayoshi Kids no Oshigoto Theme Park - Oshigoto Taiken Game (Japan),,NDS#4337,4.48MB
nds,"Naked Brothers Band, The - The Video Game (Europe)",赤裸兄弟乐队（欧版）,NDS#4338,49.01MB
nds,"Naked Brothers Band, The - The Video Game (USA)",赤裸兄弟乐队（美版）,NDS#4339,49.00MB
nds,Namanui Collection - Girls Style (Korea),我的时装-女孩版（韩国版）,NDS#4340,49.99MB
nds,"Namco Museum DS (Europe) (En,Fr,De,Es,It)","南梦宫博物馆DS（欧版） (En,Fr,De,Es,It)",NDS#4341,7.22MB
nds,Namco Museum DS (Japan),南梦宫博物馆DS（日版）,NDS#4342,7.00MB
nds,Namco Museum DS (USA),南梦宫博物馆DS（美版）,NDS#4343,6.68MB
nds,NANA - Live Staff Daiboshuu! Shoshinsha Kangei (Japan),NANA live 工作人员大招募!-欢迎新人（日版）,NDS#4344,25.85MB
nds,Nanami no Oshiete Eibunpou DS - Kiso kara Manabu Step Up Gakushuu (Japan),奈奈美的英文教学-基础循序教学（日版）,NDS#4345,122.71MB
nds,Nanami no Oshiete English DS - Mezase TOEIC Master (Japan),奈奈美的英文教学English DS-目标为TOEIC大师（日版）,NDS#4346,122.79MB
nds,Nanashi no Geemu (Japan),死于七日（日版）,NDS#4347,24.71MB
nds,Nanashi no Geemu Me (Japan),七日死-游戏-目（日版）,NDS#4348,34.07MB
nds,Nanatsuiro Drops DS - Touch de Hajimaru Hatsukoi Monogatari (Japan),七色星露DS-从接触开始的初恋故事（日版）,NDS#4349,51.30MB
nds,"Nancy Drew - The Deadly Secret of Olde World Park (Europe) (En,Fr,De,Es,It)","南茜-德鲁-奥德世界公园的绝对机密（欧版） (En,Fr,De,Es,It)",NDS#4350,11.58MB
nds,Nancy Drew - The Deadly Secret of Olde World Park (USA),南茜-德鲁-奥德世界公园的绝对机密（美版）,NDS#4351,9.99MB
nds,Nancy Drew - The Hidden Staircase (USA),少女侦探南茜朱尔-隐藏的楼梯（美版）,NDS#4352,48.60MB
nds,Nancy Drew - The Model Mysteries (Europe),南茜朱尔-示范之谜（欧版）,NDS#4353,23.48MB
nds,Nancy Drew - The Model Mysteries (USA),南茜朱尔-示范之谜（美版）,NDS#4354,23.48MB
nds,"Nancy Drew - The Mystery of the Clue Bender Society (Europe) (En,Fr,De)","神探南茜-神探社的秘密（欧版） (En,Fr,De)",NDS#4355,33.68MB
nds,Nancy Drew - The Mystery of the Clue Bender Society (USA),神探南茜-神探社的秘密（美版）,NDS#4356,33.39MB
nds,Nancy Drew DS - Mystery Andventure (USA) (Proto) (2007-09-14),,NDS#4357,3.61MB
nds,"Nanda's Island (USA) (En,Fr,De,Es,It)","熊猫南达之岛（美版） (En,Fr,De,Es,It)",NDS#4358,8.61MB
nds,"Nandas Island (Europe) (En,Fr,De,Es,It)","南达的小岛（欧版） (En,Fr,De,Es,It)",NDS#4359,8.61MB
nds,"Nandoku Kanji DS - Nandoku, Yoji Jukugo, Koji Kotowaza (Japan)",难读汉字DS-难读字-四字成语-谚语（日版）,NDS#4360,8.68MB
nds,Nangoku Sodachi DS (Japan),南国成长DS（日版）,NDS#4361,3.01MB
nds,"Nanostray (Europe) (En,Fr,De)","纳米飘移（欧版） (En,Fr,De)",NDS#4362,10.89MB
nds,Nanostray (USA),纳米飘移（美版）,NDS#4363,10.87MB
nds,"Nanostray 2 (Europe) (En,Fr,De,Es,It)","纳米飘移2（欧版） (En,Fr,De,Es,It)",NDS#4364,14.29MB
nds,Nanostray 2 (USA),纳米飘移2（美版）,NDS#4365,14.28MB
nds,Nanpure 10000 Mon (Japan),数独10000问（日版）,NDS#4366,5.21MB
nds,Nanpure VOW (Japan),插画逻辑VOW（日版）,NDS#4367,7.64MB
nds,Napoleon Dynamite - The Game (USA),炸弹头拿破仑（美版）,NDS#4368,12.06MB
nds,"Naraba's World - Labyrinth of Light (Europe) (En,Fr,De,Es)",,NDS#4369,59.35MB
nds,"Naraba's World - The Mysterious Palace (Europe) (En,Fr,De,Es)",,NDS#4370,50.07MB
nds,Narnia Koku Monogatari Dai-1 Shou - Lion to Majo (Japan),纳鲁尼亚国物语（日版）,NDS#4371,52.18MB
nds,Narnia Koku Monogatari Dai-2 Shou - Caspian Ouji no Tsunobue (Japan),纳尼亚传奇-凯斯宾王子（日版）,NDS#4372,21.01MB
nds,Naruto - Choegangninja Daegyeoljip DS (Korea) [b],火影忍者-最强忍者大集合3（韩国版） [b],NDS#4373,21.74MB
nds,"Naruto - Ninja Council - European Version (Europe) (En,Fr,De,Es,It)","火影忍者-最强忍者大结集（欧版） (En,Fr,De,Es,It)",NDS#4374,21.16MB
nds,"Naruto - Ninja Council 2 - European Version (Europe) (En,Fr,De,Es,It)","火影忍者大集合2（欧版） (En,Fr,De,Es,It)",NDS#4375,18.54MB
nds,Naruto - Ninja Council 3 (USA),火影忍者-最强忍者大结集4（美版）,NDS#4376,29.08MB
nds,Naruto - Ninja Council 3 (USA) (Demo) (Kiosk),火影忍者-最强忍者大结集4（美版） （演示版） （商店演示版）,NDS#4377,29.12MB
nds,"Naruto - Ninja Destiny (USA) (En,Fr)","火影忍者-忍者命运（美版） (En,Fr)",NDS#4378,16.31MB
nds,"Naruto - Ninja Destiny - European Version (Europe) (En,Fr,De,Es,It)","火影忍者-忍者命运（欧版） (En,Fr,De,Es,It)",NDS#4379,15.25MB
nds,"Naruto - Ninja Destiny II - European Version (Europe) (En,Fr,De,Es,It)","火影忍者-忍者命运 2 欧洲版（欧版） (En,Fr,De,Es,It)",NDS#4380,21.38MB
nds,Naruto - Path of the Ninja (USA),火影忍者-忍者之路（美版）,NDS#4381,8.20MB
nds,"Naruto - Path of the Ninja 2 (USA) (En,Fr)","火影忍者-忍者之路2（美版） (En,Fr)",NDS#4382,27.36MB
nds,Naruto - Saikyou Ninja Daikesshuu 3 for DS (Japan),火影忍者大集合3（日版）,NDS#4383,25.78MB
nds,Naruto - Saikyou Ninja Daikesshuu 3 for DS (Japan) (Rev 1),火影忍者大集合3（日版） （修正版 1）,NDS#4384,25.78MB
nds,Naruto - Saikyou Ninja Daikesshuu 4 DS (Japan),火影忍者-最强忍者大结集4（日版）,NDS#4385,28.57MB
nds,Naruto - Shinobi Retsuden (Japan),火影忍者-忍列传（日版）,NDS#4386,11.62MB
nds,Naruto Jilpungjeon - Choegangninja Daegyeoljip 2 - Gyeokttol!! Naruto vs Sasuke (Korea),火影忍者疾风传-鸣人对佐助（韩国版）,NDS#4387,19.69MB
nds,Naruto Jilpungjeon - Daenantu! Geurimja Bunsinsul (Korea) [b],火影忍者疾风传-大混战!影分身画卷（韩国版） [b],NDS#4388,23.18MB
nds,Naruto Jilpungjeon - Insuljeongae! Cha-Crash!! (Korea),,NDS#4389,11.05MB
nds,Naruto RPG 2 - Chidori vs Rasengan (Japan),火影忍者RPG2 千鸟对螺旋丸（日版）,NDS#4390,7.16MB
nds,Naruto RPG 2 - Chidori vs Rasengan (Japan) (Rev 1),火影忍者RPG2 千鸟对螺旋丸（日版） （修正版 1）,NDS#4391,12.76MB
nds,Naruto RPG 3 - Reijuu vs Konoha Shoutai (Japan),火影忍者RPG3 灵兽VS木叶小队（日版）,NDS#4392,25.61MB
nds,Naruto RPG 3 - Reijuu vs Konoha Shoutai (Japan) (Rev 1),火影忍者RPG3 灵兽VS木叶小队（日版） （修正版 1）,NDS#4393,25.61MB
nds,"Naruto Shippuden - Naruto vs Sasuke (Europe) (Fr,It)","火影忍者疾风传-鸣人对佐助（欧版） (Fr,It)",NDS#4394,18.88MB
nds,Naruto Shippuden - Naruto vs Sasuke (USA),火影忍者疾风传-鸣人对佐助（美版）,NDS#4395,18.82MB
nds,"Naruto Shippuden - Ninja Council 3 - European Version (Europe) (En,Fr,De,Es,It)","火影忍者-最强忍者大结集3（欧版） (En,Fr,De,Es,It)",NDS#4396,23.12MB
nds,"Naruto Shippuden - Ninja Council 4 (USA) (En,Fr,Es)","火影忍者疾风传 4（美版） (En,Fr,Es)",NDS#4397,21.45MB
nds,Naruto Shippuden - Ninja Destiny 2 (USA),火影忍者疾风传-忍列传2（美版）,NDS#4398,24.44MB
nds,Naruto Shippuden - Shinobi Rumble!! (USA),火影忍者疾风传-忍术全开-查克拉爆发（美版）,NDS#4399,7.87MB
nds,Naruto Shippuu Den - Dairansen! Kagebunshin Emaki (Japan),火影忍者疾风传-大混战!影分身画卷（日版）,NDS#4400,23.20MB
nds,Naruto Shippuu Den - Ninjutsu Zenkai! Chaclash!! (Japan),火影忍者疾风传-忍术全开!查克拉爆发!!（日版）,NDS#4401,10.98MB
nds,Naruto Shippuu Den - Saikyou Ninja Daikesshuu - Gekitotsu!! Naruto vs Sasuke (Japan),火影忍者疾风传-最强忍者大集结-激突!!木叶VS佐助（日版）,NDS#4402,21.13MB
nds,Naruto Shippuu Den - Saikyou Ninja Daikesshuu 5 - Kessen! 'Akatsuki' (Japan),火影忍者疾风传-最强忍者大集结5 决战!晓（日版）,NDS#4403,30.05MB
nds,Naruto Shippuu Den - Shinobi Retsuden II (Japan),火影忍者疾风传-忍列传2（日版）,NDS#4404,24.53MB
nds,Naruto Shippuu Den - Shinobi Retsuden III (Japan),火影忍者-疾风传-忍列传 3（日版）,NDS#4405,39.59MB
nds,"Natalie Brooks - Mystery at Hillcrest High (Europe) (En,Fr,De,Es,It,Nl)",,NDS#4406,18.22MB
nds,"Natalie Brooks - The Treasures of the Lost Kingdom (Europe) (En,Fr,De,Nl)","娜塔莉布鲁克斯-失落王国的宝藏（欧版） (En,Fr,De,Nl)",NDS#4407,20.18MB
nds,Nathan Anglais - Methode Pratique (France) [b],纳桑英语-方法实践（法国版） [b],NDS#4408,40.96MB
nds,Nathan Entrainement 6e (France) [b],阿迪波冒险记-探索人体（法国版） [b],NDS#4409,4.50MB
nds,Nathan Entrainement CE1 (France) [b],纳桑娱乐 CE1（法国版） [b],NDS#4410,5.47MB
nds,Nathan Entrainement CE2 (France) [b],纳桑娱乐 CE2（法国版） [b],NDS#4411,5.47MB
nds,Nathan Entrainement CM1 (France) [b],,NDS#4412,3.96MB
nds,Nathan Entrainement CM2 (France),纳坦娱乐CM2（法国版）,NDS#4413,3.97MB
nds,"National Geographic - Panda (USA) (En,Fr)","国家地理-熊猫（美版） (En,Fr)",NDS#4414,14.48MB
nds,"National Geographic - Panda (USA) (En,Fr) (Beta 1)","国家地理-熊猫（美版） (En,Fr) （测试版 1）",NDS#4415,18.68MB
nds,"National Geographic - Panda (USA) (En,Fr) (Beta 2)","国家地理-熊猫（美版） (En,Fr) （测试版 2）",NDS#4416,18.62MB
nds,Nazonazo & Quiz - Ittou Nyuukon Q Mate! (Japan),脑筋急转弯&猜谜一答入魂Q班!（日版）,NDS#4417,30.12MB
nds,Nazonazo & Quiz - Ittou Nyuukon Q Mate! (Japan) (Demo) (Not for Resale),脑筋急转弯&猜谜一答入魂Q班!（日版） （演示版） (Not for Resale),NDS#4418,13.06MB
nds,Nazotte Oboeru - Otona no Kanji Renshuu (Japan),大人的汉字练习（日版）,NDS#4419,7.20MB
nds,Nazotte Oboeru - Otona no Kanji Renshuu (Japan) (Rev 1),大人的汉字练习（日版） （修正版 1）,NDS#4420,7.20MB
nds,Nazotte Oboeru - Otona no Kanji Renshuu - Kaiteiban (Japan),描记的成人的汉字练习-改订版（日版）,NDS#4421,9.61MB
nds,Nazotte Oboeru - Otona no Kanji Renshuu - Kanzen Ban (Japan),描绘记忆法大人的汉字练习完全版（日版）,NDS#4422,7.29MB
nds,Nazotte Oboeru - Otona no Kanji Renshuu - Kanzen Ban (Japan) (Rev 1),描绘记忆法大人的汉字练习完全版（日版） （修正版 1）,NDS#4423,8.91MB
nds,"Need for Speed - Most Wanted (Europe) (En,Fr,De,Es,It)","极品飞车：最高通辑（欧版） (En,Fr,De,Es,It)",NDS#4424,14.64MB
nds,Need for Speed - Most Wanted (USA),极品飞车：最高通辑（美版）,NDS#4425,14.64MB
nds,"Need for Speed - Nitro (Europe) (En,Fr,De,Es,It,Nl)","极品飞车-液氮（欧版） (En,Fr,De,Es,It,Nl)",NDS#4426,50.64MB
nds,Need for Speed - Nitro (Japan),极品飞车-液氮（日版）,NDS#4427,48.13MB
nds,"Need for Speed - Nitro (USA) (En,Fr,De,Es,It,Nl)","极品飞车-液氮（美版） (En,Fr,De,Es,It,Nl)",NDS#4428,50.64MB
nds,"Need for Speed - Nitro (USA) (En,Fr,De,Es,It,Nl) (Beta) (2009-08-14)","极品飞车-液氮（美版） (En,Fr,De,Es,It,Nl) （测试版） (2009-08-14)",NDS#4429,51.04MB
nds,"Need for Speed - ProStreet (Europe) (En,Fr,De,Es,It)","极品飞车-街头职业赛（欧版） (En,Fr,De,Es,It)",NDS#4430,55.54MB
nds,"Need for Speed - ProStreet (Europe) (En,Fr,De,Es,It) (Rev 1)","极品飞车-街头职业赛（欧版） (En,Fr,De,Es,It) （修正版 1）",NDS#4431,55.54MB
nds,Need for Speed - ProStreet (Korea),极品飞车-街头职业赛（韩国版）,NDS#4432,55.59MB
nds,"Need for Speed - ProStreet (USA) (En,Fr,De,Es,It)","极品飞车-街头职业赛（美版） (En,Fr,De,Es,It)",NDS#4433,55.54MB
nds,"Need for Speed - ProStreet (USA) (En,Fr,De,Es,It) (Rev 1)","极品飞车-街头职业赛（美版） (En,Fr,De,Es,It) （修正版 1）",NDS#4434,55.54MB
nds,"Need for Speed - Undercover (Europe) (En,Fr,De,Es,It,Nl)","极品飞车-无间风云（欧版） (En,Fr,De,Es,It,Nl)",NDS#4435,32.25MB
nds,Need for Speed - Undercover (Korea) [b],极品飞车-无间风云（韩国版） [b],NDS#4436,31.84MB
nds,"Need for Speed - Undercover (USA) (En,Fr,De,Es,It,Nl)","极品飞车-无间风云（美版） (En,Fr,De,Es,It,Nl)",NDS#4437,32.26MB
nds,"Need for Speed - Underground 2 (Europe) (En,Fr,De,Es,It)","极品飞车-地下狂飙2（欧版） (En,Fr,De,Es,It)",NDS#4438,8.02MB
nds,"Need for Speed - Underground 2 (USA) (En,Fr,De,Es,It)","极品飞车-地下狂飙2（美版） (En,Fr,De,Es,It)",NDS#4439,8.02MB
nds,"Need for Speed Carbon - Own the City (Europe) (En,Fr,De,Es,It)","极品飞车焦炭-拥抱都市（欧版） (En,Fr,De,Es,It)",NDS#4440,23.54MB
nds,Need for Speed Carbon - Own the City (USA),极品飞车焦炭-拥抱都市（美版）,NDS#4441,23.54MB
nds,"Negima! - Chou Mahora Taisen - Kattoiin, Keiyaku Shikkou Dechaimasuu (Japan)",魔法老师洋葱大作战（日版）,NDS#4442,33.31MB
nds,"Negima! - Chou Mahora Taisen Two - Checkiin, Zenin Shuugou! - Yappari Onsen Kichaimashitaa (Japan)",魔法老师大作战2（日版）,NDS#4443,36.50MB
nds,"Neighbours from Hell (Europe) (En,Fr,De,Es,It)","地狱邻居（欧版） (En,Fr,De,Es,It)",NDS#4444,23.44MB
nds,Neko Neko Bakery DS (Japan),猫猫烤房DS（日版）,NDS#4445,8.04MB
nds,"Neopets Puzzle Adventure (Europe) (En,Fr,De,Es,Nl)","尼奥宠物谜题冒险（欧版） (En,Fr,De,Es,Nl)",NDS#4446,30.01MB
nds,Neopets Puzzle Adventure (USA),尼奥宠物谜题冒险（美版）,NDS#4447,29.92MB
nds,Neoromance Game - Harukanaru Toki no Naka de - Yume no Ukihashi (Japan),遥远的时空中-梦浮桥（日版）,NDS#4448,208.49MB
nds,Nep League DS (Japan),海王星联盟DS（日版）,NDS#4449,23.54MB
nds,"Nervous Brickdown (Europe) (En,Fr,De,Es,It)","激情方块（欧版） (En,Fr,De,Es,It)",NDS#4450,4.30MB
nds,"Nervous Brickdown (USA) (En,Fr,De,Es,It)","激情方块（美版） (En,Fr,De,Es,It)",NDS#4451,4.30MB
nds,Net Ghost Pipopa - Pipopa x DS@Daibouken!!! (Japan),网路精灵 PIPOPA 哔波帕×DS@大冒险!!!（日版）,NDS#4452,9.64MB
nds,Nettou! Powerful Koushien (Japan),热斗!实况野球甲子园（日版）,NDS#4453,34.94MB
nds,"Neves (Europe) (En,Fr,De,Es,It)","七巧板（欧版） (En,Fr,De,Es,It)",NDS#4454,2.52MB
nds,"Neves (USA) (En,Ja)","七巧板（美版） (En,Ja)",NDS#4455,2.37MB
nds,"New Carnival - Funfair Games (Europe) (En,Fr,De,Es,It,Nl) (NDSi Enhanced)","新嘉年华游戏（欧版） (En,Fr,De,Es,It,Nl) (NDSi Enhanced)",NDS#4456,22.76MB
nds,"New Carnival Games (USA) (En,Fr,Es) (NDSi Enhanced)","新嘉年华游戏（美版） (En,Fr,Es) (NDSi Enhanced)",NDS#4457,17.24MB
nds,New Chaoji Maliou Xiongdi (China) (iDS),,NDS#4458,10.43MB
nds,New Chuugaku Eitango Target 1800 DS (Japan),新中学英语单词-目标1800DS（日版）,NDS#4459,40.76MB
nds,New Eitango Target 1900 DS (Japan),新英文单字指标 1900 DS（日版）,NDS#4460,41.99MB
nds,New Horizon - English Course 1 (Japan),新视野英语教程1（日版）,NDS#4461,24.83MB
nds,New Horizon - English Course 1 DS (Japan),新视野英语教程1（日版）,NDS#4462,20.21MB
nds,New Horizon - English Course 2 (Japan),新视野英语教程2（日版）,NDS#4463,27.36MB
nds,New Horizon - English Course 2 DS (Japan),新视野英语教程2（日版）,NDS#4464,21.14MB
nds,New Horizon - English Course 3 (Japan),新视野英语教程3（日版）,NDS#4465,28.96MB
nds,New Horizon - English Course 3 DS (Japan),新视野英语教程3（日版）,NDS#4466,20.74MB
nds,New International Hyper Sports DS (Japan),新国际田径运动会（日版）,NDS#4467,21.73MB
nds,"New International Track & Field (Europe) (En,Fr,De,Es,It)","新国际田径运动会（欧版） (En,Fr,De,Es,It)",NDS#4468,22.21MB
nds,New International Track & Field (Korea) [b],新国际田径运动会（韩国版） [b],NDS#4469,21.60MB
nds,"New International Track & Field (USA) (En,Fr,De,Es,It)","新国际田径运动会（美版） (En,Fr,De,Es,It)",NDS#4470,22.21MB
nds,New Rainbow Islands (Japan),新彩虹岛（日版）,NDS#4471,2.84MB
nds,New Shikakui Atama o Maruku Suru. DS - Kanzen Seiha Ketteiban (Japan),NEW头脑变灵活 DS（日版）,NDS#4472,13.87MB
nds,"New Super Mario Bros. (Europe) (En,Fr,De,Es,It)","新超级马里奥兄弟（欧版） (En,Fr,De,Es,It)",NDS#4473,12.26MB
nds,"New Super Mario Bros. (Europe) (En,Fr,De,Es,It) (Demo) (Kiosk)","新超级马里奥兄弟（欧版） (En,Fr,De,Es,It) （演示版） （商店演示版）",NDS#4474,10.07MB
nds,"New Super Mario Bros. (Europe) (En,Fr,De,Es,It) (Demo) (Kiosk, Y78P)","新超级马里奥兄弟（欧版） (En,Fr,De,Es,It) （演示版） (Kiosk, Y78P)",NDS#4475,10.07MB
nds,New Super Mario Bros. (Japan),新超级马里奥兄弟（日版）,NDS#4476,10.42MB
nds,New Super Mario Bros. (Japan) (Demo) (Kiosk),新超级马里奥兄弟（日版） （演示版） （商店演示版）,NDS#4477,8.50MB
nds,New Super Mario Bros. (Korea),新超级马里奥兄弟（韩国版）,NDS#4478,10.41MB
nds,New Super Mario Bros. (USA),新超级马里奥兄弟（美版）,NDS#4479,10.46MB
nds,New Super Mario Bros. (USA) (Demo) (Kiosk),新超级马里奥兄弟（美版） （演示版） （商店演示版）,NDS#4480,8.50MB
nds,New Touch Party Game (Europe),新触摸派对游戏（欧版）,NDS#4481,920.59KB
nds,New Unou Kids DS (Japan),新右脑小子（日版）,NDS#4482,7.70MB
nds,"New York Times Crosswords, The (Europe)",纽约时报填字游戏（欧版）,NDS#4483,6.65MB
nds,"New York Times Crosswords, The (USA)",纽约时报填字游戏（美版）,NDS#4484,6.65MB
nds,New Zealand Story DS (Japan),新西兰故事DS（日版）,NDS#4485,2.31MB
nds,"New Zealand Story Revolution (Europe) (En,Fr,De,Es,It)","新西兰故事-革命（欧版） (En,Fr,De,Es,It)",NDS#4486,2.27MB
nds,"New Zealand Story Revolution (USA) (En,Fr,Es)","新西兰故事-革命（美版） (En,Fr,Es)",NDS#4487,2.33MB
nds,"Ni Hao, Kai-Lan - New Year's Celebration (Europe)",你好!启兰-新年的庆祝活动（欧版）,NDS#4488,5.29MB
nds,"Ni Hao, Kai-Lan - New Year's Celebration (USA)",你好!启兰-新年的庆祝活动（美版）,NDS#4489,5.28MB
nds,Ni no Kuni - Shikkoku no Madoushi (Japan),第二国度-漆黑的魔导士（日版）,NDS#4490,328.88MB
nds,"Nickelodeon Dora and Friends' - Fantastic Flight (Europe) (En,Fr,Es,Nl)",,NDS#4491,12.49MB
nds,Nickelodeon Team Umizoomi (USA),,NDS#4492,6.04MB
nds,Nickelodeon Team Umizoomi and Dora's Fantastic Flight (USA),,NDS#4493,5.63MB
nds,"Nicktoons - Attack of the Toybots (Europe) (En,Fr)","海绵宝宝-玩具机器人的袭击（欧版） (En,Fr)",NDS#4494,12.74MB
nds,"Nicktoons - Attack of the Toybots (Europe) (Es,It)","海绵宝宝-玩具机器人的袭击（欧版） (Es,It)",NDS#4495,12.74MB
nds,Nicktoons - Attack of the Toybots (United Kingdom),海绵宝宝-玩具机器人的袭击(United Kingdom),NDS#4496,12.72MB
nds,Nicktoons - Attack of the Toybots (USA),海绵宝宝-玩具机器人的袭击（美版）,NDS#4497,12.69MB
nds,Nicktoons - Battle for Volcano Island (USA),尼克通-火山岛大战（美版）,NDS#4498,7.63MB
nds,Nicktoons MLB (USA),尼克通美国职棒大联盟（美版）,NDS#4499,11.88MB
nds,Nicktoons MLB (USA) (Rev 1),尼克通美国职棒大联盟（美版） （修正版 1）,NDS#4500,11.47MB
nds,Nicktoons Unite! (USA),海绵方块历险记（美版）,NDS#4501,7.39MB
nds,Nicola Kanshuu - Model Oshare Audition (Japan),尼可拉监修-模特儿时尚甄选会（日版）,NDS#4502,14.46MB
nds,Night at the Museum - Battle of the Smithsonian - The Video Game (USA),博物馆惊魂夜 2（美版）,NDS#4503,31.50MB
nds,"Night at the Museum 2 - The Video Game (Europe) (En,Fr,De)","博物馆奇妙夜 2（欧版） (En,Fr,De)",NDS#4504,31.49MB
nds,Nihon Curling Kyoukai Kounin - Minna no DS Curling (Japan),日本冰壶协会公认-大家的DS冰壶（日版）,NDS#4505,3.96MB
nds,Nihon Golfer's Kentei DS (Japan),日本高尔夫球手检测 DS（日版）,NDS#4506,22.97MB
nds,Nihon Keizai Shinbunsha Kanshuu - Shiranai Mama dewa Son wo Suru - 'Mono ya Okane no Shikumi' DS (Japan),日本经济新闻社监修-物品与金钱的结构DS（日版）,NDS#4507,26.40MB
nds,Nihon Pro Mahjong Kishikai Kanshuu - Pro ni Naru Mahjong DS (Japan),日本职业麻雀棋士会监修-职业麻雀DS（日版）,NDS#4508,668.18KB
nds,Nihongo Bunshou Nouryoku Kentei Kyoukai Kyouryoku - Tadashii Nihongo DS (Japan),日本语文章能力检定协会协力-正确日语 DS（日版）,NDS#4509,1.64MB
nds,Nihongo de Asobo DS (Japan),用日语来游玩DS（日版）,NDS#4510,26.50MB
nds,Nihongo Kentei Iinkai Kounin - Nihongo Kentei DS (Japan),日语检定DS（日版）,NDS#4511,12.46MB
nds,Nihonshi DS (Japan),日本史DS（日版）,NDS#4512,5.14MB
nds,"Nine Hours, Nine Persons, Nine Doors (USA)",极限脱出9小时9人9扇门（美版）,NDS#4513,94.99MB
nds,"Ninja Captains (Europe) (En,Fr,De,Es,It)","忍者首领（欧版） (En,Fr,De,Es,It)",NDS#4514,4.04MB
nds,"Ninja Gaiden - Dragon Sword (Europe) (En,Fr,De,Es,It)","忍者龙剑传-龙剑（欧版） (En,Fr,De,Es,It)",NDS#4515,97.68MB
nds,Ninja Gaiden - Dragon Sword (Japan),忍者龙剑传-龙剑（日版）,NDS#4516,98.69MB
nds,Ninja Gaiden - Dragon Sword (Korea) [b],忍者龙剑传-龙剑（韩国版） [b],NDS#4517,97.91MB
nds,Ninja Gaiden - Dragon Sword (USA),忍者龙剑传-龙剑（美版）,NDS#4518,98.75MB
nds,Ninja Gaiden - Dragon Sword (USA) (Demo) (Kiosk),忍者龙剑传-龙剑（美版） （演示版） （商店演示版）,NDS#4519,59.78MB
nds,"Ninja Reflex (Europe) (En,Fr,De,Es,It)","忍者反应（欧版） (En,Fr,De,Es,It)",NDS#4520,47.68MB
nds,"Ninja Reflex (USA) (En,Fr,De,Es,It)","忍者反应（美版） (En,Fr,De,Es,It)",NDS#4521,47.68MB
nds,Ninjapass Evolution X9 TransFlash (World) (v1.1) (Unl) [b],,NDS#4522,47.23KB
nds,Ninjapass Junior 512M (World) (Unl) [b],,NDS#4523,984.23KB
nds,Ninjapass Media Launcher (World) (Unl) [b],,NDS#4524,2.90KB
nds,"Ninjatown (Europe) (En,Fr,De,Es,It)","忍者小镇（欧版） (En,Fr,De,Es,It)",NDS#4525,15.13MB
nds,Ninjatown (USA),忍者小镇（美版）,NDS#4526,15.02MB
nds,Nintama Rantarou - Gakunen Taikousen Puzzle! no Dan (Japan),忍者乱太郎-学园对抗战方块!之段（日版）,NDS#4527,35.68MB
nds,Nintama Rantarou - Nintama no Tame no Ninjutsu Training (Japan),忍者乱太郎-忍蛋必修忍术训练（日版）,NDS#4528,10.75MB
nds,Nintendo DS Browser (Japan),NDS网页浏览器（日版）,NDS#4529,2.70MB
nds,"Nintendo DS Browser (USA, Europe) (En,Fr,De,Es,It)","NDS网页浏览器（美版 欧版） (En,Fr,De,Es,It)",NDS#4530,2.57MB
nds,Nintendo Presents - Crossword Collection (Europe),任天堂出品填词游戏（欧版）,NDS#4531,10.28MB
nds,"Nintendo Presents - Style Boutique (Europe) (En,Fr,De,Es,It) (Demo) (Kiosk)","时尚精品店（欧版） (En,Fr,De,Es,It) （演示版） （商店演示版）",NDS#4532,52.08MB
nds,"Nintendo Presents - Style Boutique (Europe) (En,Fr,De,Es,It) (Rev 1)","时尚精品店（欧版） (En,Fr,De,Es,It) （修正版 1）",NDS#4533,73.83MB
nds,"Nintendo Touch Golf - Birdie Challenge (Europe) (En,Ja,Fr,De,Es,It)","任天堂触摸高乐夫-博蒂挑战赛（欧版） (En,Ja,Fr,De,Es,It)",NDS#4534,19.61MB
nds,"Nintendo Zone Wireless Distribution Box DS Card (USA, Europe) (Rev 2) (Wi-Fi Kiosk)",,NDS#4535,859.60KB
nds,"Nintendo Zone Wireless Distribution Box DS Card (USA, Europe) (Wi-Fi Kiosk)",,NDS#4536,753.37KB
nds,Nintendo Zone Wireless Distribution Box DS Card (World) (Rev 1),,NDS#4537,859.34KB
nds,"Nintendogs (Europe) (En,Fr,De,Es,It) (Demo) (Kiosk)","任天狗（欧版） (En,Fr,De,Es,It) （演示版） （商店演示版）",NDS#4538,10.63MB
nds,Nintendogs (Japan) (Demo) (Kiosk),任天狗（日版） （演示版） （商店演示版）,NDS#4539,10.20MB
nds,"Nintendogs (USA, Europe) (Demo) (Kiosk)",任天狗（美版 欧版） （演示版） （商店演示版）,NDS#4540,10.20MB
nds,Nintendogs - Best Friends (USA),任天狗系列：密友版（美版）,NDS#4541,10.61MB
nds,Nintendogs - Chihuahua & Chingudeul (Korea),任天狗-吉娃娃（韩国版）,NDS#4542,10.57MB
nds,"Nintendogs - Chihuahua & Friends (Europe) (En,Fr,De,Es,It)","任天狗-芝娃娃与它的朋友（欧版） (En,Fr,De,Es,It)",NDS#4543,12.44MB
nds,Nintendogs - Chihuahua & Friends (Japan),任天狗-芝娃娃与它的朋友（日版）,NDS#4544,10.23MB
nds,Nintendogs - Chihuahua & Friends (Japan) (Rev 1),任天狗-芝娃娃与它的朋友（日版） （修正版 1）,NDS#4545,10.23MB
nds,Nintendogs - Chihuahua & Friends (USA),任天狗-芝娃娃与它的朋友（美版）,NDS#4546,10.62MB
nds,Nintendogs - Dachshund & Chingudeul (Korea),任天狗-腊肠犬（韩国版）,NDS#4547,10.58MB
nds,"Nintendogs - Dachshund & Friends (Europe) (En,Fr,De,Es,It)","任天狗-腊肠犬与伙伴（欧版） (En,Fr,De,Es,It)",NDS#4548,12.44MB
nds,Nintendogs - Dachshund & Friends (USA),任天狗-腊肠犬与伙伴（美版）,NDS#4549,10.62MB
nds,"Nintendogs - Dalmatian & Friends (Europe) (En,Fr,De,Es,It)","任天狗-大麦町和它的朋友们（欧版） (En,Fr,De,Es,It)",NDS#4550,12.34MB
nds,Nintendogs - Dalmatian & Friends (USA),任天狗-大麦町和它的朋友们（美版）,NDS#4551,11.61MB
nds,Nintendogs - Download-Relay Version (Australia) (Demo) (Wi-Fi Kiosk),,NDS#4552,10.18MB
nds,Nintendogs - Download-Relay Version (Europe) (Demo) (Wi-Fi Kiosk),,NDS#4553,10.21MB
nds,Nintendogs - Download-Relay Version (USA) (Demo) (Wi-Fi Kiosk),,NDS#4554,10.18MB
nds,Nintendogs - Jack Russell Relay Mode (Europe) (Kiosk),,NDS#4555,15.15MB
nds,"Nintendogs - Lab & Friends (USA, Australia)",任天狗-拉不拉多犬与伙伴（美版 澳洲版）,NDS#4556,10.62MB
nds,Nintendogs - Labrador & Chingudeul (Korea),任天狗-拉布拉多（韩国版）,NDS#4557,10.58MB
nds,"Nintendogs - Labrador & Friends (Europe) (En,Fr,De,Es,It)","任天狗-拉不拉多犬与伙伴（欧版） (En,Fr,De,Es,It)",NDS#4558,12.44MB
nds,Nintendogs - Miniature Dachshund & Friends (Japan),任天狗-腊肠犬与它的朋友（日版）,NDS#4559,10.22MB
nds,Nintendogs - Miniature Dachshund & Friends (Japan) (Rev 1),任天狗-腊肠犬与它的朋友（日版） （修正版 1）,NDS#4560,10.23MB
nds,Nintendogs - Shiba & Friends (Japan),任天狗-柴犬与它的朋友（日版）,NDS#4561,10.23MB
nds,Nintendogs - Shiba & Friends (Japan) (Rev 1),任天狗-柴犬与它的朋友（日版） （修正版 1）,NDS#4562,10.23MB
nds,Nippon Futsal League Kounin - Minna no DS Futsal (Japan),日本五人制足球协会公认-大家的DS五人制足球（日版）,NDS#4563,19.70MB
nds,Nippon Shuzan Renmei Kanshuu - Itsudemo Soroban DS (Japan),日本珠算联盟监制-随处算盘DS（日版）,NDS#4564,12.90MB
nds,Nippon Suugaku Kentei Kyoukai Kounin - Suken DS - Otona ga Tokenai! Kodomo no Sansuu (Japan),日本数学检定协会公认-数检DS 大人也解不出!?孩子的算数（日版）,NDS#4565,6.40MB
nds,Nippon Suugaku Kentei Kyoukai Kounin - Suken DS - Otona ga Tokenai! Kodomo no Sansuu (Japan) (Rev 1),日本数学检定协会公认-数检DS 大人也解不出!?孩子的算数（日版） （修正版 1）,NDS#4566,10.82MB
nds,Nobunaga no Yabou DS (Japan),信长之野望烈风传DS（日版）,NDS#4567,32.34MB
nds,Nobunaga no Yabou DS (Japan) (Rev 1),信长之野望烈风传DS（日版） （修正版 1）,NDS#4568,32.34MB
nds,Nobunaga no Yabou DS 2 (Japan),信长的野望DS2（日版）,NDS#4569,24.95MB
nds,Nodame Cantabile (Japan),交响情人梦（日版）,NDS#4570,15.91MB
nds,Nodame Cantabile - Tanoshii Ongaku no Jikan Desu (Japan),交响情人梦-快乐音乐时间（日版）,NDS#4571,41.71MB
nds,Noddy in Toyland (Europe),诺弟的玩具城（欧版）,NDS#4572,5.41MB
nds,"Noddy in Toyland (Europe) (En,Fr)","诺弟的玩具城（欧版） (En,Fr)",NDS#4573,6.18MB
nds,Nolleooseyo Dongmurui Sup (Korea),动物之森（韩国版）,NDS#4574,17.58MB
nds,Nora to Toki no Koubou - Kiri no Mori no Majo (Japan),诺拉与时间工房-迷雾森林的魔女（日版）,NDS#4575,206.39MB
nds,Nori Nori Rilakkuma - Hit Song Ongakusai (Japan),懒懒熊音乐祭（日版）,NDS#4576,41.22MB
nds,Norimono Oukoku DS - You! Unten Shichainayo! (Japan),载具王国DS-YOU!驾驶哟（日版）,NDS#4577,17.81MB
nds,"Nos Voisins, les Hommes (France)",篱笆墙外（法国版）,NDS#4578,21.49MB
nds,Nostalgeo no Kaze (Japan),思乡之风（日版）,NDS#4579,64.37MB
nds,Nostalgia (USA),思乡之风（美版）,NDS#4580,64.33MB
nds,Nounai Aesthe IQ Suppli DS (Japan),脑内美容IQ补给DS（日版）,NDS#4581,43.09MB
nds,Nounai Aesthe IQ Suppli DS 2 - Sukkiri King Ketteisen (Japan),脑内美容-IQ提升DS2（日版）,NDS#4582,79.65MB
nds,Nounai Kakusei Honeycomb Beat (Japan),脑内觉醒-蜂巢格点击（日版）,NDS#4583,9.45MB
nds,Nounenrei - Nou Stress Kei Atama Scan (Japan),脑年龄脑压力计脑扫瞄（日版）,NDS#4584,11.08MB
nds,"Nouvelles Aventures de T'choupi et Ses Amis, Les (France)",,NDS#4585,4.98MB
nds,Nova Usagi no Game de Ryuugaku! DS (Japan),NOVA兔的游戏留学DS（日版）,NDS#4586,78.52MB
nds,NRL Mascot Mania (Australia),国际橄榄球联盟-吉祥物玛尼亚（澳洲版）,NDS#4587,23.17MB
nds,NTR Aging (World) (v1.0) (Program),,NDS#4588,948.77KB
nds,NTR Aging (World) (v6.0) (Program),,NDS#4589,966.70KB
nds,Nursery Mania (USA),疯狂幼儿园（美版）,NDS#4590,5.03MB
nds,Obunsha Deru-jun - Chiri DS (Japan),旺文社-地理DS（日版）,NDS#4591,2.51MB
nds,Obunsha Deru-jun - Chiri DS (Japan) (Rev 1),旺文社-地理DS（日版） （修正版 1）,NDS#4592,2.56MB
nds,Obunsha Deru-jun - Kokugo DS (Japan),旺文社-国语DS（日版）,NDS#4593,2.01MB
nds,Obunsha Deru-jun - Koumin DS (Japan),旺文社-公民DS（日版）,NDS#4594,1.77MB
nds,Obunsha Deru-jun - Rekishi DS (Japan) [b],旺文社-顺序历史DS（日版） [b],NDS#4595,1.89MB
nds,Obunsha Deru-jun - Rika DS (Japan),旺文社-顺序理科DS（日版）,NDS#4596,1.72MB
nds,Obunsha Deru-jun - Sansuu DS (Japan),旺文社-算数DS（日版）,NDS#4597,2.28MB
nds,Ochaken no Daibouken - Honwaka Yumemiru Sekai Ryokou (Japan),茶犬大冒险-美梦世界旅行（日版）,NDS#4598,14.02MB
nds,Ochaken no Daibouken 2 - Yume Ippai no Omocha Bako (Japan),茶犬2-梦想玩具箱（日版）,NDS#4599,13.08MB
nds,Ochaken no Heya DS (Japan),茶犬的房间DS（日版）,NDS#4600,8.13MB
nds,Ochaken no Heya DS (Japan) (Rev 1),茶犬的房间DS（日版） （修正版 1）,NDS#4601,8.12MB
nds,Ochaken no Heya DS 2 (Japan),茶犬的房间DS 2（日版）,NDS#4602,16.60MB
nds,Ochaken no Heya DS 2 (Japan) (Rev 1),茶犬的房间DS 2（日版） （修正版 1）,NDS#4603,16.57MB
nds,Ochaken no Heya DS 3 (Japan),茶犬的房间DS3（日版）,NDS#4604,19.49MB
nds,Ochaken no Heya DS 3 (Japan) (Rev 1),茶犬的房间DS3（日版） （修正版 1）,NDS#4605,28.94MB
nds,Ochaken no Heya DS 4 (Japan),茶犬的房间DS4-轻松的养育茶犬（日版）,NDS#4606,23.78MB
nds,Ochaken no Heya DS 4 (Japan) (Rev 1),茶犬的房间DS4-轻松的养育茶犬（日版） （修正版 1）,NDS#4607,33.43MB
nds,Oden-kun - Tanoshii Oden Mura (Japan),关东煮君-快乐的关东煮村（日版）,NDS#4608,23.50MB
nds,Odoru Daisousa-sen - The Game - Sensuikan ni Sennyuu Seyo! (Japan),大搜查线 THE GAME-潜入潜水艇吧（日版）,NDS#4609,38.35MB
nds,Oekaki Puzzle Battle! - Yuusha Ou GaoGaiGar Hen (Japan),勇者王（日版）,NDS#4610,6.11MB
nds,Ogwangui Darin DS (Korea) [b],五光的达人DS（韩国版） [b],NDS#4611,17.77MB
nds,Oha Star 645 - Musshees no Fushigi na Nouen - Yoshimoto Geinin to Tomodachi Net (Japan),,NDS#4612,28.12MB
nds,Oheya o Kazarou - Koinu no Heya (Japan),小狗的房间（日版）,NDS#4613,8.35MB
nds,Ohimesama Debut (Japan),初次登场的公主（日版）,NDS#4614,9.35MB
nds,Oide yo Doubutsu no Mori (Japan),动物之森（日版）,NDS#4615,17.67MB
nds,Oide yo Doubutsu no Mori (Japan) (Rev 1),动物之森（日版） （修正版 1）,NDS#4616,17.67MB
nds,Oishiku Kiwameru Shokutsuu DS - Otona no Shuumatsu Henshuubu Gensen no Osusume Omise Jouhou Iri (Japan),能让人生8万7千次的吃饭变得快乐且美味的食物通DS和周末编辑部严选推荐的店铺信息（日版）,NDS#4617,67.39MB
nds,Oishinbo - DS Recipe Shuu (Japan),美味料理DS-菜谱（日版）,NDS#4618,32.34MB
nds,Ojaru-Maru DS - Ojaru to Okeiko Aiueo (Japan),反斗小丸子DS-反斗小丸子和珪子学日语（日版）,NDS#4619,15.00MB
nds,OK! - First for Celebrity News - Puzzle Stars (Europe),谜之星（欧版）,NDS#4620,5.54MB
nds,Okada Toshio no Itsumademo Debu to Omounayo - DS de Recording Diet (Japan),冈田斗司夫的DS录音减肥（日版）,NDS#4621,8.40MB
nds,Okaeri! Chibi-Robo! - Happy Rich Oosouji! (Japan),欢迎回来!小小机器人-快乐大扫除（日版）,NDS#4622,19.86MB
nds,Okamiden (Europe),,NDS#4623,42.59MB
nds,Okamiden (USA),,NDS#4624,42.59MB
nds,Okamiden - Chiisaki Taiyou (Japan),,NDS#4625,42.67MB
nds,"Oktoberfest - The Official Game (Europe) (En,Fr,De,Es,It)","啤酒节-官方游戏（欧版） (En,Fr,De,Es,It)",NDS#4626,10.33MB
nds,OMG 26 - Our Mini Games (USA),O.M.G 我们的26个小游戏（美版）,NDS#4627,2.41MB
nds,Once upon a time... - Ugly Duckling (USA) (Proto),,NDS#4628,6.97MB
nds,One Piece - Gear Spirit (Japan),海贼王Gearspirit（日版）,NDS#4629,11.34MB
nds,One Piece - Gear Spirit (Korea),海贼王Gearspirit（韩国版）,NDS#4630,11.30MB
nds,One Piece - Gigant Battle! (Europe),海贼王-大决战（欧版）,NDS#4631,39.46MB
nds,One Piece - Gigant Battle! (France),海贼王-大决战（法国版）,NDS#4632,39.45MB
nds,One Piece - Gigant Battle! (Germany),海贼王-大决战（德国版）,NDS#4633,39.46MB
nds,One Piece - Gigant Battle! (Japan),海贼王-大决战（日版）,NDS#4634,39.85MB
nds,One Piece Gigant Battle 2 - Shin Sekai (Japan),,NDS#4635,87.46MB
nds,Onegai My Melody - Yume no Kuni no Daibouken (Japan),拜托了-我的旋律（日版）,NDS#4636,1.34MB
nds,Oni Zero - Sengoku Ranse Hyakka Ryouran (Japan),ONI零-战国乱世百花撩乱（日版）,NDS#4637,11.82MB
nds,Onsei Kanjou Sokuteiki - Kokoro Scan (Japan),音乐感情测定器（日版）,NDS#4638,9.46MB
nds,Ontama - Onpu-tou Hen (Japan),音乐珍珠&#9834;音符岛篇（日版）,NDS#4639,84.64MB
nds,Ontamarama (USA),音乐球-音符岛篇（美版）,NDS#4640,83.51MB
nds,Ookami to Koushinryou - Boku to Holo no Ichinen (Japan),狼与香辛料-我与霍罗的一年（日版）,NDS#4641,78.59MB
nds,Ookami to Koushinryou - Umi o Wataru Kaze (Japan),狼与香辛料-渡海之风（日版）,NDS#4642,173.99MB
nds,Ookiku Furikabutte - Honto no Ace ni Nareru kamo (Japan),振臂高呼-成为真正的王牌投手（日版）,NDS#4643,18.45MB
nds,"Open Season (Europe) (En,Es,It,Nl)","狩猎季节（欧版） (En,Es,It,Nl)",NDS#4644,15.26MB
nds,"Open Season (Europe) (En,Fr,De,Es,It,Sv,No,Da,Fi)","狩猎季节（欧版） (En,Fr,De,Es,It,Sv,No,Da,Fi)",NDS#4645,15.32MB
nds,"Open Season (USA) (En,Fr,Es,Nl)","狩猎季节（美版） (En,Fr,Es,Nl)",NDS#4646,15.25MB
nds,"Operation - Vietnam (Europe) (En,Fr,Es,It)","越南行动（欧版） (En,Fr,Es,It)",NDS#4647,5.05MB
nds,Operation - Vietnam (Germany),越南行动（德国版）,NDS#4648,5.05MB
nds,Operation - Vietnam (USA),越南行动（美版）,NDS#4649,5.08MB
nds,"Orcs & Elves (Europe) (En,Fr,De,Es,It)","兽人与精灵（欧版） (En,Fr,De,Es,It)",NDS#4650,8.46MB
nds,"Orcs & Elves (USA) (En,Fr,De,Es,It)","兽人与精灵（美版） (En,Fr,De,Es,It)",NDS#4651,8.46MB
nds,Ore ga Omae o Mamoru (Japan),守护传说（日版）,NDS#4652,41.30MB
nds,Ore no Sentouki (Japan),我的战斗机（日版）,NDS#4653,2.15MB
nds,Ore-Sama Kingdom - Koi mo Manga mo Debut o Mezase! Doki Doki Love Lesson (Japan),,NDS#4654,15.77MB
nds,Orient Quest (Germany),,NDS#4655,3.66MB
nds,"Original Frisbee Disc Sports - Ultimate & Golf (Europe) (En,Fr,De,Es,It)","飞盘游戏（欧版） (En,Fr,De,Es,It)",NDS#4656,2.38MB
nds,Original Frisbee Disc Sports - Ultimate & Golf (USA),飞盘游戏（美版）,NDS#4657,2.35MB
nds,"Original Rummikub, The - Brings People Together (Europe) (En,Fr,De,Es,It,Nl) (DTP Entertainment AG)","拉密数字砖块牌（欧版） (En,Fr,De,Es,It,Nl) (DTP Entertainment AG)",NDS#4658,3.30MB
nds,"Original Rummikub, The - Brings People Together (Europe) (En,Fr,De,Es,It,Nl) (Games Factory Online)","拉密数字砖块牌（欧版） (En,Fr,De,Es,It,Nl) (Games Factory Online)",NDS#4659,3.30MB
nds,Original Story from Fairy Tail - Gekitotsu! Kardia Daiseidou (Japan),妖精的尾巴-激突!卡鲁迪亚大圣堂（日版）,NDS#4660,32.61MB
nds,Orla Froesnapper (Denmark),,NDS#4661,16.17MB
nds,Osawari Tantei - Ozawa Rina (Japan),触摸侦探-小泽里奈（日版）,NDS#4662,7.19MB
nds,"Osawari Tantei - Ozawa Rina - Season 2 1-2 - Rina wa Mita! Iya, Mite nai. (Japan)",触摸侦探-小沢里奈-第2 1/2季（日版）,NDS#4663,12.91MB
nds,"Oscar der Ballonfahrer - Tierische Abenteuer (Europe) (En,De)","奥斯卡的热汽球（欧版） (En,De)",NDS#4664,30.27MB
nds,Oshaberi Oumu (Japan),爱说话鹦鹉（日版）,NDS#4665,6.16MB
nds,Oshare Majo Love and Berry - DS Collection (Japan),时尚魔女-拉芙和贝莉（日版）,NDS#4666,58.49MB
nds,Oshare na Koinu DS (Japan),时髦小狗DS（日版）,NDS#4667,13.61MB
nds,Oshare ni Koi Shite 2 Plus (Japan),,NDS#4668,82.16MB
nds,Oshare Princess - Oshare ni Koishite (Japan),时髦公主DS-打扮约会去!（日版）,NDS#4669,17.86MB
nds,Oshare Princess - Oshare ni Koishite 2 (Japan),时尚恋曲 2（日版）,NDS#4670,82.39MB
nds,Oshiri Kajiri Mushi no Rhythm Lesson DS - Kawai Ongaku Kyoushitsu Kanshuu (Japan),可爱音乐教室监制-咬屁虫的韵律教程DS（日版）,NDS#4671,33.23MB
nds,Osu! Tatakae! Ouendan (Japan),押忍！战斗！应援团！（日版）,NDS#4672,49.71MB
nds,Othello de Othello DS (Japan),黑白棋de黑白棋DS（日版）,NDS#4673,12.03MB
nds,Oto o Tsunagou! Gunpey-Rebirth (Japan),音乐益智方块（日版）,NDS#4674,18.71MB
nds,Otogi Juushi Akazukin (Japan),童话枪手小红帽（日版）,NDS#4675,5.83MB
nds,Otome-teki Koi Kakumei - Love Revo!! DS (Japan),少女恋爱革命 DS（日版）,NDS#4676,36.35MB
nds,Otome-teki Koi Kakumei - Love Revo!! DS (Japan) (Rev 1),少女恋爱革命 DS（日版） （修正版 1）,NDS#4677,39.46MB
nds,Otona no DS Golf (Japan),大人的高尔夫DS（日版）,NDS#4678,18.97MB
nds,Otona no DS Mystery - Izumi Jiken File (Japan),大人的DS侦探小说-泉的事件档案（日版）,NDS#4679,32.75MB
nds,Otona no Onna Ryoku Kentei (Japan),成人女力检定（日版）,NDS#4680,16.60MB
nds,Otona no Renai Shousetsu - DS Harlequin Selection (Japan),大人的恋爱小说-哈雷克因选集（日版）,NDS#4681,42.36MB
nds,Otona Ryoku Kentei (Japan),大人力检定（日版）,NDS#4682,12.38MB
nds,"Otoshi Deka - Keiji-san, Watashi ga Yarimashita (Japan)",审问刑警-刑警先生-是我干的（日版）,NDS#4683,9.63MB
nds,Ougon no Taiyou - Shikkoku Naru Yoake (Japan),黄金的太阳-漆黑的黎明（日版）,NDS#4684,122.90MB
nds,Oui-Oui - Grande Fete au Pays des Jouets (France),,NDS#4685,4.52MB
nds,Oui-Oui et le Grand Carnaval des Jouets (France),,NDS#4686,4.05MB
nds,Our House (USA),我们的房子（美版）,NDS#4687,10.31MB
nds,Ouran Koukou Host Club DS (Japan),樱兰高校男公关部 DS（日版）,NDS#4688,204.30MB
nds,Over the Hedge (Europe),篱笆墙外（欧版）,NDS#4689,21.34MB
nds,Over the Hedge (USA),篱笆墙外（美版）,NDS#4690,22.80MB
nds,Over the Hedge - Beesten bij de Buren (Netherlands),篱笆墙外-森林保卫战（荷兰版）,NDS#4691,21.80MB
nds,Over the Hedge - Hammy Goes Nuts! (Europe),篱笆墙外（欧版）,NDS#4692,30.53MB
nds,"Over the Hedge - Hammy Goes Nuts! (Europe) (Fr,De,Es,It,Nl)","篱笆墙外（欧版） (Fr,De,Es,It,Nl)",NDS#4693,30.54MB
nds,Over the Hedge - Hammy Goes Nuts! (USA),篱笆墙外（美版）,NDS#4694,30.53MB
nds,"Overlord Minions (Europe) (En,Fr,De,Es,It)","霸王-亡命喽啰（欧版） (En,Fr,De,Es,It)",NDS#4695,29.36MB
nds,"Overlord Minions (USA) (En,Fr,Es)","霸王-亡命喽啰（美版） (En,Fr,Es)",NDS#4696,29.36MB
nds,Oyako de Asoberu DS Ehon - Ukkari Penelope (Japan),亲子游乐-DS绘本-不留神的佩内洛普DS（日版）,NDS#4697,22.11MB
nds,"Paard & Pony - Mijn Paardenstal (Netherlands) (En,Nl)","我的马场（荷兰版） (En,Nl)",NDS#4698,5.97MB
nds,Pac'n Ball (Korea),滚滚吃豆（韩国版）,NDS#4699,9.96MB
nds,"Pac'n Roll (Europe) (En,Fr,De,Es,It)","滚滚吃豆（欧版） (En,Fr,De,Es,It)",NDS#4700,10.18MB
nds,Pac'n Roll (Japan),滚滚吃豆（日版）,NDS#4701,10.01MB
nds,Pac'n Roll (USA),滚滚吃豆（美版）,NDS#4702,9.97MB
nds,Pac-Man World 3 (Europe),吃豆人世界3（欧版）,NDS#4703,21.18MB
nds,Pac-Man World 3 (USA),吃豆人世界3（美版）,NDS#4704,21.16MB
nds,"Pac-Pix (Europe) (En,Fr,De,Es,It)","一笔吃豆（欧版） (En,Fr,De,Es,It)",NDS#4705,5.90MB
nds,"Pac-Pix (Europe) (En,Fr,De,Es,It) (Demo) (Kiosk)","一笔吃豆（欧版） (En,Fr,De,Es,It) （演示版） （商店演示版）",NDS#4706,2.98MB
nds,Pac-Pix (Japan),一笔吃豆（日版）,NDS#4707,5.65MB
nds,Pac-Pix (Korea),一笔吃豆（韩国版）,NDS#4708,6.22MB
nds,Pac-Pix (USA),一笔吃豆（美版）,NDS#4709,5.65MB
nds,Pac-Pix (USA) (Demo) (Kiosk),一笔吃豆（美版） （演示版） （商店演示版）,NDS#4710,4.91MB
nds,Pachi & Slot Hisshoubon DS (Japan),柏青哥-柏青嫂必胜本DS（日版）,NDS#4711,21.16MB
nds,"Paint by DS (Europe) (En,Fr,De,Es,It)","休心大人涂鸦DS（欧版） (En,Fr,De,Es,It)",NDS#4712,7.47MB
nds,"Paint by DS - Classic Masterpieces (Europe) (En,Fr,It) [b]","小画家 DS 经典杰作（欧版） (En,Fr,It) [b]",NDS#4713,6.50MB
nds,"Paint by DS - Military Vehicles (Europe) (En,Fr,De,Es,It)","涂鸦DS-战车（欧版） (En,Fr,De,Es,It)",NDS#4714,8.72MB
nds,Panda-san Nikki (Japan),熊猫先生日记（日版）,NDS#4715,12.63MB
nds,Panel de Pon DS (Japan),泡泡龙DS（日版）,NDS#4716,12.38MB
nds,Panpaka Panya-san (Japan),木棉君（日版）,NDS#4717,2.93MB
nds,"Panzer Tactics DS (Europe) (En,Fr,De,Es,It)","装甲战略DS（欧版） (En,Fr,De,Es,It)",NDS#4718,19.43MB
nds,"Panzer Tactics DS (USA) (En,Fr,De,Es,It)","装甲战略DS（美版） (En,Fr,De,Es,It)",NDS#4719,19.45MB
nds,Partouche Poker Tour - Poker Texas Hold'em No Limit (France),扑克巡回赛（法国版）,NDS#4720,2.10MB
nds,Party Carnival (Europe),聚会嘉年华（欧版）,NDS#4721,2.02MB
nds,Pass the Pigs - Let the Good Swines Roll! (Europe),砸金猪游戏（欧版）,NDS#4722,15.40MB
nds,Pass the Pigs - Let the Good Swines Roll! (USA),砸金猪游戏（美版）,NDS#4723,15.40MB
nds,Pass Your Driving Theory Test (Europe) [b],通过您的驾驶执照测验（欧版） [b],NDS#4724,2.32MB
nds,Pass Your Driving Theory Test - 2010 Edition (Europe),,NDS#4725,1.90MB
nds,Passcard 3 (World) (Unl),,NDS#4726,10.51KB
nds,"Passcard 3 (World) (v3.0,v4.0) (Unl)",,NDS#4727,20.04KB
nds,Passcard 3 (World) (v5.0) (Unl),,NDS#4728,20.11KB
nds,Passcard 3 (World) (v6.0) (Unl),,NDS#4729,20.09KB
nds,Passeport du CE1 au CE2 (France),CE1与CE2的通行证（法国版）,NDS#4730,2.66MB
nds,Passeport du CE2 au CM1 (France) [b],Passeport: du CE2 au CM1（法国版） [b],NDS#4731,4.13MB
nds,Passeport du CM1 au CM2 (France) [b],,NDS#4732,4.18MB
nds,Passeport du CM2 a la 6eme (France) [b],Passeport: du CM2 a la 6eme（法国版） [b],NDS#4733,3.91MB
nds,Passeport du CP au CE1 (France),CE1与CE的通行证（法国版）,NDS#4734,2.20MB
nds,Patto Tokeru! - India Suugaku Drill DS - Jiman Shitaku Naru Anzan Hou (Japan),迎刃而解-印度数学训练（日版）,NDS#4735,4.93MB
nds,Paweo Reinjeo Kaeptin Poseu - Byeonsin! 35 Jeondae! (Korea),,NDS#4736,35.02MB
nds,"Pawly Pets - My Pet Hotel (Europe) (En,Fr)","我的宠物旅馆（欧版） (En,Fr)",NDS#4737,7.11MB
nds,Pawly Pets - My Vet Practice (Europe),宠物医院（欧版）,NDS#4738,6.02MB
nds,"Pawly Pets - My Vet Practice (Europe) (En,Es,It)","宠物医院（欧版） (En,Es,It)",NDS#4739,6.34MB
nds,"Pawly Pets - My Vet Practice (Europe) (En,Fr,De)","宠物医院（欧版） (En,Fr,De)",NDS#4740,6.39MB
nds,Paws & Claws - Best Friends - Dogs & Cats (USA),猫朋狗友（美版）,NDS#4741,5.80MB
nds,Paws & Claws - Marine Rescue (USA) (NDSi Enhanced),宠物海上急救队（美版） (NDSi Enhanced),NDS#4742,20.52MB
nds,Paws & Claws - Pampered Pets (USA),宠物商店-水疗中心（美版）,NDS#4743,11.28MB
nds,Paws & Claws - Pampered Pets 2 (USA) (NDSi Enhanced),猫和狗-养尊处优的宠物2（美版） (NDSi Enhanced),NDS#4744,8.62MB
nds,Paws & Claws - Pet Resort (USA),我的宠物旅馆（美版）,NDS#4745,15.32MB
nds,Paws & Claws - Pet Vet (USA),宠物医生（美版）,NDS#4746,5.62MB
nds,Paws & Claws - Pet Vet - Australian Adventures (USA),宠物医生-澳大利亚冒险（美版）,NDS#4747,24.85MB
nds,Paws & Claws - Pet Vet 2 (USA),宠物医生2（美版）,NDS#4748,27.23MB
nds,Paws & Claws - Regal Resort (USA),爪爪富豪酒店（美版）,NDS#4749,8.80MB
nds,"PDC World Championship Darts (USA) (En,Fr,Es,It,Nl)","PDC 世界飞镖锦标赛（美版） (En,Fr,Es,It,Nl)",NDS#4750,5.40MB
nds,"PDC World Championship Darts - The Official Video Game (Europe) (En,Fr,De,Es,It,Nl)","PDC世界飞镖锦标赛（欧版） (En,Fr,De,Es,It,Nl)",NDS#4751,5.40MB
nds,Peggle Dual Shot (USA),幻幻球双重射击（美版）,NDS#4752,25.27MB
nds,Pekin Express - La Route de l'Himalaya (France),北京快车（法国版）,NDS#4753,12.82MB
nds,Pen1 Grand Prix - Penguin no Mondai Special (Japan),企鹅的问题特别版-企鹅 No.1 大奖（日版）,NDS#4754,22.26MB
nds,Penguin no Mondai - Saikyou Penguin Densetsu! (Japan),企鹅的问题-最强企鹅传说（日版）,NDS#4755,12.56MB
nds,Penguin no Mondai - The World (Japan),企鹅的问题-世界篇（日版）,NDS#4756,21.50MB
nds,Penguin no Mondai X - Tenkuu no 7 Senshi (Japan),企鹅的问题 X 天空 7 战士（日版）,NDS#4757,37.10MB
nds,"Penguins of Madagascar, The (Europe) (De,Nl) (NDSi Enhanced)","马达加斯加的企鹅（欧版） (De,Nl) (NDSi Enhanced)",NDS#4758,36.09MB
nds,"Penguins of Madagascar, The (Europe) (En,Fr) (NDSi Enhanced)","马达加斯加的企鹅（欧版） (En,Fr) (NDSi Enhanced)",NDS#4759,36.15MB
nds,"Penguins of Madagascar, The (Europe) (Es,It) (NDSi Enhanced)","马达加斯加的企鹅（欧版） (Es,It) (NDSi Enhanced)",NDS#4760,37.55MB
nds,"Penguins of Madagascar, The (USA) (En,Fr) (NDSi Enhanced)","马达加斯加的企鹅（美版） (En,Fr) (NDSi Enhanced)",NDS#4761,36.14MB
nds,"Penguins of Madagascar, The - Dr. Blowhole Returns Again! (Europe) (De,Nl) (NDSi Enhanced)","马达加斯加企鹅-吹气孔博士归来（欧版） (De,Nl) (NDSi Enhanced)",NDS#4762,29.80MB
nds,"Penguins of Madagascar, The - Dr. Blowhole Returns Again! (Europe) (En,Fr) (NDSi Enhanced)","马达加斯加企鹅-吹气孔博士归来（欧版） (En,Fr) (NDSi Enhanced)",NDS#4763,29.75MB
nds,"Penguins of Madagascar, The - Dr. Blowhole Returns Again! (Europe) (Es,It) (NDSi Enhanced)","马达加斯加企鹅-吹气孔博士归来（欧版） (Es,It) (NDSi Enhanced)",NDS#4764,30.22MB
nds,"Penguins of Madagascar, The - Dr. Blowhole Returns Again! (USA) (En,Fr) (NDSi Enhanced)","马达加斯加企鹅-吹气孔博士归来（美版） (En,Fr) (NDSi Enhanced)",NDS#4765,29.75MB
nds,Peppa Pig - Fun and Games (Europe),帕帕猪-玩乐与游戏（欧版）,NDS#4766,3.91MB
nds,Peppa Pig - The Game (Europe),粉红猪小妹（欧版）,NDS#4767,2.52MB
nds,Peppa Pig - Theme Park Fun (Europe),,NDS#4768,11.80MB
nds,"Percy Jackson & the Lightning Thief (Europe) (En,Fr,De,Es,It)","波西杰克森-神火之贼（欧版） (En,Fr,De,Es,It)",NDS#4769,30.46MB
nds,"Percy Jackson and the Olympians - The Lightning Thief (USA) (En,Fr)","波西杰克森-神火之贼（美版） (En,Fr)",NDS#4770,30.28MB
nds,Perfect Kanji Keisan Master DS (Japan) (Not for Resale),,NDS#4771,7.50MB
nds,"Personal Fitness for Men (USA) (En,Fr,Es)","男子个人健身（美版） (En,Fr,Es)",NDS#4772,9.07MB
nds,"Personal Fitness for Women (USA) (En,Fr,Es)","女子个人健身（美版） (En,Fr,Es)",NDS#4773,9.07MB
nds,Personal Trainer - Cooking (USA),世界餐点解说-料理指导（美版）,NDS#4774,155.99MB
nds,Personal Trainer - Cooking (USA) (Demo) (Kiosk),世界餐点解说-料理指导（美版） （演示版） （商店演示版）,NDS#4775,12.74MB
nds,"Personal Trainer - Math (USA) (En,Fr,Es)","个人训练员-数学（美版） (En,Fr,Es)",NDS#4776,5.34MB
nds,"Personal Trainer - Walking (USA) (En,Fr,Es)","步行理解生活节奏 DS（美版） (En,Fr,Es)",NDS#4777,9.82MB
nds,"Personal Trainer DS for Men (Europe) (En,Fr,De,Es,It)","个人训练员 DS 男人版（欧版） (En,Fr,De,Es,It)",NDS#4778,9.10MB
nds,"Personal Trainer DS for Women (Europe) (En,Fr,De,Es,It)","女性个人教练（欧版） (En,Fr,De,Es,It)",NDS#4779,9.10MB
nds,"Personal Yoga Training - Learn in 15 Minutes a Day (Europe) (En,Fr,De,Es,It)","个人瑜珈训练（欧版） (En,Fr,De,Es,It)",NDS#4780,10.00MB
nds,"Pet Adoption Center (USA) (En,Fr,De,Nl)","宠物领养中心（美版） (En,Fr,De,Nl)",NDS#4781,4.95MB
nds,"Pet Alien (Europe) (En,Fr,De,Es,It)","异型宠物（欧版） (En,Fr,De,Es,It)",NDS#4782,5.95MB
nds,"Pet Alien - An Intergalactic Puzzlepalooza (USA) (En,Fr,Es)","外星宠物（美版） (En,Fr,Es)",NDS#4783,5.95MB
nds,Pet Pals - Animal Doctor (USA),宠物医生（美版）,NDS#4784,13.61MB
nds,Pet Pals - New Leash on Life (USA),宠物宝贝-皮带新生活（美版）,NDS#4785,5.02MB
nds,Pet Shop Monogatari DS (Japan),宠物店故事DS（日版）,NDS#4786,18.35MB
nds,Pet Shop Monogatari DS 2 (Japan),宠物店故事DS2（日版）,NDS#4787,44.47MB
nds,"Pet Vet - Down Under (USA) (En,Fr)",,NDS#4788,11.83MB
nds,"Peter Jackson's King Kong - The Official Game of the Movie (Europe) (En,Fr,De,Es,It,Nl,Sv,No,Da,Fi) (Rev 1)","金刚（欧版） (En,Fr,De,Es,It,Nl,Sv,No,Da,Fi) （修正版 1）",NDS#4789,15.65MB
nds,Peter Jackson's King Kong - The Official Game of the Movie (Japan),金刚（日版）,NDS#4790,15.68MB
nds,"Peter Jackson's King Kong - The Official Game of the Movie (USA) (En,Fr,De,Es,It,Nl,Sv,No,Da,Fi)","金刚（美版） (En,Fr,De,Es,It,Nl,Sv,No,Da,Fi)",NDS#4791,15.10MB
nds,"Peter Jackson's King Kong - The Official Game of the Movie (USA) (En,Fr,De,Es,It,Nl,Sv,No,Da,Fi) (Rev 1)","金刚（美版） (En,Fr,De,Es,It,Nl,Sv,No,Da,Fi) （修正版 1）",NDS#4792,15.65MB
nds,Peter Pan's Playground (Europe),彼德潘乐园（欧版）,NDS#4793,25.22MB
nds,Petit Eva - Evangelion@Game (Japan),Q版新世纪福音战士（日版）,NDS#4794,5.00MB
nds,Petit Fute Travel and Play (France),小女孩-旅行与游戏（法国版）,NDS#4795,7.00MB
nds,"Petz - Bunnyz (USA) (En,Fr,De,Es,It,Nl)","宠物兔（美版） (En,Fr,De,Es,It,Nl)",NDS#4796,5.34MB
nds,"Petz - Bunnyz Bunch (USA) (En,Fr,Es)","我的宠物-兔子成群（美版） (En,Fr,Es)",NDS#4797,6.52MB
nds,Petz - Catz - Koneko to Issho ni Tanoshiku Asobou (Japan),休闲系列 2980宠物狗猫马猴（日版）,NDS#4798,9.90MB
nds,"Petz - Catz 2 (USA) (En,Fr,Es)","宠物小猫（美版） (En,Fr,Es)",NDS#4799,6.78MB
nds,"Petz - Catz Clan (USA) (En,Fr,De,Es,It,Nl,Sv,No,Da)","宠物猫咪家族（美版） (En,Fr,De,Es,It,Nl,Sv,No,Da)",NDS#4800,8.85MB
nds,"Petz - Catz Clan (USA) (En,Fr,De,Es,It,Nl,Sv,No,Da) (Rev 1)","宠物猫咪家族（美版） (En,Fr,De,Es,It,Nl,Sv,No,Da) （修正版 1）",NDS#4801,12.04MB
nds,"Petz - Catz Playground (USA) (En,Fr,De,Es,It)","我的宠物-猫咪游乐场（美版） (En,Fr,De,Es,It)",NDS#4802,6.88MB
nds,"Petz - Dog Superstar (Europe) (En,Fr,De,Es,It)","宠物-小狗超明星（欧版） (En,Fr,De,Es,It)",NDS#4803,21.48MB
nds,Petz - Dogz - Koinu to Issho ni Tanoshiku Asobou (Japan),休闲系列2980-宠物狗（日版）,NDS#4804,11.89MB
nds,"Petz - Dogz 2 (USA) (En,Fr,De,Es,It)","狗狗故事2（美版） (En,Fr,De,Es,It)",NDS#4805,8.41MB
nds,Petz - Dogz Fashion (USA),时尚宠物狗（美版）,NDS#4806,13.90MB
nds,"Petz - Dogz Fashion (USA) (En,Fr,Es) (Rev 1)","时尚宠物狗（美版） (En,Fr,Es) （修正版 1）",NDS#4807,14.32MB
nds,"Petz - Dogz Pack (USA) (En,Fr,De,Es,It,Nl,Sv,No,Da)","我的宠物小狗家庭（美版） (En,Fr,De,Es,It,Nl,Sv,No,Da)",NDS#4808,8.66MB
nds,"Petz - Dogz Pack (USA) (En,Fr,De,Es,It,Nl,Sv,No,Da) (Rev 1)","我的宠物小狗家庭（美版） (En,Fr,De,Es,It,Nl,Sv,No,Da) （修正版 1）",NDS#4809,9.49MB
nds,"Petz - Dogz Talent Show (USA) (En,Fr,De,Es,It)","宠物狗-才能表演（美版） (En,Fr,De,Es,It)",NDS#4810,21.48MB
nds,"Petz - Dolphinz Encounter (USA) (En,Fr,Es) (NDSi Enhanced)","宠物遭遇海豚（美版） (En,Fr,Es) (NDSi Enhanced)",NDS#4811,23.32MB
nds,"Petz - Fantasy (Europe) (En,Fr,De,Es,It,Nl,Sv,No,Da) (NDSi Enhanced)","梦想宠物（欧版） (En,Fr,De,Es,It,Nl,Sv,No,Da) (NDSi Enhanced)",NDS#4812,19.67MB
nds,"Petz - Fashion Stars (Europe) (En,Fr,De,Es,It,Nl) [b]","宠物-时尚明星（欧版） (En,Fr,De,Es,It,Nl) [b]",NDS#4813,13.65MB
nds,"Petz - Hamster Superstar (Europe) (En,Fr,De,Es,It,Nl,Sv,No,Da)","宠物仓鼠超明星（欧版） (En,Fr,De,Es,It,Nl,Sv,No,Da)",NDS#4814,7.36MB
nds,Petz - Hamsterz Life 2 (USA),仓鼠生活2（美版）,NDS#4815,5.57MB
nds,"Petz - Hamsterz Life 2 (USA) (En,Fr,De,Es,It,Nl) (Rev 1)","仓鼠生活2（美版） (En,Fr,De,Es,It,Nl) （修正版 1）",NDS#4816,6.03MB
nds,"Petz - Hamsterz Superstars (USA) (En,Fr,De,Es,It,Nl,Sv,No,Da)","仓鼠巨星（美版） (En,Fr,De,Es,It,Nl,Sv,No,Da)",NDS#4817,7.36MB
nds,"Petz - Horseshoe Ranch (USA) (En,Fr,De,Es,It,Nl,Sv,No,Da)","宠物马匹农场（美版） (En,Fr,De,Es,It,Nl,Sv,No,Da)",NDS#4818,9.78MB
nds,Petz - Horsez - Kouma to Issho ni Tanoshiku Asobou (Japan),休闲系列2980-宠物马（日版）,NDS#4819,9.84MB
nds,"Petz - Horsez 2 (USA) (En,Fr,Es)","宠物小马（美版） (En,Fr,Es)",NDS#4820,28.66MB
nds,"Petz - Horsez Family (USA) (En,Fr,Es) (NDSi Enhanced)",,NDS#4821,17.23MB
nds,Petz - Monkeyz - Osaru to Issho ni Tanoshiku Asobou (Japan),休闲系列2980-宠物猴（日版）,NDS#4822,11.41MB
nds,"Petz - Monkeyz House (USA) (En,Fr,De,Es,It,Nl,Sv,No,Da)","宠物情缘-猴之家（美版） (En,Fr,De,Es,It,Nl,Sv,No,Da)",NDS#4823,10.51MB
nds,"Petz - My Baby Panda (Europe) (En,Fr,De,Es,It,Nl,Sv,No,Da)","宠物-我的小熊猫（欧版） (En,Fr,De,Es,It,Nl,Sv,No,Da)",NDS#4824,12.39MB
nds,"Petz - My Horse Family (Europe) (En,Fr,De,Es,It,Nl,Sv,No,Da)","宠物-我的马匹家族（欧版） (En,Fr,De,Es,It,Nl,Sv,No,Da)",NDS#4825,9.78MB
nds,"Petz - My Kitten Family (Europe) (En,Fr,De,Es,It,Nl,Sv,No,Da)","宠物-我的小猫家庭（欧版） (En,Fr,De,Es,It,Nl,Sv,No,Da)",NDS#4826,9.72MB
nds,"Petz - My Monkey Family (Europe) (En,Fr,De,Es,It,Nl,Sv,No,Da)","宠物-我的猴子家庭（欧版） (En,Fr,De,Es,It,Nl,Sv,No,Da)",NDS#4827,11.32MB
nds,"Petz - My Puppy Family (Europe) (En,Fr,De,Es,It,Nl,Sv,No,Da)","我的宠物小狗家庭（欧版） (En,Fr,De,Es,It,Nl,Sv,No,Da)",NDS#4828,8.65MB
nds,"Petz - Nursery (Europe) (En,Fr,De,Es,It,Nl,Sv,No,Da)","宠物-幼兽（欧版） (En,Fr,De,Es,It,Nl,Sv,No,Da)",NDS#4829,20.60MB
nds,"Petz - Nursery (USA) (En,Fr,De,Es,It,Nl,Sv,No,Da)","宠物-幼兽（美版） (En,Fr,De,Es,It,Nl,Sv,No,Da)",NDS#4830,20.59MB
nds,"Petz - Nursery 2 (USA) (En,Fr,Es)","我的宠物-托儿所2（美版） (En,Fr,Es)",NDS#4831,10.38MB
nds,"Petz - Playschool (Europe) (En,Fr,De,Es,It)","宠物玩乐学校（欧版） (En,Fr,De,Es,It)",NDS#4832,10.39MB
nds,"Petz - Pony Beauty Pageant (USA) (En,Fr,Es)","宠物小马-选美（美版） (En,Fr,Es)",NDS#4833,18.25MB
nds,"Petz - Pony Club (Europe) (En,Fr,De,Es,It)","宠物-小马俱乐部（欧版） (En,Fr,De,Es,It)",NDS#4834,18.26MB
nds,"Petz - Puppyz & Kittenz (USA) (En,Fr,Es)",,NDS#4835,7.77MB
nds,"Petz - Wild Animals - Dolphinz (USA) (En,Fr,Es)","野生宠物-海豚（美版） (En,Fr,Es)",NDS#4836,10.89MB
nds,"Petz - Wild Animals - Tigerz (USA) (En,Fr,Es)","老虎故事（美版） (En,Fr,Es)",NDS#4837,11.47MB
nds,"Petz Fantasy - Moonlight Magic (USA) (En,Fr,Es) (NDSi Enhanced)",,NDS#4838,19.77MB
nds,"Petz Fantasy - Sunshine Magic (USA) (En,Fr,Es) (NDSi Enhanced)",,NDS#4839,19.67MB
nds,"Petz Fashion - Dogz & Catz (USA) (En,Fr,Es)","宠物时尚-狗和猫（美版） (En,Fr,Es)",NDS#4840,13.55MB
nds,"Petz Rescue - Endangered Paradise (USA) (En,Fr,Es)","拯救宠物-濒危天堂（美版） (En,Fr,Es)",NDS#4841,6.77MB
nds,"Petz Rescue - Ocean Patrol (USA) (En,Fr,Es)","海洋生物巡防队（美版） (En,Fr,Es)",NDS#4842,19.18MB
nds,Petz Rescue - Wildlife Vet (USA) (Beta),拯救宠物-野地兽医（美版） （测试版）,NDS#4843,27.91MB
nds,"Petz Rescue - Wildlife Vet (USA) (En,Fr,Es,Pt)","拯救宠物-野地兽医（美版） (En,Fr,Es,Pt)",NDS#4844,23.52MB
nds,Pferd & Pony - Best Friends - Mein Pferd (Germany),最好的朋友-我的马儿（德国版）,NDS#4845,6.05MB
nds,"Pferd & Pony - Die Reitakademie (Europe) (En,De)","马术学院（欧版） (En,De)",NDS#4846,15.63MB
nds,"Pferd & Pony - Die Reitakademie - Das Entscheidende Turnier (Europe) (En,De) [b]","骑术学院-决定的锦标赛（欧版） (En,De) [b]",NDS#4847,8.10MB
nds,"Pferd & Pony - Mein Gestuet (Europe) (En,De)","我的马场（欧版） (En,De)",NDS#4848,5.91MB
nds,"Pferd & Pony - Mein Gestuet - Ein Leben fuer die Pferde (Europe) (En,Fr,De,Es,It)","我的驯马场（欧版） (En,Fr,De,Es,It)",NDS#4849,18.64MB
nds,"Pferd & Pony - Mein Westernpferd (Germany) (En,De)",,NDS#4850,15.19MB
nds,"Pferd & Pony - Mein Westernpferd (Germany) (En,Fr,De,It) (Rev 1)",,NDS#4851,15.23MB
nds,"Pferdefreunde Puzzle - Echter Puzzlespass fuer Unterwegs (Europe) (En,Fr,De,Es,It)","马儿朋友（欧版） (En,Fr,De,Es,It)",NDS#4852,3.68MB
nds,Phantasy Star 0 (Europe),梦幻之星零（欧版）,NDS#4853,58.95MB
nds,Phantasy Star 0 (Japan),梦幻之星零（日版）,NDS#4854,60.99MB
nds,Phantasy Star 0 (USA),梦幻之星零（美版）,NDS#4855,58.96MB
nds,Phil Taylor's Power Play Darts (Europe) (Rev 1),,NDS#4856,2.71MB
nds,"Phineas and Ferb (Europe) (En,Fr,De,Es,It)","飞哥与小佛（欧版） (En,Fr,De,Es,It)",NDS#4857,16.17MB
nds,Phineas and Ferb (USA),飞哥与小佛（美版）,NDS#4858,17.62MB
nds,Phineas and Ferb (USA) (Rev 1),飞哥与小佛（美版） （修正版 1）,NDS#4859,20.46MB
nds,"Phineas and Ferb - 2 Disney Games (Europe) (En,Fr,De,Es,It,Nl) (NDSi Enhanced)",,NDS#4860,30.26MB
nds,"Phineas and Ferb - Across the 2nd Dimension (Europe) (En,Fr,De,Es,It,Nl)","飞哥与小佛的时空大冒险（欧版） (En,Fr,De,Es,It,Nl)",NDS#4861,12.90MB
nds,"Phineas and Ferb - Across the 2nd Dimension (Europe) (En,Sv,Da)","飞哥与小佛的时空大冒险（欧版） (En,Sv,Da)",NDS#4862,12.91MB
nds,"Phineas and Ferb - Across the 2nd Dimension (USA) (En,Fr,Es)","飞哥与小佛的时空大冒险（美版） (En,Fr,Es)",NDS#4863,12.90MB
nds,"Phineas and Ferb - Quest for Cool Stuff (Europe) (En,Fr,De,Es,It)",,NDS#4864,19.39MB
nds,Phineas and Ferb - Quest for Cool Stuff (USA),,NDS#4865,19.35MB
nds,"Phineas and Ferb - Ride Again (Europe) (En,De,Es,It,Nl) (NDSi Enhanced)","飞哥与小佛的再次冒险（欧版） (En,De,Es,It,Nl) (NDSi Enhanced)",NDS#4866,11.06MB
nds,"Phineas and Ferb - Ride Again (USA) (En,Es) (NDSi Enhanced)","飞哥与小佛的再次冒险（美版） (En,Es) (NDSi Enhanced)",NDS#4867,15.88MB
nds,"Phoenix Wright - Ace Attorney (Europe) (De,Es,It)","逆转裁判（欧版） (De,Es,It)",NDS#4868,34.97MB
nds,"Phoenix Wright - Ace Attorney (Europe) (En,Fr)","逆转裁判（欧版） (En,Fr)",NDS#4869,33.66MB
nds,Phoenix Wright - Ace Attorney (USA),逆转裁判（美版）,NDS#4870,32.47MB
nds,"Phoenix Wright - Ace Attorney - Justice for All (Europe) (En,Fr,De)","逆转裁判-一切为了正义（欧版） (En,Fr,De)",NDS#4871,11.76MB
nds,"Phoenix Wright - Ace Attorney - Justice for All (Europe) (Es,It)","逆转裁判-一切为了正义（欧版） (Es,It)",NDS#4872,10.08MB
nds,Phoenix Wright - Ace Attorney - Justice for All (USA),逆转裁判-一切为了正义（美版）,NDS#4873,9.96MB
nds,Phoenix Wright - Ace Attorney - Trials and Tribulations (Europe),逆转裁判3-审判与磨难（欧版）,NDS#4874,8.54MB
nds,"Phoenix Wright - Ace Attorney - Trials and Tribulations (Europe) (Es,It)","逆转裁判3-审判与磨难（欧版） (Es,It)",NDS#4875,10.21MB
nds,"Phoenix Wright - Ace Attorney - Trials and Tribulations (Europe) (Fr,De)","逆转裁判3-审判与磨难（欧版） (Fr,De)",NDS#4876,10.46MB
nds,Phoenix Wright - Ace Attorney - Trials and Tribulations (USA),逆转裁判3-审判与磨难（美版）,NDS#4877,10.31MB
nds,Phonics de Minitsuku Eigo (Japan),,NDS#4878,15.31MB
nds,"Photo Phantasy (USA) (En,Fr,Es)","照片幻觉（美版） (En,Fr,Es)",NDS#4879,2.90MB
nds,Pic Pic (Europe),绘图总动员（欧版）,NDS#4880,3.64MB
nds,Pic Pic (France),绘图总动员（法国版）,NDS#4881,3.62MB
nds,Pic Pic (Italy),绘图总动员（意大利版）,NDS#4882,3.66MB
nds,Pic Pic - Toku to E ni Naru 3-tsu no Puzzle (Japan),绘图总动员变成图画的3个解谜难题（日版）,NDS#4883,3.70MB
nds,Pichu-Jirachi Distribution 2010 (USA) (Wi-Fi Kiosk) (Save Data),,NDS#4884,199.67KB
nds,"Picross 3D (Europe) (En,Fr,De,Es,It)","立体绘图方块（欧版） (En,Fr,De,Es,It)",NDS#4885,21.09MB
nds,"Picross 3D (Europe) (En,Fr,De,Es,It) (Demo) (Kiosk)","立体绘图方块（欧版） (En,Fr,De,Es,It) （演示版） （商店演示版）",NDS#4886,1.12MB
nds,Picross 3D (USA) (Demo) (Kiosk),立体绘图方块（美版） （演示版） （商店演示版）,NDS#4887,1.02MB
nds,"Picross 3D (USA) (En,Fr,Es)","立体绘图方块（美版） (En,Fr,Es)",NDS#4888,20.62MB
nds,"Picross DS (Europe) (En,Fr,De,Es,It)","绘图方块 DS（欧版） (En,Fr,De,Es,It)",NDS#4889,3.55MB
nds,Picross DS (Japan),绘图方块 DS（日版）,NDS#4890,3.30MB
nds,Picross DS (Korea),绘图方块 DS（韩国版）,NDS#4891,3.53MB
nds,"Picross DS (USA) (En,Fr,Es)","绘图方块 DS（美版） (En,Fr,Es)",NDS#4892,3.48MB
nds,"Pictionary (Europe) (En,Fr,De,Es,It,Nl) (NDSi Enhanced)","画图猜词游戏（欧版） (En,Fr,De,Es,It,Nl) (NDSi Enhanced)",NDS#4893,18.74MB
nds,Pictionary (USA) (Beta) (NDSi Enhanced),画图猜词游戏（美版） （测试版） (NDSi Enhanced),NDS#4894,8.37MB
nds,"Pictionary (USA) (En,Fr,Es) (NDSi Enhanced)","画图猜词游戏（美版） (En,Fr,Es) (NDSi Enhanced)",NDS#4895,14.35MB
nds,Picto Image DS (Japan),绘图猜猜猜DS（日版）,NDS#4896,8.85MB
nds,"PictoImage (USA) (En,Fr,De,Es,It)","绘图猜猜猜DS（美版） (En,Fr,De,Es,It)",NDS#4897,9.22MB
nds,"PictoImage - Sketch and Guess on Your DS! (Europe) (En,Fr,De,Es,It)","绘图猜猜猜DS（欧版） (En,Fr,De,Es,It)",NDS#4898,9.22MB
nds,"Picture Puzzle Collection (Europe) (En,Fr,De,Es,It,Nl)","拼图系列（欧版） (En,Fr,De,Es,It,Nl)",NDS#4899,19.58MB
nds,Pillow Pets (USA),,NDS#4900,5.46MB
nds,"Pimp My Ride - Street Racing (Europe) (En,Fr,De,Es,It)","嘻哈飙车族-街头赛车（欧版） (En,Fr,De,Es,It)",NDS#4901,28.62MB
nds,"Pimp My Ride - Street Racing (USA) (En,Fr)","嘻哈飙车族-街头赛车（美版） (En,Fr)",NDS#4902,28.62MB
nds,"Pinball Deluxe (Europe) (En,Fr,De,Es,It)","弹珠台豪华版（欧版） (En,Fr,De,Es,It)",NDS#4903,6.26MB
nds,Ping Pals (France),聊天伴侣（法国版）,NDS#4904,5.07MB
nds,Ping Pals (Germany),聊天伴侣（德国版）,NDS#4905,5.06MB
nds,Ping Pals (United Kingdom),聊天伴侣(United Kingdom),NDS#4906,5.15MB
nds,Ping Pals (USA),聊天伴侣（美版）,NDS#4907,5.15MB
nds,Pingu no Waku Waku Carnival! (Japan),企鹅家族的神奇音乐狂欢（日版）,NDS#4908,7.66MB
nds,Pinkalicious - It's Party Time! (USA),,NDS#4909,9.56MB
nds,Pinky Street - Kira Kira Music Hour (Japan),粉红街道吉垃吉拉-音乐时间（日版）,NDS#4910,16.81MB
nds,Pinky Street - Kira Kira Music Hour - Sinnaneun Dance Battle (Korea),粉色街道-闪耀音乐时间（韩国版）,NDS#4911,16.85MB
nds,Pinky Street - Kira Kira Music Night (Japan),粉色街道-闪耀☆音乐之夜（日版）,NDS#4912,15.25MB
nds,"Pipe Mania (Europe) (En,Fr,De,Es,It,Nl)","疯狂水管工（欧版） (En,Fr,De,Es,It,Nl)",NDS#4913,10.58MB
nds,"Pipe Mania (USA) (En,Fr)","疯狂水管工（美版） (En,Fr)",NDS#4914,10.58MB
nds,"Pippa Funnell (Europe) (En,Fr,De,Es)","育马爱好者（欧版） (En,Fr,De,Es)",NDS#4915,26.37MB
nds,"Pippa Funnell (Europe) (En,Fr,De,Es,Nl)","育马爱好者（欧版） (En,Fr,De,Es,Nl)",NDS#4916,26.68MB
nds,"Pippa Funnell 2 - Farm Adventures (Europe) (En,Fr,De,Es,It,Nl,Sv,No,Da)","马场精英2-牧场历险（欧版） (En,Fr,De,Es,It,Nl,Sv,No,Da)",NDS#4917,28.67MB
nds,"Pippi Longstocking (Europe) (En,Fr,De,Nl,Sv,No,Da,Fi)",,NDS#4918,37.71MB
nds,"Pirates - Boarding! (Europe) (En,Fr,De,Es,Nl)",,NDS#4919,20.70MB
nds,"Pirates - Boarding! (Europe) (En,It,Sv,No,Da)",,NDS#4920,23.79MB
nds,"Pirates - Duels on the High Seas (Europe) (En,Fr,De,Es,It)","海盗-海上大战（欧版） (En,Fr,De,Es,It)",NDS#4921,3.40MB
nds,Pirates - Duels on the High Seas (USA),海盗-海上大战（美版）,NDS#4922,3.42MB
nds,"Pirates of the Caribbean - At World's End (Europe) (En,Fr,De,Es,It,Nl)","加勒比海盗3-世界尽头（欧版） (En,Fr,De,Es,It,Nl)",NDS#4923,35.11MB
nds,Pirates of the Caribbean - At World's End (Japan),加勒比海盗3-世界尽头（日版）,NDS#4924,35.29MB
nds,"Pirates of the Caribbean - At World's End (USA) (En,Fr,De,Es,It,Nl)","加勒比海盗3-世界尽头（美版） (En,Fr,De,Es,It,Nl)",NDS#4925,35.19MB
nds,"Pirates of the Caribbean - Dead Man's Chest (Europe) (En,Fr,De,Es,It)","加勒比海盗2-亡者宝盒（欧版） (En,Fr,De,Es,It)",NDS#4926,44.01MB
nds,Pirates of the Caribbean - Dead Man's Chest (Japan),加勒比海盗2-亡者宝盒（日版）,NDS#4927,44.03MB
nds,"Pirates of the Caribbean - Dead Man's Chest (USA) (En,Fr,De,Es,It)","加勒比海盗2-亡者宝盒（美版） (En,Fr,De,Es,It)",NDS#4928,44.00MB
nds,Piraty Karibskogo Morja - Na Kraju Sveta (Russia),加勒比海盗-世界的尽头(Russia),NDS#4929,35.27MB
nds,Pixeline - Hotel Skrottenborg (Denmark),,NDS#4930,21.48MB
nds,Pixeline - Jungleskatten (Denmark),,NDS#4931,13.81MB
nds,Pixeline - Magi i Pixieland (Denmark),皮克西莱恩-魔术皮克西大陆(Denmark),NDS#4932,34.84MB
nds,Pixeline - Skole-hjaelp - Dansk - Kaos i Kommakoebing (Denmark) [b],,NDS#4933,44.23MB
nds,Pixeline - Skole-hjaelp - Engelsk - Goes to London (Denmark),,NDS#4934,21.06MB
nds,Pixeline - Skole-Hjaelp - Laer at Stave - Stavning eller Kaos (Denmark),,NDS#4935,18.69MB
nds,Pixeline - Skole-hjaelp - Matematik - Taager over Talstrup (Denmark),,NDS#4936,13.48MB
nds,Pixeline og Droemmespejlet (Denmark),皮克西莱恩-梦境(Denmark),NDS#4937,15.27MB
nds,"Planet 51 - The Game (Europe) (En,Fr,De,Es,It)","51号星球（欧版） (En,Fr,De,Es,It)",NDS#4938,29.67MB
nds,"Planet 51 - The Game (USA) (En,Fr,Es)","51号星球（美版） (En,Fr,Es)",NDS#4939,29.68MB
nds,Planet Puzzle League (USA),星球谜题联盟（美版）,NDS#4940,12.27MB
nds,Planet Puzzle League (USA) (Demo) (Kiosk),星球谜题联盟（美版） （演示版） （商店演示版）,NDS#4941,11.33MB
nds,Planet Rescue - Animal Emergency (Europe) (Beta),拯救地球-动物告急（欧版） （测试版）,NDS#4942,15.67MB
nds,"Planet Rescue - Animal Emergency (Europe) (En,Fr,De,Es,It,Nl,Pt,Sv,No,Da)","拯救地球-动物告急（欧版） (En,Fr,De,Es,It,Nl,Pt,Sv,No,Da)",NDS#4943,23.54MB
nds,"Planet Rescue - Endangered Island (Europe) (En,Fr,De,Es,It,Nl,Sv,No,Da)","拯救地球-濒危岛屿（欧版） (En,Fr,De,Es,It,Nl,Sv,No,Da)",NDS#4944,6.77MB
nds,"Planet Rescue - Ocean Patrol (Europe) (En,Fr,De,Es,It,Nl,Sv,No,Da)","拯救地球-海洋巡逻（欧版） (En,Fr,De,Es,It,Nl,Sv,No,Da)",NDS#4945,19.18MB
nds,Plants vs. Zombies (Australia),植物大战僵尸（澳洲版）,NDS#4946,20.84MB
nds,Plants vs. Zombies (Europe),植物大战僵尸（欧版）,NDS#4947,20.84MB
nds,"Plants vs. Zombies (Europe) (En,Fr,De,Es,It,Nl) (MSL)","植物大战僵尸（欧版） (En,Fr,De,Es,It,Nl) (MSL)",NDS#4948,22.20MB
nds,"Plants vs. Zombies (Europe) (En,Fr,De,Es,It,Nl) (Rondomedia)","植物大战僵尸（欧版） (En,Fr,De,Es,It,Nl) (Rondomedia)",NDS#4949,22.20MB
nds,Plants vs. Zombies (USA),植物大战僵尸（美版）,NDS#4950,20.72MB
nds,"Platinum Sudoku (Europe) (En,Fr,De,Es,It)","白金数独（欧版） (En,Fr,De,Es,It)",NDS#4951,2.27MB
nds,"Platinum Sudoku (USA) (En,Fr,Es)","白金数独（美版） (En,Fr,Es)",NDS#4952,2.28MB
nds,"Play Gardens (Europe) (En,Fr,De,Es,It,Nl)","花园一起玩（欧版） (En,Fr,De,Es,It,Nl)",NDS#4953,4.14MB
nds,"Playmobil Interactive - Knight - Hero of the Kingdom (Europe) (En,Fr,De,Es,Nl)","摩比骑士-英雄王国（欧版） (En,Fr,De,Es,Nl)",NDS#4954,19.90MB
nds,"Playmobil Interactive - Knight - Hero of the Kingdom (Europe) (En,It,Sv,No,Fi)","摩比骑士-英雄王国（欧版） (En,It,Sv,No,Fi)",NDS#4955,19.93MB
nds,"Playmobil Interactive - Knights (USA) (En,Fr,De,Es,Nl)","摩比玩偶-骑士（美版） (En,Fr,De,Es,Nl)",NDS#4956,19.95MB
nds,"Playmobil Interactive - Pirates (USA) (En,Fr,De,Es,Nl)","摩比玩偶-海盗（美版） (En,Fr,De,Es,Nl)",NDS#4957,23.73MB
nds,"Playmobil Interactive - Top Agents (Europe) (En,Fr,De,Es,It)","摩比世界-顶级特工（欧版） (En,Fr,De,Es,It)",NDS#4958,20.36MB
nds,Plop en de Pinguin (Netherlands),Plop和企鹅（荷兰版）,NDS#4959,9.82MB
nds,Plus Belle la Vie - Le Secret du Dr Livia (France),更加美好的生活-利维亚博士秘密（法国版）,NDS#4960,8.68MB
nds,Plus Belle la Vie 2 - Le Mysterieux Passe de Vincent (France),加百丽争夺战2（法国版）,NDS#4961,9.43MB
nds,Plushees (USA),普拉西斯（美版）,NDS#4962,6.54MB
nds,"Pocket Book - My Personal Diary (Europe) (En,Fr,De,Es,It,Nl)",,NDS#4963,2.89MB
nds,Pocket Chikyuugi DS - Sawatte Tanoshimu Jinrui 5000 Nen no Ayumi (Japan) (Rev 1),口袋地球仪-触摸体会人类 5000 年历程（日版） （修正版 1）,NDS#4964,21.45MB
nds,Pocket Monsters - Black (Japan) (NDSi Enhanced),口袋妖怪-黑版（日版） (NDSi Enhanced),NDS#4965,58.65MB
nds,Pocket Monsters - Black (Korea) (NDSi Enhanced),口袋妖怪-黑版（韩国版） (NDSi Enhanced),NDS#4966,57.49MB
nds,Pocket Monsters - Black 2 (Japan) (Rev 1) (NDSi Enhanced),口袋妖怪 黑 2（日版） （修正版 1） (NDSi Enhanced),NDS#4967,95.77MB
nds,Pocket Monsters - Black 2 (Korea) (NDSi Enhanced),口袋妖怪 黑 2（韩国版） (NDSi Enhanced),NDS#4968,144.81MB
nds,Pocket Monsters - Diamond (Japan),口袋妖怪钻石（日版）,NDS#4969,13.77MB
nds,Pocket Monsters - Diamond (Japan) (Rev 5),口袋妖怪钻石（日版） （修正版 5）,NDS#4970,13.76MB
nds,Pocket Monsters - Diamond (Japan) (Rev 6),口袋妖怪钻石（日版） （修正版 6）,NDS#4971,13.76MB
nds,Pocket Monsters - HeartGold (Japan),口袋妖怪-金（日版）,NDS#4972,33.49MB
nds,Pocket Monsters - HeartGold (Korea),口袋妖怪-金（韩国版）,NDS#4973,33.10MB
nds,Pocket Monsters - Pearl (Japan),口袋妖怪-珍珠（日版）,NDS#4974,13.77MB
nds,Pocket Monsters - Pearl (Japan) (Rev 5),口袋妖怪-珍珠（日版） （修正版 5）,NDS#4975,13.76MB
nds,Pocket Monsters - Pearl (Japan) (Rev 6),口袋妖怪-珍珠（日版） （修正版 6）,NDS#4976,13.76MB
nds,Pocket Monsters - Platinum (Japan),口袋妖怪-白金（日版）,NDS#4977,21.14MB
nds,Pocket Monsters - SoulSilver (Japan),口袋妖怪-银（日版）,NDS#4978,33.49MB
nds,Pocket Monsters - SoulSilver (Korea),口袋妖怪-银（韩国版）,NDS#4979,33.10MB
nds,Pocket Monsters - White (Japan) (NDSi Enhanced),口袋妖怪-白版（日版） (NDSi Enhanced),NDS#4980,58.65MB
nds,Pocket Monsters - White (Korea) (NDSi Enhanced),口袋妖怪-白版（韩国版） (NDSi Enhanced),NDS#4981,57.46MB
nds,Pocket Monsters - White 2 (Japan) (Rev 1) (NDSi Enhanced),口袋妖怪 白 2（日版） （修正版 1） (NDSi Enhanced),NDS#4982,95.40MB
nds,Pocket Monsters - White 2 (Korea) (NDSi Enhanced),口袋妖怪 白 2（韩国版） (NDSi Enhanced),NDS#4983,144.38MB
nds,Pocket Monsters DP - Dialga (Korea),口袋妖怪-钻石（韩国版）,NDS#4984,13.83MB
nds,Pocket Monsters DP - Palkia (Korea),口袋妖怪-珍珠（韩国版）,NDS#4985,13.83MB
nds,Pocket Monsters Pt - Giratina (Korea),口袋妖怪白金（韩国版）,NDS#4986,20.97MB
nds,Pocket Scenario Series - Harukanaru Toki no Naka de - Mai Hitoyo (Japan),遥远的时空中-舞之一夜（日版）,NDS#4987,10.48MB
nds,"Pocoyo Racing (Europe) (En,Fr,De,Es,It)",,NDS#4988,18.11MB
nds,Pogo Island (Europe),波哥岛（欧版）,NDS#4989,12.12MB
nds,Pogo Island (USA),波哥岛（美版）,NDS#4990,12.12MB
nds,"Point Blank DS (Europe) (En,Fr,De,Es)","右脑达人-加油训练（欧版） (En,Fr,De,Es)",NDS#4991,10.20MB
nds,Point Blank DS (USA),右脑达人-加油训练（美版）,NDS#4992,8.94MB
nds,Point Blank DS (USA) (Beta),右脑达人-加油训练（美版） （测试版）,NDS#4993,10.99MB
nds,"Pokemon - Black Version (USA, Europe) (NDSi Enhanced)",口袋妖怪-黑版（美版 欧版） (NDSi Enhanced),NDS#4994,57.77MB
nds,"Pokemon - Black Version 2 (USA, Europe) (NDSi Enhanced)",,NDS#4995,78.04MB
nds,Pokemon - Diamant-Edition (Germany) (Rev 5),口袋妖怪-钻石（德国版） （修正版 5）,NDS#4996,14.03MB
nds,Pokemon - Diamond Version (Europe) (Rev 5),口袋妖怪-钻石（欧版） （修正版 5）,NDS#4997,14.00MB
nds,Pokemon - Diamond Version (USA) (Rev 5),口袋妖怪-钻石（美版） （修正版 5）,NDS#4998,14.00MB
nds,Pokemon - Diamond Version + Pokemon - Pearl Version (USA) (Demo) (Kiosk),,NDS#4999,14.01MB
nds,Pokemon - Edicion Blanca (Spain) (NDSi Enhanced),口袋妖怪-黑版（西班牙版） (NDSi Enhanced),NDS#5000,57.79MB
nds,Pokemon - Edicion Blanca 2 (Spain) (NDSi Enhanced),,NDS#5001,77.96MB
nds,Pokemon - Edicion Diamante (Spain) (Rev 5),口袋妖怪-钻石（西班牙版） （修正版 5）,NDS#5002,13.95MB
nds,Pokemon - Edicion Negra (Spain) (NDSi Enhanced),口袋妖怪-白版（西班牙版） (NDSi Enhanced),NDS#5003,57.79MB
nds,Pokemon - Edicion Negra 2 (Spain) (NDSi Enhanced),,NDS#5004,78.23MB
nds,Pokemon - Edicion Oro HeartGold (Spain),口袋妖怪-金（西班牙版）,NDS#5005,34.05MB
nds,Pokemon - Edicion Perla (Spain) (Rev 5),口袋妖怪-珍珠（西班牙版） （修正版 5）,NDS#5006,13.96MB
nds,Pokemon - Edicion Plata SoulSilver (Spain),口袋妖怪-银（西班牙版）,NDS#5007,34.06MB
nds,Pokemon - Edicion Platino (Spain),口袋妖怪白金版（西班牙版）,NDS#5008,21.74MB
nds,Pokemon - Goldene Edition HeartGold (Germany),口袋妖怪-金（德国版）,NDS#5009,34.30MB
nds,Pokemon - HeartGold Version (Europe),口袋妖怪-金心（欧版）,NDS#5010,34.08MB
nds,Pokemon - HeartGold Version (USA),口袋妖怪-金心（美版）,NDS#5011,34.08MB
nds,Pokemon - Pearl Version (Europe) (Rev 5),口袋妖怪-珍珠（欧版） （修正版 5）,NDS#5012,14.00MB
nds,Pokemon - Pearl Version (USA) (Rev 5),口袋妖怪-珍珠（美版） （修正版 5）,NDS#5013,14.00MB
nds,Pokemon - Perl-Edition (Germany) (Rev 5),口袋妖怪-珍珠（德国版） （修正版 5）,NDS#5014,14.03MB
nds,Pokemon - Platin-Edition (Germany),口袋妖怪白金版（德国版）,NDS#5015,21.91MB
nds,Pokemon - Platinum Version (Europe),口袋妖怪白金版（欧版）,NDS#5016,21.72MB
nds,Pokemon - Platinum Version (USA),口袋妖怪白金版（美版）,NDS#5017,21.73MB
nds,Pokemon - Platinum Version (USA) (Rev 1),口袋妖怪白金版（美版） （修正版 1）,NDS#5018,21.73MB
nds,Pokemon - Schwarze Edition (Germany) (NDSi Enhanced),口袋妖怪-白版（德国版） (NDSi Enhanced),NDS#5019,58.03MB
nds,Pokemon - Schwarze Edition 2 (Germany) (NDSi Enhanced),,NDS#5020,78.34MB
nds,Pokemon - Silberne Edition SoulSilver (Germany),口袋妖怪-银（德国版）,NDS#5021,34.29MB
nds,Pokemon - SoulSilver Version (Europe),口袋妖怪-银魂（欧版）,NDS#5022,34.08MB
nds,Pokemon - SoulSilver Version (USA),口袋妖怪-银魂（美版）,NDS#5023,34.08MB
nds,Pokemon - Version Argent SoulSilver (France),口袋妖怪-银（法国版）,NDS#5024,34.11MB
nds,Pokemon - Version Blanche (France) (NDSi Enhanced),口袋妖怪-黑版（法国版） (NDSi Enhanced),NDS#5025,57.92MB
nds,Pokemon - Version Blanche 2 (France) (NDSi Enhanced),,NDS#5026,77.89MB
nds,Pokemon - Version Diamant (France) (Rev 5),口袋妖怪-钻石（法国版） （修正版 5）,NDS#5027,14.00MB
nds,Pokemon - Version Noire (France) (NDSi Enhanced),口袋妖怪-白版（法国版） (NDSi Enhanced),NDS#5028,57.91MB
nds,Pokemon - Version Noire 2 (France) (NDSi Enhanced),,NDS#5029,78.11MB
nds,Pokemon - Version Or HeartGold (France),口袋妖怪-金（法国版）,NDS#5030,34.11MB
nds,Pokemon - Version Perle (France) (Rev 5),口袋妖怪-珍珠（法国版） （修正版 5）,NDS#5031,14.01MB
nds,Pokemon - Version Platine (France),口袋妖怪白金版（法国版）,NDS#5032,21.82MB
nds,Pokemon - Versione Argento SoulSilver (Italy),口袋妖怪-银（意大利版）,NDS#5033,34.04MB
nds,Pokemon - Versione Bianca (Italy) (NDSi Enhanced),口袋妖怪-黑版（意大利版） (NDSi Enhanced),NDS#5034,57.75MB
nds,Pokemon - Versione Bianca 2 (Italy) (NDSi Enhanced),,NDS#5035,77.80MB
nds,Pokemon - Versione Diamante (Italy) (Rev 5),口袋妖怪-钻石（意大利版） （修正版 5）,NDS#5036,13.96MB
nds,Pokemon - Versione Nera (Italy) (NDSi Enhanced),口袋妖怪-白版（意大利版） (NDSi Enhanced),NDS#5037,57.75MB
nds,Pokemon - Versione Nera 2 (Italy) (NDSi Enhanced),,NDS#5038,78.00MB
nds,Pokemon - Versione Oro HeartGold (Italy),口袋妖怪-金（意大利版）,NDS#5039,34.04MB
nds,Pokemon - Versione Perla (Italy) (Rev 5),口袋妖怪-珍珠（意大利版） （修正版 5）,NDS#5040,13.96MB
nds,Pokemon - Versione Platino (Italy),口袋妖怪白金版（意大利版）,NDS#5041,21.76MB
nds,Pokemon - Weisse Edition (Germany) (NDSi Enhanced),口袋妖怪-黑版（德国版） (NDSi Enhanced),NDS#5042,58.03MB
nds,Pokemon - Weisse Edition 2 (Germany) (NDSi Enhanced),,NDS#5043,78.04MB
nds,"Pokemon - White Version (USA, Europe) (NDSi Enhanced)",口袋妖怪-白版（美版 欧版） (NDSi Enhanced),NDS#5044,57.77MB
nds,"Pokemon - White Version 2 (USA, Europe) (NDSi Enhanced)",,NDS#5045,77.77MB
nds,Pokemon Bulgasaui Dungeon - Eodumui Tamheomdae (Korea),口袋妖怪不可思议迷宫-暗之探险队（韩国版）,NDS#5046,23.47MB
nds,Pokemon Bulgasaui Dungeon - Parang Gujodae (Korea),口袋妖怪不可思议的迷宫-青之救助队（韩国版）,NDS#5047,8.07MB
nds,Pokemon Bulgasaui Dungeon - Siganui Tamheomdae (Korea) [b],口袋妖怪不可思议迷宫-时之探险队（韩国版） [b],NDS#5048,23.47MB
nds,Pokemon Card Game - Asobikata DS (Japan),,NDS#5049,8.35MB
nds,Pokemon Conquest (Europe) (NDSi Enhanced),,NDS#5050,47.75MB
nds,"Pokemon Conquest (USA, Australia) (NDSi Enhanced)",,NDS#5051,47.75MB
nds,"Pokemon Conquest (USA, Australia) (Rev 1) (NDSi Enhanced)",,NDS#5052,47.75MB
nds,"Pokemon Dash (Europe) (En,Fr,De,Es,It)","口袋妖怪-冲刺（欧版） (En,Fr,De,Es,It)",NDS#5053,7.83MB
nds,Pokemon Dash (Japan),口袋妖怪-冲刺（日版）,NDS#5054,5.18MB
nds,Pokemon Dash (Korea),口袋妖怪-冲刺（韩国版）,NDS#5055,5.29MB
nds,Pokemon Dash (USA),口袋妖怪-冲刺（美版）,NDS#5056,5.26MB
nds,Pokemon Dash (USA) (Demo) (Kiosk),口袋妖怪-冲刺（美版） （演示版） （商店演示版）,NDS#5057,5.29MB
nds,Pokemon Fushigi no Dungeon - Ao no Kyuujotai (Japan),口袋妖怪之不可思议的迷宫-青色救助队（日版）,NDS#5058,8.06MB
nds,Pokemon Fushigi no Dungeon - Ao no Kyuujotai (Japan) (Rev 1),口袋妖怪之不可思议的迷宫-青色救助队（日版） （修正版 1）,NDS#5059,8.06MB
nds,Pokemon Fushigi no Dungeon - Sora no Tankentai (Japan),口袋妖怪不可思议的迷宫-空之探险队（日版）,NDS#5060,29.50MB
nds,Pokemon Fushigi no Dungeon - Toki no Tankentai (Japan),口袋妖怪不可思议的迷宫-时之探险队（日版）,NDS#5061,22.86MB
nds,Pokemon Fushigi no Dungeon - Yami no Tankentai (Japan),口袋怪兽不可思议的迷宫-闇之探险队（日版）,NDS#5062,22.86MB
nds,"Pokemon Link! (Europe) (En,Fr,De,Es,It)","口袋方块（欧版） (En,Fr,De,Es,It)",NDS#5063,8.80MB
nds,"Pokemon Mystery Dungeon - Blue Rescue Team (Europe) (En,Fr,De,Es,It)","口袋妖怪不可思议的迷宫-青之救助队（欧版） (En,Fr,De,Es,It)",NDS#5064,9.84MB
nds,"Pokemon Mystery Dungeon - Blue Rescue Team (Europe) (En,Fr,De,Es,It) (Demo) (Kiosk)","口袋妖怪不可思议的迷宫-青之救助队（欧版） (En,Fr,De,Es,It) （演示版） （商店演示版）",NDS#5065,4.66MB
nds,Pokemon Mystery Dungeon - Blue Rescue Team (USA),口袋妖怪不可思议的迷宫-青之救助队（美版）,NDS#5066,8.06MB
nds,Pokemon Mystery Dungeon - Blue Rescue Team (USA) (Demo) (Kiosk),口袋妖怪不可思议的迷宫-青之救助队（美版） （演示版） （商店演示版）,NDS#5067,3.75MB
nds,"Pokemon Mystery Dungeon - Explorers of Darkness (Europe) (En,Fr,De,Es,It)","口袋妖怪迷宫-暗之探险队（欧版） (En,Fr,De,Es,It)",NDS#5068,24.48MB
nds,Pokemon Mystery Dungeon - Explorers of Darkness (USA),口袋妖怪迷宫-暗之探险队（美版）,NDS#5069,22.90MB
nds,"Pokemon Mystery Dungeon - Explorers of Sky (Europe) (En,Fr,De,Es,It)","口袋妖怪迷宫-空之探险队（欧版） (En,Fr,De,Es,It)",NDS#5070,31.72MB
nds,"Pokemon Mystery Dungeon - Explorers of Sky (Europe) (En,Fr,De,Es,It) (Demo) (Kiosk)","口袋妖怪迷宫-空之探险队（欧版） (En,Fr,De,Es,It) （演示版） （商店演示版）",NDS#5071,20.65MB
nds,Pokemon Mystery Dungeon - Explorers of Sky (USA),口袋妖怪迷宫-空之探险队（美版）,NDS#5072,29.67MB
nds,Pokemon Mystery Dungeon - Explorers of Sky (USA) (Demo) (Kiosk),口袋妖怪迷宫-空之探险队（美版） （演示版） （商店演示版）,NDS#5073,23.05MB
nds,"Pokemon Mystery Dungeon - Explorers of Time (Europe) (En,Fr,De,Es,It)","口袋妖怪迷宫-时之探险队（欧版） (En,Fr,De,Es,It)",NDS#5074,24.48MB
nds,Pokemon Mystery Dungeon - Explorers of Time (USA),口袋妖怪迷宫-时之探险队（美版）,NDS#5075,22.90MB
nds,"Pokemon Mystery Dungeon - Explorers of Time + Pokemon Mystery Dungeon - Explorers of Darkness (Europe) (En,Fr,De,Es,It,Nl) (Demo) (Kiosk)",,NDS#5076,18.81MB
nds,Pokemon Mystery Dungeon - Explorers of Time + Pokemon Mystery Dungeon - Explorers of Darkness (USA) (Demo) (Kiosk),,NDS#5077,22.70MB
nds,Pokemon Plus Nobunaga no Yabou (Japan) (NDSi Enhanced),,NDS#5078,48.80MB
nds,Pokemon Premium Set (Japan) (DSvision),,NDS#5079,891.25MB
nds,"Pokemon Ranger (Europe) (En,Fr,De,Es,It)","口袋妖怪-游侠（欧版） (En,Fr,De,Es,It)",NDS#5080,11.85MB
nds,"Pokemon Ranger (Europe) (En,Fr,De,Es,It,Nl) (Demo) (Kiosk)","口袋妖怪-游侠（欧版） (En,Fr,De,Es,It,Nl) （演示版） （商店演示版）",NDS#5081,11.85MB
nds,Pokemon Ranger (Japan),口袋妖怪-游侠（日版）,NDS#5082,10.22MB
nds,Pokemon Ranger (Japan) (Demo) (Kiosk),口袋妖怪-游侠（日版） （演示版） （商店演示版）,NDS#5083,10.23MB
nds,Pokemon Ranger (Japan) (Rev 1),口袋妖怪-游侠（日版） （修正版 1）,NDS#5084,10.23MB
nds,Pokemon Ranger (USA),口袋妖怪-游侠（美版）,NDS#5085,10.26MB
nds,Pokemon Ranger - Batonnage (Japan),口袋妖怪救助队-搅桶（日版）,NDS#5086,20.97MB
nds,"Pokemon Ranger - Guardian Signs (Europe) (En,Fr,De,Es,It)","口袋妖怪-保卫者印记（欧版） (En,Fr,De,Es,It)",NDS#5087,79.27MB
nds,Pokemon Ranger - Guardian Signs (USA) (Demo) (Kiosk),口袋妖怪-保卫者印记（美版） （演示版） （商店演示版）,NDS#5088,76.70MB
nds,"Pokemon Ranger - Guardian Signs (USA, Australia)",口袋妖怪-保卫者印记（美版 澳洲版）,NDS#5089,76.49MB
nds,Pokemon Ranger - Hikari no Kiseki (Japan),口袋妖怪护林员-光之轨迹（日版）,NDS#5090,67.75MB
nds,"Pokemon Ranger - Shadows of Almia (Europe) (En,Fr,De,Es,It)","口袋妖怪突击队-守护者铃铛（欧版） (En,Fr,De,Es,It)",NDS#5091,25.64MB
nds,"Pokemon Ranger - Shadows of Almia (Europe) (En,Fr,De,Es,It) (Demo) (Kiosk)","口袋妖怪突击队-守护者铃铛（欧版） (En,Fr,De,Es,It) （演示版） （商店演示版）",NDS#5092,12.99MB
nds,Pokemon Ranger - Shadows of Almia (USA),口袋妖怪突击队-守护者铃铛（美版）,NDS#5093,20.96MB
nds,Pokemon Ranger - Shadows of Almia (USA) (Demo) (Kiosk),口袋妖怪突击队-守护者铃铛（美版） （演示版） （商店演示版）,NDS#5094,12.88MB
nds,Pokemon Toroje (Korea),口袋妖怪（韩国版）,NDS#5095,9.10MB
nds,Pokemon Torouze (Japan),口袋妖怪方块（日版）,NDS#5096,8.56MB
nds,Pokemon Trozei! (USA),口袋妖怪（美版）,NDS#5097,8.71MB
nds,Pokemon Trozei! (USA) (Demo) (Kiosk),口袋妖怪（美版） （演示版） （商店演示版）,NDS#5098,7.83MB
nds,Poker Training (Spain),,NDS#5099,2.13MB
nds,PokerDome Poker Master - No Limit Texas Hold'em Poker (Australia),顶尖扑克-扑克大师（澳洲版）,NDS#5100,2.11MB
nds,Polar Bowler (USA),冰上保龄球（美版）,NDS#5101,4.22MB
nds,"Polar Rampage (Europe) (En,Fr,De,Es,It,Pt)","极性狂暴行为（欧版） (En,Fr,De,Es,It,Pt)",NDS#5102,3.26MB
nds,"Polarium (Europe) (En,Fr,De,Es,It)","直感一笔（欧版） (En,Fr,De,Es,It)",NDS#5103,3.85MB
nds,Polarium (USA),直感一笔（美版）,NDS#5104,3.85MB
nds,"PONS Englisch - Vokabel Buddy (Europe) (Fr,De,It)",,NDS#5105,8.83MB
nds,PONS Franzoesisch - Vokabel Buddy (Germany),词汇好友-法语（德国版）,NDS#5106,9.51MB
nds,"Pony Friends (Europe) (En,Fr,De,Es,It,Nl)","小马伙伴（欧版） (En,Fr,De,Es,It,Nl)",NDS#5107,16.96MB
nds,"Pony Friends (Europe) (En,Fr,De,Es,It,Nl) (Rev 1)","小马伙伴（欧版） (En,Fr,De,Es,It,Nl) （修正版 1）",NDS#5108,18.97MB
nds,"Pony Friends (USA) (En,Fr,De,Es,It,Nl)","小马伙伴（美版） (En,Fr,De,Es,It,Nl)",NDS#5109,16.96MB
nds,"Pony Friends (USA) (En,Fr,De,Es,It,Nl) (Rev 1)","小马伙伴（美版） (En,Fr,De,Es,It,Nl) （修正版 1）",NDS#5110,18.97MB
nds,"Pony Friends 2 (Europe) (En,Fr,De,Es,It)","小马伙伴2（欧版） (En,Fr,De,Es,It)",NDS#5111,20.41MB
nds,"Pony Friends 2 (USA) (En,Fr,De,Es,It)","小马伙伴2（美版） (En,Fr,De,Es,It)",NDS#5112,20.42MB
nds,"Pony Life (Europe) (En,Fr,De,Es,It) [b]","小马生活（欧版） (En,Fr,De,Es,It) [b]",NDS#5113,6.77MB
nds,"Pony Luv (Europe) (En,Fr,De) [b]","爱心小马（欧版） (En,Fr,De) [b]",NDS#5114,21.12MB
nds,"Pony Luv (USA) (En,Fr)","爱心小马（美版） (En,Fr)",NDS#5115,21.12MB
nds,Pop Cutie! - Street Fashion Simulation (USA),潮流俏佳娃-街头时尚模拟（美版）,NDS#5116,17.42MB
nds,"Pop Town (Europe) (En,Fr,It)","闪亮音乐之夜（欧版） (En,Fr,It)",NDS#5117,18.76MB
nds,Popstars (Germany) (NDSi Enhanced),通俗歌星（德国版） (NDSi Enhanced),NDS#5118,26.04MB
nds,Poptropica Adventures (Europe),,NDS#5119,10.15MB
nds,"Poptropica Adventures (USA) (En,Fr)",,NDS#5120,10.15MB
nds,"Populous DS (Europe) (En,Fr,De,Es,It)","上帝也疯狂（欧版） (En,Fr,De,Es,It)",NDS#5121,19.37MB
nds,Populous DS (Japan),上帝也疯狂（日版）,NDS#5122,14.38MB
nds,Populous DS (USA),上帝也疯狂（美版）,NDS#5123,17.32MB
nds,Pororon! Docomodake DS (Japan),滴答!蘑菇君DS（日版）,NDS#5124,4.61MB
nds,Postcode Loterij Een tegen 100 (Netherlands),反对 100（荷兰版）,NDS#5125,5.51MB
nds,"Postman Pat (Europe) (En,Fr,De,Es,It,Nl,Pt,Sv,No,Da,Fi)","邮差叔叔（欧版） (En,Fr,De,Es,It,Nl,Pt,Sv,No,Da,Fi)",NDS#5126,9.51MB
nds,Postman Pat - Special Delivery Service (Europe),,NDS#5127,5.96MB
nds,PostPet DS - Yumemiru Momo to Fushigi no Pen (Japan),邮件宠物DS-作梦的桃子和神奇笔（日版）,NDS#5128,15.79MB
nds,Poupeegirl DS (Japan),时尚纸娃娃DS（日版）,NDS#5129,14.86MB
nds,Poupeegirl DS (Korea),时尚纸娃娃DS（韩国版）,NDS#5130,14.69MB
nds,Poupeegirl DS 2 - Elegant Mint Style (Japan),纸娃娃少女DS2-薄荷优雅风格（日版）,NDS#5131,41.43MB
nds,Poupeegirl DS 2 - Sweet Pink Style (Japan),纸娃娃少女DS2-甜甜的粉色风格（日版）,NDS#5132,41.43MB
nds,"Power Play Pool (Europe) (En,Fr,De,Es,It)","力量台球（欧版） (En,Fr,De,Es,It)",NDS#5133,2.05MB
nds,Power Play Pool (USA),力量台球（美版）,NDS#5134,1.99MB
nds,Power Pocket Koushien (Japan),力量职棒甲子园（日版）,NDS#5135,16.32MB
nds,Power Pro Kun Pocket 10 (Japan),口袋力量棒球10（日版）,NDS#5136,35.88MB
nds,Power Pro Kun Pocket 11 (Japan),实况口袋棒球11（日版）,NDS#5137,46.08MB
nds,Power Pro Kun Pocket 12 (Japan) (NDSi Enhanced),口袋力量职棒12（日版） (NDSi Enhanced),NDS#5138,53.19MB
nds,Power Pro Kun Pocket 13 (Japan) (NDSi Enhanced),实况野球携带版13（日版） (NDSi Enhanced),NDS#5139,66.91MB
nds,Power Pro Kun Pocket 14 (Japan) (NDSi Enhanced),,NDS#5140,70.91MB
nds,Power Pro Kun Pocket 8 (Japan),口袋力量职棒8（日版）,NDS#5141,18.01MB
nds,Power Pro Kun Pocket 9 (Japan),口袋力量职棒9（日版）,NDS#5142,27.07MB
nds,"Power Rangers - Samurai (Europe) (En,Fr,De,Es,It)",,NDS#5143,22.65MB
nds,"Power Rangers - Samurai (USA) (En,Fr,Es)",,NDS#5144,22.64MB
nds,"Power Rangers - Super Legends (Europe) (En,Fr,De,Es,It)","恐龙战队-超级传奇（欧版） (En,Fr,De,Es,It)",NDS#5145,6.11MB
nds,"Power Rangers - Super Legends (USA) (En,Fr,De,Es,It)","恐龙战队-超级传奇（美版） (En,Fr,De,Es,It)",NDS#5146,6.11MB
nds,Power Rangers Go-Busters (Korea),,NDS#5147,37.47MB
nds,Powerbike (USA),力量摩托（美版）,NDS#5148,12.63MB
nds,Powerful Golf (Japan),力量高尔夫球（日版）,NDS#5149,34.01MB
nds,Powerful Pro-yagu Begins (Korea),口袋力量职棒（韩国版）,NDS#5150,3.37MB
nds,Powerplay Tennis (USA),力量网球（美版）,NDS#5151,1.71MB
nds,PowerQuiz - Allgemeinbildung (Germany),力量常识问答比赛-一般教育（德国版）,NDS#5152,11.87MB
nds,PowerQuiz - Die Sport-Edition (Germany),能量问答运动版 DSF（德国版）,NDS#5153,18.21MB
nds,"Powershot Pinball Constructor (Europe) (En,Fr,De,Es,It)","强力弹珠台设计师（欧版） (En,Fr,De,Es,It)",NDS#5154,2.44MB
nds,Ppiyodamari DS (Korea),阳光鸡DS（韩国版）,NDS#5155,18.26MB
nds,"Practise English! (Europe) (Fr,De,Es,It)","英语练习（欧版） (Fr,De,Es,It)",NDS#5156,86.64MB
nds,Press Your Luck - 2010 Edition (USA),押上你的运气2010版（美版）,NDS#5157,5.47MB
nds,Prey the Stars (USA),贪吃星球（美版）,NDS#5158,11.00MB
nds,"Prey the Stars - Gabu Gabu Planet (Europe) (En,Fr,De,Es,It)","贪吃星球（欧版） (En,Fr,De,Es,It)",NDS#5159,16.01MB
nds,"Price Is Right, The (USA) (En,Fr)","正确定价（美版） (En,Fr)",NDS#5160,12.84MB
nds,"Price Is Right, The - 2010 Edition (USA) (En,Fr)","价格竞猜2010（美版） (En,Fr)",NDS#5161,13.56MB
nds,"Prince of Persia - The Fallen King (Europe) (En,Fr,De,Es,It)","波斯王子-堕落之王（欧版） (En,Fr,De,Es,It)",NDS#5162,15.10MB
nds,"Prince of Persia - The Fallen King (USA) (En,Fr,De,Es,It)","波斯王子-堕落之王（美版） (En,Fr,De,Es,It)",NDS#5163,15.10MB
nds,"Prince of Persia - The Forgotten Sands (Europe) (En,Fr,De,Es,It,Nl) (NDSi Enhanced)","波斯王子-遗忘之沙（欧版） (En,Fr,De,Es,It,Nl) (NDSi Enhanced)",NDS#5164,14.92MB
nds,"Prince of Persia - The Forgotten Sands (USA) (En,Fr,De,Es,It,Nl) (Beta)","波斯王子-遗忘之沙（美版） (En,Fr,De,Es,It,Nl) （测试版）",NDS#5165,17.57MB
nds,"Prince of Persia - The Forgotten Sands (USA) (En,Fr,De,Es,It,Nl) (NDSi Enhanced)","波斯王子-遗忘之沙（美版） (En,Fr,De,Es,It,Nl) (NDSi Enhanced)",NDS#5166,14.92MB
nds,"Princess and the Frog, The (Europe) (En,Fr,De,Es,It,Nl)","公主与青蛙（欧版） (En,Fr,De,Es,It,Nl)",NDS#5167,32.48MB
nds,"Princess and the Frog, The (Europe) (En,Sv,No,Da)","公主与青蛙（欧版） (En,Sv,No,Da)",NDS#5168,31.91MB
nds,"Princess and the Frog, The (USA) (En,Fr,Es)","公主与青蛙（美版） (En,Fr,Es)",NDS#5169,36.53MB
nds,"Princess and the Frog, The - Taste of New Orleans Edition (USA) (En,Fr,Es)",,NDS#5170,36.52MB
nds,Princess Angel - Baeguiui Cheonsa (Korea) [b],天使公主（韩国版） [b],NDS#5171,4.90MB
nds,Princess Bakery (Korea) [b],公主面包店（韩国版） [b],NDS#5172,6.03MB
nds,Princess Ballerina - Yumemiru 4-nin no Prima Donna (Japan),芭蕾公主-追梦的4名女主角（日版）,NDS#5173,36.05MB
nds,Princess Debut (USA),公主的初次登场（美版）,NDS#5174,9.23MB
nds,"Princess Debut - The Royal Ball (Europe) (En,Fr,De)","公主初登场-皇家舞会（欧版） (En,Fr,De)",NDS#5175,10.05MB
nds,"Princess in Love (Europe) (En,Fr,De,Es,It)","爱的公主（欧版） (En,Fr,De,Es,It)",NDS#5176,10.25MB
nds,"Princess in Love (USA) (En,Fr,De,Es,It)","爱的公主（美版） (En,Fr,De,Es,It)",NDS#5177,10.30MB
nds,Princess Isabella - A Witch's Curse (USA),伊莎贝拉公主-女巫的诅咒（美版）,NDS#5178,12.59MB
nds,Princess Isabella - Witch's Curse (Europe),伊莎贝拉公主-女巫的诅咒（欧版）,NDS#5179,27.73MB
nds,"Princess Isabella - Witch's Curse (Europe) (En,Fr,De,Nl)","伊莎贝拉公主-女巫的诅咒（欧版） (En,Fr,De,Nl)",NDS#5180,27.74MB
nds,"Princess Lillifee - My Wonderful World (Europe) (Fr,De,Nl)",,NDS#5181,38.01MB
nds,Princess Maker 4 - Special Edition (Japan),美少女梦工厂4DS-特别版（日版）,NDS#5182,95.27MB
nds,Princess Maker 4 - Special Edition (Korea) [b],美少女梦工厂4DS-特别版（韩国版） [b],NDS#5183,80.28MB
nds,"Princess Melody (Europe) (En,Fr,De,It,Nl)","公主音符（欧版） (En,Fr,De,It,Nl)",NDS#5184,19.49MB
nds,"Princess Natasha - Student, Secret Agent, Princess (Europe) (En,Fr,De,Es,It)","娜塔莎公主（欧版） (En,Fr,De,Es,It)",NDS#5185,3.10MB
nds,"Princess Natasha - Student, Secret Agent, Princess (USA)",娜塔莎公主（美版）,NDS#5186,3.10MB
nds,"Princess on Ice (Europe) (En,Fr,De,Es,It)","冰上公主（欧版） (En,Fr,De,Es,It)",NDS#5187,31.61MB
nds,"Princess on Ice (Europe) (En,Fr,De,Es,It) (Rev 1)","冰上公主（欧版） (En,Fr,De,Es,It) （修正版 1）",NDS#5188,31.61MB
nds,Princess on Ice (Japan),冰上公主（日版）,NDS#5189,31.41MB
nds,"Princess on Ice (USA) (En,Fr,Es)","冰上公主（美版） (En,Fr,Es)",NDS#5190,31.65MB
nds,"Prinses Lillifee (Europe) (Fr,De,Nl)","莉莉福公主（欧版） (Fr,De,Nl)",NDS#5191,11.68MB
nds,Prinzessin Lillifee - Feenzauber (Germany),莉莉菲公主-魔法小仙女（德国版）,NDS#5192,5.44MB
nds,"Prinzessin Lillifee - Meine Liebsten Freunde (Europe) (En,De)","丽丽菲公主-我最亲密的朋友（欧版） (En,De)",NDS#5193,39.04MB
nds,"Prinzessin Lillifee - Meine Wunderbare Welt (Germany) (En,De)","莉莉菲公主-我的精彩世界（德国版） (En,De)",NDS#5194,27.91MB
nds,Prinzessin Lillifee - Spielesammlung (Germany),,NDS#5195,22.59MB
nds,"Prinzessin Lillifee Puzzle - Echter Puzzlespass fuer Unterwegs (Europe) (En,Fr,De,Es,It)","莉莉菲公主-拼图（欧版） (En,Fr,De,Es,It)",NDS#5196,3.11MB
nds,"Prism - Light the Way (Europe) (En,Fr,De,Es,It)","棱光之路（欧版） (En,Fr,De,Es,It)",NDS#5197,1.94MB
nds,"Prism - Light the Way (USA) (En,Fr,De,Es,It)","棱光之路（美版） (En,Fr,De,Es,It)",NDS#5198,1.93MB
nds,Pro Action Replay DS (Japan) (v1.21) (Unl) [b],,NDS#5199,221.33KB
nds,Pro Action Replay DS (Japan) (v1.50) (Unl) [b],,NDS#5200,247.73KB
nds,Pro Action Replay EZ (Japan) (Unl) [b],,NDS#5201,247.67KB
nds,Pro Action Replay MAX (Japan) (v1.54) (Unl) [b],,NDS#5202,220.49KB
nds,Pro Action Replay MAX (World) (Unl) [b],,NDS#5203,238.57KB
nds,"Pro Evolution Soccer 2008 (Europe) (En,Fr,De,Es,It)","胜利11人足球2008（欧版） (En,Fr,De,Es,It)",NDS#5204,31.90MB
nds,"Pro Evolution Soccer 2008 (USA) (En,Es)","胜利11人足球2008（美版） (En,Es)",NDS#5205,31.92MB
nds,"Pro Evolution Soccer 6 (Europe) (En,Fr,De,Es,It) (Rev 1)","实况足球6（欧版） (En,Fr,De,Es,It) （修正版 1）",NDS#5206,16.38MB
nds,Pro Yakyuu Famista DS (Japan),明星职业棒球DS（日版）,NDS#5207,13.94MB
nds,Pro Yakyuu Famista DS 2009 (Japan),职棒家庭棒球场 DS 2009（日版）,NDS#5208,8.54MB
nds,Pro Yakyuu Famista DS 2010 (Japan),职棒家庭棒球场DS 2010（日版）,NDS#5209,10.03MB
nds,Pro Yakyuu Team o Tsukurou! (Japan),创造职业棒球会（日版）,NDS#5210,22.14MB
nds,Pro Yakyuu Team o Tsukurou! 2 (Japan),模拟职棒 2（日版）,NDS#5211,32.67MB
nds,"Prof di Parole, Il (Italy)",Il Prof di Parole（意大利版）,NDS#5212,8.91MB
nds,"Profesor Layton y el Futuro Perdido, El (Spain)",雷顿教授与最后的时间旅行（西班牙版）,NDS#5213,190.41MB
nds,"Profesor Layton y la Caja de Pandora, El (Spain)",莱顿教授和恶魔之箱（西班牙版）,NDS#5214,89.07MB
nds,"Profesor Layton y la Llamada del Espectro, El (Spain)",,NDS#5215,185.58MB
nds,Professeur Layton et l'Appel du Spectre (France),,NDS#5216,186.50MB
nds,Professeur Layton et l'Appel du Spectre (France) (Demo) (Kiosk),,NDS#5217,78.93MB
nds,Professeur Layton et la Boite de Pandore (France),莱顿教授和恶魔之箱（法国版）,NDS#5218,89.36MB
nds,Professeur Layton et la Boite de Pandore (France) (Demo) (Kiosk),莱顿教授和恶魔之箱（法国版） （演示版） （商店演示版）,NDS#5219,56.79MB
nds,Professeur Layton et le Destin Perdu (France),雷顿教授与最后的时间旅行（法国版）,NDS#5220,193.67MB
nds,Professional Fisherman's Tour - Northern Hemisphere (USA),专业钓鱼者的旅游-北半球之旅（美版）,NDS#5221,2.55MB
nds,Professor Brainium's Games (USA),脑力教授的游戏（美版）,NDS#5222,2.91MB
nds,"Professor Brainmaniac (Europe) (En,Fr,De,Es,It)","狂人教授（欧版） (En,Fr,De,Es,It)",NDS#5223,2.91MB
nds,"Professor Heinz Wolff's Gravity (Europe) (En,Fr,De,Es,It)","海因兹-沃尔夫教授的重力大挑战（欧版） (En,Fr,De,Es,It)",NDS#5224,10.71MB
nds,"Professor Heinz Wolff's Gravity (USA) (En,Fr,De,Es,It)","海因兹-沃尔夫教授的重力大挑战（美版） (En,Fr,De,Es,It)",NDS#5225,10.71MB
nds,"Professor Kageyama's Maths Training - The Hundred Cell Calculation Method (Europe) (En,Fr,De,Es,It)","阴山教授的数字训练（欧版） (En,Fr,De,Es,It)",NDS#5226,8.01MB
nds,"Professor Kageyama's Maths Training - The Hundred Cell Calculation Method (Europe) (En,Fr,De,Es,It) (Demo) (Kiosk)","阴山教授的数字训练（欧版） (En,Fr,De,Es,It) （演示版） （商店演示版）",NDS#5227,3.56MB
nds,Professor Layton and Pandora's Box (Europe),莱顿教授和恶魔之箱（欧版）,NDS#5228,89.79MB
nds,Professor Layton and Pandora's Box (Europe) (Demo) (Kiosk),莱顿教授和恶魔之箱（欧版） （演示版） （商店演示版）,NDS#5229,57.20MB
nds,"Professor Layton and the Curious Village (Europe) (En,Fr,De,Es,It)","雷顿教授与不可思议的小镇（欧版） (En,Fr,De,Es,It)",NDS#5230,57.04MB
nds,"Professor Layton and the Curious Village (Europe) (En,Fr,De,Es,It) (Demo) (Kiosk)","雷顿教授与不可思议的小镇（欧版） (En,Fr,De,Es,It) （演示版） （商店演示版）",NDS#5231,37.60MB
nds,Professor Layton and the Curious Village (USA) (Demo) (Kiosk),雷顿教授与不可思议的小镇（美版） （演示版） （商店演示版）,NDS#5232,31.27MB
nds,"Professor Layton and the Curious Village (USA, Australia)",雷顿教授与不可思议的小镇（美版 澳洲版）,NDS#5233,47.16MB
nds,Professor Layton and the Diabolical Box (USA),雷顿教授和恶魔之箱（美版）,NDS#5234,89.78MB
nds,Professor Layton and the Diabolical Box (USA) (Demo) (Kiosk),雷顿教授和恶魔之箱（美版） （演示版） （商店演示版）,NDS#5235,57.41MB
nds,Professor Layton and the Last Specter (USA),,NDS#5236,194.87MB
nds,Professor Layton and the Lost Future (Europe),雷顿教授与最后的时间旅行（欧版）,NDS#5237,193.89MB
nds,Professor Layton and the Spectre's Call (Europe),,NDS#5238,187.10MB
nds,Professor Layton and the Spectre's Call (Europe) (Demo) (Kiosk),,NDS#5239,79.85MB
nds,Professor Layton and the Unwound Future (USA),雷顿教授与最后的时间旅行（美版）,NDS#5240,197.06MB
nds,Professor Layton and the Unwound Future (USA) (Video),雷顿教授与最后的时间旅行（美版） (Video),NDS#5241,7.76MB
nds,"Professor Layton e il Futuro Perduto, Il (Italy)",雷顿教授与最后的时间旅行（意大利版）,NDS#5242,193.52MB
nds,"Professor Layton e il Richiamo dello Spettro, Il (Italy)",,NDS#5243,186.29MB
nds,"Professor Layton e lo Scrigno di Pandora, Il (Italy)",莱顿教授和恶魔之箱（意大利版）,NDS#5244,90.19MB
nds,"Professor Layton e lo Scrigno di Pandora, Il (Italy) (Demo) (Kiosk) [b]",莱顿教授和恶魔之箱（意大利版） （演示版） （商店演示版） [b],NDS#5245,57.57MB
nds,Professor Layton en de Doos van Pandora (Netherlands),莱顿教授和恶魔之箱（荷兰版）,NDS#5246,89.80MB
nds,Professor Layton en de Melodie van het Spook (Netherlands),,NDS#5247,186.09MB
nds,Professor Layton en de Verloren Toekomst (Netherlands),雷顿教授与最后的时间旅行（荷兰版）,NDS#5248,194.27MB
nds,Professor Layton und der Ruf des Phantoms (Germany),,NDS#5249,187.50MB
nds,Professor Layton und die Schatulle der Pandora (Germany),莱顿教授和恶魔之箱（德国版）,NDS#5250,90.12MB
nds,Professor Layton und die Schatulle der Pandora (Germany) (Demo) (Kiosk),莱顿教授和恶魔之箱（德国版） （演示版） （商店演示版）,NDS#5251,57.56MB
nds,Professor Layton und die Verlorene Zukunft (Germany),雷顿教授与最后的时间旅行（德国版）,NDS#5252,195.01MB
nds,"Professor's Brain Trainer, The - Logic (Europe) (En,Fr,It)","专家脑锻炼-记忆（欧版） (En,Fr,It)",NDS#5253,5.84MB
nds,"Professor's Brain Trainer, The - Memory (Europe) (En,Fr,It)","专家脑锻炼-逻辑（欧版） (En,Fr,It)",NDS#5254,5.83MB
nds,Project Hacker - Kakusei (Japan),黑客计划-觉醒（日版）,NDS#5255,28.82MB
nds,"Project Rub (Europe) (En,Ja,Fr,De,Es,It)","愿为你而死（欧版） (En,Ja,Fr,De,Es,It)",NDS#5256,12.87MB
nds,"Project Rub (Europe) (En,Ja,Fr,De,Es,It) (Demo) (Kiosk)","愿为你而死（欧版） (En,Ja,Fr,De,Es,It) （演示版） （商店演示版）",NDS#5257,7.52MB
nds,"Prova del Cuoco, La (Italy)",厨师的测验（意大利版）,NDS#5258,3.72MB
nds,"Pucca - Power Up (Europe) (En,Fr,De,Es,It)","中国娃娃向前冲（欧版） (En,Fr,De,Es,It)",NDS#5259,11.07MB
nds,Pucca - Power Up (Korea),中国娃娃向前冲（韩国版）,NDS#5260,10.55MB
nds,Pucca - Power Up (USA),中国娃娃向前冲（美版）,NDS#5261,11.08MB
nds,Puchi Puchi Virus (Japan),噗嗤噗嗤病毒（日版）,NDS#5262,3.57MB
nds,Puchi Puchi Virus (USA),噗嗤噗嗤病毒（美版）,NDS#5263,3.56MB
nds,"Puffins - Island Adventure (USA) (En,Fr)","海鹦-小岛历险记（美版） (En,Fr)",NDS#5264,38.21MB
nds,Puppy Luv - Spa and Resort (Europe),爱心宠物狗-温泉度假（欧版）,NDS#5265,1.32MB
nds,"Puppy Luv - Spa and Resort (Europe) (Fr,Es,It)","爱心宠物狗-温泉度假（欧版） (Fr,Es,It)",NDS#5266,1.55MB
nds,Puppy Luv - Spa and Resort (USA),爱心宠物狗-温泉度假（美版）,NDS#5267,1.32MB
nds,"Puppy Palace (USA) (En,Fr,Es)","狗狗宫殿（美版） (En,Fr,Es)",NDS#5268,16.77MB
nds,"Purr Pals (Europe) (En,Es,It)","养猫物语（欧版） (En,Es,It)",NDS#5269,38.47MB
nds,"Purr Pals (Europe) (En,Fr,De)","养猫物语（欧版） (En,Fr,De)",NDS#5270,38.48MB
nds,Purr Pals (USA),养猫物语（美版）,NDS#5271,38.14MB
nds,Pururun! Shizuku-chan - Meiro no Mori no Doubutsu-tachi (Japan),水滴君森林的动物们（日版）,NDS#5272,4.87MB
nds,Pururun! Shizuku-chan Aha - DS Drill Kokugo (Japan),噗噜噜!彩虹水滴君-开心语文学习DS（日版）,NDS#5273,9.03MB
nds,Pururun! Shizuku-chan Aha - DS Drill Sansuu (Japan),滴水穿石-算数训练（日版）,NDS#5274,9.03MB
nds,"Puss in Boots (Europe) (En,Fr,De,Es,It,Nl)","穿靴子的猫（欧版） (En,Fr,De,Es,It,Nl)",NDS#5275,33.12MB
nds,"Puss in Boots (USA) (En,Fr,Es)","穿靴子的猫（美版） (En,Fr,Es)",NDS#5276,33.12MB
nds,"Puyo Pop Fever (Europe) (En,Ja)","魔法气泡狂热版/狂热噗哟噗哟（欧版） (En,Ja)",NDS#5277,22.65MB
nds,"Puyo Pop Fever (USA) (En,Ja)","魔法气泡狂热版/狂热噗哟噗哟（美版） (En,Ja)",NDS#5278,22.62MB
nds,Puyo Puyo 7 (Japan),魔法气泡 7（日版）,NDS#5279,30.96MB
nds,"Puyo Puyo Fever (Japan) (En,Ja)","魔法气泡狂热版（日版） (En,Ja)",NDS#5280,22.60MB
nds,Puyo Puyo Fever Two! (Japan),噗哟噗哟热斗二代（日版）,NDS#5281,43.91MB
nds,Puyo Puyo! - Puyopuyo 15th Anniversary (Japan),噗哟噗哟15周年1.3纪念版（日版）,NDS#5282,13.35MB
nds,Puyo Puyo! - Puyopuyo 15th Anniversary (Japan) (Rev 1),噗哟噗哟15周年1.3纪念版（日版） （修正版 1）,NDS#5283,13.35MB
nds,Puyo Puyo! - Puyopuyo 15th Anniversary (Japan) (Rev 2),噗哟噗哟15周年1.3纪念版（日版） （修正版 2）,NDS#5284,13.36MB
nds,Puyo Puyo! - Puyopuyo 15th Anniversary (Japan) (Rev 3),噗哟噗哟15周年1.3纪念版（日版） （修正版 3）,NDS#5285,13.50MB
nds,Puyo Puyo!! - Puyopuyo 20th Anniversary (Japan),魔法气泡20周年纪念版（日版）,NDS#5286,34.60MB
nds,Puyo Puyo!! - Puyopuyo 20th Anniversary - Taikenban (Japan) (Demo) (Not For Resale),,NDS#5287,7.52MB
nds,Puzzle Bobble DS (Japan),泡泡龙方块DS（日版）,NDS#5288,1.64MB
nds,"Puzzle Bobble Galaxy (Europe) (En,Fr,De,Es,It)","泡泡龙银河（欧版） (En,Fr,De,Es,It)",NDS#5289,9.81MB
nds,"Puzzle Chronicles (Europe) (En,Fr,De,Es,It)","谜题编年史（欧版） (En,Fr,De,Es,It)",NDS#5290,25.54MB
nds,"Puzzle Chronicles (USA) (En,Fr,Es)","谜题编年史（美版） (En,Fr,Es)",NDS#5291,25.42MB
nds,Puzzle City (Germany),谜题城市（德国版）,NDS#5292,19.25MB
nds,Puzzle City (USA),谜题城市（美版）,NDS#5293,11.57MB
nds,Puzzle de Harvest Moon (USA),牧场物语方块（美版）,NDS#5294,2.70MB
nds,Puzzle Expedition (USA),迷宫探险（美版）,NDS#5295,11.42MB
nds,"Puzzle Kingdoms (Europe) (En,Fr,De,Es,It)","解谜王国（欧版） (En,Fr,De,Es,It)",NDS#5296,24.17MB
nds,"Puzzle Kingdoms (USA) (En,Fr,De,Es,It)","解谜王国（美版） (En,Fr,De,Es,It)",NDS#5297,24.18MB
nds,"Puzzle League DS (Europe) (En,Fr,De,Es,It)","谜题联盟DS（欧版） (En,Fr,De,Es,It)",NDS#5298,12.51MB
nds,"Puzzle League DS (Europe) (En,Fr,De,Es,It) (Rev 1)","谜题联盟DS（欧版） (En,Fr,De,Es,It) （修正版 1）",NDS#5299,12.52MB
nds,Puzzle Mate DS - Crossword Mate (Japan),益智同伴DS-填字游戏同伴（日版）,NDS#5300,2.55MB
nds,Puzzle Mate DS - Nanpure Mate (Japan),益智同伴DS-数字游戏同伴（日版）,NDS#5301,1.93MB
nds,Puzzle Mate DS - Oekaki Mate (Japan),益智同伴 DS 作画拼图同伴（日版）,NDS#5302,2.04MB
nds,Puzzle Quest - Challenge of the Warlords (Europe),解迷探索-挑战军团（欧版）,NDS#5303,6.14MB
nds,"Puzzle Quest - Challenge of the Warlords (Europe) (En,Fr,De,Es,It)","解迷探索-挑战军团（欧版） (En,Fr,De,Es,It)",NDS#5304,5.68MB
nds,Puzzle Quest - Challenge of the Warlords (USA),解迷探索-挑战军团（美版）,NDS#5305,6.14MB
nds,"Puzzle Quest - Galactrix (Europe) (En,Fr,De,Es,It)","益智之迷-星河大战（欧版） (En,Fr,De,Es,It)",NDS#5306,14.38MB
nds,"Puzzle Quest - Galactrix (USA) (En,Fr,De,Es,It)","益智之迷-星河大战（美版） (En,Fr,De,Es,It)",NDS#5307,14.39MB
nds,"Puzzle Quest 2 (Europe) (En,Fr,De,Es,It)","战神的挑战2（欧版） (En,Fr,De,Es,It)",NDS#5308,20.90MB
nds,"Puzzle Quest 2 (USA) (En,Fr,Es)","战神的挑战2（美版） (En,Fr,Es)",NDS#5309,20.72MB
nds,Puzzle Series - Jigsaw Puzzle - Koinu Mekuri Hen (Japan),益智拼图系列-小狗大集合篇（日版）,NDS#5310,4.58MB
nds,Puzzle Series - Jigsaw Puzzle - Koneko Mekuri Hen (Japan),益智拼图系列-小猫大集合篇（日版）,NDS#5311,4.60MB
nds,Puzzle Series - Jigsaw Puzzle - Oden-kun (Japan),益智系列-关东煮君（日版）,NDS#5312,11.57MB
nds,Puzzle Series - Jigsaw Puzzle - Oden-kun 2 (Japan),解谜系列-拼图解谜-关东煮君2（日版）,NDS#5313,15.68MB
nds,Puzzle Series Vol. 1 - Jigsaw Puzzle (Japan),解谜系列Vol.3砌图（日版）,NDS#5314,8.41MB
nds,Puzzle Series Vol. 10 - Hitori ni Shitekure (Japan),益智系列Vol.10-数一（日版）,NDS#5315,4.62MB
nds,Puzzle Series Vol. 11 - Nurikabe (Japan),益智系列Vol.11-涂墙（日版）,NDS#5316,4.68MB
nds,Puzzle Series Vol. 12 - Bijutsukan (Japan),益智系列Vol.12-美术馆（日版）,NDS#5317,4.70MB
nds,Puzzle Series Vol. 13 - Kanji Puzzle (Japan),解谜系列Vol.13-汉字解谜（日版）,NDS#5318,3.46MB
nds,Puzzle Series Vol. 2 - Crossword (Japan),解谜系列 VOL.02纵横字谜（日版）,NDS#5319,2.06MB
nds,Puzzle Series Vol. 2 - Crossword (Japan) (Rev 1),解谜系列 VOL.02纵横字谜（日版） （修正版 1）,NDS#5320,2.06MB
nds,Puzzle Series Vol. 3 - Sudoku (Japan),解谜系列Vol.3数独（日版）,NDS#5321,2.09MB
nds,Puzzle Series Vol. 4 - Kakuro (Japan),益智系列第四弹-加减法填字游戏（日版）,NDS#5322,1.91MB
nds,Puzzle Series Vol. 5 - Slither Link (Japan),解谜系列卷1.5-滑动链接（日版）,NDS#5323,1.63MB
nds,Puzzle Series Vol. 6 - Illust Logic (Japan),解谜系列卷1.6-活力逻辑（日版）,NDS#5324,1.77MB
nds,Puzzle Series Vol. 7 - Crossword 2 (Japan),解谜系列卷1.7-纵横字谜2（日版）,NDS#5325,2.45MB
nds,Puzzle Series Vol. 8 - Nankuro (Japan),益智系列Vol.8-数字填字游戏（日版）,NDS#5326,1.57MB
nds,Puzzle Series Vol. 9 - Sudoku 2 Deluxe (Japan),解谜系列Vol.9数独2豪华版（日版）,NDS#5327,2.20MB
nds,Puzzle Time (USA),解谜时刻（美版）,NDS#5328,947.73KB
nds,"Puzzler Brain Games (Europe) (En,Fr,De,Es,It)","思考与益智（欧版） (En,Fr,De,Es,It)",NDS#5329,5.86MB
nds,Puzzler Collection (Europe),益智解谜合集（欧版）,NDS#5330,2.78MB
nds,"Puzzler Collection (Europe) (Fr,De,Es,It,Nl)","益智解谜合集（欧版） (Fr,De,Es,It,Nl)",NDS#5331,4.23MB
nds,Puzzler Collection (USA),益智解谜合集（美版）,NDS#5332,3.37MB
nds,Puzzler World (Europe),谜题世界（欧版）,NDS#5333,5.20MB
nds,Puzzler World (Europe) (Rev 1),谜题世界（欧版） （修正版 1）,NDS#5334,5.29MB
nds,Puzzler World (USA),谜题世界（美版）,NDS#5335,5.17MB
nds,Puzzler World 2 (USA),谜题世界2（美版）,NDS#5336,5.48MB
nds,Puzzler World 2011 (Europe),益智游戏世界2011（欧版）,NDS#5337,5.67MB
nds,Puzzler World 2012 (Europe),迷题世界2012（欧版）,NDS#5338,5.13MB
nds,"Puzzler World 2013 (Europe) (En,Fr,De,Es,It)","迷题世界2013（欧版） (En,Fr,De,Es,It)",NDS#5339,5.48MB
nds,Quest Braintainment (Netherlands),问答游戏（荷兰版）,NDS#5340,25.63MB
nds,"Quest Trio, The (Europe)",探秘3合1（欧版）,NDS#5341,23.70MB
nds,"Quest Trio, The (Germany)",探秘3合1（德国版）,NDS#5342,23.69MB
nds,"Quest Trio, The - Jewels, Cards and Tiles (Europe) (En,Fr,Nl)","探秘3合1（欧版） (En,Fr,Nl)",NDS#5343,24.24MB
nds,"Quest Trio, The - Jewels, Cards and Tiles (Europe) (Fr,Nl)","探秘3合1（欧版） (Fr,Nl)",NDS#5344,24.14MB
nds,"Quest Trio, The - Jewels, Cards and Tiles (USA)",探秘3合1（美版）,NDS#5345,24.09MB
nds,Questions pour un Champion - Le Jeu Officiel - Edition Speciale 20 Ans (France),冠军的问题-20年特别版（法国版）,NDS#5346,4.72MB
nds,"Quick Yoga Training - Learn in Minutes a Day (USA) (En,Fr,De,Es,It)","速成瑜伽训练（美版） (En,Fr,De,Es,It)",NDS#5347,10.00MB
nds,QuickSpot (USA),右脑达人爽解（美版）,NDS#5348,15.91MB
nds,Quiz & Touch Kensaku - Mushi Zukan DS - Mushi o Sagasou Shirabeyou (Japan),谜题&触摸检索-昆虫图鉴DS（日版）,NDS#5349,37.30MB
nds,Quiz Kirameki Star Road (Japan),解迷-璀璨的星光大道（日版）,NDS#5350,17.28MB
nds,Quiz Magic Academy DS (Japan),猜谜魔法学院（日版）,NDS#5351,137.16MB
nds,Quiz Magic Academy DS (Japan) (Rev 1),猜谜魔法学院（日版） （修正版 1）,NDS#5352,137.18MB
nds,Quiz Magic Academy DS - Futatsu no Jikuuseki (Japan),问题魔法学院DS-双时空石（日版）,NDS#5353,120.60MB
nds,Quiz no Tabi - Tetsudou Ryojou Hen (Japan),Super Lite 2500 猜谜之旅-铁路旅情篇（日版）,NDS#5354,9.01MB
nds,Quiz Present Variety Q-Sama!! DS - Pressure Study x Atama Ga Yokunaru Drill SP (Japan),,NDS#5355,15.62MB
nds,Quiz Taxi (Germany),计程车测验（德国版）,NDS#5356,8.57MB
nds,Quiz! Hexagon II (Japan),问答-六边形2（日版）,NDS#5357,24.97MB
nds,Quiz! Nihongo-ou (Japan),日本语王（日版）,NDS#5358,6.84MB
nds,R4i Ultra (World) (Unl),,NDS#5359,55.99KB
nds,Raa Raa the Noisy Lion (Europe),,NDS#5360,5.34MB
nds,"Rabbids Go Home (Europe) (En,Fr,De,Es,It,Nl) (NDSi Enhanced)","疯狂兔子-回家（欧版） (En,Fr,De,Es,It,Nl) (NDSi Enhanced)",NDS#5361,18.86MB
nds,"Rabbids Go Home - A Comedy Adventure (USA) (En,Fr,Es) (NDSi Enhanced)","疯狂兔子-回家（美版） (En,Fr,Es) (NDSi Enhanced)",NDS#5362,18.86MB
nds,Rabbids Party - TV Party (Japan),雷射超人-疯狂兔子-电视派对（日版）,NDS#5363,16.26MB
nds,"Race Driver - Create & Race (Europe) (En,Fr,De,Es,It)","极速车手-创造与竞速（欧版） (En,Fr,De,Es,It)",NDS#5364,44.46MB
nds,"Race Driver - Create & Race (USA) (En,Fr,De,Es,It)","极速车手-创造与竞速（美版） (En,Fr,De,Es,It)",NDS#5365,44.46MB
nds,"Race Driver - Grid (Europe) (En,Fr,De,Es,It)","超级房车-起点（欧版） (En,Fr,De,Es,It)",NDS#5366,36.29MB
nds,Radiant Historia (Japan),光辉战史（日版）,NDS#5367,47.72MB
nds,Radiant Historia (USA),光辉战史（美版）,NDS#5368,47.97MB
nds,"Rafa Nadal Tennis (Europe) (En,Fr,De,Es,It)","纳达尔网球（欧版） (En,Fr,De,Es,It)",NDS#5369,17.08MB
nds,"Rafa Nadal Tennis (USA) (En,Fr)","纳达尔网球（美版） (En,Fr)",NDS#5370,16.21MB
nds,Ragnarok DS (Korea) [b],仙境传说 DS（韩国版） [b],NDS#5371,29.44MB
nds,Ragnarok DS (USA),仙境传说 DS（美版）,NDS#5372,29.58MB
nds,Ragnarok Online DS (Japan),仙境传说DS（日版）,NDS#5373,29.41MB
nds,Raikou-Entei-Suicune-Celebi Distribution 2011 (USA) (Wi-Fi Kiosk) (Save Data),,NDS#5374,116.85KB
nds,Rain Drops (USA),下雨啦（美版）,NDS#5375,3.44MB
nds,Rainbow Islands Revolution (Europe),彩虹岛-革命（欧版）,NDS#5376,2.85MB
nds,Rainbow Islands Revolution (USA),彩虹岛-革命（美版）,NDS#5377,2.85MB
nds,Raku Raku Shindenzu Training DS (Japan) (Rev 1),快乐心电图练习 DS（日版） （修正版 1）,NDS#5378,13.99MB
nds,"Ram Racing (Europe) (En,Fr,De,Es,It)",,NDS#5379,5.53MB
nds,"Ram Racing (USA) (En,Fr,Es)",,NDS#5380,5.53MB
nds,"Rango (Europe) (En,Fr,De,Es,It)","兰戈-电视游戏版（欧版） (En,Fr,De,Es,It)",NDS#5381,21.08MB
nds,"Rango (USA) (En,Fr,De,Es,It)","兰戈-电视游戏版（美版） (En,Fr,De,Es,It)",NDS#5382,21.08MB
nds,Rapala Pro Bass Fishing (USA),惠宝来职业钓鱼2010（美版）,NDS#5383,13.95MB
nds,Ratatouille (Europe),料理总动员（欧版）,NDS#5384,15.73MB
nds,"Ratatouille (Europe) (En,Sv,No,Da)","料理总动员（欧版） (En,Sv,No,Da)",NDS#5385,15.69MB
nds,"Ratatouille (Europe) (Es,Pt)","料理总动员（欧版） (Es,Pt)",NDS#5386,15.72MB
nds,"Ratatouille (Europe) (Fr,Nl)","料理总动员（欧版） (Fr,Nl)",NDS#5387,15.72MB
nds,"Ratatouille (Europe) (It,El)","料理总动员（欧版） (It,El)",NDS#5388,15.72MB
nds,Ratatouille (Germany),料理总动员（德国版）,NDS#5389,15.72MB
nds,Ratatouille (USA),料理总动员（美版）,NDS#5390,15.45MB
nds,"Ratatouille - Food Frenzy (Europe) (En,Fr,De,Es,It,El)","料理鼠王-为食而狂（欧版） (En,Fr,De,Es,It,El)",NDS#5391,3.32MB
nds,Ratatouille - Food Frenzy (USA),料理鼠王-为食而狂（美版）,NDS#5392,3.31MB
nds,"Rayman - Raving Rabbids (Europe) (En,Fr,De,Es,It,Nl)","雷曼-疯狂兔子（欧版） (En,Fr,De,Es,It,Nl)",NDS#5393,14.73MB
nds,"Rayman - Raving Rabbids (USA) (En,Fr,Es)","雷曼-疯狂兔子（美版） (En,Fr,Es)",NDS#5394,14.73MB
nds,"Rayman - Raving Rabbids - TV Party (Europe) (En,Fr,De,Es,It,Nl)","雷曼-疯狂兔子电视聚会（欧版） (En,Fr,De,Es,It,Nl)",NDS#5395,16.21MB
nds,"Rayman - Raving Rabbids - TV Party (USA) (En,Fr,Es)","雷曼-疯狂兔子电视聚会（美版） (En,Fr,Es)",NDS#5396,16.22MB
nds,"Rayman - Raving Rabbids 2 (Europe) (En,Fr,De,Es,It,Nl)","雷曼-疯狂兔子2（欧版） (En,Fr,De,Es,It,Nl)",NDS#5397,15.74MB
nds,"Rayman - Raving Rabbids 2 (USA) (En,Fr,Es)","雷曼-疯狂兔子2（美版） (En,Fr,Es)",NDS#5398,15.75MB
nds,Rayman - Yeopgitokki - TV Party (Korea) [b],雷射超人-疯狂兔子-电视派对（韩国版） [b],NDS#5399,16.24MB
nds,"Rayman DS (Europe) (En,Fr,De,Es,It)","雷曼DS（欧版） (En,Fr,De,Es,It)",NDS#5400,13.74MB
nds,"Rayman DS (USA) (En,Fr,Es)","雷曼DS（美版） (En,Fr,Es)",NDS#5401,14.20MB
nds,Reader Rabbit - Kindergarten (USA),,NDS#5402,63.58MB
nds,"Reader Rabbit - Math 4-8 yrs (Europe) (Sv,No,Da,Fi)",,NDS#5403,76.47MB
nds,Ready Steady Cook - The Game (United Kingdom),准备好的可靠的厨师(United Kingdom),NDS#5404,4.12MB
nds,"Real Adventures - Pet Vet (Europe) (De,Es,It)","真实的冒险-宠物医院（欧版） (De,Es,It)",NDS#5405,14.30MB
nds,"Real Adventures - Pet Vet (Europe) (En,Fr)","真实的冒险-宠物医院（欧版） (En,Fr)",NDS#5406,13.74MB
nds,"Real Adventures - Pet Vet (Europe) (En,Nl,Sv,No,Da)","真实的冒险-宠物医院（欧版） (En,Nl,Sv,No,Da)",NDS#5407,13.79MB
nds,"Real Adventures - Wild Horses - The Quest for the Golden Horse (Europe) (En,Fr,De,Es,It)","真实冒险-野生马儿（欧版） (En,Fr,De,Es,It)",NDS#5408,9.97MB
nds,"Real Adventures - Wild Horses - The Quest for the Golden Horse (Europe) (En,Nl,Sv,No,Da)","真实冒险-野生马儿（欧版） (En,Nl,Sv,No,Da)",NDS#5409,9.97MB
nds,Real Crimes - Jack the Ripper (Europe),真实犯罪-开膛手杰克（欧版）,NDS#5410,15.20MB
nds,"Real Crimes - Jack the Ripper (Europe) (En,Fr,De,Es)","真实犯罪-开膛手杰克（欧版） (En,Fr,De,Es)",NDS#5411,15.20MB
nds,"Real Crimes - Jack the Ripper (Europe) (En,Fr,De,Nl)","真实犯罪-开膛手杰克（欧版） (En,Fr,De,Nl)",NDS#5412,15.24MB
nds,"Real Crimes - The Unicorn Killer (Europe) (En,Fr,De,Nl)","真实犯罪-独角兽杀手（欧版） (En,Fr,De,Nl)",NDS#5413,12.61MB
nds,"Real Football 2008 (Europe) (En,Fr,De,Es,It,Nl)","真实足球 2008（欧版） (En,Fr,De,Es,It,Nl)",NDS#5414,12.76MB
nds,"Real Football 2009 (Europe) (En,Fr,De,Es,It,Nl)","真实足球2009（欧版） (En,Fr,De,Es,It,Nl)",NDS#5415,13.75MB
nds,"Real Soccer 2008 (USA) (En,Fr,Es)","真实世界足球 2008（美版） (En,Fr,Es)",NDS#5416,12.74MB
nds,"Real Soccer 2009 (USA) (En,Fr,Es)","真实足球2009（美版） (En,Fr,Es)",NDS#5417,13.75MB
nds,Real Stories - Amoureux pour la Vie (France),真实故事-恋人生活（法国版）,NDS#5418,11.61MB
nds,Real Stories - Babies (France),真实故事-婴儿（法国版）,NDS#5419,6.42MB
nds,"Real Stories - Best Friends - Mon Poulain, Mon Cheval (Europe) (En,Fr,De,It,Sv,No,Da)","最好的朋友-我的马儿（欧版） (En,Fr,De,It,Sv,No,Da)",NDS#5420,6.56MB
nds,Real Stories - Cheval Academy (France),真实的故事-白马学院（法国版）,NDS#5421,15.71MB
nds,"Real Stories - Fashion Shop (Europe) (En,Fr)","真实故事-时尚商店（欧版） (En,Fr)",NDS#5422,9.70MB
nds,"Real Stories - Mijn Babycreche (Europe) (En,Nl,Sv,No,Da)","我的婴孩世界（欧版） (En,Nl,Sv,No,Da)",NDS#5423,7.25MB
nds,Real Stories - Mission Equitation (France) [b],真实故事-马术团（法国版） [b],NDS#5424,8.18MB
nds,Real Stories - Mon Hotel de Reve (France) [b],真实故事-我的旅店（法国版） [b],NDS#5425,14.20MB
nds,"Real Stories - Passion 4 Fashion (Europe) (En,Nl,Sv,No,Da)","激情 4 时尚（欧版） (En,Nl,Sv,No,Da)",NDS#5426,9.70MB
nds,Real Stories - Veterinaire (France),真实故事-兽医（法国版）,NDS#5427,21.20MB
nds,Real Stories - Veterinaire - Mission Australie (France) [b],真实故事-澳大利亚兽医（法国版） [b],NDS#5428,24.96MB
nds,Real Time Conflict - Shogun Empires (USA),实时冲突：幕府帝国（美版）,NDS#5429,18.39MB
nds,Really Really! - ReaRea DS (Japan),ReallyReally真实 DS（日版）,NDS#5430,156.38MB
nds,Rec Room Games (USA),,NDS#5431,4.40MB
nds,Recettes de Cuisine avec Cyril Lignac (France),和西里尔利尼亚克一起学烹饪食谱（法国版）,NDS#5432,39.61MB
nds,"Red Bull BC One (Europe) (En,Fr,De,Es,It)","红牛一对一斗舞（欧版） (En,Fr,De,Es,It)",NDS#5433,10.00MB
nds,"Red Bull BC One (USA) (En,Fr,De,Es,It)","红牛一对一斗舞（美版） (En,Fr,De,Es,It)",NDS#5434,10.00MB
nds,Red Stone DS - Akaki Ishi ni Michibikareshi Mono-tachi (Japan),红宝石DS-受红色意志引导者（日版）,NDS#5435,19.35MB
nds,Rekishi Adventure - Quiz Sangokushi Tsuu DS (Japan),历史冒险-猜谜三国志通 DS（日版）,NDS#5436,1.66MB
nds,Rekishi Gunzou Presents - Monoshiri Bakumatsu Ou (Japan),历史群像提供-无所不知幕末王（日版）,NDS#5437,5.72MB
nds,Rekishi Gunzou Presents - Monoshiri Sangokushi (Japan),无所不知三国志（日版）,NDS#5438,7.81MB
nds,Rekishi Gunzou Presents - Monoshiri Sengoku Ou (Japan),历史群像出品-无所不知战国王（日版）,NDS#5439,3.52MB
nds,"Rekishi Nouryoku Kentei Kyoukai Kounin - Yamakawa Shuppansha Kanshuu - Rekiken DS - Nihonshi, Sekaishi (Japan)",历史能力检定协会公认/山川出版社监修-历检DS（日版）,NDS#5440,8.01MB
nds,Rekishi Simulation Game - Sangokushi DS (Japan),三国志DS（日版）,NDS#5441,18.13MB
nds,Rekishi Simulation Game - Sangokushi DS (Japan) (Rev 1),三国志DS（日版） （修正版 1）,NDS#5442,18.12MB
nds,Rekishi Simulation Game - Sangokushi DS (Japan) (Rev 2),三国志DS（日版） （修正版 2）,NDS#5443,18.07MB
nds,Rekishi Simulation Game - Sangokushi DS 3 (Japan),三国志DS3（日版）,NDS#5444,27.35MB
nds,Rekishi Taisen - Gettenka - Tenkaichi Battle Royale (Japan),历史大战GET 天下-天下第一大混战（日版）,NDS#5445,34.02MB
nds,Relaxation Puzzle Game - Nemurenai Yoru to Puzzle no Hi ni wa.... (Japan),不眠之夜与解谜之日（日版）,NDS#5446,2.82MB
nds,Relay Station (USA),,NDS#5447,107.24KB
nds,Remindelight (Japan),追忆之光（日版）,NDS#5448,7.03MB
nds,Remy no Oishii Restaurant (Japan),料理鼠王（日版）,NDS#5449,15.43MB
nds,Rentiangougou (China) (Demo) (Kiosk) (iDS),,NDS#5450,10.32MB
nds,"Resident Evil - Deadly Silence (Europe) (En,Fr,De,Es,It)","生化危机-寂静死亡（欧版） (En,Fr,De,Es,It)",NDS#5451,97.99MB
nds,Resident Evil - Deadly Silence (USA),生化危机-寂静死亡（美版）,NDS#5452,97.84MB
nds,"Restaurant Tycoon (Europe) (En,Fr,De,Es,It,Nl)","餐厅大亨（欧版） (En,Fr,De,Es,It,Nl)",NDS#5453,7.88MB
nds,Retro Arcade Toppers (Europe),经典复古游戏合集卷1.1（欧版）,NDS#5454,6.77MB
nds,"Retro Atari Classics (USA, Europe)",雅达利经典游戏（美版 欧版）,NDS#5455,2.71MB
nds,Retro Game Challenge (USA),游乐场 CX 有野的挑战书（美版）,NDS#5456,6.62MB
nds,Reversal Challenge (USA),反转棋大挑战（美版）,NDS#5457,2.73MB
nds,"Rhapsody - A Musical Adventure (Europe) (En,Fr)","玛鲁王国人形姬-天使爱的谐奏曲（欧版） (En,Fr)",NDS#5458,65.42MB
nds,Rhapsody - A Musical Adventure (USA),玛鲁王国人形姬-天使爱的谐奏曲（美版）,NDS#5459,65.15MB
nds,"Rhythm 'n Notes (Europe) (En,Fr,Es,It)","节拍与音符（欧版） (En,Fr,Es,It)",NDS#5460,3.59MB
nds,Rhythm 'n Notes - Improve Your Music Skills (USA),绝对音感（美版）,NDS#5461,3.14MB
nds,Rhythm de Cooking - Sweets Party e Youkoso (Japan),旋律烹饪-欢迎来到甜点派对（日版）,NDS#5462,19.94MB
nds,Rhythm de Run Run Run (Japan) [b],欢唱节奏（日版） [b],NDS#5463,7.33MB
nds,Rhythm Heaven (USA),节奏天国（美版）,NDS#5464,97.62MB
nds,Rhythm Heaven (USA) (Demo) (Kiosk),节奏天国（美版） （演示版） （商店演示版）,NDS#5465,11.52MB
nds,"Rhythm Paradise (Europe) (En,Es,It)","节奏天国（欧版） (En,Es,It)",NDS#5466,125.00MB
nds,"Rhythm Paradise (Europe) (En,Fr,De)","节奏天国（欧版） (En,Fr,De)",NDS#5467,125.86MB
nds,"Rhythm Paradise (Europe) (En,Fr,De) (Demo) (Kiosk)","节奏天国（欧版） (En,Fr,De) （演示版） （商店演示版）",NDS#5468,11.77MB
nds,Rhythm Sesang (Korea),节奏天国-黄金版（韩国版）,NDS#5469,98.76MB
nds,Rhythm Tengoku Gold (Japan),节奏天国（日版）,NDS#5470,93.04MB
nds,"Ridge Racer DS (USA, Europe)",山脊赛车DS（美版 欧版）,NDS#5471,20.85MB
nds,Riding Academy 2 (USA),,NDS#5472,8.15MB
nds,"Riding Star 3 (Europe) (En,Fr,De,Es,It)","骑术之星3（欧版） (En,Fr,De,Es,It)",NDS#5473,11.92MB
nds,"Rijexamen Training 2008 - Code de la Route 2008 (Europe) (Fr,Nl)","考试训练文件（欧版） (Fr,Nl)",NDS#5474,8.70MB
nds,Rilakkuma Rhythm - Mattari Kibun de Dararan Ran (Japan),懒懒熊节奏（日版）,NDS#5475,5.58MB
nds,Ringling Bros. and Barnum & Bailey - Circus Friends - Asian Elephants (USA),林林兄弟与巴纳姆贝利马戏团（美版）,NDS#5476,10.35MB
nds,"Ringling Bros. and Barnum & Bailey - It's My Circus - Elephant Friend (Europe) (En,Fr,De,Es,It)","这是我的马戏团（欧版） (En,Fr,De,Es,It)",NDS#5477,19.60MB
nds,"Rio (Europe) (En,Fr,De,Es,It,Nl) (NDSi Enhanced)","里约大冒险（欧版） (En,Fr,De,Es,It,Nl) (NDSi Enhanced)",NDS#5478,14.53MB
nds,"Rio (USA) (En,Fr,De,Es,It,Nl) (NDSi Enhanced)","里约大冒险（美版） (En,Fr,De,Es,It,Nl) (NDSi Enhanced)",NDS#5479,14.53MB
nds,"Rise of the Guardians (Europe) (En,Fr,De,Es,It)",,NDS#5480,17.44MB
nds,"Rise of the Guardians (USA) (En,Fr,Es)",,NDS#5481,17.44MB
nds,Rittai Picross (Japan),立体绘图方块（日版）,NDS#5482,20.28MB
nds,River City - Soccer Hooligans (USA),热血高校足球联盟+超世界杯篇（美版）,NDS#5483,3.15MB
nds,River City - Super Sports Challenge (USA),热血高校-超级运动挑战赛（美版）,NDS#5484,5.93MB
nds,River King - Mystic Valley (USA),川钓高手-树荫谷的流水之歌（美版）,NDS#5485,10.22MB
nds,Riz-Zoawd (Japan),绿野仙踪（日版）,NDS#5486,76.55MB
nds,Road to Vegas (Europe),路向拉斯维加斯（欧版）,NDS#5487,20.68MB
nds,"Roary the Racing Car (Europe) (En,Fr)","赛车小劳瑞（欧版） (En,Fr)",NDS#5488,6.45MB
nds,Roary the Racing Car (United Kingdom),赛车小劳瑞(United Kingdom),NDS#5489,5.29MB
nds,Roary the Racing Car (United Kingdom) (Rev 1),赛车小劳瑞(United Kingdom) （修正版 1）,NDS#5490,5.29MB
nds,Robbie Konijn - Leer Lezen en Schrijven (Netherlands),罗比兔-读写学习（荷兰版）,NDS#5491,18.51MB
nds,Robocalypse (USA),机器人欢歌（美版）,NDS#5492,31.94MB
nds,Robogear 3D Tactics (USA) (Proto),,NDS#5493,23.14MB
nds,"Robots (Europe) (En,Fr,De,Es,It)","机器人历险记（欧版） (En,Fr,De,Es,It)",NDS#5494,20.86MB
nds,Robots (Japan),机器人历险记（日版）,NDS#5495,20.77MB
nds,Robots (USA),机器人历险记（美版）,NDS#5496,20.86MB
nds,"Rock Band 3 (Europe) (En,Fr,De,Es,It)","摇滚乐队3（欧版） (En,Fr,De,Es,It)",NDS#5497,195.12MB
nds,"Rock Band 3 (USA) (En,Fr,De,Es,It)","摇滚乐队3（美版） (En,Fr,De,Es,It)",NDS#5498,195.12MB
nds,Rock Blast (USA),岩石疾风（美版）,NDS#5499,1.87MB
nds,"Rock Revolution (Europe) (En,Fr,De,Es,It,Sv,No,Da,Fi)","摇滚革命（欧版） (En,Fr,De,Es,It,Sv,No,Da,Fi)",NDS#5500,34.59MB
nds,"Rock Revolution (USA) (En,Fr,Es)","摇滚革命（美版） (En,Fr,Es)",NDS#5501,34.55MB
nds,Rockin' Pretty (USA),快乐星☆乐团（美版）,NDS#5502,7.25MB
nds,Rockman EXE - Operate Shooting Star (Japan),洛克人 EXE 流星行动（日版）,NDS#5503,8.40MB
nds,Rockman EXE 5 DS - Twin Leaders (Japan),洛克人EXE5 DS - 双生领袖（日版）,NDS#5504,10.00MB
nds,Rockman Zero Collection (Japan),洛克人-零合集（日版）,NDS#5505,20.53MB
nds,Rockman ZX (Japan),洛克人ZX（日版）,NDS#5506,46.50MB
nds,Rockman ZX - Advent (Japan),洛克人ZX Advent（日版）,NDS#5507,48.11MB
nds,"Rollercoaster Park (Europe) (En,Fr,Nl)","过山车公园（欧版） (En,Fr,Nl)",NDS#5508,19.54MB
nds,Rollin' Rascals (USA),转转小淘气（美版）,NDS#5509,7.20MB
nds,Rondo of Swords (USA),谎言的圆舞曲（美版）,NDS#5510,12.62MB
nds,"Roogoo Attack! (USA) (En,Fr,De,Es,It)","虚拟宇宙-攻击（美版） (En,Fr,De,Es,It)",NDS#5511,10.10MB
nds,Rooms - Fushigi na Ugoku Heya (Japan),Rooms 不可思议的移动房间（日版）,NDS#5512,7.31MB
nds,"Rooms - The Main Building (Europe) (En,Fr,De,Es,It)","奇幻房间（欧版） (En,Fr,De,Es,It)",NDS#5513,8.18MB
nds,"Rooms - The Main Building (USA) (En,Fr,Es)","奇幻房间（美版） (En,Fr,Es)",NDS#5514,7.65MB
nds,Rosario to Vampire - Tanabata no Miss Youkai Gakuen (Japan),十字架与吸血鬼-七夕的阳海学院小姐（日版）,NDS#5515,25.52MB
nds,RPG Tkool DS (Japan) (NDSi Enhanced),RPG 制作大师 DS（日版） (NDSi Enhanced),NDS#5516,11.99MB
nds,RPG Tsukuru DS+ - Create The New World (Japan) (NDSi Enhanced),,NDS#5517,10.16MB
nds,"Rub Rabbits!, The (Europe) (En,Ja,Fr,De,Es,It)","为你而死2（欧版） (En,Ja,Fr,De,Es,It)",NDS#5518,43.75MB
nds,"Rub Rabbits!, The (USA) (En,Ja,Fr,De,Es,It)","为你而死2（美版） (En,Ja,Fr,De,Es,It)",NDS#5519,43.81MB
nds,"Rubik's Puzzle World (Europe) (En,Fr,De,Es,It)","鲁比克魔方世界（欧版） (En,Fr,De,Es,It)",NDS#5520,3.45MB
nds,Rubik's World (USA),魔方难题世界（美版）,NDS#5521,3.45MB
nds,Rudolph - The Red-Nosed Reindeer (USA),红鼻子驯鹿鲁道夫（美版）,NDS#5522,11.87MB
nds,Rule of Speed (Europe) (Proto 1),速度法则（欧版） （工程版1）,NDS#5523,607.27KB
nds,Rule of Speed (Europe) (Proto 2),速度法则（欧版） （工程版2）,NDS#5524,608.33KB
nds,"Runaway - A Twist of Fate (Europe) (En,Fr,De,Es,It)","逃亡-命运无常（欧版） (En,Fr,De,Es,It)",NDS#5525,113.18MB
nds,"Runaway - The Dream of the Turtle (Europe) (En,Fr,De)","逃亡-海龟之梦（欧版） (En,Fr,De)",NDS#5526,88.15MB
nds,"Runaway - The Dream of the Turtle (Europe) (En,Fr,De,Es,It) (Rev 1)","逃亡-海龟之梦（欧版） (En,Fr,De,Es,It) （修正版 1）",NDS#5527,88.15MB
nds,"Rune Factory - A Fantasy Harvest Moon (Europe) (En,Fr,De,Es,It)","新牧场物语-符石工厂（欧版） (En,Fr,De,Es,It)",NDS#5528,55.53MB
nds,Rune Factory - A Fantasy Harvest Moon (USA),新牧场物语-符石工厂（美版）,NDS#5529,58.92MB
nds,Rune Factory - Shin Bokujou Monogatari (Japan),魔法工厂-新牧场物语（日版）,NDS#5530,58.45MB
nds,Rune Factory - Sinmokjjangiyagi (Korea) [b],符文工厂-新牧场物语（韩国版） [b],NDS#5531,55.49MB
nds,Rune Factory 2 (Japan),新牧场物语-符文工厂2（日版）,NDS#5532,64.23MB
nds,Rune Factory 2 (Japan) (Rev 1),新牧场物语-符文工厂2（日版） （修正版 1）,NDS#5533,64.22MB
nds,"Rune Factory 2 - A Fantasy Harvest Moon (Europe) (En,De)","新牧场物语-符文工厂2（欧版） (En,De)",NDS#5534,62.46MB
nds,Rune Factory 2 - A Fantasy Harvest Moon (USA),新牧场物语-符文工厂2（美版）,NDS#5535,55.70MB
nds,Rune Factory 3 (Japan),新牧场物语-符文工厂3（日版）,NDS#5536,59.98MB
nds,Rune Factory 3 - A Fantasy Harvest Moon (Europe),符文工房-新牧场物语（欧版）,NDS#5537,59.74MB
nds,Rune Factory 3 - A Fantasy Harvest Moon (USA),符文工房-新牧场物语（美版）,NDS#5538,59.74MB
nds,Rupupu Cube - Lup Salad DS (Japan),露噗噗方块-露噗沙罗DS（日版）,NDS#5539,50.48MB
nds,"Russel Grant's Astrology (Europe) (En,Fr,De,Es,It)","罗素格兰特的占星术（欧版） (En,Fr,De,Es,It)",NDS#5540,12.87MB
nds,Ryoukiki Exercise - Riron no Migite to Kansei no Hidarite (Japan),双手锻炼-理性的右手和感性的左手（日版）,NDS#5541,2.64MB
nds,Ryuusei no Rockman - Dragon (Japan),流星洛克人-青龙（日版）,NDS#5542,14.73MB
nds,Ryuusei no Rockman - Leo (Japan),流星洛克人-雄狮（日版）,NDS#5543,14.73MB
nds,Ryuusei no Rockman - Pegasus (Japan),流星洛克人-天马（日版）,NDS#5544,14.73MB
nds,Ryuusei no Rockman 2 - Berserk x Dinosaur (Japan),流星洛克人2-暴龙（日版）,NDS#5545,13.96MB
nds,Ryuusei no Rockman 2 - Berserk x Shinobi (Japan),流星洛克人2-暴忍（日版）,NDS#5546,13.96MB
nds,Ryuusei no Rockman 3 - Black Ace (Japan) (Rev 1),流星洛克人3-黑色王牌（日版） （修正版 1）,NDS#5547,15.42MB
nds,Ryuusei no Rockman 3 - Red Joker (Japan) (Rev 1),流星洛克人3-红色小丑（日版） （修正版 1）,NDS#5548,15.43MB
nds,Saeki Chizu Shiki Yumemihada - Dream Skincare (Japan),佐伯氏-梦美肌-女性美容资料（日版）,NDS#5549,80.58MB
nds,"Safari Adventures - Africa (Europe) (En,Fr,De,Es,It,Nl) [b]","非洲徒步大冒险（欧版） (En,Fr,De,Es,It,Nl) [b]",NDS#5550,9.08MB
nds,Safari Adventures - Africa (USA),非洲徒步大冒险（美版）,NDS#5551,9.08MB
nds,"Safecracker - The Ultimate Puzzle Adventure (Europe) (En,Fr,De,Es,It)","破箱人（欧版） (En,Fr,De,Es,It)",NDS#5552,27.39MB
nds,"Safecracker - The Ultimate Puzzle Challenge! (USA) (En,Fr,Es)","神秘保险箱-终极谜题冒险（美版） (En,Fr,Es)",NDS#5553,27.39MB
nds,SaGa 2 - Hihou Densetsu - Goddess of Destiny (Japan),沙迦2-秘宝传说-命运女神（日版）,NDS#5554,43.88MB
nds,SaGa 3 - Jikuu no Hasha - Shadow or Light (Japan),沙迦3-时空的霸者-影或光（日版）,NDS#5555,47.53MB
nds,Saga no Gabai Baachan DS (Japan),佐贺的超级阿嬷 DS（日版）,NDS#5556,11.52MB
nds,Saibanin Suiri Game - Yuuzai x Muzai (Japan),有罪 X 无罪（日版）,NDS#5557,14.14MB
nds,Saihai no Yukue (Japan),谋略的未来（日版）,NDS#5558,16.78MB
nds,Saikin Koi Shiteru (Japan),细菌恋爱了吗（日版）,NDS#5559,180.97MB
nds,Saikyou Toudai Shougi DS (Japan),最强东大将棋DS（日版）,NDS#5560,4.09MB
nds,Sailor Moon - La Luna Splende (Italy),美少女战士-水手月亮（意大利版）,NDS#5561,11.09MB
nds,Saitou Takashi no DS de Yomu - Sanshoku Ballpen Meisaku Juku (Japan),齐藤孝的三色原子笔名作塾（日版）,NDS#5562,5.93MB
nds,Saiyuuki Kinkaku Ginkaku no Inbou (Japan),西游记-金角银角的阴谋（日版）,NDS#5563,6.73MB
nds,Saka Tsuku DS - Touch and Direct (Japan),创造球会DS-直接和指挥（日版）,NDS#5564,60.33MB
nds,Saka Tsuku DS - Touch and Direct (Japan) (Rev 1),创造球会DS-直接和指挥（日版） （修正版 1）,NDS#5565,60.33MB
nds,Saka Tsuku DS - World Challenge 2010 (Japan),模拟足球DS-世界挑战赛2010（日版）,NDS#5566,52.87MB
nds,Sakana to Asobou! - Aquazone DS - Kaisuigyo (Japan),与鱼同乐-DS水世界-海水鱼（日版）,NDS#5567,8.61MB
nds,Sakasete! Chibi-Robo! (Japan),开花吧!小机器人（日版）,NDS#5568,19.38MB
nds,Sakashou DS (Japan),酒匠DS（日版）,NDS#5569,28.09MB
nds,Sakura Note - Ima ni Tsunagaru Mirai (Japan),樱花笔记-连系现在的未来（日版）,NDS#5570,31.46MB
nds,Sakusaku Jinkou Kokyuu Care Training DS (Japan),人工呼吸训练DS（日版）,NDS#5571,6.38MB
nds,Sally's Salon (USA),莎丽的发廊（美版）,NDS#5572,2.23MB
nds,Salon Superstar (USA),,NDS#5573,13.97MB
nds,"Sam Power - Firefighter (Europe) (En,Fr,De,Es,It,Nl,Sv,No,Da)","山姆力量-消防队员（欧版） (En,Fr,De,Es,It,Nl,Sv,No,Da)",NDS#5574,21.03MB
nds,"Sam Power - Footballer (Europe) (En,Fr,De,Es,It,Nl,Sv,No,Da)","山姆力量-足球运动员（欧版） (En,Fr,De,Es,It,Nl,Sv,No,Da)",NDS#5575,8.66MB
nds,"Sam Power - Handyman (Europe) (En,Fr,De,Es,It,Nl,Sv,No,Da)","山姆力量-能手（欧版） (En,Fr,De,Es,It,Nl,Sv,No,Da)",NDS#5576,21.03MB
nds,"Sam Power - Policeman (Europe) (En,Fr,De,Es,It,Nl,Sv,No,Da)","山姆力量-警察（欧版） (En,Fr,De,Es,It,Nl,Sv,No,Da)",NDS#5577,21.03MB
nds,Samantha Oups! - Le Jeu (France),糟糕萨曼莎（法国版）,NDS#5578,12.91MB
nds,"Samantha Swift and the Hidden Roses of Athena (Europe) (En,Fr)","萨曼莎斯威夫特和雅典娜暗藏的玫瑰（欧版） (En,Fr)",NDS#5579,14.94MB
nds,"Samantha Swift and the Hidden Roses of Athena (Europe) (En,Nl)","萨曼莎斯威夫特和雅典娜暗藏的玫瑰（欧版） (En,Nl)",NDS#5580,14.81MB
nds,Samantha Swift and the Hidden Roses of Athena (Germany),萨曼莎斯威夫特和雅典娜暗藏的玫瑰（德国版）,NDS#5581,14.32MB
nds,Samantha Swift and the Hidden Roses of Athena (USA),萨曼莎斯威夫特和雅典娜暗藏的玫瑰（美版）,NDS#5582,14.33MB
nds,Samgukji DS 2 (Korea),三国志DS2（韩国版）,NDS#5583,28.15MB
nds,San-X Character Channel - All-Star Daishuugou! (Japan),San-X人物频道-群星大集合!（日版）,NDS#5584,10.80MB
nds,San-X Character Sagashi Land (Japan),San-X角色找错乐园（日版）,NDS#5585,16.23MB
nds,San-X Land - Theme Park de Asobou! (Japan),在SAN X梦想大陆主题公园游玩（日版）,NDS#5586,9.66MB
nds,Sands of Destruction (USA),毁灭世界-受引导之意志（美版）,NDS#5587,81.11MB
nds,Sangokushi DS 2 (Japan),三国志DS 2（日版）,NDS#5588,28.30MB
nds,Sangokushi DS 2 (Japan) (Rev 1),三国志DS 2（日版） （修正版 1）,NDS#5589,28.30MB
nds,Sangokushi Taisen DS (Japan),三国志大战 DS（日版）,NDS#5590,95.73MB
nds,Sangokushi Taisen Ten (Japan),三国志大战-天（日版）,NDS#5591,142.27MB
nds,Sankei Sports Kanshuu - Keiba Ryoku Nintei Shiken - Baken DS (Japan),产经运动报监修-赛马力认定试验-马检DS（日版）,NDS#5592,10.82MB
nds,Sankei Sports Kanshuu - Wi-Fi Baken Yosou Ryoku Training - Umania 2007 Nendo Ban (Japan),产经运动报监修 Wi-Fi马券预测力训练 2007年度版（日版）,NDS#5593,5.70MB
nds,Sansuu Olympic Iinkai Kouan - Suuji de Kitaeru Nouryoku Training - Algo & Trinca (Japan),数学奥林匹克委员会提案-用数字做脑力训练（日版）,NDS#5594,2.32MB
nds,Sansuu Olympic Iinkai Kouan - Suuji de Kitaeru Nouryoku Training - Algo & Trinca (Japan) (Rev 1),数学奥林匹克委员会提案-用数字做脑力训练（日版） （修正版 1）,NDS#5595,4.61MB
nds,Sansuu Puzzle de Migaku - Gakken Otona no Shikou Sense (Japan),大人的思维感觉（日版）,NDS#5596,3.10MB
nds,Sansuu Puzzle Game - Equal Card DS (Japan),等数卡片（日版）,NDS#5597,1.40MB
nds,Santa Claus is Comin' to Town (USA),,NDS#5598,12.76MB
nds,"Sarah - Die Hueterin des Einhorns (Europe) (Fr,De)","莎拉-寻找独角兽（欧版） (Fr,De)",NDS#5599,3.78MB
nds,"Sarah - Keeper of the Unicorn (USA) (En,Es)","莎拉-寻找独角兽（美版） (En,Es)",NDS#5600,3.83MB
nds,Sarainneun Yeongeoro Ganghaejineun Siljeon! - DS Yeongeo Sammaegyeong (Korea),活用的英语增强的实战-DS英语三昧境界（韩国版）,NDS#5601,90.60MB
nds,Saru Saru DS (Japan),猿人进化论 DS（日版）,NDS#5602,16.42MB
nds,Satisfashion - Rock the Runway (USA),时尚造型师（美版）,NDS#5603,10.32MB
nds,Sawaru Made in Wario (Japan),摸摸瓦里奥制造（日版）,NDS#5604,14.87MB
nds,Sawaru Made in Wario (Japan) (Rev 1),摸摸瓦里奥制造（日版） （修正版 1）,NDS#5605,14.87MB
nds,Sawaru Made in Wario (Japan) (Rev 2),摸摸瓦里奥制造（日版） （修正版 2）,NDS#5606,14.87MB
nds,Sawaru Made in Wario (Japan) (Rev 3),摸摸瓦里奥制造（日版） （修正版 3）,NDS#5607,15.29MB
nds,SBI Group Kanshuu - Hajimeyou! Shisan Unyou DS (Japan),资产运用 DS（日版）,NDS#5608,5.21MB
nds,"SBK - Snowboard Kids (Europe) (En,Fr,De)","SBK滑雪小子（欧版） (En,Fr,De)",NDS#5609,14.30MB
nds,SBK - Snowboard Kids (USA),SBK滑雪小子（美版）,NDS#5610,11.92MB
nds,"Scene It Twilight (Europe) (En,Fr,De,Es,It)","暮光之城（欧版） (En,Fr,De,Es,It)",NDS#5611,117.56MB
nds,"Scene It Twilight (USA) (En,Fr,Es)","暮光之城（美版） (En,Fr,Es)",NDS#5612,92.88MB
nds,"Schaakmat! (Netherlands) (En,Nl)","西洋棋王（荷兰版） (En,Nl)",NDS#5613,1.20MB
nds,Schach & Matt (Germany),国际象棋（德国版）,NDS#5614,6.57MB
nds,"Schach (Germany) (En,De)","国际象棋（德国版） (En,De)",NDS#5615,1.61MB
nds,Schach Attacke (Germany),西洋棋攻击（德国版）,NDS#5616,2.48MB
nds,"Schatz der Delfine, Der (Europe) (En,Fr,De,Es,It)","海豚的宝物（欧版） (En,Fr,De,Es,It)",NDS#5617,8.33MB
nds,"Science Papa (Europe) (En,Fr,De,Es,It)","科学老爸（欧版） (En,Fr,De,Es,It)",NDS#5618,4.68MB
nds,"Science Papa (USA) (En,Fr)","科学老爸（美版） (En,Fr)",NDS#5619,4.37MB
nds,"Scooby-Doo! - First Frights (Europe) (En,Fr,De,Es,It)","史酷比-最初恐惧（欧版） (En,Fr,De,Es,It)",NDS#5620,58.72MB
nds,"Scooby-Doo! - First Frights (USA) (En,Fr,De,Es,It)","史酷比-最初恐惧（美版） (En,Fr,De,Es,It)",NDS#5621,58.72MB
nds,"Scooby-Doo! - Qui Regarde Qui (France) (En,Fr)","史酷比-谁在看着谁（法国版） (En,Fr)",NDS#5622,12.51MB
nds,"Scooby-Doo! - Unmasked (Europe) (En,Fr,Es,It)","史酷比狗 - 原形毕露（欧版） (En,Fr,Es,It)",NDS#5623,4.74MB
nds,"Scooby-Doo! - Unmasked (USA) (En,Fr)","史酷比狗 - 原形毕露（美版） (En,Fr)",NDS#5624,4.73MB
nds,Scooby-Doo! - Wer Schaut Wem Zu (Germany),史酷比-谁在看着谁?（德国版）,NDS#5625,12.48MB
nds,Scooby-Doo! - Who's Watching Who (Europe),史酷比-谁在看着谁（欧版）,NDS#5626,12.47MB
nds,"Scooby-Doo! - Who's Watching Who (Europe) (Es,It)","史酷比-谁在看着谁（欧版） (Es,It)",NDS#5627,12.51MB
nds,Scooby-Doo! - Who's Watching Who (USA),史酷比-谁在看着谁（美版）,NDS#5628,12.47MB
nds,"Scooby-Doo! and the Spooky Swamp (Europe) (En,Fr,De,Es,It)","史酷比-幽灵沼泽（欧版） (En,Fr,De,Es,It)",NDS#5629,24.00MB
nds,"Scooby-Doo! and the Spooky Swamp (USA) (En,Fr,Es)","史酷比-幽灵沼泽（美版） (En,Fr,Es)",NDS#5630,24.00MB
nds,"Scotland Yard - Hunting Mister X (Europe) (En,De)","苏格兰场（欧版） (En,De)",NDS#5631,11.99MB
nds,"Scotland Yard - Hunting Mister X (Europe) (En,De,It) (Rev 1)","苏格兰场（欧版） (En,De,It) （修正版 1）",NDS#5632,11.98MB
nds,Scrabble - Crossword Game (USA),涂鸦拼字（美版）,NDS#5633,19.39MB
nds,"Scrabble Interactive - 2007 Edition (Europe) (En,Fr)","拼字游戏2007年版（欧版） (En,Fr)",NDS#5634,8.44MB
nds,"Scrabble Interactive - 2009 Edition (Europe) (En,Fr)","游戏涂鸦拼字 2009（欧版） (En,Fr)",NDS#5635,19.40MB
nds,"Scribblenauts (Europe) (En,Fr,De,Es,It,Nl)","涂鸦少年-神笔涂鸦王（欧版） (En,Fr,De,Es,It,Nl)",NDS#5636,9.12MB
nds,"Scribblenauts (Europe) (En,Sv,No,Da,Fi)","涂鸦少年-神笔涂鸦王（欧版） (En,Sv,No,Da,Fi)",NDS#5637,8.86MB
nds,"Scribblenauts (USA) (En,Fr,Es,Pt)","涂鸦少年-神笔涂鸦王（美版） (En,Fr,Es,Pt)",NDS#5638,8.94MB
nds,Scribblenauts Collection (USA),,NDS#5639,17.01MB
nds,Scripps Spelling Bee (USA) (NDSi Enhanced),斯克里普斯拼字比赛（美版） (NDSi Enhanced),NDS#5640,27.91MB
nds,"Scurge - Hive (Europe) (En,Fr,De,Es,It)","蜂巢（欧版） (En,Fr,De,Es,It)",NDS#5641,3.83MB
nds,"Scurge - Hive (USA) (En,Fr,Es)","蜂巢（美版） (En,Fr,Es)",NDS#5642,3.82MB
nds,SD Gundam G Generation - Cross Drive (Japan),SD高达G世纪-交叉火力（日版）,NDS#5643,35.22MB
nds,SD Gundam G Generation DS (Japan),SD高达G世纪 DS（日版）,NDS#5644,6.85MB
nds,SD Gundam Sangoku Den - Brave Battle Warriors - Shin Militia Taisen (Japan),SD高达三国传-真三璃纱大战（日版）,NDS#5645,19.76MB
nds,"Sea Monsters - A Prehistoric Adventure (Europe) (En,Fr,De,Es,It)","与海怪同行-史前探险（欧版） (En,Fr,De,Es,It)",NDS#5646,3.67MB
nds,Sea Monsters - A Prehistoric Adventure (USA),与海怪同行-史前探险（美版）,NDS#5647,3.40MB
nds,"Sea Park Tycoon (Europe) (En,Fr,De,Es,It,Nl,Sv,No,Da,Fi)","海洋公园大亨（欧版） (En,Fr,De,Es,It,Nl,Sv,No,Da,Fi)",NDS#5648,8.35MB
nds,"Sea Park Tycoon (Europe) (En,Fr,De,Es,It,Nl,Sv,No,Da,Fi) (Rev 1)","海洋公园大亨（欧版） (En,Fr,De,Es,It,Nl,Sv,No,Da,Fi) （修正版 1）",NDS#5649,8.35MB
nds,Sea Park Tycoon (USA),海洋公园大亨（美版）,NDS#5650,8.37MB
nds,Secret Egg Distribution 2011 (USA) (Wi-Fi Kiosk) (Save Data),,NDS#5651,95.12KB
nds,"Secret Files - Tunguska (Europe) (En,Fr,De,Es,It)","秘密档案-通古斯（欧版） (En,Fr,De,Es,It)",NDS#5652,45.30MB
nds,"Secret Files - Tunguska (USA) (En,Fr,De,Es,It)","秘密档案-通古斯（美版） (En,Fr,De,Es,It)",NDS#5653,45.30MB
nds,"Secret Files 2 - Puritas Cordis (Europe) (En,Fr,De,Es,It)","秘密档案 2（欧版） (En,Fr,De,Es,It)",NDS#5654,54.48MB
nds,"Secret Flirts - Make Everyone Fall For You! (Europe) (En,Fr,De,Es,It,Nl)","秘密调情（欧版） (En,Fr,De,Es,It,Nl)",NDS#5655,11.58MB
nds,Secret Key Distribution 2009 (USA) (Wi-Fi Kiosk) (Save Data),,NDS#5656,199.52KB
nds,"Secret Saturdays, The - Beasts of the 5th Sun (Europe) (En,Fr,De,Es,It)","秘密星期六-野兽与第五太阳（欧版） (En,Fr,De,Es,It)",NDS#5657,13.08MB
nds,"Secret Saturdays, The - Beasts of the 5th Sun (USA) (En,Fr,Es)","秘密星期六-野兽与第五太阳（美版） (En,Fr,Es)",NDS#5658,13.05MB
nds,Secret Story - Le Jeu Officiel de l'Emission (France) [b],秘密故事（法国版） [b],NDS#5659,2.48MB
nds,"Secrets of the Titanic 1912-2012 (Europe) (En,Fr)",,NDS#5660,12.80MB
nds,"SEGA Casino (Europe) (En,Fr,De,Es,It)","世嘉赌场（欧版） (En,Fr,De,Es,It)",NDS#5661,2.71MB
nds,"SEGA Casino (USA) (En,Fr,De,Es,It)","世嘉赌场（美版） (En,Fr,De,Es,It)",NDS#5662,2.71MB
nds,SEGA Presents - Touch Darts (Europe),世嘉触摸飞镖（欧版）,NDS#5663,2.13MB
nds,"SEGA Superstars Tennis (Europe) (En,Fr,De,Es,It)","世嘉超级巨星网球（欧版） (En,Fr,De,Es,It)",NDS#5664,37.94MB
nds,"SEGA Superstars Tennis (USA) (En,Fr,De,Es,It)","世嘉超级巨星网球（美版） (En,Fr,De,Es,It)",NDS#5665,37.96MB
nds,Seiken Densetsu - Heroes of Mana (Japan),圣剑传说-玛娜英雄（日版）,NDS#5666,38.86MB
nds,Seiken Densetsu DS - Children of Mana (Japan),圣剑传说DS-玛娜之子（日版）,NDS#5667,37.97MB
nds,Seitokai no Ichizon - DS Suru Seitokai (Japan),碧阳学园学生会议事录DS-学生会（日版）,NDS#5668,74.92MB
nds,Sekai Fushigi Hakken! DS - Densetsu no Hitoshi-kun Ningyou o Sagase! (Japan),发现世界的不可思议！DS 找出传说中的阿仁人偶吧！（日版）,NDS#5669,9.38MB
nds,Sekai no Gohan - Shaberu! DS Oryouri Navi (Japan),世界餐点解说-料理指导（日版）,NDS#5670,86.19MB
nds,Sekai no Hate made ItteQ! - Chinjuu Hunter Imoto no Daibouken (Japan),天涯海角四处跑!珍兽猎人伊本的大冒险（日版）,NDS#5671,20.85MB
nds,Sekai no Shougi (Japan),国际象棋（日版）,NDS#5672,16.52MB
nds,Sekai wa Atashi de Mawatteru (Japan),世界以我为中心（日版）,NDS#5673,19.34MB
nds,Sekaiju no Meikyuu (Japan),世界树迷宫（日版）,NDS#5674,7.13MB
nds,Sekaiju no Meikyuu II - Shoou no Seihai (Japan),世界树迷宫2-诸王的圣杯（日版）,NDS#5675,11.56MB
nds,Sekaiju no Meikyuu II - Shoou no Seihai (Japan) (Rev 1),世界树迷宫2-诸王的圣杯（日版） （修正版 1）,NDS#5676,11.57MB
nds,Sekaiju no Meikyuu III - Seikai no Raihousha (Japan),世界树迷宫3-星海的访客（日版）,NDS#5677,19.20MB
nds,Sekaishi DS (Japan),世界史DS（日版）,NDS#5678,7.05MB
nds,Sengoku Spirits - Gunshi Den (Japan),战国Spirits-军师传（日版）,NDS#5679,6.05MB
nds,Sengoku Spirits - Moushou Den (Japan),战国Spirits-猛将传（日版）,NDS#5680,6.24MB
nds,Sengoku Spirits - Shukun Den (Japan),战国Spirits-主君传（日版）,NDS#5681,6.10MB
nds,"Sesame Street - Elmo's Musical Monsterpiece (USA) (En,Es)",,NDS#5682,86.71MB
nds,"Sesame Street - Ready, Set, Grover! (Australia)","芝麻街-准备,设置,格罗弗（澳洲版）",NDS#5683,45.98MB
nds,"Sesame Street - Ready, Set, Grover! (Europe) (Es,Nl)","芝麻街-准备,设置,格罗弗（欧版） (Es,Nl)",NDS#5684,62.61MB
nds,"Settlement Colossus (Europe) (En,Fr,De,Nl)",,NDS#5685,9.68MB
nds,"Settlers, The (Europe) (En,Fr,De,Es,It)","工人物语（欧版） (En,Fr,De,Es,It)",NDS#5686,16.07MB
nds,"Settlers, The (Europe) (En,Fr,De,Es,It) (Rev 1)","工人物语（欧版） (En,Fr,De,Es,It) （修正版 1）",NDS#5687,16.04MB
nds,"Settlers, The (USA) (En,Fr,De,Es,It)","工人物语（美版） (En,Fr,De,Es,It)",NDS#5688,16.04MB
nds,Shaberu! DS Oryouri Navi (Japan),解说DS 料理指导（日版）,NDS#5689,42.45MB
nds,Shaberu! DS Oryouri Navi (Japan) (Rev 1),解说DS 料理指导（日版） （修正版 1）,NDS#5690,42.45MB
nds,Shaberu! DS Oryouri Navi - Marugoto Teikoku Hotel (Japan),会说话的DS食谱!帝国酒店的美味!～超一流大厨教你做家常菜～（日版）,NDS#5691,45.17MB
nds,Shakugan no Shana DS (Japan),灼眼的夏娜DS（日版）,NDS#5692,30.10MB
nds,Shamu's Deep Sea Adventures (Europe),海底世界：Shamu 的深海冒险（欧版）,NDS#5693,4.56MB
nds,Shamu's Deep Sea Adventures (USA),海底世界：Shamu 的深海冒险（美版）,NDS#5694,4.56MB
nds,Shane Watson's Power Play Cricket 2011 (Australia),沙恩沃森的板球2011（澳洲版）,NDS#5695,7.11MB
nds,Shanghai (Japan),上海（日版）,NDS#5696,3.09MB
nds,"Shaun the Sheep (Europe) (En,Ja,Fr,De,Es,It)","小羊肖恩（欧版） (En,Ja,Fr,De,Es,It)",NDS#5697,9.39MB
nds,"Shaun the Sheep (USA) (En,Ja,Fr,De,Es,It)","小羊肖恩（美版） (En,Ja,Fr,De,Es,It)",NDS#5698,9.39MB
nds,"Shaun the Sheep - Off His Head (Europe) (En,Fr,De,Es,It)","小羊肖恩（欧版） (En,Fr,De,Es,It)",NDS#5699,10.26MB
nds,"Shaun White Snowboarding (Europe) (En,Fr,De,Es,It)","肖恩怀特滑雪（欧版） (En,Fr,De,Es,It)",NDS#5700,10.62MB
nds,"Shaun White Snowboarding (USA) (En,Fr,Es)","肖恩怀特滑雪（美版） (En,Fr,Es)",NDS#5701,10.62MB
nds,"Shawn Johnson Gymnastics (USA) (En,Fr,Es)","肖恩约翰逊体操（美版） (En,Fr,Es)",NDS#5702,10.01MB
nds,"Shaymin Distribution 2009 (Europe) (En,Fr,De,Es,It) (Wi-Fi Kiosk) (Save Data)",,NDS#5703,210.23KB
nds,Shaymin-Regigigas Distribution 2009 (USA) (Wi-Fi Kiosk) (Save Data),,NDS#5704,200.01KB
nds,Shenyou Maliou DS (China) (iDS),神游马力欧DS（中国版） (iDS),NDS#5705,9.70MB
nds,Shepherd's Crossing 2 DS (USA),虚拟生活-山羊村DS（美版）,NDS#5706,4.69MB
nds,"Sherlock Holmes - The Mystery of the Mummy (USA) (En,Fr,Es)","福尔摩斯-木乃伊之谜（美版） (En,Fr,Es)",NDS#5707,53.49MB
nds,"Sherlock Holmes and the Mystery of Osborne House (USA) (En,Fr,Es)","福尔摩斯和神秘的奥斯本楼（美版） (En,Fr,Es)",NDS#5708,11.28MB
nds,"Sherlock Holmes DS - The Mystery of the Mummy (Europe) (En,Fr,De,Es,It)","夏洛克福尔摩斯 DS（欧版） (En,Fr,De,Es,It)",NDS#5709,53.59MB
nds,"Sherlock Holmes DS and the Mystery of Osborne House (Europe) (En,Fr,De,Es,It,Nl)","福尔摩斯和神秘的奥斯本楼（欧版） (En,Fr,De,Es,It,Nl)",NDS#5710,11.45MB
nds,Shibou Nenshou Keikaku - Yasetore!! DS (Japan),脂肪燃烧计划-瘦身训练 DS（日版）,NDS#5711,13.66MB
nds,Shichida Shiki Training - Unou Tanren Unotan DS - Shun Kan Shoubu! Handanryoku (Japan),七田氏右脑训练DS 瞬间决胜！判断力！（日版）,NDS#5712,5.65MB
nds,Shichida Shiki Training - Unou Tanren Unotan DS - Shun Kan Shoubu! Kiokuryoku (Japan),实战柏青嫂必胜法！北斗神拳（日版）,NDS#5713,5.64MB
nds,Shichida Shiki Training - Unou Tanren Unotan DS - Shun Kan Shoubu! Shuuchuuryoku (Japan),右脑锻炼DS（日版）,NDS#5714,5.68MB
nds,Shichidasik Unoedallyeon - Super Brain (Korea),七田式右脑锻炼-超级大脑（韩国版）,NDS#5715,5.33MB
nds,Shikaku Kentei DS (Japan),资格鉴定DS（日版）,NDS#5716,22.35MB
nds,"Shikakui Atama o Maruku Suru. DS - Joushiki, Nanmon no Shou (Japan)",头脑变灵活-DS常识难问之章（日版）,NDS#5717,2.55MB
nds,Shikakui Atama o Maruku Suru. DS - Kanji no Shou (Japan),头脑变灵活-DS汉字之章（日版）,NDS#5718,2.54MB
nds,Shikakui Atama o Maruku Suru. DS - Keisan no Shou (Japan),头脑变灵活-DS计算之章（日版）,NDS#5719,2.54MB
nds,Shin 'Noukyou' Iku (Japan) (NDSi Enhanced),,NDS#5720,67.72MB
nds,Shin chan - Aventuras de Cine! (Spain),蜡笔小新-戏院冒险（西班牙版）,NDS#5721,66.55MB
nds,Shin chan contra los Plastas! (Spain),蜡笔小新-黏土造型大变身（西班牙版）,NDS#5722,24.55MB
nds,Shin chan e i Colori Magici! (Italy),蜡笔小新DS-暴风呼唤的蜡笔涂鸦大作战（意大利版）,NDS#5723,16.47MB
nds,Shin chan Flipa en Colores! (Spain),蜡笔小新DS-呼唤暴风的蜡笔大作战（西班牙版）,NDS#5724,36.36MB
nds,Shin Hisui no Shizuku - Hiiro no Kakera 2 DS (Japan),真翡翠水滴-绯色碎片2DS（日版）,NDS#5725,360.96MB
nds,Shin Lucky Star Moe Drill - Tabidachi (Japan),,NDS#5726,66.48MB
nds,"Shin Maru Goukaku - Shikaku Dasshu! IT Passport Shiken, Kihon Jouhou Gijutsusha Shiken, Ouyou Jouhou Gijutsusha Shiken (Japan)",,NDS#5727,17.14MB
nds,Shin Megami Tensei - Devil Survivor (USA),女神异闻录-恶魔救世主（美版）,NDS#5728,45.25MB
nds,Shin Megami Tensei - Devil Survivor 2 (Europe),,NDS#5729,94.10MB
nds,Shin Megami Tensei - Devil Survivor 2 (USA),,NDS#5730,94.10MB
nds,Shin Megami Tensei - Strange Journey (Japan),真女神转生-奇幻旅程（日版）,NDS#5731,94.22MB
nds,Shin Megami Tensei - Strange Journey (USA),真女神转生-奇幻旅程（美版）,NDS#5732,93.73MB
nds,Shin Sangoku Musou DS - Fighter's Battle (Japan),真.三国无双DS-斗士之战（日版）,NDS#5733,34.18MB
nds,Shin Sengoku Tenka Touitsu - Gunyuu-tachi no Souran (Japan),真战国天下统一-群雄争乱（日版）,NDS#5734,38.71MB
nds,Shining Force Feather (Japan),光明力量-羽翼（日版）,NDS#5735,100.36MB
nds,"Shining Stars - Super Starcade (Europe) (En,Fr,De,Es,It)","闪亮之星-超级明星凯德（欧版） (En,Fr,De,Es,It)",NDS#5736,2.66MB
nds,Shining Stars - Super Starcade (USA),闪亮之星-超级明星凯德（美版）,NDS#5737,2.66MB
nds,Shinreigari - Ghost Hound DS (Japan),神灵狩DS（日版）,NDS#5738,152.53MB
nds,Shinri Kenkyuuka Yuki Yu Kanshuu - Mainichi Kokorobics - DS Therapy (Japan),心理专家有纪主编-每日心理分析 DS疗法（日版）,NDS#5739,13.94MB
nds,Shinseiki Evangelion - Ayanami Ikusei Keikaku DS with Asuka Hokan Keikaku (Japan),新世纪福音战士DS（日版）,NDS#5740,175.58MB
nds,"Shiny Dialga-Palkia-Giratina Distribution 2013 (Europe) (En,Fr,De,It) (Wi-Fi Kiosk) (Save Data)",,NDS#5741,95.87KB
nds,"Shiny Dialga-Palkia-Giratina Distribution 2013 (Europe) (En,Fr,Es,It) (Wi-Fi Kiosk) (Save Data)",,NDS#5742,95.84KB
nds,Shiny Dialga-Palkia-Giratina Distribution 2013 (USA) (Wi-Fi Kiosk) (Save Data),,NDS#5743,95.35KB
nds,Shion no Ou - The Flowers of Hard Blood (Japan),紫音之王（日版）,NDS#5744,12.95MB
nds,Shiseido Beauty Solution Kaihatsu Center Kanshuu - Project Beauty (Japan),资生堂美颜方案开发中心监修-美颜专案（日版）,NDS#5745,8.86MB
nds,Shoho kara Hajimeru - Otona no Eitango Renshuu (Japan),从初步学起成人英文单字练习（日版）,NDS#5746,9.46MB
nds,Shokugyou Taiken Adventure - 13-sai no Hello Work DS (Japan),13岁的职业介绍所DS（日版）,NDS#5747,98.81MB
nds,Shonen Magazine Comics Special Pack (Japan) (DSvision),,NDS#5748,30.11MB
nds,Shonen Sunday Comics Special Pack (Japan) (DSvision),,NDS#5749,47.19MB
nds,"Shorts (USA) (En,Fr)","短路（美版） (En,Fr)",NDS#5750,20.05MB
nds,Shougi World Champion - Gekisashi DS (Japan),将棋世界冠军-激指DS（日版）,NDS#5751,12.10MB
nds,Shoukou Shindan Training DS (Japan),,NDS#5752,4.37MB
nds,Shounen Kininden Tsumuji (Japan),少年鬼忍传-旋风（日版）,NDS#5753,74.30MB
nds,Shounen Sunday & Shounen Magazine - White Comic (Japan),少年Sunday & 少年Magazine 白色漫画（日版）,NDS#5754,56.66MB
nds,"Showtime Championship Boxing (Europe) (En,Fr,De,Es,It)","冠军拳击赛（欧版） (En,Fr,De,Es,It)",NDS#5755,7.59MB
nds,Showtime Championship Boxing (USA),冠军拳击赛（美版）,NDS#5756,7.48MB
nds,Shrek - E Vissero Felici e Contenti (Italy) (NDSi Enhanced),怪物史瑞克4（意大利版） (NDSi Enhanced),NDS#5757,36.46MB
nds,"Shrek - Forever After (Europe) (De,Es) (NDSi Enhanced)","史瑞克快乐4神仙（欧版） (De,Es) (NDSi Enhanced)",NDS#5758,42.22MB
nds,"Shrek - Forever After (Europe) (En,Fr) (NDSi Enhanced)","史瑞克快乐4神仙（欧版） (En,Fr) (NDSi Enhanced)",NDS#5759,41.60MB
nds,"Shrek - Forever After (Europe) (Nl,Sv) (NDSi Enhanced)","史瑞克快乐4神仙（欧版） (Nl,Sv) (NDSi Enhanced)",NDS#5760,41.88MB
nds,"Shrek - Forever After (USA) (En,Fr) (NDSi Enhanced)","史瑞克快乐4神仙（美版） (En,Fr) (NDSi Enhanced)",NDS#5761,41.60MB
nds,Shrek - Oger und Dresel (Germany),史莱克-怪物与驴子（德国版）,NDS#5762,24.32MB
nds,Shrek - Ogres & Dronkeys (Netherlands),史莱克-怪物与驴子（荷兰版）,NDS#5763,22.36MB
nds,Shrek - Ogres & Dronkeys (United Kingdom),史莱克-怪物与驴子(United Kingdom),NDS#5764,22.56MB
nds,Shrek - Ogres & Dronkeys (USA),史莱克-怪物与驴子（美版）,NDS#5765,22.56MB
nds,Shrek - Ogres et Dranons (France),史莱克-怪物与驴子（法国版）,NDS#5766,21.98MB
nds,Shrek - Ogritos y Drasnos (Spain),史莱克-怪物与驴子（西班牙版）,NDS#5767,22.37MB
nds,Shrek - Orchetti e Ciuchini (Italy),史莱克-怪物与驴子（意大利版）,NDS#5768,22.72MB
nds,"Shrek - Smash n' Crash Racing (Europe) (En,Fr,De,Es,It)","怪物史莱克赛车（欧版） (En,Fr,De,Es,It)",NDS#5769,33.66MB
nds,Shrek - Smash n' Crash Racing (USA),怪物史莱克赛车（美版）,NDS#5770,10.91MB
nds,"Shrek - Super Slam (Europe) (En,Fr,De,Es,It,Nl)","怪物史瑞克（欧版） (En,Fr,De,Es,It,Nl)",NDS#5771,12.04MB
nds,Shrek - Super Slam (USA),怪物史瑞克（美版）,NDS#5772,12.03MB
nds,Shrek de Derde (Netherlands),怪物史莱克3（荷兰版）,NDS#5773,17.10MB
nds,Shrek der Dritte (Germany),怪物史瑞克3（德国版）,NDS#5774,18.43MB
nds,Shrek le Troisieme (France),怪物史莱克3（法国版）,NDS#5775,17.20MB
nds,Shrek Tercero (Spain),怪物史莱克3（西班牙版）,NDS#5776,17.55MB
nds,Shrek Terzo (Italy),怪物史莱克3（意大利版）,NDS#5777,17.16MB
nds,Shrek the Third (Europe),怪物史莱克3（欧版）,NDS#5778,17.12MB
nds,Shrek the Third (USA),怪物史莱克3（美版）,NDS#5779,17.21MB
nds,"Shrek's Carnival Craze - Party Games (Europe) (En,Fr,De,Es,It,Nl)","史莱克的疯狂嘉年华（欧版） (En,Fr,De,Es,It,Nl)",NDS#5780,27.02MB
nds,"Shrek's Carnival Craze - Party Games (USA) (En,Fr)","史莱克的疯狂嘉年华（美版） (En,Fr)",NDS#5781,29.52MB
nds,Shugo Chara! - 3-tsu no Tamago to Koisuru Joker (Japan),守护甜心-三只彩蛋与恋爱王牌（日版）,NDS#5782,19.17MB
nds,Shugo Chara! - Amu no Nijiiro Chara Change (Japan),守护甜心!-亚梦的虹色形象换妆（日版）,NDS#5783,40.35MB
nds,Shugo Chara! - Nori Nori! CharanaRhythm (Japan),守护甜心-动感节奏（日版）,NDS#5784,71.39MB
nds,Shunkan Puzz Loop (Japan),瞬间解惑迷圈（日版）,NDS#5785,3.88MB
nds,Shuwa no Mori (Japan),手语之森（日版）,NDS#5786,13.02MB
nds,"Sid Meier's Civilization Revolution (Europe) (En,Fr,De,Es,It)","文明帝国-革命（欧版） (En,Fr,De,Es,It)",NDS#5787,19.36MB
nds,Sid Meier's Civilization Revolution (Japan),文明帝国-革命（日版）,NDS#5788,19.53MB
nds,"Sid Meier's Civilization Revolution (USA) (En,Fr,De,Es,It)","文明帝国-革命（美版） (En,Fr,De,Es,It)",NDS#5789,19.32MB
nds,Sideswiped (USA),边角撞击（美版）,NDS#5790,9.19MB
nds,"Sight Training - Enjoy Exercising and Relaxing Your Eyes (Europe) (En,Fr,De,Es,It)","DS眼力训练（欧版） (En,Fr,De,Es,It)",NDS#5791,9.25MB
nds,"Sight Training - Enjoy Exercising and Relaxing Your Eyes (Europe) (En,Fr,De,Es,It) (Demo) (Kiosk)","DS眼力训练（欧版） (En,Fr,De,Es,It) （演示版） （商店演示版）",NDS#5792,9.30MB
nds,"Sightseeing Puzzle - Echter Puzzlespass fuer Unterwegs (Europe) (En,Fr,De,Es,It)","益智拼图-美术画作（欧版） (En,Fr,De,Es,It)",NDS#5793,3.26MB
nds,Sigma Harmonics (Japan),西格玛和声（日版）,NDS#5794,101.82MB
nds,Signal (Japan),爱情讯号（日版）,NDS#5795,208.91MB
nds,Silke - Pixelines Lillesoester - Hoensefoedder og Guleroedder (Denmark),希可趣味游戏-公鸡和拼图(Denmark),NDS#5796,32.45MB
nds,"Silke - Pixelines Lillesoester - Syng, Leg og Laer (Denmark) [b]",希可趣味游戏-涂色(Denmark) [b],NDS#5797,30.54MB
nds,"Silly Bandz (USA) (En,Fr,Es)",,NDS#5798,2.42MB
nds,Silverlicious (USA),,NDS#5799,6.07MB
nds,"SimAnimals (Europe) (En,Fr,De,Es,It,Nl,Pt,Sv,No,Da)","模拟动物（欧版） (En,Fr,De,Es,It,Nl,Pt,Sv,No,Da)",NDS#5800,12.74MB
nds,"SimAnimals (Japan) (En,Ja)","模拟动物（日版） (En,Ja)",NDS#5801,12.74MB
nds,"SimAnimals (Korea) (En,Ko) [b]","模拟动物（韩国版） (En,Ko) [b]",NDS#5802,12.74MB
nds,"SimAnimals (USA) (En,Fr,De,Es,It,Nl,Pt,Sv,No,Da)","模拟动物（美版） (En,Fr,De,Es,It,Nl,Pt,Sv,No,Da)",NDS#5803,12.74MB
nds,"SimAnimals - Africa (Europe) (En,Ja,Fr,De,Nl,Pt)","模拟动物-非洲（欧版） (En,Ja,Fr,De,Nl,Pt)",NDS#5804,27.19MB
nds,"SimAnimals - Africa (Japan) (En,Ja)","模拟动物-非洲（日版） (En,Ja)",NDS#5805,27.19MB
nds,"SimAnimals - Africa (USA) (En,Ja,Fr,De,Nl,Pt)","模拟动物-非洲（美版） (En,Ja,Fr,De,Nl,Pt)",NDS#5806,27.19MB
nds,"SimCity - Creator (Europe) (En,Fr,De,Es,It,Nl)","模拟城市-建筑大师（欧版） (En,Fr,De,Es,It,Nl)",NDS#5807,7.76MB
nds,SimCity - Creator (Korea) [b],模拟城市-建筑大师（韩国版） [b],NDS#5808,5.28MB
nds,"SimCity - Creator (USA) (En,Fr,Es)","模拟城市-建筑大师（美版） (En,Fr,Es)",NDS#5809,6.30MB
nds,"SimCity DS (Europe) (En,Fr,De,Es,It,Nl)","模拟城市DS（欧版） (En,Fr,De,Es,It,Nl)",NDS#5810,5.14MB
nds,SimCity DS (Korea),模拟城市DS（韩国版）,NDS#5811,3.15MB
nds,"SimCity DS (USA) (En,Fr,De,Es,It,Nl)","模拟城市DS（美版） (En,Fr,De,Es,It,Nl)",NDS#5812,5.14MB
nds,SimCity DS - The Ultimate City Simulator (Japan),模拟城市DS（日版）,NDS#5813,3.33MB
nds,SimCity DS - The Ultimate City Simulator (Japan) (Rev 1),模拟城市DS（日版） （修正版 1）,NDS#5814,3.33MB
nds,SimCity DS 2 - Kodai kara Mirai e Tsuzuku Machi (Japan),模拟城市DS2-从古至今的城市（日版）,NDS#5815,4.80MB
nds,Simple DS Series Vol. 1 - The Mahjong (Japan),简单DS系列第1弹：麻将（日版）,NDS#5816,3.07MB
nds,Simple DS Series Vol. 10 - The Dokodemo Kanji Quiz (Japan),简单DS系列Vol.10-汉字鉴定（日版）,NDS#5817,3.30MB
nds,Simple DS Series Vol. 11 - Mou Ichido Kayoeru - The Otona no Shougakkou (Japan),简单DS系列11-大人的训练（日版）,NDS#5818,1.68MB
nds,Simple DS Series Vol. 12 - The Party Unou Quiz (Japan),简单DS系列12-右脑测试（日版）,NDS#5819,3.84MB
nds,Simple DS Series Vol. 13 - Ijoukishou o Tsuppashire - The Arashi no Drift Rally (Japan),"简单DS系列Vol.13-克服异常气象,暴风雨下的漂移拉力（日版）",NDS#5820,20.17MB
nds,Simple DS Series Vol. 14 - The Jidousha Kyoushuujo DS (Japan),简单DS系列Vol.14-THE自动车教习所（日版）,NDS#5821,2.55MB
nds,Simple DS Series Vol. 15 - The Kanshikikan 2 - Aratanaru Yattsu no Jiken o Touch Seyo (Japan),简单DS系列Vol.15-THE鉴识官2（日版）,NDS#5822,17.43MB
nds,Simple DS Series Vol. 15 - The Kanshikikan 2 - Aratanaru Yattsu no Jiken o Touch Seyo (Japan) (Rev 1),简单DS系列Vol.15-THE鉴识官2（日版） （修正版 1）,NDS#5823,17.43MB
nds,Simple DS Series Vol. 16 - The Sagasou Fushigi na Konchuu no Mori (Japan),Simple DS系列Vol.16 The 寻找不可思议的昆虫之森（日版）,NDS#5824,7.05MB
nds,Simple DS Series Vol. 17 - The Nezumi no Action Game - Mouse Town Roddy to Rita no Daibouken (Japan),简单DS系列17-The鼠国流浪记（日版）,NDS#5825,9.14MB
nds,Simple DS Series Vol. 18 - The Soukou Kihei Gun Ground (Japan),简单DS系列Vol.18 THE装甲机兵（日版）,NDS#5826,3.70MB
nds,Simple DS Series Vol. 19 - Yareba Dekiru! - The Micro Step Gijutsu de Oboeru Eitango (Japan),简单DS系列19-完全能做到!THE 用踏板技术记忆英语单词（日版）,NDS#5827,12.57MB
nds,Simple DS Series Vol. 2 - The Billiard (Japan) (Rev 1),简单DS系列第2弹：台球（日版） （修正版 1）,NDS#5828,1.60MB
nds,Simple DS Series Vol. 20 - The Senkan (Japan),简单DS系列Vol.20 THE 战舰（日版）,NDS#5829,9.66MB
nds,Simple DS Series Vol. 21 - The Hohei - Butai de Shutsugeki! Senjou no Inu-tachi (Japan),简单DS系列 Vol.21-THE 步兵～部队出击!战场之犬（日版）,NDS#5830,16.42MB
nds,Simple DS Series Vol. 22 - Age Age - The Zero-Yon Midnight (Japan),简单DS系列Vol.22-The 直线加速-深夜（日版）,NDS#5831,11.44MB
nds,Simple DS Series Vol. 23 - The Puzzle Quest - Agaria no Kishi (Japan),简单DS系列Vol.23-The 益智冒险-亚加利亚的骑士（日版）,NDS#5832,5.01MB
nds,Simple DS Series Vol. 23 - The Puzzle Quest - Agaria no Kishi (Japan) (Rev 1),简单DS系列Vol.23-The 益智冒险-亚加利亚的骑士（日版） （修正版 1）,NDS#5833,5.00MB
nds,Simple DS Series Vol. 24 - The Sensha (Japan),简单DS系列Vol.24-The 战车（日版）,NDS#5834,5.26MB
nds,Simple DS Series Vol. 25 - The Koushounin (Japan),简单DS系列Vol.25-The交涉人（日版）,NDS#5835,13.00MB
nds,"Simple DS Series Vol. 26 - The Quiz 30,000 Mon (Japan)",简单DS系列Vol.26-The 解谜30000问（日版）,NDS#5836,8.61MB
nds,Simple DS Series Vol. 27 - The Misshitsu kara no Dasshutsu - The Suiri Bangai Hen (Japan),简单DS系列Vol.27-密室脱出-推理番外编（日版）,NDS#5837,16.57MB
nds,Simple DS Series Vol. 28 - The Illust Puzzle & Suuji Puzzle 2 (Japan),简单DS系列Vol.28-The 图解难题-数字猜谜2（日版）,NDS#5838,564.25KB
nds,"Simple DS Series Vol. 29 - The Sports Daishuugou - Yakyuu, Tennis, Volleyball, Futsal, Golf (Japan)",简单DS系列Vol.29-The 运动会～棒球.网球.排球.室内足球.高尔夫球（日版）,NDS#5839,8.79MB
nds,Simple DS Series Vol. 3 - The Mushitori Oukoku - Shinshu Hakken! Nokogiri Kabuto! (Japan),简单DS系列vol.3：昆虫王国（日版）,NDS#5840,7.41MB
nds,Simple DS Series Vol. 3 - The Mushitori Oukoku - Shinshu Hakken! Nokogiri Kabuto! (Japan) (Rev 1),简单DS系列vol.3：昆虫王国（日版） （修正版 1）,NDS#5841,7.40MB
nds,"Simple DS Series Vol. 30 - The Table Game - Mahjong, Igo, Shougi, Card, Hanafuda, Reversi, Gomoku Narabe (Japan)",简单DS系列Vol.30-The 棋类游戏（日版）,NDS#5842,1.94MB
nds,"Simple DS Series Vol. 30 - The Table Game - Mahjong, Igo, Shougi, Card, Hanafuda, Reversi, Gomoku Narabe (Japan) (Rev 1)",简单DS系列Vol.30-The 棋类游戏（日版） （修正版 1）,NDS#5843,8.51MB
nds,Simple DS Series Vol. 31 - The Chou Dangan!! Custom Sensha (Japan),简单DS系列Vol.31-The THE 超级炮弹!特制战车（日版）,NDS#5844,3.70MB
nds,Simple DS Series Vol. 32 - The Zombie Crisis (Japan),简单DS系列Vol.32 - 僵尸危机（日版）,NDS#5845,10.79MB
nds,Simple DS Series Vol. 33 - The Crossword & Kanji Puzzle (Japan),简单DS系列Vol 33-纵横填字字谜&汉字迷（日版）,NDS#5846,6.75MB
nds,Simple DS Series Vol. 34 - The Haisha-san (Japan),简单DS系列 Vol.34-牙医（日版）,NDS#5847,14.45MB
nds,Simple DS Series Vol. 35 - The Genshijin (Japan),简单DS系列 Vol.35-THE 原始人DS（日版）,NDS#5848,5.08MB
nds,Simple DS Series Vol. 36 - ALC de Mi ni Tsuku! TOEIC Test - Bunpou Tokkun Hen (Japan),简单 DS 系列 V36 藉 ALC 熟记TOEIC 测验-文法特训篇（日版）,NDS#5849,5.40MB
nds,Simple DS Series Vol. 37 - ALC de Mi ni Tsuku! TOEIC Test - Listening Kyouka Hen (Japan),简单DS系列Vol.37-实战演练!TOEIC(R)考试听力强化篇（日版）,NDS#5850,66.71MB
nds,Simple DS Series Vol. 38 - ALC de Manabu! TOEIC Test - Hajimete Hen (Japan),简单DS系列Vol.38-实战演练!TOEIC考试听力入门篇（日版）,NDS#5851,19.62MB
nds,Simple DS Series Vol. 39 - The Shouboutai (Japan),简单DS系列Vol.39-THE 消防队（日版）,NDS#5852,7.38MB
nds,Simple DS Series Vol. 4 - The Block Kuzushi (Japan),简单DS系列 VOL.4 打砖块（日版）,NDS#5853,1.85MB
nds,Simple DS Series Vol. 4 - The Block Kuzushi (Japan) (Rev 1),简单DS系列 VOL.4 打砖块（日版） （修正版 1）,NDS#5854,1.86MB
nds,Simple DS Series Vol. 40 - The Gekai (Japan),简单DS系列Vol.40-THE 外科医（日版）,NDS#5855,7.62MB
nds,Simple DS Series Vol. 41 - The Bakudan Shorihan (Japan),简单DS系列Vol.41-The 拆弹处理班（日版）,NDS#5856,17.11MB
nds,Simple DS Series Vol. 42 - The Haioku Byoutou - Norowareta Byouin kara no Dasshutsu (Japan),简单DS系列Vol.42-The 废屋病房-逃出被诅咒的医院（日版）,NDS#5857,28.72MB
nds,Simple DS Series Vol. 43 - The Host Shiyouze! - DX Night King (Japan),简单 DS 系列 V43 THE 来当牛郎吧-DX 夜王（日版）,NDS#5858,14.01MB
nds,Simple DS Series Vol. 44 - The Gal Mahjong (Japan),简单DS系列Vol.44-THE 美少女麻将（日版）,NDS#5859,38.40MB
nds,Simple DS Series Vol. 45 - The Misshitsu kara no Dasshutsu 2 (Japan),简单DS系列Vol.45-THE 密室逃脱2（日版）,NDS#5860,18.70MB
nds,Simple DS Series Vol. 46 - The Hikyou Tankentai - Choujou Special 'Kyoui! Jinrui Mitou no Sekai Kakuchi ni Nazo no Mikakunin Seibutsu wa Sonzai Shita!!' (Japan),简单 DS 系列 V46- THE 秘境探险队（日版）,NDS#5861,9.67MB
nds,Simple DS Series Vol. 47 - The Suiri - Shinshou 2009 (Japan),简单 DS 系列 V47 THE 推理-新章 2009（日版）,NDS#5862,10.61MB
nds,"Simple DS Series Vol. 48 - The Saibanin - 1-tsu no Shinjitsu, 6-tsu no Kotae (Japan)",简单 DS 系列 Vol.48 THE 陪审员 1 个真实、6 种解答（日版）,NDS#5863,17.89MB
nds,Simple DS Series Vol. 5 - The Trump (Japan),简单DS系列5-纸牌（日版）,NDS#5864,2.26MB
nds,Simple DS Series Vol. 6 - The Party Game (Japan),简单DS系列第6弹：派对游戏集（日版）,NDS#5865,2.26MB
nds,Simple DS Series Vol. 7 - The Illust Puzzle & Suuji Puzzle (Japan),简单DS游戏 VOL.07数独（日版）,NDS#5866,643.02KB
nds,Simple DS Series Vol. 7 - The Illust Puzzle & Suuji Puzzle (Japan) (Rev 1),简单DS游戏 VOL.07数独（日版） （修正版 1）,NDS#5867,566.08KB
nds,Simple DS Series Vol. 8 - The Kanshikikan - Kinkyuu Shutsudou! Jiken Genba o Touch Seyo! (Japan),简单DS系列 vol.08 The 鉴识官~紧急出动！接触（日版）,NDS#5868,16.61MB
nds,Simple DS Series Vol. 9 - Atama ga Yokunaru - The Me no Training (Japan),简单DS系列Vol.9-变聪明-眼睛的练习（日版）,NDS#5869,1.40MB
nds,"Simpson, I - Il Videogioco (Italy)",辛普森一家（意大利版）,NDS#5870,107.68MB
nds,"Simpson, Les - Le Jeu (France)",辛普森一家（法国版）,NDS#5871,105.66MB
nds,"Simpson, Los - El Videojuego (Spain)",辛普森一家（西班牙版）,NDS#5872,102.76MB
nds,"Simpsons Game, The (Europe)",辛普森一家（欧版）,NDS#5873,101.21MB
nds,"Simpsons Game, The (USA)",辛普森一家（美版）,NDS#5874,101.22MB
nds,"Simpsons, Die - Das Spiel (Germany)",辛普森一家（德国版）,NDS#5875,106.26MB
nds,"Sims 2, The (Europe) (En,Fr,De,Es,It)","模拟人生2（欧版） (En,Fr,De,Es,It)",NDS#5876,49.31MB
nds,"Sims 2, The (USA) (En,Fr,De,Es,It)","模拟人生2（美版） (En,Fr,De,Es,It)",NDS#5877,49.32MB
nds,"Sims 2, The - Apartment Pets (Europe) (En,Fr,De,Es,It,Nl)","模拟人生2-公寓宠物（欧版） (En,Fr,De,Es,It,Nl)",NDS#5878,9.73MB
nds,"Sims 2, The - Apartment Pets (USA) (En,Fr,De,Es,It,Nl)","模拟人生2-公寓宠物（美版） (En,Fr,De,Es,It,Nl)",NDS#5879,9.73MB
nds,"Sims 2, The - Castaway (Europe) (En,Fr,De,Es,It,Nl,Pt)","模拟人生2-生存游戏（欧版） (En,Fr,De,Es,It,Nl,Pt)",NDS#5880,23.27MB
nds,"Sims 2, The - Castaway (Korea)",模拟人生2-生存游戏（韩国版）,NDS#5881,23.28MB
nds,"Sims 2, The - Castaway (USA) (En,Fr,De,Es,It,Nl,Pt)","模拟人生2-生存游戏（美版） (En,Fr,De,Es,It,Nl,Pt)",NDS#5882,23.26MB
nds,"Sims 2, The - Hachamecha Hotel Life (Japan)",模拟人生2-旅馆生活（日版）,NDS#5883,49.31MB
nds,"Sims 2, The - Pet Wannyan Life (Japan)",模拟人生2-宠物（日版）,NDS#5884,7.74MB
nds,"Sims 2, The - Pets (Europe) (En,Fr,De,Es,It,Nl)","模拟人生2-宠物（欧版） (En,Fr,De,Es,It,Nl)",NDS#5885,7.83MB
nds,"Sims 2, The - Pets (USA) (En,Fr,De,Es,It,Nl)","模拟人生2-宠物（美版） (En,Fr,De,Es,It,Nl)",NDS#5886,7.85MB
nds,"Sims 2, The - Survival (Japan)",模拟人生2-生存游戏（日版）,NDS#5887,23.27MB
nds,"Sims 3, The (Europe) (En,Fr,De,Es,It,Nl) (NDSi Enhanced)","模拟人生3（欧版） (En,Fr,De,Es,It,Nl) (NDSi Enhanced)",NDS#5888,53.76MB
nds,"Sims 3, The (USA) (En,Fr,Es) (NDSi Enhanced)","模拟人生3（美版） (En,Fr,Es) (NDSi Enhanced)",NDS#5889,53.76MB
nds,"Six Flags Fun Park (USA) (En,Fr)","六旗主题乐园（美版） (En,Fr)",NDS#5890,27.32MB
nds,"Skate It (Europe) (En,Fr,De,Es,It,Nl)","滑板（欧版） (En,Fr,De,Es,It,Nl)",NDS#5891,26.34MB
nds,"Skate It (USA) (En,Fr,De,Es,It,Nl)","滑板（美版） (En,Fr,De,Es,It,Nl)",NDS#5892,26.34MB
nds,Slide Adventure - Mag Kid (Japan),滑动大冒险（日版）,NDS#5893,18.84MB
nds,Slime Morimori Dragon Quest 2 - Daisensha to Shippo Dan (Japan),史莱姆大冒险-冲击尾巴团2（日版）,NDS#5894,14.62MB
nds,Slingo Quest (USA),探索博彩岛（美版）,NDS#5895,2.52MB
nds,Sloane to MacHale no Nazo no Story (Japan),史隆与麦克海尔的神秘故事（日版）,NDS#5896,36.52MB
nds,Sloane to MacHale no Nazo no Story 2 (Japan),斯隆与马克贝尔的迷之物语2（日版）,NDS#5897,42.15MB
nds,Smart Boy's Gameroom (USA),聪明男孩的游戏屋（美版）,NDS#5898,5.09MB
nds,Smart Boy's Gameroom 2 (USA),聪明男孩们的游戏屋2（美版）,NDS#5899,4.40MB
nds,Smart Boy's Toys Club (USA),聪明男孩-玩具俱乐部（美版）,NDS#5900,5.18MB
nds,Smart Boy's Winter Wonderland (USA),聪明男孩-冬季奇妙世界（美版）,NDS#5901,6.57MB
nds,Smart Girl's Magical Book Club (USA),聪明女孩-魔法书俱乐部（美版）,NDS#5902,20.20MB
nds,Smart Girl's Party Game (USA),聪明女孩派对游戏（美版）,NDS#5903,5.81MB
nds,Smart Girl's Playhouse (USA),聪明女孩游戏房（美版）,NDS#5904,4.91MB
nds,Smart Girl's Playhouse 2 (USA),聪明女孩游戏屋2（美版）,NDS#5905,4.88MB
nds,Smart Girl's Playhouse Party (USA),,NDS#5906,14.41MB
nds,Smart Girl's Winter Wonderland (USA),聪明女孩的冬季仙境（美版）,NDS#5907,6.01MB
nds,Smart Kid's Gameclub (USA),聪明宝宝游戏屋（美版）,NDS#5908,7.08MB
nds,Smart Kid's Mega Game Mix (USA),聪明的孩子：超级游戏组合（美版）,NDS#5909,6.91MB
nds,Smart Kid's Party Fun Pak (USA),聪明孩子-快乐派对（美版）,NDS#5910,7.38MB
nds,"SmileyWorld - Island Challenge (Europe) (En,Fr,De,Es,It)","微笑的世界岛屿挑战（欧版） (En,Fr,De,Es,It)",NDS#5911,2.68MB
nds,"SmileyWorld - Island Challenge (USA) (En,Fr,Es)","微笑的世界岛屿挑战（美版） (En,Fr,Es)",NDS#5912,2.68MB
nds,"Smurfs 2, The (Europe) (En,Fr,De,Es,It,Nl,Sv,No,Da)","蓝精灵2（欧版） (En,Fr,De,Es,It,Nl,Sv,No,Da)",NDS#5913,19.06MB
nds,"Smurfs 2, The (USA) (En,Fr,Es)","蓝精灵2（美版） (En,Fr,Es)",NDS#5914,19.06MB
nds,"Smurfs Collection, The (Europe) (En,Fr,De,Es,It,Nl,Sv,No,Da)","蓝精灵精选集（欧版） (En,Fr,De,Es,It,Nl,Sv,No,Da)",NDS#5915,35.15MB
nds,"Smurfs, The (Europe) (En,Fr)","蓝精灵（欧版） (En,Fr)",NDS#5916,18.10MB
nds,"Smurfs, The (USA) (En,Fr)","蓝精灵（美版） (En,Fr)",NDS#5917,18.10MB
nds,"SNK vs. Capcom - Card Fighters DS (Europe) (En,Fr,De,Es,It)","SNK对CAPCOM-卡片战士DS（欧版） (En,Fr,De,Es,It)",NDS#5918,18.13MB
nds,SNK vs. Capcom - Card Fighters DS (Japan),SNK对CAPCOM-卡片战士DS（日版）,NDS#5919,17.50MB
nds,SNK vs. Capcom - Card Fighters DS (USA),SNK对CAPCOM-卡片战士DS（美版）,NDS#5920,17.40MB
nds,SNK vs. Capcom - Card Fighters DS (USA) (Rev 1),SNK对CAPCOM-卡片战士DS（美版） （修正版 1）,NDS#5921,17.40MB
nds,"Snood 2 - On Vacation (Europe) (En,Fr,De,Es,It)","怪投射波假期（欧版） (En,Fr,De,Es,It)",NDS#5922,2.16MB
nds,Snood 2 - On Vacation (USA),怪投射波假期（美版）,NDS#5923,2.33MB
nds,Snoopy DS - Snoopy to Nakama-tachi ni Ai ni Ikou! (Japan),史努比DS-史努比去和伙伴们约会吧!（日版）,NDS#5924,19.58MB
nds,"Snoopy no Aiken DS - Shitte Okitai Inu no Koto, Inu no Nouryoku, Anata no Shitsuke (Japan)",史奴比的爱犬DS（日版）,NDS#5925,6.07MB
nds,Snoopy to Issho ni DS Eigo Lesson (Japan),和史奴比一起上英语课（日版）,NDS#5926,17.05MB
nds,Snowboard Kids Party (Japan),滑雪小子DS（日版）,NDS#5927,12.94MB
nds,"So Blonde - Back to the Island (Europe) (En,Fr,De,Es,It)","金发美女-回到小岛（欧版） (En,Fr,De,Es,It)",NDS#5928,37.07MB
nds,Sofie - Josefines Lillesoester - Hoensefoetter og Guleroetter (Norway),索菲耶-小小游戏(Norway),NDS#5929,20.45MB
nds,"Sofie - Josefines Lillesoester - Syng, Lek og Laer (Norway)",索菲耶-星星游戏和学习(Norway),NDS#5930,20.77MB
nds,"Sokoban DS (Europe) (En,Fr,De,Es,It)","推箱子DS（欧版） (En,Fr,De,Es,It)",NDS#5931,1.16MB
nds,"Solatorobo - Red the Hunter (Europe) (En,Fr,De,Es,It) (NDSi Enhanced)","苍空骑士-飞向CODA（欧版） (En,Fr,De,Es,It) (NDSi Enhanced)",NDS#5932,47.49MB
nds,"Solatorobo - Red the Hunter (USA) (En,Fr,De,Es,It) (NDSi Enhanced)","苍空骑士-飞向CODA（美版） (En,Fr,De,Es,It) (NDSi Enhanced)",NDS#5933,46.78MB
nds,Solatorobo - Sorekara Coda e (Japan) (NDSi Enhanced),苍空骑士-飞向CODA（日版） (NDSi Enhanced),NDS#5934,44.25MB
nds,"Solitaire (Europe) (En,Fr,De,Es,It)","连锁纸牌DS（欧版） (En,Fr,De,Es,It)",NDS#5935,3.22MB
nds,"Solitaire DS (Europe) (En,Fr,De,Es,It)","蜘蛛纸牌DS（欧版） (En,Fr,De,Es,It)",NDS#5936,5.41MB
nds,"Solitaire Mahjong - Ancient China Adventure (Europe) (En,Fr,De,Es,It)","麻将纸牌:古中国探险（欧版） (En,Fr,De,Es,It)",NDS#5937,5.17MB
nds,Solitaire Overload (USA),连锁纸牌（美版）,NDS#5938,5.09MB
nds,"Solitaire Overload Plus (USA) (En,Fr,Es)","游戏3合1-接龙,麻将,七巧板（美版） (En,Fr,Es)",NDS#5939,4.88MB
nds,Soma Bringer (Japan),灵光守护者（日版）,NDS#5940,73.27MB
nds,Sommelier DS (Japan),美酒贵公子（日版）,NDS#5941,19.52MB
nds,"Sonic & SEGA All-Stars Racing (Europe) (En,Fr,De,Es,It)","索尼克与世嘉全明星竞速（欧版） (En,Fr,De,Es,It)",NDS#5942,42.91MB
nds,"Sonic & SEGA All-Stars Racing (USA) (En,Fr,Es)","索尼克与世嘉全明星竞速（美版） (En,Fr,Es)",NDS#5943,42.91MB
nds,"Sonic Chronicles - The Dark Brotherhood (Europe) (En,Fr,De,Es,It)","索尼克编年史-黑暗兄弟（欧版） (En,Fr,De,Es,It)",NDS#5944,65.93MB
nds,"Sonic Chronicles - The Dark Brotherhood (USA) (En,Fr,De,Es,It)","索尼克编年史-黑暗兄弟（美版） (En,Fr,De,Es,It)",NDS#5945,65.93MB
nds,Sonic Chronicles - Yami Jigen kara no Shinryakusha (Japan),索尼克编年史（日版）,NDS#5946,65.39MB
nds,"Sonic Classic Collection (Europe) (En,Fr,De,Es,It) (NDSi Enhanced)","索尼克经典合集（欧版） (En,Fr,De,Es,It) (NDSi Enhanced)",NDS#5947,27.25MB
nds,"Sonic Classic Collection (USA) (En,Fr,Es) (NDSi Enhanced)","索尼克经典合集（美版） (En,Fr,Es) (NDSi Enhanced)",NDS#5948,26.94MB
nds,"Sonic Colors (Japan) (En,Ja,Fr,De,Es,It)","索尼克-色彩（日版） (En,Ja,Fr,De,Es,It)",NDS#5949,40.38MB
nds,"Sonic Colors (USA) (En,Ja,Fr,De,Es,It)","索尼克-色彩（美版） (En,Ja,Fr,De,Es,It)",NDS#5950,40.34MB
nds,"Sonic Colours (Europe) (En,Ja,Fr,De,Es,It)","索尼尔-色彩（欧版） (En,Ja,Fr,De,Es,It)",NDS#5951,40.34MB
nds,"Sonic Rush (Europe) (En,Ja,Fr,De,Es,It)","索尼克冲刺（欧版） (En,Ja,Fr,De,Es,It)",NDS#5952,27.13MB
nds,"Sonic Rush (Japan) (En,Ja,Fr,De,Es,It)","索尼克冲刺（日版） (En,Ja,Fr,De,Es,It)",NDS#5953,26.99MB
nds,"Sonic Rush (USA) (En,Ja) (Demo) (Kiosk, E3 2005)","索尼克冲刺（美版） (En,Ja) （演示版） (Kiosk, E3 2005)",NDS#5954,1.53MB
nds,"Sonic Rush (USA) (En,Ja,Fr,De,Es,It)","索尼克冲刺（美版） (En,Ja,Fr,De,Es,It)",NDS#5955,27.14MB
nds,"Sonic Rush Adventure (Europe) (En,Ja,Fr,De,Es,It)","索尼克冲刺-大冒险（欧版） (En,Ja,Fr,De,Es,It)",NDS#5956,27.09MB
nds,"Sonic Rush Adventure (Europe) (En,Ja,Fr,De,Es,It) (Rev 1)","索尼克冲刺-大冒险（欧版） (En,Ja,Fr,De,Es,It) （修正版 1）",NDS#5957,27.09MB
nds,"Sonic Rush Adventure (Japan) (En,Ja,Fr,De,Es,It)","索尼克冲刺-大冒险（日版） (En,Ja,Fr,De,Es,It)",NDS#5958,27.03MB
nds,Sonic Rush Adventure (Korea) [b],索尼克冲刺-大冒险（韩国版） [b],NDS#5959,26.07MB
nds,"Sonic Rush Adventure (USA) (En,Ja,Fr,De,Es,It)","索尼克冲刺-大冒险（美版） (En,Ja,Fr,De,Es,It)",NDS#5960,27.08MB
nds,"Sonny with a Chance (Europe) (En,Fr,De,Es,It) (NDSi Enhanced)","加油!桑妮（欧版） (En,Fr,De,Es,It) (NDSi Enhanced)",NDS#5961,5.04MB
nds,"Sonny with a Chance (USA) (En,Fr,Es) (NDSi Enhanced)","加油!桑妮（美版） (En,Fr,Es) (NDSi Enhanced)",NDS#5962,9.79MB
nds,Sonshi no Heihou DS (Japan),孙子兵法 DS（日版）,NDS#5963,72.51MB
nds,Sonyeojeok Yeonae Hyeongmyeong - Love Revo!! DS (Korea) [b],少女恋爱革命 DS（韩国版） [b],NDS#5964,36.59MB
nds,Sora no Otoshimono Forte - Dreamy Season (Japan),天降之物f-梦幻季节（日版）,NDS#5965,92.36MB
nds,"Sorcerer's Apprentice, The (Europe) (En,De,Es,It)","魔法师的学徒（欧版） (En,De,Es,It)",NDS#5966,31.74MB
nds,"Sorcerer's Apprentice, The (USA) (En,Es)","魔法师的学徒（美版） (En,Es)",NDS#5967,36.27MB
nds,Soreike! Anpanman - Baikinman no Daisakusen (Japan),面包超人（日版）,NDS#5968,7.67MB
nds,Soreike! Anpanman - Baikinman no Daisakusen (Japan) (Rev 1),面包超人（日版） （修正版 1）,NDS#5969,8.71MB
nds,Soroban DS (Japan),算盘DS（日版）,NDS#5970,14.37MB
nds,Soroeru Puzzle Douwa Oukoku (Japan),独奏-解谜-童话王国（日版）,NDS#5971,4.24MB
nds,Soukoku no Kusabi - Hiiro no Kakera 3 DS (Japan),,NDS#5972,349.07MB
nds,"Soul Bubbles (Europe) (En,Fr,De,Es,It)","心灵泡泡（欧版） (En,Fr,De,Es,It)",NDS#5973,18.54MB
nds,"Soul Bubbles (USA) (En,Fr,De,Es,It)","心灵泡泡（美版） (En,Fr,De,Es,It)",NDS#5974,18.54MB
nds,Soul Eater - Medusa no Inbou (Japan),噬魂师-美杜莎的阴谋（日版）,NDS#5975,22.40MB
nds,Souseiki Gadget Robo (Japan),装星机-袖珍机器人（日版）,NDS#5976,14.02MB
nds,"Space Bust-A-Move (USA) (En,Fr,De,Es,It)","太空泡泡龙（美版） (En,Fr,De,Es,It)",NDS#5977,9.68MB
nds,"Space Camp (Europe) (En,Fr,De,Es,It)","太空训练营（欧版） (En,Fr,De,Es,It)",NDS#5978,12.38MB
nds,"Space Camp (USA) (En,Fr)","太空训练营（美版） (En,Fr)",NDS#5979,11.06MB
nds,"Space Chimps (Europe) (En,Fr,De,Es,It)","太空黑猩猩（欧版） (En,Fr,De,Es,It)",NDS#5980,23.52MB
nds,"Space Chimps (USA) (En,Fr)","太空黑猩猩（美版） (En,Fr)",NDS#5981,23.52MB
nds,Space Invaders DS (Japan),太空侵略者DS（日版）,NDS#5982,4.31MB
nds,"Space Invaders Extreme (Europe) (En,Ja,Fr,De,Es,It)","太空侵略者 EX（欧版） (En,Ja,Fr,De,Es,It)",NDS#5983,22.21MB
nds,Space Invaders Extreme (Japan),太空侵略者 EX（日版）,NDS#5984,22.13MB
nds,"Space Invaders Extreme (USA) (En,Ja,Fr,De,Es,It)","太空侵略者 EX（美版） (En,Ja,Fr,De,Es,It)",NDS#5985,22.21MB
nds,"Space Invaders Extreme 2 (Europe) (En,Ja,Fr,De,Es,It)","太空侵略者 EX 2（欧版） (En,Ja,Fr,De,Es,It)",NDS#5986,23.48MB
nds,Space Invaders Extreme 2 (Japan),太空侵略者 EX 2（日版）,NDS#5987,23.38MB
nds,"Space Invaders Extreme 2 (USA) (En,Ja,Fr,De,Es,It)","太空侵略者 EX 2（美版） (En,Ja,Fr,De,Es,It)",NDS#5988,23.48MB
nds,"Space Invaders Revolution (Europe) (En,Fr,De,Es,It)","太空侵略者（欧版） (En,Fr,De,Es,It)",NDS#5989,4.34MB
nds,"Space Invaders Revolution (USA) (En,Fr,De,Es,It)","太空侵略者（美版） (En,Fr,De,Es,It)",NDS#5990,4.35MB
nds,Space Puzzle Bobble (Japan),太空泡泡龙方块（日版）,NDS#5991,7.09MB
nds,"Spanish Buddy (Europe) (Fr,De,It)","西班牙伙计（欧版） (Fr,De,It)",NDS#5992,36.47MB
nds,Spanish for Everyone! (USA),大家的西班牙语（美版）,NDS#5993,14.88MB
nds,Spectral Force - Genesis (Europe),圣魔战记-鬼魂力量-创世纪（欧版）,NDS#5994,27.08MB
nds,Spectral Force - Genesis (Japan),圣魔战记-鬼魂力量-创世纪（日版）,NDS#5995,48.49MB
nds,Spectral Force - Genesis (Korea) [b],圣魔战记-鬼魂力量-创世纪（韩国版） [b],NDS#5996,26.98MB
nds,Spectral Force - Genesis (USA),圣魔战记-鬼魂力量-创世纪（美版）,NDS#5997,27.08MB
nds,"Spectrobes (Europe) (En,Fr,De,Es,It)","化石超进化Spectrobes（欧版） (En,Fr,De,Es,It)",NDS#5998,24.28MB
nds,"Spectrobes (USA) (En,Fr,De,Es,It)","化石超进化Spectrobes（美版） (En,Fr,De,Es,It)",NDS#5999,24.28MB
nds,"Spectrobes - Beyond the Portals (Europe) (En,Fr,De,Es,It,Nl)","化石超进化-穿越星门（欧版） (En,Fr,De,Es,It,Nl)",NDS#6000,50.46MB
nds,"Spectrobes - Beyond the Portals (Europe) (En,Fr,De,Es,It,Nl) (Beta)","化石超进化-穿越星门（欧版） (En,Fr,De,Es,It,Nl) （测试版）",NDS#6001,69.55MB
nds,Spectrobes - Beyond the Portals (USA),化石超进化-穿越星门（美版）,NDS#6002,50.71MB
nds,"Speed Racer (Japan) (En,Ja)","极速赛车手（日版） (En,Ja)",NDS#6003,29.50MB
nds,"Speed Racer - The Videogame (Europe) (En,Fr,De,Es,It,Nl)","极速赛车手（欧版） (En,Fr,De,Es,It,Nl)",NDS#6004,29.45MB
nds,"Speed Racer - The Videogame (USA) (En,Fr,Es,Pt)","极速赛车手（美版） (En,Fr,Es,Pt)",NDS#6005,29.43MB
nds,"Spellbound (Europe) (En,Fr,De,Es,It)","拼字接龙（欧版） (En,Fr,De,Es,It)",NDS#6006,48.70MB
nds,Spelling Challenges and More! (USA),拼字大赛（美版）,NDS#6007,3.15MB
nds,Spider-Man - Allie ou Ennemi (France),蜘蛛侠-敌友难辨（法国版）,NDS#6008,37.80MB
nds,Spider-Man - Amici o Nemici (Italy),蜘蛛侠-敌友难辨（意大利版）,NDS#6009,38.79MB
nds,Spider-Man - Amigo o Enemigo (Spain),蜘蛛侠-敌友难辨（西班牙版）,NDS#6010,38.60MB
nds,Spider-Man - Bataille pour New York (France),蜘蛛侠-纽约之战（法国版）,NDS#6011,38.78MB
nds,Spider-Man - Battle for New York (Europe),蜘蛛侠-纽约之战（欧版）,NDS#6012,39.37MB
nds,Spider-Man - Battle for New York (Germany),蜘蛛侠-纽约之战（德国版）,NDS#6013,39.09MB
nds,Spider-Man - Battle for New York (Italy),蜘蛛侠-纽约之战（意大利版）,NDS#6014,39.04MB
nds,Spider-Man - Battle for New York (Spain),蜘蛛侠-纽约之战（西班牙版）,NDS#6015,38.43MB
nds,Spider-Man - Battle for New York (USA),蜘蛛侠-纽约之战（美版）,NDS#6016,39.38MB
nds,"Spider-Man - Edge of Time (Europe) (En,Fr,De,Es,It)","蜘蛛侠-时间裂痕（欧版） (En,Fr,De,Es,It)",NDS#6017,33.24MB
nds,"Spider-Man - Edge of Time (USA) (En,Fr)","蜘蛛侠-时间裂痕（美版） (En,Fr)",NDS#6018,33.24MB
nds,Spider-Man - Freund oder Feind (Germany),蜘蛛侠-敌友难分（德国版）,NDS#6019,40.02MB
nds,Spider-Man - Friend or Foe (Europe),蜘蛛侠-敌友难辨（欧版）,NDS#6020,39.98MB
nds,Spider-Man - Friend or Foe (USA),蜘蛛侠-敌友难辨（美版）,NDS#6021,39.98MB
nds,"Spider-Man - Shattered Dimensions (Europe) (En,Fr,De,Es,It)","蜘蛛侠-破碎维度（欧版） (En,Fr,De,Es,It)",NDS#6022,29.45MB
nds,"Spider-Man - Shattered Dimensions (USA) (En,Fr)","蜘蛛侠-破碎维度（美版） (En,Fr)",NDS#6023,29.35MB
nds,"Spider-Man - Web of Shadows (Europe) (En,Fr,De)","蜘蛛侠-影之网（欧版） (En,Fr,De)",NDS#6024,24.29MB
nds,"Spider-Man - Web of Shadows (Europe) (Es,It)","蜘蛛侠-影之网（欧版） (Es,It)",NDS#6025,24.49MB
nds,"Spider-Man - Web of Shadows (USA) (En,Fr)","蜘蛛侠-影之网（美版） (En,Fr)",NDS#6026,24.29MB
nds,Spider-Man 2 (Europe),蜘蛛侠2（欧版）,NDS#6027,12.93MB
nds,"Spider-Man 2 (Europe) (En,Fr,De,Es,It)","蜘蛛侠2（欧版） (En,Fr,De,Es,It)",NDS#6028,13.06MB
nds,Spider-Man 2 (Japan),蜘蛛侠2（日版）,NDS#6029,12.93MB
nds,Spider-Man 2 (USA),蜘蛛侠2（美版）,NDS#6030,12.93MB
nds,Spider-Man 3 (France),蜘蛛侠3（法国版）,NDS#6031,33.66MB
nds,Spider-Man 3 (Germany),蜘蛛侠3（德国版）,NDS#6032,34.07MB
nds,Spider-Man 3 (Italy),蜘蛛侠3（意大利版）,NDS#6033,33.93MB
nds,Spider-Man 3 (Japan),蜘蛛侠3（日版）,NDS#6034,34.13MB
nds,Spider-Man 3 (Spain),蜘蛛侠3（西班牙版）,NDS#6035,33.72MB
nds,Spider-Man 3 (United Kingdom),蜘蛛侠3(United Kingdom),NDS#6036,33.70MB
nds,Spider-Man 3 (USA),蜘蛛侠3（美版）,NDS#6037,33.71MB
nds,"Spiderwick Chronicles, The (Europe) (En,Fr,De,Es,It)","奇幻精灵事件簿（欧版） (En,Fr,De,Es,It)",NDS#6038,25.02MB
nds,"Spiderwick Chronicles, The (USA) (En,Fr,De,Es,It)","奇幻精灵事件簿（美版） (En,Fr,De,Es,It)",NDS#6039,25.02MB
nds,Spiegel Online - Die Wissenstrainer-Serie - Allgemeinwissen (Germany),明镜在线-综合知识（德国版）,NDS#6040,2.00MB
nds,Spiegel Online - Die Wissenstrainer-Serie - Karriere Coach (Germany),明镜在线-生涯教练（德国版）,NDS#6041,1.97MB
nds,Spiegel Online - Die Wissenstrainer-Serie - Life Coach (Germany),明镜在线-生活教练（德国版）,NDS#6042,1.98MB
nds,Spiegel Online - Die Wissenstrainer-Serie - Weltreise (Germany),明镜在线-世界旅游（德国版）,NDS#6043,1.94MB
nds,Spielend Mathe Lernen (Germany),娱乐和学习数学（德国版）,NDS#6044,7.26MB
nds,Spitfire Heroes - Tales of the Royal Air Force (USA),烈火英雄-皇家空军传奇（美版）,NDS#6045,7.11MB
nds,"SpongeBob - SpongeBob's Truth or Square (Europe) (En,De,It,Nl)",,NDS#6046,8.07MB
nds,"SpongeBob and Friends - Battle for Volcano Island (Europe) (En,Fr,De,Es,It,Nl)","海绵方块和伙伴们-火山岛之战（欧版） (En,Fr,De,Es,It,Nl)",NDS#6047,8.23MB
nds,"SpongeBob SquarePants - Creature from the Krusty Krab (Europe) (En,Fr,De,Nl)","棉球方块历险记-来自香酥蟹堡店的生物（欧版） (En,Fr,De,Nl)",NDS#6048,14.61MB
nds,SpongeBob SquarePants - Creature from the Krusty Krab (USA),棉球方块历险记-来自香酥蟹堡店的生物（美版）,NDS#6049,14.61MB
nds,"SpongeBob SquarePants - Frantic Fry Cook (Europe) (En,Fr,De,It,Nl)","海绵宝宝疯狂煎炸烹饪（欧版） (En,Fr,De,It,Nl)",NDS#6050,34.99MB
nds,"SpongeBob SquarePants - Plankton's Robotic Revenge (Europe) (En,Fr,De,Es,It,Nl,Sv)",,NDS#6051,44.98MB
nds,"SpongeBob SquarePants - Plankton's Robotic Revenge (USA) (En,Fr)",,NDS#6052,44.98MB
nds,SpongeBob SquarePants - SpongeBob to Nakama-tachi (Japan),海绵方块和伙伴们（日版）,NDS#6053,7.61MB
nds,SpongeBob SquarePants - SpongeBob to Nakama-tachi - Toybot no Kougeki (Japan),海绵宝宝-玩具机器人来袭（日版）,NDS#6054,12.75MB
nds,SpongeBob SquarePants - The Yellow Avenger (Europe),超级海棉巴伯：黄色的复仇者（欧版）,NDS#6055,12.70MB
nds,"SpongeBob SquarePants - The Yellow Avenger (Europe) (En,Fr,De,Es,It,Nl)","超级海棉巴伯：黄色的复仇者（欧版） (En,Fr,De,Es,It,Nl)",NDS#6056,12.70MB
nds,SpongeBob SquarePants - The Yellow Avenger (USA),超级海棉巴伯：黄色的复仇者（美版）,NDS#6057,12.70MB
nds,"SpongeBob SquarePants and Friends Unite! (Europe) (En,Fr,De,Es,Nl)","方块小子和朋友们（欧版） (En,Fr,De,Es,Nl)",NDS#6058,7.58MB
nds,"SpongeBob SquarePants Featuring Nicktoons - Globs of Doom (Europe) (En,Fr,De,Es,It)","海绵宝宝历险记-致命水珠（欧版） (En,Fr,De,Es,It)",NDS#6059,9.82MB
nds,"SpongeBob SquarePants Featuring Nicktoons - Globs of Doom (USA) (En,Fr)","海绵宝宝历险记-致命水珠（美版） (En,Fr)",NDS#6060,9.67MB
nds,"SpongeBob to Atlantis, Ikitain Desu (Japan)",海绵宝宝与亚特兰提斯（日版）,NDS#6061,8.83MB
nds,SpongeBob und Seine Freunde - Angriff der Spielzeugroboter (Germany),海绵宝宝历险记-玩具机器人（德国版）,NDS#6062,12.72MB
nds,"SpongeBob vs the Big One - Beach Party Cook-Off (USA) (En,Fr)","海绵宝宝对大块头沙滩聚会烹饪赛（美版） (En,Fr)",NDS#6063,34.99MB
nds,SpongeBob Yori Daesodong (Korea) [b],海绵宝宝对大块头沙滩聚会烹饪赛（韩国版） [b],NDS#6064,18.94MB
nds,"SpongeBob's Atlantis SquarePantis (Europe) (De,El)","海绵宝宝-亚特兰蒂斯（欧版） (De,El)",NDS#6065,9.18MB
nds,"SpongeBob's Atlantis SquarePantis (Europe) (En,Fr)","海绵宝宝-亚特兰蒂斯（欧版） (En,Fr)",NDS#6066,9.18MB
nds,"SpongeBob's Atlantis SquarePantis (Europe) (Es,It)","海绵宝宝-亚特兰蒂斯（欧版） (Es,It)",NDS#6067,9.18MB
nds,SpongeBob's Atlantis SquarePantis (USA),海绵宝宝-亚特兰蒂斯（美版）,NDS#6068,8.97MB
nds,"SpongeBob's Boating Bash (Europe) (En,De) (NDSi Enhanced)","海绵宝宝-碰碰船竞速（欧版） (En,De) (NDSi Enhanced)",NDS#6069,17.05MB
nds,"SpongeBob's Boating Bash (Europe) (En,Es) (NDSi Enhanced)","海绵宝宝-碰碰船竞速（欧版） (En,Es) (NDSi Enhanced)",NDS#6070,17.10MB
nds,SpongeBob's Boating Bash (USA) (NDSi Enhanced),海绵宝宝-碰碰船竞速（美版） (NDSi Enhanced),NDS#6071,17.03MB
nds,"SpongeBob's Surf & Skate - Roadtrip (Europe) (En,Fr,De,Es,Nl)",,NDS#6072,33.88MB
nds,"SpongeBob's Surf & Skate - Roadtrip (Europe) (En,Fr,Es)",,NDS#6073,33.88MB
nds,SpongeBob's Truth or Square (USA),海绵宝宝-蟹堡秘方消失事件（美版）,NDS#6074,8.08MB
nds,SpongeBobgwa Chingudeul (Korea) [b],海绵宝宝历险记致命水珠（韩国版） [b],NDS#6075,9.63MB
nds,SpongeBobui Atlantis (Korea),海绵宝宝-亚特兰蒂斯（韩国版）,NDS#6076,8.85MB
nds,Spooky Story (Germany),鬼故事（德国版）,NDS#6077,16.07MB
nds,Spore - Kimi ga Tsukuru Hero (Japan),孢子英雄（日版）,NDS#6078,12.23MB
nds,"Spore Creatures (Europe) (En,Fr,De,Es,It,Nl)","孢子生物创造器（欧版） (En,Fr,De,Es,It,Nl)",NDS#6079,16.10MB
nds,"Spore Creatures (Japan) (En,Ja)","孢子生物创造器（日版） (En,Ja)",NDS#6080,15.67MB
nds,Spore Creatures (Korea) [b],孢子生物创造器（韩国版） [b],NDS#6081,15.66MB
nds,"Spore Creatures (USA) (En,Fr,De,Es,It,Nl)","孢子生物创造器（美版） (En,Fr,De,Es,It,Nl)",NDS#6082,15.85MB
nds,"Spore Hero Arena (Europe) (En,Fr,De,Es,It,Nl)","孢子英雄竞技场（欧版） (En,Fr,De,Es,It,Nl)",NDS#6083,12.78MB
nds,"Spore Hero Arena (USA) (En,Fr,De,Es,It,Nl)","孢子英雄竞技场（美版） (En,Fr,De,Es,It,Nl)",NDS#6084,12.78MB
nds,"Sports Collection (Europe) (En,Fr,De,It)","运动系列（欧版） (En,Fr,De,It)",NDS#6085,11.71MB
nds,"Sports Collection (USA) (En,Fr)","运动系列（美版） (En,Fr)",NDS#6086,11.70MB
nds,"Sports Island DS (Europe) (En,Fr,De,Es,It)","运动大集锦-DS的10项运动（欧版） (En,Fr,De,Es,It)",NDS#6087,5.74MB
nds,Sprung - A Game Where Everyone Scores (USA),春心荡漾（美版）,NDS#6088,9.65MB
nds,Sprung - The Dating Game (Europe),春心荡漾（欧版）,NDS#6089,9.65MB
nds,Spy Kids - All the Time in the World (USA),非常小特务4（美版）,NDS#6090,6.24MB
nds,"Spyro - Shadow Legacy (Europe) (En,Fr,De,Es,It,Nl)","小龙斯派罗-幻影遗产（欧版） (En,Fr,De,Es,It,Nl)",NDS#6091,32.29MB
nds,Spyro - Shadow Legacy (USA),小龙斯派罗-幻影遗产（美版）,NDS#6092,31.79MB
nds,Spyro - Shadow Legacy (USA) (Beta),小龙斯派罗-幻影遗产（美版） （测试版）,NDS#6093,31.49MB
nds,"Squeeballs Party (Europe) (En,Fr,De,Es,It) [b]","橡皮球聚会（欧版） (En,Fr,De,Es,It) [b]",NDS#6094,12.50MB
nds,Squeeballs Party (USA),橡皮球聚会（美版）,NDS#6095,12.35MB
nds,"Squinkies - Surprise Inside (USA) (En,Fr) (Rev 1)",,NDS#6096,16.40MB
nds,"Squinkies - Surprize Inside (Europe) (En,Fr,De,Es,It,Nl,Sv)","斯科基乐园（欧版） (En,Fr,De,Es,It,Nl,Sv)",NDS#6097,28.85MB
nds,Squinkies - Surprize Inside (USA),斯科基乐园（美版）,NDS#6098,13.15MB
nds,"Squinkies 2 - Adventure Mall Surprize! (USA) (En,Fr)",,NDS#6099,14.34MB
nds,Squishy Tank (USA),柔软坦克（美版）,NDS#6100,4.78MB
nds,"Star Fox Command (Europe) (En,Fr,De,Es,It)","星际火狐-秘密指令（欧版） (En,Fr,De,Es,It)",NDS#6101,19.88MB
nds,Star Fox Command (Japan),星际火狐-秘密指令（日版）,NDS#6102,15.53MB
nds,"Star Fox Command (USA, Australia)",星际火狐-秘密指令（美版 澳洲版）,NDS#6103,15.52MB
nds,Star Life (Unknown) (Proto),,NDS#6104,11.14MB
nds,Star Trek - Tactical Assault (Europe),星际迷航-战术攻击（欧版）,NDS#6105,5.36MB
nds,Star Trek - Tactical Assault (USA),星际迷航-战术攻击（美版）,NDS#6106,5.33MB
nds,"Star Wars - Battlefront - Elite Squadron (Europe) (En,Fr)","星球大战前线-精英舰队（欧版） (En,Fr)",NDS#6107,30.08MB
nds,"Star Wars - Battlefront - Elite Squadron (Europe) (Es,It)","星球大战前线-精英舰队（欧版） (Es,It)",NDS#6108,30.10MB
nds,Star Wars - Battlefront - Elite Squadron (Germany),星球大战前线-精英舰队（德国版）,NDS#6109,30.07MB
nds,"Star Wars - Battlefront - Elite Squadron (USA) (En,Fr)","星球大战前线-精英舰队（美版） (En,Fr)",NDS#6110,30.09MB
nds,"Star Wars - Episode III - Revenge of the Sith (Europe) (En,Fr,De,Es,It,Nl)","星际大战III-西斯大帝的复仇（欧版） (En,Fr,De,Es,It,Nl)",NDS#6111,14.32MB
nds,"Star Wars - Episode III - Revenge of the Sith (USA) (En,Fr,De,Es,It,Nl)","星际大战III-西斯大帝的复仇（美版） (En,Fr,De,Es,It,Nl)",NDS#6112,14.32MB
nds,Star Wars - Episode III - Sith no Fukushuu (Japan),星球大战3 西斯的复仇（日版）,NDS#6113,14.37MB
nds,"Star Wars - Lethal Alliance (Europe) (En,Fr,De,Es,It)","星球大战-致命联盟（欧版） (En,Fr,De,Es,It)",NDS#6114,11.91MB
nds,"Star Wars - Lethal Alliance (USA) (En,Fr,De,Es,It)","星球大战-致命联盟（美版） (En,Fr,De,Es,It)",NDS#6115,11.91MB
nds,"Star Wars - The Clone Wars - Jedi Alliance (Europe) (En,Fr,De,Es)","星球大战-克隆人的战争-绝地联盟（欧版） (En,Fr,De,Es)",NDS#6116,139.19MB
nds,"Star Wars - The Clone Wars - Jedi Alliance (USA) (En,Fr,De,Es)","星球大战-克隆人的战争-绝地联盟（美版） (En,Fr,De,Es)",NDS#6117,139.19MB
nds,"Star Wars - The Clone Wars - Republic Heroes (Europe) (En,Fr,De,Es,It)","星球大战克隆人战争-共和国英雄（欧版） (En,Fr,De,Es,It)",NDS#6118,74.38MB
nds,"Star Wars - The Clone Wars - Republic Heroes (USA) (En,Fr,De,Es,It)","星球大战克隆人战争-共和国英雄（美版） (En,Fr,De,Es,It)",NDS#6119,74.37MB
nds,"Star Wars - The Force Unleashed (Europe) (En,Fr,De,Es,It)","星球大战-原力释放（欧版） (En,Fr,De,Es,It)",NDS#6120,33.63MB
nds,Star Wars - The Force Unleashed (Japan),星球大战-原力释放（日版）,NDS#6121,33.56MB
nds,Star Wars - The Force Unleashed (Korea) [b],星球大战-原力释放（韩国版） [b],NDS#6122,33.53MB
nds,"Star Wars - The Force Unleashed (USA) (En,Fr,De,Es,It)","星球大战-原力释放（美版） (En,Fr,De,Es,It)",NDS#6123,33.62MB
nds,"Star Wars - The Force Unleashed II (Europe) (En,Fr,De,Es,It)","星球大战-原力释放2（欧版） (En,Fr,De,Es,It)",NDS#6124,82.62MB
nds,"Star Wars - The Force Unleashed II (USA) (En,Fr,De,Es,It)","星球大战-原力释放2（美版） (En,Fr,De,Es,It)",NDS#6125,82.62MB
nds,"Starz (Europe) (En,Fr,Es,It)","星星（欧版） (En,Fr,Es,It)",NDS#6126,3.48MB
nds,Steal Princess (USA),盗贼皇女（美版）,NDS#6127,14.79MB
nds,Steal Princess - Touzoku Koujo (Japan) [b],盗贼皇女（日版） [b],NDS#6128,15.18MB
nds,"Steel Horizon (Europe) (En,Fr,De,Es,It)","钢铁地平线（欧版） (En,Fr,De,Es,It)",NDS#6129,16.24MB
nds,Steel Horizon (USA),钢铁地平线（美版）,NDS#6130,12.75MB
nds,Sternenschweif - Das Geheimnis im Zauberwald (Germany),,NDS#6131,13.52MB
nds,"Sternentaenzer - Das Geheimnisvolle Pferd (Europe) (En,De)","神秘小马（欧版） (En,De)",NDS#6132,7.42MB
nds,Steve Soresi no Business Eikaiwa Pera Pera DS Training (Japan),史帝夫索雷西商用英语会话练习（日版）,NDS#6133,24.09MB
nds,Steve Soresi no Eikaiwa Pera Pera DS Training (Japan),史帝夫索雷西英语会话练习（日版）,NDS#6134,19.60MB
nds,Stitch Jam (USA),星际宝贝史迪奇DS-家族节奏大冒险（美版）,NDS#6135,23.64MB
nds,Stitch! DS - Ohana to Rhythm de Daibouken (Japan),星际宝贝DS（日版）,NDS#6136,20.63MB
nds,"Story of Noah's Ark, The (USA)",,NDS#6137,11.58MB
nds,"Stratego - Next Edition (Europe) (En,Fr,De,Es,Nl)","脑力挑战赛-下一版（欧版） (En,Fr,De,Es,Nl)",NDS#6138,8.97MB
nds,"Strawberry Shortcake - Strawberryland Games (Europe) (En,Fr,De,Es,Nl,No)","香草娃娃-草莓天地（欧版） (En,Fr,De,Es,Nl,No)",NDS#6139,5.52MB
nds,"Strawberry Shortcake - Strawberryland Games (USA) (En,Fr,Es)","香草娃娃-草莓天地（美版） (En,Fr,Es)",NDS#6140,5.22MB
nds,"Strawberry Shortcake - The Four Seasons Cake (Europe) (En,Fr,De,Es,It,Nl)","草莓娃娃-四季蛋糕（欧版） (En,Fr,De,Es,It,Nl)",NDS#6141,7.44MB
nds,"Strawberry Shortcake - The Four Seasons Cake (USA) (En,Fr,Es)","草莓娃娃-四季蛋糕（美版） (En,Fr,Es)",NDS#6142,7.44MB
nds,"Street Football (Europe) (En,Fr,De,Es,It)","街头足球（欧版） (En,Fr,De,Es,It)",NDS#6143,27.49MB
nds,"Street Football II (Europe) (En,Fr,It) [b]",,NDS#6144,25.57MB
nds,Strike Witches - Soukuu no Dengekisen - Shin Taichou Funtou Suru! (Japan),强袭魔女-青空闪击战-奋战的新队长（日版）,NDS#6145,143.74MB
nds,"Strike Witches 2 - Iyasu, Naosu, Punipuni Suru (Japan)",强袭魔女2（日版）,NDS#6146,71.17MB
nds,Strongest Pokemon Distribution (Japan) (Wi-Fi Kiosk) (Save Data),,NDS#6147,200.68KB
nds,Style Book - Cinnamoroll (Japan),style book 小白圈（日版）,NDS#6148,6.46MB
nds,Style Book - Fushigi Boshi no Futago Hime Gyu! (Japan),Style Book 福星双胞公主（日版）,NDS#6149,7.62MB
nds,Style Book - Junior City (Japan),Style Book 年轻都市（日版）,NDS#6150,2.41MB
nds,"Style Lab - Fashion Design (USA) (En,Fr,Es)","风格时装设计师（美版） (En,Fr,Es)",NDS#6151,10.51MB
nds,"Style Lab - Jewelry Design (USA) (En,Fr,Es) (NDSi Enhanced)","时尚实验室首饰设计（美版） (En,Fr,Es) (NDSi Enhanced)",NDS#6152,14.09MB
nds,"Style Lab - Jewelry Design (USA) (En,Fr,Es) (Rev 1) (NDSi Enhanced)","时尚实验室首饰设计（美版） (En,Fr,Es) （修正版 1） (NDSi Enhanced)",NDS#6153,14.15MB
nds,"Style Lab - Makeover (USA) (En,Fr,Es) (NDSi Enhanced)",,NDS#6154,10.63MB
nds,Style Savvy (USA),自我时尚-淑女风范（美版）,NDS#6155,49.37MB
nds,Style Savvy (USA) (Demo) (Kiosk),自我时尚-淑女风范（美版） （演示版） （商店演示版）,NDS#6156,49.42MB
nds,Subarashiki Kono Sekai - It's a Wonderful World (Japan) (Rev 1),美丽世界（日版） （修正版 1）,NDS#6157,61.93MB
nds,"Subbuteo (Europe) (En,Fr,De,Es,It)","手指足球（欧版） (En,Fr,De,Es,It)",NDS#6158,4.84MB
nds,"Successfully Learning English (Europe) (En,Fr,De,Es,It,Tr)",,NDS#6159,19.08MB
nds,"Successfully Learning English - Year 2+3 (Europe) (En,Fr,De,Es,It,Tr)",,NDS#6160,10.15MB
nds,"Successfully Learning English - Year 4+5 (Europe) (En,Fr,De,Es,It,Tr)",,NDS#6161,10.63MB
nds,"Successfully Learning Mathematics (Europe) (En,Fr,De,Es,It,Ru)","成功的学会小学课程 - 数学类（欧版） (En,Fr,De,Es,It,Ru)",NDS#6162,11.77MB
nds,"Successfully Learning Mathematics (Europe) (En,Fr,De,Es,It,Ru,Tr) (Rev 1)","成功的学会小学课程 - 数学类（欧版） (En,Fr,De,Es,It,Ru,Tr) （修正版 1）",NDS#6163,5.54MB
nds,"Successfully Learning Mathematics (Europe) (En,Fr,De,Es,It,Tr)","成功的学会小学课程 - 数学类（欧版） (En,Fr,De,Es,It,Tr)",NDS#6164,6.97MB
nds,"Successfully Learning Mathematics - Year 2+3 (Europe) (En,Fr,De,Es,It,Tr)",,NDS#6165,5.26MB
nds,"Successfully Learning Mathematics - Year 4+5 (Europe) (En,Fr,De,Es,It,Tr)",,NDS#6166,3.99MB
nds,"Sudoku Ball Detective (Europe) (En,Fr,De,Es,It,Nl) [b]","数独球侦探（欧版） (En,Fr,De,Es,It,Nl) [b]",NDS#6167,3.64MB
nds,"Sudoku Ball Detective (USA) (En,Fr,Es)","数独球侦探（美版） (En,Fr,Es)",NDS#6168,3.65MB
nds,Sudoku DS (Korea),解谜系列Vol.3-数独（韩国版）,NDS#6169,2.17MB
nds,Sudoku DS - Nikoli no 'Sudoku' Ketteiban (Japan),数独DS-Nikoli的数独决定版（日版）,NDS#6170,2.74MB
nds,Sudoku Gridmaster (USA),数独-填格之王（美版）,NDS#6171,2.26MB
nds,Sudoku Mania - Enhance Your Critical Thinking Skills! (USA),疯狂数独（美版）,NDS#6172,1.80MB
nds,"Sudoku Master (Europe) (En,Fr,De,Es,It,Nl)","数独格子大师（欧版） (En,Fr,De,Es,It,Nl)",NDS#6173,3.01MB
nds,"Sudokumaniacs (Europe) (En,De,Es,It)","疯狂数独（欧版） (En,De,Es,It)",NDS#6174,1.83MB
nds,Sudokumaniacs (France),疯狂数独（法国版）,NDS#6175,1.82MB
nds,"Sudokuro (Europe) (En,Fr,De,Es,It)","数独魔方（欧版） (En,Fr,De,Es,It)",NDS#6176,1.09MB
nds,Sudokuro - Sudoku & Kakuro Games (USA),数独魔方（美版）,NDS#6177,1.10MB
nds,Sueddeutsche Zeitung Wissen - Mehr Kreuzwortraetsel (Germany),更多的填字游戏（德国版）,NDS#6178,2.07MB
nds,Sugar Bunnies DS - Yume no Sweets Koubou (Japan),甜点兔DS-甜点梦工房（日版）,NDS#6179,17.75MB
nds,Sugar Bunnies DS - Yume no Sweets Koubou (Japan) (Rev 1),甜点兔DS-甜点梦工房（日版） （修正版 1）,NDS#6180,15.47MB
nds,Sugar Sugar Rune - Queen Shiken wa Dai-panic (Japan),魔女的考验-皇后考试的大骚动（日版）,NDS#6181,8.79MB
nds,"Suikoden - Tierkreis (Europe) (En,Fr,De,Es,It)","幻想水浒传-黄道之轮（欧版） (En,Fr,De,Es,It)",NDS#6182,181.63MB
nds,"Suikoden - Tierkreis (USA) (En,Fr,Es)","幻想水浒传-黄道之轮（美版） (En,Fr,Es)",NDS#6183,175.30MB
nds,Suisui Physical Assessment Training DS (Japan),,NDS#6184,21.16MB
nds,"Suite Life of Zack & Cody, The - Circle of Spies (Europe) (En,Fr,De,Es,It,Nl)","小查与寇弟的顶级生活-循环间谍（欧版） (En,Fr,De,Es,It,Nl)",NDS#6185,8.00MB
nds,"Suite Life of Zack & Cody, The - Circle of Spies (USA) (En,Fr,De,Es,It,Nl)","小查与寇弟的顶级生活-循环间谍（美版） (En,Fr,De,Es,It,Nl)",NDS#6186,8.00MB
nds,"Suite Life of Zack & Cody, The - Tipton Trouble (USA) (En,Fr)","扎克和科迪的安乐生活（美版） (En,Fr)",NDS#6187,8.75MB
nds,Suite PreCure - Melody Collection (Japan),,NDS#6188,29.50MB
nds,Sukashikashipanman DS - 'Shokotan' Koto Nakagawa Shoko Produce (Japan),中川翔子制作-透视超人 DS（日版）,NDS#6189,41.54MB
nds,Suki Desu Suzuki-kun!! - 4-nin no Suzuki-kun (Japan),铃木同学-我爱你!-4位铃木同学（日版）,NDS#6190,29.52MB
nds,Sumeoinneun Nunui Him - DS Allyeok Training (Korea),DS眼力训练（韩国版）,NDS#6191,6.73MB
nds,Sumeun Sojireul Kkaeuneun - Geurimgyosil (Korea) (NDSi Enhanced),艺术学院（韩国版） (NDSi Enhanced),NDS#6192,18.10MB
nds,Summon Night (Japan),召唤之夜（日版）,NDS#6193,46.78MB
nds,Summon Night - Twin Age (USA),召唤之夜-双子时代（美版）,NDS#6194,47.88MB
nds,Summon Night 2 (Japan),召唤之夜2（日版）,NDS#6195,61.47MB
nds,Summon Night Twin Age - Seirei-tachi no Koe (Japan),召唤夜想曲-双纪元-精灵们的共鸣（日版）,NDS#6196,54.32MB
nds,Summon Night X - Tears Crown (Japan),召唤之夜X-泪之皇冠（日版）,NDS#6197,138.92MB
nds,"Sun Crossword Challenge, The (Europe)",太阳填字游戏（欧版）,NDS#6198,1.88MB
nds,"Sun Crossword Challenge, The (Europe) (Rev 1)",太阳填字游戏（欧版） （修正版 1）,NDS#6199,1.82MB
nds,Sunday x Magazine - Nettou! Dream Nine (Japan),SUNDAY×MAGAZINE 梦幻棒球热斗（日版）,NDS#6200,49.47MB
nds,"Sunrise Anime Zuke - Boku no Joushiki, Kimi no Hijoushiki - Vol. 1 (Japan)",Sunrise动画集锦-我的常识您的非常识（日版）,NDS#6201,100.13MB
nds,Supa Robo Gakuen (Japan),超级机战学园（日版）,NDS#6202,47.03MB
nds,Super Auto Salon - Custom Car Contest (Japan),超级汽车沙龙-汽车改装竞赛（日版）,NDS#6203,11.47MB
nds,Super Black Bass - Dynamic Shot (Japan),超级黑巴斯（日版）,NDS#6204,3.31MB
nds,Super Black Bass - Kitahankyuu o Tsuru (Japan),超级黑巴斯-垂钓北半球（日版）,NDS#6205,2.56MB
nds,"Super Black Bass Fishing (Europe) (En,Fr,De)","超级黑巴斯（欧版） (En,Fr,De)",NDS#6206,3.28MB
nds,Super Black Bass Fishing (USA),超级黑巴斯（美版）,NDS#6207,3.16MB
nds,Super Collapse! 3 (USA),超级方块3（美版）,NDS#6208,6.12MB
nds,Super Dodgeball Brawlers (USA),超热血高校-国夫君躲避球部（美版）,NDS#6209,3.10MB
nds,Super Fahrschule (Germany),超级驾训学校（德国版）,NDS#6210,3.63MB
nds,"Super Fruit Fall (Europe) (En,Fr,De,Es,It)","超级水果瀑布DS（欧版） (En,Fr,De,Es,It)",NDS#6211,2.71MB
nds,Super Fruit Fall (USA),超级水果瀑布DS（美版）,NDS#6212,2.72MB
nds,"Super Fun Chess (Europe) (En,De,Es,It) [b]","超级乐趣象棋（欧版） (En,De,Es,It) [b]",NDS#6213,1.52MB
nds,"Super Fun Sudoku (Europe) (En,De,Es,It) [b]","超级乐趣数独（欧版） (En,De,Es,It) [b]",NDS#6214,1.06MB
nds,Super Kaseki Horider (Japan) (NDSi Enhanced),超级化石挖掘者（日版） (NDSi Enhanced),NDS#6215,169.34MB
nds,Super Kaseki Horider (Japan) (Rev 1) (NDSi Enhanced),超级化石挖掘者（日版） （修正版 1） (NDSi Enhanced),NDS#6216,169.34MB
nds,Super Key (World) (v4.0) (Unl),超键（世界版） (v4.0) （非官方版）,NDS#6217,11.52KB
nds,Super Key (World) (v5.0) (Unl),超键（世界版） (v5.0) （非官方版）,NDS#6218,20.08KB
nds,Super Key (World) (v6.0) (Unl),超键（世界版） (v6.0) （非官方版）,NDS#6219,20.08KB
nds,"Super Mario 64 DS (Europe) (En,Fr,De,Es,It)","超级马里奥64DS（欧版） (En,Fr,De,Es,It)",NDS#6220,9.67MB
nds,Super Mario 64 DS (Japan),超级马里奥64DS（日版）,NDS#6221,9.15MB
nds,Super Mario 64 DS (Japan) (Rev 1),超级马里奥64DS（日版） （修正版 1）,NDS#6222,9.16MB
nds,Super Mario 64 DS (Korea),超级马里奥64DS（韩国版）,NDS#6223,8.43MB
nds,Super Mario 64 DS (USA),超级马里奥64DS（美版）,NDS#6224,9.15MB
nds,Super Mario 64 DS (USA) (Demo) (Kiosk),超级马里奥64DS（美版） （演示版） （商店演示版）,NDS#6225,9.15MB
nds,Super Mario 64 DS (USA) (Rev 1),超级马里奥64DS（美版） （修正版 1）,NDS#6226,9.15MB
nds,"Super Monkey Ball - Touch & Roll (Europe) (En,Fr,De,Es,It)","超级猴球（欧版） (En,Fr,De,Es,It)",NDS#6227,23.68MB
nds,"Super Monkey Ball - Touch & Roll (USA) (En,Fr,De,Es,It)","超级猴球（美版） (En,Fr,De,Es,It)",NDS#6228,23.71MB
nds,Super Monkey Ball DS (Japan),超级猴子球DS（日版）,NDS#6229,23.28MB
nds,"Super Princess Peach (Europe) (En,Fr,De,Es,It)","超级碧奇公主（欧版） (En,Fr,De,Es,It)",NDS#6230,6.60MB
nds,Super Princess Peach (Japan),超级碧奇公主（日版）,NDS#6231,6.55MB
nds,Super Princess Peach (Japan) (Demo) (Kiosk),超级碧奇公主（日版） （演示版） （商店演示版）,NDS#6232,6.54MB
nds,Super Princess Peach (USA),超级碧奇公主（美版）,NDS#6233,6.18MB
nds,Super Robot Taisen K (Japan),超级机器人大战 K（日版）,NDS#6234,40.05MB
nds,Super Robot Taisen L (Japan),超级机器人大战L（日版）,NDS#6235,74.14MB
nds,Super Robot Taisen OG Saga - Endless Frontier (USA),无限边疆-超级机器人大战 OG 外传（美版）,NDS#6236,74.06MB
nds,Super Robot Taisen OG Saga - Masou Kishin - The Lord of Elemental (Japan),超级机器人大战OG传奇-魔装机神（日版）,NDS#6237,45.80MB
nds,Super Robot Taisen W (Japan),超级机器人大战W（日版）,NDS#6238,37.82MB
nds,"Super Scribblenauts (Europe) (En,Fr,De,Es,It,Nl)","超级涂鸦冒险家（欧版） (En,Fr,De,Es,It,Nl)",NDS#6239,13.50MB
nds,"Super Scribblenauts (Europe) (En,Sv,No,Da,Fi)","超级涂鸦冒险家（欧版） (En,Sv,No,Da,Fi)",NDS#6240,13.40MB
nds,Super Scribblenauts (Japan),超级涂鸦冒险家（日版）,NDS#6241,11.78MB
nds,"Super Scribblenauts (USA) (En,Fr,Es,Pt)","超级涂鸦冒险家（美版） (En,Fr,Es,Pt)",NDS#6242,13.35MB
nds,Super Speed Machines (USA),超速赛车（美版）,NDS#6243,19.97MB
nds,"Super Star Kartz (Europe) (En,Fr,De,Es,It,Nl,Sv)",,NDS#6244,44.65MB
nds,"Super Star Kartz (USA) (En,Fr)",,NDS#6245,44.65MB
nds,SuperCard DS (World) (Unl) [b],,NDS#6246,44.32KB
nds,SuperCard DSONE (SDHC) (World) (Unl),,NDS#6247,37.78KB
nds,SuperCard DSONE (World) (v1.00) (Unl),,NDS#6248,34.34KB
nds,SuperCard DSTWO (World) (Unl),,NDS#6249,27.92KB
nds,"Superman Returns (Europe) (En,Fr,De,Es,It)","超人归来（欧版） (En,Fr,De,Es,It)",NDS#6250,25.18MB
nds,Superman Returns (USA),超人归来（美版）,NDS#6251,25.18MB
nds,"Supermodel Makeover by Lauren Luke (Europe) (En,Fr,De,It)","劳伦卢克的超级名模化妆（欧版） (En,Fr,De,It)",NDS#6252,12.60MB
nds,Supervivientes (Spain),荒岛求生密技（西班牙版）,NDS#6253,8.58MB
nds,"Surf's Up (Europe) (En,Fr,De,Es,It)","冲浪季节（欧版） (En,Fr,De,Es,It)",NDS#6254,14.28MB
nds,"Surf's Up (Europe) (En,Fr,Es)","冲浪季节（欧版） (En,Fr,Es)",NDS#6255,14.28MB
nds,"Surf's Up (USA) (En,Fr,Es)","冲浪季节（美版） (En,Fr,Es)",NDS#6256,14.27MB
nds,"Surf's Up (USA) (En,Fr,Es) (Rev 1)","冲浪季节（美版） (En,Fr,Es) （修正版 1）",NDS#6257,14.29MB
nds,Survival Kids - Chiisana Shima no Ookina Himitsu! (Japan),迷失蔚蓝3-小岛上的大秘密（日版）,NDS#6258,32.04MB
nds,Survival Kids - Chiisana Shima no Ookina Himitsu! (Japan) (Rev 1),迷失蔚蓝3-小岛上的大秘密（日版） （修正版 1）,NDS#6259,32.05MB
nds,Survival Kids - Lost in Blue (Japan),生存之子-迷失蔚蓝（日版）,NDS#6260,12.79MB
nds,Survival Kids - Lost in Blue 2 (Japan),幸存小子-迷失蔚蓝2（日版）,NDS#6261,18.23MB
nds,Survivor (USA),幸存者（美版）,NDS#6262,8.90MB
nds,"Sushi Academy (Europe) (En,Fr,De,Es,It)","寿司学院（欧版） (En,Fr,De,Es,It)",NDS#6263,6.24MB
nds,"Sushi Academy (USA) (En,Fr,Es)","寿司学院（美版） (En,Fr,Es)",NDS#6264,6.53MB
nds,"Sushi Go-Round (USA) (En,Fr,De,Es,It) (NDSi Enhanced)","回转寿司（美版） (En,Fr,De,Es,It) (NDSi Enhanced)",NDS#6265,3.36MB
nds,Suugaku Master DS (Japan),数学大师DS（日版）,NDS#6266,3.08MB
nds,Suujin Taisen (Japan),数阵对战（日版）,NDS#6267,10.35MB
nds,Suzuki Super-Bikes II - Riding Challenge (USA),铃木超级摩托车2-骑术挑战赛（美版）,NDS#6268,12.04MB
nds,Suzumiya Haruhi no Chokuretsu (Japan),凉宫春日的直列（日版）,NDS#6269,83.27MB
nds,"Sweet 16 (Europe) (En,Fr,De,Es,It) [b]","甜蜜16（欧版） (En,Fr,De,Es,It) [b]",NDS#6270,9.65MB
nds,"Syberia (Europe) (En,Fr,De,Es,It)","西伯利亚之谜（欧版） (En,Fr,De,Es,It)",NDS#6271,54.37MB
nds,T'choupi et Ses Amis (France) [b],泰吉熊和朋友（法国版） [b],NDS#6272,5.73MB
nds,"T.A.C. Heroes - Big Red One (USA) (En,Fr)",,NDS#6273,5.52MB
nds,"Tabaluga - Gruenland in Gefahr (Europe) (Fr,De)","塔巴鲁加-危险的草原（欧版） (Fr,De)",NDS#6274,7.95MB
nds,Tabi no Yubisashi Kaiwachou DS - DS Series 1 - Thai (Japan),旅行会话帐-泰国篇（日版）,NDS#6275,25.78MB
nds,Tabi no Yubisashi Kaiwachou DS - DS Series 2 - Chuugoku (Japan),旅行会话帐-中国篇（日版）,NDS#6276,30.05MB
nds,Tabi no Yubisashi Kaiwachou DS - DS Series 3 - Kankoku (Japan),旅行会话帐-韩国篇（日版）,NDS#6277,23.97MB
nds,Tabi no Yubisashi Kaiwachou DS - DS Series 4 - America (Japan),旅行会话帐-美国篇（日版）,NDS#6278,21.08MB
nds,Tabi no Yubisashi Kaiwachou DS - DS Series 5 - Duits (Japan),旅行会话帐-德国篇（日版）,NDS#6279,23.89MB
nds,Table Game Spirits (Japan),桌面游戏之魂（日版）,NDS#6280,3.66MB
nds,Table Game Spirits 2 (Japan),桌面游戏之魂2（日版）,NDS#6281,5.13MB
nds,Table Game Spirits Victory (Japan),桌面游戏之魂-胜利（日版）,NDS#6282,7.39MB
nds,Tactical Guild (Japan),战略行会（日版）,NDS#6283,4.46MB
nds,Tacticslayer - Retainer Guard Senki (Japan),战略装扮者-利提那迦德战记（日版）,NDS#6284,31.26MB
nds,Tago Akira no Atama no Taisou - Dai-1-shuu - Nazotoki Sekai Isshuu Ryokou (Japan),多湖辉的头脑体操-第 1 集-解谜世界旅行（日版）,NDS#6285,38.18MB
nds,Tago Akira no Atama no Taisou - Dai-2-shuu - Ginga Oudan Nazotoki Adventure (Japan),多湖辉的头脑体操-第 2 集-跨越银河解谜冒险（日版）,NDS#6286,38.41MB
nds,Tago Akira no Atama no Taisou - Dai-3-shuu - Fushigi no Kuni no Nazotoki Otogibanashi (Japan),多湖辉的头脑体操-第3集（日版）,NDS#6287,37.85MB
nds,Tago Akira no Atama no Taisou - Dai-4-shuu - Time Machine no Nazotoki Daibouken (Japan),多湖辉的头脑体操-第4集（日版）,NDS#6288,38.70MB
nds,"Taiheiyou no Arashi DS - Senkan Yamato, Akatsuki ni Shutsugeki Su! (Japan)",太平洋风暴 DS 战舰大和拂晓出击!（日版）,NDS#6289,35.78MB
nds,Taiko no Tatsujin DS - Dororon! Yookai Daikessen!! (Japan),太鼓之达人DS-轰隆隆的妖怪大决战（日版）,NDS#6290,47.57MB
nds,Taiko no Tatsujin DS - Touch de Dokodon! (Japan),太鼓达人DS-以触摸来敲鼓（日版）,NDS#6291,27.30MB
nds,Taiko no Tatsujin DS - Touch de Dokodon! (Japan) (Rev 1),太鼓达人DS-以触摸来敲鼓（日版） （修正版 1）,NDS#6292,27.30MB
nds,Taisen!! Kato-chan no Kololon Pe (Japan),加藤茶的益智对战（日版）,NDS#6293,35.18MB
nds,Taitsu-kun - Joushi ga Okori-nikui Sawayaka Manners (Japan),紧身衣先生-不惹上司生气的清爽礼仪（日版）,NDS#6294,5.37MB
nds,Tak - Mojo Mistake (USA),塔克-魔法失误（美版）,NDS#6295,10.22MB
nds,Tak - The Great Juju Challenge (Europe),塔克-丛林大挑战（欧版）,NDS#6296,16.11MB
nds,"Tak - The Great Juju Challenge (Europe) (En,Fr,De,Nl)","塔克-丛林大挑战（欧版） (En,Fr,De,Nl)",NDS#6297,17.71MB
nds,Tak - The Great Juju Challenge (USA),塔克-丛林大挑战（美版）,NDS#6298,16.11MB
nds,Takahashi Shoten Kanshuu - Saihinshutsu! SPI Perfect Mondaishuu DS (Japan),高桥书店监修-最频繁出现!SPI完美问题集DS（日版）,NDS#6299,2.31MB
nds,Takahashi Shoten Kanshuu - Saihinshutsu! SPI Perfect Mondaishuu DS - 2010 Nendo Ban (Japan),高桥书店监修 SPI 完美题库 DS 2010 年度版（日版）,NDS#6300,2.33MB
nds,Takahashi Shoten Kanshuu - Saihinshutsu! SPI Perfect Mondaishuu DS - 2011 Nendo Ban (Japan),高桥书店监修 SPI完美题库DS 2011年度版（日版）,NDS#6301,2.38MB
nds,Takahashi Shoten Kanshuu - Saihinshutsu! SPI Perfect Mondaishuu DS 2012 Nendoban (Japan),,NDS#6302,3.27MB
nds,Take a Break's Puzzle Bonanza (Europe),休息一下-解谜大师（欧版）,NDS#6303,1.37MB
nds,Take a Break's Puzzle Master (Europe),休息一下-解密博士（欧版）,NDS#6304,1.16MB
nds,Takeout! DS Series 1 - Tetsudou Data File (Japan),外出 DS 系列 1 铁路档案（日版）,NDS#6305,30.98MB
nds,Takeout! DS Series 2 - Nippon no Yachou Daizukan (Japan) (Rev 1) [b],外出 DS 系列②日本野鸟大图鉴（日版） （修正版 1） [b],NDS#6306,47.00MB
nds,"Tale of Despereaux, The (Europe) (En,Fr,De,Es,It)","浪漫鼠德佩罗（欧版） (En,Fr,De,Es,It)",NDS#6307,15.06MB
nds,"Tale of Despereaux, The (USA) (En,Fr)","浪漫鼠德佩罗（美版） (En,Fr)",NDS#6308,15.06MB
nds,Tales of Hearts - Anime Movie Edition (Japan),心灵传说-动画版（日版）,NDS#6309,175.20MB
nds,Tales of Hearts - CG Movie Edition (Japan),心灵传说-CG版（日版）,NDS#6310,170.79MB
nds,Tales of Innocence (Japan),圣洁传说（日版）,NDS#6311,83.18MB
nds,Tales of the Tempest (Japan),风雨传说（日版）,NDS#6312,27.11MB
nds,"Tales to Enjoy! - Little Red Riding Hood (Europe) (En,Fr,De,Es,It,Nl)","快乐的童话-小红帽（欧版） (En,Fr,De,Es,It,Nl)",NDS#6313,5.85MB
nds,"Tales to Enjoy! - Puss in Boots (Europe) (En,Fr,De,Es,It,Nl)","穿靴子的猫（欧版） (En,Fr,De,Es,It,Nl)",NDS#6314,6.26MB
nds,"Tales to Enjoy! - The Three Little Pigs (Europe) (En,Fr,De,Es,It,Nl)",,NDS#6315,5.42MB
nds,"Tales to Enjoy! - The Ugly Duckling (Europe) (En,Fr,De,Es,It,Nl)",,NDS#6316,6.04MB
nds,Tamagotch no Appare! Niji-Venture (Japan),电子鸡仔大集合!彩虹大冒险（日版）,NDS#6317,6.23MB
nds,Tamagotch no Kira Kira Omisetchi (Japan),小小鸡的闪亮商店（日版）,NDS#6318,43.44MB
nds,Tamagotch no Narikiri Challenge (Japan),塔麻可吉变装挑战（日版）,NDS#6319,25.82MB
nds,Tamagotch no Narikiri Channel (Japan),塔麻可吉变装频道（日版）,NDS#6320,25.24MB
nds,Tamagotch no Pichi Pichi Omisetchi (Japan),塔麻可吉的离岛小商店（日版）,NDS#6321,30.89MB
nds,Tamagotch no Puchi Puchi Omisetchi (Japan),电子鸡的小商店（日版）,NDS#6322,8.73MB
nds,Tamagotch no Puchi Puchi Omisetchi (Japan) (Rev 1),电子鸡的小商店（日版） （修正版 1）,NDS#6323,8.73MB
nds,Tamagotch no Puchi Puchi Omisetchi - Gohiiki Ni (Japan),宠物蛋的小小商店（日版）,NDS#6324,17.28MB
nds,Tamagotch no Puchi Puchi Omisetchi - Mina Sankyuu! (Japan),宠物蛋的小小商店-谢谢大家（日版）,NDS#6325,27.91MB
nds,Tamagotchi Collection (Japan),,NDS#6326,40.94MB
nds,Tamagotchi Connection - Corner Shop (USA),宠物鸡小店（美版）,NDS#6327,8.71MB
nds,Tamagotchi Connection - Corner Shop 2 (USA),宠物鸡小店2（美版）,NDS#6328,17.05MB
nds,Tamagotchi Connection - Corner Shop 3 (USA),电子鸡宠物店3（美版）,NDS#6329,23.98MB
nds,"Tamagotchi Connexion - Corner Shop (Europe) (En,Fr,De,Es,It)","宠物鸡小店（欧版） (En,Fr,De,Es,It)",NDS#6330,10.24MB
nds,"Tamagotchi Connexion - Corner Shop 2 (Europe) (En,Fr,De,Es,It)","电子鸡宠物小店2（欧版） (En,Fr,De,Es,It)",NDS#6331,17.95MB
nds,"Tamagotchi Connexion - Corner Shop 3 (Europe) (En,Fr,De,Es,It)","宠物鸡小店3（欧版） (En,Fr,De,Es,It)",NDS#6332,27.44MB
nds,"Tangled (Europe) (En,Fr,De,Es,It,Nl)","迪斯尼长发公主（欧版） (En,Fr,De,Es,It,Nl)",NDS#6333,16.29MB
nds,"Tangled (Europe) (En,Sv,No,Da)","迪斯尼长发公主（欧版） (En,Sv,No,Da)",NDS#6334,16.29MB
nds,"Tangled (USA) (En,Fr,Es)","迪斯尼长发公主（美版） (En,Fr,Es)",NDS#6335,20.91MB
nds,"Tangram Mania (Europe) (En,Fr,De,Es,It)","七巧板（欧版） (En,Fr,De,Es,It)",NDS#6336,2.25MB
nds,"Tank Battles (Europe) (En,Fr,De,Es,It)","坦克大战（欧版） (En,Fr,De,Es,It)",NDS#6337,21.77MB
nds,Tank Beat (Japan),坦克打击（日版）,NDS#6338,21.05MB
nds,Tank Beat (USA),坦克打击（美版）,NDS#6339,21.21MB
nds,Tank Beat 2 - Gekitotsu! Duits-gun vs. Rengougun (Japan),触控坦克车 2 激战-德军 vs.同盟军（日版）,NDS#6340,30.69MB
nds,Tank Beat 2 - Gyeokdol! Jeoncha Daejeon (Korea),坦克大战2（韩国版）,NDS#6341,31.42MB
nds,Tanoshii Youchien - Kotoba to Asobo! (Japan),欢乐幼儿园（日版）,NDS#6342,9.72MB
nds,Tantei Jinguuji Saburou DS - Akai Chou (Japan),侦探神宫寺三郎DS-红蝶（日版）,NDS#6343,55.54MB
nds,Tantei Jinguuji Saburou DS - Fuserareta Shinjitsu (Japan),侦探-神宫寺三郎 DS 被隐藏的真相（日版）,NDS#6344,48.51MB
nds,Tantei Jinguuji Saburou DS - Inishie no Kioku (Japan),侦探神宫寺三郎DS-远古的记忆（日版）,NDS#6345,38.66MB
nds,Tantei Jinguuji Saburou DS - Kienai Kokoro (Japan),侦探神宫寺三郎DS-不灭的心（日版）,NDS#6346,47.95MB
nds,Tantei Kibukawa Ryousuke Jiken Tan - Kamen Genei Satsujin Jiken (Japan),侦探-癸生川凌介事件薄：蒙面幻影杀人事件（日版）,NDS#6347,21.91MB
nds,Tao - Mamono no Tou to Mahou no Tamago (Japan),TAO 魔法之塔与魔法之卵（日版）,NDS#6348,21.90MB
nds,"Tao's Adventure - Curse of the Demon Seal (Europe) (En,Fr,De,Es,It)","TAO的冒险-恶魔诅咒的封印（欧版） (En,Fr,De,Es,It)",NDS#6349,24.28MB
nds,Tao's Adventure - Curse of the Demon Seal (USA),TAO的冒险-恶魔诅咒的封印（美版）,NDS#6350,23.78MB
nds,Tashiten - Tashite 10 ni Suru Monogatari (Japan),十+10物语（日版）,NDS#6351,38.98MB
nds,Team Batista no Eikou - Shinjitsu o Tsumugu 4-tsu no Karte (Japan),Batista团队的荣耀-导出真相的4份病历（日版）,NDS#6352,19.51MB
nds,Team Umizoomi (Europe),,NDS#6353,6.03MB
nds,"Tecktonik - World Tour (Europe) (En,Fr,De,Es,It)","世界自由舞蹈大赛（欧版） (En,Fr,De,Es,It)",NDS#6354,36.48MB
nds,Tecmo Bowl - Kickoff (USA),橄榄球大赛-开球（美版）,NDS#6355,7.06MB
nds,"Teenage Mutant Ninja Turtles - Arcade Attack (Europe) (En,Fr,De,Es,It,Nl)","忍者神龟-冲击（欧版） (En,Fr,De,Es,It,Nl)",NDS#6356,34.61MB
nds,"Teenage Mutant Ninja Turtles - Arcade Attack (USA) (En,Fr,Es)","忍者神龟-冲击（美版） (En,Fr,Es)",NDS#6357,34.61MB
nds,"Teenage Mutant Ninja Turtles 3 - Mutant Nightmare (Europe) (En,Fr,De,Es,It)","忍者神龟3（欧版） (En,Fr,De,Es,It)",NDS#6358,8.25MB
nds,Teenage Mutant Ninja Turtles 3 - Mutant Nightmare (USA),忍者神龟3（美版）,NDS#6359,8.13MB
nds,"Teenage Zombies - Invasion of the Alien Brain Thingys (Europe) (En,Fr,De,Es,It)","少年僵尸-异性侵略（欧版） (En,Fr,De,Es,It)",NDS#6360,16.69MB
nds,Teenage Zombies - Invasion of the Alien Brain Thingys (USA),少年僵尸-异性侵略（美版）,NDS#6361,14.33MB
nds,Tekipaki Kyuukyuu Kyuuhen Training DS (Japan),救急急变训练DS（日版）,NDS#6362,3.27MB
nds,Tele 7 Jeux Inedits - Echecs (France),电视 7 游戏-西洋棋（法国版）,NDS#6363,1.54MB
nds,Tele 7 Jeux Inedits - Mots Croises - La Selection des Meilleurs Mots Croises (France) [b],电视 7 游戏-单词填字（法国版） [b],NDS#6364,2.40MB
nds,Tele 7 Jeux Inedits - Mots Fleches (France) [b],电视7游戏-法语填字游戏（法国版） [b],NDS#6365,3.29MB
nds,"Tele 7 Jeux Inedits - Professeur Brainmaniac (France) (En,Fr,De,Es,It)","电视7游戏-狂人教授（法国版） (En,Fr,De,Es,It)",NDS#6366,2.91MB
nds,Tele 7 Jeux Inedits - Texas Hold 'em Poker Pack (France) [b],德克萨斯扑克合集（法国版） [b],NDS#6367,5.55MB
nds,Tele 7 Jeux Inedits - WordJong (France),电视7游戏-组字游戏（法国版）,NDS#6368,3.61MB
nds,Telly Addicts (Europe),电视上瘾者（欧版）,NDS#6369,11.85MB
nds,"Tenchu - Dark Secret (Europe) (En,Es,It)","天诛-暗影（欧版） (En,Es,It)",NDS#6370,21.19MB
nds,"Tenchu - Dark Secret (Europe) (En,Fr,De)","天诛-暗影（欧版） (En,Fr,De)",NDS#6371,21.28MB
nds,Tenchu - Dark Secret (USA),天诛-暗影（美版）,NDS#6372,13.91MB
nds,Tenchu - Dark Secret (USA) (Demo) (Kiosk),天诛-暗影（美版） （演示版） （商店演示版）,NDS#6373,13.93MB
nds,Tenchu - Dark Shadow (Japan),天诛DS 暗影（日版）,NDS#6374,13.72MB
nds,Tengai Makyou II - Manji Maru (Japan),天外魔境二代（日版）,NDS#6375,92.91MB
nds,Tengen Toppa Gurren Lagann (Japan),天元突破-红莲之眼（日版）,NDS#6376,46.70MB
nds,Tenkaichi - Sengoku Lovers DS (Japan),天下一-战国Lovers DS（日版）,NDS#6377,48.66MB
nds,"Tennis Elbow (Europe) (En,Fr,De,Es,It,Nl,Pt)","网球狂人（欧版） (En,Fr,De,Es,It,Nl,Pt)",NDS#6378,2.33MB
nds,Tennis Masters (Europe),网球大师（欧版）,NDS#6379,1.71MB
nds,"Tennis no Ouji-sama - Doubles no Ouji-sama - Boys, Be Glorious! (Japan) [b]","网球王子-双人王子 BOYS, BE GRACIOUS!（日版） [b]",NDS#6380,93.23MB
nds,"Tennis no Ouji-sama - Doubles no Ouji-sama - Girls, Be Gracious! (Japan)","网球王子-双人王子 GIRLS, BE GRACIOUS（日版）",NDS#6381,101.81MB
nds,Tennis no Ouji-sama - Driving Smash! - Side Genius (Japan),网球王子（日版）,NDS#6382,48.08MB
nds,Tennis no Ouji-sama - Driving Smash! - Side King (Japan),网球王子-强抽杀球王者（日版）,NDS#6383,48.35MB
nds,Tennis no Ouji-sama - Gyutto! Dokidoki Survival - Umi to Yama no Love Passion (Japan),网球王子-心动野外生存-海与山的爱的激情（日版）,NDS#6384,257.24MB
nds,Tennis no Ouji-sama - Motto Gakuensai no Ouji-sama - More Sweet Edition (Japan) [b],网球王子-热烈校庆的王子（日版） [b],NDS#6385,212.95MB
nds,Tennis no Ouji-sama 2005 - Crystal Drive (Japan),网球王子2005（日版）,NDS#6386,22.90MB
nds,Tenohira Gakushuu - Chikyuu no Narabe Kata (Japan),掌上练习-地球拼图（日版）,NDS#6387,1.90MB
nds,Tenohira Gakushuu - Kikutan DS Advanced (Japan),掌上练习英语单词DS-提高类（日版）,NDS#6388,77.07MB
nds,Tenohira Gakushuu - Kikutan DS Basic (Japan),掌上练习英语单词DS-基础类（日版）,NDS#6389,96.95MB
nds,Tenohira Gakushuu - Zettai Onkan Training DS (Japan),掌中乐习-绝对音感训练DS（日版）,NDS#6390,3.17MB
nds,"Tetris DS (Europe) (En,Fr,De,Es,It)","俄罗斯方块DS（欧版） (En,Fr,De,Es,It)",NDS#6391,4.58MB
nds,Tetris DS (Japan),俄罗斯方块DS（日版）,NDS#6392,3.68MB
nds,Tetris DS (Japan) (Demo) (Kiosk),俄罗斯方块DS（日版） （演示版） （商店演示版）,NDS#6393,6.78MB
nds,Tetris DS (Korea),俄罗斯方块DS（韩国版）,NDS#6394,3.89MB
nds,Tetris DS (USA),俄罗斯方块DS（美版）,NDS#6395,3.68MB
nds,Tetris DS (USA) (Demo) (Kiosk),俄罗斯方块DS（美版） （演示版） （商店演示版）,NDS#6396,2.95MB
nds,Tetris DS (USA) (Proto) (THQ),俄罗斯方块DS（美版） （工程版） (THQ),NDS#6397,3.76MB
nds,"Tetris Party Deluxe (Europe) (En,Fr,De,Es,It)","俄罗斯方块派对-豪华版（欧版） (En,Fr,De,Es,It)",NDS#6398,3.91MB
nds,"Tetris Party Deluxe (USA) (En,Fr,Es)","俄罗斯方块派对-豪华版（美版） (En,Fr,Es)",NDS#6399,3.86MB
nds,Tetris Party Premium (Japan),俄罗斯方块派对-超值版（日版）,NDS#6400,4.51MB
nds,Tetsudou Kentei DS (Japan),铁道检定DS（日版）,NDS#6401,75.98MB
nds,Tetsudou Musume DS - Terminal Memory (Japan),铁道少女DS-终点站的回忆（日版）,NDS#6402,28.01MB
nds,Tetsudou Seminar - JR Hen (Japan),铁路讲座-JR篇（日版）,NDS#6403,56.64MB
nds,Tetsudou Seminar - Oote Shitetsu Hen (Japan),铁路讲座-大手私铁编（日版）,NDS#6404,81.24MB
nds,"Texas Hold 'em Poker DS (Europe) (En,Fr,De)","德克萨斯洲扑克（欧版） (En,Fr,De)",NDS#6405,12.07MB
nds,Texas Hold 'em Poker DS (USA),德克萨斯洲扑克（美版）,NDS#6406,11.97MB
nds,Texas Hold 'em Poker Pack (Europe),德克萨斯扑克合集（欧版）,NDS#6407,5.50MB
nds,Texas Hold 'em Poker Pack (USA),德克萨斯扑克合集（美版）,NDS#6408,5.51MB
nds,That's QT (Japan),潮流设计师（日版）,NDS#6409,17.51MB
nds,That's QT (Japan) (Rev 1),潮流设计师（日版） （修正版 1）,NDS#6410,17.51MB
nds,That's So Raven - Psychic on the Scene (USA),花豹美眉（美版）,NDS#6411,11.00MB
nds,"Theme Park (Europe) (En,Ja,Fr,De,Es,It)","主题公园（欧版） (En,Ja,Fr,De,Es,It)",NDS#6412,17.39MB
nds,"Theme Park (USA) (En,Ja,Fr,De,Es,It)","主题公园（美版） (En,Ja,Fr,De,Es,It)",NDS#6413,17.39MB
nds,"Theme Park DS (Japan) (En,Ja,Fr,De,Es,It)","主题公园DS（日版） (En,Ja,Fr,De,Es,It)",NDS#6414,17.39MB
nds,Theresia.. (USA),特蕾莎-亲爱的埃米尔（美版）,NDS#6415,52.61MB
nds,Theresia.. - Dear Emile (Japan),地牢迷踪-亲爱的爱蜜儿（日版）,NDS#6416,52.75MB
nds,Theta (Japan),西塔（日版）,NDS#6417,16.23MB
nds,"Think - Kids - Speel Je Slim! (Europe) (Fr,Nl)","思考小子（欧版） (Fr,Nl)",NDS#6418,7.94MB
nds,Think - Logic Trainer (USA),,NDS#6419,3.44MB
nds,Think - Logic Trainer Kids! (USA),,NDS#6420,7.97MB
nds,Think - Train Je Brein - Logica Trainer (Netherlands),逻辑训练（荷兰版）,NDS#6421,3.47MB
nds,"Think - Train Your Brain - Logic Trainer (Europe) (En,De)","逻辑训练（欧版） (En,De)",NDS#6422,5.31MB
nds,"Think - Train Your Brain - Logic Trainer (Europe) (En,Fr,De,Es,It,Sv,No,Da) (Rev 1)","逻辑训练（欧版） (En,Fr,De,Es,It,Sv,No,Da) （修正版 1）",NDS#6423,3.44MB
nds,"Think - Train Your Senses (Europe) (En,Fr,De,It) [b]",,NDS#6424,9.93MB
nds,"Think - Train Your Senses (Europe) (Fr,Nl)",,NDS#6425,9.96MB
nds,Think - Training fuer den Kopf - Fit fuer den Job! (Germany),思索-适应工作（德国版）,NDS#6426,7.73MB
nds,Think - Training fuer den Kopf - Kids - Ist Doch Logisch! (Germany),思考-小孩大脑逻辑训练（德国版）,NDS#6427,10.03MB
nds,"Think - Training fuer den Kopf - Kids - Spiel Dich Schlau! (Europe) (En,De)","思考小子（欧版） (En,De)",NDS#6428,7.84MB
nds,Think - Training fuer den Kopf - Logik Trainer - Think Again (Germany),思考-头脑训练-再次思考（德国版）,NDS#6429,10.42MB
nds,"Think Again (Europe) (Fr,Nl)","重新思考（欧版） (Fr,Nl)",NDS#6430,10.26MB
nds,"thinkSMART - Chess for Kids (USA) (En,Fr,Es)",,NDS#6431,2.72MB
nds,"thinkSMART - Labyrinth (USA) (En,Fr)","旋转滚球（美版） (En,Fr)",NDS#6432,5.63MB
nds,thinkSMART - Power Up Your Brain! (USA) (Rev 1),精明的思考（美版） （修正版 1）,NDS#6433,3.44MB
nds,thinkSMART - Power Up Your Brain! - Kids 8+ (USA) (Rev 1),认为聪明的孩子8+（美版） （修正版 1）,NDS#6434,7.98MB
nds,thinkSMART Games - Scotland Yard - Hunting Mister X (USA),苏格兰场（美版）,NDS#6435,12.01MB
nds,Thomas & Friends - Hero of the Rails (Europe),托马斯和朋友们-轨道的英雄（欧版）,NDS#6436,9.75MB
nds,"Thomas & Friends - Hero of the Rails (Europe) (Sv,No,Da)","托马斯和朋友们-轨道的英雄（欧版） (Sv,No,Da)",NDS#6437,12.66MB
nds,"Thor - God of Thunder (Europe) (En,Fr,De,Es,It)","雷神索尔（欧版） (En,Fr,De,Es,It)",NDS#6438,8.93MB
nds,"Thor - God of Thunder (USA) (En,Fr,De,Es,It)","雷神索尔（美版） (En,Fr,De,Es,It)",NDS#6439,8.93MB
nds,"Thrillville - Off the Rails (Europe) (En,Fr,De,Es,It)","模拟乐园-惊奇世界（欧版） (En,Fr,De,Es,It)",NDS#6440,59.05MB
nds,"Thrillville - Off the Rails (USA) (En,Fr,Es)","模拟乐园-惊奇世界（美版） (En,Fr,Es)",NDS#6441,66.31MB
nds,"ThunderCats (Europe) (En,Fr,De,Es,It)","霹雳猫（欧版） (En,Fr,De,Es,It)",NDS#6442,17.83MB
nds,"ThunderCats (Europe) (En,Fr,De,Es,It) (Beta) (2012-05-14)","霹雳猫（欧版） (En,Fr,De,Es,It) （测试版） (2012-05-14)",NDS#6443,37.14MB
nds,"ThunderCats (USA) (En,Fr,De,Es,It)","霹雳猫（美版） (En,Fr,De,Es,It)",NDS#6444,17.83MB
nds,"ThunderCats (USA) (En,Fr,De,Es,It) (Beta) (2012-04-23)","霹雳猫（美版） (En,Fr,De,Es,It) （测试版） (2012-04-23)",NDS#6445,37.26MB
nds,"ThunderCats (USA) (En,Fr,De,Es,It) (Beta) (2012-06-08)","霹雳猫（美版） (En,Fr,De,Es,It) （测试版） (2012-06-08)",NDS#6446,21.05MB
nds,"ThunderCats (USA) (En,Fr,De,Es,It) (Beta) (2012-06-13)","霹雳猫（美版） (En,Fr,De,Es,It) （测试版） (2012-06-13)",NDS#6447,21.41MB
nds,Tierbabys - Meine Grosse Tierpension (Germany),爱心宠物狗-温泉浴场和渡假胜地（德国版）,NDS#6448,1.34MB
nds,"Tierbabys Puzzle - Echter Puzzlespass fuer Unterwegs (Europe) (En,Fr,De,Es,It)","拼图游戏-小动物（欧版） (En,Fr,De,Es,It)",NDS#6449,3.53MB
nds,"Tierliebe Gross Geschrieben (Europe) (De,Es,It)","真实故事-兽医（欧版） (De,Es,It)",NDS#6450,21.21MB
nds,Tiger Woods PGA Tour (Japan),泰戈伍兹高尔夫PGA巡回赛（日版）,NDS#6451,18.03MB
nds,"Tiger Woods PGA Tour (USA, Europe) (En,Fr,De)","泰戈伍兹高尔夫PGA巡回赛（美版 欧版） (En,Fr,De)",NDS#6452,20.15MB
nds,"Tiger Woods PGA Tour (USA, Europe) (En,Fr,De) (Rev 1)","泰戈伍兹高尔夫PGA巡回赛（美版 欧版） (En,Fr,De) （修正版 1）",NDS#6453,20.15MB
nds,"Tiger Woods PGA Tour 08 (Europe) (En,Fr)","老虎伍兹高尔夫球巡回赛08（欧版） (En,Fr)",NDS#6454,28.83MB
nds,"Tiger Woods PGA Tour 08 (USA) (En,Fr)","老虎伍兹高尔夫球巡回赛08（美版） (En,Fr)",NDS#6455,28.83MB
nds,"Tigerz (Europe) (En,Fr,De,Es,It,Nl)","老虎故事（欧版） (En,Fr,De,Es,It,Nl)",NDS#6456,11.47MB
nds,"Tigre, El - The Adventures of Manny Rivera (Europe)",美洲虎-曼尼里维拉冒险（欧版）,NDS#6457,11.06MB
nds,"Tigre, El - The Adventures of Manny Rivera (USA)",美洲虎-曼尼里维拉冒险（美版）,NDS#6458,11.06MB
nds,"Tim Stockdale's Riding Star (Europe) (En,Fr,De,Es,It,Sv,No,Da) (Rev 1)","骑术之星（欧版） (En,Fr,De,Es,It,Sv,No,Da) （修正版 1）",NDS#6459,11.94MB
nds,Time Ace (USA),时空王牌（美版）,NDS#6460,16.15MB
nds,"Time Hollow (Europe) (En,Fr,De,Es,It)","寻求被夺去了的过去（欧版） (En,Fr,De,Es,It)",NDS#6461,76.47MB
nds,"Time Hollow (USA) (En,Fr)","寻求被夺去了的过去（美版） (En,Fr)",NDS#6462,76.47MB
nds,Time Hollow - Ubawareta Kako o Motomete (Japan),时空洞穴-被夺走的过去（日版）,NDS#6463,74.11MB
nds,"Times Crossword Challenge, The (Europe) [b]",时代周刊填字游戏挑战赛（欧版） [b],NDS#6464,1.82MB
nds,Timmy Time (Europe),小小羊提米（欧版）,NDS#6465,6.31MB
nds,"Timmy Time (Europe) (En,Fr,De,Nl)","小小羊提米（欧版） (En,Fr,De,Nl)",NDS#6466,6.50MB
nds,"TINCan! Escape (Europe) (En,Fr,De,Es,It)","机器人大逃亡（欧版） (En,Fr,De,Es,It)",NDS#6467,6.05MB
nds,"TINCan! Escape (USA) (En,Fr,De,Es,It)","机器人大逃亡（美版） (En,Fr,De,Es,It)",NDS#6468,6.05MB
nds,Tingle no Balloon Fight DS (Japan) (Club Nintendo),,NDS#6469,3.06MB
nds,"Tinker Bell (Europe) (En,Fr,De,Es,It,Nl)","迪士尼精灵-小叮当（欧版） (En,Fr,De,Es,It,Nl)",NDS#6470,34.48MB
nds,"Tinker Bell (Europe) (En,Fr,De,Es,It,Nl) (Rev 1)","迪士尼精灵-小叮当（欧版） (En,Fr,De,Es,It,Nl) （修正版 1）",NDS#6471,34.49MB
nds,Tinker Bell (Japan),迪士尼精灵-小叮当（日版）,NDS#6472,48.16MB
nds,Tinker Bell (USA),迪士尼精灵-小叮当（美版）,NDS#6473,41.61MB
nds,"Tinker Bell (USA) (En,Fr,Es) (Rev 1)","迪士尼精灵-小叮当（美版） (En,Fr,Es) （修正版 1）",NDS#6474,41.64MB
nds,"Tinker Bell + Tinker Bell and the Lost Treasure (Europe) (En,Fr,De,Es,It,Nl)",,NDS#6475,68.04MB
nds,Tinker Bell and the Great Fairy Rescue (Europe),小叮当-拯救精灵大作战（欧版）,NDS#6476,28.68MB
nds,"Tinker Bell and the Great Fairy Rescue (Europe) (En,Fr,De,Es,It,Nl)","小叮当-拯救精灵大作战（欧版） (En,Fr,De,Es,It,Nl)",NDS#6477,28.59MB
nds,"Tinker Bell and the Great Fairy Rescue (Europe) (En,Sv,No,Da)","小叮当-拯救精灵大作战（欧版） (En,Sv,No,Da)",NDS#6478,28.34MB
nds,"Tinker Bell and the Great Fairy Rescue (USA) (En,Fr,Es)","小叮当-拯救精灵大作战（美版） (En,Fr,Es)",NDS#6479,33.10MB
nds,Tinker Bell and the Lost Treasure (Europe),小叮当和失落的宝藏（欧版）,NDS#6480,32.44MB
nds,"Tinker Bell and the Lost Treasure (Europe) (En,Fr,De,Es,It,Nl)","小叮当和失落的宝藏（欧版） (En,Fr,De,Es,It,Nl)",NDS#6481,33.71MB
nds,"Tinker Bell and the Lost Treasure (Europe) (En,Sv,No,Da) [b]","小叮当和失落的宝藏（欧版） (En,Sv,No,Da) [b]",NDS#6482,33.12MB
nds,"Tinker Bell and the Lost Treasure (USA) (En,Fr,Es)","小叮当和失落的宝藏（美版） (En,Fr,Es)",NDS#6483,37.34MB
nds,Tinker Bell to Tsuki no Ishi (Japan),小叮当与失落的宝藏（日版）,NDS#6484,29.45MB
nds,Tinker Bell to Yousei no Ie (Japan),迪斯尼小仙女-小叮当与妖精之家（日版）,NDS#6485,39.25MB
nds,Tintenherz (Germany),墨水心（德国版）,NDS#6486,8.41MB
nds,"Titanic Mystery (Europe) (En,Fr,De)","泰坦尼克号之谜（欧版） (En,Fr,De)",NDS#6487,10.00MB
nds,"Titanic Mystery (Europe) (Fr,Nl)","泰坦尼克号之谜（欧版） (Fr,Nl)",NDS#6488,10.07MB
nds,Titanic Mystery (USA),泰坦尼克号之谜（美版）,NDS#6489,10.12MB
nds,Titeuf - Le Film (France),坏小子迪德夫（法国版）,NDS#6490,4.76MB
nds,"TMNT (USA) (En,Fr,De,Es,It)","忍者神龟（美版） (En,Fr,De,Es,It)",NDS#6491,11.20MB
nds,"TMNT - Teenage Mutant Ninja Turtles (Europe) (En,Fr,De,Es,It,Nl)","忍者神龟（欧版） (En,Fr,De,Es,It,Nl)",NDS#6492,11.20MB
nds,TNA Wrestling Impact! - Cross the Line (USA),TNA冲击-跨过线（美版）,NDS#6493,40.43MB
nds,To Love-Ru - Trouble - Waku Waku! Rinkan Gakkou Hen (Japan),To LOVE 兴奋!林间学校篇（日版）,NDS#6494,33.31MB
nds,"To-Fu Collection (Europe) (En,Fr,De,Es,It)",,NDS#6495,3.35MB
nds,"To-Fu Collection (USA) (En,Fr,De,Es,It)",,NDS#6496,3.37MB
nds,Tobidase! Kagaku-kun - Chikyuu Daitanken! Nazo no Chinkai Seibutsu ni Idome! (Japan),出发吧!科学君-地球大探险!挑战神秘稀有生物!（日版）,NDS#6497,24.15MB
nds,TOEIC DS - Haru 10-bun Yakjeomgeukbok +200 (Korea) [b],托福考试DS（韩国版） [b],NDS#6498,60.22MB
nds,TOEIC Test - Koushiki DS Training (Japan),官方TOEIC考试DS-训练（日版）,NDS#6499,53.92MB
nds,TOEIC Test DS Training (Japan),商业托福考试-DS训练（日版）,NDS#6500,41.13MB
nds,TOEIC Test DS Training (Japan) (Rev 1),商业托福考试-DS训练（日版） （修正版 1）,NDS#6501,41.14MB
nds,TOEIC Test DS Training (Japan) (Rev 2),商业托福考试-DS训练（日版） （修正版 2）,NDS#6502,43.88MB
nds,TOEIC Test DS Training (Japan) (Rev 3),商业托福考试-DS训练（日版） （修正版 3）,NDS#6503,41.13MB
nds,TOEIC Test DS Training (Korea) [b],商业托福考试-DS训练（韩国版） [b],NDS#6504,41.31MB
nds,TOEIC Test Eitango - Speed Master DS (Japan),,NDS#6505,42.28MB
nds,TOEIC Test Super Coach@DS (Japan),TOEIC 测验超级训练 @DS（日版）,NDS#6506,56.81MB
nds,TOEIC Test Super Coach@DS (Japan) (Rev 1),TOEIC 测验超级训练 @DS（日版） （修正版 1）,NDS#6507,56.81MB
nds,Toetstrainer - Rekenen (Netherlands),托福测试训练坏包版（荷兰版）,NDS#6508,2.29MB
nds,Toetstrainer - Taal (Netherlands),托福测试训练（荷兰版）,NDS#6509,2.31MB
nds,Tohoku Daigaku Mirai Kagaku Gijutsu Kyoudou Kenkyuu Center - Kawashima Ryuuta Kyouju Kanshuu - Motto Nou o Kitaeru Otona no DS Training (Japan),川岛隆太教授脑力锻炼2（日版）,NDS#6510,16.13MB
nds,Tohoku Daigaku Mirai Kagaku Gijutsu Kyoudou Kenkyuu Center - Kawashima Ryuuta Kyouju Kanshuu - Motto Nou o Kitaeru Otona no DS Training (Japan) (Rev 1),川岛隆太教授脑力锻炼2（日版） （修正版 1）,NDS#6511,16.14MB
nds,Tohoku Daigaku Mirai Kagaku Gijutsu Kyoudou Kenkyuu Center - Kawashima Ryuuta Kyouju Kanshuu - Nou o Kitaeru Otona no DS Training (Japan),川岛隆太教授之脑力锻炼（日版）,NDS#6512,2.65MB
nds,Tokimeki Memorial Girl's Side - 1st Love (Japan),心跳回忆 Girl's Side 初恋（日版）,NDS#6513,106.71MB
nds,Tokimeki Memorial Girl's Side - 1st Love (Japan) (Rev 1),心跳回忆 Girl's Side 初恋（日版） （修正版 1）,NDS#6514,106.72MB
nds,Tokimeki Memorial Girl's Side - 1st Love Plus (Japan) [b],心跳回忆 Girl's Side 1st Love Plus（日版） [b],NDS#6515,178.06MB
nds,Tokimeki Memorial Girl's Side - 2nd Season (Japan),心跳回忆-女生版-第二季（日版）,NDS#6516,225.13MB
nds,Tokimeki Memorial Girl's Side - 2nd Season (Japan) (Rev 1),心跳回忆-女生版-第二季（日版） （修正版 1）,NDS#6517,225.13MB
nds,Tokimeki Memorial Girl's Side - 3rd Story (Japan),心跳回忆女生版第三段故事（日版）,NDS#6518,450.29MB
nds,Tokumei Sentai Go Busters (Japan),,NDS#6519,38.54MB
nds,Tokutei! Metabo Juku (Japan),特定!健康补习班（日版）,NDS#6520,54.59MB
nds,Tokuten Ryoku Gakushuu DS - Chuu 1 5 Kyouka Pack (Japan),,NDS#6521,26.77MB
nds,Tokuten Ryoku Gakushuu DS - Chuu 1 Eigo (Japan) (Demo) (Not for Resale),得点力学习DS-中1英语（日版） （演示版） (Not for Resale),NDS#6522,8.37MB
nds,Tokuten Ryoku Gakushuu DS - Chuu 1 Eigo (Japan) (TQJJ),得点力学习DS-中1英语（日版） (TQJJ),NDS#6523,20.60MB
nds,Tokuten Ryoku Gakushuu DS - Chuu 1 Eigo (Japan) (YXAJ),得点力学习DS-中1英语（日版） (YXAJ),NDS#6524,33.60MB
nds,Tokuten Ryoku Gakushuu DS - Chuu 1 Eisuukoku Pack (Japan),得点力学习DS-中1英数国（日版）,NDS#6525,37.83MB
nds,Tokuten Ryoku Gakushuu DS - Chuu 1 Kokugo (Japan),,NDS#6526,7.96MB
nds,Tokuten Ryoku Gakushuu DS - Chuu 1 Kokugo (Japan) (Rev 1),,NDS#6527,8.85MB
nds,Tokuten Ryoku Gakushuu DS - Chuu 1 Rika (Japan),,NDS#6528,9.07MB
nds,Tokuten Ryoku Gakushuu DS - Chuu 1 Rika - Chuu 2 Rika - Chuu 3 Rika - Chuugaku Chiri (Japan) (Not for Resale),,NDS#6529,12.34MB
nds,Tokuten Ryoku Gakushuu DS - Chuu 1 Suugaku (Japan) (TQKJ),得点力学习DS-中1数学（日版） (TQKJ),NDS#6530,9.27MB
nds,Tokuten Ryoku Gakushuu DS - Chuu 1 Suugaku (Japan) (YXGJ),得点力学习DS-中1数学（日版） (YXGJ),NDS#6531,6.95MB
nds,Tokuten Ryoku Gakushuu DS - Chuu 2 5 Kyouka Pack (Japan),,NDS#6532,44.15MB
nds,Tokuten Ryoku Gakushuu DS - Chuu 2 Eigo (Japan) (TQNJ),得点力学习DS-中2英语（日版） (TQNJ),NDS#6533,37.31MB
nds,Tokuten Ryoku Gakushuu DS - Chuu 2 Eigo (Japan) (YXBJ),得点力学习DS-中2英语（日版） (YXBJ),NDS#6534,56.44MB
nds,Tokuten Ryoku Gakushuu DS - Chuu 2 Eisuukoku Pack (Japan),得点力学习 DS中二英语（日版）,NDS#6535,60.25MB
nds,Tokuten Ryoku Gakushuu DS - Chuu 2 Kokugo (Japan),得点力学习 DS中二国语（日版）,NDS#6536,7.58MB
nds,Tokuten Ryoku Gakushuu DS - Chuu 2 Kokugo (Japan) (Rev 1),得点力学习 DS中二国语（日版） （修正版 1）,NDS#6537,8.99MB
nds,Tokuten Ryoku Gakushuu DS - Chuu 2 Rika (Japan),,NDS#6538,9.43MB
nds,Tokuten Ryoku Gakushuu DS - Chuu 2 Suugaku (Japan),,NDS#6539,7.17MB
nds,Tokuten Ryoku Gakushuu DS - Chuu 2 Suugaku (Japan) (Rev 1),,NDS#6540,9.93MB
nds,Tokuten Ryoku Gakushuu DS - Chuu 3 5 Kyouka Pack (Japan),,NDS#6541,27.20MB
nds,Tokuten Ryoku Gakushuu DS - Chuu 3 Eigo (Japan),得点力学习DS-中3英语（日版）,NDS#6542,48.16MB
nds,Tokuten Ryoku Gakushuu DS - Chuu 3 Eigo (Japan) (Rev 1),得点力学习DS-中3英语（日版） （修正版 1）,NDS#6543,21.39MB
nds,Tokuten Ryoku Gakushuu DS - Chuu 3 Eisuukoku Koumin Pack (Japan),,NDS#6544,53.20MB
nds,Tokuten Ryoku Gakushuu DS - Chuu 3 Kokugo (Japan),得点力学习DS-中3国语（日版）,NDS#6545,7.58MB
nds,Tokuten Ryoku Gakushuu DS - Chuu 3 Rika (Japan),,NDS#6546,8.61MB
nds,Tokuten Ryoku Gakushuu DS - Chuu 3 Suugaku (Japan),得点力学习DS-中3数学（日版）,NDS#6547,7.59MB
nds,Tokuten Ryoku Gakushuu DS - Chuugaku Chireki Rika Pack (Japan),,NDS#6548,12.00MB
nds,Tokuten Ryoku Gakushuu DS - Chuugaku Chiri (Japan) (TQFJ),得点力学习DS-中学地理（日版） (TQFJ),NDS#6549,8.81MB
nds,Tokuten Ryoku Gakushuu DS - Chuugaku Chiri (Japan) (YXQJ),得点力学习DS-中学地理（日版） (YXQJ),NDS#6550,7.06MB
nds,Tokuten Ryoku Gakushuu DS - Chuugaku Jitsugi 4 Kyouka (Japan) (CX4J),得点力学习 DS（日版） (CX4J),NDS#6551,36.27MB
nds,Tokuten Ryoku Gakushuu DS - Chuugaku Jitsugi 4 Kyouka (Japan) (TQAJ),得点力学习 DS（日版） (TQAJ),NDS#6552,39.42MB
nds,Tokuten Ryoku Gakushuu DS - Chuugaku Junbi Tokubetsuhen Shougakkou 4 Kyouka Youten Matome - Chuugaku eigo Sakidori (Japan) (Not for Resale),,NDS#6553,9.27MB
nds,Tokuten Ryoku Gakushuu DS - Chuugaku Koumin (Japan),得点力学习DS-中学公民（日版）,NDS#6554,6.34MB
nds,Tokuten Ryoku Gakushuu DS - Chuugaku Koumin (Japan) (Rev 1),得点力学习DS-中学公民（日版） （修正版 1）,NDS#6555,8.06MB
nds,Tokuten Ryoku Gakushuu DS - Chuugaku Rekishi (Japan),得点力学习DS-中学历史（日版）,NDS#6556,6.50MB
nds,Tokuten Ryoku Gakushuu DS - Chuugaku Rekishi (Japan) (TQEJ),得点力学习DS-中学历史（日版） (TQEJ),NDS#6557,8.98MB
nds,Tokuten Ryoku Gakushuu DS - Chuugaku Rika 1 Bunya (Japan),得点力学习DS-中学理科1分野（日版）,NDS#6558,7.57MB
nds,Tokuten Ryoku Gakushuu DS - Chuugaku Rika 2 Bunya (Japan),,NDS#6559,7.34MB
nds,Tokuten Ryoku Gakushuu DS - Koukou Juken 5 Kyouka Pack (Japan) (CX2J),得点力学习 DS 高中测验-学科包（日版） (CX2J),NDS#6560,23.66MB
nds,Tokuten Ryoku Gakushuu DS - Koukou Juken 5 Kyouka Pack (Japan) (Rev 1) (CX2J),得点力学习 DS 高中测验-学科包（日版） （修正版 1） (CX2J),NDS#6561,23.66MB
nds,Tokuten Ryoku Gakushuu DS - Koukou Juken 5 Kyouka Pack (Japan) (TQ8J),得点力学习 DS 高中测验-学科包（日版） (TQ8J),NDS#6562,26.51MB
nds,Tokuten Ryoku Gakushuu DS - Koukou Juken Eigo (Japan),,NDS#6563,15.09MB
nds,Tokuten Ryoku Gakushuu DS - Koukou Juken Kokugo (Japan),得点力学习DS-高校受验国语（日版）,NDS#6564,7.74MB
nds,Tokuten Ryoku Gakushuu DS - Koukou Juken Rika (Japan),得点力学习DS-高校受验理科（日版）,NDS#6565,10.03MB
nds,Tokuten Ryoku Gakushuu DS - Koukou Juken Rika (Japan) (Rev 1),得点力学习DS-高校受验理科（日版） （修正版 1）,NDS#6566,9.96MB
nds,Tokuten Ryoku Gakushuu DS - Koukou Juken Shakai (Japan),得点力学习DS-高校受验社会（日版）,NDS#6567,7.90MB
nds,Tokuten Ryoku Gakushuu DS - Koukou Juken Shakai (Japan) (Rev 1),得点力学习DS-高校受验社会（日版） （修正版 1）,NDS#6568,9.87MB
nds,Tokuten Ryoku Gakushuu DS - Koukou Juken Suugaku (Japan),得点力学习DS-高校受验数学（日版）,NDS#6569,8.02MB
nds,Tokuten Ryoku Gakushuu DS - Shougakkou Youten Matome (Japan),得点力学习DS-小学要点汇总（日版）,NDS#6570,7.76MB
nds,Tokyo Beat Down (USA),野兽刑警-镇压东京恐怖事件!（美版）,NDS#6571,17.73MB
nds,Tokyo Friend Park II - DS de Kitaeru Undou Nouryoku (Japan),东京的朋友2-锻炼运动脑力（日版）,NDS#6572,3.81MB
nds,Tokyo Majin Gakuen - Kenpuuchou (Japan),东京魔人学园-剑风帖（日版）,NDS#6573,149.62MB
nds,Tokyo Odaiba Casino (Japan),SuperLite2500-东京台场赌场（日版）,NDS#6574,3.78MB
nds,Tokyo Twilight Busters - Kindan no Ikenie Teito Jigokuhen (Japan) [b],东京黄昏狩猎者-禁忌的活祭品帝都地狱纪事（日版） [b],NDS#6575,28.49MB
nds,"Tom and Jerry Tales (Europe) (En,Fr,De,Es,It)","汤姆和杰瑞（欧版） (En,Fr,De,Es,It)",NDS#6576,12.87MB
nds,Tom and Jerry Tales (USA),汤姆和杰瑞（美版）,NDS#6577,12.86MB
nds,"Tom Clancy's EndWar (Europe) (En,Fr,De,Es,It)","汤姆.克兰西的终结战争（欧版） (En,Fr,De,Es,It)",NDS#6578,13.91MB
nds,"Tom Clancy's EndWar (USA) (En,Fr)","汤姆.克兰西的终结战争（美版） (En,Fr)",NDS#6579,13.91MB
nds,"Tom Clancy's Splinter Cell - Chaos Theory (Europe) (En,Fr,De,Es,It)","分裂细胞-混沌法则（欧版） (En,Fr,De,Es,It)",NDS#6580,34.16MB
nds,"Tom Clancy's Splinter Cell - Chaos Theory (USA) (En,Fr,De,Es,It)","分裂细胞-混沌法则（美版） (En,Fr,De,Es,It)",NDS#6581,34.16MB
nds,Tom Clancy's Splinter Cell - Conviction (USA) (Proto),,NDS#6582,31.34MB
nds,"Tomb Raider - Underworld (Europe) (En,Es,It)","古墓丽影-地城夺宝（欧版） (En,Es,It)",NDS#6583,62.76MB
nds,"Tomb Raider - Underworld (Europe) (En,Fr,De,Nl)","古墓丽影-地城夺宝（欧版） (En,Fr,De,Nl)",NDS#6584,62.63MB
nds,"Tomb Raider - Underworld (USA) (En,Fr,Es)","古墓丽影-地城夺宝（美版） (En,Fr,Es)",NDS#6585,62.74MB
nds,Tomica Hero Rescue Force DS (Japan),多米加英雄-救援部队DS（日版）,NDS#6586,8.34MB
nds,Tomodachi Collection (Japan),朋友收藏集（日版）,NDS#6587,37.59MB
nds,Tomodachi Collection (Japan) (Rev 1),朋友收藏集（日版） （修正版 1）,NDS#6588,37.59MB
nds,Tomodachi Tsukurou! - Mahou no Koukan Nikki (Japan),魔法交换日记（日版）,NDS#6589,3.62MB
nds,Tongari Boushi to Mahou no 365-nichi (Japan),尖帽子与魔法的365天（日版）,NDS#6590,28.87MB
nds,Tongari Boushi to Mahou no 365-nichi (Japan) (Rev 1),尖帽子与魔法的365天（日版） （修正版 1）,NDS#6591,28.87MB
nds,Tongari Boushi to Mahou no Omise (Japan),尖顶帽与魔法店（日版）,NDS#6592,43.90MB
nds,Tongari Boushi to Mahou no Omise (Japan) (Rev 1),尖顶帽与魔法店（日版） （修正版 1）,NDS#6593,43.90MB
nds,Tongari Boushi to Oshare na Mahou Tsukai (Japan),,NDS#6594,53.16MB
nds,Tongari Boushi to Oshare na Mahou Tsukai (Japan) (Rev 1),,NDS#6595,53.15MB
nds,"Tony Hawk's American Sk8land (Europe) (En,Fr,De,Es,It)","托尼霍克职业滑板（欧版） (En,Fr,De,Es,It)",NDS#6596,45.67MB
nds,Tony Hawk's American Sk8land (USA),托尼霍克职业滑板（美版）,NDS#6597,45.61MB
nds,"Tony Hawk's Downhill Jam (Europe) (En,Fr,De,Es,It)","托尼霍克下冲滑板（欧版） (En,Fr,De,Es,It)",NDS#6598,46.56MB
nds,Tony Hawk's Downhill Jam (USA),托尼霍克下冲滑板（美版）,NDS#6599,46.55MB
nds,Tony Hawk's Motion (Europe),托尼霍克滑板（欧版）,NDS#6600,50.20MB
nds,Tony Hawk's Motion (USA),托尼霍克滑板（美版）,NDS#6601,50.20MB
nds,"Tony Hawk's Proving Ground (Europe) (En,Fr,De,Es,It)","托尼霍克-地下练习场（欧版） (En,Fr,De,Es,It)",NDS#6602,49.87MB
nds,Tony Hawk's Proving Ground (USA),托尼霍克-地下练习场（美版）,NDS#6603,49.85MB
nds,"Toobo (Japan) (En,Ja)","祖波（日版） (En,Ja)",NDS#6604,29.01MB
nds,"Toon-Doku - Sudoku with Pictures! (Europe) (En,Fr,De,Es,It)","拼图解谜（欧版） (En,Fr,De,Es,It)",NDS#6605,10.18MB
nds,Toon-Doku - Sudoku with Pictures! (USA),拼图解谜（美版）,NDS#6606,4.14MB
nds,"Tootuff - Megafun Land (Europe) (En,Fr)","迪德夫百万欢乐岛（欧版） (En,Fr)",NDS#6607,9.71MB
nds,"Tootuff - Mission Nadia (Europe) (En,Fr,De,Es,It)","搞怪小子之娜蒂亚任务（欧版） (En,Fr,De,Es,It)",NDS#6608,9.93MB
nds,"Tootuff's World (Europe) (En,Fr,Es)","图达夫的世界（欧版） (En,Fr,Es)",NDS#6609,8.82MB
nds,Top Gun (Europe),壮志凌云（欧版）,NDS#6610,9.53MB
nds,Top Gun (Japan),壮志凌云（日版）,NDS#6611,9.63MB
nds,Top Gun (USA),壮志凌云（美版）,NDS#6612,9.54MB
nds,Top Model (United Kingdom),顶尖模特儿(United Kingdom),NDS#6613,14.01MB
nds,"Top Model Academy (Europe) (En,Fr,De,Es)",,NDS#6614,17.93MB
nds,"Top Spin 2 (Europe) (En,Fr,De,Es,It)","上旋高手2（欧版） (En,Fr,De,Es,It)",NDS#6615,10.62MB
nds,"Top Spin 2 (USA) (En,Fr,De,Es,It)","上旋高手2（美版） (En,Fr,De,Es,It)",NDS#6616,10.63MB
nds,"Top Spin 3 (Europe) (En,Fr,De,Es,It)","上旋高手（欧版） (En,Fr,De,Es,It)",NDS#6617,14.69MB
nds,Top Spin 3 (Japan),上旋高手（日版）,NDS#6618,14.79MB
nds,Top Spin 3 (USA),上旋高手（美版）,NDS#6619,14.69MB
nds,Top Trumps - Doctor Who (Europe),顶级王牌-神秘博士（欧版）,NDS#6620,5.86MB
nds,"Top Trumps - Dogs & Dinosaurs (Europe) (En,Fr,De,Es,It)","至尊王牌-狗与恐龙（欧版） (En,Fr,De,Es,It)",NDS#6621,9.16MB
nds,"Top Trumps - Horror & Predators (Europe) (En,Fr,De,Es,It)","至尊王牌-恐怖与肉食动物（欧版） (En,Fr,De,Es,It)",NDS#6622,9.56MB
nds,Top Trumps - NBA All Stars (USA),,NDS#6623,6.37MB
nds,"Tornado (Europe) (En,Fr)","龙卷风（欧版） (En,Fr)",NDS#6624,19.99MB
nds,"Tornado (USA) (En,Fr)","龙卷风（美版） (En,Fr)",NDS#6625,19.99MB
nds,Toshokan DS - Meisaku & Suiri & Kaidan & Bungaku (Japan),图书馆DS-名作&推理&怪谈&文学（日版）,NDS#6626,7.34MB
nds,Tossa no Keisan Shunkan Kaitou - Keisan DS Training (Japan) (Rev 1),计算力瞬间即答-计算DS练习（日版） （修正版 1）,NDS#6627,1.10MB
nds,"Totally Spies! - My Secret Diary (Europe) (En,Fr,Es,Nl) [b]","间谍少女组-我的秘密日记（欧版） (En,Fr,Es,Nl) [b]",NDS#6628,8.77MB
nds,"Totally Spies! 2 - Undercover (Europe) (En,Fr,De,Es,It,Nl)","间谍少女2（欧版） (En,Fr,De,Es,It,Nl)",NDS#6629,8.43MB
nds,"Totally Spies! 2 - Undercover (USA) (En,Fr)","间谍少女2（美版） (En,Fr)",NDS#6630,8.43MB
nds,"Totally Spies! 3 - Secret Agents (Europe) (En,Fr,De,Es,It,Nl)","间谍少女组3-秘密特工（欧版） (En,Fr,De,Es,It,Nl)",NDS#6631,11.84MB
nds,"Totally Spies! 4 - Around the World (Europe) (En,Fr,Es,Nl)","特工少女组-环游世界（欧版） (En,Fr,Es,Nl)",NDS#6632,8.59MB
nds,Tottadoo! - Yoiko no Mujintou Seikatsu. (Japan),好孩子的无人岛生活（日版）,NDS#6633,24.97MB
nds,Tottoko Hamutaro - Nazo Nazo Q - Kumo no Ue no Hatena Jou (Japan),哈姆太朗DS（日版）,NDS#6634,9.86MB
nds,Tottoko Hamutaro Haai! - Ham-chans no Ham Ham Challenge! Atsumare Haai! (Japan),哈姆太郎!哈姆家族的挑战!聚集!（日版）,NDS#6635,11.06MB
nds,"Touch 'N' Play Collection (Europe) (En,Fr,De,Es,It)","触摸游戏大合集（欧版） (En,Fr,De,Es,It)",NDS#6636,5.98MB
nds,"Touch 'N' Play Collection (USA) (En,Fr,Es)","触摸游戏大合集（美版） (En,Fr,Es)",NDS#6637,5.98MB
nds,Touch Comic Adventure - Garaku Tale (Japan),,NDS#6638,14.26MB
nds,Touch Darts (USA),触摸飞镖（美版）,NDS#6639,2.13MB
nds,Touch de Manzai! Megami no Etsubo DS (Japan),触摸相声!女神的微笑DS（日版）,NDS#6640,34.34MB
nds,Touch de Ni Hao - Hitsudan-kun (Japan),用触笔说你好-笔谈君（日版）,NDS#6641,2.93MB
nds,Touch de Rakushou! Pachi-Slot Sengen - Rio de Carnival (Japan),触摸轻松得胜！柏青嫂宣言 RIO的嘉年华（日版）,NDS#6642,15.78MB
nds,Touch de Taikyaku! - Yawaraka Sensha (Japan),触摸撤退!柔软战车（日版）,NDS#6643,8.27MB
nds,Touch de Tanoshimu Hyakunin Isshu - DS Shigureden (Japan),触控百人一首-DS时雨殿（日版）,NDS#6644,41.33MB
nds,Touch Detective (France),触摸侦探（法国版）,NDS#6645,7.31MB
nds,Touch Detective (USA),触摸侦探（美版）,NDS#6646,7.21MB
nds,Touch Detective (USA) (Beta),触摸侦探（美版） （测试版）,NDS#6647,7.21MB
nds,Touch Detective 2 1-2 (USA),触摸侦探-小沢里奈-第2 1/2季（美版）,NDS#6648,12.95MB
nds,Touch Detective II (France),触摸侦探2（法国版）,NDS#6649,12.98MB
nds,Touch Dictionary (Korea) (Rev 1),触摸字典（韩国版） （修正版 1）,NDS#6650,44.86MB
nds,Touch Dictionary (Korea) (Rev 2),触摸字典（韩国版） （修正版 2）,NDS#6651,44.87MB
nds,Touch Game Party (Japan),触摸游戏派对（日版）,NDS#6652,921.27KB
nds,Touch Man to Man - Gichoyeongeo (Korea),触摸人对人（韩国版）,NDS#6653,55.01MB
nds,Touch Mechanic (France),触摸机师（法国版）,NDS#6654,13.68MB
nds,"Touch Mechanic (USA) (En,Fr,Es)","触摸机师（美版） (En,Fr,Es)",NDS#6655,13.32MB
nds,"Touch the Dead (USA) (En,Fr,De,Es,It)","接触死亡（美版） (En,Fr,De,Es,It)",NDS#6656,8.55MB
nds,Touch! Bomberman Land (Japan),触摸!炸弹人大陆（日版）,NDS#6657,8.70MB
nds,Touch! Bomberman Land (Korea),触摸!炸弹人大陆（韩国版）,NDS#6658,8.34MB
nds,Touch! Bomberman Land - Star Bomber no Miracle World (Japan),,NDS#6659,13.99MB
nds,Touch! Kirby (Japan),触摸卡比（日版）,NDS#6660,15.08MB
nds,Touch! Kirby (Japan) (Demo) (Kiosk),触摸卡比（日版） （演示版） （商店演示版）,NDS#6661,25.73MB
nds,"TouchMaster (Europe) (En,Fr,De,Es,It)","触摸大师（欧版） (En,Fr,De,Es,It)",NDS#6662,29.49MB
nds,TouchMaster (USA),触摸大师（美版）,NDS#6663,29.50MB
nds,TouchMaster (USA) (Rev 1),触摸大师（美版） （修正版 1）,NDS#6664,29.50MB
nds,"TouchMaster - Connect (USA) (En,Fr,Es) (NDSi Enhanced)","触摸大师-连接（美版） (En,Fr,Es) (NDSi Enhanced)",NDS#6665,16.89MB
nds,"TouchMaster 2 (USA) (En,Fr)","触摸大师2（美版） (En,Fr)",NDS#6666,13.43MB
nds,"TouchMaster 3 (Europe) (En,Fr,De,Es,It)","触摸大师3（欧版） (En,Fr,De,Es,It)",NDS#6667,20.07MB
nds,"TouchMaster 3 (USA) (En,Fr)","触摸大师3（美版） (En,Fr)",NDS#6668,19.94MB
nds,"TouchMaster 4 - Connect (Europe) (En,Fr,De,Es,It) (NDSi Enhanced)","触摸大师4-连接（欧版） (En,Fr,De,Es,It) (NDSi Enhanced)",NDS#6669,16.88MB
nds,"TouchMaster 4 - Connect (Europe) (En,Fr,De,Es,It) (Rev 1) (NDSi Enhanced)","触摸大师4-连接（欧版） (En,Fr,De,Es,It) （修正版 1） (NDSi Enhanced)",NDS#6670,16.88MB
nds,Toudai Shougi - Meijinsen Doujou DS (Japan) [b],,NDS#6671,11.03MB
nds,Toudou Ryuunosuke Tantei Nikki - Aen no Hakobune - Souma-tei Renzoku Satsujin Jiken (Japan),藤堂龙之介侦探日记-锌制方舟-相马邸连续杀人事件（日版）,NDS#6672,4.40MB
nds,Toudou Ryuunosuke Tantei Nikki - Kohakuiro no Yuigon - Seiyou Karuta Renzoku Satsujin Jiken (Japan),藤堂龙之介侦探日记-琥珀色的遗言（日版）,NDS#6673,4.12MB
nds,Touhai Densetsu Akagi DS - Yami ni Mai Orita Tensai (Japan),斗牌传说-黑暗中降临的天才（日版）,NDS#6674,80.38MB
nds,Tout pour Reussir CE1 (France) [b],一切为了成功 CE1 篇（法国版） [b],NDS#6675,2.72MB
nds,Tout pour Reussir CE2 (France) [b],一切为了成功 CE2 篇（法国版） [b],NDS#6676,2.97MB
nds,Tout pour Reussir CM1 (France) [b],一切为了成功 CM1 篇（法国版） [b],NDS#6677,2.55MB
nds,Tout pour Reussir CM2 (France) [b],一切为了成功 CM2 篇（法国版） [b],NDS#6678,2.52MB
nds,Tout pour Reussir CP (France) [b],一切为了成功 CP 篇（法国版） [b],NDS#6679,2.97MB
nds,Tout Savoir 3e - L'Essentiel du Programme (France),任何知识-第 3（法国版）,NDS#6680,12.84MB
nds,Tout Savoir 4e - L'Essentiel du Programme (France),任何知识-第4（法国版）,NDS#6681,14.32MB
nds,Tout Savoir 5e - L'Essentiel du Programme (France),任何知识-第5（法国版）,NDS#6682,14.98MB
nds,Tout Savoir 6e - L'Essentiel du Programme (France),任何知识-6E（法国版）,NDS#6683,4.96MB
nds,Tout Savoir CE1 - L'Essentiel du Programme (France),任何知识-CE1（法国版）,NDS#6684,3.74MB
nds,Tout Savoir CE2 - L'Essentiel du Programme (France),任何知识-CE2（法国版）,NDS#6685,4.02MB
nds,Tout Savoir CM1 - L'Essentiel du Programme (France),任何知识-CM1（法国版）,NDS#6686,4.21MB
nds,Tout Savoir CM2 - L'Essentiel du Programme (France),任何知识CM2-大部份的方案（法国版）,NDS#6687,4.93MB
nds,Tout Savoir CP - L'Essentiel du Programme (France),任何知识-CP（法国版）,NDS#6688,3.68MB
nds,Tout Savoir Maternelle Grande Section - L'Essentiel du Programme (France) [b],Tout Savoir en Maternelle Grande Section（法国版） [b],NDS#6689,16.51MB
nds,"Tower DS, The (Japan)",模拟大楼DS（日版）,NDS#6690,2.53MB
nds,Toy Shop (USA),玩具店（美版）,NDS#6691,3.56MB
nds,"Toy Shop Tycoon (Europe) (En,Fr,De,Es,It,Pt)","玩具商店（欧版） (En,Fr,De,Es,It,Pt)",NDS#6692,5.44MB
nds,"Toy Story 3 (Europe) (En,Fr,De,Es,It,Nl) (NDSi Enhanced)","玩具总动员3（欧版） (En,Fr,De,Es,It,Nl) (NDSi Enhanced)",NDS#6693,28.99MB
nds,"Toy Story 3 (Europe) (En,Sv,No,Da,Fi) (NDSi Enhanced)","玩具总动员3（欧版） (En,Sv,No,Da,Fi) (NDSi Enhanced)",NDS#6694,28.29MB
nds,Toy Story 3 (Japan) (NDSi Enhanced),玩具总动员3（日版） (NDSi Enhanced),NDS#6695,25.60MB
nds,"Toy Story 3 (USA) (En,Fr,Es) (NDSi Enhanced)","玩具总动员3（美版） (En,Fr,Es) (NDSi Enhanced)",NDS#6696,32.05MB
nds,"Toy Story 3 - To The Rescue! Edition (USA) (En,Fr,Es) (Target Exclusive) (NDSi Enhanced)",,NDS#6697,32.05MB
nds,Tozasareta Byoutou - Dementium II (Japan),疯魔医院2（日版）,NDS#6698,35.20MB
nds,Trace Memory (USA),双重记忆（美版）,NDS#6699,22.10MB
nds,"TrackMania DS (Europe) (En,Fr,De,Es,It)","赛道狂飙DS（欧版） (En,Fr,De,Es,It)",NDS#6700,25.27MB
nds,"TrackMania DS (USA) (En,Fr,Es)","赛道狂飙DS（美版） (En,Fr,Es)",NDS#6701,25.53MB
nds,"TrackMania Turbo (Europe) (En,Fr,De,Es,It)","赛道狂飙（欧版） (En,Fr,De,Es,It)",NDS#6702,28.20MB
nds,"TrackMania Turbo (USA) (En,Fr,Es)","赛道狂飙（美版） (En,Fr,Es)",NDS#6703,28.24MB
nds,Transformers - Autobots (France),变形金刚-博派（法国版）,NDS#6704,38.00MB
nds,Transformers - Autobots (France) (Rev 1),变形金刚-博派（法国版） （修正版 1）,NDS#6705,38.04MB
nds,Transformers - Autobots (Germany),变形金刚-博派（德国版）,NDS#6706,38.35MB
nds,Transformers - Autobots (Germany) (Rev 1),变形金刚-博派（德国版） （修正版 1）,NDS#6707,38.38MB
nds,Transformers - Autobots (Italy),变形金刚-博派（意大利版）,NDS#6708,39.05MB
nds,Transformers - Autobots (Spain),变形金刚-博派（西班牙版）,NDS#6709,37.96MB
nds,Transformers - Autobots (Spain) (Rev 1),变形金刚-博派（西班牙版） （修正版 1）,NDS#6710,38.00MB
nds,Transformers - Autobots (United Kingdom),变形金刚-博派(United Kingdom),NDS#6711,38.21MB
nds,Transformers - Autobots (United Kingdom) (Rev 1),变形金刚-博派(United Kingdom) （修正版 1）,NDS#6712,38.24MB
nds,Transformers - Autobots (USA),变形金刚-博派（美版）,NDS#6713,38.30MB
nds,Transformers - Autobots (USA) (Rev 1),变形金刚-博派（美版） （修正版 1）,NDS#6714,38.30MB
nds,"Transformers - Dark of the Moon - Autobots (Europe) (En,Fr,De,Es,It)","变形金刚-月黑之时博派（欧版） (En,Fr,De,Es,It)",NDS#6715,40.20MB
nds,"Transformers - Dark of the Moon - Autobots (USA) (En,Fr)","变形金刚-月黑之时博派（美版） (En,Fr)",NDS#6716,23.96MB
nds,"Transformers - Dark of the Moon - Decepticons (Europe) (En,Fr,De,Es,It)","变形金刚-月黑之时狂派（欧版） (En,Fr,De,Es,It)",NDS#6717,43.16MB
nds,"Transformers - Dark of the Moon - Decepticons (USA) (En,Fr)","变形金刚-月黑之时狂派（美版） (En,Fr)",NDS#6718,25.63MB
nds,Transformers - Decepticons (Europe),变形金刚-狂派（欧版）,NDS#6719,35.40MB
nds,Transformers - Decepticons (Europe) (Rev 1),变形金刚-狂派（欧版） （修正版 1）,NDS#6720,35.44MB
nds,Transformers - Decepticons (France),变形金刚-狂派（法国版）,NDS#6721,35.42MB
nds,Transformers - Decepticons (Germany),变形金刚-狂派（德国版）,NDS#6722,36.49MB
nds,Transformers - Decepticons (Italy),变形金刚-狂派（意大利版）,NDS#6723,37.01MB
nds,Transformers - Decepticons (Spain),变形金刚-狂派（西班牙版）,NDS#6724,35.36MB
nds,Transformers - Decepticons (Spain) (Rev 1),变形金刚-狂派（西班牙版） （修正版 1）,NDS#6725,35.39MB
nds,Transformers - Decepticons (USA),变形金刚-狂派（美版）,NDS#6726,35.44MB
nds,Transformers - Decepticons (USA) (Rev 1),变形金刚-狂派（美版） （修正版 1）,NDS#6727,35.44MB
nds,Transformers - Kampf um Cybertron - Autobots (Germany),变形金刚-塞伯坦之战-博派（德国版）,NDS#6728,34.58MB
nds,Transformers - Kampf um Cybertron - Deceptions (Germany),变形金刚-塞伯坦之战-狂派（德国版）,NDS#6729,33.67MB
nds,"Transformers - Revenge of the Fallen - Autobots Version (Europe) (De,Es,It)","变形金刚-复仇之战-博派（欧版） (De,Es,It)",NDS#6730,38.05MB
nds,"Transformers - Revenge of the Fallen - Autobots Version (Europe) (En,Fr)","变形金刚-复仇之战-博派（欧版） (En,Fr)",NDS#6731,31.45MB
nds,"Transformers - Revenge of the Fallen - Autobots Version (USA) (En,Fr)","变形金刚-复仇之战-博派（美版） (En,Fr)",NDS#6732,31.45MB
nds,"Transformers - Revenge of the Fallen - Decepticons Version (Europe) (De,Es,It)","变形金刚-复仇之战-狂派（欧版） (De,Es,It)",NDS#6733,39.11MB
nds,"Transformers - Revenge of the Fallen - Decepticons Version (Europe) (En,Fr)","变形金刚-复仇之战-狂派（欧版） (En,Fr)",NDS#6734,32.42MB
nds,"Transformers - Revenge of the Fallen - Decepticons Version (USA) (En,Fr)","变形金刚-复仇之战-狂派（美版） (En,Fr)",NDS#6735,32.42MB
nds,"Transformers - Ultimate Autobots Edition (Europe) (En,Fr,De,Es,It)",,NDS#6736,93.49MB
nds,"Transformers - Ultimate Autobots Edition (USA) (En,Fr)",,NDS#6737,60.49MB
nds,"Transformers - War for Cybertron - Autobots (Europe) (En,Fr)","变形金刚-塞伯坦之战-博派（欧版） (En,Fr)",NDS#6738,40.55MB
nds,"Transformers - War for Cybertron - Autobots (Europe) (Es,It)","变形金刚-塞伯坦之战-博派（欧版） (Es,It)",NDS#6739,40.56MB
nds,"Transformers - War for Cybertron - Autobots (USA) (En,Fr)","变形金刚-塞伯坦之战-博派（美版） (En,Fr)",NDS#6740,40.55MB
nds,"Transformers - War for Cybertron - Decepticons (Europe) (En,Fr)","变形金刚-塞伯坦之战-狂派（欧版） (En,Fr)",NDS#6741,39.30MB
nds,"Transformers - War for Cybertron - Decepticons (Europe) (Es,It)","变形金刚-塞伯坦之战-狂派（欧版） (Es,It)",NDS#6742,39.29MB
nds,"Transformers - War for Cybertron - Decepticons (USA) (En,Fr)","变形金刚-塞伯坦之战-狂派（美版） (En,Fr)",NDS#6743,39.30MB
nds,"Transformers Animated - The Game (Europe) (En,Fr,Es,It)","变形金刚-动画版（欧版） (En,Fr,Es,It)",NDS#6744,67.96MB
nds,Transformers Animated - The Game (USA),变形金刚-动画版（美版）,NDS#6745,34.43MB
nds,Transformers Demo Card (USA) (Demo) (Wi-Fi Kiosk),,NDS#6746,4.39MB
nds,"Transformers Prime (USA) (En,Fr)",,NDS#6747,80.10MB
nds,"Transformers Prime - The Game (Europe) (De,Sv)",,NDS#6748,80.45MB
nds,"Transformers Prime - The Game (Europe) (Es,It)",,NDS#6749,80.36MB
nds,"Transformers Prime - The Game (Europe) (Fr,Nl)",,NDS#6750,80.27MB
nds,Transformers Prime - The Game (United Kingdom),,NDS#6751,80.10MB
nds,"Trash Pack, The (Europe)",,NDS#6752,8.80MB
nds,"Trash Pack, The (USA)",,NDS#6753,8.80MB
nds,"Trauma Center - Under the Knife (Europe) (En,Fr,De,Es,It)","超执刀（欧版） (En,Fr,De,Es,It)",NDS#6754,7.43MB
nds,Trauma Center - Under the Knife (USA),超执刀（美版）,NDS#6755,5.59MB
nds,Trauma Center - Under the Knife 2 (USA),超执刀2（美版）,NDS#6756,32.17MB
nds,Trauma Center - Under the Knife 2 (USA) (Demo) (Kiosk),超执刀2（美版） （演示版） （商店演示版）,NDS#6757,10.37MB
nds,"Travel Coach - Europe 1 (Europe) (En,Fr,De,Es,It)","旅行教练-欧洲1（欧版） (En,Fr,De,Es,It)",NDS#6758,38.91MB
nds,"Travel Coach - Europe 2 (Europe) (En,De,Nl,El,Tr)","旅行教练-欧洲 2（欧版） (En,De,Nl,El,Tr)",NDS#6759,41.30MB
nds,"Travel Coach - Europe 3 (Europe) (En,De,Pl,Ru,Cs)","旅行教练-欧洲 3（欧版） (En,De,Pl,Ru,Cs)",NDS#6760,43.44MB
nds,"Travel Games for Dummies (Europe) (En,Fr,De,Es,It)","傻瓜的旅行游戏（欧版） (En,Fr,De,Es,It)",NDS#6761,9.86MB
nds,Travel Games for Dummies (USA),傻瓜的旅行游戏（美版）,NDS#6762,9.72MB
nds,Treasure Gaust - Gaust Diver - Crimson Red (Japan),磁幽灵机器人-绯红版（日版）,NDS#6763,12.83MB
nds,Treasure Gaust - Gaust Diver - Deep Blue (Japan),磁幽灵猎人深蓝版（日版）,NDS#6764,12.83MB
nds,"Treasure Master (Europe) (En,Fr,De,Nl)",,NDS#6765,8.69MB
nds,Treasure Report - Kikai Jikake no Isan (Japan),夺宝报告-机械机关的遗产（日版）,NDS#6766,79.38MB
nds,Treasure World (USA),珍宝世界（美版）,NDS#6767,13.14MB
nds,"Treasures of Montezuma 2, The (Europe) (En,Fr,De,Nl)",,NDS#6768,3.72MB
nds,"Treasures of Montezuma, The (Europe) (En,Fr,De,Es,It,Nl)","蒙特祖马的宝藏（欧版） (En,Fr,De,Es,It,Nl)",NDS#6769,4.30MB
nds,"Treasures of Montezuma, The (USA)",蒙特祖马的宝藏（美版）,NDS#6770,4.30MB
nds,Trick - DS Ban - Kakushigami no Sumu Yakata (Japan),圈套DS版-掳人犯藏身处（日版）,NDS#6771,24.13MB
nds,"Trioncube (Europe) (En,Fr,De,Es,It)","小鸟方块（欧版） (En,Fr,De,Es,It)",NDS#6772,4.17MB
nds,Trioncube (USA),小鸟方块（美版）,NDS#6773,2.96MB
nds,"TRON - Evolution (Europe) (En,Fr,De,Es,It,Nl) (NDSi Enhanced)","电子世界争霸战（欧版） (En,Fr,De,Es,It,Nl) (NDSi Enhanced)",NDS#6774,22.99MB
nds,"TRON - Evolution (Europe) (En,Sv,No,Da) (NDSi Enhanced)","电子世界争霸战（欧版） (En,Sv,No,Da) (NDSi Enhanced)",NDS#6775,22.92MB
nds,"TRON - Evolution (USA) (En,Fr,Es) (NDSi Enhanced)","电子世界争霸战（美版） (En,Fr,Es) (NDSi Enhanced)",NDS#6776,27.76MB
nds,"Tropical Lost Island (Europe) (En,De,Nl)","热带迷失的小岛（欧版） (En,De,Nl)",NDS#6777,7.73MB
nds,"Tropical Lost Island (Europe) (En,Fr,De,Nl) (Rev 1)","热带迷失的小岛（欧版） (En,Fr,De,Nl) （修正版 1）",NDS#6778,7.73MB
nds,"Tropix! ...Your Island Getaway (USA) (En,Fr,De,Es,It)","猴岛大冒险（美版） (En,Fr,De,Es,It)",NDS#6779,6.46MB
nds,True Swing Golf (USA) (Demo) (Kiosk),真实挥杆高尔夫（美版） （演示版） （商店演示版）,NDS#6780,4.19MB
nds,"True Swing Golf (USA) (En,Ja,Fr,De,Es,It)","真实挥杆高尔夫（美版） (En,Ja,Fr,De,Es,It)",NDS#6781,19.77MB
nds,Tsubasa Chronicle (Japan),Tsubasa之翼（日版）,NDS#6782,16.04MB
nds,Tsubasa Chronicle Vol. 2 (Japan),翼-年代记2（日版）,NDS#6783,22.42MB
nds,Tsuji Gakuen Tsuji Cooking Kanshuu - Koharu no DS Uchigohan. - Shokuji Balance Guide Tsuki (Japan),辻学园-辻大厨师主编的平衡膳食指南（日版）,NDS#6784,23.57MB
nds,Tsuji Gakuen Tsuji Cooking Kanshuu - Koharu no DS Uchigohan. - Shokuji Balance Guide Tsuki (Japan) (Promo),辻学园-辻大厨师主编的平衡膳食指南（日版） (Promo),NDS#6785,23.57MB
nds,Tsukibito (Japan),守护者（日版）,NDS#6786,25.89MB
nds,"Tsumiki - Block Drop Mania (USA) (En,Fr,Es)",,NDS#6787,21.22MB
nds,"Tsumiki - The Infernal Tower (Europe) (En,Fr,De,Es,It)","积木方块（欧版） (En,Fr,De,Es,It)",NDS#6788,21.26MB
nds,Tsunagete! Pipe Mania (Japan),疯狂大接管（日版）,NDS#6789,10.41MB
nds,Tsunde Tsumikiss (Japan),堆积木（日版）,NDS#6790,21.05MB
nds,Tsuzuke Rarenai Otona no Tame no Metabo Dasshutsu Training (Japan),大人们也不能逃脱的健康训练（日版）,NDS#6791,6.52MB
nds,"Turbo - Super Stunt Squad (Europe) (En,Fr,De,Es,It)",,NDS#6792,10.13MB
nds,"Turbo - Super Stunt Squad (USA) (En,Fr,Es)",,NDS#6793,8.44MB
nds,Turn It Around (Europe),旋转滚球（欧版）,NDS#6794,10.74MB
nds,Turn It Around (USA),旋转滚球（美版）,NDS#6795,10.59MB
nds,Tus Amigos de Disney (Spain),迪斯尼朋友（西班牙版）,NDS#6796,29.94MB
nds,TV Anime Fairy Tail - Gekitou! Madoushi Kessen (Japan),FAIRY TAIL 魔导少年-激斗!魔导士决战（日版）,NDS#6797,17.59MB
nds,Twilight Syndrome - Kinjirareta Toshi Densetsu (Japan),恐怖校园-禁锢都市传说（日版）,NDS#6798,64.49MB
nds,U-Can - Penji Training DS (Japan),U-Can 钢笔字练习DS（日版）,NDS#6799,6.27MB
nds,Uchi no 3 Shimai DS (Japan),我家的三姊妹DS（日版）,NDS#6800,8.58MB
nds,Uchi no 3 Shimai DS 2 - 3 Shimai no Odekake Daisakusen (Japan),我家的三姊妹DS2（日版）,NDS#6801,16.33MB
nds,Uchi no 3 Shimai no Karaoke Utagassen & Party Game (Japan),我家的三姊妹-卡拉OK会战&派对游戏（日版）,NDS#6802,19.07MB
nds,Uchida Yasuo DS Mystery - Meitantei Asami Mitsuhiko Series 'Fukutoshin Renzoku Satsujin Jiken' (Japan),内田康夫 DS 悬疑事件-名侦探浅见光彦系列-副都心连续杀人事件（日版）,NDS#6803,37.38MB
nds,Ukkari o Nakusou Bunshou Yomi Training - Yomitore (Japan),消除迷糊!文章阅读训练（日版）,NDS#6804,11.19MB
nds,"Ultimate Band (Europe) (En,Fr,De,Es,It,Nl)","终极乐队（欧版） (En,Fr,De,Es,It,Nl)",NDS#6805,42.32MB
nds,"Ultimate Band (USA) (En,Fr,Es)","终极乐队（美版） (En,Fr,Es)",NDS#6806,46.48MB
nds,Ultimate Card Games (USA),,NDS#6807,3.57MB
nds,Ultimate Game Room (USA),终极游戏屋（美版）,NDS#6808,2.51MB
nds,"Ultimate Mortal Kombat (Europe) (En,Fr,De,Es,It)","终极真人快打（欧版） (En,Fr,De,Es,It)",NDS#6809,27.64MB
nds,"Ultimate Mortal Kombat (USA) (En,Fr,De,Es,It)","终极真人快打（美版） (En,Fr,De,Es,It)",NDS#6810,27.64MB
nds,Ultimate Puzzle Games - Sudoku Edition (USA),终极解迷游戏-数独（美版）,NDS#6811,1.01MB
nds,Ultimate Spider-Man (Europe),终极蜘蛛侠（欧版）,NDS#6812,51.00MB
nds,Ultimate Spider-Man (France),终极蜘蛛侠（法国版）,NDS#6813,50.18MB
nds,Ultimate Spider-Man (Germany),终极蜘蛛侠（德国版）,NDS#6814,50.05MB
nds,Ultimate Spider-Man (Italy),终极蜘蛛侠（意大利版）,NDS#6815,50.38MB
nds,Ultimate Spider-Man (Japan),终极蜘蛛侠（日版）,NDS#6816,49.71MB
nds,Ultimate Spider-Man (Spain),终极蜘蛛侠（西班牙版）,NDS#6817,48.69MB
nds,Ultimate Spider-Man (USA),终极蜘蛛侠（美版）,NDS#6818,51.00MB
nds,Umezawa Yukari no Yasashii Igo (Japan),梅泽由香里的简单围棋（日版）,NDS#6819,12.61MB
nds,Umihara Kawase Shun - Second Edition Kanzen Ban (Japan),海腹川背·旬 - 第二版完全版（日版）,NDS#6820,14.55MB
nds,Umiuru to Sudoku Shiyo! - Nikoli Gensen 7 Dai Puzzle 555 Mon (Japan),永不厌倦的数独!-精选7大谜题555问（日版）,NDS#6821,1.79MB
nds,"Undercover - Dual Motives (Europe) (En,Fr,De,Es,It)","秘密行动-双重动机（欧版） (En,Fr,De,Es,It)",NDS#6822,18.45MB
nds,Underground Pool (USA),地下台球（美版）,NDS#6823,2.67MB
nds,Underwater Attack (USA),水下攻击（美版）,NDS#6824,3.11MB
nds,"Underwater Puzzle - Echter Puzzlespass fuer Unterwegs (Europe) (En,Fr,De,Es,It)","拼图-水底世界（欧版） (En,Fr,De,Es,It)",NDS#6825,3.34MB
nds,Unknown Soldier - Mokuba no Houkou (Japan),无名英雄-木马的咆哮（日版）,NDS#6826,6.01MB
nds,"Uno 52 (Europe) (En,Fr,De,Es,It)","扑克52张（欧版） (En,Fr,De,Es,It)",NDS#6827,1.29MB
nds,Uno 52 (USA),扑克52张（美版）,NDS#6828,1.28MB
nds,Unoe Sangkwae Tongkwae - Teullin Geurim Jeonjip (Korea),右脑达人-爽解（韩国版）,NDS#6829,15.88MB
nds,Unou Ikusei - IQ Breeder - Pet to Nakayoku IQ Lesson (Japan),右脑育成 IQ训练-和宠物关系变好的 IQ 课程（日版）,NDS#6830,3.98MB
nds,Unou Kaiten - Match Bou Puzzle DS (Japan),右脑回转-火柴棒解谜DS（日版）,NDS#6831,640.33KB
nds,Unou no Tatsujin - GunBulleTrainer (Japan),右脑达人-加油训练（日版）,NDS#6832,8.95MB
nds,Unou no Tatsujin - Hirameki Kosodate My Angel (Japan),右脑达人育儿篇-我的天使（日版）,NDS#6833,11.10MB
nds,Unou no Tatsujin - Soukai! Machigai Museum (Japan),右脑达人-爽解!找错博物馆（日版）,NDS#6834,16.62MB
nds,Unou no Tatsujin - Soukai! Machigai Museum (Japan) (Rev 1),右脑达人-爽解!找错博物馆（日版） （修正版 1）,NDS#6835,19.01MB
nds,Unou no Tatsujin - Soukai! Machigai Museum 2 (Japan),爽解!右脑达人-找错博物馆2（日版）,NDS#6836,19.53MB
nds,Unou Nouryoku Check Machine - Touch de Unoo! DS (Japan),右脑能力检测机-触摸右脑DS（日版）,NDS#6837,17.56MB
nds,Unou Tanren Unotan DS - Shichida Shiki Otona no Shun Kan Training (Japan),右脑锻炼DS-七田式-大人的瞬间训练（日版）,NDS#6838,5.35MB
nds,Unou Tanren Unotan DS - Shichida Shiki Otona no Sokudoku Training (Japan),右脑锻炼DS-七田式大人-速读训练（日版）,NDS#6839,2.03MB
nds,"Unsolved Crimes (Europe) (En,Fr,De,Es,It)","未破案件（欧版） (En,Fr,De,Es,It)",NDS#6840,20.35MB
nds,Unsolved Crimes (USA),未破案件（美版）,NDS#6841,19.71MB
nds,"Up (Europe) (Fr,De,Nl)","飞屋环游记（欧版） (Fr,De,Nl)",NDS#6842,8.58MB
nds,"Up (Europe) (Sv,No,Da)","飞屋环游记（欧版） (Sv,No,Da)",NDS#6843,8.49MB
nds,Up (Greece),飞屋环游记(Greece),NDS#6844,8.23MB
nds,Up (Italy),飞屋环游记（意大利版）,NDS#6845,8.21MB
nds,Up (Korea) [b],飞屋环游记（韩国版） [b],NDS#6846,8.21MB
nds,Up (Spain),飞屋环游记（西班牙版）,NDS#6847,8.22MB
nds,Up (United Kingdom),飞屋环游记(United Kingdom),NDS#6848,8.19MB
nds,"Up (USA) (En,Fr)","飞屋环游记（美版） (En,Fr)",NDS#6849,8.49MB
nds,Uranai Demo Shite Miyouka DS (Japan),随性占卜DS（日版）,NDS#6850,6.43MB
nds,"Urbz, The - Sims in the City (Europe) (En,Fr,De,Es,It)","模拟人生（欧版） (En,Fr,De,Es,It)",NDS#6851,26.12MB
nds,"Urbz, The - Sims in the City (Japan)",模拟人生（日版）,NDS#6852,25.14MB
nds,"Urbz, The - Sims in the City (USA)",模拟人生（美版）,NDS#6853,25.09MB
nds,Urusei Yatsura - Endless Summer (Japan),福星小子:无尽之夏（日版）,NDS#6854,18.34MB
nds,"USA Today Crossword Challenge (USA) (En,Es)","美国今日填词挑战（美版） (En,Es)",NDS#6855,2.37MB
nds,USA Today Puzzle Craze (USA),今日美国狂热解谜（美版）,NDS#6856,3.23MB
nds,Usavich - Game no Jikan (Japan),,NDS#6857,5.08MB
nds,Utacchi (Japan),触摸歌唱（日版）,NDS#6858,33.57MB
nds,Utsukushii Nihongo no Kakikata Hanashikata DS (Japan),日本语学习DS-言叶的常识（日版）,NDS#6859,2.65MB
nds,Utsukushiku Narou - Duke Saraie no Kenkou Walking Navi (Japan),Duke更家的健康行走指导（日版）,NDS#6860,97.41MB
nds,Uwasa no Midori-kun!! - Natsuiro Striker (Japan),传言的翠君-夏色射手（日版）,NDS#6861,15.81MB
nds,Uwasa no Midori-kun!! 2 - Futari no Midori! (Japan),传言的翠君2-两个翠君（日版）,NDS#6862,33.26MB
nds,"V8 Supercars Australia 3 - Create & Race (Australia) (En,Fr,De,Es,It)","房车大赛-制造&竞赛（澳洲版） (En,Fr,De,Es,It)",NDS#6863,44.46MB
nds,Valentines Day (Europe),情人节（欧版）,NDS#6864,4.99MB
nds,Valkyrie Profile - Covenant of the Plume (Europe),北欧女神负罪之人（欧版）,NDS#6865,42.70MB
nds,Valkyrie Profile - Covenant of the Plume (USA),北欧女神负罪之人（美版）,NDS#6866,42.70MB
nds,Valkyrie Profile - Toga o Seou Mono (Japan),北欧女神-负罪者（日版）,NDS#6867,98.63MB
nds,Vampire Knight DS (Japan),吸血鬼骑士 DS（日版）,NDS#6868,169.24MB
nds,Vampire Legends - Power of Three (USA) (NDSi Enhanced),吸血鬼传奇-三人成行（美版） (NDSi Enhanced),NDS#6869,40.82MB
nds,"Vampire Moon - The Mystery of the Hidden Sun (Europe) (En,Fr,De,Es,It,Nl)","吸血鬼之月-隐藏的太阳之谜（欧版） (En,Fr,De,Es,It,Nl)",NDS#6870,18.42MB
nds,"Vampire Moon - The Mystery of the Hidden Sun (USA) (En,Fr,Es)","吸血鬼之月-隐藏的太阳之谜（美版） (En,Fr,Es)",NDS#6871,18.42MB
nds,Vecinos Invasores (Spain),篱笆墙外（西班牙版）,NDS#6872,21.53MB
nds,Vegas Casino (USA),维加斯赌场极端5（美版）,NDS#6873,5.27MB
nds,"Vegas Casino High 5! (Europe) (En,Fr,De,Es,It)","维加斯赌场极端5（欧版） (En,Fr,De,Es,It)",NDS#6874,5.25MB
nds,Veggy World (USA),,NDS#6875,2.82MB
nds,Veronica Poker (Netherlands),维罗妮卡扑克（荷兰版）,NDS#6876,2.01MB
nds,"Vicky the Viking - Part 2 (Europe) (En,Fr,De,Nl)",,NDS#6877,2.77MB
nds,"Victorious - Hollywood Arts Debut (Europe) (En,Fr,De,Es,It)",,NDS#6878,18.22MB
nds,"Victorious - Hollywood Arts Debut (USA) (En,Fr,De,Es,It)",,NDS#6879,18.22MB
nds,"Victorious - Taking the Lead (Europe) (En,Fr,De,Es,It)",,NDS#6880,9.25MB
nds,"Victorious - Taking the Lead (USA) (En,Fr,De,Es,It)",,NDS#6881,9.25MB
nds,"Vie d'Emma, La - Infirmiere de Choc (France)",埃玛-乱蓬蓬的护士（法国版）,NDS#6882,1.81MB
nds,"Vie d'Emma, La - Super Star (Europe) (En,Fr,It)","埃米莉-流行音乐明星（欧版） (En,Fr,It)",NDS#6883,3.44MB
nds,Viewtiful Joe - Double Trouble! (France),红侠乔伊-双重麻烦（法国版）,NDS#6884,18.96MB
nds,Viewtiful Joe - Double Trouble! (Germany),红侠乔伊-双重麻烦（德国版）,NDS#6885,18.94MB
nds,Viewtiful Joe - Double Trouble! (Italy),红侠乔伊-双重麻烦（意大利版）,NDS#6886,18.93MB
nds,Viewtiful Joe - Double Trouble! (Spain),红侠乔伊-双重麻烦（西班牙版）,NDS#6887,18.95MB
nds,Viewtiful Joe - Double Trouble! (United Kingdom),红侠乔伊-双重麻烦(United Kingdom),NDS#6888,18.93MB
nds,Viewtiful Joe - Double Trouble! (United Kingdom) (Demo) (Kiosk),红侠乔伊-双重麻烦(United Kingdom) （演示版） （商店演示版）,NDS#6889,15.67MB
nds,Viewtiful Joe - Double Trouble! (USA),红侠乔伊-双重麻烦（美版）,NDS#6890,18.94MB
nds,Viewtiful Joe - Scratch! (Japan),红侠JOE：双重麻烦（日版）,NDS#6891,18.98MB
nds,"VIP News (Europe) (En,De) (NDSi Enhanced)","VIP新闻（欧版） (En,De) (NDSi Enhanced)",NDS#6892,11.09MB
nds,"VIPs - Very Important Pets (Europe) (En,De) (NDSi Enhanced)",,NDS#6893,8.62MB
nds,Virtual Piano (Unknown) (Earlier) (Proto),,NDS#6894,3.92MB
nds,Virtual Piano (Unknown) (Later) (Proto),,NDS#6895,10.41MB
nds,"Virtual Villagers - A New Home (USA) (En,Fr,Es)","虚拟村民-新生家园（美版） (En,Fr,Es)",NDS#6896,9.07MB
nds,"Virtual Villagers - Erschaffe dein Paradies! (Europe) (En,Fr,De,Es,It)","虚拟村民（欧版） (En,Fr,De,Es,It)",NDS#6897,9.07MB
nds,"Visual Logic Training (Europe) (En,Fr,De,Es,It)","视觉逻辑训练（欧版） (En,Fr,De,Es,It)",NDS#6898,4.92MB
nds,"Vita di Emma, La - Professione Infermiera (Italy) (Fr,It)","震惊的埃玛护士（意大利版） (Fr,It)",NDS#6899,2.31MB
nds,VitaminX Evolution - Super Supplement Boys Goes On (Japan),维他命X 进化（日版）,NDS#6900,190.68MB
nds,VitaminX Evolution - Super Supplement Boys Goes On (Japan) (Rev 1),维他命X 进化（日版） （修正版 1）,NDS#6901,190.68MB
nds,VitaminY - Super Supplement Minigames with B6 & T6 (Japan),维他命Y（日版）,NDS#6902,43.46MB
nds,"Viva Pinata - Pocket Paradise (Europe) (En,Fr,De,Es,It,Nl,Sv,No,Da)","宝贝万岁-口袋天国（欧版） (En,Fr,De,Es,It,Nl,Sv,No,Da)",NDS#6903,95.65MB
nds,"Viva Pinata - Pocket Paradise (USA) (En,Fr,Es)","宝贝万岁-口袋天国（美版） (En,Fr,Es)",NDS#6904,95.65MB
nds,Voca Mania - Ameliore Ton Vocabulaire en T'Amusant! (France) [b],Voca Mania（法国版） [b],NDS#6905,9.07MB
nds,"VocabStar English Advanced (Europe) (En,Fr,De,Es,It)","VocabStar高级英语（欧版） (En,Fr,De,Es,It)",NDS#6906,27.34MB
nds,Vorschulspass mit Benjamin Bluemchen (Germany),本杰明（德国版）,NDS#6907,49.89MB
nds,"Wacky Races - Crash & Dash (Europe) (En,Fr,De,Es,It)","古怪赛车-冲撞（欧版） (En,Fr,De,Es,It)",NDS#6908,38.22MB
nds,"Wacky Races - Crash & Dash (USA) (En,Fr,De,Es,It)","古怪赛车-冲撞（美版） (En,Fr,De,Es,It)",NDS#6909,38.22MB
nds,Wagamama Fashion - Girls Mode (Japan),我们的时装店-女生风格（日版）,NDS#6910,47.07MB
nds,Wakabayashi Fumie no DS Kabu Lesson (Japan),若林史江的DS股票课程&#9834;（日版）,NDS#6911,12.92MB
nds,Waku Waku DS 1 Nensei (Japan),欢乐 DS 一年级（日版）,NDS#6912,14.33MB
nds,"Walk with Me! (Europe) (En,Fr,De,Es,It) (Rev 1)","步行理解生活节奏 DS（欧版） (En,Fr,De,Es,It) （修正版 1）",NDS#6913,10.26MB
nds,WALL-E (Europe),机器人瓦伊（欧版）,NDS#6914,17.37MB
nds,"WALL-E (Europe) (En,Sv,No,Da)","机器人瓦伊（欧版） (En,Sv,No,Da)",NDS#6915,17.39MB
nds,"WALL-E (Europe) (Es,Pt)","机器人瓦伊（欧版） (Es,Pt)",NDS#6916,17.39MB
nds,"WALL-E (Europe) (Fr,De,Nl)","机器人瓦伊（欧版） (Fr,De,Nl)",NDS#6917,17.39MB
nds,"WALL-E (Europe) (It,El)","机器人瓦伊（欧版） (It,El)",NDS#6918,17.40MB
nds,WALL-E (Japan),机器人瓦伊（日版）,NDS#6919,17.37MB
nds,WALL-E (Korea),机器人瓦伊（韩国版）,NDS#6920,17.37MB
nds,WALL-E (USA) (Demo) (Kiosk),机器人瓦伊（美版） （演示版） （商店演示版）,NDS#6921,1.21MB
nds,"WALL-E (USA) (En,Fr)","机器人瓦伊（美版） (En,Fr)",NDS#6922,17.37MB
nds,"WALL-E (USA) (En,Fr,Es) (Rev 1)","机器人瓦伊（美版） (En,Fr,Es) （修正版 1）",NDS#6923,17.39MB
nds,Wan Nyan Doubutsu Byouin (Akogare Girls Collection) (Japan),,NDS#6924,13.44MB
nds,Wantame Music Channel - Dokodemo Style (Japan),偶像小狗娱乐频道（日版）,NDS#6925,60.15MB
nds,Wantame Music Channel - Dokodemo Style (Japan) (Rev 2),偶像小狗娱乐频道（日版） （修正版 2）,NDS#6926,60.17MB
nds,Wantame Uranai Channel (Japan),偶像小狗占卜频道（日版）,NDS#6927,8.53MB
nds,Wantame Variety Channel (Japan),狗狗演出频道（日版）,NDS#6928,16.22MB
nds,"Wappy Dog (Europe) (En,Fr,De,Es,It)","电子宠物狗（欧版） (En,Fr,De,Es,It)",NDS#6929,5.50MB
nds,"Wappy Dog (USA) (En,Fr)","电子宠物狗（美版） (En,Fr)",NDS#6930,5.50MB
nds,"Warhammer 40,000 - Squad Command (Europe) (En,De)","战锤40K-小队指令（欧版） (En,De)",NDS#6931,16.10MB
nds,"Warhammer 40,000 - Squad Command (Europe) (En,Fr)","战锤40K-小队指令（欧版） (En,Fr)",NDS#6932,16.04MB
nds,"Warhammer 40,000 - Squad Command (Europe) (Es,It)","战锤40K-小队指令（欧版） (Es,It)",NDS#6933,16.29MB
nds,"Warhammer 40,000 - Squad Command (USA) (En,Fr)","战锤40K-小队指令（美版） (En,Fr)",NDS#6934,16.04MB
nds,"Wario - Master of Disguise (Europe) (En,Fr,De,Es,It)","瓦里奥-伪装大师（欧版） (En,Fr,De,Es,It)",NDS#6935,26.73MB
nds,"Wario - Master of Disguise (Europe) (En,Fr,De,Es,It) (Demo) (Kiosk)","瓦里奥-伪装大师（欧版） (En,Fr,De,Es,It) （演示版） （商店演示版）",NDS#6936,21.82MB
nds,Wario - Master of Disguise (USA),瓦里奥-伪装大师（美版）,NDS#6937,24.40MB
nds,Wario - Master of Disguise (USA) (Demo) (Kiosk),瓦里奥-伪装大师（美版） （演示版） （商店演示版）,NDS#6938,20.39MB
nds,WarioWare - D.I.Y. (USA),瓦里奥制造D.I.Y.（美版）,NDS#6939,6.44MB
nds,"WarioWare - Do It Yourself (Europe) (En,Fr,De,Es,It)","瓦里奥制造（欧版） (En,Fr,De,Es,It)",NDS#6940,9.34MB
nds,"WarioWare - Touched! (Europe) (En,Fr,De,Es,It)","瓦里奥制造-摸摸乐（欧版） (En,Fr,De,Es,It)",NDS#6941,15.14MB
nds,"WarioWare - Touched! (Europe) (En,Fr,De,Es,It) (Demo) (Kiosk)","瓦里奥制造-摸摸乐（欧版） (En,Fr,De,Es,It) （演示版） （商店演示版）",NDS#6942,5.96MB
nds,WarioWare - Touched! (USA),瓦里奥制造-摸摸乐（美版）,NDS#6943,15.42MB
nds,WarioWare - Touched! (USA) (Demo) (Kiosk),瓦里奥制造-摸摸乐（美版） （演示版） （商店演示版）,NDS#6944,5.41MB
nds,Warning - Code de la Route (France),警告-公路规则（法国版）,NDS#6945,29.04MB
nds,"Was Ist Was - Abenteuer Erde (Europe) (En,De)","什么是什么-地球冒险（欧版） (En,De)",NDS#6946,5.99MB
nds,"Was Ist Was - Versunkene Schaetze - Das Abenteuerspiel (Europe) (En,De)","什么是什么-沉船珍宝（欧版） (En,De)",NDS#6947,5.08MB
nds,Watashi no Cake-Ya-San - Happy Patissier Life (Japan),,NDS#6948,5.06MB
nds,Watashi no Happy Manner Book (Japan),我的快乐习惯手册（日版）,NDS#6949,12.29MB
nds,Watashi no Pony (Japan),我的小马（日版）,NDS#6950,18.88MB
nds,Watashi no Rilakkuma (Japan),我的懒懒熊（日版）,NDS#6951,9.59MB
nds,"Water Horse, The - Legend of the Deep (Europe) (En,Fr,De,Es,It,Nl,Pt,Sv,No,Da,Fi)","尼斯湖水怪-深水传说（欧版） (En,Fr,De,Es,It,Nl,Pt,Sv,No,Da,Fi)",NDS#6952,5.95MB
nds,Wazapon (Japan) (Unl),,NDS#6953,96.50KB
nds,"Wedding Dash (USA) (En,Fr)","婚礼进行曲（美版） (En,Fr)",NDS#6954,7.31MB
nds,"Wedding Planner - Dream Weddings Guaranteed (Europe) (En,De)",,NDS#6955,36.39MB
nds,"Wendy - Das Pferdehospital (Europe) (En,De)","温迪马匹学园（欧版） (En,De)",NDS#6956,11.87MB
nds,Western Riding Academy (USA),,NDS#6957,15.22MB
nds,Whac-A-Mole (USA),打地鼠（美版）,NDS#6958,2.28MB
nds,"What's Cooking - Jamie Oliver (Europe) (En,Fr,De,Es,It)","和大厨奥利弗一起做什么菜（欧版） (En,Fr,De,Es,It)",NDS#6959,9.66MB
nds,"What's Cooking - Jamie Oliver (USA) (En,Fr,Es)","和大厨奥利弗一起做什么菜（美版） (En,Fr,Es)",NDS#6960,9.11MB
nds,Wheel of Fortune (USA),幸运转盘（美版）,NDS#6961,12.99MB
nds,"Where the Wild Things Are (Europe) (En,Fr,De,Es,It)","野兽家园（欧版） (En,Fr,De,Es,It)",NDS#6962,5.55MB
nds,"Where the Wild Things Are (USA) (En,Fr,Es)","野兽家园（美版） (En,Fr,Es)",NDS#6963,5.55MB
nds,"Where's Waldo - The Fantastic Journey (USA) (En,Fr)","瓦尔多在哪-幻想之旅（美版） (En,Fr)",NDS#6964,40.75MB
nds,"Whitaker Family Presents, The - Horse Life (Europe) (En,Fr,De,Es,It,Nl,Pt)","惠特克家庭出品-赛马生活（欧版） (En,Fr,De,Es,It,Nl,Pt)",NDS#6965,7.78MB
nds,"Who Wants to Be a Millionaire (Europe) (En,Fr,De,Es,It,Nl)","谁想成为百万富翁（欧版） (En,Fr,De,Es,It,Nl)",NDS#6966,13.51MB
nds,Who Wants to Be a Millionaire (USA),谁想成为百万富翁（美版）,NDS#6967,6.44MB
nds,"Who Wants to Be a Millionaire - 2nd Edition (Europe) (En,Fr,De,Es,It,Nl)","谁想成为百万富翁2（欧版） (En,Fr,De,Es,It,Nl)",NDS#6968,13.35MB
nds,Wi-Fi Taiou - Gensen Table Game DS (Japan),Wi-Fi对应-严选桌面游戏DS（日版）,NDS#6969,3.03MB
nds,Wi-Fi Taiou - Morita Shougi DS (Japan),森田将棋DS（日版）,NDS#6970,9.42MB
nds,Wi-Fi Taiou - Sekai no Daredemo Asobi Taizen (Japan),WiFi对应-谁都能玩大全（日版）,NDS#6971,6.39MB
nds,Wi-Fi Taiou - Yakuman DS (Japan),Wi-Fi对庄役满DS（日版）,NDS#6972,5.29MB
nds,Wickey de Viking (Netherlands),维京时代-北海小英雄（荷兰版）,NDS#6973,11.74MB
nds,"Wickie und die Starken Maenner (Europe) (En,Fr,De)","北海小英雄（欧版） (En,Fr,De)",NDS#6974,11.74MB
nds,"Wiffle Ball (Europe) (En,Fr,De,Es,It)","威浮棒球（欧版） (En,Fr,De,Es,It)",NDS#6975,3.70MB
nds,Wiffle Ball (USA),威浮棒球（美版）,NDS#6976,3.63MB
nds,"Wild West, The (USA)",狂野西部（美版）,NDS#6977,7.86MB
nds,"Wilden Huehner und die Jagd nach dem Rubinherz, Die (Germany) (En,De,Sv)","狂放的小鸡-狩猎红宝石（德国版） (En,De,Sv)",NDS#6978,1.98MB
nds,Will o' Wisp DS (Japan),绯色流星DS（日版）,NDS#6979,157.22MB
nds,Willi Wills Wissen - Notruf - Retter im Einsatz (Germany),紧急呼叫-就业的救助者（德国版）,NDS#6980,12.11MB
nds,"Willkommen in der Steinzeit - Ueberleben Ist Alles! (Europe) (En,Fr,De,Es,It)","欢迎来到石器时代（欧版） (En,Fr,De,Es,It)",NDS#6981,13.31MB
nds,"Willy Vandersteen Suske en Wiske - De Texas Rakkers (Europe) (Fr,Nl)","卢克和露茜 - 德州游侠（欧版） (Fr,Nl)",NDS#6982,6.55MB
nds,Windy x Windam (Japan),飞空格斗（日版）,NDS#6983,3.73MB
nds,Windy x Windam (USA),飞空格斗（美版）,NDS#6984,3.72MB
nds,Wine no Hajimekata DS (Japan),葡萄酒的诞生DS（日版）,NDS#6985,5.94MB
nds,Winnetoons - Die Legende vom Schatz im Silbersee (Germany),银色湖珍宝传说（德国版）,NDS#6986,7.64MB
nds,Winnie the Pooh - Kuma no Puu-san - 100 Acre no Mori no Cooking Book (Japan),,NDS#6987,34.62MB
nds,"Winning Eleven - Pro Evolution Soccer 2007 (USA) (En,Es)","胜利11人足球2007（美版） (En,Es)",NDS#6988,16.10MB
nds,"Winter in Blue Mountain (Europe) (En,De,Sv,No,Da)","蓝山之冬（欧版） (En,De,Sv,No,Da)",NDS#6989,29.54MB
nds,"Winter Sports 2 - The Next Challenge (USA) (En,Fr,De,Es,It)","冬季运动 2-下一次挑战（美版） (En,Fr,De,Es,It)",NDS#6990,18.61MB
nds,"Winter Sports 2009 - The Next Challenge (Europe) (En,Fr,De,Es,It)","冬季运动会2009（欧版） (En,Fr,De,Es,It)",NDS#6991,18.63MB
nds,Winter's Tail - How One Little Dolphin Learned to Swim Again (USA),冬天的故事（美版）,NDS#6992,8.65MB
nds,"Winx Club - Believix in You! (Europe) (En,Fr,De,Es,It)","魔法俏佳人-你的信念（欧版） (En,Fr,De,Es,It)",NDS#6993,3.99MB
nds,"Winx Club - Magical Fairy Party (Europe) (En,Fr,De,Es,It)",,NDS#6994,12.64MB
nds,"Winx Club - Magical Fairy Party (USA) (En,Fr,Es)",,NDS#6995,12.64MB
nds,"Winx Club - Mission Enchantix (Europe) (En,Fr,De,Es,It)","魔法俏佳人3（欧版） (En,Fr,De,Es,It)",NDS#6996,24.52MB
nds,"Winx Club - Mission Enchantix (USA) (En,Fr,De,Es,It)","魔法俏佳人3（美版） (En,Fr,De,Es,It)",NDS#6997,24.57MB
nds,"Winx Club - Quest for the Codex (Europe) (En,Fr,De,Es,It)","魔法俏佳人-法典的任务（欧版） (En,Fr,De,Es,It)",NDS#6998,9.89MB
nds,Winx Club - Quest for the Codex (USA),魔法俏佳人-法典的任务（美版）,NDS#6999,9.89MB
nds,"Winx Club - Rockstars (Europe) (En,Es)","魔法俏佳人-摇滚明星（欧版） (En,Es)",NDS#7000,86.08MB
nds,Winx Club - Rockstars (France) [b],魔法俏佳人-摇滚明星（法国版） [b],NDS#7001,84.62MB
nds,Winx Club - Rockstars (Germany),魔法俏佳人-摇滚明星（德国版）,NDS#7002,91.52MB
nds,Winx Club - Rockstars (Italy),魔法俏佳人-摇滚明星（意大利版）,NDS#7003,84.82MB
nds,"Winx Club - Saving Alfea (Europe) (En,Fr,De,Es,It,Pt)",,NDS#7004,16.14MB
nds,"Winx Club - Saving Alfea (USA) (En,Fr,Es)",,NDS#7005,16.14MB
nds,"Winx Club - Secret Diary 2009 (Europe) (En,Fr,De,Es,It)","魔法俏佳人 2009（欧版） (En,Fr,De,Es,It)",NDS#7006,3.93MB
nds,"Winx Club - Your Magic Universe (Europe) (En,Fr,De,Es,It)","魔法俏佳人-你的信念（欧版） (En,Fr,De,Es,It)",NDS#7007,21.16MB
nds,Wipeout - The Game (USA),失败-游戏版（美版）,NDS#7008,12.46MB
nds,Wipeout 2 (USA),真人秀2（美版）,NDS#7009,26.30MB
nds,"WireWay (Europe) (En,Fr,De,Es,It)","线索越野（欧版） (En,Fr,De,Es,It)",NDS#7010,16.12MB
nds,WireWay (Japan),线索越野（日版）,NDS#7011,16.12MB
nds,"WireWay (USA) (En,Fr,Es)","线索越野（美版） (En,Fr,Es)",NDS#7012,16.12MB
nds,Wish Room - Tenshi no Kioku (Japan),愿望之屋-天使的记忆（日版）,NDS#7013,64.10MB
nds,Witch Tale - Minarai Majo to 7-nin no Hime (Japan),魔女传说-见习魔女与 7 公主（日版）,NDS#7014,82.39MB
nds,"Witch's Tale, A (USA)",魔女传说-见习魔女和七公主（美版）,NDS#7015,82.44MB
nds,Witch's Wish (USA),魔女的心愿（美版）,NDS#7016,21.31MB
nds,"Witches & Vampires - Ghost Pirates of Ashburry (Europe) (En,De) (VWVP) (NDSi Enhanced)","女巫与吸血鬼-阿什伯里幽灵海盗（欧版） (En,De) (VWVP) (NDSi Enhanced)",NDS#7017,40.83MB
nds,"Witches & Vampires - Ghost Pirates of Ashburry (Europe) (En,De) (VWVV) (NDSi Enhanced)","女巫与吸血鬼-阿什伯里幽灵海盗（欧版） (En,De) (VWVV) (NDSi Enhanced)",NDS#7018,40.82MB
nds,"Witches & Vampires - The Secrets of Ashburry (Europe) (En,De)","女巫和吸血鬼-阿什堡的秘密（欧版） (En,De)",NDS#7019,19.96MB
nds,Witches & Vampires - The Secrets of Ashburry (Netherlands),女巫和吸血鬼-阿什堡的秘密（荷兰版）,NDS#7020,19.81MB
nds,Witches & Vampires - The Secrets of Ashburry (USA),女巫和吸血鬼-阿什堡的秘密（美版）,NDS#7021,19.85MB
nds,"Wizard of Oz, The - Beyond the Yellow Brick Road (USA)",绿野仙踪（美版）,NDS#7022,76.58MB
nds,Wizardry - Boukyaku no Isan (Japan),巫术-忘却的遗产（日版）,NDS#7023,22.95MB
nds,Wizardry - Inochi no Kusabi (Japan),巫术-生命之楔（日版）,NDS#7024,18.94MB
nds,Wizardry Asterisk - Hiiro no Fuuin (Japan),巫术之星:绯色之封印（日版）,NDS#7025,14.96MB
nds,"Wizards of Waverly Place (Europe) (En,Fr,De,Es,It,Nl)","少年魔法师（欧版） (En,Fr,De,Es,It,Nl)",NDS#7026,24.37MB
nds,"Wizards of Waverly Place (USA) (En,Fr,Es)","少年魔法师（美版） (En,Fr,Es)",NDS#7027,25.50MB
nds,"Wizards of Waverly Place - Spellbound (Europe) (En,De,It)","少年魔法师-时尚秀（欧版） (En,De,It)",NDS#7028,12.16MB
nds,Wizards of Waverly Place - Spellbound (USA),少年魔法师-时尚秀（美版）,NDS#7029,16.66MB
nds,WiZmans World (Japan),魔法师世界（日版）,NDS#7030,28.69MB
nds,"Wo auf der Welt Ist Carmen Sandiego - Das Geheimnis am Ende der Welt (Europe) (De,Es)","哪儿是卡门圣迭戈的隐藏处-在世界的末端秘密（欧版） (De,Es)",NDS#7031,24.57MB
nds,Wonder Pets! - Save the Animals! (Europe),神奇的宠物-拯救动物（欧版）,NDS#7032,5.87MB
nds,Wonder Pets! - Save the Animals! (USA),神奇的宠物-拯救动物（美版）,NDS#7033,5.87MB
nds,Wonder World - Amusement Park (Europe),仙境娱乐公园（欧版）,NDS#7034,8.55MB
nds,Wonder World - Amusement Park (USA),仙境娱乐公园（美版）,NDS#7035,8.48MB
nds,"Woodleys, The - Summer Sports (Europe) (En,Fr,De,It)","Woodleys夏季运动会（欧版） (En,Fr,De,It)",NDS#7036,18.01MB
nds,Word Academy (Europe),单词学院（欧版）,NDS#7037,8.54MB
nds,Wordfish (USA),单词鱼（美版）,NDS#7038,8.54MB
nds,WordJong (Europe),字母牌迷题（欧版）,NDS#7039,3.72MB
nds,WordJong (USA),字母牌迷题（美版）,NDS#7040,3.80MB
nds,Wordmaster (Europe),词汇大师（欧版）,NDS#7041,3.25MB
nds,Wordmaster (USA),词汇大师（美版）,NDS#7042,3.25MB
nds,"World Championship Games - A Track & Field Event (USA) (En,Fr,Es)","世界杯游戏-田径赛（美版） (En,Fr,Es)",NDS#7043,4.71MB
nds,World Championship Poker - Deluxe Series (Europe),世界冠军扑克:豪华系列（欧版）,NDS#7044,9.09MB
nds,World Championship Poker - Deluxe Series (USA),世界冠军扑克:豪华系列（美版）,NDS#7045,9.18MB
nds,"World Championship Spelling (USA) (En,Fr)",,NDS#7046,8.84MB
nds,"World Championship Sports - Summer (Europe) (En,Fr,De,Es,It)","世界冠军运动-夏季（欧版） (En,Fr,De,Es,It)",NDS#7047,14.78MB
nds,"World Cup of Pool (Europe) (En,Fr,De,Es,It)","世界杯花式台球双打（欧版） (En,Fr,De,Es,It)",NDS#7048,13.95MB
nds,World Cup of Pool (USA),世界杯花式台球双打（美版）,NDS#7049,13.96MB
nds,World Destruction - Michibikareshi Ishi (Japan),灭世纪-被引导的意志（日版）,NDS#7050,89.81MB
nds,"World Ends with You, The (Europe)",美妙世界（欧版）,NDS#7051,63.85MB
nds,"World Ends with You, The (USA)",美妙世界（美版）,NDS#7052,63.86MB
nds,"World of Golden Eggs, The - Nori Nori Uta Dekichatte Kei (Japan)",金蛋世界-畅快写歌系（日版）,NDS#7053,28.32MB
nds,"World of Zoo (Europe) (En,Fr,De,Es,It,Nl,Sv,Da)","动物园世界（欧版） (En,Fr,De,Es,It,Nl,Sv,Da)",NDS#7054,19.30MB
nds,"World of Zoo (USA) (En,Fr)","动物园世界（美版） (En,Fr)",NDS#7055,19.26MB
nds,World Series of Poker 2008 - The Official Video Game - Battle for the Bracelets (Europe),世界扑克锦标赛2008-王者之争（欧版）,NDS#7056,24.68MB
nds,World Series of Poker 2008 - The Official Video Game - Battle for the Bracelets (USA),世界扑克锦标赛2008-王者之争（美版）,NDS#7057,24.68MB
nds,World Snooker Championship - Season 2007-08 (Europe),世界斯诺克冠军赛 07-08（欧版）,NDS#7058,25.48MB
nds,World Soccer - Winning Eleven DS (Japan),世界足球-胜利11人DS（日版）,NDS#7059,15.74MB
nds,World Soccer - Winning Eleven DS (Korea),世界足球-胜利11人DS（韩国版）,NDS#7060,15.83MB
nds,World Soccer Winning Eleven DS - Goal x Goal! (Japan),胜利11人DS-目标x进球（日版）,NDS#7061,31.52MB
nds,"Worms - Open Warfare (Europe) (En,Fr,De,Es,It)","百战天虫-开战（欧版） (En,Fr,De,Es,It)",NDS#7062,7.97MB
nds,Worms - Open Warfare (USA),百战天虫-开战（美版）,NDS#7063,7.97MB
nds,"Worms - Open Warfare 2 (Europe) (En,Fr,De,Es,It)","百战天虫-开战2（欧版） (En,Fr,De,Es,It)",NDS#7064,14.31MB
nds,"Worms - Open Warfare 2 (USA) (En,Fr)","百战天虫-开战2（美版） (En,Fr)",NDS#7065,14.31MB
nds,"Wreck-It Ralph (Europe) (En,Fr,De,Es,It,Nl,Sv)",,NDS#7066,46.04MB
nds,"Wreck-It Ralph (USA) (En,Fr)",,NDS#7067,22.90MB
nds,WWE SmackDown dae Raw 2008 Featuring ECW (Korea),美国职业摔跤联盟2008（韩国版）,NDS#7068,38.49MB
nds,WWE SmackDown dae Raw 2009 Featuring ECW (Korea) [b],美国职业摔跤联盟 2009（韩国版） [b],NDS#7069,68.45MB
nds,"WWE SmackDown vs Raw 2008 Featuring ECW (Europe) (En,De,Es,It)","美国职业摔跤联盟2008（欧版） (En,De,Es,It)",NDS#7070,38.58MB
nds,WWE SmackDown vs Raw 2008 Featuring ECW (United Kingdom),美国职业摔跤联盟2008(United Kingdom),NDS#7071,38.59MB
nds,WWE SmackDown vs Raw 2008 Featuring ECW (USA),美国职业摔跤联盟2008（美版）,NDS#7072,38.59MB
nds,"WWE SmackDown vs Raw 2009 Featuring ECW (Europe) (En,Fr,De,Es,It)","世界职业摔角联盟2009（欧版） (En,Fr,De,Es,It)",NDS#7073,68.21MB
nds,WWE SmackDown vs Raw 2009 Featuring ECW (United Kingdom),世界职业摔角联盟2009(United Kingdom),NDS#7074,68.21MB
nds,"WWE SmackDown vs Raw 2009 Featuring ECW (USA) (En,Fr)","世界职业摔角联盟2009（美版） (En,Fr)",NDS#7075,68.21MB
nds,"WWE SmackDown vs Raw 2010 Featuring ECW (Europe) (En,Fr,De,Es,It)","世界职业摔角联盟2010（欧版） (En,Fr,De,Es,It)",NDS#7076,78.40MB
nds,"WWE SmackDown vs Raw 2010 Featuring ECW (USA) (En,Fr,Es)","世界职业摔角联盟2010（美版） (En,Fr,Es)",NDS#7077,78.40MB
nds,"X-Men - Destiny (Europe) (En,De)","X战警-命运（欧版） (En,De)",NDS#7078,25.23MB
nds,X-Men - Destiny (USA),X战警-命运（美版）,NDS#7079,25.23MB
nds,"X-Men - The Official Game (Europe) (En,Fr,Es,It)","X战警：官方游戏（欧版） (En,Fr,Es,It)",NDS#7080,32.32MB
nds,X-Men - The Official Game (USA),X战警：官方游戏（美版）,NDS#7081,32.32MB
nds,"X-Men Origins - Wolverine (Europe) (En,Fr,De,Es,It)","X 战警前传-金刚狼（欧版） (En,Fr,De,Es,It)",NDS#7082,24.64MB
nds,"X-Men Origins - Wolverine (USA) (En,Fr)","X 战警前传-金刚狼（美版） (En,Fr)",NDS#7083,24.58MB
nds,Xenosaga I & II (Japan),异度传说1+2（日版）,NDS#7084,25.77MB
nds,"XG Blast! (Europe) (En,Fr,De,Es,It)","XG 爆破!（欧版） (En,Fr,De,Es,It)",NDS#7085,3.31MB
nds,"XG Blast! (USA) (En,Fr,De,Es,It)","XG 爆破!（美版） (En,Fr,De,Es,It)",NDS#7086,3.32MB
nds,"Xia-Xia (Europe) (En,Fr,De,Es,It,Nl)",,NDS#7087,2.24MB
nds,Xia-Xia (USA),,NDS#7088,2.21MB
nds,"Xiaolin Showdown (Europe) (En,Fr,De,Es,It)","少林决胜（欧版） (En,Fr,De,Es,It)",NDS#7089,40.05MB
nds,Xiaolin Showdown (USA),少林决胜（美版）,NDS#7090,40.05MB
nds,Yajuu Deka - Tokyo Douji Tahatsu Terror o Chinatsu Seyo! (Japan),野兽刑事-东京同时镇压多起恐怖行动（日版）,NDS#7091,16.61MB
nds,Yakitate!! Japan - Game Ichigou - Choujou Kessen!! Pantasic Grand Prix! (Japan),日式面包王（日版）,NDS#7092,14.68MB
nds,Yakuman DS (Japan),役满DS（日版）,NDS#7093,4.34MB
nds,"Yamaha Supercross (Europe) (En,Fr,De,Es,It)","雅马哈越野摩托车赛（欧版） (En,Fr,De,Es,It)",NDS#7094,3.34MB
nds,Yamaha Supercross (USA),雅马哈越野摩托车赛（美版）,NDS#7095,3.33MB
nds,Yamakawa Shuppansha Kanshuu - Shousetsu Nihonshi B - Shin Sougou Training Plus (Japan),,NDS#7096,13.50MB
nds,Yamakawa Shuppansha Kanshuu - Shousetsu Nihonshi B - Sougou Training (Japan),山川出版社监修-详说日本史B 综合训练（日版）,NDS#7097,12.04MB
nds,Yamakawa Shuppansha Kanshuu - Shousetsu Nihonshi B - Sougou Training (Japan) (Rev 1),山川出版社监修-详说日本史B 综合训练（日版） （修正版 1）,NDS#7098,12.04MB
nds,Yamakawa Shuppansha Kanshuu - Shousetsu Nihonshi B - Sougou Training (Japan) (Rev 2),山川出版社监修-详说日本史B 综合训练（日版） （修正版 2）,NDS#7099,12.04MB
nds,Yamakawa Shuppansha Kanshuu - Shousetsu Sekaishi B - Shin Sougou Training Plus (Japan),,NDS#7100,18.88MB
nds,Yamakawa Shuppansha Kanshuu - Shousetsu Sekaishi B - Sougou Training (Japan),山川出版社监修-详说世界史B 综合训练（日版）,NDS#7101,17.58MB
nds,Yamanote-sen Meimei 100 Shuunen Kinen - Densha de Go! - Tokubetsu Hen - Fukkatsu! Shouwa no Yamanote-sen (Japan),电车向前走!特别篇-复活!昭和山手线（日版）,NDS#7102,19.20MB
nds,Yangsonui Darin (Korea),手锻炼-理性的右手和感性的左手（韩国版）,NDS#7103,2.31MB
nds,"Yard Sale Hidden Treasures - Sunnyville (USA) (En,Fr,Es)","庭院小店的秘密宝藏（美版） (En,Fr,Es)",NDS#7104,8.68MB
nds,Yatsuhaka Mura (Japan),八墓村（日版）,NDS#7105,19.97MB
nds,Yatterman DS - Bikkuri Dokkiri Daisakusen da Koron (Japan),新时间飞船DS-噗通噗通大作战（日版）,NDS#7106,20.06MB
nds,Yatterman DS 2 - Bikkuri Dokkiri Animal Daibouken (Japan),新时间飞船DS2-噗通噗通大冒险（日版）,NDS#7107,38.81MB
nds,Yatterman DS 2 - Bikkuri Dokkiri Animal Daibouken (Japan) (Rev 1),新时间飞船DS2-噗通噗通大冒险（日版） （修正版 1）,NDS#7108,38.83MB
nds,Yawaraka Atama Juku (Japan),头脑补习班（日版）,NDS#7109,1017.14KB
nds,Yawaraka Atama Juku (Japan) (Demo) (Kiosk),头脑补习班（日版） （演示版） （商店演示版）,NDS#7110,997.11KB
nds,Yawaraka Atama Juku (Japan) (Rev 1),头脑补习班（日版） （修正版 1）,NDS#7111,1019.49KB
nds,Yawaraka Atama Juku (Japan) (Rev 2),头脑补习班（日版） （修正版 2）,NDS#7112,1018.75KB
nds,Yeoksa Simulation - Samgukji DS (Korea),三国志DS（韩国版）,NDS#7113,18.10MB
nds,Yes! PreCure 5 (Japan),Yes!光之美少女5（日版）,NDS#7114,10.30MB
nds,Yes! PreCure 5 Go Go! - Zenin Shuu-Go! Dream Festival (Japan),Yes!光之美少女5-GOGO!全员出动!梦幻祭（日版）,NDS#7115,32.40MB
nds,"Yeti Quest - Crazy Penguins (Europe) (Fr,De,Nl)",,NDS#7116,2.74MB
nds,Yggdra Unison - Seiken Buyuuden (Japan),公主同盟-圣剑武勇传（日版）,NDS#7117,10.29MB
nds,"Yogi Bear (USA) (En,Fr,De,Es,It)","瑜珈熊-电视游戏版（美版） (En,Fr,De,Es,It)",NDS#7118,8.02MB
nds,"Yogi Bear - The Video Game (Europe) (En,Fr,De,Es,It)","瑜珈熊-电视游戏版（欧版） (En,Fr,De,Es,It)",NDS#7119,8.02MB
nds,Yokojiku de Manabu Sekai no Rekishi - Yoko Gaku DS (Japan),以横轴学世界历史DS（日版）,NDS#7120,13.18MB
nds,Yokoyama Mitsuteru Sangokushi - Dai-1-kan - Touen no Chikai (Japan),横山光辉三国志第一卷-桃园之誓（日版）,NDS#7121,99.38MB
nds,Yokoyama Mitsuteru Sangokushi - Dai-2-kan - Ryofu no Matsuro (Japan),横山光辉三国志第二卷-吕布的末路（日版）,NDS#7122,83.45MB
nds,Yokoyama Mitsuteru Sangokushi - Dai-3-kan - Sanko no Rei (Japan),横山光辉三国志第三卷-三顾之礼（日版）,NDS#7123,87.20MB
nds,Yokoyama Mitsuteru Sangokushi - Dai-4-kan - Sangoku Teiritsu (Japan),横山光辉三国志第四卷-三国鼎立（日版）,NDS#7124,85.84MB
nds,Yokoyama Mitsuteru Sangokushi - Dai-5-kan - Suishi no Hyou (Japan),横山光辉三国志第五卷-出师之表（日版）,NDS#7125,82.46MB
nds,Yokoyama Mitsuteru Sangokushi - Dai-6-kan - Koumei no Yuigon (Japan),横山光辉三国志第五卷-孔明的遗言（日版）,NDS#7126,81.57MB
nds,Yomesou de Yomenai Kanji DS (Japan),教你学会念无法念的汉字（日版）,NDS#7127,2.93MB
nds,Yoshi Island DS (Japan),耀西岛DS（日版）,NDS#7128,18.66MB
nds,"Yoshi Touch & Go (Europe) (En,Fr,De,Es,It)","触!摸!耀西!（欧版） (En,Fr,De,Es,It)",NDS#7129,2.11MB
nds,"Yoshi Touch & Go (Europe) (En,Fr,De,Es,It) (Demo) (Kiosk)","触!摸!耀西!（欧版） (En,Fr,De,Es,It) （演示版） （商店演示版）",NDS#7130,2.13MB
nds,"Yoshi Touch & Go (USA, Australia)",触!摸!耀西!（美版 澳洲版）,NDS#7131,2.05MB
nds,"Yoshi's Island DS (Europe) (En,Fr,De,Es,It)","耀奇岛DS（欧版） (En,Fr,De,Es,It)",NDS#7132,18.57MB
nds,"Yoshi's Island DS (Europe) (En,Fr,De,Es,It) (Demo) (Kiosk)","耀奇岛DS（欧版） (En,Fr,De,Es,It) （演示版） （商店演示版）",NDS#7133,18.65MB
nds,"Yoshi's Island DS (Europe) (En,Fr,De,Es,It) (Rev 1)","耀奇岛DS（欧版） (En,Fr,De,Es,It) （修正版 1）",NDS#7134,18.57MB
nds,Yoshi's Island DS (Korea),耀奇岛DS（韩国版）,NDS#7135,17.14MB
nds,Yoshi's Island DS (USA),耀奇岛DS（美版）,NDS#7136,18.57MB
nds,Yoshi's Island DS (USA) (Demo) (Kiosk),耀奇岛DS（美版） （演示版） （商店演示版）,NDS#7137,17.26MB
nds,Yoshi's Island DS (USA) (Rev 1),耀奇岛DS（美版） （修正版 1）,NDS#7138,18.57MB
nds,yoSumin. DS (Japan),四角方块DS（日版）,NDS#7139,3.92MB
nds,You Don't Know Jack (USA) (NDSi Enhanced),"你不知道,杰克（美版） (NDSi Enhanced)",NDS#7140,56.59MB
nds,"Youda Farmer (Europe) (En,Fr,De) (NDSi Enhanced)","友达农场（欧版） (En,Fr,De) (NDSi Enhanced)",NDS#7141,4.78MB
nds,"Youda Farmer (Europe) (En,Fr,De) (Rev 1) (NDSi Enhanced)","友达农场（欧版） (En,Fr,De) （修正版 1） (NDSi Enhanced)",NDS#7142,4.90MB
nds,"Youda Farmer (Europe) (Fr,Nl) (NDSi Enhanced)","友达农场（欧版） (Fr,Nl) (NDSi Enhanced)",NDS#7143,4.85MB
nds,"Youda Farmer (Europe) (Fr,Nl) (Rev 1) (NDSi Enhanced)","友达农场（欧版） (Fr,Nl) （修正版 1） (NDSi Enhanced)",NDS#7144,4.90MB
nds,"Youda Legend - The Curse of the Amsterdam Diamond (Europe) (En,Fr,De) (NDSi Enhanced)",,NDS#7145,26.03MB
nds,"Youda Legend - The Curse of the Amsterdam Diamond (Europe) (Fr,Nl) (NDSi Enhanced)",,NDS#7146,26.03MB
nds,"Youda Legend - The Golden Bird of Paradise (Europe) (En,Fr,De) (NDSi Enhanced)",,NDS#7147,30.55MB
nds,"Youda Safari (Europe) (En,Fr,De)",,NDS#7148,4.02MB
nds,Yozemi no Center Shoujun Series - Eigo Hen (Japan),代代木学院瞄准联考系列-英语篇（日版）,NDS#7149,32.59MB
nds,Ys DS (Japan),伊苏 DS（日版）,NDS#7150,21.65MB
nds,Ys II DS (Japan),伊苏2 DS（日版）,NDS#7151,22.69MB
nds,Ys Strategy (Europe),伊苏战略版（欧版）,NDS#7152,6.10MB
nds,Ys Strategy (Japan),伊苏战略版（日版）,NDS#7153,6.09MB
nds,Yu Yu Hakusho DS - Ankoku Bujutsukai Hen (Japan),幽游白书DS-暗黑武术会编（日版）,NDS#7154,13.46MB
nds,"Yu-Gi-Oh! - Nightmare Troubadour (Europe) (En,Fr,De,Es,It)","游戏王DS 噩梦的呤游诗人（欧版） (En,Fr,De,Es,It)",NDS#7155,37.95MB
nds,Yu-Gi-Oh! - Nightmare Troubadour (USA),游戏王DS 噩梦的呤游诗人（美版）,NDS#7156,36.50MB
nds,"Yu-Gi-Oh! - World Championship 2007 (Europe) (En,Ja,Fr,De,Es,It)","游戏王决斗怪兽-世界冠军2007（欧版） (En,Ja,Fr,De,Es,It)",NDS#7157,58.45MB
nds,"Yu-Gi-Oh! - World Championship 2007 (USA) (En,Ja)","游戏王决斗怪兽-世界冠军2007（美版） (En,Ja)",NDS#7158,58.44MB
nds,"Yu-Gi-Oh! - World Championship 2008 (Europe) (En,Ja,Fr,De,Es,It)","游戏王-世界冠军赛2008（欧版） (En,Ja,Fr,De,Es,It)",NDS#7159,79.51MB
nds,"Yu-Gi-Oh! - World Championship 2008 (Korea) (En,Ja,Ko)","游戏王-世界冠军赛2008（韩国版） (En,Ja,Ko)",NDS#7160,79.35MB
nds,"Yu-Gi-Oh! - World Championship 2008 (USA) (En,Ja)","游戏王-世界冠军赛2008（美版） (En,Ja)",NDS#7161,79.08MB
nds,"Yu-Gi-Oh! 5D's - Stardust Accelerator - World Championship 2009 (Europe) (En,Ja,Fr,De,Es,It)","游戏王 5D's 星尘加速器 -世界冠军 2009-（欧版） (En,Ja,Fr,De,Es,It)",NDS#7162,138.43MB
nds,"Yu-Gi-Oh! 5D's - Stardust Accelerator - World Championship 2009 (Japan) (En,Ja,Fr,De,Es,It)","游戏王 5D's 星尘加速器 -世界冠军 2009-（日版） (En,Ja,Fr,De,Es,It)",NDS#7163,141.26MB
nds,"Yu-Gi-Oh! 5D's - Stardust Accelerator - World Championship 2009 (Korea) (En,Ja,Ko) (Rev 1)","游戏王 5D's 星尘加速器 -世界冠军 2009-（韩国版） (En,Ja,Ko) （修正版 1）",NDS#7164,138.95MB
nds,"Yu-Gi-Oh! 5D's - Stardust Accelerator - World Championship 2009 (Korea) (En,Ja,Ko) [b]","游戏王 5D's 星尘加速器 -世界冠军 2009-（韩国版） (En,Ja,Ko) [b]",NDS#7165,138.96MB
nds,"Yu-Gi-Oh! 5D's - Stardust Accelerator - World Championship 2009 (USA) (En,Ja,Fr,De,Es,It)","游戏王 5D's 星尘加速器 -世界冠军 2009-（美版） (En,Ja,Fr,De,Es,It)",NDS#7166,138.41MB
nds,"Yu-Gi-Oh! 5D's - World Championship 2010 - Reverse of Arcadia (Europe) (En,Ja,Fr,De,Es,It)","游戏王5D的2010年世界锦标赛-逆向阿卡迪亚（欧版） (En,Ja,Fr,De,Es,It)",NDS#7167,147.48MB
nds,"Yu-Gi-Oh! 5D's - World Championship 2010 - Reverse of Arcadia (Japan) (En,Ja,Fr,De,Es,It)","游戏王5D的2010年世界锦标赛-逆向阿卡迪亚（日版） (En,Ja,Fr,De,Es,It)",NDS#7168,149.03MB
nds,"Yu-Gi-Oh! 5D's - World Championship 2010 - Reverse of Arcadia (Korea) (En,Ja,Ko)","游戏王5D的2010年世界锦标赛-逆向阿卡迪亚（韩国版） (En,Ja,Ko)",NDS#7169,148.43MB
nds,"Yu-Gi-Oh! 5D's - World Championship 2010 - Reverse of Arcadia (USA) (En,Ja,Fr,De,Es,It)","游戏王5D的2010年世界锦标赛-逆向阿卡迪亚（美版） (En,Ja,Fr,De,Es,It)",NDS#7170,147.48MB
nds,"Yu-Gi-Oh! 5D's - World Championship 2011 - Over the Nexus (Europe) (En,Ja,Fr,De,Es,It)","游戏王5D's世界冠军赛2011-超越羁绊（欧版） (En,Ja,Fr,De,Es,It)",NDS#7171,80.63MB
nds,"Yu-Gi-Oh! 5D's - World Championship 2011 - Over the Nexus (Japan) (En,Ja,Fr,De,Es,It)","游戏王5D's世界冠军赛2011-超越羁绊（日版） (En,Ja,Fr,De,Es,It)",NDS#7172,80.59MB
nds,"Yu-Gi-Oh! 5D's - World Championship 2011 - Over the Nexus (Korea) (En,Ja,Ko)","游戏王5D's世界冠军赛2011-超越羁绊（韩国版） (En,Ja,Ko)",NDS#7173,80.46MB
nds,"Yu-Gi-Oh! 5D's - World Championship 2011 - Over the Nexus (USA) (En,Ja,Fr,De,Es,It)","游戏王5D's世界冠军赛2011-超越羁绊（美版） (En,Ja,Fr,De,Es,It)",NDS#7174,80.72MB
nds,Yu-Gi-Oh! Duel Monsters - Nightmare Troubadour (Japan),游戏王DS 噩梦吟游诗人（日版）,NDS#7175,36.50MB
nds,"Yu-Gi-Oh! Duel Monsters - World Championship 2007 (Japan) (En,Ja,Fr,De,Es,It)","游戏王-世界冠军2007（日版） (En,Ja,Fr,De,Es,It)",NDS#7176,58.34MB
nds,"Yu-Gi-Oh! Duel Monsters - World Championship 2008 (Japan) (En,Ja)","游戏王-决斗怪兽-世界冠军 2008（日版） (En,Ja)",NDS#7177,78.99MB
nds,Yu-Gi-Oh! Duel Monsters GX - Card Almanac (Japan),游戏王-决斗怪兽DS-卡片年鉴（日版）,NDS#7178,51.37MB
nds,"Yu-Gi-Oh! Duel Monsters GX - Spirit Summoner (Japan) (En,Ja)","游戏王GX-精灵召唤士（日版） (En,Ja)",NDS#7179,54.41MB
nds,"Yu-Gi-Oh! GX - Card Almanac (Europe) (En,Fr,De,Es,It)","游戏王-决斗怪兽GX 卡片年鉴（欧版） (En,Fr,De,Es,It)",NDS#7180,51.05MB
nds,"Yu-Gi-Oh! GX - Spirit Caller (Europe) (En,Ja,Fr,De,Es,It)","游戏王GX-精灵的召唤（欧版） (En,Ja,Fr,De,Es,It)",NDS#7181,54.62MB
nds,"Yu-Gi-Oh! GX - Spirit Caller (USA) (En,Ja)","游戏王GX-精灵的召唤（美版） (En,Ja)",NDS#7182,54.51MB
nds,"Yukkuri Tanoshimu - Otona no Jigsaw Puzzle DS - Sekai no Meiga 1 - Renaissance, Baroque no Kyoshou (Japan)",漫漫享受的成人拼图游戏DS 世界名画1 文艺复兴·巴洛克巨匠（日版）,NDS#7183,6.09MB
nds,"Yukkuri Tanoshimu - Otona no Jigsaw Puzzle DS - Sekai no Meiga 2 - Inshou-ha, Kouki Inshou-ha no Kyoshou (Japan)",漫漫享受的成人拼图游戏DS 世界名画2 印象派·后期印象派（日版）,NDS#7184,6.16MB
nds,Yukkuri Tanoshimu - Otona no Jigsaw Puzzle DS - Watase Seizou - Love Umi to Blue (Japan),轻松拼图DS-渡濑政造 LOVE 海与蓝（日版）,NDS#7185,5.53MB
nds,Yume Neko DS (Japan),梦猫DS（日版）,NDS#7186,20.77MB
nds,Yume o Kanaeru Zou (Japan),梦象成真（日版）,NDS#7187,8.62MB
nds,Yumeiro Patissiere - My Sweets Cooking (Japan),梦色糕点师（日版）,NDS#7188,20.44MB
nds,Yummy Yummy Cooking Jam (Unknown) (Proto),,NDS#7189,8.62MB
nds,Zac to Ombra - Maboroshi no Yuuenchi (Japan),查克与欧布拉-幻影的游乐园（日版）,NDS#7190,72.40MB
nds,Zaidan Houjin Nihon Kanji Nouryoku Kentei Kyoukai Kounin - Kanken DS (Japan),汉检DS（日版）,NDS#7191,3.62MB
nds,Zaidan Houjin Nihon Kanji Nouryoku Kentei Kyoukai Kounin - Kanken DS (Japan) (Rev 1),汉检DS（日版） （修正版 1）,NDS#7192,3.62MB
nds,Zaidan Houjin Nihon Kanji Nouryoku Kentei Kyoukai Kounin - Kanken DS (Japan) (Rev 2),汉检DS（日版） （修正版 2）,NDS#7193,3.62MB
nds,Zaidan Houjin Nihon Kanji Nouryoku Kentei Kyoukai Kounin - Kanken DS (Japan) (Rev 4),汉检DS（日版） （修正版 4）,NDS#7194,3.62MB
nds,Zaidan Houjin Nihon Kanji Nouryoku Kentei Kyoukai Kounin - Kanken DS (Japan) (Rev 5),汉检DS（日版） （修正版 5）,NDS#7195,3.62MB
nds,Zaidan Houjin Nihon Kanji Nouryoku Kentei Kyoukai Kounin - Kanken DS 2 + Jouyou Kanji Jiten (Japan),汉检 DS2+常用汉字辞典（日版）,NDS#7196,4.60MB
nds,Zaidan Houjin Nihon Kanji Nouryoku Kentei Kyoukai Kounin - Kanken DS 2 + Jouyou Kanji Jiten (Japan) (Rev 1),汉检 DS2+常用汉字辞典（日版） （修正版 1）,NDS#7197,4.60MB
nds,Zaidan Houjin Nihon Kanji Nouryoku Kentei Kyoukai Kounin - Kanken DS 3 Deluxe (Japan),财团法人日本汉字能力检定协会公认-汉检 DS3豪华版（日版）,NDS#7198,5.29MB
nds,Zaidan Houjin Nihon Kanji Nouryoku Kentei Kyoukai Kounin - Kanken DS 3 Deluxe (Japan) (Rev 1),财团法人日本汉字能力检定协会公认-汉检 DS3豪华版（日版） （修正版 1）,NDS#7199,5.30MB
nds,Zaidan Houjin Nihon Kanji Nouryoku Kentei Kyoukai Koushiki Soft - 200 Mannin no Kanken - Tokoton Kanji Nou (Japan),200万人的汉检（日版）,NDS#7200,2.10MB
nds,Zaidan Houjin Nihon Kanji Nouryoku Kentei Kyoukai Koushiki Soft - 200 Mannin no Kanken - Tokoton Kanji Nou (Japan) (Rev 1),200万人的汉检（日版） （修正版 1）,NDS#7201,2.10MB
nds,"Zaidan Houjin Nihon Kanji Nouryoku Kentei Kyoukai Koushiki Soft - 250 Mannin no Kanken - Shin Tokoton Kanji Nou - 47,000 + Jouyou Kanji Jiten, Yoji Jukugo Jiten (Japan)",250 万人的汉字能力检定（日版）,NDS#7202,5.45MB
nds,"Zaidan Houjin Nihon Kanji Nouryoku Kentei Kyoukai Koushiki Soft - 250 Mannin no Kanken - Shin Tokoton Kanji Nou - 47,000 + Jouyou Kanji Jiten, Yoji Jukugo Jiten (Japan) (Rev 1)",250 万人的汉字能力检定（日版） （修正版 1）,NDS#7203,5.45MB
nds,Zaidan Houjin Nihon Kanji Nouryoku Kentei Kyoukai Koushiki Soft - 250 Mannin no Kanken Premium - Zenkyuu Zen-Kanji Kanzen Seiha (Japan),,NDS#7204,7.20MB
nds,Zaidan Houjin Nihon Kanji Nouryoku Kentei Kyoukai Kyouryoku - Kanken DS Training (Japan) (NDSi Enhanced),财团法人日本汉字能力检定协力-汉检DS（日版） (NDSi Enhanced),NDS#7205,5.59MB
nds,"Zarah - Das Schloss des Gwoor (Europe) (En,Fr,De,Es,It)","扎拉赫古尔的城堡（欧版） (En,Fr,De,Es,It)",NDS#7206,7.54MB
nds,Zekkyou Senshi Sakebrain (Japan) (Club Nintendo),,NDS#7207,2.82MB
nds,Zelda no Densetsu - Daichi no Kiteki (Japan),塞尔达传说-灵魂轨迹（日版）,NDS#7208,50.19MB
nds,Zelda no Densetsu - Mugen no Sunadokei (Japan),塞尔达传说-幻影沙漏（日版）,NDS#7209,33.76MB
nds,Zeldaui Jeonseol - Monghwanui Moraesigye (Korea),塞尔达传说-幻影沙漏（韩国版）,NDS#7210,33.73MB
nds,"Zendoku (Europe) (En,Fr,De,Es,It)","数独战场行动-禅读（欧版） (En,Fr,De,Es,It)",NDS#7211,11.38MB
nds,"Zendoku (USA) (En,Fr,De,Es,It)","数独战场行动-禅读（美版） (En,Fr,De,Es,It)",NDS#7212,11.38MB
nds,Zenmai Zamurai (Japan),发条武士（日版）,NDS#7213,7.65MB
nds,Zennou Series Vol. 01 - Akiyama Jin Kyouju Kanshuu - Zennou JinJin (Japan),秋山仁教授监修-全脑JinJin（日版）,NDS#7214,1.10MB
nds,Zennou Series Vol. 02 - Sakurai Susumu Sensei Kanshuu - India Shiki Keisan Zennou Drill (Japan),全脑系列 Vol.2-印度式计算全脑系列（日版）,NDS#7215,1.12MB
nds,Zennou Series Vol. 03 - Akiyama Jin Kyouju Kanshuu - Zennou JinJin 2 (Japan),全脑系列 Vol.03 秋山仁教授监修-全脑 JINJIN2（日版）,NDS#7216,1.72MB
nds,"Zenses - Ocean (Europe) (En,Fr,De,Es,It,Nl,Sv,No,Da)","自然游戏-海洋版（欧版） (En,Fr,De,Es,It,Nl,Sv,No,Da)",NDS#7217,15.38MB
nds,"Zenses - Ocean (USA) (En,Fr,Es)","自然游戏-海洋版（美版） (En,Fr,Es)",NDS#7218,15.38MB
nds,"Zenses - Ocean (USA) (En,Fr,Es) (Rev 1) (Knowledge Adventure)","自然游戏-海洋版（美版） (En,Fr,Es) （修正版 1） (Knowledge Adventure)",NDS#7219,15.38MB
nds,"Zenses - Rainforest (Europe) (En,Fr,De,Es,It,Sv,No,Da)","自然游戏-雨林版（欧版） (En,Fr,De,Es,It,Sv,No,Da)",NDS#7220,12.09MB
nds,"Zenses - Rainforest (USA) (En,Fr,Es)","自然游戏-雨林版（美版） (En,Fr,Es)",NDS#7221,12.09MB
nds,"Zenses - Rainforest (USA) (En,Fr,Es) (Rev 1) (Knowledge Adventure)","自然游戏-雨林版（美版） (En,Fr,Es) （修正版 1） (Knowledge Adventure)",NDS#7222,12.10MB
nds,"Zenses - Zen Garden (USA) (En,Fr,Es)",,NDS#7223,19.55MB
nds,"Zero kara Hajimeru - Otona no 5 Kakokugo Nyuumon - Ei, Futsu, Doku, I, Sei (Japan)",从零开始-成年人的五国语言入门（日版）,NDS#7224,10.76MB
nds,Zero kara Kantan Chuugokugo DS (Japan),汉语从头轻松学DS（日版）,NDS#7225,14.79MB
nds,Zero kara Kantan Kankokugo DS (Japan),韩语从头轻松学DS（日版）,NDS#7226,15.99MB
nds,Zettai Karen Children DS - Dai-4 no Children (Japan),绝对可怜小孩DS-四子（日版）,NDS#7227,19.93MB
nds,Zettai Onkan Otodamaster (Japan),绝对音感-音灵大师（日版）,NDS#7228,16.28MB
nds,Zettai Onkan Otodamaster (Japan) (Rev 1),绝对音感-音灵大师（日版） （修正版 1）,NDS#7229,16.28MB
nds,Zettai Zetsumei Dangerous Jiisan DS - Dangerous Sensation (Japan),绝体绝命天才爷爷DS（日版）,NDS#7230,24.08MB
nds,Zhigan Yi Bi (China) (iDS),直感一笔（中国版） (iDS),NDS#7231,3.04MB
nds,Zhu Zhu Pets (Europe),宠物电子仓鼠（欧版）,NDS#7232,5.05MB
nds,"Zhu Zhu Pets (Europe) (En,Fr,De,Es,It) (Rev 1)","宠物电子仓鼠（欧版） (En,Fr,De,Es,It) （修正版 1）",NDS#7233,7.84MB
nds,Zhu Zhu Pets (USA),宠物电子仓鼠（美版）,NDS#7234,5.05MB
nds,"Zhu Zhu Pets - Quest for Zhu (Europe) (En,Fr,Sv)","宠物猪猪（欧版） (En,Fr,Sv)",NDS#7235,6.32MB
nds,"Zhu Zhu Pets - Quest for Zhu (USA) (En,Fr)","宠物猪猪（美版） (En,Fr)",NDS#7236,5.61MB
nds,"Zhu Zhu Pets - Quest for Zhu (USA) (En,Fr) (Rev 1)","宠物猪猪（美版） (En,Fr) （修正版 1）",NDS#7237,5.65MB
nds,"ZhuZhu Babies (Europe) (En,Fr,De,Es,It,Nl,Sv)",,NDS#7238,5.77MB
nds,"ZhuZhu Babies (USA) (En,Fr)",,NDS#7239,4.67MB
nds,"ZhuZhu Pets 2 Featuring The Wild Bunch (USA) (En,Fr) (NDSi Enhanced)",,NDS#7240,14.24MB
nds,"ZhuZhu Pets Featuring The Wild Bunch (Europe) (En,Fr,De,Es,It) (NDSi Enhanced)",,NDS#7241,16.48MB
nds,"ZhuZhu Princess (Europe) (En,Fr,De,Es,It,Nl,Sv)",,NDS#7242,10.32MB
nds,"ZhuZhu Puppies (Europe) (En,Fr,De,Es,It,Nl,Sv)",,NDS#7243,7.01MB
nds,ZhuZhu Puppies (USA),,NDS#7244,3.46MB
nds,Zoey 101 - Field Trip Fiasco (USA),佐伊的宿舍-倒霉的实地考察（美版）,NDS#7245,9.05MB
nds,Zoids Battle Colosseum (Japan),兽战机甲斗技场（日版）,NDS#7246,14.35MB
nds,Zoids Dash (Japan),机兽冲刺（日版）,NDS#7247,13.06MB
nds,Zoids Saga DS - Legend of Arcadia (Japan),索斯机械兽（日版）,NDS#7248,7.37MB
nds,Zombie Daisuki (Japan),我爱僵尸（日版）,NDS#7249,21.98MB
nds,Zombie Shiki - Eigo Ryoku Sosei Jutsu - English of the Dead (Japan),僵尸式英语能力复活术-死亡英语鬼屋（日版）,NDS#7250,39.96MB
nds,"Zombiez Seeker (USA) (En,Fr,Es)",,NDS#7251,4.83MB
nds,"Zoo Hospital (Europe) (En,Fr,De,Es,It)","动物园医院（欧版） (En,Fr,De,Es,It)",NDS#7252,17.19MB
nds,Zoo Hospital (United Kingdom),动物园医院(United Kingdom),NDS#7253,17.14MB
nds,Zoo Hospital (USA),动物园医院（美版）,NDS#7254,17.03MB
nds,"Zoo Keeper (Europe) (En,Fr,De,Es,It)","动物公园管理员（欧版） (En,Fr,De,Es,It)",NDS#7255,3.00MB
nds,Zoo Keeper (Japan),动物公园管理员（日版）,NDS#7256,1.77MB
nds,Zoo Keeper (USA),动物公园管理员（美版）,NDS#7257,1.74MB
nds,"Zoo Quest - Puzzle Fun! (Europe) (En,Fr,De,Es,It,Nl,Sv,No,Da,Fi,Hu)","澳洲动物园探索（欧版） (En,Fr,De,Es,It,Nl,Sv,No,Da,Fi,Hu)",NDS#7258,6.23MB
nds,Zoo Quest - Puzzle Fun! (USA),澳洲动物园探索（美版）,NDS#7259,4.77MB
nds,Zoo Tycoon 2 (Japan),动物园大亨2（日版）,NDS#7260,4.76MB
nds,Zoo Tycoon 2 (Korea),动物园大亨2（韩国版）,NDS#7261,4.74MB
nds,"Zoo Tycoon 2 DS (Europe) (En,Fr,De,Es,It)","动物园大亨2（欧版） (En,Fr,De,Es,It)",NDS#7262,5.18MB
nds,Zoo Tycoon 2 DS (USA),动物园大亨2（美版）,NDS#7263,4.81MB
nds,"Zoo Tycoon DS (Europe) (En,Fr)","动物园大亨（欧版） (En,Fr)",NDS#7264,5.22MB
nds,"Zoo Tycoon DS (Europe) (Fr,De)","动物园大亨（欧版） (Fr,De)",NDS#7265,5.24MB
nds,Zoo Tycoon DS (United Kingdom),动物园大亨(United Kingdom),NDS#7266,4.11MB
nds,Zoo Tycoon DS (USA),动物园大亨（美版）,NDS#7267,4.11MB
nds,Zoo Tycoon DS - Doubutsuen o Tsukurou! (Japan),DS动物园经营（日版）,NDS#7268,4.13MB
nds,Zoo Vet - Endangered Animals (USA),动物园兽医-濒危动物（美版）,NDS#7269,25.41MB
nds,"Zoobles! Spring to Life! (Europe) (En,Fr,De,Es,It)",,NDS#7270,32.29MB
nds,"Zoobles! Spring to Life! (USA) (En,Fr)",,NDS#7271,32.29MB
nds,"Zoroark Distribution 2011 (Europe) (En,Fr,De,Es,It) (Wi-Fi Kiosk) (Save Data)",,NDS#7272,95.62KB
nds,"Zoroark Distribution 2011 (USA) (En,Fr) (Wi-Fi Kiosk) (Save Data)",,NDS#7273,96.07KB
nds,"Zorro - Quest for Justice (Europe) (En,Fr,De,Es,It)","佐罗-正义任务（欧版） (En,Fr,De,Es,It)",NDS#7274,22.96MB
nds,"Zorro - Quest for Justice (USA) (En,Fr,De,Es,It)","佐罗-正义任务（美版） (En,Fr,De,Es,It)",NDS#7275,22.97MB
nds,"Zubo (Europe) (En,Fr,De,Es,It,Nl,Sv)","祖博（欧版） (En,Fr,De,Es,It,Nl,Sv)",NDS#7276,29.30MB
nds,"Zubo (USA) (En,Fr,Es)","祖博（美版） (En,Fr,Es)",NDS#7277,29.29MB
nds,Zuma's Revenge (USA),祖玛的复仇（美版）,NDS#7278,8.29MB
nds,Zunou ni Asekaku Game Series! Vol. 1 - Cool 104 Joker & Setline (Japan),头脑冒汗游戏系列第1辑（日版）,NDS#7279,13.08MB
nds,Zunou Nouryoku Koujou Machine - Touch de Zunoo DS (Japan),触摸ZUNO（日版）,NDS#7280,37.98MB
