system,game_id,game_name,ch_name,UMD_ID,date,genre,img,language,publisher,region
psp,1,Ridge Racers,山脊赛车,ULJS-00001,2005-05-04,Racing,https://data.yang2000ling.com/img/psp_200/0001.jpg,日语,Namco,日版
psp,2,Vampire Chronicle - The Chaos Tower,恶魔战士编年史-浑沌之塔,ULJM-05005,2005-05-04,Fighting,https://data.yang2000ling.com/img/psp_200/0002.jpg,日语,Capcom,日版
psp,3,Wipeout Pure,反重力赛车,UCUS-98612,2005-05-04,Racing,https://data.yang2000ling.com/img/psp_200/0003.jpg,英文,Sony,美版
psp,4,Lumines,音乐方块,ULUS-10002,2005-05-28,Puzzle,https://data.yang2000ling.com/img/psp_200/0004.jpg,英文,Ubi Soft,美版
psp,5,Twisted Metal - Head On,扭曲金属赛车-勇往直前,UCUS-98601,2005-05-28,Racing,https://data.yang2000ling.com/img/psp_200/0005.jpg,英文,Sony,美版
psp,6,Smart Bomb,智能炸弹,ULUS-10016,2005-05-28,Puzzle,https://data.yang2000ling.com/img/psp_200/0006.jpg,英文,Eidos,美版
psp,7,Ridge Racer,山脊赛车,ULUS-10001,2005-05-28,Racing,https://data.yang2000ling.com/img/psp_200/0007.jpg,英文,Namco,美版
psp,8,Gretzky NHL,美国职业冰球联盟,UCUS-98604,2005-05-28,Sport,https://data.yang2000ling.com/img/psp_200/0008.jpg,英文,Sony,美版
psp,9,Need for Speed - Underground Rivals,极品飞车-地下狂飙,ULJM-05008,2005-05-29,Racing,https://data.yang2000ling.com/img/psp_200/0009.jpg,日语,Electronic Arts,日版
psp,10,ATV Offroad Fury - Blazin' Trails,沙滩机车赛,UCUS-98603,2011-05-14,Racing,https://data.yang2000ling.com/img/psp_200/0010.jpg,英文,Sony,美版
psp,11,Dynasty Warriors,真三国无双,ULUS-10004,2005-06-08,Action Adventure,https://data.yang2000ling.com/img/psp_200/0011.jpg,英文,Koei,美版
psp,12,NBA,美国职业篮球联赛,UCUS-98607,2005-06-08,Sport,https://data.yang2000ling.com/img/psp_200/0012.jpg,英文,Sony,美版
psp,13,Puzzle Bobble Pocket,泡泡龙 口袋版,ULJM-05011,2005-06-08,Puzzle,https://data.yang2000ling.com/img/psp_200/0013.jpg,日语,Taito,日版
psp,14,Metal Gear Ac!d,合金装备,ULJM-05001,2005-06-08,Strategy,https://data.yang2000ling.com/img/psp_200/0014.jpg,日语,Konami,日版
psp,15,Hot Shots Golf - Open Tee,大众高尔夫 携带版,UCUS-98614,2005-06-08,Sport,https://data.yang2000ling.com/img/psp_200/0015.jpg,英文,Sony,美版
psp,16,Need for Speed - Underground Rivals,极品飞车-地下狂飙,ULUS-10007,2005-06-08,Racing,https://data.yang2000ling.com/img/psp_200/0016.jpg,英文,Electronic Arts,美版
psp,17,Shin Sangoku Musou,真三国无双,ULJM-05003,2005-06-08,Action Adventure,https://data.yang2000ling.com/img/psp_200/0017.jpg,日语,Koei,日版
psp,18,World Tour Soccer,世界足球巡回赛,UCUS-98613,2005-06-08,Sport,https://data.yang2000ling.com/img/psp_200/0018.jpg,西班牙语|意大利语|英文|法文,Sony,美版
psp,19,Untold Legends - Brotherhood of the Blade,无尽传说-刀锋兄弟会,ULUS-10003,2005-06-09,Action Adventure,https://data.yang2000ling.com/img/psp_200/0019.jpg,英文,Sony,美版
psp,20,Tiger Woods PGA Tour,泰格伍兹高尔夫球巡回赛,ULUS-10009,2005-06-09,Sport,https://data.yang2000ling.com/img/psp_200/0020.jpg,英文,Electronic Arts,美版
psp,21,Minna no Golf Portable,大众高尔夫 携带版,UCJS-10001,2005-06-09,Sport,https://data.yang2000ling.com/img/psp_200/0021.jpg,日语,Sony,日版
psp,22,Tony Hawk's Underground 2 - Remix,托尼霍克地下滑板2-复刻版,ULUS-10014,2005-06-09,Sport,https://data.yang2000ling.com/img/psp_200/0022.jpg,英文,Activision,美版
psp,23,Lumines,音乐方块,ULJS-00005,2009-10-15,Puzzle,https://data.yang2000ling.com/img/psp_200/0023.jpg,日语,Bandai,日版
psp,24,Ape Escape - On the Loose,捉猴啦P!,UCUS-98609,2005-06-09,Platformer,https://data.yang2000ling.com/img/psp_200/0024.jpg,英文,Sony,美版
psp,25,Soukyuu no Fafner,苍穹之法夫娜,ULJS-00006,2005-06-10,Action,https://data.yang2000ling.com/img/psp_200/0025.jpg,日语,Bandai,日版
psp,26,MLB,美国职棒大联盟,UCUS-98605,2005-06-10,Sport,https://data.yang2000ling.com/img/psp_200/0026.jpg,英文,Sony,美版
psp,27,Archer Maclean's Mercury,水银,ULUS-10017,2005-06-10,Puzzle,https://data.yang2000ling.com/img/psp_200/0027.jpg,英文,Ignition,美版
psp,28,NFL Street 2 Unleashed,NFL街头橄榄球2 释放,ULUS-10008,2005-06-10,Sport,https://data.yang2000ling.com/img/psp_200/0028.jpg,英文,Electronic Arts,美版
psp,29,Namco Museum,南梦宫博物馆,ULJS-00012,2005-06-10,Classic,https://data.yang2000ling.com/img/psp_200/0029.jpg,日语,Namco,日版
psp,30,Kotoba no Puzzle - Mojipittan Daijiten,词汇益智游戏-文字大辞典,ULJS-00002,2005-06-10,Puzzle,https://data.yang2000ling.com/img/psp_200/0030.jpg,日语,Namco,日版
psp,31,Spider-Man 2,蜘蛛侠2,ULUS-10015,2005-06-11,Action Adventure,https://data.yang2000ling.com/img/psp_200/0031.jpg,英文,Activision,美版
psp,32,Minna no Golf Portable - Coca-Cola SE,大众高尔夫-可口可乐特别版 携带版,UCJM-95401,2005-06-12,Sport,https://data.yang2000ling.com/img/psp_200/0032.jpg,日语,Sony,日版
psp,33,Tales of Eternia,永恒传说,ULJS-00015,2005-06-12,RPG,https://data.yang2000ling.com/img/psp_200/0033.jpg,日语,Namco,日版
psp,34,Metal Gear Ac!d,合金装备,ULUS-10006,2005-06-15,Strategy,https://data.yang2000ling.com/img/psp_200/0034.jpg,英文,Konami,美版
psp,35,Rengoku - The Tower of Purgatory,炼狱-洗罪塔,ULUS-10013,2005-06-16,Action Adventure,https://data.yang2000ling.com/img/psp_200/0035.jpg,英文,Konami,美版
psp,36,Puyo Puyo Fever,噗哟噗喲 狂热,ULJM-05007,2005-06-16,Puzzle,https://data.yang2000ling.com/img/psp_200/0036.jpg,日语,Sega,日版
psp,37,Shutokou Battle - Zone of Control,首都高-街头至尊,ULJM-05017,2005-06-16,Racing,https://data.yang2000ling.com/img/psp_200/0037.jpg,日语,Genki,日版
psp,38,Kollon,科隆方块,ULJS-00010,2005-06-16,Puzzle,https://data.yang2000ling.com/img/psp_200/0038.jpg,日语,Cyber Front,日版
psp,39,FIFA Soccer,FIFA足球,ULUS-10011,2005-06-16,Sport,https://data.yang2000ling.com/img/psp_200/0039.jpg,英文,Electronic Arts,美版
psp,40,Piposaru Academia - Dossari! Sarugee Daizenshu,比波猴学院 捉猴大全集,UCJS-10003,2005-06-17,Party,https://data.yang2000ling.com/img/psp_200/0040.jpg,日语,Sony,日版
psp,41,Bleach - Heat the Soul,死神-灵魂升温,UCJS-10008,2005-06-18,Action,https://data.yang2000ling.com/img/psp_200/0041.jpg,日语,Sony,日版
psp,42,Mahjong Kakutou Club,麻将格斗俱乐部,ULJM-05002,2005-06-19,Board Game,https://data.yang2000ling.com/img/psp_200/0042.jpg,日语,Konami,日版
psp,43,Darkstalkers Chronicle - The Chaos Tower,恶魔战士编年史-浑沌之塔,ULUS-10005,2005-11-03,Fighting,https://data.yang2000ling.com/img/psp_200/0043.jpg,英文,Capcom,美版
psp,44,Coded Arms,机密武装,ULAS-42009,2005-06-23,Adventure,https://data.yang2000ling.com/img/psp_200/0044.jpg,中文|日语|英文,Konami,中国版
psp,45,Wipeout Pure,反重力赛车,UCJS-10007,2005-06-27,Racing,https://data.yang2000ling.com/img/psp_200/0045.jpg,日语,Sony,日版
psp,46,San Goku Shi V,三国志5,ULJM-05016,2005-06-27,Strategy,https://data.yang2000ling.com/img/psp_200/0046.jpg,日语,Koei,日版
psp,47,Glorace - Phantastic Carnival,梦幻嘉年华,UCKS-45001,2005-06-28,Racing,https://data.yang2000ling.com/img/psp_200/0047.jpg,韩语,Sony,韩版
psp,48,Space Invaders Pocket,太空侵略者 口袋版,ULJM-05015,2005-06-29,Shooter,https://data.yang2000ling.com/img/psp_200/0048.jpg,日语,Taito,日版
psp,49,Armored Core - Formula Front,装甲核心-方程式前线,ULKS-46003,2005-06-29,Simulation,https://data.yang2000ling.com/img/psp_200/0049.jpg,韩语,From Software,韩版
psp,50,Midnight Club 3 - DUB Edition,湾岸午夜俱乐部3-DUB版,ULUS-10021,2005-06-30,Racing,https://data.yang2000ling.com/img/psp_200/0050.jpg,英文,Rockstar Games,美版
psp,51,Armored Core - Formula Front,装甲核心-方程式前线,ULJS-00003,2005-06-30,Simulation,https://data.yang2000ling.com/img/psp_200/0051.jpg,日语,From Software,日版
psp,52,Generation of Chaos IV - Another Side,新天魔界混沌时代4,ULJM-05013,2005-06-30,Strategy,https://data.yang2000ling.com/img/psp_200/0052.jpg,日语,Idea Factory,日版
psp,53,Rengoku - The Tower of Purgatory,炼狱-洗罪塔,ULJM-05006,2005-06-30,Action Adventure,https://data.yang2000ling.com/img/psp_200/0053.jpg,日语,Konami,日版
psp,54,Eiyuu Densetsu Gagharv Trilogy IV - Akai Shizuku,英雄传说-朱红之泪,ULJS-00016,2005-06-30,RPG,https://data.yang2000ling.com/img/psp_200/0054.jpg,日语,Bandai,日版
psp,55,Dynasty Warriors,真三国无双,ULKS-46012,2005-07-01,Beat-'Em-Up,https://data.yang2000ling.com/img/psp_200/0055.jpg,韩语,Koei,韩版
psp,56,Dead to Rights - Reckoning,脱狱潜龙-清算,ULUS-10023,2005-07-02,Action,https://data.yang2000ling.com/img/psp_200/0056.jpg,英文,Namco,美版
psp,57,Intelligent License,智能执照,ULJS-00014,2005-07-03,Puzzle,https://data.yang2000ling.com/img/psp_200/0057.jpg,日语,Nowpro,日版
psp,58,Saru Get Chu! P!,捉猴啦P!,UCJS-10004,2005-07-04,Platformer,https://data.yang2000ling.com/img/psp_200/0058.jpg,日语,Sony,日版
psp,59,Adventure Player,冒险者,ULJS-00011,2005-07-04,Adventure,https://data.yang2000ling.com/img/psp_200/0059.jpg,日语,From Software,日版
psp,60,Doko Demo Issho,随身玩伴,UCJS-10002,2005-07-04,Puzzle,https://data.yang2000ling.com/img/psp_200/0060.jpg,日语,Sony,日版
psp,61,Jissen Pachi-Slot Hisshouhou! Hokuto no Ken Portable,实战柏青嫂必胜法!北斗神拳 携带版,ULJM-05020,2005-07-10,Gambling,https://data.yang2000ling.com/img/psp_200/0061.jpg,日语,Sega,日版
psp,62,Dora-Slot - Suyaku wa Zenigata,王牌老虎机-主角钱形鲁邦三世,ULJM-05014,2005-07-12,Gambling,https://data.yang2000ling.com/img/psp_200/0062.jpg,日语,Dorasu,日版
psp,63,Coded Arms,机密武装,ULUS-10019,2005-07-12,Action,https://data.yang2000ling.com/img/psp_200/0063.jpg,英文,Konami,美版
psp,64,AI Igo,AI围棋,ULJS-00008,2005-07-14,Board Game,https://data.yang2000ling.com/img/psp_200/0064.jpg,日语,Marvelous Entertainment,日版
psp,65,Derby Time,德贝赛马时代,UCJS-10006,2005-07-18,Sport,https://data.yang2000ling.com/img/psp_200/0065.jpg,日语,Sony,日版
psp,66,Baku-No,智能炸弹,ULJS-00017,2005-07-18,Puzzle,https://data.yang2000ling.com/img/psp_200/0066.jpg,日语,Eidos,日版
psp,67,Bomberman - Panic Bomber,炸弹人-燃烧炸弹,ULJM-05023,2005-07-18,Puzzle,https://data.yang2000ling.com/img/psp_200/0067.jpg,日语,Hudson Soft,日版
psp,68,Tenchu - Shinobi Taizen,天诛-忍大全,ULJS-00018,2005-07-26,Action Adventure,https://data.yang2000ling.com/img/psp_200/0068.jpg,日语,From Software,日版
psp,69,Sengoku Cannon - Sengoku Ace Episode III,战国Cannon,ULJM-05021,2005-07-29,Shooter,https://data.yang2000ling.com/img/psp_200/0069.jpg,日语,X-Nauts,日版
psp,70,Star Soldier,星际战士,ULJM-05026,2005-07-29,Shooter,https://data.yang2000ling.com/img/psp_200/0070.jpg,日语,Hudson Soft,日版
psp,71,School Rumble - Anesan Jiken Desu!,校园迷糊大王,ULJS-00019,2005-07-29,Action,https://data.yang2000ling.com/img/psp_200/0071.jpg,日语,Bandai,日版
psp,72,PoPoLoCrois Monogatari - Pietro Ouji no Bouken,波波罗古罗伊斯物语-陂耶多罗王子的冒险,UCJS-10005,2005-08-05,RPG,https://data.yang2000ling.com/img/psp_200/0072.jpg,日语,Sony,日版
psp,73,Taiko no Tatsujin Portable,太鼓达人 携带版,ULJS-00020,2005-08-05,Music,https://data.yang2000ling.com/img/psp_200/0073.jpg,日语,Namco,日版
psp,74,Rockman Dash - Hagane no Boukenshin,洛克人Dash-钢铁之心,ULJM-05030,2005-08-05,Adventure,https://data.yang2000ling.com/img/psp_200/0074.jpg,日语,Capcom,日版
psp,75,AI Mahjong,AI麻将,ULJS-00007,2005-08-08,Board Game,https://data.yang2000ling.com/img/psp_200/0075.jpg,日语,Marvelous Entertainment,日版
psp,76,Hg Hydrium,水银,UCJS-10011,2005-08-08,Puzzle,https://data.yang2000ling.com/img/psp_200/0076.jpg,日语,Sony,日版
psp,77,Eiyuu Densetsu Gagharv Trilogy - Shiroki Majo,英雄传说-白发魔女,ULJS-00004,2005-08-09,RPG,https://data.yang2000ling.com/img/psp_200/0077.jpg,日语,Bandai,日版
psp,78,Yarudora Portable - Kisetsu wo Dakishimete,互动剧场-季节拥抱,UCJS-10013,2005-08-09,Adventure,https://data.yang2000ling.com/img/psp_200/0078.jpg,日语,Sony,日版
psp,79,Yarudora Portable - Double Cast,互动剧场-双重角色,UCJS-10012,2005-08-09,Adventure,https://data.yang2000ling.com/img/psp_200/0079.jpg,日语,Sony,日版
psp,80,Mobile Suit Gundam - Giren no Yabou - Zeon no Keifu,机动战士高达-基连的野望,ULJS-00022,2005-08-10,Strategy,https://data.yang2000ling.com/img/psp_200/0080.jpg,日语,Bandai,日版
psp,81,Mobile Train Simulator + Densha de Go! Tokyo Kyuukou Hen,移动火车模拟+电车GO! 东京急行篇,ULJM-05012,2005-08-10,Simulation,https://data.yang2000ling.com/img/psp_200/0081.jpg,日语,Taito,日版
psp,82,Astonishia Story,阿斯特尼西亚物语,ULKS-46021,2005-08-11,RPG,https://data.yang2000ling.com/img/psp_200/0082.jpg,韩语,Sonnori Corp.,韩版
psp,83,Harukanaru Toki no Nakade - Iroetebako,遥远的时空中 彩绘手箱,ULJM-05018,2005-08-11,Strategy,https://data.yang2000ling.com/img/psp_200/0083.jpg,日语,Koei,日版
psp,84,Jitsuwa Kaidan - Shinmimi Bukuro - Ichi no Shou,实话怪谭 新耳袋,ULJM-05028,2005-08-11,Action,https://data.yang2000ling.com/img/psp_200/0084.jpg,日语,Metro,日版
psp,85,AI Shougi,AI将棋,ULJS-00009,2005-08-13,Board Game,https://data.yang2000ling.com/img/psp_200/0085.jpg,日语,Marvelous Entertainment,日版
psp,86,Dora-Slot - Bakuenchi! Kyoujin no Hoshi II,实战柏青嫂!巨人之星2,ULJM-05027,2005-08-13,Action,https://data.yang2000ling.com/img/psp_200/0086.jpg,日语,Dorasu,日版
psp,87,Piposaru Academia,比波猴学院 捉猴大全集,UCKS-45003,2005-08-13,Party,https://data.yang2000ling.com/img/psp_200/0087.jpg,韩语,Sony,韩版
psp,88,Higanjima,彼岸岛,ULJS-00013,2005-08-14,Action,https://data.yang2000ling.com/img/psp_200/0088.jpg,日语,NowPro,日版
psp,89,San Goku Shi V,三国志5,ULAS-42014,2005-08-14,Strategy,https://data.yang2000ling.com/img/psp_200/0089.jpg,中文,Koei,中国版
psp,90,Ridge Racer,山脊赛车,UCES-00002,2005-08-17,Racing,https://data.yang2000ling.com/img/psp_200/0090.jpg,西班牙语|意大利语|德语|英文|法文,Sony,欧版
psp,91,Death Jr.,小死神,ULUS-10027,2005-08-18,Platformer,https://data.yang2000ling.com/img/psp_200/0091.jpg,英文,Konami,美版
psp,92,NBA Street Showdown,NBA街头篮球,ULUS-10010,2005-08-18,Sport,https://data.yang2000ling.com/img/psp_200/0092.jpg,英文,Electronic Arts,美版
psp,93,Mahjong Taikai,麻雀大会,ULJM-05004,2005-08-19,Mahjong,https://data.yang2000ling.com/img/psp_200/0093.jpg,日语,Koei,日版
psp,94,Tenchi no Mon,天地之门,UCJS-10010,2005-08-19,Action RPG,https://data.yang2000ling.com/img/psp_200/0094.jpg,日语,Sony,日版
psp,95,F1 Grand Prix,F1格兰披治大赛,UCES-00004,2005-08-21,Racing,https://data.yang2000ling.com/img/psp_200/0095.jpg,西班牙语|意大利语|德语|英文|法文,Sony,欧版
psp,96,Breath of Fire III,龙战士3,ULJM-05029,2005-08-22,RPG,https://data.yang2000ling.com/img/psp_200/0096.jpg,日语,Capcom,日版
psp,97,Namco Museum,南梦宫博物馆,UCKS-45005,2005-08-22,Compilation,https://data.yang2000ling.com/img/psp_200/0097.jpg,韩语,Namco,韩版
psp,98,Need for Speed - Underground Rivals,极品飞车-地下狂飙,ULKS-46004,2005-08-22,Racing,https://data.yang2000ling.com/img/psp_200/0098.jpg,韩语,Electronic Arts,韩版
psp,99,Ape Academy,比波猴学院 捉猴大全集,UCES-00010,2005-08-26,Party,https://data.yang2000ling.com/img/psp_200/0099.jpg,西班牙语|意大利语|德语|英文|法文,Sony,欧版
psp,100,Namco Museum Battle Collection,南梦宫博物馆2,ULUS-10035,2005-08-26,Compilation,https://data.yang2000ling.com/img/psp_200/0100.jpg,英文,Namco,美版
psp,101,Twelve - Sengoku Fuushinden,十二国记-战国封神传,ULJM-05031,2005-08-27,Strategy RPG,https://data.yang2000ling.com/img/psp_200/0101.jpg,日语,Konami,日版
psp,102,MediEvil Resurrection,骷髅骑士-复苏,UCES-00006,2005-08-27,Action,https://data.yang2000ling.com/img/psp_200/0102.jpg,西班牙语|意大利语|德语|英文|法文,Sony,欧版
psp,103,Everybody's Golf,大众高尔夫 携带版,UCES-00012,2005-08-27,Sport,https://data.yang2000ling.com/img/psp_200/0103.jpg,西班牙语|意大利语|德语|英文|法文,Sony,欧版
psp,104,Wipeout Pure,反重力赛车,UCES-00001,2005-08-27,Racing,https://data.yang2000ling.com/img/psp_200/0104.jpg,西班牙语|意大利语|德语|英文|法文,Sony,欧版
psp,105,Yarudora Portable - Yukiwari no Hana,互动剧场-雪割花,UCJS-10015,2005-08-27,Adventure,https://data.yang2000ling.com/img/psp_200/0105.jpg,日语,Sony,日版
psp,106,Yarudora Portable - Sampaguita,互动剧场-茉莉花,UCJS-10014,2005-08-28,Adventure,https://data.yang2000ling.com/img/psp_200/0106.jpg,日语,Sony,日版
psp,107,Tiger Woods PGA Tour,泰格伍兹高尔夫球巡回赛,ULJM-05010,2005-08-28,Sport,https://data.yang2000ling.com/img/psp_200/0107.jpg,日语,Electronic Arts,日版
psp,108,Harukanaru Toki no Nakade 2,遥远的时空中 彩绘手箱2,ULJM-05019,2005-08-29,Strategy,https://data.yang2000ling.com/img/psp_200/0108.jpg,日语,Koei,日版
psp,109,Virtua Tennis - World Tour,VR网球,ULES-00126,2005-08-30,Sport,https://data.yang2000ling.com/img/psp_200/0109.jpg,西班牙语|意大利语|德语|英文|法文,Sega,欧版
psp,110,Fired Up,火爆赛车,UCES-00015,2005-08-30,Action,https://data.yang2000ling.com/img/psp_200/0110.jpg,西班牙语|意大利语|德语|英文|法文,Sony,欧版
psp,111,Untold Legends - Brotherhood of the Blade,无尽传说-刀锋兄弟会,ULES-00046,2005-08-30,Adventure,https://data.yang2000ling.com/img/psp_200/0111.jpg,西班牙语|意大利语|德语|英文|法文,Sony,欧版
psp,112,Bleach - Heat the Soul 2,死神-灵魂升温2,UCJS-10017,2005-08-30,Fighting,https://data.yang2000ling.com/img/psp_200/0112.jpg,日语,Sony,日版
psp,113,DTM Race Driver 2,超级房车赛2,ULES-00041,2005-08-30,Racing,https://data.yang2000ling.com/img/psp_200/0113.jpg,西班牙语|意大利语|德语|英文|法文,Codemasters,欧版
psp,114,Spider-Man 2,蜘蛛侠2,ULES-00023,2005-08-30,Action,https://data.yang2000ling.com/img/psp_200/0114.jpg,西班牙语|意大利语|德语|英文|法文,Activision,欧版
psp,115,Metal Gear Ac!d,合金装备,ULES-00008,2005-08-30,Action,https://data.yang2000ling.com/img/psp_200/0115.jpg,西班牙语|意大利语|德语|英文|法文,Konami,欧版
psp,116,Dynasty Warriors,真三国无双,ULES-00026,2005-08-30,Action,https://data.yang2000ling.com/img/psp_200/0116.jpg,英文,Koei,欧版
psp,117,Nobunaga no Yabou - Tenshoki,信长的野望-天翔记,ULJM-05032,2005-08-31,Strategy,https://data.yang2000ling.com/img/psp_200/0117.jpg,日语,Koei,日版
psp,118,World Snooker Challenge 2005,世界斯诺克锦标赛2005,ULES-00021,2005-09-01,Sport,https://data.yang2000ling.com/img/psp_200/0118.jpg,英文,Sega,欧版
psp,119,Archer Maclean's Mercury,水银,ULES-00011,2005-09-01,Puzzle,https://data.yang2000ling.com/img/psp_200/0119.jpg,西班牙语|意大利语|德语|英文|法文,Ignition,欧版
psp,120,Lumines,音乐方块,ULES-00043,2005-09-01,Puzzle,https://data.yang2000ling.com/img/psp_200/0120.jpg,西班牙语|意大利语|德语|英文|法文,Ubi Soft,欧版
psp,121,World Tour Soccer - Challenge Edition (v2),世界足球巡回赛-挑战版(v2),UCES-00003,2005-09-01,Sport,https://data.yang2000ling.com/img/psp_200/0121.jpg,西班牙语|意大利语|德语|英文|法文,Sony,欧版
psp,122,Need for Speed - Underground Rivals,极品飞车-地下狂飙,ULES-00025,2011-06-07,Racing,https://data.yang2000ling.com/img/psp_200/0122.jpg,西班牙语|意大利语|德语|英文|法文,Electronic Arts,欧版
psp,123,NBA Street Showdown,NBA街头篮球,ULES-00037,2005-09-02,Sport,https://data.yang2000ling.com/img/psp_200/0123.jpg,德语|英文|法文,Electronic Arts,欧版
psp,124,Darkstalkers Chronicle - The Chaos Tower,恶魔战士编年史-浑沌之塔,ULES-00016,2005-09-02,Action,https://data.yang2000ling.com/img/psp_200/0124.jpg,英文,Capcom,欧版
psp,125,Midnight Club 3 - DUB Edition,湾岸午夜俱乐部3-DUB版,ULES-00108,2005-09-02,Racing,https://data.yang2000ling.com/img/psp_200/0125.jpg,西班牙语|意大利语|德语|英文|法文,Rockstar Games,欧版
psp,126,Coded Arms,机密武装,ULES-00124,2005-09-08,Action,https://data.yang2000ling.com/img/psp_200/0126.jpg,西班牙语|意大利语|德语|英文|法文,Konami,欧版
psp,127,Rockman Dash 2,洛克人Dash2-庞大的遗产,ULJM-05037,2005-09-08,Action,https://data.yang2000ling.com/img/psp_200/0127.jpg,日语,Capcom,日版
psp,128,Burnout Legends,火爆狂飙 传奇,ULES-00125,2005-09-08,Racing,https://data.yang2000ling.com/img/psp_200/0128.jpg,西班牙语|意大利语|德语|英文|法文,Electronic Arts,欧版
psp,129,Colin McRae Rally 2005 Plus,科林麦克雷拉力赛2005,ULES-00111,2005-09-13,Racing,https://data.yang2000ling.com/img/psp_200/0129.jpg,英文,Codemasters,欧版
psp,130,Koukaku Kidoutai - Stand Alone Complex,攻壳机动队-猎人的领域,UCAS-40025,2005-09-13,Shooter,https://data.yang2000ling.com/img/psp_200/0130.jpg,日语,Sony,中国版
psp,131,Gripshift,爆冲赛车,ULUS-10040,2005-09-13,Racing,https://data.yang2000ling.com/img/psp_200/0131.jpg,英文,Platform Publishing,美版
psp,132,Winning Eleven 9 - Ubiquitous Evolution,实况足球9,ULJM-05033,2005-09-13,Sport,https://data.yang2000ling.com/img/psp_200/0132.jpg,日语,Konami,日版
psp,133,Hg Hydrium,水银,UCKS-45007,2005-09-14,Puzzle,https://data.yang2000ling.com/img/psp_200/0133.jpg,韩语,Sony,韩版
psp,134,World Series of Poker,世界扑克大赛,ULUS-10047,2005-09-16,Card Game,https://data.yang2000ling.com/img/psp_200/0134.jpg,英文,Activision,美版
psp,135,Princess Crown,公主皇冠,ULJM-05040,2005-09-20,Action,https://data.yang2000ling.com/img/psp_200/0135.jpg,日语,Atlus,日版
psp,136,Formula 1 - 05 Portable,F1格兰披治大赛2005,UCJS-10019,2005-09-20,Racing,https://data.yang2000ling.com/img/psp_200/0136.jpg,日语,Sony,日版
psp,137,Gundam Battle Tactics,高达 策略战,ULJS-00025,2005-09-20,Action,https://data.yang2000ling.com/img/psp_200/0137.jpg,日语,Bandai,日版
psp,138,Frantix - A Puzzle Adventure,弗兰提西历险记,ULUS-10039,2005-09-22,Adventure,https://data.yang2000ling.com/img/psp_200/0138.jpg,英文,Platform Publishing,美版
psp,139,Madden NFL 06,劲爆美式橄榄球2006,ULUS-10024,2005-09-23,Sport,https://data.yang2000ling.com/img/psp_200/0139.jpg,英文,Electronic Arts,美版
psp,140,Space Invaders - Galaxy Beat,太空侵略者-银河节拍,ULJM-05045,2005-09-23,Shooter,https://data.yang2000ling.com/img/psp_200/0140.jpg,日语,Taito,日版
psp,141,Burnout Legends,火爆狂飙 传奇,ULUS-10025,2005-09-23,Racing,https://data.yang2000ling.com/img/psp_200/0141.jpg,西班牙语|意大利语|德语|英文|法文,Electronic Arts,美版
psp,142,MVP Baseball,MVP棒球,ULUS-10012,2005-09-26,Sport,https://data.yang2000ling.com/img/psp_200/0142.jpg,英文,Electronic Arts,美版
psp,143,Guilty Gear XX #Reload,罪恶装备XX 重制版,ULJM-05042,2005-09-27,Fighting,https://data.yang2000ling.com/img/psp_200/0143.jpg,日语,Sega,日版
psp,144,Densha de Go! Pocket - Yamatesen Hen,电车GO! 口袋版-山手线篇,ULJM-05039,2005-09-27,Simulation,https://data.yang2000ling.com/img/psp_200/0144.jpg,日语,Taito,日版
psp,145,Gallery Fake,王牌鉴定人,ULJS-00024,2005-09-27,Puzzle,https://data.yang2000ling.com/img/psp_200/0145.jpg,日语,Bandai,日版
psp,146,Tiger Woods PGA Tour 06,泰格伍兹高尔夫球巡回赛2006,ULUS-10028,2005-09-27,Sport,https://data.yang2000ling.com/img/psp_200/0146.jpg,英文,Electronic Arts,美版
psp,147,Pinball,弹珠台,ULJM-05025,2005-09-28,Pinball,https://data.yang2000ling.com/img/psp_200/0147.jpg,日语,Hudson Soft,日版
psp,148,Tenchi no Mon,天地之门,UCAS-40023,2005-09-28,Action RPG,https://data.yang2000ling.com/img/psp_200/0148.jpg,中文,Sony,中国版
psp,149,Frogger - Helmet Chaos,青蛙过河,ULUS-10026,2005-09-29,Platformer,https://data.yang2000ling.com/img/psp_200/0149.jpg,英文,Konami,美版
psp,150,MediEvil Resurrection,骷髅骑士-复苏,UCUS-98620,2005-10-01,Action,https://data.yang2000ling.com/img/psp_200/0150.jpg,英文,Sony,美版
psp,151,Namco Museum Battle Collection,南梦宫博物馆2,UCES-00116,2005-10-03,Compilation,https://data.yang2000ling.com/img/psp_200/0151.jpg,西班牙语|意大利语|德语|英文|法文,Namco,欧版
psp,152,Marvel Nemesis - Rise of the Imperfects,漫画英雄复仇女神-未完成的崛起,ULUS-10033,2005-10-05,Action,https://data.yang2000ling.com/img/psp_200/0152.jpg,英文,Electronic Arts,美版
psp,153,NBA Live 06,NBA实况06,ULUS-10030,2005-10-06,Sport,https://data.yang2000ling.com/img/psp_200/0153.jpg,英文,Electronic Arts,美版
psp,154,NBA 06,美国职业篮球联赛06,UCUS-98626,2005-10-05,Sport,https://data.yang2000ling.com/img/psp_200/0154.jpg,英文,Sony,美版
psp,155,Tiger Woods PGA Tour 06,泰格伍兹高尔夫球巡回赛2006,ULES-00154,2005-10-05,Sport,https://data.yang2000ling.com/img/psp_200/0155.jpg,德语|英文|法文,Electronic Arts,欧版
psp,156,San Goku Shi VI,三国志6,ULJM-05038,2005-10-07,Strategy,https://data.yang2000ling.com/img/psp_200/0156.jpg,日语,Koei,日版
psp,157,NBA Street Showdown,NBA街头篮球,ULJM-05046,2005-10-07,Sport,https://data.yang2000ling.com/img/psp_200/0157.jpg,日语,Electronic Arts,日版
psp,158,Virtua Tennis - World Tour,VR网球,ULUS-10037,2005-10-09,Sport,https://data.yang2000ling.com/img/psp_200/0158.jpg,英文,Sega,美版
psp,159,ToCA Race Driver 2,超级房车赛2,ULES-00040,2005-10-10,Racing,https://data.yang2000ling.com/img/psp_200/0159.jpg,西班牙语|意大利语|德语|英文|法文,Codemasters,欧版
psp,160,SSX - On Tour,极限滑雪,ULUS-10042,2005-10-12,Sport,https://data.yang2000ling.com/img/psp_200/0160.jpg,德语|英文|法文,Electronic Arts,美版
psp,161,FIFA 06 - Soccer,FIFA足球2006,ULUS-10029,2005-10-12,Sport,https://data.yang2000ling.com/img/psp_200/0161.jpg,英文,Electronic Arts,美版
psp,162,Gretzky NHL 06,美国职业冰球联盟06,UCUS-98627,2005-10-13,Sport,https://data.yang2000ling.com/img/psp_200/0162.jpg,英文,Sony,美版
psp,163,Piposaru Get You P!,捉猴啦P!,UCKS-45009,2005-10-14,Platformer,https://data.yang2000ling.com/img/psp_200/0163.jpg,韩语,Sony,韩版
psp,164,FIFA 06,FIFA足球2006,ULES-00163,2005-10-19,Sport,https://data.yang2000ling.com/img/psp_200/0164.jpg,德语,Electronic Arts,德版
psp,165,Marvel Nemesis - Rise of the Imperfects,漫画英雄复仇女神-未完成的崛起,ULES-00159,2005-10-19,Fighting,https://data.yang2000ling.com/img/psp_200/0165.jpg,意大利语|德语|英文|法文,Electronic Arts,欧版
psp,166,Tenchi no Mon,天地之门,UCKS-45011,2005-10-19,Action,https://data.yang2000ling.com/img/psp_200/0166.jpg,韩语,Sony,韩版
psp,167,"Con, The",非法地带,UCUS-98621,2005-10-20,Fighting,https://data.yang2000ling.com/img/psp_200/0167.jpg,英文,Sony,美版
psp,168,X-Men Legends II - Rise of Apocalypse,X战警传奇2-天启降临,ULUS-10045,2005-10-20,Action,https://data.yang2000ling.com/img/psp_200/0168.jpg,英文,Activision,美版
psp,169,Touhokudai Gaku Mirai Kagakugijutsu Kyoudoukenkyuu Center,脑力训练者 携带版,ULJM-05050,2005-10-20,Education,https://data.yang2000ling.com/img/psp_200/0169.jpg,日语,Sega,日版
psp,170,Burnout Legends,火爆狂飙 传奇,ULKS-46027,2005-10-20,Racing,https://data.yang2000ling.com/img/psp_200/0170.jpg,韩语,Electronic Arts,韩版
psp,171,FIFA 06,FIFA足球2006,ULES-00164,2008-03-04,Sports,https://data.yang2000ling.com/img/psp_200/0171.jpg,意大利语,Electronic Arts,意大利版
psp,172,FIFA 06,FIFA足球2006,ULES-00162,2005-10-23,Sport,https://data.yang2000ling.com/img/psp_200/0172.jpg,法文,Electronic Arts,法版
psp,173,Shinki Gensou - SSII Unlimited Side,新纪幻想-圣魔战记2,ULJM-05041,2005-10-25,RPG,https://data.yang2000ling.com/img/psp_200/0173.jpg,日语,Idea Factory,日版
psp,174,Grand Theft Auto - Liberty City Stories,侠盗猎车-自由城的故事,ULUS-10041,2005-10-25,Action,https://data.yang2000ling.com/img/psp_200/0174.jpg,西班牙语|意大利语|德语|英文|法文,Rockstar Games,美版
psp,175,FIFA 06,FIFA足球2006,ULES-00165,2005-10-26,Sport,https://data.yang2000ling.com/img/psp_200/0175.jpg,西班牙语,Electronic Arts,西班牙版
psp,176,Ghost in the Shell - Stand Alone Complex,攻壳机动队-猎人的领域,ULUS-10020,2005-10-26,Action,https://data.yang2000ling.com/img/psp_200/0176.jpg,英文,Bandai,美版
psp,177,Pursuit Force,强力追击,UCES-00019,2006-06-29,Action,https://data.yang2000ling.com/img/psp_200/0177.jpg,西班牙语|意大利语|德语|英文|法文,Sony,欧版
psp,178,Kao Challengers,百战小袋鼠-卡欧,ULES-00146,2005-10-27,Platformer,https://data.yang2000ling.com/img/psp_200/0178.jpg,西班牙语|意大利语|德语|英文|法文,Atari,欧版
psp,179,"Hustle - Detroit Streets, The",肆无忌惮-底特律大街,ULUS-10048,2005-10-27,Sport,https://data.yang2000ling.com/img/psp_200/0179.jpg,英文,Activision,美版
psp,180,Tony Hawk's Underground 2 - Remix,托尼霍克地下滑板2-复刻版,ULES-00035,2005-10-28,Sport,https://data.yang2000ling.com/img/psp_200/0180.jpg,德语,Activision,德版
psp,181,SSX - On Tour,极限滑雪,ULES-00192,2005-10-28,Sport,https://data.yang2000ling.com/img/psp_200/0181.jpg,德语|英文|法文,Electronic Arts,欧版
psp,182,NBA Live 06,NBA实况06,ULES-00156,2005-10-28,Sport,https://data.yang2000ling.com/img/psp_200/0182.jpg,德语|英文,Electronic Arts,欧版
psp,183,Ghost in the Shell - Stand Alone Complex,攻壳机动队-猎人的领域,ULES-00135,2005-10-28,Action,https://data.yang2000ling.com/img/psp_200/0183.jpg,英文,Atari,欧版
psp,184,NBA Live 06,NBA实况06,ULES-00158,2005-10-29,Sport,https://data.yang2000ling.com/img/psp_200/0184.jpg,西班牙语,Electronic Arts,西班牙版
psp,185,Twisted Metal - Head-On,扭曲金属赛车-勇往直前,UCES-00018,2005-10-30,Action,https://data.yang2000ling.com/img/psp_200/0185.jpg,西班牙语|意大利语|德语|英文|法文,Sony,欧版
psp,186,Star Wars - Battlefront II,星球大战-前线2,ULUS-10053,2005-11-01,Action,https://data.yang2000ling.com/img/psp_200/0186.jpg,英文,LucasArts,美版
psp,187,Kidou Keisatsu Patlabor - Kamubakku MiniPato,机动警察-迷你版,ULJS-00026,2005-11-02,Party,https://data.yang2000ling.com/img/psp_200/0187.jpg,日语,Bandai,日版
psp,188,Star Wars - Battlefront II,星球大战-前线2,ULES-00183,2005-11-04,Action,https://data.yang2000ling.com/img/psp_200/0188.jpg,西班牙语|意大利语|德语|英文|法文,LucasArts,欧版
psp,189,Grand Theft Auto - Liberty City Stories,侠盗猎车-自由城的故事,ULES-00151,2005-11-07,Action,https://data.yang2000ling.com/img/psp_200/0189.jpg,西班牙语|意大利语|德语|英文|法文,Rockstar Games,欧版
psp,190,SOCOM - U.S. Navy SEALs - Fireteam Bravo,海豹突击队-火线小组,UCUS-98615,2005-11-09,Action,https://data.yang2000ling.com/img/psp_200/0190.jpg,英文,Sony,美版
psp,191,"Lord of the Rings - Tactics, The",指环王-战略版,ULUS-10038,2005-11-09,Action Adventure,https://data.yang2000ling.com/img/psp_200/0191.jpg,英文,Electronic Arts,美版
psp,192,La Corda d'Oro,金色的琴弦,ULJM-05054,2005-11-12,Adventure,https://data.yang2000ling.com/img/psp_200/0192.jpg,日语,Koei,日版
psp,193,Fukufuku no Shima,福福之岛,UCJS-10016,2005-11-14,Simulation,https://data.yang2000ling.com/img/psp_200/0193.jpg,日语,Sony,日版
psp,194,Gripshift,爆冲赛车,ULES-00177,2005-11-15,Racing,https://data.yang2000ling.com/img/psp_200/0194.jpg,西班牙语|意大利语|德语|英文|法文,Platform Publishing,欧版
psp,195,Need for Speed - Most Wanted 5-1-0,极品飞车-最高通缉,ULUS-10036,2005-11-16,Racing,https://data.yang2000ling.com/img/psp_200/0195.jpg,英文,Electronic Arts,美版
psp,196,"Legend of Heroes - A Tear of Vermillion, The",英雄传说-朱红之泪,ULUS-10022,2005-11-16,RPG,https://data.yang2000ling.com/img/psp_200/0196.jpg,英文,Bandai,美版
psp,197,Kingdom of Paradise,天地之门,UCUS-98623,2005-11-16,Action,https://data.yang2000ling.com/img/psp_200/0197.jpg,英文,Sony,美版
psp,198,Infected,感染,ULUS-10054,2005-11-16,Action,https://data.yang2000ling.com/img/psp_200/0198.jpg,英文,Majesco Entertainment,美版
psp,199,Harry Potter and the Goblet of Fire,哈利波特与火焰杯,ULUS-10032,2005-11-16,Adventure,https://data.yang2000ling.com/img/psp_200/0199.jpg,英文,Electronic Arts,美版
psp,200,Harry Potter et la Coupe de Feu,哈利波特与火焰杯,ULES-00214,2005-11-16,Adventure,https://data.yang2000ling.com/img/psp_200/0200.jpg,法文,Electronic Arts,法版
psp,201,Virtua Tennis - World Tour,VR网球,ULKS-46023,2005-11-17,Sport,https://data.yang2000ling.com/img/psp_200/0201.jpg,英文,SEGA,韩版
psp,202,WRC - FIA World Rally Championship,世界拉力锦标赛,UCES-00005,2005-11-19,Racing,https://data.yang2000ling.com/img/psp_200/0202.jpg,西班牙语|意大利语|德语|英文|法文,Sony,欧版
psp,203,Crash Tag Team Racing,古惑狼赛车 团队竞速,ULUS-10044,2005-11-19,Racing,https://data.yang2000ling.com/img/psp_200/0203.jpg,英文,Sierra,美版
psp,204,Harry Potter and the Goblet of Fire,哈利波特与火焰杯,ULES-00216,2005-11-19,Adventure,https://data.yang2000ling.com/img/psp_200/0204.jpg,西班牙语|意大利语,Electronic Arts,欧版
psp,205,Pro Evolution Soccer 5,实况足球5,ULES-00160,2005-11-20,Sport,https://data.yang2000ling.com/img/psp_200/0205.jpg,西班牙语|意大利语|德语|英文|法文,Konami,欧版
psp,206,Need for Speed - Most Wanted 5-1-0,极品飞车-最高通缉,ULES-00196,2005-11-22,Racing,https://data.yang2000ling.com/img/psp_200/0206.jpg,西班牙语|意大利语|德语|英文|法文,Electronic Arts,欧版
psp,207,Yarudora Portable - Yukiwari no Hana,互动剧场-雪割花,UCAS-40035,2005-11-22,Adventure,https://data.yang2000ling.com/img/psp_200/0207.jpg,中文,Sony,中国版
psp,208,Yarudora Portable - Kisetsu wo Dakishimete,互动剧场-季节拥抱,UCAS-40033,2005-11-22,Adventure,https://data.yang2000ling.com/img/psp_200/0208.jpg,中文,Sony,中国版
psp,209,Yarudora Portable - Double Cast,互动剧场-双重角色,UCAS-40032,2005-11-23,Adventure,https://data.yang2000ling.com/img/psp_200/0209.jpg,中文,Sony,中国版
psp,210,Harry Potter unt der Feuerkelch,哈利波特与火焰杯,ULES-00215,2005-11-23,Adventure,https://data.yang2000ling.com/img/psp_200/0210.jpg,德语|荷兰语,Electronic Arts,欧版
psp,211,Vulcanus - Seek & Destroy,重装战将,UCKS-45006,2005-11-23,Action,https://data.yang2000ling.com/img/psp_200/0211.jpg,韩语,Zapetto,韩版
psp,212,Crash Tag Team Racing,古惑狼赛车 团队竞速,ULES-00170,2005-11-24,Racing,https://data.yang2000ling.com/img/psp_200/0212.jpg,德语,Vivendi Universal,德版
psp,213,Harry Potter and the Goblet of Fire,哈利波特与火焰杯,ULES-00210,2005-11-26,Adventure,https://data.yang2000ling.com/img/psp_200/0213.jpg,英文,Electronic Arts,欧版
psp,214,X-Men Legends II - Rise of Apocalypse,X战警传奇2-天启降临,ULES-00190,2005-11-26,Action,https://data.yang2000ling.com/img/psp_200/0214.jpg,德语,Activision,德版
psp,215,Monster Hunter Portable,怪物猎人 携带版,ULJM-05066,2005-11-28,Action RPG,https://data.yang2000ling.com/img/psp_200/0215.jpg,日语,Capcom,日版
psp,216,TalkMan (Microphone Doukonban),翻译精灵(麦克风同捆版),UCJS-10009,2005-11-29,Miscellaneous,https://data.yang2000ling.com/img/psp_200/0216.jpg,韩语|日语|中文|英文,Sony,日版
psp,217,Burnout Legends,火爆狂飙 传奇,ULJM-05049,2005-11-29,Racing,https://data.yang2000ling.com/img/psp_200/0217.jpg,日语,Electronic Arts,日版
psp,218,Bokujou Monogatari - Harvest Moon Boy & Girl,牧场物语-中秋满月 男生&女生版,ULJS-00034,2005-11-29,Simulation,https://data.yang2000ling.com/img/psp_200/0218.jpg,日语,Marvelous,日版
psp,219,TalkMan (v2),翻译精灵(v2),UCKS-45012,2005-11-29,Miscellaneous,https://data.yang2000ling.com/img/psp_200/0219.jpg,韩语|日语|中文|英文,Sony,韩版
psp,220,Armored Core - Formula Front International,装甲核心-方程式前线 国际版,ULJS-19001,2006-10-03,Strategy,https://data.yang2000ling.com/img/psp_200/0220.jpg,日语|英文,Agetec,日版
psp,221,"Lord of the Rings - Tactics, The",指环王-战略版,ULES-00200,2005-11-30,Strategy,https://data.yang2000ling.com/img/psp_200/0221.jpg,德语,Electronic Arts,德版
psp,222,PoPoLoCrois,波波罗古罗伊斯物语-陂耶多罗王子的冒险,ULUS-10018,2005-11-30,RPG,https://data.yang2000ling.com/img/psp_200/0222.jpg,英文,Agetec,美版
psp,223,Geki - Sengoku Mesou,战国无双,ULJM-05071,2005-12-06,Action,https://data.yang2000ling.com/img/psp_200/0223.jpg,日语,Koei,日版
psp,224,Metal Gear Ac!d 2,合金装备,ULJM-05047,2005-12-06,Action,https://data.yang2000ling.com/img/psp_200/0224.jpg,日语,Konami,日版
psp,225,Go! Sudoku,Go!数独,UCES-00152,2005-12-06,Puzzle,https://data.yang2000ling.com/img/psp_200/0225.jpg,西班牙语|意大利语|德语|英文|法文,Sony,欧版
psp,226,Frantix,弗兰提西历险记,ULES-00175,2005-12-06,Puzzle,https://data.yang2000ling.com/img/psp_200/0226.jpg,西班牙语|意大利语|德语|英文|法文,Ubi Soft,欧版
psp,227,Tokobot,遗迹大冒险,ULUS-10061,2005-12-07,Puzzle,https://data.yang2000ling.com/img/psp_200/0227.jpg,英文,Tecmo,美版
psp,228,Pac-Man World 3,吃豆人世界3,ULUS-10055,2005-12-07,Platformer,https://data.yang2000ling.com/img/psp_200/0228.jpg,英文,Namco,美版
psp,229,Prince of Persia - Revelations,波斯王子-武者之心,ULUS-10063,2005-12-07,Action,https://data.yang2000ling.com/img/psp_200/0229.jpg,西班牙语|英文|法文,Ubi Soft,美版
psp,230,"Sims 2, The",模拟人生2,ULUS-10031,2005-12-09,Simulator,https://data.yang2000ling.com/img/psp_200/0230.jpg,英文,Electronic Arts,美版
psp,231,SSX - On Tour,极限滑雪,ULKS-46038,2005-12-10,Sport,https://data.yang2000ling.com/img/psp_200/0231.jpg,韩语,Electronic Arts,韩版
psp,232,Championship Manager,冠军足球经理,ULES-00174,2005-12-11,Sport,https://data.yang2000ling.com/img/psp_200/0232.jpg,英文,Eidos,欧版
psp,233,Rockman X - Irregular Hunter,洛克人X-反乱猎人,ULJM-05043,2005-12-12,Platformer,https://data.yang2000ling.com/img/psp_200/0233.jpg,日语,Capcom,日版
psp,234,Harry Potter and the Goblet of Fire,哈利波特与火焰杯,ULKS-46047,2005-12-13,Adventure,https://data.yang2000ling.com/img/psp_200/0234.jpg,韩语,Electronic Arts,韩版
psp,235,Peter Jackson's King Kong,金刚,ULES-00225,2005-12-13,Action,https://data.yang2000ling.com/img/psp_200/0235.jpg,瑞典语|西班牙语|挪威语|意大利语|德语|芬兰语|荷兰语|丹麦语|英文|法文,Ubi Soft,欧版
psp,236,Pinball Hall of Fame - The Gottlieb Collection,弹珠台名人堂-戈特利布合集,ULUS-10052,2005-12-13,Pinball,https://data.yang2000ling.com/img/psp_200/0236.jpg,英文,Crave Entertainment,美版
psp,237,World Championship Poker 2 - Featuring Howard Lederer,世界扑克锦标赛2,ULUS-10060,2005-12-13,Card Game,https://data.yang2000ling.com/img/psp_200/0237.jpg,英文,Crave Entertainment,美版
psp,238,Prince of Persia - Revelations,波斯王子-武者之心,ULES-00223,2005-12-14,Action Adventure,https://data.yang2000ling.com/img/psp_200/0238.jpg,西班牙语|意大利语|德语|英文|法文,Ubi Soft,欧版
psp,239,WWE SmackDown! vs. RAW 2006,世界摔跤联盟2006,ULUS-10050,2005-12-14,Sport,https://data.yang2000ling.com/img/psp_200/0239.jpg,英文,THQ,美版
psp,240,Exit,紧急出口,ULJM-05062,2005-12-15,Platformer,https://data.yang2000ling.com/img/psp_200/0240.jpg,日语,Taito,日版
psp,241,Jet de Go Pocket,飞机GO! 口袋版,ULJM-05074,2005-12-15,Simulation,https://data.yang2000ling.com/img/psp_200/0241.jpg,日语,Taito,日版
psp,242,Piposaru Academia 2,比波猴学院2,UCJS-10020,2005-12-15,Party,https://data.yang2000ling.com/img/psp_200/0242.jpg,日语,Sony,日版
psp,243,Midway Arcade Treasures - Extended Play,Midway经典街机游戏合集,ULUS-10059,2005-12-15,Compilation,https://data.yang2000ling.com/img/psp_200/0243.jpg,英文,Midway,美版
psp,244,Madden NFL 06,劲爆美式橄榄球2006,ULES-00147,2005-12-16,Sport,https://data.yang2000ling.com/img/psp_200/0244.jpg,英文,Electronic Arts,欧版
psp,245,WWE SmackDown! vs. RAW 2006,世界摔跤联盟2006,ULES-00227,2005-12-16,Fighting,https://data.yang2000ling.com/img/psp_200/0245.jpg,西班牙语|意大利语|德语|英文|法文,THQ,欧版
psp,246,Handdic,掌上词典,UCKS-45017,2005-12-21,Dictionary,https://data.yang2000ling.com/img/psp_200/0246.jpg,韩语,Sony,韩版
psp,247,Pursuit Force,强力追击,UCKS-45016,2005-12-21,Action,https://data.yang2000ling.com/img/psp_200/0247.jpg,韩语,Sony,韩版
psp,248,Daisenryaku Portable,大战略 携带版,ULJM-05068,2013-02-11,Strategy,https://data.yang2000ling.com/img/psp_200/0248.jpg,日语,Genki,日版
psp,249,FIFA 06,FIFA足球2006,ULKS-46031,2005-12-26,Sport,https://data.yang2000ling.com/img/psp_200/0249.jpg,韩语,Electronic Arts,韩版
psp,250,Need for Speed - Most Wanted 5-1-0,极品飞车-最高通缉,ULKS-46044,2005-12-27,Racing,https://data.yang2000ling.com/img/psp_200/0250.jpg,韩语,Electronic Arts,韩版
psp,251,Peter Jackson's King Kong,金刚,ULUS-10072,2005-12-29,Action Adventure,https://data.yang2000ling.com/img/psp_200/0251.jpg,英文,Ubi Soft,美版
psp,252,Flowars Portable,龙争花开 携带版,ULKS-46008,2005-12-29,Board Game,https://data.yang2000ling.com/img/psp_200/0252.jpg,韩语,Neo Games,韩版
psp,253,Beit Hell 2000,打工地狱2000,UCJS-10022,2005-12-29,Action,https://data.yang2000ling.com/img/psp_200/0253.jpg,日语,Sony,日版
psp,254,Boku no Watashi no Katamari Damacy,我们的块魂,ULJS-00033,2006-10-29,Action Adventure,https://data.yang2000ling.com/img/psp_200/0254.jpg,日语,Namco,日版
psp,255,Comic Party Portable - Shokai Genteiban,漫画同人会 携带版(初回限定版),ULJS-00027,2006-12-17,Adventure,https://data.yang2000ling.com/img/psp_200/0255.jpg,日语,Aqua Plus,日版
psp,256,Crash Bandicoot - Gacchanko World,古惑狼赛车 团队竞速,ULJM-05036,2005-12-29,Driving,https://data.yang2000ling.com/img/psp_200/0256.jpg,日语,Vivendi,日版
psp,257,Karakuri,遗迹大冒险,ULJS-00029,2005-12-29,Action,https://data.yang2000ling.com/img/psp_200/0257.jpg,日语,Sony,日版
psp,258,Need for Speed - Most Wanted 5-1-0,极品飞车-最高通缉,ULMJ-05073,2005-12-29,Racing,https://data.yang2000ling.com/img/psp_200/0258.jpg,日语,Electronic Arts,日版
psp,259,SSX - On Tour Portable,极限滑雪,ULJM-05063,2005-12-29,Sport,https://data.yang2000ling.com/img/psp_200/0259.jpg,日语,Electronic Arts,日版
psp,260,Nobunaga no Yabou - Shouseiroku,信长的野望 将星录,ULJM-05072,2005-12-29,Strategy,https://data.yang2000ling.com/img/psp_200/0260.jpg,日语,Koei,日版
psp,261,Puyo Puyo Fever 2,噗哟噗喲 狂热2,ULJM-05058,2005-12-29,Puzzle,https://data.yang2000ling.com/img/psp_200/0261.jpg,日语,Sega,日版
psp,262,Zero Shiki Kanjou Sentouki,零式舰上战斗记 征空王,ULJM-05075,2005-12-29,Simulation,https://data.yang2000ling.com/img/psp_200/0262.jpg,日语,Taito,日版
psp,263,Super Robot Taisen MX Portable,超级机器人大战MX 携带版,ULJS-00041,2005-12-29,Strategy,https://data.yang2000ling.com/img/psp_200/0263.jpg,日语,Banpresto,日版
psp,264,Shin Megami Tensei - Devil Summoner,真女神转生-恶魔召唤师,ULJM-05053,2005-12-29,RPG,https://data.yang2000ling.com/img/psp_200/0264.jpg,日语,Atlus,日版
psp,265,Generation of Chaos IV - Another Side,新天魔界混沌时代4,ULKS-46013,2006-01-11,RPG,https://data.yang2000ling.com/img/psp_200/0265.jpg,韩语,Nippon Ichi Software,韩版
psp,266,Ultimate Block Party,科隆方块,ULUS-10043,2006-01-11,Puzzle,https://data.yang2000ling.com/img/psp_200/0266.jpg,英文,Conspiracy Entertainment,美版
psp,267,"Sims 2, The",模拟人生2,ULES-00211,2006-01-11,Virtual Life,https://data.yang2000ling.com/img/psp_200/0267.jpg,西班牙语|意大利语|德语|英文|法文,Electronic Arts,欧版
psp,268,PQ - Practical Intelligence Quotient,智能执照,ULUS-10046,2006-01-11,Puzzle,https://data.yang2000ling.com/img/psp_200/0268.jpg,英文,D3 Publisher,美版
psp,269,DJ Max Emotional Sense P - Portable - Dynamic Sound Creation,DJMax 携带版,ULKS-46050,2006-01-12,Rhytm,https://data.yang2000ling.com/img/psp_200/0269.jpg,韩语,Pentavision,韩版
psp,270,"Legend of Heroes V - A Cagesong of the Ocean, The",英雄传说-海之槛歌,ULJS-00032,2006-01-14,RPG,https://data.yang2000ling.com/img/psp_200/0270.jpg,日语,Bandai,日版
psp,271,Street Fighter Zero 3 - Double Upper,街头霸王Zero3,ULJM-05082,2006-01-16,Fighting,https://data.yang2000ling.com/img/psp_200/0271.jpg,日语,Capcom,日版
psp,272,Key of Heaven,天地之门,UCES-00178,2006-10-13,Action RPG,https://data.yang2000ling.com/img/psp_200/0272.jpg,西班牙语|意大利语|德语|英文|法文,Sony,欧版
psp,273,WWE SmackDown! vs. RAW 2006,世界摔跤联盟2006,ULKS-46057,2006-01-18,Wrestling,https://data.yang2000ling.com/img/psp_200/0273.jpg,韩语,THQ,韩版
psp,274,"Con - Gamble Fight, The",非法地带,UCKS-45015,2006-01-19,3D Fighting,https://data.yang2000ling.com/img/psp_200/0274.jpg,韩语,Sony,韩版
psp,275,Ape Escape Academy,比波猴学院 捉猴大全集,UCUS-98619,2006-01-19,Party Game,https://data.yang2000ling.com/img/psp_200/0275.jpg,英文,Sony,美版
psp,276,Ys - Napishtim no Kou,伊苏-纳比斯汀的方舟,ULJM-05009,2006-01-20,Action RPG,https://data.yang2000ling.com/img/psp_200/0276.jpg,日语,Konami,日版
psp,277,"Sims 2, The",模拟人生2,ULKS-46045,2006-01-25,Virtual Life,https://data.yang2000ling.com/img/psp_200/0277.jpg,韩语,Electronic Arts,韩版
psp,278,Rengoku - The Tower of Purgatory,炼狱-洗罪塔,ULES-00123,2006-02-01,Action Adventure,https://data.yang2000ling.com/img/psp_200/0278.jpg,西班牙语|意大利语|德语|英文|法文,Konami,欧版
psp,279,Mega Man - Maverick Hunter X,洛克人X-反乱猎人,ULUS-10068,2006-02-03,Platformer,https://data.yang2000ling.com/img/psp_200/0279.jpg,英文,Capcom,美版
psp,280,Crash Tag Team Racing,古惑狼赛车 团队竞速,ULES-00172,2006-02-03,Car Combat,https://data.yang2000ling.com/img/psp_200/0280.jpg,意大利语,Vivendi Universal,意大利版
psp,281,Armored Core - Formula Front Extreme Battle,装甲核心-方程式前线 终极战役,ULUS-10034,2006-02-05,Simulation,https://data.yang2000ling.com/img/psp_200/0281.jpg,英文,Agetec,美版
psp,282,Tales of Eternia,永恒传说,ULES-00176,2006-02-06,RPG,https://data.yang2000ling.com/img/psp_200/0282.jpg,英文,Namco,欧版
psp,283,Gradius Portable,宇宙巡航机 携带版,ULJM-05091,2006-02-07,Shooter,https://data.yang2000ling.com/img/psp_200/0283.jpg,日语,Konami,日版
psp,284,Street Fighter Alpha 3 MAX,街头霸王Alpha3,ULUS-10062,2006-02-07,Fighting,https://data.yang2000ling.com/img/psp_200/0284.jpg,英文,Capcom,美版
psp,285,Death Jr.,小死神,ULES-00144,2006-02-08,Platformer,https://data.yang2000ling.com/img/psp_200/0285.jpg,西班牙语|意大利语|德语|英文|法文,Konami,欧版
psp,286,San Goku Shi VI,三国志6,ULAS-42032,2006-02-08,Strategy,https://data.yang2000ling.com/img/psp_200/0286.jpg,中文,Koei,中国版
psp,287,Breath of Fire III,龙战士3,ULES-00193,2006-02-09,RPG,https://data.yang2000ling.com/img/psp_200/0287.jpg,英文,Capcom,欧版
psp,288,ATV Offroad Fury - Blazin' Trails,沙滩机车赛,ULES-00155,2006-02-09,Racing,https://data.yang2000ling.com/img/psp_200/0288.jpg,西班牙语|意大利语|德语|英文|法文,Sony,欧版
psp,289,World Soccer Winning Eleven 9,实况足球9,ULUS-10056,2006-02-09,Sport,https://data.yang2000ling.com/img/psp_200/0289.jpg,英文,Konami,美版
psp,290,San Goku Shi VII,三国志7,ULJM-05083,2006-02-10,Strategy,https://data.yang2000ling.com/img/psp_200/0290.jpg,日语,Koei,日版
psp,291,Nakahara no Hasha - Sangoku Shouseiden,三国将星传-中原之霸者,ULJS-00036,2006-02-10,Strategy,https://data.yang2000ling.com/img/psp_200/0291.jpg,日语,Namco,日版
psp,292,Gottlieb Pinball Classics,弹珠台名人堂-戈特利布合集,ULES-00212,2006-02-10,Pinball,https://data.yang2000ling.com/img/psp_200/0292.jpg,英文,Crave Entertainment,欧版
psp,293,Exit,紧急出口,ULUS-10074,2006-02-15,Platformer,https://data.yang2000ling.com/img/psp_200/0293.jpg,英文,Ubi Soft,美版
psp,294,Densha de Go! Pocket - Chuuousen Hen,电车GO! 口袋版-中央线篇,ULJM-05084,2006-02-16,Simulation,https://data.yang2000ling.com/img/psp_200/0294.jpg,日语,Taito,日版
psp,295,Yarudora Portable - Blood the Last Vampire,互动剧场-最后的吸血鬼,UCJS-10025,2006-02-16,Adventure,https://data.yang2000ling.com/img/psp_200/0295.jpg,日语,Sony,日版
psp,296,Jui - Dr. Touma Jotarou,呪医-杜马丈太郎,ULJM-05098,2006-02-20,Adventure,https://data.yang2000ling.com/img/psp_200/0296.jpg,日语,Taito,日版
psp,297,Initial D - Street Stage,头文字D-公路传说,ULJM-05093,2006-02-21,Driving,https://data.yang2000ling.com/img/psp_200/0297.jpg,日语,SEGA,日版
psp,298,World Series of Poker,世界扑克大赛,ULES-00224,2006-09-06,Gambling,https://data.yang2000ling.com/img/psp_200/0298.jpg,英文,Activision,欧版
psp,299,Frogger - Helmet Chaos,青蛙过河,ULES-00207,2006-09-30,Platformer,https://data.yang2000ling.com/img/psp_200/0299.jpg,西班牙语|意大利语|德语|英文|法文,Konami,欧版
psp,300,Fight Night Round 3,拳击之夜3,ULUS-10066,2006-02-24,Sports,https://data.yang2000ling.com/img/psp_200/0300.jpg,英文,Electronic Arts,美版
psp,301,Midway Arcade Treasures - Extended Play,Midway经典街机游戏合集,ULES-00180,2006-02-24,Compilation,https://data.yang2000ling.com/img/psp_200/0301.jpg,英文,Midway,欧版
psp,302,Gensou Suikoden I & II,幻想水浒传1&2,ULJM-05086,2006-02-24,RPG,https://data.yang2000ling.com/img/psp_200/0302.jpg,日语,Konami,日版
psp,303,Jitsuroku Oniyome Nikki,鬼嫁日记,ULJM-05100,2006-02-24,Action,https://data.yang2000ling.com/img/psp_200/0303.jpg,日语,AQ Interactive,日版
psp,304,Kinnikuman - Muscle Generations,筋肉人,ULJS-00046,2006-02-24,Wrestling,https://data.yang2000ling.com/img/psp_200/0304.jpg,日语,Bandai,日版
psp,305,Namco Museum 2,南梦宫博物馆2,ULJS-00047,2013-02-11,Compilation,https://data.yang2000ling.com/img/psp_200/0305.jpg,日语,Namco,日版
psp,306,Mai-Hime Bakuretsu! Fuuka Gakuen Gekitoushi!,舞-HiME 爆裂!风华学园激斗史,ULJS-00040,2006-02-25,Action,https://data.yang2000ling.com/img/psp_200/0306.jpg,日语,Marvelous,日版
psp,307,Monster Kingdom - Jewel Summoner,怪兽王国-晶石召唤师,UCJS-10026,2006-02-27,RPG,https://data.yang2000ling.com/img/psp_200/0307.jpg,日语,Sony,日版
psp,308,Valkyrie Profile - Lenneth,北欧女神-蕾娜斯,ULJM-05101,2006-02-28,Action,https://data.yang2000ling.com/img/psp_200/0308.jpg,日语,Square Enix,日版
psp,309,FIFA Street 2,FIFA街头足球2,ULES-00264,2006-02-28,Sports,https://data.yang2000ling.com/img/psp_200/0309.jpg,德语|英文|法文,Electronic Arts,欧版
psp,310,MX vs. ATV - On the Edge,究极大越野,ULUS-10071,2006-02-28,Racing,https://data.yang2000ling.com/img/psp_200/0310.jpg,英文,THQ,美版
psp,311,Simple 2500 Series Portable Vol. 2 - The Tennis,廉价2500系列Vol.2-网球,ULJS-00038,2006-03-01,Sports,https://data.yang2000ling.com/img/psp_200/0311.jpg,日语,D3 Publisher,日版
psp,312,Mobile Train Simulator - Keisei - Toei Asakusa - Keikyuusen,移动火车模拟-京成 都营浅草 京急线,ULJM-05085,2006-03-01,Simulation,https://data.yang2000ling.com/img/psp_200/0312.jpg,日语,Ongakukan,日版
psp,313,Mega Man - Maverick Hunter X,洛克人X-反乱猎人,ULES-00251,2006-03-01,Platformer,https://data.yang2000ling.com/img/psp_200/0313.jpg,英文,Capcom,欧版
psp,314,Generation of Chaos,新天魔界混沌时代4,ULUS-10075,2006-03-01,Strategy,https://data.yang2000ling.com/img/psp_200/0314.jpg,英文,NIS America,美版
psp,315,Ys - The Ark of Napishtim,伊苏-纳比斯汀的方舟,ULUS-10051,2006-03-01,Action RPG,https://data.yang2000ling.com/img/psp_200/0315.jpg,英文,Konami,美版
psp,316,Blade Dancer - Sennen no Yakusoku,剑舞者-千年之约定,UCJS-10021,2013-08-30,RPG,https://data.yang2000ling.com/img/psp_200/0316.jpg,日语,Sony,日版
psp,317,Derby Time 2006,德贝赛马时代2006,UCJS-10027,2006-03-02,Sports,https://data.yang2000ling.com/img/psp_200/0317.jpg,日语,Sony,日版
psp,318,Street Supremacy,首都高-街头至尊,ULUS-10069,2006-03-02,Driving,https://data.yang2000ling.com/img/psp_200/0318.jpg,英文,Konami,美版
psp,319,MLB 06 - The Show,美国职棒大联盟06,UCUS-98624,2006-03-02,Sports,https://data.yang2000ling.com/img/psp_200/0319.jpg,英文,Sony,美版
psp,320,FIFA Street 2,FIFA街头足球2,ULUS-10067,2006-03-02,Sports,https://data.yang2000ling.com/img/psp_200/0320.jpg,英文,Electronic Arts,美版
psp,321,Dora-Slot - Oki-Slot-Ou! Pioneer 12,ドラスロット 沖スロ王！パイオニア12,ULJM-05069,2006-03-03,Gambling,https://data.yang2000ling.com/img/psp_200/0321.jpg,日语,Dorart,日版
psp,322,Ooedo Senryoubako,大江户千两箱,ULJM-05099,2006-03-03,Action,https://data.yang2000ling.com/img/psp_200/0322.jpg,日语,Taito,日版
psp,323,Daito Giken Koushiki Pachi-Slot Simulator - Ossu! Banchou Portable,大都技研公式 模拟柏青嫂-押忍!番长 携带版,ULJS-00052,2006-03-03,Gambling,https://data.yang2000ling.com/img/psp_200/0323.jpg,日语,Daito Giken,日版
psp,324,Pursuit Force - Daitsuiseki,强力追击,ULJM-05097,2006-08-15,Driving,https://data.yang2000ling.com/img/psp_200/0324.jpg,日语,Spike,日版
psp,325,Power Smash - New Generation,VR网球,ULJM-05079,2006-03-03,Sports,https://data.yang2000ling.com/img/psp_200/0325.jpg,日语,SEGA,日版
psp,326,Hayarigami Portable - Keishichou Kaii Jiken,流行之神-警视厅怪异事件档案 携带版,ULJS-00035,2006-03-03,Adventure,https://data.yang2000ling.com/img/psp_200/0326.jpg,日语,Nippon Ichi Software,日版
psp,327,Simple 2500 Series Portable Vol. 1 - The Table Game,廉价2500系列Vol.1-桌面游戏,ULJS-00037,2013-02-11,Board Games,https://data.yang2000ling.com/img/psp_200/0327.jpg,日语,D3 Publisher,日版
psp,328,Rockman Rockman,洛克人洛克人,ULJM-05044,2006-03-04,Platformer,https://data.yang2000ling.com/img/psp_200/0328.jpg,日语,Capcom,日版
psp,329,KuruKuru Chameleon,回转逆转变色龙,ULJM-05067,2007-05-15,Puzzle,https://data.yang2000ling.com/img/psp_200/0329.jpg,日语,Starfish,日版
psp,330,Fired Up,火爆赛车,UCKS-45013,2006-03-04,Action,https://data.yang2000ling.com/img/psp_200/0330.jpg,韩语,Sony,韩版
psp,331,Eyeshield 21 - Portable Edition,极速达阵21 携带版,ULJM-05108,2006-03-04,Sports,https://data.yang2000ling.com/img/psp_200/0331.jpg,日语,Konami,日版
psp,332,MutaJuice,激情果汁,ULKS-46061,2006-03-04,Virtual Life,https://data.yang2000ling.com/img/psp_200/0332.jpg,韩语,Cinepix,韩版
psp,333,Blade Dancer,剑舞者-千年之约定,UCAS-40064,2006-03-04,RPG,https://data.yang2000ling.com/img/psp_200/0333.jpg,中文,Sony,中国版
psp,334,SpongeBob SquarePants - The Yellow Avenger,海绵先生-黄色复仇者,ULUS-10092,2006-03-07,Action,https://data.yang2000ling.com/img/psp_200/0334.jpg,英文,THQ,美版
psp,335,FIFA 06,FIFA足球2006,ULJM-05061,2006-03-08,Sports,https://data.yang2000ling.com/img/psp_200/0335.jpg,日语,Electronic Arts,日版
psp,336,Frantix - Kirakira Nazotoki Daibouken,弗兰提西历险记,ULJM-05088,2006-03-08,Puzzle,https://data.yang2000ling.com/img/psp_200/0336.jpg,日语,Ubi Soft,日版
psp,337,Gamble Con Fight,非法地带,ULJM-05092,2006-03-08,Fighting,https://data.yang2000ling.com/img/psp_200/0337.jpg,日语,Ertain,日版
psp,338,NBA Live 06,NBA实况06,ULJM-05064,2006-03-08,Sports,https://data.yang2000ling.com/img/psp_200/0338.jpg,日语,Electronic Arts,日版
psp,339,Saikyou Toudai Shogi Portable,东大将棋 携带版,ULJM-05070,2006-03-08,Board Games,https://data.yang2000ling.com/img/psp_200/0339.jpg,日语,Mainichi,日版
psp,340,Street Fighter Alpha 3 MAX,街头霸王Alpha3,ULES-00235,2006-03-08,Fighting,https://data.yang2000ling.com/img/psp_200/0340.jpg,英文,Capcom,欧版
psp,341,Fight Night Round 3,拳击之夜3,ULES-00270,2006-03-08,Sports,https://data.yang2000ling.com/img/psp_200/0341.jpg,英文,Electronic Arts,欧版
psp,342,Tiger Woods PGA Tour 06,泰格伍兹高尔夫球巡回赛2006,ULJM-05059,2006-03-09,Sports,https://data.yang2000ling.com/img/psp_200/0342.jpg,日语,Electronic Arts,日版
psp,343,Tokimeki Memorial - Forever With You,心跳回忆-永远属于你,ULJM-05078,2006-03-09,Adventure,https://data.yang2000ling.com/img/psp_200/0343.jpg,日语,Konami,日版
psp,344,Sakura Taisen 1 & 2,樱花大战1&2,ULJM-05109,2006-03-09,Strategy,https://data.yang2000ling.com/img/psp_200/0344.jpg,日语,SEGA,日版
psp,345,Samurai Warriors - State of War,战国无双,ULUS-10089,2006-03-09,Beat-'Em-Up,https://data.yang2000ling.com/img/psp_200/0345.jpg,英文,Koei,美版
psp,346,Dragon Ball Z - Shin Budokai,龙珠Z-真武道会,ULUS-10081,2006-03-09,Fighting,https://data.yang2000ling.com/img/psp_200/0346.jpg,英文,Atari,美版
psp,347,Lemmings,疯狂小旅鼠,UCES-00109,2006-03-10,Puzzle,https://data.yang2000ling.com/img/psp_200/0347.jpg,西班牙语|意大利语|德语|英文|法文,Sony,欧版
psp,348,WRC - FIA World Rally Championship,世界拉力锦标赛,ULJM-05114,2006-03-12,Racing,https://data.yang2000ling.com/img/psp_200/0348.jpg,日语,Spike,日版
psp,349,Lemmings,疯狂小旅鼠,UCJS-10028,2006-03-12,Puzzle,https://data.yang2000ling.com/img/psp_200/0349.jpg,日语,Sony,日版
psp,350,XI Coliseum,XI 骰子热爆,UCJS-10031,2006-03-12,Puzzle,https://data.yang2000ling.com/img/psp_200/0350.jpg,日语,Sony,日版
psp,351,Pursuit Force,强力追击,UCUS-98640,2006-03-13,Driving,https://data.yang2000ling.com/img/psp_200/0351.jpg,英文,Sony,美版
psp,352,Coded Arms,机密武装,ULJM-05024,2006-03-11,First-Person Shooter,https://data.yang2000ling.com/img/psp_200/0352.jpg,日语,Konami,日版
psp,353,Simple 2500 Series Portable Vol. 4 - The Unou Drill,廉价2500系列Vol.4-右脑训练,ULJS-00039,2013-02-11,Puzzle,https://data.yang2000ling.com/img/psp_200/0353.jpg,日语,D3 Publisher,日版
psp,354,Bomberman - Bakufuu Sentai Bombermen,炸弹人-爆风战队,UCJS-10030,2007-11-04,Action,https://data.yang2000ling.com/img/psp_200/0354.jpg,日语,Sony,日版
psp,355,MX vs. ATV - On the Edge,究极大越野,ULES-00274,2006-03-15,Racing,https://data.yang2000ling.com/img/psp_200/0355.jpg,英文,THQ,欧版
psp,356,Mega Man - Powered Up,洛克人洛克人,ULUS-10091,2006-03-15,Action,https://data.yang2000ling.com/img/psp_200/0356.jpg,英文,Capcom,美版
psp,357,Daxter,达斯特,UCUS-98618,2006-03-15,Action Adventure,https://data.yang2000ling.com/img/psp_200/0357.jpg,英文,Sony,美版
psp,358,Neopets Petpet Adventures - The Wand of Wishing,宠物大冒险2,UCUS-98622,2006-03-16,Action RPG,https://data.yang2000ling.com/img/psp_200/0358.jpg,英文,Sony,美版
psp,359,Syphon Filter - Dark Mirror,虹吸战士-黑镜,UCUS-98641,2006-03-16,Action,https://data.yang2000ling.com/img/psp_200/0359.jpg,英文,Sony,美版
psp,360,Biz Taiken Series - Kigyodo,起业道,ULJS-00050,2006-03-19,Strategy,https://data.yang2000ling.com/img/psp_200/0360.jpg,日语,Kokuyo,日版
psp,361,I.Q. Mania,智商狂热,UCJS-10029,2006-03-19,Puzzle,https://data.yang2000ling.com/img/psp_200/0361.jpg,日语,Sony,日版
psp,362,Viewtiful Joe - Battle Carnival,红侠乔伊-战斗嘉年华,ULJM-05080,2006-03-20,Beat-'Em-Up,https://data.yang2000ling.com/img/psp_200/0362.jpg,日语,Capcom,日版
psp,363,Worms - Open Warfare,百战天虫-开战时刻,ULES-00268,2006-03-22,Blow-'Em-Up,https://data.yang2000ling.com/img/psp_200/0363.jpg,英文,THQ,欧版
psp,364,Me & My Katamari,我们的块魂,ULUS-10094,2006-03-22,Adventure,https://data.yang2000ling.com/img/psp_200/0364.jpg,英文,Namco,美版
psp,365,Samurai Warriors - State of War,战国无双,ULES-00297,2006-03-22,Beat-'Em-Up,https://data.yang2000ling.com/img/psp_200/0365.jpg,英文,Koei,欧版
psp,366,Nobunaga no Yabou - Reppuuden with Power Up Kit,信长野望-烈风传,ULJM-05022,2013-02-11,Strategy,https://data.yang2000ling.com/img/psp_200/0366.jpg,日语,Koei,日版
psp,367,Samurai Warriors - State of War,战国无双,ULES-00299,2006-03-22,Beat-'Em-Up,https://data.yang2000ling.com/img/psp_200/0367.jpg,德语,Koei,德版
psp,368,Metal Gear Ac!d 2,合金装备,ULUS-10077,2006-03-22,Strategy,https://data.yang2000ling.com/img/psp_200/0368.jpg,英文,Konami,美版
psp,369,Tom Clancy's Splinter Cell - Essentials,细胞分裂-精华,ULUS-10070,2006-03-22,Action Adventure,https://data.yang2000ling.com/img/psp_200/0369.jpg,英文,Ubi Soft,美版
psp,370,Go! Sudoku,Go!数独,ULUS-10095,2006-03-23,Puzzle,https://data.yang2000ling.com/img/psp_200/0370.jpg,英文,Ubi Soft,美版
psp,371,Daikoukai Jidai IV - Rota Nova,大航海时代4,ULJM-05096,2012-09-04,Strategy,https://data.yang2000ling.com/img/psp_200/0371.jpg,日语,Koei,日版
psp,372,Shin Sangoku Musou - 2nd Evolution,真三国无双-二度进化,ULJM-05113,2006-03-23,Beat-'Em-Up,https://data.yang2000ling.com/img/psp_200/0372.jpg,日语,Koei,日版
psp,373,Street Riders,街头赛车,ULES-00276,2006-03-23,Driving,https://data.yang2000ling.com/img/psp_200/0373.jpg,西班牙语|意大利语|德语|英文|法文,Ubi Soft,欧版
psp,374,Worms - Open Warfare,百战天虫-开战时刻,ULUS-10065,2006-03-24,Blow-'Em-Up,https://data.yang2000ling.com/img/psp_200/0374.jpg,英文,THQ,美版
psp,375,Capcom Classics Collection Remixed,卡普空经典游戏合集,ULUS-10097,2006-03-24,Compilation,https://data.yang2000ling.com/img/psp_200/0375.jpg,英文,Capcom,美版
psp,376,Viewtiful Joe - Red Hot Rumble,红侠乔伊-战斗嘉年华,ULUS-10087,2006-03-24,Beat-'Em-Up,https://data.yang2000ling.com/img/psp_200/0376.jpg,英文,Capcom,美版
psp,377,OutRun 2006 - Coast 2 Coast,OutRun 2006-海岸至海岸,ULES-00262,2006-03-25,Driving,https://data.yang2000ling.com/img/psp_200/0377.jpg,西班牙语|意大利语|德语|英文|法文,SEGA,欧版
psp,378,Beit Hell 2000,打工地狱2000,UCKS-45019,2006-03-26,Puzzle,https://data.yang2000ling.com/img/psp_200/0378.jpg,韩语,Sony,韩版
psp,379,Mega Man - Powered Up,洛克人洛克人,ULES-00307,2006-03-26,Platformer,https://data.yang2000ling.com/img/psp_200/0379.jpg,英文,Capcom,欧版
psp,380,Untold Legends - Brotherhood of the Blade,无尽传说-刀锋兄弟会,ULJM-05087,2006-03-26,Action RPG,https://data.yang2000ling.com/img/psp_200/0380.jpg,日语,Konami,日版
psp,381,Untold Legends - The Warrior's Code,无尽传说-勇者密码,ULUS-10086,2006-03-28,Action RPG,https://data.yang2000ling.com/img/psp_200/0381.jpg,英文,Sony,美版
psp,382,Naruto - Narutimete Portable - Mugenjou no Maki,火影忍者-无幻城之卷,ULJS-00055,2006-03-30,Fighting,https://data.yang2000ling.com/img/psp_200/0382.jpg,日语,Bandai,日版
psp,383,Exit,紧急出口,ULES-00285,2006-03-31,Platformer,https://data.yang2000ling.com/img/psp_200/0383.jpg,西班牙语|意大利语|德语|英文|法文,Taito,欧版
psp,384,Densha de Go! Pocket - Osaka Kanjousen Hen,电车GO! 口袋版-大阪环状线篇,ULJM-05120,2006-04-01,Simulation,https://data.yang2000ling.com/img/psp_200/0384.jpg,日语,Taito,日版
psp,385,Jikkyou Powerful Pro Yakyuu Portable,实况力量棒球 携带版,ULJM-05077,2013-02-11,Sports,https://data.yang2000ling.com/img/psp_200/0385.jpg,日语,Konami,日版
psp,386,Metal Gear Ac!d 2,合金装备,ULKS-46065,2006-04-04,Strategy,https://data.yang2000ling.com/img/psp_200/0386.jpg,韩语,Konami,韩版
psp,387,Me & My Katamari,我们的块魂,UCKS-45022,2006-04-04,Action Adventure,https://data.yang2000ling.com/img/psp_200/0387.jpg,韩语,Namco,韩版
psp,388,Tom Clancy's Splinter Cell - Essentials,细胞分裂-精华,ULES-00281,2006-04-04,Action,https://data.yang2000ling.com/img/psp_200/0388.jpg,西班牙语|意大利语|德语|英文|法文,Ubi Soft,欧版
psp,389,Tokobot,遗迹大冒险,ULES-00312,2006-04-05,Platformer,https://data.yang2000ling.com/img/psp_200/0389.jpg,西班牙语|意大利语|德语|英文|法文,Tecmo,欧版
psp,390,SpongeBob SquarePants - The Yellow Avenger,海绵先生-黄色复仇者,ULES-00280,2006-04-05,Action,https://data.yang2000ling.com/img/psp_200/0390.jpg,英文,THQ,欧版
psp,391,From Russia with Love - 007,詹姆斯邦德007-来自俄罗斯的爱,ULUS-10080,2006-04-05,Action Shooter,https://data.yang2000ling.com/img/psp_200/0391.jpg,英文,Electronic Arts,美版
psp,392,Bust-A-Move Deluxe,超级泡泡龙,ULUS-10057,2006-04-06,Puzzle,https://data.yang2000ling.com/img/psp_200/0392.jpg,英文,Majesco Sales,美版
psp,393,Koukyou Shihen - Eureka Seven,交响诗篇-Eureka,ULJS-00056,2006-04-06,Action,https://data.yang2000ling.com/img/psp_200/0393.jpg,日语,Bandai,日版
psp,394,Star Wars - Battlefront II,星球大战-前线2,ULJM-05060,2006-04-06,Action Shooter,https://data.yang2000ling.com/img/psp_200/0394.jpg,日语,LucasArts,日版
psp,395,Kao Challengers,百战小袋鼠-卡欧,ULUS-10085,2006-04-07,Platformer,https://data.yang2000ling.com/img/psp_200/0395.jpg,英文,Atari,美版
psp,396,Cabela's Dangerous Hunts - Ultimate Challenge,坎贝拉危险狩猎-终极挑战,ULUS-10106,2006-04-07,Hunting,https://data.yang2000ling.com/img/psp_200/0396.jpg,英文,Activision,美版
psp,397,Championship Manager 2006,冠军足球经理2006,ULES-00330,2006-04-07,Sports,https://data.yang2000ling.com/img/psp_200/0397.jpg,西班牙语|意大利语|德语|英文|法文,Eidos Interactive,欧版
psp,398,Simple 2500 Series Portable Vol. 6 - The Sensha,廉价2500系列Vol.6-战车,ULJS-00058,2006-04-07,Action,https://data.yang2000ling.com/img/psp_200/0398.jpg,日语,D3 Publisher,日版
psp,399,Bust-A-Move Ghost,超级泡泡龙,ULES-00233,2006-04-09,Puzzle,https://data.yang2000ling.com/img/psp_200/0399.jpg,英文,505 Game Street,欧版
psp,400,SOCOM - U.S. Navy SEALs - Fireteam Bravo,海豹突击队-火线小组,UCES-00038,2006-04-12,Action,https://data.yang2000ling.com/img/psp_200/0400.jpg,西班牙语|意大利语|德语|英文|法文,Sony,欧版
psp,401,Ultra Puzzle Bobble Pocket,超级泡泡龙 口袋版,ULJM-05116,2006-04-12,Puzzle,https://data.yang2000ling.com/img/psp_200/0401.jpg,日语,Taito,日版
psp,402,Shanghai,上海,ULJM-05057,2006-04-12,Puzzle,https://data.yang2000ling.com/img/psp_200/0402.jpg,日语,SunSoft,日版
psp,403,Jissen Pachi-Slot Hisshouhou! Portable - Aladdin 2 Evolution,实战柏青嫂必胜法!-阿拉丁2进化 携带版,ULJM-05112,2006-04-12,Gambling,https://data.yang2000ling.com/img/psp_200/0403.jpg,日语,SEGA,日版
psp,404,Megami no Etsubo,女神的笑壶,ULJM-05107,2006-11-29,Action,https://data.yang2000ling.com/img/psp_200/0404.jpg,日语,Ertain,日版
psp,405,Football Manager Handheld,足球经理,ULES-00248,2006-04-13,Sport Tactics,https://data.yang2000ling.com/img/psp_200/0405.jpg,西班牙语|意大利语|德语|英文|法文,SEGA,欧版
psp,406,From Russia with Love - 007,詹姆斯邦德007-来自俄罗斯的爱,ULES-00290,2006-04-13,Action,https://data.yang2000ling.com/img/psp_200/0406.jpg,西班牙语|意大利语|德语|英文|法文,Electronic Arts,欧版
psp,407,Gripshift,爆冲赛车,ULJM-05089,2006-04-14,Racing,https://data.yang2000ling.com/img/psp_200/0407.jpg,日语,Ubi Soft,日版
psp,408,"Sims 2, The",模拟人生2,ULJM-05065,2006-04-14,Virtual Life,https://data.yang2000ling.com/img/psp_200/0408.jpg,日语,Electronic Arts,日版
psp,409,Piposaru Academia 2,比波猴学院2,UCKS-45024,2006-04-14,Party,https://data.yang2000ling.com/img/psp_200/0409.jpg,韩语,Sony,韩版
psp,410,Major League Baseball 2K6,美国职业棒球大联盟2006,ULUS-10099,2006-04-15,Sport,https://data.yang2000ling.com/img/psp_200/0410.jpg,英文,2K Sports,美版
psp,411,Honkaku Yotarida Mahjong - Mahjong-Ou Portable,麻雀王,ULJM-05115,2013-02-11,Mahjong,https://data.yang2000ling.com/img/psp_200/0411.jpg,日语,Taito,日版
psp,412,Daxter,达斯特,UCES-00044,2006-04-18,Platformer,https://data.yang2000ling.com/img/psp_200/0412.jpg,西班牙语|意大利语|德语|英文|法文,Sony,欧版
psp,413,Dragon Ball Z - Shin Budokai,龙珠Z-真武道会,ULJS-00049,2013-02-11,Fighting,https://data.yang2000ling.com/img/psp_200/0413.jpg,日语,Bandai,日版
psp,414,Oh's Talk English - UMD Disc 1,说话英语-UMD-Disc 1,ULKS-46082,2006-04-19,Learn English,https://data.yang2000ling.com/img/psp_200/0414.jpg,韩语,StudioNine,韩版
psp,415,Oh's Talk English - UMD Disc 2,说话英语-UMD-Disc 2,ULKS-46083,2006-04-19,Learn English,https://data.yang2000ling.com/img/psp_200/0415.jpg,韩语,StudioNine,韩版
psp,416,Simple 2500 Series Portable Vol. 5 - The Block Kuzushi Quest - Dragon Kingdom,廉价2500系列Vol.5-打砖块 龙之王国,ULJS-00057,2006-04-20,Action,https://data.yang2000ling.com/img/psp_200/0416.jpg,日语,D3 Publisher,日版
psp,417,World Poker Tour,世界扑克巡回赛,ULUS-10079,2006-04-21,Gambling,https://data.yang2000ling.com/img/psp_200/0417.jpg,英文,2K Sports,美版
psp,418,WRC - FIA World Rally Championship,世界拉力锦标赛,ULUS-10093,2006-04-22,Racing,https://data.yang2000ling.com/img/psp_200/0418.jpg,英文,Bandai Namco Games,美版
psp,419,Minna no Chizu,大家的地图,ULJS-00051,2006-04-25,Map of Japan,https://data.yang2000ling.com/img/psp_200/0419.jpg,日语,Zenrin,日版
psp,420,Innocent Life - Shin Bokujou Monogatari,新牧场物语-无暇人生,ULJS-00063,2006-04-26,Adventure,https://data.yang2000ling.com/img/psp_200/0420.jpg,日语,Marvelous,日版
psp,421,OutRun 2006 - Coast 2 Coast,OutRun 2006-海岸至海岸,ULUS-10064,2006-04-27,Driving,https://data.yang2000ling.com/img/psp_200/0421.jpg,英文,SEGA,美版
psp,422,Shinseiki Evangelion 2 - Tsukurareshi Sekai - Another Cases - Limited Edition,新世纪福音战士2-人造世界 Another Cases-限量版,ULJS-00061,2006-04-27,Action,https://data.yang2000ling.com/img/psp_200/0422.jpg,日语,Bandai,日版
psp,423,Mai-Hime Senretsu! Shin Fuuka Gakuen Gekitoushi!!,舞-HiME 鲜裂!真风华学园激斗史,ULJS-00062,2007-07-29,Action,https://data.yang2000ling.com/img/psp_200/0423.jpg,日语,Sunrise Interactive,日版
psp,424,Rengoku II - The Stairway to H.E.A.V.E.N.,炼狱2,ULJM-05055,2006-04-27,Action RPG,https://data.yang2000ling.com/img/psp_200/0424.jpg,日语,Hudson Soft,日版
psp,425,"Dog - Happy Life, The",幸福小狗生活 第1弹,ULJM-05122,2006-05-01,Virtual Dog,https://data.yang2000ling.com/img/psp_200/0425.jpg,日语,Yuke's,日版
psp,426,Armored Core - Formula Front Extreme Battle,装甲核心-方程式前线 终极战役,ULES-00219,2006-09-23,Action,https://data.yang2000ling.com/img/psp_200/0426.jpg,英文,505 Game Street,欧版
psp,427,Ape Escape P,捉猴啦P!,UCES-00045,2006-05-06,Platformer,https://data.yang2000ling.com/img/psp_200/0427.jpg,西班牙语|意大利语|德语|英文|法文,Sony,欧版
psp,428,Monster Hunter Freedom,怪物猎人 携带版,ULES-00318,2006-05-11,Action RPG,https://data.yang2000ling.com/img/psp_200/0428.jpg,西班牙语|意大利语|德语|英文|法文,Capcom,欧版
psp,429,NBA Ballers Rebound,NBA球员反击,ULUS-10078,2006-05-12,Sport,https://data.yang2000ling.com/img/psp_200/0429.jpg,英文,Midway,美版
psp,430,Me & My Katamari,我们的块魂,ULES-00339,2006-05-14,Action Adventure,https://data.yang2000ling.com/img/psp_200/0430.jpg,英文,Namco,欧版
psp,431,Koloomn,科隆方块,ULES-00143,2006-05-16,Puzzle,https://data.yang2000ling.com/img/psp_200/0431.jpg,西班牙语|意大利语|德语|英文|法文,505 Game Street,欧版
psp,432,Dragon Ball Z - Shin Budokai,龙珠Z-真武道会,ULES-00309,2006-05-18,Fighting,https://data.yang2000ling.com/img/psp_200/0432.jpg,西班牙语|意大利语|德语|英文|法文,Atari,欧版
psp,433,Metal Gear Ac!d 2,合金装备,ULES-00284,2006-05-18,Strategy,https://data.yang2000ling.com/img/psp_200/0433.jpg,西班牙语|意大利语|德语|英文|法文,Konami,欧版
psp,434,Viewtiful Joe - Red Hot Rumble,红侠乔伊-战斗嘉年华,ULES-00256,2006-05-19,Beat-'Em-Up,https://data.yang2000ling.com/img/psp_200/0434.jpg,西班牙语|意大利语|德语|英文|法文,Capcom,欧版
psp,435,FIFA World Cup - Germany 2006,FIFA足球 2006德国世界杯,ULES-00340,2006-05-19,Sport,https://data.yang2000ling.com/img/psp_200/0435.jpg,英文,Electronic Arts,欧版
psp,436,Puyo Pop Fever,噗哟噗喲 狂热,ULES-00294,2006-05-19,Puzzle,https://data.yang2000ling.com/img/psp_200/0436.jpg,英文,Ignition Entertainment,欧版
psp,437,Field Commander,战地指挥官,ULUS-10088,2006-05-22,Strategy,https://data.yang2000ling.com/img/psp_200/0437.jpg,英文,Sony,美版
psp,438,Dragon Quest & Final Fantasy in Itadaki Street Portable,富豪街-勇者斗恶龙&最终幻想 携带版,ULJM-05127,2006-05-24,Board Games,https://data.yang2000ling.com/img/psp_200/0438.jpg,日语,Square Enix,日版
psp,439,Magna Carta Portable,真名法典 携带版,ULJS-00042,2006-05-24,RPG,https://data.yang2000ling.com/img/psp_200/0439.jpg,日语,Banpresto,日版
psp,440,Pac-Man World 3,吃豆人世界3,ULES-00260,2006-05-24,Platformer,https://data.yang2000ling.com/img/psp_200/0440.jpg,西班牙语|意大利语|德语|英文|法文,Electronic Arts,欧版
psp,441,FIFA World Cup - Germany 2006,FIFA足球 2006德国世界杯,ULES-00342,2006-05-24,Sport,https://data.yang2000ling.com/img/psp_200/0441.jpg,德语,Electronic Arts,德版
psp,442,Monster Hunter Freedom,怪物猎人 携带版,ULUS-10084,2006-05-25,Action RPG,https://data.yang2000ling.com/img/psp_200/0442.jpg,英文,Capcom,美版
psp,443,Lemmings,疯狂小旅鼠,UCUS-98647,2006-05-26,Puzzle,https://data.yang2000ling.com/img/psp_200/0443.jpg,英文,Sony,美版
psp,444,Aedeus Memories Shinten Makai - GOC V,新天魔界混沌时代5,ULJM-05124,2006-05-26,RPG,https://data.yang2000ling.com/img/psp_200/0444.jpg,日语,Idea Factory,日版
psp,445,Talkman Euro,翻译精灵 欧洲语言,UCJS-10034,2007-10-11,Translation,https://data.yang2000ling.com/img/psp_200/0445.jpg,西班牙语|日语|意大利语|德语|英文|法文,Sony,日版
psp,446,FIFA World Cup - Germany 2006,FIFA足球 2006德国世界杯,ULUS-10082,2006-05-27,Sport,https://data.yang2000ling.com/img/psp_200/0446.jpg,英文,Electronic Arts,美版
psp,447,Kamaitachi no Yoru 2 - Tokubetsuhen,恐怖惊魂夜2-特别篇,ULJM-05110,2006-05-27,Adventure,https://data.yang2000ling.com/img/psp_200/0447.jpg,日语,ChunSoft,日版
psp,448,Kahashima Ryuuta Kyouju Kanshuu Nou Chikara Trainer Portable 2,脑力训练者2 携带版,ULJM-05126,2006-05-27,Puzzle,https://data.yang2000ling.com/img/psp_200/0448.jpg,日语,SEGA,日版
psp,449,007 - Russia Yori Ai o Komete,詹姆斯邦德007-来自俄罗斯的爱007 -,ULJM-05129,2006-05-30,Action,https://data.yang2000ling.com/img/psp_200/0449.jpg,日语,Electronic Arts,日版
psp,450,FIFA 06,FIFA足球2006,ULES-00161,2006-05-30,Sport,https://data.yang2000ling.com/img/psp_200/0450.jpg,英文,Electronic Arts,欧版
psp,451,Spider-Man 2,蜘蛛侠2,ULES-00022,2006-05-31,Action Adventure,https://data.yang2000ling.com/img/psp_200/0451.jpg,英文,Activision,欧版
psp,452,World Poker Tour,世界扑克巡回赛,ULES-00296,2006-06-03,Gambling,https://data.yang2000ling.com/img/psp_200/0452.jpg,德语|英文|法文,2K Sports,欧版
psp,453,Gradius Collection,宇宙巡航机 携带版,ULUS-10103,2006-06-07,Action,https://data.yang2000ling.com/img/psp_200/0453.jpg,英文,Konami,美版
psp,454,Astonishia Story,阿斯特尼西亚物语,ULUS-10083,2006-06-07,RPG,https://data.yang2000ling.com/img/psp_200/0454.jpg,英文,Ubi Soft,美版
psp,455,Race Driver 2006,超级房车赛2006,ULUS-10096,2006-06-08,Racing,https://data.yang2000ling.com/img/psp_200/0455.jpg,英文,CodeMasters,美版
psp,456,Cars,汽车总动员,ULUS-10073,2006-06-08,Racing,https://data.yang2000ling.com/img/psp_200/0456.jpg,英文,THQ,美版
psp,457,Tomb Raider - Legend,古墓丽影-传奇,ULES-00283,2006-06-08,Action Adventure,https://data.yang2000ling.com/img/psp_200/0457.jpg,西班牙语|意大利语|德语|英文|法文,Eidos,欧版
psp,458,TalkMan,翻译精灵,UCES-00254,2006-06-10,Miscellaneous,https://data.yang2000ling.com/img/psp_200/0458.jpg,西班牙语|日语|意大利语|德语|英文|法文,Sony,欧版
psp,459,Doko Demo Issho - Let's Gakkou!,随身玩伴-学校生活,UCJS-10039,2006-06-15,Action,https://data.yang2000ling.com/img/psp_200/0459.jpg,日语,Sony,日版
psp,460,Puzzle Challenge - Crosswords and More!,益智挑战-纵横填字谜,ULUS-10120,2006-06-15,Puzzle,https://data.yang2000ling.com/img/psp_200/0460.jpg,英文,Crave Entertainment,美版
psp,461,PoPoLoCrois,波波罗古罗伊斯物语-陂耶多罗王子的冒险,ULES-00291,2006-06-16,RPG,https://data.yang2000ling.com/img/psp_200/0461.jpg,英文,Ignition Entertainment,欧版
psp,462,Metal Gear Solid - Digital Graphic Novel,合金装备-电子漫画,ULUS-10108,2006-06-18,Adventure,https://data.yang2000ling.com/img/psp_200/0462.jpg,英文,Konami,美版
psp,463,Taito Memories Pocket,Taito记忆 口袋版,ULJM-05076,2006-06-19,Arcade Compilation,https://data.yang2000ling.com/img/psp_200/0463.jpg,日语,Taito,日版
psp,464,Astonishia Story,阿斯特尼西亚物语,ULES-00363,2006-06-21,RPG,https://data.yang2000ling.com/img/psp_200/0464.jpg,英文,Ubi Soft,欧版
psp,465,World Tour Soccer 2,世界足球巡回赛2,UCES-00206,2006-06-21,Sport,https://data.yang2000ling.com/img/psp_200/0465.jpg,西班牙语|意大利语|德语|英文|法文,Sony,欧版
psp,466,"Legend of Heroes II - Prophecy of the Moonlight Witch, The",英雄传说-白发魔女,ULUS-10125,2006-06-22,RPG,https://data.yang2000ling.com/img/psp_200/0466.jpg,英文,Namco Bandai Games,美版
psp,467,Kenichirou Hakase Kanshuu - Nou ni Kaikan - Aha Taiken,脑内快感 轻松体验,ULJM-05135,2006-06-23,Edutainment,https://data.yang2000ling.com/img/psp_200/0467.jpg,日语,SEGA,日版
psp,468,FIFA World Cup - Germany 2006,FIFA足球 2006德国世界杯,ULJM-05133,2006-06-23,Sport,https://data.yang2000ling.com/img/psp_200/0468.jpg,日语,Electronic Arts,日版
psp,469,Gitaroo-Man Lives!,吉他小子,ULJM-05130,2006-06-23,Music,https://data.yang2000ling.com/img/psp_200/0469.jpg,日语,Koei,日版
psp,470,Loco Roco,乐克乐克,UCES-00304,2006-06-23,Platformer,https://data.yang2000ling.com/img/psp_200/0470.jpg,瑞典语|西班牙语|葡萄牙语|挪威语|意大利语|德语|芬兰语|荷兰语|丹麦语|英文|法文,Sony,欧版
psp,471,Sound Novel Portable Machi - Unmei no Kosaten Tokubetsu Hen,街-命运的十字路口 特别篇,ULJM-05111,2006-06-23,Adventure,https://data.yang2000ling.com/img/psp_200/0471.jpg,日语,SEGA,日版
psp,472,Daito Giken Koushiki Pachi-Slot Simulator - Yoshimune Portable,大都技研公式 模拟柏青嫂-吉宗 携带版,ULJS-00060,2006-06-23,Gambling,https://data.yang2000ling.com/img/psp_200/0472.jpg,日语,Daito Giken Inc.,日版
psp,473,Tenchu - Time of the Assassins,天诛-忍大全,ULES-00277,2006-06-26,Action,https://data.yang2000ling.com/img/psp_200/0473.jpg,西班牙语|意大利语|德语|英文|法文,SEGA,欧版
psp,474,Kazuo,Go!数独,UCJS-10036,2006-06-23,Puzzle,https://data.yang2000ling.com/img/psp_200/0474.jpg,日语,Sony,日版
psp,475,Pirates of the Caribbean - Dead Man's Chest,加勒比海盗-聚魂棺,ULUS-10111,2006-06-23,Action Adventure,https://data.yang2000ling.com/img/psp_200/0475.jpg,英文,Buena Vista Games,美版
psp,476,Koro Koro!! Kollon,科隆方块2,ULJM-05081,2006-06-24,Puzzle,https://data.yang2000ling.com/img/psp_200/0476.jpg,日语,Cyber Front,日版
psp,477,Myst,神秘岛,ULJM-05094,2006-06-24,Adventure,https://data.yang2000ling.com/img/psp_200/0477.jpg,日语,SEGA,日版
psp,478,Boku wa Koukuu Kanseikan - Airport Hero Narita,我是航空管制官-机场英雄成田,ULJM-05128,2006-06-25,Simulation,https://data.yang2000ling.com/img/psp_200/0478.jpg,日语,Electronic Arts,日版
psp,479,Lisa to Isshoni Dairoku Oudan - A Ressha de Gyoukou,与莉萨一起横越大陆-坐A列车去吧,ULJM-05137,2006-06-25,Simulation,https://data.yang2000ling.com/img/psp_200/0479.jpg,日语,Idea Factory,日版
psp,480,Super Monkey Ball Adventure,超级猴子球,ULES-00364,2006-06-27,Platformer,https://data.yang2000ling.com/img/psp_200/0480.jpg,西班牙语|意大利语|德语|英文|法文,SEGA,欧版
psp,481,Micro Machines V4,微型机器V4,ULES-00368,2006-06-28,Racing,https://data.yang2000ling.com/img/psp_200/0481.jpg,西班牙语|意大利语|德语|英文|法文,Codemasters,欧版
psp,482,Untold Legends - The Warrior's Code,无尽传说-勇者密码,ULES-00301,2006-06-28,Action RPG,https://data.yang2000ling.com/img/psp_200/0482.jpg,西班牙语|意大利语|德语|英文|法文,Ubi Soft,欧版
psp,483,Tony Hawk's Underground 2 - Remix,托尼霍克地下滑板2-复刻版,ULES-00033,2006-06-29,Sports,https://data.yang2000ling.com/img/psp_200/0483.jpg,英文,Activision,欧版
psp,484,V8 Supercars Australia 2,超级房车赛2,ULES-00042,2006-06-29,Racing,https://data.yang2000ling.com/img/psp_200/0484.jpg,西班牙语|意大利语|德语|英文|法文,Codemasters,澳洲版
psp,485,X-Men Legends II - Rise of Apocalypse,X战警传奇2-天启降临,ULES-00189,2006-06-29,Action RPG,https://data.yang2000ling.com/img/psp_200/0485.jpg,英文,Activision,欧版
psp,486,Tomb Raider - Legend,古墓丽影-传奇,ULUS-10110,2006-06-29,Action Adventure,https://data.yang2000ling.com/img/psp_200/0486.jpg,英文,Eidos Interactive,美版
psp,487,Juiced - Eliminator,极品醉车-消除器,ULUS-10090,2006-06-30,Racing,https://data.yang2000ling.com/img/psp_200/0487.jpg,英文,THQ,美版
psp,488,Boku no Natsuyasumi Portable,我的暑假 携带版,UCJS-10038,2006-06-30,Adventure,https://data.yang2000ling.com/img/psp_200/0488.jpg,日语,Sony,日版
psp,489,Gurumin,咕噜小天使,ULJM-05123,2006-07-11,RPG,https://data.yang2000ling.com/img/psp_200/0489.jpg,日语,Falcom,日版
psp,490,World Tour Soccer 06,世界足球巡回赛06,UCUS-98631,2006-07-01,Sports,https://data.yang2000ling.com/img/psp_200/0490.jpg,英文,Sony,美版
psp,491,Pirates of the Caribbean - Dead Man's Chest,加勒比海盗-聚魂棺,ULES-00366,2006-07-04,Action Adventure,https://data.yang2000ling.com/img/psp_200/0491.jpg,西班牙语|日语|意大利语|德语|英文|法文,Buena Vista Games,欧版
psp,492,Tekken - Dark Resurrection,铁拳-黑暗复苏,ULJS-00048,2006-07-06,Fighting,https://data.yang2000ling.com/img/psp_200/0492.jpg,日语,Namco Bandai Games,日版
psp,493,Brave Story - Aratanaru Tabibito,勇敢的故事-新的冒险者,UCJS-10024,2006-07-06,RPG,https://data.yang2000ling.com/img/psp_200/0493.jpg,日语,Sony,日版
psp,494,Cars,汽车总动员,ULJM-05149,2006-07-06,Racing,https://data.yang2000ling.com/img/psp_200/0494.jpg,日语,THQ,日版
psp,495,Loco Roco,乐克乐克,UCAS-40063,2006-07-06,Action,https://data.yang2000ling.com/img/psp_200/0495.jpg,中文|英文,Sony,中国版
psp,496,FIFA World Cup - Germany 2006,FIFA足球 2006德国世界杯,ULES-00341,2006-07-07,Sports,https://data.yang2000ling.com/img/psp_200/0496.jpg,法文,Electronic Arts,法版
psp,497,MTX Mototrax,MTX越野摩托,ULUS-10138,2006-07-08,Racing,https://data.yang2000ling.com/img/psp_200/0497.jpg,英文,Activision,美版
psp,498,Loco Roco,乐克乐克,UCJS-10041,2006-07-11,Action,https://data.yang2000ling.com/img/psp_200/0498.jpg,日语,Sony,日版
psp,499,Jukugon,塾魂,ULJM-05139,2006-07-13,Puzzle,https://data.yang2000ling.com/img/psp_200/0499.jpg,日语,SEGA,日版
psp,500,Tengai Makyou - Daishi no Mokushiroku,天外魔境-第四默示录,ULJM-05106,2006-07-13,RPG,https://data.yang2000ling.com/img/psp_200/0500.jpg,日语,Hudson,日版
psp,501,PQ - Practical Intelligence Quotient,智能执照,ULES-00358,2006-07-13,Puzzle,https://data.yang2000ling.com/img/psp_200/0501.jpg,英文,D3 Publisher,欧版
psp,502,Quiz Kidou Senshi Gundam - Monsenshi DX,益智机动战士高达 问战士DX,ULJS-00074,2006-07-13,Puzzle,https://data.yang2000ling.com/img/psp_200/0502.jpg,日语,Bandai Namco Games,日版
psp,503,NCAA Football 2007,美国大学橄榄球联赛2007,ULUS-10116,2006-07-15,Sport,https://data.yang2000ling.com/img/psp_200/0503.jpg,英文,Electronic Arts,美版
psp,504,Cars,汽车总动员,ULES-00319,2006-07-15,Racing,https://data.yang2000ling.com/img/psp_200/0504.jpg,英文,THQ,欧版
psp,505,Miami Vice - The Game,迈阿密风云,ULES-00375,2006-07-15,Action,https://data.yang2000ling.com/img/psp_200/0505.jpg,西班牙语|意大利语|德语|英文|法文,Vivendi Games,欧版
psp,506,Finder Love - Risa Kudo - Fast Shoot wa Kimi to,寻找爱-工藤里纱,ULJM-05144,2006-07-15,Adventure,https://data.yang2000ling.com/img/psp_200/0506.jpg,日语,Capcom,日版
psp,507,Nana - Subete wa Daimaou no Omichibiki,NANA-大富翁,ULJM-05142,2006-07-17,Action,https://data.yang2000ling.com/img/psp_200/0507.jpg,日语,Konami,日版
psp,508,From Russia with Love - 007,詹姆斯邦德007-来自俄罗斯的爱,ULES-00288,2006-07-17,Shooter,https://data.yang2000ling.com/img/psp_200/0508.jpg,西班牙语|意大利语|德语|英文|法文,Electronic Arts,欧版
psp,509,Valkyrie Profile - Lenneth,北欧女神-蕾娜斯,ULUS-10107,2006-07-18,Action,https://data.yang2000ling.com/img/psp_200/0509.jpg,英文,Square Enix,美版
psp,510,Bleach - Heat the Soul 3,死神-灵魂升温3,UCJS-10042,2006-07-19,Fighting,https://data.yang2000ling.com/img/psp_200/0510.jpg,日语,Sony,日版
psp,511,Blade Dancer - Lineage of Light,剑舞者-千年之约定,ULUS-10124,2006-07-19,RPG,https://data.yang2000ling.com/img/psp_200/0511.jpg,英文,NIS America,美版
psp,512,Crash Tag Team Racing,古惑狼赛车 团队竞速,ULES-00171,2006-07-19,Racing,https://data.yang2000ling.com/img/psp_200/0512.jpg,西班牙语,Vivendi Games,西班牙版
psp,513,King's Field - Additional I,国王密令-附加版1,ULJS-00070,2006-07-19,RPG,https://data.yang2000ling.com/img/psp_200/0513.jpg,日语,FROM Software,日版
psp,514,Capcom Classics Collection Remixed,卡普空经典游戏合集,ULES-00347,2006-07-19,Compilation,https://data.yang2000ling.com/img/psp_200/0514.jpg,英文,Capcom,欧版
psp,515,Shin Sangoku Musou - 2nd Evolution,真三国无双-二度进化,ULKS-46084,2006-07-20,Action,https://data.yang2000ling.com/img/psp_200/0515.jpg,韩语,Koei,韩版
psp,516,Loco Roco,乐克乐克,UCKS-45020,2006-07-20,Platformer,https://data.yang2000ling.com/img/psp_200/0516.jpg,韩语,Sony,韩版
psp,517,SOCOM - U.S. Navy SEALs - Fireteam Bravo,海豹突击队-火线小组,UCKS-45021,2006-07-20,Shooter,https://data.yang2000ling.com/img/psp_200/0517.jpg,韩语,Sony,韩版
psp,518,Bomberman - Portable,炸弹人 携带版,ULJM-05034,2006-07-20,Puzzle,https://data.yang2000ling.com/img/psp_200/0518.jpg,日语,Hudson Soft,日版
psp,519,Ultraman - Fighting Evolution 0,奥特曼-格斗进化0,ULJS-00069,2006-07-20,Fighting,https://data.yang2000ling.com/img/psp_200/0519.jpg,日语,Banpresto,日版
psp,520,Portable Island - Tenohira Resort,随身胜地,ULJS-00031,2013-02-11,Adventure,https://data.yang2000ling.com/img/psp_200/0520.jpg,日语,Namco,日版
psp,521,Win-JPT - Primary,PSP 多媒体学习软件,ULKS-46033,2006-10-25,Education,https://data.yang2000ling.com/img/psp_200/0521.jpg,韩语,Studio 9,韩版
psp,522,Tekken - Dark Resurrection,铁拳-黑暗复苏,UCKS-45027,2006-07-20,Fighting,https://data.yang2000ling.com/img/psp_200/0522.jpg,韩语,Namco Bandai Games,韩版
psp,523,Juiced - Eliminator,极品醉车-消除器,ULES-00379,2006-07-21,Racing,https://data.yang2000ling.com/img/psp_200/0523.jpg,英文,THQ,欧版
psp,524,Finder Love - Aki Hoshino - Nankoku Trouble Rendezvous,寻找爱-星野亚纪,ULJM-05145,2006-07-23,Adventure,https://data.yang2000ling.com/img/psp_200/0524.jpg,日语,Capcom,日版
psp,525,Miami Vice - The Game,迈阿密风云,ULUS-10109,2006-07-23,Action,https://data.yang2000ling.com/img/psp_200/0525.jpg,英文,Vivendi Games,美版
psp,526,Formula 1 - 06,F1格兰披治大赛2006,UCES-00238,2006-07-25,Racing,https://data.yang2000ling.com/img/psp_200/0526.jpg,西班牙语|意大利语|德语|英文|法文,Sony,欧版
psp,527,Tekken - Dark Resurrection,铁拳-黑暗复苏,ULUS-10139,2006-07-26,Fighting,https://data.yang2000ling.com/img/psp_200/0527.jpg,英文,Namco Bandai Games,美版
psp,528,Field Commander,战地指挥官,ULES-00335,2006-07-26,Strategy,https://data.yang2000ling.com/img/psp_200/0528.jpg,西班牙语|德语|英文|法文,Ubi Soft,欧版
psp,529,Derby Stallion P,德比赛马P,ULJS-00045,2006-07-27,Horse Racing,https://data.yang2000ling.com/img/psp_200/0529.jpg,日语,Enterbrain,日版
psp,530,Densha de Go! Pocket - Tokaidosen Hen,电车GO! 口袋版-东海道线篇,ULJM-05152,2006-07-27,Simulation,https://data.yang2000ling.com/img/psp_200/0530.jpg,日语,Taito,日版
psp,531,Piposaru Academia 2,比波猴学院2,UCAS-40052,2006-07-29,Party Games,https://data.yang2000ling.com/img/psp_200/0531.jpg,中文,Sony,中国版
psp,532,Crash Tag Team Racing,古惑狼赛车 团队竞速,ULES-00168,2006-07-30,Racing,https://data.yang2000ling.com/img/psp_200/0532.jpg,英文,Vivendi Games,欧版
psp,533,Goku Makaimura,极 魔界村,ULJM-05147,2006-07-31,Platformer,https://data.yang2000ling.com/img/psp_200/0533.jpg,日语,Capcom,日版
psp,534,Every Extend Extra,音乐爆破,ULJS-00054,2006-08-02,Shooter,https://data.yang2000ling.com/img/psp_200/0534.jpg,日语,Namco Bandai Games,日版
psp,535,SD Gundam G Generation Portable,SD高达G世纪 携带版,ULJS-00065,2006-08-02,Strategy,https://data.yang2000ling.com/img/psp_200/0535.jpg,日语,Namco Bandai Games,日版
psp,536,"Lord of the Rings - Tactics, The",指环王-战略版,ULES-00198,2006-08-04,Strategy,https://data.yang2000ling.com/img/psp_200/0536.jpg,英文,Electronic Arts,欧版
psp,537,Carnage Heart Portable,杀戮之心 携带版,ULJM-05138,2006-08-05,Action,https://data.yang2000ling.com/img/psp_200/0537.jpg,日语,Genki,日版
psp,538,Grand Theft Auto - Liberty City Stories (v2),侠盗猎车-自由城的故事(v2),ULES-00151,2006-08-06,Action Adventure,https://data.yang2000ling.com/img/psp_200/0538.jpg,西班牙语|意大利语|德语|英文|法文,Rockstar Games,欧版
psp,539,Simple 2500 Series Portable Vol. 3 - The Doko Demo Suiri,廉价2500系列Vol.3-无处不在的推理 IT探侦 全68事件簿,ULJS-00053,2006-08-06,Adventure,https://data.yang2000ling.com/img/psp_200/0539.jpg,日语,D3 Publisher,日版
psp,540,Finder Love - Hara Fumina - Fuari no Futaride,寻找爱-原史奈,ULJM-05143,2006-08-07,Adventure,https://data.yang2000ling.com/img/psp_200/0540.jpg,日语,Capcom,日版
psp,541,Dynasty Warriors,真三国无双,ULES-00119,2006-08-08,Action Adventure,https://data.yang2000ling.com/img/psp_200/0541.jpg,德语,Koei,德版
psp,542,Micro Machines V4,微型机器V4,ULUS-10129,2006-08-09,Racing,https://data.yang2000ling.com/img/psp_200/0542.jpg,英文,Codemasters,美版
psp,543,Bounty Hounds,赏金猎犬,UCAS-40037,2006-08-09,Action,https://data.yang2000ling.com/img/psp_200/0543.jpg,中文,Namco,中国版
psp,544,Cars,汽车总动员,ULES-00324,2006-08-10,Racing,https://data.yang2000ling.com/img/psp_200/0544.jpg,西班牙语,THQ,西班牙版
psp,545,Warai no Tamago L Size,笑蛋,ULJM-05052,2006-08-11,Action,https://data.yang2000ling.com/img/psp_200/0545.jpg,日语,Hudson,日版
psp,546,Gitaroo Man Lives!,吉他小子,ULKS-46071,2006-08-11,Rhytm,https://data.yang2000ling.com/img/psp_200/0546.jpg,韩语,Koei,韩版
psp,547,Koukaku Kidoutai - Stand Alone Complex - Kariudo no Ryouiki,攻壳机动队-猎人的领域,UCJS-10018,2006-08-11,Shooter,https://data.yang2000ling.com/img/psp_200/0547.jpg,日语,Sony,日版
psp,548,FIFA World Cup - Germany 2006,FIFA足球 2006德国世界杯,ULES-00343,2006-08-11,Sports,https://data.yang2000ling.com/img/psp_200/0548.jpg,意大利语,Electronic Arts,意大利版
psp,549,NFL Street 2 Unleashed,NFL街头橄榄球2 释放,ULES-00036,2015-04-22,Sports,https://data.yang2000ling.com/img/psp_200/0549.jpg,英文,Electronic Arts,欧版
psp,550,Numpla & Oekaki Puzzle,魔法数独,ULJM-05140,2006-08-12,Puzzle,https://data.yang2000ling.com/img/psp_200/0550.jpg,日语,Success,日版
psp,551,Jissen Pachi-Slot Hisshouhou! Hokuto no Ken SE Portable,实战柏青嫂必胜法!北斗神拳SE 携带版,ULJM-05153,2013-02-11,Gambling,https://data.yang2000ling.com/img/psp_200/0551.jpg,日语,SEGA,日版
psp,552,FIFA Street 2,FIFA街头足球2,ULJM-05141,2006-08-13,Sports,https://data.yang2000ling.com/img/psp_200/0552.jpg,日语,Electronic Arts,日版
psp,553,Yamasa Digi Portable - Matsuri no Tatsujin - Win-Chan no Natsumatsuri,山佐Digi-祭典达人 携带版,ULJS-00067,2006-08-13,Gambling,https://data.yang2000ling.com/img/psp_200/0553.jpg,日语,Yamasa,日版
psp,554,Rain Wonder Trip - Limited Edition,Rain的奇妙旅程-限量版,ULJS-00072,2006-08-14,Puzzle,https://data.yang2000ling.com/img/psp_200/0554.jpg,韩语|日语|英文,Namco Bandai Games,日版
psp,555,Dead to Rights - Reckoning,脱狱潜龙-清算,ULES-00195,2006-08-16,Action,https://data.yang2000ling.com/img/psp_200/0555.jpg,西班牙语|意大利语|德语|英文|法文,Namco Bandai Games,欧版
psp,556,FIFA World Cup - Germany 2006,FIFA足球 2006德国世界杯,ULES-00344,2006-08-17,Sports,https://data.yang2000ling.com/img/psp_200/0556.jpg,西班牙语,Electronic Arts,西班牙版
psp,557,Madden NFL 07,劲爆美式橄榄球2007,ULUS-10117,2006-08-18,Sports,https://data.yang2000ling.com/img/psp_200/0557.jpg,英文,Electronic Arts,美版
psp,558,TalkMan Euro (Microphone Doukonban),翻译精灵 欧洲语言(麦克风同捆版),UCJS-10033,2006-08-18,Translation,https://data.yang2000ling.com/img/psp_200/0558.jpg,西班牙语|日语|意大利语|德语|英文|法文,Sony,日版
psp,559,Payout Poker & Casino,扑克赌场,ULUS-10118,2006-08-19,Gambling,https://data.yang2000ling.com/img/psp_200/0559.jpg,英文,Namco Bandai Games,美版
psp,560,Winning Post 6 2006,赛马大亨6 2006,ULJM-05095,2006-08-22,Sports,https://data.yang2000ling.com/img/psp_200/0560.jpg,日语,Koei,日版
psp,561,Guilty Gear Judgment,罪恶装备 审判,ULJM-05158,2006-08-23,Fighting,https://data.yang2000ling.com/img/psp_200/0561.jpg,日语,Arc System Works,日版
psp,562,Tama-Run,水银融化,UCJS-10043,2006-08-24,Puzzle,https://data.yang2000ling.com/img/psp_200/0562.jpg,日语,Sony,日版
psp,563,Simple 2500 Series Portable Vol. 7 - The Doko Demo Kanji Quiz 2006,廉价2500系列Vol.7-汉字鉴定2006,ULJS-00077,2006-08-24,Puzzle,https://data.yang2000ling.com/img/psp_200/0563.jpg,日语,D3 Publisher,日版
psp,564,Moto GP,摩托GP,ULJS-00078,2006-08-24,Racing,https://data.yang2000ling.com/img/psp_200/0564.jpg,日语,Namco Bandai Games,日版
psp,565,King's Field - Additional II,国王密令-附加版2,ULJS-00076,2006-08-24,RPG,https://data.yang2000ling.com/img/psp_200/0565.jpg,日语,From Software,日版
psp,566,Pirates of the Caribbean - Dead Man's Chest,加勒比海盗-聚魂棺,ULJS-00071,2006-08-24,Action Adventure,https://data.yang2000ling.com/img/psp_200/0566.jpg,日语,D3 Publisher,日版
psp,567,Shichida Shiki Training - Unou Tanren Portable,右脑锻炼 携带版,ULJM-05157,2006-08-24,Edutainment,https://data.yang2000ling.com/img/psp_200/0567.jpg,日语,Interchannel,日版
psp,568,Pac-Man World Rally,吃豆人 世界拉力,ULUS-10149,2006-08-25,Racing,https://data.yang2000ling.com/img/psp_200/0568.jpg,英文,Namco Bandai Games,美版
psp,569,Syphon Filter - Dark Mirror,虹吸战士-黑镜,UCES-00310,2006-08-26,Shooter,https://data.yang2000ling.com/img/psp_200/0569.jpg,西班牙语|意大利语|德语|英文|法文,Sony,欧版
psp,570,Carol Vorderman's Sudoku,卡罗尔沃德曼的数独,ULES-00388,2006-08-26,Puzzle,https://data.yang2000ling.com/img/psp_200/0570.jpg,德语|英文|法文,Xplosive Entertainment,欧版
psp,571,TalkMan,翻译精灵,UCJS-10035,2006-08-26,Translation,https://data.yang2000ling.com/img/psp_200/0571.jpg,韩语|日语|中文|英文,Sony,日版
psp,572,Pocket Racers,口袋赛车,ULES-00275,2006-09-14,Racing,https://data.yang2000ling.com/img/psp_200/0572.jpg,英文,Konami,欧版
psp,573,Valhalla Knights,瓦尔哈拉骑士,ULJS-00075,2006-09-12,RPG,https://data.yang2000ling.com/img/psp_200/0573.jpg,日语,Marvelous,日版
psp,574,Gradius Collection,宇宙巡航机 携带版,ULES-00381,2008-06-27,Shooter,https://data.yang2000ling.com/img/psp_200/0574.jpg,西班牙语|意大利语|德语|英文|法文,Konami,欧版
psp,575,Cars,汽车总动员,ULES-00323,2006-08-30,Racing,https://data.yang2000ling.com/img/psp_200/0575.jpg,德语,THQ,德版
psp,576,Def Jam - Fight for NY - The Takeover,纽约街头教父-制霸之道,ULES-00390,2006-08-30,Action,https://data.yang2000ling.com/img/psp_200/0576.jpg,英文,Electronic Arts,欧版
psp,577,Ultimate Ghosts 'n Goblins,极 魔界村,ULUS-10105,2006-08-30,Action,https://data.yang2000ling.com/img/psp_200/0577.jpg,英文,Capcom,美版
psp,578,Def Jam - Fight for NY - The Takeover,纽约街头教父-制霸之道,ULUS-10100,2006-08-30,Action,https://data.yang2000ling.com/img/psp_200/0578.jpg,英文,Electronic Arts,美版
psp,579,50 Cent - Bulletproof - G-Unit Edition,50美分-防弹 G-Unit版50,ULUS-10128,2006-08-30,Action,https://data.yang2000ling.com/img/psp_200/0579.jpg,英文,Vivendi Games,美版
psp,580,Rapala Trophies,职业钓鱼,ULUS-10137,2006-08-31,Fishing,https://data.yang2000ling.com/img/psp_200/0580.jpg,英文,Activision,美版
psp,581,Street Supremacy,首都高-街头至尊,ULES-00239,2006-09-01,Racing,https://data.yang2000ling.com/img/psp_200/0581.jpg,英文,Konami,欧版
psp,582,Gangs of London,伦敦黑帮,UCES-00113,2006-09-01,Adventure,https://data.yang2000ling.com/img/psp_200/0582.jpg,西班牙语|意大利语|德语|英文|法文,Sony,欧版
psp,583,Super Monkey Ball Adventure,超级猴子球,ULUS-10132,2006-09-01,Platformer,https://data.yang2000ling.com/img/psp_200/0583.jpg,英文,SEGA,美版
psp,584,Miami Vice - The Game,迈阿密风云,ULJM-05165,2006-09-02,Shooter,https://data.yang2000ling.com/img/psp_200/0584.jpg,日语,Vivendi Games,日版
psp,585,Taikou Risshiden IV,太阁立志传4,ULJM-05159,2006-09-02,Strategy,https://data.yang2000ling.com/img/psp_200/0585.jpg,日语,Koei,日版
psp,586,Bubble Bobble - Magical Tower Daisakusen,泡泡龙-魔塔大作战,ULJM-05121,2006-09-03,Puzzle,https://data.yang2000ling.com/img/psp_200/0586.jpg,日语,Taito,日版
psp,587,Capcom Classics Collection,卡普空经典游戏合集,ULJM-05104,2006-09-06,Compilation,https://data.yang2000ling.com/img/psp_200/0587.jpg,日语,Capcom,日版
psp,588,Tales of Phantasia - Full Voice Edition,幻想传说-全语音版,ULJS-00079,2006-09-06,RPG,https://data.yang2000ling.com/img/psp_200/0588.jpg,日语,Bandai Namco Games,日版
psp,589,Guilty Gear Judgment,罪恶装备 审判,ULUS-10104,2006-09-06,Fighting,https://data.yang2000ling.com/img/psp_200/0589.jpg,英文,Majesco Sales,美版
psp,590,Loco Roco,乐克乐克,UCUS-98662,2006-09-06,Platformer,https://data.yang2000ling.com/img/psp_200/0590.jpg,英文,Sony,美版
psp,591,Taiko no Tatsujin Portable 2,太鼓达人2 携带版,ULJS-00081,2006-09-07,Rhythm,https://data.yang2000ling.com/img/psp_200/0591.jpg,日语,Bandai Namco Games,日版
psp,592,Blood+ Final Peace,最后的吸血鬼+,UCJS-10044,2006-09-07,Action,https://data.yang2000ling.com/img/psp_200/0592.jpg,日语,Sony,日版
psp,593,Kangaeru EXIT,紧急出口2,ULJM-05161,2006-09-07,Action,https://data.yang2000ling.com/img/psp_200/0593.jpg,日语,Taito,日版
psp,594,World Championship Poker - Featuring Howard Lederer - All In,世界扑克锦标赛,ULUS-10145,2006-09-07,Gambling,https://data.yang2000ling.com/img/psp_200/0594.jpg,英文,Crave Entertainment,美版
psp,595,NASCAR,云斯顿赛车,ULUS-10122,2006-09-07,Racing,https://data.yang2000ling.com/img/psp_200/0595.jpg,英文,Electronic Arts,美版
psp,596,Yarudora Portable - Blood the Last Vampire,互动剧场-最后的吸血鬼,UCAS-40055,2006-09-07,Adventure,https://data.yang2000ling.com/img/psp_200/0596.jpg,中文,Sony,中国版
psp,597,Ultimate Ghosts 'n Goblins,极 魔界村,ULES-00419,2006-09-14,Platformer,https://data.yang2000ling.com/img/psp_200/0597.jpg,西班牙语|意大利语|德语|英文|法文,Capcom,欧版
psp,598,Pilot Ni Narou! Flying All Stars,飞行大考验-名机总动员,ULJS-00059,2006-09-08,Simulation,https://data.yang2000ling.com/img/psp_200/0598.jpg,日语,Marvelous Interactive,日版
psp,599,Rain Wonder Trip,Rain的奇妙旅程,ULJS-00073,2006-09-09,Puzzle,https://data.yang2000ling.com/img/psp_200/0599.jpg,日语,Namco Bandai Games,日版
psp,600,Tekken - Dark Resurrection,铁拳-黑暗复苏,UCES-00356,2006-09-09,Action,https://data.yang2000ling.com/img/psp_200/0600.jpg,西班牙语|意大利语|德语|英文|法文,Namco Bandai Games,欧版
psp,601,Xtreme Party,极限派对,ULES-00393,2006-09-10,Mini Games,https://data.yang2000ling.com/img/psp_200/0601.jpg,西班牙语,Monte Cristo Games,西班牙版
psp,602,LEGO Star Wars II - The Original Trilogy,乐高星球大战2-原创三部曲,ULUS-10155,2006-09-12,Action,https://data.yang2000ling.com/img/psp_200/0602.jpg,英文,Lucas Arts,美版
psp,603,Ridge Racers 2,山脊赛车2,ULJS-00080,2006-09-12,Racing,https://data.yang2000ling.com/img/psp_200/0603.jpg,日语,Namco Bandai Games,日版
psp,604,Shinki Gensou - SSII Unlimited Side,新纪幻想-圣魔战记2,ULKS-46094,2006-09-12,RPG,https://data.yang2000ling.com/img/psp_200/0604.jpg,韩语,CyberfrontGeneX,韩版
psp,605,Yu-Gi-Oh! Duel Monsters GX Tag Force,游戏王GX 卡片力量,ULJM-05151,2013-02-23,Card Battle,https://data.yang2000ling.com/img/psp_200/0605.jpg,西班牙语|日语|意大利语|德语|英文|法文,Konami,日版
psp,606,NHL 07,NHL冰球07,ULUS-10131,2006-09-13,Sports,https://data.yang2000ling.com/img/psp_200/0606.jpg,英文,Electronic Arts,美版
psp,607,I.Q. Mania,智商狂热,UCAS-40065,2006-09-13,Puzzle,https://data.yang2000ling.com/img/psp_200/0607.jpg,中文|英文,Sony,中国版
psp,608,Bomberman,炸弹人 携带版,ULUS-10121,2006-09-13,Puzzle,https://data.yang2000ling.com/img/psp_200/0608.jpg,英文,Konami,美版
psp,609,Rengoku II - The Stairway to H.E.A.V.E.N.,炼狱2,ULUS-10127,2006-09-13,Action Adventure,https://data.yang2000ling.com/img/psp_200/0609.jpg,英文,Konami,美版
psp,610,Untold Legends - The Warrior's Code,无尽传说-勇者密码,ULKS-46069,2006-09-13,RPG,https://data.yang2000ling.com/img/psp_200/0610.jpg,韩语,Intralinks,韩版
psp,611,Bounty Hounds,赏金猎犬,ULUS-10161,2006-09-14,Action,https://data.yang2000ling.com/img/psp_200/0611.jpg,英文,Namco Bandai Games,美版
psp,612,Moegaku Portable,萌英语 携带版,ULJM-05174,2006-09-15,Adventure,https://data.yang2000ling.com/img/psp_200/0612.jpg,日语,Idea Factory,日版
psp,613,Cars,汽车总动员,ULES-00325,2006-09-15,Racing,https://data.yang2000ling.com/img/psp_200/0613.jpg,意大利语,THQ,意大利版
psp,614,KuruKuru Chameleon,回转逆转变色龙,UCAS-40053,2006-09-15,Puzzle,https://data.yang2000ling.com/img/psp_200/0614.jpg,中文,Star Fish,中国版
psp,615,Open Season,狩猎季节,ULUS-10152,2006-09-18,Action Adventure,https://data.yang2000ling.com/img/psp_200/0615.jpg,西班牙语|英文|法文,Ubi Soft,美版
psp,616,"Godfather - Mob Wars, The",教父-暴乱,ULUS-10098,2006-09-18,Action,https://data.yang2000ling.com/img/psp_200/0616.jpg,英文,Electronic Arts,美版
psp,617,Shinseiki Evangelion 2 - Tsukurareshi Sekai - Another Cases,新世纪福音战士2-人造世界,ULJS-00064,2006-09-19,Action,https://data.yang2000ling.com/img/psp_200/0617.jpg,日语,Bandai,日版
psp,618,Bounty Hounds,赏金猎犬,ULJS-00021,2006-09-20,Action,https://data.yang2000ling.com/img/psp_200/0618.jpg,日语,Namco Bandai Games,日版
psp,619,World Series of Poker - Tournament of Champions - 2007 Edition,世界扑克大赛-2007年度版,ULUS-10162,2006-09-20,Gambling,https://data.yang2000ling.com/img/psp_200/0619.jpg,英文,Activision,美版
psp,620,Blokus Club Portable with Bumpy Trot,角斗士俱乐部 携带版,ULJS-00068,2006-09-21,Puzzle,https://data.yang2000ling.com/img/psp_200/0620.jpg,日语,Irem,日版
psp,621,"Parrain, Le",教父-暴乱,ULES-00397,2006-09-21,Action,https://data.yang2000ling.com/img/psp_200/0621.jpg,法文,Electronic Arts,法版
psp,622,"Pate, Der",教父-暴乱,ULES-00398,2006-09-21,Action,https://data.yang2000ling.com/img/psp_200/0622.jpg,德语,Electronic Arts,德版
psp,623,Metal Gear Solid - Bande Dessinee,合金装备-电子漫画,ULJM-05150,2006-09-22,Board Game,https://data.yang2000ling.com/img/psp_200/0623.jpg,日语,Konami,日版
psp,624,Passport to... London,伦敦护照,UCES-00240,2006-09-22,Guide,https://data.yang2000ling.com/img/psp_200/0624.jpg,英文,Sony,欧版
psp,625,Tiger Woods PGA Tour 07,泰格伍兹高尔夫球巡回赛2007,ULES-00456,2006-09-22,Sports,https://data.yang2000ling.com/img/psp_200/0625.jpg,法文,Electronic Arts,法版
psp,626,Win-TOEIC Beginners' LC,赢取-TOEIC认证LC,ULKS-46018,2006-09-22,Education,https://data.yang2000ling.com/img/psp_200/0626.jpg,韩语,Studio 9,韩版
psp,627,Just English,准确英语,ULKS-46090,2006-09-22,Education,https://data.yang2000ling.com/img/psp_200/0627.jpg,韩语,Studio 9,韩版
psp,628,Metal Gear Solid - Digital Graphic Novel,合金装备-电子漫画,ULES-00382,2006-09-22,Adventure,https://data.yang2000ling.com/img/psp_200/0628.jpg,西班牙语|意大利语|德语|英文|法文,Konami,欧版
psp,629,Tiger Woods PGA Tour 07,泰格伍兹高尔夫球巡回赛2007,ULES-00455,2006-09-22,Sports,https://data.yang2000ling.com/img/psp_200/0629.jpg,英文,Electronic Arts,欧版
psp,630,"Padrino, Il",教父-暴乱,ULES-00399,2006-09-22,Action,https://data.yang2000ling.com/img/psp_200/0630.jpg,意大利语,Electronic Arts,意大利版
psp,631,NBA Live 07,NBA实况07,ULUS-10113,2006-09-26,Sports,https://data.yang2000ling.com/img/psp_200/0631.jpg,英文,Electronic Arts,美版
psp,632,Chronicle of Dungeon Maker,迷宫创造者编年史-狩猎场,ULJM-05172,2006-09-27,RPG,https://data.yang2000ling.com/img/psp_200/0632.jpg,日语,Taito,日版
psp,633,NBA 07,美国职业篮球联赛07,UCUS-98644,2006-09-27,Sports,https://data.yang2000ling.com/img/psp_200/0633.jpg,英文,Sony,美版
psp,634,Moto GP,摩托GP,ULUS-10153,2006-09-27,Racing,https://data.yang2000ling.com/img/psp_200/0634.jpg,英文,Bandai Namco Games,美版
psp,635,Gitaroo Man Lives!,吉他小子,ULES-00383,2006-09-27,Rhytm,https://data.yang2000ling.com/img/psp_200/0635.jpg,德语|英文|法文,Koei,欧版
psp,636,Spectral Souls - Resurrection of the Ethereal Empire,新纪幻想-圣魔战记2,ULUS-10076,2006-09-27,RPG,https://data.yang2000ling.com/img/psp_200/0636.jpg,英文,NIS America,美版
psp,637,Ys - The Ark of Napishtim,伊苏-纳比斯汀的方舟,ULES-00267,2006-09-27,RPG,https://data.yang2000ling.com/img/psp_200/0637.jpg,西班牙语|意大利语|德语|英文|法文,Konami,欧版
psp,638,Eiyuu Densetsu - Sora no Kiseki FC,英雄传说-空之轨迹FC,ULJM-05170,2006-09-27,RPG,https://data.yang2000ling.com/img/psp_200/0638.jpg,日语,Falcom,日版
psp,639,Yarudora Portable - Sampaguita,互动剧场-茉莉花,UCAS-40034,2006-09-27,Adventure,https://data.yang2000ling.com/img/psp_200/0639.jpg,中文,Sony,中国版
psp,640,Astonishia Story,阿斯特尼西亚物语,ULJM-05176,2006-09-28,RPG,https://data.yang2000ling.com/img/psp_200/0640.jpg,日语,Compile Heart,日版
psp,641,Infected,感染,ULES-00337,2006-09-28,Action,https://data.yang2000ling.com/img/psp_200/0641.jpg,英文,Majesco Sales,欧版
psp,642,FIFA 07,FIFA足球2007,ULES-00440,2006-09-29,Sports,https://data.yang2000ling.com/img/psp_200/0642.jpg,英文,Electronic Arts,欧版
psp,643,Ape Academy 2,比波猴学院2,UCES-00302,2006-09-29,Party Games,https://data.yang2000ling.com/img/psp_200/0643.jpg,西班牙语|葡萄牙语|意大利语|德语|荷兰语|英文|法文,Sony,欧版
psp,644,Passport to... Amsterdam,阿姆斯特丹护照,UCES-00243,2006-10-01,Guide,https://data.yang2000ling.com/img/psp_200/0644.jpg,西班牙语|意大利语|德语|英文|法文,Sony,欧版
psp,645,Fish Eyes Portable,鱼之眼 携带版,ULJS-00082,2006-10-01,Fishing,https://data.yang2000ling.com/img/psp_200/0645.jpg,日语,Marvelous,日版
psp,646,Fushigi Yuugi Genbu - Kaiten Gaiden - Kagami no Miko,不可思议的游戏-玄武开传 外传 镜之巫女,ULJM-05175,2006-10-01,Action,https://data.yang2000ling.com/img/psp_200/0646.jpg,日语,Idea Factory,日版
psp,647,B-Boy,街舞男孩,UCES-00249,2006-10-01,Rhythm,https://data.yang2000ling.com/img/psp_200/0647.jpg,西班牙语|意大利语|德语|英文|法文,Sony,欧版
psp,648,Passport to... Barcelona,巴塞罗纳护照,UCES-00242,2006-10-01,Guide,https://data.yang2000ling.com/img/psp_200/0648.jpg,西班牙语|意大利语|德语|英文|法文,Sony,欧版
psp,649,Passport to... Prague,布拉格护照,UCES-00244,2006-10-02,Guide,https://data.yang2000ling.com/img/psp_200/0649.jpg,西班牙语|意大利语|德语|英文|法文,Sony,欧版
psp,650,Mercury Meltdown,水银融化,ULES-00466,2006-10-02,Puzzle,https://data.yang2000ling.com/img/psp_200/0650.jpg,西班牙语|意大利语|德语|英文|法文,Ignition Entertainment,欧版
psp,651,Boxer's Road 2 - The Real,拳手之路2-真实,ULJM-05125,2006-10-02,Sports,https://data.yang2000ling.com/img/psp_200/0651.jpg,日语,Ertain,日版
psp,652,Passport to... Rome,罗马护照,UCES-00246,2006-10-02,Guide,https://data.yang2000ling.com/img/psp_200/0652.jpg,西班牙语|意大利语|德语|英文|法文,Sony,欧版
psp,653,Passport to... Paris,巴黎护照,UCES-00241,2006-10-02,Guide,https://data.yang2000ling.com/img/psp_200/0653.jpg,西班牙语|意大利语|德语|英文|法文,Sony,欧版
psp,654,Gundam Battle Royale,高达 大混战,ULJS-00083,2006-10-03,Action,https://data.yang2000ling.com/img/psp_200/0654.jpg,日语,Bandai Namco Games,日版
psp,655,Scarface - Money. Power. Respect.,疤面煞星-金钱.权力.尊敬.,ULUS-10148,2006-10-03,Strategy,https://data.yang2000ling.com/img/psp_200/0655.jpg,英文,Sierra,美版
psp,656,FIFA 07,FIFA足球2007,ULES-00441,2017-07-13,Sports,https://data.yang2000ling.com/img/psp_200/0656.jpg,法文,Electronic Arts,法版
psp,657,Taito Legends - Power-Up,Taito传奇-加强版,ULES-00473,2006-10-05,Compilation,https://data.yang2000ling.com/img/psp_200/0657.jpg,西班牙语|意大利语|德语|英文|法文,Taito,欧版
psp,658,Gangs of London,伦敦黑帮,UCUS-98617,2006-10-06,Adventure,https://data.yang2000ling.com/img/psp_200/0658.jpg,英文,Sony,美版
psp,659,Boku wa Koukuu Kanseikan - Airport Hero Naha,我是航空管制官-机场英雄那霸,ULJM-05171,2006-10-06,Strategy,https://data.yang2000ling.com/img/psp_200/0659.jpg,日语,Electronic Arts,日版
psp,660,Jan Sangoku Musou,雀三国无双,ULJM-05136,2006-10-06,Board Games,https://data.yang2000ling.com/img/psp_200/0660.jpg,日语,Koei,日版
psp,661,Open Season,狩猎季节,ULES-00507,2006-10-06,Platformer,https://data.yang2000ling.com/img/psp_200/0661.jpg,西班牙语|荷兰语|英文|法文,Ubi Soft,欧版
psp,662,FIFA 07,FIFA足球2007,ULES-00443,2006-10-06,Sports,https://data.yang2000ling.com/img/psp_200/0662.jpg,德语,Electronic Arts,德版
psp,663,NBA Live 07,NBA实况07,ULES-00462,2006-10-06,Sports,https://data.yang2000ling.com/img/psp_200/0663.jpg,意大利语|德语|英文,Electronic Arts,欧版
psp,664,FIFA 07,FIFA足球2007,ULES-00444,2006-10-07,Sports,https://data.yang2000ling.com/img/psp_200/0664.jpg,西班牙语,Electronic Arts,西班牙版
psp,665,NBA Live 07,NBA实况07,ULES-00464,2006-10-07,Sports,https://data.yang2000ling.com/img/psp_200/0665.jpg,西班牙语,Electronic Arts,西班牙版
psp,666,"Padrino, El",教父-暴乱,ULES-00400,2006-10-08,Action,https://data.yang2000ling.com/img/psp_200/0666.jpg,西班牙语,Electronic Arts,西班牙版
psp,667,NBA Live 07,NBA实况07,ULES-00463,2017-07-13,Sports,https://data.yang2000ling.com/img/psp_200/0667.jpg,法文,Electronic Arts,法版
psp,668,Princess Maker 4 Portable,美少女梦工厂4 携带版,ULJM-05169,2006-10-11,Strategy,https://data.yang2000ling.com/img/psp_200/0668.jpg,日语,Jinx,日版
psp,669,Avatar - The Last Airbender,降世神通-最后的空气大师,ULUS-10165,2006-10-11,Action Adventure,https://data.yang2000ling.com/img/psp_200/0669.jpg,英文,THQ,美版
psp,670,Myst,神秘岛,ULES-00412,2006-10-11,Adventure,https://data.yang2000ling.com/img/psp_200/0670.jpg,德语|英文|法文,Midway,欧版
psp,671,Mercury Meltdown,水银融化,ULUS-10133,2006-10-12,Puzzle,https://data.yang2000ling.com/img/psp_200/0671.jpg,西班牙语|英文|法文,Ignition Entertainment,美版
psp,672,Tiger Woods PGA Tour 07,泰格伍兹高尔夫球巡回赛2007,ULUS-10115,2006-10-12,Sports,https://data.yang2000ling.com/img/psp_200/0672.jpg,英文,Electronic Arts,美版
psp,673,Space Invaders - Evolution,太空侵略者-进化,ULES-00348,2006-10-12,Shooter,https://data.yang2000ling.com/img/psp_200/0673.jpg,西班牙语|意大利语|德语|荷兰语|英文|法文,Rising Star,欧版
psp,674,Gun Showdown,荒野神枪 摊牌,ULUS-10158,2006-10-13,Action Adventure,https://data.yang2000ling.com/img/psp_200/0674.jpg,英文,Activision,美版
psp,675,Bubble Bobble - Evolution,泡泡龙-魔塔大作战,ULES-00303,2006-10-13,Puzzle,https://data.yang2000ling.com/img/psp_200/0675.jpg,西班牙语|意大利语|德语|英文|法文,Rising Star,欧版
psp,676,Exciting Pro Wrestling 7 - SmackDown! vs. RAW 2006,世界摔跤联盟2006,ULJM-05103,2006-10-13,Sports,https://data.yang2000ling.com/img/psp_200/0676.jpg,日语,Yuke's,日版
psp,677,Stacked with Daniel Negreanu,丹尼尔内格里诺的筹码,ULUS-10101,2006-10-14,Gambling,https://data.yang2000ling.com/img/psp_200/0677.jpg,英文,Myelin Media,美版
psp,678,Ridge Racer 2,山脊赛车2,UCES-00422,2006-10-14,Racing,https://data.yang2000ling.com/img/psp_200/0678.jpg,西班牙语|意大利语|德语|英文|法文,Bandai Namco Games,欧版
psp,679,FIFA 07,FIFA足球2007,ULES-00442,2006-10-15,Sports,https://data.yang2000ling.com/img/psp_200/0679.jpg,意大利语,Electronic Arts,意大利版
psp,680,Killzone - Liberation,杀戮地带-解放行动,UCUS-98646,2006-11-08,Action Shooter,https://data.yang2000ling.com/img/psp_200/0680.jpg,西班牙语|波兰语|意大利语|德语|荷兰语|英文,Sony,美版
psp,681,Family Guy,家庭伙伴,ULUS-10185,2006-10-17,Action Adventure,https://data.yang2000ling.com/img/psp_200/0681.jpg,英文,2K Games,美版
psp,682,Sudoku Coach,卡罗尔沃德曼的数独,ULES-00387,2006-10-17,Puzzle,https://data.yang2000ling.com/img/psp_200/0682.jpg,英文,Xplosive Entertainment,欧版
psp,683,Power Stone Collection,能量宝石,ULES-00496,2006-10-18,Fighting,https://data.yang2000ling.com/img/psp_200/0683.jpg,英文,Capcom,欧版
psp,684,Gangs of London,伦敦黑帮,UCES-00523,2006-10-18,Action RPG,https://data.yang2000ling.com/img/psp_200/0684.jpg,德语,Sony,德版
psp,685,Tenchi no Mon 2 - Busouden,天地之门2-武双传,UCAS-40116,2006-10-18,Action,https://data.yang2000ling.com/img/psp_200/0685.jpg,中文,Sony,中国版
psp,686,Homestar Portable,家庭星空 携带版,ULJM-05184,2006-10-19,Star Navigator,https://data.yang2000ling.com/img/psp_200/0686.jpg,日语,SEGA,日版
psp,687,Ford Bold Moves Street Racing,福特街头赛车,ULUS-10159,2006-10-19,Racing,https://data.yang2000ling.com/img/psp_200/0687.jpg,英文,Eidos Interactive,美版
psp,688,FIFA 07 - Soccer,FIFA足球2007,ULUS-10112,2006-10-19,Sports,https://data.yang2000ling.com/img/psp_200/0688.jpg,英文,Electronic Arts,美版
psp,689,NHL 07,NHL冰球07,ULES-00477,2006-10-19,Sports,https://data.yang2000ling.com/img/psp_200/0689.jpg,德语|英文|法文,Electronic Arts,欧版
psp,690,Tenchi no Mon 2 - Busouden,天地之门2-武双传,UCJS-10047,2006-10-19,Action RPG,https://data.yang2000ling.com/img/psp_200/0690.jpg,日语,Sony,日版
psp,691,Star Trek - Tactical Assault,星际迷航-战术攻击,ULUS-10150,2006-10-19,Strategy,https://data.yang2000ling.com/img/psp_200/0691.jpg,英文,Bethesda Softworks,美版
psp,692,Cabela's African Safari,坎贝拉非洲游猎,ULUS-10175,2007-12-01,Shooter,https://data.yang2000ling.com/img/psp_200/0692.jpg,英文,Activision,美版
psp,693,Scooby-Doo! Who's Watching Who,史酷比狗狗-谁在看谁,ULUS-10168,2006-10-21,Adventure,https://data.yang2000ling.com/img/psp_200/0693.jpg,英文,THQ,美版
psp,694,WTF - Work Time Fun,打工地狱2000,ULUS-10172,2006-10-21,Puzzle,https://data.yang2000ling.com/img/psp_200/0694.jpg,英文,D3 Publisher,美版
psp,695,Win-TOEIC Beginners' RC,贏取-TOEIC认证RC,ULKS-46019,2006-10-24,Eductional,https://data.yang2000ling.com/img/psp_200/0695.jpg,韩语,Studio 9,韩版
psp,696,Medal of Honor - Heroes,荣誉勋章-英雄,ULUS-10141,2006-10-24,Shooter,https://data.yang2000ling.com/img/psp_200/0696.jpg,英文,Electronic Arts,美版
psp,697,Ace Combat X - Skies of Deception,皇牌空战X-诡影苍穹,ULUS-10176,2006-10-24,Simulation,https://data.yang2000ling.com/img/psp_200/0697.jpg,英文,Bandai Namco Games,美版
psp,698,Moto GP,摩托GP,UCES-00373,2006-10-24,Racing,https://data.yang2000ling.com/img/psp_200/0698.jpg,意大利语|德语|荷兰语|英文|法文,Namco,欧版
psp,699,Untold Legends - The Warrior's Code,无尽传说-勇者密码,ULJM-05179,2006-10-25,Action RPG,https://data.yang2000ling.com/img/psp_200/0699.jpg,日语,Ubi Soft,日版
psp,700,Shinobido Homura,忍道-焰,ULJM-05035,2006-10-25,Action Adventure,https://data.yang2000ling.com/img/psp_200/0700.jpg,日语,Spike,日版
psp,701,Snoopy vs the Red Baron,史努比vs红男爵,ULUS-10189,2006-10-25,Action Adventure,https://data.yang2000ling.com/img/psp_200/0701.jpg,英文,Bandai Namco Games,美版
psp,702,Capcom Classics Collection Reloaded,卡普空经典游戏合集Reloaded,ULUS-10134,2006-10-25,Compilation,https://data.yang2000ling.com/img/psp_200/0702.jpg,英文,Capcom,美版
psp,703,Marvel Ultimate Alliance,漫画英雄-终极联盟,ULUS-10167,2006-10-25,Action,https://data.yang2000ling.com/img/psp_200/0703.jpg,英文,Activision,美版
psp,704,Gun Showdown,荒野神枪 摊牌,ULES-00484,2006-10-25,Action,https://data.yang2000ling.com/img/psp_200/0704.jpg,英文,Activision,欧版
psp,705,KAZooK!,极限派对,ULES-00517,2006-10-25,Party Games,https://data.yang2000ling.com/img/psp_200/0705.jpg,意大利语|德语|英文|法文,Xplosive Entertainment,欧版
psp,706,Dynasty Warriors Vol. 2,真三国无双-二度进化,ULUS-10170,2006-10-25,Action,https://data.yang2000ling.com/img/psp_200/0706.jpg,英文,Koei,美版
psp,707,Spectral vs. Generation,圣魔战记vs.混沌世代,ULJM-05162,2006-10-25,Fighting,https://data.yang2000ling.com/img/psp_200/0707.jpg,日语,Idea Factory,日版
psp,708,Spider-Man 2,蜘蛛侠2,ULJM-05102,2006-10-25,Action Adventure,https://data.yang2000ling.com/img/psp_200/0708.jpg,日语,Konami,日版
psp,709,50 Cent - Bulletproof - G-Unit Edition,50美分-防弹 G-Unit版50,ULES-00451,2006-10-27,Action,https://data.yang2000ling.com/img/psp_200/0709.jpg,英文,Vivendi Universal,欧版
psp,710,ATV Offroad Fury Pro,沙滩机车赛 专业版,UCUS-98648,2006-10-27,Racing,https://data.yang2000ling.com/img/psp_200/0710.jpg,英文,Sony,美版
psp,711,Need for Speed Carbon - Own the City,极品飞车-卡本峡谷之城市争霸,ULES-00577,2006-10-27,Racing,https://data.yang2000ling.com/img/psp_200/0711.jpg,西班牙语|意大利语|德语|荷兰语|英文|法文,Electronic Arts,欧版
psp,712,Pilot Academy,飞行员学院,ULES-00374,2006-10-27,Simulation,https://data.yang2000ling.com/img/psp_200/0712.jpg,西班牙语|日语|意大利语|德语|英文|法文,Rising Star Games,欧版
psp,713,Ace Combat X - Skies of Deception,皇牌空战X-诡影苍穹,ULJS-00086,2006-10-29,Simulator,https://data.yang2000ling.com/img/psp_200/0713.jpg,韩语|西班牙语|日语|意大利语|德语|英文|法文,Namco,日版
psp,714,NCAA Football 2007 (v2),美国大学橄榄球联赛2007,ULUS-10116,2006-10-29,Sport,https://data.yang2000ling.com/img/psp_200/0714.jpg,英文,Electronic Arts,美版
psp,715,Grand Theft Auto - Vice City Stories,侠盗猎车-罪恶都市传奇,ULES-00502,2006-10-31,Action,https://data.yang2000ling.com/img/psp_200/0715.jpg,西班牙语|意大利语|德语|英文|法文,Rockstar Games,欧版
psp,716,Dungeon Siege - Throne of Agony,地牢围攻-痛苦的王座,ULUS-10177,2006-10-31,Action RPG,https://data.yang2000ling.com/img/psp_200/0716.jpg,英文,Take-Two Interactive,美版
psp,717,Grand Theft Auto - Vice City Stories,侠盗猎车-罪恶都市传奇,ULUS-10160,2006-10-31,Action,https://data.yang2000ling.com/img/psp_200/0717.jpg,英文,Rockstar Games,美版
psp,718,Mind Quiz,智力问答,ULUS-10178,2006-11-01,Puzzle,https://data.yang2000ling.com/img/psp_200/0718.jpg,英文,Ubi Soft,美版
psp,719,Death Jr.II - Root of Evil,小死神2-邪恶的根源,ULUS-10157,2006-11-01,Action 3D Platformer,https://data.yang2000ling.com/img/psp_200/0719.jpg,英文,Konami,美版
psp,720,Need for Speed Carbon - Own the City,极品飞车-卡本峡谷之城市争霸,ULUS-10114,2006-11-01,Racing,https://data.yang2000ling.com/img/psp_200/0720.jpg,英文,Electronic Arts,美版
psp,721,Pro Stroke Golf - World Tour 2007,职业高尔夫-世界巡回赛2007,ULES-00472,2006-11-02,Sports,https://data.yang2000ling.com/img/psp_200/0721.jpg,英文,Oxygen Interactive,欧版
psp,722,BattleZone,战争地带,ULUS-10156,2006-11-02,Action,https://data.yang2000ling.com/img/psp_200/0722.jpg,西班牙语|意大利语|德语|英文|法文,Atari,美版
psp,723,PoPoLoCrois Monogatari - Pietro Ouji no Bouken (v2),波波罗古罗伊斯物语-陂耶多罗王子的冒险(v2),UCJS-10005,2006-11-03,RPG,https://data.yang2000ling.com/img/psp_200/0723.jpg,日语,Sony,日版
psp,724,Open Season,狩猎季节,ULES-00508,2006-11-03,3D Platformer,https://data.yang2000ling.com/img/psp_200/0724.jpg,瑞典语|西班牙语|挪威语|意大利语|德语|芬兰语|丹麦语|英文|法文,Ubi Soft,欧版
psp,725,Killzone - Liberation,杀戮地带-解放行动,UCES-00279,2006-11-04,Action,https://data.yang2000ling.com/img/psp_200/0725.jpg,西班牙语|波兰语|意大利语|德语|荷兰语|英文|法文,Sony,欧版
psp,726,Chotto Shot,随意拍,UCJB-98012,2006-11-04,Utility,https://data.yang2000ling.com/img/psp_200/0726.jpg,日语,Sony,日版
psp,727,Heaven's Will,天堂的意志,ULJM-05186,2006-11-04,Action,https://data.yang2000ling.com/img/psp_200/0727.jpg,日语,Taito,日版
psp,728,Rush,洛城飙车,ULUS-10174,2006-11-04,Racing,https://data.yang2000ling.com/img/psp_200/0728.jpg,英文,Midway,美版
psp,729,Power Stone Collection,能量宝石,ULUS-10171,2006-11-04,Fighting,https://data.yang2000ling.com/img/psp_200/0729.jpg,英文,Capcom,美版
psp,730,Lumines II,音乐方块2,ULUS-10183,2006-11-05,Puzzle,https://data.yang2000ling.com/img/psp_200/0730.jpg,英文,Buena Vista Games,美版
psp,731,Every Extend Extra,音乐爆破,ULUS-10147,2006-11-05,Puzzle,https://data.yang2000ling.com/img/psp_200/0731.jpg,英文,Buena Vista Games,美版
psp,732,FIFA 07,FIFA足球2007,ULKS-46113,2006-11-07,Sports,https://data.yang2000ling.com/img/psp_200/0732.jpg,韩语,Electronic Arts,韩版
psp,733,Capcom Classics Collection Reloaded,卡普空经典游戏合集Reloaded,ULES-00377,2006-11-07,Compilation,https://data.yang2000ling.com/img/psp_200/0733.jpg,英文,Capcom,欧版
psp,734,SOCOM - U.S. Navy SEALs - Fireteam Bravo 2,海豹突击队-火线小组2,UCUS-98645,2006-11-08,Action,https://data.yang2000ling.com/img/psp_200/0734.jpg,英文,Sony,美版
psp,735,LEGO Star Wars II - The Original Trilogy,乐高星球大战2-原创三部曲,ULES-00479,2006-11-10,Action Adventure,https://data.yang2000ling.com/img/psp_200/0735.jpg,西班牙语|意大利语|德语|丹麦语|英文|法文,Lucas Arts,欧版
psp,736,Kameleon,回转逆转变色龙,ULES-00369,2006-11-10,Puzzle,https://data.yang2000ling.com/img/psp_200/0736.jpg,英文,505 Game Street,欧版
psp,737,X-Men Legends II - El Ascenso de Apocalipsis,X战警传奇2-天启降临,ULES-00191,2006-11-10,Action RPG,https://data.yang2000ling.com/img/psp_200/0737.jpg,西班牙语,Activision,西班牙版
psp,738,NFL Street 3,NFL街头橄榄球3,ULUS-10135,2006-11-15,Sports,https://data.yang2000ling.com/img/psp_200/0738.jpg,英文,Electronic Arts,美版
psp,739,Eragon,龙骑士,ULUS-10146,2006-11-15,Action,https://data.yang2000ling.com/img/psp_200/0739.jpg,韩语|西班牙语|日语|意大利语|德语|芬兰语|荷兰语|中文|英文|法文,Sierra,美版
psp,740,EA Replay,EA经典游戏合集,ULUS-10140,2006-11-15,Retro Compilation,https://data.yang2000ling.com/img/psp_200/0740.jpg,英文,Electronic Arts,美版
psp,741,Xiaolin Showdown,少林决胜,ULUS-10164,2006-11-15,Fighting,https://data.yang2000ling.com/img/psp_200/0741.jpg,英文,Konami,美版
psp,742,Warhammer - Battle for Atluma,战锤-阿特路玛之战,ULUS-10123,2006-11-15,Card Battle,https://data.yang2000ling.com/img/psp_200/0742.jpg,英文,Bandai Namco Games,美版
psp,743,Activision Hits Remixed,Activision经典游戏合集,ULUS-10186,2006-11-15,Retro Compilation,https://data.yang2000ling.com/img/psp_200/0743.jpg,英文,Activision,美版
psp,744,Asterix & Obelix XXL 2 - Mission WiFix,阿斯特利斯与奥普利斯XXL2-威尔费克斯任务,ULES-00527,2006-11-16,Action,https://data.yang2000ling.com/img/psp_200/0744.jpg,西班牙语|意大利语|德语|荷兰语|英文|法文,Atari,欧版
psp,745,Scooby-Doo! Who's Watching Who,史酷比狗狗-谁在看谁,ULES-00572,2006-11-16,Adventure,https://data.yang2000ling.com/img/psp_200/0745.jpg,英文,THQ,欧版
psp,746,Ace Combat X - Skies of Deception,皇牌空战X-诡影苍穹,UCES-00423,2006-11-16,Simulation,https://data.yang2000ling.com/img/psp_200/0746.jpg,英文,Bandai Namco Games,欧版
psp,747,Yu-Gi-Oh! GX Tag Force,游戏王GX 卡片力量,ULUS-10136,2006-11-16,Card Battle,https://data.yang2000ling.com/img/psp_200/0747.jpg,英文,Konami,美版
psp,748,Mortal Kombat - Unchained,真人快打-释放,ULUS-10102,2006-11-16,Fighting,https://data.yang2000ling.com/img/psp_200/0748.jpg,英文,Midway,美版
psp,749,Vulcanus - Seek & Destroy,重装战将,ULJM-05187,2006-11-16,Action,https://data.yang2000ling.com/img/psp_200/0749.jpg,日语,Compile Heart,日版
psp,750,Reel Fishing - The Great Outdoors,鱼之眼 携带版,ULUS-10166,2006-11-16,Fishing,https://data.yang2000ling.com/img/psp_200/0750.jpg,英文,Natsume,美版
psp,751,Dave Mirra BMX Challenge,戴夫米拉自行车越野挑战赛,ULUS-10204,2006-11-16,Sports,https://data.yang2000ling.com/img/psp_200/0751.jpg,英文,Crave Entertainment,美版
psp,752,Pocket Racers,口袋赛车,ULUS-10163,2006-11-16,Racing,https://data.yang2000ling.com/img/psp_200/0752.jpg,英文,Konami,美版
psp,753,Gitaroo Man Lives!,吉他小子,ULUS-10207,2006-11-17,Rhythm,https://data.yang2000ling.com/img/psp_200/0753.jpg,英文,Koei,美版
psp,754,Sudoku,数独,ULJM-05146,2006-11-17,Puzzle,https://data.yang2000ling.com/img/psp_200/0754.jpg,日语,Hudson,日版
psp,755,Sonic Rivals,索尼克 竞争者,ULUS-10195,2006-11-17,Racing Action,https://data.yang2000ling.com/img/psp_200/0755.jpg,英文,SEGA,美版
psp,756,Sega Genesis Collection,世嘉Genesis经典游戏合集,ULUS-10192,2006-11-17,Retro Compilation,https://data.yang2000ling.com/img/psp_200/0756.jpg,英文,SEGA,美版
psp,757,NASCAR,云斯顿赛车,ULES-00457,2006-11-17,Racing,https://data.yang2000ling.com/img/psp_200/0757.jpg,英文,Electronic Arts,欧版
psp,758,Need for Speed Carbon - Own the City,极品飞车-卡本峡谷之城市争霸,ULKS-46034,2006-11-18,Racing,https://data.yang2000ling.com/img/psp_200/0758.jpg,韩语,Electronic Arts,韩版
psp,759,Thrillville,模拟乐园 惊奇世界,ULUS-10191,2006-11-18,Simulation,https://data.yang2000ling.com/img/psp_200/0759.jpg,英文,LucasArts,美版
psp,760,Scarface - Money. Power. Respect.,疤面煞星-金钱.权力.尊敬.,ULES-00547,2018-03-01,Strategy,https://data.yang2000ling.com/img/psp_200/0760.jpg,德语,Sierra Entertainment,德版
psp,761,"Godfather, The",教父-暴乱,ULES-00394,2006-11-19,Action,https://data.yang2000ling.com/img/psp_200/0761.jpg,波兰语|荷兰语|英文,Electronic Arts,欧版
psp,762,Lumines II,音乐方块2,ULES-00553,2006-11-19,Puzzle,https://data.yang2000ling.com/img/psp_200/0762.jpg,西班牙语|意大利语|德语|英文|法文,Buena Vista Games,欧版
psp,763,Scarface - Money. Power. Respect.,疤面煞星-金钱.权力.尊敬.,ULES-00545,2006-11-19,Strategy,https://data.yang2000ling.com/img/psp_200/0763.jpg,英文,Sierra Entertainment,欧版
psp,764,50 Cent - Bulletproof - G-Unit Edition,50美分-防弹 G-Unit版50,ULES-00452,2006-11-19,Action,https://data.yang2000ling.com/img/psp_200/0764.jpg,英文,Vivendi Universal,欧版
psp,765,Simple 2500 Series Portable Vol. 8 - The Dokodemo Girl Mahjong,廉价2500系列Vol.8-美女麻将,ULJS-00084,2006-11-21,Board Games,https://data.yang2000ling.com/img/psp_200/0765.jpg,日语,D3 Publisher,日版
psp,766,Mind Quiz,智力问答,ULES-00555,2006-11-20,Puzzle,https://data.yang2000ling.com/img/psp_200/0766.jpg,德语|英文|法文,SEGA,欧版
psp,767,Jeanne d'Arc,圣女贞德,UCJS-10048,2006-11-21,RPG,https://data.yang2000ling.com/img/psp_200/0767.jpg,日语,Sony,日版
psp,768,Riviera - Yakusoku no Chi,约束之地-利维艾拉,ULJM-05188,2006-11-21,RPG,https://data.yang2000ling.com/img/psp_200/0768.jpg,日语,Sting,日版
psp,769,Tony Hawk's Project 8,托尼霍克滑板-八强争霸,ULUS-10197,2006-11-21,Sports,https://data.yang2000ling.com/img/psp_200/0769.jpg,英文,Activision,美版
psp,770,Mortal Kombat - Unchained,真人快打-释放,ULES-00353,2006-11-22,Fighting,https://data.yang2000ling.com/img/psp_200/0770.jpg,西班牙语|意大利语|德语|英文|法文,Midway,欧版
psp,771,Medal of Honor - Heroes,荣誉勋章-英雄,ULES-00559,2006-11-23,Action,https://data.yang2000ling.com/img/psp_200/0771.jpg,德语,Electronic Arts,德版
psp,772,Eragon,龙骑士,ULES-00474,2006-11-24,Action,https://data.yang2000ling.com/img/psp_200/0772.jpg,韩语|西班牙语|日语|意大利语|德语|芬兰语|荷兰语|中文|英文|法文,Sierra Entertainment,欧版
psp,773,Medal of Honor - Heroes,荣誉勋章-英雄,ULES-00557,2006-11-24,Action,https://data.yang2000ling.com/img/psp_200/0773.jpg,英文,Electronic Arts,欧版
psp,774,Plus Plum 2 Again Portable,天秤彩球2 携带版,ULJS-00066,2006-11-25,Puzzle,https://data.yang2000ling.com/img/psp_200/0774.jpg,日语,Takuyo,日版
psp,775,Justice League Heroes,正义联盟英雄,ULUS-10214,2006-11-25,Action Adventure,https://data.yang2000ling.com/img/psp_200/0775.jpg,英文,Warner Bros. IE,美版
psp,776,Luxor - The Wrath of Set,卢克索-金字塔祖玛,ULUS-10201,2006-11-25,Puzzle,https://data.yang2000ling.com/img/psp_200/0776.jpg,英文,Mumbo Jumbo,美版
psp,777,Scarface - Money. Power. Respect.,疤面煞星-金钱.权力.尊敬.,ULES-00546,2006-11-25,Strategy,https://data.yang2000ling.com/img/psp_200/0777.jpg,西班牙语|意大利语|英文|法文,Sierra Entertainment,欧版
psp,778,Pump it Up - Exceed Portable,跳舞机-超越 携带版,ULKS-46042,2006-11-27,Rhythm,https://data.yang2000ling.com/img/psp_200/0778.jpg,韩语|英文,Studio 9,韩版
psp,779,Gunpey,线条方块,ULUS-10182,2006-11-28,Puzzle,https://data.yang2000ling.com/img/psp_200/0779.jpg,英文,Bandai Namco Games,美版
psp,780,Makai Senki DisGaea Portable,魔界战记 携带版,ULJS-00089,2006-11-28,RPG,https://data.yang2000ling.com/img/psp_200/0780.jpg,日语,Nippon Ichi Software,日版
psp,781,Pro Evolution Soccer 6,实况足球6,ULES-00476,2006-11-29,Sports,https://data.yang2000ling.com/img/psp_200/0781.jpg,西班牙语|日语|意大利语|德语|英文|法文,Konami,欧版
psp,782,Star Wars - Lethal Alliance,星球大战-致命联盟,ULES-00599,2006-11-30,Action Adventure,https://data.yang2000ling.com/img/psp_200/0782.jpg,西班牙语|意大利语|德语|英文|法文,Ubi Soft,欧版
psp,783,Over the Hedge - Hammy Goes Nuts!,篱笆墙外-疯狂的哈米,ULUS-10187,2006-11-29,3D Platformer,https://data.yang2000ling.com/img/psp_200/0783.jpg,英文,Activision,美版
psp,784,Football Manager Handheld 2007,足球经理2007,ULES-00549,2006-11-29,Simulation,https://data.yang2000ling.com/img/psp_200/0784.jpg,西班牙语|意大利语|德语|英文|法文,SEGA,欧版
psp,785,"Sims 2 - Pets, The",模拟人生2-宠物当家,ULUS-10130,2006-11-29,Simulation,https://data.yang2000ling.com/img/psp_200/0785.jpg,英文,Electronic Arts,美版
psp,786,Sonic Rivals,索尼克 竞争者,ULES-00622,2006-11-30,Racing,https://data.yang2000ling.com/img/psp_200/0786.jpg,西班牙语|意大利语|德语|英文|法文,SEGA,欧版
psp,787,Who Wants to Be a Millionaire - Party Edition,谁想成为百万富翁,ULES-00540,2006-11-30,Quiz,https://data.yang2000ling.com/img/psp_200/0787.jpg,英文,Eidos Interactive,欧版
psp,788,Ore no Dungeon - Desire and Adventurous Spirit,我自己的迷宫,ULJM-05167,2006-11-30,RPG,https://data.yang2000ling.com/img/psp_200/0788.jpg,日语,SEGA,日版
psp,789,Star Trek - Tactical Assault,星际迷航-战术攻击,ULES-00623,2006-11-30,Strategy,https://data.yang2000ling.com/img/psp_200/0789.jpg,西班牙语|意大利语|德语|英文|法文,Ubi Soft,欧版
psp,790,Dynasty Warriors Vol. 2,真三国无双-二度进化,ULES-00606,2006-11-30,Action,https://data.yang2000ling.com/img/psp_200/0790.jpg,德语,Koei,德版
psp,791,Cars,汽车总动员,ULES-00321,2006-11-30,Racing,https://data.yang2000ling.com/img/psp_200/0791.jpg,法文,THQ,法版
psp,792,Online Chess Kingdoms,在线象棋国度,ULUS-10179,2006-12-01,Board Games,https://data.yang2000ling.com/img/psp_200/0792.jpg,西班牙语|意大利语|德语|英文|法文,Konami,美版
psp,793,Platypus,鸭嘴兽,ULUS-10203,2006-12-01,Shooter,https://data.yang2000ling.com/img/psp_200/0793.jpg,英文,MumboJumbo,美版
psp,794,Akudaikan Manyuuki,恶代官漫游记,ULJM-05185,2006-12-03,Action,https://data.yang2000ling.com/img/psp_200/0794.jpg,日语,Global A,日版
psp,795,Nou ni Kaikan - Minna de Aha Taiken!,脑内快感2-全民轻松体验,ULJM-05189,2006-12-03,Edutainment,https://data.yang2000ling.com/img/psp_200/0795.jpg,日语,SEGA,日版
psp,796,Medal of Honor - Heroes,荣誉勋章-英雄,ULES-00558,2006-12-03,Action,https://data.yang2000ling.com/img/psp_200/0796.jpg,法文,Electronic Arts,法版
psp,797,Power Stone Portable,能量宝石 携带版,ULJM-05178,2006-12-03,Fighting,https://data.yang2000ling.com/img/psp_200/0797.jpg,日语,Capcom,日版
psp,798,Saru Get You - Piposaru Racer,捉猴啦-比波猴赛车,UCJS-10032,2006-12-05,Racing,https://data.yang2000ling.com/img/psp_200/0798.jpg,日语,Sony,日版
psp,799,Crash Tag Team Racing,古惑狼赛车 团队竞速,ULES-00169,2006-12-06,Racing,https://data.yang2000ling.com/img/psp_200/0799.jpg,法文,Sierra Entertainment,法版
psp,800,Metal Gear Solid - Portable Ops,合金装备-掌上行动,ULUS-10202,2006-12-06,Action,https://data.yang2000ling.com/img/psp_200/0800.jpg,英文,Konami,美版
psp,801,Brothers in Arms - D-Day,战火兄弟连-登陆日,ULUS-10193,2006-12-06,First Person Shooter,https://data.yang2000ling.com/img/psp_200/0801.jpg,英文,Ubi Soft,美版
psp,802,Rengoku II - The Stairway to H.E.A.V.E.N.,炼狱2,ULES-00437,2006-12-06,Action Adventure,https://data.yang2000ling.com/img/psp_200/0802.jpg,西班牙语|意大利语|德语|英文|法文,Konami,欧版
psp,803,Medal of Honor - Heroes,荣誉勋章-英雄,ULES-00560,2006-12-06,First Person Shooter,https://data.yang2000ling.com/img/psp_200/0803.jpg,意大利语,Electronic Arts,意大利版
psp,804,Cabela's Dangerous Hunts - Ultimate Challenge,坎贝拉危险狩猎-终极挑战,ULES-00550,2006-12-06,Hunting,https://data.yang2000ling.com/img/psp_200/0804.jpg,英文,Activision,欧版
psp,805,Star Wars - Lethal Alliance,星球大战-致命联盟,ULUS-10188,2006-12-06,Action Adventure,https://data.yang2000ling.com/img/psp_200/0805.jpg,西班牙语|意大利语|德语|英文|法文,Ubi Soft,美版
psp,806,Marvel Ultimate Alliance,漫画英雄-终极联盟,ULES-00542,2006-12-07,Action,https://data.yang2000ling.com/img/psp_200/0806.jpg,英文,Activision,欧版
psp,807,PaRappa The Rapper,啪啦啪啦啪,UCJS-10046,2006-12-07,Rhythm,https://data.yang2000ling.com/img/psp_200/0807.jpg,日语,Sony,日版
psp,808,Tenchi no Mon 2 - Busouden,天地之门2-武双传,UCKS-45034,2006-12-07,Action,https://data.yang2000ling.com/img/psp_200/0808.jpg,韩语,Sony,韩版
psp,809,Ju and Ryu TOEIC LC (Disc1),鹫与隆 TOEIC认证LC(Disc1),ULKS-46098,2006-12-07,Eductional,https://data.yang2000ling.com/img/psp_200/0809.jpg,韩语,Studio 9,韩版
psp,810,Ju and Ryu TOEIC LC (Disc2),鹫与隆 TOEIC认证LC(Disc2),ULKS-46099,2006-12-07,Eductional,https://data.yang2000ling.com/img/psp_200/0810.jpg,韩语,Studio 9,韩版
psp,811,Dynasty Warriors Vol. 2,真三国无双-二度进化,ULES-00604,2006-12-07,Action,https://data.yang2000ling.com/img/psp_200/0811.jpg,英文,Koei,欧版
psp,812,Brothers in Arms - D-Day,战火兄弟连-登陆日,ULES-00608,2006-12-07,First Person Shooter,https://data.yang2000ling.com/img/psp_200/0812.jpg,西班牙语|意大利语|德语|英文|法文,Ubi Soft,欧版
psp,813,Bliss Island,极乐岛,ULES-00616,2006-12-07,Puzzle,https://data.yang2000ling.com/img/psp_200/0813.jpg,西班牙语|意大利语|德语|英文|法文,Codemasters,欧版
psp,814,WWE SmackDown! vs. RAW 2007,世界摔跤联盟2007,ULUS-10199,2006-12-07,Sports,https://data.yang2000ling.com/img/psp_200/0814.jpg,英文,THQ,美版
psp,815,Justice League Heroes,正义联盟英雄,ULES-00609,2006-12-08,Action RPG,https://data.yang2000ling.com/img/psp_200/0815.jpg,西班牙语|意大利语|德语|英文|法文,Warner Bros. IE,欧版
psp,816,Family Guy,家庭伙伴,ULES-00567,2006-12-09,Adventure,https://data.yang2000ling.com/img/psp_200/0816.jpg,英文,2K Games,欧版
psp,817,Samurai Warriors - State of War,战国无双,ULES-00298,2006-12-09,Fighting,https://data.yang2000ling.com/img/psp_200/0817.jpg,法文,Koei,法版
psp,818,Mahjong Kakutou Club - Zenkoku Taisenban,麻雀格斗俱乐部-全国对战版,ULJM-05163,2006-12-09,Board Games,https://data.yang2000ling.com/img/psp_200/0818.jpg,日语,Konami,日版
psp,819,Blade Dancer - Lineage of Light,剑舞者-千年之约定,ULES-00541,2006-12-09,RPG,https://data.yang2000ling.com/img/psp_200/0819.jpg,西班牙语|意大利语|德语|英文|法文,Ignition Entertainment,欧版
psp,820,"Signore Degli Anelli, Il - Tactics",指环王-战略版,ULES-00201,2006-12-10,Strategy,https://data.yang2000ling.com/img/psp_200/0820.jpg,意大利语,Electronic Arts,意大利版
psp,821,L.A. Rush,洛城飙车,ULES-00554,2006-12-11,Racing,https://data.yang2000ling.com/img/psp_200/0821.jpg,西班牙语|意大利语|德语|英文|法文,Midway,欧版
psp,822,"Sims 2 - Pets, The",模拟人生2-宠物当家,ULES-00596,2006-12-12,Virtual Life,https://data.yang2000ling.com/img/psp_200/0822.jpg,西班牙语|意大利语|德语|荷兰语|英文|法文,Electronic Arts,欧版
psp,823,Blitz - Overtime,暴力橄榄球,ULUS-10200,2006-12-13,Sports,https://data.yang2000ling.com/img/psp_200/0823.jpg,英文,Midway,美版
psp,824,Medal of Honor - Heroes,荣誉勋章-英雄,ULES-00561,2006-12-13,First Person Shooter,https://data.yang2000ling.com/img/psp_200/0824.jpg,西班牙语,Electronic Arts,西班牙版
psp,825,World Soccer Winning Eleven 10 - Ubiquitous Edition,实况足球10,ULJM-05132,2006-12-14,Sports,https://data.yang2000ling.com/img/psp_200/0825.jpg,日语,Konami,日版
psp,826,Thrillville,模拟乐园 惊奇世界,ULES-00646,2006-12-14,Simulation,https://data.yang2000ling.com/img/psp_200/0826.jpg,西班牙语|意大利语|德语|英文|法文,Atari,欧版
psp,827,Ford Street Racing - L.A. Duel,福特街头赛车-决战洛杉矶,ULES-00564,2006-12-14,Racing,https://data.yang2000ling.com/img/psp_200/0827.jpg,英文,Empire Interactive,欧版
psp,828,WWE SmackDown! vs. RAW 2007,世界摔跤联盟2007,ULES-00631,2006-12-14,Sports,https://data.yang2000ling.com/img/psp_200/0828.jpg,英文,THQ,欧版
psp,829,Shinobido Homura,忍道-焰,ULKS-46097,2006-12-15,Action Adventure,https://data.yang2000ling.com/img/psp_200/0829.jpg,韩语,Acquire,韩版
psp,830,Kyoto Daigaku Atsuji Tetsuji Kyouju Kanshuu - Kanji Trainer Portable,汉字锻炼 携带版,ULJM-05201,2007-05-15,Edutainment,https://data.yang2000ling.com/img/psp_200/0830.jpg,日语,SEGA,日版
psp,831,Daisenryaku Portable 2,大战略2 携带版,ULJM-05205,2006-12-15,Strategy,https://data.yang2000ling.com/img/psp_200/0831.jpg,日语,Genki,日版
psp,832,Tomb Raider - Legend,古墓丽影-传奇,ULJM-05180,2006-12-15,Action Adventure,https://data.yang2000ling.com/img/psp_200/0832.jpg,日语,Eidos Interactive,日版
psp,833,Makai Senki DisGaea Portable (Shokai Genteiban),魔界战记 携带版(初回限定版),ULJS-00088,2006-12-16,RPG,https://data.yang2000ling.com/img/psp_200/0833.jpg,日语,Nippon Ichi Software,日版
psp,834,Shrek - Smash n' Crash Racing,怪物史莱克-冲撞赛车,ULUS-10194,2006-12-17,Racing,https://data.yang2000ling.com/img/psp_200/0834.jpg,英文,Activision,美版
psp,835,Maplus - Portable Navi - GPS Receiver Doukonban,Maplus-便携卫星导航 GPS同捆版,ULJS-00091,2006-12-17,Navigation,https://data.yang2000ling.com/img/psp_200/0835.jpg,日语,Edia,日版
psp,836,Comic Party Portable,漫画同人会 携带版,ULJS-00028,2006-12-18,Adventure,https://data.yang2000ling.com/img/psp_200/0836.jpg,日语,Aqua Plus,日版
psp,837,Kenichirou Hakase Kanshuu - Nou ni Kaikan - Aha Taiken (v2),脑内快感 轻松体验(v2),ULJM-05135,2006-12-18,Edutainment,https://data.yang2000ling.com/img/psp_200/0837.jpg,日语,SEGA,日版
psp,838,Sudoku & Nemonemo Logic,魔法数独,ULKS-46014,2006-12-19,Puzzle,https://data.yang2000ling.com/img/psp_200/0838.jpg,韩语,CyberfrontGeneX,韩版
psp,839,Tales of The World - Radiant Mythology,世界传说-光明神话,ULJS-00093,2006-12-19,RPG,https://data.yang2000ling.com/img/psp_200/0839.jpg,日语,Bandai Namco Games,日版
psp,840,Need for Speed Carbon - Own the City,极品飞车-卡本峡谷之城市争霸(澳洲版),ULES-00576,2006-12-19,Racing,https://data.yang2000ling.com/img/psp_200/0840.jpg,英文,Electronic Arts,欧版
psp,841,Scooby-Doo! Who's Watching Who,史酷比狗狗-谁在看谁(澳洲版),ULES-00571,2006-12-21,Adventure,https://data.yang2000ling.com/img/psp_200/0841.jpg,英文,THQ,欧版
psp,842,Metal Gear Solid - Portable Ops,合金装备-掌上行动,ULJM-05193,2006-12-21,Action Adventure,https://data.yang2000ling.com/img/psp_200/0842.jpg,日语,Konami,日版
psp,843,Need for Speed Carbon - Own the City,极品飞车-卡本峡谷之城市争霸,ULJM-05204,2006-12-21,Racing,https://data.yang2000ling.com/img/psp_200/0843.jpg,日语,Electronic Arts,日版
psp,844,Tony Hawk's Underground 2 - Remix,托尼霍克地下滑板2-复刻版,ULES-00034,2006-12-26,Sports,https://data.yang2000ling.com/img/psp_200/0844.jpg,法文,Activision,法版
psp,845,Formula 1 - 06 Portable,F1格兰披治大赛2006,UCJS-10045,2006-12-26,Racing,https://data.yang2000ling.com/img/psp_200/0845.jpg,日语,Sony,日版
psp,846,Bubble Bobble - Evolution,泡泡龙-魔塔大作战,ULUS-10143,2006-12-27,Puzzle,https://data.yang2000ling.com/img/psp_200/0846.jpg,英文,Codemasters,美版
psp,847,Professor Sudoku,卡罗尔沃德曼的数独,ULES-00389,2006-12-30,Puzzle,https://data.yang2000ling.com/img/psp_200/0847.jpg,西班牙语|意大利语|英文,Xplosive Entertainment,欧版
psp,848,P-Kara,P-卡拉,UCJS-10040,2007-01-01,Music,https://data.yang2000ling.com/img/psp_200/0848.jpg,日语,Sony,日版
psp,849,ToCA Race Driver 2 - The Ultimate Racing Simulator,超级房车赛2,ULJM-05160,2007-01-03,Racing,https://data.yang2000ling.com/img/psp_200/0849.jpg,日语,Interchannel,日版
psp,850,Maplus - Portable Navi,Maplus-便携卫星导航,ULJS-00092,2007-01-04,Navigation,https://data.yang2000ling.com/img/psp_200/0850.jpg,日语,Edia,日版
psp,851,Doko Demo Issho - Let's Gakkou! (Obenkyou Pack),随身玩伴-学校生活(Obenkyou,UCJB-98010,2007-01-04,Action,https://data.yang2000ling.com/img/psp_200/0851.jpg,日语,Sony,日版
psp,852,Sega Mega Drive Collection,世嘉MegaDrive经典游戏合集,ULES-00556,2007-01-10,Compilation,https://data.yang2000ling.com/img/psp_200/0852.jpg,英文,SEGA,欧版
psp,853,WWE SmackDown! vs. RAW 2007,世界摔跤联盟2007,ULKS-46125,2007-01-11,Sports,https://data.yang2000ling.com/img/psp_200/0853.jpg,韩语,THQ,韩版
psp,854,World Snooker Challenge 2007,世界斯诺克锦标赛2007,ULES-00453,2007-01-12,Sports,https://data.yang2000ling.com/img/psp_200/0854.jpg,英文,SEGA,欧版
psp,855,Gunpey-R,线条方块,ULJS-00085,2007-01-14,Puzzle,https://data.yang2000ling.com/img/psp_200/0855.jpg,日语,Bandai Namco Games,日版
psp,856,Myst,神秘岛,ULES-00659,2007-01-15,Adventure,https://data.yang2000ling.com/img/psp_200/0856.jpg,英文,THQ,欧版
psp,857,Wizardry Empire III - Haou no Keifu,巫术帝国3-霸王的系谱,ULJM-05218,2007-01-19,RPG,https://data.yang2000ling.com/img/psp_200/0857.jpg,日语,StarFish,日版
psp,858,M.A.C.H. - Modified Air Combat Heroes,空战英雄,ULJM-05202,2007-01-19,Action,https://data.yang2000ling.com/img/psp_200/0858.jpg,日语,Vivendi Universal,日版
psp,859,FIFA 07,FIFA足球2007,ULJM-05191,2007-01-19,Sports,https://data.yang2000ling.com/img/psp_200/0859.jpg,日语,Electronic Arts,日版
psp,860,TalkMan Shiki - Shabilingual Eikaiwa,翻译精灵式-英语会话,UCJS-10051,2007-01-21,Education,https://data.yang2000ling.com/img/psp_200/0860.jpg,日语|英文,Sony,日版
psp,861,TalkMan Shiki - Shabilingual Eikaiwa (Microphone Doukonban),翻译精灵式-英语会话(麦克风同捆版),UCJS-10050,2007-01-21,Education,https://data.yang2000ling.com/img/psp_200/0861.jpg,日语|英文,Sony,日版
psp,862,Rocky Balboa,洛奇6 永远的拳王,ULES-00670,2007-01-22,Sports,https://data.yang2000ling.com/img/psp_200/0862.jpg,西班牙语|意大利语|德语|英文|法文,Ubi Soft,欧版
psp,863,DJ Max Emotional Sense P - Portable - Dynamic Sound Creation (International),DJMax 携带版(International),ULKS-46059,2007-01-22,Rhytm,https://data.yang2000ling.com/img/psp_200/0863.jpg,英文,Pentavision,韩版
psp,864,Lost Regnum - Makutsu no Koutei,迷失王国-魔窟的皇帝,ULJM-05217,2007-01-23,Action RPG,https://data.yang2000ling.com/img/psp_200/0864.jpg,日语,Ertain,日版
psp,865,Every Extend Extra,音乐爆破,ULES-00468,2007-01-23,Puzzle,https://data.yang2000ling.com/img/psp_200/0865.jpg,西班牙语|意大利语|德语|英文|法文,Buena Vista Games,欧版
psp,866,Sid Meier's Pirates!,席德梅尔的海盗,ULUS-10224,2007-01-23,Strategy,https://data.yang2000ling.com/img/psp_200/0866.jpg,西班牙语|意大利语|德语|英文|法文,2K Games,美版
psp,867,"Legend of Heroes III - Song of the Ocean, The",英雄传说-海之槛歌,ULUS-10144,2007-01-24,RPG,https://data.yang2000ling.com/img/psp_200/0867.jpg,英文,Bandai Namco Games,美版
psp,868,TalkMan Shiki - Shabe Lingual Eikaiwa,翻译精灵式-英语会话,UCKS-45044,2007-01-25,Education,https://data.yang2000ling.com/img/psp_200/0868.jpg,韩语,Sony,韩版
psp,869,Parodius Portable,Q版沙罗曼蛇 携带版,ULJM-05220,2007-01-25,Shooter,https://data.yang2000ling.com/img/psp_200/0869.jpg,日语,Konami,日版
psp,870,Salamander Portable,沙罗曼蛇 携带版,ULJM-05219,2007-01-25,Shooter,https://data.yang2000ling.com/img/psp_200/0870.jpg,日语,Konami,日版
psp,871,TwinBee Portable,兵蜂 携带版,ULJM-05221,2007-01-25,Shooter,https://data.yang2000ling.com/img/psp_200/0871.jpg,日语,Konami,日版
psp,872,Mahjong Haoh Portable - Jansou Battle,麻雀霸王-雀庄对战,ULJM-05173,2007-01-25,Board Games,https://data.yang2000ling.com/img/psp_200/0872.jpg,日语,Mycom,日版
psp,873,Intelligent License 2,智能执照2,ULJS-00087,2007-01-26,Puzzle,https://data.yang2000ling.com/img/psp_200/0873.jpg,日语,NowPro,日版
psp,874,Family Guy - Video Game!,家庭伙伴,ULES-00601,2007-01-26,Adventure,https://data.yang2000ling.com/img/psp_200/0874.jpg,西班牙语|意大利语|德语|英文|法文,2k Games,欧版
psp,875,NBA Live 07,NBA实况07,ULJM-05190,2007-01-27,Sports,https://data.yang2000ling.com/img/psp_200/0875.jpg,日语,Electronic Arts,日版
psp,876,Routes Portable,Routes 携带版,ULJS-00095,2007-01-29,Adventure,https://data.yang2000ling.com/img/psp_200/0876.jpg,日语,Aquaplus,日版
psp,877,Dungeon Siege - Throne of Agony,地牢围攻-痛苦的王座,ULES-00569,2007-01-31,RPG,https://data.yang2000ling.com/img/psp_200/0877.jpg,西班牙语|意大利语|德语|英文|法文,2k Games,欧版
psp,878,NFL Street 3,NFL街头橄榄球3,ULES-00641,2007-02-05,Sports,https://data.yang2000ling.com/img/psp_200/0878.jpg,英文,Electronic Arts,欧版
psp,879,BattleZone,战争地带,ULES-00522,2007-02-14,Action,https://data.yang2000ling.com/img/psp_200/0879.jpg,西班牙语|意大利语|德语|英文|法文,Atari,欧版
psp,880,Metal Slug Anthology,合金弹头精选集,ULES-00530,2007-02-05,Action,https://data.yang2000ling.com/img/psp_200/0880.jpg,英文,Ignition Entertainment,欧版
psp,881,Mite Kiite Nou de Kanjite Crossword Tengoku,视听感觉-填字游戏天国,ULJM-05168,2007-02-01,Puzzle,https://data.yang2000ling.com/img/psp_200/0881.jpg,日语,SEGA,日版
psp,882,Ys - Napishtim no Hako (Special Edition),伊苏-纳比斯汀的方舟(特别版),ULJM-05155,2007-02-01,RPG,https://data.yang2000ling.com/img/psp_200/0882.jpg,日语,Konami,日版
psp,883,"Sims 2 - Pet Wan Nyan Life ,The",模拟人生2-宠物当家,ULJM-05212,2007-02-03,Virtual Pet,https://data.yang2000ling.com/img/psp_200/0883.jpg,日语,Electronic Arts,日版
psp,884,Shinobido - Tales of the Ninja,忍道-焰,UCES-00421,2007-02-04,Fighting,https://data.yang2000ling.com/img/psp_200/0884.jpg,英文,Spike,欧版
psp,885,Routes Portable (Kinou Genteiban),Routes 携带版(Kinou,ULJS-00094,2007-02-05,Adventure,https://data.yang2000ling.com/img/psp_200/0885.jpg,日语,Aquaplus,日版
psp,886,Bomberman,炸弹人,ULES-00469,2007-02-07,Puzzle,https://data.yang2000ling.com/img/psp_200/0886.jpg,西班牙语|意大利语|德语|英文|法文,Konami,欧版
psp,887,Capcom Puzzle World,卡普空益智世界,ULUS-10217,2007-02-07,Compilation,https://data.yang2000ling.com/img/psp_200/0887.jpg,英文,Capcom,美版
psp,888,Activision Hits Remixed,Activision经典游戏合集,ULES-00640,2007-02-14,Compilation,https://data.yang2000ling.com/img/psp_200/0888.jpg,英文,Activision,欧版
psp,889,Medal of Honor - Heroes,荣誉勋章-英雄,ULJM-05213,2007-02-08,First Person Shooter,https://data.yang2000ling.com/img/psp_200/0889.jpg,日语,Electronic Arts,日版
psp,890,Reel Fishing - The Great Outdoors,鱼之眼 携带版,ULES-00612,2007-02-08,Fishing,https://data.yang2000ling.com/img/psp_200/0890.jpg,英文,Namco,欧版
psp,891,World Series of Poker - Tournament of Champions - 2007 Edition,世界扑克大赛-2007年度版,ULES-00591,2007-02-08,Gambling,https://data.yang2000ling.com/img/psp_200/0891.jpg,英文,Activision,欧版
psp,892,Online Chess Kingdoms,在线象棋国度,ULES-00570,2007-02-08,Board Games,https://data.yang2000ling.com/img/psp_200/0892.jpg,西班牙语|意大利语|德语|英文|法文,Konami,欧版
psp,893,New Rainbow Island - Hurdy Gurdy Daibouken!!,新彩虹岛-手风琴大冒险,ULJS-00099,2007-02-08,Action,https://data.yang2000ling.com/img/psp_200/0893.jpg,日语,Marvelous,日版
psp,894,Winning Eleven - Pro Evolution Soccer 2007,实况足球2007,ULUS-10169,2007-02-08,Sports,https://data.yang2000ling.com/img/psp_200/0894.jpg,西班牙语|英文,Konami,美版
psp,895,MTX Mototrax,MTX越野摩托,ULES-00581,2007-02-09,Racing,https://data.yang2000ling.com/img/psp_200/0895.jpg,英文,Activision,欧版
psp,896,Ghost Rider,恶灵骑士,ULUS-10210,2007-02-09,Action,https://data.yang2000ling.com/img/psp_200/0896.jpg,西班牙语|意大利语|德语|英文|法文,2k Games,美版
psp,897,Gurumin - A Monstrous Adventure,咕噜小天使-怪物历险记,ULUS-10228,2007-02-10,Action RPG,https://data.yang2000ling.com/img/psp_200/0897.jpg,英文,Mastiff,美版
psp,898,Chili Con Carnage,致命卧底,ULES-00629,2007-02-10,Shooter,https://data.yang2000ling.com/img/psp_200/0898.jpg,西班牙语|意大利语|德语|英文|法文,Eidos Interactive,欧版
psp,899,"Warriors, The",战士帮,ULES-00483,2007-02-14,Action,https://data.yang2000ling.com/img/psp_200/0899.jpg,英文,Rockstar Games,欧版
psp,900,"Warriors, The",战士帮,ULUS-10213,2007-02-14,Action,https://data.yang2000ling.com/img/psp_200/0900.jpg,英文,Rockstar Games,美版
psp,901,Ratchet & Clank - Size Matters,瑞奇与叮当-尺寸事件,UCUS-98633,2007-02-14,Shooter,https://data.yang2000ling.com/img/psp_200/0901.jpg,西班牙语|意大利语|德语|英文|法文,Sony,美版
psp,902,Lumines II,音乐方块2,ULJM-05232,2007-02-14,Puzzle,https://data.yang2000ling.com/img/psp_200/0902.jpg,日语,Q Entertainment,日版
psp,903,Tales of Destiny 2,宿命传说2,ULJS-00097,2007-02-14,RPG,https://data.yang2000ling.com/img/psp_200/0903.jpg,日语,Namco,日版
psp,904,Aedeus Memories Shinten Makai - GOC V,新天魔界混沌时代5,ULKS-46067,2007-02-15,RPG,https://data.yang2000ling.com/img/psp_200/0904.jpg,韩语,CyberfrontGeneX,韩版
psp,905,ToCA Race Driver 3 Challenge,超级房车赛3 挑战,ULES-00615,2007-02-15,Racing,https://data.yang2000ling.com/img/psp_200/0905.jpg,西班牙语|意大利语|德语|英文|法文,Codemasters,欧版
psp,906,Kanon,雪之少女,ULJM-05203,2007-05-01,Adventure,https://data.yang2000ling.com/img/psp_200/0906.jpg,日语,Prototype,日版
psp,907,Rezel Cross,超杰交融,UCAS-40140,2007-02-16,RPG,https://data.yang2000ling.com/img/psp_200/0907.jpg,中文,Sony,中国版
psp,908,Monster Hunter Portable 2nd,怪物猎人2 携带版,ULJM-05156,2007-02-16,Action RPG,https://data.yang2000ling.com/img/psp_200/0908.jpg,日语,Capcom,日版
psp,909,Tiger Woods PGA Tour 07,泰格伍兹高尔夫球巡回赛2007,ULJM-05192,2007-02-16,Sports,https://data.yang2000ling.com/img/psp_200/0909.jpg,日语,Electronic Arts,日版
psp,910,Over the Hedge - Hammy Goes Nuts!,篱笆墙外-疯狂的哈米,ULES-00665,2007-02-16,Action Adventure,https://data.yang2000ling.com/img/psp_200/0910.jpg,西班牙语|意大利语|德语|英文|法文,Activision,欧版
psp,911,Arthur and the Invisibles,亚瑟和他的迷你王国,ULES-00668,2007-02-16,Action Adventure,https://data.yang2000ling.com/img/psp_200/0911.jpg,瑞典语|西班牙语|芬兰语|荷兰语|英文,Atari,欧版
psp,912,Avatar - The Legend of Aang,降世神通-最后的空气大师,ULES-00633,2007-02-19,Action,https://data.yang2000ling.com/img/psp_200/0912.jpg,德语|荷兰语|英文|法文,THQ,欧版
psp,913,Boku wa Koukuu Kanseikan - Airport Hero Shinsensai,我是航空管制官-机场英雄新千岁,ULJM-05231,2007-02-21,Simulation,https://data.yang2000ling.com/img/psp_200/0913.jpg,日语,Sonic Powered,日版
psp,914,Akudaikan Manyuuki - Seigi no Yaiba,恶代官漫游记-正义之刃,ULJM-05229,2007-02-21,Adventure,https://data.yang2000ling.com/img/psp_200/0914.jpg,日语,Global A,日版
psp,915,Shrek - Smash n' Crash Racing,怪物史莱克-冲撞赛车,ULES-00618,2007-02-21,Racing,https://data.yang2000ling.com/img/psp_200/0915.jpg,西班牙语|意大利语|德语|英文|法文,Activision,欧版
psp,916,Metal Slug Anthology,合金弹头精选集,ULUS-10154,2007-02-21,Compilation,https://data.yang2000ling.com/img/psp_200/0916.jpg,英文,SNK Playmore,美版
psp,917,Metal Slug Complete,合金弹头精选集,ULJS-00090,2007-02-22,Compilation,https://data.yang2000ling.com/img/psp_200/0917.jpg,日语,SNK Playmore,日版
psp,918,M.A.C.H. - Modified Air Combat Heroes,空战英雄,ULUS-10180,2007-02-22,Action,https://data.yang2000ling.com/img/psp_200/0918.jpg,英文,Vivendi Games,美版
psp,919,Simple 2500 Series Portable Vol. 9 - The My Taxi,廉价2500系列Vol.9-我的出租车,ULJS-00096,2007-02-22,Driving,https://data.yang2000ling.com/img/psp_200/0919.jpg,日语,D3 Publisher,日版
psp,920,WWE SmackDown! vs. RAW 2007,世界摔跤联盟2007,ULJM-05233,2007-02-22,Sports,https://data.yang2000ling.com/img/psp_200/0920.jpg,日语,THQ,日版
psp,921,Arthur and the Invisibles,亚瑟和他的迷你王国,ULES-00669,2007-02-22,Action Adventure,https://data.yang2000ling.com/img/psp_200/0921.jpg,西班牙语|意大利语|德语|英文|法文,Atari,欧版
psp,922,"Hustle - Detroit Streets, The",肆无忌惮-底特律大街,ULES-00603,2007-02-22,Sports,https://data.yang2000ling.com/img/psp_200/0922.jpg,德语|英文|法文,Deep Silver,欧版
psp,923,Monster Kingdom - Jewel Summoner,怪兽王国-晶石召唤师,ULUS-10211,2007-02-22,RPG,https://data.yang2000ling.com/img/psp_200/0923.jpg,英文,Atlus,美版
psp,924,Ghost Rider,恶灵骑士,ULES-00630,2007-02-24,Action,https://data.yang2000ling.com/img/psp_200/0924.jpg,西班牙语|意大利语|德语|英文|法文,2k Games,欧版
psp,925,Major League Baseball 2K7,美国职业棒球大联盟2007,ULUS-10229,2007-02-27,Sports,https://data.yang2000ling.com/img/psp_200/0925.jpg,英文,2K Sports,美版
psp,926,MLB 07 - The Show,美国职棒大联盟07,UCUS-98667,2007-02-27,Sports,https://data.yang2000ling.com/img/psp_200/0926.jpg,英文,Sony,美版
psp,927,300 - March to Glory,斯巴达300勇士-光辉进军300 -,ULUS-10241,2007-03-01,Action,https://data.yang2000ling.com/img/psp_200/0927.jpg,西班牙语|意大利语|德语|英文|法文,Warner Bros Interactive,美版
psp,928,Marvel Trading Card Game,漫画英雄卡片游戏,ULUS-10196,2007-03-01,Strategy,https://data.yang2000ling.com/img/psp_200/0928.jpg,英文,Konami,美版
psp,929,Magic Sudoku,魔法数独,UCAS-40139,2007-03-01,Puzzle,https://data.yang2000ling.com/img/psp_200/0929.jpg,中文|英文,Success,中国版
psp,930,Final Armada,最后的舰队,ULES-00661,2007-03-01,Action,https://data.yang2000ling.com/img/psp_200/0930.jpg,西班牙语|意大利语|德语|英文|法文,Virgin Play,欧版
psp,931,Yu-Gi-Oh! GX Tag Force,游戏王GX 卡片力量,ULES-00600,2007-03-02,Card Battle,https://data.yang2000ling.com/img/psp_200/0931.jpg,西班牙语|日语|意大利语|德语|英文|法文,Konami,欧版
psp,932,Lost Regnum - The Emperor of Theives,迷失王国-魔窟的皇帝,UCAS-40142,2007-03-02,RPG,https://data.yang2000ling.com/img/psp_200/0932.jpg,中文|英文,Ertain,中国版
psp,933,Chili Con Carnage,致命卧底,ULUS-10216,2007-03-05,Action,https://data.yang2000ling.com/img/psp_200/0933.jpg,英文,Eidos Interactive,美版
psp,934,Burnout Dominator,火爆狂飙 统治者,ULUS-10236,2007-03-07,Racing,https://data.yang2000ling.com/img/psp_200/0934.jpg,英文,Electronic Arts,美版
psp,935,Sid Meier's Pirates!,席德梅尔的海盗,ULES-00688,2007-03-09,Adventure Strategy,https://data.yang2000ling.com/img/psp_200/0935.jpg,西班牙语|意大利语|德语|英文|法文,2K Games,欧版
psp,936,M.A.C.H. - Modified Air Combat Heroes,空战英雄,ULES-00565,2007-03-13,Simulator,https://data.yang2000ling.com/img/psp_200/0936.jpg,英文,Vivendi Games,欧版
psp,937,Call of Duty - Roads to Victory,使命召唤-通往胜利之路,ULUS-10218,2007-03-14,First Person Shooter,https://data.yang2000ling.com/img/psp_200/0937.jpg,西班牙语|日语|意大利语|德语|英文|法文,Activision,美版
psp,938,EA Replay,EA经典游戏合集,ULES-00592,2007-03-15,Retro Compilation,https://data.yang2000ling.com/img/psp_200/0938.jpg,西班牙语|意大利语|德语|荷兰语|英文,Electronic Arts,欧版
psp,939,Championship Manager 2007,冠军足球经理2007,ULES-00636,2007-03-16,Sports,https://data.yang2000ling.com/img/psp_200/0939.jpg,英文,Eidos Interactive,欧版
psp,940,TMNT,忍者神龟,ULUS-10243,2007-03-17,Action,https://data.yang2000ling.com/img/psp_200/0940.jpg,西班牙语|意大利语|德语|英文|法文,Ubi Soft,美版
psp,941,San Goku Shi VIII,三国志8,ULJM-05240,2007-03-19,Strategy,https://data.yang2000ling.com/img/psp_200/0941.jpg,日语,Koei,日版
psp,942,Puyo Puyo! - Puyo Puyo 15th Anniversary,噗哟噗哟!-噗哟噗哟15周年纪念版,ULJM-05177,2007-03-20,Puzzle,https://data.yang2000ling.com/img/psp_200/0942.jpg,日语,SEGA,日版
psp,943,Bomberman Land Portable,炸弹人乐园 携带版,ULJM-05181,2007-03-20,Action,https://data.yang2000ling.com/img/psp_200/0943.jpg,日语,Hudson,日版
psp,944,"Seigneur des Anneaux, Le - Tactics",指环王-战略版,ULES-00199,2007-03-20,Strategy,https://data.yang2000ling.com/img/psp_200/0944.jpg,法文,Electronic Arts,法版
psp,945,UEFA Champions League 2006-2007,欧洲冠军联赛2006-2007,ULES-00699,2007-03-20,Sports,https://data.yang2000ling.com/img/psp_200/0945.jpg,英文,Electronic Arts,欧版
psp,946,Rocky Balboa,洛奇6 永远的拳王,ULUS-10233,2007-03-20,Sports,https://data.yang2000ling.com/img/psp_200/0946.jpg,英文,Ubi Soft,美版
psp,947,After Burner - Black Falcon,冲破火网-黑鹰,ULES-00785,2007-03-21,Action,https://data.yang2000ling.com/img/psp_200/0947.jpg,西班牙语|意大利语|德语|英文|法文,SEGA,欧版
psp,948,V8 Supercars Australia 3 - Shootout,超级房车赛3 挑战,ULES-00614,2007-03-21,Racing,https://data.yang2000ling.com/img/psp_200/0948.jpg,西班牙语|意大利语|德语|英文|法文,Codemasters,澳洲版
psp,949,Monster Hunter Portable,怪物猎人 携带版,UCKS-45036,2007-03-21,RPG,https://data.yang2000ling.com/img/psp_200/0949.jpg,英文,Capcom,韩版
psp,950,Virtua Tennis 3,VR网球3,ULES-00763,2007-03-21,Sports,https://data.yang2000ling.com/img/psp_200/0950.jpg,西班牙语|日语|意大利语|德语|英文|法文,SEGA,欧版
psp,951,Asphalt - Urban GT 2,狂野飙车2,ULES-00719,2007-03-21,Racing,https://data.yang2000ling.com/img/psp_200/0951.jpg,西班牙语|意大利语|德语|英文|法文,Gameloft,欧版
psp,952,TMNT - Teenage Mutant Ninja Turtles,忍者神龟,ULES-00759,2007-03-21,Action,https://data.yang2000ling.com/img/psp_200/0952.jpg,西班牙语|意大利语|德语|英文|法文,Ubi Soft,欧版
psp,953,UEFA Champions League 2006-2007,欧洲冠军联赛2006-2007,ULUS-10221,2007-03-21,Sports,https://data.yang2000ling.com/img/psp_200/0953.jpg,英文,Electronic Arts,美版
psp,954,Gunpey,线条方块,ULES-00648,2007-03-22,Puzzle,https://data.yang2000ling.com/img/psp_200/0954.jpg,西班牙语|意大利语|德语|荷兰语|英文,Bandai Namco Games,欧版
psp,955,Dragon Ball Z - Shin Budokai Another Road,龙珠Z-真武道会2,ULUS-10234,2007-03-22,Action,https://data.yang2000ling.com/img/psp_200/0955.jpg,英文,Atari,美版
psp,956,Full Auto 2 - Battlelines,全能赛车2-火线追击,ULUS-10220,2007-03-22,Driving,https://data.yang2000ling.com/img/psp_200/0956.jpg,英文,SEGA,美版
psp,957,Puzzle Quest - Challenge of the Warlords,益智探险-战神的挑战,ULUS-10225,2007-03-22,Puzzle,https://data.yang2000ling.com/img/psp_200/0957.jpg,英文,D3 Publisher,美版
psp,958,Test Drive Unlimited,无限试驾,ULUS-10249,2007-03-22,Racing,https://data.yang2000ling.com/img/psp_200/0958.jpg,英文,Atari,美版
psp,959,Rainbow Islands Evolution,新彩虹岛-手风琴大冒险,ULES-00954,2007-03-26,Action,https://data.yang2000ling.com/img/psp_200/0959.jpg,西班牙语|日语|意大利语|德语|英文|法文,Rising Star Games,欧版
psp,960,Call of Duty - Roads to Victory,使命召唤-通往胜利之路,ULES-00644,2007-03-28,First Person Shooter,https://data.yang2000ling.com/img/psp_200/0960.jpg,德语,Activision,德版
psp,961,Full Auto 2 - Battlelines,全能赛车2-火线追击,ULES-00754,2007-03-28,Driving,https://data.yang2000ling.com/img/psp_200/0961.jpg,西班牙语|意大利语|德语|英文|法文,SEGA,欧版
psp,962,Virtua Tennis 3,VR网球3,ULUS-10246,2007-03-28,Sports,https://data.yang2000ling.com/img/psp_200/0962.jpg,西班牙语|日语|意大利语|德语|英文|法文,SEGA,美版
psp,963,300 - March to Glory,斯巴达300勇士-光辉进军300 -,ULES-00766,2007-03-29,RPG,https://data.yang2000ling.com/img/psp_200/0963.jpg,西班牙语|意大利语|德语|英文|法文,Warner Bros Interactive,欧版
psp,964,Prince of Persia - Rival Swords,波斯王子-宿敌之剑,ULES-00579,2007-03-29,Action,https://data.yang2000ling.com/img/psp_200/0964.jpg,西班牙语|意大利语|德语|英文|法文,Ubi Soft,欧版
psp,965,Test Drive Unlimited,无限试驾,ULES-00637,2007-03-29,Racing,https://data.yang2000ling.com/img/psp_200/0965.jpg,西班牙语|意大利语|德语|英文|法文,Atari,欧版
psp,966,DJ Max Emotional Sense P 2 - Sound Miracle,DJMax2 携带版,ULKS-46116,2007-03-29,Rhythm,https://data.yang2000ling.com/img/psp_200/0966.jpg,韩语|日语|英文,Pentavision,韩版
psp,967,"Con, The",非法地带,ULES-00511,2007-03-29,Fighting,https://data.yang2000ling.com/img/psp_200/0967.jpg,德语,Sony,德版
psp,968,UEFA Champions League 2006-2007,欧洲冠军联赛2006-2007,ULES-00708,2007-03-29,Sports,https://data.yang2000ling.com/img/psp_200/0968.jpg,德语,Electronic Arts,德版
psp,969,Killzone - Liberation,杀戮地带-解放行动,UCKS-45041,2007-03-30,Action Shooter,https://data.yang2000ling.com/img/psp_200/0969.jpg,韩语,Sony,韩版
psp,970,Call of Duty - Roads to Victory,使命召唤-通往胜利之路,ULES-00643,2007-03-30,First Person Shooter,https://data.yang2000ling.com/img/psp_200/0970.jpg,西班牙语|意大利语|英文|法文,Activision,欧版
psp,971,Midnight Club 3 - DUB Edition (v2),湾岸午夜俱乐部3-DUB版(v2),ULUS-10021,2007-03-31,Racing,https://data.yang2000ling.com/img/psp_200/0971.jpg,英文,Rockstar Games,美版
psp,972,UEFA Champions League 2006-2007,欧洲冠军联赛2006-2007,ULES-00707,2007-03-31,Sports,https://data.yang2000ling.com/img/psp_200/0972.jpg,意大利语,Electronic Arts,意大利版
psp,973,Exit 2,紧急出口2,ULES-00620,2007-04-01,Action,https://data.yang2000ling.com/img/psp_200/0973.jpg,西班牙语|意大利语|德语|英文|法文,505 Games,欧版
psp,974,Free Running,自由奔跑,ULES-00704,2007-04-01,Action,https://data.yang2000ling.com/img/psp_200/0974.jpg,英文,Ubi Soft,欧版
psp,975,Ford Street Racing - XR Edition,福特街头赛车-XR,ULES-00588,2007-04-02,Racing,https://data.yang2000ling.com/img/psp_200/0975.jpg,英文,Xplosive Entertainment,欧版
psp,976,Jikkyou Powerful Pro Yakyuu Portable 2,实况力量棒球2 携带版,ULJM-05195,2007-04-04,Sports,https://data.yang2000ling.com/img/psp_200/0976.jpg,日语,Konami,日版
psp,977,Kidou Senshi Gundam Seed - Rengou vs. Z.A.F.T. Portable,机动战士高达SEED-联合军vs.扎夫特 携带版,ULJM-05238,2007-04-04,Action,https://data.yang2000ling.com/img/psp_200/0977.jpg,日语,Bandai Namco Games,日版
psp,978,Prince of Persia - Rival Swords,波斯王子-宿敌之剑,ULUS-10240,2007-04-06,Action,https://data.yang2000ling.com/img/psp_200/0978.jpg,西班牙语|英文|法文,Ubi Soft,美版
psp,979,Innocent Life - A Futuristic Harvest Moon,新牧场物语-无暇人生,ULES-00658,2007-04-07,Strategy,https://data.yang2000ling.com/img/psp_200/0979.jpg,西班牙语|意大利语|德语|英文|法文,Rising Star Games,欧版
psp,980,Pimp My Ride,嘻哈飙车族,ULUS-10256,2007-04-09,Racing,https://data.yang2000ling.com/img/psp_200/0980.jpg,英文,Activision,美版
psp,981,Dora-Slot - Bakuenchi! Kyoujin no Hoshi II (v2),实战柏青嫂!巨人之星2(v2),ULJM-05027,2007-04-10,Gambling,https://data.yang2000ling.com/img/psp_200/0981.jpg,日语,Dorart,日版
psp,982,Tobidase! Trouble Hanafuda Douchuuki,飞吧!老虎的纸牌道中记,ULJM-05207,2007-04-18,TBC,https://data.yang2000ling.com/img/psp_200/0982.jpg,日语,Kadokawa Shoten,日版
psp,983,Final Fantasy,最终幻想-20周年纪念版,ULJM-05241,2007-04-18,RPG,https://data.yang2000ling.com/img/psp_200/0983.jpg,日语|英文,Square Enix,日版
psp,984,Valhalla Knights,瓦尔哈拉骑士,ULUS-10230,2007-04-18,RPG,https://data.yang2000ling.com/img/psp_200/0984.jpg,英文,Xseed Games,美版
psp,985,Aces of War,零式舰上战斗记 征空王,ULES-00590,2007-04-18,Simulation,https://data.yang2000ling.com/img/psp_200/0985.jpg,英文,505 Games,欧版
psp,986,Isshou Asoberu Todai Shougi - Tsumeshogi Dojo,可以玩一生-东大将棋解残局道场,ULJM-05239,2007-04-19,Board Games,https://data.yang2000ling.com/img/psp_200/0986.jpg,日语,NCS,日版
psp,987,Zendoku,禅读,ULES-00692,2007-04-19,Puzzle,https://data.yang2000ling.com/img/psp_200/0987.jpg,西班牙语|意大利语|德语|英文|法文,Eidos Interactive,欧版
psp,988,Mind Quiz,智力问答,ULES-00701,2007-04-20,Puzzle,https://data.yang2000ling.com/img/psp_200/0988.jpg,西班牙语|意大利语|德语|英文|法文,Ubi Soft,欧版
psp,989,Pocket Pool,狂野口袋撞球,ULUS-10151,2007-04-20,Sports,https://data.yang2000ling.com/img/psp_200/0989.jpg,英文,Conspiracy Entertainment,美版
psp,990,After Burner - Black Falcon,冲破火网-黑鹰,ULUS-10244,2007-04-25,Simulation,https://data.yang2000ling.com/img/psp_200/0990.jpg,西班牙语|意大利语|德语|英文|法文,SEGA,美版
psp,991,Carol Vorderman's Sudoku,卡罗尔沃德曼的数独,ULUS-10126,2007-04-25,Puzzle,https://data.yang2000ling.com/img/psp_200/0991.jpg,西班牙语|意大利语|德语|英文|法文,Xplosive Entertainment,美版
psp,992,Aedis Eclipse - Generation of Chaos,新天魔界混沌时代5,ULUS-10242,2007-04-25,RPG,https://data.yang2000ling.com/img/psp_200/0992.jpg,英文,NIS America,美版
psp,993,"Fast and The Furious,The",速度与激情-东京漂移,ULUS-10198,2007-04-25,Driving,https://data.yang2000ling.com/img/psp_200/0993.jpg,英文,Namco Bandai Games,美版
psp,994,Metal Gear Solid - Portable Ops,合金装备-掌上行动,ULES-00645,2007-04-25,Action Adventure,https://data.yang2000ling.com/img/psp_200/0994.jpg,西班牙语|意大利语|德语|英文|法文,Konami,欧版
psp,995,Minna no Chizu 2,大家的地图2,ULJS-00103,2007-04-26,GPS,https://data.yang2000ling.com/img/psp_200/0995.jpg,日语,Zenrin,日版
psp,996,Xyanide Resurrection,幻影战机 复苏,ULES-00634,2007-04-26,Shooter,https://data.yang2000ling.com/img/psp_200/0996.jpg,西班牙语|意大利语|德语|英文|法文,Playlogic,欧版
psp,997,Death Jr. II - Root of Evil,小死神2-邪恶的根源,ULES-00582,2007-04-27,Platformer,https://data.yang2000ling.com/img/psp_200/0997.jpg,西班牙语|意大利语|德语|英文|法文,Konami,欧版
psp,998,Grand Theft Auto - Liberty City Stories (v3),侠盗猎车-自由城的故事(v3),ULUS-10041,2007-04-27,Action Adventure,https://data.yang2000ling.com/img/psp_200/0998.jpg,西班牙语|意大利语|德语|英文|法文,Rockstar Games,美版
psp,999,Burnout Dominator,火爆狂飙 统治者,ULES-00750,2007-04-27,Racing,https://data.yang2000ling.com/img/psp_200/0999.jpg,英文,Electronic Arts,欧版
psp,1000,Lost Regnum - Makutsu no Koutei,迷失王国-魔窟的皇帝,ULKS-46138,2007-04-28,RPG,https://data.yang2000ling.com/img/psp_200/1000.jpg,韩语,Ertain,韩版
psp,1001,"Sims 2 - Pets, The",模拟人生2-宠物当家,ULAS-42085,2007-04-28,Virtual Pet,https://data.yang2000ling.com/img/psp_200/1001.jpg,中文|英文,Electronic Arts,中国版
psp,1002,Minna no Chizu 2 (Soft Tantaiban),大家的地图2,ULJS-00104,2007-05-03,GPS,https://data.yang2000ling.com/img/psp_200/1002.jpg,日语,Zenrin,日版
psp,1003,Cube,魔幻方块,ULUS-10223,2007-05-03,Puzzle,https://data.yang2000ling.com/img/psp_200/1003.jpg,英文,D3 Publisher,美版
psp,1004,TalkMan,翻译精灵,UCAS-40045,2007-05-05,Translation,https://data.yang2000ling.com/img/psp_200/1004.jpg,韩语|日语|中文|英文,Sony,中国版
psp,1005,TalkMan Euro (Microphone Doukonban),翻译精灵 欧洲语言(麦克风同捆版),UCAS-40077,2007-05-05,Translation,https://data.yang2000ling.com/img/psp_200/1005.jpg,中文|韩语|西班牙语|意大利语|德语|英文|法文,Sony,中国版
psp,1006,Driver 76,横冲直撞76,ULES-00740,2007-05-08,Driving,https://data.yang2000ling.com/img/psp_200/1006.jpg,英文,Ubi Soft,欧版
psp,1007,Ultimate Board Game Collection,终极桌面游戏合集,ULUS-10254,2007-05-08,Board Game,https://data.yang2000ling.com/img/psp_200/1007.jpg,英文,Valcon Games,美版
psp,1008,WinX Club - Join the Club,魔法学院,ULUS-10212,2007-05-08,Platformer,https://data.yang2000ling.com/img/psp_200/1008.jpg,英文,Konami,美版
psp,1009,Final Fantasy Tactics - Shishi Sensou,最终幻想 战略版-狮子战争,ULJM-05194,2007-05-08,Strategy,https://data.yang2000ling.com/img/psp_200/1009.jpg,日语,Square Enix,日版
psp,1010,Diner Dash,美女餐厅,ULES-00755,2007-05-08,Puzzle,https://data.yang2000ling.com/img/psp_200/1010.jpg,西班牙语|意大利语|德语|英文|法文,Eidos Interactive,欧版
psp,1011,Chi Vuol Essere Milionario - Party Edition,谁想成为百万富翁,ULES-00712,2007-05-09,Quiz,https://data.yang2000ling.com/img/psp_200/1011.jpg,意大利语,Eidos Interactive,意大利版
psp,1012,After Burner - Black Falcon,冲破火网-黑鹰,ULES-00753,2007-05-10,Flight Combat,https://data.yang2000ling.com/img/psp_200/1012.jpg,西班牙语|意大利语|德语|英文|法文,SEGA,欧版
psp,1013,Valkyrie Profile - Lenneth,北欧女神-蕾娜斯,ULES-00724,2007-05-10,RPG,https://data.yang2000ling.com/img/psp_200/1013.jpg,英文,Square Enix,欧版
psp,1014,Heatseeker,热导追踪,ULUS-10259,2007-05-10,Simulator,https://data.yang2000ling.com/img/psp_200/1014.jpg,英文,Codemasters,美版
psp,1015,Burnout Dominator,火爆狂飙 统治者,ULES-00703,2007-05-10,Racing,https://data.yang2000ling.com/img/psp_200/1015.jpg,西班牙语|意大利语|德语|英文|法文,Electronic Arts,欧版
psp,1016,Ratchet & Clank - Size Matters,瑞奇与叮当-尺寸事件,UCES-00420,2007-05-11,Shooter,https://data.yang2000ling.com/img/psp_200/1016.jpg,瑞典语|西班牙语|葡萄牙语|挪威语|意大利语|德语|芬兰语|荷兰语|丹麦语|英文|法文,Sony,欧版
psp,1017,7 Wonders of the Ancient World,世界七大奇迹7,ULUS-10227,2007-05-11,Puzzle,https://data.yang2000ling.com/img/psp_200/1017.jpg,英文,MumboJumbo,美版
psp,1018,Pirates of the Caribbean - At World's End,加勒比海盗-世界尽头,ULES-00727,2007-05-19,Action Adventure,https://data.yang2000ling.com/img/psp_200/1018.jpg,西班牙语|意大利语|德语|英文|法文,Disney Interactive,欧版
psp,1019,Puzzle Scape,益智方块,ULUS-10190,2007-05-16,Puzzle,https://data.yang2000ling.com/img/psp_200/1019.jpg,英文,Got Game Entertainment,美版
psp,1020,Driver 76,横冲直撞76,ULUS-10235,2007-05-16,Driving,https://data.yang2000ling.com/img/psp_200/1020.jpg,英文,Ubi Soft,美版
psp,1021,Pirates of the Caribbean - At World's End,加勒比海盗-世界尽头,ULUS-10252,2007-05-18,Action Adventure,https://data.yang2000ling.com/img/psp_200/1021.jpg,英文,Disney Interactive,美版
psp,1022,Little Aid Portable,小小助手 携带版,ULJM-05249,2007-05-19,Adventure,https://data.yang2000ling.com/img/psp_200/1022.jpg,日语,Takuyo,日版
psp,1023,Loco Roco (Toku Toku Pack),乐克乐克(Toku,UCJB-98011,2007-05-20,Platformer,https://data.yang2000ling.com/img/psp_200/1023.jpg,日语,Sony,日版
psp,1024,Bleach - Heat the Soul 4,死神-灵魂升温4,UCJS-10057,2007-05-22,Action,https://data.yang2000ling.com/img/psp_200/1024.jpg,日语,Sony,日版
psp,1025,Innocent Life - A futuristic Harvest Moon,新牧场物语-无暇人生,ULUS-10219,2007-05-23,Strategy,https://data.yang2000ling.com/img/psp_200/1025.jpg,英文,Natsume,美版
psp,1026,Brooktown High,布鲁克小镇 成熟季节,ULUS-10257,2007-05-23,Virtual Life,https://data.yang2000ling.com/img/psp_200/1026.jpg,英文,Konami,美版
psp,1027,Juiced Eliminator,极品醉车-消除器,ULJM-05154,2007-05-24,Racing,https://data.yang2000ling.com/img/psp_200/1027.jpg,日语,THQ,日版
psp,1028,Legend of the Dragon,龙的传说,ULUS-10250,2007-05-25,Fighting,https://data.yang2000ling.com/img/psp_200/1028.jpg,英文,Game Factory,美版
psp,1029,Crush,压缩空间,ULES-00765,2007-05-25,Puzzle Platformer,https://data.yang2000ling.com/img/psp_200/1029.jpg,西班牙语|意大利语|德语|英文|法文,SEGA,欧版
psp,1030,Metal Gear Solid - Portable Ops (Premium Pack),合金装备-掌上行动(Premium,ULJM-05227,2007-05-29,Action Adventure,https://data.yang2000ling.com/img/psp_200/1030.jpg,日语,Konami,日版
psp,1031,Minna no Golf Jou Vol. 1 (UMD Disc 1),大众高尔夫球场Vol.1(UMD-Disc 1),UCJS-10058,2007-05-30,Sports GPS,https://data.yang2000ling.com/img/psp_200/1031.jpg,日语,Sony,日版
psp,1032,Minna no Golf Jou Vol. 1 (UMD Disc 2),大众高尔夫球场Vol.1(UMD-Disc 2),UCJS-10059,2007-05-30,Sports GPS,https://data.yang2000ling.com/img/psp_200/1032.jpg,日语,Sony,日版
psp,1033,Heatseeker,热导追踪,ULES-00760,2007-05-30,Simulation,https://data.yang2000ling.com/img/psp_200/1033.jpg,西班牙语|意大利语|德语|英文|法文,Codemasters,欧版
psp,1034,Smash Court Tennis 3,扣杀球场3,UCES-00758,2007-05-30,Sports,https://data.yang2000ling.com/img/psp_200/1034.jpg,西班牙语|日语|意大利语|德语|英文|法文,Namco Bandai Games,欧版
psp,1035,Crush,压缩空间,ULUS-10238,2007-05-30,Puzzle Platformer,https://data.yang2000ling.com/img/psp_200/1035.jpg,西班牙语|英文|法文,SEGA,美版
psp,1036,WinX Club - Join the Club,魔法学院,ULES-00611,2007-05-31,Platformer,https://data.yang2000ling.com/img/psp_200/1036.jpg,西班牙语|意大利语|德语|英文|法文,Konami,欧版
psp,1037,Surf's Up,冲浪季节,ULUS-10262,2007-05-31,Sports,https://data.yang2000ling.com/img/psp_200/1037.jpg,西班牙语|英文|法文,Ubi Soft,美版
psp,1038,Audition Portable,劲舞团 携带版,ULKS-46122,2007-06-03,Rhytm,https://data.yang2000ling.com/img/psp_200/1038.jpg,韩语,T3 Entertainment,韩版
psp,1039,Impossible Mission,不可能完成的任务,ULES-00764,2007-06-04,Platformer,https://data.yang2000ling.com/img/psp_200/1039.jpg,西班牙语|意大利语|德语|英文|法文,Play It!,欧版
psp,1040,Final Fantasy II - Anniversary Editon,最终幻想2-20周年纪念版,ULJM-05245,2007-06-05,RPG,https://data.yang2000ling.com/img/psp_200/1040.jpg,日语,Square Enix,日版
psp,1041,Minna no Golf Jou Vol. 1 (with GPS Receiver)(UMD Disc 1),大众高尔夫球场Vol.1(GPS同捆版)(UMD-Disc 1),UCJS-10055,2007-06-05,Sports,https://data.yang2000ling.com/img/psp_200/1041.jpg,日语,Sony,日版
psp,1042,Minna no Golf Jou Vol. 1 (with GPS Receiver)(UMD Disc 2),大众高尔夫球场Vol.1(GPS同捆版)(UMD-Disc 2),UCJS-10056,2007-06-05,Sports,https://data.yang2000ling.com/img/psp_200/1042.jpg,日语,Sony,日版
psp,1043,Dragonball Z - Shin Budokai 2,龙珠Z-真武道会2,ULJS-00107,2007-06-06,Action,https://data.yang2000ling.com/img/psp_200/1043.jpg,日语,Bandai Namco Games,日版
psp,1044,Marvel Trading Card Game,漫画英雄卡片游戏,ULES-00683,2007-06-06,Card Battle,https://data.yang2000ling.com/img/psp_200/1044.jpg,西班牙语|意大利语|德语|英文|法文,Konami,欧版
psp,1045,Shrek the Third,怪物史莱克3,ULUS-10248,2007-06-06,Action,https://data.yang2000ling.com/img/psp_200/1045.jpg,英文,Activision,美版
psp,1046,Tony Hawk's Project 8,托尼霍克滑板-八强争霸,ULES-00626,2007-06-07,Sports,https://data.yang2000ling.com/img/psp_200/1046.jpg,西班牙语|意大利语|德语|法文,Activision,欧版
psp,1047,PaRappa the Rapper,啪啦啪啦啪,UCES-00775,2007-06-07,Rhythm,https://data.yang2000ling.com/img/psp_200/1047.jpg,西班牙语|意大利语|德语|英文|法文,Sony,欧版
psp,1048,Super Pocket Tennis,超级口袋网球,ULES-00619,2007-06-08,Sports,https://data.yang2000ling.com/img/psp_200/1048.jpg,英文,Essential Games,欧版
psp,1049,TalkMan Euro (Soft Tantaiban),翻译精灵 欧洲语言(Soft,UCAS-40078,2007-06-09,Translation,https://data.yang2000ling.com/img/psp_200/1049.jpg,西班牙语|意大利语|德语|中文|英文|法文,Sony,中国版
psp,1050,Gurumin - A Monstrous Adventure,咕噜小天使-怪物历险记,ULES-00627,2007-06-09,Action RPG,https://data.yang2000ling.com/img/psp_200/1050.jpg,英文,505 Games,欧版
psp,1051,Tom Clancy's Rainbow Six - Vegas,彩虹六号-维加斯,ULUS-10206,2007-06-13,First Person Shooter,https://data.yang2000ling.com/img/psp_200/1051.jpg,西班牙语|英文|法文,Ubi Soft,美版
psp,1052,PQ2 - Practical Intelligence Quotient 2,智能执照2,ULUS-10258,2007-06-13,Puzzle,https://data.yang2000ling.com/img/psp_200/1052.jpg,英文,D3 Publisher,美版
psp,1053,Dave Mirra BMX Challenge,戴夫米拉自行车越野挑战赛,ULES-00773,2007-06-13,Racing,https://data.yang2000ling.com/img/psp_200/1053.jpg,英文,Crave Entertainment,欧版
psp,1054,Legend of the Dragon,龙的传说,ULES-00695,2007-06-13,Fighting,https://data.yang2000ling.com/img/psp_200/1054.jpg,西班牙语|意大利语|德语|英文|法文,Game Factory,欧版
psp,1055,Colin McRae Rally,科林麦克雷拉力赛2005,ULJM-05223,2007-06-14,Racing,https://data.yang2000ling.com/img/psp_200/1055.jpg,日语,Interchannel,日版
psp,1056,Hot Pixel,燥点,ULES-00642,2007-06-14,Puzzle,https://data.yang2000ling.com/img/psp_200/1056.jpg,英文,Atari,欧版
psp,1057,History Channel - Great Battles of Rome,伟大的罗马战争,ULES-00798,2007-06-14,Strategy,https://data.yang2000ling.com/img/psp_200/1057.jpg,西班牙语|意大利语|德语|英文|法文,Black Bean Games,欧版
psp,1058,Dragon Ball Z - Shin Budokai 2,龙珠Z-真武道会2,ULES-00789,2007-06-14,Fighting,https://data.yang2000ling.com/img/psp_200/1058.jpg,西班牙语|意大利语|德语|英文|法文,Atari,欧版
psp,1059,Spectral vs. Generation,圣魔战记vs.混沌世代,ULES-00757,2007-06-15,Fighting,https://data.yang2000ling.com/img/psp_200/1059.jpg,英文,Midas Interactive,欧版
psp,1060,Tony Hawk's Project 8,托尼霍克滑板-八强争霸,ULES-00625,2007-06-15,Sports,https://data.yang2000ling.com/img/psp_200/1060.jpg,英文,Activision,欧版
psp,1061,SOCOM - U.S. Navy SEALs - Fireteam Bravo 2,海豹突击队-火线小组2,UCES-00543,2007-06-15,Third Person Shooter,https://data.yang2000ling.com/img/psp_200/1061.jpg,西班牙语|意大利语|德语|英文|法文,Sony,欧版
psp,1062,Dungeon Maker - Hunting Ground,迷宫创造者编年史-狩猎场,ULUS-10282,2007-08-16,Action RPG,https://data.yang2000ling.com/img/psp_200/1062.jpg,英文,Xseed Games,美版
psp,1063,Transformers - The Game,变形金刚,ULUS-10274,2007-06-20,Action,https://data.yang2000ling.com/img/psp_200/1063.jpg,英文,Activision,美版
psp,1064,Hot Brain,火热大脑-思想燃烧,ULUS-10268,2007-06-21,Puzzle,https://data.yang2000ling.com/img/psp_200/1064.jpg,西班牙语|意大利语|德语|英文|法文,Midway,美版
psp,1065,Smash Court Tennis 3,扣杀球场3,ULJS-00098,2007-06-21,Sports,https://data.yang2000ling.com/img/psp_200/1065.jpg,日语,Namco,日版
psp,1066,Super Fruit Fall,超级水果球 豪华版,ULES-00639,2007-06-22,Puzzle,https://data.yang2000ling.com/img/psp_200/1066.jpg,西班牙语|意大利语|德语|英文|法文,System 3,欧版
psp,1067,Tom Clancy's Rainbow Six - Vegas,彩虹六号-维加斯,ULES-00584,2007-06-22,First-Person Shooter,https://data.yang2000ling.com/img/psp_200/1067.jpg,西班牙语|意大利语|德语|英文|法文,Ubi Soft,欧版
psp,1068,Harry Potter and the Order of the Phoenix,哈利波特与凤凰社,ULES-00830,2007-06-23,Adventure,https://data.yang2000ling.com/img/psp_200/1068.jpg,意大利语|德语|法文,Electronic Arts,欧版
psp,1069,SBK-07 - Superbike World Championship,世界超级摩托车锦标赛2007,ULES-00800,2007-06-25,Racing,https://data.yang2000ling.com/img/psp_200/1069.jpg,西班牙语|意大利语|德语|英文|法文,Black Bean,欧版
psp,1070,Harry Potter and the Order of the Phoenix,哈利波特与凤凰社,ULUS-10261,2007-06-26,Action Adventure,https://data.yang2000ling.com/img/psp_200/1070.jpg,英文,Electronic Arts,美版
psp,1071,Ratatouille,料理鼠王,ULUS-10247,2007-06-26,Platformer,https://data.yang2000ling.com/img/psp_200/1071.jpg,英文,THQ,美版
psp,1072,"Bigs, The",大棒球联盟,ULUS-10284,2007-06-26,Sports,https://data.yang2000ling.com/img/psp_200/1072.jpg,英文,2k Games,美版
psp,1073,Me de Unou wo Kitaeru - Sokudoku Jutsu Portable,用眼锻炼右脑速读术 携带版,ULJM-05250,2007-06-27,Edutainment,https://data.yang2000ling.com/img/psp_200/1073.jpg,日语,MileStone Inc.,日版
psp,1074,Final Fantasy,最终幻想-20周年纪念版,ULUS-10251,2007-06-27,RPG,https://data.yang2000ling.com/img/psp_200/1074.jpg,英文,Square Enix,美版
psp,1075,Secret of Evangelion Portable,新世纪福音战士-机密档案 携带版,ULJM-05251,2007-06-28,Puzzle,https://data.yang2000ling.com/img/psp_200/1075.jpg,日语,CyberFront,日版
psp,1076,Chuukana Janshi Tenhoo Painyan Remix,中华雀士 天和牌娘 复刻版,ULJM-05244,2007-08-05,Board Games,https://data.yang2000ling.com/img/psp_200/1076.jpg,日语,Jaleco Entertainment,日版
psp,1077,TalkMan Shiki Shabilingual Eikaiwa for Kids! (Microphone Doukonban),翻译精灵式-英语会话儿童版(麦克风同捆版),UCJS-10053,2007-06-28,Translation,https://data.yang2000ling.com/img/psp_200/1077.jpg,日语|英文,Sony,日版
psp,1078,Hot Brain,火热大脑-思想燃烧,ULES-00834,2007-06-29,Puzzle,https://data.yang2000ling.com/img/psp_200/1078.jpg,西班牙语|意大利语|德语|英文|法文,Midway,欧版
psp,1079,Ratchet & Clank 5 - Gekitotsu! Dodeka Ginga no MiriMiri Gundan,瑞奇与叮当5-激突!德迪卡银河的超微军团,UCJS-10052,2007-06-30,Action,https://data.yang2000ling.com/img/psp_200/1079.jpg,日语,Sony,日版
psp,1080,Hot Wheels Ultimate Racing,风火轮终极赛车,ULUS-10239,2007-06-30,Racing,https://data.yang2000ling.com/img/psp_200/1080.jpg,西班牙语|意大利语|德语|英文|法文,DSI Games,美版
psp,1081,Traxxpad - Portable Studio,音乐空间 携带版,ULUS-10272,2007-07-02,Music,https://data.yang2000ling.com/img/psp_200/1081.jpg,英文,Eidos Interactive,美版
psp,1082,Steel Horizon,钢铁地平线,ULUS-10215,2007-07-02,Strategy,https://data.yang2000ling.com/img/psp_200/1082.jpg,英文,Konami,美版
psp,1083,Hard Rock Casino,硬石赌城,ULUS-10181,2007-05-27,Gambling,https://data.yang2000ling.com/img/psp_200/1083.jpg,英文,Crave Entertainment,美版
psp,1084,Xiaolin Showdown,少林决胜,ULES-00711,2007-07-06,Fighting,https://data.yang2000ling.com/img/psp_200/1084.jpg,西班牙语|意大利语|德语|英文|法文,Konami,欧版
psp,1085,Harry Potter and the Order of the Phoenix,哈利波特与凤凰社,ULES-00831,2007-07-11,Action Adventure,https://data.yang2000ling.com/img/psp_200/1085.jpg,西班牙语|葡萄牙语|荷兰语,Electronic Arts,欧版
psp,1086,Riviera - The Promised Land,约束之地-利维艾拉,ULUS-10286,2007-07-11,RPG,https://data.yang2000ling.com/img/psp_200/1086.jpg,英文,Atlus,美版
psp,1087,Smash Court Tennis 3,扣杀球场3,ULUS-10269,2007-07-11,Sports,https://data.yang2000ling.com/img/psp_200/1087.jpg,英文,Bandai Namco Games,美版
psp,1088,Capcom Puzzle World,卡普空益智世界,ULES-00647,2007-07-13,Compilation,https://data.yang2000ling.com/img/psp_200/1088.jpg,英文,Capcom,欧版
psp,1089,TalkMan Shiki Shabilingual Eikaiwa for Kids! (Software Doukonban),翻译精灵式-英语会话儿童版(Software,UCJS-10054,2007-07-14,Translation,https://data.yang2000ling.com/img/psp_200/1089.jpg,日语|英文,Sony,日版
psp,1090,Diner Dash - Sizzle & Serve,美女餐厅,ULUS-10264,2007-07-17,Puzzle,https://data.yang2000ling.com/img/psp_200/1090.jpg,英文,Eidos Interactive,美版
psp,1091,Tales of the World - Radiant Mythology,世界传说-光明神话,ULUS-10271,2007-07-18,RPG,https://data.yang2000ling.com/img/psp_200/1091.jpg,英文,Namco Bandai Games,美版
psp,1092,Mawaskes - Based on Carton-kun,旋转方块,ULJS-00105,2007-07-18,Puzzle,https://data.yang2000ling.com/img/psp_200/1092.jpg,日语,Irem,日版
psp,1093,Simple 2500 Series Portable Vol. 10 - The IQ Cube - Moyatte Atama o Puzzle de Sukkiri!,廉价2500系列Vol.10-魔幻方块,ULJS-00108,2007-07-18,Puzzle,https://data.yang2000ling.com/img/psp_200/1093.jpg,日语,D3 Publisher,日版
psp,1094,PaRappa the Rapper,啪啦啪啦啪,UCUS-98702,2007-07-19,Rhythm,https://data.yang2000ling.com/img/psp_200/1094.jpg,英文,Sony,美版
psp,1095,Transformers - The Game,变形金刚,ULES-00824,2007-07-20,Action Adventure,https://data.yang2000ling.com/img/psp_200/1095.jpg,意大利语|德语,Activision,欧版
psp,1096,Lumines (3.51),音乐方块(3.51),ULJS-00005,2007-07-21,Puzzle,https://data.yang2000ling.com/img/psp_200/1096.jpg,日语,Sony,日版
psp,1097,Shrek the Third,怪物史莱克3,ULES-00812,2007-07-22,Action,https://data.yang2000ling.com/img/psp_200/1097.jpg,英文,Activision,欧版
psp,1098,Transformers - The Game,变形金刚,ULES-00825,2007-07-22,Action Adventure,https://data.yang2000ling.com/img/psp_200/1098.jpg,西班牙语|法文,Activision,欧版
psp,1099,Puzzle Quest - Challenge of the Warlords,益智探险-战神的挑战,ULES-00720,2007-07-24,Puzzle,https://data.yang2000ling.com/img/psp_200/1099.jpg,英文,D3 Publisher,欧版
psp,1100,Final Fantasy II,最终幻想2-20周年纪念版,ULUS-10263,2007-07-25,RPG,https://data.yang2000ling.com/img/psp_200/1100.jpg,英文,Square Enix,美版
psp,1101,Alien Syndrome,异形症侯群,ULUS-10245,2007-07-25,Action RPG,https://data.yang2000ling.com/img/psp_200/1101.jpg,英文,SEGA,美版
psp,1102,Sarugetchu SaruSaru Daisakusen,捉猴啦 猴子爱作战,UCAS-40154,2007-07-26,Adventure,https://data.yang2000ling.com/img/psp_200/1102.jpg,中文,Sony,中国版
psp,1103,World Championship Poker 2,世界扑克锦标赛2,ULES-00635,2007-07-26,Gambling,https://data.yang2000ling.com/img/psp_200/1103.jpg,西班牙语|意大利语|德语|英文|法文,Oxygen Interactive,欧版
psp,1104,Grand Theft Auto - Liberty City Stories,侠盗猎车-自由城的故事,ULJM-05255,2007-07-26,Action,https://data.yang2000ling.com/img/psp_200/1104.jpg,日语,Capcom,日版
psp,1105,Sarugechu SaruSaru Daisakusen,捉猴啦 猴子爱作战,UCJS-10060,2007-07-26,Adventure,https://data.yang2000ling.com/img/psp_200/1105.jpg,日语,Sony,日版
psp,1106,For Symphony - With All One's Heart Portable,合奏曲-系于一心 携带版,ULJM-05258,2007-07-27,Adventure,https://data.yang2000ling.com/img/psp_200/1106.jpg,日语,SEGA,日版
psp,1107,Ratatouille,料理鼠王,ULES-00737,2007-07-28,Platformer,https://data.yang2000ling.com/img/psp_200/1107.jpg,西班牙语,THQ,西班牙版
psp,1108,Harry Potter and the Order of the Phoenix,哈利波特与凤凰社,ULES-00829,2007-07-29,Action Adventure,https://data.yang2000ling.com/img/psp_200/1108.jpg,英文,Electronic Arts,欧版
psp,1109,"Con, The",非法地带,ULES-00516,2007-07-29,Fighting,https://data.yang2000ling.com/img/psp_200/1109.jpg,英文,South Peak Games,欧版
psp,1110,Ridge Racer,山脊赛车,UCKS-45002,2007-07-30,Racing,https://data.yang2000ling.com/img/psp_200/1110.jpg,韩语,Sony,韩版
psp,1111,Goku Makaimura Kai,极 魔界村 改,ULJM-05265,2007-07-31,Platformer,https://data.yang2000ling.com/img/psp_200/1111.jpg,日语,Capcom,日版
psp,1112,Ratatouille,料理鼠王,UCKS-45050,2007-07-31,Platformer,https://data.yang2000ling.com/img/psp_200/1112.jpg,韩语,THQ,韩版
psp,1113,Brave Story - New Traveler,勇敢的故事-新的冒险者,ULUS-10279,2007-08-01,RPG,https://data.yang2000ling.com/img/psp_200/1113.jpg,英文,Xseed Games,美版
psp,1114,Harvest Moon - Boy & Girl,牧场物语-中秋满月 男生&女生版,ULUS-10142,2007-08-01,RPG,https://data.yang2000ling.com/img/psp_200/1114.jpg,英文,Natsume,美版
psp,1115,Shrek the Third,怪物史莱克3,ULES-00813,2007-08-02,Action Adventure,https://data.yang2000ling.com/img/psp_200/1115.jpg,西班牙语|意大利语|德语|荷兰语|英文|法文,Activision,欧版
psp,1116,State Shift,未来街头飙车,ULES-00776,2007-08-03,Driving,https://data.yang2000ling.com/img/psp_200/1116.jpg,英文,Midas Interactive,欧版
psp,1117,Idol Janshi Suchi-Pai III Remix,偶像雀士3 女仆麻将 复刻版,ULJM-05253,2007-08-04,Board Games,https://data.yang2000ling.com/img/psp_200/1117.jpg,日语,Jaleco Entertainment,日版
psp,1118,Practical IQ - Test Your Intelligence,智能执照2,ULES-00806,2007-08-05,Puzzle,https://data.yang2000ling.com/img/psp_200/1118.jpg,西班牙语|意大利语|德语|英文|法文,D3 Publisher,欧版
psp,1119,Guilty Gear Judgment,罪恶装备 审判,ULES-00574,2007-08-05,Action,https://data.yang2000ling.com/img/psp_200/1119.jpg,西班牙语|意大利语|德语|英文|法文,Majesco Sales,欧版
psp,1120,Minna no Golf Jou Vol. 2 (UMD Disc 1),大众高尔夫球场Vol.2(UMD-Disc 1),UCJS-10064,2007-08-05,Sports,https://data.yang2000ling.com/img/psp_200/1120.jpg,日语,Sony,日版
psp,1121,Minna no Golf Jou Vol. 2 (UMD Disc 2),大众高尔夫球场Vol.2(UMD-Disc 2),UCJS-10065,2007-08-05,Sports,https://data.yang2000ling.com/img/psp_200/1121.jpg,日语,Sony,日版
psp,1122,Ratatouille,料理鼠王,ULES-00734,2007-08-06,3D Platformer,https://data.yang2000ling.com/img/psp_200/1122.jpg,法文,THQ,法版
psp,1123,Wild Arms - Crossfire,荒野兵器-交叉火力,UCJS-10049,2007-08-07,Strategy,https://data.yang2000ling.com/img/psp_200/1123.jpg,日语,Sony,日版
psp,1124,Crazy Taxi - Fare Wars,疯狂出租车-客源争夺战,ULUS-10273,2007-08-08,Driving,https://data.yang2000ling.com/img/psp_200/1124.jpg,西班牙语|意大利语|德语|英文|法文,SEGA,美版
psp,1125,Miami Vice - The Game,迈阿密风云,ULES-00376,2007-08-08,Action,https://data.yang2000ling.com/img/psp_200/1125.jpg,英文,Sierra,欧版
psp,1126,Tales of the World - Radiant Mythology (PSP bundle edition),世界传说-光明神话(PSP bundle edition),ULJM-95004,2007-08-09,RPG,https://data.yang2000ling.com/img/psp_200/1126.jpg,日语,Bandai Namco Games,日版
psp,1127,Tomb Raider - Anniversary,古墓丽影-周年纪念版,ULUS-10253,2007-08-09,Action,https://data.yang2000ling.com/img/psp_200/1127.jpg,西班牙语|意大利语|德语|英文|法文,Eidos Interactive,美版
psp,1128,Taito Legends - Power-Up,Taito传奇-加强版,ULUS-10208,2007-08-11,Compilation,https://data.yang2000ling.com/img/psp_200/1128.jpg,英文,Destineer,美版
psp,1129,Madden NFL 08,劲爆美式橄榄球2008,ULUS-10275,2007-08-13,Sports,https://data.yang2000ling.com/img/psp_200/1129.jpg,英文,Electronic Arts,美版
psp,1130,M.A.C.H. - Modified Air Combat Heroes,空战英雄,ULES-00566,2007-08-13,Action,https://data.yang2000ling.com/img/psp_200/1130.jpg,英文,VU Games,欧版
psp,1131,Dungeons & Dragons Tactics,龙与地下城 战略版,ULUS-10232,2007-08-15,Strategy,https://data.yang2000ling.com/img/psp_200/1131.jpg,英文,Atari,美版
psp,1132,Eragon,龙骑士,ULES-00475,2007-08-15,Action,https://data.yang2000ling.com/img/psp_200/1132.jpg,英文,Vivendi Games,欧版
psp,1133,Surf's Up,冲浪季节,ULES-00816,2007-08-16,Sports,https://data.yang2000ling.com/img/psp_200/1133.jpg,西班牙语|英文|法文,Ubi Soft,欧版
psp,1134,Transformers - The Game,变形金刚,ULES-00823,2007-08-16,Action,https://data.yang2000ling.com/img/psp_200/1134.jpg,英文,Activision,欧版
psp,1135,Cube - 3D Puzzle Mayhem,魔幻方块,ULES-00722,2007-08-17,Puzzle,https://data.yang2000ling.com/img/psp_200/1135.jpg,西班牙语|意大利语|德语|英文|法文,D3 Publisher,欧版
psp,1136,Tom Clancy's Ghost Recon - Advanced Warfighter 2,幽灵行动-尖峰战士2,ULES-00770,2007-08-20,First-Person Shooter,https://data.yang2000ling.com/img/psp_200/1136.jpg,西班牙语|意大利语|德语|英文|法文,Ubi Soft,欧版
psp,1137,Dragoneer's Aria - Ryu ga Nemuru Made,龙骑士的咏叹调,ULJS-00112,2007-08-21,RPG,https://data.yang2000ling.com/img/psp_200/1137.jpg,日语,Nippon Ichi Software,日版
psp,1138,Madden NFL 08,劲爆美式橄榄球2008,ULES-00867,2007-08-22,Sports,https://data.yang2000ling.com/img/psp_200/1138.jpg,英文,Electronic Arts,欧版
psp,1139,Dragoneer's Aria,龙骑士的咏叹调,ULUS-10291,2007-08-22,RPG,https://data.yang2000ling.com/img/psp_200/1139.jpg,英文,NIS America,美版
psp,1140,Jeanne d'Arc,圣女贞德,UCUS-98700,2007-08-22,RPG,https://data.yang2000ling.com/img/psp_200/1140.jpg,英文,Sony,美版
psp,1141,Brunswick Pro Bowling,布伦瑞克职业保龄球,ULUS-10283,2007-08-24,Sports,https://data.yang2000ling.com/img/psp_200/1141.jpg,英文,Crave Entertainment,美版
psp,1142,Tiger Woods PGA Tour 08,泰格伍兹高尔夫球巡回赛2008,ULUS-10276,2007-08-25,Sports,https://data.yang2000ling.com/img/psp_200/1142.jpg,英文,Electronic Arts,美版
psp,1143,Tom Clancy's Ghost Recon - Advanced Warfighter 2,幽灵行动-尖峰战士2,ULUS-10237,2007-08-25,First-Person Shooter,https://data.yang2000ling.com/img/psp_200/1143.jpg,西班牙语|意大利语|德语|英文|法文,Ubi Soft,美版
psp,1144,Monster Hunter Freedom 2 (Asia),怪物猎人2 携带版(Asia),ULUS-10266,2007-08-27,Action RPG,https://data.yang2000ling.com/img/psp_200/1144.jpg,英文,Capcom,美版
psp,1145,Dead Head Fred,死亡头骨弗瑞德,ULUS-10288,2007-08-28,Action Adventure,https://data.yang2000ling.com/img/psp_200/1145.jpg,英文,D3 Publisher,美版
psp,1146,Naruto - Ultimate Ninja Heroes,火影忍者-无幻城之卷,ULUS-10299,2007-08-29,Fighting,https://data.yang2000ling.com/img/psp_200/1146.jpg,英文,Bandai Namco Games,美版
psp,1147,Ratchet & Clank - Size Matters,瑞奇与叮当-尺寸事件,UCKS-45048,2007-08-30,Action Shooter,https://data.yang2000ling.com/img/psp_200/1147.jpg,韩语,Sony,韩版
psp,1148,Ratatouille,料理鼠王,ULES-00748,2007-08-30,3D Platformer,https://data.yang2000ling.com/img/psp_200/1148.jpg,英文,THQ,欧版
psp,1149,Worms - Open Warfare 2,百战天虫-开战时刻2,ULES-00819,2007-08-30,Strategy,https://data.yang2000ling.com/img/psp_200/1149.jpg,西班牙语|意大利语|德语|英文|法文,THQ,欧版
psp,1150,Brian Lara 2007 - Pressure Play,布莱恩劳拉 2007国际板球赛,ULES-00814,2007-08-31,Sports,https://data.yang2000ling.com/img/psp_200/1150.jpg,英文|法文,Codemasters,欧版
psp,1151,NHRA Drag Racing - Countdown to the Championship,NHRA直线加速赛-冠军倒计时,ULUS-10278,2007-08-31,Racing,https://data.yang2000ling.com/img/psp_200/1151.jpg,英文,THQ,美版
psp,1152,Monster Hunter Freedom 2,怪物猎人2 携带版,ULES-00851,2007-09-02,Action,https://data.yang2000ling.com/img/psp_200/1152.jpg,西班牙语|意大利语|德语|英文|法文,Capcom,欧版
psp,1153,Rezel Cross,超杰交融,UCJS-10023,2007-09-04,RPG,https://data.yang2000ling.com/img/psp_200/1153.jpg,日语,Sony,日版
psp,1154,Tales of the World - Radiant Mythology,世界传说-光明神话,ULES-00837,2007-09-05,RPG,https://data.yang2000ling.com/img/psp_200/1154.jpg,英文,Namco,欧版
psp,1155,Alien Syndrome,异形症侯群,ULES-00772,2007-09-05,Action RPG,https://data.yang2000ling.com/img/psp_200/1155.jpg,西班牙语|意大利语|德语|英文|法文,SEGA,欧版
psp,1156,Valhalla Knights,瓦尔哈拉骑士,ULES-00657,2007-09-06,Action RPG,https://data.yang2000ling.com/img/psp_200/1156.jpg,西班牙语|意大利语|德语|英文|法文,Rising Star,欧版
psp,1157,Worms - Open Warfare 2,百战天虫-开战时刻2,ULUS-10260,2007-09-07,Strategy,https://data.yang2000ling.com/img/psp_200/1157.jpg,英文,THQ,美版
psp,1158,Fate Tiger - Colosseum,FateTiger-大乱斗,ULJM-05266,2007-09-11,Fighting,https://data.yang2000ling.com/img/psp_200/1158.jpg,日语,Capcom,日版
psp,1159,Crisis Core - Final Fantasy VII,最终幻想7-危机核心,ULJM-05275,2007-09-11,Action RPG,https://data.yang2000ling.com/img/psp_200/1159.jpg,日语,Square Enix,日版
psp,1160,World of Pool,花式桌球世界,ULES-00821,2007-09-12,Sports,https://data.yang2000ling.com/img/psp_200/1160.jpg,西班牙语|意大利语|德语|英文|法文,Ghostlight,欧版
psp,1161,Surf's Up,冲浪季节,ULES-00817,2007-09-12,Sports,https://data.yang2000ling.com/img/psp_200/1161.jpg,西班牙语|意大利语|德语|英文|法文,Ubi Soft,欧版
psp,1162,Dungeons & Dragons Tactics,龙与地下城 战略版,ULES-00721,2007-09-12,RPG,https://data.yang2000ling.com/img/psp_200/1162.jpg,西班牙语|意大利语|德语|英文|法文,Atari,欧版
psp,1163,Coded Arms - Contagion,机密武装-蔓延,ULUS-10184,2007-09-12,First Person Shooter,https://data.yang2000ling.com/img/psp_200/1163.jpg,中文|英文,Konami,中国版
psp,1164,Naruto - Ultimate Ninja Heroes,火影忍者-无幻城之卷,ULES-00865,2007-09-13,Fighting,https://data.yang2000ling.com/img/psp_200/1164.jpg,西班牙语|意大利语|德语|英文|法文,Bandai Namco Games,欧版
psp,1165,Ratatouille,料理鼠王,ULES-00741,2007-09-17,3D Platformer,https://data.yang2000ling.com/img/psp_200/1165.jpg,英文,THQ,欧版
psp,1166,Metal Gear Solid - Portable Ops Plus,合金装备-掌上行动 加强版,ULJM-05261,2007-09-18,Action Adventure,https://data.yang2000ling.com/img/psp_200/1166.jpg,日语,Konami,日版
psp,1167,R-Type Tactics,异形战机 策略版,ULJS-00111,2007-09-18,Shooter,https://data.yang2000ling.com/img/psp_200/1167.jpg,日语,Irem Software,日版
psp,1168,Burnout Dominator,火爆狂飙 统治者,ULJM-05242,2007-09-18,Driving,https://data.yang2000ling.com/img/psp_200/1168.jpg,日语,Electronic Arts,日版
psp,1169,Yu-Gi-Oh! GX Tag Force 2,游戏王GX 卡片力量2,ULUS-10302,2007-09-19,Card Battle,https://data.yang2000ling.com/img/psp_200/1169.jpg,英文,Konami,美版
psp,1170,Pro Cycling - Saison 2007,职业自行车队经理2007,ULES-00849,2007-09-20,Racing,https://data.yang2000ling.com/img/psp_200/1170.jpg,西班牙语|意大利语|荷兰语|英文|法文,Focus Home Interactive,欧版
psp,1171,Brunswick Pro Bowling,布伦瑞克职业保龄球,ULES-00848,2007-09-20,Sports,https://data.yang2000ling.com/img/psp_200/1171.jpg,英文,505 Game Street,欧版
psp,1172,Minna no Chizu 2 Chiikiban - Higashi Nihon hen,大家的地图2 地域版-东日本篇,ULJS-00116,2007-09-21,Map of Japan,https://data.yang2000ling.com/img/psp_200/1172.jpg,日语,Zenrin,日版
psp,1173,Super Collapse 3,超级方块3,ULUS-10287,2007-09-21,Puzzle,https://data.yang2000ling.com/img/psp_200/1173.jpg,英文,MumboJumbo,美版
psp,1174,SEGA Rally,世嘉拉力 进化,ULES-00910,2007-09-23,Racing,https://data.yang2000ling.com/img/psp_200/1174.jpg,西班牙语|意大利语|德语|英文|法文,SEGA,欧版
psp,1175,Crazy Taxi - Fare Wars,疯狂出租车-客源争夺战,ULES-00811,2007-09-26,Driving,https://data.yang2000ling.com/img/psp_200/1175.jpg,西班牙语|意大利语|德语|英文|法文,SEGA,欧版
psp,1176,FIFA 08,FIFA足球2008,ULES-00894,2007-09-26,Sports,https://data.yang2000ling.com/img/psp_200/1176.jpg,德语,Electronic Arts,德版
psp,1177,FIFA 08,FIFA足球2008,ULES-00892,2017-07-13,Sports,https://data.yang2000ling.com/img/psp_200/1177.jpg,法文,Electronic Arts,法版
psp,1178,Jackass the Game,蠢才秀,ULUS-10303,2007-09-26,Action,https://data.yang2000ling.com/img/psp_200/1178.jpg,英文,Red Mile,美版
psp,1179,Minna no Chizu 2 Chiikiban - Nishi Nihon hen,大家的地图2 地域版-中日本篇,ULJS-00118,2007-09-26,Map of Japan,https://data.yang2000ling.com/img/psp_200/1179.jpg,日语,Zenrin,日版
psp,1180,Coded Arms - Contagion,机密武装-蔓延,ULJM-05243,2007-09-26,First Person Shooter,https://data.yang2000ling.com/img/psp_200/1180.jpg,日语,Konami,日版
psp,1181,Simple 2500 Series Portable Vol. 11 - The Puzzle Quest - Agaria no Kishi,廉价2500系列Vol.11-益智探险 亚加利亚的骑士,ULJS-00114,2007-10-16,Puzzle,https://data.yang2000ling.com/img/psp_200/1181.jpg,日语,D3 Publisher,日版
psp,1182,Yu-Gi-Oh! Duel Monsters GX Tag Force 2,游戏王GX 卡片力量2,ULJM-05260,2007-09-26,Card Battle,https://data.yang2000ling.com/img/psp_200/1182.jpg,日语,Konami,日版
psp,1183,Eiyuu Densetsu - Sora no Kiseki SC (UMD Disc 1),英雄传说-空之轨迹SC(UMD-Disc 1),ULJM-05277,2007-09-26,RPG,https://data.yang2000ling.com/img/psp_200/1183.jpg,日语,Falcom,日版
psp,1184,Eiyuu Densetsu - Sora no Kiseki SC (UMD Disc 2),英雄传说-空之轨迹SC(UMD-Disc 2),ULJM-05278,2007-09-26,RPG,https://data.yang2000ling.com/img/psp_200/1184.jpg,日语,Falcom,日版
psp,1185,Steel Horizon,钢铁地平线,ULES-00739,2007-09-27,Strategy,https://data.yang2000ling.com/img/psp_200/1185.jpg,西班牙语|意大利语|德语|英文|法文,Konami,欧版
psp,1186,Wangan Midnight Portable,湾岸午夜竞速 携带版,ULJM-05264,2007-09-27,Racing,https://data.yang2000ling.com/img/psp_200/1186.jpg,日语,Genki,日版
psp,1187,FIFA 08,FIFA足球2008,ULES-00891,2007-09-28,Sports,https://data.yang2000ling.com/img/psp_200/1187.jpg,英文,Electronic Arts,欧版
psp,1188,"Dog - Happy Life, The (McDonalds Version)",幸福小狗生活 第1弹(麦当劳版),ULJM-95002,2007-09-29,Virtual Pet,https://data.yang2000ling.com/img/psp_200/1188.jpg,日语,Yukes Media Creation,日版
psp,1189,NBA Live 08,NBA实况08,ULUS-10294,2007-09-30,Sports,https://data.yang2000ling.com/img/psp_200/1189.jpg,英文,Electronic Arts,美版
psp,1190,FIFA 08,FIFA足球2008,ULES-00893,2007-09-30,Sports,https://data.yang2000ling.com/img/psp_200/1190.jpg,意大利语,Electronic Arts,意大利版
psp,1191,FIFA 08,FIFA足球2008,ULES-00895,2007-09-30,Sports,https://data.yang2000ling.com/img/psp_200/1191.jpg,西班牙语,Electronic Arts,西班牙版
psp,1192,NBA 08,美国职业篮球联赛08,UCUS-98699,2007-10-02,Sports,https://data.yang2000ling.com/img/psp_200/1192.jpg,英文,Sony,美版
psp,1193,Pump it Up - Zero Portable,跳舞机-零 携带版,ULKS-46146,2007-10-02,Puzzle,https://data.yang2000ling.com/img/psp_200/1193.jpg,韩语,Studio 9,韩版
psp,1194,Final Fantasy Tactics - The War of the Lions,最终幻想 战略版-狮子战争,ULES-00850,2007-10-02,RPG,https://data.yang2000ling.com/img/psp_200/1194.jpg,英文,Square Enix,欧版
psp,1195,Gundam Battle Chronicle,高达 战斗编年史,ULJS-00122,2007-10-02,Action,https://data.yang2000ling.com/img/psp_200/1195.jpg,日语,Bandai Namco Games,日版
psp,1196,Star Wars Battlefront - Renegade Squadron,星球大战 前线-叛变的军团,ULUS-10292,2007-10-04,Action,https://data.yang2000ling.com/img/psp_200/1196.jpg,英文,Lucas Arts,美版
psp,1197,Syphon Filter - Logan's Shadow,虹吸战士2-罗根之影,UCUS-98606,2007-10-04,Action,https://data.yang2000ling.com/img/psp_200/1197.jpg,英文,Sony,美版
psp,1198,Spider-Man - Friend or Foe,蜘蛛侠-敌友难辨,ULUS-10318,2007-10-04,Action,https://data.yang2000ling.com/img/psp_200/1198.jpg,英文,Activision,美版
psp,1199,Metal Gear Solid - Portable Ops (Deluxe Pack),合金装备-掌上行动(Deluxe,ULJM-05284,2007-10-05,Action Adventure,https://data.yang2000ling.com/img/psp_200/1199.jpg,日语,Konami,日版
psp,1200,Hot Wheels Ultimate Racing,风火轮终极赛车,ULES-00828,2007-10-06,Racing,https://data.yang2000ling.com/img/psp_200/1200.jpg,西班牙语|意大利语|德语|英文|法文,Zoo Digital,欧版
psp,1201,Tomb Raider - Anniversary,古墓丽影-周年纪念版,ULES-00826,2007-10-06,Sports,https://data.yang2000ling.com/img/psp_200/1201.jpg,西班牙语|意大利语|德语|英文|法文,Electronic Arts,欧版
psp,1202,Hot Pixel,燥点,ULUS-10298,2007-10-06,Puzzle,https://data.yang2000ling.com/img/psp_200/1202.jpg,英文,Atari,美版
psp,1203,Generation of Chaos,新天魔界混沌时代4,ULES-00820,2007-10-08,Strategy,https://data.yang2000ling.com/img/psp_200/1203.jpg,英文,Midas Intaractive,欧版
psp,1204,Star Wars Battlefront - Renegade Squadron,星球大战 前线-叛变的军团,ULES-00861,2007-10-09,Action,https://data.yang2000ling.com/img/psp_200/1204.jpg,西班牙语|意大利语|德语|英文|法文,Lucas Arts,欧版
psp,1205,Juiced 2 - Hot Import Nights,极品醉车2-激情之夜,ULUS-10312,2007-10-10,Driving,https://data.yang2000ling.com/img/psp_200/1205.jpg,英文,THQ,美版
psp,1206,Crash of the Titans,古惑狼 泰坦,ULUS-10304,2007-10-10,Action,https://data.yang2000ling.com/img/psp_200/1206.jpg,英文,Sierra Entertainment,美版
psp,1207,Final Fantasy Tactics - The War of the Lions,最终幻想 战略版-狮子战争,ULUS-10297,2007-10-11,Strategy,https://data.yang2000ling.com/img/psp_200/1207.jpg,英文,Square Enix,美版
psp,1208,Tiger Woods PGA Tour 08,泰格伍兹高尔夫球巡回赛2008,ULES-00845,2007-10-11,Sports,https://data.yang2000ling.com/img/psp_200/1208.jpg,英文,Electronic Arts,欧版
psp,1209,FIFA 08,FIFA足球2008,ULUS-10293,2007-10-11,Sports,https://data.yang2000ling.com/img/psp_200/1209.jpg,英文,Electronic Arts,美版
psp,1210,Thrillville - Off the Rails,模拟乐园 惊奇世界-云霄飞车,ULUS-10306,2007-10-12,Simulation,https://data.yang2000ling.com/img/psp_200/1210.jpg,英文,Lucas Arts,美版
psp,1211,Ratatouille,料理鼠王,ULES-00746,2007-10-13,3D Platformer,https://data.yang2000ling.com/img/psp_200/1211.jpg,瑞典语,THQ,瑞典版
psp,1212,Mawaskes - Based on Carton-kun,旋转方块,UCKS-45068,2007-10-13,Puzzle,https://data.yang2000ling.com/img/psp_200/1212.jpg,韩语,Irem,韩版
psp,1213,Sega Rally Revo,世嘉拉力 进化,ULUS-10311,2007-10-21,Racing,https://data.yang2000ling.com/img/psp_200/1213.jpg,英文,SEGA,美版
psp,1214,Minna no Chizu 2 Chiikiban - Naka Nihon hen,大家的地图2 地域版-西日本篇,ULJS-00117,2007-10-16,Map of Japan,https://data.yang2000ling.com/img/psp_200/1214.jpg,日语,Zenrin,日版
psp,1215,E'tude Prologue - Yureugoku Kokoro no Katachi Portable,练习曲-序章 动摇的心情 携带版,ULJM-05252,2007-10-16,Adventure,https://data.yang2000ling.com/img/psp_200/1215.jpg,日语,Takuyo,日版
psp,1216,Snow Portable,冬季恋歌 携带版,ULJM-05214,2007-10-16,Adventure,https://data.yang2000ling.com/img/psp_200/1216.jpg,日语,Prototype,日版
psp,1217,Riviera - Yakusoku no Chi (Special Edition),约束之地-利维艾拉(特别版),ULJM-05283,2007-10-16,RPG,https://data.yang2000ling.com/img/psp_200/1217.jpg,日语,Sting,日版
psp,1218,Bilar,汽车总动员,ULES-00327,2007-10-16,Racing,https://data.yang2000ling.com/img/psp_200/1218.jpg,瑞典语,THQ,瑞典版
psp,1219,SWAT - Target Liberty,特警精英-自由目标,ULUS-10314,2007-10-17,Action,https://data.yang2000ling.com/img/psp_200/1219.jpg,英文,Sierra Entertainment,美版
psp,1220,World Championship Poker - Featuring Howard Lederer - All In,世界扑克锦标赛,ULES-00681,2007-10-18,Gambling,https://data.yang2000ling.com/img/psp_200/1220.jpg,西班牙语|意大利语|德语|英文|法文,505 Games,欧版
psp,1221,Thrillville - Off the Rails,模拟乐园 惊奇世界-云霄飞车,ULES-00887,2007-10-18,Strategy,https://data.yang2000ling.com/img/psp_200/1221.jpg,德语|法文,Lucas Arts,欧版
psp,1222,Spelling Challenges and More!,字谜挑战再挑战,ULUS-10255,2007-10-18,Trivia,https://data.yang2000ling.com/img/psp_200/1222.jpg,英文,Crave Entertainment,美版
psp,1223,Ratatouille,料理鼠王,ULES-00736,2007-10-18,3D Platformer,https://data.yang2000ling.com/img/psp_200/1223.jpg,德语,THQ,德版
psp,1224,Spider-Man 3,蜘蛛侠3,ULUS-10317,2007-10-18,3D Platformer,https://data.yang2000ling.com/img/psp_200/1224.jpg,英文,Activision,美版
psp,1225,Juiced 2 - Hot Import Nights,极品醉车2-激情之夜,ULES-00928,2007-10-18,Driving,https://data.yang2000ling.com/img/psp_200/1225.jpg,西班牙语|意大利语|德语|英文|法文,THQ,欧版
psp,1226,Minna no Golf Jou Vol. 3 (with GPS Receiver)(UMD Disc 1),大众高尔夫球场Vol.3(GPS同捆版)(UMD-Disc 1),UCJS-10067,2007-10-23,Sports,https://data.yang2000ling.com/img/psp_200/1226.jpg,日语,Sony,日版
psp,1227,Minna no Golf Jou Vol. 3 (with GPS Receiver)(UMD Disc 2),大众高尔夫球场Vol.3(GPS同捆版)(UMD-Disc 2),UCJS-10068,2007-10-23,Sports,https://data.yang2000ling.com/img/psp_200/1227.jpg,日语,Sony,日版
psp,1228,"Sims 2 - Castaway, The",模拟人生2-生存游戏,ULUS-10296,2007-10-23,Simulation,https://data.yang2000ling.com/img/psp_200/1228.jpg,西班牙语|葡萄牙语|意大利语|德语|荷兰语|英文|法文,Electronic Arts,美版
psp,1229,Castlevania - The Dracula X Chronicles,恶魔城X历代记,ULKS-46155,2007-10-23,Action,https://data.yang2000ling.com/img/psp_200/1229.jpg,日语|英文,Konami,韩版
psp,1230,Dead Head Fred,死亡头骨弗瑞德,ULES-00902,2007-10-24,Action Adventure,https://data.yang2000ling.com/img/psp_200/1230.jpg,英文,D3 Publisher,欧版
psp,1231,SWAT - Target Liberty,特警精英-自由目标,ULES-00927,2007-10-25,Action,https://data.yang2000ling.com/img/psp_200/1231.jpg,英文,Sierra Entertainment,欧版
psp,1232,Castlevania - The Dracula X Chronicles,恶魔城X历代记,ULUS-10277,2007-10-27,Action,https://data.yang2000ling.com/img/psp_200/1232.jpg,英文,Konami,美版
psp,1233,Disgaea - Afternoon of Darkness,魔界战记 携带版,ULUS-10308,2007-10-27,RPG,https://data.yang2000ling.com/img/psp_200/1233.jpg,英文,NIS America,美版
psp,1234,Manhunt 2,侠盗猎魔2,ULUS-10280,2007-10-30,Action,https://data.yang2000ling.com/img/psp_200/1234.jpg,英文,Rockstar Games,美版
psp,1235,Ben 10 - Protector of Earth,BEN10-地球保卫者,ULUS-10307,2007-11-01,Action,https://data.yang2000ling.com/img/psp_200/1235.jpg,英文,D3 Publisher,美版
psp,1236,Spider-Man 3,蜘蛛侠3,ULES-00938,2007-11-02,Action,https://data.yang2000ling.com/img/psp_200/1236.jpg,西班牙语|意大利语|德语|英文|法文,Activision,欧版
psp,1237,Pro Stroke Golf - World Tour 2007,职业高尔夫-世界巡回赛2007,ULUS-10209,2007-11-02,Sports,https://data.yang2000ling.com/img/psp_200/1237.jpg,英文,Oxygen Interactive,美版
psp,1238,"Sims 2 - Castaway, The",模拟人生2-生存游戏,ULES-00945,2007-11-02,Simulation,https://data.yang2000ling.com/img/psp_200/1238.jpg,西班牙语|葡萄牙语|意大利语|德语|荷兰语|英文|法文,Electronic Arts,欧版
psp,1239,Freak Out - Extreme Freeride,爆发-极限自由滑雪,ULES-00783,2007-11-05,Sports,https://data.yang2000ling.com/img/psp_200/1239.jpg,西班牙语|意大利语|德语|英文|法文,JoWood Productions,欧版
psp,1240,Silent Hill Origins (Asia),寂静岭 起源(Asia),ULUS-10285,2007-11-06,Action Adventure,https://data.yang2000ling.com/img/psp_200/1240.jpg,西班牙语|意大利语|德语|英文|法文,Konami,美版
psp,1241,"Simpsons Game, The",辛普森家族,ULES-00975,2007-11-07,Action,https://data.yang2000ling.com/img/psp_200/1241.jpg,英文,Electronic Arts,欧版
psp,1242,Akumajou Dracula - X Chronicle,恶魔城X历代记,ULJM-05287,2007-11-07,Action,https://data.yang2000ling.com/img/psp_200/1242.jpg,日语,Konami,日版
psp,1243,Over the Hedge - Hammy Goes Nuts!,篱笆墙外-疯狂的哈米,ULES-00663,2007-11-07,Action Adventure,https://data.yang2000ling.com/img/psp_200/1243.jpg,英文,Activision,欧版
psp,1244,Ricky Ponting 2007 - Pressure Play,里基庞廷 2007国际板球赛,ULES-00815,2007-11-07,Sports,https://data.yang2000ling.com/img/psp_200/1244.jpg,英文,Codemasters,欧版
psp,1245,WWE SmackDown! vs. RAW 2008 featuring ECW,世界摔跤联盟2008,ULES-00932,2007-11-08,Sports,https://data.yang2000ling.com/img/psp_200/1245.jpg,西班牙语|意大利语|德语|英文|法文,THQ,欧版
psp,1246,Spider-Man - Freund oder Feind,蜘蛛侠-敌友难辨,ULES-00901,2007-11-08,Action,https://data.yang2000ling.com/img/psp_200/1246.jpg,德语,Activision,德版
psp,1247,Tekken - Dark Resurrection,铁拳-黑暗复苏,UCAS-40099,2007-11-08,Fighting,https://data.yang2000ling.com/img/psp_200/1247.jpg,中文|英文,Sony,中国版
psp,1248,SOCOM - U.S. Navy SEALs - Tactical Strike,海豹突击队-战术打击,UCUS-98649,2007-11-09,Strategy,https://data.yang2000ling.com/img/psp_200/1248.jpg,英文,Sony,美版
psp,1249,"Simpson - Le Jeu, Les",辛普森家族,ULES-00976,2007-11-09,Action,https://data.yang2000ling.com/img/psp_200/1249.jpg,法文,Electronic Arts,法版
psp,1250,Crisis Core - Final Fantasy VII (Limited Edition),最终幻想7-危机核心(限量版),ULJM-05254,2007-11-09,Action RPG,https://data.yang2000ling.com/img/psp_200/1250.jpg,日语,Square Enix,日版
psp,1251,Napoleon Dynamite - The Game,大人物拿破仑,ULUS-10305,2007-11-10,Action,https://data.yang2000ling.com/img/psp_200/1251.jpg,英文,Crave Entertainment,美版
psp,1252,"Simpsons Game, The",辛普森家族,ULUS-10295,2007-11-10,Action,https://data.yang2000ling.com/img/psp_200/1252.jpg,英文,Electronic Arts,美版
psp,1253,WWE SmackDown! vs. RAW 2008 featuring ECW,世界摔跤联盟2008,ULUS-10281,2007-11-10,Sports,https://data.yang2000ling.com/img/psp_200/1253.jpg,英文,THQ,美版
psp,1254,"Senor de los Anillos - Tacticas, El",指环王-战略版,ULES-00202,2007-11-11,RPG,https://data.yang2000ling.com/img/psp_200/1254.jpg,西班牙语,Electronic Arts,西班牙版
psp,1255,"Simpsons El Videojuego, Los",辛普森家族,ULES-00979,2007-11-13,Action,https://data.yang2000ling.com/img/psp_200/1255.jpg,西班牙语,Electronic Arts,西班牙版
psp,1256,NBA Live 08,NBA实况08,ULJM-05289,2007-11-13,Sports,https://data.yang2000ling.com/img/psp_200/1256.jpg,日语,Electronic Arts,日版
psp,1257,Spider-Man - Friend or Foe,蜘蛛侠-敌友难辨,ULES-00899,2007-11-13,Action,https://data.yang2000ling.com/img/psp_200/1257.jpg,意大利语|英文,Activision,欧版
psp,1258,Dungeon Explorer - Meiyaku no Tobira,迷宫探险家-盟约之门,ULJM-05164,2007-11-14,RPG,https://data.yang2000ling.com/img/psp_200/1258.jpg,日语,Hudson,日版
psp,1259,Silent Hill Origins,寂静岭 起源,ULES-00869,2007-11-14,Action,https://data.yang2000ling.com/img/psp_200/1259.jpg,西班牙语|意大利语|德语|英文|法文,Konami,欧版
psp,1260,Aliens vs. Predator - Requiem,异形大战铁血战士2-安魂曲,ULUS-10327,2011-05-14,Action Adventure,https://data.yang2000ling.com/img/psp_200/1260.jpg,英文,Sierra Entertainment,美版
psp,1261,"Warhammer 40,000 - Squad Command",战锤40K-小队指令,ULUS-10313,2007-11-14,Strategy,https://data.yang2000ling.com/img/psp_200/1261.jpg,英文|法文,THQ,美版
psp,1262,Medal of Honor - Heroes 2,荣誉勋章-英雄2,ULUS-10310,2007-11-14,First Person Shooter,https://data.yang2000ling.com/img/psp_200/1262.jpg,英文,Electronic Arts,美版
psp,1263,Metal Gear Solid - Portable Ops Plus,合金装备-掌上行动 加强版,ULUS-10290,2007-11-15,Action,https://data.yang2000ling.com/img/psp_200/1263.jpg,英文,Konami,美版
psp,1264,Kaitou Apricot Portable,怪盗杏仁 携带版,ULJM-05276,2007-11-15,Adventure,https://data.yang2000ling.com/img/psp_200/1264.jpg,日语,Takuyo,日版
psp,1265,Anata wo Yurusanai,不可饶恕,ULJM-05279,2007-11-15,Adventure,https://data.yang2000ling.com/img/psp_200/1265.jpg,日语,AQ Interactive,日版
psp,1266,Sonic Rivals 2,索尼克 竞争者2,ULUS-10323,2007-11-18,Action,https://data.yang2000ling.com/img/psp_200/1266.jpg,英文,SEGA,美版
psp,1267,Pro Atlas Travel Guide,专业旅游指南地图,ULJS-00115,2007-11-18,GPS,https://data.yang2000ling.com/img/psp_200/1267.jpg,日语,Edia,日版
psp,1268,Burnout Legends (EA Best Hits),火爆狂飙 传奇(EA,ULJM-05228,2007-11-21,Racing,https://data.yang2000ling.com/img/psp_200/1268.jpg,日语,Electronic Arts,日版
psp,1269,AIR,鸟之诗,ULJM-05282,2007-11-21,Adventure,https://data.yang2000ling.com/img/psp_200/1269.jpg,日语,Prototype,日版
psp,1270,"Warhammer 40,000 - Squad Command",战锤40K-小队指令,ULES-00873,2007-11-22,Strategy,https://data.yang2000ling.com/img/psp_200/1270.jpg,西班牙语|意大利语|德语|英文|法文,THQ,欧版
psp,1271,Minna no Golf Jou Vol. 4 (with GPS Receiver)(UMD Disc 1),大众高尔夫球场Vol.4(GPS同捆版)(UMD-Disc 1),UCJS-10071,2007-11-23,Sports,https://data.yang2000ling.com/img/psp_200/1271.jpg,日语,Sony,日版
psp,1272,Minna no Golf Jou Vol. 4 (with GPS Receiver)(UMD Disc 2),大众高尔夫球场Vol.4(GPS同捆版)(UMD-Disc 2),UCJS-10072,2007-11-23,Sports,https://data.yang2000ling.com/img/psp_200/1272.jpg,日语,Sony,日版
psp,1273,Aliens vs. Predator - Requiem,异形大战铁血战士2-安魂曲,ULES-00972,2007-11-24,Action Adventure,https://data.yang2000ling.com/img/psp_200/1273.jpg,英文,Sierra Entertainment,欧版
psp,1274,Shogi ga Tsuyokunaru - Gekishi - Jouseki Dojo,最强将棋 激指-定迹道场,ULJM-05263,2007-11-26,Board Games,https://data.yang2000ling.com/img/psp_200/1274.jpg,日语,NCS,日版
psp,1275,Makai Senki Disgaea Portable - Tsuushin Taisen Hajime Mashita,魔界战记-通信对战 携带版,ULJS-00113,2007-11-27,Strategy,https://data.yang2000ling.com/img/psp_200/1275.jpg,日语,Nippon Ichi Software,日版
psp,1276,Medal of Honor - Heroes 2,荣誉勋章-英雄2,ULES-00956,2007-11-28,First Person Shooter,https://data.yang2000ling.com/img/psp_200/1276.jpg,西班牙语|意大利语|德语|法文,Electronic Arts,欧版
psp,1277,"Simpsons - Das Spiel, Die",辛普森家族,ULES-00978,2007-11-29,Action,https://data.yang2000ling.com/img/psp_200/1277.jpg,德语,Electronic Arts,德版
psp,1278,Football Manager Handheld 2008,足球经理2008,ULES-00934,2007-11-29,Sports,https://data.yang2000ling.com/img/psp_200/1278.jpg,西班牙语|意大利语|德语|英文|法文,SEGA,欧版
psp,1279,International Cricket Captain III,国际板球经理3,ULES-00835,2007-11-30,Sports,https://data.yang2000ling.com/img/psp_200/1279.jpg,英文,Empire Interactive,欧版
psp,1280,Burnout Legends (Platinum),火爆狂飙 传奇(Platinum),ULES-00125,2007-12-01,Racing,https://data.yang2000ling.com/img/psp_200/1280.jpg,西班牙语|意大利语|德语|荷兰语|英文|法文,Electronic Arts,欧版
psp,1281,World Series of Poker 2008 - Battle for the Bracelets,世界扑克大赛 2008-王者之争,ULUS-10321,2007-12-04,Card Game,https://data.yang2000ling.com/img/psp_200/1281.jpg,英文,Activision,美版
psp,1282,Chronicle of Dungeon Maker II,迷宫制造者编年史2-战争秘史,ULJM-05294,2007-12-04,RPG,https://data.yang2000ling.com/img/psp_200/1282.jpg,日语,Global A Entertainment,日版
psp,1283,Pursuit Force - Extreme Justice,强力追击2-终极正义,UCES-00694,2007-12-04,Action,https://data.yang2000ling.com/img/psp_200/1283.jpg,瑞典语|西班牙语|葡萄牙语|挪威语|意大利语|德语|芬兰语|荷兰语|丹麦语|英文|法文,Sony,欧版
psp,1284,Yuusha no Kuse ni Namaikida,勇者别嚣张,UCJS-10076,2007-12-05,RPG,https://data.yang2000ling.com/img/psp_200/1284.jpg,日语,Sony,日版
psp,1285,Minna no Golf Portable 2,大众高尔夫2 携带版,UCJS-10075,2007-12-05,Sports,https://data.yang2000ling.com/img/psp_200/1285.jpg,日语,Sony,日版
psp,1286,NBA Live 08,NBA实况08,ULES-00920,2007-12-05,Sports,https://data.yang2000ling.com/img/psp_200/1286.jpg,英文,Electronic Arts,欧版
psp,1287,Grand Theft Auto - Vice City Stories,侠盗猎车-罪恶都市传奇,ULJM-05297,2007-12-06,Sports,https://data.yang2000ling.com/img/psp_200/1287.jpg,日语,Capcom,日版
psp,1288,"Golden Compass, The",黄金罗盘,ULUS-10315,2007-12-06,Adventure,https://data.yang2000ling.com/img/psp_200/1288.jpg,英文,SEGA,美版
psp,1289,Sonic Rivals 2,索尼克 竞争者2,ULES-00940,2007-12-06,Action,https://data.yang2000ling.com/img/psp_200/1289.jpg,西班牙语|意大利语|德语|英文|法文,SEGA,欧版
psp,1290,Yu-Gi-Oh! GX Tag Force 2,游戏王GX 卡片力量2,ULES-00925,2007-12-06,Card Battle,https://data.yang2000ling.com/img/psp_200/1290.jpg,西班牙语|意大利语|德语|英文|法文,Konami,欧版
psp,1291,Silent Hill Zero,寂静岭 起源,ULJM-05281,2007-12-07,Action,https://data.yang2000ling.com/img/psp_200/1291.jpg,日语,Konami,日版
psp,1292,Mahjong Haoh Portable - Dankyuu Battle,麻雀霸王-段位战斗,ULJM-05288,2007-12-07,Board Games,https://data.yang2000ling.com/img/psp_200/1292.jpg,日语,Mycom,日版
psp,1293,Beowulf - The Game,贝奥武甫,ULUS-10329,2007-12-07,Action Adventure,https://data.yang2000ling.com/img/psp_200/1293.jpg,西班牙语|意大利语|德语|英文|法文,UbiSoft,美版
psp,1294,Syphon Filter - Logan's Shadow,虹吸战士2-罗根之影,UCES-00710,2007-12-08,Action,https://data.yang2000ling.com/img/psp_200/1294.jpg,西班牙语|波兰语|意大利语|德语|英文|法文,Sony,欧版
psp,1295,"Simpson - Il Videogioco, I",辛普森家族,ULES-00977,2007-12-10,Action,https://data.yang2000ling.com/img/psp_200/1295.jpg,意大利语,Electronic Arts,意大利版
psp,1296,Wipeout Pulse,反重力赛车2 脉搏,UCES-00465,2007-12-11,Racing,https://data.yang2000ling.com/img/psp_200/1296.jpg,西班牙语|意大利语|德语|英文|法文,Sony,欧版
psp,1297,Disgaea - Afternoon of Darkness,魔界战记 携带版,ULES-00999,2007-12-11,RPG,https://data.yang2000ling.com/img/psp_200/1297.jpg,英文,Koei,欧版
psp,1298,Beowulf - The Game,贝奥武甫,ULES-00992,2007-12-14,Action Adventure,https://data.yang2000ling.com/img/psp_200/1298.jpg,西班牙语|意大利语|德语|英文|法文,UbiSoft,欧版
psp,1299,World Series of Poker 2008 - Battle for the Bracelets,世界扑克大赛 2008-王者之争,ULES-00991,2007-12-14,Gambling,https://data.yang2000ling.com/img/psp_200/1299.jpg,英文,Activision,欧版
psp,1300,Talkman Travel,翻译精灵 旅行,UCJS-10066,2007-12-16,Productivity,https://data.yang2000ling.com/img/psp_200/1300.jpg,日语,Sony,日版
psp,1301,"Goldene Kompass, Der",黄金罗盘,ULES-00952,2007-12-17,Adventure,https://data.yang2000ling.com/img/psp_200/1301.jpg,德语,SEGA,德版
psp,1302,Little Britain - The Video Game,小不列颠,ULES-00840,2007-12-19,Party Games,https://data.yang2000ling.com/img/psp_200/1302.jpg,英文,Blast! Entertainment,欧版
psp,1303,Coded Gun Contagion,机密武装-蔓延,ULKS-46139,2007-12-19,First Person Shooter,https://data.yang2000ling.com/img/psp_200/1303.jpg,英文,Konami,韩版
psp,1304,FIFA Soccer,FIFA足球,ULKS-46011,2007-12-19,Sports,https://data.yang2000ling.com/img/psp_200/1304.jpg,英文,Electronic Arts,韩版
psp,1305,Patapon,啪嗒砰,UCJS-10077,2007-12-19,Action,https://data.yang2000ling.com/img/psp_200/1305.jpg,日语,Sony,日版
psp,1306,Hajime no Ippo Portable - Victorious Spirits,一步神拳-胜利之魂 携带版,ULJS-00125,2007-12-19,Sports,https://data.yang2000ling.com/img/psp_200/1306.jpg,日语,GrandPrix,日版
psp,1307,Sora no Kiseki - Material Collection Portable,空之轨迹-资料集 携带版,ULJM-05307,2007-12-19,Other,https://data.yang2000ling.com/img/psp_200/1307.jpg,日语,Falcom,日版
psp,1308,FIFA World Cup - Germany 2006,FIFA足球 2006德国世界杯,ULKS-46088,2007-12-20,Sports,https://data.yang2000ling.com/img/psp_200/1308.jpg,韩语,Electronic Arts,韩版
psp,1309,Thrillville - Off the Rails,模拟乐园 惊奇世界-云霄飞车,ULES-00889,2007-12-20,Strategy,https://data.yang2000ling.com/img/psp_200/1309.jpg,英文,Lucas Arts,欧版
psp,1310,MX vs. ATV Untamed,究级大越野 突破控制,ULUS-10330,2007-12-20,Racing,https://data.yang2000ling.com/img/psp_200/1310.jpg,英文,THQ,美版
psp,1311,SOCOM - U.S. Navy SEALs - Tactical Strike,海豹突击队-战术打击,UCES-00855,2007-12-20,First Person Shooter,https://data.yang2000ling.com/img/psp_200/1311.jpg,韩语|西班牙语|意大利语|德语|荷兰语|英文|法文,Sony,欧版
psp,1312,A la Croisee des Mondes - La Boussole d'Or ,黄金罗盘,ULES-00951,2007-12-20,Adventure,https://data.yang2000ling.com/img/psp_200/1312.jpg,法文,SEGA,法版
psp,1313,Crash of the Titans,古惑狼 泰坦,ULES-00915,2007-12-21,Action,https://data.yang2000ling.com/img/psp_200/1313.jpg,西班牙语|意大利语,Sierra Entertainment,欧版
psp,1314,Spider-Man - Friend or Foe,蜘蛛侠-敌友难辨,ULES-00900,2007-12-21,Action,https://data.yang2000ling.com/img/psp_200/1314.jpg,西班牙语|法文,Activision,欧版
psp,1315,NBA Live 08,NBA实况08,ULES-00921,2007-12-21,Sports,https://data.yang2000ling.com/img/psp_200/1315.jpg,西班牙语|意大利语|英文|法文,Electronic Arts,欧版
psp,1316,WWE SmackDown! vs. RAW 2008 featuring ECW,世界摔跤联盟2008,ULES-00931,2007-12-21,Sports,https://data.yang2000ling.com/img/psp_200/1316.jpg,英文,THQ,欧版
psp,1317,Minna no Golf Portable,大众高尔夫 携带版,UCKS-45004,2007-12-22,Sports,https://data.yang2000ling.com/img/psp_200/1317.jpg,英文,Sony,韩版
psp,1318,Maplus - Portable Navi 2,Maplus-便携卫星导航2,ULJS-00128,2007-12-22,Navigation,https://data.yang2000ling.com/img/psp_200/1318.jpg,日语,Edia,日版
psp,1319,MVP Baseball,MVP棒球,ULKS-46006,2007-12-23,Sports,https://data.yang2000ling.com/img/psp_200/1319.jpg,英文,Electronic Arts,韩版
psp,1320,Warriors of the Lost Empire,迷失王国-魔窟的皇帝,ULUS-10309,2007-12-24,Action RPG,https://data.yang2000ling.com/img/psp_200/1320.jpg,西班牙语|英文|法文,UFO Interactive,美版
psp,1321,Gurumin - Une Aventure Monstrueuse,咕噜小天使-怪物历险记,ULES-00628,2007-12-25,Action RPG,https://data.yang2000ling.com/img/psp_200/1321.jpg,法文,505 Game Street,法版
psp,1322,Star Ocean - First Departure,星之海洋-初次启航,ULJM-05290,2007-12-26,RPG,https://data.yang2000ling.com/img/psp_200/1322.jpg,日语,Square Enix,日版
psp,1323,Suzumiya Haruhi no Yakusoku (Super Premium Box),凉宫春日的约定,ULJS-00123,2007-12-27,Adventure,https://data.yang2000ling.com/img/psp_200/1323.jpg,日语,Bandai Namco Games,日版
psp,1324,Crash of the Titans,古惑狼 泰坦,ULES-00918,2007-12-27,Action,https://data.yang2000ling.com/img/psp_200/1324.jpg,英文,Sierra Entertainment,欧版
psp,1325,Crash of the Titans,古惑狼 泰坦,ULES-00917,2007-12-27,Action,https://data.yang2000ling.com/img/psp_200/1325.jpg,德语|英文,Sierra Entertainment,欧版
psp,1326,Xyanide,幻影战机 复苏,ULJM-05295,2007-12-27,Shooter,https://data.yang2000ling.com/img/psp_200/1326.jpg,日语,Ertain,日版
psp,1327,Exit,紧急出口,ULKS-46054,2007-12-29,Platformer,https://data.yang2000ling.com/img/psp_200/1327.jpg,日语,Taito,韩版
psp,1328,Atari Classics Evolved,雅达利经典游戏 进化,ULUS-10325,2008-01-01,Compilation,https://data.yang2000ling.com/img/psp_200/1328.jpg,英文,Atari,美版
psp,1329,Medal of Honor - Heroes 2,荣誉勋章-英雄2,ULES-00988,2008-01-04,First Person Shooter,https://data.yang2000ling.com/img/psp_200/1329.jpg,英文,Electronic Arts,欧版
psp,1330,Ben 10 - Protector of Earth,BEN10-地球保卫者,ULES-00906,2008-01-04,Action,https://data.yang2000ling.com/img/psp_200/1330.jpg,西班牙语|意大利语|德语|英文|法文,D3 Publisher,欧版
psp,1331,Initial D - Street Stage,头文字D-公路传说,ULKS-46068,2008-01-05,Driving,https://data.yang2000ling.com/img/psp_200/1331.jpg,日语,SEGA,韩版
psp,1332,Suzumiya Haruhi no Yakusoku,凉宫春日的约定,ULJS-00124,2008-01-09,Adventure,https://data.yang2000ling.com/img/psp_200/1332.jpg,日语,Bandai Namco Games,日版
psp,1333,Zero Shiki Kanjou Sentouki Ni,零式舰上战斗记 贰,ULJM-05296,2008-01-10,Flight Simulation,https://data.yang2000ling.com/img/psp_200/1333.jpg,日语,Global A,日版
psp,1334,Need for Speed - Most Wanted 5-1-0,极品飞车-最高通缉,ULAS-42031,2008-01-10,Racing,https://data.yang2000ling.com/img/psp_200/1334.jpg,中文|英文,Electronic Arts,中国版
psp,1335,Harvey Birdman - Attorney at Law,哈维博德曼-律师生涯,ULUS-10324,2008-01-11,Adventure,https://data.yang2000ling.com/img/psp_200/1335.jpg,英文,Capcom,美版
psp,1336,Need for Speed Carbon - Own the City,极品飞车-卡本峡谷之城市争霸,ULAS-42080,2008-01-11,Racing,https://data.yang2000ling.com/img/psp_200/1336.jpg,中文|英文,Electronic Arts,中国版
psp,1337,Innocent Life - Shin Bokujou Monogatari (Best Collection),新牧场物语-无暇人生(Best,ULJS-00119,2008-01-11,RPG,https://data.yang2000ling.com/img/psp_200/1337.jpg,日语,Marvelous,日版
psp,1338,Luxor - Pharaoh's Challenge,埃及祖玛-法老王的挑战,ULUS-10333,2008-01-12,Puzzle,https://data.yang2000ling.com/img/psp_200/1338.jpg,英文,MumboJumbo,美版
psp,1339,Wipeout Pulse,反重力赛车2 脉搏,UCAS-40179,2008-01-15,Racing,https://data.yang2000ling.com/img/psp_200/1339.jpg,西班牙语|意大利语|德语|英文|法文|中文,Sony,中国版
psp,1340,Jackass the Game,蠢才秀,ULES-00897,2008-01-17,Action,https://data.yang2000ling.com/img/psp_200/1340.jpg,西班牙语|意大利语|德语|英文|法文,Red Mile Entertainment,欧版
psp,1341,World Soccer Winning Eleven - Ubiquitous Edition 2008,实况足球2008,ULJM-05270,2008-01-22,Sports,https://data.yang2000ling.com/img/psp_200/1341.jpg,日语,Konami,日版
psp,1342,Ben 10 - Protector of Earth,BEN10-地球保卫者,ULES-00905,2008-01-23,Action,https://data.yang2000ling.com/img/psp_200/1342.jpg,英文,D3 Publisher,欧版
psp,1343,Yggdra Union,公主联盟,ULJM-05299,2008-01-23,RPG,https://data.yang2000ling.com/img/psp_200/1343.jpg,日语,Sting,日版
psp,1344,R-Type Tactics,异形战机 策略版,UCKS-45065,2008-01-29,Shooter,https://data.yang2000ling.com/img/psp_200/1344.jpg,韩语,Irem Software,韩版
psp,1345,Sega Rally Revo,世嘉拉力 进化,ULJM-05302,2008-01-31,Racing,https://data.yang2000ling.com/img/psp_200/1345.jpg,日语,SEGA,日版
psp,1346,"Taiheiyou no Arashi - Senkan Yamato, Akatsuki ni Shutsugekisu",太平洋风暴-战舰大和 拂晓出击,ULJS-00127,2008-01-31,Strategy,https://data.yang2000ling.com/img/psp_200/1346.jpg,日语,System Soft,日版
psp,1347,Pursuit Force - Extreme Justice,强力追击2-终极正义,UCUS-98703,2008-02-01,Action,https://data.yang2000ling.com/img/psp_200/1347.jpg,西班牙语|英文|法文,Sony,美版
psp,1348,Patapon,啪嗒砰,UCAS-40193,2008-02-01,Platformer,https://data.yang2000ling.com/img/psp_200/1348.jpg,中文,Sony,中国版
psp,1349,Rainbow Islands Evolution,新彩虹岛-手风琴大冒险,ULUS-10205,2008-02-05,Platformer,https://data.yang2000ling.com/img/psp_200/1349.jpg,西班牙语|英文|法文,Ignition Entertainment,美版
psp,1350,Kidou Senshi Gundam - Giren no Yabou - Axis no Kyoui,机动战士高达-基连的野望 阿克西斯的威胁,ULJS-00131,2008-02-06,Strategy,https://data.yang2000ling.com/img/psp_200/1350.jpg,日语,Bandai Namco Games,日版
psp,1351,Coded Soul - Uke Keigareshi Idea,密域奇魂-伊底亚传承,UCJS-10061,2008-02-06,Action RPG,https://data.yang2000ling.com/img/psp_200/1351.jpg,日语,Sony,日版
psp,1352,Downstream Panic!,回游历险记,ULUS-10322,2008-02-07,Action,https://data.yang2000ling.com/img/psp_200/1352.jpg,英文,Atari,美版
psp,1353,Bomberman Land,炸弹人乐园 携带版,ULUS-10319,2008-02-14,Action,https://data.yang2000ling.com/img/psp_200/1353.jpg,英文,Hudson,美版
psp,1354,Chessmaster - The Art of Learning,国际象棋大师-学习的艺术,ULUS-10335,2008-02-14,Board Games,https://data.yang2000ling.com/img/psp_200/1354.jpg,西班牙语|英文|法文,UbiSoft,美版
psp,1355,Wipeout Pulse,反重力赛车2 脉搏,UCUS-98712,2008-02-14,Racing,https://data.yang2000ling.com/img/psp_200/1355.jpg,英文,Sony,美版
psp,1356,Medal of Honor - Heroes 2,荣誉勋章-英雄2,ULJM-05301,2008-02-14,First Person Shooter,https://data.yang2000ling.com/img/psp_200/1356.jpg,日语,Electronic Arts,日版
psp,1357,Castlevania - The Dracula X Chronicles,恶魔城X历代记,ULES-00841,2008-02-14,Platformer,https://data.yang2000ling.com/img/psp_200/1357.jpg,西班牙语|意大利语|德语|英文|法文,Konami,欧版
psp,1358,Crash of the Titans,古惑狼 泰坦,ULES-00916,2008-02-14,Action,https://data.yang2000ling.com/img/psp_200/1358.jpg,法文,Sierra Entertainment,法版
psp,1359,Dragoneer's Aria,龙骑士的咏叹调,ULES-01004,2008-02-15,RPG,https://data.yang2000ling.com/img/psp_200/1359.jpg,英文,Koei,欧版
psp,1360,Final Fantasy,最终幻想-20周年纪念版,ULES-00986,2008-02-15,RPG,https://data.yang2000ling.com/img/psp_200/1360.jpg,日语|英文,Square Enix,欧版
psp,1361,Final Fantasy II,最终幻想2-20周年纪念版,ULES-00987,2008-02-15,RPG,https://data.yang2000ling.com/img/psp_200/1361.jpg,日语|英文,Square Enix,欧版
psp,1362,Tiger Woods PGA Tour 06,泰格伍兹高尔夫球巡回赛2006,ULAS-42020,2008-02-15,Sports,https://data.yang2000ling.com/img/psp_200/1362.jpg,英文|中文,Electronic Arts,中国版
psp,1363,Patapon,啪嗒砰,UCES-00995,2008-02-16,Action,https://data.yang2000ling.com/img/psp_200/1363.jpg,西班牙语|意大利语|德语|英文|法文,Sony,欧版
psp,1364,"Brujula Dorada, La",黄金罗盘,ULES-00954,2008-02-16,Action Adventure,https://data.yang2000ling.com/img/psp_200/1364.jpg,西班牙语,SEGA,西班牙版
psp,1365,"Golden Compass, The",黄金罗盘,ULES-00950,2008-02-17,Action Adventure,https://data.yang2000ling.com/img/psp_200/1365.jpg,瑞典语|挪威语|荷兰语|丹麦语|英文,SEGA,欧版
psp,1366,Need for Speed - ProStreet,极品飞车-街头狂飙,ULES-01020,2008-02-19,Racing,https://data.yang2000ling.com/img/psp_200/1366.jpg,西班牙语|意大利语|德语|荷兰语|英文|法文,Electronic Arts,欧版
psp,1367,Musou Orochi,无双大蛇,ULJM-05314,2008-02-26,Beat-Em-Up,https://data.yang2000ling.com/img/psp_200/1367.jpg,日语,Koei,日版
psp,1368,MyStylist,我的造型师,UCAS-40192,2008-02-20,Productivity,https://data.yang2000ling.com/img/psp_200/1368.jpg,中文,Sony,中国版
psp,1369,Space Invaders Extreme,太空侵略者EX,ULJM-05315,2008-02-21,Action,https://data.yang2000ling.com/img/psp_200/1369.jpg,日语,Taito,日版
psp,1370,Patapon,啪嗒砰,UCKS-45076,2008-02-21,Action,https://data.yang2000ling.com/img/psp_200/1370.jpg,韩语,Sony,韩版
psp,1371,Need for Speed - ProStreet,极品飞车-街头狂飙,ULES-01019,2008-02-22,Racing,https://data.yang2000ling.com/img/psp_200/1371.jpg,英文,Electronic Arts,欧版
psp,1372,Tiger Woods PGA Tour 06,泰格伍兹高尔夫球巡回赛2006,ULES-00153,2008-02-24,Sports,https://data.yang2000ling.com/img/psp_200/1372.jpg,英文,Electronic Arts,欧版
psp,1373,Need for Speed - ProStreet,极品飞车-街头狂飙,ULUS-10331,2008-02-24,Racing,https://data.yang2000ling.com/img/psp_200/1373.jpg,英文,Electronic Arts,美版
psp,1374,Dungeon Explorer - Warriors of Ancient Arts,迷宫探险家-盟约之门,ULUS-10289,2008-02-25,RPG,https://data.yang2000ling.com/img/psp_200/1374.jpg,英文,Hudson,美版
psp,1375,Pro Evolution Soccer 2008,实况足球2008,ULES-00880,2008-02-26,Sports,https://data.yang2000ling.com/img/psp_200/1375.jpg,西班牙语|葡萄牙语|意大利语|德语|英文|法文,Konami,欧版
psp,1376,Beta Bloc,打砖块 龙之王国,ULES-00792,2008-06-10,Action,https://data.yang2000ling.com/img/psp_200/1376.jpg,英文,Essential Games,欧版
psp,1377,King of Clubs,俱乐部之王,ULES-00914,2008-02-28,Puzzle,https://data.yang2000ling.com/img/psp_200/1377.jpg,西班牙语|意大利语|德语|荷兰语|英文|法文,Oxygen Interactive,欧版
psp,1378,"Fast and the Furious, The",速度与激情-东京漂移,ULES-00973,2008-02-28,Racing,https://data.yang2000ling.com/img/psp_200/1378.jpg,英文,Bandai Namco Games,欧版
psp,1379,Patapon,啪嗒砰,UCUS-98711,2008-03-01,Action,https://data.yang2000ling.com/img/psp_200/1379.jpg,英文,Sony,美版
psp,1380,MLB 08 - The Show,美国职棒大联盟08,UCUS-98696,2008-03-01,Sports,https://data.yang2000ling.com/img/psp_200/1380.jpg,英文,Sony,美版
psp,1381,Valhalla Knights,瓦尔哈拉骑士,ULKS-46133,2008-03-01,RPG,https://data.yang2000ling.com/img/psp_200/1381.jpg,日语,Uniana,韩版
psp,1382,Telly Addicts,电视迷 家庭对抗版,ULES-00983,2008-03-03,Trivia,https://data.yang2000ling.com/img/psp_200/1382.jpg,英文,UbiSoft,欧版
psp,1383,Major League Baseball 2K8,美国职业棒球大联盟2008,ULUS-10342,2008-03-05,Sports,https://data.yang2000ling.com/img/psp_200/1383.jpg,英文,2K Sports,美版
psp,1384,God of War - Chains of Olympus,战神-奥林匹斯之链,UCUS-98653,2008-03-05,Action Adventure,https://data.yang2000ling.com/img/psp_200/1384.jpg,英文,Sony,美版
psp,1385,Coded Soul,密域奇魂-伊底亚传承,UCAS-40180,2008-03-06,Action RPG,https://data.yang2000ling.com/img/psp_200/1385.jpg,中文,Sony,中国版
psp,1386,Fading Shadows,暗黒衰落,ULES-00858,2008-03-09,Puzzle,https://data.yang2000ling.com/img/psp_200/1386.jpg,西班牙语|意大利语|德语|荷兰语|英文|法文,Ivolgamus,欧版
psp,1387,Puzzle Guzzle,旋转方块,ULUS-10334,2011-09-21,Puzzle,https://data.yang2000ling.com/img/psp_200/1387.jpg,英文,Agetec,美版
psp,1388,FlatOut - Head On,极限冲刺-迎面相撞,ULES-00968,2008-03-10,Racing,https://data.yang2000ling.com/img/psp_200/1388.jpg,西班牙语|意大利语|德语|英文|法文,Empire Interactive,欧版
psp,1389,MX vs. ATV - Extreme Limite,究级大越野 突破控制,ULES-00994,2008-03-11,Racing,https://data.yang2000ling.com/img/psp_200/1389.jpg,法文,THQ,法版
psp,1390,Ultimate Ghosts 'n Goblins,极 魔界村,ULAS-42073,2008-03-12,Platformer,https://data.yang2000ling.com/img/psp_200/1390.jpg,中文|英文,Capcom,中国版
psp,1391,Capcom Classics Collection Remixed,卡普空经典游戏合集,ULAS-42053,2008-03-12,Compilation,https://data.yang2000ling.com/img/psp_200/1391.jpg,中文|英文,Capcom,中国版
psp,1392,Silverfall,落银城,ULES-00808,2008-03-12,Action RPG,https://data.yang2000ling.com/img/psp_200/1392.jpg,西班牙语|意大利语|德语|英文|法文,2K Games,欧版
psp,1393,Wild Arms XF,荒野兵器-交叉火力,ULUS-10339,2008-03-13,Strategy,https://data.yang2000ling.com/img/psp_200/1393.jpg,英文,Xseed Games,美版
psp,1394,FlatOut - Head On,极限冲刺-迎面相撞,ULUS-10328,2008-03-13,Racing,https://data.yang2000ling.com/img/psp_200/1394.jpg,英文,Warner Interactive,美版
psp,1395,Pro Evolution Soccer 2008,实况足球2008,ULUS-10320,2008-03-13,Sports,https://data.yang2000ling.com/img/psp_200/1395.jpg,西班牙语|英文|法文,Konami,美版
psp,1396,Coded Arms - Contagion,机密武装-蔓延,ULES-00718,2008-03-13,Adventure,https://data.yang2000ling.com/img/psp_200/1396.jpg,西班牙语|意大利语|德语|英文|法文,Konami,欧版
psp,1397,Pimp My Ride,嘻哈飙车族,ULES-00960,2008-03-14,Racing,https://data.yang2000ling.com/img/psp_200/1397.jpg,英文,Activision,欧版
psp,1398,Metal Gear Solid - Portable Ops Plus,合金装备-掌上行动 加强版,ULES-01003,2008-03-14,Action,https://data.yang2000ling.com/img/psp_200/1398.jpg,西班牙语|意大利语|德语|英文|法文,Konami,欧版
psp,1399,ToCA Race Driver 3 Challenge (a),超级房车赛3 挑战,ULES-00613,2008-03-15,Racing,https://data.yang2000ling.com/img/psp_200/1399.jpg,西班牙语|意大利语|德语|英文|法文,Codemasters,欧版
psp,1400,Bomberman Land,炸弹人乐园 携带版,ULES-00959,2008-03-15,Action,https://data.yang2000ling.com/img/psp_200/1400.jpg,西班牙语|意大利语|德语|英文|法文,Rising Star Games,欧版
psp,1401,Tekken - Dark Resurrection (v2),铁拳-黑暗复苏(v2),UCES-00356,2008-03-16,Fighting,https://data.yang2000ling.com/img/psp_200/1401.jpg,西班牙语|意大利语|德语|英文|法文,Namco Bandai Games,欧版
psp,1402,Need for Speed - ProStreet,极品飞车-街头狂飙,ULJM-05308,2008-03-17,Racing,https://data.yang2000ling.com/img/psp_200/1402.jpg,日语,Electronic Arts,日版
psp,1403,Mugen Kairou,无限回廊,UCJS-10081,2008-03-17,Puzzle,https://data.yang2000ling.com/img/psp_200/1403.jpg,日语,Sony,日版
psp,1404,Tales of Rebirth,重生传说,ULJS-00132,2008-03-17,RPG,https://data.yang2000ling.com/img/psp_200/1404.jpg,日语,Bandai Namco Games,日版
psp,1405,Crisis Core - Final Fantasy VII,最终幻想7-危机核心,ULUS-10336,2008-03-19,Action RPG,https://data.yang2000ling.com/img/psp_200/1405.jpg,英文,Square Enix,美版
psp,1406,Echochrome - Mugen Kairou,无限回廊,UCAS-40197,2008-03-19,Puzzle,https://data.yang2000ling.com/img/psp_200/1406.jpg,韩语|中文|英文,Sony,中国版
psp,1407,Off Road,福特越野赛车,ULES-00963,2008-03-20,Racing,https://data.yang2000ling.com/img/psp_200/1407.jpg,西班牙语|意大利语|德语|英文|法文,Xplosiv,欧版
psp,1408,Spinout,回旋滑行,ULES-00693,2008-03-21,Racing,https://data.yang2000ling.com/img/psp_200/1408.jpg,英文,Ghostlight,欧版
psp,1409,Wipeout Pure (Greatest Hits),反重力赛车(Greatest,UCUS-98612,2008-03-21,Racing,https://data.yang2000ling.com/img/psp_200/1409.jpg,西班牙语|英文|法文,Sony,美版
psp,1410,Medal of Honor - Heroes 2,荣誉勋章-英雄2,ULES-00955,2008-03-23,First Person Shooter,https://data.yang2000ling.com/img/psp_200/1410.jpg,英文,Electronic Arts,欧版
psp,1411,Fight Night Round 3,拳击之夜3,ULAS-42044,2008-03-24,Sports,https://data.yang2000ling.com/img/psp_200/1411.jpg,中文|英文,Electronic Arts,中国版
psp,1412,Blokus Portable - Steambot Championship,角斗士俱乐部 携带版,ULUS-10332,2008-03-25,Puzzle,https://data.yang2000ling.com/img/psp_200/1412.jpg,英文,Majesco Entertainment,美版
psp,1413,Tomb Raider - Anniversary,古墓丽影-周年纪念版,ULJS-00133,2008-03-25,Action Adventure,https://data.yang2000ling.com/img/psp_200/1413.jpg,日语,Spike,日版
psp,1414,Umihara Kawase Portable,海腹川背 携带版,ULJS-00137,2008-03-25,Adventure,https://data.yang2000ling.com/img/psp_200/1414.jpg,日语,Marvelous,日版
psp,1415,Monster Hunter Portable 2nd G,怪物猎人2G 携带版,ULJM-05500,2008-03-26,Action RPG,https://data.yang2000ling.com/img/psp_200/1415.jpg,日语,Capcom,日版
psp,1416,Ratatouille,料理鼠王,ULES-00744,2008-03-26,3D Platformer,https://data.yang2000ling.com/img/psp_200/1416.jpg,意大利语,THQ,意大利版
psp,1417,MX vs. ATV Untamed,究级大越野 突破控制,ULES-00993,2008-03-07,Racing,https://data.yang2000ling.com/img/psp_200/1417.jpg,英文,THQ,欧版
psp,1418,Code Geass - Hangyaku no Lelouch - Lost Colors,叛逆的鲁鲁修 失去的色彩,ULJS-00135,2008-03-26,Action,https://data.yang2000ling.com/img/psp_200/1418.jpg,日语,Bandai Namco Games,日版
psp,1419,Dead Head Fred,死亡头骨弗瑞德,ULJS-00136,2008-03-26,Action Adventure,https://data.yang2000ling.com/img/psp_200/1419.jpg,日语,D3 Publisher,日版
psp,1420,Warriors Orochi,无双大蛇,ULUS-10341,2008-03-27,Beat-Em-Up,https://data.yang2000ling.com/img/psp_200/1420.jpg,英文,Koei,美版
psp,1421,Warriors Orochi,无双大蛇,ULES-01056,2008-03-28,Beat-Em-Up,https://data.yang2000ling.com/img/psp_200/1421.jpg,德语,Koei,德版
psp,1422,God of War - Chains of Olympus,战神-奥林匹斯之链,UCES-00842,2008-03-28,Action Adventure,https://data.yang2000ling.com/img/psp_200/1422.jpg,西班牙语|意大利语|德语|英文|法文,Sony,欧版
psp,1423,Star Ocean - Second Evolution,星之海洋-二次进化,ULJM-05325,2008-03-31,RPG,https://data.yang2000ling.com/img/psp_200/1423.jpg,日语,Square Enix,日版
psp,1424,Dungeon Explorer,迷宫探险家-盟约之门,ULES-00847,2010-11-14,RPG,https://data.yang2000ling.com/img/psp_200/1424.jpg,西班牙语|意大利语|德语|英文|法文,Rising Star Games,欧版
psp,1425,Musou Orochi,无双大蛇,ULAS-42131,2008-04-02,Beat-Em-Up,https://data.yang2000ling.com/img/psp_200/1425.jpg,中文,Koei,中国版
psp,1426,Riviera - The Promised Land,约束之地-利维艾拉,ULES-00818,2008-04-04,RPG,https://data.yang2000ling.com/img/psp_200/1426.jpg,意大利语|英文|法文,505 Games,欧版
psp,1427,Chessmaster - The Art of Learning,国际象棋大师-学习的艺术,ULES-01013,2008-04-09,Board Games,https://data.yang2000ling.com/img/psp_200/1427.jpg,西班牙语|意大利语|德语|荷兰语|英文|法文,UbiSoft,欧版
psp,1428,Pinball Hall of Fame - The Williams Collection,弹珠台名人堂2-威廉姆斯合集,ULUS-10265,2008-04-11,Pinball,https://data.yang2000ling.com/img/psp_200/1428.jpg,英文,Crave Entertainment,美版
psp,1429,MyStylist,我的造型师,UCJS-10078,2008-04-11,Productivity,https://data.yang2000ling.com/img/psp_200/1429.jpg,日语,Sony,日版
psp,1430,Numpla 10000-Mon,数字游戏10000问,ULJM-05331,2008-04-12,Puzzle,https://data.yang2000ling.com/img/psp_200/1430.jpg,日语,Success,日版
psp,1431,UEFA Euro 2008,欧洲冠军联赛2008,ULES-01025,2008-04-15,Sports,https://data.yang2000ling.com/img/psp_200/1431.jpg,德语|英文|法文,Electronic Arts,欧版
psp,1432,"Godfather - Mob Wars, The",教父-暴乱,ULAS-42054,2008-04-17,Action Adventure,https://data.yang2000ling.com/img/psp_200/1432.jpg,中文|英文,Electronic Arts,中国版
psp,1433,Donkey Xote,骑士歪传,ULES-00836,2008-04-17,Adventure,https://data.yang2000ling.com/img/psp_200/1433.jpg,西班牙语|意大利语|德语|英文|法文,Virgin Play,欧版
psp,1434,Warriors Orochi,无双大蛇,ULES-01054,2008-04-17,Beat-Em-Up,https://data.yang2000ling.com/img/psp_200/1434.jpg,英文,Koei,欧版
psp,1435,Need for Speed - ProStreet,极品飞车-街头狂飙,ULAS-42129,2008-04-17,Racing,https://data.yang2000ling.com/img/psp_200/1435.jpg,中文|英文,Electronic Arts,中国版
psp,1436,SBK Superbike World Championship,世界超级摩托车锦标赛2007,ULUS-10300,2008-04-17,Racing,https://data.yang2000ling.com/img/psp_200/1436.jpg,西班牙语|英文|法文,Valcon,美版
psp,1437,"Bussola D'oro, La",黄金罗盘,ULES-00953,2008-04-18,Action Adventure,https://data.yang2000ling.com/img/psp_200/1437.jpg,意大利语,SEGA,意大利版
psp,1438,Scooby-Doo! Who's Watching Who ,史酷比狗狗-谁在看谁,ULES-00573,2008-04-20,Adventure,https://data.yang2000ling.com/img/psp_200/1438.jpg,西班牙语|意大利语,THQ,欧版
psp,1439,Vantage Master Portable,魔唤精灵 携带版,ULJM-05332,2008-04-23,RPG,https://data.yang2000ling.com/img/psp_200/1439.jpg,日语,Falcom,日版
psp,1440,Mystereet Portable,神秘事件 80神薰的挑战 携带版,ULJM-05328,2008-04-23,Adventure,https://data.yang2000ling.com/img/psp_200/1440.jpg,日语,Views,日版
psp,1441,SNK Arcade Classics Volume 1 (Asia),SNK经典街机游戏合集Vol.1(Asia),ULUS-10338,2008-04-25,Compilation,https://data.yang2000ling.com/img/psp_200/1441.jpg,英文,SNK Playmore,美版
psp,1442,Minna no Chizu 3 (UMD Disc 1),大家的地图3(UMD-Disc 1),ULJS-00139,2013-02-11,GPS,https://data.yang2000ling.com/img/psp_200/1442.jpg,日语,Zenrin,日版
psp,1443,Minna no Chizu 3 (UMD Disc 2),大家的地图3(UMD-Disc 2),ULJS-00140,2013-02-11,GPS,https://data.yang2000ling.com/img/psp_200/1443.jpg,日语,Zenrin,日版
psp,1444,Thrillville - Off the Rails,模拟乐园 惊奇世界-云霄飞车,ULES-00888,2008-04-27,Strategy,https://data.yang2000ling.com/img/psp_200/1444.jpg,西班牙语|意大利语,Lucas Arts,欧版
psp,1445,UEFA Euro 2008,欧洲冠军联赛2008,ULES-01038,2008-04-27,Sports,https://data.yang2000ling.com/img/psp_200/1445.jpg,西班牙语|意大利语,Electronic Arts,欧版
psp,1446,Luxor - Pharaoh's Challenge,埃及祖玛 法老王的挑战,ULES-01028,2008-04-30,Puzzle,https://data.yang2000ling.com/img/psp_200/1446.jpg,西班牙语|意大利语|德语|英文|法文,Codemasters,欧版
psp,1447,7 Wonders of the Ancient World,世界七大奇迹7,ULES-01037,2008-06-10,Puzzle,https://data.yang2000ling.com/img/psp_200/1447.jpg,西班牙语|意大利语|德语|英文|法文,Codemasters,欧版
psp,1448,Nippon no Asoko de,日本的那个地方,UCJS-10080,2008-05-01,Other,https://data.yang2000ling.com/img/psp_200/1448.jpg,日语,Sony,日版
psp,1449,Iron Man,钢铁侠,ULUS-10347,2008-05-01,Action,https://data.yang2000ling.com/img/psp_200/1449.jpg,西班牙语|英文|法文,SEGA,美版
psp,1450,God of War - Chains of Olympus,战神-奥林匹斯之链,UCKS-45084,2008-05-01,Action Adventure,https://data.yang2000ling.com/img/psp_200/1450.jpg,韩语,Sony,韩版
psp,1451,Platypus,鸭嘴兽,ULES-01029,2008-05-02,Shooter,https://data.yang2000ling.com/img/psp_200/1451.jpg,西班牙语|意大利语|德语|英文|法文,Codemasters,欧版
psp,1452,Ultimate Board Game Collection,终极桌面游戏合集,ULES-01017,2008-05-02,Board Games,https://data.yang2000ling.com/img/psp_200/1452.jpg,西班牙语|意大利语|德语|英文|法文,Empire Interactive,欧版
psp,1453,Lanfeust of Troy,特洛伊英雄,ULES-01022,2008-05-07,Action Adventure,https://data.yang2000ling.com/img/psp_200/1453.jpg,西班牙语|意大利语|德语|英文|法文,Atari,欧版
psp,1454,R-Type Command,异形战机 策略版,ULUS-10343,2008-05-09,Strategy,https://data.yang2000ling.com/img/psp_200/1454.jpg,英文,Atlus,美版
psp,1455,Dead Head Fred,死亡头骨弗瑞德,ULES-00903,2008-05-10,Action Adventure,https://data.yang2000ling.com/img/psp_200/1455.jpg,西班牙语|意大利语|德语|英文|法文,D3 Publisher,欧版
psp,1456,F1 Grand Prix (Platinum),F1格兰披治大赛(Platinum),UCES-00004,2008-05-13,Racing,https://data.yang2000ling.com/img/psp_200/1456.jpg,西班牙语|意大利语|德语|英文|法文,Sony,欧版
psp,1457,Iron Man,钢铁侠,ULES-01070,2008-05-13,Action,https://data.yang2000ling.com/img/psp_200/1457.jpg,西班牙语|英文|法文,SEGA,欧版
psp,1458,Dynasty Warriors,真三国无双,ULES-00118,2008-05-13,Beat-Em-Up,https://data.yang2000ling.com/img/psp_200/1458.jpg,法文,Koei,法版
psp,1459,Dynasty Warriors Vol. 2,真三国无双-二度进化,ULES-00605,2008-05-13,Beat-Em-Up,https://data.yang2000ling.com/img/psp_200/1459.jpg,法文,Koei,法版
psp,1460,Warriors Orochi,无双大蛇,ULES-01055,2008-05-13,Beat-Em-Up,https://data.yang2000ling.com/img/psp_200/1460.jpg,法文,Koei,法版
psp,1461,Bleach - Heat the Soul 5,死神-灵魂升温5,UCJS-10082,2008-05-14,Fighting,https://data.yang2000ling.com/img/psp_200/1461.jpg,日语,Sony,日版
psp,1462,Ikuze! Gen-San - Yuuyake Daiku Monogatari,出发!源先生-夕阳下的大工物语,ULJS-00141,2008-05-14,Action,https://data.yang2000ling.com/img/psp_200/1462.jpg,日语,Irem,日版
psp,1463,NBA Live 06,NBA实况06,ULES-00157,2008-05-14,Sports,https://data.yang2000ling.com/img/psp_200/1463.jpg,法文,Electronic Arts,法版
psp,1464,L'Arnaqueur,非法地带,ULES-00510,2008-05-14,Fighting,https://data.yang2000ling.com/img/psp_200/1464.jpg,法文,South Peak Games,法版
psp,1465,Keibatsuu Portable,赛马通 携带版,ULJM-05326,2008-05-15,Sports,https://data.yang2000ling.com/img/psp_200/1465.jpg,日语,NCS,日版
psp,1466,Burnout Legends (Greatest Hits),火爆狂飙 传奇(Greatest,ULUS-10025,2008-05-16,Racing,https://data.yang2000ling.com/img/psp_200/1466.jpg,西班牙语|意大利语|德语|荷兰语|英文|法文,Electronic Arts,美版
psp,1467,Pirates of the Caribbean - At World's End,加勒比海盗-世界尽头,ULES-00728,2008-05-16,Action Adventure,https://data.yang2000ling.com/img/psp_200/1467.jpg,英文,Disney Interactive,欧版
psp,1468,Chameleon,回转逆转变色龙,ULUS-10267,2008-05-20,Puzzle,https://data.yang2000ling.com/img/psp_200/1468.jpg,英文,UFO Interactive,美版
psp,1469,WWII - Battle Over the Pacific,第二次世界大战-太平洋战役,ULES-00974,2008-05-21,Simulation,https://data.yang2000ling.com/img/psp_200/1469.jpg,英文,Midas Interactive,欧版
psp,1470,Daisenryaku VII Exceed,大战略7 超越,ULJS-00126,2008-05-22,Strategy,https://data.yang2000ling.com/img/psp_200/1470.jpg,日语,System Soft,日版
psp,1471,Magic Sudoku,魔法数独,ULES-00621,2008-05-22,Puzzle,https://data.yang2000ling.com/img/psp_200/1471.jpg,英文,505 Games,欧版
psp,1472,UEFA Euro 2008,欧洲冠军联赛2008,ULUS-10337,2008-05-22,Sports,https://data.yang2000ling.com/img/psp_200/1472.jpg,英文,Electronic Arts,美版
psp,1473,Coded Soul - Uke Keigareshi Idea,密域奇魂-伊底亚传承,UCKS-45071,2008-05-23,Action RPG,https://data.yang2000ling.com/img/psp_200/1473.jpg,韩语,Sony,韩版
psp,1474,Iron Man,钢铁侠,ULES-01071,2008-05-27,Action,https://data.yang2000ling.com/img/psp_200/1474.jpg,意大利语|德语|英文,SEGA,欧版
psp,1475,Valhalla Knights 2,瓦尔哈拉骑士2,ULJS-00138,2008-05-27,Action RPG,https://data.yang2000ling.com/img/psp_200/1475.jpg,日语,Marvelous,日版
psp,1476,Memories Off,秋之回忆,ULJM-05334,2008-05-27,Adventure,https://data.yang2000ling.com/img/psp_200/1476.jpg,日语,CyberFront,日版
psp,1477,Memories Off 2nd,秋之回忆2,ULJM-05335,2008-05-27,Adventure,https://data.yang2000ling.com/img/psp_200/1477.jpg,日语,CyberFront,日版
psp,1478,Jikkyou Powerful Pro Yakyuu Portable 3,实况力量棒球3 携带版,ULJM-05300,2008-05-27,Sports,https://data.yang2000ling.com/img/psp_200/1478.jpg,日语,Konami,日版
psp,1479,Gottlieb Pinball Classics,弹珠台名人堂-戈特利布合集,ULES-00213,2008-05-28,Pinball,https://data.yang2000ling.com/img/psp_200/1479.jpg,西班牙语|意大利语|德语|英文|法文,System 3,欧版
psp,1480,Clannad (UMD Disc 1),家族(UMD-Disc 1),ULJM-05338,2008-05-30,Adventure,https://data.yang2000ling.com/img/psp_200/1480.jpg,日语,Prototype,日版
psp,1481,Clannad (UMD Disc 2),家族(UMD-Disc 2),ULJM-05339,2008-05-30,Adventure,https://data.yang2000ling.com/img/psp_200/1481.jpg,日语,Prototype,日版
psp,1482,L' Entraineur 2006 - Championship Manager,冠军足球经理2006,ULES-00331,2008-05-31,Sports,https://data.yang2000ling.com/img/psp_200/1482.jpg,法文,Eidos Interactive,法版
psp,1483,Super Collapse! 3,超级方块3,ULES-01027,2008-04-26,Puzzle,https://data.yang2000ling.com/img/psp_200/1483.jpg,西班牙语|意大利语|德语|英文|法文,Codemasters,欧版
psp,1484,LEGO Indiana Jones - The Original Adventures,乐高印第安那琼斯-最初冒险,ULUS-10365,2008-06-01,Adventure,https://data.yang2000ling.com/img/psp_200/1484.jpg,西班牙语|英文|法文,LucasArts,美版
psp,1485,Hot Shots Golf - Open Tee 2,大众高尔夫2 携带版,UCUS-98693,2008-06-03,Sports,https://data.yang2000ling.com/img/psp_200/1485.jpg,英文,Sony,美版
psp,1486,LEGO Indiana Jones - The Original Adventures,乐高印第安那琼斯-最初冒险,ULES-01086,2008-06-04,Adventure,https://data.yang2000ling.com/img/psp_200/1486.jpg,丹麦语|英文,LucasArts,欧版
psp,1487,Everybody's Golf 2,大众高尔夫2 携带版,UCES-00767,2008-06-05,Sports,https://data.yang2000ling.com/img/psp_200/1487.jpg,西班牙语|意大利语|德语|英文|法文,Sony,欧版
psp,1488,Crisis Core - Final Fantasy VII (3.73),最终幻想7-危机核心(3.73),ULUS-10336,2008-06-08,Action RPG,https://data.yang2000ling.com/img/psp_200/1488.jpg,英文,Square Enix,美版
psp,1489,Hot Shots Golf - Open Tee 2 (3.96)(Asia),大众高尔夫2 携带版(3.96)(Asia),UCUS-98693,2008-06-10,Sports,https://data.yang2000ling.com/img/psp_200/1489.jpg,英文,Sony,美版
psp,1490,World Championship Cards,世界纸牌锦标赛,ULUS-10226,2008-06-11,Card Game,https://data.yang2000ling.com/img/psp_200/1490.jpg,英文,Crave Entertainment,美版
psp,1491,Medical 91 Portable,91号医师 携带版,ULJM-05336,2008-06-13,Adventure,https://data.yang2000ling.com/img/psp_200/1491.jpg,日语,Takuyo,日版
psp,1492,Super Robot Taisen A Portable,超级机器人大战A 携带版,ULJS-00143,2008-06-17,Strategy,https://data.yang2000ling.com/img/psp_200/1492.jpg,日语,Bandai Namco Games,日版
psp,1493,Secret Agent Clank (Asia),秘密特工叮当,UCUS-98697,2008-06-18,Platformer,https://data.yang2000ling.com/img/psp_200/1493.jpg,西班牙语|意大利语|德语|英文|法文,Sony,美版
psp,1494,Crisis Core - Final Fantasy VII,最终幻想7-危机核心,ULES-01045,2008-06-21,Action RPG,https://data.yang2000ling.com/img/psp_200/1494.jpg,法文,Square Enix,法版
psp,1495,ATV Offroad Fury Pro,沙滩机车赛 专业版,UCES-00786,2008-06-19,Racing,https://data.yang2000ling.com/img/psp_200/1495.jpg,瑞典语|西班牙语|葡萄牙语|意大利语|德语|荷兰语|丹麦语|英文|法文,Sony,欧版
psp,1496,Space Invaders Extreme,太空侵略者EX,ULUS-10346,2008-06-20,Shooter,https://data.yang2000ling.com/img/psp_200/1496.jpg,西班牙语|意大利语|德语|英文|法文,Square Enix,美版
psp,1497,WALL-E,机器人总动员,ULUS-10350,2008-06-20,Platformer,https://data.yang2000ling.com/img/psp_200/1497.jpg,英文|法文,THQ,美版
psp,1498,Crisis Core - Final Fantasy VII,最终幻想7-危机核心,ULES-01044,2008-06-21,Action RPG,https://data.yang2000ling.com/img/psp_200/1498.jpg,英文,Square Enix,欧版
psp,1499,SBK'08 - Superbike World Championship,世界超级摩托车锦标赛2008,ULES-01063,2008-06-21,Racing,https://data.yang2000ling.com/img/psp_200/1499.jpg,西班牙语|意大利语|德语|英文|法文,Black Bean,欧版
psp,1500,Crisis Core - Final Fantasy VII,最终幻想7-危机核心,ULES-01046,2008-06-21,Action RPG,https://data.yang2000ling.com/img/psp_200/1500.jpg,德语,Square Enix,德版
psp,1501,"Con, The",非法地带,ULES-00512,2008-06-22,Fighting,https://data.yang2000ling.com/img/psp_200/1501.jpg,意大利语,South Peak Games,意大利版
psp,1502,Gensou Suikoden I & II (v2),幻想水浒传1&2,ULJM-05086,2008-06-22,RPG,https://data.yang2000ling.com/img/psp_200/1502.jpg,日语,Konami,日版
psp,1503,Hellboy - The Science of Evil (Asia),地狱男爵-恶魔科学(Asia),ULUS-10301,2008-06-24,Beat-Em-Up,https://data.yang2000ling.com/img/psp_200/1503.jpg,英文,Konami,美版
psp,1504,World Neverland 2-in-1 Portable,幻想国物语2in1 携带版,ULJS-00044,2008-06-25,RPG,https://data.yang2000ling.com/img/psp_200/1504.jpg,日语,Fonfun,日版
psp,1505,Ken to Mahou to Gakuen Mono,剑与魔法与学园,ULJM-05343,2008-06-25,RPG,https://data.yang2000ling.com/img/psp_200/1505.jpg,日语,Acquire,日版
psp,1506,Naruto - Ultimate Ninja Heroes 2 - The Phantom Fortress,火影忍者-无幻城之卷2,ULUS-10349,2008-06-26,Fighting,https://data.yang2000ling.com/img/psp_200/1506.jpg,英文,Bandai Namco Games,美版
psp,1507,Winning Post 6 2008,赛马大亨6 2008,ULJM-05341,2008-06-26,Sports,https://data.yang2000ling.com/img/psp_200/1507.jpg,日语,Koei,日版
psp,1508,Shinkyouku Soukai Polyphonica 0-4 Hanashi Full Pack,神曲奏界复调0-4话完全版,ULJM-05347,2008-06-26,Adventure,https://data.yang2000ling.com/img/psp_200/1508.jpg,日语,Prototype,日版
psp,1509,Space Invaders Extreme,太空侵略者EX,ULES-01078,2008-07-02,Action,https://data.yang2000ling.com/img/psp_200/1509.jpg,西班牙语|日语|意大利语|德语|英文|法文,Square Enix,欧版
psp,1510,Crisis Core - Final Fantasy VII,最终幻想7-危机核心,ULES-01048,2008-07-02,Action RPG,https://data.yang2000ling.com/img/psp_200/1510.jpg,西班牙语,Square Enix,西班牙版
psp,1511,Rockman Rockman,洛克人洛克人,ULAS-42050,2008-07-04,Platformer,https://data.yang2000ling.com/img/psp_200/1511.jpg,中文,Capcom,中国版
psp,1512,Pro Cycling 2008 - Tour de France,职业自行车队经理2008,ULES-01100,2008-07-04,Sports,https://data.yang2000ling.com/img/psp_200/1512.jpg,西班牙语|意大利语|德语|荷兰语|英文|法文,Focus Home Interactive,欧版
psp,1513,Echochrome,无限回廊,UCES-01011,2008-07-07,Puzzle,https://data.yang2000ling.com/img/psp_200/1513.jpg,西班牙语|葡萄牙语|意大利语|德语|荷兰语|英文|法文,Sony,欧版
psp,1514,Minna de Dokusho - Meisaku & Suiri & Kaidan & Bungaku,大家一起读书-名作&推理&怪谈&文学,ULJM-05352,2011-09-21,Other,https://data.yang2000ling.com/img/psp_200/1514.jpg,日语,Dorasu,日版
psp,1515,Naruto - Ultimate Ninja Heroes 2 - The Phantom Fortress,火影忍者-无幻城之卷2,ULES-01088,2008-07-09,Fighting,https://data.yang2000ling.com/img/psp_200/1515.jpg,西班牙语|意大利语|德语|英文|法文,Atari,欧版
psp,1516,Poncotsu Roman Daikatsugeki Bumpy Trot - Vehicle Battle Tournament,破烂机器人的浪漫大活剧-步行机车对抗赛,ULJS-00130,2008-07-09,Fighting,https://data.yang2000ling.com/img/psp_200/1516.jpg,日语,Irem,日版
psp,1517,God of War - Rakujitsu no Hisoukyoku,战神-奥林匹斯之链,ULJM-05348,2008-07-09,Action Adventure,https://data.yang2000ling.com/img/psp_200/1517.jpg,日语,Capcom,日版
psp,1518,Shinseiki GPX Cyber Formula VS,新世纪GPX高智能方程式赛车VS,ULJS-00142,2008-07-10,Racing,https://data.yang2000ling.com/img/psp_200/1518.jpg,日语,Sunrise Interactive,日版
psp,1519,Secret Agent Clank,秘密特工叮当,UCES-00942,2008-07-10,Platformer,https://data.yang2000ling.com/img/psp_200/1519.jpg,瑞典语|西班牙语|葡萄牙语|波兰语|挪威语|意大利语|德语|芬兰语|荷兰语|丹麦语|英文|法文,Sony,欧版
psp,1520,Infected,感染,ULES-00338,2008-07-11,Action,https://data.yang2000ling.com/img/psp_200/1520.jpg,西班牙语|英文|法文,Majesco Sales,欧版
psp,1521,God of War - Chains of Olympus,战神-奥林匹斯之链,UCAS-40198,2008-07-11,Action Adventure,https://data.yang2000ling.com/img/psp_200/1521.jpg,中文|英文,Sony,中国版
psp,1522,Crisis Core - Final Fantasy VII,最终幻想7-危机核心,ULES-01047,2008-07-12,Action RPG,https://data.yang2000ling.com/img/psp_200/1522.jpg,意大利语,Square Enix,意大利版
psp,1523,NCAA Football 2009,美国大学橄榄球联赛2009,ULUS-10355,2008-07-14,Sports,https://data.yang2000ling.com/img/psp_200/1523.jpg,英文,Electronic Arts,美版
psp,1524,Gundam Battle Universe,高达 战斗宇宙,ULJS-00145,2008-07-16,Action,https://data.yang2000ling.com/img/psp_200/1524.jpg,日语,Bandai Namco Games,日版
psp,1525,Code Lyoko - Quest for Infinity,虚幻勇士-追求无限,ULUS-10351,2008-07-17,Action,https://data.yang2000ling.com/img/psp_200/1525.jpg,西班牙语|英文|法文,Game Factory,美版
psp,1526,HimeHibi - Princess Days Portable,公主日 携带版,ULJM-05354,2008-07-18,Adventure,https://data.yang2000ling.com/img/psp_200/1526.jpg,日语,Takuyo,日版
psp,1527,Skate Park City,城市滑板,ULES-00957,2008-07-19,Sports,https://data.yang2000ling.com/img/psp_200/1527.jpg,英文,Midas Interactive,欧版
psp,1528,Guilty Gear XX Accent Core Plus,罪恶装备XXAC 加强版,ULJM-05355,2008-07-22,Fighting,https://data.yang2000ling.com/img/psp_200/1528.jpg,日语,Arc System Works,日版
psp,1529,Eiyuu Densetsu - Sora no Kiseki the 3rd,英雄传说-空之轨迹3,ULJM-05353,2008-07-23,RPG,https://data.yang2000ling.com/img/psp_200/1529.jpg,日语,Falcom,日版
psp,1530,Infinite Loop - Kojjou ga Miseta Yume ,无限回廊-古城昭示之梦,ULJS-00144,2008-07-24,Adventure,https://data.yang2000ling.com/img/psp_200/1530.jpg,日语,Nippon Ichi Software,日版
psp,1531,WALL-E,机器人总动员,ULES-01076,2008-07-24,Platformer,https://data.yang2000ling.com/img/psp_200/1531.jpg,荷兰语|法文,THQ,欧版
psp,1532,Warning - Code de la Route,警告-交通法规,ULES-01103,2008-07-24,Productivity,https://data.yang2000ling.com/img/psp_200/1532.jpg,法文,Atari,法版
psp,1533,Buzz! Master Quiz,喧闹少年找碴大师 硕士测验,UCES-01042,2008-07-25,Trivia,https://data.yang2000ling.com/img/psp_200/1533.jpg,英文,Sony,欧版
psp,1534,Phantasy Star Portable,梦幻之星 携带版,ULJM-05309,2008-07-26,RPG,https://data.yang2000ling.com/img/psp_200/1534.jpg,日语,SEGA,日版
psp,1535,Taiko no Tatsujin Portable (v2),太鼓达人 携带版(v2),ULJS-00020,2008-07-26,Music,https://data.yang2000ling.com/img/psp_200/1535.jpg,日语,Namco,日版
psp,1536,WALL-E,机器人总动员,ULES-01075,2008-07-28,Platformer,https://data.yang2000ling.com/img/psp_200/1536.jpg,西班牙语|葡萄牙语,THQ,欧版
psp,1537,Buzz! Master Quiz,喧闹少年找碴大师 硕士测验,UCES-01033,2008-07-29,Trivia,https://data.yang2000ling.com/img/psp_200/1537.jpg,荷兰语|法文,Sony,欧版
psp,1538,PC Engine Best Collection - Tengai Makyou Collection,PCE游戏精选集-天外魔境合集,ULJM-05357,2008-07-30,Compilation,https://data.yang2000ling.com/img/psp_200/1538.jpg,日语,Hudson,日版
psp,1539,Buzz! Master Quiz,喧闹少年找碴大师 硕士测验,UCES-01032,2008-07-31,Trivia,https://data.yang2000ling.com/img/psp_200/1539.jpg,西班牙语|葡萄牙语,Sony,欧版
psp,1540,PC Engine Best Collection - Ginga Ojousama Densetsu Collection,PCE游戏精选集-银河少女传说合集,ULJM-05358,2008-07-31,Compilation,https://data.yang2000ling.com/img/psp_200/1540.jpg,日语,Hudson,日版
psp,1541,Buzz! Master Quiz,喧闹少年找碴大师 硕士测验,UCES-01031,2008-08-01,Trivia,https://data.yang2000ling.com/img/psp_200/1541.jpg,意大利语|德语,Sony,欧版
psp,1542,International Athletics,国际田径大赛,ULES-01090,2008-08-02,Sports,https://data.yang2000ling.com/img/psp_200/1542.jpg,西班牙语|意大利语|德语|英文|法文,Ghostlight,欧版
psp,1543,Hayarigami 2 Portable - Keishichou Kaijiken File,流行之神2-警视厅怪异事件档案 携带版,ULJS-00149,2008-08-06,Adventure,https://data.yang2000ling.com/img/psp_200/1543.jpg,日语,Nippon Ichi Software,日版
psp,1544,Puzzler Collection,益智游戏合集,ULES-01066,2008-08-06,Puzzle,https://data.yang2000ling.com/img/psp_200/1544.jpg,英文,UbiSoft,欧版
psp,1545,Ford Racing - Off Road,福特越野赛车,ULUS-10326,2008-08-09,Racing,https://data.yang2000ling.com/img/psp_200/1545.jpg,英文,Empire Interactive,美版
psp,1546,Madden NFL 09,劲爆美式橄榄球2009,ULUS-10352,2008-08-09,Sports,https://data.yang2000ling.com/img/psp_200/1546.jpg,英文,Electronic Arts,美版
psp,1547,Crazy Taxi - Double Punch,疯狂出租车-客源争夺战,ULJM-05340,2008-08-10,Driving,https://data.yang2000ling.com/img/psp_200/1547.jpg,日语,SEGA,日版
psp,1548,WALL-E,机器人总动员,ULES-01073,2008-08-12,Platformer,https://data.yang2000ling.com/img/psp_200/1548.jpg,挪威语|丹麦语,THQ,欧版
psp,1549,Omoide ni Kawaru-Kun - Memories Off,秋之回忆3-想君,ULJM-05349,2008-08-20,Adventure,https://data.yang2000ling.com/img/psp_200/1549.jpg,日语,CyberFront,日版
psp,1550,Memories Off Sorekara,秋之回忆4 从今以后,ULJM-05350,2008-08-20,Adventure,https://data.yang2000ling.com/img/psp_200/1550.jpg,日语,CyberFront,日版
psp,1551,Tiger Woods PGA Tour 09,泰格伍兹高尔夫球巡回赛2009,ULES-01120,2008-08-23,Sports,https://data.yang2000ling.com/img/psp_200/1551.jpg,西班牙语|意大利语|德语|英文|法文,Electronic Arts,欧版
psp,1552,Madden NFL 09,劲爆美式橄榄球2009,ULES-01093,2008-08-27,Sports,https://data.yang2000ling.com/img/psp_200/1552.jpg,英文,Electronic Arts,欧版
psp,1553,AI Shougi (v2),AI将棋(v2),ULJS-00009,2008-08-27,Board Game,https://data.yang2000ling.com/img/psp_200/1553.jpg,日语,Marvelous Entertainment,日版
psp,1554,Fate-Tiger - Colosseum Upper,FateTiger-大乱斗强化版,ULJM-05360,2008-08-27,Fighting,https://data.yang2000ling.com/img/psp_200/1554.jpg,日语,Capcom,日版
psp,1555,N+,N+,ULUS-10340,2008-08-27,Platformer,https://data.yang2000ling.com/img/psp_200/1555.jpg,英文,Atari,美版
psp,1556,Super Hind,超级雌鹿直升机,ULES-01091,2008-10-30,Simulation,https://data.yang2000ling.com/img/psp_200/1556.jpg,西班牙语|意大利语|德语|芬兰语|英文|法文,Virgin Play,欧版
psp,1557,Tiger Woods PGA Tour 09,泰格伍兹高尔夫球巡回赛2009,ULUS-10367,2008-08-30,Sports,https://data.yang2000ling.com/img/psp_200/1557.jpg,英文,Electronic Arts,美版
psp,1558,Hellboy - The Science of Evil,地狱男爵-恶魔科学,ULES-00827,2008-09-03,Beat-Em-Up,https://data.yang2000ling.com/img/psp_200/1558.jpg,西班牙语|意大利语|德语|英文|法文,Konami,欧版
psp,1559,Cabela's Legendary Adventures,坎贝拉传奇冒险,ULUS-10385,2008-09-10,Shooter,https://data.yang2000ling.com/img/psp_200/1559.jpg,英文,Activision,美版
psp,1560,Cake Mania - Baker's Challenge,疯狂糕饼店,ULUS-10362,2008-09-10,Puzzle,https://data.yang2000ling.com/img/psp_200/1560.jpg,英文,Destineer,美版
psp,1561,Saru Get Chu! P! (v2),捉猴啦P!(v2),UCJS-10004,2008-09-11,Platformer,https://data.yang2000ling.com/img/psp_200/1561.jpg,日语,Sony,日版
psp,1562,Star Wars - The Force Unleashed,星球大战-原力释放,ULUS-10345,2008-09-13,Action,https://data.yang2000ling.com/img/psp_200/1562.jpg,英文,LucasArts,美版
psp,1563,Star Wars - The Force Unleashed,星球大战-原力释放,ULES-00981,2008-09-15,Action,https://data.yang2000ling.com/img/psp_200/1563.jpg,西班牙语|意大利语|英文,LucasArts,欧版
psp,1564,WALL-E,机器人总动员,ULES-01082,2008-09-16,Platformer,https://data.yang2000ling.com/img/psp_200/1564.jpg,德语,THQ,德版
psp,1565,Katekyoo Hitman Reborn! Battle Arena,家庭教师HR 战斗竞技场,ULJS-00157,2008-09-16,Fighting,https://data.yang2000ling.com/img/psp_200/1565.jpg,日语,Marvelous,日版
psp,1566,Yggdra Union,公主联盟,ULUS-10368,2008-09-17,RPG,https://data.yang2000ling.com/img/psp_200/1566.jpg,英文,Atlus,美版
psp,1567,Samurai Dou Portable,侍道 携带版,ULJS-00155,2008-09-17,Action,https://data.yang2000ling.com/img/psp_200/1567.jpg,日语,Spike,日版
psp,1568,Play Chapas - Football Edition,瓶盖系列-足球篇,UCES-01134,2008-09-17,Sports,https://data.yang2000ling.com/img/psp_200/1568.jpg,西班牙语,Sony,西班牙版
psp,1569,Star Wars - The Force Unleashed,星球大战-原力释放,ULES-00982,2008-09-19,Action,https://data.yang2000ling.com/img/psp_200/1569.jpg,德语|法文,LucasArts,欧版
psp,1570,Grand Theft Auto - Vice City Stories,侠盗猎车-罪恶都市传奇,ULES-00503,2008-09-20,Action,https://data.yang2000ling.com/img/psp_200/1570.jpg,德语,Take 2 Interactive,德版
psp,1571,LEGO Batman - The Video Game,乐高蝙蝠侠,ULUS-10380,2008-09-21,Action Adventure,https://data.yang2000ling.com/img/psp_200/1571.jpg,英文,Warner Interactive,美版
psp,1572,Neo Angelique Special,新安琪莉可,ULJM-05374,2008-09-21,RPG,https://data.yang2000ling.com/img/psp_200/1572.jpg,日语,Koei,日版
psp,1573,WALL-E,机器人总动员,ULES-01072,2008-09-22,Platformer,https://data.yang2000ling.com/img/psp_200/1573.jpg,英文,THQ,欧版
psp,1574,Hard Rock Casino,硬石赌城,ULES-00638,2008-01-26,Gambling,https://data.yang2000ling.com/img/psp_200/1574.jpg,西班牙语|意大利语|德语|英文|法文,Oxygen Interactive,欧版
psp,1575,Mana-Khemia - Gakuen no Renkinjutsushi-tachi Portable +,玛娜传奇-学园的炼金术士们 携带版,ULJM-05345,2008-09-24,RPG,https://data.yang2000ling.com/img/psp_200/1575.jpg,日语,Gust,日版
psp,1576,Pipe Mania,疯狂水管工,ULES-01094,2008-09-24,Puzzle,https://data.yang2000ling.com/img/psp_200/1576.jpg,西班牙语|意大利语|德语|荷兰语|英文,Empire Interactive,欧版
psp,1577,Blokus Portable - Steambot Championship,角斗士俱乐部 携带版,ULES-01016,2008-09-24,Board Games,https://data.yang2000ling.com/img/psp_200/1577.jpg,西班牙语|意大利语|德语|英文|法文,Majesco Games,欧版
psp,1578,Buzz! Master Quiz,喧闹少年找碴大师 硕士测验,UCUS-98729,2008-09-24,Trivia,https://data.yang2000ling.com/img/psp_200/1578.jpg,英文,Sony,美版
psp,1579,PC Engine Best Collection - Soldier Collection,PCE游戏精选集-星际战士合集,ULJM-05377,2008-09-25,Compilation,https://data.yang2000ling.com/img/psp_200/1579.jpg,日语,Hudson,日版
psp,1580,Princess Maker 5 Portable,美少女梦工场5 携带版,ULJM-05337,2013-02-11,Strategy,https://data.yang2000ling.com/img/psp_200/1580.jpg,日语,CyberFront,日版
psp,1581,Buzz! Master Quiz,喧闹少年找碴大师 硕士测验,UCES-01034,2008-09-25,Trivia,https://data.yang2000ling.com/img/psp_200/1581.jpg,挪威语|丹麦语,Sony,欧版
psp,1582,PDC World Championship Darts 2008,PDC世界飞镖锦标赛2008,ULES-01096,2008-09-26,Sports,https://data.yang2000ling.com/img/psp_200/1582.jpg,西班牙语|意大利语|德语|荷兰语|英文|法文,Oxygen Interactive,欧版
psp,1583,Ikki Tousen - Eloquent Fist,一骑当千-雄辩之拳,ULJS-00152,2008-09-30,Fighting,https://data.yang2000ling.com/img/psp_200/1583.jpg,日语,Marvelous,日版
psp,1584,To Love Ru - Doki Doki Rinkai Gakkou Hen,出包王女恋爱的烦恼-心跳!临海学校篇,ULJS-00154,2008-10-01,Action,https://data.yang2000ling.com/img/psp_200/1584.jpg,日语,Marvelous,日版
psp,1585,FIFA 09,FIFA足球2009,ULES-01135,2008-10-02,Sports,https://data.yang2000ling.com/img/psp_200/1585.jpg,英文,Electronic Arts,欧版
psp,1586,Wild Arms XF,荒野兵器-交叉火力,ULES-01085,2008-10-03,Strategy,https://data.yang2000ling.com/img/psp_200/1586.jpg,英文,505 Games,欧版
psp,1587,Valhalla Knights 2,瓦尔哈拉骑士2,ULUS-10366,2008-10-04,Action RPG,https://data.yang2000ling.com/img/psp_200/1587.jpg,英文,Xseed,美版
psp,1588,FIFA 09,FIFA足球2009,ULES-01139,2008-10-04,Sports,https://data.yang2000ling.com/img/psp_200/1588.jpg,西班牙语,Electronic Arts,西班牙版
psp,1589,NBA 09 - The Inside,美国职业篮球联赛09,UCUS-98715,2008-10-04,Sports,https://data.yang2000ling.com/img/psp_200/1589.jpg,英文,Sony,美版
psp,1590,Daisenryaku - Daitoua Kouboushi - Tora Tora Tora Ware Kishuu ni Seikou Seri,大战略 大东亚兴亡史-虎虎虎 奇袭成功,ULJS-00147,2008-10-05,Strategy,https://data.yang2000ling.com/img/psp_200/1590.jpg,日语,System Soft,日版
psp,1591,NBA Live 09,NBA实况09,ULUS-10370,2008-10-05,Sports,https://data.yang2000ling.com/img/psp_200/1591.jpg,英文|法文,Electronic Arts,美版
psp,1592,FIFA 09,FIFA足球2009,ULES-01137,2008-11-28,Sports,https://data.yang2000ling.com/img/psp_200/1592.jpg,德语,Electronic Arts,德版
psp,1593,B-Boy,街舞男孩,ULUS-10363,2008-10-06,Rhythm,https://data.yang2000ling.com/img/psp_200/1593.jpg,英文,SouthPeak Games,美版
psp,1594,Himitsu no Radio,乃木坂春香的秘密-开始COSPLAY秘密电台,ULJS-00161,2008-10-07,Other,https://data.yang2000ling.com/img/psp_200/1594.jpg,日语,ASCII Media Works,日版
psp,1595,Umewaza Ykari no Yasashi Igo,梅泽由香里的简单围棋,ULJM-05384,2008-10-07,Board Games,https://data.yang2000ling.com/img/psp_200/1595.jpg,日语,NCS,日版
psp,1596,Macross Ace Frontier,超时空要塞 王牌边界,ULJS-00158,2008-10-07,Action,https://data.yang2000ling.com/img/psp_200/1596.jpg,日语,Bandai Namco Games,日版
psp,1597,FIFA 09,FIFA足球2009,ULES-01136,2008-10-04,Sports,https://data.yang2000ling.com/img/psp_200/1597.jpg,法文,Electronic Arts,法版
psp,1598,NBA Live 09,NBA实况09,ULES-01148,2008-10-10,Sports,https://data.yang2000ling.com/img/psp_200/1598.jpg,法文,Electronic Arts,法版
psp,1599,Ace Combat X - Skies of Deception (v2),皇牌空战X-诡影苍穹(v2),ULJS-00086,2008-10-10,Simulation,https://data.yang2000ling.com/img/psp_200/1599.jpg,韩语|西班牙语|日语|意大利语|德语|英文|法文,Namco,日版
psp,1600,Code Lyoko - Quest for Infinity,虚幻勇士-追求无限,ULES-01095,2008-10-10,Action,https://data.yang2000ling.com/img/psp_200/1600.jpg,西班牙语|意大利语|英文|法文,Game Factory,欧版
psp,1601,R-Type Tactics,异形战机 策略版,ULES-01121,2008-10-10,Shooter,https://data.yang2000ling.com/img/psp_200/1601.jpg,西班牙语|意大利语|德语|英文|法文,Rising Star Games,欧版
psp,1602,FIFA 09,FIFA足球2009,ULES-01138,2008-10-11,Sports,https://data.yang2000ling.com/img/psp_200/1602.jpg,意大利语,Electronic Arts,意大利版
psp,1603,NBA Live 09,NBA实况09,ULES-01149,2008-10-29,Sports,https://data.yang2000ling.com/img/psp_200/1603.jpg,西班牙语,Electronic Arts,西班牙版
psp,1604,NBA Live 09,NBA实况09,ULES-01147,2008-10-13,Sports,https://data.yang2000ling.com/img/psp_200/1604.jpg,意大利语|德语|英文,Electronic Arts,欧版
psp,1605,Yuusha no Kuse ni Namaikida or 2,勇者别嚣张or2,UCJS-10086,2008-10-14,RPG,https://data.yang2000ling.com/img/psp_200/1605.jpg,日语,Sony,日版
psp,1606,LEGO Batman - The Video Game,乐高蝙蝠侠,ULES-01151,2008-10-15,Action Adventure,https://data.yang2000ling.com/img/psp_200/1606.jpg,西班牙语|意大利语|德语|丹麦语|英文|法文,Warner Interactive,欧版
psp,1607,My Spanish Coach,我的西班牙语老师,ULUS-10378,2008-10-16,Edutainment,https://data.yang2000ling.com/img/psp_200/1607.jpg,英文,UbiSoft,美版
psp,1608,FIFA 09,FIFA足球2009,ULES-01143,2008-10-19,Sports,https://data.yang2000ling.com/img/psp_200/1608.jpg,葡萄牙语,Electronic Arts,欧版
psp,1609,FIFA 08,FIFA足球2008,ULES-00896,2008-10-19,Sports,https://data.yang2000ling.com/img/psp_200/1609.jpg,葡萄牙语,Electronic Arts,欧版
psp,1610,FIFA 08,FIFA足球2008,ULAS-42114,2008-10-19,Sports,https://data.yang2000ling.com/img/psp_200/1610.jpg,中文|英文,Electronic Arts,中国版
psp,1611,Garnet Chronicle,加雷特编年史 红辉的魔石,ULJM-05369,2008-10-21,RPG,https://data.yang2000ling.com/img/psp_200/1611.jpg,日语,SEGA,日版
psp,1612,Bleach Soul Carnival,死神 灵魂嘉年华,UCJS-10085,2008-10-21,Action,https://data.yang2000ling.com/img/psp_200/1612.jpg,日语,Sony,日版
psp,1613,Star Ocean - First Departure,星之海洋-初次启航,ULUS-10374,2008-10-21,RPG,https://data.yang2000ling.com/img/psp_200/1613.jpg,英文,Square Enix,美版
psp,1614,Midnight Club - L. A. Remix,湾岸午夜俱乐部4-洛杉矶 复刻版,ULES-01144,2008-10-21,Racing,https://data.yang2000ling.com/img/psp_200/1614.jpg,西班牙语|意大利语|德语|英文|法文,Rockstar Games,欧版
psp,1615,Spider-Man - Web of Shadows,蜘蛛侠-暗影之网,ULUS-10389,2008-10-22,3D Platformer,https://data.yang2000ling.com/img/psp_200/1615.jpg,英文|法文,Activision,美版
psp,1616,Ratatouille,料理鼠王,ULES-00743,2008-10-22,Platformer,https://data.yang2000ling.com/img/psp_200/1616.jpg,,THQ,欧版
psp,1617,Midnight Club - L. A. Remix,湾岸午夜俱乐部4-洛杉矶 复刻版,ULUS-10383,2008-10-22,Racing,https://data.yang2000ling.com/img/psp_200/1617.jpg,英文,Rockstar Games,美版
psp,1618,NBA Live 09,NBA实况09,ULJM-05386,2008-10-23,Sports,https://data.yang2000ling.com/img/psp_200/1618.jpg,日语,Electronic Arts,日版
psp,1619,Minna de Dokusho - Keatai Shousetsu Desu,大家一起读书-手机小说,ULJM-05393,2008-10-23,Other,https://data.yang2000ling.com/img/psp_200/1619.jpg,日语,Dorart,日版
psp,1620,Crash - Mind Over Mutant,古惑狼-邪恶意志,ULUS-10377,2008-10-23,Platformer,https://data.yang2000ling.com/img/psp_200/1620.jpg,英文|法文,Activision,美版
psp,1621,DJ Max Emotional Sense P - Classiquai Edition (Special Package),DJMax3-酷懒之味 携带版(Special,ULKS-46190,2008-10-23,Rhytm,https://data.yang2000ling.com/img/psp_200/1621.jpg,韩语|日语|英文,Pentavision,韩版
psp,1622,Moeru Mahjong - Moe-Jong (Premium Box),萌麻将-萌将(Premium,ULJM-05375,2008-10-24,Board Games,https://data.yang2000ling.com/img/psp_200/1622.jpg,日语,Hudson,日版
psp,1623,Spider-Man - Web of Shadows (v2),蜘蛛侠-暗影之网(v2),ULES-01174,2008-10-24,Action,https://data.yang2000ling.com/img/psp_200/1623.jpg,西班牙语|意大利语|德语|英文|法文,Activision,欧版
psp,1624,"Playstation Network Collection - Power Pack, The",PSN合集-力量包,UCES-01160,2008-10-25,Compilation,https://data.yang2000ling.com/img/psp_200/1624.jpg,西班牙语|意大利语|德语|英文|法文,Sony,欧版
psp,1625,SNK Arcade Classics Volume 1,SNK经典街机游戏合集Vol.1,ULES-01105,2008-10-25,Compilation,https://data.yang2000ling.com/img/psp_200/1625.jpg,英文,SNK Playmore,欧版
psp,1626,"Playstation Network Collection - Puzzle Pack, The",PSN合集-益智包,UCES-01159,2008-10-25,Compilation,https://data.yang2000ling.com/img/psp_200/1626.jpg,西班牙语|意大利语|德语|英文|法文,Sony,欧版
psp,1627,Crash - Mind Over Mutant,古惑狼-邪恶意志,ULES-01170,2008-10-28,Platformer,https://data.yang2000ling.com/img/psp_200/1627.jpg,英文,Sierra Entertainment,欧版
psp,1628,Neverland Card War - Cardinal Arc,卡尔迪那鲁之弧 混沌的封牌,ULJM-05365,2008-10-28,Strategy,https://data.yang2000ling.com/img/psp_200/1628.jpg,日语,Idea Factory,日版
psp,1629,Ben 10 - Alien Force,BEN10-外星神力,ULUS-10387,2008-10-30,Action,https://data.yang2000ling.com/img/psp_200/1629.jpg,西班牙语|意大利语|德语|英文|法文,D3 Publisher,美版
psp,1630,Neverland Card Battles,卡尔迪那鲁之弧 混沌的封牌,ULUS-10382,2008-10-30,Strategy,https://data.yang2000ling.com/img/psp_200/1630.jpg,英文,Yuke's Company,美版
psp,1631,Crimsongem Saga,加雷特编年史 红辉的魔石,UCAS-40212,2008-10-31,RPG,https://data.yang2000ling.com/img/psp_200/1631.jpg,中文|英文,Sony,中国版
psp,1632,Manhunt 2,侠盗猎魔2,ULES-00756,2008-10-31,Action,https://data.yang2000ling.com/img/psp_200/1632.jpg,西班牙语|意大利语|德语|英文|法文,Rockstar Games,欧版
psp,1633,"King of Fighters Collection - The Orochi Saga, The",格斗之王合集-大蛇传说,ULUS-10360,2008-10-31,Fighting,https://data.yang2000ling.com/img/psp_200/1633.jpg,英文,SNK Playmore,美版
psp,1634,Star Ocean - First Departure,星之海洋-初次启航,ULES-01154,2008-11-03,RPG,https://data.yang2000ling.com/img/psp_200/1634.jpg,英文,Square Enix,欧版
psp,1635,Pro Evolution Soccer 2009,实况足球2009,ULES-01176,2008-11-03,Sports,https://data.yang2000ling.com/img/psp_200/1635.jpg,西班牙语|葡萄牙语|意大利语|德语|英文|法文,Konami,欧版
psp,1636,WWE SmackDown! vs. RAW 2009 featuring ECW,世界摔跤联盟2009,ULES-01166,2008-11-05,Fighting,https://data.yang2000ling.com/img/psp_200/1636.jpg,西班牙语|意大利语|德语|英文|法文,THQ,欧版
psp,1637,Tom Clancy's EndWar,终结战争,ULUS-10358,2008-11-05,Strategy,https://data.yang2000ling.com/img/psp_200/1637.jpg,英文,UbiSoft,美版
psp,1638,Monster Jam - Urban Assault,怪物卡车-城市乱斗,ULUS-10379,2008-11-05,Racing,https://data.yang2000ling.com/img/psp_200/1638.jpg,英文,Activision,美版
psp,1639,Crash - Mind Over Mutant,古惑狼-邪恶意志,ULES-01173,2008-11-06,Platformer,https://data.yang2000ling.com/img/psp_200/1639.jpg,荷兰语|法文,Sierra Entertainment,欧版
psp,1640,Bleach Soul Carnival,死神 灵魂嘉年华,UCAS-40234,2008-11-07,Action,https://data.yang2000ling.com/img/psp_200/1640.jpg,中文,Sony,中国版
psp,1641,Tom Clancy's EndWar (v2),终结战争(v2),ULES-01068,2008-11-07,Strategy,https://data.yang2000ling.com/img/psp_200/1641.jpg,西班牙语|意大利语|德语|英文|法文,UbiSoft,欧版
psp,1642,WWE SmackDown! vs. RAW 2009 featuring ECW,世界摔跤联盟2009,ULES-01165,2008-11-10,Fighting,https://data.yang2000ling.com/img/psp_200/1642.jpg,英文,THQ,欧版
psp,1643,Shaun White Snowboarding,肖恩怀特滑雪,ULES-01185,2008-11-10,Sports,https://data.yang2000ling.com/img/psp_200/1643.jpg,西班牙语|意大利语|德语|英文|法文,UbiSoft,欧版
psp,1644,Chuumon Shiyouze! Oretachi no Sekai,订购吧 我们的世界!,ULJM-05381,2008-11-11,Action,https://data.yang2000ling.com/img/psp_200/1644.jpg,日语,Global A,日版
psp,1645,Sengoku Efuda Yuugi - Hototogisu Ran,战国绘札游戏-不如归 乱,ULJS-00159,2008-11-11,Board Games,https://data.yang2000ling.com/img/psp_200/1645.jpg,日语,Irem,日版
psp,1646,Zero Pilot - Daisanji Sekai Taisen 1946,零式战斗机飞行员-第三次世界大战1946,ULJM-05382,2008-11-11,Action,https://data.yang2000ling.com/img/psp_200/1646.jpg,日语,Global A,日版
psp,1647,Football Manager Handheld 2009,足球经理2009,ULES-01152,2008-11-12,Sports,https://data.yang2000ling.com/img/psp_200/1647.jpg,西班牙语|意大利语|德语|英文|法文,SEGA,欧版
psp,1648,FIFA 09 - World Class Soccer,FIFA足球2009,ULJM-05396,2008-11-13,Sports,https://data.yang2000ling.com/img/psp_200/1648.jpg,日语,Electronic Arts,日版
psp,1649,Suigetsu Portable,水月 携带版,ULJM-05346,2008-11-17,Adventure,https://data.yang2000ling.com/img/psp_200/1649.jpg,日语,GN Software,日版
psp,1650,Need for Speed - Undercover,极品飞车-无间风云,ULES-01145,2008-11-17,Racing,https://data.yang2000ling.com/img/psp_200/1650.jpg,西班牙语|波兰语|意大利语|德语|荷兰语|英文|法文,Electronic Arts,欧版
psp,1651,Shaun White Snowboarding,肖恩怀特滑雪,ULUS-10399,2008-11-18,Sports,https://data.yang2000ling.com/img/psp_200/1651.jpg,英文,UbiSoft,美版
psp,1652,WWE SmackDown! vs. RAW 2009 featuring ECW,世界摔跤联盟2009,ULUS-10384,2008-11-18,Fighting,https://data.yang2000ling.com/img/psp_200/1652.jpg,英文,THQ,美版
psp,1653,Kidou Senshi Gundam - Gundam vs. Gundam,机动战士高达-高达vs.高达,ULJS-00165,2008-11-18,Fighting,https://data.yang2000ling.com/img/psp_200/1653.jpg,日语,Bandai Namco Games,日版
psp,1654,Prinny - Ore ga Shujinkou de Iinsuka,普利尼-俺当主角行吗,ULJS-00150,2008-11-19,Action RPG,https://data.yang2000ling.com/img/psp_200/1654.jpg,日语,Nippon Ichi Software,日版
psp,1655,Need for Speed - Undercover,极品飞车-无间风云,ULUS-10376,2008-11-19,Racing,https://data.yang2000ling.com/img/psp_200/1655.jpg,英文,Electronic Arts,美版
psp,1656,Pro Evolution Soccer 2009,实况足球2009,ULUS-10388,2008-11-19,Sports,https://data.yang2000ling.com/img/psp_200/1656.jpg,西班牙语|葡萄牙语|英文|法文,Konami,美版
psp,1657,Clank & Ratchet - Maru Hi Mission - Ignition,秘密特工叮当,UCJS-10084,2013-02-11,Platformer,https://data.yang2000ling.com/img/psp_200/1657.jpg,日语,Sony,日版
psp,1658,Loco Roco 2,乐克乐克2,UCES-01059,2008-11-21,Action,https://data.yang2000ling.com/img/psp_200/1658.jpg,瑞典语|西班牙语|葡萄牙语|挪威语|意大利语|德语|芬兰语|荷兰语|丹麦语|英文|法文,Sony,欧版
psp,1659,Musou Orochi - Maou Sairin,无双大蛇-魔王再临,ULJM-05402,2008-11-23,Beat Em Up,https://data.yang2000ling.com/img/psp_200/1659.jpg,日语,Koei,日版
psp,1660,Yu-Gi-Oh! Duel Monsters GX Tag Force 3,游戏王GX 卡片力量3,ULJM-05373,2008-11-25,Card Battle,https://data.yang2000ling.com/img/psp_200/1660.jpg,日语,Konami,日版
psp,1661,Patapon 2 - Don-Chaka,啪嗒砰2-咚锵,UCJS-10089,2008-11-25,Action,https://data.yang2000ling.com/img/psp_200/1661.jpg,日语,Sony,日版
psp,1662,Kenka Banchou 3 - Zenkoku Seiha,喧哗番长3-全国制霸,ULJS-00166,2008-11-25,Action,https://data.yang2000ling.com/img/psp_200/1662.jpg,日语,Spike,日版
psp,1663,Higurashi Daybreak Portable,寒蝉鸣泣之时 携带版,ULJM-05388,2008-11-25,Adventure,https://data.yang2000ling.com/img/psp_200/1663.jpg,日语,Alchemist,日版
psp,1664,Moe Moe 2-ji Taisen Ryoku Deluxe,萌萌2次大战略,ULJS-00160,2008-11-26,Adventure,https://data.yang2000ling.com/img/psp_200/1664.jpg,日语,SystemSoft Alpha,日版
psp,1665,Yu-Gi-Oh! GX Tag Force 3,游戏王GX 卡片力量3,ULES-01183,2008-11-27,Card Battle,https://data.yang2000ling.com/img/psp_200/1665.jpg,西班牙语|葡萄牙语|波兰语|意大利语|德语|荷兰语|英文|法文,Konami,欧版
psp,1666,Buzz! Brain Bender,喧闹少年找碴大师 大脑锻炼,UCES-01157,2008-11-28,Trivia,https://data.yang2000ling.com/img/psp_200/1666.jpg,西班牙语|意大利语|德语|英文|法文,Sony,欧版
psp,1667,Warriors of the Lost Empire,迷失王国-魔窟的皇帝,ULES-00924,2008-11-28,Action RPG,https://data.yang2000ling.com/img/psp_200/1667.jpg,西班牙语|意大利语|德语|英文|法文,Mercury Games,欧版
psp,1668,Ben 10 - Alien Force,BEN10-外星神力,ULES-01189,2008-11-29,Action,https://data.yang2000ling.com/img/psp_200/1668.jpg,西班牙语|意大利语|德语|英文|法文,D3 Publisher,欧版
psp,1669,Loco Roco 2,乐克乐克2,UCAS-40222,2008-12-04,Action,https://data.yang2000ling.com/img/psp_200/1669.jpg,韩语|中文|英文,Sony,中国版
psp,1670,Loco Roco 2,乐克乐克2,UCJS-10087,2008-12-05,Action,https://data.yang2000ling.com/img/psp_200/1670.jpg,日语,Sony,日版
psp,1671,Buzz! Master Quiz,喧闹少年找碴大师 硕士测验,UCES-01130,2008-12-06,Trivia,https://data.yang2000ling.com/img/psp_200/1671.jpg,波兰语|英文,Sony,欧版
psp,1672,Zwei!!,双星物语,ULJM-05392,2008-12-11,RPG,https://data.yang2000ling.com/img/psp_200/1672.jpg,日语,Falcom,日版
psp,1673,Panic Palette Portable,恐慌调色盘 携带版,ULJM-05344,2008-12-12,Puzzle,https://data.yang2000ling.com/img/psp_200/1673.jpg,日语,Takuyo,日版
psp,1674,Hoshiiro no Okurimono Portable,星色赠礼 携带版,ULJS-00164,2008-12-13,Adventure,https://data.yang2000ling.com/img/psp_200/1674.jpg,日语,Takuyo,日版
psp,1675,Dissidia - Final Fantasy,最终幻想-纷争,ULJM-05262,2008-12-17,Fighting,https://data.yang2000ling.com/img/psp_200/1675.jpg,日语,Square Enix,日版
psp,1676,Crimson Room Reverse,深红房间 逆转,ULJM-05408,2008-12-18,Adventure,https://data.yang2000ling.com/img/psp_200/1676.jpg,日语,Success,日版
psp,1677,Samurai Shodown Anthology,侍魂 六番胜负,ULUS-10401,2008-12-18,Action,https://data.yang2000ling.com/img/psp_200/1677.jpg,英文,SNK Playmore,美版
psp,1678,Shin Sangoku Musou - 2nd Evolution,真三国无双-二度进化,ULAS-42150,2008-12-18,Beat Em Up,https://data.yang2000ling.com/img/psp_200/1678.jpg,中文,Koei,中国版
psp,1679,Saikyou Shogi Bonanza,最强将棋Bonanza,ULJM-05406,2008-12-18,Board Games,https://data.yang2000ling.com/img/psp_200/1679.jpg,日语,Success,日版
psp,1680,Need for Speed - Undercover,极品飞车-无间风云,ULJM-05403,2008-12-19,Racing,https://data.yang2000ling.com/img/psp_200/1680.jpg,日语,Electronic Arts,日版
psp,1681,Otsugea Uranai na Desu.,占卜是算命哦,ULJM-05409,2008-12-21,Other,https://data.yang2000ling.com/img/psp_200/1681.jpg,日语,Dorasu,日版
psp,1682,Solfege - Sweet Harmony,音感训练-斯威特协奏曲,ULJM-05367,2008-12-21,Adventure,https://data.yang2000ling.com/img/psp_200/1682.jpg,日语,GungHo Works,日版
psp,1683,Dungeon Maker II - The Hidden War,迷宫制造者编年史2-战争秘史,ULUS-10393,2008-12-22,RPG,https://data.yang2000ling.com/img/psp_200/1683.jpg,英文,UFO Interactive,美版
psp,1684,Crash - Mind Over Mutant,古惑狼-邪恶意志,ULES-01171,2008-12-22,Platformer,https://data.yang2000ling.com/img/psp_200/1684.jpg,德语|英文,Sierra Entertainment,欧版
psp,1685,Oretachi no Sabage Portable,我们的野战游戏 携带版,ULJS-00170,2008-12-23,Action,https://data.yang2000ling.com/img/psp_200/1685.jpg,日语,Best Media,日版
psp,1686,DJ Max Emotional Sense P - Black Square,DJMax3-黑色立方 携带版,ULKS-46189,2008-12-23,Rhytm,https://data.yang2000ling.com/img/psp_200/1686.jpg,韩语|日语|英文,Pentavision,韩版
psp,1687,Fantasy Golf Pangya Portable,幻想高尔夫 魔法飞球 携带版,ULKS-46164,2008-12-24,Sports,https://data.yang2000ling.com/img/psp_200/1687.jpg,韩语,Ntreev Soft,韩版
psp,1688,Ratatui,料理鼠王,ULES-00738,2009-01-18,Platformer,https://data.yang2000ling.com/img/psp_200/1688.jpg,葡萄牙语,THQ,欧版
psp,1689,Zill O'll Infinite Plus,龙士传说 无限加强版,ULJM-05410,2009-01-20,RPG,https://data.yang2000ling.com/img/psp_200/1689.jpg,日语,Koei,日版
psp,1690,Star Ocean - Second Evolution,星之海洋-二次进化,ULUS-10375,2009-01-21,RPG,https://data.yang2000ling.com/img/psp_200/1690.jpg,英文,Square Enix,美版
psp,1691,Patapon 2 - Don-Chaka,啪嗒砰2-咚锵,UCAS-40239,2009-01-21,Action,https://data.yang2000ling.com/img/psp_200/1691.jpg,中文,Sony,中国版
psp,1692,Yuusha no Kuse ni Namaikida Or 2,勇者别嚣张or2,UCAS-40240,2009-01-21,RPG,https://data.yang2000ling.com/img/psp_200/1692.jpg,中文,Sony,中国版
psp,1693,Hokuto no Ken - Raoh Gaiden - Ten no Haoh,北斗神拳拉欧外传-天之霸王,ULJM-05404,2009-01-21,Fighting,https://data.yang2000ling.com/img/psp_200/1693.jpg,日语,Interchannel,日版
psp,1694,Tales of the World - Radiant Mythology 2,世界传说-光明神话2,ULJS-00175,2009-01-25,RPG,https://data.yang2000ling.com/img/psp_200/1694.jpg,日语,Bandai Namco Games,日版
psp,1695,Hiiro no Kakera Portable,绯色的碎片 携带版,ULJM-05399,2009-01-27,Adventure,https://data.yang2000ling.com/img/psp_200/1695.jpg,日语,Idea Factory,日版
psp,1696,Soul Eater - Battle Resonance,噬魂师-战斗共鸣,ULJS-00176,2009-01-27,Action,https://data.yang2000ling.com/img/psp_200/1696.jpg,日语,Bandai Namco Games,日版
psp,1697,World Soccer Winning Eleven 2009,实况足球2009,ULJM-05414,2009-01-27,Sports,https://data.yang2000ling.com/img/psp_200/1697.jpg,日语,Konami,日版
psp,1698,Memories Off No. 5 - Togireta Film ,秋之回忆5-中断的影片,ULJM-05394,2009-01-29,Adventure,https://data.yang2000ling.com/img/psp_200/1698.jpg,日语,CyberFront,日版
psp,1699,DJ Max Emotional Sense - Fever,DJMax-狂热,ULUS-10403,2009-01-29,Music,https://data.yang2000ling.com/img/psp_200/1699.jpg,英文,PM Studios,美版
psp,1700,Crash - Mind Over Mutant,古惑狼-邪恶意志,ULES-01172,2009-02-01,Platformer,https://data.yang2000ling.com/img/psp_200/1700.jpg,西班牙语|意大利语,Sierra Entertainment,欧版
psp,1701,FIFA 09,FIFA足球2009,ULES-01142,2009-02-02,Sports,https://data.yang2000ling.com/img/psp_200/1701.jpg,波兰语,Electronic Arts,欧版
psp,1702,Shaun White Snowboarding,肖恩怀特滑雪,ULJM-05412,2009-02-03,Sports,https://data.yang2000ling.com/img/psp_200/1702.jpg,日语,UbiSoft,日版
psp,1703,Midnight Club - L.A. Remix ,湾岸午夜俱乐部4-洛杉矶 复刻版,ULJS-00180,2009-02-03,Racing,https://data.yang2000ling.com/img/psp_200/1703.jpg,日语,Spike,日版
psp,1704,Enkaku Sousa - Sana e no 23 Hiai,远距离搜查-找出真相的23天,UCJS-10088,2009-02-03,Adventure,https://data.yang2000ling.com/img/psp_200/1704.jpg,日语,Sony,日版
psp,1705,"King of Fighters Collection - The Orochi Saga, The",格斗之王合集-大蛇传说,ULES-01191,2009-02-09,Fighting,https://data.yang2000ling.com/img/psp_200/1705.jpg,英文,SNK Playmore,欧版
psp,1706,Tenchu 4,天诛4-影子刺客,ULJM-05425,2009-02-10,Action Adventure,https://data.yang2000ling.com/img/psp_200/1706.jpg,日语,From Software,日版
psp,1707,Star Ocean - Second Evolution,星之海洋-二次进化,ULES-01187,2009-02-10,RPG,https://data.yang2000ling.com/img/psp_200/1707.jpg,英文,Square Enix,欧版
psp,1708,Strikers 1945 Plus,打击者1945 加强版,ULKS-46198,2009-02-11,Shooter,https://data.yang2000ling.com/img/psp_200/1708.jpg,英文,Windysoft,韩版
psp,1709,Kidou Senshi Gundam - Giren no Yabou - Axis no Kyoui V,机动战士高达-基连的野望 阿克西斯的威胁V,ULJS-00178,2009-02-11,Strategy,https://data.yang2000ling.com/img/psp_200/1709.jpg,日语,Bandai Namco Games,日版
psp,1710,Rottatouille,料理鼠王,ULES-00745,2009-01-30,3D Platformer,https://data.yang2000ling.com/img/psp_200/1710.jpg,挪威语,THQ,欧版
psp,1711,Loco Roco 2,乐克乐克2,UCUS-98731,2009-02-17,Action,https://data.yang2000ling.com/img/psp_200/1711.jpg,英文,Sony,美版
psp,1712,"Idolmaster SP - Missing Moon, The",偶像大师SP-思念之月,ULJS-00169,2009-02-17,Adventure,https://data.yang2000ling.com/img/psp_200/1712.jpg,日语,Bandai Namco Games,日版
psp,1713,"Idolmaster SP- Perfect Sun, The",偶像大师SP-完美太阳,ULJS-00167,2009-02-17,Adventure,https://data.yang2000ling.com/img/psp_200/1713.jpg,日语,Bandai Namco Games,日版
psp,1714,"Idolmaster SP - Wandering Star, The",偶像大师SP-惊奇之星,ULJS-00168,2009-02-17,Adventure,https://data.yang2000ling.com/img/psp_200/1714.jpg,日语,Bandai Namco Games,日版
psp,1715,Prinny - Can I Really Be the Hero,普利尼-俺当主角行吗,ULUS-10407,2009-02-18,Action RPG,https://data.yang2000ling.com/img/psp_200/1715.jpg,英文,NIS America,美版
psp,1716,Mimana Iyar Chronicle,伊加传说 水之魔石,ULJM-05379,2009-02-24,RPG,https://data.yang2000ling.com/img/psp_200/1716.jpg,日语,GungHo Works,日版
psp,1717,Shin Sangoku Musou - Multi Raid,真三国无双-联合突袭,ULJM-05427,2009-02-24,Action,https://data.yang2000ling.com/img/psp_200/1717.jpg,日语,Koei,日版
psp,1718,SEGA Rally,世嘉拉力 进化,ULES-00911,2009-02-26,Racing,https://data.yang2000ling.com/img/psp_200/1718.jpg,英文,SEGA,欧版
psp,1719,Dragon Dance,龙之舞,ULJM-05407,2009-02-26,Puzzle,https://data.yang2000ling.com/img/psp_200/1719.jpg,日语,Success,日版
psp,1720,Kamen no Maid Guy - Boyoyon Battle Royale,假面女仆卫士-怒涛跃动大混战,ULJM-05418,2009-02-26,Fighting,https://data.yang2000ling.com/img/psp_200/1720.jpg,日语,ACG,日版
psp,1721,Kiniro no Corda 2 F,金色的琴弦2F,ULJM-05428,2009-02-26,Adventure,https://data.yang2000ling.com/img/psp_200/1721.jpg,日语,Koei,日版
psp,1722,Your Memories Off - Girls Style,你的秋之回忆-女孩版,ULJM-05435,2009-03-01,Adventure,https://data.yang2000ling.com/img/psp_200/1722.jpg,日语,5pb,日版
psp,1723,Planetarian - Chiisana Hoshi no Yume,塔里安行星-星空之梦,ULJM-05383,2009-03-01,Adventure,https://data.yang2000ling.com/img/psp_200/1723.jpg,日语,Prototype,日版
psp,1724,MLB 09 - The Show,美国职棒大联盟09,UCUS-98730,2009-03-03,Sports,https://data.yang2000ling.com/img/psp_200/1724.jpg,英文,Sony,美版
psp,1725,Patapon 2,啪嗒砰2-咚锵,UCES-01177,2009-03-03,Action,https://data.yang2000ling.com/img/psp_200/1725.jpg,西班牙语|意大利语|德语|英文|法文,Sony,欧版
psp,1726,Phantasy Star Portable,梦幻之星 携带版,ULUS-10410,2009-03-04,RPG,https://data.yang2000ling.com/img/psp_200/1726.jpg,英文,SEGA,美版
psp,1727,Pipe Mania,疯狂水管工,ULUS-10359,2009-03-09,Puzzle,https://data.yang2000ling.com/img/psp_200/1727.jpg,中文|英文|法文,Empire Interactive,中国版
psp,1728,Monster Jam - Urban Assault,怪物卡车-城市乱斗,ULES-01169,2009-03-11,Racing,https://data.yang2000ling.com/img/psp_200/1728.jpg,西班牙语|意大利语|德语|英文|法文,Activision,欧版
psp,1729,Resistance - Houfuku no Toki,抵抗-复仇之刻,UCJS-10090,2009-03-11,Action,https://data.yang2000ling.com/img/psp_200/1729.jpg,西班牙语|日语|英文|法文,Sony,日版
psp,1730,Mana Khemia - Student Alliance,玛娜传奇-学园的炼金术士们 携带版,ULUS-10408,2009-03-12,RPG,https://data.yang2000ling.com/img/psp_200/1730.jpg,英文,NIS America,美版
psp,1731,Princess Maker 5 Portable,美少女梦工场5 携带版,ULKS-46187,2009-09-05,Strategy,https://data.yang2000ling.com/img/psp_200/1731.jpg,韩语,CyberFront,韩版
psp,1732,Resistance - Retribution,抵抗-复仇之刻,UCES-01184,2009-09-05,Action,https://data.yang2000ling.com/img/psp_200/1732.jpg,西班牙语|日语|意大利语|德语|英文|法文,Sony,欧版
psp,1733,Resistance - Retribution,抵抗-复仇之刻,UCUS-98668,2009-03-14,Action,https://data.yang2000ling.com/img/psp_200/1733.jpg,西班牙语|日语|英文|法文,Sony,美版
psp,1734,Ever17 - The Out of Infinity Premium Edition,Ever17-时空轮回 白金版,ULJM-05437,2009-03-14,Adventure,https://data.yang2000ling.com/img/psp_200/1734.jpg,日语,CyberFront,日版
psp,1735,Dragon Ball Evolution,龙珠 进化,ULJS-00184,2009-03-17,Fighting,https://data.yang2000ling.com/img/psp_200/1735.jpg,日语,Bandai Namco Games,日版
psp,1736,Bokujou Monogatari - Sugar Mura to Minna no Negai,牧场物语-蜜糖村和大家的愿望,ULJS-00188,2009-03-17,Simulation,https://data.yang2000ling.com/img/psp_200/1736.jpg,日语,Marvelous,日版
psp,1737,Saru Get You - Pipo Saru Senki,捉猴啦-比波猴战记,UCJS-10091,2009-03-17,RPG,https://data.yang2000ling.com/img/psp_200/1737.jpg,日语,Sony,日版
psp,1738,Brandish - The Dark Revenant,撼天神塔-黑暗回归,ULJM-05424,2009-03-17,Action RPG,https://data.yang2000ling.com/img/psp_200/1738.jpg,日语,Nihon Falcom,日版
psp,1739,Real Madrid - The Game,皇家马德里,ULES-01219,2009-03-18,Sports,https://data.yang2000ling.com/img/psp_200/1739.jpg,西班牙语|葡萄牙语|意大利语|英文|法文,V2 Play,欧版
psp,1740,Zero Choaniki,零 超兄贵,ULJM-05390,2009-03-18,Shooter,https://data.yang2000ling.com/img/psp_200/1740.jpg,日语,GungHo Works,日版
psp,1741,Musou Tourou,梦想灯笼,ULJS-00162,2009-03-18,Adventure,https://data.yang2000ling.com/img/psp_200/1741.jpg,日语,Nippon Ichi Software,日版
psp,1742,Mytran Wars,外星战役,ULES-01098,2009-03-18,Strategy,https://data.yang2000ling.com/img/psp_200/1742.jpg,西班牙语|意大利语|德语|英文|法文,Deep Silver,欧版
psp,1743,Scrabble - Crossword Game,Scrabble拼字游戏,ULUS-10412,2009-03-19,Board Games,https://data.yang2000ling.com/img/psp_200/1743.jpg,英文,Electronic Arts,美版
psp,1744,Tomoyo After - It's a Wonderful Life - CS Edition,智代后记-美丽的生活 CS版,ULJM-05411,2009-03-19,Adventure,https://data.yang2000ling.com/img/psp_200/1744.jpg,日语,Prototype,日版
psp,1745,Never7 - The End of Infinity,Never7-无限轮回的终结,ULJM-05433,2009-03-23,Adventure,https://data.yang2000ling.com/img/psp_200/1745.jpg,日语,CyberFront,日版
psp,1746,Ayaka Shibito Portable,妖人 幻妖异闻录 携带版,ULJM-05426,2009-03-23,Adventure,https://data.yang2000ling.com/img/psp_200/1746.jpg,日语,Dimple Entertainment,日版
psp,1747,Makai Senki Disgaea 2 Portable,魔界战记2 携带版,ULJS-00183,2009-03-24,RPG,https://data.yang2000ling.com/img/psp_200/1747.jpg,日语,Nippon Ichi Software,日版
psp,1748,Kidou Senshi Gundam - Senjou no Kizuna Portable,机动战士高达-战场之绊 携带版,ULJS-00181,2009-03-24,Action,https://data.yang2000ling.com/img/psp_200/1748.jpg,日语,Bandai Namco Games,日版
psp,1749,Sengoku Tenka Touitsu,战国天下统一,ULJS-00187,2009-03-24,Strategy,https://data.yang2000ling.com/img/psp_200/1749.jpg,日语,System Soft Alpha,日版
psp,1750,Sunday Vs Magazine Shuuketsu! Choujou Daikessen,周刊少年大乱斗 集结顶上大决战,ULJM-05450,2009-03-24,Fighting,https://data.yang2000ling.com/img/psp_200/1750.jpg,日语,Konami,日版
psp,1751,Samurai Shodown Anthology,侍魂 六番胜负,ULES-01211,2009-03-24,Fighting,https://data.yang2000ling.com/img/psp_200/1751.jpg,英文,Ignition,欧版
psp,1752,Buzz! Brain of the UK,喧闹少年找碴大师 英国智囊团,UCES-01196,2009-03-25,Trivia,https://data.yang2000ling.com/img/psp_200/1752.jpg,英文,Sony,欧版
psp,1753,Mana Khemia - Student Alliance,玛娜传奇-学园的炼金术士们 携带版,ULES-01215,2009-03-25,RPG,https://data.yang2000ling.com/img/psp_200/1753.jpg,英文,NIS Europe,欧版
psp,1754,Buzz! Le Plus Malin des Francais,喧闹少年找碴大师 法国智囊团,UCES-01197,2009-03-25,Trivia,https://data.yang2000ling.com/img/psp_200/1754.jpg,法文,Sony,法版
psp,1755,Major League Baseball 2K9,美国职业棒球大联盟2009,ULUS-10413,2009-10-27,Sports,https://data.yang2000ling.com/img/psp_200/1755.jpg,英文,Take 2 Interactive,美版
psp,1756,Hayate no Gotoku - Nightmare Paradise,旋风管家-噩梦天国,ULJM-05416,2009-03-26,Adventure,https://data.yang2000ling.com/img/psp_200/1756.jpg,日语,Konami,日版
psp,1757,Tenchu - Shadow Assassins,天诛4-影子刺客,ULUS-10419,2009-03-27,Action Adventure,https://data.yang2000ling.com/img/psp_200/1757.jpg,英文,UbiSoft,美版
psp,1758,Will O' Wisp Portable,绯色流星 携带版,ULJM-05447,2009-03-27,Adventure,https://data.yang2000ling.com/img/psp_200/1758.jpg,日语,Idea Factory,日版
psp,1759,Buzz! Brain of Oz,喧闹少年找碴大师 澳大利亚智囊团,UCES-01202,2009-03-28,Trivia,https://data.yang2000ling.com/img/psp_200/1759.jpg,英文,Sony,澳洲版
psp,1760,Military History Commander - Europe at War,战场指挥官-欧洲战争,ULES01179,2009-03-30,Strategy,https://data.yang2000ling.com/img/psp_200/1760.jpg,西班牙语|意大利语|德语|英文|法文,Deep Silver,欧版
psp,1761,Innocent Life - Sin Mokjang Iyagi,新牧场物语-无暇人生,ULKS-46167,2009-03-31,Simulation,https://data.yang2000ling.com/img/psp_200/1761.jpg,英文,Sony,韩版
psp,1762,Tenchu - Shadow Assassins,天诛4-影子刺客,ULES-01237,2009-03-31,Action Adventure,https://data.yang2000ling.com/img/psp_200/1762.jpg,英文,From Software,欧版
psp,1763,Disgaea - Afternoon of Darkness,魔界战记 携带版,ULUS-10308,2009-04-01,RPG,https://data.yang2000ling.com/img/psp_200/1763.jpg,中文|英文,NIS America,中国版
psp,1764,Harukanaru Toki no Naka de 3 with Izayoiki Aizouban,遥远的时空中3 与十六夜记 爱藏版,ULJM-05441,2009-04-05,Adventure,https://data.yang2000ling.com/img/psp_200/1764.jpg,日语,Koei,日版
psp,1765,Sengoku Basara - Battle Heroes,战国BASARA-战斗天骄,ULJM-05436,2009-04-07,Action,https://data.yang2000ling.com/img/psp_200/1765.jpg,日语,Capcom,日版
psp,1766,Dragon Ball Evolution,龙珠 进化,ULUS-10415,2009-04-08,Fighting,https://data.yang2000ling.com/img/psp_200/1766.jpg,英文,Bandai Namco Games,美版
psp,1767,Shinseiki Evangelion - Koutetsu no Girlfriend Tokubetsu-Hen Portable,新世纪福音战士-钢铁女友特别篇 携带版,ULJM-05456,2009-04-09,Adventure,https://data.yang2000ling.com/img/psp_200/1767.jpg,日语,CyberFront,日版
psp,1768,DT Carnage,DT街头暴力赛车,ULUS-10406,2009-04-14,Racing,https://data.yang2000ling.com/img/psp_200/1768.jpg,英文,Agetec,美版
psp,1769,Hitsuji-kun nara Kiss Shite Ageru,如果是羊君就吻你,ULJM-05431,2009-04-14,Adventure,https://data.yang2000ling.com/img/psp_200/1769.jpg,日语,CyberFront,日版
psp,1770,Hammerin' Hero,出发!源先生-夕阳下的大工物语,ULUS-10392,2009-04-14,Action,https://data.yang2000ling.com/img/psp_200/1770.jpg,英文,Atlus,美版
psp,1771,Guilty Gear XX Accent Core Plus,罪恶装备XXAC 加强版,ULUS-10409,2009-04-14,Fighting,https://data.yang2000ling.com/img/psp_200/1771.jpg,英文,Aksys Games,美版
psp,1772,Fantasy Golf Pangya Portable,幻想高尔夫 魔法飞球 携带版,ULJM-05440,2009-04-15,Sports,https://data.yang2000ling.com/img/psp_200/1772.jpg,日语,Takara Tomy,日版
psp,1773,Air Conflicts - Aces of World War II,空中激斗-二战皇牌飞行员,ULUS-10404,2009-04-16,Simulation,https://data.yang2000ling.com/img/psp_200/1773.jpg,英文,Graffiti Entertainment,美版
psp,1774,Remember 11 - The Age of Infinity,Remember11-无限轮回的时光,ULJM-05444,2009-04-16,Adventure,https://data.yang2000ling.com/img/psp_200/1774.jpg,日语,CyberFront,日版
psp,1775,Ken to Mahou to Gakuen Mono (the best),剑与魔法与学园(廉价版),ULJM-08021,2009-04-18,RPG,https://data.yang2000ling.com/img/psp_200/1775.jpg,日语,Acquire,日版
psp,1776,Phantasy Star Portable,梦幻之星 携带版,ULES-01218,2009-04-20,RPG,https://data.yang2000ling.com/img/psp_200/1776.jpg,英文,SEGA,欧版
psp,1777,Dragon Ball Evolution,龙珠 进化,ULES-01227,2009-04-20,Fighting,https://data.yang2000ling.com/img/psp_200/1777.jpg,西班牙语|意大利语|德语|英文|法文,Bandai Namco Games,欧版
psp,1778,Nantama - Chronicle of Dungeon Maker,迷宫制造者编年史-七魂,ULJM-05434,2009-04-21,Action RPG,https://data.yang2000ling.com/img/psp_200/1778.jpg,日语,Global A,日版
psp,1779,Zettai Zetsumei Toshi 3 - Kowareyuku Machi to Kanojo no Uta,绝体绝命都市3-破坏的城市与她的歌,ULJS-00191,2009-04-21,Adventure,https://data.yang2000ling.com/img/psp_200/1779.jpg,日语,Irem,日版
psp,1780,FIFA Soccer 09,FIFA足球2009,ULUS-10369,2009-04-22,Sports,https://data.yang2000ling.com/img/psp_200/1780.jpg,西班牙语|英文,Electronic Arts,美版
psp,1781,Shin Sangoku Musou - Multi Raid,真三国无双-联合突袭,ULAS-42156,2009-04-23,Fighting,https://data.yang2000ling.com/img/psp_200/1781.jpg,中文,Koei,中国版
psp,1782,WALL-E,机器人总动员,ULES-01080,2009-04-23,Action,https://data.yang2000ling.com/img/psp_200/1782.jpg,意大利语,THQ,意大利版
psp,1783,Buzz! Que Sabes de tu Pais,喧闹少年找碴大师 西班牙智囊团,UCES-01200,2009-04-24,Trivia,https://data.yang2000ling.com/img/psp_200/1783.jpg,西班牙语,Sony,西班牙版
psp,1784,Buzz! Il Quizzone Nazionale,喧闹少年找碴大师 意大利智囊团,UCES-01198,2009-04-24,Trivia,https://data.yang2000ling.com/img/psp_200/1784.jpg,意大利语,Sony,意大利版
psp,1785,N+,N+,ULES-01026,2009-04-24,Platformer,https://data.yang2000ling.com/img/psp_200/1785.jpg,英文,Atari,欧版
psp,1786,X-Men Origins - Wolverine,X战警前传-金刚狼,ULES-01226,2009-04-28,Action,https://data.yang2000ling.com/img/psp_200/1786.jpg,西班牙语|意大利语|德语|英文|法文,Activision,欧版
psp,1787,Dynasty Warriors - Strikeforce,真三国无双-联合突袭,ULES-01221,2009-04-28,Fighting,https://data.yang2000ling.com/img/psp_200/1787.jpg,德语|英文|法文,Koei,欧版
psp,1788,Keibatsuu Portable 2 - JRA Koushiki Data 23 Nenbun Shuuroku,赛马通2-收录日本中央竞马会官方资料23年份 携带版,ULJM-05455,2009-04-28,Simulation,https://data.yang2000ling.com/img/psp_200/1788.jpg,日语,Mainichi,日版
psp,1789,Tir-Na-Nog,妖精物语 悠久之仁,ULJS-00129,2009-04-28,RPG,https://data.yang2000ling.com/img/psp_200/1789.jpg,日语,System Soft,日版
psp,1790,Persona,女神异闻录,ULJM-05422,2009-04-28,RPG,https://data.yang2000ling.com/img/psp_200/1790.jpg,日语,Atlus,日版
psp,1791,12Riven - The Psi-Climinal of Integral,12Riven-跳跃的时空12Riven -,ULJM-05445,2009-05-01,Adventure,https://data.yang2000ling.com/img/psp_200/1791.jpg,日语,CyberFront,日版
psp,1792,X-Men Origins - Wolverine,X战警前传-金刚狼,ULUS-10411,2009-05-01,Action,https://data.yang2000ling.com/img/psp_200/1792.jpg,英文,Activision,美版
psp,1793,Dragoneer's Aria (4.05),龙骑士的咏叹调(4.05),ULUS-10291,2009-05-01,RPG,https://data.yang2000ling.com/img/psp_200/1793.jpg,英文,NIS America,美版
psp,1794,CID The Dummy,人偶CID,ULES-01024,2009-05-01,Action,https://data.yang2000ling.com/img/psp_200/1794.jpg,西班牙语|意大利语|德语|英文|法文,Oxygen Interactive,欧版
psp,1795,Tora Dora Portable!,龙虎斗 携带版,ULJS-00186,2009-05-01,Adventure,https://data.yang2000ling.com/img/psp_200/1795.jpg,日语,Bandai Namco Games,日版
psp,1796,Dynasty Warriors - Strikeforce,真三国无双-联合突袭,ULUS-10416,2009-05-02,Fighting,https://data.yang2000ling.com/img/psp_200/1796.jpg,英文,Koei,美版
psp,1797,Buzz! Quem e o genio Portugues,喧闹少年找碴大师 葡萄牙智囊团,UCES-01207,2009-05-04,Trivia,https://data.yang2000ling.com/img/psp_200/1797.jpg,葡萄牙语|英文,Sony,欧版
psp,1798,Kikuite Oboeru Eitango - Alc no Kikutan Entry,聆听学习英语单词-Alc听力单词入门篇,ULJM-05459,2009-05-04,Edutainment,https://data.yang2000ling.com/img/psp_200/1798.jpg,日语,Success,日版
psp,1799,Kikuite Oboeru Eitango - Alc no Kikutan Advanced,聆听学习英语单词-Alc听力单词高级篇,ULJM-05461,2009-05-04,Edutainment,https://data.yang2000ling.com/img/psp_200/1799.jpg,日语,Success,日版
psp,1800,Final Approach 2 - 1st Priority Portable (Limited Edition),爱情泡泡糖2-第一选择 携带版(限量版),ULJM-05419,2009-05-04,Adventure,https://data.yang2000ling.com/img/psp_200/1800.jpg,日语,Princess Soft,日版
psp,1801,Patapon 2,啪嗒砰2-咚锵,UCUS-98732,2011-06-07,Action,https://data.yang2000ling.com/img/psp_200/1801.jpg,英文,Sony,美版
psp,1802,Kikuite Oboeru Eitango - Alc no Kikutan Basic,聆听学习英语单词-Alc听力单词初级篇,ULJM-05460,2009-05-12,Edutainment,https://data.yang2000ling.com/img/psp_200/1802.jpg,日语,Success,日版
psp,1803,Bleach - Heat the Soul 6,死神-灵魂升温6,UCAS-40258,2009-05-13,Fighting,https://data.yang2000ling.com/img/psp_200/1803.jpg,中文,Sony,中国版
psp,1804,Bleach - Heat the Soul 6,死神-灵魂升温6,UCJS-10093,2009-05-13,Fighting,https://data.yang2000ling.com/img/psp_200/1804.jpg,日语,Sony,日版
psp,1805,Growlanser,梦幻骑士,ULJM-05423,2009-05-14,RPG,https://data.yang2000ling.com/img/psp_200/1805.jpg,日语,Atlus,日版
psp,1806,Rock Band Unplugged,摇滚乐队 不插电,ULUS-10418,2009-05-14,Music,https://data.yang2000ling.com/img/psp_200/1806.jpg,英文,Electronic Arts,美版
psp,1807,Shin Sangoku Musou - Multi Raid,真三国无双-联合突袭,ULKS-46201,2009-05-14,Fighting,https://data.yang2000ling.com/img/psp_200/1807.jpg,韩语,Koei,韩版
psp,1808,Buzz! De Slimste van Nederland,喧闹少年找碴大师 荷兰智囊团,UCES-01217,2009-05-18,Trivia,https://data.yang2000ling.com/img/psp_200/1808.jpg,荷兰语,Sony,荷兰版
psp,1809,SNK Arcade Classics Vol.1,SNK经典街机游戏合集Vol.1,ULJS-00193,2009-05-19,Compilation,https://data.yang2000ling.com/img/psp_200/1809.jpg,日语,SNK Playmore,日版
psp,1810,FIFA 09,FIFA足球2009,ULES-01141,2009-05-20,Sports,https://data.yang2000ling.com/img/psp_200/1810.jpg,荷兰语,Electronic Arts,荷兰版
psp,1811,Up,飞屋环游记,ULUS-10430,2009-05-23,Action,https://data.yang2000ling.com/img/psp_200/1811.jpg,英文,THQ,美版
psp,1812,Medal of Honor - Heroes,荣誉勋章-英雄,ULES-00562,2009-05-23,First Person Shooter,https://data.yang2000ling.com/img/psp_200/1812.jpg,荷兰语,Electronic Arts,荷兰版
psp,1813,SBK 09 Superbike World Championship,世界超级摩托车锦标赛2009,ULES-01247,2009-05-26,Racing,https://data.yang2000ling.com/img/psp_200/1813.jpg,西班牙语|意大利语|德语|英文|法文,Black Bean Games,欧版
psp,1814,Bamboo Blade - Sorekara no Chousen,竹剑少女-今后的挑战,ULJM-05463,2009-05-26,Adventure,https://data.yang2000ling.com/img/psp_200/1814.jpg,日语,ACG Inc,日版
psp,1815,Utawarerumono Portable,传颂之物 携带版,ULJM-05458,2009-05-26,RPG,https://data.yang2000ling.com/img/psp_200/1815.jpg,日语,AquaPlus,日版
psp,1816,Yuusha 30,勇者30,ULJS-00195,2009-05-26,RPG,https://data.yang2000ling.com/img/psp_200/1816.jpg,日语,Marvelous,日版
psp,1817,FIFA 07,FIFA足球2007,ULES-00459,2009-05-27,Sports,https://data.yang2000ling.com/img/psp_200/1817.jpg,荷兰语,Electronic Arts,荷兰版
psp,1818,Buzz! Le Plus Malin Des Belges,喧闹少年找碴大师 比利时智囊团,UCES-01205,2009-05-27,Trivia,https://data.yang2000ling.com/img/psp_200/1818.jpg,荷兰语|法文,Sony,欧版
psp,1819,Hello Kitty no Happy Accessory,凯蒂猫的快乐装饰,ULJM-05469,2009-05-28,Other,https://data.yang2000ling.com/img/psp_200/1819.jpg,日语,Dorasu,日版
psp,1820,Youkoso Hitsuji-Mura Portable,欢迎来到绵羊村 携带版,ULJM-05466,2009-05-28,Simulation,https://data.yang2000ling.com/img/psp_200/1820.jpg,日语,Success,日版
psp,1821,Grand Theft Auto - Liberty City Stories (v3),侠盗猎车-自由城的故事(v3),ULES-00151,2009-06-01,Action Adventure,https://data.yang2000ling.com/img/psp_200/1821.jpg,西班牙语|意大利语|德语|英文|法文,Rockstar Games,欧版
psp,1822,Evangelion - Jo,新世纪福音战士-序,ULJS-00201,2009-06-02,Adventure,https://data.yang2000ling.com/img/psp_200/1822.jpg,日语,Bandai Namco Games,日版
psp,1823,Crimson Gem Saga,加雷特编年史 红辉的魔石,ULUS-10400,2009-06-03,RPG,https://data.yang2000ling.com/img/psp_200/1823.jpg,英文,Atlus,美版
psp,1824,Nishimura Kyoutarou Travel Mystery - Akugyaku no Kisetsu,西村京太郎旅行悬疑-凶恶的季节东京南纪白滨连续杀人事件,ULJS-00197,2009-06-05,Adventure,https://data.yang2000ling.com/img/psp_200/1824.jpg,日语,Marvelous,日版
psp,1825,Memories Off 6 - T-Wave,秋之回忆6-三角波澜,ULJM-05467,2010-08-11,Adventure,https://data.yang2000ling.com/img/psp_200/1825.jpg,日语,5pb Game,日版
psp,1826,Buzz! Deutschlands Superquiz,喧闹少年找碴大师 德国智囊团,UCES-01199,2009-06-06,Trivia,https://data.yang2000ling.com/img/psp_200/1826.jpg,德语,Sony,德版
psp,1827,Indiana Jones and the Staff of Kings,印第安纳琼斯与王之杖,ULUS-10316,2009-06-09,Action,https://data.yang2000ling.com/img/psp_200/1827.jpg,英文,LucasArts,美版
psp,1828,Onore no Shinzuru Michi wo Yuke,走自己坚信之路,ULJM-05465,2009-06-09,Puzzle,https://data.yang2000ling.com/img/psp_200/1828.jpg,日语,From Software,日版
psp,1829,Class of Heroes,剑与魔法与学园,ULUS-10396,2009-06-10,RPG,https://data.yang2000ling.com/img/psp_200/1829.jpg,英文,Atlus,美版
psp,1830,Tiger Woods PGA Tour 10,泰格伍兹高尔夫球巡回赛2010,ULUS-10420,2009-06-10,Sports,https://data.yang2000ling.com/img/psp_200/1830.jpg,英文,Electronic Arts,美版
psp,1831,Indiana Jones and the Staff of Kings,印第安纳琼斯与王之杖,ULES-00939,2009-06-11,Action,https://data.yang2000ling.com/img/psp_200/1831.jpg,西班牙语|意大利语|德语|英文|法文,LucasArts,欧版
psp,1832,Shinseiki Evangelion - Koutetsu no Girlfriend 2nd Portable,新世纪福音战士-钢铁女友2nd 携带版,ULJM-05477,2009-06-11,Adventure,https://data.yang2000ling.com/img/psp_200/1832.jpg,日语,CyberFront,日版
psp,1833,Petz - My Baby Hamster,宠物-仓鼠宝宝,ULES-01266,2009-06-16,Virtual Life,https://data.yang2000ling.com/img/psp_200/1833.jpg,西班牙语|意大利语|德语|英文|法文,UbiSoft,欧版
psp,1834,Petz - My Puppy Family,宠物-小狗之家,ULES-01267,2009-06-16,Virtual Life,https://data.yang2000ling.com/img/psp_200/1834.jpg,西班牙语|意大利语|德语|英文|法文,UbiSoft,欧版
psp,1835,Rock Band Unplugged,摇滚乐队 不插电,ULES-01243,2009-06-16,Music,https://data.yang2000ling.com/img/psp_200/1835.jpg,西班牙语|意大利语|德语|英文|法文,MTV Games,欧版
psp,1836,Fate Unlimited Codes Portable,命运之夜 无限代码 携带版,ULJM-05451,2009-06-17,Fighting,https://data.yang2000ling.com/img/psp_200/1836.jpg,日语,Capcom,日版
psp,1837,Juusei to Diamond,枪声与钻石,UCJS-10092,2009-06-17,Adventure,https://data.yang2000ling.com/img/psp_200/1837.jpg,日语,Sony,日版
psp,1838,Transformers - Revenge of the Fallen,变形金刚2-卷土重来,ULUS-10433,2009-06-19,Action,https://data.yang2000ling.com/img/psp_200/1838.jpg,英文,Activision,美版
psp,1839,Monster Hunter Freedom Unite,怪物猎人2G 携带版,ULES-01213,2009-06-21,Action RPG,https://data.yang2000ling.com/img/psp_200/1839.jpg,西班牙语|意大利语|德语|英文|法文,Capcom,欧版
psp,1840,DoraSlot - Hana Hana Matsuri Da!!,王牌老虎机-花花祭,ULJM-05478,2009-06-23,Gambling,https://data.yang2000ling.com/img/psp_200/1840.jpg,日语,Dorasu,日版
psp,1841,Pia Carrot e Youkoso!! G.P.Gakuen Princess Portable,爱神有约G.P.校园公主 携带版,ULJM-05464,2009-06-23,Adventure,https://data.yang2000ling.com/img/psp_200/1841.jpg,日语,Good Navigate Software,日版
psp,1842,Valhalla Knights 2 - Battle Stance,瓦尔哈拉骑士2-战斗姿态,ULJS-00196,2009-06-23,Action RPG,https://data.yang2000ling.com/img/psp_200/1842.jpg,日语,Marvelous,日版
psp,1843,Monster Hunter Freedom Unite,怪物猎人2G 携带版,ULUS-10391,2009-06-23,Action RPG,https://data.yang2000ling.com/img/psp_200/1843.jpg,英文,Capcom,美版
psp,1844,Ken to Mahou to Gakuen Mono 2,剑与魔法与学园2,ULJM-05476,2009-06-23,RPG,https://data.yang2000ling.com/img/psp_200/1844.jpg,日语,Acquire,日版
psp,1845,Transformers - Revenge of the Fallen,变形金刚2-卷土重来,ULES-01286,2009-06-24,Action,https://data.yang2000ling.com/img/psp_200/1845.jpg,英文,Activision,欧版
psp,1846,Hatsune Miku - Project Diva,初音未来-歌姬计划,ULJM-05472,2009-06-26,Music,https://data.yang2000ling.com/img/psp_200/1846.jpg,日语,SEGA,日版
psp,1847,Pangya - Fantasy Golf,幻想高尔夫 魔法飞球 携带版,ULUS-10438,2009-06-30,Sports,https://data.yang2000ling.com/img/psp_200/1847.jpg,英文,Tomy,美版
psp,1848,Noko Aozora ni Yakusoku - Tenohira no Rakuen,青空下的约定-掌中乐园,ULJM.05442,2009-06-30,Adventure,https://data.yang2000ling.com/img/psp_200/1848.jpg,日语,TGL,日版
psp,1849,Steambot Chronicles - Battle Tournament,破烂机器人的浪漫大活剧-步行机车对抗赛,ULUS-10470,2009-07-01,Fighting,https://data.yang2000ling.com/img/psp_200/1849.jpg,英文,Atlus,美版
psp,1850,Harry Potter and the Half-Blood Prince,哈利波特与混血王子,ULES-01180,2009-07-01,Action Adventure,https://data.yang2000ling.com/img/psp_200/1850.jpg,西班牙语|意大利语|德语|英文|法文,Electronic Arts,欧版
psp,1851,Tiger Woods PGA Tour 10,泰格伍兹高尔夫球巡回赛2010,ULES-01260,2009-07-01,Sports,https://data.yang2000ling.com/img/psp_200/1851.jpg,英文,Electronic Arts,欧版
psp,1852,Boku no Natsuyasumi 4,我的暑假4-濑户内少年侦探团 我和秘密的地图,UCJS-10095,2009-07-01,Adventure,https://data.yang2000ling.com/img/psp_200/1852.jpg,日语,Sony,日版
psp,1853,Prinny - Can I Really Be the Hero,普利尼-俺当主角行吗,ULES-01278,2009-07-02,Action RPG,https://data.yang2000ling.com/img/psp_200/1853.jpg,英文|法文,NIS America,欧版
psp,1854,"Bigs 2, The",棒球大联盟2,ULUS-10448,2009-07-07,Sports,https://data.yang2000ling.com/img/psp_200/1854.jpg,英文,Take 2 Interactive,美版
psp,1855,MLB,美国职棒大联盟,UCKS-45010,2009-07-07,Sports,https://data.yang2000ling.com/img/psp_200/1855.jpg,英文,Sony,韩版
psp,1856,Sekai wa Atashi de Mawatteru - Hikari to Yami no Princess,世界为我而转-光与暗的公主,ULJM-05468,2009-07-07,RPG,https://data.yang2000ling.com/img/psp_200/1856.jpg,日语,Global A,日版
psp,1857,Harry Potter and the Half-Blood Prince,哈利波特与混血王子,ULUS-10381,2009-07-08,Action Adventure,https://data.yang2000ling.com/img/psp_200/1857.jpg,英文,Electronic Arts,美版
psp,1858,Major League Baseball 2K9,美国职业棒球大联盟2009,ULJS-00200,2009-07-09,Sports,https://data.yang2000ling.com/img/psp_200/1858.jpg,英文,Spike,日版
psp,1859,Blood Bowl,怒火橄榄球,ULES-01230,2009-07-10,Sports,https://data.yang2000ling.com/img/psp_200/1859.jpg,西班牙语|意大利语|德语|英文|法文,Focus Home Interactive,欧版
psp,1860,Pro Cycling Season 2009 - Le Tour de France,职业自行车队经理2009,ULES-01274,2009-07-10,Sports,https://data.yang2000ling.com/img/psp_200/1860.jpg,西班牙语|意大利语|德语|英文|法文,Focus Home Interactive,欧版
psp,1861,NCAA Football 10,美国大学橄榄球联赛2010,ULUS-10440,2009-07-15,Sports,https://data.yang2000ling.com/img/psp_200/1861.jpg,英文,Electronic Arts,美版
psp,1862,Ys I & II Chronicles,伊苏1&2编年史,ULJM-05474,2009-07-15,Action RPG,https://data.yang2000ling.com/img/psp_200/1862.jpg,日语,Nihon Falcom,日版
psp,1863,Valhalla Knights 2,瓦尔哈拉骑士2,ULES-01265,2009-07-16,Action RPG,https://data.yang2000ling.com/img/psp_200/1863.jpg,英文,Rising Star Games,欧版
psp,1864,Chongseong and Diamond,枪声与钻石,UCKS-45120,2009-07-18,Adventure,https://data.yang2000ling.com/img/psp_200/1864.jpg,韩语,Sony,韩版
psp,1865,G-Force,豚鼠特工队,ULUS-10439,2009-07-21,Action,https://data.yang2000ling.com/img/psp_200/1865.jpg,西班牙语|英文|法文,Disney Interactive,美版
psp,1866,Blazing Souls - Accelate,炙热之魂-加速进化,ULJM-05490,2009-07-24,RPG,https://data.yang2000ling.com/img/psp_200/1866.jpg,日语,Idea Factory,日版
psp,1867,PW - Project Witch,魔女计划,ULJM-05470,2009-07-24,Adventure,https://data.yang2000ling.com/img/psp_200/1867.jpg,日语,GungHo Works,日版
psp,1868,Ranshima Monogatari Rare Land Story - Shoujo no Yakujou,兰岛物语-少女的约定,ULJM-05387,2009-07-24,Virtual Life,https://data.yang2000ling.com/img/psp_200/1868.jpg,日语,Arc System Works,日版
psp,1869,Narisokonai Eiyuutan - Taiyou to Tsuki no Monogatari6,未成英雄谭-太阳与月亮的物语,ULJS-00177,2009-07-24,RPG,https://data.yang2000ling.com/img/psp_200/1869.jpg,日语,Irem,日版
psp,1870,Memories Off - After Rain,秋之回忆7-雨后,ULJM-05473,2009-07-25,Adventure,https://data.yang2000ling.com/img/psp_200/1870.jpg,日语,5pb,日版
psp,1871,Up,飞屋环游记,ULES-01256,2009-07-27,Action,https://data.yang2000ling.com/img/psp_200/1871.jpg,西班牙语,THQ,西班牙版
psp,1872,Armored Core 3 Portable,装甲核心3 携带版,ULJM-05492,2009-07-28,Action,https://data.yang2000ling.com/img/psp_200/1872.jpg,日语,From Software,日版
psp,1873,Neon Genesis Evangelion - Battle Orchestra Portable,新世纪福音战士-战斗弦乐 携带版,ULJM-05480,2009-07-28,Fighting,https://data.yang2000ling.com/img/psp_200/1873.jpg,日语,Brocolli,日版
psp,1874,To Heart 2 Portable (W Pack)(UMD Disc 2 - To Heart Portable),心之彼端2 携带版(W,ULJM-05486,2009-07-28,Adventure,https://data.yang2000ling.com/img/psp_200/1874.jpg,日语,Aquaplus,日版
psp,1875,To Heart 2 Portable,心之彼端2 携带版,ULJM-05487,2009-07-28,Adventure,https://data.yang2000ling.com/img/psp_200/1875.jpg,日语,Aquaplus,日版
psp,1876,Up,飞屋环游记,ULES-01253,2009-07-30,Action,https://data.yang2000ling.com/img/psp_200/1876.jpg,英文|法文,THQ,欧版
psp,1877,CID The Dummy,人偶CID,ULUS-10356,2009-07-31,Platformer,https://data.yang2000ling.com/img/psp_200/1877.jpg,英文,Oxygen Interactive,美版
psp,1878,Biler,汽车总动员,ULES-00326,2009-08-02,Racing,https://data.yang2000ling.com/img/psp_200/1878.jpg,挪威语,THQ,欧版
psp,1879,Fading Shadows,暗黒衰落,ULUS-10344,2009-08-04,Puzzle,https://data.yang2000ling.com/img/psp_200/1879.jpg,西班牙语|意大利语|德语|荷兰语|英文|法文,Agetec,美版
psp,1880,G.I. Joe - The Rise of Cobra,特种部队-眼镜蛇的崛起,ULUS10435,2009-08-05,Action,https://data.yang2000ling.com/img/psp_200/1880.jpg,英文,Electronic Arts,美版
psp,1881,Tales of VS.,激斗传说,ULJS-00209,2009-08-05,Fighting,https://data.yang2000ling.com/img/psp_200/1881.jpg,日语,Namco,日版
psp,1882,Hayarigami 3 - Keishichou Kaii Jiken File,流行之神3-警视厅怪异事件档案,ULJS-00204,2009-08-05,Adventure,https://data.yang2000ling.com/img/psp_200/1882.jpg,日语,NIS,日版
psp,1883,Strikers 1945 Plus Portable,打击者1945 加强版,ULJM-05511,2009-08-05,Shooter,https://data.yang2000ling.com/img/psp_200/1883.jpg,日语,Arc System Works,日版
psp,1884,Musou Orochi - Maou Sairin Enhanced Version,无双大蛇-魔王再临 增值版,ULAS-42164,2009-08-06,Beat Em Up,https://data.yang2000ling.com/img/psp_200/1884.jpg,中文,Koei,中国版
psp,1885,Hannah Montana - Rock Out the Show,汉娜蒙塔娜-摇滚之夜,ULUS-10431,2009-08-10,Music,https://data.yang2000ling.com/img/psp_200/1885.jpg,英文|法文,Disney Interactive,美版
psp,1886,G.I. Joe - The Rise of Cobra,特种部队-眼镜蛇的崛起,ULES-01277,2009-08-11,Action,https://data.yang2000ling.com/img/psp_200/1886.jpg,西班牙语|意大利语|德语|英文|法文,Electronic Arts,欧版
psp,1887,Madden NFL 10,劲爆美式橄榄球2010,ULUS-10441,2009-08-13,Sports,https://data.yang2000ling.com/img/psp_200/1887.jpg,英文,Electronic Arts,美版
psp,1888,Ookami Kakushi,神隐,ULJM-05413,2009-08-20,Adventure,https://data.yang2000ling.com/img/psp_200/1888.jpg,日语,Konami,日版
psp,1889,Saikyou Toudai Shogi DX,最强东大将棋 豪华版,ULJM-05506,2009-08-20,Board Games,https://data.yang2000ling.com/img/psp_200/1889.jpg,日语,Mycom,日版
psp,1890,Dissidia - Final Fantasy,最终幻想-纷争,ULUS-10437,2009-10-23,Fighting,https://data.yang2000ling.com/img/psp_200/1890.jpg,英文,Square Enix,美版
psp,1891,Kiniro no Corda 2f Encore,金色的琴弦2F 安可,ULJM-05508,2009-08-20,Adventure,https://data.yang2000ling.com/img/psp_200/1891.jpg,日语,Koei,日版
psp,1892,G-Force,豚鼠特工队,ULES-01238,2009-08-25,Action,https://data.yang2000ling.com/img/psp_200/1892.jpg,西班牙语|英文|法文,Disney Interactive,欧版
psp,1893,Soul Calibur - Broken Destiny,灵魂能力-毁灭宿命,ULJS-00202,2009-08-26,Fighting,https://data.yang2000ling.com/img/psp_200/1893.jpg,日语,Bandai Namco Games,日版
psp,1894,Mawaskes Puzzle,旋转方块,ULES-01104,2009-08-27,Puzzle,https://data.yang2000ling.com/img/psp_200/1894.jpg,西班牙语|意大利语|德语|荷兰语|英文|法文,Irem,欧版
psp,1895,Tenchu San Portable,天诛3 携带版,ULJM-05505,2009-08-28,Action Adventure,https://data.yang2000ling.com/img/psp_200/1895.jpg,日语,From Software,日版
psp,1896,Sorayume Portable,天空之梦 携带版,ULJS-00203,2009-08-29,Adventure,https://data.yang2000ling.com/img/psp_200/1896.jpg,日语,Takuyo,日版
psp,1897,Hakuouki Portable,薄樱鬼 携带版,ULJM-05510,2009-08-30,Adventure,https://data.yang2000ling.com/img/psp_200/1897.jpg,日语,Idea Factory,日版
psp,1898,Soul Calibur - Broken Destiny,灵魂能力-毁灭宿命,ULES-01298,2010-06-24,Fighting,https://data.yang2000ling.com/img/psp_200/1898.jpg,西班牙语|意大利语|德语|英文|法文,UbiSoft,欧版
psp,1899,Warriors Orochi 2,无双大蛇-魔王再临,ULUS-10423,2009-08-31,Beat Em Up,https://data.yang2000ling.com/img/psp_200/1899.jpg,英文|法文,Koei,美版
psp,1900,Yamamura Misa Suspense - Kyoto Kuramayama Shou Satsujin Jiken,山村美纱悬疑-京都鞍马山庄杀人事件,ULJS-00225,2009-09-02,Adventure,https://data.yang2000ling.com/img/psp_200/1900.jpg,日语,Marvelous,日版
psp,1901,"Simple 2500 Series Portable Vol. 12 - The Hohei 2 - Senyuu yo, Sakini Ike",廉价2500系列Vol.12-步兵2 先逝的战友,ULJS-00207,2009-09-02,Action,https://data.yang2000ling.com/img/psp_200/1901.jpg,日语,D3 Publisher,日版
psp,1902,Samuraidou 2 Portable,侍道2 携带版,ULJS-00217,2009-09-02,Action,https://data.yang2000ling.com/img/psp_200/1902.jpg,日语,Spike,日版
psp,1903,Heart no Kuni no Alice (UMD Disc 1),红心国的爱丽丝(UMD-Disc 1),ULJM-05497,2009-09-02,Adventure,https://data.yang2000ling.com/img/psp_200/1903.jpg,日语,Prototype,日版
psp,1904,Heart no Kuni no Alice (UMD Disc 2),红心国的爱丽丝(UMD-Disc 2),ULJM-05498,2009-09-02,Adventure,https://data.yang2000ling.com/img/psp_200/1904.jpg,日语,Prototype,日版
psp,1905,IL-2 Sturmovik - Birds of Prey,伊尔2战机-捕食鸟,ULES-01316,2009-09-03,Flight Simulation,https://data.yang2000ling.com/img/psp_200/1905.jpg,西班牙语|意大利语|德语|英文|法文,505 Games,欧版
psp,1906,Dissidia - Final Fantasy,最终幻想-纷争,ULES-01270,2009-09-03,Fighting,https://data.yang2000ling.com/img/psp_200/1906.jpg,西班牙语|意大利语|德语|英文|法文,Square Enix,欧版
psp,1907,Disgaea 2 - Dark Hero Days,魔界战记2 携带版,ULUS-10461,2009-09-05,RPG,https://data.yang2000ling.com/img/psp_200/1907.jpg,英文,NIS America,美版
psp,1908,Soul Calibur - Broken Destiny,灵魂能力-毁灭宿命,ULUS-10457,2009-09-07,Fighting,https://data.yang2000ling.com/img/psp_200/1908.jpg,英文,Bandai Namco Games,美版
psp,1909,AFL Challenge,澳式橄榄球联盟挑战赛,ULES-01299,2009-09-09,Sports,https://data.yang2000ling.com/img/psp_200/1909.jpg,英文,Tru Blu Entertainment,欧版
psp,1910,Rugby League Challenge,联盟式橄榄球挑战赛,ULES-01283,2009-09-09,Sports,https://data.yang2000ling.com/img/psp_200/1910.jpg,英文,Tru Blu Entertainment,欧版
psp,1911,MotorStorm - Arctic Edge,机车风暴-极地先锋,UCES-01250,2009-09-09,Racing,https://data.yang2000ling.com/img/psp_200/1911.jpg,瑞典语|西班牙语|葡萄牙语|挪威语|意大利语|德语|芬兰语|荷兰语|丹麦语|英文|法文,Sony,欧版
psp,1912,Warriors Orochi 2,无双大蛇-魔王再临,ULES-01261,2009-09-09,Beat Em Up,https://data.yang2000ling.com/img/psp_200/1912.jpg,英文|法文,Koei,欧版
psp,1913,Colin McRae - DiRT 2,科林麦克雷拉力赛-尘埃2,ULES-01301,2009-09-10,Racing,https://data.yang2000ling.com/img/psp_200/1913.jpg,西班牙语|意大利语|德语|英文|法文,Codemasters,欧版
psp,1914,Cloudy With a Chance of Meatballs,美食从天降,ULUS-10444,2009-09-11,Action,https://data.yang2000ling.com/img/psp_200/1914.jpg,西班牙语|英文|法文,UbiSoft,美版
psp,1915,Need for Speed - Shift,极品飞车-变速,ULUS-10462,2009-09-11,Racing,https://data.yang2000ling.com/img/psp_200/1915.jpg,西班牙语|英文|法文,Electronic Arts,美版
psp,1916,Need for Speed - Shift,极品飞车-变速,ULES-01275,2009-09-11,Racing,https://data.yang2000ling.com/img/psp_200/1916.jpg,西班牙语|意大利语|德语|英文|法文,Electronic Arts,欧版
psp,1917,Maplus - Portable Navi 3,Maplus-便携卫星导航3,ULJS-00199,2009-09-12,GPS,https://data.yang2000ling.com/img/psp_200/1917.jpg,日语,Edia,日版
psp,1918,Ys Seven,伊苏7,ULJM-05475,2009-09-16,Action RPG,https://data.yang2000ling.com/img/psp_200/1918.jpg,日语,Nihon Falcom,日版
psp,1919,Jikkyou Powerful Pro Yakyuu Portable 4,实况力量棒球4 携带版,ULJM-05421,2009-09-16,Sports,https://data.yang2000ling.com/img/psp_200/1919.jpg,日语,Konami,日版
psp,1920,Katekyoo Hitman Reborn! Battle Arena 2 - Spirits Burst,家庭教师HR 战斗竞技场2,ULJS-00218,2009-09-16,Fighting,https://data.yang2000ling.com/img/psp_200/1920.jpg,日语,Marvelous,日版
psp,1921,Tantei Jinguuji Saburo - Hai to Diamond,侦探神宫寺三郎-灰烬与钻石,ULJM-05529,2009-09-16,Adventure,https://data.yang2000ling.com/img/psp_200/1921.jpg,日语,Arc System Works,日版
psp,1922,Yu-Gi-Oh! 5D's Tag Force 4,游戏王5D's 卡片力量4,ULJM-05479,2009-09-17,Card Battle,https://data.yang2000ling.com/img/psp_200/1922.jpg,日语,Konami,日版
psp,1923,Taikou Risshiden V,太阁立志传5,ULJM-05525,2009-09-17,Strategy,https://data.yang2000ling.com/img/psp_200/1923.jpg,日语,Koei,日版
psp,1924,428 - Fuusa Sareta Shibuya de,428-被封锁的涩谷428 -,ULJS-00219,2009-09-17,Adventure,https://data.yang2000ling.com/img/psp_200/1924.jpg,日语,Spike,日版
psp,1925,Shin Megami Tensei - Persona,女神异闻录,ULUS-10432,2009-09-23,RPG,https://data.yang2000ling.com/img/psp_200/1925.jpg,英文,Atlus,美版
psp,1926,Marvel - Ultimate Alliance 2,漫画英雄-终极联盟2,ULUS-10421,2009-09-23,Action RPG,https://data.yang2000ling.com/img/psp_200/1926.jpg,英文,Activision,美版
psp,1927,Gran Turismo,GT赛车,UCUS-98632,2009-09-25,Racing,https://data.yang2000ling.com/img/psp_200/1927.jpg,英文,Sony,美版
psp,1928,Naruto Shippuden - Legends - Akatsuki Rising,火影忍者疾风传-晓之鼓动,ULES-01306,2009-09-25,Action,https://data.yang2000ling.com/img/psp_200/1928.jpg,西班牙语|意大利语|德语|英文|法文,Bandai Namco Games,欧版
psp,1929,G-Force,豚鼠特工队,ULES-01239,2009-09-22,Action,https://data.yang2000ling.com/img/psp_200/1929.jpg,意大利语|德语,Disney Interactive,欧版
psp,1930,Colin McRae - DiRT 2,科林麦克雷拉力赛-尘埃2,ULUS-10471,2009-09-27,Racing,https://data.yang2000ling.com/img/psp_200/1930.jpg,英文,Codemasters,美版
psp,1931,Gendai Daisenryaku Isshoku Sokuhatsu - Gunji Balance Houkai,现代大战略-一触即发 军事平衡崩坏,ULJS-00213,2009-09-27,Action,https://data.yang2000ling.com/img/psp_200/1931.jpg,日语,System Soft,日版
psp,1932,Beaterator,韵律大师,ULUS-10405,2009-09-27,Music,https://data.yang2000ling.com/img/psp_200/1932.jpg,英文,Rockstar Games,美版
psp,1933,FIFA 10,FIFA足球2010,ULES-01322,2009-09-27,Sports,https://data.yang2000ling.com/img/psp_200/1933.jpg,英文,Electronic Arts,欧版
psp,1934,Gran Turismo,GT赛车,ULJS-10100,2009-09-30,Racing,https://data.yang2000ling.com/img/psp_200/1934.jpg,日语,Sony,日版
psp,1935,Musou Orochi - Maou Sairin Plus,无双大蛇-魔王再临 增值版,ULKS-46209,2009-09-30,Action,https://data.yang2000ling.com/img/psp_200/1935.jpg,韩语,Koei,韩版
psp,1936,Like Life Every Hour,就如生活每一刻,ULJM-05507,2009-09-30,Adventure,https://data.yang2000ling.com/img/psp_200/1936.jpg,日语,GN Software,日版
psp,1937,Macross Ultimate Frontier,超时空要塞 终极边界,NPJH-50050,2009-09-30,Action,https://data.yang2000ling.com/img/psp_200/1937.jpg,日语,Bandai Namco Games,日版
psp,1938,Mana Khemia 2 Ochita Gakuen to Renkinjutsushi Tachi Portable,玛娜传奇2-学园的炼金术士们 携带版,ULJM-05519,2009-09-30,Strategy,https://data.yang2000ling.com/img/psp_200/1938.jpg,日语,Gust,日版
psp,1939,Winning Post 7 2009,胜利赛马7 2009,ULJM-05546,2009-09-30,Horse Race,https://data.yang2000ling.com/img/psp_200/1939.jpg,日语,Koei,日版
psp,1940,Minna no Sukkiri,全民都爽快,UCJS-10094,2009-09-30,Sports,https://data.yang2000ling.com/img/psp_200/1940.jpg,日语,Sony,日版
psp,1941,Gran Turismo,GT赛车,UCAS-40265,2009-10-01,Racing,https://data.yang2000ling.com/img/psp_200/1941.jpg,韩语|中文|英文,Sony,中国版
psp,1942,Beaterator,韵律大师,ULES-01023,2009-10-01,Music,https://data.yang2000ling.com/img/psp_200/1942.jpg,西班牙语|意大利语|德语|英文|法文,Rockstar Games,欧版
psp,1943,Obscure The Aftermath,暗夜杀机 结果,ULUS-10484,2011-06-21,Action Adventure,https://data.yang2000ling.com/img/psp_200/1943.jpg,西班牙语|英文|法文,Ignition Entertainment,美版
psp,1944,FIFA 10,FIFA足球2010,ULES-01325,2011-05-14,Sports,https://data.yang2000ling.com/img/psp_200/1944.jpg,意大利语,Electronic Arts,意大利版
psp,1945,FIFA 10,FIFA足球2010,ULES-01330,2009-10-02,Sports,https://data.yang2000ling.com/img/psp_200/1945.jpg,德语,Electronic Arts,德版
psp,1946,FIFA 10,FIFA足球2010,ULES-01323,2009-10-03,Sports,https://data.yang2000ling.com/img/psp_200/1946.jpg,西班牙语,Electronic Arts,西班牙版
psp,1947,Gran Turismo,GT赛车,UCES-01245,2009-10-04,Racing,https://data.yang2000ling.com/img/psp_200/1947.jpg,西班牙语|意大利语|德语|英文|法文,Sony,欧版
psp,1948,NBA 2K10,NBA篮球2010,ULUS-10474,2009-10-05,Sports,https://data.yang2000ling.com/img/psp_200/1948.jpg,英文,2K Sports,美版
psp,1949,NBA 10 The Inside,美国职业篮球联赛10,UCUS-98738,2009-10-05,Sports,https://data.yang2000ling.com/img/psp_200/1949.jpg,英文,Sony,美版
psp,1950,Star Wars The Clone Wars - Republic Heroes,星球大战 克隆人战争-共和国英雄,ULES-01284,2009-10-05,Action Adventure,https://data.yang2000ling.com/img/psp_200/1950.jpg,西班牙语|英文|法文,LucasArts,欧版
psp,1951,Cloudy With a Chance of Meatballs,美食从天降,ULES-01318,2009-10-05,Adventure,https://data.yang2000ling.com/img/psp_200/1951.jpg,西班牙语|意大利语|德语|英文|法文,UbiSoft,欧版
psp,1952,FIFA 10,FIFA足球2010,ULES-01326,2009-10-05,Sports,https://data.yang2000ling.com/img/psp_200/1952.jpg,法文,Electronic Arts,法版
psp,1953,NBA Live 10,NBA实况10,ULUS-10465,2009-10-06,Sports,https://data.yang2000ling.com/img/psp_200/1953.jpg,英文,Electronic Arts,美版
psp,1954,Star Wars The Clone Wars - Republic Heroes,星球大战 克隆人战争-共和国英雄,ULUS-10477,2009-10-06,Action Adventure,https://data.yang2000ling.com/img/psp_200/1954.jpg,英文,LucasArts,美版
psp,1955,Kurogane no Linebarrels,武装机甲,ULJM-05495,2009-10-07,Action,https://data.yang2000ling.com/img/psp_200/1955.jpg,日语,Hudson,日版
psp,1956,Memories Off 5 - Encore,秋之回忆5-安可,ULJM-05527,2009-10-07,Adventure,https://data.yang2000ling.com/img/psp_200/1956.jpg,日语,CyberFront,日版
psp,1957,Hoshigari Empusa Portable,校园恋爱争夺战 携带版,ULJS-00172,2009-10-09,Simulation,https://data.yang2000ling.com/img/psp_200/1957.jpg,日语,Takuyo Kogyo,日版
psp,1958,Obscure The Aftermath,暗夜杀机 结果,ULES-01340,2009-10-11,Action Adventure,https://data.yang2000ling.com/img/psp_200/1958.jpg,西班牙语|意大利语|德语|英文|法文,Ignition Entertainment,欧版
psp,1959,MotorStorm - Arctic Edge,机车风暴-极地先锋,UCKS-45124,2009-10-12,Racing,https://data.yang2000ling.com/img/psp_200/1959.jpg,韩语,Sony,韩版
psp,1960,Diabolik - The Original Sin,德伯力克-原罪,ULES-01248,2009-10-12,Adventure,https://data.yang2000ling.com/img/psp_200/1960.jpg,西班牙语|意大利语|德语|英文|法文,Black Bean Games,欧版
psp,1961,Undead Knights,不死骑士,ULJM-05530,2009-10-13,Action,https://data.yang2000ling.com/img/psp_200/1961.jpg,日语,Tecmo,日版
psp,1962,Fullmetal Alchemist Senaka wo Takuseshi Mono,钢之炼金术师 托付背后之人,ULJS-00220,2009-10-13,Action,https://data.yang2000ling.com/img/psp_200/1962.jpg,日语,Bandai Namco Games,日版
psp,1963,Half-Minute Hero,勇者30,ULUS-10491,2009-10-13,RPG,https://data.yang2000ling.com/img/psp_200/1963.jpg,英文,Xseed Games,美版
psp,1964,"Holy Invasion of Privacy, Badman! -  What Did I Do To Deserve This",勇者别嚣张,ULES-01332,2009-10-13,RPG,https://data.yang2000ling.com/img/psp_200/1964.jpg,西班牙语|意大利语|德语|英文|法文,Koei,欧版
psp,1965,Cars Race-O-Rama,汽车总动员 竞速,ULUS-10428,2009-10-14,Racing,https://data.yang2000ling.com/img/psp_200/1965.jpg,西班牙语|意大利语|德语|英文|法文,THQ,美版
psp,1966,FIFA 10,FIFA足球2010,NPHH-00061,2009-10-14,Sports,https://data.yang2000ling.com/img/psp_200/1966.jpg,韩语,Electronic Arts,韩版
psp,1967,NBA Live 10,NBA实况10,ULES-01308,2009-10-15,Sports,https://data.yang2000ling.com/img/psp_200/1967.jpg,意大利语|德语|英文,Electronic Arts,欧版
psp,1968,NBA 2K10,NBA篮球2010,ULUS-10474,2009-10-15,Sports,https://data.yang2000ling.com/img/psp_200/1968.jpg,英文,2K Sports,日版
psp,1969,Naruto Shippuden - Legends - Akatsuki Rising,火影忍者疾风传-晓之鼓动,ULUS-10447,2009-10-16,Action,https://data.yang2000ling.com/img/psp_200/1969.jpg,英文,Bandai Namco Games,美版
psp,1970,Atom,铁臂阿童木,ULJS-00234,2009-10-16,Action,https://data.yang2000ling.com/img/psp_200/1970.jpg,日语,D3 Publisher,日版
psp,1971,NBA Live 10,NBA实况10,ULES-01309,2009-10-18,Sports,https://data.yang2000ling.com/img/psp_200/1971.jpg,法文,Electronic Arts,法版
psp,1972,Up,飞屋环游记,ULES-01257,2009-10-20,Action,https://data.yang2000ling.com/img/psp_200/1972.jpg,意大利语,THQ,意大利版
psp,1973,Grand Theft Auto - Chinatown Wars,侠盗猎车-血战唐人街,ULES-01347,2009-10-20,Action Adventure,https://data.yang2000ling.com/img/psp_200/1973.jpg,西班牙语|意大利语|德语|英文|法文,Rockstar Games,欧版
psp,1974,Antiphona no Seikahime - Tenshi no Gakufu Op.A,安迪佛纳的圣歌姬-天使的乐谱,ULJS-00229,2009-10-20,RPG,https://data.yang2000ling.com/img/psp_200/1974.jpg,日语,Nippon Ichi Software,日版
psp,1975,Shin Sangoku Musou 5 Special,真三国无双5 特别版,ULJM-05524,2009-10-20,Beat Em Up,https://data.yang2000ling.com/img/psp_200/1975.jpg,日语,Koei,日版
psp,1976,Marvel Super Hero Squad,漫威超级英雄战队,ULUS-10485,2009-10-21,Adventure,https://data.yang2000ling.com/img/psp_200/1976.jpg,英文,THQ,美版
psp,1977,WWE Smackdown vs. Raw 2010,世界摔跤联盟2010,ULUS-10452,2009-10-21,Sports,https://data.yang2000ling.com/img/psp_200/1977.jpg,英文,THQ,美版
psp,1978,"Secret Saturdays - Beasts of the Fifth Sun, The",秘密星期六-第五日之兽,ULUS-10443,2009-10-21,Action Adventure,https://data.yang2000ling.com/img/psp_200/1978.jpg,英文,D3 Publisher,美版
psp,1979,Cover Girl,封面女郎,ULES-01302,2009-10-21,Miscellaneous,https://data.yang2000ling.com/img/psp_200/1979.jpg,西班牙语|意大利语|德语|英文|法文,Ubisoft,欧版
psp,1980,WWE Smackdown vs. Raw 2010,世界摔跤联盟2010,ULES-01339,2009-10-22,Sports,https://data.yang2000ling.com/img/psp_200/1980.jpg,英文,THQ,欧版
psp,1981,Ben 10 - Alien Force Vilgax Attacks,BEN10-外星神力 维尔加科斯的攻击,ULUS-10488,2009-10-22,Action,https://data.yang2000ling.com/img/psp_200/1981.jpg,英文,D3 Publisher,美版
psp,1982,FIFA 10 - World Class Soccer,FIFA足球2010,NPJH-50093,2009-10-22,Sports,https://data.yang2000ling.com/img/psp_200/1982.jpg,日语,Electronic Arts,日版
psp,1983,Shadow of Memories,暗影回忆录,ULJM-05512,2009-10-23,Adventure,https://data.yang2000ling.com/img/psp_200/1983.jpg,日语,Konami,日版
psp,1984,Dissidia - Final Fantasy,最终幻想-纷争,ULUS-10437,2009-10-23,Fighting,https://data.yang2000ling.com/img/psp_200/1984.jpg,中文|英文,Square Enix,中国版
psp,1985,Marvel Super Hero Squad,漫威超级英雄战队,ULES-01368,2009-10-23,Adventure,https://data.yang2000ling.com/img/psp_200/1985.jpg,西班牙语|意大利语|德语|英文|法文,THQ,欧版
psp,1986,MotorStorm - Arctic Edge,机车风暴-极地先锋,UCUS-98743,2009-10-27,Racing,https://data.yang2000ling.com/img/psp_200/1986.jpg,英文,Sony,美版
psp,1987,Elminage II - Sousei no Megami to Unmei no Daichi,冬宫2-双生的女神与命运大地,ULJM-05488,2009-10-27,RPG,https://data.yang2000ling.com/img/psp_200/1987.jpg,日语,Starfish SD,日版
psp,1988,Kenka Banchou Portable,喧哗番长 携带版,ULJS-00235,2009-10-27,Action,https://data.yang2000ling.com/img/psp_200/1988.jpg,日语,Spike,日版
psp,1989,NBA 2K10,NBA篮球2010,ULES-01342,2009-10-28,Sports,https://data.yang2000ling.com/img/psp_200/1989.jpg,英文,2K Sports,欧版
psp,1990,Adventures to Go!,订购吧 我们的世界,ULUS-10417,2011-05-02,RPG,https://data.yang2000ling.com/img/psp_200/1990.jpg,英文,Natsume,美版
psp,1991,Petz - Saddle Club,宠物-马术俱乐部,ULUS-10402,2009-10-29,Simulation,https://data.yang2000ling.com/img/psp_200/1991.jpg,英文,Ubisoft,美版
psp,1992,SpongeBob's Truth or Square,海绵宝宝 诚实或正直,ULUS-10478,2009-10-29,Action,https://data.yang2000ling.com/img/psp_200/1992.jpg,英文,THQ,美版
psp,1993,Cars Race-O-Rama,汽车总动员 竞速,ULES-01333,2009-10-29,Racing,https://data.yang2000ling.com/img/psp_200/1993.jpg,西班牙语|意大利语|德语|英文|法文,THQ,欧版
psp,1994,Football Manager Handheld 2010,足球经理2010,ULES-01338,2009-10-30,Sports,https://data.yang2000ling.com/img/psp_200/1994.jpg,西班牙语|意大利语|德语|英文|法文,SEGA,欧版
psp,1995,Shin Megami Tensei - Persona 3 Portable,女神异闻录3 携带版,NPJH-50040,2009-10-31,RPG,https://data.yang2000ling.com/img/psp_200/1995.jpg,日语,Atlus,日版
psp,1996,Jigen Kairou,时限回廊,UCJS-10096,2009-11-01,Puzzle,https://data.yang2000ling.com/img/psp_200/1996.jpg,日语,Sony,日版
psp,1997,Dissidia - Final Fantasy - Universal Tuning,最终幻想-纷争 环球同调,NPJH-50065,2009-11-01,Action,https://data.yang2000ling.com/img/psp_200/1997.jpg,日语,Square Enix,日版
psp,1998,Ghostbusters - The Video Game,捉鬼敢死队,ULUS-10486,2009-11-03,Action,https://data.yang2000ling.com/img/psp_200/1998.jpg,英文,Atari,美版
psp,1999,Star Wars Battlefront - Elite Squadron,星球大战 前线-精英舰队,ULUS-10390,2009-11-03,Shooter,https://data.yang2000ling.com/img/psp_200/1999.jpg,西班牙语|意大利语|德语|英文|法文,LucasArts,美版
psp,2000,Pro Evolution Soccer 2010,实况足球2010,ULES-01353,2009-11-04,Sports,https://data.yang2000ling.com/img/psp_200/2000.jpg,瑞典语|荷兰语|英文,Konami,欧版
psp,2001,Pro Evolution Soccer 2010,实况足球2010,ULES-01354,2009-11-04,Sports,https://data.yang2000ling.com/img/psp_200/2001.jpg,西班牙语|葡萄牙语|意大利语|德语|法文,Konami,欧版
psp,2002,Star Wars Battlefront - Elite Squadron,星球大战 前线-精英舰队,ULES-01214,2009-11-06,Shooter,https://data.yang2000ling.com/img/psp_200/2002.jpg,西班牙语|意大利语|德语|英文|法文,LucasArts,欧版
psp,2003,Psila Ston Ourano,飞屋环游记,ULES-01259,2009-11-08,Action,https://data.yang2000ling.com/img/psp_200/2003.jpg,,THQ,欧版
psp,2004,Harukanaru Toki no Naka de 3 - Unmei no Labyrinth Aizouban,遥远的时空中3-命运的迷宫 爱藏版,ULJM-05547,2012-09-06,RPG,https://data.yang2000ling.com/img/psp_200/2004.jpg,日语,Koei,日版
psp,2005,MotorStorm - Raging Ice,机车风暴-极地先锋,UCJS-10104,2009-11-09,Racing,https://data.yang2000ling.com/img/psp_200/2005.jpg,日语,Sony,日版
psp,2006,Ghostbusters - The Video Game,捉鬼敢死队,UCES-01276,2009-11-10,Action,https://data.yang2000ling.com/img/psp_200/2006.jpg,西班牙语|意大利语|德语|荷兰语|英文|法文,Atari,欧版
psp,2007,Battle Spirits - Kiseki no Hasha,辉石之霸者,ULJS-00238,2009-11-11,RPG,https://data.yang2000ling.com/img/psp_200/2007.jpg,日语,Bandai Namco Games,日版
psp,2008,Hexyz Force,神眷之力,ULJM-05501,2009-11-11,RPG,https://data.yang2000ling.com/img/psp_200/2008.jpg,日语,Atlus,日版
psp,2009,J-League Pro Soccer Club o Tsukurou! 6 - Pride of J,J联盟创造球会6,NPJH-50076,2009-11-11,Sports,https://data.yang2000ling.com/img/psp_200/2009.jpg,日语,Sega,日版
psp,2010,Need for Speed - Shift,极品飞车-变速,ULJM-05494,2009-11-11,Racing,https://data.yang2000ling.com/img/psp_200/2010.jpg,日语,Electronic Arts,日版
psp,2011,Little Big Planet,小小大星球,UCUS-98744,2009-11-11,Action,https://data.yang2000ling.com/img/psp_200/2011.jpg,瑞典语|西班牙语|葡萄牙语|波兰语|挪威语|意大利语|德语|芬兰语|荷兰语|丹麦语|英文|法文,Sony,美版
psp,2012,Ben 10 - Alien Force Vilgax Attacks,BEN10-外星神力 维尔加科斯的攻击,ULES-01358,2009-11-11,Action,https://data.yang2000ling.com/img/psp_200/2012.jpg,西班牙语|意大利语|德语|英文|法文,D3 Publisher,欧版
psp,2013,Lunar - Harmony of Silver Star,露娜-银星和声,NPJH-50054,2009-11-11,RPG,https://data.yang2000ling.com/img/psp_200/2013.jpg,日语,GungHo,日版
psp,2014,Kenka Bancho - Badass Rumble,喧哗番长3-全国制霸,ULUS-10442,2009-11-11,Beat Em Up,https://data.yang2000ling.com/img/psp_200/2014.jpg,英文,Atlus,美版
psp,2015,Assassin's Creed - Bloodlines,刺客信条-血缘,ULUS-10455,2009-11-12,Action Adventure,https://data.yang2000ling.com/img/psp_200/2015.jpg,西班牙语|意大利语|德语|英文|法文,UbiSoft,美版
psp,2016,Hannah Montana - Rock Out the Show,汉娜蒙塔娜-摇滚之夜,ULES-01303,2009-11-12,Music,https://data.yang2000ling.com/img/psp_200/2016.jpg,西班牙语|意大利语|德语|英文|法文,Disney Interactive,欧版
psp,2017,Invizimals,隐形妖怪,UCES-01241,2009-11-12,Puzzle,https://data.yang2000ling.com/img/psp_200/2017.jpg,瑞典语|西班牙语|葡萄牙语|波兰语|挪威语|意大利语|德语|芬兰语|荷兰语|丹麦语|英文|法文,Sony,欧版
psp,2018,Taishou Yakyuujou - Otome Tatsuno Seishun Nikki,大正野球娘-少女们的青春,ULJM-05528,2009-11-12,Adventure,https://data.yang2000ling.com/img/psp_200/2018.jpg,日语,5bp,日版
psp,2019,Juujimoto Ripputai Sypher Portable,十次元立方体 携带版,ULJM-05491,2009-11-13,Adventure,https://data.yang2000ling.com/img/psp_200/2019.jpg,日语,Abel,日版
psp,2020,Higurashi no Naku Koro ni - Jan,寒蝉鸣泣时雀,ULJM-05554,2009-11-13,Board Games,https://data.yang2000ling.com/img/psp_200/2020.jpg,日语,AQ Interactive,日版
psp,2021,Jak and Daxter - The Lost Frontier,杰克与达斯特-失落的边境,UCES-01225,2009-11-14,Action Adventure,https://data.yang2000ling.com/img/psp_200/2021.jpg,瑞典语|西班牙语|葡萄牙语|波兰语|挪威语|意大利语|德语|芬兰语|荷兰语|丹麦语|英文|法文,Sony,欧版
psp,2022,Warship Gunner 2 Portable,钢铁之咆哮2 携带版,ULJM-05553,2009-11-15,Action,https://data.yang2000ling.com/img/psp_200/2022.jpg,日语,Koei,日版
psp,2023,NBA Live 10,NBA实况10,NPJH-50084,2009-11-16,Sports,https://data.yang2000ling.com/img/psp_200/2023.jpg,日语,Electronic Arts,日版
psp,2024,Sengoku Hime - Senran ni Mau Otometachi,战极姬-战乱中起舞的少女们,ULJM-05540,2009-11-16,Adventure,https://data.yang2000ling.com/img/psp_200/2024.jpg,日语,Yeti,日版
psp,2025,Astro Boy - The Video Game,铁臂阿童木,ULES-01345,2009-11-16,Action,https://data.yang2000ling.com/img/psp_200/2025.jpg,英文,D3 Publisher,欧版
psp,2026,Assassin's Creed - Bloodlines,刺客信条-血缘,ULES-01367,2009-11-17,Action Adventure,https://data.yang2000ling.com/img/psp_200/2026.jpg,西班牙语|意大利语|德语|英文|法文,UbiSoft,欧版
psp,2027,LEGO Indiana Jones 2 - The Adventure Continues,乐高印第安纳琼斯2-冒险继续,ULUS-10487,2009-11-17,Action Adventure,https://data.yang2000ling.com/img/psp_200/2027.jpg,西班牙语|英文|法文,LucasArts,美版
psp,2028,Invizimals,隐形妖怪,UCAS-40280,2009-11-17,Puzzle,https://data.yang2000ling.com/img/psp_200/2028.jpg,中文|英文,Sony,中国版
psp,2029,Little Big Planet,小小大星球,UCES-01264,2009-11-17,Action,https://data.yang2000ling.com/img/psp_200/2029.jpg,瑞典语|西班牙语|葡萄牙语|波兰语|挪威语|意大利语|德语|芬兰语|荷兰语|丹麦语|英文|法文,Sony,欧版
psp,2030,Little Big Planet,小小大星球,UCAS-40262,2009-11-18,Action,https://data.yang2000ling.com/img/psp_200/2030.jpg,韩语|中文|英文,Sony,中国版
psp,2031,Pri-Saga! Portable,寻姬 携带版,ULJM-05521,2009-11-18,Adventure,https://data.yang2000ling.com/img/psp_200/2031.jpg,日语,Abel,日版
psp,2032,Armored Core - Silent Line Portable,装甲核心-寂静前线 携带版,ULJM-05552,2009-11-18,Simulation,https://data.yang2000ling.com/img/psp_200/2032.jpg,日语,From Software,日版
psp,2033,F1 2009,F1赛车2009,ULUS-10449,2009-11-19,Racing,https://data.yang2000ling.com/img/psp_200/2033.jpg,英文,Codemasters,美版
psp,2034,Jak and Daxter - Elf to Itachi no Daibouken,杰克与达斯特-失落的边境,UCJS-10103,2009-11-19,Action Adventure,https://data.yang2000ling.com/img/psp_200/2034.jpg,日语,Sony,日版
psp,2035,Ridge Racers 2,山脊赛车2,UCAS-40119,2009-11-19,Racing,https://data.yang2000ling.com/img/psp_200/2035.jpg,中文|西班牙语|意大利语|德语|英文|法文,Bandai Namco Games,中国版
psp,2036,F1 2009,F1赛车2009,ULES-01355,2009-11-19,Racing,https://data.yang2000ling.com/img/psp_200/2036.jpg,西班牙语|意大利语|德语|英文|法文,Codemasters,欧版
psp,2037,Yu-Gi-Oh! 5D's Tag Force 4,游戏王5D's 卡片力量4,ULUS-10481,2009-11-19,Card Battle,https://data.yang2000ling.com/img/psp_200/2037.jpg,西班牙语|意大利语|德语|英文|法文,Konami,美版
psp,2038,Marvel - Ultimate Alliance 2,漫画英雄-终极联盟2,ULES-01343,2009-11-20,Action RPG,https://data.yang2000ling.com/img/psp_200/2038.jpg,英文,Activision,欧版
psp,2039,LEGO Indiana Jones 2 - The Adventure Continues,乐高印第安纳琼斯2-冒险继续,ULES-01370,2009-11-21,Action Adventure,https://data.yang2000ling.com/img/psp_200/2039.jpg,西班牙语|葡萄牙语|意大利语|德语|英文|法文,LucasArts,欧版
psp,2040,Tekken 6,铁拳6,ULUS-10466,2009-11-23,Beat Em Up,https://data.yang2000ling.com/img/psp_200/2040.jpg,西班牙语|意大利语|德语|英文|法文,Bandai Namco Games,美版
psp,2041,Yu-Gi-Oh! 5D's Tag Force 4,游戏王5D's 卡片力量4,ULES-01362,2009-11-24,Card Battle,https://data.yang2000ling.com/img/psp_200/2041.jpg,西班牙语|意大利语|德语|英文|法文,Konami,欧版
psp,2042,Higurashi Daybreak Portable Mega Edition,寒蝉鸣泣之时 加强版,ULJM-05557,2009-11-24,Adventure,https://data.yang2000ling.com/img/psp_200/2042.jpg,日语,Alchemist,日版
psp,2043,Itsuka Kono Te ga Kegareru Toki ni - Spectral Force Legacy,鬼魂力量-遗产,ULJM-05523,2009-11-24,RPG,https://data.yang2000ling.com/img/psp_200/2043.jpg,日语,Idea Factory,日版
psp,2044,La Pucelle - Ragnarok,仙境传说-光之圣女 诸神的黄昏,ULJS-00244,2009-11-24,Strategy,https://data.yang2000ling.com/img/psp_200/2044.jpg,日语,Nippon Ichi Software,日版
psp,2045,L no Kisetsu - Double Pocket,L的季节-2重包,ULJM-05555,2009-11-25,Adventure,https://data.yang2000ling.com/img/psp_200/2045.jpg,日语,5bp,日版
psp,2046,Puyo Puyo 7,噗哟噗喲7,NPJH-50075,2009-11-26,Matching Puzzle,https://data.yang2000ling.com/img/psp_200/2046.jpg,日语,Sega,日版
psp,2047,Gakuen Heaven - Boy's Love Scramble! (UMD Disc 1),学园天堂-男孩子的爱情争夺战(UMD-Disc 1),ULJM-05562,2009-11-26,Adventure,https://data.yang2000ling.com/img/psp_200/2047.jpg,日语,NEC Interchannel,日版
psp,2048,Gakuen Heaven - Boy's Love Scramble! (UMD Disc 2),学园天堂-男孩子的爱情争夺战(UMD-Disc 2),ULJM-05563,2009-11-26,Adventure,https://data.yang2000ling.com/img/psp_200/2048.jpg,日语,NEC Interchannel,日版
psp,2049,Shin Sangoku Musou 5 Special,真三国无双5 特别版,ULAS-42202,2009-11-26,Beat Em Up,https://data.yang2000ling.com/img/psp_200/2049.jpg,中文,Koei,中国版
psp,2050,Yamada Yuusuke World Puzzle - Bokura no 48 Jikan Sensou,山田悠介世界拼图,ULJM-05543,2009-11-30,Puzzle,https://data.yang2000ling.com/img/psp_200/2050.jpg,日语,Kadokawa Shoten,日版
psp,2051,Kidou Senshi Gundam - Gundam vs. Gundam NEXT PLUS,机动战士高达-高达vs.高达,NPJH-50107,2009-11-30,Action,https://data.yang2000ling.com/img/psp_200/2051.jpg,日语,Bandai Namco Games,日版
psp,2052,Phantasy Star Portable 2,梦幻之星2 携带版,NPJH-50043,2009-12-01,Action RPG,https://data.yang2000ling.com/img/psp_200/2052.jpg,日语,Sega,日版
psp,2053,MX vs. ATV Reflex,究极大越野 超完美特技,ULUS-10429,2009-12-02,Racing,https://data.yang2000ling.com/img/psp_200/2053.jpg,英文,THQ,美版
psp,2054,Little Big Planet,小小大星球,UCJS-10107,2009-12-02,Action,https://data.yang2000ling.com/img/psp_200/2054.jpg,日语,Sony,日版
psp,2055,Tokimeki Memorial 4,心跳回忆4,NPJH-50127,2009-12-02,Virtual Life,https://data.yang2000ling.com/img/psp_200/2055.jpg,日语,Konami,日版
psp,2056,James Cameron's Avatar - The Game,阿凡达,ULUS-10451,2009-12-05,Action,https://data.yang2000ling.com/img/psp_200/2056.jpg,西班牙语|英文|法文,UbiSoft,美版
psp,2057,Fuuun Shinsengumi Bakumatsuden Portable,风云新撰组幕末传 携带版,ULJM-05561,2009-12-10,Action,https://data.yang2000ling.com/img/psp_200/2057.jpg,日语,From Software,日版
psp,2058,Naruto Shippuden - Narutimate Accel 3,火影忍者疾风传-究极觉醒3,ULJS-00236,2009-12-10,Action,https://data.yang2000ling.com/img/psp_200/2058.jpg,日语,Bandai Namco Games,日版
psp,2059,Bleach - Soul Carnival 2,死神-灵魂嘉年华2,UCJS-10106,2009-12-10,Action RPG,https://data.yang2000ling.com/img/psp_200/2059.jpg,日语,Sony,日版
psp,2060,R-Type Tactics II - Operation Bitter Chocolate,异形战机 策略版2-苦涩巧克力行动,NPJH-50119,2009-12-10,Strategy,https://data.yang2000ling.com/img/psp_200/2060.jpg,日语,Irem,日版
psp,2061,Metal Slug XX,合金弹头XX,ULUS-10495,2009-12-10,Action,https://data.yang2000ling.com/img/psp_200/2061.jpg,中文|英文,SNK Playmore,中国版
psp,2062,James Cameron's Avatar - The Game,阿凡达,ULES-01357,2009-12-10,Action,https://data.yang2000ling.com/img/psp_200/2062.jpg,西班牙语|意大利语|德语|英文|法文,UbiSoft,欧版
psp,2063,World Soccer Winning Eleven 2010,实况足球2010,ULJM-05513,2009-12-11,Sports,https://data.yang2000ling.com/img/psp_200/2063.jpg,日语,Konami,日版
psp,2064,Daikuugun,大空军,ULJM-05572,2009-12-11,Action,https://data.yang2000ling.com/img/psp_200/2064.jpg,日语,Global A,日版
psp,2065,Tekken 6,铁拳6,ULES-01376,2009-12-11,Beat Em Up,https://data.yang2000ling.com/img/psp_200/2065.jpg,西班牙语|意大利语|德语|英文|法文,Bandai Namco Games,欧版
psp,2066,Mytran Wars,外星战役,ULUS-10398,2009-12-12,Strategy,https://data.yang2000ling.com/img/psp_200/2066.jpg,西班牙语|意大利语|德语|英文|法文,Deep Silver,美版
psp,2067,F1 2009,F1赛车2009,NPJH-50007,2009-12-16,Racing,https://data.yang2000ling.com/img/psp_200/2067.jpg,日语,Codemasters,日版
psp,2068,Queen's Blade - Spiral Chaos,女皇之刃-螺旋混沌,ULJS-00190,2009-12-16,Action,https://data.yang2000ling.com/img/psp_200/2068.jpg,日语,Bandai Namco Games,日版
psp,2069,Dice Dice Fantasia,骰子骰子幻想曲,ULJM-05568,2009-12-17,Adventure,https://data.yang2000ling.com/img/psp_200/2069.jpg,日语,Broccoli,日版
psp,2070,Lucky Star - Net Idol Meister,幸运星-网络偶像大师,ULJM-05542,2009-12-21,Game Show,https://data.yang2000ling.com/img/psp_200/2070.jpg,日语,Kadokawa Shoten,日版
psp,2071,Metal Slug XX,合金弹头XX,NPJH-50044,2009-12-21,Action,https://data.yang2000ling.com/img/psp_200/2071.jpg,日语,SNK Playmore,日版
psp,2072,Simple 2500 Series Portable!! Vol. 13 - The Akuma Hunters - Exorsister,廉价2500系列Vol.13-恶魔猎人 驱魔圣女,ULJS-00265,2009-12-21,Action,https://data.yang2000ling.com/img/psp_200/2072.jpg,日语,D3 Publisher,日版
psp,2073,Akane Iro ni Somaru Saka Portable,染红的街道 携带版,ULJM-05589,2009-12-21,Adventure,https://data.yang2000ling.com/img/psp_200/2073.jpg,日语,LukPlus,日版
psp,2074,Assassin's Creed - Bloodlines,刺客信条-血缘,ULJM-05571,2009-12-23,Action Adventure,https://data.yang2000ling.com/img/psp_200/2074.jpg,日语,UbiSoft,日版
psp,2075,Darius Burst,变形战机 爆发,ULJM-05558,2009-12-23,Action,https://data.yang2000ling.com/img/psp_200/2075.jpg,日语,Taito,日版
psp,2076,MagusTale Eternity - Seikaiju to Koisuru Mahou Tsukai,魔法师传奇 永恒-世界树与恋爱的魔法师,ULJM-05577,2009-12-25,RPG,https://data.yang2000ling.com/img/psp_200/2076.jpg,日语,GN Software,日版
psp,2077,Autoescuela Aprueba Conmigo,我的模拟驾驶学校,ULES-01366,2009-12-28,Other,https://data.yang2000ling.com/img/psp_200/2077.jpg,西班牙语,Micronet,西班牙版
psp,2078,Cherry Blossom Portable,樱花盛开时 携带版,ULJS-00174,2009-12-28,Adventure,https://data.yang2000ling.com/img/psp_200/2078.jpg,日语,Takyo,日版
psp,2079,Minna no Navi (UMD Disc 1),大家的卫星导航(UMD-Disc 1),ULJS-00211,2009-12-28,Other,https://data.yang2000ling.com/img/psp_200/2079.jpg,日语,Zenrin,日版
psp,2080,Minna no Navi (UMD Disc 2),大家的卫星导航(UMD-Disc 2),ULJS-00212,2009-12-28,Other,https://data.yang2000ling.com/img/psp_200/2080.jpg,日语,Zenrin,日版
psp,2081,Yuusha 30,勇者30,ULKS-46234,2009-12-30,RPG,https://data.yang2000ling.com/img/psp_200/2081.jpg,韩语,Marvelous,韩版
psp,2082,Buzz! Quiz World,喧闹少年找碴大师 测验世界,UCES-01291,2009-12-31,Trivia,https://data.yang2000ling.com/img/psp_200/2082.jpg,荷兰语|法文,Sony,欧版
psp,2083,Kingdom Hearts - Birth by Sleep,王国之心-梦中降生,ULJM-05600,2010-01-08,Action RPG,https://data.yang2000ling.com/img/psp_200/2083.jpg,日语,Square Enix,日版
psp,2084,Army of Two - The 40th Day,战地双雄-第40天,ULUS-10472,2010-01-09,Shooter,https://data.yang2000ling.com/img/psp_200/2084.jpg,英文,Electronic Arts,美版
psp,2085,Nizu no Senritsu Portable,水之旋律 携带版,ULJM-05583,2010-01-10,Adventure,https://data.yang2000ling.com/img/psp_200/2085.jpg,日语,CyberFront,日版
psp,2086,Resistance Retribution,抵抗-复仇之刻,UCAS-40233,2010-01-11,Action,https://data.yang2000ling.com/img/psp_200/2086.jpg,中文|西班牙语|日语|英文|法文,Sony,中国版
psp,2087,Tekken 6,铁拳6,NPJH-50184,2010-01-13,Beat Em Up,https://data.yang2000ling.com/img/psp_200/2087.jpg,日语|英文,Bandai Namco Games,日版
psp,2088,Army of Two - The 40th Day,战地双雄-第40天,ULES-01381,2010-01-14,Shooter,https://data.yang2000ling.com/img/psp_200/2088.jpg,西班牙语|意大利语|德语|英文|法文,Electronic Arts,欧版
psp,2089,Kentoushi - Gladiator Begins,剑斗士-起源,ULJM-05544,2010-01-14,Action,https://data.yang2000ling.com/img/psp_200/2089.jpg,日语,Acquire,日版
psp,2090,Senjou No Valkyria 2 - Gallia Ouritsu Shikan Gakkou,战场的女武神2-高卢王立士官学校,NPJH-50145,2010-01-17,Action RPG,https://data.yang2000ling.com/img/psp_200/2090.jpg,日语,Sega,日版
psp,2091,Mahjong Haoh Battle Royale II,麻雀霸王 大混战2,ULJM-05606,2010-01-19,Board Game,https://data.yang2000ling.com/img/psp_200/2091.jpg,日语,Mainichi,日版
psp,2092,Shin Sangoku Musou 5 Empires,真三国无双5 帝国,ULJM-05584,2010-01-20,Beat Em Up,https://data.yang2000ling.com/img/psp_200/2092.jpg,日语,Koei,日版
psp,2093,"Secret Saturdays - Beasts of the 5th Sun, The",秘密星期六-第五日之兽,ULES-01363,2010-01-22,Action Adventure,https://data.yang2000ling.com/img/psp_200/2093.jpg,西班牙语|意大利语|德语|英文|法文,D3 Publisher,欧版
psp,2094,Mahou Shoujo Lyrical Nanoha A's Portable - The Battle of Aces,魔法少女奈叶A's-王牌之战 携带版,ULJS-00241,2010-01-24,Shooter,https://data.yang2000ling.com/img/psp_200/2094.jpg,日语,Bandai Namco Games,日版
psp,2095,SpongeBob's Truth or Square,海绵宝宝 诚实或正直,ULES-01365,2010-01-24,Action,https://data.yang2000ling.com/img/psp_200/2095.jpg,意大利语|德语|荷兰语|英文,THQ,欧版
psp,2096,Honki de Manabu LEC de Goukakuru - Hishou Boki 3-Kyuu Portable,认真学习LEC合格-日商簿记3级 携带版,NPJH-50146,2010-01-26,Edutainment,https://data.yang2000ling.com/img/psp_200/2096.jpg,日语,Square Enix,日版
psp,2097,Honki de Manabu LEC de Goukakuru - Takuchi Tatemono Torihiki Shuninsha Portable,认真学习LEC合格-住房建筑主任 携带版,NPJH-50147,2010-01-26,Edutainment,https://data.yang2000ling.com/img/psp_200/2097.jpg,日语,Square Enix,日版
psp,2098,Dengeki no Pilot - Tenkuu no Kizuna,电击的皮罗德-天空之绊,ULJS-00248,2010-01-26,Simulation,https://data.yang2000ling.com/img/psp_200/2098.jpg,日语,Best Media,日版
psp,2099,Fushigi no Dungeon Furai no Shiren 3 Portable,不可思议的迷宫 风来的西林3 携带版,ULJS-00239,2010-01-26,Action RPG,https://data.yang2000ling.com/img/psp_200/2099.jpg,日语,Spike,日版
psp,2100,Machi-Ing Maker 3 x Tousouchuu,街道制作者 3倍速逃走中,ULJS-00242,2010-01-26,Strategy,https://data.yang2000ling.com/img/psp_200/2100.jpg,日语,D3 Publisher,日版
psp,2101,Ninja Katsugeki - Tenchuu Kurenai Portable,天诛-红 携带版,ULJM-05598,2010-01-26,Action,https://data.yang2000ling.com/img/psp_200/2101.jpg,日语,From Software,日版
psp,2102,Mirai Nikki - 13 Hitome no Nikki Shoyuusha,未来日记-第13位日记持有者,ULJM-05565,2010-01-28,Adventure,https://data.yang2000ling.com/img/psp_200/2102.jpg,日语,Kadokawa Shoten,日版
psp,2103,11 Eyes Crossover,十一只眼睛-交叉十字11,ULJM-05574,2010-01-28,Adventure,https://data.yang2000ling.com/img/psp_200/2103.jpg,日语,5pb,日版
psp,2104,Imagine - Champion Rider,幻想-冠军骑师,ULES-01161,2010-01-28,Sports,https://data.yang2000ling.com/img/psp_200/2104.jpg,瑞典语|西班牙语|挪威语|意大利语|德语|荷兰语|丹麦语|英文|法文,UbiSoft,欧版
psp,2105,Astro Boy - The Video Game ,铁臂阿童木,ULUS-10454,2010-02-01,Action,https://data.yang2000ling.com/img/psp_200/2105.jpg,英文,D3 Publisher,美版
psp,2106,Grand Theft Auto - Chinatown Wars ,侠盗猎车-血战唐人街,ULUS-10490,2010-02-01,Action Adventure,https://data.yang2000ling.com/img/psp_200/2106.jpg,英文,Rockstar Games,美版
psp,2107,Jak and Daxter - The Lost Frontier ,杰克与达斯特-失落的边境,UCUS-98634,2010-02-01,Action Adventure,https://data.yang2000ling.com/img/psp_200/2107.jpg,英文,Sony,美版
psp,2108,Shadow of Destiny,暗影回忆录,ULUS-10459,2010-02-02,Adventure,https://data.yang2000ling.com/img/psp_200/2108.jpg,英文,Konami,美版
psp,2109,Puzzle Chronicles,益智编年史,ULUS-10468,2010-02-02,Puzzle,https://data.yang2000ling.com/img/psp_200/2109.jpg,英文,Konami,美版
psp,2110,God Eater,噬神者,ULJS-00237,2010-02-03,Action Adventure,https://data.yang2000ling.com/img/psp_200/2110.jpg,日语,Bandai Namco Games,日版
psp,2111,Misshitsu no Sacrifice,密室献祭,ULJS-00251,2010-02-03,Adventure,https://data.yang2000ling.com/img/psp_200/2111.jpg,日语,D3 Publisher,日版
psp,2112,MX vs. ATV Reflex,究极大越野 超完美特技,ULES-01375,2010-02-03,Racing,https://data.yang2000ling.com/img/psp_200/2112.jpg,西班牙语|意大利语|德语|英文|法文,THQ,欧版
psp,2113,Pop 'n Music Portable,流行音乐 携带版,ULJM-05605,2010-02-04,Music,https://data.yang2000ling.com/img/psp_200/2113.jpg,日语,Konami,日版
psp,2114,SOCOM - U.S. Navy SEALs Portable,海豹突击队-火线小组 携带版,NPJG-00035,2010-02-10,Shooter,https://data.yang2000ling.com/img/psp_200/2114.jpg,日语|英文,Sony,日版
psp,2115,Shin Megami Tensei - Persona 3 Portable,女神异闻录3 携带版,UCKS-45140,2010-02-10,RPG,https://data.yang2000ling.com/img/psp_200/2115.jpg,韩语,Sony,韩版
psp,2116,Shin Sangoku Musou 5 Special,真三国无双5 特别版,ULKS-46222,2010-02-10,Beat Em Up,https://data.yang2000ling.com/img/psp_200/2116.jpg,韩语,Koei,韩版
psp,2117,Disgaea 2 - Dark Hero Days,魔界战记2 携带版,ULES-01392,2010-02-10,Strategy,https://data.yang2000ling.com/img/psp_200/2117.jpg,英文,Nippon Ichi Software,欧版
psp,2118,Bleach - Soul Carnival 2,死神-灵魂嘉年华2,UCAS-40297,2010-02-11,RPG,https://data.yang2000ling.com/img/psp_200/2118.jpg,中文,Sony,中国版
psp,2119,SOCOM - U.S. Navy SEALs Fireteam Bravo 3,海豹突击队-火线小组3,UCES-01242,2010-02-13,Shooter,https://data.yang2000ling.com/img/psp_200/2119.jpg,瑞典语|西班牙语|葡萄牙语|波兰语|挪威语|意大利语|德语|芬兰语|荷兰语|丹麦语|英文|法文,Sony,欧版
psp,2120,1 Million Ton no Barabara,100万吨的啪啦啪啦1,UCJS-10108,2010-02-17,RPG,https://data.yang2000ling.com/img/psp_200/2120.jpg,日语,Sony,日版
psp,2121,Classic Dungeon - Fuyoku no Masoujin,经典迷宫-扶翼的魔装阵,NPJH-50185,2010-02-17,RPG,https://data.yang2000ling.com/img/psp_200/2121.jpg,日语,Nippon Ichi Software,日版
psp,2122,Densetsu no Yuusha no Densetsu - Legendary Saga,传说的勇者之传说,ULJM-05588,2010-02-17,RPG,https://data.yang2000ling.com/img/psp_200/2122.jpg,日语,Kadokawa Shoten,日版
psp,2123,Tenchu 4 Plus,天诛4 加强版,ULJM-05471,2010-02-18,Action Adventure,https://data.yang2000ling.com/img/psp_200/2123.jpg,日语,From Software,日版
psp,2124,Arcobaleno! Portable,厨师小甜心 携带版,ULJM-05609,2010-02-20,Adventure,https://data.yang2000ling.com/img/psp_200/2124.jpg,日语,Idea Factory,日版
psp,2125,Last Escort - Club Katze,最后的伴侣-猫之俱乐部,ULJS-00256,2013-02-21,Adventure,https://data.yang2000ling.com/img/psp_200/2125.jpg,日语,D3 Publisher,日版
psp,2126,Moe Moe 2-Ji Daisenryaku 2,萌萌2次大战略2,ULJS-00252,2010-02-21,Strategy,https://data.yang2000ling.com/img/psp_200/2126.jpg,日语,System Soft,日版
psp,2127,Katekyoo Hitman Reborn! Kizuna no Tag Battle,家庭教师HR 羁绊之战,NPJH-50221,2010-02-24,Action,https://data.yang2000ling.com/img/psp_200/2127.jpg,日语,Marvelous,日版
psp,2128,Kenka Banchou 4 - One Year War,喧哗番长4-一年战争,ULJS-00268,2010-02-24,Beat Em Up,https://data.yang2000ling.com/img/psp_200/2128.jpg,日语,Spike,日版
psp,2129,Minna no Tennis Portable,大众网球,UCJS-10101,2010-02-24,Sports,https://data.yang2000ling.com/img/psp_200/2129.jpg,日语,Sony,日版
psp,2130,Power Pro Success Legends,实况力量棒球 成功传奇,ULJM-05537,2010-02-24,Sports,https://data.yang2000ling.com/img/psp_200/2130.jpg,日语,Konami,日版
psp,2131,Qix++,离子射线++,NPJH-50199,2010-02-24,Action,https://data.yang2000ling.com/img/psp_200/2131.jpg,日语,Taito,日版
psp,2132,Blazblue - Calamity Trigger Portable,苍翼默示录-厄运扳机,NPJH-50180,2010-02-24,Action,https://data.yang2000ling.com/img/psp_200/2132.jpg,日语,Arc System Works,日版
psp,2133,Cross Channel - To All People,交错频道,ULJM-05623,2010-02-24,Adventure,https://data.yang2000ling.com/img/psp_200/2133.jpg,日语,CyberFront,日版
psp,2134,FairlyLife - MiracleDays,就如生活每一刻-奇迹之日,ULJM-05618,2010-02-24,Adventure,https://data.yang2000ling.com/img/psp_200/2134.jpg,日语,Piacci,日版
psp,2135,"Koori no Bohyou - Ichiryuuwa, 3-dome no Junan",冰之墓碑-柳和第3次的受难,NPJH-50186,2010-02-24,Strategy,https://data.yang2000ling.com/img/psp_200/2135.jpg,日语,Nippon Ichi Software,日版
psp,2136,No Fate! - Only the Power of Will,拒绝命运-决意的力量,ULJM-05610,2010-02-24,Adventure,https://data.yang2000ling.com/img/psp_200/2136.jpg,日语,Alchemist,日版
psp,2137,Metal Slug XX,合金弹头XX,ULUS-10495,2010-02-25,Action,https://data.yang2000ling.com/img/psp_200/2137.jpg,英文,SNK Playmore,美版
psp,2138,Echoshift,时限回廊,UCES-01313,2010-02-26,Puzzle,https://data.yang2000ling.com/img/psp_200/2138.jpg,西班牙语|葡萄牙语|意大利语|德语|荷兰语|英文|法文,Sony,欧版
psp,2139,Dante's Inferno,但丁的地狱,ULES-01387,2010-02-26,Beat Em Up,https://data.yang2000ling.com/img/psp_200/2139.jpg,德语,Electronic Arts,德版
psp,2140,Hello Kitty - Puzzle Party,凯蒂猫的快乐装饰,ULES-01397,2010-02-27,Puzzle,https://data.yang2000ling.com/img/psp_200/2140.jpg,西班牙语|意大利语|德语|英文|法文,UbiSoft,欧版
psp,2141,Dante's Inferno,但丁的地狱,ULES-01384,2010-02-27,Beat Em Up,https://data.yang2000ling.com/img/psp_200/2141.jpg,英文,Electronic Arts,欧版
psp,2142,Buzz! Quiz World,喧闹少年找碴大师 测验世界,UCES-01290,2010-02-28,Trivia,https://data.yang2000ling.com/img/psp_200/2142.jpg,意大利语|德语,Sony,欧版
psp,2143,Dante's Inferno,但丁的地狱,ULES-01388,2010-03-01,Beat Em Up,https://data.yang2000ling.com/img/psp_200/2143.jpg,西班牙语,Electronic Arts,西班牙版
psp,2144,Silent Hill - Shattered Memories ,寂静岭-破碎的记忆,ULES-01352,2010-03-01,Action Adventure,https://data.yang2000ling.com/img/psp_200/2144.jpg,西班牙语|意大利语|德语|英文|法文,Konami,欧版
psp,2145,Dante's Inferno,但丁的地狱,ULES-01385,2010-03-02,Beat Em Up,https://data.yang2000ling.com/img/psp_200/2145.jpg,法文,Electronic Arts,法版
psp,2146,Major League Baseball 2K10,美国职业棒球大联盟2010,ULUS-10503,2010-03-03,Sports,https://data.yang2000ling.com/img/psp_200/2146.jpg,英文,Take 2 Interactive,美版
psp,2147,MLB 10 - The Show ,美国职棒大联盟10,UCUS-98742,2010-03-03,Sports,https://data.yang2000ling.com/img/psp_200/2147.jpg,英文,Sony,美版
psp,2148,Lunar - Silver Star Harmony ,露娜-银星和声,ULUS-10482,2010-03-03,RPG,https://data.yang2000ling.com/img/psp_200/2148.jpg,英文,Xseed Games,美版
psp,2149,Dante's Inferno,但丁的地狱,ULES-01386,2010-03-03,Beat Em Up,https://data.yang2000ling.com/img/psp_200/2149.jpg,意大利语,Electronic Arts,意大利版
psp,2150,Armored Core - Last Raven Portable,装甲核心-最后的佣兵 携带版,ULJM-05611,2010-03-03,Simulation,https://data.yang2000ling.com/img/psp_200/2150.jpg,日语,From Software,日版
psp,2151,.hack-Link,黑客链接.hack-Link (Bandai,ULJS-00266,2010-03-03,Action RPG,https://data.yang2000ling.com/img/psp_200/2151.jpg,日语,Bandai Namco Games,日版
psp,2152,The Eye of Judgment - Shintaku no Wizard,审判之眼-神谕的巫师,UCJS-10098,2010-03-03,Card Battle,https://data.yang2000ling.com/img/psp_200/2152.jpg,日语,Sony,日版
psp,2153,The Eye of Judgment - Legends,审判之眼-神谕的巫师,UCES-01334,2010-03-03,Card Battle,https://data.yang2000ling.com/img/psp_200/2153.jpg,西班牙语|意大利语|德语|英文|法文,Sony,欧版
psp,2154,Puzzle Chronicles,益智编年史,ULES-01356,2010-03-04,Puzzle,https://data.yang2000ling.com/img/psp_200/2154.jpg,西班牙语|意大利语|德语|英文|法文,Konami,欧版
psp,2155,Memories Off - Sorekara Again,秋之回忆4-从今以后Again,ULJM-05526,2010-03-07,Adventure,https://data.yang2000ling.com/img/psp_200/2155.jpg,日语,5pb,日版
psp,2156,Undead Knights,不死骑士,ULES-01390,2010-03-08,Action Adventure,https://data.yang2000ling.com/img/psp_200/2156.jpg,西班牙语|意大利语|德语|英文|法文,Tecmo,欧版
psp,2157,Battle Spirits - Hero's Soul,战斗之魂-英雄灵魂,ULJS-00280,2010-03-09,RPG,https://data.yang2000ling.com/img/psp_200/2157.jpg,日语,Bandai Namco Games,日版
psp,2158,Shin Sangoku Musou - Multi Raid 2,真三国无双-联合突袭2,ULJM-05637,2010-03-09,Beat Em Up,https://data.yang2000ling.com/img/psp_200/2158.jpg,日语,Koei,日版
psp,2159,Zettai Hero Kaizou Keikaku,绝对英雄改造计划,NPJH-50144,2010-03-09,RPG,https://data.yang2000ling.com/img/psp_200/2159.jpg,日语,Nippon Ichi Software,日版
psp,2160,Buzz! Quiz World,喧闹少年找碴大师 测验世界,UCES-01297,2010-03-10,Trivia,https://data.yang2000ling.com/img/psp_200/2160.jpg,,Sony,欧版
psp,2161,Loopop Cube - Loop Salad Portable - Matatabi,鲁夫萨拉达 携带版,NPJH-50103,2010-03-10,Puzzle,https://data.yang2000ling.com/img/psp_200/2161.jpg,日语,Dimple Entertainment,日版
psp,2162,Tegami Bachi - Kokoro Tsumugu Mono e,信蜂-心灵编织者,ULJM-05587,2010-03-10,Action,https://data.yang2000ling.com/img/psp_200/2162.jpg,日语,Konami,日版
psp,2163,Akatsuki no Amaneka to Aoi Kyojin,晓之阿玛奈加与蓝色巨神,ULJM-05582,2010-03-10,Adventure,https://data.yang2000ling.com/img/psp_200/2163.jpg,日语,CyberFront,日版
psp,2164,Yuusha no Kuse ni Namaikida Or 3D,勇者别嚣张3D,UCJS-10109,2010-03-10,RPG,https://data.yang2000ling.com/img/psp_200/2164.jpg,日语,Sony,日版
psp,2165,Fat Princess - Fistful of Cake,胖公主-蛋糕一把抓,NPHG-00025,2010-03-10,Action,https://data.yang2000ling.com/img/psp_200/2165.jpg,韩语|中文|英文,Sony,中国版
psp,2166,Blazblue - Calamity Trigger Portable,苍翼默示录-厄运扳机,ULUS-10519,2010-03-11,Action,https://data.yang2000ling.com/img/psp_200/2166.jpg,英文,Aksys Games,美版
psp,2167,Fat Princess - Fistful of Cake,胖公主-蛋糕一把抓,UCES-01312,2010-03-11,Action,https://data.yang2000ling.com/img/psp_200/2167.jpg,西班牙语|葡萄牙语|意大利语|德语|英文|法文,Sony,欧版
psp,2168,Yoake Yori Ruriiro na Portable,夜明前的琉璃色 携带版,ULJM-05625,2010-03-13,Adventure,https://data.yang2000ling.com/img/psp_200/2168.jpg,日语,Kadokawa Shoten,日版
psp,2169,Grand Theft Auto - Chinatown Wars,侠盗猎车-血战唐人街,ULJM-05604,2010-03-14,Action Adventure,https://data.yang2000ling.com/img/psp_200/2169.jpg,日语,CyberFront,日版
psp,2170,Gundam Assault Survive,高达 生存突击,ULJS-00281,2010-03-17,Simulation,https://data.yang2000ling.com/img/psp_200/2170.jpg,日语,Bandai Namco Games,日版
psp,2171,Dante's Inferno - Shinkyoku Jigoku-Hen,但丁的地狱,NPJH-50220,2010-03-17,Beat Em Up,https://data.yang2000ling.com/img/psp_200/2171.jpg,日语,Electronic Arts,日版
psp,2172,Pursuit Force - Extreme Justice,强力追击2-终极正义,UCES-00890,2010-03-22,Action,https://data.yang2000ling.com/img/psp_200/2172.jpg,波兰语|英文,Sony,欧版
psp,2173,Tenshin Ranman - Happy GO Lucky,天神乱漫-无忧无虑,ULJM-05634,2010-03-23,Adventure,https://data.yang2000ling.com/img/psp_200/2173.jpg,日语,Russel,日版
psp,2174,Prinny 2 - Toukou Yuugi! Akatsuki no Pantsu Daisakusenss!!,普利尼2-特攻游戏 晓之裤裤大作战,NPJH-50211,2010-03-24,Action,https://data.yang2000ling.com/img/psp_200/2174.jpg,日语,Nippon Ichi Software,日版
psp,2175,Nizu no Senritsu Portable 2 - Hi no Kioku,水之旋律2-绯之记忆 携带版,ULJM-05622,2010-03-25,Adventure,https://data.yang2000ling.com/img/psp_200/2175.jpg,日语,CyberFront,日版
psp,2176,We Love Juggler,我们爱柏青嫂,ULJS-00283,2010-03-25,Gambling,https://data.yang2000ling.com/img/psp_200/2176.jpg,日语,Kita Denshi,日版
psp,2177,Silent Hill - Shattered Memories ,寂静岭-破碎的记忆,NPJH-50148,2010-03-25,Action Adventure,https://data.yang2000ling.com/img/psp_200/2177.jpg,日语,Konami,日版
psp,2178,Saki Portable,天才麻将少女 携带版,ULJM-05556,2010-03-27,Adventure,https://data.yang2000ling.com/img/psp_200/2178.jpg,日语,Alchemist,日版
psp,2179,Vitamin Z Revolution,维他命Z 革命,ULJS-00278,2010-03-27,Adventure,https://data.yang2000ling.com/img/psp_200/2179.jpg,日语,D3 Publisher,日版
psp,2180,Dead or Alive Paradise,死或生 热带天堂,ULES-01431,2010-03-27,Sports,https://data.yang2000ling.com/img/psp_200/2180.jpg,西班牙语|意大利语|德语|英文|法文,Tecmo,欧版
psp,2181,Colin McRae - DiRT 2 ,科林麦克雷拉力赛-尘埃2,NPJH-50006,2010-03-28,Racing,https://data.yang2000ling.com/img/psp_200/2181.jpg,日语,Codemasters,日版
psp,2182,Pro Yakyuu Spirits 2010,职业棒球之魂2010,NPJH-50234,2010-03-31,Sports,https://data.yang2000ling.com/img/psp_200/2182.jpg,日语,Konami,日版
psp,2183,Sora no Otoshimono - DokiDoki Summer Vacation,天降之物-心跳的暑假,ULJM-05639,2010-04-01,Adventure,https://data.yang2000ling.com/img/psp_200/2183.jpg,日语,Kadokawa Shoten,日版
psp,2184,Dead or Alive Paradise,死或生 热带天堂,NPJH-50239,2010-04-02,Sports,https://data.yang2000ling.com/img/psp_200/2184.jpg,日语,Tecmo,日版
psp,2185,Burst Error - Eve the First,夜行偵探-重制版,ULJM-05615,2010-04-03,Adventure,https://data.yang2000ling.com/img/psp_200/2185.jpg,日语,Kadokawa Shoten,日版
psp,2186,Slotter Mania P - Tetsuya Shinjuku vs Ueno,角子机胜负师P-哲也新宿vs上野,ULJM-05620,2010-04-04,Gambling,https://data.yang2000ling.com/img/psp_200/2186.jpg,日语,Dorasu,日版
psp,2187,Ginsei Shogi Portable,银星将棋 携带版,ULJS-00269,2010-04-05,Board Game,https://data.yang2000ling.com/img/psp_200/2187.jpg,日语,SilverStar,日版
psp,2188,Himehibi - New Princess Days!! Zoku! Ni-Gakki Portable,公主日-续!二学期 携带版,ULJS-00271,2010-04-05,Adventure,https://data.yang2000ling.com/img/psp_200/2188.jpg,日语,Takuyo,日版
psp,2189,Minna no Shiatsu - Itami mo Tsukare mo Sukirii!,大众的按摩-痛苦疲惫一扫光,ULJM-05619,2010-04-05,Edutainment,https://data.yang2000ling.com/img/psp_200/2189.jpg,日语,Dorasu,日版
psp,2190,Mimana Iyar Chronicle,伊加传说 水之魔石,ULUS-10492,2010-04-07,RPG,https://data.yang2000ling.com/img/psp_200/2190.jpg,英文,Aksys Games,美版
psp,2191,Judie no Atelier - Guramnat no Renkinjutsu - Toraware no Morito,尤蒂的工作室-格拉姆特德炼金术士,ULJM-05607,2010-04-07,RPG,https://data.yang2000ling.com/img/psp_200/2191.jpg,日语,Gust,日版
psp,2192,Monochrome,见习天使 黑白色,ULJM-05642,2010-04-12,Adventure,https://data.yang2000ling.com/img/psp_200/2192.jpg,日语,CyberFront,日版
psp,2193,My Merry May with be,皋月物语,ULJM-05603,2010-04-12,Adventure,https://data.yang2000ling.com/img/psp_200/2193.jpg,日语,CyberFront,日版
psp,2194,Disgaea Infinite,魔界战记 无限,ULJS-00286,2010-04-20,Adventure,https://data.yang2000ling.com/img/psp_200/2194.jpg,日语,Nippon Ichi Software,日版
psp,2195,Ys - Felghana no Chikai,伊苏-菲尔迦纳的誓约,NPJH-50226,2010-04-21,RPG,https://data.yang2000ling.com/img/psp_200/2195.jpg,日语,Falcom,日版
psp,2196,Knights in the Nightmare,噩梦骑士,ULJM-05502,2010-04-21,Strategy,https://data.yang2000ling.com/img/psp_200/2196.jpg,日语,Atlus,日版
psp,2197,Tokyo Mono Harashi - Karasu no Mori Gakuen Kitan,东京鬼祓师-鸦乃杜学园奇谭,NPJH-50215,2010-04-21,Adventure,https://data.yang2000ling.com/img/psp_200/2197.jpg,日语,Atlus,日版
psp,2198,Himawari - Pebble in the Sky Portable,向日葵-天空鹅卵石 携带版,ULJM-05614,2010-04-21,Adventure,https://data.yang2000ling.com/img/psp_200/2198.jpg,日语,Kadokawa Shoten,日版
psp,2199,Canvas 3 - Nanairo no Kiseki,茜色的画布3-七色的奇迹,ULJM-05659,2010-04-23,Adventure,https://data.yang2000ling.com/img/psp_200/2199.jpg,日语,GN Software,日版
psp,2200,Buzz! Quiz World,喧闹少年找碴大师 测验世界,UCES-01293,2010-01-20,Trivia,https://data.yang2000ling.com/img/psp_200/2200.jpg,英文,Sony,欧版
psp,2201,Ikki Tousen - Xross Impact,一骑当千-交叉冲击,NPJH-50222,2010-04-27,Beat Em Up,https://data.yang2000ling.com/img/psp_200/2201.jpg,日语,Marvelous,日版
psp,2202,Metal Gear Solid - Peace Walker,合金装备-和平行者,NPJH-50045,2010-04-27,Action Adventure,https://data.yang2000ling.com/img/psp_200/2202.jpg,日语,Konami,日版
psp,2203,Half-Minute Hero,勇者30,ULES-01359,2010-04-28,RPG,https://data.yang2000ling.com/img/psp_200/2203.jpg,英文,Rising Star Games,欧版
psp,2204,Real Rode Portable,跨越真实 携带版,ULJM-05657,2010-04-28,Adventure,https://data.yang2000ling.com/img/psp_200/2204.jpg,日语,Kadokawa Shoten,日版
psp,2205,2010 FIFA World Cup South Africa,FIFA足球 2010南非世界杯2010,ULES-01413,2010-04-28,Sports,https://data.yang2000ling.com/img/psp_200/2205.jpg,德语|法文,Electronic Arts,欧版
psp,2206,Shin Sangoku Musou - Multi Raid 2,真三国无双-联合突袭2,ULAS-42230,2010-04-29,Beat Em Up,https://data.yang2000ling.com/img/psp_200/2206.jpg,中文,Koei,中国版
psp,2207,Iron Man 2,钢铁侠2,ULES-01422,2010-04-29,Action,https://data.yang2000ling.com/img/psp_200/2207.jpg,西班牙语|意大利语|德语|英文|法文,Sega,欧版
psp,2208,2010 FIFA World Cup South Africa,FIFA足球 2010南非世界杯2010,ULES-01412,2010-04-30,Sports,https://data.yang2000ling.com/img/psp_200/2208.jpg,荷兰语|英文,Electronic Arts,欧版
psp,2209,2010 FIFA World Cup South Africa,FIFA足球 2010南非世界杯2010,ULES-01414,2010-05-01,Sports,https://data.yang2000ling.com/img/psp_200/2209.jpg,西班牙语|意大利语,Electronic Arts,欧版
psp,2210,Harvest Moon - Hero of Leaf Valley,牧场物语-蜜糖村和大家的愿望,ULUS-10458,2010-05-04,Strategy,https://data.yang2000ling.com/img/psp_200/2210.jpg,英文,Natsume,美版
psp,2211,Otome wa Oanesama Boku ni Koi Shiteru Portable,少女爱上姐姐 携带版,ULJM-05647,2010-05-06,Adventure,https://data.yang2000ling.com/img/psp_200/2211.jpg,日语,Alchemist,日版
psp,2212,Marriage Royale - Prism Story,皇家新娘-棱镜物语,ULJS-00273,2010-05-07,Adventure,https://data.yang2000ling.com/img/psp_200/2212.jpg,日语,ASCII Media Works,日版
psp,2213,Zettai Meikyuu Grimm - Nanatsu no Kagi to Rakuen no Otome,绝对迷宫格林童话-七把钥匙与乐园的少女,ULJM-05632,2010-05-08,Adventure,https://data.yang2000ling.com/img/psp_200/2213.jpg,日语,Karin Entertainment,日版
psp,2214,Naruto Shippuden - Ultimate Ninja Heroes 3,火影忍者疾风传-究极觉醒3,ULUS-10518,2010-05-12,Action,https://data.yang2000ling.com/img/psp_200/2214.jpg,英文,Namco Bandai Games,美版
psp,2215,Shepherd's Crossing,欢迎来到绵羊村,ULUS-10499,2010-05-12,Strategy,https://data.yang2000ling.com/img/psp_200/2215.jpg,英文,Graffiti Entertainment,美版
psp,2216,2010 FIFA World Cup South Africa,FIFA足球 2010南非世界杯2010,NPJH-50250,2010-05-12,Sports,https://data.yang2000ling.com/img/psp_200/2216.jpg,日语,Electronic Arts,日版
psp,2217,Harajuku Tantei Gakuen - Steel Wood,原宿侦探学园-铁木,ULJM-05655,2010-05-13,Adventure,https://data.yang2000ling.com/img/psp_200/2217.jpg,日语,Idea Factory,日版
psp,2218,"What Did I Do to Deserve This, My Lord 2",勇者别嚣张2,ULES-01418,2010-05-13,RPG,https://data.yang2000ling.com/img/psp_200/2218.jpg,英文|法文,NIS Europe,欧版
psp,2219,PixelJunk Monsters Deluxe,像素垃圾-妖怪豪华版,UCUS-98739,2010-05-13,Strategy,https://data.yang2000ling.com/img/psp_200/2219.jpg,英文,Sony,美版
psp,2220,Naruto Shippuden - Ultimate Ninja Heroes 3,火影忍者疾风传-究极觉醒3,ULES-01407,2010-05-14,Action,https://data.yang2000ling.com/img/psp_200/2220.jpg,西班牙语|意大利语|德语|英文|法文,Namco Bandai Games,欧版
psp,2221,Motto Nuga-Cel!,换装大战-强化,ULJM-05654,2010-05-18,Adventure,https://data.yang2000ling.com/img/psp_200/2221.jpg,日语,Idea Factory,日版
psp,2222,Prince of Persia - The Forgotten Sands,波斯王子-遗忘之沙,ULES-01409,2010-05-19,Action Adventure,https://data.yang2000ling.com/img/psp_200/2222.jpg,西班牙语|意大利语|德语|荷兰语|英文|法文,UbiSoft,欧版
psp,2223,Hagane no Renkinjutsushi - Fullmetal Alchemist - Yakusoku no Hi e,钢之炼金术师-约束之日,ULJS-00292,2010-05-19,Action,https://data.yang2000ling.com/img/psp_200/2223.jpg,日语,Namco Bandai Games,日版
psp,2224,Kiniro no Corda 3,金色的琴弦3,ULJM-05624,2010-05-19,RPG,https://data.yang2000ling.com/img/psp_200/2224.jpg,日语,Koei,日版
psp,2225,ModNation Racers,模组世界赛车,UCES-01327,2010-05-19,Driving,https://data.yang2000ling.com/img/psp_200/2225.jpg,瑞典语|西班牙语|葡萄牙语|波兰语|挪威语|意大利语|德语|芬兰语|荷兰语|丹麦语|英文|法文,Sony,欧版
psp,2226,World Soccer Winning Eleven 2010 - Aoki Samurai no Chousen,实况足球 2010-蓝色武士的挑战,ULJM-05648,2010-05-19,Sports,https://data.yang2000ling.com/img/psp_200/2226.jpg,日语,Konami,日版
psp,2227,Hakuouki - Yuugi Roku,薄樱鬼-游戏录,ULJM-05663,2010-05-23,Adventure,https://data.yang2000ling.com/img/psp_200/2227.jpg,日语,Idea Factory,日版
psp,2228,Blaze Union - Story to Reach the Future,烈焰同盟,ULJM-05503,2010-05-26,Strategy,https://data.yang2000ling.com/img/psp_200/2228.jpg,日语,Atlus,日版
psp,2229,Otometeki Koi Kakumei - Love Revo! Portable,少女的恋爱革命 携带版,ULJM-05656,2010-05-28,Adventure,https://data.yang2000ling.com/img/psp_200/2229.jpg,日语,Idea Factory,日版
psp,2230,So-Ra-No-Wo-To - Otome no Gojuusou,空之音-少女五重奏,ULJM-05673,2010-05-28,Adventure,https://data.yang2000ling.com/img/psp_200/2230.jpg,日语,Compile Heart,日版
psp,2231,Fairy Tail - Portable Guild,妖精的尾巴-携带公会,ULJM-05608,2010-06-01,RPG,https://data.yang2000ling.com/img/psp_200/2231.jpg,日语,Konami,日版
psp,2232,Hisshou Pachinko - Pachi-Slot Kouryaku Series Portable Vol.1- Shinseiki Evangelion - Tamashii no Kiseki,必胜柏青哥柏青嫂攻略系列Vol.1 新世纪福音战士-魂之轨迹 携带版,ULJS-00295,2010-06-01,Gambling,https://data.yang2000ling.com/img/psp_200/2232.jpg,日语,D3 Publisher,日版
psp,2233,Fight Ippatsu! Juden-Chan!! CC,魔力充电娘,ULJM-05668,2010-06-03,Adventure,https://data.yang2000ling.com/img/psp_200/2233.jpg,日语,Russel,日版
psp,2234,Secret Game Portable,秘密游戏 携带版,ULJM-05675,2010-06-04,Adventure,https://data.yang2000ling.com/img/psp_200/2234.jpg,日语,Yeti,日版
psp,2235,Metal Gear Solid - Peace Walker,合金装备-和平行者,ULUS-10509,2010-06-04,Action Adventure,https://data.yang2000ling.com/img/psp_200/2235.jpg,英文,Konami,美版
psp,2236,Clannad - Mitsumi Mamoru Sakamichi de - Joukan,家族-被光守护的坡道 上卷,NPJH-50266,2010-06-05,Adventure,https://data.yang2000ling.com/img/psp_200/2236.jpg,日语,Prototype,日版
psp,2237,Disgaea Infinite,魔界战记 无限,ULUS-10522,2010-06-09,Adventure,https://data.yang2000ling.com/img/psp_200/2237.jpg,英文,NIS America,美版
psp,2238,FullMetal Alchemist - Brotherhood,钢之炼金术师 托付背后之人,ULES-01432,2010-06-10,Action,https://data.yang2000ling.com/img/psp_200/2238.jpg,德语|英文,Namco Bandai Games,欧版
psp,2239,Metal Gear Solid - Peace Walker,合金装备-和平行者,ULES-01372,2010-06-12,Action Adventure,https://data.yang2000ling.com/img/psp_200/2239.jpg,西班牙语|意大利语|德语|英文|法文,Konami,欧版
psp,2240,DJ Max Portable Hot Tunes,DJMax-火热曲调 携带版,ULKS-46240,2010-06-12,Music,https://data.yang2000ling.com/img/psp_200/2240.jpg,韩语|日语|英文,Pentavision,韩版
psp,2241,Toy Story 3,玩具总动员3,ULUS-10507,2010-06-13,Action,https://data.yang2000ling.com/img/psp_200/2241.jpg,西班牙语|英文|法文,Disney Interactive,美版
psp,2242,Toy Story 3,玩具总动员3,ULES-01406,2010-06-18,Action,https://data.yang2000ling.com/img/psp_200/2242.jpg,西班牙语|英文,Disney Interactive,欧版
psp,2243,ModNation Racers,模组世界赛车,UCUS-98741,2010-06-19,Driving,https://data.yang2000ling.com/img/psp_200/2243.jpg,西班牙语|英文|法文,Sony,美版
psp,2244,Cloudy With a Chance of Meatballs ,美食从天降,ULES-01361,2010-06-19,Adventure,https://data.yang2000ling.com/img/psp_200/2244.jpg,英文,UbiSoft,欧版
psp,2245,Dissidia - Final Fantasy,最终幻想-纷争,UCES-01229,2010-06-29,Fighting,https://data.yang2000ling.com/img/psp_200/2245.jpg,英文,Square Enix,欧版
psp,2246,FIFA 09,FIFA足球2009,ULES-01140,2010-06-21,Sports,https://data.yang2000ling.com/img/psp_200/2246.jpg,英文,Electronic Arts,欧版
psp,2247,FIFA 10,FIFA足球2010,ULES-01329,2010-06-21,Sports,https://data.yang2000ling.com/img/psp_200/2247.jpg,英文,Electronic Arts,欧版
psp,2248,G-Force,豚鼠特工队,ULES-01240,2010-06-21,Action,https://data.yang2000ling.com/img/psp_200/2248.jpg,英文,Disney Interactive,欧版
psp,2249,Ghostbusters - The Video Game,捉鬼敢死队,UCES-01321,2010-06-22,Action,https://data.yang2000ling.com/img/psp_200/2249.jpg,意大利语|德语|法文,Atari,欧版
psp,2250,Hannah Montana - Rock Out the Show,汉娜蒙塔娜-摇滚之夜,ULES-01304,2010-06-22,Music,https://data.yang2000ling.com/img/psp_200/2250.jpg,瑞典语|挪威语|丹麦语|英文,Disney Interactive,欧版
psp,2251,IL-2 Sturmovik - Birds of Prey,伊尔2战机-捕食鸟,ULES-01317,2010-06-22,Flight Simulation,https://data.yang2000ling.com/img/psp_200/2251.jpg,英文,505 Games,欧版
psp,2252,Chaos - Head Noah,混沌之脑-诺亚,ULJM-05692,2010-06-22,Adventure,https://data.yang2000ling.com/img/psp_200/2252.jpg,日语,5pb,日版
psp,2253,The King of Fighters Portable 94-98 - Chapter of Orochi,格斗之王合集-大蛇传说,NPJH-50258,2010-06-22,Fighting,https://data.yang2000ling.com/img/psp_200/2253.jpg,日语,SNK Playmore,日版
psp,2254,Army of Two - The 40th Day,战地双雄-第40天,ULJM-05643,2010-06-22,Shooter,https://data.yang2000ling.com/img/psp_200/2254.jpg,日语,Electronic Arts,日版
psp,2255,Boku no Natsuyasumi Portable 2 - Nazo Nazo Shimai to Chinbotsusen no Himitsu,我的暑假2-神秘姐妹和巨大沉船的秘密 携带版,UCJS-10111,2010-06-22,Adventure,https://data.yang2000ling.com/img/psp_200/2255.jpg,日语,Sony,日版
psp,2256,Metal Slug XX,合金弹头XX,ULES-01429,2010-06-24,Action,https://data.yang2000ling.com/img/psp_200/2256.jpg,西班牙语|意大利语|德语|英文|法文,SNK Playmore,欧版
psp,2257,Prince of Persia - The Forgotten Sands,波斯王子-遗忘之沙,ULES-01438,2010-06-24,Action Adventure,https://data.yang2000ling.com/img/psp_200/2257.jpg,英文,UbiSoft,欧版
psp,2258,TNA Impact - Cross the Line,TNA摔角-穿越界限,ULES-01305,2010-06-24,Fighting,https://data.yang2000ling.com/img/psp_200/2258.jpg,西班牙语|意大利语|德语|英文|法文,SouthPeak Games,欧版
psp,2259,Toy Story 3,玩具总动员3,ULES-01405,2010-06-25,Action,https://data.yang2000ling.com/img/psp_200/2259.jpg,意大利语|德语|荷兰语|法文,Disney Interactive,欧版
psp,2260,Starry Sky -  In Spring Portable,星座彼氏-春季篇 携带版,ULJM-05683,2010-06-26,Adventure,https://data.yang2000ling.com/img/psp_200/2260.jpg,日语,Asgard,日版
psp,2261,Toy Story 3,玩具总动员3,ULES-01404,2010-06-26,Action,https://data.yang2000ling.com/img/psp_200/2261.jpg,英文,Disney Interactive,欧版
psp,2262,Up,飞屋环游记,ULES-01255,2010-06-26,Action,https://data.yang2000ling.com/img/psp_200/2262.jpg,英文,THQ,欧版
psp,2263,WALL-E,机器人总动员,ULES-01081,2010-06-26,Platformer,https://data.yang2000ling.com/img/psp_200/2263.jpg,英文,THQ,欧版
psp,2264,NBA Live 06,NBA实况06,ULKS-46032,2010-06-27,Sports,https://data.yang2000ling.com/img/psp_200/2264.jpg,韩语,Electronic Arts,韩版
psp,2265,LEGO Harry Potter - Years 1-4,乐高哈利波特-第1-4年,ULUS-10500,2010-06-28,Action Adventure,https://data.yang2000ling.com/img/psp_200/2265.jpg,英文,Warner Interactive,美版
psp,2266,Narcissu - Moshimo Ashita ga Runara,水仙-如果还有明天,ULJM-05674,2010-06-28,Adventure,https://data.yang2000ling.com/img/psp_200/2266.jpg,日语,Kadokawa Shoten,日版
psp,2267,Daito Giken Koushiki Pachi-Slot Simulator - Ossu! Misao and Maguro Densetsu Portable,大都技研公式 模拟柏青嫂-押忍!操和鲔传说 携带版,NPJH-50271,2010-06-29,Gambling,https://data.yang2000ling.com/img/psp_200/2267.jpg,日语,Paon Corporation,日版
psp,2268,Everybody's Tennis,大众网球,UCES-01420,2010-06-30,Sports,https://data.yang2000ling.com/img/psp_200/2268.jpg,西班牙语|意大利语|德语|英文|法文,Sony,欧版
psp,2269,Pro Cycling Season 2010 - Le Tour de France,职业自行车队经理2010,ULES-01448,2010-06-30,Sports,https://data.yang2000ling.com/img/psp_200/2269.jpg,西班牙语|意大利语|德语|荷兰语|丹麦语|英文|法文,UbiSoft,欧版
psp,2270,Hot Shots Tennis - Get a Grip,大众网球,UCUS-98701,2010-06-30,Sports,https://data.yang2000ling.com/img/psp_200/2270.jpg,英文,Sony,美版
psp,2271,Everybody's Tennis,大众网球,UCAS-40307,2010-07-01,Sports,https://data.yang2000ling.com/img/psp_200/2271.jpg,中文|英文,Sony,中国版
psp,2272,FullMetal Alchemist - Brotherhood,钢之炼金术士 托付背后之人,ULES-01433,2010-07-02,Action,https://data.yang2000ling.com/img/psp_200/2272.jpg,法文,Namco Bandai Games,法版
psp,2273,"Conveni Portable, The",便利商店 携带版,ULJM-05702,2010-07-06,Simulation,https://data.yang2000ling.com/img/psp_200/2273.jpg,日语,Hamster,日版
psp,2274,Shin Megami Tensei - Persona 3 Portable,女神异闻录3 携带版,ULUS-10512,2010-07-07,RPG,https://data.yang2000ling.com/img/psp_200/2274.jpg,英文,Atlus,美版
psp,2275,Jikan de Fantasia,时间幻想,ULJM-05696,2010-07-07,RPG,https://data.yang2000ling.com/img/psp_200/2275.jpg,日语,Idea Factory,日版
psp,2276,Despicable Me,卑鄙的我,ULUS-10534,2010-07-09,Action,https://data.yang2000ling.com/img/psp_200/2276.jpg,西班牙语|英文|法文,D3 Publisher,美版
psp,2277,D.C. Girls Symphony Pocket,初音岛-少女恋色交响曲 口袋版,ULJM-05690,2010-07-13,Adventure,https://data.yang2000ling.com/img/psp_200/2277.jpg,日语,Idea Factory,日版
psp,2278,Naruto Shippuden - Kizuna Drive,火影忍者疾风传-羁绊之战,ULJS-00291,2010-07-13,Action,https://data.yang2000ling.com/img/psp_200/2278.jpg,日语,Bandai Namco Games,日版
psp,2279,Last Ranker,最后的战士,ULJM-05676,2010-07-13,Action RPG,https://data.yang2000ling.com/img/psp_200/2279.jpg,日语,Capcom,日版
psp,2280,Momotarou Dentetsu Tag Match - Yuujou - Doryoku - Shouri no Maki!,桃太郎电铁组队战 友情.努力.胜利之卷,ULJM-05677,2010-07-14,Board Games,https://data.yang2000ling.com/img/psp_200/2280.jpg,日语,Hudson,日版
psp,2281,Jikkyou Powerful Pro Yakyuu 2010,实况力量棒球2010,ULJM-05678,2010-07-14,Sports,https://data.yang2000ling.com/img/psp_200/2281.jpg,日语,Konami,日版
psp,2282,Busou Shinki - Battle Masters,武装神姬-战斗大师,ULJM-05538,2010-07-14,Action,https://data.yang2000ling.com/img/psp_200/2282.jpg,日语,Konami,日版
psp,2283,Clannad - Hikari Mimamoru Sakamichi de Gekan,家族-被光守护的坡道 下卷,NPJH-50273,2010-07-15,Adventure,https://data.yang2000ling.com/img/psp_200/2283.jpg,日语,Prototype,日版
psp,2284,Hello Kitty to Issho! Block Crash 123!!,凯蒂猫方块冲击123,ULJM-05707,2010-07-15,Action,https://data.yang2000ling.com/img/psp_200/2284.jpg,日语,Dorasu,日版
psp,2285,Ridge Racer,山脊赛车,UCAS-40015,2010-07-18,Racing,https://data.yang2000ling.com/img/psp_200/2285.jpg,中文|西班牙语|意大利语|德语|英文|法文,Namco,中国版
psp,2286,ModNation Racers,模组世界赛车,NPHG-00080,2010-07-18,Driving,https://data.yang2000ling.com/img/psp_200/2286.jpg,中文,Sony,中国版
psp,2287,Fate Extra,命运之夜 最初的开始,NPJH-50247,2010-07-20,Action RPG,https://data.yang2000ling.com/img/psp_200/2287.jpg,日语,Marvelous,日版
psp,2288,TRICKxLOGIC - Season 1,诡计对逻辑-第一季,UCJS-10097,2010-07-21,Adventure,https://data.yang2000ling.com/img/psp_200/2288.jpg,日语,Sony,日版
psp,2289,NeoGeo Heroes - Ultimate Shooting,NeoGeo英雄-终极射击,NPJH-50293,2010-07-27,Action,https://data.yang2000ling.com/img/psp_200/2289.jpg,日语,SNK Playmore,日版
psp,2290,Hatsune Miku - Project Diva 2nd,初音未来-歌姬计划2,ULJM-05681,2010-07-28,Music,https://data.yang2000ling.com/img/psp_200/2290.jpg,日语,Sega,日版
psp,2291,Ys vs. Sora no Kiseki - Alternative Saga,伊苏vs.空之轨迹-抉择传奇,NPJH-50276,2010-07-28,Action,https://data.yang2000ling.com/img/psp_200/2291.jpg,日语,Falcom,日版
psp,2292,GA - Geijutsuka Art Design Class - Slapstick Wonder Land,GA美术设计班,ULJM-05672,2010-07-28,Adventure,https://data.yang2000ling.com/img/psp_200/2292.jpg,日语,Russel,日版
psp,2293,Koisuru Otome to Shugo no Tate Portable,恋爱少女与守护之盾 携带版,ULJM-05635,2010-07-28,Adventure,https://data.yang2000ling.com/img/psp_200/2293.jpg,日语,Alchemist,日版
psp,2294,ModNation Mugen no Kart Oukoku,模组世界赛车,NPJG-00116,2010-07-28,Driving,https://data.yang2000ling.com/img/psp_200/2294.jpg,日语,Sony,日版
psp,2295,Second Novel - Kanojo no Natsu - 15-Bun no Kioku,第二物语-少女的夏天与15分钟的记忆,NPJH-50279,2010-07-28,Adventure,https://data.yang2000ling.com/img/psp_200/2295.jpg,日语,Nippon Ichi Software,日版
psp,2296,S.Y.K - Shinsetsu Saiyuuki Portable,S.Y.K-新说西游记 携带版,ULJM-05697,2010-08-02,Adventure,https://data.yang2000ling.com/img/psp_200/2296.jpg,日语,Idea Factory,日版
psp,2297,Oretachi no Sabage Versus,我们的野战游戏 生存对战,ULJS-00319,2010-08-04,Shooter,https://data.yang2000ling.com/img/psp_200/2297.jpg,日语,Best Media,日版
psp,2298,Tales of Phantasia - Narikiri Dungeon X,幻想传说-换装迷宫X,ULJS-00293,2010-08-04,RPG,https://data.yang2000ling.com/img/psp_200/2298.jpg,日语,Bandai Namco Games,日版
psp,2299,Dead or Alive Paradise,死或生 热带天堂,ULES-01416,2010-08-05,Sports,https://data.yang2000ling.com/img/psp_200/2299.jpg,西班牙语|意大利语|德语|英文|法文,Tecmo,欧版
psp,2300,Crazy Taxi - Fare Wars (v2),疯狂出租车-客源争夺战,ULUS-10273,2010-08-07,Driving,https://data.yang2000ling.com/img/psp_200/2300.jpg,西班牙语|意大利语|德语|英文|法文,SEGA,美版
psp,2301,Dante's Inferno,但丁的地狱,ULUS-10469,2010-08-09,Beat Em Up,https://data.yang2000ling.com/img/psp_200/2301.jpg,英文,Electronic Arts,美版
psp,2302,Madden NFL 11,劲爆美式橄榄球2011,ULUS-10541,2010-08-10,Sports,https://data.yang2000ling.com/img/psp_200/2302.jpg,英文,Electronic Arts,美版
psp,2303,Iron Man 2,钢铁侠2,ULUS-10497,2010-08-10,Action,https://data.yang2000ling.com/img/psp_200/2303.jpg,英文,Sega,美版
psp,2304,Uta no - Prince-Sama (v2),歌之王子殿下(v2),NPJH-50269,2013-02-23,Adventure,https://data.yang2000ling.com/img/psp_200/2304.jpg,日语,Broccoli,日版
psp,2305,Corpse Party - Blood Covered - Repeated Fear,尸体派对-血之复盖 无止境的恐惧,ULJM-05704,2010-08-11,Adventure,https://data.yang2000ling.com/img/psp_200/2305.jpg,日语,5pb Game,日版
psp,2306,Hexyz Force,神眷之力,ULUS-10506,2010-08-12,RPG,https://data.yang2000ling.com/img/psp_200/2306.jpg,英文,Atlus,美版
psp,2307,Fat Princess - Fistful of Cake,胖公主-蛋糕一把抓,UCUS-98740,2010-08-12,Action,https://data.yang2000ling.com/img/psp_200/2307.jpg,西班牙语|英文|法文,Sony,美版
psp,2308,Prince of Persia - The Forgotten Sands,波斯王子-遗忘之沙,ULUS-10480,2010-08-12,Action Adventure,https://data.yang2000ling.com/img/psp_200/2308.jpg,西班牙语|英文|法文,UbiSoft,美版
psp,2309,Takuyo Mix Box - First Anniversary,拓洋迷你游戏合集,ULJS-00305,2010-08-13,Action,https://data.yang2000ling.com/img/psp_200/2309.jpg,日语,Takuyo,日版
psp,2310,Kazoku Keikaku,家族计划,ULJM-05721,2010-08-14,Adventure,https://data.yang2000ling.com/img/psp_200/2310.jpg,日语,CyberFront,日版
psp,2311,Idol Janshi Suchi-Pai IV Portable,偶像雀士女仆麻将4 携带版,ULJM-05722,2010-08-17,Board Games,https://data.yang2000ling.com/img/psp_200/2311.jpg,日语,CyberFront,日版
psp,2312,Ys Seven,伊苏7,ULUS-10551,2010-08-17,Action RPG,https://data.yang2000ling.com/img/psp_200/2312.jpg,英文,Xseed Games,美版
psp,2313,Shin Master of Monsters Final EX,真万兽之王 最终EX,ULJS-00282,2010-08-18,RPG,https://data.yang2000ling.com/img/psp_200/2313.jpg,日语,System Soft,日版
psp,2314,Play English,乐趣英语,ULES-01440,2010-08-19,Education,https://data.yang2000ling.com/img/psp_200/2314.jpg,西班牙语,Tonika,西班牙版
psp,2315,Shin Hisui no Shizuku - Hiiro no Kakera 2 Portable,绯色的碎片2-真翡翠水滴 携带版,ULJM-05725,2010-08-20,Adventure,https://data.yang2000ling.com/img/psp_200/2315.jpg,日语,Idea Factory,日版
psp,2316,StormLover,暴风情人,ULJS-00299,2010-08-20,Adventure,https://data.yang2000ling.com/img/psp_200/2316.jpg,日语,D3 Publisher,日版
psp,2317,Project Cerberus,地狱犬计划,ULJM-05636,2010-08-24,Action,https://data.yang2000ling.com/img/psp_200/2317.jpg,日语,Mile Stone Inc.,日版
psp,2318,Ace Combat X2 - Joint Assault,皇牌空战X2-联合攻击,NPJH-50263,2010-08-24,Flight Simulation,https://data.yang2000ling.com/img/psp_200/2318.jpg,西班牙语|日语|意大利语|德语|英文|法文,Bandai Namco Games,日版
psp,2319,MonHun Nikki - Poka Poka Ailu Mura,怪物猎人日记-暖洋洋的猫猫村,ULJM-05710,2010-08-24,RPG,https://data.yang2000ling.com/img/psp_200/2319.jpg,日语,Capcom,日版
psp,2320,Hanayaka Kana - Ware ga Ichizoku,华丽一族,ULJM-05691,2010-08-24,Adventure,https://data.yang2000ling.com/img/psp_200/2320.jpg,日语,Idea Factory,日版
psp,2321,Sakura Sakura - Haru Urara,樱花樱花-Haru,ULJM-05758,2010-08-26,Adventure,https://data.yang2000ling.com/img/psp_200/2321.jpg,日语,GN Software,日版
psp,2322,Disgaea Portable,魔界战记 携带版,UCAS-40315,2010-08-26,RPG,https://data.yang2000ling.com/img/psp_200/2322.jpg,韩语|中文,Nippon Ichi Software,中国版
psp,2323,Simple 2000 Series Portable Vol.1 - The Mahjong,廉价2000系列Vol.1-麻将,ULJS-00301,2010-08-26,Board Game,https://data.yang2000ling.com/img/psp_200/2323.jpg,日语,D3 Publisher,日版
psp,2324,Simple 2000 Series Portable Vol.2 - The Shougi,廉价2000系列Vol.2-将棋,ULJS-00302,2010-08-26,Board Game,https://data.yang2000ling.com/img/psp_200/2324.jpg,日语,D3 Publisher,日版
psp,2325,Blood Bowl,怒火橄榄球,ULUS-10516,2010-08-28,Sports,https://data.yang2000ling.com/img/psp_200/2325.jpg,西班牙语|意大利语|德语|英文|法文,Focus Home Interactive,美版
psp,2326,Bleach - Heat the Soul 7,死神-灵魂升温7,UCJS-10110,2010-08-30,Fighting,https://data.yang2000ling.com/img/psp_200/2326.jpg,日语,Sony,日版
psp,2327,Ace Combat - Joint Assault,皇牌空战X2-联合攻击,ULUS-10511,2010-08-30,Flight Simulation,https://data.yang2000ling.com/img/psp_200/2327.jpg,英文,Bandai Namco Games,美版
psp,2328,Need for Speed - Shift,极品飞车-变速,ULUS-10462,2010-09-01,Racing,https://data.yang2000ling.com/img/psp_200/2328.jpg,中文|西班牙语|英文|法文,Electronic Arts,中国版
psp,2329,Valkyria Chronicles II,战场的女武神2-高卢王立士官学校,ULES-01417,2010-09-01,RPG,https://data.yang2000ling.com/img/psp_200/2329.jpg,英文,Sega,欧版
psp,2330,Valkyria Chronicles II,战场的女武神2-高卢王立士官学校,ULUS-10515,2010-09-01,RPG,https://data.yang2000ling.com/img/psp_200/2330.jpg,英文,Sega,美版
psp,2331,Bleach - Heat the Soul 7,死神-灵魂升温7,NPHG-00087,2010-09-03,Fighting,https://data.yang2000ling.com/img/psp_200/2331.jpg,中文,Sony,中国版
psp,2332,White Breath - Perfect Edition,白色呼吸-完美版本,ULJM-05730,2010-09-03,Adventure,https://data.yang2000ling.com/img/psp_200/2332.jpg,日语,GN Software,日版
psp,2333,Kingdom Hearts - Birth by Sleep,王国之心-梦中降生,ULUS-10505,2010-09-05,RPG,https://data.yang2000ling.com/img/psp_200/2333.jpg,英文,Square Enix,美版
psp,2334,Sengoku Efuda Yuugi - Hototogisu Tairan,战国绘札游戏-不如归 大乱,NPJH-50321,2010-09-08,Board Games,https://data.yang2000ling.com/img/psp_200/2334.jpg,日语,IREM,日版
psp,2335,Kingdom Hearts - Birth by Sleep,王国之心-梦中降生,ULES-01441,2010-09-08,RPG,https://data.yang2000ling.com/img/psp_200/2335.jpg,西班牙语|意大利语|德语|英文|法文,Square Enix,欧版
psp,2336,UFC 2010 Undisputed,终极格斗冠军赛2010,ULUS-10508,2010-09-14,Fighting,https://data.yang2000ling.com/img/psp_200/2336.jpg,英文,THQ,美版
psp,2337,Yu-Gi-Oh! 5D's Tag Force 5,游戏王5D's 卡片力量5,ULJM-05734,2010-09-14,Card Battle,https://data.yang2000ling.com/img/psp_200/2337.jpg,日语,Konami,日版
psp,2338,Trick x Logic - Season 2,诡计对逻辑-第二季,UCJS-10105,2010-09-15,Adventure,https://data.yang2000ling.com/img/psp_200/2338.jpg,日语,Sony,日版
psp,2339,Blue Roses - Yousei to Aoi Hitomi no Senshitachi,蓝色玫瑰-妖精和青眼的战士,NPJH-50280,2010-09-15,Strategy,https://data.yang2000ling.com/img/psp_200/2339.jpg,日语,Nippon Ichi Software,日版
psp,2340,Phantasy Star Portable 2,梦幻之星2 携带版,ULUS-10529,2010-09-15,RPG,https://data.yang2000ling.com/img/psp_200/2340.jpg,英文,Sega,美版
psp,2341,R.U.R.U.R. - Petit Prince,R.U.R.U.R.-小王子,ULJM-05532,2010-09-20,Adventure,https://data.yang2000ling.com/img/psp_200/2341.jpg,日语,Views,日版
psp,2342,Kurohyou - Ryu ga Gotoku Shinshou,黑豹-如龙新章,NPJH-50333,2010-09-20,Adventure,https://data.yang2000ling.com/img/psp_200/2342.jpg,日语,Sega,日版
psp,2343,Shin Koihime Musou - Otome Ryouran - Sangokushi Engi - Wu-Hen (UMD Disc 1),真恋姬梦想-乙女缭乱-三国志演义-吴篇(UMD-Disc 1),ULJM-05699,2010-09-20,Adventure,https://data.yang2000ling.com/img/psp_200/2343.jpg,日语,Yeti,日版
psp,2344,Shin Koihime Musou - Otome Ryouran - Sangokushi Engi - Wu-Hen (UMD Disc 2),真恋姬梦想-乙女缭乱-三国志演义-吴篇(UMD-Disc 2),ULJM-05700,2010-09-20,Adventure,https://data.yang2000ling.com/img/psp_200/2344.jpg,日语,Yeti,日版
psp,2345,Winning Post 7 2010,赛马大亨7 2010,ULJM-05739,2010-09-20,Sports,https://data.yang2000ling.com/img/psp_200/2345.jpg,日语,Koei Tecmo Games,日版
psp,2346,Cabela's North American Adventures,坎贝拉北美历险记,ULUS-10533,2010-09-21,Sports,https://data.yang2000ling.com/img/psp_200/2346.jpg,英文,Activision,美版
psp,2347,"Lord of the Rings - Aragorn's Quest, The",指环王-阿拉贡的冒险,ULUS-10475,2010-09-21,Action Adventure,https://data.yang2000ling.com/img/psp_200/2347.jpg,英文,Warner Interactive,美版
psp,2348,Durarara!! 3-way Standoff,无头骑士异闻录,ULJS-00318,2010-09-21,Action,https://data.yang2000ling.com/img/psp_200/2348.jpg,日语,ASCII Media Works,日版
psp,2349,Ace Combat - Joint Assault,皇牌空战X2-联合攻击,ULES-01408,2010-09-24,Action,https://data.yang2000ling.com/img/psp_200/2349.jpg,西班牙语|日语|意大利语|德语|英文|法文,Namco Bandai Games,欧版
psp,2350,Phantasy Star Portable 2,梦幻之星2 携带版,ULES-01439,2010-09-26,RPG,https://data.yang2000ling.com/img/psp_200/2350.jpg,英文,Sega,欧版
psp,2351,K-On! Houkago Live!!,轻音少女 放学后演唱会,ULJM-05709,2010-09-28,Rhythm,https://data.yang2000ling.com/img/psp_200/2351.jpg,日语,Sega,日版
psp,2352,FIFA 11,FIFA足球2011,ULES-01475,2010-09-28,Sports,https://data.yang2000ling.com/img/psp_200/2352.jpg,英文,Electronic Arts,欧版
psp,2353,LEGO Harry Potter - Years 1-4,乐高哈利波特-第1-4年,ULES-01351,2010-09-29,Action Adventure,https://data.yang2000ling.com/img/psp_200/2353.jpg,西班牙语|意大利语|德语|丹麦语|英文|法文,Warner Interactive,欧版
psp,2354,FIFA 11,FIFA足球2011,ULES-01477,2010-09-29,Sports,https://data.yang2000ling.com/img/psp_200/2354.jpg,意大利语,Electronic Arts,意大利版
psp,2355,Gladiator Begins,剑斗士-起源,ULUS-10528,2010-09-29,Action,https://data.yang2000ling.com/img/psp_200/2355.jpg,英文,Aksys Games,美版
psp,2356,Eiyuu Densetsu - Zero no Kiseki,英雄传说-零之轨迹,NPJH-50311,2010-09-29,RPG,https://data.yang2000ling.com/img/psp_200/2356.jpg,日语,Falcom,日版
psp,2357,Dragon Ball Tag VS,龙珠TagVS,ULJS-00311,2010-09-28,Fighting,https://data.yang2000ling.com/img/psp_200/2357.jpg,日语,Namco Bandai Games,日版
psp,2358,Love Once,只有一次的恋爱,ULJM-05746,2010-09-29,Adventure,https://data.yang2000ling.com/img/psp_200/2358.jpg,日语,Maid meets Cat,日版
psp,2359,Shukufuku no Campanella Portable,祝福的钟声,ULJM-05715,2010-09-29,Adventure,https://data.yang2000ling.com/img/psp_200/2359.jpg,日语,Kadokawa Shoten,日版
psp,2360,Twinkle Crusaders GoGo!,闪光十字军,ULJS-00316,2010-09-29,Action,https://data.yang2000ling.com/img/psp_200/2360.jpg,日语,ASCII Media Works,日版
psp,2361,Twinkle Crusaders Starlit Brave,闪光十字军 星光冒险,ULJS-00315,2010-09-29,Simulation,https://data.yang2000ling.com/img/psp_200/2361.jpg,日语,ASCII Media Works,日版
psp,2362,FIFA Soccer 11,FIFA足球2011,ULUS-10550,2010-10-01,Sports,https://data.yang2000ling.com/img/psp_200/2362.jpg,英文,Electronic Arts,美版
psp,2363,Bob Esponja Atrapados en el Congelador,海绵宝宝 诚实或正直,ULES-01486,2010-10-02,Miscellaneous,https://data.yang2000ling.com/img/psp_200/2363.jpg,西班牙语,THQ,西班牙版
psp,2364,Tom Clancys Ghost Recon - Predator,幽灵行动-猎食者,ULES-01350,2010-10-02,Shooter,https://data.yang2000ling.com/img/psp_200/2364.jpg,西班牙语|意大利语|德语|英文|法文,UbiSoft,欧版
psp,2365,Ben 10 - Ultimate Alien - Cosmic Destruction,BEN10-终极异形 宇宙毁灭,ULUS-10542,2010-10-04,Action,https://data.yang2000ling.com/img/psp_200/2365.jpg,英文,D3 Publisher,美版
psp,2366,NBA 2K11,NBA篮球2011,ULUS-10552,2010-10-04,Sports,https://data.yang2000ling.com/img/psp_200/2366.jpg,英文,2K Sports,美版
psp,2367,Rapala Pro Bass Fishing,诺帕拉职业钓鱼,ULUS-10532,2010-10-06,Sports,https://data.yang2000ling.com/img/psp_200/2367.jpg,英文,Activision,美版
psp,2368,Ken to Mahou to Gakuen Mono 3,剑与魔法与学园3,ULJM-05735,2010-10-06,Strategy,https://data.yang2000ling.com/img/psp_200/2368.jpg,日语,Acquire,日版
psp,2369,Hiiro no Kakera - Shin Tamayori Hime Denshou Portable,绯色的碎片-新玉依姬传承 携带版,ULJM-05741,2013-02-23,Adventure,https://data.yang2000ling.com/img/psp_200/2369.jpg,日语,Idea Factory,日版
psp,2370,Invizimals,隐形妖怪,UCUS-98746,2010-10-08,Puzzle,https://data.yang2000ling.com/img/psp_200/2370.jpg,英文,Sony,美版
psp,2371,Kana - Imouto,加奈妹妹,ULJM-05768,2010-10-10,Adventure,https://data.yang2000ling.com/img/psp_200/2371.jpg,日语,CyberFront,日版
psp,2372,Lord of Arcana,核石之王,NPJH-50335,2010-10-12,Action,https://data.yang2000ling.com/img/psp_200/2372.jpg,日语,Square Enix,日版
psp,2373,Despicable Me,卑鄙的我,ULES-01447,2010-10-12,Action,https://data.yang2000ling.com/img/psp_200/2373.jpg,瑞典语|西班牙语|挪威语|意大利语|德语|芬兰语|丹麦语|英文|法文,D3 Publisher,欧版
psp,2374,FIFA 11,FIFA足球2011,ULES-01478,2010-10-13,Sports,https://data.yang2000ling.com/img/psp_200/2374.jpg,德语,Electronic Arts,德版
psp,2375,NBA 2K11,NBA篮球2011,ULES-01488,2010-10-13,Sports,https://data.yang2000ling.com/img/psp_200/2375.jpg,英文,2K Sports,欧版
psp,2376,UFC 2010 Undisputed,终极格斗冠军赛2010,ULES-01410,2010-10-14,Fighting,https://data.yang2000ling.com/img/psp_200/2376.jpg,西班牙语|意大利语|德语|英文|法文,THQ,欧版
psp,2377,Boku wa Koukuu Kanseikan - Airport Hero Haneda,我是航空管制官-机场英雄雨田,ULJM-05769,2010-10-14,Strategy,https://data.yang2000ling.com/img/psp_200/2377.jpg,日语,Sonic Powered,日版
psp,2378,Ken to Mahou to Gakuen Mono 2 (PSP the Best),剑与魔法与学园2(廉价版),ULJM-08029,2010-10-14,Strategy,https://data.yang2000ling.com/img/psp_200/2378.jpg,日语,Acquire,日版
psp,2379,DJ Max Portable 3,DJMax3 携带版,ULKS-46236,2010-10-14,Rhythm,https://data.yang2000ling.com/img/psp_200/2379.jpg,韩语|日语|英文,Pentavision,韩版
psp,2380,FIFA 11,FIFA足球2011,ULES-01480,2010-10-14,Sports,https://data.yang2000ling.com/img/psp_200/2380.jpg,英文,Electronic Arts,欧版
psp,2381,Dragon Ball Z - Tenkaichi Tag Team,龙珠TagVS,ULUS-10537,2010-10-16,Fighting,https://data.yang2000ling.com/img/psp_200/2381.jpg,英文,Namco Bandai Games,美版
psp,2382,FIFA 11 - World Class Soccer,FIFA足球2011,NPJH-50340,2010-10-19,Sports,https://data.yang2000ling.com/img/psp_200/2382.jpg,日语,Electronic Arts,日版
psp,2383,Memories Off 6 - Next Relation,秋之回忆6-新篇章,ULJM-05762,2010-10-20,Adventure,https://data.yang2000ling.com/img/psp_200/2383.jpg,日语,5 pb,日版
psp,2384,Dragon Ball Z - Tenkaichi Tag Team,龙珠TagVS,ULES-01456,2010-10-23,Fighting,https://data.yang2000ling.com/img/psp_200/2384.jpg,西班牙语|意大利语|德语|英文|法文,Namco Bandai Games,欧版
psp,2385,DJ Max Portable 3,DJMax3 携带版,ULUS-10538,2010-10-23,Rhythm,https://data.yang2000ling.com/img/psp_200/2385.jpg,英文,Pentavision,美版
psp,2386,God of War - Ghost of Sparta,战神-斯巴达之魂,UCES-01401,2010-10-25,Action,https://data.yang2000ling.com/img/psp_200/2386.jpg,西班牙语|意大利语|德语|英文|法文,Sony,欧版
psp,2387,Bakugan Battle Brawlers - Defenders of the Core,爆丸战士-核心抵抗者,ULUS-10536,2011-05-14,Action,https://data.yang2000ling.com/img/psp_200/2387.jpg,英文|法文,Activision,美版
psp,2388,WWE SmackDown vs. RAW 2011,世界摔跤联盟2011,ULUS-10543,2010-10-26,Sports,https://data.yang2000ling.com/img/psp_200/2388.jpg,英文,THQ,美版
psp,2389,Metal Fight Bayblade Portable - Chouzetsu Tensei Balkan Horuseus,战斗陀螺金属对决-超绝转生 携带版,ULJM-05731,2010-10-26,Action,https://data.yang2000ling.com/img/psp_200/2389.jpg,日语,Takara Tomy,日版
psp,2390,Dream C Club Portable,梦幻俱乐部 携带版,ULJS-00333,2010-10-26,Simulation,https://data.yang2000ling.com/img/psp_200/2390.jpg,日语,D3 Publisher,日版
psp,2391,God Eater Burst,噬神者 爆裂,NPJH-50352,2010-10-26,Action,https://data.yang2000ling.com/img/psp_200/2391.jpg,日语,Bandai Namco Games,日版
psp,2392,Phantom Brave Portable,灵武战记 携带版,NPJH-50331,2010-10-26,RPG,https://data.yang2000ling.com/img/psp_200/2392.jpg,日语,Nippon Ichi Software,日版
psp,2393,"Lord of the Rings - Aragorn's Quest, The",指环王-阿拉贡的冒险,ULES-01395,2010-10-26,Action,https://data.yang2000ling.com/img/psp_200/2393.jpg,西班牙语|意大利语|德语|荷兰语|英文|法文,Warner Bros Interactive,欧版
psp,2394,Pro Evolution Soccer 2011,实况足球2011,ULES-01467,2010-10-27,Sports,https://data.yang2000ling.com/img/psp_200/2394.jpg,瑞典语|荷兰语|英文,Electronic Arts,欧版
psp,2395,Robot Battle Simulation Game - Carnage Heart EXA,杀戮之心EXA,ULJM-05698,2010-10-27,Action,https://data.yang2000ling.com/img/psp_200/2395.jpg,日语,Artdinc,日版
psp,2396,Da Capo I & II Plus Situation Portable (UMD Disc 1),初音岛1&2 强化携带版(UMD-Disc 1),ULJM-05718,2010-10-27,Adventure,https://data.yang2000ling.com/img/psp_200/2396.jpg,日语,Kadokawa Shoten,日版
psp,2397,Da Capo I & II Plus Situation Portable (UMD Disc 2),初音岛1&2 强化携带版(UMD-Disc 2),ULJM-05719,2010-10-27,Adventure,https://data.yang2000ling.com/img/psp_200/2397.jpg,日语,Kadokawa Shoten,日版
psp,2398,Pro Evolution Soccer 2011,实况足球2011,ULES-01469,2010-10-28,Sports,https://data.yang2000ling.com/img/psp_200/2398.jpg,意大利语,Konami,欧版
psp,2399,Shin Koihime Musou - Otome Ryouran - Sangokushi Engi - Wei-Hen (UMD Disc 1),真恋姬梦想-乙女缭乱-三国志演义-魏篇(UMD-Disc 1),ULJM-05705,2010-10-28,Adventure,https://data.yang2000ling.com/img/psp_200/2399.jpg,日语,Yeti,日版
psp,2400,Shin Koihime Musou - Otome Ryouran - Sangokushi Engi - Wei-Hen (UMD Disc 2),真恋姬梦想-乙女缭乱-三国志演义-魏篇(UMD-Disc 2),ULJM-05706,2010-10-28,Adventure,https://data.yang2000ling.com/img/psp_200/2400.jpg,日语,Yeti,日版
psp,2401,Blazing Souls - Accelate,炙热之魂-加速进化,ULUS-10527,2010-10-29,RPG,https://data.yang2000ling.com/img/psp_200/2401.jpg,英文,Aksys Games,美版
psp,2402,Yu-Gi-Oh! 5D's Tag Force 5,游戏王5D's 卡片力量5,ULUS-10555,2010-10-30,Card Battle,https://data.yang2000ling.com/img/psp_200/2402.jpg,西班牙语|意大利语|德语|英文|法文,Konami,美版
psp,2403,Invizimals,隐形妖怪,UCKS-45129,2010-10-30,Puzzle,https://data.yang2000ling.com/img/psp_200/2403.jpg,韩语|英文,Sony,韩版
psp,2404,EyePet,爱宝贝,UCUS-98759,2010-10-30,Puzzle,https://data.yang2000ling.com/img/psp_200/2404.jpg,西班牙语|葡萄牙语|英文|法文,Sony,美版
psp,2405,God of War - Ghost of Sparta,战神-斯巴达之魂,UCUS-98737,2010-10-30,Action,https://data.yang2000ling.com/img/psp_200/2405.jpg,西班牙语|英文|法文,Sony,美版
psp,2406,Megamind - The Blue Defender,超级大坏蛋,ULUS-10520,2010-10-30,Action,https://data.yang2000ling.com/img/psp_200/2406.jpg,英文|法文,THQ,美版
psp,2407,Nogizaka Haruka no Himistu - Doujinshi Hajimemashita,乃木坂春香的秘密-开始做同人志了,NPJH-50339,2010-10-30,Adventure,https://data.yang2000ling.com/img/psp_200/2407.jpg,日语,ASCII Media Works,日版
psp,2408,Pro Evolution Soccer 2011,实况足球2011,ULES-01468,2010-12-30,Sports,https://data.yang2000ling.com/img/psp_200/2408.jpg,德语|法文,Konami,欧版
psp,2409,Pachinka Mania P - CR Tekken Tafu,狂热柏青哥P-CR铁拳传,ULJM-05670,2010-10-31,Adventure,https://data.yang2000ling.com/img/psp_200/2409.jpg,日语,Dorasu,日版
psp,2410,God of War - Ghost of Sparta,战神-斯巴达之魂,NPHG-00092,2010-11-02,Action,https://data.yang2000ling.com/img/psp_200/2410.jpg,中文|英文,Sony,中国版
psp,2411,Z.H.P. Unlosing Ranger vs. Darkdeath Evilman,绝对英雄改造计划,ULUS-10559,2010-11-05,RPG,https://data.yang2000ling.com/img/psp_200/2411.jpg,英文,NIS America,美版
psp,2412,Tsuyo Kiss 2 Portable,娇蛮之吻2 携带版,ULJM-05750,2010-11-05,Adventure,https://data.yang2000ling.com/img/psp_200/2412.jpg,日语,NetRevo,日版
psp,2413,WWE SmackDown vs. RAW 2011,世界摔跤联盟2011,ULES-01472,2010-11-06,Action,https://data.yang2000ling.com/img/psp_200/2413.jpg,西班牙语|意大利语|德语|英文|法文,THQ,欧版
psp,2414,Daisenryaku Perfect - Senjou no Hasha,完美大战略-战场的霸者,ULJS-00289,2013-02-11,Strategy,https://data.yang2000ling.com/img/psp_200/2414.jpg,日语,System Soft,日版
psp,2415,Prince of Persia - Boukyaku no Suna,波斯王子-遗忘之沙,NPJH-50260,2010-11-08,Action Adventure,https://data.yang2000ling.com/img/psp_200/2415.jpg,日语,UbiSoft,日版
psp,2416,Vitamin X Evolution Plus,维他命X 进化加强版,ULJS-00325,2010-11-08,Adventure,https://data.yang2000ling.com/img/psp_200/2416.jpg,日语,D3 Publisher,日版
psp,2417,Ys - The Oath in Felghana,伊苏-菲尔迦纳的誓约,ULUS-10558,2010-11-09,RPG,https://data.yang2000ling.com/img/psp_200/2417.jpg,英文,Xseed Games,美版
psp,2418,God of War - Ghost of Sparta,战神-斯巴达之魂,UCES-01473,2010-11-09,Action,https://data.yang2000ling.com/img/psp_200/2418.jpg,波兰语|英文,Sony,欧版
psp,2419,God of War - Koutan no Kokuin,战神-斯巴达之魂,UCJS-10114,2010-11-10,Action,https://data.yang2000ling.com/img/psp_200/2419.jpg,日语,Sony,日版
psp,2420,Tactics Ogre - Unmei no Wa,皇家骑士团-命运之轮,ULJM-05753,2010-11-10,Strategy,https://data.yang2000ling.com/img/psp_200/2420.jpg,日语,Square Enix,日版
psp,2421,Knights in the Nightmare,噩梦骑士,ULUS-10539,2010-11-11,Strategy,https://data.yang2000ling.com/img/psp_200/2421.jpg,英文,Atlus,美版
psp,2422,Monster Jam - Path of Destruction,怪物卡车-毁灭之路,ULUS-10530,2010-11-11,Driving,https://data.yang2000ling.com/img/psp_200/2422.jpg,英文,Activision,美版
psp,2423,Oben,飞屋环游记,ULES-01254,2011-01-07,Platformer,https://data.yang2000ling.com/img/psp_200/2423.jpg,德语,THQ,德版
psp,2424,Split Second - Velocity,争分夺秒-极速,ULUS-10513,2010-11-13,Driving,https://data.yang2000ling.com/img/psp_200/2424.jpg,西班牙语|英文|法文,Disney Interactive,美版
psp,2425,Tom Clancys Ghost Recon - Predator,幽灵行动-猎食者,ULUS-10445,2010-11-14,Shooter,https://data.yang2000ling.com/img/psp_200/2425.jpg,西班牙语|英文|法文,UbiSoft,美版
psp,2426,Jungle Party,布兹小子 丛林聚会,UCES-01459,2010-11-14,Miscellaneous,https://data.yang2000ling.com/img/psp_200/2426.jpg,瑞典语|西班牙语|波兰语|挪威语|意大利语|德语|芬兰语|荷兰语|丹麦语|英文|法文,Sony,欧版
psp,2427,Kaeru Batake de Tsukamaete Portable,蛙畑奇事 携带版,ULJS-00341,2010-11-15,Adventure,https://data.yang2000ling.com/img/psp_200/2427.jpg,日语,Takuyo,日版
psp,2428,Criminal Girls,罪恶少女,NPJH-50316,2010-11-16,RPG,https://data.yang2000ling.com/img/psp_200/2428.jpg,日语,Nippon Ichi Software,日版
psp,2429,Hisshou Pachinko - Pachi-Slot Kouryaku Series Portable Vol. 2 - CR Evangelion - Hajimari no Fukuin,必胜柏青哥柏青嫂攻略系列Vol.2 CR福音战士-起始的福音 携带版,ULJS-00340,2010-11-17,Gambling,https://data.yang2000ling.com/img/psp_200/2429.jpg,日语,D3 Publisher,日版
psp,2430,Megamind - The Blue Defender,超级大坏蛋,ULES-01415,2010-11-17,Action,https://data.yang2000ling.com/img/psp_200/2430.jpg,西班牙语|意大利语|德语|荷兰语|英文|法文,THQ,欧版
psp,2431,World Soccer Winning Eleven 2011,实况足球2011,ULJM-05771,2010-11-18,Sports,https://data.yang2000ling.com/img/psp_200/2431.jpg,日语,Konami,日版
psp,2432,Bakugan Battle Brawlers - Defenders of the Core,爆丸战士-核心抵抗者,ULES-01466,2010-11-19,Action,https://data.yang2000ling.com/img/psp_200/2432.jpg,瑞典语|西班牙语|意大利语|德语|荷兰语|英文|法文,Activision,欧版
psp,2433,Invizimals - Shadow Zone,隐形妖怪-暗影地带,UCES-01411,2010-11-19,Puzzle,https://data.yang2000ling.com/img/psp_200/2433.jpg,瑞典语|西班牙语|葡萄牙语|波兰语|挪威语|意大利语|德语|芬兰语|荷兰语|丹麦语|英文|法文,Sony,欧版
psp,2434,God Eater Burst - Append Edition,噬神者 爆裂-改善版,ULJS-00350,2010-11-20,Action,https://data.yang2000ling.com/img/psp_200/2434.jpg,日语,Bandai Namco Games,日版
psp,2435,World Soccer Winning Eleven 2011,实况足球2011,ULAS-42256,2010-11-20,Sports,https://data.yang2000ling.com/img/psp_200/2435.jpg,韩语|中文|英文,Konami,中国版
psp,2436,Football Manager Handheld 2011,足球经理2011,ULES-01455,2010-11-20,Sports,https://data.yang2000ling.com/img/psp_200/2436.jpg,西班牙语|意大利语|德语|英文|法文,SEGA,欧版
psp,2437,Tenchou no Igo,天顶围棋,ULJM-05766,2010-11-21,Board Game,https://data.yang2000ling.com/img/psp_200/2437.jpg,日语,NCS,日版
psp,2438,Dangan-Ronpa - Kibou no Gakuen to Zetsubou no Koukousei,弹丸论破-希望的学园和绝望的高中生,NPJH-50372,2010-11-24,Action Adventure,https://data.yang2000ling.com/img/psp_200/2438.jpg,日语,Spike,日版
psp,2439,Tears to Tiara - Kakan no Daichi Portable,提亚拉之泪-花冠的大地 携带版,NPJH-50242,2010-11-24,Adventure,https://data.yang2000ling.com/img/psp_200/2439.jpg,日语,AquaPlus,日版
psp,2440,Kingdom - Ikkitousen no Ken,王者天下-一骑斗千之剑,ULJM-05784,2010-11-24,Action,https://data.yang2000ling.com/img/psp_200/2440.jpg,日语,Konami,日版
psp,2441,Shin Koihime Musou - Otome Ryouran - Sangokushi Engi - Shu-Hen (UMD Disc 1) ,真恋姫梦想-乙女缭乱-三国志演义-蜀篇(UMD-Disc 1),ULJM-05694,2010-11-24,Adventure,https://data.yang2000ling.com/img/psp_200/2441.jpg,日语,Yeti,日版
psp,2442,Shin Koihime Musou - Otome Ryouran - Sangokushi Engi - Shu-Hen (UMD Disc 2),真恋姫梦想-乙女缭乱-三国志演义-蜀篇(UMD-Disc 2),ULJM-05695,2010-11-24,Adventure,https://data.yang2000ling.com/img/psp_200/2442.jpg,日语,Yeti,日版
psp,2443,Little Busters! Converted Edition (UMD Disc 1),小小克星 改装版(UMD-Disc 1),ULJM-05789,2010-11-24,Adventure,https://data.yang2000ling.com/img/psp_200/2443.jpg,日语,Prototype,日版
psp,2444,Little Busters! Converted Edition (UMD Disc 2),小小克星 改装版(UMD-Disc 2),ULJM-05790,2010-11-24,Adventure,https://data.yang2000ling.com/img/psp_200/2444.jpg,日语,Prototype,日版
psp,2445,Buzz! Mozak Hrvatske,喧闹少年找碴大师 克罗地亚智囊团,UCES-01206,2010-11-26,Trivia,https://data.yang2000ling.com/img/psp_200/2445.jpg,波兰语,Sony,欧版
psp,2446,Monster Hunter Portable 3rd,怪物猎人3 携带版,ULJM-05800,2010-11-29,RPG,https://data.yang2000ling.com/img/psp_200/2446.jpg,日语,Capcom,日版
psp,2447,Michael Jackson - The Experience,迈克尔杰克逊-舞王体验,ULUS-10564,2010-12-01,Rhythm,https://data.yang2000ling.com/img/psp_200/2447.jpg,西班牙语|波兰语|意大利语|德语|英文|法文,Ubi Soft,美版
psp,2448,Sengoku Hime 2 Arashi - Hyakubana Senran Tatsukaze no Gotoku,战极姬2 岚-百华 如战乱辰风,ULJM-05774,2010-12-01,Strategy,https://data.yang2000ling.com/img/psp_200/2448.jpg,日语,System Soft,日版
psp,2449,Buzz! Quiz World,喧闹少年找碴大师 测验世界,UCES-01289,2010-12-01,Trivia,https://data.yang2000ling.com/img/psp_200/2449.jpg,波兰语|英文,Sony,欧版
psp,2450,FlatOut - Head On,极限冲刺-迎面相撞,ULES-00969,2010-12-01,Driving,https://data.yang2000ling.com/img/psp_200/2450.jpg,德语,Empire Interactive,德版
psp,2451,Michael Jackson - The Experience,迈克尔杰克逊-舞王体验,ULES-01512,2010-12-02,Rhythm,https://data.yang2000ling.com/img/psp_200/2451.jpg,西班牙语|波兰语|意大利语|德语|英文|法文,Ubi Soft,欧版
psp,2452,World Soccer Winning Eleven 2011,实况足球2011,ULKS-45261,2010-12-02,Sports,https://data.yang2000ling.com/img/psp_200/2452.jpg,韩语,Konami,韩版
psp,2453,Kamen Rider Climax Heroes OOO,假面骑士 巅峰英雄OOO,ULJS-00331,2010-12-03,Fighting,https://data.yang2000ling.com/img/psp_200/2453.jpg,日语,Bandai Namco Games,日版
psp,2454,TRON - Evolution,特隆-进化,ULES-01494,2010-12-04,Action Adventure,https://data.yang2000ling.com/img/psp_200/2454.jpg,西班牙语|意大利语|德语|荷兰语|英文|法文,Disney Interactive,欧版
psp,2455,Gensan,出发!源先生-夕阳下的大工物语,ULES-01360,2010-12-04,Beat Em Up,https://data.yang2000ling.com/img/psp_200/2455.jpg,西班牙语|意大利语|德语|英文|法文,DHM Interactive,欧版
psp,2456,EyePet,爱宝贝,UCES-01462,2010-12-08,Puzzle,https://data.yang2000ling.com/img/psp_200/2456.jpg,瑞典语|西班牙语|葡萄牙语|波兰语|挪威语|意大利语|德语|芬兰语|荷兰语|丹麦语|英文|法文,Sony,欧版
psp,2457,Wand of Fortune - Mirai e no Prologue Portable,命运之杖-面向未来的序幕 携带版,ULJM-05783,2010-12-07,Adventure,https://data.yang2000ling.com/img/psp_200/2457.jpg,日语,Idea Factory,日版
psp,2458,Daito Giken Koushiki Pachi-Slot Simulator - Hihouden - Fuujirareta Megami Portable,大都技研公式 模拟柏青嫂-秘宝传 封印的女神 携带版,NPJH-50405,2011-03-05,Gambling,https://data.yang2000ling.com/img/psp_200/2458.jpg,日语,Paon Corporation,日版
psp,2459,Split Second - Velocity,争分夺秒-极速,ULES-01402,2010-12-08,Racing,https://data.yang2000ling.com/img/psp_200/2459.jpg,西班牙语|意大利语|德语|英文|法文,Disney Interactive,欧版
psp,2460,Pastel Chime Continue,粉彩铃音 延续,ULJM-05788,2010-12-10,RPG,https://data.yang2000ling.com/img/psp_200/2460.jpg,日语,5pb Game,日版
psp,2461,Miyako,雅恋,ULJM-05770,2010-12-12,Adventure,https://data.yang2000ling.com/img/psp_200/2461.jpg,日语,Idea Factory,日版
psp,2462,Shining Hearts,光明之心,NPJH-50342,2010-12-14,RPG,https://data.yang2000ling.com/img/psp_200/2462.jpg,日语,SEGA,日版
psp,2463,Tears to Tiara Gaiden - Avalon no Nazo Portable,提亚拉之泪外传-阿瓦隆之谜 携带版,NPJH-50243,2010-12-15,RPG,https://data.yang2000ling.com/img/psp_200/2463.jpg,日语,Aqua Plus,日版
psp,2464,Arms' Heart,武装之心,ULJM-05786,2010-12-16,RPG,https://data.yang2000ling.com/img/psp_200/2464.jpg,日语,Hamster,日版
psp,2465,Everybody's Stress Buster,全民都爽快,UCAS-40290,2010-12-17,Mini Games,https://data.yang2000ling.com/img/psp_200/2465.jpg,中文|英文,Sony,中国版
psp,2466,Kanuchi - Futatsu no Tsubasa (UMD Disc 1),锻冶师-双翼(UMD-Disc 1),ULJM-05796,2010-12-19,Adventure,https://data.yang2000ling.com/img/psp_200/2466.jpg,日语,Idea Factory,日版
psp,2467,Kanuchi - Futatsu no Tsubasa (UMD Disc 2),锻冶师-双翼(UMD-Disc 2),ULJM-05797,2010-12-19,Adventure,https://data.yang2000ling.com/img/psp_200/2467.jpg,日语,Idea Factory,日版
psp,2468,Yu-Gi-Oh! 5D's Tag Force 5,游戏王5D's 卡片力量5,ULES-01474,2010-12-20,Card Battle,https://data.yang2000ling.com/img/psp_200/2468.jpg,西班牙语|意大利语|德语|英文|法文,Konami,欧版
psp,2469,Tantei Opera - Milky Holmes,侦探歌剧-少女福尔摩斯,ULJS-00343,2010-12-21,Adventure,https://data.yang2000ling.com/img/psp_200/2469.jpg,日语,BushiRoad,日版
psp,2470,"3rd Birthday, The",寄生前夜 第三次生日3rd,ULJM-05798,2010-12-21,Action RPG,https://data.yang2000ling.com/img/psp_200/2470.jpg,日语,Square Enix,日版
psp,2471,77 - Beyond the Milky Way,77-超越银河77 -,ULJM-05877,2010-12-21,Adventure,https://data.yang2000ling.com/img/psp_200/2471.jpg,日语,GN Software,日版
psp,2472,"Mondo di Patty - Il gioco piu bello, Il",帕蒂的世界,ULES-01493,2010-12-23,Virtual Life,https://data.yang2000ling.com/img/psp_200/2472.jpg,意大利语,Sony,意大利版
psp,2473,Megamind - The Blue Defender,超级大坏蛋,ULES-01465,2010-12-23,Action Adventure,https://data.yang2000ling.com/img/psp_200/2473.jpg,英文,THQ,欧版
psp,2474,Harvest Moon - Hero of Leaf Valley,牧场物语-蜜糖村和大家的愿望,ULES-01489,2010-12-23,Simulation,https://data.yang2000ling.com/img/psp_200/2474.jpg,英文,Rising Star,欧版
psp,2475,TRON - Evolution,特隆-进化,ULES-01495,2010-12-23,Action Adventure,https://data.yang2000ling.com/img/psp_200/2475.jpg,英文,Disney Interactive,欧版
psp,2476,AKB 1 no 48 Idol to Koi shitara,AKB1-48 与偶像恋爱的话,ULJS-00480,2010-12-24,Other,https://data.yang2000ling.com/img/psp_200/2476.jpg,日语,Bandai Namco Games,日版
psp,2477,Pro Evolution Soccer 2011,实况足球2011,ULES-01470,2010-12-24,Sports,https://data.yang2000ling.com/img/psp_200/2477.jpg,西班牙语|葡萄牙语,Konami,欧版
psp,2478,Togainu no Chi - True Blood Portable,咎狗之血 携带版,ULJM-05795,2010-12-27,Adventure,https://data.yang2000ling.com/img/psp_200/2478.jpg,日语,Kadokawa Shoten,日版
psp,2479,Lucky Star - Ryouou Gakuen Outousai Portable,幸运星-陵樱学园藤祭 携带版,ULJM-05752,2010-12-27,Adventure,https://data.yang2000ling.com/img/psp_200/2479.jpg,日语,Kadokawa Shoten,日版
psp,2480,FIFA 11,FIFA足球2011,ULES-01476,2010-12-31,Sports,https://data.yang2000ling.com/img/psp_200/2480.jpg,法文,Electronic Arts,法版
psp,2481,Toudai Shougi - Mejinsen Dojo,东大将棋-名人战道场,ULJM-05747,2011-01-08,Board Game,https://data.yang2000ling.com/img/psp_200/2481.jpg,日语,Mainichi Communications,日版
psp,2482,Bara no Ki Ni - Bara no Hansaku,蔷薇树上蔷薇开,ULJM-05802,2011-01-09,Adventure,https://data.yang2000ling.com/img/psp_200/2482.jpg,日语,Art Move,日版
psp,2483,Uta no Prince-Sama - Amazing Aria,歌之王子殿下-绝妙的咏叹调,NPJH-50381,2011-01-09,Adventure,https://data.yang2000ling.com/img/psp_200/2483.jpg,日语,Broccoli,日版
psp,2484,Harukanaru Toki no Naka de 4 Aizouban,遥远的时空中4 爱藏版,ULJM-05810,2011-01-09,Adventure,https://data.yang2000ling.com/img/psp_200/2484.jpg,日语,Koei Tecmo Games,日版
psp,2485,Starry Sky - In Autumn Portable,星座彼氏-秋季篇 携带版,ULJM-05809,2011-01-09,Adventure,https://data.yang2000ling.com/img/psp_200/2485.jpg,日语,Asgard,日版
psp,2486,Another Century's Episode Portable,王牌机师 携带版,ULJS-00322,2011-01-12,Simulation,https://data.yang2000ling.com/img/psp_200/2486.jpg,日语,Bandai Namco Games,日版
psp,2487,BlazBlue - Calamity Trigger,苍翼默示录-厄运扳机,ULES01497,2010-12-08,Fighting,https://data.yang2000ling.com/img/psp_200/2487.jpg,韩语|西班牙语|日语|意大利语|德语|中文|英文|法文,Arc System Works,欧版
psp,2488,Boku wa Koukuu Kanseikan - Airport Hero Kankuu,我是航空管制官-机场英雄关空,ULJM-05803,2011-01-12,Simulation,https://data.yang2000ling.com/img/psp_200/2488.jpg,日语,Sonic Powered,日版
psp,2489,Puzzle Quest - Challenge of the Warlords,益智探险-战神的挑战,ULES-00909,2011-01-14,Puzzle,https://data.yang2000ling.com/img/psp_200/2489.jpg,西班牙语|意大利语|德语|英文|法文,D3 Publisher,欧版
psp,2490,Venus & Braves - Majo to Megami to Horobi no Yogen,维纳斯与布雷斯-魔女与女神的破灭预言,NPJH-50376,2011-01-18,RPG,https://data.yang2000ling.com/img/psp_200/2490.jpg,日语,Bandai Namco Games,日版
psp,2491,Kingdom Hearts - Birth by Sleep - Final Mix,王国之心-梦中降生 最终混合版,ULJM-05775,2011-01-18,Action RPG,https://data.yang2000ling.com/img/psp_200/2491.jpg,日语,Square Enix,日版
psp,2492,Lord of Arcana,核石之王,ULES-01507,2011-01-21,Action,https://data.yang2000ling.com/img/psp_200/2492.jpg,西班牙语|意大利语|德语|英文|法文,Square Enix,欧版
psp,2493,2010 FIFA World Cup South Africa,FIFA足球 2010南非世界杯2010,ULUS-10504,2011-01-21,Sports,https://data.yang2000ling.com/img/psp_200/2493.jpg,西班牙语|英文,Electronic Arts,美版
psp,2494,Slotter Mania P - Mach Go Go Go III,角子机胜负师P-马赫GoGoGo3,ULJM-05822,2011-01-23,Gambling,https://data.yang2000ling.com/img/psp_200/2494.jpg,日语,Dorasu,日版
psp,2495,Buzz! The Ultimate Music Quiz,喧闹少年找碴大师 终极音乐测验,UCES-01449,2011-01-24,Trivia,https://data.yang2000ling.com/img/psp_200/2495.jpg,意大利语|德语,Sony,欧版
psp,2496,Kenka Banchou 5 - Otoko no Housoku,喧哗番长5-男子汉法则,ULJS-00359,2011-01-25,Action,https://data.yang2000ling.com/img/psp_200/2496.jpg,日语,Spike,日版
psp,2497,Toaru Majutsu no Index,魔法禁书目录,ULJS-00329,2011-01-25,Fighting,https://data.yang2000ling.com/img/psp_200/2497.jpg,日语,Kadokawa Games,日版
psp,2498,Senjou no Valkyria 3,战场的女武神3,ULJM-05781,2011-01-26,RPG,https://data.yang2000ling.com/img/psp_200/2498.jpg,日语,SEGA,日版
psp,2499,Chaos Head Love Chu Chu!,混沌之脑 恋爱亲亲,ULJM-05821,2011-01-26,Adventure,https://data.yang2000ling.com/img/psp_200/2499.jpg,日语,5pb Game,日版
psp,2500,Ore no Imouto ga Konna ni Kawaii wake ga Nai Portable,我的妹妹不可能那么可爱 携带版,ULJS-00358,2011-01-26,Adventure,https://data.yang2000ling.com/img/psp_200/2500.jpg,日语,Bandai Namco Games,日版
psp,2501,Ore no Imouto Maker EX Portable,我的萌妹梦工场EX 携带版,ULJS-00357,2011-01-26,Adventure,https://data.yang2000ling.com/img/psp_200/2501.jpg,日语,Bandai Namco Games,日版
psp,2502,Tsuku Monogatari,付丧物语,ULJM-05755,2011-01-26,Adventure,https://data.yang2000ling.com/img/psp_200/2502.jpg,日语,Furyu Corporation,日版
psp,2503,Macross Triangle Frontier,超时空要塞 三角边境,ULJS-00321,2011-02-01,Action,https://data.yang2000ling.com/img/psp_200/2503.jpg,日语,Bandai Namco Games,日版
psp,2504,Shirokishi Monogatari Episode Portable - Dogma Wars,白骑士物语-徳古玛战争 携带版,UCJS-10115,2011-02-01,RPG,https://data.yang2000ling.com/img/psp_200/2504.jpg,日语,Sony,日版
psp,2505,Viorate no Atelier Gramnad no Renkinjutsushi 2,薇欧蕾特的工作室 格拉姆纳特的炼金术士2,ULJM-05835,2011-02-02,RPG,https://data.yang2000ling.com/img/psp_200/2505.jpg,日语,GUST,日版
psp,2506,Buzz! The Ultimate Music Quiz,喧闹少年找碴大师 终极音乐测验,UCES-01445,2011-02-05,Trivia,https://data.yang2000ling.com/img/psp_200/2506.jpg,英文,Sony,欧版
psp,2507,Tales of the World - Radiant Mythology 3,世界传说-光明神话3,NPJH-50353,2011-02-08,RPG,https://data.yang2000ling.com/img/psp_200/2507.jpg,日语,Bandai Namco Games,日版
psp,2508,Cars,汽车总动员,UCKS-45018,2011-02-08,Racing,https://data.yang2000ling.com/img/psp_200/2508.jpg,韩语|英文,THQ,韩版
psp,2509,Daxter,达斯特,UCKS-45025,2011-02-09,Platformer,https://data.yang2000ling.com/img/psp_200/2509.jpg,韩语|西班牙语|意大利语|德语|英文|法文,Sony,韩版
psp,2510,Nikoli no Sudoku +2 Daiisshuu - Sudoku Nurikabe Heyawake,尼柯利之数独+2 第一集,ULJM-05787,2011-02-04,Puzzle,https://data.yang2000ling.com/img/psp_200/2510.jpg,日语,Hamster,日版
psp,2511,Nikoli no Sudoku +3 Dai-Ni-Shuu - Sudoku Kakuro Bijutsukan Hitori ni Shitekure,尼柯利之数独+3 第二集,NPJH50387,2011-02-07,Puzzle,https://data.yang2000ling.com/img/psp_200/2511.jpg,日语,Hamster,日版
psp,2512,Death Connection Portable,死亡联接 携带版,ULJM-05823,2011-02-10,Adventure,https://data.yang2000ling.com/img/psp_200/2512.jpg,日语,Idea Factory,日版
psp,2513,Secret Agent Clank,秘密特工叮当,UCKS-45096,2011-02-11,Platformer,https://data.yang2000ling.com/img/psp_200/2513.jpg,韩语,Sony,韩版
psp,2514,Princess Maker 5 Portable (v2),美少女梦工厂5 携带版(v2),ULKS-46187,2011-02-11,Strategy,https://data.yang2000ling.com/img/psp_200/2514.jpg,韩语,Cyberfront,韩版
psp,2515,Tactics Ogre - Let Us Cling Together,皇家骑士团-命运之轮,ULES-01500,2011-02-12,Strategy,https://data.yang2000ling.com/img/psp_200/2515.jpg,英文,Square Enix,欧版
psp,2516,Mahjong Haoh Portable - Dankyuu Battle Special,麻雀霸王-段位战斗特别版,ULJM-05841,2011-02-15,Board Games,https://data.yang2000ling.com/img/psp_200/2516.jpg,日语,NCS,日版
psp,2517,Space Invaders Pocket,太空侵略者 口袋版,ULKS-46020,2011-02-15,Shooter,https://data.yang2000ling.com/img/psp_200/2517.jpg,韩语,Cyberfront,韩版
psp,2518,Gakuen Heaven - Okawari! Boy's Love Attack!,学园天堂-又一章,ULJM-05729,2011-02-15,Adventure,https://data.yang2000ling.com/img/psp_200/2518.jpg,日语,InterChannel,日版
psp,2519,Williams Pinball Classics (v2),弹珠台名人堂2-威廉姆斯合集(v2),ULES-01014,2011-02-15,Pinball,https://data.yang2000ling.com/img/psp_200/2519.jpg,西班牙语|德语|英文|法文,System 3,欧版
psp,2520,Tactics Ogre - Let Us Cling Together,皇家骑士团-命运之轮,ULUS-10565,2011-02-16,Strategy,https://data.yang2000ling.com/img/psp_200/2520.jpg,英文,Square Enix,美版
psp,2521,DJ Max Portable 3,DJMax3 携带版,ULJM-05836,2011-02-16,Rhythm,https://data.yang2000ling.com/img/psp_200/2521.jpg,日语,Cyberfront,日版
psp,2522,Shinkyoku Soukai Polyphonica - After School,神曲奏界-放课后,ULJM-05832,2011-02-17,Adventure,https://data.yang2000ling.com/img/psp_200/2522.jpg,日语,Prototype,日版
psp,2523,Lord of Arcana,核石之王,ULUS-10479,2011-02-18,Action,https://data.yang2000ling.com/img/psp_200/2523.jpg,英文|法文,Square Enix,美版
psp,2524,Ben 10 - Ultimate Alien - Cosmic Destruction,BEN10-终极异形 宇宙毁灭,ULES-01471,2011-02-19,Action,https://data.yang2000ling.com/img/psp_200/2524.jpg,西班牙语|意大利语|德语|英文|法文,D3 Publisher,欧版
psp,2525,Uta no Prince-Sama - Sweet Serenade,歌之王子殿下-甜蜜的小夜曲,NPJH-50393,2011-02-20,Adventure,https://data.yang2000ling.com/img/psp_200/2525.jpg,日语,Broccoli,日版
psp,2526,Phantasy Star Portable 2 - Infinity,梦幻之星2-无限 携带版,NPJH-50332,2011-02-22,Action RPG,https://data.yang2000ling.com/img/psp_200/2526.jpg,日语,SEGA,日版
psp,2527,SD Gundam G Generation World,SD高达G世纪 世界,ULJS-00363,2011-02-23,Strategy,https://data.yang2000ling.com/img/psp_200/2527.jpg,日语,Bandai Namco Games,日版
psp,2528,FIFA 11,FIFA足球2011,ULES-01479,2011-02-23,Sports,https://data.yang2000ling.com/img/psp_200/2528.jpg,西班牙语,Electronic Arts,西班牙版
psp,2529,Ys I & II Chronicles,伊苏1&2编年史,ULUS-10547,2011-02-23,Action RPG,https://data.yang2000ling.com/img/psp_200/2529.jpg,英文,Xseed Games,美版
psp,2530,Vitamin X to Z,维他命X to,ULJS-00347,2011-02-27,Adventure,https://data.yang2000ling.com/img/psp_200/2530.jpg,日语,D3 Publisher,日版
psp,2531,Harukanaru Toki no Naka de 5,遥远的时空中5,ULJM-05843,2011-02-27,RPG,https://data.yang2000ling.com/img/psp_200/2531.jpg,日语,Koei Tecmo Games,日版
psp,2532,Dissidia 012 - Duodecim Final Fantasy,最终幻想-纷争012,NPJH-50377,2011-03-02,Action,https://data.yang2000ling.com/img/psp_200/2532.jpg,日语,Square Enix,日版
psp,2533,Star Driver - Kagayaki no Takuto - Ginga Bishounen Densetsu,驭星者-闪光的塔科特银河美少年传说,ULJS-00368,2011-03-02,Action,https://data.yang2000ling.com/img/psp_200/2533.jpg,日语,Bandai Namco Games,日版
psp,2534,Black Robinia,黑衣少年侦探团,NPJH-50394,2011-03-03,Adventure,https://data.yang2000ling.com/img/psp_200/2534.jpg,日语,Broccoli,日版
psp,2535,Fairy Tail - Portable Guild 2,妖精的尾巴-携带公会2,NPJH-50411,2011-03-08,RPG,https://data.yang2000ling.com/img/psp_200/2535.jpg,日语,Konami,日版
psp,2536,Rurouni Kenshin - Meiji Kenkaku Romantan Saisen,浪客剑心-再闪,ULJS-00360,2011-03-08,Action,https://data.yang2000ling.com/img/psp_200/2536.jpg,日语,Bandai Namco Games,日版
psp,2537,Shogi World Champion - Gekisashi Portable,将棋世界冠军-激指 携带版,ULJM-05652,2011-03-05,Board Game,https://data.yang2000ling.com/img/psp_200/2537.jpg,日语,NCS,日版
psp,2538,Phantom Brave - The Hermuda Triangle,灵武战记 携带版,ULUS-10572,2011-03-09,Strategy,https://data.yang2000ling.com/img/psp_200/2538.jpg,英文,Nippon Ichi Software,美版
psp,2539,Deardrops Distortion,梦幻旋律 变奏,ULJM-05819,2011-03-09,Adventure,https://data.yang2000ling.com/img/psp_200/2539.jpg,日语,CyberFront,日版
psp,2540,Hoshizora Planet - One Small Step For...,星空星球-一小步,ULJM-05845,2011-03-09,Adventure,https://data.yang2000ling.com/img/psp_200/2540.jpg,日语,CyberFront,日版
psp,2541,San Goku Shi IX with Power-Up Kit,三国志9 威力加强版,ULJM-05842,2011-03-09,Strategy,https://data.yang2000ling.com/img/psp_200/2541.jpg,日语,Koei Tecmo Games,日版
psp,2542,MLB 11 - The Show,美国职棒大联盟11,UCUS-98758,2011-03-10,Sports,https://data.yang2000ling.com/img/psp_200/2542.jpg,英文,Sony,美版
psp,2543,Major League Baseball 2K11,美国职业棒球大联盟2011,ULUS-10573,2011-03-10,Sports,https://data.yang2000ling.com/img/psp_200/2543.jpg,英文,Take 2 Interactive,美版
psp,2544,Gods Eater Burst,噬神者 爆裂,ULUS-10563,2011-03-16,Action Adventure,https://data.yang2000ling.com/img/psp_200/2544.jpg,英文,D3 Publisher,美版
psp,2545,Gods Eater Burst,噬神者 爆裂,ULES-01519,2011-03-21,Action Adventure,https://data.yang2000ling.com/img/psp_200/2545.jpg,英文,D3 Publisher,欧版
psp,2546,Jikandia - The Timeless Land,时间幻想,ULUS-10562,2011-03-21,RPG,https://data.yang2000ling.com/img/psp_200/2546.jpg,英文,Aksys Games,美版
psp,2547,Naruto Shippuden - Kizuna Drive,火影忍者疾风传-羁绊之战,ULUS-10571,2011-03-23,Action,https://data.yang2000ling.com/img/psp_200/2547.jpg,西班牙语|英文|法文,Bandai Namco Games,美版
psp,2548,Classic Dungeon X2,经典迷宫X2,NPJH-50388,2011-03-23,RPG,https://data.yang2000ling.com/img/psp_200/2548.jpg,日语,Nippon Ichi Software,日版
psp,2549,Final Fantasy IV - Complete Collection,最终幻想4-完全版,NPJH-50414,2011-03-23,RPG,https://data.yang2000ling.com/img/psp_200/2549.jpg,日语|英文|法文,Square Enix,日版
psp,2550,LEGO Star Wars III - The Clone Wars,乐高星球大战3-克隆人战争,ULUS-10531,2011-03-23,Action Adventure,https://data.yang2000ling.com/img/psp_200/2550.jpg,西班牙语|英文|法文,Lucas Arts,美版
psp,2551,"3rd Birthday, The",寄生前夜 第三次生日3rd,ULES-01513,2011-03-24,Shooter,https://data.yang2000ling.com/img/psp_200/2551.jpg,英文,Square Enix,欧版
psp,2552,Gakuen Hetalia Portable,学院黑塔利亚 携带版,ULJM-05840,2011-03-24,Adventure,https://data.yang2000ling.com/img/psp_200/2552.jpg,日语,Idea Factory,日版
psp,2553,Dissidia 012 - Duodecim Final Fantasy,最终幻想-纷争012,ULUS-10566,2011-03-25,Action,https://data.yang2000ling.com/img/psp_200/2553.jpg,西班牙语|意大利语|德语|英文|法文,Square Enix,美版
psp,2554,Naruto Shippuden - Kizuna Drive,火影忍者疾风传-羁绊之战,ULES-01516,2011-03-26,Action,https://data.yang2000ling.com/img/psp_200/2554.jpg,西班牙语|意大利语|德语|英文|法文,Bandai Namco Games,欧版
psp,2555,NBA Live 10,NBA实况10,ULES-01310,2011-03-26,Sports,https://data.yang2000ling.com/img/psp_200/2555.jpg,西班牙语,Electronic Arts,西班牙版
psp,2556,LEGO Star Wars III - The Clone Wars,乐高星球大战3-克隆人战争,ULES-01446,2011-03-28,Action Adventure,https://data.yang2000ling.com/img/psp_200/2556.jpg,西班牙语|意大利语|德语|丹麦语|英文|法文,Lucas Arts,欧版
psp,2557,Nikoli no Sudoku +3 Dai-San-Shuu - Slither Link Masyu Yajilin,尼柯利之数独+3 第三集,NPJH-50413,2011-03-28,Board Game,https://data.yang2000ling.com/img/psp_200/2557.jpg,日语,Hamster,日版
psp,2558,BlazBlue - Continuum Shift II,苍翼默示录-连锁反应2,NPJH-50401,2011-03-29,Action,https://data.yang2000ling.com/img/psp_200/2558.jpg,日语,Arc System Works,日版
psp,2559,OneChanbara Special,御姐玫瑰 特別版,ULJS-00367,2011-03-29,Action,https://data.yang2000ling.com/img/psp_200/2559.jpg,日语,D3 Publisher,日版
psp,2560,WWE All Stars,世界摔跤联盟 全明星,ULUS-10544,2011-03-29,Fighting,https://data.yang2000ling.com/img/psp_200/2560.jpg,英文,THQ,美版
psp,2561,Amagami,圣诞之吻 加强版,ULJS-00339,2011-03-30,Adventure,https://data.yang2000ling.com/img/psp_200/2561.jpg,日语,Kadokawa Shoten,日版
psp,2562,"3rd Birthday, The",寄生前夜 第三次生日3rd,ULUS-10567,2011-03-31,Shooter,https://data.yang2000ling.com/img/psp_200/2562.jpg,英文,Square Enix,美版
psp,2563,"Legend of Heroes - Trails in the Sky, The",英雄传说-空之轨迹FC,ULUS-10540,2011-04-02,RPG,https://data.yang2000ling.com/img/psp_200/2563.jpg,英文,Xseed,美版
psp,2564,Prinny 2 - Dawn of Operation Panties Dood!,普利尼2-特攻游戏 晓之裤裤大作战,ULUS-10561,2011-04-03,Platformer,https://data.yang2000ling.com/img/psp_200/2564.jpg,英文,NIS America,美版
psp,2565,SOCOM - U.S. Navy SEALs Fireteam Bravo 3,海豹突击队-火线小组3,UCUS-98716,2011-04-03,Shooter,https://data.yang2000ling.com/img/psp_200/2565.jpg,英文,Sony,美版
psp,2566,Clover no Kuni no Alice - Wonderful Wonder World,梅花国的爱丽丝-美妙奇迹世界,ULJM-05856,2011-04-04,Adventure,https://data.yang2000ling.com/img/psp_200/2566.jpg,日语,Quinrose,日版
psp,2567,Namco Museum Battle Collection,南梦宫博物馆2,ULUS-10035,2011-04-06,Compilation,https://data.yang2000ling.com/img/psp_200/2567.jpg,中文|英文,Bandai Namco Games,中国版
psp,2568,Ultimate Board Game Collection,终极桌面游戏合集,ULES-01017,2011-04-06,Board Games,https://data.yang2000ling.com/img/psp_200/2568.jpg,中文|英文,Empire Interactive,中国版
psp,2569,Earth Defense Forces 2 Portable,地球防卫军2 携带版,ULJS-00374,2011-04-06,Action,https://data.yang2000ling.com/img/psp_200/2569.jpg,日语,D3 Publisher,日版
psp,2570,Princess Frontier Portable,公主国境 携带版,ULJM-05852,2011-04-06,Adventure,https://data.yang2000ling.com/img/psp_200/2570.jpg,日语,Alchemist,日版
psp,2571,Garnet Cradle Portable - Kagi no Himiko,石榴石的摇篮-键之姬巫女 携带版,ULJM-05858,2011-04-07,Adventure,https://data.yang2000ling.com/img/psp_200/2571.jpg,日语,Idea Factory,日版
psp,2572,Are You Alice,汝名艾丽斯,ULJM-05848,2011-04-07,Adventure,https://data.yang2000ling.com/img/psp_200/2572.jpg,日语,Idea Factory,日版
psp,2573,Undead Knights,不死骑士,ULUS-10453,2011-04-07,Action Adventure,https://data.yang2000ling.com/img/psp_200/2573.jpg,英文,Tecmo,美版
psp,2574,Patapon 3,啪嗒砰3,UCUS-98751,2011-04-12,Action,https://data.yang2000ling.com/img/psp_200/2574.jpg,西班牙语|葡萄牙语|英文|法文,Sony,美版
psp,2575,Persona 2 - Tsumi,女神异闻录2-罪,NPJH-50329,2011-04-12,RPG,https://data.yang2000ling.com/img/psp_200/2575.jpg,日语,Atlus,日版
psp,2576,Dai-2-Ji Super Robot Taisen Z Hakai-hen,第二次超级机器人大战Z 破界篇,ULJS-00379,2011-04-12,Strategy,https://data.yang2000ling.com/img/psp_200/2576.jpg,日语,Bandai Namco Games,日版
psp,2577,Pro Yakyuu Spirits 2011,职业棒球之魂2011,NPJH-50336,2011-04-13,Sports,https://data.yang2000ling.com/img/psp_200/2577.jpg,日语,Konami,日版
psp,2578,Final Fantasy IV - Complete Collection,最终幻想4-完全版,ULES-01521,2011-04-14,RPG,https://data.yang2000ling.com/img/psp_200/2578.jpg,日语|英文|法文,Square Enix,欧版
psp,2579,Street Cricket Champions,街头板球冠军,UCES-01320,2011-04-14,Sports,https://data.yang2000ling.com/img/psp_200/2579.jpg,英文,Sony,欧版
psp,2580,WWE All Stars,世界摔跤联盟 全明星,ULES-01510,2011-04-15,Fighting,https://data.yang2000ling.com/img/psp_200/2580.jpg,英文,THQ,欧版
psp,2581,Harvest Moon - Sugar Village and Everyone's Wish,牧场物语-蜜糖村和大家的愿望,ULKS-46233,2011-04-15,Strategy,https://data.yang2000ling.com/img/psp_200/2581.jpg,韩语,Natsume,韩版
psp,2582,GachiTora! Abarenbou Kyoushi in High School,高校暴力教师,NPJH-50409,2011-04-19,Action,https://data.yang2000ling.com/img/psp_200/2582.jpg,日语,Spike,日版
psp,2583,SNK Arcade Classics 0,SNK经典街机游戏合集0,NPJH-50430,2011-04-20,Compilation,https://data.yang2000ling.com/img/psp_200/2583.jpg,日语,SNK Playmore,日版
psp,2584,S.Y.K - Renshouden Portable,S.Y.K-莲咲传 携带版,ULJM-05867,2011-04-21,Adventure,https://data.yang2000ling.com/img/psp_200/2584.jpg,日语,Idea Factory,日版
psp,2585,Metal Gear Solid - Portable Ops Plus,合金装备-掌上行动 加强版,ULUS-10290,2011-04-23,Action Adventure,https://data.yang2000ling.com/img/psp_200/2585.jpg,中文|英文,Konami,中国版
psp,2586,Dead or Alive Paradise,死或生 热带天堂,ULUS-10521,2011-04-24,Action,https://data.yang2000ling.com/img/psp_200/2586.jpg,英文,Tecmo,美版
psp,2587,Final Fantasy IV - Complete Collection,最终幻想4-完全版,ULUS-10560,2011-04-24,RPG,https://data.yang2000ling.com/img/psp_200/2587.jpg,英文,Square Enix,美版
psp,2588,Patapon 3,啪嗒砰3,UCES-01421,2011-04-26,Action,https://data.yang2000ling.com/img/psp_200/2588.jpg,西班牙语|葡萄牙语|波兰语|意大利语|德语|荷兰语|英文|法文,Sony,欧版
psp,2589,Saigo no Yakusoku no Monogatari,最后的约定的故事,NPJH-50416,2011-04-26,RPG,https://data.yang2000ling.com/img/psp_200/2589.jpg,日语,Image Epoch,日版
psp,2590,Patapon 3,啪嗒砰3,NPJG-00122,2011-04-27,Action,https://data.yang2000ling.com/img/psp_200/2590.jpg,日语,Sony,日版
psp,2591,Otome wa Oanesama ni Koi Shiteru Portable - 2-Jin no Elder (UMD Disc 1),少女爱上姐姐-2人的ELDER 携带版(UMD-Disc 1),ULJM-05862,2011-04-28,Adventure,https://data.yang2000ling.com/img/psp_200/2591.jpg,日语,Alchemist,日版
psp,2592,Otome wa Oanesama ni Koi Shiteru Portable - 2-Jin no Elder (UMD Disc 2),少女爱上姐姐-2人的ELDER 携带版(UMD-Disc 2),ULJM-05863,2011-04-28,Adventure,https://data.yang2000ling.com/img/psp_200/2592.jpg,日语,Alchemist,日版
psp,2593,Patapon 3,啪嗒砰3,UCAS-40318,2011-04-28,Action,https://data.yang2000ling.com/img/psp_200/2593.jpg,韩语|中文|英文,Sony,中国版
psp,2594,"Asaki, Yumemishi",晨曦时-梦见兮,ULJM-05870,2011-04-28,Adventure,https://data.yang2000ling.com/img/psp_200/2594.jpg,日语,Quinrose,日版
psp,2595,Split Second,争分夺秒-极速,ULJM-05812,2011-04-28,Racing,https://data.yang2000ling.com/img/psp_200/2595.jpg,日语,Disney Interactive,日版
psp,2596,Starry Sky - In Winter Portable,星座彼氏-冬季篇 携带版,ULJM-05861,2011-04-28,Adventure,https://data.yang2000ling.com/img/psp_200/2596.jpg,日语,Asgard,日版
psp,2597,Buzz! Quiz World,喧闹少年找碴大师 测验世界,UCES-01292,2011-04-28,Trivia,https://data.yang2000ling.com/img/psp_200/2597.jpg,西班牙语|葡萄牙语,Sony,欧版
psp,2598,Shin Megami Tensei - Persona 3 Portable,女神异闻录3 携带版,ULES-01523,2011-04-28,RPG,https://data.yang2000ling.com/img/psp_200/2598.jpg,英文,Ghostlight,欧版
psp,2599,Silent Hill - Shattered Memories,寂静岭-破碎的记忆,ULUS-10450,2011-04-28,Action Adventure,https://data.yang2000ling.com/img/psp_200/2599.jpg,英文,Konami,美版
psp,2600,Mega Minis Volume 1,Minis游戏合集Vol.1,UCES-01502,2011-04-30,Compilation,https://data.yang2000ling.com/img/psp_200/2600.jpg,英文,Sony,欧版
psp,2601,Mega Minis Volume 2,Minis游戏合集Vol.2,UCES-01503,2011-04-30,Compilation,https://data.yang2000ling.com/img/psp_200/2601.jpg,英文,Sony,欧版
psp,2602,Mega Minis Volume 3,Minis游戏合集Vol.3,UCES-01504,2011-04-30,Compilation,https://data.yang2000ling.com/img/psp_200/2602.jpg,英文,Sony,欧版
psp,2603,Coded Arms - Contagion,机密武装-蔓延,ULUS-10184,2011-05-03,Shooter,https://data.yang2000ling.com/img/psp_200/2603.jpg,英文,Konami,美版
psp,2604,Star Wars The Clone Wars - Republic Heroes,星球大战 克隆人战争-共和国英雄,ULES-01285,2011-05-04,Action Adventure,https://data.yang2000ling.com/img/psp_200/2604.jpg,意大利语|德语,LucasArts,欧版
psp,2605,Hot Shots Golf - Open Tee (v2),大众高尔夫 携带版(v2),UCUS-98614,2011-05-04,Sports,https://data.yang2000ling.com/img/psp_200/2605.jpg,英文,Sony,美版
psp,2606,Grand Theft Auto - Liberty City Stories (v2),侠盗猎车-自由城的故事(v2),ULES-00182,2011-05-06,Action Adventure,https://data.yang2000ling.com/img/psp_200/2606.jpg,德语,Rockstar Games,德版
psp,2607,Dissidia 012 - Duodecim Final Fantasy,最终幻想-纷争012,NPHH-00293,2011-05-10,Fighting,https://data.yang2000ling.com/img/psp_200/2607.jpg,韩语|中文|英文,Square Enix,中国版
psp,2608,Pipe Mania,疯狂水管工,ULUS-10359,2011-05-10,Puzzle,https://data.yang2000ling.com/img/psp_200/2608.jpg,英文|法文,Empire Interactive,美版
psp,2609,DokiSui - DokiDoki Suikoden,心跳水浒传,ULJS-00380,2011-05-11,RPG,https://data.yang2000ling.com/img/psp_200/2609.jpg,日语,Irem,日版
psp,2610,Suzumiya Haruhi no Tsuisou,凉宫春日的追忆,ULJS-00371,2011-05-11,Adventure,https://data.yang2000ling.com/img/psp_200/2610.jpg,日语,Bandai Namco Games,日版
psp,2611,Planetarian - Chiisana Hoshi no Yume (v2)(Charity Edition),塔里安行星-星空之梦(v2)(东北地区太平洋沿岸地震灾难慈善版),ULJM-05383,2011-05-11,Adventure,https://data.yang2000ling.com/img/psp_200/2611.jpg,日语,Prototype,日版
psp,2612,LEGO Pirates of the Caribbean - The Video Game,乐高加勒比海盗,ULUS-10575,2011-05-12,Action Adventure,https://data.yang2000ling.com/img/psp_200/2612.jpg,西班牙语|英文|法文,Disney Interactive,美版
psp,2613,FIFA 09,FIFA足球2009,ULUS-10369,2011-05-14,Sports,https://data.yang2000ling.com/img/psp_200/2613.jpg,中文|西班牙语|英文,Electronic Arts,中国版
psp,2614,LEGO Pirates of the Caribbean - The Video Game,乐高加勒比海盗,ULES-01528,2011-05-15,Action Adventure,https://data.yang2000ling.com/img/psp_200/2614.jpg,瑞典语|西班牙语|挪威语|意大利语|德语|荷兰语|丹麦语|英文|法文,Disney Interactive,欧版
psp,2615,Elminage Original - Majo to Megami to Kamigami no Yubiwa,冬宫Original-暗之巫女与众神的戒指,ULJM-05864,2011-05-17,RPG,https://data.yang2000ling.com/img/psp_200/2615.jpg,日语,Starfish,日版
psp,2616,Gungnir - Masou no Gunshin to Eiyuu Sensou,奥丁之枪-魔枪之军神与英雄战争,ULJM-05779,2011-05-17,Strategy,https://data.yang2000ling.com/img/psp_200/2616.jpg,日语,Atlus,日版
psp,2617,Akiba's Trip,秋叶原之旅,NPJH-50412,2011-05-18,Action,https://data.yang2000ling.com/img/psp_200/2617.jpg,日语,Acquire,日版
psp,2618,LEGO Harry Potter - Years 1-4,乐高哈利波特-第1-4年,ULES-01351,2011-05-18,Action Adventure,https://data.yang2000ling.com/img/psp_200/2618.jpg,西班牙语|意大利语|德语|丹麦语|英文|法文,Warner Bros. Interactive,欧版
psp,2619,Transformers - Revenge of the Fallen,变形金刚2-卷土重来,ULUS-10433,2011-05-20,Action,https://data.yang2000ling.com/img/psp_200/2619.jpg,中文|英文,Activision,中国版
psp,2620,Memories Off - Yubikiri no Kioku,秋之回忆-誓约的记忆,ULJM-05875,2012-09-09,Adventure,https://data.yang2000ling.com/img/psp_200/2620.jpg,日语,5pb,日版
psp,2621,Memories Off - Yubikiri no Kioku - Futari no Fuuryuuan,秋之回忆-誓约的记忆-两人的风流庵,ULJM-05874,2012-09-09,Adventure,https://data.yang2000ling.com/img/psp_200/2621.jpg,日语,5pb,日版
psp,2622,"Iza, Shutsujin! Koisen",即刻出阵 恋战,ULJM-05876,2011-05-28,Adventure,https://data.yang2000ling.com/img/psp_200/2622.jpg,日语,Quinrose,日版
psp,2623,Major League Baseball 2K11,美国职业棒球大联盟2011,ULJS-00387,2011-05-28,Sports,https://data.yang2000ling.com/img/psp_200/2623.jpg,英文,2K Sports,日版
psp,2624,PachiPara Slot - Pachi-Slot Super Umi Monogatari in Okinawa,柏青嫂天堂 超级海物语IN冲绳,ULJS-00382,2011-05-28,Gambling,https://data.yang2000ling.com/img/psp_200/2624.jpg,日语,Irem,日版
psp,2625,LEGO Pirates of the Caribbean - The Video Game,乐高加勒比海盗,ULES-01529,2011-05-29,Action Adventure,https://data.yang2000ling.com/img/psp_200/2625.jpg,英文,Disney Interactive,欧版
psp,2626,Gran Turismo (v2),GT赛车(v2),UCES-01245,2011-06-02,Racing,https://data.yang2000ling.com/img/psp_200/2626.jpg,西班牙语|葡萄牙语|意大利语|德语|荷兰语|英文|法文,Sony,欧版
psp,2627,BlazBlue - Continuum Shift II,苍翼默示录-连锁反应2,ULUS-10579,2011-06-03,Fighting,https://data.yang2000ling.com/img/psp_200/2627.jpg,韩语|日语|中文|英文,Aksys Games,美版
psp,2628,BlazBlue - Continuum Shift II,苍翼默示录-连锁反应2,ULUS-10579,2011-06-03,Fighting,https://data.yang2000ling.com/img/psp_200/2628.jpg,韩语|日语|中文|英文,Aksys Games,中国版
psp,2629,Thrillville - Off the Rails,模拟乐园 惊奇世界-云霄飞车,ULKS-46115,2011-06-07,Strategy,https://data.yang2000ling.com/img/psp_200/2629.jpg,英文,LucasArts,韩版
psp,2630,Kidou Senshi Gundam - Senjou no Kizuna Portable,机动战士高达-战场之绊 携带版,ULJS-00181,2011-06-08,Strategy,https://data.yang2000ling.com/img/psp_200/2630.jpg,日语,Bandai Namco Games,韩版
psp,2631,NBA Live 10,NBA实况10,ULUS-10465,2011-06-08,Sports,https://data.yang2000ling.com/img/psp_200/2631.jpg,英文,Electronic Arts,中国版
psp,2632,Grand Theft Auto - Liberty City Stories,侠盗猎车-自由城的故事,ULES-00182,2011-06-08,Action Adventure,https://data.yang2000ling.com/img/psp_200/2632.jpg,德语,Capcom,德版
psp,2633,White Knight Chronicles - Origins,白骑士物语-起源,UCES-01511,2011-06-08,RPG,https://data.yang2000ling.com/img/psp_200/2633.jpg,西班牙语|意大利语|德语|英文|法文,Sony,欧版
psp,2634,Gekiatsu!! Pachi Game Tamashi Vol. 1 - CR Evangelion - Shinjitsu no Tsubasa,激热!柏青哥游戏之魂Vol.1 CR福音战士-真实之翼,ULJM-05906,2011-06-08,Gambling,https://data.yang2000ling.com/img/psp_200/2634.jpg,日语,Fields,日版
psp,2635,Xyanide Resurrection,幻影战机 复苏,ULES-00634,2011-06-10,Shooter,https://data.yang2000ling.com/img/psp_200/2635.jpg,西班牙语|意大利语|德语|英文|法文,Playlogic,中国版
psp,2636,Nikoli no Sudoku +3 Dai-Yon-Shuu - Sudoku - Number Link - Shikaku ni Kire - Hashi o Kakero,尼柯利之数独+3 第四集,NPJH-50419,2011-06-11,Puzzle,https://data.yang2000ling.com/img/psp_200/2636.jpg,日语,Hamster,日版
psp,2637,NBA Live 08,NBA实况08,ULAS-42113,2011-06-13,Sports,https://data.yang2000ling.com/img/psp_200/2637.jpg,英文,Electronic Arts,中国版
psp,2638,Danball Senki,纸盒战机,ULJS-00361,2011-06-14,Action RPG,https://data.yang2000ling.com/img/psp_200/2638.jpg,日语,Level5,日版
psp,2639,Kaeru Batake de Tsukamaete - Natsu Senbokuryou Sansen! Portable,蛙畑奇事-夏千木良参战 携带版,ULJS-00388,2011-06-17,Adventure,https://data.yang2000ling.com/img/psp_200/2639.jpg,日语,Takuyo,日版
psp,2640,Mercury 2 For 1 Fun Pack,水银 2合1趣味包,ULUS-10568,2011-06-21,Puzzle,https://data.yang2000ling.com/img/psp_200/2640.jpg,英文,Ignition,美版
psp,2641,Gloria Union,光辉同盟,ULJM-05813,2011-06-21,Strategy,https://data.yang2000ling.com/img/psp_200/2641.jpg,日语,Atlus,日版
psp,2642,Gundam Memories - Tatakai no Kioku,高达-战争记忆,NPJH-50437,2011-06-21,Action,https://data.yang2000ling.com/img/psp_200/2642.jpg,日语,Bandai Namco Games,日版
psp,2643,Steins Gate,命运石之门,ULJM-05887,2011-06-22,Adventure,https://data.yang2000ling.com/img/psp_200/2643.jpg,日语,Kadokawa Shoten,日版
psp,2644,Namco Museum Battle Collection (Essentials),南梦宫博物馆2(Essentials),UCES-00116,2011-06-22,Compilation,https://data.yang2000ling.com/img/psp_200/2644.jpg,西班牙语|意大利语|德语|英文|法文,Bandai Namco Games,欧版
psp,2645,Gladiator Begins,剑斗士-起源,ULES-01515,2011-06-23,Action,https://data.yang2000ling.com/img/psp_200/2645.jpg,英文,Pqube,欧版
psp,2646,Mother Goose no Himitsu no Yakata,鹅妈妈的秘密之馆,ULJM-05892,2011-06-24,Adventure,https://data.yang2000ling.com/img/psp_200/2646.jpg,日语,Quinrose,日版
psp,2647,MLB 08 - The Show,美国职棒大联盟08,UCUS-98696,2011-06-24,Sports,https://data.yang2000ling.com/img/psp_200/2647.jpg,英文,Sony,中国版
psp,2648,To Heart 2 - Dungeon Travelers,迷宫旅人-心之彼端2,ULJM-05873,2011-06-28,Adventure,https://data.yang2000ling.com/img/psp_200/2648.jpg,日语,Aqua Plus,日版
psp,2649,Mashiro Iro Symphony - Mutsu-no-hana,纯白交响曲-六出飞花,ULJM-05889,2011-06-30,Adventure,https://data.yang2000ling.com/img/psp_200/2649.jpg,日语,Comfort,日版
psp,2650,Moujuutsukai to Oujisama Portable,驯兽师与王子殿下 携带版,ULJM-05895,2011-06-30,Adventure,https://data.yang2000ling.com/img/psp_200/2650.jpg,日语,Idea Factory,日版
psp,2651,Shutsugeki! Otometachi no Senjou 2 - Ikusabana no Kizuna,出击!少女们的战场2,ULJS-00392,2011-07-02,Strategy,https://data.yang2000ling.com/img/psp_200/2651.jpg,日语,System Soft,日版
psp,2652,Suzumiya Haruhi-Chan no Mahjong,凉宫春日酱的麻将,ULJM-05751,2011-07-06,Board Games,https://data.yang2000ling.com/img/psp_200/2652.jpg,日语,Kadokawa Shoten,日版
psp,2653,Musketeer - Le Sang des Chevaliers,修巴利三剑客-血之骑士,ULJM-05882,2011-07-09,Adventure,https://data.yang2000ling.com/img/psp_200/2653.jpg,日语,Idea Factory,日版
psp,2654,Jikkyou Powerful Pro Yakyuu 2011,实况力量棒球2011,ULJM-05871,2011-07-13,Sports,https://data.yang2000ling.com/img/psp_200/2654.jpg,日语,Konami,日版
psp,2655,Taiko no Tatsujin Portable DX,太鼓达人DX 携带版,NPJH-50426,2011-07-13,Rhythm,https://data.yang2000ling.com/img/psp_200/2655.jpg,日语,Bandai Namco Games,日版
psp,2656,UnchainBlades Rexx,解放之刃,ULJM-05756,2011-07-13,RPG,https://data.yang2000ling.com/img/psp_200/2656.jpg,日语,FuRyu,日版
psp,2657,Hiiro no Kakera - Shin Tamayorihime Denshou - Piece of Future,绯色的碎片-新玉依姬传承 未来的碎片,ULJM-05913,2011-07-16,Adventure,https://data.yang2000ling.com/img/psp_200/2657.jpg,日语,Idea Factory,日版
psp,2658,Slotter Mania P - SanSan HanaHana & SanSan Oasis,角子机胜负师P,ULJM-05764,2011-07-17,Gambling,https://data.yang2000ling.com/img/psp_200/2658.jpg,日语,Dorasu,日版
psp,2659,Sengoku Basara - Chronicle Heroes,战国BASARA-英雄编年史,NPJH-50460,2011-07-19,Action,https://data.yang2000ling.com/img/psp_200/2659.jpg,日语,Capcom,日版
psp,2660,Nise no Chigiri - Omoide no Saki e,二世之约-回忆的前方,ULJM-05915,2011-07-22,Adventure,https://data.yang2000ling.com/img/psp_200/2660.jpg,日语,Idea Factory,日版
psp,2661,Buzz! Quiz World,喧闹少年找碴大师 测验世界,UCES-01296,2011-07-23,Trivia,https://data.yang2000ling.com/img/psp_200/2661.jpg,英文,Sony,欧版
psp,2662,Guilty Gear XX Accent Core Plus,罪恶装备XXAC 加强版,ULES-01394,2011-07-26,Fighting,https://data.yang2000ling.com/img/psp_200/2662.jpg,英文,Pqube,欧版
psp,2663,Queen's Gate - Spiral Chaos,女皇之门-螺旋混沌,ULJS-00377,2011-07-26,Strategy,https://data.yang2000ling.com/img/psp_200/2663.jpg,日语,Bandai Namco Games,日版
psp,2664,Nichijou - Uchuujin,日常-宇宙人,ULJM-05893,2011-07-27,Adventure,https://data.yang2000ling.com/img/psp_200/2664.jpg,日语,Kadokawa Shoten,日版
psp,2665,Saka Agari Hurricane Portable,坂上台风 携带版,ULJM-05891,2011-07-28,Adventure,https://data.yang2000ling.com/img/psp_200/2665.jpg,日语,Alchemist,日版
psp,2666,Heart no Kuni no Alice Anniversary Ver. - Wonderful Wonder World,红心国的爱丽丝-美妙奇迹世界,ULJM-05919,2011-07-28,Adventure,https://data.yang2000ling.com/img/psp_200/2666.jpg,日语,Quinrose,日版
psp,2667,Hakuouki - Reimeiroku Portable,薄樱鬼-黎明录 携带版,ULJM-05917,2011-07-28,Adventure,https://data.yang2000ling.com/img/psp_200/2667.jpg,日语,Idea Factory,日版
psp,2668,Shinigami to Shoujo,死神与少女,ULJS-00403,2011-07-28,Adventure,https://data.yang2000ling.com/img/psp_200/2668.jpg,日语,Takuyo,日版
psp,2669,Sekai De Ichiban NG na Koi - Full House,世界上最NG的恋爱-full house,ULJM-05878,2011-07-29,Adventure,https://data.yang2000ling.com/img/psp_200/2669.jpg,日语,Boost On,日版
psp,2670,Elminage III - Ankoku no Shito to Yaiyou no Kyuuden,冬宫3-暗黑的使徒与太阳的宫殿,ULJM-05883,2011-08-03,RPG,https://data.yang2000ling.com/img/psp_200/2670.jpg,日语,Starfish,日版
psp,2671,J-League Pro Soccer Club o Tsukurou! 7 Euro Plus,J联盟创造球会7,NPJH-50464,2011-08-03,Sports,https://data.yang2000ling.com/img/psp_200/2671.jpg,日语,SEGA,日版
psp,2672,Toriko - Gourmet Survival,美食的俘虏-美食生存战,NPJH-50470,2011-08-03,Action,https://data.yang2000ling.com/img/psp_200/2672.jpg,日语,Bandai Namco Games,日版
psp,2673,Yuusha 30 Second,勇者30 第二部,ULJS-00332,2011-08-03,RPG,https://data.yang2000ling.com/img/psp_200/2673.jpg,日语,Marvelous,日版
psp,2674,Nobunaga no Yabou - Soutensoku with Power-Up Kit,信长之野望-苍天录 威力加强版,ULJM-05902,2011-08-06,Strategy,https://data.yang2000ling.com/img/psp_200/2674.jpg,日语,Koei,日版
psp,2675,MonHun Nikki - Poka Poka Ailu Mura G,怪物猎人日记-暖洋洋的猫猫村G,ULJM-05881,2011-08-09,RPG,https://data.yang2000ling.com/img/psp_200/2675.jpg,日语,Capcom,日版
psp,2676,Buzz! Svenska Genier,喧闹少年找碴大师 瑞典智囊团,UCES-01204,2011-08-11,Trivia,https://data.yang2000ling.com/img/psp_200/2676.jpg,瑞典语|芬兰语,Sony,欧版
psp,2677,Buzz! Quiz World,喧闹少年找碴大师 测验世界,UCES-01295,2011-08-11,Trivia,https://data.yang2000ling.com/img/psp_200/2677.jpg,瑞典语|芬兰语,Sony,欧版
psp,2678,Buzz! Master Quiz,喧闹少年找碴大师 硕士测验,UCES-01041,2011-08-11,Trivia,https://data.yang2000ling.com/img/psp_200/2678.jpg,瑞典语|芬兰语,Sony,欧版
psp,2679,Buzz! Brain Bender,喧闹少年找碴大师 大脑锻炼,UCES-01158,2011-08-11,Trivia,https://data.yang2000ling.com/img/psp_200/2679.jpg,瑞典语|挪威语|芬兰语|丹麦语,Sony,欧版
psp,2680,Growlanser IV - Over Reloaded,梦幻骑士4-超量重装,ULJM-05896,2011-08-17,RPG,https://data.yang2000ling.com/img/psp_200/2680.jpg,日语,Atlus,日版
psp,2681,Black Rock Shooter - The Game,黑岩射手,NPJH-50448,2011-08-23,Action,https://data.yang2000ling.com/img/psp_200/2681.jpg,日语,Image Epoch,日版
psp,2682,Kidou Senshi Gundam - Shin Gihren no Yabou,机动战士高达-新基连的野望,NPJH-50441,2011-08-23,Strategy,https://data.yang2000ling.com/img/psp_200/2682.jpg,日语,Bandai Namco Games,日版
psp,2683,Shin Sangoku Musou 6 Special (UMD Disc 1),真三国无双6 特别版(UMD-Disc 1),ULJM-05938,2011-08-23,Beat Em Up,https://data.yang2000ling.com/img/psp_200/2683.jpg,日语,Koei,日版
psp,2684,Shin Sangoku Musou 6 Special (UMD Disc 2),真三国无双6 特别版(UMD-Disc 2),ULJM-05939,2011-08-23,Beat Em Up,https://data.yang2000ling.com/img/psp_200/2684.jpg,日语,Koei,日版
psp,2685,Ginsei Shogi Portable - Fuuun Ryuuko Raiden,银星将棋-风云龙虎雷传 携带版,ULJS-00405,2011-08-24,Board Games,https://data.yang2000ling.com/img/psp_200/2685.jpg,日语,SilverStar,日版
psp,2686,Tanteibu - The Detective Club - Tantei to Yuurei to Kaitou to,侦探部-侦探与幽灵与怪盗,ULJM-05925,2011-08-24,Adventure,https://data.yang2000ling.com/img/psp_200/2686.jpg,日语,Boost On,日版
psp,2687,Uta no - Prince-Sama - Repeat,歌之王子殿下-重奏,NPJH-50446,2011-08-27,Adventure,https://data.yang2000ling.com/img/psp_200/2687.jpg,日语,Broccoli,日版
psp,2688,Bunmei Haruka - Aoiza Ibunroku,文明开华-葵座异闻录,ULJM-05824,2011-08-27,Adventure,https://data.yang2000ling.com/img/psp_200/2688.jpg,日语,FuRyu,日版
psp,2689,Amnesia,失忆症,ULJM-05931,2011-08-30,Adventure,https://data.yang2000ling.com/img/psp_200/2689.jpg,日语,Idea Factory,日版
psp,2690,Corpse Party - Book of Shadows,尸体派对-暗影之书,ULJM-05909,2011-08-30,Adventure,https://data.yang2000ling.com/img/psp_200/2690.jpg,日语,5pb,日版
psp,2691,Grand Knights History,圣骑士物语,ULJS-00394,2011-08-30,RPG,https://data.yang2000ling.com/img/psp_200/2691.jpg,日语,Marvelous,日版
psp,2692,Madden NFL 12,劲爆美式橄榄球2012,ULUS-10581,2011-08-31,Sports,https://data.yang2000ling.com/img/psp_200/2692.jpg,英文,Electronic Arts,美版
psp,2693,Nanodiver,纳米治疗者,NPJH-50375,2011-08-31,Action,https://data.yang2000ling.com/img/psp_200/2693.jpg,日语,Takara Tomy,日版
psp,2694,"What Did I Do to Deserve This, My Lord! 2",勇者别嚣张2,ULUS-10494,2011-08-31,RPG,https://data.yang2000ling.com/img/psp_200/2694.jpg,英文,NIS America,美版
psp,2695,Crimson Empire - Circumstances to Serve a Noble,绯红帝国,ULJM-05932,2011-09-01,Adventure,https://data.yang2000ling.com/img/psp_200/2695.jpg,日语,Quinrose,日版
psp,2696,Kollon,科隆方块,ULKS-46001,2011-09-01,Puzzle,https://data.yang2000ling.com/img/psp_200/2696.jpg,日语,CyberFront,韩版
psp,2697,Tom Clancy's Splinter Cell - Essentials (v2),细胞分裂-精华(v2),ULES-00281,2011-09-01,Action,https://data.yang2000ling.com/img/psp_200/2697.jpg,西班牙语|意大利语|德语|英文|法文,UbiSoft,欧版
psp,2698,Tiger Woods PGA Tour,泰格伍兹高尔夫球巡回赛,ULAS-42002,2011-09-01,Sports,https://data.yang2000ling.com/img/psp_200/2698.jpg,英文,Electronic Arts,中国版
psp,2699,Maru Goukaku - Shikaku Dasshu! IT Passport Shiken Portable,完全合格资格夺取-IT护照试验 携带版,NPJH-50482,2011-09-03,Edutainment,https://data.yang2000ling.com/img/psp_200/2699.jpg,日语,Media5,日版
psp,2700,Moe Moe Daisensou - Gendaiban+,萌萌大战争-现代版+,ULJS-00411,2011-09-03,Strategy,https://data.yang2000ling.com/img/psp_200/2700.jpg,日语,System Soft,日版
psp,2701,Durarara!! 3way Standoff - Alley,无头骑士异闻录-加强版,NPJH-50484,2011-09-04,Action,https://data.yang2000ling.com/img/psp_200/2701.jpg,日语,ASCII Media Works,日版
psp,2702,Kaitou Tenshi Twin Angel - Toki to Sekai no Meikyuu,快盗天使双胞胎-时间与世界迷宫,ULJM-05908,2011-09-04,Adventure,https://data.yang2000ling.com/img/psp_200/2702.jpg,日语,Alchemist,日版
psp,2703,Gekka Ryouran Romance,月华缭乱-浪漫,ULJM-05943,2011-09-15,Adventure,https://data.yang2000ling.com/img/psp_200/2703.jpg,日语,Idea Factory,日版
psp,2704,Maru Goukaku - Shikaku Dasshu! Kihon Jouhou Gijutsusha Shiken Portable,完全合格资格夺取-基本情报技术者试验 携带版,NPJH-50480,2011-09-15,Edutainment,https://data.yang2000ling.com/img/psp_200/2704.jpg,日语,Media5,日版
psp,2705,Maru Goukaku - Shikaku Dasshu! Jouhou Gijutsusha Shiken Portable,完全合格资格夺取-应用情报技术者试验 携带版,NPJH-50481,2011-09-15,Edutainment,https://data.yang2000ling.com/img/psp_200/2705.jpg,日语,Media5,日版
psp,2706,Shin Megami Tensei - Persona 2 - Innocent Sin,女神异闻录2-罪,ULUS-10584,2011-09-20,RPG,https://data.yang2000ling.com/img/psp_200/2706.jpg,英文,Atlus,美版
psp,2707,Yu-Gi-Oh! 5D's Tag Force 6,游戏王5D's 卡片力量6,ULJM-05940,2011-09-20,Card Battle,https://data.yang2000ling.com/img/psp_200/2707.jpg,日语,Konami,日版
psp,2708,Busou Shinki - Battle Masters Mk. 2 (v2),武装神姬-战斗大师Mk.2(v2),NPJH-50453,2011-09-21,Action,https://data.yang2000ling.com/img/psp_200/2708.jpg,日语,Konami,日版
psp,2709,Buzz! Brain of Switzerland,喧闹少年找碴大师 瑞士智囊团,UCES-01209,2011-09-25,Trivia,https://data.yang2000ling.com/img/psp_200/2709.jpg,意大利语|德语,Sony,欧版
psp,2710,Eiyuu Densetsu - Ao no Kiseki,英雄传说-碧之轨迹,NPJH-50473,2011-09-27,Action,https://data.yang2000ling.com/img/psp_200/2710.jpg,日语,Falcom,日版
psp,2711,Evangelion Shin Gekijoban - 3nd Impact,新世纪福音战士-第三次冲击,NPJH-50457,2011-09-27,Action,https://data.yang2000ling.com/img/psp_200/2711.jpg,日语,Bandai Namco Games,日版
psp,2712,FIFA 12,FIFA足球2012,ULES-01547,28-09-2011,Sports,https://data.yang2000ling.com/img/psp_200/2712.jpg,德语,Electronic Arts,德版
psp,2713,Tanteibu - The Detective Club - Angou to Misshitshu to Kaijin to,侦探部-暗号与密室与怪人,ULJM-05926,28-09-2011,Adventure,https://data.yang2000ling.com/img/psp_200/2713.jpg,日语,Boost On,日版
psp,2714,FIFA Soccer 12,FIFA足球2012,ULUS-10583,29-09-2011,Sports,https://data.yang2000ling.com/img/psp_200/2714.jpg,西班牙语|英文,Electronic Arts,美版
psp,2715,Hakuisei Renai Shoukougun,白衣性恋爱症候群,ULJM-05935,30-09-2011,Adventure,https://data.yang2000ling.com/img/psp_200/2715.jpg,日语,CyberFront,日版
psp,2716,Wand of Fortune 2 - Jikuu ni Shizumu Mokushiroku,命运之杖2-在时空中沉寂的默示录,ULJM-05834,30-09-2011,Adventure,https://data.yang2000ling.com/img/psp_200/2716.jpg,日语,Idea Factory,日版
psp,2717,Code_18,Code_18 无限轮回,ULJM-05936,30-09-2011,Adventure,https://data.yang2000ling.com/img/psp_200/2717.jpg,日语,CyberFront,日版
psp,2718,Phantom Kingdom Portable,幻域战记 携带版,NPJH-50451,04-10-2011,Strategy,https://data.yang2000ling.com/img/psp_200/2718.jpg,日语,Nippon Ichi Software,日版
psp,2719,NBA 2K12,NBA篮球2012,ULUS-10585,04-10-2011,Sports,https://data.yang2000ling.com/img/psp_200/2719.jpg,英文,2K Sports,美版
psp,2720,AKB1-48 - Idol to Guam de Koishitara...,AKB1-48 与偶像在关岛恋爱的话,NPJH-50472,06-10-2011,Adventure,https://data.yang2000ling.com/img/psp_200/2720.jpg,日语,Bandai Namco Games,日版
psp,2721,FIFA 12,FIFA足球2012,ULES-01543,07-10-2011,Sports,https://data.yang2000ling.com/img/psp_200/2721.jpg,英文,Electronic Arts,欧版
psp,2722,FIFA 12,FIFA足球2012,ULES-01546,11-10-2011,Sports,https://data.yang2000ling.com/img/psp_200/2722.jpg,法文,Electronic Arts,法版
psp,2723,Shirogane no Cal to Aoi no Joou,白银卡尔与苍空女王,ULJM-05954,12-10-2011,Adventure,https://data.yang2000ling.com/img/psp_200/2723.jpg,日语,CyberFront,日版
psp,2724,Ken to Mahou to Gakuen Mono. Final - Shinnyusei wa Ohimesama,剑与魔法与学园Final-新生是公主,ULJM-05965,12-10-2011,Strategy,https://data.yang2000ling.com/img/psp_200/2724.jpg,日语,Acquire,日版
psp,2725,Okashi na Shima no Peter Pan - Sweet Never Land,糖果岛的彼得潘,ULJM-05949,13-10-2011,Adventure,https://data.yang2000ling.com/img/psp_200/2725.jpg,日语,Quinrose,日版
psp,2726,NBA 2K12,NBA篮球2012,ULES-01554,13-10-2011,Sports,https://data.yang2000ling.com/img/psp_200/2726.jpg,西班牙语|意大利语|德语|英文|法文,2K Sports,欧版
psp,2727,Clock Zero - Shuuen no Ichibyou Portable,最后一秒 携带版,ULJM-05945,14-10-2011,Adventure,https://data.yang2000ling.com/img/psp_200/2727.jpg,日语,Idea Factory,日版
psp,2728,Dead End - Orchestral Manoeuvres in the Dead End,死路里的管弦乐,ULJM-05907,14-10-2011,Adventure,https://data.yang2000ling.com/img/psp_200/2728.jpg,日语,Alchemist,日版
psp,2729,Tsugi no Giseisha o Oshirase Shimasu - Kimi to Ko no Hateru Kotonai Kurayami o,给牺牲者的通告-第一卷,ULJM-05946,14-10-2011,Adventure,https://data.yang2000ling.com/img/psp_200/2729.jpg,日语,Boost On,日版
psp,2730,Ryu-koku,龙刻,ULJM-05958,15-10-2011,Adventure,https://data.yang2000ling.com/img/psp_200/2730.jpg,日语,CyberFront,日版
psp,2731,Naruto Shippuden - Ultimate Ninja Impact,火影忍者疾风传-究极冲击,ULUS-10582,16-10-2011,Fighting,https://data.yang2000ling.com/img/psp_200/2731.jpg,西班牙语|英文|法文,Bandai Namco Games,美版
psp,2732,Naruto Shippuden - Narutimate Impact,火影忍者疾风传-究极冲击,NPJH-50435,18-10-2011,Fighting,https://data.yang2000ling.com/img/psp_200/2732.jpg,日语,Bandai Namco Games,日版
psp,2733,Umineko no Naku Koro ni Portable 1,海猫鸣泣之时1 携带版,ULJM-05968,19-10-2011,Adventure,https://data.yang2000ling.com/img/psp_200/2733.jpg,日语,Alchemist,日版
psp,2734,Kami Naru Kimi to,神明女友,ULJM-05975,21-10-2011,Adventure,https://data.yang2000ling.com/img/psp_200/2734.jpg,日语,Idea Factory,日版
psp,2735,FIFA 12 - World Class Soccer,FIFA足球2012,NPJH-50509,22-10-2011,Sports,https://data.yang2000ling.com/img/psp_200/2735.jpg,日语,Electronic Arts,日版
psp,2736,Ragnarok - Hikari to Yami no Koujo,仙境传说-光与暗的公主,NPJH-50431,25-10-2011,RPG,https://data.yang2000ling.com/img/psp_200/2736.jpg,日语,GungHo,日版
psp,2737,Final Fantasy Reishiki (UMD Disc 1),最终幻想-零式(UMD-Disc 1),NPJH-50443,26-10-2011,RPG,https://data.yang2000ling.com/img/psp_200/2737.jpg,日语,Square Enix,日版
psp,2738,Final Fantasy Reishiki (UMD Disc 2),最终幻想-零式(UMD-Disc 2),NPJH-50444,26-10-2011,RPG,https://data.yang2000ling.com/img/psp_200/2738.jpg,日语,Square Enix,日版
psp,2739,Senritsu no Stratus,战律星云,NPJH-50467,26-10-2011,RPG,https://data.yang2000ling.com/img/psp_200/2739.jpg,日语,Konami,日版
psp,2740,Tanteibu - The Detective Club - Haibu to Kaiga to Bakudan to,侦探部-废部与绘画与炸弹,ULJM-05927,26-10-2011,Adventure,https://data.yang2000ling.com/img/psp_200/2740.jpg,日语,Boost On,日版
psp,2741,Pro Evolution Soccer 2012,实况足球2012,ULES-01542,28-10-2011,Sports,https://data.yang2000ling.com/img/psp_200/2741.jpg,西班牙语|葡萄牙语|意大利语,Konami,欧版
psp,2742,Joker no Kuni no Alice - Wonderful Wonder World,小丑国的爱丽丝-美妙奇迹世界,ULJM-05973,28-10-2011,Adventure,https://data.yang2000ling.com/img/psp_200/2742.jpg,日语,Quinrose,日版
psp,2743,Arcana Famiglia - La storia della Arcana Famiglia,魔力家族,ULJM-05956,28-10-2011,Adventure,https://data.yang2000ling.com/img/psp_200/2743.jpg,日语,Comfort,日版
psp,2744,Ro-Kyu-Bu!,萝球社!,NPJH-50508,30-10-2011,Adventure,https://data.yang2000ling.com/img/psp_200/2744.jpg,日语,Kadokawa Shoten,日版
psp,2745,R-15 Portable,R-15 携带版,ULJM-05960,30-10-2011,Adventure,https://data.yang2000ling.com/img/psp_200/2745.jpg,日语,Kadokawa Shoten,日版
psp,2746,NBA 2K12,NBA篮球2012,ULJS-00426,30-10-2011,Sports,https://data.yang2000ling.com/img/psp_200/2746.jpg,日语,2K Sports,日版
psp,2747,Hana to Otome ni Shukufuku o - Shunpuu no Okurimono Portable,花与少女的祝福 携带版,ULJM-05962,30-10-2011,Adventure,https://data.yang2000ling.com/img/psp_200/2747.jpg,日语,Boost On,日版
psp,2748,Fate Extra,命运之夜 最初的开始,ULUS-10576,02-11-2011,RPG,https://data.yang2000ling.com/img/psp_200/2748.jpg,英文,Aksys Games,美版
psp,2749,Pro Evolution Soccer 2012,实况足球2012,ULES-01541,02-11-2011,Sports,https://data.yang2000ling.com/img/psp_200/2749.jpg,德语|法文,Konami,欧版
psp,2750,World Soccer Winning Eleven 2012,实况足球2012,ULJM-05922,02-11-2011,Sports,https://data.yang2000ling.com/img/psp_200/2750.jpg,日语,Konami,日版
psp,2751,Cars 2,汽车总动员2,UCES-01534,02-11-2011,Driving,https://data.yang2000ling.com/img/psp_200/2751.jpg,西班牙语|葡萄牙语|波兰语|意大利语|德语|荷兰语|英文|法文,Disney Interactive,欧版
psp,2752,Geronimo Stilton in the Kingdom of Fantasy,老鼠记者 幻想王国历险记,UCES-01535,05-11-2011,Adventure,https://data.yang2000ling.com/img/psp_200/2752.jpg,西班牙语|葡萄牙语|意大利语|德语|荷兰语|英文|法文,Sony,欧版
psp,2753,Invizimals - The Lost Tribes,隐形妖怪-失落的族群,UCES-01525,07-11-2011,Virtual Life,https://data.yang2000ling.com/img/psp_200/2753.jpg,西班牙语|葡萄牙语|波兰语|意大利语|德语|荷兰语|英文|法文,Sony,欧版
psp,2754,Hatsune Miku - Project Diva Extend,初音未来-歌姬计划 扩展版,NPJH-50465,08-11-2011,Rhythm,https://data.yang2000ling.com/img/psp_200/2754.jpg,日语,SEGA,日版
psp,2755,Dissidia 012 - Duodecim Final Fantasy,最终幻想-纷争012,ULES-01505,08-11-2011,Fighting,https://data.yang2000ling.com/img/psp_200/2755.jpg,西班牙语|意大利语|德语|英文|法文,Square Enix,欧版
psp,2756,Ore no Shikabane o Koete Yuke,跨越我的尸体,UCJS-10117,08-11-2011,RPG,https://data.yang2000ling.com/img/psp_200/2756.jpg,日语,Sony,日版
psp,2757,Naruto Shippuden - Ultimate Ninja Impact,火影忍者疾风传-究极冲击,ULES-01537,2011-11-11,Fighting,https://data.yang2000ling.com/img/psp_200/2757.jpg,西班牙语|意大利语|德语|英文|法文,Bandai Namco Games,欧版
psp,2758,EyePet Adventures,爱宝贝大冒险,UCES-01531,2011-11-15,Virtual Life,https://data.yang2000ling.com/img/psp_200/2758.jpg,瑞典语|西班牙语|葡萄牙语|波兰语|挪威语|意大利语|德语|芬兰语|荷兰语|丹麦语|英文|法文,Sony,欧版
psp,2759,Cars 2,汽车总动员2,UCUS-98766,2011-11-15,Driving,https://data.yang2000ling.com/img/psp_200/2759.jpg,西班牙语|意大利语|德语|英文|法文,Disney Interactive,美版
psp,2760,LEGO Harry Potter - Years 5-7,乐高哈利波特-第5-7年,ULUS-10580,2011-11-15,Adventure,https://data.yang2000ling.com/img/psp_200/2760.jpg,西班牙语|葡萄牙语|英文|法文,Warner Bros. Interactive,美版
psp,2761,LEGO Harry Potter - Years 5-7,乐高哈利波特-第5-7年,ULES-01532,2011-11-15,Adventure,https://data.yang2000ling.com/img/psp_200/2761.jpg,西班牙语|意大利语|德语|荷兰语|丹麦语|英文|法文,Warner Bros. Interactive,欧版
psp,2762,Umineko no Naku Koro ni Portable 2,海猫鸣泣之时2 携带版,ULJM-05969,2011-11-16,Adventure,https://data.yang2000ling.com/img/psp_200/2762.jpg,日语,Alchemist,日版
psp,2763,World Soccer Winning Eleven 2012,实况足球2012,ULAS-42289,2011-11-16,Sports,https://data.yang2000ling.com/img/psp_200/2763.jpg,中文|英文,Konami,中国版
psp,2764,Kuon no Kizuna - Sairin Mikotonori Portable,久远之绊再临诏 携带版,ULJM-05981,2011-11-18,Adventure,https://data.yang2000ling.com/img/psp_200/2764.jpg,日语,GN Software,日版
psp,2765,Mother Goose no Himitsu no Yakata - Blue Label,鹅妈妈的秘密之馆-蓝色印记,ULJM-05950,2011-11-18,Adventure,https://data.yang2000ling.com/img/psp_200/2765.jpg,日语,Quinrose,日版
psp,2766,7th Dragon 2020,第七龙神2020 7th,NPJH-50459,2011-11-21,RPG,https://data.yang2000ling.com/img/psp_200/2766.jpg,日语,SEGA,日版
psp,2767,Weiss Schwarz Portable - Boost Weiss,黑白双翼-白版 携带版,ULJS-00422,2011-11-21,Card Battle,https://data.yang2000ling.com/img/psp_200/2767.jpg,日语,Bandai Namco Games,日版
psp,2768,Angelique - Maren no Rokukishi,安琪莉可-魔恋之六骑士,ULJM-05986,2011-11-21,Adventure,https://data.yang2000ling.com/img/psp_200/2768.jpg,日语,Idea Factory,日版
psp,2769,Pop'n Music Portable 2,流行音乐2 携带版,ULJM-05959,2011-11-22,Rhythm,https://data.yang2000ling.com/img/psp_200/2769.jpg,日语,Konami,日版
psp,2770,Danball Senki Boost,纸盒战机 加强版,ULJM-05990,2011-11-22,Action,https://data.yang2000ling.com/img/psp_200/2770.jpg,日语,Level5,日版
psp,2771,Senjou no Valkyria 3 - Extra Edition,战场的女武神3-加强版,ULJM-05957,2011-11-22,Strategy,https://data.yang2000ling.com/img/psp_200/2771.jpg,日语,SEGA,日版
psp,2772,Tanteibu - The Detective Club - Shissou to Hangegi to Daidanen,侦探部-失踪与反击与大团圆,ULJM-05928,2011-11-23,Adventure,https://data.yang2000ling.com/img/psp_200/2772.jpg,日语,Boost On,日版
psp,2773,Uta no Prince-Sama - Music,歌之王子殿下-音乐,NPJH-50499,2011-11-26,Rhythm,https://data.yang2000ling.com/img/psp_200/2773.jpg,日语,Broccoli,日版
psp,2774,Maru Goukaku - Shikaku Dasshu! FP Financial Planning Ginou Kentei Shiken 3-Kyuu Portable,完全合格资格夺取-FP技能检定试验3级 携带版,NPJH-50507,2011-11-26,Edutainment,https://data.yang2000ling.com/img/psp_200/2774.jpg,日语,Media5,日版
psp,2775,Maru Goukaku - Shikaku Dasshu! FP Financial Planning Ginou Kentei Shiken 2-Kyuu Portable,完全合格资格夺取-FP技能检定试验2级 携带版,NPJH-50506,2011-11-26,Edutainment,https://data.yang2000ling.com/img/psp_200/2775.jpg,日语,Media5,日版
psp,2776,Mahou Tsukai to Goshujin-sama - New Ground - Wizard and The Master,魔法使与主人-新天地,ULJM-05951,2011-11-27,Adventure,https://data.yang2000ling.com/img/psp_200/2776.jpg,日语,Quinrose,日版
psp,2777,Eternal Etude - Canvas 4,茜色的画布4-永远的习作,ULJM-05980,2011-11-27,Adventure,https://data.yang2000ling.com/img/psp_200/2777.jpg,日语,GN Software,日版
psp,2778,Suto Mani - Strobe Mania,校园记者恋曲,ULJS-00439,2011-11-27,Adventure,https://data.yang2000ling.com/img/psp_200/2778.jpg,日语,D3 Publisher,日版
psp,2779,TNA Impact - Cross the Line,TNA摔角-穿越界限,ULUS-10436,2011-11-29,Fighting,https://data.yang2000ling.com/img/psp_200/2779.jpg,英文|法文,SouthPeak Games,美版
psp,2780,Pro Evolution Soccer 2012,实况足球2012,ULUS-10586,2011-11-29,Sports,https://data.yang2000ling.com/img/psp_200/2780.jpg,西班牙语|葡萄牙语|英文|法文,Konami,美版
psp,2781,Weiss Schwarz Portable - Boost Schwarz,黑白双翼-黑版 携带版,ULJS-00420,2011-11-29,Card Battle,https://data.yang2000ling.com/img/psp_200/2781.jpg,日语,Bandai Namco Games,日版
psp,2782,Kamen Rider Climax Heroes Fourze,假面骑士 巅峰英雄Fourze,NPJH-50502,2011-12-06,Fighting,https://data.yang2000ling.com/img/psp_200/2782.jpg,日语,Bandai Namco Games,日版
psp,2783,Toaru Kagaku no Chou Denjihou,科学超电磁炮,ULJS-00354,2011-12-07,Adventure,https://data.yang2000ling.com/img/psp_200/2783.jpg,日语,Kadokawa Shoten,日版
psp,2784,BlazBlue - Continuum Shift II,苍翼默示录-连锁反应2,ULES-01526,2011-11-09,Fighting,https://data.yang2000ling.com/img/psp_200/2784.jpg,韩语|日语|中文|英文,PQube,欧版
psp,2785,Shin Megami Tensei - Persona 2 - Innocent Sin,女神异闻录2-罪,ULES-01557,2011-12-10,RPG,https://data.yang2000ling.com/img/psp_200/2785.jpg,英文,Ghostlight,欧版
psp,2786,"Legend of Heroes - Trails in the Sky, The",英雄传说-空之轨迹FC,ULES-01556,2011-12-11,RPG,https://data.yang2000ling.com/img/psp_200/2786.jpg,英文,Ghostlight,欧版
psp,2787,Pro Evolution Soccer 2012,实况足球2012,ULES-01540,2011-12-14,Sports,https://data.yang2000ling.com/img/psp_200/2787.jpg,瑞典语|荷兰语|英文,Konami,欧版
psp,2788,Puyo Puyo!! 20th Anniversary,噗哟噗哟!! 20周年纪念版,NPJH-50492,2011-12-14,Puzzler,https://data.yang2000ling.com/img/psp_200/2788.jpg,日语,SEGA,日版
psp,2789,Hatsune Miku - Project Diva 2nd (Okaidoku Ban),初音未来-歌姬计划2(特惠版),NPJH-50475,2011-12-14,Rhythm,https://data.yang2000ling.com/img/psp_200/2789.jpg,日语,SEGA,日版
psp,2790,Adventures to Go!,订购吧 我们的世界,ULES-01383,2011-12-15,RPG,https://data.yang2000ling.com/img/psp_200/2790.jpg,德语|英文|法文,Natsume,欧版
psp,2791,Football Manager Handheld 2012,足球经理2012,ULES-01555,2011-12-15,Sports,https://data.yang2000ling.com/img/psp_200/2791.jpg,西班牙语|意大利语|德语|英文|法文,Konami,欧版
psp,2792,"Mystery Team, The",神秘小队,UCES-01536,2011-12-15,Puzzle,https://data.yang2000ling.com/img/psp_200/2792.jpg,西班牙语|葡萄牙语|意大利语|德语|荷兰语|英文|法文,Sony,欧版
psp,2793,Lord of Apocalypse,天启之王,NPJH-50503,2011-12-16,RPG,https://data.yang2000ling.com/img/psp_200/2793.jpg,日语,Square Enix,日版
psp,2794,Frontier Gate,边境之门,NPJH-50468,2011-12-22,Action RPG,https://data.yang2000ling.com/img/psp_200/2794.jpg,日语,Konami,日版
psp,2795,Jikkyou Powerful Pro Yakyuu 2011 Ketteiban,实况力量棒球 2011 决定版,ULJM-05991,2011-12-22,Sports,https://data.yang2000ling.com/img/psp_200/2795.jpg,日语,Konami,日版
psp,2796,Beyond the Future - Fix the Time Arrows,超越未来-修复时间之箭,ULJM-05988,2011-12-26,Adventure,https://data.yang2000ling.com/img/psp_200/2796.jpg,日语,5pb,日版
psp,2797,Dangan-Ronpa - Kibou no Gakuen to Zetsubou no Koukousei (PSP the Best),弹丸论破-希望的学园和绝望的高中生(廉价版),NPJH-50515,2011-12-26,Action Adventure,https://data.yang2000ling.com/img/psp_200/2797.jpg,日语,Spike,日版
psp,2798,"Hanayaka Kana, Ware ga Ichizoku - Kinema Mosaic",华丽一族-电影马赛克,ULJM-05998,2011-12-26,Adventure,https://data.yang2000ling.com/img/psp_200/2798.jpg,日语,Idea Factory,日版
psp,2799,Hellboy - The Science of Evil,地狱男爵-恶魔科学,ULUS-10301,2011-12-26,Beat-Em-Up,https://data.yang2000ling.com/img/psp_200/2799.jpg,英文,Konami,美版
psp,2800,Hot Shots Golf - Open Tee 2 (3.96),大众高尔夫2 携带版(3.96),UCUS-98693,2011-12-26,Sports,https://data.yang2000ling.com/img/psp_200/2800.jpg,英文,Sony,美版
psp,2801,Itsuka Tenma no Kuro Usagi Portable,曾几何时天魔的黑兔 携带版,ULJM-05961,2011-12-26,Adventure,https://data.yang2000ling.com/img/psp_200/2801.jpg,日语,Kadokawa Shoten,日版
psp,2802,Konneko - Keep a Memory Green,常青的回忆,ULJM-05996,2011-12-26,Adventure,https://data.yang2000ling.com/img/psp_200/2802.jpg,日语,CyberFront,日版
psp,2803,Mahou Shoujo Nanoha A's Portable - The Gears of Destiny,魔法少女奈叶A's-命运齿轮 携带版,ULJS-00385,2011-12-26,Fighting,https://data.yang2000ling.com/img/psp_200/2803.jpg,日语,Bandai Namco Games,日版
psp,2804,Maru Goukaku - Shikaku Dasshu! Sharoushi Shiken Portable,完全合格资格夺取-社会保险劳务顾问试验 携带版,NPJH-50516,2011-12-26,Edutainment,https://data.yang2000ling.com/img/psp_200/2804.jpg,日语,Media5,日版
psp,2805,Monster Hunter Freedom 2,怪物猎人2 携带版,ULUS-10266,2011-12-26,RPG,https://data.yang2000ling.com/img/psp_200/2805.jpg,英文,Capcom,美版
psp,2806,Omochan no Kuni no Alice - Wonderful Wonder World,玩具箱国的爱丽丝-美妙奇迹世界,ULJM-05995,2011-12-26,Adventure,https://data.yang2000ling.com/img/psp_200/2806.jpg,日语,Quinrose,日版
psp,2807,Omoi no Kakera - Close to,思念的碎片-Close to,ULJM-06002,2011-12-26,Adven,https://data.yang2000ling.com/img/psp_200/2807.jpg,日语,CyberFront,日版
psp,2808,Petz - Dogz Family,宠物-小狗之家,ULUS-10463,2011-12-26,Virtual Life,https://data.yang2000ling.com/img/psp_200/2808.jpg,西班牙语|意大利语|德语|英文|法文,UbiSoft,美版
psp,2809,Petz - Hamsterz Bunch,宠物-仓鼠宝宝,ULUS-10446,2011-12-26,Virtual Life,https://data.yang2000ling.com/img/psp_200/2809.jpg,西班牙语|意大利语|德语|英文|法文,UbiSoft,美版
psp,2810,Sangoku Hime - Sangoku Ransei - Haruten no Saihai,三极姬-三国乱世 霸天采配,ULJS-00435,2011-12-26,Adventure,https://data.yang2000ling.com/img/psp_200/2810.jpg,日语,SystemSoft,日版
psp,2811,Secret Agent Clank,秘密特工叮当,UCUS-98697,2011-12-26,Platformer,https://data.yang2000ling.com/img/psp_200/2811.jpg,西班牙语|意大利语|德语|英文|法文,Sony,美版
psp,2812,Silent Hill Origins,寂静岭 起源,ULUS-10285,2011-12-26,Action Adventure,https://data.yang2000ling.com/img/psp_200/2812.jpg,西班牙语|意大利语|德语|英文|法文,Konami,美版
psp,2813,SNK Arcade Classics Vol.1,SNK经典街机游戏合集Vol.1,ULUS-10338,2011-12-26,Compilation,https://data.yang2000ling.com/img/psp_200/2813.jpg,英文,SNK Playmore,美版
psp,2814,Tamayura - Mitama Okuri no Shi,魂响-御灵送之诗,ULJM-05999,2011-12-26,Adventure,https://data.yang2000ling.com/img/psp_200/2814.jpg,日语,CyberFront,日版
psp,2815,Tsugi no Giseisha o Oshirase Shimasu - Shi to Zetsubou o Nori Koeru,给牺牲者的通告-克服死和绝望,ULJM-05947,2011-12-26,Adventure,https://data.yang2000ling.com/img/psp_200/2815.jpg,日语,Boost On,日版
psp,2816,MotorStorm - Arctic Edge,机车风暴-极地先锋,UCAS-40266,2011-12-30,Driving,https://data.yang2000ling.com/img/psp_200/2816.jpg,韩语|英文,Sony,中国版
psp,2817,LEGO Harry Potter - Years 5-7,乐高哈利波特-第5-7年,ULES-01558,2012-01-06,Action Adventure,https://data.yang2000ling.com/img/psp_200/2817.jpg,波兰语|英文,Warner Interactive,欧版
psp,2818,Super Robot Taisen OG Saga - Masou Kishin I & II (The Load of Elemental)(UMD Disc 1),超级机器人大战OG传说-魔装机神 元素领主,ULJS-00445,2012-01-12,Strategy,https://data.yang2000ling.com/img/psp_200/2818.jpg,日语,Bandai Namco Games,日版
psp,2819,Super Robot Taisen OG Saga - Masou Kishin II - Revelation of Evil God,超级机器人大战OG传说-魔装机神2 魔神启示录,ULJS-00446,2012-01-12,Strategy,https://data.yang2000ling.com/img/psp_200/2819.jpg,日语,Bandai Namco Games,日版
psp,2820,WipeOut Pure,反重力赛车,UCKS-45008,2012-01-15,Driving,https://data.yang2000ling.com/img/psp_200/2820.jpg,英文,Sony,韩版
psp,2821,Kannou Mukashi Banashi Portable,官能昔话 携带版,ULJM-06015,2012-01-20,Adventure,https://data.yang2000ling.com/img/psp_200/2821.jpg,日语,Idea Factory,日版
psp,2822,Heroes Phantasia,英雄幻想曲,NPJH-50558,2012-01-20,Adventure,https://data.yang2000ling.com/img/psp_200/2822.jpg,日语,Bandai Namco Games,日版
psp,2823,Heroes Phantasia (Limited Edition Extra Disc),英雄幻想曲(限定版附赠Disc),ULJS-00455,2012-01-20,Miscellaneous,https://data.yang2000ling.com/img/psp_200/2823.jpg,日语,Bandai Namco Games,日版
psp,2824,Invizimals - Shadow Zone,隐形妖怪-暗影地带,UCUS-98760,2012-01-26,Virtual Life,https://data.yang2000ling.com/img/psp_200/2824.jpg,西班牙语|葡萄牙语|英文|法文,Sony,美版
psp,2825,Kidou Senshi Gundam - Mokuba no Kiseki,机动战士高达-木马的轨迹,NPJH-50442,2012-01-28,Strategy,https://data.yang2000ling.com/img/psp_200/2825.jpg,日语,Bandai Namco Games,日版
psp,2826,Bullet Butlers,枪弹管家,ULJM-05941,2012-02-05,Adventure,https://data.yang2000ling.com/img/psp_200/2826.jpg,日语,Boost On,日版
psp,2827,PhotoKano,写真女友,ULJS-00378,2012-02-05,Adventure,https://data.yang2000ling.com/img/psp_200/2827.jpg,日语,Kadokawa Shoten,日版
psp,2828,Maru Goukaku - Shikaku Dasshu! Chuushoukigyou Shindanshi Shiken 1 Portable,完全合格资格夺取-中小企业诊断士试验1 携带版,NPJH-50534,2012-02-05,Edutainment,https://data.yang2000ling.com/img/psp_200/2828.jpg,日语,Media5,日版
psp,2829,Maru Goukaku - Shikaku Dasshu! Chuushoukigyou Shindanshi Shiken 2 Portable,完全合格资格夺取-中小企业诊断士试验2 携带版,NPJH-50533,2012-02-05,Edutainment,https://data.yang2000ling.com/img/psp_200/2829.jpg,日语,Media5,日版
psp,2830,Phase-D - Aohana no Shou,PhaseD-苍华之章,ULJM-05983,2012-02-05,Adventure,https://data.yang2000ling.com/img/psp_200/2830.jpg,日语,Boost On,日版
psp,2831,Renai Banchou 2 - Midnight Lesson!!!,恋爱番长2-午夜课程,ULJM-06001,2012-02-05,Adventure,https://data.yang2000ling.com/img/psp_200/2831.jpg,日语,Idea Factory,日版
psp,2832,Gift - Prism,永不消失的彩虹,ULJM-06016,2012-02-10,Adventure,https://data.yang2000ling.com/img/psp_200/2832.jpg,日语,CyberFront,日版
psp,2833,Vitamin X - Detective B6,维他命X-侦探B6,ULJS-00471,2012-02-11,Adventure,https://data.yang2000ling.com/img/psp_200/2833.jpg,日语,D3 Publisher,日版
psp,2834,Genso Suikoden - Tsumugareshi Hyakunen no Toki,幻想水浒传-编织百年时光,NPJH-50535,2012-02-11,RPG,https://data.yang2000ling.com/img/psp_200/2834.jpg,日语,Konami,日版
psp,2835,Sengoku Musou 3Z Special,战国无双3Z 特别版,ULJM-06024,2012-02-14,Beat Em Up,https://data.yang2000ling.com/img/psp_200/2835.jpg,日语,Koei Tecmo Games,日版
psp,2836,Hot Shots Golf - Open Tee,大众高尔夫 携带版,UCAS-40016,2012-02-15,Sports,https://data.yang2000ling.com/img/psp_200/2836.jpg,英文,Sony,中国版
psp,2837,Amatsumi Sora ni! Kumo no Hatate ni (UMD Disc 1),在天津御空之中 云的彼岸(UMD-Disc 1),ULJM-05992,2012-02-19,Adventure,https://data.yang2000ling.com/img/psp_200/2837.jpg,日语,Prototype,日版
psp,2838,Amatsumi Sora ni! Kumo no Hatate ni (UMD Disc 2),在天津御空之中 云的彼岸(UMD-Disc 2),ULJM-05993,2012-02-19,Adventure,https://data.yang2000ling.com/img/psp_200/2838.jpg,日语,Prototype,日版
psp,2839,Hakuoki - Demon of the Fleeting Blossom,薄樱鬼 携带版,ULUS-10577,2012-02-20,Adventure,https://data.yang2000ling.com/img/psp_200/2839.jpg,英文,Aksys Games,美版
psp,2840,"King of Fighters Collection - The Orochi Saga, The",格斗之王合集-大蛇传说,ULUS-10360,2012-02-20,Compilation,https://data.yang2000ling.com/img/psp_200/2840.jpg,英文,SNK Playmore,中国版
psp,2841,Tales of the Heroes - Twin Brave,英杰传说-闪耀双星,NPJH-50501,2012-02-22,Action,https://data.yang2000ling.com/img/psp_200/2841.jpg,日语,Bandai Namco Games,日版
psp,2842,Nendoroid Generation,粘土人世纪,ULJS-00441,2012-02-22,RPG,https://data.yang2000ling.com/img/psp_200/2842.jpg,日语,Bandai Namco Games,日版
psp,2843,Gun Showdown,荒野神枪 摊牌,ULES-00485,2012-02-25,Action Adventure,https://data.yang2000ling.com/img/psp_200/2843.jpg,德语,Activision,德版
psp,2844,Kirameki School Life SP - The Wonder Years,闪光的学校生活SP,ULJS-00458,2012-02-25,Adventure,https://data.yang2000ling.com/img/psp_200/2844.jpg,日语,Bandai Namco Games,日版
psp,2845,Boku wa Tomodachi ga Sukunai Portable,我的朋友很少 携带版,ULJS-00459,2012-02-25,Adventure,https://data.yang2000ling.com/img/psp_200/2845.jpg,日语,Bandai Namco Games,日版
psp,2846,Ore wa Shoujo Mangaka,我是少女漫画家,ULJM-06018,2012-02-25,Adventure,https://data.yang2000ling.com/img/psp_200/2846.jpg,日语,Giza10,日版
psp,2847,Harukanaru Toki no Naka de 5 Kazahanaki,遥远的时空中5 风花记,ULJM-06025,2012-02-25,RPG,https://data.yang2000ling.com/img/psp_200/2847.jpg,日语,Koei Temco Games,日版
psp,2848,Maru Goukaku - Shikaku Dasshu! Takken Shiken Portable,完全合格资格夺取-宅建试验 携带版,NPJH-50548,2012-02-25,Edutainment,https://data.yang2000ling.com/img/psp_200/2848.jpg,日语,Media5,日版
psp,2849,Phase-D - Shirokage no Shou,PhaseD-白影之章,ULJM-05994,2012-02-25,Adventure,https://data.yang2000ling.com/img/psp_200/2849.jpg,日语,Boost On,日版
psp,2850,Moujuutsukai to Oujisama - Snow Bride Portable,驯兽师与王子殿下-雪新娘 携带版,ULJM-06030,2012-02-25,Adventure,https://data.yang2000ling.com/img/psp_200/2850.jpg,日语,Idea Factory,日版
psp,2851,12-Ji no Kane to Cinderella - Halloween Wedding,12点的钟声与灰姑娘-万圣节婚礼12-Ji no,ULJM-06023,2012-02-26,Adventure,https://data.yang2000ling.com/img/psp_200/2851.jpg,日语,Quinrose,日版
psp,2852,"Sharin no Kuni, Himawari no Shoujo",车轮之国 向日葵的少女,ULJM-06022,2012-02-26,Adventure,https://data.yang2000ling.com/img/psp_200/2852.jpg,日语,5pb,日版
psp,2853,Great Battle Fullblast,伟大战役 全面爆发,NPJH-50561,2012-03-02,Beat Em Up,https://data.yang2000ling.com/img/psp_200/2853.jpg,日语,Bandai Namco Games,日版
psp,2854,Battle Dodgeball 3 (Twin Battle Box Shokai Gentei Ban),战斗躲避球3(Twin,ULJS-00468,2012-03-02,Sports,https://data.yang2000ling.com/img/psp_200/2854.jpg,日语,Bandai Namco Games,日版
psp,2855,Major League Baseball 2K12,美国职业棒球大联盟2012,ULUS-10591,2012-03-07,Sports,https://data.yang2000ling.com/img/psp_200/2855.jpg,英文,2K Sports,美版
psp,2856,Eien no Aseria - Kono Daichi no Hate de,永远的阿塞利亚-在大地的尽头,ULJM-06017,2012-03-11,RPG,https://data.yang2000ling.com/img/psp_200/2856.jpg,日语,CyberFront,日版
psp,2857,Shining Blade,光明之刃,NPJH-50530,2012-03-14,Action,https://data.yang2000ling.com/img/psp_200/2857.jpg,日语,SEGA,日版
psp,2858,Puella Magi Madoka Magica Portable,魔法少女小圆 携带版,ULJS-00430,2012-03-14,RPG,https://data.yang2000ling.com/img/psp_200/2858.jpg,日语,Bandai Namco Games,日版
psp,2859,Tokimeki Memorial Girl's Side Premium - 3rd Story,心跳回忆女生版-第三段故事,ULJM-05976,2012-03-16,Adventure,https://data.yang2000ling.com/img/psp_200/2859.jpg,日语,Konami,日版
psp,2860,Winning Post 7 - 2012,赛马大亨7 2012,ULJM-06038,2012-03-16,Sports,https://data.yang2000ling.com/img/psp_200/2860.jpg,日语,Konami,日版
psp,2861,Amnesia Later,失忆症Later,ULJM-06044,2012-03-17,Adventure,https://data.yang2000ling.com/img/psp_200/2861.jpg,日语,Idea Factory,日版
psp,2862,Kurohyou 2 - Ryu ga Gotoku Ashura Hen,黑豹2-如龙阿修罗篇,NPJH-50562,2012-03-20,Action,https://data.yang2000ling.com/img/psp_200/2862.jpg,日语,SEGA,日版
psp,2863,DJ Max Portable - Black Square,DJMax3-黑色立方 携带版,ULJM-06034,2012-03-21,Rhythm,https://data.yang2000ling.com/img/psp_200/2863.jpg,日语,CyberFront,日版
psp,2864,Maru Goukaku - Shikaku Dasshu! TOEIC Test Portable,完全合格资格夺取-TOEIC TEST 携带版,NPJH-50574,2012-03-22,Edutainment,https://data.yang2000ling.com/img/psp_200/2864.jpg,日语,Media5,日版
psp,2865,Fairy Tail - Zelef Kakusei,妖精的尾巴-杰尔夫觉醒,NPJH-50486,2012-03-22,RPG,https://data.yang2000ling.com/img/psp_200/2865.jpg,日语,Konami,日版
psp,2866,Hakuouki - Bakumatsu Musou Roku,薄樱鬼-幕末无双录,ULJM-06028,2012-03-24,Action,https://data.yang2000ling.com/img/psp_200/2866.jpg,日语,Idea Factory,日版
psp,2867,Littlewitch Parfait - Kuroneko Mahouten Monogatari,黑猫魔法店物语,ULJM-06019,2012-03-24,Adventure,https://data.yang2000ling.com/img/psp_200/2867.jpg,日语,CyberFront,日版
psp,2868,Hanaoni - Yume no Tsudzuki,华鬼-梦之延续,ULJM-06048,2012-03-24,Adventure,https://data.yang2000ling.com/img/psp_200/2868.jpg,日语,Idea Factory,日版
psp,2869,Pro Yakyuu Spirits 2012,职业棒球之魂2012,NPJH-50520,2012-03-28,Sports,https://data.yang2000ling.com/img/psp_200/2869.jpg,日语,Konami,日版
psp,2870,Dai-2-Ji Super Robot Taisen Z Saisei-hen,第二次超级机器人大战Z 再世篇,ULJS-00460,2012-04-03,Strategy,https://data.yang2000ling.com/img/psp_200/2870.jpg,日语,Bandai Namco Games,日版
psp,2871,IL-2 Sturmovik - Birds of Prey,伊尔2战机-捕食鸟,ULUS-10476,2012-04-04,Flight Simulation,https://data.yang2000ling.com/img/psp_200/2871.jpg,英文|法文,505 Games,美版
psp,2872,Need for Speed - Undercover,极品飞车-无间风云,ULUS-10376,2012-04-04,Racing,https://data.yang2000ling.com/img/psp_200/2872.jpg,英文,Electronic Arts,中国版
psp,2873,Phase-D - Kurosei no Shou,PhaseD-黑圣之章,ULJM-06026,2012-04-07,Adventure,https://data.yang2000ling.com/img/psp_200/2873.jpg,日语,Boost On,日版
psp,2874,Oumagatoki - Kaidan Romance,逢魔时-怪谈罗曼史,ULJM-06039,2012-04-07,Adventure,https://data.yang2000ling.com/img/psp_200/2874.jpg,日语,Quinrose,日版
psp,2875,Sengoku Hime 3 - Tenka o Kirisaku Hikari to Kage,战极姬3-分割天下的光与影,ULJM-06004,2012-04-07,Strategy,https://data.yang2000ling.com/img/psp_200/2875.jpg,日语,SystemSoft,日版
psp,2876,Te to Te Try On! Tropical,心手相连 热带领域,ULJM-05963,2012-04-09,Adventure,https://data.yang2000ling.com/img/psp_200/2876.jpg,日语,Boost On,日版
psp,2877,Astonishia Story 2,阿斯特尼西亚物语2,ULKS-46142,2012-04-13,RPG,https://data.yang2000ling.com/img/psp_200/2877.jpg,韩语,Ntreev Soft,韩版
psp,2878,Princess Evangile Portable,福音公主 携带版,ULJM-06036,2012-04-13,Adventure,https://data.yang2000ling.com/img/psp_200/2878.jpg,日语,CyberFront,日版
psp,2879,Elkrone no Atelier - Dear for Otomate,炼金术士艾可萝妮-Dear for,ULJM-06046,2012-04-15,Adventure,https://data.yang2000ling.com/img/psp_200/2879.jpg,日语,Idea Factory,日版
psp,2880,Armen Noir Portable,杀手赞歌 携带版,ULJM-06064,2012-04-18,Adventure,https://data.yang2000ling.com/img/psp_200/2880.jpg,日语,Idea Factory,日版
psp,2881,SOCOM - U.S. Navy SEALs Fireteam Bravo 3,海豹突击队-火线小组3,NPHG-00032,2012-04-18,Shooter,https://data.yang2000ling.com/img/psp_200/2881.jpg,韩语|英文,Sony,韩版
psp,2882,Conception - Ore no Kodomo o Unde Kure!!,受孕-请为我生孩子吧!,NPJH-50583,2012-04-25,Adventure,https://data.yang2000ling.com/img/psp_200/2882.jpg,日语,Spike,日版
psp,2883,"Game demo, Papa no Iukoto o Kikinasai!",游戏也要听爸爸的话,NPJH-50575,2012-04-25,Action,https://data.yang2000ling.com/img/psp_200/2883.jpg,日语,Bandai Namco Games,日版
psp,2884,Meitantei Conan - Kakokara no Zensou Kyoku,名侦探柯南-来自过去的前奏曲,NPJH-50565,2012-04-27,Adventure,https://data.yang2000ling.com/img/psp_200/2884.jpg,日语,Bandai Namco Games,日版
psp,2885,Miyako - Awayuki no Utage,雅恋-微雪之宴,ULJM-06070,2012-04-27,Adventure,https://data.yang2000ling.com/img/psp_200/2885.jpg,日语,Idea Factory,日版
psp,2886,Phase-D - Akaki no Shou,PhaseD-朱姬之章,ULJM-06031,2012-04-27,Adventure,https://data.yang2000ling.com/img/psp_200/2886.jpg,日语,Boost On,日版
psp,2887,Seinaru Kana - Orichalcum no Na no Motoni,圣神转生-以奥利哈刚之名,ULJM-06035,2012-04-27,Action,https://data.yang2000ling.com/img/psp_200/2887.jpg,日语,CyberFront,日版
psp,2888,Steins Gate - Hiyoku Renri no Darling,命运石之门-比翼恋理的爱人,ULJM-06040,2012-04-27,Adventure,https://data.yang2000ling.com/img/psp_200/2888.jpg,日语,5pb,日版
psp,2889,Major League Baseball 2K12,美国职业棒球大联盟2012,ULJS-00473,2012-04-29,Sports,https://data.yang2000ling.com/img/psp_200/2889.jpg,英文,2K Sports,日版
psp,2890,Scared Rider Xechs I+FD Portable (UMD Disc 1),惊鸿骑士Xech I+FD 携带版(UMD-Disc 1),ULJM-06006,2012-04-29,Adventure,https://data.yang2000ling.com/img/psp_200/2890.jpg,日语,RED Entertainment,日版
psp,2891,Scared Rider Xechs I+FD Portable (Stardust Lover)(UMD Disc 2),惊鸿骑士Xech I+FD 携带版(UMD-Disc 2),ULJM-06007,2012-04-29,Adventure,https://data.yang2000ling.com/img/psp_200/2891.jpg,日语,RED Entertainment,日版
psp,2892,Tenchi no Mon (Japanese Version),天地之门(日文版),UCAS-40018,2005-08-22,Action RPG,https://data.yang2000ling.com/img/psp_200/2892.jpg,日语,Sony,中国版
psp,2893,FIFA 12,FIFA足球2012,ULES-01551,2012-05-10,Sports,https://data.yang2000ling.com/img/psp_200/2893.jpg,意大利语,Electronic Arts,意大利版
psp,2894,Persona 2 - Batsu,女神异闻录2-罚,ULJM-06081,2012-05-15,RPG,https://data.yang2000ling.com/img/psp_200/2894.jpg,日语,Atlus,日版
psp,2895,Ore no Imouto ga Konna ni Kawaii Wake ga Nai - Portable ga Tsuzuku Wake ga Nai (UMD Disc 1),我的妹妹不可能那么可爱 携带版-不可能有续作(UMD-Disc 1),NPJH-50568,2012-05-17,Adventure,https://data.yang2000ling.com/img/psp_200/2895.jpg,日语,Bandai Namco Games,日版
psp,2896,Ore no Imouto ga Konna ni Kawaii Wake ga Nai - Portable ga Tsuzuku Wake ga Nai (UMD Disc 2),我的妹妹不可能那么可爱 携带版-不可能有续作(UMD-Disc 2),NPJH-50569,2012-05-17,Adventure,https://data.yang2000ling.com/img/psp_200/2896.jpg,日语,Bandai Namco Games,日版
psp,2897,Fate Extra,命运之夜 最初的开始,ULES-01561,2012-05-19,RPG,https://data.yang2000ling.com/img/psp_200/2897.jpg,英文,Aksys Games,欧版
psp,2898,Maru Goukaku - Shikaku Dasshu! Shouken Gaimuin Shiken Portable,完全合格资格夺取-证券外务员试验 携带版,NPJH-50587,2012-05-20,Edutainment,https://data.yang2000ling.com/img/psp_200/2898.jpg,日语,Media5,日版
psp,2899,Bunmei Kaika - Aoiza Ibunroku Saien,文明开华-葵座异闻录,NPJH-50560,2012-05-20,Adventure,https://data.yang2000ling.com/img/psp_200/2899.jpg,日语,FuRyu,日版
psp,2900,Brothers Conflict - Passion Pink,兄弟之争-激情粉红,ULJM-06066,2012-05-20,Adventure,https://data.yang2000ling.com/img/psp_200/2900.jpg,日语,Idea Factory,日版
psp,2901,Elminage Gothic - Ulm Zakir to Yami no Gishiki,冬宫Gothic-威尔姆扎基尔与暗之仪式,ULJM-06091,2012-05-23,RPG,https://data.yang2000ling.com/img/psp_200/2901.jpg,日语,Starfish,日版
psp,2902,Uta no - Prince-Sama - Debut,歌之王子殿下-登场,NPJH-50500,2012-05-25,Adventure,https://data.yang2000ling.com/img/psp_200/2902.jpg,日语,Broccoli,日版
psp,2903,Jyuzaengi - Engetsu Sangokuden,十三支演义-偃月三国传,ULJM-06090,2012-05-25,Adventure,https://data.yang2000ling.com/img/psp_200/2903.jpg,日语,Idea Factory,日版
psp,2904,Suigetsu Ni Portable,水月2 携带版,ULJM-06062,2012-05-27,Adventure,https://data.yang2000ling.com/img/psp_200/2904.jpg,日语,GN Software,日版
psp,2905,BlazBlue - Continuum Shift Extend,苍翼默示录-连锁反应增强版,NPJH-50582,2012-05-30,Fighting,https://data.yang2000ling.com/img/psp_200/2905.jpg,日语,Arc System Works,日版
psp,2906,Phi Brain - Kizuna no Puzzle,神之谜题-绊之解谜,ULJM-06037,2012-05-31,Puzzle,https://data.yang2000ling.com/img/psp_200/2906.jpg,日语,Arc System Works,日版
psp,2907,Buzz! The Ultimate Music Quiz,喧闹少年找碴大师 终极音乐测验,UCES-01454,2012-05-31,Trivia,https://data.yang2000ling.com/img/psp_200/2907.jpg,瑞典语|芬兰语,Sony,欧版
psp,2908,Maru Goukaku - Shikaku Dasshu! Care Manager Shiken Portable,完全合格资格夺取-护理经理试验 携带版,NPJH-50604,2012-05-31,Edutainment,https://data.yang2000ling.com/img/psp_200/2908.jpg,日语,Media5,日版
psp,2909,Kamisama to Koi Gokoro,神和恋心,ULJS-00509,2012-06-01,Adventure,https://data.yang2000ling.com/img/psp_200/2909.jpg,日语,Takuyo,日版
psp,2910,Abunai - Koi no Sousa Shitsu,危险恋情搜查室,ULJM-06050,2012-06-01,Adventure,https://data.yang2000ling.com/img/psp_200/2910.jpg,日语,Quinrose,日版
psp,2911,Danzai no Maria - La Campanella,断罪的玛利亚-钟,ULJM-06078,2012-06-01,Adventure,https://data.yang2000ling.com/img/psp_200/2911.jpg,日语,Karin Entertainment,日版
psp,2912,Tsuyo Kiss 3 Gakki Portable,娇蛮之吻 3学期 携带版,ULJM-05910,2012-06-02,Adventure,https://data.yang2000ling.com/img/psp_200/2912.jpg,日语,NetRevo,日版
psp,2913,Soukoku no Kusabi - Hiiro no Kakera 3 - Ashita e no Tobira,绯色的碎片3-苍黑之楔 通向明日之门,ULJM-06072,2012-06-04,Adventure,https://data.yang2000ling.com/img/psp_200/2913.jpg,日语,Idea Factory,日版
psp,2914,FIFA 12,FIFA足球2012,ULES-01545,2012-06-04,Sports,https://data.yang2000ling.com/img/psp_200/2914.jpg,波兰语,Electronic Arts,欧版
psp,2915,FIFA 11,FIFA足球2011,ULES-01483,2012-06-05,Sports,https://data.yang2000ling.com/img/psp_200/2915.jpg,波兰语,Electronic Arts,欧版
psp,2916,StormLover Kai!! (First Print Edition),风暴情人 快!(First,ULJS-00504,2012-06-08,Adventure,https://data.yang2000ling.com/img/psp_200/2916.jpg,日语,D3 Publisher,日版
psp,2917,Gungnir,奥丁之枪-魔枪的军神和英雄战争,ULUS-10592,2012-06-09,Strategy,https://data.yang2000ling.com/img/psp_200/2917.jpg,英文,Atlus,美版
psp,2918,Akiba's Trip Plus,秋叶原之旅 加强版,NPJH-50563,2012-06-12,Adventure,https://data.yang2000ling.com/img/psp_200/2918.jpg,日语,Acquire,日版
psp,2919,Bakudan - Handan,爆弹裁决,ULJM-06099,2012-06-14,Adventure,https://data.yang2000ling.com/img/psp_200/2919.jpg,日语,Idea Factory,日版
psp,2920,World Neverland - The Nalulu Kingdom Stories,幻想国物语-那鲁鲁王国,NPJH-00054,2012-06-15,Virtual Life,https://data.yang2000ling.com/img/psp_200/2920.jpg,日语,Althi,日版
psp,2921,FIFA 12,FIFA足球2012,ULES-01544,2012-06-16,Sports,https://data.yang2000ling.com/img/psp_200/2921.jpg,荷兰语,Electronic Arts,荷兰版
psp,2922,FIFA 12,FIFA足球2012,ULES-01550,2012-06-16,Sports,https://data.yang2000ling.com/img/psp_200/2922.jpg,葡萄牙语,Electronic Arts,欧版
psp,2923,Kenka Banchou Bros - Tokyo Battle Royale,喧哗番长 兄弟-东京大混战,ULJS-00517,2012-06-21,Beat Em Up,https://data.yang2000ling.com/img/psp_200/2923.jpg,日语,Spike,日版
psp,2924,Arcana Famiglia - Vascello Phantasma no Majutsushi,魔力家族-幽灵船的魔术师,ULJM-06032,2012-06-24,Adventure,https://data.yang2000ling.com/img/psp_200/2924.jpg,日语,Comfort,日版
psp,2925,unENDing Bloody Call,血色来电unENDing,ULJM-06079,2012-06-28,Adventure,https://data.yang2000ling.com/img/psp_200/2925.jpg,日语,Bluemoon,日版
psp,2926,Strike Witches - Hakugin no Tsubasa,强袭魔女-白银之翼,NPJH-50622,2012-06-30,Shooter,https://data.yang2000ling.com/img/psp_200/2926.jpg,日语,CyberFront,日版
psp,2927,Generation of Chaos 6,新天魔界混沌时代6,ULJM-06103,2012-06-30,Strategy,https://data.yang2000ling.com/img/psp_200/2927.jpg,日语,Idea Factory,日版
psp,2928,Arabians Lost - The Engagement on Desert,阿拉伯迷情-沙漠婚约,ULJM-06104,2012-07-01,Adventure,https://data.yang2000ling.com/img/psp_200/2928.jpg,日语,Quinrose,日版
psp,2929,Dies irae - Amantes amentes (UMD Disc 1),神怒之日(UMD-Disc 1),ULJM-06107,2012-07-01,Adventure,https://data.yang2000ling.com/img/psp_200/2929.jpg,日语,Views,日版
psp,2930,Dies irae - Amantes amentes (UMD Disc 2),神怒之日(UMD-Disc 2),ULJM-06108,2012-07-01,Adventure,https://data.yang2000ling.com/img/psp_200/2930.jpg,日语,Views,日版
psp,2931,Hakuisei Renai Shoukougun RE - Therapy,白衣性恋爱症候群-复诊,ULJM-06106,2012-07-02,Adventure,https://data.yang2000ling.com/img/psp_200/2931.jpg,日语,CyberFront,日版
psp,2932,Toriko - Gourmet Survival 2,美食的俘虏-美食生存战2,NPJH-50564,2012-07-03,Action,https://data.yang2000ling.com/img/psp_200/2932.jpg,日语,Bandai Namco Games,日版
psp,2933,Ouka Sengoku Portable,樱花战国 携带版,NPJH-50627,2012-07-08,Adventure,https://data.yang2000ling.com/img/psp_200/2933.jpg,日语,Alchemist,日版
psp,2934,Ailu de Puzzle,艾露猫方块,NPJH-50614,2012-07-17,Puzzle,https://data.yang2000ling.com/img/psp_200/2934.jpg,日语,Capcom,日版
psp,2935,Musou Orochi 2 Special,无双大蛇2 特别版,ULJM-06097,2012-07-18,Beat Em Up,https://data.yang2000ling.com/img/psp_200/2935.jpg,日语,Koei Tecmo Games,日版
psp,2936,Jikkyou Powerful Pro Yakyuu 2012,实况力量棒球2012,NPJH-50594,2012-07-19,Sports,https://data.yang2000ling.com/img/psp_200/2936.jpg,日语,Konami,日版
psp,2937,Shin Ken to Mahou to Gakuen Mono - Toki no Gakuen,新 剑与魔法与学园-刻之学园,ULJM-06117,2012-07-19,Strategy,https://data.yang2000ling.com/img/psp_200/2937.jpg,日语,Acquire,日版
psp,2938,Kimikare - Shingakki,男友就是你-新学期,ULJM-06127,2012-07-20,Adventure,https://data.yang2000ling.com/img/psp_200/2938.jpg,日语,Idea Factory,日版
psp,2939,Agarest Senki Mariage,阿加雷斯特战记 新婚,NPJH-50639,2012-07-20,RPG,https://data.yang2000ling.com/img/psp_200/2939.jpg,日语,Compile Heart,日版
psp,2940,Nayuta no Kiseki,那由多之轨迹,NPJH-50625,2012-07-25,Action RPG,https://data.yang2000ling.com/img/psp_200/2940.jpg,日语,Falcom,日版
psp,2941,Super Dangan-Ronpa 2 - Sayonara Zetsubou Gakuen,超级弹丸论破2-再见绝望学园,NPJH-50631,2012-07-25,Action Adventure,https://data.yang2000ling.com/img/psp_200/2941.jpg,日语,Spike,日版
psp,2942,Grim the Bounty Hunter,格林童话 赏金猎人,ULJM-06116,2012-07-27,Adventure,https://data.yang2000ling.com/img/psp_200/2942.jpg,日语,Quinrose,日版
psp,2943,ChronoBelt SchwarzOath - Ayakashibito & Bullet Butlers Crossover Disk,时之带,ULJM-06013,2012-07-27,Adventure,https://data.yang2000ling.com/img/psp_200/2943.jpg,日语,Boost On,日版
psp,2944,Sangoku Koi Senki - Otome no Heihou! (UMD Disc 1),三国恋战记-少女的兵法(UMD-Disc 1),ULJM-06123,2012-07-27,Adventure,https://data.yang2000ling.com/img/psp_200/2944.jpg,日语,Prototype,日版
psp,2945,Sangoku Koi Senki - Otome no Heihou! (UMD Disc 2),三国恋战记-少女的兵法(UMD-Disc 2),ULJM-06124,2012-07-27,Adventure,https://data.yang2000ling.com/img/psp_200/2945.jpg,日语,Prototype,日版
psp,2946,Dunamis 15,迪那米斯15,ULJM-06119,2012-07-29,Adventure,https://data.yang2000ling.com/img/psp_200/2946.jpg,日语,5pb,日版
psp,2947,Growlanser - Wayfarer of Time,梦幻骑士4-时之旅人,ULUS-10593,2012-07-31,RPG,https://data.yang2000ling.com/img/psp_200/2947.jpg,英文,Atlus,美版
psp,2948,Saihate no Ima Portable,最后的现在 携带版,ULJM-06132,2012-07-31,Adventure,https://data.yang2000ling.com/img/psp_200/2948.jpg,日语,CyberFront,日版
psp,2949,Yu-Gi-Oh! GX Tag Force 2 (v2),游戏王GX 卡片力量2(v2),ULES-00925,2012-07-31,Card Battle,https://data.yang2000ling.com/img/psp_200/2949.jpg,西班牙语|意大利语|德语|英文|法文,Konami,欧版
psp,2950,Shirokuma Belles Stars - Happy Holidays!,白熊铃星群-欢乐圣诞,ULJM-06111,2012-07-31,Adventure,https://data.yang2000ling.com/img/psp_200/2950.jpg,日语,Boost On,日版
psp,2951,Soreyuke! Burunyan-Man Portable - Torimodose! Ai to Seigi to Kibou no Tsunyakan,上吧!噗露喵们-夺回吧!爱和正义和希望的罐头 携带版,ULJM-05979,2012-08-01,Shooter,https://data.yang2000ling.com/img/psp_200/2951.jpg,日语,Alchemist,日版
psp,2952,All Kamen Rider - Rider Generation 2,假面骑士全集合-骑士世代2,ULJS-00518,2012-08-02,Action,https://data.yang2000ling.com/img/psp_200/2952.jpg,日语,Bandai Namco Games,日版
psp,2953,Corpse Party - The Anthology - Sachiko no Renai Yuugi - Hysteric Birthday 2U,尸体派对 文选集-幸子的恋爱游戏 歇斯底里生日2U,ULJM-06114,2012-08-04,Adventure,https://data.yang2000ling.com/img/psp_200/2953.jpg,日语,5pb,日版
psp,2954,Echoshift (v2),时限回廊(v2),UCES-01313,2012-08-05,Puzzle,https://data.yang2000ling.com/img/psp_200/2954.jpg,西班牙语|葡萄牙语|意大利语|德语|荷兰语|英文|法文,Sony,欧版
psp,2955,Kono Bushitsu wa Kitakushinaibu ga Senkyoshimashita - Gakuen Summer Wars Hen,这间活动室被不回家部占领了-学园夏日战争篇,ULJM-06109,2012-08-05,Adventure,https://data.yang2000ling.com/img/psp_200/2955.jpg,日语,Boost On,日版
psp,2956,L.G.S. Shinsetsu Houshinengi,L.G.S 新说封神演义,ULJM-06131,2012-08-09,Adventure,https://data.yang2000ling.com/img/psp_200/2956.jpg,日语,Idea Factory,日版
psp,2957,Kuroko no Basuke - Kiseke no Shiai,黑子的篮球-奇迹的比赛,NPJH-50635,2012-08-09,Sports,https://data.yang2000ling.com/img/psp_200/2957.jpg,日语,Bandai Namco Games,日版
psp,2958,Aoi Sora no Neosphere Portable - Nanoca Flanka Hatsumei Koubouki 2,苍之空的托利斯提亚-娜诺卡弗兰卡发明工房记2 携带版,ULJM-06137,2012-08-09,Adventure,https://data.yang2000ling.com/img/psp_200/2958.jpg,日语,CyberFront,日版
psp,2959,Aoi Umi no Tristia Portable - Nanoca Flanka Hatsumei Koubouki,苍之海的托利斯提亚-娜诺卡弗兰卡发明工房记 携带版,ULJM-06136,2012-08-09,Adventure,https://data.yang2000ling.com/img/psp_200/2959.jpg,日语,CyberFront,日版
psp,2960,Play English,乐趣英语,ULES-01509,2012-08-20,Edutainment,https://data.yang2000ling.com/img/psp_200/2960.jpg,葡萄牙语,Sony,欧版
psp,2961,Bakemonogatari Portable,化物语 携带版,NPJH-50605,2012-08-28,Adventure,https://data.yang2000ling.com/img/psp_200/2961.jpg,日语,Bandai Namco Games,日版
psp,2962,Suzukaze no Melt - Days in the Sanctuary,凉风的消散-在禁足地的日子,ULJM-06053,2012-08-28,Adventure,https://data.yang2000ling.com/img/psp_200/2962.jpg,日语,Piacci,日版
psp,2963,Tantei Opera Milky Holmes 1.5,侦探歌剧 少女福尔摩斯1.5,ULJS-00485,2012-08-28,Adventure,https://data.yang2000ling.com/img/psp_200/2963.jpg,日语,BushiRoad,日版
psp,2964,Tantei Opera Milky Holmes 2,侦探歌剧 少女福尔摩斯2,ULJS-00520,2012-08-28,Adventure,https://data.yang2000ling.com/img/psp_200/2964.jpg,日语,BushiRoad,日版
psp,2965,Kidou Senshi Gundam AGE - Cosmic Drive,机动战士高达AGE-宇宙驱动,NPJH-50567,2012-08-28,RPG,https://data.yang2000ling.com/img/psp_200/2965.jpg,日语,Bandai Namco Games,日版
psp,2966,Kidou Senshi Gundam AGE - Universe Accel,机动战士高达AGE-领域加速,NPJH-50566,2012-08-28,RPG,https://data.yang2000ling.com/img/psp_200/2966.jpg,日语,Bandai Namco Games,日版
psp,2967,Ano Hi Mita Hana no Namae o Bokutachi wa Mada Shiranai,未闻花名,ULJM-06115,2012-08-29,Adventure,https://data.yang2000ling.com/img/psp_200/2967.jpg,日语,5pb,日版
psp,2968,"Amagoushi no Yakata Portable - Ichiyanagi Nagomu, Saisho no Junan",雨格子之馆-柳和最初的受难 携带版,ULJS-00216,2012-08-30,Adventure,https://data.yang2000ling.com/img/psp_200/2968.jpg,日语,Nippon Ichi Software,日版
psp,2969,Custom Drive,定制男友,NPJH-50649,2012-08-31,Adventure,https://data.yang2000ling.com/img/psp_200/2969.jpg,日语,D3 Publisher,日版
psp,2970,Ao no Exorcist - Genkoku no Labyrinth,青之驱魔师-幻刻的迷宫,NPJH-50489,2012-08-31,Adventure,https://data.yang2000ling.com/img/psp_200/2970.jpg,日语,Bandai Namco Games,日版
psp,2971,Koi Sentai Love & Peace the P.S.P. - Power Zenkai!,恋战队-爱与和平,ULJM-06073,2012-09-01,Adventure,https://data.yang2000ling.com/img/psp_200/2971.jpg,日语,Broccoli,日版
psp,2972,Yami Kara no Izanai - Tenebrae I,熄灯礼拜-黑暗邀约,ULJM-06147,2012-09-01,Adventure,https://data.yang2000ling.com/img/psp_200/2972.jpg,日语,Boost On,日版
psp,2973,Genroh,源狼,ULJM-06145,2012-09-03,Adventure,https://data.yang2000ling.com/img/psp_200/2973.jpg,日语,Idea Factory,日版
psp,2974,Tsugi no Giseisha o Oshirase Shimasu - Houkaisuru Sekai ni Shinigami to,给牺牲者的通告-死神降临于崩溃的世界,ULJM-05948,2012-09-04,Adventure,https://data.yang2000ling.com/img/psp_200/2974.jpg,日语,Boost On,日版
psp,2975,Lost Heroes,忘却的英雄,NPJH-50647,2012-09-04,RPG,https://data.yang2000ling.com/img/psp_200/2975.jpg,日语,Bandai Namco Games,日版
psp,2976,Go!Explore,Go!探索,UCES-00881,2012-09-04,Other,https://data.yang2000ling.com/img/psp_200/2976.jpg,瑞典语|西班牙语|葡萄牙语|挪威语|意大利语|德语|芬兰语|荷兰语|丹麦语|英文|法文,Sony,欧版
psp,2977,Sorairo Portable,空色 携带版,ULJM-06138,2012-09-06,Adventure,https://data.yang2000ling.com/img/psp_200/2977.jpg,日语,CyberFront,日版
psp,2978,Mirai Nikki  13-ninme no Nikki Shoyuusha RE-WRITE,未来日记 第13位日记持有者 重制版,ULJM-06052,2012-09-09,Adventure,https://data.yang2000ling.com/img/psp_200/2978.jpg,日语,Kadokawa Shoten,日版
psp,2979,Time Travelers,时间旅行者,NPJH-50597,2012-09-09,Adventure,https://data.yang2000ling.com/img/psp_200/2979.jpg,日语,Level 5,日版
psp,2980,"Naraku no Shiro Portable - Ichiyanagi Nagomu, 2-dome no Junan",奈落之城-柳和第2次的受难 携带版,ULJS-00230,2012-09-09,Adventure,https://data.yang2000ling.com/img/psp_200/2980.jpg,日语,Nippon Ichi Software,日版
psp,2981,Accel World - Ginyoku no Kakusei,加速世界-银翼的觉醒,NPJH-50606,2012-09-11,Adventure,https://data.yang2000ling.com/img/psp_200/2981.jpg,日语,Bandai Namco Games,日版
psp,2982,Blazing Souls Accelate,炙热之魂-加速进化,ULES-01562,2012-09-11,Strategy,https://data.yang2000ling.com/img/psp_200/2982.jpg,英文,Rising Star Games,欧版
psp,2983,Sega Rally (v2),世嘉拉力 进化(v2),ULES-00910,2012-09-13,Racing,https://data.yang2000ling.com/img/psp_200/2983.jpg,西班牙语|意大利语|德语|英文|法文,SEGA,欧版
psp,2984,Elminage Ibun - Ame no Mihashira,冬宫异闻-天御柱命,ULJM-06141,2012-09-14,RPG,https://data.yang2000ling.com/img/psp_200/2984.jpg,日语,Starfish,日版
psp,2985,Sucre Portable,甜点时间 携带版,ULJM-06134,2012-09-15,Adventure,https://data.yang2000ling.com/img/psp_200/2985.jpg,日语,CyberFront,日版
psp,2986,Final Fantasy III,最终幻想3,NPJH-50626,2012-09-20,RPG,https://data.yang2000ling.com/img/psp_200/2986.jpg,日语|英文,Square Enix,日版
psp,2987,24 Ji no Kane to Cinderella Halloween Wedding,24点的钟声与灰姑娘-万圣节婚礼24,ULJM-06168,2012-09-20,Adventure,https://data.yang2000ling.com/img/psp_200/2987.jpg,日语,Quinrose,日版
psp,2988,Shirahana no Ori - Hiiro no Kakera 4,绯色的碎片4-白华之槛,ULJM-06167,2012-09-20,Adventure,https://data.yang2000ling.com/img/psp_200/2988.jpg,日语,Idea Factory,日版
psp,2989,Hunter x Hunter - Wonder Adventure,全职猎人-奇迹冒险,NPJH-50624,2012-09-20,Action,https://data.yang2000ling.com/img/psp_200/2989.jpg,日语,Bandai Namco Games,日版
psp,2990,Tiger & Bunny - On-Air Jack!,老虎和兔子-实况掠夺,NPJH-50589,2012-09-20,Action,https://data.yang2000ling.com/img/psp_200/2990.jpg,日语,Bandai Namco Games,日版
psp,2991,Akatsuki no Goei Trinity (UMD Disc 1),晓之护卫三合一(UMD-Disc 1),ULJM-06174,2012-09-21,Adventure,https://data.yang2000ling.com/img/psp_200/2991.jpg,日语,5pb,日版
psp,2992,Akatsuki no Goei Trinity (UMD Disc 2),晓之护卫三合一(UMD-Disc 2),ULJM-06175,2012-09-21,Adventure,https://data.yang2000ling.com/img/psp_200/2992.jpg,日语,5pb,日版
psp,2993,SD Gundam G Generation Over World,SD高达G世纪 超越世界,NPJH-50681,2012-09-25,Strategy,https://data.yang2000ling.com/img/psp_200/2993.jpg,日语,Bandai Namco Games,日版
psp,2994,FIFA 13,FIFA足球2013,ULES-01574,2012-09-26,Sports,https://data.yang2000ling.com/img/psp_200/2994.jpg,德语,Electronic Arts,德版
psp,2995,FIFA 13,FIFA足球2013,ULES-01565,2012-09-28,Sports,https://data.yang2000ling.com/img/psp_200/2995.jpg,英文,Electronic Arts,欧版
psp,2996,FIFA Soccer 13,FIFA足球2013,ULUS-10595,2012-09-30,Sports,https://data.yang2000ling.com/img/psp_200/2996.jpg,西班牙语|英文,Electronic Arts,中国版
psp,2997,FIFA 13,FIFA足球2013,ULES-01569,2012-09-30,Sports,https://data.yang2000ling.com/img/psp_200/2997.jpg,法文,Electronic Arts,法版
psp,2998,FIFA 13,FIFA足球2013,ULES-01571,2012-10-01,Sports,https://data.yang2000ling.com/img/psp_200/2998.jpg,葡萄牙语,Electronic Arts,欧版
psp,2999,Sol Trigger,灵魂触发者,NPJH-50619,2012-10-02,RPG,https://data.yang2000ling.com/img/psp_200/2999.jpg,日语,Image Epoch,日版
psp,3000,Summon Night 3 (v2),召唤之夜3(v2),NPJH-50380,2012-10-02,Strategy,https://data.yang2000ling.com/img/psp_200/3000.jpg,日语,Bandai Namco Games,日版
psp,3001,Entaku no Seito - The Eternal Legend,圆桌学生会-永恒的传说,ULJS-00548,2012-10-03,RPG,https://data.yang2000ling.com/img/psp_200/3001.jpg,日语,Kadokawa Shoten,日版
psp,3002,Koi to Senkyo to Chocolate Portable,恋爱与选举与巧克力 携带版,ULJS-00526,2012-10-03,Adventure,https://data.yang2000ling.com/img/psp_200/3002.jpg,日语,Bandai Namco Games,日版
psp,3003,Warriors Orochi 2,无双大蛇-魔王再临,ULES-01262,2012-10-06,Action,https://data.yang2000ling.com/img/psp_200/3003.jpg,德语,Koei,德版
psp,3004,Dragon Ball Evolution,龙珠 进化,ULUS-10415,2012-10-06,Action,https://data.yang2000ling.com/img/psp_200/3004.jpg,英文,Bandai Namco Games,中国版
psp,3005,NBA 2K13,NBA篮球2013,ULES-01578,2012-10-06,Sports,https://data.yang2000ling.com/img/psp_200/3005.jpg,西班牙语|意大利语|德语|英文|法文,2K Sports,欧版
psp,3006,Gundam Battle Chronicle,高达 战斗编年史,ULJS-00122,2012-10-06,Action,https://data.yang2000ling.com/img/psp_200/3006.jpg,日语,Bandai Namco Games,韩版
psp,3007,Rain Wonder Trip,Rain的奇妙旅程,ULKS-46091,2012-10-06,Other,https://data.yang2000ling.com/img/psp_200/3007.jpg,韩语|日语|英文,Bandai Namco Games,韩版
psp,3008,King of Pool,桌球天王,ULES-01164,2012-10-09,Sports,https://data.yang2000ling.com/img/psp_200/3008.jpg,西班牙语|意大利语|德语|英文|法文,Nordcurrent,欧版
psp,3009,Fushigi no Dungeon - Fuurai no Shiren 4 Plus - Kami no Me to Akuma no Heso,不可思议的迷宫-风来的西林4 加强版 神之眼与恶魔的肚脐,NPJH-50698,2012-10-16,RPG,https://data.yang2000ling.com/img/psp_200/3009.jpg,日语,Spike Chunsoft,日版
psp,3010,Diabolik Lovers - Haunted Dark Bridal,魔鬼恋人-黑暗新娘,ULJM-06163,2012-10-21,Adventure,https://data.yang2000ling.com/img/psp_200/3010.jpg,日语,Idea Factory,日版
psp,3011,Hakuouki - Yuugi Roku Ni - Matsuri Hayashi to Taishitachi,薄樱鬼-游戏录2 祭典乐师与队士,ULJM-06165,2012-10-21,Adventure,https://data.yang2000ling.com/img/psp_200/3011.jpg,日语,Idea Factory,日版
psp,3012,Confidential Money - 300-Nichi de 3000-Man Dol Kasegu Houhou,秘密财富-300天赚3000万美元的方法,ULJM-06143,2012-10-21,Adventure,https://data.yang2000ling.com/img/psp_200/3012.jpg,日语,Idea Factory,日版
psp,3013,FIFA 13,FIFA足球2013,ULES-01570,2012-10-25,Sports,https://data.yang2000ling.com/img/psp_200/3013.jpg,英文,Electronic Arts,欧版
psp,3014,FIFA 13,FIFA足球2013,ULES-01573,2012-10-30,Sports,https://data.yang2000ling.com/img/psp_200/3014.jpg,意大利语,Electronic Arts,意大利版
psp,3015,Pia Carrot e Youkoso!! 4 - Natsu no Kioku,恋爱餐厅4-夏之记忆,ULJM-06182,2012-11-04,Adventure,https://data.yang2000ling.com/img/psp_200/3015.jpg,日语,GN Software,日版
psp,3016,Hyakki Yakou - Kaidan Romance,百鬼夜行-怪谈罗曼史,ULJM-06184,2012-11-06,Adventure,https://data.yang2000ling.com/img/psp_200/3016.jpg,日语,Quinrose,日版
psp,3017,Phineas and Ferb - Across the 2nd Dimension,飞哥与小佛的时空大冒险,UCES-01564,2012-11-09,Adventure,https://data.yang2000ling.com/img/psp_200/3017.jpg,西班牙语|葡萄牙语|波兰语|意大利语|德语|荷兰语|英文|法文,Disney Interactive,欧版
psp,3018,Summon Night 4 (v2),召唤之夜4(v2),NPJH-50410,2012-11-13,Strategy,https://data.yang2000ling.com/img/psp_200/3018.jpg,日语,Bandai Namco Games,日版
psp,3019,Kono Bushitsu wa Kitaku Shinai Bu ga Senkyo Shimashita. Portable - Gakuen Dog Ear Hen,这间活动室被不回家部占领了-学园瞬息万变篇 携带版,ULJM-06110,2012-11-14,Adventure,https://data.yang2000ling.com/img/psp_200/3019.jpg,日语,Boost On,日版
psp,3020,FIFA 13 - World Class Soccer,FIFA足球2013,NPJH-50697,2012-11-17,Sports,https://data.yang2000ling.com/img/psp_200/3020.jpg,日语,Electronic Arts,日版
psp,3021,World Soccer Winning Eleven 2013,实况足球2013,ULJM-06161,2012-11-22,Sports,https://data.yang2000ling.com/img/psp_200/3021.jpg,日语,Konami,日版
psp,3022,NBA 2K13,NBA篮球2013,ULJS-00551,2012-11-28,Sports,https://data.yang2000ling.com/img/psp_200/3022.jpg,日语,2K Sports,日版
psp,3023,Wand of Fortune 2 FD - Kimi ni Sasageru Epilogue,命运之杖2 FD-献给你的结语,ULJM-06194,2012-11-28,Adventure,https://data.yang2000ling.com/img/psp_200/3023.jpg,日语,Idea Factory,日版
psp,3024,School Wars,学院战争 毕业战线,ULJM-06191,2012-11-30,Adventure,https://data.yang2000ling.com/img/psp_200/3024.jpg,日语,Quinrose,日版
psp,3025,Koi wa Rule ni Shibararenai!,校规无法束缚的恋爱,NPJH-50704,2012-11-30,Adventure,https://data.yang2000ling.com/img/psp_200/3025.jpg,日语,Kadokawa Shoten,日版
psp,3026,Kimi ga Aruji de Shitsuji ga Ore de - Otsukae Nikki Portable,你是主人我是仆 携带版,ULJM-06183,2012-11-30,Adventure,https://data.yang2000ling.com/img/psp_200/3026.jpg,日语,Minato Station,日版
psp,3027,Kamen Rider Super Climax Heroes,假面骑士 超巅峰英雄,NPJH-50691,2012-12-02,Action,https://data.yang2000ling.com/img/psp_200/3027.jpg,日语,Bandai Namco Games,日版
psp,3028,Pro Evolution Soccer 2013,实况足球2013,ULES-01577,2012-12-06,Sports,https://data.yang2000ling.com/img/psp_200/3028.jpg,意大利语,Konami,欧版
psp,3029,Pro Evolution Soccer 2013,实况足球2013,ULES-01575,2012-12-07,Sports,https://data.yang2000ling.com/img/psp_200/3029.jpg,瑞典语|荷兰语|英文,Konami,欧版
psp,3030,Kokoro Connect - Yochi Random,恋爱随意链接-随机预知,NPJH-50682,2012-12-07,Adventure,https://data.yang2000ling.com/img/psp_200/3030.jpg,日语,Bandai Namco Games,日版
psp,3031,Missing Parts the Tantei Stories Complete,侦探故事 消失的证据 完全版,NPJH-50689,2012-12-08,Adventure,https://data.yang2000ling.com/img/psp_200/3031.jpg,日语,Nippon Ichi Software,日版
psp,3032,UnchainBlades EXXiV,解放之刃,NPJH-50648,2012-12-08,RPG,https://data.yang2000ling.com/img/psp_200/3032.jpg,日语,FuRyu,日版
psp,3033,Arcana Famiglia - Festa Regalo,魔力家族-美食聚会,ULJM-06187,2012-12-14,Adventure,https://data.yang2000ling.com/img/psp_200/3033.jpg,日语,Comfort,日版
psp,3034,SuGirly Wish Limited,糖心许愿 限定版,ULJM-06205,2012-12-14,Adventure,https://data.yang2000ling.com/img/psp_200/3034.jpg,日语,GN Software,日版
psp,3035,"Idolmaster Shiny Festa - Honey Sound, The",偶像大师闪耀祭典-甜美之声,NPJH-50674,2012-12-14,Rhythm,https://data.yang2000ling.com/img/psp_200/3035.jpg,日语,Bandai Namco Games,日版
psp,3036,Geronimo Stilton - Return to the Kingdom of Fantasy,老鼠记者-重返幻想王国,UCES-01563,2012-12-17,Adventure,https://data.yang2000ling.com/img/psp_200/3036.jpg,西班牙语|葡萄牙语|意大利语|德语|丹麦语|英文|法文,Sony,欧版
psp,3037,One Piece - Romance Dawn - Bouken no Yoake,海贼王-冒险的黎明,NPJH-50679,2012-12-18,Beat Em Up,https://data.yang2000ling.com/img/psp_200/3037.jpg,日语,Bandai Namco Games,日版
psp,3038,Pro Evolution Soccer 2013,实况足球2013,ULES-01576,2012-12-20,Sports,https://data.yang2000ling.com/img/psp_200/3038.jpg,德语|法文,Konami,欧版
psp,3039,Jikkyou Powerful Pro Yakyuu 2012 Ketteiban,实况力量棒球 2012 决定版,NPJH-50708,2012-12-21,Sports,https://data.yang2000ling.com/img/psp_200/3039.jpg,日语,Konami,日版
psp,3040,Solomon's Ring - Hi no Shou ,所罗门的指环-火之章,ULJM-06200,2012-12-22,Adventure,https://data.yang2000ling.com/img/psp_200/3040.jpg,日语,PlanPeace,日版
psp,3041,Street Cricket Champions 2,街头板球冠军2,UCES-01579,2012-12-24,Sports,https://data.yang2000ling.com/img/psp_200/3041.jpg,英文,Sony,欧版
psp,3042,Daiya no Kuni no Alice - Wonderful Wonder World,方块国的爱丽丝-美妙奇迹世界,ULJM-06216,2012-12-25,Adventure,https://data.yang2000ling.com/img/psp_200/3042.jpg,日语,Quinrose,日版
psp,3043,From Russia with Love - 007,詹姆斯邦德007-来自俄罗斯的爱,ULAS-42043,2012-12-25,Shooter,https://data.yang2000ling.com/img/psp_200/3043.jpg,英文,Electronic Arts,中国版
psp,3044,FIFA World Cup - Germany 2006,FIFA足球 2006德国世界杯,ULAS-42058,2012-12-25,Sports,https://data.yang2000ling.com/img/psp_200/3044.jpg,英文,Electronic Arts,中国版
psp,3045,Dante's Inferno,但丁的地狱,ULUS-10469,2012-12-25,Beat Em Up,https://data.yang2000ling.com/img/psp_200/3045.jpg,英文,Electronic Arts,中国版
psp,3046,Dead Head Fred,死亡头骨弗瑞德,ULUS-10288,2012-12-25,Action Adventure,https://data.yang2000ling.com/img/psp_200/3046.jpg,英文,D3 Publisher,中国版
psp,3047,FIFA 10,FIFA足球2010,ULES-01322,2012-12-25,Sports,https://data.yang2000ling.com/img/psp_200/3047.jpg,英文,Electronic Arts,中国版
psp,3048,Ford Racing - Off Road,福特越野赛车,ULUS-10326,2012-12-25,Racing,https://data.yang2000ling.com/img/psp_200/3048.jpg,英文,Empire,中国版
psp,3049,Monster Hunter Freedom 2,怪物猎人2 携带版,ULUS-10266,2012-12-25,Action RPG,https://data.yang2000ling.com/img/psp_200/3049.jpg,英文,Capcom,韩版
psp,3050,NBA 2K12,NBA篮球2012,ULUS-10585,2012-12-25,Sports,https://data.yang2000ling.com/img/psp_200/3050.jpg,英文,2K Sports,中国版
psp,3051,Prince of Persia - The Forgotten Sands,波斯王子-遗忘之沙,ULUS-10480,2012-12-25,Action Adventure,https://data.yang2000ling.com/img/psp_200/3051.jpg,西班牙语|英文|法文,UbiSoft,中国版
psp,3052,Suiheisen made Nan Mile - Original Flight,水平线有多远-初始飞行,NPJH-50711,2012-12-26,Adventure,https://data.yang2000ling.com/img/psp_200/3052.jpg,日语,Alchemist,日版
psp,3053,Baka to Test to Shoukanjuu Portable,笨蛋测试召唤兽 携带版,NPJH-50680,2012-12-26,Board Games,https://data.yang2000ling.com/img/psp_200/3053.jpg,日语,Kadokawa Shoten,日版
psp,3054,Tokyo Yamanote Boys Portable - Honey Milk Disc,东京山手线男孩-甜心牛奶 携带版,ULJM-06171,2012-12-30,Adventure,https://data.yang2000ling.com/img/psp_200/3054.jpg,日语,5pb,日版
psp,3055,Yaneura no Kanojo,阁楼里的少女,ULJM-06211,2013-01-02,Adventure,https://data.yang2000ling.com/img/psp_200/3055.jpg,日语,Piacci,日版
psp,3056,Starry  Sky - After Spring Portable,星座彼氏-春后篇 携带版,ULJM-06207,2013-01-02,Adventure,https://data.yang2000ling.com/img/psp_200/3056.jpg,日语,Honeybee,日版
psp,3057,Glass Heart Princess,玻璃公主心,ULJM-06196,2013-01-02,Adventure,https://data.yang2000ling.com/img/psp_200/3057.jpg,日语,Otomate,日版
psp,3058,Black Wolves Saga - Last Hope,黑狼传说-最终希望,ULJM-06220,2013-01-02,Adventure,https://data.yang2000ling.com/img/psp_200/3058.jpg,日语,Idea Factory,日版
psp,3059,Weiss Schwarz Portable - 2 Turn-me,黑白双翼-第二回合 携带版,ULJS-00427,2013-01-02,Card Battle,https://data.yang2000ling.com/img/psp_200/3059.jpg,日语,Bandai Namco Games,日版
psp,3060,Tasogare no Sinsemilla Portable,黄昏的禁忌之药 携带版,ULJM-06192,2013-01-26,Adventure,https://data.yang2000ling.com/img/psp_200/3060.jpg,日语,CyberFront,日版
psp,3061,Otometeki Koi Kakumei - Love Revo!! 100kg kara Hajimaru Girl's Life,少女的恋爱革命 从100KG开始到爱情故事,ULJM-06237,2013-01-26,Adventure,https://data.yang2000ling.com/img/psp_200/3061.jpg,日语,Idea Factory,日版
psp,3062,Ragnarok Tactics,仙境传说-光与暗的公主,ULUS-10594,2013-01-26,RPG,https://data.yang2000ling.com/img/psp_200/3062.jpg,英文,Aksys,美版
psp,3063,Tokyo Yamanote Boys Portable - Super Mint Disc,东京山手线男孩-劲爆薄荷 携带版,ULJM-06172,2013-01-28,Adventure,https://data.yang2000ling.com/img/psp_200/3063.jpg,日语,5pb,日版
psp,3064,PachiPara Slot+ Pachi-Slot Daiku no Gen-San - Ikuze! Honoo no Gen-Matsuri-Hen,柏青嫂大力工头 炎之源祭篇,ULJS-00516,2013-01-28,Gambling,https://data.yang2000ling.com/img/psp_200/3064.jpg,日语,Irem,日版
psp,3065,Issho ni Gohan. Portable - Apartment Dinner Show,一起吃饭吧 携带版,ULJM-06231,2013-01-28,Adventure,https://data.yang2000ling.com/img/psp_200/3065.jpg,日语,Idea Factory,日版
psp,3066,Gintama no Sugoroku,银魂的双六,NPJH-50705,2013-01-28,Board Games,https://data.yang2000ling.com/img/psp_200/3066.jpg,日语,Bandai Namco Games,日版
psp,3067,Medal of Honor - Heroes 2,荣誉勋章-英雄2,ULUS-10310,2013-02-01,Shooter,https://data.yang2000ling.com/img/psp_200/3067.jpg,英文,Electronic Arts,中国版
psp,3068,VitaminZ Graduation,维他命Z 毕业典礼,ULJS-00561,2013-02-01,Adventure,https://data.yang2000ling.com/img/psp_200/3068.jpg,日语,D3 Publisher,日版
psp,3069,Kisou Ryouhei Gunhound EX,机装猎兵EX,NPJH-50723,2013-02-01,Shooter,https://data.yang2000ling.com/img/psp_200/3069.jpg,日语,G.Rev,日版
psp,3070,Tasogaredoki - Kaidan Romance,黄昏时-怪谈罗曼史,ULJM-06235,2013-02-01,Adventure,https://data.yang2000ling.com/img/psp_200/3070.jpg,日语,Quinrose,日版
psp,3071,Renai 0 Kilometer Portable,恋爱0公里 携带版,NPJH-50715,2013-02-08,Adventure,https://data.yang2000ling.com/img/psp_200/3071.jpg,日语,Alchemist,日版
psp,3072,Heroes' VS,英雄VS,NPJH-50660,2013-02-08,Fighting,https://data.yang2000ling.com/img/psp_200/3072.jpg,日语,Bandai Namco Games,日版
psp,3073,Cart Kings,卡丁车之王,UCES-01520,2013-02-09,Driving,https://data.yang2000ling.com/img/psp_200/3073.jpg,英文,Sony,欧版
psp,3074,Chandragupta - Warrior Prince,月护王-勇士王子,UCES-01559,2013-02-09,Action,https://data.yang2000ling.com/img/psp_200/3074.jpg,英文,Sony,欧版
psp,3075,AKB1-149 - Love Election (UMD Disc 1),AKB1-149 恋爱总选举(UMD-Disc 1),NPJH-50654,2013-02-11,Adventure,https://data.yang2000ling.com/img/psp_200/3075.jpg,日语,Bandai Namco Games,日版
psp,3076,AKB1-149 - Love Election (UMD Disc 2),AKB1-149 恋爱总选举(UMD-Disc 2),NPJH-50655,2013-02-11,Adventure,https://data.yang2000ling.com/img/psp_200/3076.jpg,日语,Bandai Namco Games,日版
psp,3077,Accel World - Kasoku no Chouten,加速世界-加速的顶点,NPJH-50607,2013-02-11,Adventure,https://data.yang2000ling.com/img/psp_200/3077.jpg,日语,Bandai Namco Games,日版
psp,3078,Danball Senki W,纸盒战机W,NPJH-50618,2013-02-12,Action,https://data.yang2000ling.com/img/psp_200/3078.jpg,日语,Level 5,日版
psp,3079,Sakurasou no Pet na Kanojo,樱花庄的宠物女孩,NPJH-50745,2013-02-15,Adventure,https://data.yang2000ling.com/img/psp_200/3079.jpg,日语,Kadokawa Shoten,日版
psp,3080,Harukanaru Toki no Naka de - Hachiyoushou,遥远的时空中-八叶抄,ULJM-06252,2013-02-15,Adventure,https://data.yang2000ling.com/img/psp_200/3080.jpg,日语,Koei Tecmo Games,日版
psp,3081,Battle Robot Damashii,战斗机器人之魂,NPJH-50720,2013-02-15,Action,https://data.yang2000ling.com/img/psp_200/3081.jpg,日语,Bandai Namco Games,日版
psp,3082,Pro Evolution Soccer 2013,实况足球2013,ULES-01580,2013-02-15,Sports,https://data.yang2000ling.com/img/psp_200/3082.jpg,西班牙语|葡萄牙语,Konami,欧版
psp,3083,Buzz! The Ultimate Music Quiz,喧闹少年找碴大师 终极音乐测验,UCES-01450,2013-02-15,Trivia,https://data.yang2000ling.com/img/psp_200/3083.jpg,荷兰语|法文,Sony,欧版
psp,3084,Pro Evolution Soccer 2010,实况足球2010,ULUS-10483,2013-02-20,Sports,https://data.yang2000ling.com/img/psp_200/3084.jpg,西班牙语|葡萄牙语|英文|法文,Konami,美版
psp,3085,Pro Evolution Soccer 2013,实况足球2013,ULUS-10597,2013-02-20,Sports,https://data.yang2000ling.com/img/psp_200/3085.jpg,西班牙语|葡萄牙语|英文|法文,Konami,美版
psp,3086,FIFA Soccer 10,FIFA足球2010,ULUS-10464,2013-02-20,Sports,https://data.yang2000ling.com/img/psp_200/3086.jpg,西班牙语|英文,Electronic Arts,美版
psp,3087,FIFA 13,FIFA足球2013,ULES-01568,2013-02-20,Sports,https://data.yang2000ling.com/img/psp_200/3087.jpg,波兰语,Electronic Arts,欧版
psp,3088,PDC World Championship Darts,PDC世界飞镖锦标赛,ULUS-10386,2013-02-20,Sports,https://data.yang2000ling.com/img/psp_200/3088.jpg,西班牙语|意大利语|德语|荷兰语|英文|法文,Oxygen Interactive,美版
psp,3089,Starry-Sky - After Spring Portable (Extra Disc),星座彼氏-春后篇 携带版(Extra-Disc),ULJM-06227,2013-02-20,Adventure,https://data.yang2000ling.com/img/psp_200/3089.jpg,日语,Honeybee+,日版
psp,3090,Starry-Sky - In Summer Portable,星座彼氏-夏季篇 携带版,ULJM-05740,2013-02-20,Adventure,https://data.yang2000ling.com/img/psp_200/3090.jpg,日语,Asgard,日版
psp,3091,Soukoku no Kusabi - Hiiro no Kakera 3 Portable,绯色的碎片3-苍黑之楔 携带版,ULJM-05653,2013-02-20,Adventure,https://data.yang2000ling.com/img/psp_200/3091.jpg,日语,Idea Factory,日版
psp,3092,"Renai Banchou - Inochi Mijikashi, Koiseyo Otome! Love is Power",恋爱番长-人生苦短 恋爱吧少女,ULJM-05742,2013-02-20,Adventure,https://data.yang2000ling.com/img/psp_200/3092.jpg,日语,Idea Factory,日版
psp,3093,B's-LOG Party,B's-LOG聚会,ULJM-05641,2013-02-21,Adventure,https://data.yang2000ling.com/img/psp_200/3093.jpg,日语,Idea Factory,日版
psp,3094,Lucian Bee's - Resurrection Supernova ,卢西恩-逊男改造大计划,ULJM-05680,2013-02-21,Adventure,https://data.yang2000ling.com/img/psp_200/3094.jpg,日语,5pb,日版
psp,3095,Lucian Bee's - Justice Yellow,卢西恩-正义之黄,ULJM-05749,2013-02-21,Adventure,https://data.yang2000ling.com/img/psp_200/3095.jpg,日语,5pb,日版
psp,3096,Lucian Bee's - Evil Violet,卢西恩-邪恶之紫,ULJM-05748,2013-02-21,Adventure,https://data.yang2000ling.com/img/psp_200/3096.jpg,日语,5pb,日版
psp,3097,Buzz! Danske Genier - Norgesmester,喧闹少年找碴大师 丹麦智囊团,UCES-01203,2013-02-21,Trivia,https://data.yang2000ling.com/img/psp_200/3097.jpg,挪威语|丹麦语,Sony,欧版
psp,3098,Ishin Renka - Ryouma Gaiden (Shokai Seisanban),维新恋华-龙马外传(Shokai,ULJS-00334,2013-02-23,Adventure,https://data.yang2000ling.com/img/psp_200/3098.jpg,日语,D3 Publisher,日版
psp,3099,Tokyo Yamanote Boys Portable - Dark Cherry Disc,东京山手线男孩-黑色樱桃 携带版,ULJM-06173,2013-02-23,Adventure,https://data.yang2000ling.com/img/psp_200/3099.jpg,日语,5pb,日版
psp,3100,Toaru Majutsu to Kagaku no Ensemble,某魔术与科学的群奏活剧,NPJH-50700,2013-02-23,Adventure,https://data.yang2000ling.com/img/psp_200/3100.jpg,日语,Bandai Namco Games,日版
psp,3101,Grisaia no Kajitsu - La Fruit de la Grisaia (UMD Disc 1),灰色的果实(UMD-Disc 1),ULJM-06232,2013-02-23,Adventure,https://data.yang2000ling.com/img/psp_200/3101.jpg,日语,Prototype,日版
psp,3102,Grisaia no Kajitsu - La Fruit de la Grisaia (UMD Disc 2),灰色的果实(UMD-Disc 2),ULJM-06233,2013-02-23,Adventure,https://data.yang2000ling.com/img/psp_200/3102.jpg,日语,Prototype,日版
psp,3103,Desert Kingdom Portable,沙漠王国 携带版,ULJM-06249,2013-02-23,Adventure,https://data.yang2000ling.com/img/psp_200/3103.jpg,日语,Idea Factory,日版
psp,3104,Hakuoki - Warriors of the Shinsengumi,薄樱鬼-幕末无双录,ULUS-10651,2013-02-26,Adventure,https://data.yang2000ling.com/img/psp_200/3104.jpg,英文,Aksys Games,美版
psp,3105,Pro Evolution Soccer 2011,实况足球2011,ULUS-10554,2013-03-02,Sports,https://data.yang2000ling.com/img/psp_200/3105.jpg,西班牙语|英文,Konami,美版
psp,3106,TRON - Evolution,特隆-进化,ULUS-10548,2013-03-02,Action Adventure,https://data.yang2000ling.com/img/psp_200/3106.jpg,西班牙语|英文|法文,Disney Interactive,美版
psp,3107,Shining Ark,光明之舟,NPJH-50717,2013-03-02,RPG,https://data.yang2000ling.com/img/psp_200/3107.jpg,日语,SEGA,日版
psp,3108,StormLover Natsukoi!!,暴风情人 夏恋!,ULJS-00396,2013-03-02,Adventure,https://data.yang2000ling.com/img/psp_200/3108.jpg,日语,D3 Publisher,日版
psp,3109,Hakuouki - Zuisouroku Portable,薄樱鬼-随想录 携带版,ULJM-05726,2013-03-02,Adventure,https://data.yang2000ling.com/img/psp_200/3109.jpg,日语,Idea Factory,日版
psp,3110,NBA 2K13,NBA篮球2013,ULUS-10598,2013-03-08,Sports,https://data.yang2000ling.com/img/psp_200/3110.jpg,英文,2K Sports,美版
psp,3111,Solomon's Ring - Kaze no Shou,所罗门的指环-风之章,ULJM-06202,2013-03-11,Adventure,https://data.yang2000ling.com/img/psp_200/3111.jpg,日语,PlanPeace,日版
psp,3112,D.C. III Plus - Da Capo III Plus,初音岛3+,ULJM-06239,2013-03-11,Adventure,https://data.yang2000ling.com/img/psp_200/3112.jpg,日语,Kadokawa Shoten,日版
psp,3113,Eikoku Tantei Mysteria,英国侦探神秘事件,ULJS-00563,2013-03-11,Adventure,https://data.yang2000ling.com/img/psp_200/3113.jpg,日语,Marvelous,日版
psp,3114,Uta no Prince-Sama - All Star,歌之王子殿下-全明星,NPJH-50734,2013-03-11,Adventure,https://data.yang2000ling.com/img/psp_200/3114.jpg,日语,Broccoli,日版
psp,3115,Stellar Theater Portable,恒星剧场 携带版,ULJM-06224,2013-03-11,Adventure,https://data.yang2000ling.com/img/psp_200/3115.jpg,日语,CyberFront,日版
psp,3116,Sora o Aogite Kumo Takaku Portable,仰望天空高处的浮云 携带版,ULJM-06246,2013-03-11,Adventure,https://data.yang2000ling.com/img/psp_200/3116.jpg,日语,CyberFront,日版
psp,3117,Ultraman All-Star Chronicle,奥特曼全明星编年史,NPJH-50719,2013-03-11,Fighting,https://data.yang2000ling.com/img/psp_200/3117.jpg,日语,Bandai Namco Games,日版
psp,3118,Winning Post 7 2013,赛马大亨7 2013,NPJH-50747,2013-03-17,Sports,https://data.yang2000ling.com/img/psp_200/3118.jpg,日语,Koei Tecmo Games,日版
psp,3119,Frontier Gate Boost+,边境之门 加强版,NPJH-50721,2013-03-17,Action RPG,https://data.yang2000ling.com/img/psp_200/3119.jpg,日语,Konami,日版
psp,3120,Hanaoni - Koisomeru Koku - Eikyuu no Shirushi,华鬼-恋爱初刻 永久印记,ULJM-05847,2013-03-17,Adventure,https://data.yang2000ling.com/img/psp_200/3120.jpg,日语,Idea Factory,日版
psp,3121,Hanakisou,花归葬,ULJM-05701,2013-03-17,Adventure,https://data.yang2000ling.com/img/psp_200/3121.jpg,日语,Prototype,日版
psp,3122,World Neverland - Qukria Kingdom Stories,幻想国物语-可可利亚王国,NPJH-00100,2013-03-18,Virtual Life,https://data.yang2000ling.com/img/psp_200/3122.jpg,日语,Althi,日版
psp,3123,Natsuzora no Monologue Portable,夏空记事 携带版,ULJM-06261,2013-03-23,Adventure,https://data.yang2000ling.com/img/psp_200/3123.jpg,日语,Otomate,日版
psp,3124,Pro Yakyuu Spirits 2013,职业棒球之魂2013,NPJH-50730,2013-03-23,Sports,https://data.yang2000ling.com/img/psp_200/3124.jpg,日语,Konami,日版
psp,3125,Tiger & Bunny - Hero's Day,老虎和兔子-英雄之日,NPJH-50753,2013-03-23,Action,https://data.yang2000ling.com/img/psp_200/3125.jpg,日语,D3 Publisher,日版
psp,3126,Megpoid the Music,Megpoid的音乐,ULJM-06226,2013-03-26,Rhythm,https://data.yang2000ling.com/img/psp_200/3126.jpg,日语,ParaPhray,日版
psp,3127,Desi Adda - Games of India,Desi Adda-印度的游戏,UCES-01279,2013-03-27,Board Games,https://data.yang2000ling.com/img/psp_200/3127.jpg,英文,Gameshastra,欧版
psp,3128,Starry-Sky - After Summer Portable,星座彼氏-夏后篇 携带版,ULJM-06208,2013-04-07,Adventure,https://data.yang2000ling.com/img/psp_200/3128.jpg,日语,Honeybee+,日版
psp,3129,Shinigami Kagyou - Kaidan Romance,死神稼业-怪谈罗曼史,ULJM-06259,2013-04-07,Adventure,https://data.yang2000ling.com/img/psp_200/3129.jpg,日语,Quinrose,日版
psp,3130,Rebellions - Secret Game 2nd Stage,秘密游戏2-反叛,ULJM-06253,2013-04-07,Adventure,https://data.yang2000ling.com/img/psp_200/3130.jpg,日语,Yeti,日版
psp,3131,Princess Arthur,亚瑟公主,ULJM-06258,2013-04-07,Adventure,https://data.yang2000ling.com/img/psp_200/3131.jpg,日语,Quinrose,日版
psp,3132,Hatsukare - Renai Debut Sengen!,初恋男友-恋爱出道宣言,NPJH-50740,2013-04-07,Adventure,https://data.yang2000ling.com/img/psp_200/3132.jpg,日语,FuRyu,日版
psp,3133,Geten no Hana (v2),下天之华(v2),ULJM-06234,2013-04-07,Adventure,https://data.yang2000ling.com/img/psp_200/3133.jpg,日语,Koei Tecmo Games,日版
psp,3134,Fate-Extra CCC,命运之夜 最初的开始CCC,NPJH-50505,2013-04-07,Fighting,https://data.yang2000ling.com/img/psp_200/3134.jpg,日语,Marvelous,日版
psp,3135,Dungeon Travelers 2 - Ouritsu Toshokan to Mamono no Fuuin,迷宫旅人2-王立图书馆与魔物封印,NPJH-50744,2013-04-07,RPG,https://data.yang2000ling.com/img/psp_200/3135.jpg,日语,Aqua Plus,日版
psp,3136,Gack-Oh - The Royal Seven Stars +Meteor,学王-皇家七星+流星,NPJH-50754,2013-04-13,Other,https://data.yang2000ling.com/img/psp_200/3136.jpg,日语,ASCII Media Works,日版
psp,3137,7th Dragon 2020-II,第七龙神2020-2 7th,NPJH-50716,2013-04-16,RPG,https://data.yang2000ling.com/img/psp_200/3137.jpg,日语,SEGA,日版
psp,3138,Getsuei no Kusari - Sakuran Paranoia,月影之锁-错乱偏执狂,ULJS-00579,2013-04-25,Adventure,https://data.yang2000ling.com/img/psp_200/3138.jpg,日语,Takuyo,日版
psp,3139,Amnesia Crowd,失忆症Crowd,ULJM-06266,2013-04-25,Adventure,https://data.yang2000ling.com/img/psp_200/3139.jpg,日语,Otomate,日版
psp,3140,Kyoukaisenjou no Horizon Portable,境界线上的地平线 携带版,ULJS-00543,2013-04-27,Adventure,https://data.yang2000ling.com/img/psp_200/3140.jpg,日语,Kadokawa Shoten,日版
psp,3141,Sword Art Online - Infinity Moment ,刀剑神域-无限的瞬间,NPJH-50701,2013-05-02,RPG,https://data.yang2000ling.com/img/psp_200/3141.jpg,日语,Bandai Namco Games,日版
psp,3142,Ginsei Igo Portable,银星围棋 携带版,ULJS-00287,2013-05-02,Board Games,https://data.yang2000ling.com/img/psp_200/3142.jpg,日语,SilverStar,日版
psp,3143,FIFA 12,FIFA足球2012,ULES-01548,2013-05-02,Sports,https://data.yang2000ling.com/img/psp_200/3143.jpg,英文,Electronic Arts,欧版
psp,3144,Tenshin Ranman - Happy GO Lucky!! (Shokai Genteiban),天神乱漫-无忧无虑(Shokai,ULJM-05633,2013-05-03,Adventure,https://data.yang2000ling.com/img/psp_200/3144.jpg,日语,Russel,日版
psp,3145,Solomon's Ring - Mizu no Shou,所罗门的指环-水之章,NPUH-10185,2013-05-09,Adventure,https://data.yang2000ling.com/img/psp_200/3145.jpg,日语,PlanPeace,日版
psp,3146,Kud Wafter - Converted Edition,库特Wafter-修改版,ULJM-06264,2013-05-10,Adventure,https://data.yang2000ling.com/img/psp_200/3146.jpg,日语,Prototype,日版
psp,3147,Summon Night 5,召唤之夜5,NPJH-50696,2013-05-14,Strategy,https://data.yang2000ling.com/img/psp_200/3147.jpg,日语,Bandai Namco Games,日版
psp,3148,Battle Royal (v2),大混战(v2),UCES-01496,2013-05-26,Strategy,https://data.yang2000ling.com/img/psp_200/3148.jpg,英文,Sony,欧版
psp,3149,Jansei Gakuen Chrono - Magic,雀圣歌姬-时空魔法,ULJM-06254,2013-06-03,Board Games,https://data.yang2000ling.com/img/psp_200/3149.jpg,日语,Boost On,日版
psp,3150,Rakuen Danshi,乐园男子,ULJS-00587,2013-06-03,Adventure,https://data.yang2000ling.com/img/psp_200/3150.jpg,日语,Takuyo,日版
psp,3151,Sangoku Hime 2 - Tenka Hatou - Shishi no Keishousha,三极姬2-天下霸统 狮志之继承,ULJS-00575,2013-06-03,Strategy,https://data.yang2000ling.com/img/psp_200/3151.jpg,日语,SystemSoft Alpha,日版
psp,3152,Norn9 - Norn + Nonette,命运九重奏,ULJM-06276,2013-06-25,Adventure,https://data.yang2000ling.com/img/psp_200/3152.jpg,日语,Idea Factory,日版
psp,3153,Ro-Kyu-Bu! Himitsu no Otoshimono,萝球社!秘密的失物,NPJH-50799,2013-06-25,Adventure,https://data.yang2000ling.com/img/psp_200/3153.jpg,日语,Kadokawa Shoten,日版
psp,3154,Toukiden,讨鬼传,NPJH-50789,2013-06-25,Action,https://data.yang2000ling.com/img/psp_200/3154.jpg,日语,Koei Tecmo Games,日版
psp,3155,Solomon's Ring - Chi no Shou,所罗门的指环-地之章,ULJM-06204,2013-07-04,Adventure,https://data.yang2000ling.com/img/psp_200/3155.jpg,日语,PlanPeace,日版
psp,3156,Starry-Sky - After Autumn Portable,星座彼氏-秋后篇 携带版,ULJM-06209,2013-07-04,Adventure,https://data.yang2000ling.com/img/psp_200/3156.jpg,日语,honeybee+,日版
psp,3157,Starry-Sky - After Autumn Portable (Extra Disc),星座彼氏-秋后篇 携带版(Extra-Disc),ULJM-06287,2013-07-04,Adventure,https://data.yang2000ling.com/img/psp_200/3157.jpg,日语,honeybee+,日版
psp,3158,"Hanayaka Nari, Wa ga Ichizoku - Tasogare Polarstar",华丽一族-黄昏北极星,ULJM-06263,2013-07-17,Adventure,https://data.yang2000ling.com/img/psp_200/3158.jpg,日语,Idea Factory,日版
psp,3159,0-Ji no Kane to Cinderella - Halloween Wedding,0点的钟声与灰姑娘-万圣节婚礼0-Ji no,ULJM-06272,2013-07-19,Adventure,https://data.yang2000ling.com/img/psp_200/3159.jpg,日语,Quinrose,日版
psp,3160,Koibana Days - Pure Flower Garden,恋花时节,ULJM-06286,2013-07-19,Adventure,https://data.yang2000ling.com/img/psp_200/3160.jpg,日语,Idea Factory,日版
psp,3161,Urakata Hakuouki,里语薄樱鬼,ULJM-06281,2013-07-23,Adventure,https://data.yang2000ling.com/img/psp_200/3161.jpg,日语,Idea Factory,日版
psp,3162,OGA Onigokko Royale - Hunter wa Kotou de Koiosuru,OGA捉迷藏-猎人的孤岛之恋,ULJM-06299,2013-07-23,Adventure,https://data.yang2000ling.com/img/psp_200/3162.jpg,日语,Idea Factory,日版
psp,3163,Half Summer+,半夏+,NPJH-50737,2013-07-23,Adventure,https://data.yang2000ling.com/img/psp_200/3163.jpg,日语,Alchemist,日版
psp,3164,Starry-Sky - After Summer Portable (Extra Disc),星座彼氏-夏后篇 携带版(Extra-Disc),ULJM-06255,2013-07-25,Adventure,https://data.yang2000ling.com/img/psp_200/3164.jpg,日语,honeybee+,日版
psp,3165,StormLover 2nd (Shokai Seisanban),暴风情人2nd(Shokai,ULJS-00570,2013-07-25,Adventure,https://data.yang2000ling.com/img/psp_200/3165.jpg,日语,D3 Publisher,日版
psp,3166,"Idolmaster Shiny Festa - Groovy Tune, The",偶像大师闪耀祭典-奇妙旋律,NPJH-50675,2013-07-31,Rhythm,https://data.yang2000ling.com/img/psp_200/3166.jpg,日语,Bandai Namco Games,日版
psp,3167,"Idolmaster Shiny Festa - Funky Note, The",偶像大师闪耀祭典-跃动音符,NPJH-50676,2013-08-03,Rhythm,https://data.yang2000ling.com/img/psp_200/3167.jpg,日语,Bandai Namco Games,日版
psp,3168,Nikoli no Sudoku Lite Dai-Yon-Shuu,尼柯利之数独Lite 第四集,NPJH-50653,2013-08-04,Puzzle,https://data.yang2000ling.com/img/psp_200/3168.jpg,日语,Hamster,日版
psp,3169,Nikoli no Sudoku Lite Dai-San-Shuu,尼柯利之数独Lite 第三集,NPJH-50652,2013-08-04,Puzzle,https://data.yang2000ling.com/img/psp_200/3169.jpg,日语,Hamster,日版
psp,3170,Nikoli no Sudoku Lite Dai-Ni-Shuu,尼柯利之数独Lite 第二集,NPJH-50651,2013-08-04,Puzzle,https://data.yang2000ling.com/img/psp_200/3170.jpg,日语,Hamster,日版
psp,3171,Nikoli no Sudoku Lite Dai-Is-Shuu,尼柯利之数独Lite 第一集,NPJH-50650,2013-08-04,Puzzle,https://data.yang2000ling.com/img/psp_200/3171.jpg,日语,Hamster,日版
psp,3172,Moeru Mahjong - Moe-Jong!,萌麻将-萌将,ULJM-05376,2013-08-04,Board Games,https://data.yang2000ling.com/img/psp_200/3172.jpg,日语,Hudson,日版
psp,3173,Major League Baseball 2K10,美国职业棒球大联盟2010,ULJS-00330,2013-08-04,Sports,https://data.yang2000ling.com/img/psp_200/3173.jpg,英文,2K Sports,日版
psp,3174,Kenka Banchou 3 - Zenkoku Seiha (PSP the Best),喧哗番长3-全国制霸(廉价版),ULJS-19030,2013-08-04,Beat Em Up,https://data.yang2000ling.com/img/psp_200/3174.jpg,日语,Spike,日版
psp,3175,Shiratsuyu no Kai,白露怪谈,ULJM-06289,2013-08-05,Adventure,https://data.yang2000ling.com/img/psp_200/3175.jpg,日语,Idea Factory,日版
psp,3176,School Wars - Sotsugyou Sensen,学院战争-毕业战线,ULJM-06283,2013-08-08,Adventure,https://data.yang2000ling.com/img/psp_200/3176.jpg,日语,Quinrose,日版
psp,3177,Toki no Kizuna - Hanayui Tsuzuri,十鬼之绊-花结点缀,ULJM-06301,2013-08-11,Adventure,https://data.yang2000ling.com/img/psp_200/3177.jpg,日语,Idea Factory,日版
psp,3178,VitaminR,维他命R,ULJS-00592,2013-08-15,Adventure,https://data.yang2000ling.com/img/psp_200/3178.jpg,日语,D3 Publisher,日版
psp,3179,Daiya no Kuni no Alice - Wonderful Mirror World,方块国的爱丽丝-美妙镜世界,ULJM-06295,2013-08-23,Adventure,https://data.yang2000ling.com/img/psp_200/3179.jpg,日语,Quinrose,日版
psp,3180,Rurouni Kenshin - Meiji Kenkaku Romantan Kansei,浪客剑心-完醒,NPJH-50658,2013-08-31,Fighting,https://data.yang2000ling.com/img/psp_200/3180.jpg,日语,Bandai Namco Games,日版
psp,3181,Koi to Senkyo to Chocolate Portable - Limited Game Disc,恋爱与选举与巧克力 携带版-限定版游戏光盘,ULJS-00525,2013-09-01,Compilation,https://data.yang2000ling.com/img/psp_200/3181.jpg,日语,Bandai Namco Games,日版
psp,3182,Jansei Utahime Chrono - Star ,雀圣歌姬-时空之星,ULJM-06279,2013-09-01,Board Games,https://data.yang2000ling.com/img/psp_200/3182.jpg,日语,Boost On,日版
psp,3183,Final Approach 2 - 1st Priority Portable,爱情泡泡糖2-第一选择 携带版,ULJM-05420,2013-09-04,Adventure,https://data.yang2000ling.com/img/psp_200/3183.jpg,日语,Princess Soft,日版
psp,3184,Saint Seiya Omega - Ultimate Cosmo,圣斗士星矢Omega-终极小宇宙,NPJH-50699,2013-09-04,Fighting,https://data.yang2000ling.com/img/psp_200/3184.jpg,日语,Bandai Namco Games,日版
psp,3185,Romeo VS Juliet,罗密欧VS朱丽叶,ULJM-06318,2013-09-08,Adventure,https://data.yang2000ling.com/img/psp_200/3185.jpg,日语,Quinrose,日版
psp,3186,Saki Achiga-hen Episode of Side-A Portable,天才麻将少女-阿知贺篇 携带版,NPJH-50803,2013-09-08,Board Games,https://data.yang2000ling.com/img/psp_200/3186.jpg,日语,Alchemist,日版
psp,3187,Kisaragi Gold-Star - Nonstop Go Go!! ,如月金星,ULJM-06296,2013-09-09,Adventure,https://data.yang2000ling.com/img/psp_200/3187.jpg,日语,Piacci,日版
psp,3188,Seitokai no Ichizon Lv. 2 Portable,学生会的一己之见Lv.2 携带版,NPJH-50766,2013-09-09,Adventure,https://data.yang2000ling.com/img/psp_200/3188.jpg,日语,Kadokawa Shoten,日版
psp,3189,Uta no Prince Sama - Music 2,歌之王子殿下-音乐2,NPJH-50810,2013-09-09,Rhythm,https://data.yang2000ling.com/img/psp_200/3189.jpg,日语,Broccoli,日版
psp,3190,Digimon World Re - Digitize,数码宝贝世界-复原,NPJH-50588,2013-09-09,RPG,https://data.yang2000ling.com/img/psp_200/3190.jpg,日语,Bandai Namco Games,日版
psp,3191,Digimon Adventure,数码宝贝大冒险,NPJH-50686,2013-09-09,RPG,https://data.yang2000ling.com/img/psp_200/3191.jpg,日语,Bandai Namco Games,日版
psp,3192,Shirahana no Ori - Hiiro no Kakera 4 - Shiki no Uta,绯色的碎片4-白华之槛 四季之诗,ULJM-06314,2013-09-11,Adventure,https://data.yang2000ling.com/img/psp_200/3192.jpg,日语,Idea Factory,日版
psp,3193,Madden NFL 11,劲爆美式橄榄球2011,ULJM-05757,2013-09-12,Sports,https://data.yang2000ling.com/img/psp_200/3193.jpg,英文,Electronic Arts,日版
psp,3194,NBA 2K11,NBA篮球2011,ULJM-05778,2013-09-12,Sports,https://data.yang2000ling.com/img/psp_200/3194.jpg,日语,2K Sports,日版
psp,3195,DON 2 - The Game,夺命煞星2,UCES-01585,2013-09-21,Shooter,https://data.yang2000ling.com/img/psp_200/3195.jpg,英文,Sony,欧版
psp,3196,FIFA 14 - Legacy Edition,FIFA足球2014,ULES-01589,2013-09-25,Sports,https://data.yang2000ling.com/img/psp_200/3196.jpg,德语,Electronic Arts,德版
psp,3197,FIFA 14 - Legacy Edition,FIFA足球2014,ULES-01586,2013-09-27,Sports,https://data.yang2000ling.com/img/psp_200/3197.jpg,英文,Electronic Arts,欧版
psp,3198,Hyaku Monogatari - Kaidan Romance,百物语-怪谈罗曼史,ULJM-06323,2013-10-05,Adventure,https://data.yang2000ling.com/img/psp_200/3198.jpg,日语,Quinrose,日版
psp,3199,Starry-Sky - After Winter Portable,星座彼氏-冬后篇 携带版,ULJM-06210,2013-10-05,Adventure,https://data.yang2000ling.com/img/psp_200/3199.jpg,日语,Honeybee+,日版
psp,3200,Starry-Sky - After Winter Portable (Extra Disc),星座彼氏-冬后篇 携带版(Extra-Disc),ULJM-06324,2013-10-05,Adventure,https://data.yang2000ling.com/img/psp_200/3200.jpg,日语,Honeybee+,日版
psp,3201,Brothers Conflict - Brilliant Blue,兄弟之争-闪亮蔚蓝,ULJM-06316,2013-10-11,Adventure,https://data.yang2000ling.com/img/psp_200/3201.jpg,日语,Idea Factory,日版
psp,3202,Meiji Tokyo Renka,明治东京恋伽,NPJH-50808,2013-10-11,Adventure,https://data.yang2000ling.com/img/psp_200/3202.jpg,日语,Broccoli,日版
psp,3203,Elminage Original - Limited Edition,冬宫Original-限量版,ULES-01599,2013-10-19,RPG,https://data.yang2000ling.com/img/psp_200/3203.jpg,英文,Ghostlight,欧版
psp,3204,FIFA 14 - Legacy Edition,FIFA足球2014,ULES-01591,2013-10-22,Sports,https://data.yang2000ling.com/img/psp_200/3204.jpg,英文,Electronic Arts,欧版
psp,3205,FIFA 14 - Legacy Edition,FIFA足球2014,ULES-01588,2013-10-23,Sports,https://data.yang2000ling.com/img/psp_200/3205.jpg,意大利语,Electronic Arts,意大利版
psp,3206,Jikkyou Powerful Pro Yakyuu 2013,实况力量棒球2013,NPJH-50806,2013-10-29,Sports,https://data.yang2000ling.com/img/psp_200/3206.jpg,日语,Konami,日版
psp,3207,Kamigami no Asobi,众神的恶作剧,NPJH-50809,2013-11-02,Adventure,https://data.yang2000ling.com/img/psp_200/3207.jpg,日语,Broccoli,日版
psp,3208,"Diabolik Lovers - More, Blood",魔鬼恋人-更多的血,ULJM-06311,2013-11-02,Adventure,https://data.yang2000ling.com/img/psp_200/3208.jpg,日语,Idea Factory,日版
psp,3209,J.League Pro Soccer Club o Tsukurou! 8 Euro Plus,J联盟创造球会8,NPJH-50802,2013-11-02,Sports,https://data.yang2000ling.com/img/psp_200/3209.jpg,日语,Sega,日版
psp,3210,"Sims 2 - Pets, The",模拟人生2-宠物当家,ULES-00595,2013-11-03,Virtual Life,https://data.yang2000ling.com/img/psp_200/3210.jpg,英文,Electronic Arts,欧版
psp,3211,Pro Evolution Soccer 2014,实况足球2014,ULES-01597,2013-11-05,Sports,https://data.yang2000ling.com/img/psp_200/3211.jpg,意大利语,Konami,欧版
psp,3212,Pro Evolution Soccer 2014,实况足球2014,ULES-01596,2013-11-06,Sports,https://data.yang2000ling.com/img/psp_200/3212.jpg,德语|法文,Konami,欧版
psp,3213,Seishun Hajimemashita! (UMD Disc 1),青春开始(UMD-Disc 1),ULJM-06302,2013-11-06,Adventure,https://data.yang2000ling.com/img/psp_200/3213.jpg,日语,honeybee+,日版
psp,3214,Seishun Hajimemashita! (UMD Disc 2),青春开始(UMD-Disc 2),ULJM-06303,2013-11-06,Adventure,https://data.yang2000ling.com/img/psp_200/3214.jpg,日语,honeybee+,日版
psp,3215,Seishun Hajimemashita! (Special Disc),青春开始(Special-Disc),ULJM-06307,2013-11-07,Adventure,https://data.yang2000ling.com/img/psp_200/3215.jpg,日语,honeybee+,日版
psp,3216,Shinsouban Heart no Kuni no Alice - Wonderful Wonder World,新装版 红心国的爱丽丝-美妙奇迹世界,ULJM-06332,2013-11-07,Adventure,https://data.yang2000ling.com/img/psp_200/3216.jpg,日语,Quinrose,日版
psp,3217,God Eater 2,噬神者2,NPJH-50832,2013-11-13,Action Adventure,https://data.yang2000ling.com/img/psp_200/3217.jpg,日语,Bandai Namco Games,日版
psp,3218,Glass Heart Princess - Platinum,玻璃心公主-Platinum,ULJM-06309,2013-11-14,Adventure,https://data.yang2000ling.com/img/psp_200/3218.jpg,日语,Idea Factory,日版
psp,3219,World Soccer Winning Eleven 2014,实况足球2014,ULJM-06331,2013-11-19,Sports,https://data.yang2000ling.com/img/psp_200/3219.jpg,日语,Konami,日版
psp,3220,Arcana Famiglia 2 - La storia della Arcana Famiglia,魔力家族2,ULJM-06291,2013-11-20,Adventure,https://data.yang2000ling.com/img/psp_200/3220.jpg,日语,Comfort,日版
psp,3221,Snow Bound Land,雪界领域,ULJM-06328,2013-11-23,Adventure,https://data.yang2000ling.com/img/psp_200/3221.jpg,日语,Idea Factory,日版
psp,3222,Hanasaku Manimani,花渐开,ULJM-06306,2013-11-25,Adventure,https://data.yang2000ling.com/img/psp_200/3222.jpg,日语,5pb,日版
psp,3223,Shinigami Shogyou - Kaidan Romance,死神所业-怪谈罗曼史,ULJM-06334,2013-11-25,Adventure,https://data.yang2000ling.com/img/psp_200/3223.jpg,日语,Quinrose,日版
psp,3224,Pro Evolution Soccer 2014,实况足球2014,ULES-01595,2013-11-30,Sports,https://data.yang2000ling.com/img/psp_200/3224.jpg,瑞典语|荷兰语|英文,Konami,欧版
psp,3225,FIFA 14 - Legacy Edition,FIFA足球2014,NPJH-50813,2013-12-02,Sports,https://data.yang2000ling.com/img/psp_200/3225.jpg,日语,Electronic Arts,日版
psp,3226,Your Diary+,你的日记+,NPJH-50831,2013-12-02,Adventure,https://data.yang2000ling.com/img/psp_200/3226.jpg,日语,Alchemist,日版
psp,3227,Class of Heroes 2,剑与魔法与学园2,ULUS-10653,2013-12-02,RPG,https://data.yang2000ling.com/img/psp_200/3227.jpg,英文,MonkeyPaw Games,美版
psp,3228,Himawari no Kyoukai to Nagai Natsuyasumi - Extra Vacation,向日葵教会和漫长的暑假,ULJM-06321,2013-12-07,Adventure,https://data.yang2000ling.com/img/psp_200/3228.jpg,日语,Kero Makura,日版
psp,3229,Toki no Kizuna - Sekigahara Kitan,十鬼之绊-关原奇谭,ULJM-06129,2013-12-21,Adventure,https://data.yang2000ling.com/img/psp_200/3229.jpg,日语,Idea Factory,日版
psp,3230,Sweet Fuse - At Your Side,爆弹裁决,ULUS-10652,2013-12-22,Adventure,https://data.yang2000ling.com/img/psp_200/3230.jpg,英文,Aksys Games,美版
psp,3231,Getsuei no Kusari - Kouran Moratorium,月影之锁-狂烂休止符,ULJS-00599,2014-01-01,Adventure,https://data.yang2000ling.com/img/psp_200/3231.jpg,日语,Takuyo,日版
psp,3232,Taishou Kitan,大正鬼谭,NPJH-50833,2014-01-01,Adventure,https://data.yang2000ling.com/img/psp_200/3232.jpg,日语,Quinrose,日版
psp,3233,Jewelic Nightmare,宝石梦魇,ULJM-06326,2014-01-11,Adventure,https://data.yang2000ling.com/img/psp_200/3233.jpg,日语,Idea Factory,日版
psp,3234,Ore no Kanojo no Uraomote - Pure Sweet Heart,我的女友表里不一,NPJH-50836,2014-01-11,Adventure,https://data.yang2000ling.com/img/psp_200/3234.jpg,日语,Alchemist,日版
psp,3235,Houkago Colorful - Step - Undoubu! (Bukatsu Kareshi Series),放学后Colorful Step-运动部(Bukatsu,ULJM-06344,2014-01-17,Adventure,https://data.yang2000ling.com/img/psp_200/3235.jpg,日语,Honeybee+,日版
psp,3236,Minus 8,Minus8,ULJM-06341,2014-02-01,Adventure,https://data.yang2000ling.com/img/psp_200/3236.jpg,日语,Idea Factory,日版
psp,3237,Chou no Doku - Hana no Kusari - Taishou Irokoi Ibun,蝶之毒 华之锁-大正艳恋异闻,ULJM-06343,2014-02-09,Adventure,https://data.yang2000ling.com/img/psp_200/3237.jpg,日语,Prototype,日版
psp,3238,"Shinobi, Koutsutsu",忍恋,ULJM-06353,2014-02-11,Adventure,https://data.yang2000ling.com/img/psp_200/3238.jpg,日语,Idea Factory,日版
psp,3239,"Sen Goku Hime 4 - Souha Hyakkei, Hana Mamoru Chikai",战极姬4-争霸百计 护花之誓,ULJM-06330,2014-02-18,Adventure,https://data.yang2000ling.com/img/psp_200/3239.jpg,日语,SystemSoft Alpha,日版
psp,3240,Kiniro no Corda 3 - AnotherSky feat. Jinnan,金色的琴弦3-另一片天空 神南,NPJH-50845,2014-02-18,RPG,https://data.yang2000ling.com/img/psp_200/3240.jpg,日语,Koei Temco Games,日版
psp,3241,Arabians Doubt - The Engagement on Desert,阿拉伯疑云-沙漠婚约,NPJH-50834,2014-02-22,Adventure,https://data.yang2000ling.com/img/psp_200/3241.jpg,日语,Quinrose,日版
psp,3242,Akaya Akashiya Ayakashino (UMD Disc 1),赤与灯皆有诡异(UMD-Disc 1),ULJM-06335,2014-03-05,Adventure,https://data.yang2000ling.com/img/psp_200/3242.jpg,日语,Noctiluca,日版
psp,3243,Akaya Akashiya Ayakashino (UMD Disc 2),赤与灯皆有诡异(UMD-Disc 2),ULJM-06336,2014-03-05,Adventure,https://data.yang2000ling.com/img/psp_200/3243.jpg,日语,Noctiluca,日版
psp,3244,Taishou Mebiusline Portable,大正无限 携带版,NPJH-50863,2014-03-05,Adventure,https://data.yang2000ling.com/img/psp_200/3244.jpg,日语,Dramatic Create,日版
psp,3245,Satomi Hakkenden - Hachi Tamanoki,里见八犬传-八珠之记,NPJH-50858,2014-03-08,Adventure,https://data.yang2000ling.com/img/psp_200/3245.jpg,日语,Quinrose,日版
psp,3246,Onigokko! Portable,捉迷藏 携带版,NPJH-50714,2014-03-08,Adventure,https://data.yang2000ling.com/img/psp_200/3246.jpg,日语,Alchemist,日版
psp,3247,"Iza, Shutshjin! Koisen Dai-ni-maku - Kai-Hen",即刻出阵!恋战-第二幕 甲斐篇,ULJM-06346,2014-03-08,Adventure,https://data.yang2000ling.com/img/psp_200/3247.jpg,日语,Asgard,日版
psp,3248,"Iza, Shutshjin! Koisen Dai-ni-maku - Echigo-Hen",即刻出阵!恋战-第二幕 越后篇,ULJM-06347,2014-03-08,Adventure,https://data.yang2000ling.com/img/psp_200/3248.jpg,日语,Asgard,日版
psp,3249,Geten no Hana - Yume Akari,下天之华-梦之光,NPJH-50864,2014-03-08,Adventure,https://data.yang2000ling.com/img/psp_200/3249.jpg,日语,Koei Tecmo Games,日版
psp,3250,Bakumatsu Rock,幕末摇滚,ULJS-00598,2014-03-08,Rhythm,https://data.yang2000ling.com/img/psp_200/3250.jpg,日语,Marvelous AQL,日版
psp,3251,Shiei no Sona-Nyl Refrain - What a Beautiful Memories,紫影的索纳尼尔 抑制-美丽的回忆,ULJS-00600,2014-03-11,Adventure,https://data.yang2000ling.com/img/psp_200/3251.jpg,日语,Liar-soft,日版
psp,3252,Kiniro no Corda 3 - Full Voice Special,金色的琴弦3-全语音特别版,NPJH-50821,2014-03-28,Adventure,https://data.yang2000ling.com/img/psp_200/3252.jpg,日语,Koei Tecmo Games,日版
psp,3253,Koezaru wa Akaihana - Taiga wa Mirai o Tsumugu,无法跨越的红花,NPJH-50867,2014-03-28,Adventure,https://data.yang2000ling.com/img/psp_200/3253.jpg,日语,Dramatic Create,日版
psp,3254,Romeo & Juliet ,罗密欧&朱丽叶,NPJH-50862,2014-04-08,Adventure,https://data.yang2000ling.com/img/psp_200/3254.jpg,日语,Quinrose,日版
psp,3255,Houkago Colorful Step - Bunkabu! ,放学后Colorful Step-文化部,ULJM-06363,2014-04-17,Adventure,https://data.yang2000ling.com/img/psp_200/3255.jpg,日语,honeybee+,日版
psp,3256,Hentai Ouji to Warawanai Neko,变态王子与不笑猫,ULJM-06305,2014-04-20,Adventure,https://data.yang2000ling.com/img/psp_200/3256.jpg,日语,C-Territory,日版
psp,3257,Jyuzaengi - Engetsu Sangokuden 2,十三支演义-偃月三国传2,ULJM-06367,2014-04-24,Adventure,https://data.yang2000ling.com/img/psp_200/3257.jpg,日语,Idea Factory,日版
psp,3258,Kiniro no Corda 3 - Another Sky feat. Shiseikan,金色的琴弦3-另一片天空 至诚馆,NPJH-50846,2014-04-27,Virtual Life,https://data.yang2000ling.com/img/psp_200/3258.jpg,日语,Koei Tecmo Games,日版
psp,3259,Suzunone Seven! Portable,铃之音7 携带版,NPJH-50796,2014-05-18,Adventure,https://data.yang2000ling.com/img/psp_200/3259.jpg,日语,Alchemist,日版
psp,3260,Rewrite (UMD Disc 1),改写(UMD-Disc 1),ULJM-06364,2014-05-17,Adventure,https://data.yang2000ling.com/img/psp_200/3260.jpg,日语,Prototype,日版
psp,3261,Rewrite (UMD Disc 2),改写(UMD-Disc 2),ULJM-06365,2014-05-17,Adventure,https://data.yang2000ling.com/img/psp_200/3261.jpg,日语,Prototype,日版
psp,3262,Kuroyukihime - Snow Black,黑雪姬-黑雪,NPJH-50866,2014-05-17,Adventure,https://data.yang2000ling.com/img/psp_200/3262.jpg,日语,Quinrose,日版
psp,3263,Harry Potter and the Order of the Phoenix,哈利波特与凤凰社,ULUS-10261,2014-05-20,Action Adventure,https://data.yang2000ling.com/img/psp_200/3263.jpg,英文,Electronic Arts,中国版
psp,3264,NBA Street Showdown,NBA街头篮球,ULAS-42003,2014-05-20,Sports,https://data.yang2000ling.com/img/psp_200/3264.jpg,英文,Electronic Arts,中国版
psp,3265,SBK Superbike World Championship,世界超级摩托车锦标赛2007,ULUS-10395,2014-05-20,Racing,https://data.yang2000ling.com/img/psp_200/3265.jpg,英文,Conspiracy Entertainment,美版
psp,3266,Final Fantasy - 20th Anniversary Edition (System 6.00),最终幻想-20周年纪念版(System 6.00),ULUS-10251,2014-05-20,RPG,https://data.yang2000ling.com/img/psp_200/3266.jpg,日语|英文,Square Enix,美版
psp,3267,Marvel Ultimate Alliance (v2)(Greatest Hits),漫画英雄-终极联盟(v2)(Greatest,ULUS-10167,2014-05-20,Action RPG,https://data.yang2000ling.com/img/psp_200/3267.jpg,英文,Activision,美版
psp,3268,Buzz! The Ultimate Music Quiz,喧闹少年找碴大师 终极音乐测验,UCES-01452,2014-05-20,Trivia,https://data.yang2000ling.com/img/psp_200/3268.jpg,英文,Sony,欧版
psp,3269,World Soccer Winning Eleven 2014 - Aoki Samurai no Chousen,实况足球 2014-蓝色武士的挑战,ULJM-06369,2014-05-30,Sports,https://data.yang2000ling.com/img/psp_200/3269.jpg,日语,Konami,日版
psp,3270,Pro Yakyuu Spirits 2014,职业棒球之魂2014,NPJH-50838,2014-06-15,Sports,https://data.yang2000ling.com/img/psp_200/3270.jpg,日语,Konami,日版
psp,3271,Chronostacia,时限的轮舞,ULJM-06359,2014-06-15,Adventure,https://data.yang2000ling.com/img/psp_200/3271.jpg,日语,Idea Factory,日版
psp,3272,Heart no Kuni no Alice - Wonderful Twin World,红心国的爱丽丝-美妙双世界,NPJH-50872,2014-06-15,Adventure,https://data.yang2000ling.com/img/psp_200/3272.jpg,日语,Quinrose,日版
psp,3273,Black Code,黑色代码,NPJH-50877,2014-07-09,Adventure,https://data.yang2000ling.com/img/psp_200/3273.jpg,日语,Quinrose,日版
psp,3274,Daisenryaku - Dai Toua Kouboushi - Dainijisekaitaisen Boppatsu - Suujiku Sentai Rengougun Zensekaisen,大战略 大东亚兴亡史-第二次世界大战爆发 枢轴军对联合军 全世界战,ULJS-00577,2014-08-09,Strategy,https://data.yang2000ling.com/img/psp_200/3274.jpg,日语,SystemSoft,日版
psp,3275,Urakata Hakuouki - Akatsuki no Shirabe,里语薄樱鬼-晓之旋律,ULJM-06373,2014-08-16,Adventure,https://data.yang2000ling.com/img/psp_200/3275.jpg,日语,Idea Factory,日版
psp,3276,Majoou,魔女王,NPJH-50879,2014-08-23,Adventure,https://data.yang2000ling.com/img/psp_200/3276.jpg,日语,Quinrose,日版
psp,3277,Pro Yakyuu Spirits 2014 (v2),职业棒球之魂2014(v2),NPJH-50838,2014-09-03,Sports,https://data.yang2000ling.com/img/psp_200/3270.jpg,日语,Konami,日版
psp,3278,Toukiden Kiwami,讨鬼传 极,NPJH-50878,2014-09-03,Action,https://data.yang2000ling.com/img/psp_200/3277.jpg,日语,Koei Tecmo Games,日版
psp,3279,PixelJunk Monsters (UMD Limited Edition) ,像素垃圾-妖怪豪华版,UCAS-40261,2014-10-03,Strategy,https://data.yang2000ling.com/img/psp_200/3278.jpg,日语|英文,Sony,中国版
psp,3280,FIFA Soccer 13,FIFA足球2013,ULUS-10595,2014-10-03,Sports,https://data.yang2000ling.com/img/psp_200/3279.jpg,西班牙语|英文,Electronic Arts,美版
psp,3281,FIFA Soccer 11 (v2),FIFA足球2011(v2),ULUS-10550,2014-10-03,Sports,https://data.yang2000ling.com/img/psp_200/3280.jpg,西班牙语|英文,Electronic Arts,美版
psp,3282,Bakumatsu Rock - Ultra Soul,幕末摇滚-超魂,ULJM-06388,2014-10-06,Rhythm,https://data.yang2000ling.com/img/psp_200/3281.jpg,日语,Marvelous,日版
psp,3283,Enkeltbillet,单程票,ULJM-06375,2014-10-06,Adventure,https://data.yang2000ling.com/img/psp_200/3282.jpg,日语,Idea Factory,日版
psp,3284,Kiniro no Corda 3 - Another Sky feat. Amane Gakuen,金色的琴弦3-另一片天空 天音学园篇,NPJH-50847,2014-10-06,RPG,https://data.yang2000ling.com/img/psp_200/3283.jpg,日语,Koei Tecmo Games,日版
psp,3285,Satomi Hakkenden - Hamaji Hime no Ki,里见八犬传-浜路姬之记,NPJH-50885,2014-10-06,Adventure,https://data.yang2000ling.com/img/psp_200/3284.jpg,日语,Quinrose,日版
psp,3286,FIFA 11 (v2),FIFA足球2011(v2),ULES-01477,2014-10-07,Sports,https://data.yang2000ling.com/img/psp_200/3285.jpg,意大利语,Electronic Arts,意大利版
psp,3287,Pri-Pia - Prince Pia Carrot,恋爱餐厅-王子,ULJM-06389,2014-10-29,Adventure,https://data.yang2000ling.com/img/psp_200/3286.jpg,日语,Dramatic Create,日版
psp,3288,Gakuen K - Wonderful School Days,学园K：完美校园生活,ULJM-06378,2015-01-29,Adventure,https://data.yang2000ling.com/img/psp_200/3294.jpg,日语,Idea Factory,日版
psp,3289,Taishou Kitan - Koto no Hazakura,大正鬼谭-和歌樱花~,NPJH-50886,2014-11-17,Adventure,https://data.yang2000ling.com/img/psp_200/3287.jpg,日语,Quinrose,日版
psp,3290,Mermaid Gothic,哥特式美人鱼,NPJH-50892,2015-01-30,Adventure,https://data.yang2000ling.com/img/psp_200/3295.jpg,日语,Quinrose,日版
psp,3291,Omerta - Chinmoku no Okite - The Legacy,沉默的法则,ULJM-06393,2014-11-27,Adventure,https://data.yang2000ling.com/img/psp_200/3288.jpg,日语,Karin Entertainment,日版
psp,3292,Kuroyukihime - Snow Magic,黑雪姬-雪魔法,NPJH-50888,2014-12-07,Adventure,https://data.yang2000ling.com/img/psp_200/3289.jpg,日语,Quinrose,日版
psp,3293,Flowers,花,ULJM-06390,2015-01-07,Adventure,https://data.yang2000ling.com/img/psp_200/3290.jpg,日语,Prototype,日版
psp,3294,Shinsouban Clover no Kuni no Alice - Wonderful Twin World,新装版 梅花国的爱丽丝-美妙双世界,NPJH-50894,2015-01-09,Adventure,https://data.yang2000ling.com/img/psp_200/3291.jpg,日语,Quinrose,日版
psp,3295,Kaleido-Eve,万花筒前夜,ULJM-06397,2015-01-25,Adventure,https://data.yang2000ling.com/img/psp_200/3292.jpg,日语,Estciel,日版
psp,3296,Satomi Hakkenden - Murasame Maru no Ki,里見八犬伝 ～村雨丸之記～,ULJM-06396,2015-01-27,Adventure,https://data.yang2000ling.com/img/psp_200/3293.jpg,日语,Quinrose,日版
psp,3297,Carros,汽车总动员,ULES-00320,2015-02-14,Racing,https://data.yang2000ling.com/img/psp_200/3296.jpg,葡萄牙语,THQ,欧版
psp,3298,Puzzler Collection,益智游戏合集,ULES-01175,2015-02-15,Puzzle,https://data.yang2000ling.com/img/psp_200/3297.jpg,西班牙语|意大利语|德语|荷兰语|法文,ZOO Games,欧版
psp,3299,Buzz! Quiz World,喧闹少年找碴大师 测验世界,UCES-01294,2015-02-15,Trivia,https://data.yang2000ling.com/img/psp_200/3298.jpg,挪威语|丹麦语,Sony,欧版
psp,3300,Harukanaru Toki no Naka de 6,遥远的时空中6,NPJH-50901,2015-03-29,RPG,https://data.yang2000ling.com/img/psp_200/3299.jpg,日语,Koei Tecmo Games,日版
psp,3301,Uta no Prince-Sama - All Star After Secret,歌之王子殿下-全明星背后的秘密,NPJH-50902,2015-03-29,Rhythm,https://data.yang2000ling.com/img/psp_200/3300.jpg,日语,Broccoli,日版
psp,3302,Yoiyo Mori no Hime,宵夜森的公主,ULJM-06394,2015-04-05,Adventure,https://data.yang2000ling.com/img/psp_200/3301.jpg,日语,Eterire,日版
psp,3303,Tube Mania,疯狂水管工,ULES-01168,2015-04-22,Puzzle,https://data.yang2000ling.com/img/psp_200/3302.jpg,荷兰语|法文,Empire Interactive,欧版
psp,3304,Tony Hawk's Project 8 (v2)(Greatest Hits),托尼霍克滑板-八强争霸(v2),ULUS-10197,2015-04-22,Sports,https://data.yang2000ling.com/img/psp_200/3303.jpg,英文,Activision,美版
psp,3305,Ratatouille,料理鼠王,ULES-00735,2015-04-22,Platformer,https://data.yang2000ling.com/img/psp_200/3304.jpg,荷兰语,THQ,荷兰版
psp,3306,Football Manager Handheld 2013,足球经理2013,ULES-01582,2015-04-22,Sports,https://data.yang2000ling.com/img/psp_200/3305.jpg,西班牙语|意大利语|英文|法文,SEGA,欧版
psp,3307,Imagine Champion Rider,幻想-冠军骑师,ULES-01273,2015-04-22,Sports,https://data.yang2000ling.com/img/psp_200/3306.jpg,英文,UbiSoft,欧版
psp,3308,Meiji Tokyo Renka - Twilight Kiss,明治东京恋伽-黄昏之吻,NPJH-50900,2015-05-09,Adventure,https://data.yang2000ling.com/img/psp_200/3307.jpg,日语,Broccoli,日版
psp,3309,Gakuen Heaven 2 - Double Scramble! (UMD Disc 1),学园天堂2(UMD-Disc 1),ULJM-06399,2015-05-09,Adventure,https://data.yang2000ling.com/img/psp_200/3308.jpg,日语,Prototype,日版
psp,3310,Gakuen Heaven 2 - Double Scramble! (UMD Disc 2),学园天堂2(UMD-Disc 2),ULJM-06399,2015-05-09,Adventure,https://data.yang2000ling.com/img/psp_200/3309.jpg,日语,Prototype,日版
psp,3311,WALL-E,机器人总动员,ULES-01074,2015-08-09,Platformer,https://data.yang2000ling.com/img/psp_200/3310.jpg,瑞典语|英文,THQ,欧版
psp,3312,Cars,汽车总动员,ULES-00322,2015-08-23,Racing,https://data.yang2000ling.com/img/psp_200/3311.jpg,荷兰语,THQ,荷兰版
psp,3313,FIFA 14 - Legacy Edition,FIFA足球2014,ULES-01590,2015-09-02,Sports,https://data.yang2000ling.com/img/psp_200/3312.jpg,西班牙语,Electronic Arts,西班牙版
psp,3314,Transformers - Die Rache,变形金刚2-卷土重来,ULES-01288,2015-09-16,Action,https://data.yang2000ling.com/img/psp_200/3313.jpg,德语,Activision,德版
psp,3315,Transformers - Revenge of the Fallen,变形金刚2-卷土重来,ULES-01287,2015-09-20,Action,https://data.yang2000ling.com/img/psp_200/3314.jpg,西班牙语|意大利语,Activision,欧版
psp,3316,FIFA 13,FIFA世界杯 13,ULES-01572,2015-10-31,Sports,https://data.yang2000ling.com/img/psp_200/3315.jpg,西班牙语,Electronic Arts,西班牙版
psp,3317,Scudetto 2006 Championship Manager,冠军足球经理2006,ULES-00332,2015-10-31,Sports,https://data.yang2000ling.com/img/psp_200/3316.jpg,意大利语,Eidos Interactive,意大利版
psp,3318,Cloudy with a Chance of Meatballs,美食从天降,ULES-01319,2015-11-11,Adventure,https://data.yang2000ling.com/img/psp_200/3317.jpg,英文,UbiSoft,欧版
psp,3319,Flowers - Natsu Hen,花-夏篇,ULJM-06403,2015-11-30,Adventure,https://data.yang2000ling.com/img/psp_200/3318.jpg,日语,Prototype,日版
psp,3320,FIFA 12,FIFA足球2012,ULES-01549,2015-12-17,Sports,https://data.yang2000ling.com/img/psp_200/3319.jpg,西班牙语,Electronic Arts,西班牙版
psp,3321,FIFA 10,FIFA世界杯10,ULES-01324,2015-12-24,Sports,https://data.yang2000ling.com/img/psp_200/3320.jpg,荷兰语,Electronic Arts,荷兰版
psp,3322,FIFA 11,FIFA足球11,ULES-01482,2015-12-24,Sports,https://data.yang2000ling.com/img/psp_200/3321.jpg,荷兰语,Electronic Arts,荷兰版
psp,3323,Buzz! The Ultimate Music Quiz,喧闹少年找碴大师 终极音乐测验,UCES-01451,2016-01-10,Trivia,https://data.yang2000ling.com/img/psp_200/3322.jpg,西班牙语|葡萄牙语,Sony,欧版
psp,3324,Buzz! Brain of the World,喧闹少年找碴大师 世界智囊团,UCES-01201,2016-01-17,Trivia,https://data.yang2000ling.com/img/psp_200/3323.jpg,英文,Sony,欧版
psp,3325,Pro Evolution Soccer 2014,实况足球2014,ULES-01598,2016-02-24,Sports,https://data.yang2000ling.com/img/psp_200/3324.jpg,西班牙语|葡萄牙语,Konami,欧版
psp,3326,Angelique Retour,安琪莉可,NPJH-50908,2016-04-25,Adventure,https://data.yang2000ling.com/img/psp_200/3325.jpg,日语,Koei Tecmo Games,日版
psp,3327,Walpurga no Uta - Walpurgisgedichte,魔女之诗,ULJM-06404,2016-04-25,Adventure,https://data.yang2000ling.com/img/psp_200/3326.jpg,日语,Prototype,日版
psp,3328,Summon Night 5,召唤之夜5,ULUS-10656,2016-05-01,Strategy,https://data.yang2000ling.com/img/psp_200/3327.jpg,英文,Bandai Namco Games,美版
psp,3329,Kamigami no Asobi InFinite,众神的恶作剧:无限,NPJH-50909,2016-05-08,Adventure,https://data.yang2000ling.com/img/psp_200/3347.jpg,日语,Broccoli,日版
psp,3330,Minna no Golf Jou Vol. 2 (with GPS Receiver) (UMD Disc 1),大众高尔夫球场Vol.2(UMD-Disc 1)(GPS同捆版),UCJS-10062,2016-06-15,Sports,https://data.yang2000ling.com/img/psp_200/3338.jpg,日语,Sony,日版
psp,3331,Minna no Golf Jou Vol. 2 (with GPS Receiver) (UMD Disc 2),大众高尔夫球场Vol.2(UMD-Disc 2)(GPS同捆版),UCJS-10063,2016-06-15,Sports,https://data.yang2000ling.com/img/psp_200/3339.jpg,日语,Sony,日版
psp,3332,Samurai Shodown Anthology,侍魂:六番胜负,ULUS-10401,2016-06-17,Compilation,https://data.yang2000ling.com/img/psp_200/3350.jpg,英文,SNK Playmore,美版
psp,3333,Sangoku Rensenki - Otome no Heihou! Omoide Gaeshi - CS Edition (UMD Disc 1),三国恋战记 回忆 CS版 (UMD 1),ULJM-06405,2016-06-23,Adventure,https://data.yang2000ling.com/img/psp_200/3348.jpg,日语,Prototype,日版
psp,3334,Sangoku Rensenki - Otome no Heihou! Omoide Gaeshi - CS Edition (UMD Disc 2),三国恋战记 回忆 CS版 (UMD 2),ULJM-06406,2016-06-23,Adventure,https://data.yang2000ling.com/img/psp_200/3349.jpg,日语,Prototype,日版
psp,3335,FIFA 14 - Legacy Edition,FIFA 14,ULES-01587,2016-12-07,Sports,https://data.yang2000ling.com/img/psp_200/3354.jpg,法文,Electronic Arts,法版
psp,3336,FIFA 11,FIFA 11,ULES-01481,2017-09-01,Sports,https://data.yang2000ling.com/img/psp_200/3356.jpg,葡萄牙语,Electronic Arts,欧版
psp,3337,Jak and Daxter - The Lost Frontier (a),杰克与达斯特:迷失边境,UCES-01378,2018-08-25,Action Adventure,https://data.yang2000ling.com/img/psp_200/3358.jpg,瑞典语|西班牙语|葡萄牙语|波兰语|挪威语|意大利语|德语|芬兰语|荷兰语|丹麦语|英文|法文,Sony,欧版
psp,3338,UEFA Champions League 2006-2007,欧洲冠军联赛2006-2007,ULES-00706,2018-03-26,Sports,https://data.yang2000ling.com/img/psp_200/3359.jpg,法文,Electronic Arts,法版
psp,3339,Metal Gear Solid - Peace Walker (v2),:合金装备:和平行者（V2）,ULUS-10509,2018-07-28,Action Adventure,https://data.yang2000ling.com/img/psp_200/3361.jpg,西班牙语|英文|法文,Konami,美版
psp,3340,Grand Theft Auto - Vice City Stories (Rockstar Classics) ,侠盗猎车手：罪恶都市传奇,ULJM-05884,2018-10-16,Action Adventure,https://data.yang2000ling.com/img/psp_200/3353.jpg,日语,Rockstar Games,日版
psp,3341,Grand Theft Auto - Liberty City Stories (Rockstar Classics) ,侠盗猎车-自由城的故事,ULJM-05885,2018-10-16,Action Adventure,https://data.yang2000ling.com/img/psp_200/1104.jpg,日语,Rockstar Games,日版
psp,3342,FIFA 11 (v2)(Platinum),FIFA 11 (v2) (白金版),ULES-01480,2019-02-19,Sports,https://data.yang2000ling.com/img/psp_200/3365.jpg,英文,Electronic Arts,欧版
psp,3343,FIFA 11 (v2)(Platinum),FIFA世界杯 11 (v2) (白金版),ULES-01479,2019-02-19,Sports,https://data.yang2000ling.com/img/psp_200/3363.jpg,西班牙语,Electronic Arts,西班牙版
