system,game_id,game_name,ch_name,dlc_id,dlc_name,region
psvdlc,PCSA00001,ModNation Racers: Road Trip,模组世界赛车：街头之旅 [英文版],DLC-MNRV0ADDCONTSE00,ModNationTM Racers - Road Trip - Unlock All,USA
psvdlc,PCSA00003,Sound Shapes,声与形 [英文版],DLC-DLCPACK060000000,80s Sound Pack,USA
psvdlc,PCSA00003,Sound Shapes,声与形 [英文版],DLC-DLCPACK080000000,Brass Sound Pack,USA
psvdlc,PCSA00003,Sound Shapes,声与形 [英文版],DLC-DLCPACK010000000,Car Mini-Album & Entity Pack,USA
psvdlc,PCSA00003,Sound Shapes,声与形 [英文版],DLC-DLCPACK120000000,City Art Pack,USA
psvdlc,PCSA00003,Sound Shapes,声与形 [英文版],DLC-DLCPACK070000000,Dubstep Sound Pack,USA
psvdlc,PCSA00003,Sound Shapes,声与形 [英文版],DLC-DLCPACK130000000,Future Funk 3000 Sound Pack,USA
psvdlc,PCSA00003,Sound Shapes,声与形 [英文版],DLC-DLCPACK150000000,Hohokum Art Pack,USA
psvdlc,PCSA00003,Sound Shapes,声与形 [英文版],DLC-DLCPACK140000000,Lizzywanders Art Pack,USA
psvdlc,PCSA00003,Sound Shapes,声与形 [英文版],DLC-DLCPACK090000000,Nature Pack,USA
psvdlc,PCSA00003,Sound Shapes,声与形 [英文版],DLC-DLCPACK100000000,Old School Sound Pack,USA
psvdlc,PCSA00003,Sound Shapes,声与形 [英文版],DLC-DLCPACK020000000,Sound ShapesTM,USA
psvdlc,PCSA00003,Sound Shapes,声与形 [英文版],DLC-DLCPACK030000000,Sound ShapesTM,USA
psvdlc,PCSA00003,Sound Shapes,声与形 [英文版],DLC-DLCPACK040000000,Sound ShapesTM,USA
psvdlc,PCSA00003,Sound Shapes,声与形 [英文版],DLC-DLCPACK050000000,Sound ShapesTM,USA
psvdlc,PCSA00003,Sound Shapes,声与形 [英文版],DLC-DLCPACK110000000,Vocoder Sound Pack,USA
psvdlc,PCSA00004,Escape Plan,逃脱计划 [英文版],DLC-ESCAPEPLANDLC004,Escape PlanTM - Director's Cut,USA
psvdlc,PCSA00004,Escape Plan,逃脱计划 [英文版],DLC-ESCAPEPLANDLC002,Escape PlanTM - The Asylum,USA
psvdlc,PCSA00004,Escape Plan,逃脱计划 [英文版],DLC-ESCAPEPLANDLC003,Escape PlanTM - The Underground,USA
psvdlc,PCSA00006,Super Stardust Delta,超级星尘 三角洲 [英文版],DLC-SSDELTA000000DLC,Super Stardust Delta DLC,USA
psvdlc,PCSA00007,Hustle Kings,台球王 [英文版],DLC-UHUSTLEKINDLC001,Hustle KingsTM,USA
psvdlc,PCSA00007,Hustle Kings,台球王 [英文版],DLC-UHUSTLEKINDLC002,Hustle KingsTM,USA
psvdlc,PCSA00007,Hustle Kings,台球王 [英文版],DLC-UHUSTLEKINDLC003,Hustle KingsTM,USA
psvdlc,PCSA00009,Hot Shots Golf: World Invitational,大众高尔夫 6 [英文版],DLC-5555000000020124,Club Big Magnum Level 5,USA
psvdlc,PCSA00011,Gravity Rush,重力眩晕 [英文版],DLC-PDUSAC00MAIDPACK,GRAVITY RUSHTM Maid Pack,USA
psvdlc,PCSA00011,Gravity Rush,重力眩晕 [英文版],DLC-PDUSAC00ARMYPACK,GRAVITY RUSHTM Special Forces Pack,USA
psvdlc,PCSA00011,Gravity Rush,重力眩晕 [英文版],DLC-PDUSAC000SPYPACK,GRAVITY RUSHTM Spy Pack,USA
psvdlc,PCSA00012,Reality Fighters,真实格斗 [英文版],DLC-10FREEWEAPONSDLC,Extra weapons pack,USA
psvdlc,PCSA00012,Reality Fighters,真实格斗 [英文版],DLC-REALFIGHTNETPASS,Reality FightersTM Network Pass,USA
psvdlc,PCSA00015,WipEout 2048,反重力赛车 2048 [日文版],DLC-DLC1W2048PACKAGE,WipEout® 2048 DLC 1,USA
psvdlc,PCSA00015,WipEout 2048,反重力赛车 2048 [日文版],DLC-DLC2W2048PACKAGE,WipEout® 2048 DLC 2,USA
psvdlc,PCSA00015,WipEout 2048,反重力赛车 2048 [日文版],DLC-W2048NETWORKPASS,WipEout® 2048,USA
psvdlc,PCSA00017,LittleBigPlanet PlayStation Vita,小小大星球 PlayStation Vita [英文版],DLC-LBPDLC2KADCK0001,2000AD® Costumes,USA
psvdlc,PCSA00017,LittleBigPlanet PlayStation Vita,小小大星球 PlayStation Vita [英文版],DLC-LBPDLCSONYCO0038,Alias Costume,USA
psvdlc,PCSA00017,LittleBigPlanet PlayStation Vita,小小大星球 PlayStation Vita [英文版],DLC-LBPDLCORIGCO0048,Angler Costume,USA
psvdlc,PCSA00017,LittleBigPlanet PlayStation Vita,小小大星球 PlayStation Vita [英文版],DLC-LBPDLCORIGCO0054,Anglerfish Costume,USA
psvdlc,PCSA00017,LittleBigPlanet PlayStation Vita,小小大星球 PlayStation Vita [英文版],DLC-LBPDLCORIGCK0001,Animal Costumes,USA
psvdlc,PCSA00017,LittleBigPlanet PlayStation Vita,小小大星球 PlayStation Vita [英文版],DLC-LBPDLCSONYCO0003,Ape EscapeTM Costume,USA
psvdlc,PCSA00017,LittleBigPlanet PlayStation Vita,小小大星球 PlayStation Vita [英文版],DLC-LBPDLCDSPRCO0007,Ariel Costume,USA
psvdlc,PCSA00017,LittleBigPlanet PlayStation Vita,小小大星球 PlayStation Vita [英文版],DLC-LBPDLCUBACCO0001,Assassin's Creed® II Costume,USA
psvdlc,PCSA00017,LittleBigPlanet PlayStation Vita,小小大星球 PlayStation Vita [英文版],DLC-LBPDLCORIGLK0008,Autumn Creator Kit,USA
psvdlc,PCSA00017,LittleBigPlanet PlayStation Vita,小小大星球 PlayStation Vita [英文版],DLC-LBPDLCMARVVP0002,Avengers - Ultimate Escape,USA
psvdlc,PCSA00017,LittleBigPlanet PlayStation Vita,小小大星球 PlayStation Vita [英文版],DLC-LBPDLCWBDCCO0009,Batgirl Costume,USA
psvdlc,PCSA00017,LittleBigPlanet PlayStation Vita,小小大星球 PlayStation Vita [英文版],DLC-LBPDLCWBDCCO0006,Batman Costume,USA
psvdlc,PCSA00017,LittleBigPlanet PlayStation Vita,小小大星球 PlayStation Vita [英文版],DLC-LBPDLCRARECO0003,Beta Test Vest,USA
psvdlc,PCSA00017,LittleBigPlanet PlayStation Vita,小小大星球 PlayStation Vita [英文版],DLC-LBPDLCRARECO0004,BetaBlaster Costume,USA
psvdlc,PCSA00017,LittleBigPlanet PlayStation Vita,小小大星球 PlayStation Vita [英文版],DLC-LBPDLCBIOSCK0001,BioShock Infinite Costume Pack,USA
psvdlc,PCSA00017,LittleBigPlanet PlayStation Vita,小小大星球 PlayStation Vita [英文版],DLC-LBPDLCBIOSMP0001,BioShock Mini Pack,USA
psvdlc,PCSA00017,LittleBigPlanet PlayStation Vita,小小大星球 PlayStation Vita [英文版],DLC-LBPDLCORIGCO0025,Birthday Cake Costume,USA
psvdlc,PCSA00017,LittleBigPlanet PlayStation Vita,小小大星球 PlayStation Vita [英文版],DLC-LBPDLCORIGCO0024,Boudica Costume,USA
psvdlc,PCSA00017,LittleBigPlanet PlayStation Vita,小小大星球 PlayStation Vita [英文版],DLC-LBPDLCORIGCO0016,Bride of Sackula Costume,USA
psvdlc,PCSA00017,LittleBigPlanet PlayStation Vita,小小大星球 PlayStation Vita [英文版],DLC-LBPDLCSONYCO0011,Buzz!TM Costume,USA
psvdlc,PCSA00017,LittleBigPlanet PlayStation Vita,小小大星球 PlayStation Vita [英文版],DLC-LBPDLCORIGCO0049,Caver Costume,USA
psvdlc,PCSA00017,LittleBigPlanet PlayStation Vita,小小大星球 PlayStation Vita [英文版],DLC-LBPDLCORIGCO0010,Chinese New Year Costumes,USA
psvdlc,PCSA00017,LittleBigPlanet PlayStation Vita,小小大星球 PlayStation Vita [英文版],DLC-LBPDLCRARECO0001,Crown Costume,USA
psvdlc,PCSA00017,LittleBigPlanet PlayStation Vita,小小大星球 PlayStation Vita [英文版],DLC-LBPDLCORIGCO0065,Damsel In Distress Costume,USA
psvdlc,PCSA00017,LittleBigPlanet PlayStation Vita,小小大星球 PlayStation Vita [英文版],DLC-LBPDLCWBDCCK0001,DC ComicsTM Costume Pack 1,USA
psvdlc,PCSA00017,LittleBigPlanet PlayStation Vita,小小大星球 PlayStation Vita [英文版],DLC-LBPDLCWBDCCK0002,DC ComicsTM Costume Pack 2,USA
psvdlc,PCSA00017,LittleBigPlanet PlayStation Vita,小小大星球 PlayStation Vita [英文版],DLC-LBPDLCWBDCCK0003,DC ComicsTM Costume Pack 3,USA
psvdlc,PCSA00017,LittleBigPlanet PlayStation Vita,小小大星球 PlayStation Vita [英文版],DLC-LBPDLCWBDCCK0004,DC ComicsTM Costume Pack 4,USA
psvdlc,PCSA00017,LittleBigPlanet PlayStation Vita,小小大星球 PlayStation Vita [英文版],DLC-LBPDLCWBDCLK0001,DC ComicsTM Premium Level Pack,USA
psvdlc,PCSA00017,LittleBigPlanet PlayStation Vita,小小大星球 PlayStation Vita [英文版],DLC-LBPDLCORIGCO0052,Deep Sea Diver Costume,USA
psvdlc,PCSA00017,LittleBigPlanet PlayStation Vita,小小大星球 PlayStation Vita [英文版],DLC-LBPDLCORIGCO0053,Edible Crab Costume,USA
psvdlc,PCSA00017,LittleBigPlanet PlayStation Vita,小小大星球 PlayStation Vita [英文版],DLC-LBPDLCORIGMP0003,Egyptian Mythology Minipack,USA
psvdlc,PCSA00017,LittleBigPlanet PlayStation Vita,小小大星球 PlayStation Vita [英文版],DLC-LBPDLCSONYCO0019,Ethan Costume,USA
psvdlc,PCSA00017,LittleBigPlanet PlayStation Vita,小小大星球 PlayStation Vita [英文版],DLC-LBPDLCORIGLK0001,Festive Goodies,USA
psvdlc,PCSA00017,LittleBigPlanet PlayStation Vita,小小大星球 PlayStation Vita [英文版],DLC-LBPDLCSQEXCK0001,Final Fantasy®VII Costume Pack,USA
psvdlc,PCSA00017,LittleBigPlanet PlayStation Vita,小小大星球 PlayStation Vita [英文版],DLC-LBPDLCORIGCO0068,Fireman Costume,USA
psvdlc,PCSA00017,LittleBigPlanet PlayStation Vita,小小大星球 PlayStation Vita [英文版],DLC-LBPDLCPAWSMP0001,Garfield and Odie Minipack,USA
psvdlc,PCSA00017,LittleBigPlanet PlayStation Vita,小小大星球 PlayStation Vita [英文版],DLC-LBPDLCSNYPCK0001,GhostbustersTM - The Video Game costumes,USA
psvdlc,PCSA00017,LittleBigPlanet PlayStation Vita,小小大星球 PlayStation Vita [英文版],DLC-LBPDLCSONYCO0001,God of WarTM Kratos Costume,USA
psvdlc,PCSA00017,LittleBigPlanet PlayStation Vita,小小大星球 PlayStation Vita [英文版],DLC-LBPDLCSONYMP0002,God of WarTM Minipack,USA
psvdlc,PCSA00017,LittleBigPlanet PlayStation Vita,小小大星球 PlayStation Vita [英文版],DLC-LBPDLCORIGCO0050,Golfer Costume,USA
psvdlc,PCSA00017,LittleBigPlanet PlayStation Vita,小小大星球 PlayStation Vita [英文版],DLC-LBPDLCORIGCO0062,Good Knight Costume,USA
psvdlc,PCSA00017,LittleBigPlanet PlayStation Vita,小小大星球 PlayStation Vita [英文版],DLC-LBPDLCSONYCK0007,Gravity RushTM Costume Pack,USA
psvdlc,PCSA00017,LittleBigPlanet PlayStation Vita,小小大星球 PlayStation Vita [英文版],DLC-LBPDLCWBDCCO0012,Green Lantern Costume,USA
psvdlc,PCSA00017,LittleBigPlanet PlayStation Vita,小小大星球 PlayStation Vita [英文版],DLC-LBPDLCORIGCO0011,Groundhog Day Costume,USA
psvdlc,PCSA00017,LittleBigPlanet PlayStation Vita,小小大星球 PlayStation Vita [英文版],DLC-LBPDLCORIGCO0002,Halloween Costume,USA
psvdlc,PCSA00017,LittleBigPlanet PlayStation Vita,小小大星球 PlayStation Vita [英文版],DLC-LBPDLCSONYMP0001,Heavenly SwordTM Minipack,USA
psvdlc,PCSA00017,LittleBigPlanet PlayStation Vita,小小大星球 PlayStation Vita [英文版],DLC-LBPDLCSONYCK0005,Heavy Rain® Costume Pack,USA
psvdlc,PCSA00017,LittleBigPlanet PlayStation Vita,小小大星球 PlayStation Vita [英文版],DLC-LBPDLCMARVVP0001,Hero Rush,USA
psvdlc,PCSA00017,LittleBigPlanet PlayStation Vita,小小大星球 PlayStation Vita [英文版],DLC-LBPDLCORIGCO0014,Hessian Sackboy Fragrances,USA
psvdlc,PCSA00017,LittleBigPlanet PlayStation Vita,小小大星球 PlayStation Vita [英文版],DLC-LBPDLCORIGCK0003,History Costume Pack,USA
psvdlc,PCSA00017,LittleBigPlanet PlayStation Vita,小小大星球 PlayStation Vita [英文版],DLC-LBPDLCSONYCO0013,Ico Outfit,USA
psvdlc,PCSA00017,LittleBigPlanet PlayStation Vita,小小大星球 PlayStation Vita [英文版],DLC-LBPDLCSONYCK0004,ICOTM & Shadow of the Colossus® Costume Pack,USA
psvdlc,PCSA00017,LittleBigPlanet PlayStation Vita,小小大星球 PlayStation Vita [英文版],DLC-LBPDLCSONYCO0044,inFAMOUS - Second SonTM,USA
psvdlc,PCSA00017,LittleBigPlanet PlayStation Vita,小小大星球 PlayStation Vita [英文版],DLC-LBPDLCSONYCO0018,inFAMOUS Cole Costume,USA
psvdlc,PCSA00017,LittleBigPlanet PlayStation Vita,小小大星球 PlayStation Vita [英文版],DLC-LBPDLCSONYCK0006,InviZimalsTM Costume Pack,USA
psvdlc,PCSA00017,LittleBigPlanet PlayStation Vita,小小大星球 PlayStation Vita [英文版],DLC-LBPDLCNDOGCK0001,Jax & DaxterTM Costume Pack,USA
psvdlc,PCSA00017,LittleBigPlanet PlayStation Vita,小小大星球 PlayStation Vita [英文版],DLC-LBPDLCWBDCCO0007,Joker Costume,USA
psvdlc,PCSA00017,LittleBigPlanet PlayStation Vita,小小大星球 PlayStation Vita [英文版],DLC-LBPDLCSONYCO0031,Journey Costume,USA
psvdlc,PCSA00017,LittleBigPlanet PlayStation Vita,小小大星球 PlayStation Vita [英文版],DLC-LBPDLCCOMPCO0004,Kabuki Actor Costume,USA
psvdlc,PCSA00017,LittleBigPlanet PlayStation Vita,小小大星球 PlayStation Vita [英文版],DLC-LBPDLCSONYCO0035,Kat Costume,USA
psvdlc,PCSA00017,LittleBigPlanet PlayStation Vita,小小大星球 PlayStation Vita [英文版],DLC-LBPDLCWBDCCO0014,Killer Frost Costume,USA
psvdlc,PCSA00017,LittleBigPlanet PlayStation Vita,小小大星球 PlayStation Vita [英文版],DLC-LBPDLCSONYMP0003,Killzone®2 Minipack,USA
psvdlc,PCSA00017,LittleBigPlanet PlayStation Vita,小小大星球 PlayStation Vita [英文版],DLC-LBPDLCORIGCK0012,Knights Of Old Costume Pack,USA
psvdlc,PCSA00017,LittleBigPlanet PlayStation Vita,小小大星球 PlayStation Vita [英文版],DLC-LBPDLCORIGCO0030,LittleBigPlanetTM Cap,USA
psvdlc,PCSA00017,LittleBigPlanet PlayStation Vita,小小大星球 PlayStation Vita [英文版],DLC-LBPDLCWBDCLK0002,LittleBigPlanetTM PS Vita - DC ComicsTM Premium Level Pack,USA
psvdlc,PCSA00017,LittleBigPlanet PlayStation Vita,小小大星球 PlayStation Vita [英文版],DLC-LBPVNETPASSK0001,LittleBigPlanetTM PS Vita Network Pass,USA
psvdlc,PCSA00017,LittleBigPlanet PlayStation Vita,小小大星球 PlayStation Vita [英文版],DLC-LBPDLCORIGLK0010,LittleBigPlanetTM2 - Cross-Controller Pack,USA
psvdlc,PCSA00017,LittleBigPlanet PlayStation Vita,小小大星球 PlayStation Vita [英文版],DLC-LBPDLCORIGCK0018,LittleBigPlanetTM3 Character T-Shirt Pack,USA
psvdlc,PCSA00017,LittleBigPlanet PlayStation Vita,小小大星球 PlayStation Vita [英文版],DLC-LBPDLCSONYCK0002,LocoRocoTM Costume,USA
psvdlc,PCSA00017,LittleBigPlanet PlayStation Vita,小小大星球 PlayStation Vita [英文版],DLC-LBPDLCORIGCO0044,Mariachi Costume (For Cinco de Mayo),USA
psvdlc,PCSA00017,LittleBigPlanet PlayStation Vita,小小大星球 PlayStation Vita [英文版],DLC-LBPDLCEAMECK0001,Mass EffectTM Costume Pack,USA
psvdlc,PCSA00017,LittleBigPlanet PlayStation Vita,小小大星球 PlayStation Vita [英文版],DLC-LBPDLCORIGCO0078,Mayan Costume,USA
psvdlc,PCSA00017,LittleBigPlanet PlayStation Vita,小小大星球 PlayStation Vita [英文版],DLC-LBPDLCSNYPCK0002,Men In BlackTM Costume Pack,USA
psvdlc,PCSA00017,LittleBigPlanet PlayStation Vita,小小大星球 PlayStation Vita [英文版],DLC-LBPDLCKMGSCK0001,METAL GEAR SOLID® Costumes,USA
psvdlc,PCSA00017,LittleBigPlanet PlayStation Vita,小小大星球 PlayStation Vita [英文版],DLC-LBPDLCKMGSLK0001,METAL GEAR SOLID® Gurlukovich Soldier Costume,USA
psvdlc,PCSA00017,LittleBigPlanet PlayStation Vita,小小大星球 PlayStation Vita [英文版],DLC-LBPDLCORIGCO0064,Misunderstood Dragon Costume,USA
psvdlc,PCSA00017,LittleBigPlanet PlayStation Vita,小小大星球 PlayStation Vita [英文版],DLC-LBPDLCSONYCO0024,ModNationTM Racers Costume Kit,USA
psvdlc,PCSA00017,LittleBigPlanet PlayStation Vita,小小大星球 PlayStation Vita [英文版],DLC-LBPDLCORIGCO0013,Monkey King Costume,USA
psvdlc,PCSA00017,LittleBigPlanet PlayStation Vita,小小大星球 PlayStation Vita [英文版],DLC-LBPDLCORIGCK0002,Monster Costume Pack,USA
psvdlc,PCSA00017,LittleBigPlanet PlayStation Vita,小小大星球 PlayStation Vita [英文版],DLC-LBPDLCORIGCK0004,More Animals Costume Pack,USA
psvdlc,PCSA00017,LittleBigPlanet PlayStation Vita,小小大星球 PlayStation Vita [英文版],DLC-LBPDLCSONYCO0005,MotorstormTM Costume,USA
psvdlc,PCSA00017,LittleBigPlanet PlayStation Vita,小小大星球 PlayStation Vita [英文版],DLC-LBPDLCSONYCO0030,Nathan Drake Costume,USA
psvdlc,PCSA00017,LittleBigPlanet PlayStation Vita,小小大星球 PlayStation Vita [英文版],DLC-LBPDLCORIGCO0051,New Year Fireworks Costume,USA
psvdlc,PCSA00017,LittleBigPlanet PlayStation Vita,小小大星球 PlayStation Vita [英文版],DLC-LBPDLCWARNCO0001,Nite Owl Costume,USA
psvdlc,PCSA00017,LittleBigPlanet PlayStation Vita,小小大星球 PlayStation Vita [英文版],DLC-LBPDLCORIGMP0002,Norse Mythology Minipack,USA
psvdlc,PCSA00017,LittleBigPlanet PlayStation Vita,小小大星球 PlayStation Vita [英文版],DLC-LBPDLCSONYCO0012,PataponTM Costume,USA
psvdlc,PCSA00017,LittleBigPlanet PlayStation Vita,小小大星球 PlayStation Vita [英文版],DLC-LBPDLCDSPCLK0001,Pelegosto Costume,USA
psvdlc,PCSA00017,LittleBigPlanet PlayStation Vita,小小大星球 PlayStation Vita [英文版],DLC-LBPDLCORIGCO0045,Perseids Costume,USA
psvdlc,PCSA00017,LittleBigPlanet PlayStation Vita,小小大星球 PlayStation Vita [英文版],DLC-LBPDLCSUPUCK0001,PlayStation®Move Heroes - Sly Cooper Costume Pack,USA
psvdlc,PCSA00017,LittleBigPlanet PlayStation Vita,小小大星球 PlayStation Vita [英文版],DLC-LBPDLCWBDCCO0008,Poison Ivy Costume,USA
psvdlc,PCSA00017,LittleBigPlanet PlayStation Vita,小小大星球 PlayStation Vita [英文版],DLC-LBPDLCSONYMP0004,Rag Doll Kung FuTM - Fists of Plastic Pack,USA
psvdlc,PCSA00017,LittleBigPlanet PlayStation Vita,小小大星球 PlayStation Vita [英文版],DLC-LBPDLCINSOCK0001,Ratchet & Clank® Costume Pack,USA
psvdlc,PCSA00017,LittleBigPlanet PlayStation Vita,小小大星球 PlayStation Vita [英文版],DLC-LBPDLCSONYCO0007,ResistanceTM Chimera Costume,USA
psvdlc,PCSA00017,LittleBigPlanet PlayStation Vita,小小大星球 PlayStation Vita [英文版],DLC-LBPDLCDSMUCO0015,Rowlf Costume,USA
psvdlc,PCSA00017,LittleBigPlanet PlayStation Vita,小小大星球 PlayStation Vita [英文版],DLC-LBPDLCORIGCO0111,RSBR Launch Shirt,USA
psvdlc,PCSA00017,LittleBigPlanet PlayStation Vita,小小大星球 PlayStation Vita [英文版],DLC-LBPDLCMARVVP0003,S.H.I.E.L.D. - Interceptor,USA
psvdlc,PCSA00017,LittleBigPlanet PlayStation Vita,小小大星球 PlayStation Vita [英文版],DLC-LBPDLCCOMPCO0003,Sack in the Box Costume,USA
psvdlc,PCSA00017,LittleBigPlanet PlayStation Vita,小小大星球 PlayStation Vita [英文版],DLC-LBPDLCCOMPCO0001,Sack-Eating Plant Costume,USA
psvdlc,PCSA00017,LittleBigPlanet PlayStation Vita,小小大星球 PlayStation Vita [英文版],DLC-LBPDLCORIGCK0017,Sackgirl's Casual Friday Costume Pack,USA
psvdlc,PCSA00017,LittleBigPlanet PlayStation Vita,小小大星球 PlayStation Vita [英文版],DLC-LBPDLCORIGCO0020,Sacktue of Liberty Costume,USA
psvdlc,PCSA00017,LittleBigPlanet PlayStation Vita,小小大星球 PlayStation Vita [英文版],DLC-LBPDLCORIGCO0012,Saint Patrick's Day Costume,USA
psvdlc,PCSA00017,LittleBigPlanet PlayStation Vita,小小大星球 PlayStation Vita [英文版],DLC-LBPDLCORIGCO0073,Samurai Costume,USA
psvdlc,PCSA00017,LittleBigPlanet PlayStation Vita,小小大星球 PlayStation Vita [英文版],DLC-LBPDLCORIGCO0008,Santa Boots and Trousers Costume,USA
psvdlc,PCSA00017,LittleBigPlanet PlayStation Vita,小小大星球 PlayStation Vita [英文版],DLC-LBPDLCORIGCO0009,Santa Hat and Beard Costume,USA
psvdlc,PCSA00017,LittleBigPlanet PlayStation Vita,小小大星球 PlayStation Vita [英文版],DLC-LBPDLCSQEXCO0001,Sephiroth Costume,USA
psvdlc,PCSA00017,LittleBigPlanet PlayStation Vita,小小大星球 PlayStation Vita [英文版],DLC-LBPDLCWBDCCO0017,SHAZAM! Costume,USA
psvdlc,PCSA00017,LittleBigPlanet PlayStation Vita,小小大星球 PlayStation Vita [英文版],DLC-LBPDLCWBDCCO0019,Solomon Grundy Costume,USA
psvdlc,PCSA00017,LittleBigPlanet PlayStation Vita,小小大星球 PlayStation Vita [英文版],DLC-LBPDLCORIGCO0019,Solstice Costume,USA
psvdlc,PCSA00017,LittleBigPlanet PlayStation Vita,小小大星球 PlayStation Vita [英文版],DLC-LBPDLCSEGACK0001,Sonic UnleashedTM Costumes,USA
psvdlc,PCSA00017,LittleBigPlanet PlayStation Vita,小小大星球 PlayStation Vita [英文版],DLC-LBPDLCORIGCO0001,Spacesuit Costume,USA
psvdlc,PCSA00017,LittleBigPlanet PlayStation Vita,小小大星球 PlayStation Vita [英文版],DLC-LBPDLCORIGLK0006,Spring Creator Kit,USA
psvdlc,PCSA00017,LittleBigPlanet PlayStation Vita,小小大星球 PlayStation Vita [英文版],DLC-LBPDLCCPSFCK0001,Street FighterTM Costumes,USA
psvdlc,PCSA00017,LittleBigPlanet PlayStation Vita,小小大星球 PlayStation Vita [英文版],DLC-LBPDLCORIGLK0007,Summer Creator Kit,USA
psvdlc,PCSA00017,LittleBigPlanet PlayStation Vita,小小大星球 PlayStation Vita [英文版],DLC-LBPDLCWBDCCO0002,Supergirl Costume,USA
psvdlc,PCSA00017,LittleBigPlanet PlayStation Vita,小小大星球 PlayStation Vita [英文版],DLC-LBPDLCWBDCCO0001,Superman Costume,USA
psvdlc,PCSA00017,LittleBigPlanet PlayStation Vita,小小大星球 PlayStation Vita [英文版],DLC-LBPDLCSONYCP0001,TearawayTM Competition Pack,USA
psvdlc,PCSA00017,LittleBigPlanet PlayStation Vita,小小大星球 PlayStation Vita [英文版],DLC-LBPDLCSONYMP0010,TearawayTM Minipack,USA
psvdlc,PCSA00017,LittleBigPlanet PlayStation Vita,小小大星球 PlayStation Vita [英文版],DLC-LBPDLCORIGCO0007,Thanksgiving Costume,USA
psvdlc,PCSA00017,LittleBigPlanet PlayStation Vita,小小大星球 PlayStation Vita [英文版],DLC-LBPDLCWBDCCO0018,The Flash Costume,USA
psvdlc,PCSA00017,LittleBigPlanet PlayStation Vita,小小大星球 PlayStation Vita [英文版],DLC-LBPDLCMOVELK0001,The LittleBigPlanetTM2 - Move Pack,USA
psvdlc,PCSA00017,LittleBigPlanet PlayStation Vita,小小大星球 PlayStation Vita [英文版],DLC-LBPDLCDSNBLK0001,The Nightmare Before Christmas Level Kit,USA
psvdlc,PCSA00017,LittleBigPlanet PlayStation Vita,小小大星球 PlayStation Vita [英文版],DLC-LBPDLCSONYCO0006,Toro Costume,USA
psvdlc,PCSA00017,LittleBigPlanet PlayStation Vita,小小大星球 PlayStation Vita [英文版],DLC-LBPDLCORIGLK0002,Valentine's Day Minipack,USA
psvdlc,PCSA00017,LittleBigPlanet PlayStation Vita,小小大星球 PlayStation Vita [英文版],DLC-LBPDLCWARNCK0001,WatchmenTM Costume Pack,USA
psvdlc,PCSA00017,LittleBigPlanet PlayStation Vita,小小大星球 PlayStation Vita [英文版],DLC-LBPDLCLEV5CK0001,White Knight Chronicles CostumesTM,USA
psvdlc,PCSA00017,LittleBigPlanet PlayStation Vita,小小大星球 PlayStation Vita [英文版],DLC-LBPDLCORIGLK0009,Winter Creator Kit,USA
psvdlc,PCSA00017,LittleBigPlanet PlayStation Vita,小小大星球 PlayStation Vita [英文版],DLC-LBPDLCSONYCK0003,Wipeout® Minipack,USA
psvdlc,PCSA00017,LittleBigPlanet PlayStation Vita,小小大星球 PlayStation Vita [英文版],DLC-LBPDLCWBDCCO0016,Wonder Woman Costume,USA
psvdlc,PCSA00017,LittleBigPlanet PlayStation Vita,小小大星球 PlayStation Vita [英文版],DLC-LBPDLCORIGCO0046,World Peace Day Costume,USA
psvdlc,PCSA00017,LittleBigPlanet PlayStation Vita,小小大星球 PlayStation Vita [英文版],DLC-LBPDLCORIGCO0061,Wrestler Costume,USA
psvdlc,PCSA00017,LittleBigPlanet PlayStation Vita,小小大星球 PlayStation Vita [英文版],DLC-LBPDLCWBDCCO0020,Zatanna Costume,USA
psvdlc,PCSA00027,MotorStorm RC,机车风暴 RC [英文版],DLC-MSRCFESTIVAL0001,MSRCFESTIVAL0001,USA
psvdlc,PCSA00027,MotorStorm RC,机车风暴 RC [英文版],DLC-MSRCFESTIVAL0002,MSRCFESTIVAL0002,USA
psvdlc,PCSA00027,MotorStorm RC,机车风暴 RC [英文版],DLC-MSRCFREEDLCPAK01,MSRCFREEDLCPAK01,USA
psvdlc,PCSA00027,MotorStorm RC,机车风暴 RC [英文版],DLC-MSRCFREEDLCPAK02,MSRCFREEDLCPAK02,USA
psvdlc,PCSA00027,MotorStorm RC,机车风暴 RC [英文版],DLC-MSRCFREEDLCPAK03,MSRCFREEDLCPAK03,USA
psvdlc,PCSA00027,MotorStorm RC,机车风暴 RC [英文版],DLC-MSRCFREEDLCPAK04,MSRCFREEDLCPAK04,USA
psvdlc,PCSA00027,MotorStorm RC,机车风暴 RC [英文版],DLC-MSRCFREEDLCPAK05,MSRCFREEDLCPAK05,USA
psvdlc,PCSA00027,MotorStorm RC,机车风暴 RC [英文版],DLC-MSRCFREEDLCPAK06,MSRCFREEDLCPAK06,USA
psvdlc,PCSA00027,MotorStorm RC,机车风暴 RC [英文版],DLC-MSRCFREEDLCPAK07,MSRCFREEDLCPAK07,USA
psvdlc,PCSA00027,MotorStorm RC,机车风暴 RC [英文版],DLC-MSRCFREEDLCPAK08,MSRCFREEDLCPAK08,USA
psvdlc,PCSA00027,MotorStorm RC,机车风暴 RC [英文版],DLC-MSRCPAIDDLCPAK01,MSRCPAIDDLCPAK01,USA
psvdlc,PCSA00027,MotorStorm RC,机车风暴 RC [英文版],DLC-MSRCPAIDDLCPAK02,MSRCPAIDDLCPAK02,USA
psvdlc,PCSA00027,MotorStorm RC,机车风暴 RC [英文版],DLC-MSRCPAIDDLCPAK03,MSRCPAIDDLCPAK03,USA
psvdlc,PCSA00027,MotorStorm RC,机车风暴 RC [英文版],DLC-MSRCPAIDDLCPAK04,MSRCPAIDDLCPAK04,USA
psvdlc,PCSA00027,MotorStorm RC,机车风暴 RC [英文版],DLC-MSRCPAIDDLCPAK05,MSRCPAIDDLCPAK05,USA
psvdlc,PCSA00027,MotorStorm RC,机车风暴 RC [英文版],DLC-MSRCPAIDDLCPAK06,MSRCPAIDDLCPAK06,USA
psvdlc,PCSA00027,MotorStorm RC,机车风暴 RC [英文版],DLC-MSRCPAIDDLCPAK07,MSRCPAIDDLCPAK07,USA
psvdlc,PCSA00027,MotorStorm RC,机车风暴 RC [英文版],DLC-MSRCPAIDDLCPAK08,MSRCPAIDDLCPAK08,USA
psvdlc,PCSA00027,MotorStorm RC,机车风暴 RC [英文版],DLC-MSRCPAIDDLCPAK09,MSRCPAIDDLCPAK09,USA
psvdlc,PCSA00027,MotorStorm RC,机车风暴 RC [英文版],DLC-MSRCPAIDDLCPAK10,MSRCPAIDDLCPAK10,USA
psvdlc,PCSA00027,MotorStorm RC,机车风暴 RC [英文版],DLC-MSRCPAIDDLCPAK11,MSRCPAIDDLCPAK11,USA
psvdlc,PCSA00027,MotorStorm RC,机车风暴 RC [英文版],DLC-MSRCPAIDDLCPAK12,MSRCPAIDDLCPAK12,USA
psvdlc,PCSA00027,MotorStorm RC,机车风暴 RC [英文版],DLC-MSRCPAIDDLCPAK13,MSRCPAIDDLCPAK13,USA
psvdlc,PCSA00027,MotorStorm RC,机车风暴 RC [英文版],DLC-MSRCPAIDDLCPAK14,MSRCPAIDDLCPAK14,USA
psvdlc,PCSA00027,MotorStorm RC,机车风暴 RC [英文版],DLC-MSRCPAIDDLCPAK15,MSRCPAIDDLCPAK15,USA
psvdlc,PCSA00027,MotorStorm RC,机车风暴 RC [英文版],DLC-MSRCPAIDDLCPAK16,MSRCPAIDDLCPAK16,USA
psvdlc,PCSA00027,MotorStorm RC,机车风暴 RC [英文版],DLC-MSRCPAIDDLCPAK17,MSRCPAIDDLCPAK17,USA
psvdlc,PCSA00027,MotorStorm RC,机车风暴 RC [英文版],DLC-MSRCPAIDDLCPAK18,MSRCPAIDDLCPAK18,USA
psvdlc,PCSA00027,MotorStorm RC,机车风暴 RC [英文版],DLC-MSRCPAIDDLCPAK19,MSRCPAIDDLCPAK19,USA
psvdlc,PCSA00027,MotorStorm RC,机车风暴 RC [英文版],DLC-MSRCPAIDDLCPAK20,MSRCPAIDDLCPAK20,USA
psvdlc,PCSA00027,MotorStorm RC,机车风暴 RC [英文版],DLC-MSRCPAIDDLCPAK21,MSRCPAIDDLCPAK21,USA
psvdlc,PCSA00027,MotorStorm RC,机车风暴 RC [英文版],DLC-MSRCPAIDDLCPAK22,MSRCPAIDDLCPAK22,USA
psvdlc,PCSA00027,MotorStorm RC,机车风暴 RC [英文版],DLC-MSRCPAIDDLCPAK23,MSRCPAIDDLCPAK23,USA
psvdlc,PCSA00027,MotorStorm RC,机车风暴 RC [英文版],DLC-MSRCPAIDDLCPAK24,MSRCPAIDDLCPAK24,USA
psvdlc,PCSA00027,MotorStorm RC,机车风暴 RC [英文版],DLC-MSRCPAIDDLCPAK25,MSRCPAIDDLCPAK25,USA
psvdlc,PCSA00027,MotorStorm RC,机车风暴 RC [英文版],DLC-MSRCPAIDDLCPAK27,MSRCPAIDDLCPAK27,USA
psvdlc,PCSA00027,MotorStorm RC,机车风暴 RC [英文版],DLC-MSRCPAIDDLCPAK28,MSRCPAIDDLCPAK28,USA
psvdlc,PCSA00027,MotorStorm RC,机车风暴 RC [英文版],DLC-MSRCPAIDDLCPAK29,MSRCPAIDDLCPAK29,USA
psvdlc,PCSA00027,MotorStorm RC,机车风暴 RC [英文版],DLC-MSRCPAIDDLCPAK30,MSRCPAIDDLCPAK30,USA
psvdlc,PCSA00027,MotorStorm RC,机车风暴 RC [英文版],DLC-MSRCPAIDDLCPAK31,MSRCPAIDDLCPAK31,USA
psvdlc,PCSA00027,MotorStorm RC,机车风暴 RC [英文版],DLC-MSRCPAIDDLCPAK32,MSRCPAIDDLCPAK32,USA
psvdlc,PCSA00027,MotorStorm RC,机车风暴 RC [英文版],DLC-MSRCPAIDDLCPAK33,MSRCPAIDDLCPAK33,USA
psvdlc,PCSA00027,MotorStorm RC,机车风暴 RC [英文版],DLC-MSRCPAIDDLCPAK34,MSRCPAIDDLCPAK34,USA
psvdlc,PCSA00027,MotorStorm RC,机车风暴 RC [英文版],DLC-MSRCPAIDDLCPAK35,MSRCPAIDDLCPAK35,USA
psvdlc,PCSA00027,MotorStorm RC,机车风暴 RC [英文版],DLC-MSRCPAIDDLCPAK36,MSRCPAIDDLCPAK36,USA
psvdlc,PCSA00027,MotorStorm RC,机车风暴 RC [英文版],DLC-MSRCPAIDDLCPAK37,MSRCPAIDDLCPAK37,USA
psvdlc,PCSA00027,MotorStorm RC,机车风暴 RC [英文版],DLC-MSRCPAIDDLCPAK38,MSRCPAIDDLCPAK38,USA
psvdlc,PCSA00027,MotorStorm RC,机车风暴 RC [英文版],DLC-MSRCPAIDDLCPAK39,MSRCPAIDDLCPAK39,USA
psvdlc,PCSA00027,MotorStorm RC,机车风暴 RC [英文版],DLC-MSRCPAIDDLCPAK40,MSRCPAIDDLCPAK40,USA
psvdlc,PCSA00027,MotorStorm RC,机车风暴 RC [英文版],DLC-MSRCPAIDDLCPAK41,MSRCPAIDDLCPAK41,USA
psvdlc,PCSA00027,MotorStorm RC,机车风暴 RC [英文版],DLC-MSRCTIMESAVER003,MSRCTIMESAVER003,USA
psvdlc,PCSA00027,MotorStorm RC,机车风暴 RC [英文版],DLC-MSRCTIMESAVER004,MSRCTIMESAVER004,USA
psvdlc,PCSA00029,Uncharted: Golden Abyss,神秘海域：黄金深渊 [英文版],DLC-UGAMAPPACKSDLC01,Uncharted - Golden AbyssTM Treasure Maps,USA
psvdlc,PCSA00035,Table Soccer,桌上冰球 [英文版],DLC-TABLESOCCERUSDLC,Table Soccer,USA
psvdlc,PCSA00038,Cliff Diving,峭壁游泳 [英文版],DLC-CLIFFDIVINUNLOCK,CLIFF DIVING,USA
psvdlc,PCSA00050,Frobisher Says!,佛罗比舍如是说 [英文版],DLC-FROBISHERSDRM002,Frobisher's Mega Fun Pack,USA
psvdlc,PCSA00050,Frobisher Says!,佛罗比舍如是说 [英文版],DLC-FROBISHERSDRM001,Frobisher's Super Fun Pack,USA
psvdlc,PCSA00067,Wake-up Club,起床俱乐部 [英文版],DLC-WAKEUPCLUBAC0001,Wake-up Club,USA
psvdlc,PCSA00069,PlayStation All-Stars Battle Royale,索尼全明星大乱斗 [英文版],DLC-PSASBRONLINEPASS,Online Pass,USA
psvdlc,PCSA00069,PlayStation All-Stars Battle Royale,索尼全明星大乱斗 [英文版],DLC-MINION00000ALIAS,PlayStation® All-Stars Battle RoyaleTM (Alias Minion),USA
psvdlc,PCSA00069,PlayStation All-Stars Battle Royale,索尼全明星大乱斗 [英文版],DLC-MINION000ALISTER,PlayStation® All-Stars Battle RoyaleTM (Alister Minion),USA
psvdlc,PCSA00069,PlayStation All-Stars Battle Royale,索尼全明星大乱斗 [英文版],DLC-MINION000ASHELIN,PlayStation® All-Stars Battle RoyaleTM (Ashelin Minion),USA
psvdlc,PCSA00069,PlayStation All-Stars Battle Royale,索尼全明星大乱斗 [英文版],DLC-MINION0000BAKUKI,PlayStation® All-Stars Battle RoyaleTM (Bakuki Minion),USA
psvdlc,PCSA00069,PlayStation All-Stars Battle Royale,索尼全明星大乱斗 [英文版],DLC-COSTUMEBIGDADDY3,PlayStation® All-Stars Battle RoyaleTM (Big Daddy Costume 3),USA
psvdlc,PCSA00069,PlayStation All-Stars Battle Royale,索尼全明星大乱斗 [英文版],DLC-MINION000000BUZZ,PlayStation® All-Stars Battle RoyaleTM (Buzz Minion),USA
psvdlc,PCSA00069,PlayStation All-Stars Battle Royale,索尼全明星大乱斗 [英文版],DLC-MINION0CARMELITA,PlayStation® All-Stars Battle RoyaleTM (Carmelita Minion),USA
psvdlc,PCSA00069,PlayStation All-Stars Battle Royale,索尼全明星大乱斗 [英文版],DLC-MINION0CHLOFRZER,PlayStation® All-Stars Battle RoyaleTM (Chloe Frazer Minion),USA
psvdlc,PCSA00069,PlayStation All-Stars Battle Royale,索尼全明星大乱斗 [英文版],DLC-COSTUMEGOODCOLE3,PlayStation® All-Stars Battle RoyaleTM (Cole Costume 3),USA
psvdlc,PCSA00069,PlayStation All-Stars Battle Royale,索尼全明星大乱斗 [英文版],DLC-MINION0COLOSSUSR,PlayStation® All-Stars Battle RoyaleTM (Colossus of Rhodes Minion),USA
psvdlc,PCSA00069,PlayStation All-Stars Battle Royale,索尼全明星大乱斗 [英文版],DLC-MINION00CNTVEGER,PlayStation® All-Stars Battle RoyaleTM (Count Veger Minion),USA
psvdlc,PCSA00069,PlayStation All-Stars Battle Royale,索尼全明星大乱斗 [英文版],DLC-COSTUME000DANTE3,PlayStation® All-Stars Battle RoyaleTM (Dante Costume 3),USA
psvdlc,PCSA00069,PlayStation All-Stars Battle Royale,索尼全明星大乱斗 [英文版],DLC-COSTUME000DRAKE3,PlayStation® All-Stars Battle RoyaleTM (Drake Costume 3),USA
psvdlc,PCSA00069,PlayStation All-Stars Battle Royale,索尼全明星大乱斗 [英文版],DLC-COSTUME000DRAKE4,PlayStation® All-Stars Battle RoyaleTM (Drake Costume 4),USA
psvdlc,PCSA00069,PlayStation All-Stars Battle Royale,索尼全明星大乱斗 [英文版],DLC-MINION00000ELENA,PlayStation® All-Stars Battle RoyaleTM (Elena Minion),USA
psvdlc,PCSA00069,PlayStation All-Stars Battle Royale,索尼全明星大乱斗 [英文版],DLC-CHAR000000EMMETT,PlayStation® All-Stars Battle RoyaleTM (Emmett Character),USA
psvdlc,PCSA00069,PlayStation All-Stars Battle Royale,索尼全明星大乱斗 [英文版],DLC-COSTUME000EMMETT,PlayStation® All-Stars Battle RoyaleTM (Emmett Costume 3),USA
psvdlc,PCSA00069,PlayStation All-Stars Battle Royale,索尼全明星大乱斗 [英文版],DLC-MINION00EUCADIAN,PlayStation® All-Stars Battle RoyaleTM (Eucadian Soldier Minion),USA
psvdlc,PCSA00069,PlayStation All-Stars Battle Royale,索尼全明星大乱斗 [英文版],DLC-COSTUMEEVILCOLE3,PlayStation® All-Stars Battle RoyaleTM (Evil Cole Costume 3),USA
psvdlc,PCSA00069,PlayStation All-Stars Battle Royale,索尼全明星大乱斗 [英文版],DLC-COSTUMEPRINCESS3,PlayStation® All-Stars Battle RoyaleTM (Fat Princess Costume 3),USA
psvdlc,PCSA00069,PlayStation All-Stars Battle Royale,索尼全明星大乱斗 [英文版],DLC-COSTUMEPRINCESS4,PlayStation® All-Stars Battle RoyaleTM (Fat Princess Costume 4),USA
psvdlc,PCSA00069,PlayStation All-Stars Battle Royale,索尼全明星大乱斗 [英文版],DLC-MINION00000HADES,PlayStation® All-Stars Battle RoyaleTM (Hades),USA
psvdlc,PCSA00069,PlayStation All-Stars Battle Royale,索尼全明星大乱斗 [英文版],DLC-LEVEL000HEAVENLY,PlayStation® All-Stars Battle RoyaleTM (Heavenly Sword Level),USA
psvdlc,PCSA00069,PlayStation All-Stars Battle Royale,索尼全明星大乱斗 [英文版],DLC-COSTUMEHEIHACHI3,PlayStation® All-Stars Battle RoyaleTM (Heihachi Costume 3),USA
psvdlc,PCSA00069,PlayStation All-Stars Battle Royale,索尼全明星大乱斗 [英文版],DLC-CHAR0000000ISAAC,PlayStation® All-Stars Battle RoyaleTM (Isaac Character),USA
psvdlc,PCSA00069,PlayStation All-Stars Battle Royale,索尼全明星大乱斗 [英文版],DLC-MINION000JASMINE,PlayStation® All-Stars Battle RoyaleTM (Jasmine Minion),USA
psvdlc,PCSA00069,PlayStation All-Stars Battle Royale,索尼全明星大乱斗 [英文版],DLC-CHAR000000000KAT,PlayStation® All-Stars Battle RoyaleTM (Kat Character),USA
psvdlc,PCSA00069,PlayStation All-Stars Battle Royale,索尼全明星大乱斗 [英文版],DLC-COSTUME000000KAT,PlayStation® All-Stars Battle RoyaleTM (Kat Costume 3),USA
psvdlc,PCSA00069,PlayStation All-Stars Battle Royale,索尼全明星大乱斗 [英文版],DLC-COSTUME00KRATOS3,PlayStation® All-Stars Battle RoyaleTM (Kratos Costume 3),USA
psvdlc,PCSA00069,PlayStation All-Stars Battle Royale,索尼全明星大乱斗 [英文版],DLC-COSTUME00KRATOS4,PlayStation® All-Stars Battle RoyaleTM (Kratos Costume 4),USA
psvdlc,PCSA00069,PlayStation All-Stars Battle Royale,索尼全明星大乱斗 [英文版],DLC-MINION000000KURO,PlayStation® All-Stars Battle RoyaleTM (Kuro Minion),USA
psvdlc,PCSA00069,PlayStation All-Stars Battle Royale,索尼全明星大乱斗 [英文版],DLC-MINION0000000LIL,PlayStation® All-Stars Battle RoyaleTM (Lil Minion),USA
psvdlc,PCSA00069,PlayStation All-Stars Battle Royale,索尼全明星大乱斗 [英文版],DLC-MINION00000LOGAN,PlayStation® All-Stars Battle RoyaleTM (Logan Graves Minion),USA
psvdlc,PCSA00069,PlayStation All-Stars Battle Royale,索尼全明星大乱斗 [英文版],DLC-MINION000LUCYKUO,PlayStation® All-Stars Battle RoyaleTM (Lucy Kuo Minion),USA
psvdlc,PCSA00069,PlayStation All-Stars Battle Royale,索尼全明星大乱斗 [英文版],DLC-MINION0MOOSELINI,PlayStation® All-Stars Battle RoyaleTM (Mooselini Minion),USA
psvdlc,PCSA00069,PlayStation All-Stars Battle Royale,索尼全明星大乱斗 [英文版],DLC-MINION000MRGRIMM,PlayStation® All-Stars Battle RoyaleTM (Mr Grimm Minion),USA
psvdlc,PCSA00069,PlayStation All-Stars Battle Royale,索尼全明星大乱斗 [英文版],DLC-COSTUME00NARIKO3,PlayStation® All-Stars Battle RoyaleTM (Nariko Costume 3),USA
psvdlc,PCSA00069,PlayStation All-Stars Battle Royale,索尼全明星大乱斗 [英文版],DLC-MINION00000KOALA,PlayStation® All-Stars Battle RoyaleTM (Nathan the Koala Minion),USA
psvdlc,PCSA00069,PlayStation All-Stars Battle Royale,索尼全明星大乱斗 [英文版],DLC-MINION000000NEVI,PlayStation® All-Stars Battle RoyaleTM (Nevi Minion),USA
psvdlc,PCSA00069,PlayStation All-Stars Battle Royale,索尼全明星大乱斗 [英文版],DLC-MINION00000NINJA,PlayStation® All-Stars Battle RoyaleTM (Ninja Minion),USA
psvdlc,PCSA00069,PlayStation All-Stars Battle Royale,索尼全明星大乱斗 [英文版],DLC-COSTUME0PARAPPA3,PlayStation® All-Stars Battle RoyaleTM (Parappa Costume 3),USA
psvdlc,PCSA00069,PlayStation All-Stars Battle Royale,索尼全明星大乱斗 [英文版],DLC-COSTUME0PARAPPA4,PlayStation® All-Stars Battle RoyaleTM (PaRappa Costume 4),USA
psvdlc,PCSA00069,PlayStation All-Stars Battle Royale,索尼全明星大乱斗 [英文版],DLC-MINION0000PIRATE,PlayStation® All-Stars Battle RoyaleTM (Pirate Minion),USA
psvdlc,PCSA00069,PlayStation All-Stars Battle Royale,索尼全明星大乱斗 [英文版],DLC-MINIONPOLYPHEMUS,PlayStation® All-Stars Battle RoyaleTM (Polyphemus Minion),USA
psvdlc,PCSA00069,PlayStation All-Stars Battle Royale,索尼全明星大乱斗 [英文版],DLC-MINION00PREACHER,PlayStation® All-Stars Battle RoyaleTM (Preacher Minion),USA
psvdlc,PCSA00069,PlayStation All-Stars Battle Royale,索尼全明星大乱斗 [英文版],DLC-MINION0PROFESSOR,PlayStation® All-Stars Battle RoyaleTM (Professor Minion),USA
psvdlc,PCSA00069,PlayStation All-Stars Battle Royale,索尼全明星大乱斗 [英文版],DLC-COSTUME000RADEC3,PlayStation® All-Stars Battle RoyaleTM (Radec Costume 3),USA
psvdlc,PCSA00069,PlayStation All-Stars Battle Royale,索尼全明星大乱斗 [英文版],DLC-COSTUME00RAIDEN3,PlayStation® All-Stars Battle RoyaleTM (Raiden Costume 3),USA
psvdlc,PCSA00069,PlayStation All-Stars Battle Royale,索尼全明星大乱斗 [英文版],DLC-MINION000000RICO,PlayStation® All-Stars Battle RoyaleTM (Rico Minion),USA
psvdlc,PCSA00069,PlayStation All-Stars Battle Royale,索尼全明星大乱斗 [英文版],DLC-COSTUME0SACKBOY3,PlayStation® All-Stars Battle RoyaleTM (Sackboy Costume 3),USA
psvdlc,PCSA00069,PlayStation All-Stars Battle Royale,索尼全明星大乱斗 [英文版],DLC-COSTUME0SACKBOY4,PlayStation® All-Stars Battle RoyaleTM (Sackboy Costume 4),USA
psvdlc,PCSA00069,PlayStation All-Stars Battle Royale,索尼全明星大乱斗 [英文版],DLC-COSTUME00SIRDAN3,PlayStation® All-Stars Battle RoyaleTM (Sir Daniel Costume 3),USA
psvdlc,PCSA00069,PlayStation All-Stars Battle Royale,索尼全明星大乱斗 [英文版],DLC-COSTUME00000SLY3,PlayStation® All-Stars Battle RoyaleTM (Sly Cooper Costume 3),USA
psvdlc,PCSA00069,PlayStation All-Stars Battle Royale,索尼全明星大乱斗 [英文版],DLC-COSTUME00000SLY4,PlayStation® All-Stars Battle RoyaleTM (Sly Cooper Costume 4),USA
psvdlc,PCSA00069,PlayStation All-Stars Battle Royale,索尼全明星大乱斗 [英文版],DLC-MINION000SPECTER,PlayStation® All-Stars Battle RoyaleTM (Specter Minion),USA
psvdlc,PCSA00069,PlayStation All-Stars Battle Royale,索尼全明星大乱斗 [英文版],DLC-COSTUME000SPIKE3,PlayStation® All-Stars Battle RoyaleTM (Spike Costume 3),USA
psvdlc,PCSA00069,PlayStation All-Stars Battle Royale,索尼全明星大乱斗 [英文版],DLC-MINION0000SUZUKI,PlayStation® All-Stars Battle RoyaleTM (Suzuki Minion),USA
psvdlc,PCSA00069,PlayStation All-Stars Battle Royale,索尼全明星大乱斗 [英文版],DLC-COSTUME000TOOTH3,PlayStation® All-Stars Battle RoyaleTM (Sweet Tooth Costume 3),USA
psvdlc,PCSA00069,PlayStation All-Stars Battle Royale,索尼全明星大乱斗 [英文版],DLC-MINION0000000SYD,PlayStation® All-Stars Battle RoyaleTM (Syd Minion),USA
psvdlc,PCSA00069,PlayStation All-Stars Battle Royale,索尼全明星大乱斗 [英文版],DLC-LEVEL000MEDIEVIL,PlayStation® All-Stars Battle RoyaleTM (The Graveyard Level),USA
psvdlc,PCSA00069,PlayStation All-Stars Battle Royale,索尼全明星大乱斗 [英文版],DLC-MINION000000TORN,PlayStation® All-Stars Battle RoyaleTM (Torn Minion),USA
psvdlc,PCSA00069,PlayStation All-Stars Battle Royale,索尼全明星大乱斗 [英文版],DLC-COSTUME0000TORO3,PlayStation® All-Stars Battle RoyaleTM (Toro Costume 3),USA
psvdlc,PCSA00069,PlayStation All-Stars Battle Royale,索尼全明星大乱斗 [英文版],DLC-MINION0000VISARI,PlayStation® All-Stars Battle RoyaleTM (Visari Minion),USA
psvdlc,PCSA00069,PlayStation All-Stars Battle Royale,索尼全明星大乱斗 [英文版],DLC-MINION00YNGDRAKE,PlayStation® All-Stars Battle RoyaleTM (Young Drake Minion),USA
psvdlc,PCSA00069,PlayStation All-Stars Battle Royale,索尼全明星大乱斗 [英文版],DLC-MINION0000YUNIKA,PlayStation® All-Stars Battle RoyaleTM (Yunika Minion),USA
psvdlc,PCSA00069,PlayStation All-Stars Battle Royale,索尼全明星大乱斗 [英文版],DLC-MINION00000ZAROK,PlayStation® All-Stars Battle RoyaleTM (Zarok Minion),USA
psvdlc,PCSA00069,PlayStation All-Stars Battle Royale,索尼全明星大乱斗 [英文版],DLC-CHAR00000000ZEUS,PlayStation® All-Stars Battle RoyaleTM (Zeus Character),USA
psvdlc,PCSA00069,PlayStation All-Stars Battle Royale,索尼全明星大乱斗 [英文版],DLC-MINION000000ZONI,PlayStation® All-Stars Battle RoyaleTM (Zoni Minion),USA
psvdlc,PCSA00086,Ratchet & Clank: Full Frontal Assault,瑞奇与叮当：全面进攻 [英文版],DLC-PKCLASSIC0000000,Ratchet & Clank - Full Frontal Assault - Classic Pack,USA
psvdlc,PCSA00086,Ratchet & Clank: Full Frontal Assault,瑞奇与叮当：全面进攻 [英文版],DLC-PKFUTURE00000000,Ratchet & Clank - Full Frontal Assault - Future Pack,USA
psvdlc,PCSA00086,Ratchet & Clank: Full Frontal Assault,瑞奇与叮当：全面进攻 [英文版],DLC-PKKERWAN00000000,Ratchet & Clank - Full Frontal Assault - Intergalactic Foot Soldier Pack,USA
psvdlc,PCSA00086,Ratchet & Clank: Full Frontal Assault,瑞奇与叮当：全面进攻 [英文版],DLC-PKMINIBOSSES0000,Ratchet & Clank - Full Frontal Assault - Miniboss Pack,USA
psvdlc,PCSA00086,Ratchet & Clank: Full Frontal Assault,瑞奇与叮当：全面进攻 [英文版],DLC-PKMONSTERS000000,Ratchet & Clank - Full Frontal Assault - Monsters Pack,USA
psvdlc,PCSA00086,Ratchet & Clank: Full Frontal Assault,瑞奇与叮当：全面进攻 [英文版],DLC-PKNPCS0000000000,Ratchet & Clank - Full Frontal Assault - NPC Pack,USA
psvdlc,PCSA00086,Ratchet & Clank: Full Frontal Assault,瑞奇与叮当：全面进攻 [英文版],DLC-PKDEADPIRATES000,Ratchet & Clank - Full Frontal Assault - Pirates Pack,USA
psvdlc,PCSA00086,Ratchet & Clank: Full Frontal Assault,瑞奇与叮当：全面进攻 [英文版],DLC-PKPLUSHES0000000,Ratchet & Clank - Full Frontal Assault - Plushy Pack,USA
psvdlc,PCSA00086,Ratchet & Clank: Full Frontal Assault,瑞奇与叮当：全面进攻 [英文版],DLC-PKPREDATORS00000,Ratchet & Clank - Full Frontal Assault - Predators Pack,USA
psvdlc,PCSA00086,Ratchet & Clank: Full Frontal Assault,瑞奇与叮当：全面进攻 [英文版],DLC-PKDROIDS00000000,Ratchet & Clank - Full Frontal Assault - Robot Pack,USA
psvdlc,PCSA00086,Ratchet & Clank: Full Frontal Assault,瑞奇与叮当：全面进攻 [英文版],DLC-PKVILLAINS000000,Ratchet & Clank - Full Frontal Assault - Villain Pack,USA
psvdlc,PCSA00088,Uncharted: Fight for Fortune,神秘海域：命运之战 [英文版],DLC-PACKU20000000000,UnchartedTM Fight for Fortune - Among Thieves Expansion,USA
psvdlc,PCSA00088,Uncharted: Fight for Fortune,神秘海域：命运之战 [英文版],DLC-PACKU30000000000,UnchartedTM Fight for Fortune - Drake's Deception Expansion,USA
psvdlc,PCSA00092,Soul Sacrifice,灵魂献祭 [英文版],DLC-SSS000FFN0000011,Additional Pact - The Cobbler Triplets and the Old Master,USA
psvdlc,PCSA00092,Soul Sacrifice,灵魂献祭 [英文版],DLC-SSS000FFN0000013,Additional Pact - The Fall of the Gods,USA
psvdlc,PCSA00092,Soul Sacrifice,灵魂献祭 [英文版],DLC-SSS000FFN0000009,Additional Pact - The Fallen Knight and the Scornful Gaze,USA
psvdlc,PCSA00092,Soul Sacrifice,灵魂献祭 [英文版],DLC-SSS000FFN0000006,Additional Pact - The Headless Knight and the Starved Citizenry,USA
psvdlc,PCSA00092,Soul Sacrifice,灵魂献祭 [英文版],DLC-SSS000FFN0000012,Additional Pact - The Iron Lady's Tears of Red,USA
psvdlc,PCSA00092,Soul Sacrifice,灵魂献祭 [英文版],DLC-SSS000FFN0000007,Additional Pact - The Lushes and the Cook,USA
psvdlc,PCSA00092,Soul Sacrifice,灵魂献祭 [英文版],DLC-SSS000FFN0000010,Additional Pact - The Prince of Cats and the Lord of Flies,USA
psvdlc,PCSA00092,Soul Sacrifice,灵魂献祭 [英文版],DLC-SSS000FFN0000008,Additional Pact - The Revolutionary and the Sullied Maid's Shade,USA
psvdlc,PCSA00092,Soul Sacrifice,灵魂献祭 [英文版],DLC-SSS000FZN0000017,Black Rite - Angelus,USA
psvdlc,PCSA00092,Soul Sacrifice,灵魂献祭 [英文版],DLC-SSS000FZN0000016,Black Rite - Berserker,USA
psvdlc,PCSA00092,Soul Sacrifice,灵魂献祭 [英文版],DLC-SSS000CVN0000001,Japanese Voice-over Pack,USA
psvdlc,PCSA00092,Soul Sacrifice,灵魂献祭 [英文版],DLC-SSS000FZN0000020,Ragnarok Odyssey Ace Collaboration Costume - Ace of Souls,USA
psvdlc,PCSA00092,Soul Sacrifice,灵魂献祭 [英文版],DLC-SSS000FZN0000018,TOUKIDEN Collaboration Costume - Mononofu,USA
psvdlc,PCSA00099,Tearaway,撕纸小邮差™ [英文版],DLC-PREORDER00000000,Pig Skin,USA
psvdlc,PCSA00099,Tearaway,撕纸小邮差™ [英文版],DLC-PREORDER0AMAZON0,The LittleBigPaper Pack,USA
psvdlc,PCSA00107,Killzone: Mercenary,杀戮地带：雇佣兵 [英文版],DLC-P000000000001957,KillzoneTM Mercenary Botzone Soldier Training,USA
psvdlc,PCSA00107,Killzone: Mercenary,杀戮地带：雇佣兵 [英文版],DLC-P000000000001388,M224-A1,USA
psvdlc,PCSA00111,Paint Park Plus,绘画公园 Plus [英文版],DLC-SEASONWINTER0001,Paint Park Plus Coloring In Set Winter 1,USA
psvdlc,PCSA00111,Paint Park Plus,绘画公园 Plus [英文版],DLC-PICOTTOKNIGHT001,Paint Park Plus Sticker & Coloring In Set Picotto Knights 1,USA
psvdlc,PCSA00111,Paint Park Plus,绘画公园 Plus [英文版],DLC-DOKUROSTICKER001,Paint Park Plus Sticker Set DOKURO 1,USA
psvdlc,PCSA00111,Paint Park Plus,绘画公园 Plus [英文版],DLC-GRAVITYDAZE00001,Paint Park Plus Sticker Set GRAVITY RUSH 1,USA
psvdlc,PCSA00111,Paint Park Plus,绘画公园 Plus [英文版],DLC-GRAVITYDAZE00002,Paint Park Plus Sticker Set GRAVITY RUSH 2,USA
psvdlc,PCSA00111,Paint Park Plus,绘画公园 Plus [英文版],DLC-LITTLEBIGPLANET3,Paint Park Plus Sticker Set LITTLE BIG PLANET Alpahbet,USA
psvdlc,PCSA00111,Paint Park Plus,绘画公园 Plus [英文版],DLC-SPECIALPACK00001,Paint Park Plus Sticker Set Special Pack 1,USA
psvdlc,PCSA00111,Paint Park Plus,绘画公园 Plus [英文版],DLC-UNCHARTEDSTKR001,Paint Park Plus Sticker Set UNCHARTED 1,USA
psvdlc,PCSA00111,Paint Park Plus,绘画公园 Plus [英文版],DLC-FREEMIUMSPUIT001,Unlock Key (Eyedropper Tool),USA
psvdlc,PCSA00111,Paint Park Plus,绘画公园 Plus [英文版],DLC-FREEMIUMPALETTE1,Unlock Key (Palette),USA
psvdlc,PCSA00111,Paint Park Plus,绘画公园 Plus [英文版],DLC-FREEMIUMPEN00001,Unlock Key (Watercolor pen),USA
psvdlc,PCSA00118,Open Me!,箱！Open Me [英文版],DLC-PACK01D130601V00,Pack 01,USA
psvdlc,PCSA00118,Open Me!,箱！Open Me [英文版],DLC-PACK02D130601V00,Pack 02,USA
psvdlc,PCSA00118,Open Me!,箱！Open Me [英文版],DLC-PACK03D130601V00,Pack 03,USA
psvdlc,PCSA00118,Open Me!,箱！Open Me [英文版],DLC-PACK04D130601V00,Pack 04,USA
psvdlc,PCSA00118,Open Me!,箱！Open Me [英文版],DLC-PACK05D130601V00,Pack 05,USA
psvdlc,PCSA00118,Open Me!,箱！Open Me [英文版],DLC-PACK06D130601V00,Pack 06,USA
psvdlc,PCSA00118,Open Me!,箱！Open Me [英文版],DLC-PACK07D130601V00,Pack 07,USA
psvdlc,PCSA00118,Open Me!,箱！Open Me [英文版],DLC-PACK08D130601V00,Pack 08,USA
psvdlc,PCSA00118,Open Me!,箱！Open Me [英文版],DLC-PACK09D130601V00,Pack 09,USA
psvdlc,PCSA00118,Open Me!,箱！Open Me [英文版],DLC-PACK10D130601V00,Pack 10,USA
psvdlc,PCSA00118,Open Me!,箱！Open Me [英文版],DLC-PACK11D130601V00,Pack 11,USA
psvdlc,PCSA00118,Open Me!,箱！Open Me [英文版],DLC-PACK12D130601V00,Pack 12,USA
psvdlc,PCSA00118,Open Me!,箱！Open Me [英文版],DLC-PACK13D130601V00,Pack 13,USA
psvdlc,PCSA00135,flOw,flOw [英文版],DLC-FLOWPSVEXPPACK01,flOw Expansion,USA
psvdlc,PCSA00139,PlayStation Vita Pets,PlayStation®Vita宠物 [英文版],DLC-PCLOWN0000001865,PlayStation®Vita Pets Clown Outfit,USA
psvdlc,PCSA00139,PlayStation Vita Pets,PlayStation®Vita宠物 [英文版],DLC-PCOWBOY000001866,PlayStation®Vita Pets Cowboy Outfit,USA
psvdlc,PCSA00139,PlayStation Vita Pets,PlayStation®Vita宠物 [英文版],DLC-PDETECTIVE001868,PlayStation®Vita Pets Detective Outfit,USA
psvdlc,PCSA00139,PlayStation Vita Pets,PlayStation®Vita宠物 [英文版],DLC-PEGYPTIAN0001877,PlayStation®Vita Pets Egyptian Outfit,USA
psvdlc,PCSA00139,PlayStation Vita Pets,PlayStation®Vita宠物 [英文版],DLC-PFAIRY0000001867,PlayStation®Vita Pets Fairy Outfit,USA
psvdlc,PCSA00139,PlayStation Vita Pets,PlayStation®Vita宠物 [英文版],DLC-PFROG00000001875,PlayStation®Vita Pets Frog Outfit,USA
psvdlc,PCSA00139,PlayStation Vita Pets,PlayStation®Vita宠物 [英文版],DLC-PHOTDOG000001869,PlayStation®Vita Pets Hotdog Outfit,USA
psvdlc,PCSA00139,PlayStation Vita Pets,PlayStation®Vita宠物 [英文版],DLC-PLION00000001873,PlayStation®Vita Pets Lion Outfit,USA
psvdlc,PCSA00139,PlayStation Vita Pets,PlayStation®Vita宠物 [英文版],DLC-PNATIVE000001878,PlayStation®Vita Pets Native American Outfit,USA
psvdlc,PCSA00139,PlayStation Vita Pets,PlayStation®Vita宠物 [英文版],DLC-PPRINCESS0001872,PlayStation®Vita Pets Princess Outfit,USA
psvdlc,PCSA00139,PlayStation Vita Pets,PlayStation®Vita宠物 [英文版],DLC-PSCHOOL000001879,PlayStation®Vita Pets School Outfit,USA
psvdlc,PCSA00139,PlayStation Vita Pets,PlayStation®Vita宠物 [英文版],DLC-PSUMMER000001870,PlayStation®Vita Pets Summer Outfit,USA
psvdlc,PCSA00139,PlayStation Vita Pets,PlayStation®Vita宠物 [英文版],DLC-PSUNFLOWER001871,PlayStation®Vita Pets Sunflower Outfit,USA
psvdlc,PCSA00139,PlayStation Vita Pets,PlayStation®Vita宠物 [英文版],DLC-PVAMPIRE00001876,PlayStation®Vita Pets Vampire Outfit,USA
psvdlc,PCSA00139,PlayStation Vita Pets,PlayStation®Vita宠物 [英文版],DLC-PVIKING000001874,PlayStation®Vita Pets Viking Outfit,USA
psvdlc,PCSA00147,Freedom Wars,自由战争 [英文版],DLC-U000100PRM014ACA,Accessory Pack A,USA
psvdlc,PCSA00147,Freedom Wars,自由战争 [英文版],DLC-U000100PRM022BAG,Badge Pack A,USA
psvdlc,PCSA00147,Freedom Wars,自由战争 [英文版],DLC-U000100PRM140DBG,BGM Sticker Pack,USA
psvdlc,PCSA00147,Freedom Wars,自由战争 [英文版],DLC-U000100PRM030BGB,Bonus Song Million-Year Sentence of Love (Short Version),USA
psvdlc,PCSA00147,Freedom Wars,自由战争 [英文版],DLC-U000100PRM029BGA,Bonus Song Million-Year Sentence of Love,USA
psvdlc,PCSA00147,Freedom Wars,自由战争 [英文版],DLC-U000100PRM032BGD,Bonus Song Na Na Na!,USA
psvdlc,PCSA00147,Freedom Wars,自由战争 [英文版],DLC-U000100PRM031BGC,Bonus Song Panopticon Work Song No. 1,USA
psvdlc,PCSA00147,Freedom Wars,自由战争 [英文版],DLC-U000100PRM033BGE,Bonus Song Thorn Lullaby,USA
psvdlc,PCSA00147,Freedom Wars,自由战争 [英文版],DLC-U000100ITM013PCD,Citizen Pack D,USA
psvdlc,PCSA00147,Freedom Wars,自由战争 [英文版],DLC-U000100PRM019COA,Color Pack A,USA
psvdlc,PCSA00147,Freedom Wars,自由战争 [英文版],DLC-U000100PRM020COB,Color Pack B,USA
psvdlc,PCSA00147,Freedom Wars,自由战争 [英文版],DLC-U000100ITM00100A,Combat Item Pack A,USA
psvdlc,PCSA00147,Freedom Wars,自由战争 [英文版],DLC-U000100ITM00200B,Combat Item Pack B,USA
psvdlc,PCSA00147,Freedom Wars,自由战争 [英文版],DLC-U000100ITM00300C,Combat Item Pack C,USA
psvdlc,PCSA00147,Freedom Wars,自由战争 [英文版],DLC-U000100ITM00400D,Combat Item Pack D,USA
psvdlc,PCSA00147,Freedom Wars,自由战争 [英文版],DLC-U000100ITM00500E,Combat Item Pack E,USA
psvdlc,PCSA00147,Freedom Wars,自由战争 [英文版],DLC-U000100ITM00600F,Combat Item Pack F,USA
psvdlc,PCSA00147,Freedom Wars,自由战争 [英文版],DLC-U000100ITM00700G,Combat Item Pack G,USA
psvdlc,PCSA00147,Freedom Wars,自由战争 [英文版],DLC-U000100ITM00800H,Combat Item Pack H,USA
psvdlc,PCSA00147,Freedom Wars,自由战争 [英文版],DLC-U000100ITM00900I,Combat Item Pack I,USA
psvdlc,PCSA00147,Freedom Wars,自由战争 [英文版],DLC-U000100PRM006CPA,Costume Pack A,USA
psvdlc,PCSA00147,Freedom Wars,自由战争 [英文版],DLC-U000100PRM007CPB,Costume Pack B,USA
psvdlc,PCSA00147,Freedom Wars,自由战争 [英文版],DLC-U000100PRM008CPC,Costume Pack C,USA
psvdlc,PCSA00147,Freedom Wars,自由战争 [英文版],DLC-U000100PRM004SMP,Demo Download Bonus Pack,USA
psvdlc,PCSA00147,Freedom Wars,自由战争 [英文版],DLC-U000100PRM001PKA,Extra Content - Reclamation Pack,USA
psvdlc,PCSA00147,Freedom Wars,自由战争 [英文版],DLC-U000100PLT001PLA,Extra Facility Plot A,USA
psvdlc,PCSA00147,Freedom Wars,自由战争 [英文版],DLC-U000100PLT002PLB,Extra Facility Plot B,USA
psvdlc,PCSA00147,Freedom Wars,自由战争 [英文版],DLC-U000100PLT003PLC,Extra Facility Plot C,USA
psvdlc,PCSA00147,Freedom Wars,自由战争 [英文版],DLC-U000100PRM016EYA,Eye Pack A,USA
psvdlc,PCSA00147,Freedom Wars,自由战争 [英文版],DLC-U000100PRM026VHF,Female Accessory Voice A,USA
psvdlc,PCSA00147,Freedom Wars,自由战争 [英文版],DLC-U000100PRM027VHF,Female Accessory Voice B,USA
psvdlc,PCSA00147,Freedom Wars,自由战争 [英文版],DLC-U000100PRM028VHF,Female Accessory Voice C,USA
psvdlc,PCSA00147,Freedom Wars,自由战争 [英文版],DLC-U000100PRM018HAF,Female Hairstyle Pack A,USA
psvdlc,PCSA00147,Freedom Wars,自由战争 [英文版],DLC-U000100PRM012GLB,Glasses Pack B,USA
psvdlc,PCSA00147,Freedom Wars,自由战争 [英文版],DLC-U000100PRM013CAA,Hat Pack A,USA
psvdlc,PCSA00147,Freedom Wars,自由战争 [英文版],DLC-U000100PRM017HAM,Male Hairstyle Pack A,USA
psvdlc,PCSA00147,Freedom Wars,自由战争 [英文版],DLC-U000100PRM015MKA,Mask Pack A,USA
psvdlc,PCSA00147,Freedom Wars,自由战争 [英文版],DLC-U000100PRM009SL1,Right to Additional Custom Loadouts,USA
psvdlc,PCSA00147,Freedom Wars,自由战争 [英文版],DLC-U000100PRM120DBW,Signs & Symbols Pack 21,USA
psvdlc,PCSA00147,Freedom Wars,自由战争 [英文版],DLC-U000100PRM129DBW,Signs & Symbols Pack 30,USA
psvdlc,PCSA00147,Freedom Wars,自由战争 [英文版],DLC-U000100PRM130DBW,Signs & Symbols Pack 31,USA
psvdlc,PCSA00147,Freedom Wars,自由战争 [英文版],DLC-U000100PRM131DBW,Signs & Symbols Pack 32,USA
psvdlc,PCSA00147,Freedom Wars,自由战争 [英文版],DLC-U000100PRM134DBW,Signs & Symbols Pack 35,USA
psvdlc,PCSA00147,Freedom Wars,自由战争 [英文版],DLC-U000100PRM021MST,Warren Colors,USA
psvdlc,PCSA00147,Freedom Wars,自由战争 [英文版],DLC-U000100PRM010WPA,Weapon Pack A,USA
psvdlc,PCSA00150,No Heroes Allowed: No Puzzles Either!,勇者有点太嚣张 G [英文版],DLC-KONAMADRMBOX0001,Expanded Monster Quarters (1),USA
psvdlc,PCSA00150,No Heroes Allowed: No Puzzles Either!,勇者有点太嚣张 G [英文版],DLC-KONAMADRMBOX0002,Expanded Monster Quarters (2),USA
psvdlc,PCSA00150,No Heroes Allowed: No Puzzles Either!,勇者有点太嚣张 G [英文版],DLC-KONAMADRMBOX0003,Expanded Monster Quarters (3),USA
psvdlc,PCSA00150,No Heroes Allowed: No Puzzles Either!,勇者有点太嚣张 G [英文版],DLC-KONAMADRMMINE001,Increased Enslavement Quota (1),USA
psvdlc,PCSA00150,No Heroes Allowed: No Puzzles Either!,勇者有点太嚣张 G [英文版],DLC-KONAMADRMMINE002,Increased Enslavement Quota (2),USA
psvdlc,PCSA00150,No Heroes Allowed: No Puzzles Either!,勇者有点太嚣张 G [英文版],DLC-KONAMADRMMINE003,Increased Enslavement Quota (3),USA
psvdlc,PCSA00150,No Heroes Allowed: No Puzzles Either!,勇者有点太嚣张 G [英文版],DLC-KONAMADRMTICKET3,Pick (Bottomless),USA
psvdlc,PCSA00150,No Heroes Allowed: No Puzzles Either!,勇者有点太嚣张 G [英文版],DLC-KONAMADRMTICKET2,Pick (Deep),USA
psvdlc,PCSA00151,Dead Nation,死亡国度 [英文版],DLC-DEADNATIONDLCRD1,Road Of Devastation,USA
psvdlc,PCSA00152,Soul Sacrifice Delta,灵魂献祭 Delta [英文版],DLC-SSS000CVN0000001,Japanese Voice-over Pack,USA
psvdlc,PCSA00155,Oreshika: Tainted Bloodlines,俺尸 2 跨过俺的尸体前进吧 [英文版],DLC-DLCSPIRIT0147C00,Kiri no Mashū,USA
psvdlc,PCSA00155,Oreshika: Tainted Bloodlines,俺尸 2 跨过俺的尸体前进吧 [英文版],DLC-DLCSPIRIT0148C00,Tonkararin,USA
psvdlc,PCSA00798,Phineas and Ferb: Day of Doofenshmirtz,飞哥与小佛：与杜芬舒斯的一天 [英文版],DLC-ALLCO00000000000,The Phineas and Ferb costume pack bundle,USA
psvdlc,PCSB00037,StarDrone Extreme,炫彩迷幻 [英文版],DLC-DRONLEVELSKIPPER,StarDrone Extreme,EUR
psvdlc,PCSB00047,Touch my Katamari,块魂：变形 [英文版],DLC-VITAKTMRXMIS0000,Download Request #1 - Snowman!,EUR
psvdlc,PCSB00047,Touch my Katamari,块魂：变形 [英文版],DLC-VITAKTMRXMIS0001,Download Request #2 - Shopping,EUR
psvdlc,PCSB00047,Touch my Katamari,块魂：变形 [英文版],DLC-VITAKTMRXMIS0002,Download Request #3 - Maid Heaven,EUR
psvdlc,PCSB00047,Touch my Katamari,块魂：变形 [英文版],DLC-VITAKTMRXMIS0003,Download Request #4 - We Love PAC-MAN,EUR
psvdlc,PCSB00047,Touch my Katamari,块魂：变形 [英文版],DLC-VITAKTMRXMIS0004,Download Request #5 - Downhill Race,EUR
psvdlc,PCSB00047,Touch my Katamari,块魂：变形 [英文版],DLC-VITAKTMRXMIS0006,Download Request #6 - Katamari Fan Festival,EUR
psvdlc,PCSB00047,Touch my Katamari,块魂：变形 [英文版],DLC-VITAKTMRXMIS0005,Download Request #7 - Katamari Soccer,EUR
psvdlc,PCSB00047,Touch my Katamari,块魂：变形 [英文版],DLC-VITAKTMRXMIS0007,Download Request #8 - Athlete Abyss,EUR
psvdlc,PCSB00047,Touch my Katamari,块魂：变形 [英文版],DLC-VITAKTMRXMIS0008,Download Request #9 - The Great Journey,EUR
psvdlc,PCSB00048,Ridge Racer,山脊赛车 [英文版],DLC-0000000000050011,CAR - DIGNISTAR,EUR
psvdlc,PCSB00048,Ridge Racer,山脊赛车 [英文版],DLC-0000000000050008,CAR - ELENIE,EUR
psvdlc,PCSB00048,Ridge Racer,山脊赛车 [英文版],DLC-0000000000050012,CAR - EVOLVER,EUR
psvdlc,PCSB00048,Ridge Racer,山脊赛车 [英文版],DLC-0000000000050009,CAR - FATALITA,EUR
psvdlc,PCSB00048,Ridge Racer,山脊赛车 [英文版],DLC-0000000000050031,CAR - HORNET,EUR
psvdlc,PCSB00048,Ridge Racer,山脊赛车 [英文版],DLC-0000000000050010,CAR - MELTFIRE,EUR
psvdlc,PCSB00048,Ridge Racer,山脊赛车 [英文版],DLC-0000000000050030,CAR - PAC-MANSP,EUR
psvdlc,PCSB00048,Ridge Racer,山脊赛车 [英文版],DLC-0000000000050007,CAR - PROMESSA,EUR
psvdlc,PCSB00048,Ridge Racer,山脊赛车 [英文版],DLC-0000000000050013,CAR - RC410,EUR
psvdlc,PCSB00048,Ridge Racer,山脊赛车 [英文版],DLC-0000000000050014,CAR - WISDOM,EUR
psvdlc,PCSB00048,Ridge Racer,山脊赛车 [英文版],DLC-0000000000040008,COURSE - Lost Ruins,EUR
psvdlc,PCSB00048,Ridge Racer,山脊赛车 [英文版],DLC-0000000000040012,COURSE - Oceanfront Cruise Way,EUR
psvdlc,PCSB00048,Ridge Racer,山脊赛车 [英文版],DLC-0000000000040010,COURSE - Old Central,EUR
psvdlc,PCSB00048,Ridge Racer,山脊赛车 [英文版],DLC-0000000000040016,COURSE - Redstone Thunder Road,EUR
psvdlc,PCSB00048,Ridge Racer,山脊赛车 [英文版],DLC-0000000000040014,COURSE - Silver Mountain Skyway,EUR
psvdlc,PCSB00048,Ridge Racer,山脊赛车 [英文版],DLC-0000000000040006,COURSE - Sunset Heights,EUR
psvdlc,PCSB00048,Ridge Racer,山脊赛车 [英文版],DLC-0000000000030070,MUSIC - Angel Halo,EUR
psvdlc,PCSB00048,Ridge Racer,山脊赛车 [英文版],DLC-0000000000030052,MUSIC - Awakening,EUR
psvdlc,PCSB00048,Ridge Racer,山脊赛车 [英文版],DLC-0000000000030024,MUSIC - Bassrider,EUR
psvdlc,PCSB00048,Ridge Racer,山脊赛车 [英文版],DLC-0000000000030047,MUSIC - Beat Assassinator,EUR
psvdlc,PCSB00048,Ridge Racer,山脊赛车 [英文版],DLC-0000000000030063,MUSIC - Blue Topaz Remix,EUR
psvdlc,PCSB00048,Ridge Racer,山脊赛车 [英文版],DLC-0000000000030068,MUSIC - Burn Up The Road,EUR
psvdlc,PCSB00048,Ridge Racer,山脊赛车 [英文版],DLC-0000000000030011,MUSIC - Burnin' Rubber,EUR
psvdlc,PCSB00048,Ridge Racer,山脊赛车 [英文版],DLC-0000000000030077,MUSIC - Call of Apsara,EUR
psvdlc,PCSB00048,Ridge Racer,山脊赛车 [英文版],DLC-0000000000030022,MUSIC - Chrome Drive,EUR
psvdlc,PCSB00048,Ridge Racer,山脊赛车 [英文版],DLC-0000000000030083,MUSIC - Combustion,EUR
psvdlc,PCSB00048,Ridge Racer,山脊赛车 [英文版],DLC-0000000000030019,MUSIC - Dare Devil,EUR
psvdlc,PCSB00048,Ridge Racer,山脊赛车 [英文版],DLC-0000000000030025,MUSIC - Disco Ball,EUR
psvdlc,PCSB00048,Ridge Racer,山脊赛车 [英文版],DLC-0000000000030050,MUSIC - Down To Earth,EUR
psvdlc,PCSB00048,Ridge Racer,山脊赛车 [英文版],DLC-0000000000030082,MUSIC - Dr. Mad's Gone,EUR
psvdlc,PCSB00048,Ridge Racer,山脊赛车 [英文版],DLC-0000000000030038,MUSIC - Drift Psychosis,EUR
psvdlc,PCSB00048,Ridge Racer,山脊赛车 [英文版],DLC-0000000000030058,MUSIC - Drive U 2 Dancing Remix,EUR
psvdlc,PCSB00048,Ridge Racer,山脊赛车 [英文版],DLC-0000000000030087,MUSIC - Eat The World,EUR
psvdlc,PCSB00048,Ridge Racer,山脊赛车 [英文版],DLC-0000000000030084,MUSIC - Eat'em Up!,EUR
psvdlc,PCSB00048,Ridge Racer,山脊赛车 [英文版],DLC-0000000000030016,MUSIC - Euphoria,EUR
psvdlc,PCSB00048,Ridge Racer,山脊赛车 [英文版],DLC-0000000000030067,MUSIC - EUPHORIA,EUR
psvdlc,PCSB00048,Ridge Racer,山脊赛车 [英文版],DLC-0000000000030066,MUSIC - EXHNOTES,EUR
psvdlc,PCSB00048,Ridge Racer,山脊赛车 [英文版],DLC-0000000000030032,MUSIC - Explorers,EUR
psvdlc,PCSB00048,Ridge Racer,山脊赛车 [英文版],DLC-0000000000030037,MUSIC - Floodlight,EUR
psvdlc,PCSB00048,Ridge Racer,山脊赛车 [英文版],DLC-0000000000030048,MUSIC - Freak out,EUR
psvdlc,PCSB00048,Ridge Racer,山脊赛车 [英文版],DLC-0000000000030065,MUSIC - GRIP,EUR
psvdlc,PCSB00048,Ridge Racer,山脊赛车 [英文版],DLC-0000000000030046,MUSIC - Hard Drive,EUR
psvdlc,PCSB00048,Ridge Racer,山脊赛车 [英文版],DLC-0000000000030062,MUSIC - Heart of Hearts Remix,EUR
psvdlc,PCSB00048,Ridge Racer,山脊赛车 [英文版],DLC-0000000000030073,MUSIC - Heat Shadows,EUR
psvdlc,PCSB00048,Ridge Racer,山脊赛车 [英文版],DLC-0000000000030020,MUSIC - Highride,EUR
psvdlc,PCSB00048,Ridge Racer,山脊赛车 [英文版],DLC-0000000000030041,MUSIC - Highway Fusion,EUR
psvdlc,PCSB00048,Ridge Racer,山脊赛车 [英文版],DLC-0000000000030034,MUSIC - I Want You,EUR
psvdlc,PCSB00048,Ridge Racer,山脊赛车 [英文版],DLC-0000000000030061,MUSIC - Kamikaze Remix,EUR
psvdlc,PCSB00048,Ridge Racer,山脊赛车 [英文版],DLC-0000000000030031,MUSIC - Light Groove,EUR
psvdlc,PCSB00048,Ridge Racer,山脊赛车 [英文版],DLC-0000000000030054,MUSIC - Listen Up!,EUR
psvdlc,PCSB00048,Ridge Racer,山脊赛车 [英文版],DLC-0000000000030055,MUSIC - M.T.T.B.,EUR
psvdlc,PCSB00048,Ridge Racer,山脊赛车 [英文版],DLC-0000000000030085,MUSIC - Motor Pac City 5,EUR
psvdlc,PCSB00048,Ridge Racer,山脊赛车 [英文版],DLC-0000000000030014,MUSIC - Move Me,EUR
psvdlc,PCSB00048,Ridge Racer,山脊赛车 [英文版],DLC-0000000000030015,MUSIC - Movin' in Circles,EUR
psvdlc,PCSB00048,Ridge Racer,山脊赛车 [英文版],DLC-0000000000030078,MUSIC - My Crazy Chainsaw,EUR
psvdlc,PCSB00048,Ridge Racer,山脊赛车 [英文版],DLC-0000000000030009,MUSIC - Naked Glow,EUR
psvdlc,PCSB00048,Ridge Racer,山脊赛车 [英文版],DLC-0000000000030081,MUSIC - Napalm Sled,EUR
psvdlc,PCSB00048,Ridge Racer,山脊赛车 [英文版],DLC-0000000000030030,MUSIC - Night Stream,EUR
psvdlc,PCSB00048,Ridge Racer,山脊赛车 [英文版],DLC-0000000000030033,MUSIC - Nitro Mantra,EUR
psvdlc,PCSB00048,Ridge Racer,山脊赛车 [英文版],DLC-0000000000030079,MUSIC - Nitro Witch,EUR
psvdlc,PCSB00048,Ridge Racer,山脊赛车 [英文版],DLC-0000000000030076,MUSIC - NOx Warheads,EUR
psvdlc,PCSB00048,Ridge Racer,山脊赛车 [英文版],DLC-0000000000030044,MUSIC - Orbital Rock,EUR
psvdlc,PCSB00048,Ridge Racer,山脊赛车 [英文版],DLC-0000000000030008,MUSIC - Pearl Blue Soul,EUR
psvdlc,PCSB00048,Ridge Racer,山脊赛车 [英文版],DLC-0000000000030043,MUSIC - Photon Field,EUR
psvdlc,PCSB00048,Ridge Racer,山脊赛车 [英文版],DLC-0000000000030080,MUSIC - Psychokinesis,EUR
psvdlc,PCSB00048,Ridge Racer,山脊赛车 [英文版],DLC-0000000000030028,MUSIC - Pulse Phaze,EUR
psvdlc,PCSB00048,Ridge Racer,山脊赛车 [英文版],DLC-0000000000030012,MUSIC - Quiet Curves,EUR
psvdlc,PCSB00048,Ridge Racer,山脊赛车 [英文版],DLC-0000000000030089,MUSIC - RACER'S DELIGHT,EUR
psvdlc,PCSB00048,Ridge Racer,山脊赛车 [英文版],DLC-0000000000030042,MUSIC - Radience,EUR
psvdlc,PCSB00048,Ridge Racer,山脊赛车 [英文版],DLC-0000000000030071,MUSIC - Rage Racer Remix,EUR
psvdlc,PCSB00048,Ridge Racer,山脊赛车 [英文版],DLC-0000000000030059,MUSIC - Rareheroes,EUR
psvdlc,PCSB00048,Ridge Racer,山脊赛车 [英文版],DLC-0000000000030098,MUSIC - Ridge racer (RIDGE RACER USA MIX),EUR
psvdlc,PCSB00048,Ridge Racer,山脊赛车 [英文版],DLC-0000000000030064,MUSIC - Ridge racer(POWER REMIX),EUR
psvdlc,PCSB00048,Ridge Racer,山脊赛车 [英文版],DLC-0000000000030035,MUSIC - Road Mauler,EUR
psvdlc,PCSB00048,Ridge Racer,山脊赛车 [英文版],DLC-0000000000030074,MUSIC - Rolling Glider,EUR
psvdlc,PCSB00048,Ridge Racer,山脊赛车 [英文版],DLC-0000000000030060,MUSIC - Rotten7 Remix,EUR
psvdlc,PCSB00048,Ridge Racer,山脊赛车 [英文版],DLC-0000000000030056,MUSIC - Rotterdam Nation Remix,EUR
psvdlc,PCSB00048,Ridge Racer,山脊赛车 [英文版],DLC-0000000000030086,MUSIC - Run Pac-Man Run,EUR
psvdlc,PCSB00048,Ridge Racer,山脊赛车 [英文版],DLC-0000000000030018,MUSIC - Samurai Rocket,EUR
psvdlc,PCSB00048,Ridge Racer,山脊赛车 [英文版],DLC-0000000000030049,MUSIC - Saturation,EUR
psvdlc,PCSB00048,Ridge Racer,山脊赛车 [英文版],DLC-0000000000030053,MUSIC - Shut Up Baby,EUR
psvdlc,PCSB00048,Ridge Racer,山脊赛车 [英文版],DLC-0000000000030057,MUSIC - Speedster Remix,EUR
psvdlc,PCSB00048,Ridge Racer,山脊赛车 [英文版],DLC-0000000000030072,MUSIC - Stream of Lights,EUR
psvdlc,PCSB00048,Ridge Racer,山脊赛车 [英文版],DLC-0000000000030096,MUSIC - SUPER ACCELERATION,EUR
psvdlc,PCSB00048,Ridge Racer,山脊赛车 [英文版],DLC-0000000000030075,MUSIC - Supercruiser,EUR
psvdlc,PCSB00048,Ridge Racer,山脊赛车 [英文版],DLC-0000000000030029,MUSIC - Synthetic Life,EUR
psvdlc,PCSB00048,Ridge Racer,山脊赛车 [英文版],DLC-0000000000030095,MUSIC - TAKE YOU AWAY,EUR
psvdlc,PCSB00048,Ridge Racer,山脊赛车 [英文版],DLC-0000000000030027,MUSIC - Tek Trek,EUR
psvdlc,PCSB00048,Ridge Racer,山脊赛车 [英文版],DLC-0000000000030013,MUSIC - The Objective,EUR
psvdlc,PCSB00048,Ridge Racer,山脊赛车 [英文版],DLC-0000000000030088,MUSIC - THE TIME IS NOW,EUR
psvdlc,PCSB00048,Ridge Racer,山脊赛车 [英文版],DLC-0000000000030039,MUSIC - Trail of Light,EUR
psvdlc,PCSB00048,Ridge Racer,山脊赛车 [英文版],DLC-0000000000030051,MUSIC - Transparency,EUR
psvdlc,PCSB00048,Ridge Racer,山脊赛车 [英文版],DLC-0000000000030017,MUSIC - Tsui Tsui,EUR
psvdlc,PCSB00048,Ridge Racer,山脊赛车 [英文版],DLC-0000000000030026,MUSIC - Tunnel Visionary,EUR
psvdlc,PCSB00048,Ridge Racer,山脊赛车 [英文版],DLC-0000000000030045,MUSIC - Turn Me On,EUR
psvdlc,PCSB00048,Ridge Racer,山脊赛车 [英文版],DLC-0000000000030040,MUSIC - Ultra Cruise,EUR
psvdlc,PCSB00048,Ridge Racer,山脊赛车 [英文版],DLC-0000000000030036,MUSIC - Valley of the Mind,EUR
psvdlc,PCSB00048,Ridge Racer,山脊赛车 [英文版],DLC-0000000000030023,MUSIC - Vanishing Horizon,EUR
psvdlc,PCSB00048,Ridge Racer,山脊赛车 [英文版],DLC-0000000000030069,MUSIC - Venomous,EUR
psvdlc,PCSB00048,Ridge Racer,山脊赛车 [英文版],DLC-0000000000030021,MUSIC - Warp Trooper,EUR
psvdlc,PCSB00048,Ridge Racer,山脊赛车 [英文版],DLC-0000000000030010,MUSIC - Your Vibe,EUR
psvdlc,PCSB00049,Shinobido 2: Revenge of Zen,忍道 2：散华 [英文版],DLC-DLC001X000000000,The Mirror Spirits,EUR
psvdlc,PCSB00050,Army Corps of Hell,地狱军团 [英文版],DLC-ADDCONTENTRABBIT,Bunny ears equipment set,EUR
psvdlc,PCSB00050,Army Corps of Hell,地狱军团 [英文版],DLC-ADDCONTENTFROGXX,Frog equipment set,EUR
psvdlc,PCSB00050,Army Corps of Hell,地狱军团 [英文版],DLC-ADDCONTENTHALLWN,Pumpkin equipment set,EUR
psvdlc,PCSB00070,Ultimate Marvel vs. Capcom 3,终极漫画英雄VS卡普空 3 [英文版],DLC-CHARACTERPACK101,Additional Character - Jill,EUR
psvdlc,PCSB00070,Ultimate Marvel vs. Capcom 3,终极漫画英雄VS卡普空 3 [英文版],DLC-CHARACTERPACK102,Additional Character - Shuma-Gorath,EUR
psvdlc,PCSB00070,Ultimate Marvel vs. Capcom 3,终极漫画英雄VS卡普空 3 [英文版],DLC-COSTUMEPACK00012,Value Pack,EUR
psvdlc,PCSB00080,Pure Chess,纯粹国际象棋 [英文版],DLC-PCDLC004MODCAP00,Pure Chess®,EUR
psvdlc,PCSB00089,Dynasty Warriors Next,真•三国无双 NEXT [英文版],DLC-0000000000000061,Bao Sanniang original officer card,EUR
psvdlc,PCSB00089,Dynasty Warriors Next,真•三国无双 NEXT [英文版],DLC-0000000000000042,Cai Wenji original officer card,EUR
psvdlc,PCSB00089,Dynasty Warriors Next,真•三国无双 NEXT [英文版],DLC-0000000000000004,Cao Cao original officer card,EUR
psvdlc,PCSB00089,Dynasty Warriors Next,真•三国无双 NEXT [英文版],DLC-0000000000000022,Cao Pi original officer card,EUR
psvdlc,PCSB00089,Dynasty Warriors Next,真•三国无双 NEXT [英文版],DLC-0000000000000021,Cao Ren original officer card,EUR
psvdlc,PCSB00089,Dynasty Warriors Next,真•三国无双 NEXT [英文版],DLC-0000000000000043,Daqiao original officer card,EUR
psvdlc,PCSB00089,Dynasty Warriors Next,真•三国无双 NEXT [英文版],DLC-0000000000000048,Deng Ai original officer card,EUR
psvdlc,PCSB00089,Dynasty Warriors Next,真•三国无双 NEXT [英文版],DLC-0000000000000001,Dian Wei original officer card,EUR
psvdlc,PCSB00089,Dynasty Warriors Next,真•三国无双 NEXT [英文版],DLC-0000000000000015,Diaochan original officer card,EUR
psvdlc,PCSB00089,Dynasty Warriors Next,真•三国无双 NEXT [英文版],DLC-0000000000000054,Ding Feng original officer card,EUR
psvdlc,PCSB00089,Dynasty Warriors Next,真•三国无双 NEXT [英文版],DLC-0000000000000008,Gan Ning original officer card,EUR
psvdlc,PCSB00089,Dynasty Warriors Next,真•三国无双 NEXT [英文版],DLC-0000000000000033,Guan Ping original officer card,EUR
psvdlc,PCSB00089,Dynasty Warriors Next,真•三国无双 NEXT [英文版],DLC-0000000000000060,Guan Suo original officer card,EUR
psvdlc,PCSB00089,Dynasty Warriors Next,真•三国无双 NEXT [英文版],DLC-0000000000000011,Guan Yu original officer card,EUR
psvdlc,PCSB00089,Dynasty Warriors Next,真•三国无双 NEXT [英文版],DLC-0000000000000053,Guo Huai original officer card,EUR
psvdlc,PCSB00089,Dynasty Warriors Next,真•三国无双 NEXT [英文版],DLC-0000000000000064,Guo Jia original officer card,EUR
psvdlc,PCSB00089,Dynasty Warriors Next,真•三国无双 NEXT [英文版],DLC-0000000000000025,Huang Gai original officer card,EUR
psvdlc,PCSB00089,Dynasty Warriors Next,真•三国无双 NEXT [英文版],DLC-0000000000000031,Huang Zhong original officer card,EUR
psvdlc,PCSB00089,Dynasty Warriors Next,真•三国无双 NEXT [英文版],DLC-0000000000000045,Jia Xu original officer card,EUR
psvdlc,PCSB00089,Dynasty Warriors Next,真•三国无双 NEXT [英文版],DLC-0000000000000044,Jiang Wei original officer card,EUR
psvdlc,PCSB00089,Dynasty Warriors Next,真•三国无双 NEXT [英文版],DLC-0000000000000057,Lianshi original officer card,EUR
psvdlc,PCSB00089,Dynasty Warriors Next,真•三国无双 NEXT [英文版],DLC-0000000000000027,Ling Tong original officer card,EUR
psvdlc,PCSB00089,Dynasty Warriors Next,真•三国无双 NEXT [英文版],DLC-0000000000000014,Liu Bei original officer card,EUR
psvdlc,PCSB00089,Dynasty Warriors Next,真•三国无双 NEXT [英文版],DLC-0000000000000055,Liu Shan original officer card,EUR
psvdlc,PCSB00089,Dynasty Warriors Next,真•三国无双 NEXT [英文版],DLC-0000000000000016,Lu Bu original officer card,EUR
psvdlc,PCSB00089,Dynasty Warriors Next,真•三国无双 NEXT [英文版],DLC-0000000000000024,Lu Meng original officer card,EUR
psvdlc,PCSB00089,Dynasty Warriors Next,真•三国无双 NEXT [英文版],DLC-0000000000000006,Lu Xun original officer card,EUR
psvdlc,PCSB00089,Dynasty Warriors Next,真•三国无双 NEXT [英文版],DLC-0000000000000030,Ma Chao original officer card,EUR
psvdlc,PCSB00089,Dynasty Warriors Next,真•三国无双 NEXT [英文版],DLC-0000000000000058,Ma Dai original officer card,EUR
psvdlc,PCSB00089,Dynasty Warriors Next,真•三国无双 NEXT [英文版],DLC-0000000000000062,Pang De original officer card,EUR
psvdlc,PCSB00089,Dynasty Warriors Next,真•三国无双 NEXT [英文版],DLC-0000000000000034,Pang Tong original officer card,EUR
psvdlc,PCSB00089,Dynasty Warriors Next,真•三国无双 NEXT [英文版],DLC-0000000000000046,Sima Shi original officer card,EUR
psvdlc,PCSB00089,Dynasty Warriors Next,真•三国无双 NEXT [英文版],DLC-0000000000000002,Sima Yi original officer card,EUR
psvdlc,PCSB00089,Dynasty Warriors Next,真•三国无双 NEXT [英文版],DLC-0000000000000047,Sima Zhao original officer card,EUR
psvdlc,PCSB00089,Dynasty Warriors Next,真•三国无双 NEXT [英文版],DLC-0000000000000028,Sun Ce original officer card,EUR
psvdlc,PCSB00089,Dynasty Warriors Next,真•三国无双 NEXT [英文版],DLC-0000000000000009,Sun Jian original officer card,EUR
psvdlc,PCSB00089,Dynasty Warriors Next,真•三国无双 NEXT [英文版],DLC-0000000000000029,Sun Quan original officer card,EUR
psvdlc,PCSB00089,Dynasty Warriors Next,真•三国无双 NEXT [英文版],DLC-0000000000000007,Sun Shangxiang original officer card,EUR
psvdlc,PCSB00089,Dynasty Warriors Next,真•三国无双 NEXT [英文版],DLC-0000000000000023,Taishi Ci original officer card,EUR
psvdlc,PCSB00089,Dynasty Warriors Next,真•三国无双 NEXT [英文版],DLC-0000000000000063,Wang Yi original officer card,EUR
psvdlc,PCSB00089,Dynasty Warriors Next,真•三国无双 NEXT [英文版],DLC-0000000000000049,Wang Yuanji original officer card,EUR
psvdlc,PCSB00089,Dynasty Warriors Next,真•三国无双 NEXT [英文版],DLC-0000000000000032,Wei Yan original officer card,EUR
psvdlc,PCSB00089,Dynasty Warriors Next,真•三国无双 NEXT [英文版],DLC-0000000000000052,Xiahou Ba original officer card,EUR
psvdlc,PCSB00089,Dynasty Warriors Next,真•三国无双 NEXT [英文版],DLC-0000000000000000,Xiahou Dun original officer card,EUR
psvdlc,PCSB00089,Dynasty Warriors Next,真•三国无双 NEXT [英文版],DLC-0000000000000018,Xiahou Yuan original officer card,EUR
psvdlc,PCSB00089,Dynasty Warriors Next,真•三国无双 NEXT [英文版],DLC-0000000000000039,Xiaoqiao original officer card,EUR
psvdlc,PCSB00089,Dynasty Warriors Next,真•三国无双 NEXT [英文版],DLC-0000000000000056,Xingcai original officer card,EUR
psvdlc,PCSB00089,Dynasty Warriors Next,真•三国无双 NEXT [英文版],DLC-0000000000000019,Xu Huang original officer card,EUR
psvdlc,PCSB00089,Dynasty Warriors Next,真•三国无双 NEXT [英文版],DLC-0000000000000017,Xu Zhu original officer card,EUR
psvdlc,PCSB00089,Dynasty Warriors Next,真•三国无双 NEXT [英文版],DLC-0000000000000040,Yueying original officer card,EUR
psvdlc,PCSB00089,Dynasty Warriors Next,真•三国无双 NEXT [英文版],DLC-0000000000000012,Zhang Fei original officer card,EUR
psvdlc,PCSB00089,Dynasty Warriors Next,真•三国无双 NEXT [英文版],DLC-0000000000000020,Zhang He original officer card,EUR
psvdlc,PCSB00089,Dynasty Warriors Next,真•三国无双 NEXT [英文版],DLC-0000000000000003,Zhang Liao original officer card,EUR
psvdlc,PCSB00089,Dynasty Warriors Next,真•三国无双 NEXT [英文版],DLC-0000000000000010,Zhao Yun original officer card,EUR
psvdlc,PCSB00089,Dynasty Warriors Next,真•三国无双 NEXT [英文版],DLC-0000000000000038,Zhenji original officer card,EUR
psvdlc,PCSB00089,Dynasty Warriors Next,真•三国无双 NEXT [英文版],DLC-0000000000000050,Zhong Hui original officer card,EUR
psvdlc,PCSB00089,Dynasty Warriors Next,真•三国无双 NEXT [英文版],DLC-0000000000000026,Zhou Tai original officer card,EUR
psvdlc,PCSB00089,Dynasty Warriors Next,真•三国无双 NEXT [英文版],DLC-0000000000000005,Zhou Yu original officer card,EUR
psvdlc,PCSB00089,Dynasty Warriors Next,真•三国无双 NEXT [英文版],DLC-0000000000000051,Zhuge Dan original officer card,EUR
psvdlc,PCSB00089,Dynasty Warriors Next,真•三国无双 NEXT [英文版],DLC-0000000000000013,Zhuge Liang original officer card,EUR
psvdlc,PCSB00094,Zen Pinball 2,ZEN弹珠台 2 [英文版],DLC-ZENPINBALL2SWPK1,Star Wars Pinball (Unlock),EUR
psvdlc,PCSB00094,Zen Pinball 2,ZEN弹珠台 2 [英文版],DLC-ZENPINBALL2SWPP1,Star Wars Pinball,EUR
psvdlc,PCSB00094,Zen Pinball 2,ZEN弹珠台 2 [英文版],DLC-ZENPINBALL2ALN00,Zen Pinball 2 - Aliens vs. Pinball (Trial),EUR
psvdlc,PCSB00094,Zen Pinball 2,ZEN弹珠台 2 [英文版],DLC-ZENPINBALL2ALN0K,Zen Pinball 2 - Aliens vs. Pinball (Unlock),EUR
psvdlc,PCSB00094,Zen Pinball 2,ZEN弹珠台 2 [英文版],DLC-ZENPINBALL2FOX00,Zen Pinball 2 - Balls of Glory Pinball (Trial),EUR
psvdlc,PCSB00094,Zen Pinball 2,ZEN弹珠台 2 [英文版],DLC-ZENPINBALL2FOX0K,Zen Pinball 2 - Balls of Glory Pinball,EUR
psvdlc,PCSB00094,Zen Pinball 2,ZEN弹珠台 2 [英文版],DLC-ZENPINBALL2BETH0,Zen Pinball 2 - Bethesda® Pinball (Trial),EUR
psvdlc,PCSB00094,Zen Pinball 2,ZEN弹珠台 2 [英文版],DLC-ZENPINBALL2BETHK,Zen Pinball 2 - Bethesda® Pinball (Unlock),EUR
psvdlc,PCSB00094,Zen Pinball 2,ZEN弹珠台 2 [英文版],DLC-ZENPINBALL2CAPA1,Zen Pinball 2 - Captain America,EUR
psvdlc,PCSB00094,Zen Pinball 2,ZEN弹珠台 2 [英文版],DLC-ZENPINBALL2COREK,Zen Pinball 2 - Cora Pack,EUR
psvdlc,PCSB00094,Zen Pinball 2,ZEN弹珠台 2 [英文版],DLC-ZENPINBALL2CORE0,Zen Pinball 2 - Core Pack (Trial),EUR
psvdlc,PCSB00094,Zen Pinball 2,ZEN弹珠台 2 [英文版],DLC-ZENPINBALL2DEAD0,Zen Pinball 2 - Deadpool (Trial),EUR
psvdlc,PCSB00094,Zen Pinball 2,ZEN弹珠台 2 [英文版],DLC-ZENPINBALL2DEADK,Zen Pinball 2 - Deadpool,EUR
psvdlc,PCSB00094,Zen Pinball 2,ZEN弹珠台 2 [英文版],DLC-ZENPINBALL2STR00,Zen Pinball 2 - Doctor Strange (Trial),EUR
psvdlc,PCSB00094,Zen Pinball 2,ZEN弹珠台 2 [英文版],DLC-ZENPINBALL2STR0K,Zen Pinball 2 - Doctor Strange,EUR
psvdlc,PCSB00094,Zen Pinball 2,ZEN弹珠台 2 [英文版],DLC-ZENPINBALL2EARD1,Zen Pinball 2 - Earth Defense,EUR
psvdlc,PCSB00094,Zen Pinball 2,ZEN弹珠台 2 [英文版],DLC-ZENPINBALL2EPIQ1,Zen Pinball 2 - Epic Quest,EUR
psvdlc,PCSB00094,Zen Pinball 2,ZEN弹珠台 2 [英文版],DLC-ZENPINBALL2GOTG0,Zen Pinball 2 - Guardians of the Galaxy (Trial),EUR
psvdlc,PCSB00094,Zen Pinball 2,ZEN弹珠台 2 [英文版],DLC-ZENPINBALL2GOTGK,Zen Pinball 2 - Guardians of the Galaxy,EUR
psvdlc,PCSB00094,Zen Pinball 2,ZEN弹珠台 2 [英文版],DLC-ZENPINBALL2IRNS0,Zen Pinball 2 - Iron & Steel Pack (Trial),EUR
psvdlc,PCSB00094,Zen Pinball 2,ZEN弹珠台 2 [英文版],DLC-ZENPINBALL2IRNSK,Zen Pinball 2 - Iron & Steel Pack,EUR
psvdlc,PCSB00094,Zen Pinball 2,ZEN弹珠台 2 [英文版],DLC-ZENPINBALL2MARS1,Zen Pinball 2 - Mars,EUR
psvdlc,PCSB00094,Zen Pinball 2,ZEN弹珠台 2 [英文版],DLC-ZENPINBALL2MPOP1,Zen Pinball 2 - Marvel Pinball Original Pack,EUR
psvdlc,PCSB00094,Zen Pinball 2,ZEN弹珠台 2 [英文版],DLC-ZENPINBALL2MPVV1,Zen Pinball 2 - Marvel Pinball Vengeance and Virtue,EUR
psvdlc,PCSB00094,Zen Pinball 2,ZEN弹珠台 2 [英文版],DLC-ZENPINBALL2ULTR0,Zen Pinball 2 - Marvel's Avengers - Age of Ultron (Trial),EUR
psvdlc,PCSB00094,Zen Pinball 2,ZEN弹珠台 2 [英文版],DLC-ZENPINBALL2ULTRK,Zen Pinball 2 - Marvel's Avengers - Age of Ultron,EUR
psvdlc,PCSB00094,Zen Pinball 2,ZEN弹珠台 2 [英文版],DLC-ZENPINBALL2WOP00,Zen Pinball 2 - Marvel's Women of Power (Trial),EUR
psvdlc,PCSB00094,Zen Pinball 2,ZEN弹珠台 2 [英文版],DLC-ZENPINBALL2WOP0K,Zen Pinball 2 - Marvel's Women of Power (Unlock),EUR
psvdlc,PCSB00094,Zen Pinball 2,ZEN弹珠台 2 [英文版],DLC-ZENPINBALL2ANT00,Zen Pinball 2 - Marvel’s Ant-Man (Trial),EUR
psvdlc,PCSB00094,Zen Pinball 2,ZEN弹珠台 2 [英文版],DLC-ZENPINBALL2ANT0K,Zen Pinball 2 - Marvel’s Ant-Man,EUR
psvdlc,PCSB00094,Zen Pinball 2,ZEN弹珠台 2 [英文版],DLC-ZENPINBALL2NING1,Zen Pinball 2 - Ninja Gaiden Sigma II,EUR
psvdlc,PCSB00094,Zen Pinball 2,ZEN弹珠台 2 [英文版],DLC-ZENPINBALL2PARA1,Zen Pinball 2 - Paranormal,EUR
psvdlc,PCSB00094,Zen Pinball 2,ZEN弹珠台 2 [英文版],DLC-ZENPINBALL2PORT0,Zen Pinball 2 - Portal ® (Trial),EUR
psvdlc,PCSB00094,Zen Pinball 2,ZEN弹珠台 2 [英文版],DLC-ZENPINBALL2PORTK,Zen Pinball 2 - Portal ®,EUR
psvdlc,PCSB00094,Zen Pinball 2,ZEN弹珠台 2 [英文版],DLC-ZENPINBALL2SORC1,Zen Pinball 2 - Sorcerer's Lair,EUR
psvdlc,PCSB00094,Zen Pinball 2,ZEN弹珠台 2 [英文版],DLC-ZENPINBALL2SWPP2,Zen Pinball 2 - Star Wars Pinball - Balance of the Force (Trial),EUR
psvdlc,PCSB00094,Zen Pinball 2,ZEN弹珠台 2 [英文版],DLC-ZENPINBALL2SWPK2,Zen Pinball 2 - Star Wars Pinball - Balance of the Force (Unlock),EUR
psvdlc,PCSB00094,Zen Pinball 2,ZEN弹珠台 2 [英文版],DLC-ZENPINBALL2SWPRK,Zen Pinball 2 - Star Wars Pinball - Star Wars Rebels (Unlock),EUR
psvdlc,PCSB00094,Zen Pinball 2,ZEN弹珠台 2 [英文版],DLC-ZENPINBALL2SWPP3,Zen Pinball 2 - Star WarsTM Pinball - Heroes Within (Trial),EUR
psvdlc,PCSB00094,Zen Pinball 2,ZEN弹珠台 2 [英文版],DLC-ZENPINBALL2SWPK3,Zen Pinball 2 - Star WarsTM Pinball - Heroes Within (Unlock),EUR
psvdlc,PCSB00094,Zen Pinball 2,ZEN弹珠台 2 [英文版],DLC-ZENPINBALL2LAPB0,Zen Pinball 2 - Star WarsTM Pinball - Rogue OneTM (Trial),EUR
psvdlc,PCSB00094,Zen Pinball 2,ZEN弹珠台 2 [英文版],DLC-ZENPINBALL2LAPBK,Zen Pinball 2 - Star WarsTM Pinball - Rogue OneTM (Unlock),EUR
psvdlc,PCSB00094,Zen Pinball 2,ZEN弹珠台 2 [英文版],DLC-ZENPINBALL2SWPR0,Zen Pinball 2 - Star WarsTM Pinball - Star Wars RebelsTM (Trial),EUR
psvdlc,PCSB00094,Zen Pinball 2,ZEN弹珠台 2 [英文版],DLC-ZENPINBALL2MAY00,Zen Pinball 2 - Star WarsTM Pinball - The Force AwakensTM Pack (Trial),EUR
psvdlc,PCSB00094,Zen Pinball 2,ZEN弹珠台 2 [英文版],DLC-ZENPINBALL2MAY0K,Zen Pinball 2 - Star WarsTM Pinball - The Force AwakensTM Pack (Unlock),EUR
psvdlc,PCSB00094,Zen Pinball 2,ZEN弹珠台 2 [英文版],DLC-ZENPINBALL2SSFT1,Zen Pinball 2 - Super Street Fighter II Tribute,EUR
psvdlc,PCSB00094,Zen Pinball 2,ZEN弹珠台 2 [英文版],DLC-ZENPINBALL2WD000,Zen Pinball 2 - The Walking Dead (Trial),EUR
psvdlc,PCSB00094,Zen Pinball 2,ZEN弹珠台 2 [英文版],DLC-ZENPINBALL2WD00K,Zen Pinball 2 - The Walking Dead,EUR
psvdlc,PCSB00094,Zen Pinball 2,ZEN弹珠台 2 [英文版],DLC-ZENPINBALL2VEN00,Zen Pinball 2 - Venom (Trial),EUR
psvdlc,PCSB00094,Zen Pinball 2,ZEN弹珠台 2 [英文版],DLC-ZENPINBALL2VEN0K,Zen Pinball 2 - Venom (Unlock),EUR
psvdlc,PCSB00094,Zen Pinball 2,ZEN弹珠台 2 [英文版],DLC-ZENPINBALL2ZPCL1,Zen Pinball 2 - Zen Pinball Classics,EUR
psvdlc,PCSB00094,Zen Pinball 2,ZEN弹珠台 2 [英文版],DLC-ZENPIN2AVEN000K1,Zen Pinball 2,EUR
psvdlc,PCSB00094,Zen Pinball 2,ZEN弹珠台 2 [英文版],DLC-ZENPINBALL2CAPK1,Zen Pinball 2,EUR
psvdlc,PCSB00094,Zen Pinball 2,ZEN弹珠台 2 [英文版],DLC-ZENPINBALL2CIVK1,Zen Pinball 2,EUR
psvdlc,PCSB00094,Zen Pinball 2,ZEN弹珠台 2 [英文版],DLC-ZENPINBALL2CIVW1,Zen Pinball 2,EUR
psvdlc,PCSB00094,Zen Pinball 2,ZEN弹珠台 2 [英文版],DLC-ZENPINBALL2EARK1,Zen Pinball 2,EUR
psvdlc,PCSB00094,Zen Pinball 2,ZEN弹珠台 2 [英文版],DLC-ZENPINBALL2EPIK1,Zen Pinball 2,EUR
psvdlc,PCSB00094,Zen Pinball 2,ZEN弹珠台 2 [英文版],DLC-ZENPINBALL2EXCA1,Zen Pinball 2,EUR
psvdlc,PCSB00094,Zen Pinball 2,ZEN弹珠台 2 [英文版],DLC-ZENPINBALL2EXCK1,Zen Pinball 2,EUR
psvdlc,PCSB00094,Zen Pinball 2,ZEN弹珠台 2 [英文版],DLC-ZENPINBALL2FANF1,Zen Pinball 2,EUR
psvdlc,PCSB00094,Zen Pinball 2,ZEN弹珠台 2 [英文版],DLC-ZENPINBALL2FANK1,Zen Pinball 2,EUR
psvdlc,PCSB00094,Zen Pinball 2,ZEN弹珠台 2 [英文版],DLC-ZENPINBALL2MARK1,Zen Pinball 2,EUR
psvdlc,PCSB00094,Zen Pinball 2,ZEN弹珠台 2 [英文版],DLC-ZENPINBALL2MPOK1,Zen Pinball 2,EUR
psvdlc,PCSB00094,Zen Pinball 2,ZEN弹珠台 2 [英文版],DLC-ZENPINBALL2MPVK1,Zen Pinball 2,EUR
psvdlc,PCSB00094,Zen Pinball 2,ZEN弹珠台 2 [英文版],DLC-ZENPINBALL2NINK1,Zen Pinball 2,EUR
psvdlc,PCSB00094,Zen Pinball 2,ZEN弹珠台 2 [英文版],DLC-ZENPINBALL2PARK1,Zen Pinball 2,EUR
psvdlc,PCSB00094,Zen Pinball 2,ZEN弹珠台 2 [英文版],DLC-ZENPINBALL2PVSK1,Zen Pinball 2,EUR
psvdlc,PCSB00094,Zen Pinball 2,ZEN弹珠台 2 [英文版],DLC-ZENPINBALL2PVSZ1,Zen Pinball 2,EUR
psvdlc,PCSB00094,Zen Pinball 2,ZEN弹珠台 2 [英文版],DLC-ZENPINBALL2SORK1,Zen Pinball 2,EUR
psvdlc,PCSB00094,Zen Pinball 2,ZEN弹珠台 2 [英文版],DLC-ZENPINBALL2SSFK1,Zen Pinball 2,EUR
psvdlc,PCSB00094,Zen Pinball 2,ZEN弹珠台 2 [英文版],DLC-ZENPINBALL2ZPCK1,Zen Pinball 2,EUR
psvdlc,PCSB00102,Chronovolt,滚球游戏 [英文版],DLC-NEWCHRONOSPHERES,Chronovolt,EUR
psvdlc,PCSB00109,New Little King's Story,国王、魔王与7位公主：新•国王物语 [英文版],DLC-NEWKNGSTRYDLC007,Princess Battle Outfit Set 1,EUR
psvdlc,PCSB00109,New Little King's Story,国王、魔王与7位公主：新•国王物语 [英文版],DLC-NEWKNGSTRYDLC008,Princess Battle Outfit Set 2,EUR
psvdlc,PCSB00109,New Little King's Story,国王、魔王与7位公主：新•国王物语 [英文版],DLC-NEWKNGSTRYDLC015,Supreme Ruler Dragon Set,EUR
psvdlc,PCSB00111,CastleStorm,城堡风暴 [英文版],DLC-CASTLESTORMDLC01,CastleStorm - From Outcast to Savior,EUR
psvdlc,PCSB00111,CastleStorm,城堡风暴 [英文版],DLC-CASTLESTORMDLC02,CastleStorm - The Warrior Queen,EUR
psvdlc,PCSB00115,Silent Hill: Book of Memories,寂静岭：记忆之书 [英文版],DLC-SILENTHILLBOOKD1,Silent Hill - Book of Memories DLC Pack 1,EUR
psvdlc,PCSB00116,Pinball Arcade,街机弹珠台 [英文版],DLC-ADDCONT000000010,Pinball Arcade Table Pack 10,EUR
psvdlc,PCSB00144,Street Fighter X Tekken,街霸×铁拳 [英文版],DLC-00112COSCLRPTN01,Color Palette Add-On 1,EUR
psvdlc,PCSB00144,Street Fighter X Tekken,街霸×铁拳 [英文版],DLC-00121COSCLRPTN10,Color Palette Add-On 10,EUR
psvdlc,PCSB00144,Street Fighter X Tekken,街霸×铁拳 [英文版],DLC-00113COSCLRPTN02,Color Palette Add-On 2,EUR
psvdlc,PCSB00144,Street Fighter X Tekken,街霸×铁拳 [英文版],DLC-00114COSCLRPTN03,Color Palette Add-On 3,EUR
psvdlc,PCSB00144,Street Fighter X Tekken,街霸×铁拳 [英文版],DLC-00115COSCLRPTN04,Color Palette Add-On 4,EUR
psvdlc,PCSB00144,Street Fighter X Tekken,街霸×铁拳 [英文版],DLC-00116COSCLRPTN05,Color Palette Add-On 5,EUR
psvdlc,PCSB00144,Street Fighter X Tekken,街霸×铁拳 [英文版],DLC-00117COSCLRPTN06,Color Palette Add-On 6,EUR
psvdlc,PCSB00144,Street Fighter X Tekken,街霸×铁拳 [英文版],DLC-00118COSCLRPTN07,Color Palette Add-On 7,EUR
psvdlc,PCSB00144,Street Fighter X Tekken,街霸×铁拳 [英文版],DLC-00119COSCLRPTN08,Color Palette Add-On 8,EUR
psvdlc,PCSB00144,Street Fighter X Tekken,街霸×铁拳 [英文版],DLC-00120COSCLRPTN09,Color Palette Add-On 9,EUR
psvdlc,PCSB00144,Street Fighter X Tekken,街霸×铁拳 [英文版],DLC-00111COSPACARGAA,DLC Char Alternate Costume Complete Pack,EUR
psvdlc,PCSB00144,Street Fighter X Tekken,街霸×铁拳 [英文版],DLC-00425SPCSYS00001,Preset Combo 3,EUR
psvdlc,PCSB00144,Street Fighter X Tekken,街霸×铁拳 [英文版],DLC-00426SPCSYS00002,Preset Combo 4,EUR
psvdlc,PCSB00144,Street Fighter X Tekken,街霸×铁拳 [英文版],DLC-00427SPCSYS00003,Preset Combo 5,EUR
psvdlc,PCSB00144,Street Fighter X Tekken,街霸×铁拳 [英文版],DLC-00123COSCLRSPC01,Special Color Palette 1,EUR
psvdlc,PCSB00144,Street Fighter X Tekken,街霸×铁拳 [英文版],DLC-00125COSCLRSPC03,Special Color Palette 2,EUR
psvdlc,PCSB00144,Street Fighter X Tekken,街霸×铁拳 [英文版],DLC-00124COSCLRSPC02,Special Color Palette 3,EUR
psvdlc,PCSB00144,Street Fighter X Tekken,街霸×铁拳 [英文版],DLC-00126COSCLRSPC04,Special Color Palette 4,EUR
psvdlc,PCSB00189,Guacamelee!,墨西哥英雄大乱斗 [英文版],DLC-GUACAMELEESKIN00,Guacamelee!,EUR
psvdlc,PCSB00189,Guacamelee!,墨西哥英雄大乱斗 [英文版],DLC-PGUACAMELE000002,Guacamelee!,EUR
psvdlc,PCSB00190,Sonic & All-Stars Racing Transformed,索尼克与世嘉全明星赛车：变形 [英文版],DLC-SASRXFORMEDDLC01,Sonic TransformedTM - Bonus Pack,EUR
psvdlc,PCSB00204,WRC 3 - FIA World Rally Championship,世界拉力锦标赛 3 [英文版],DLC-WRC3VITADLC01000,WRC 3 Extra Rally,EUR
psvdlc,PCSB00239,Earth Defense Force 2017 Portable,地球防卫军 3 携带版 [英文版],DLC-WEAPONDLC0000001,Earth Defense Force 2017 Portable Bonus Weapon Electro paralyzer,EUR
psvdlc,PCSB00239,Earth Defense Force 2017 Portable,地球防卫军 3 携带版 [英文版],DLC-WEAPONDLC0000002,Earth Defense Force 2017 Portable Bonus Weapon Heat Blaster,EUR
psvdlc,PCSB00239,Earth Defense Force 2017 Portable,地球防卫军 3 携带版 [英文版],DLC-WEAPONDLC0000004,Earth Defense Force 2017 Portable Bonus Weapon Limit Booster,EUR
psvdlc,PCSB00239,Earth Defense Force 2017 Portable,地球防卫军 3 携带版 [英文版],DLC-WEAPONDLC0000003,Earth Defense Force 2017 Portable Bonus Weapon Reverse Drone,EUR
psvdlc,PCSB00254,Star Wars Pinball,星球大战弹珠台 [英文版],DLC-SWPINBALLBOTF001,Star Wars Pinball - Balance of the Force (Trial),EUR
psvdlc,PCSB00254,Star Wars Pinball,星球大战弹珠台 [英文版],DLC-SWPINBALLBOTF0K1,Star Wars Pinball - Balance of the Force (Unlock),EUR
psvdlc,PCSB00254,Star Wars Pinball,星球大战弹珠台 [英文版],DLC-SWPINBALL00000K1,Star Wars Pinball - Unlock Key,EUR
psvdlc,PCSB00254,Star Wars Pinball,星球大战弹珠台 [英文版],DLC-SWPINBALLHW00001,Star WarsTM Pinball - Heroes Within (Trial),EUR
psvdlc,PCSB00254,Star Wars Pinball,星球大战弹珠台 [英文版],DLC-SWPINBALLHW000K1,Star WarsTM Pinball - Heroes Within (Unlock),EUR
psvdlc,PCSB00254,Star Wars Pinball,星球大战弹珠台 [英文版],DLC-SWPINBALLLAPB000,Star WarsTM Pinball - Rogue OneTM (Trial),EUR
psvdlc,PCSB00254,Star Wars Pinball,星球大战弹珠台 [英文版],DLC-SWPINBALLLAPB00K,Star WarsTM Pinball - Rogue OneTM (Unlock),EUR
psvdlc,PCSB00254,Star Wars Pinball,星球大战弹珠台 [英文版],DLC-SWPINBALLREBELS0,Star WarsTM Pinball - Star Wars RebelsTM (Trial),EUR
psvdlc,PCSB00254,Star Wars Pinball,星球大战弹珠台 [英文版],DLC-SWPINBALLREBELSK,Star WarsTM Pinball - Star Wars RebelsTM (Unlock),EUR
psvdlc,PCSB00254,Star Wars Pinball,星球大战弹珠台 [英文版],DLC-SWPINBALLMAY0000,Star WarsTM Pinball - The Force AwakensTM Pack (Trial),EUR
psvdlc,PCSB00254,Star Wars Pinball,星球大战弹珠台 [英文版],DLC-SWPINBALLMAY000K,Star WarsTM Pinball - The Force AwakensTM Pack (Unlock),EUR
psvdlc,PCSB00255,Rocketbirds: Hardboiled Chicken,火箭鸟：铁血雄鸡 [英文版],DLC-BUDGIEKEY0000001,Rocketbirds HBC PS Vita Sniper Budgie Pack,EUR
psvdlc,PCSB00272,Thomas Was Alone,孤独的托马斯 [英文版],DLC-THOMASWASALONEAC,Thomas Was Alone,EUR
psvdlc,PCSB00296,Dead or Alive 5 Plus,死或生 5 Plus [英文版],DLC-COSTUME1FULL0000,First Time Pack,EUR
psvdlc,PCSB00316,MotoGP 13,摩托GP 13 [英文版],DLC-MOTOGPVITADLC010,MotoGPTM13  Moto2TM and Moto3TM,EUR
psvdlc,PCSB00317,Stealth Inc: A Clone in the Dark,潜行公司：黑暗中的克隆 [英文版],DLC-DLC002LOSTCLONES,The Lost Clones,EUR
psvdlc,PCSB00317,Stealth Inc: A Clone in the Dark,潜行公司：黑暗中的克隆 [英文版],DLC-DLC001TELEPORTCH,The Teleporter Chambers,EUR
psvdlc,PCSB00324,AeternoBlade,阿泰诺神剑 [英文版],DLC-0000000000000002,Agent costume,EUR
psvdlc,PCSB00324,AeternoBlade,阿泰诺神剑 [英文版],DLC-0000000000000000,Arena Mode,EUR
psvdlc,PCSB00324,AeternoBlade,阿泰诺神剑 [英文版],DLC-0000000000000005,Assassin costume,EUR
psvdlc,PCSB00324,AeternoBlade,阿泰诺神剑 [英文版],DLC-0000000000000001,Bikini costume,EUR
psvdlc,PCSB00324,AeternoBlade,阿泰诺神剑 [英文版],DLC-0000000000000003,Ninja costume,EUR
psvdlc,PCSB00324,AeternoBlade,阿泰诺神剑 [英文版],DLC-0000000000000004,Time Guardian costume,EUR
psvdlc,PCSB00324,AeternoBlade,阿泰诺神剑 [英文版],DLC-0000000000000006,Virnia costume,EUR
psvdlc,PCSB00370,Rainbow Moon,彩虹月亮 [英文版],DLC-RAINBOWMOONKEY23,Beginner's Kit,EUR
psvdlc,PCSB00396,Dragon Ball Z: Battle of Z,龙珠 Z：终极之战 [英文版],DLC-DLCPACKAGE000003,Japanese Voice Data,EUR
psvdlc,PCSB00396,Dragon Ball Z: Battle of Z,龙珠 Z：终极之战 [英文版],DLC-DLCPACKAGE000002,Super Saiyan Bardock,EUR
psvdlc,PCSB00396,Dragon Ball Z: Battle of Z,龙珠 Z：终极之战 [英文版],DLC-DLCPACKAGE000001,Super Vegito,EUR
psvdlc,PCSB00404,Muramasa Rebirth,胧村正 [英文版],DLC-OBOROMURAMASAPK1,Muramasa Pack1,EUR
psvdlc,PCSB00404,Muramasa Rebirth,胧村正 [英文版],DLC-OBOROMURAMASAPK2,Muramasa Pack2,EUR
psvdlc,PCSB00404,Muramasa Rebirth,胧村正 [英文版],DLC-OBOROMURAMASAPK3,Muramasa Pack3,EUR
psvdlc,PCSB00404,Muramasa Rebirth,胧村正 [英文版],DLC-OBOROMURAMASAPK4,Muramasa Pack4,EUR
psvdlc,PCSB00410,Velocity 2X,极速冒险 2X [英文版],DLC-FUTURLABV2XDLC01,V2X DLC 1,EUR
psvdlc,PCSB00410,Velocity 2X,极速冒险 2X [英文版],DLC-FUTURLABV2XDLC02,V2X DLC 2,EUR
psvdlc,PCSB00419,Hatsune Miku Project DIVA F,初音未来：歌姬计划 F [英文版],DLC-PJDFDLC0101NHT39,"Additional Character Pack (Neru, Haku, Teto)",EUR
psvdlc,PCSB00419,Hatsune Miku Project DIVA F,初音未来：歌姬计划 F [英文版],DLC-PJDFDLC0503ADD39,Project DIVA f Additional Item Pack,EUR
psvdlc,PCSB00419,Hatsune Miku Project DIVA F,初音未来：歌姬计划 F [英文版],DLC-PJDFDLC0502PV393,Project DIVA f Additional Song Pack,EUR
psvdlc,PCSB00419,Hatsune Miku Project DIVA F,初音未来：歌姬计划 F [英文版],DLC-PJDFDLC0301YK393,Snow Miku 2013 Costume Pack,EUR
psvdlc,PCSB00420,Blast 'Em Bunnies,突突兔独战突击兔 [英文版],DLC-NOBEB0MUL002XPSV,BEB Multiplier - 2x,EUR
psvdlc,PCSB00421,Furmins,佛曼 [英文版],DLC-FURMINSEXPANSION,Furmins,EUR
psvdlc,PCSB00433,Dustforce,尘埃克星 [英文版],DLC-DUSTFORCEVITA001,Dustforce DLC1,EUR
psvdlc,PCSB00433,Dustforce,尘埃克星 [英文版],DLC-DUSTFORCEVITA002,Dustforce DLC2,EUR
psvdlc,PCSB00433,Dustforce,尘埃克星 [英文版],DLC-DUSTFORCEVITA003,Dustforce DLC3,EUR
psvdlc,PCSB00452,Best of Board Games (DEMO - needs DLC to unlock full),最佳棋类游戏 (DEMO - 需要 DLC 解锁) [英文版],DLC-BOBDIGITALSUB001,Best of Board Games - Chess,EUR
psvdlc,PCSB00452,Best of Board Games (DEMO - needs DLC to unlock full),最佳棋类游戏 (DEMO - 需要 DLC 解锁) [英文版],DLC-BOBDIGITALSUB002,Best of Board Games - Mah-jong,EUR
psvdlc,PCSB00452,Best of Board Games (DEMO - needs DLC to unlock full),最佳棋类游戏 (DEMO - 需要 DLC 解锁) [英文版],DLC-BOBDIGITALSUB003,Best of Board Games - Solitaire,EUR
psvdlc,PCSB00453,Best of Arcade Games (DEMO - needs DLC to unlock full),最佳街机游戏 (DEMO - 需要 DLC 解锁) [英文版],DLC-BOADIGITALSUB001,Best of Arcade Games - Air Hockey,EUR
psvdlc,PCSB00453,Best of Arcade Games (DEMO - needs DLC to unlock full),最佳街机游戏 (DEMO - 需要 DLC 解锁) [英文版],DLC-BOADIGITALSUB002,Best of Arcade Games - Brick Breaker,EUR
psvdlc,PCSB00453,Best of Arcade Games (DEMO - needs DLC to unlock full),最佳街机游戏 (DEMO - 需要 DLC 解锁) [英文版],DLC-BOADIGITALSUB003,Best of Arcade Games - Bubble Buster,EUR
psvdlc,PCSB00453,Best of Arcade Games (DEMO - needs DLC to unlock full),最佳街机游戏 (DEMO - 需要 DLC 解锁) [英文版],DLC-BOADIGITALSUB004,Best of Arcade Games - Tetraminos,EUR
psvdlc,PCSB00460,Demon Gaze,恶魔凝视 [英文版],DLC-DEMONGAZEPSVD008,Asagi (Makai Wars) - Character Art,EUR
psvdlc,PCSB00460,Demon Gaze,恶魔凝视 [英文版],DLC-DEMONGAZEPSVD005,Etna (Disgaea Series) - Character Art,EUR
psvdlc,PCSB00460,Demon Gaze,恶魔凝视 [英文版],DLC-DEMONGAZEPSVD006,Flonne (Disgaea Series) - Character Art,EUR
psvdlc,PCSB00460,Demon Gaze,恶魔凝视 [英文版],DLC-DEMONGAZEPSVD009,Prinny (Disgaea Series) - Character Art,EUR
psvdlc,PCSB00460,Demon Gaze,恶魔凝视 [英文版],DLC-DEMONGAZEPSVD007,Sicily (Disgaea Series) - Character Art,EUR
psvdlc,PCSB00469,The Walking Dead: Season 2 Ep. 1 All That Remains,行尸走肉：全系列 第二季 [英文版],DLC-TWDS20000000DLC5,The Walking Dead - Season Two Episode Five,EUR
psvdlc,PCSB00469,The Walking Dead: Season 2 Ep. 1 All That Remains,行尸走肉：全系列 第二季 [英文版],DLC-TWDS20000000DLC4,The Walking Dead - Season Two Episode Four,EUR
psvdlc,PCSB00469,The Walking Dead: Season 2 Ep. 1 All That Remains,行尸走肉：全系列 第二季 [英文版],DLC-TWDS20000000DLC3,The Walking Dead - Season Two Episode Three,EUR
psvdlc,PCSB00469,The Walking Dead: Season 2 Ep. 1 All That Remains,行尸走肉：全系列 第二季 [英文版],DLC-TWDS20000000DLC2,The Walking Dead - Season Two Episode Two,EUR
psvdlc,PCSB00478,Toukiden: The Age of Demons,讨鬼传 [英文版],DLC-TOUKIDENDLC00400,Armor - Cat Ears,EUR
psvdlc,PCSB00478,Toukiden: The Age of Demons,讨鬼传 [英文版],DLC-TOUKIDENDLC01100,Armor - Raiments - Noble,EUR
psvdlc,PCSB00478,Toukiden: The Age of Demons,讨鬼传 [英文版],DLC-TOUKIDENDLC00500,Armor - Tenko Mask,EUR
psvdlc,PCSB00478,Toukiden: The Age of Demons,讨鬼传 [英文版],DLC-TOUKIDENDLC00000,Mitama - Momotaro,EUR
psvdlc,PCSB00478,Toukiden: The Age of Demons,讨鬼传 [英文版],DLC-TOUKIDENDLC00100,Mitama - Niijima Yae,EUR
psvdlc,PCSB00498,MotoGP 14,摩托GP 14 [英文版],DLC-MOTOGP14000DLC01,MotoGPTM14 Moto2TM and Moto3TM,EUR
psvdlc,PCSB00499,Deception IV: Blood Ties,影牢：恶梦公主 [日文版],DLC-DLC0000000000004,Queen's Heel,EUR
psvdlc,PCSB00509,Dynasty Warriors 8: Xtreme Legends Complete Edition,真•三国无双 7 猛将传 [英文版],DLC-DW8XLDLCSPEVOICE,Japanese Voice Option for DW8XL,EUR
psvdlc,PCSB00509,Dynasty Warriors 8: Xtreme Legends Complete Edition,真•三国无双 7 猛将传 [英文版],DLC-DW8XLEXCLUSIVE01,Lu Lingqi Special Costume,EUR
psvdlc,PCSB00509,Dynasty Warriors 8: Xtreme Legends Complete Edition,真•三国无双 7 猛将传 [英文版],DLC-DW8XLAUDIO000000,UPGRADED AUDIO DATA,EUR
psvdlc,PCSB00509,Dynasty Warriors 8: Xtreme Legends Complete Edition,真•三国无双 7 猛将传 [英文版],DLC-DW8XLEXCLUSIVE02,Xiaoqiao Special Costume,EUR
psvdlc,PCSB00515,Hyperdimension Neptunia: Producing Perfection,超次元偶像：海王星 PP [英文版],DLC-NEPPCOS000000005,Blanc's Smart Swimsuit Set,EUR
psvdlc,PCSB00515,Hyperdimension Neptunia: Producing Perfection,超次元偶像：海王星 PP [英文版],DLC-NEPPCOS000000020,Nep Doll,EUR
psvdlc,PCSB00515,Hyperdimension Neptunia: Producing Perfection,超次元偶像：海王星 PP [英文版],DLC-NEPPCOS000000001,Neptune's Sweet Swimsuit Set,EUR
psvdlc,PCSB00515,Hyperdimension Neptunia: Producing Perfection,超次元偶像：海王星 PP [英文版],DLC-NEPPCOS000000003,Noire's Cool Swimsuit Set,EUR
psvdlc,PCSB00515,Hyperdimension Neptunia: Producing Perfection,超次元偶像：海王星 PP [英文版],DLC-NEPPOBJ000000001,Stage Item Politan,EUR
psvdlc,PCSB00515,Hyperdimension Neptunia: Producing Perfection,超次元偶像：海王星 PP [英文版],DLC-NEPPCOS000000007,Vert's Buoyant Swimsuit Set,EUR
psvdlc,PCSB00523,Final Horizon,最终地平线 [英文版],DLC-FINALHORIZONDLC1,Final Horizon - Dark Galaxy,EUR
psvdlc,PCSB00539,Conception II: Children of the Seven Stars,受孕 2：七星之子 [英文版],DLC-CONCEPTION2DLC02,CONCEPTION II Alternate Costume Set,EUR
psvdlc,PCSB00539,Conception II: Children of the Seven Stars,受孕 2：七星之子 [英文版],DLC-CONCEPTION2DLC06,CONCEPTION II Clad in Gold,EUR
psvdlc,PCSB00539,Conception II: Children of the Seven Stars,受孕 2：七星之子 [英文版],DLC-CONCEPTION2DLC03,CONCEPTION II Cool Professional,EUR
psvdlc,PCSB00539,Conception II: Children of the Seven Stars,受孕 2：七星之子 [英文版],DLC-CONCEPTION2DLC01,CONCEPTION II Disciple Weapon Pack,EUR
psvdlc,PCSB00539,Conception II: Children of the Seven Stars,受孕 2：七星之子 [英文版],DLC-CONCEPTION2DLC07,CONCEPTION II Echoing Song,EUR
psvdlc,PCSB00539,Conception II: Children of the Seven Stars,受孕 2：七星之子 [英文版],DLC-CONCEPTION2DLC13,CONCEPTION II Fallen Disciples,EUR
psvdlc,PCSB00539,Conception II: Children of the Seven Stars,受孕 2：七星之子 [英文版],DLC-CONCEPTION2DLC04,CONCEPTION II Love and Magic,EUR
psvdlc,PCSB00539,Conception II: Children of the Seven Stars,受孕 2：七星之子 [英文版],DLC-CONCEPTION2DLC15,CONCEPTION II Monokuma Strikes,EUR
psvdlc,PCSB00539,Conception II: Children of the Seven Stars,受孕 2：七星之子 [英文版],DLC-CONCEPTION2DLC16,CONCEPTION II Monokuma's Revenge,EUR
psvdlc,PCSB00539,Conception II: Children of the Seven Stars,受孕 2：七星之子 [英文版],DLC-CONCEPTION2DLC14,CONCEPTION II Overlord's Return,EUR
psvdlc,PCSB00539,Conception II: Children of the Seven Stars,受孕 2：七星之子 [英文版],DLC-CONCEPTION2DLC05,CONCEPTION II Seeking Power,EUR
psvdlc,PCSB00539,Conception II: Children of the Seven Stars,受孕 2：七星之子 [英文版],DLC-CONCEPTION2DLC11,CONCEPTION II Serious Bootes,EUR
psvdlc,PCSB00539,Conception II: Children of the Seven Stars,受孕 2：七星之子 [英文版],DLC-CONCEPTION2DLC10,CONCEPTION II Serious Sagitta,EUR
psvdlc,PCSB00539,Conception II: Children of the Seven Stars,受孕 2：七星之子 [英文版],DLC-CONCEPTION2DLC09,CONCEPTION II The Enduring One,EUR
psvdlc,PCSB00539,Conception II: Children of the Seven Stars,受孕 2：七星之子 [英文版],DLC-CONCEPTION2DLC08,CONCEPTION II Tricks 'n Technique,EUR
psvdlc,PCSB00539,Conception II: Children of the Seven Stars,受孕 2：七星之子 [英文版],DLC-CONCEPTION2DLC12,CONCEPTION II Warrior of Sadness,EUR
psvdlc,PCSB00550,Tales of Hearts R,心灵传说 R [英文版],DLC-ADDCONT055LVL006,10-Level Boost,EUR
psvdlc,PCSB00550,Tales of Hearts R,心灵传说 R [英文版],DLC-ADDCONT056LVL007,10-Level Boost,EUR
psvdlc,PCSB00550,Tales of Hearts R,心灵传说 R [英文版],DLC-ADDCONT057LVL008,10-Level Boost,EUR
psvdlc,PCSB00550,Tales of Hearts R,心灵传说 R [英文版],DLC-ADDCONT062GRD000,1000 Grade,EUR
psvdlc,PCSB00550,Tales of Hearts R,心灵传说 R [英文版],DLC-ADDCONT063GRD001,1000 Grade,EUR
psvdlc,PCSB00550,Tales of Hearts R,心灵传说 R [英文版],DLC-ADDCONT064GRD002,2000 Grade,EUR
psvdlc,PCSB00550,Tales of Hearts R,心灵传说 R [英文版],DLC-ADDCONT065GRD003,2000 Grade,EUR
psvdlc,PCSB00550,Tales of Hearts R,心灵传说 R [英文版],DLC-ADDCONT059GLD001,"300,000 Gald",EUR
psvdlc,PCSB00550,Tales of Hearts R,心灵传说 R [英文版],DLC-ADDCONT060GLD002,"300,000 Gald",EUR
psvdlc,PCSB00550,Tales of Hearts R,心灵传说 R [英文版],DLC-ADDCONT061GLD003,"300,000 Gald",EUR
psvdlc,PCSB00550,Tales of Hearts R,心灵传说 R [英文版],DLC-ADDCONT049LVL000,5-Level Boost,EUR
psvdlc,PCSB00550,Tales of Hearts R,心灵传说 R [英文版],DLC-ADDCONT050LVL001,5-Level Boost,EUR
psvdlc,PCSB00550,Tales of Hearts R,心灵传说 R [英文版],DLC-ADDCONT051LVL002,5-Level Boost,EUR
psvdlc,PCSB00550,Tales of Hearts R,心灵传说 R [英文版],DLC-ADDCONT052LVL003,5-Level Boost,EUR
psvdlc,PCSB00550,Tales of Hearts R,心灵传说 R [英文版],DLC-ADDCONT053LVL004,5-Level Boost,EUR
psvdlc,PCSB00550,Tales of Hearts R,心灵传说 R [英文版],DLC-ADDCONT054LVL005,5-Level Boost,EUR
psvdlc,PCSB00550,Tales of Hearts R,心灵传说 R [英文版],DLC-ADDCONT058GLD000,Beginner's Bonus,EUR
psvdlc,PCSB00550,Tales of Hearts R,心灵传说 R [英文版],DLC-ADDCONT036COS036,Beryl - Beach 2,EUR
psvdlc,PCSB00550,Tales of Hearts R,心灵传说 R [英文版],DLC-ADDCONT012COS012,Beryl - Legacy,EUR
psvdlc,PCSB00550,Tales of Hearts R,心灵传说 R [英文版],DLC-ADDCONT028COS028,Beryl - Pop Idol,EUR
psvdlc,PCSB00550,Tales of Hearts R,心灵传说 R [英文版],DLC-ADDCONT004COS004,Beryl - School,EUR
psvdlc,PCSB00550,Tales of Hearts R,心灵传说 R [英文版],DLC-ADDCONT038COS038,Chalcedony - Beach 2,EUR
psvdlc,PCSB00550,Tales of Hearts R,心灵传说 R [英文版],DLC-ADDCONT030COS030,Chalcedony - Pop Idol,EUR
psvdlc,PCSB00550,Tales of Hearts R,心灵传说 R [英文版],DLC-ADDCONT006COS006,Chalcedony - School,EUR
psvdlc,PCSB00550,Tales of Hearts R,心灵传说 R [英文版],DLC-ADDCONT039COS039,Gall - Beach 2,EUR
psvdlc,PCSB00550,Tales of Hearts R,心灵传说 R [英文版],DLC-ADDCONT015COS015,Gall - Legacy,EUR
psvdlc,PCSB00550,Tales of Hearts R,心灵传说 R [英文版],DLC-ADDCONT031COS031,Gall - Pop Idol,EUR
psvdlc,PCSB00550,Tales of Hearts R,心灵传说 R [英文版],DLC-ADDCONT007COS007,Gall - School,EUR
psvdlc,PCSB00550,Tales of Hearts R,心灵传说 R [英文版],DLC-ADDCONT034COS034,Hisui - Beach 2,EUR
psvdlc,PCSB00550,Tales of Hearts R,心灵传说 R [英文版],DLC-ADDCONT026COS026,Hisui - Pop Idol,EUR
psvdlc,PCSB00550,Tales of Hearts R,心灵传说 R [英文版],DLC-ADDCONT002COS002,Hisui - School,EUR
psvdlc,PCSB00550,Tales of Hearts R,心灵传说 R [英文版],DLC-ADDCONT035COS035,Ines - Beach 2,EUR
psvdlc,PCSB00550,Tales of Hearts R,心灵传说 R [英文版],DLC-ADDCONT011COS011,Ines - Legacy,EUR
psvdlc,PCSB00550,Tales of Hearts R,心灵传说 R [英文版],DLC-ADDCONT027COS027,Ines - Pop Idol,EUR
psvdlc,PCSB00550,Tales of Hearts R,心灵传说 R [英文版],DLC-ADDCONT003COS003,Ines - School,EUR
psvdlc,PCSB00550,Tales of Hearts R,心灵传说 R [英文版],DLC-ADDCONT033COS033,Kohaku - Beach 2,EUR
psvdlc,PCSB00550,Tales of Hearts R,心灵传说 R [英文版],DLC-ADDCONT009COS009,Kohaku - Legacy,EUR
psvdlc,PCSB00550,Tales of Hearts R,心灵传说 R [英文版],DLC-ADDCONT025COS025,Kohaku - Pop Idol,EUR
psvdlc,PCSB00550,Tales of Hearts R,心灵传说 R [英文版],DLC-ADDCONT001COS001,Kohaku - School,EUR
psvdlc,PCSB00550,Tales of Hearts R,心灵传说 R [英文版],DLC-ADDCONT032COS032,Kor - Beach 2,EUR
psvdlc,PCSB00550,Tales of Hearts R,心灵传说 R [英文版],DLC-ADDCONT008COS008,Kor - Legacy,EUR
psvdlc,PCSB00550,Tales of Hearts R,心灵传说 R [英文版],DLC-ADDCONT024COS024,Kor - Pop Idol,EUR
psvdlc,PCSB00550,Tales of Hearts R,心灵传说 R [英文版],DLC-ADDCONT000COS000,Kor - School,EUR
psvdlc,PCSB00550,Tales of Hearts R,心灵传说 R [英文版],DLC-ADDCONT037COS037,Kunzite - Beach 2,EUR
psvdlc,PCSB00550,Tales of Hearts R,心灵传说 R [英文版],DLC-ADDCONT013COS013,Kunzite - Legacy,EUR
psvdlc,PCSB00550,Tales of Hearts R,心灵传说 R [英文版],DLC-ADDCONT029COS029,Kunzite - Pop Idol,EUR
psvdlc,PCSB00550,Tales of Hearts R,心灵传说 R [英文版],DLC-ADDCONT005COS005,Kunzite - School,EUR
psvdlc,PCSB00552,Tiny Troopers Joint Ops,小小部队：联合行动 [英文版],DLC-TTJODLC01ZOMBIES,Tiny Troopers Joint Ops DLC - Zombie Compaign,EUR
psvdlc,PCSB00554,Hatsune Miku: Project DIVA F 2nd,初音未来：歌姬计划 F2 [英文版],DLC-PJDF2DLC06PV0755,Aikotoba,EUR
psvdlc,PCSB00554,Hatsune Miku: Project DIVA F 2nd,初音未来：歌姬计划 F2 [英文版],DLC-PJDF2MIK216ID844,Aile d'Ange,EUR
psvdlc,PCSB00554,Hatsune Miku: Project DIVA F 2nd,初音未来：歌姬计划 F2 [英文版],DLC-PJDF2NER244ID866,Akita Neru Swimwear,EUR
psvdlc,PCSB00554,Hatsune Miku: Project DIVA F 2nd,初音未来：歌姬计划 F2 [英文版],DLC-PJDF2DLCSKN49025,All Stars (Stationery),EUR
psvdlc,PCSB00554,Hatsune Miku: Project DIVA F 2nd,初音未来：歌姬计划 F2 [英文版],DLC-PJDF2DLC03LEN191,Alparka Hoodie L,EUR
psvdlc,PCSB00554,Hatsune Miku: Project DIVA F 2nd,初音未来：歌姬计划 F2 [英文版],DLC-PJDF2DLC03RIN190,Alparka Hoodie R,EUR
psvdlc,PCSB00554,Hatsune Miku: Project DIVA F 2nd,初音未来：歌姬计划 F2 [英文版],DLC-PJDF2MIK218ID819,Americana,EUR
psvdlc,PCSB00554,Hatsune Miku: Project DIVA F 2nd,初音未来：歌姬计划 F2 [英文版],DLC-PJDF2MIK212ID893,Angel,EUR
psvdlc,PCSB00554,Hatsune Miku: Project DIVA F 2nd,初音未来：歌姬计划 F2 [英文版],DLC-PJDF2RIN222ID832,Black Star,EUR
psvdlc,PCSB00554,Hatsune Miku: Project DIVA F 2nd,初音未来：歌姬计划 F2 [英文版],DLC-PJDF2LEN225ID833,Blue Moon,EUR
psvdlc,PCSB00554,Hatsune Miku: Project DIVA F 2nd,初音未来：歌姬计划 F2 [英文版],DLC-PJDF2DLC03MIK189,Bunny Ears Hoodie,EUR
psvdlc,PCSB00554,Hatsune Miku: Project DIVA F 2nd,初音未来：歌姬计划 F2 [英文版],DLC-PJDF2KAI235ID863,Campus,EUR
psvdlc,PCSB00554,Hatsune Miku: Project DIVA F 2nd,初音未来：歌姬计划 F2 [英文版],DLC-PJDF2PV0758ID800,Change Me,EUR
psvdlc,PCSB00554,Hatsune Miku: Project DIVA F 2nd,初音未来：歌姬计划 F2 [英文版],DLC-PJDF2MIK214ID818,Chinese Debut,EUR
psvdlc,PCSB00554,Hatsune Miku: Project DIVA F 2nd,初音未来：歌姬计划 F2 [英文版],DLC-PJDF2KAI234ID862,Classic,EUR
psvdlc,PCSB00554,Hatsune Miku: Project DIVA F 2nd,初音未来：歌姬计划 F2 [英文版],DLC-PJDF2DLCEDITP001,Edit Mode Add-on,EUR
psvdlc,PCSB00554,Hatsune Miku: Project DIVA F 2nd,初音未来：歌姬计划 F2 [英文版],DLC-PJDF2PV0769ID891,Electric Angel,EUR
psvdlc,PCSB00554,Hatsune Miku: Project DIVA F 2nd,初音未来：歌姬计划 F2 [英文版],DLC-PJDF2DLCNHT39002,Extra Character Pack,EUR
psvdlc,PCSB00554,Hatsune Miku: Project DIVA F 2nd,初音未来：歌姬计划 F2 [英文版],DLC-PJDF2LUK228ID842,Fairy Macaron,EUR
psvdlc,PCSB00554,Hatsune Miku: Project DIVA F 2nd,初音未来：歌姬计划 F2 [英文版],DLC-PJDF2DLC03KAI193,Fishy Overalls,EUR
psvdlc,PCSB00554,Hatsune Miku: Project DIVA F 2nd,初音未来：歌姬计划 F2 [英文版],DLC-PJDF2DLC04HAK196,Gothic Purple,EUR
psvdlc,PCSB00554,Hatsune Miku: Project DIVA F 2nd,初音未来：歌姬计划 F2 [英文版],DLC-PJDF2MIK215ID883,Ha2ne Miku,EUR
psvdlc,PCSB00554,Hatsune Miku: Project DIVA F 2nd,初音未来：歌姬计划 F2 [英文版],DLC-PJDF2MIK210ID812,Hatsune Miku Christmas,EUR
psvdlc,PCSB00554,Hatsune Miku: Project DIVA F 2nd,初音未来：歌姬计划 F2 [英文版],DLC-PJDF2MIK208ID864,Hatsune Miku Cute,EUR
psvdlc,PCSB00554,Hatsune Miku: Project DIVA F 2nd,初音未来：歌姬计划 F2 [英文版],DLC-PJDF2DLC05MIK198,Hatsune Miku Swimwear,EUR
psvdlc,PCSB00554,Hatsune Miku: Project DIVA F 2nd,初音未来：歌姬计划 F2 [英文版],DLC-PJDF2PV0762ID840,Just Be Friends,EUR
psvdlc,PCSB00554,Hatsune Miku: Project DIVA F 2nd,初音未来：歌姬计划 F2 [英文版],DLC-PJDF2LEN224ID814,Kagamine Len Christmas,EUR
psvdlc,PCSB00554,Hatsune Miku: Project DIVA F 2nd,初音未来：歌姬计划 F2 [英文版],DLC-PJDF2DLC05LEN200,Kagamine Len Swimwear,EUR
psvdlc,PCSB00554,Hatsune Miku: Project DIVA F 2nd,初音未来：歌姬计划 F2 [英文版],DLC-PJDF2RIN221ID813,Kagamine Rin Christmas,EUR
psvdlc,PCSB00554,Hatsune Miku: Project DIVA F 2nd,初音未来：歌姬计划 F2 [英文版],DLC-PJDF2RIN220ID865,Kagamine Rin Cute,EUR
psvdlc,PCSB00554,Hatsune Miku: Project DIVA F 2nd,初音未来：歌姬计划 F2 [英文版],DLC-PJDF2DLC05RIN199,Kagamine Rin Swimwear,EUR
psvdlc,PCSB00554,Hatsune Miku: Project DIVA F 2nd,初音未来：歌姬计划 F2 [英文版],DLC-PJDF2KAI233ID816,Kaito Christmas,EUR
psvdlc,PCSB00554,Hatsune Miku: Project DIVA F 2nd,初音未来：歌姬计划 F2 [英文版],DLC-PJDF2DLC05KAI203,Kaito Swimwear V Alt,EUR
psvdlc,PCSB00554,Hatsune Miku: Project DIVA F 2nd,初音未来：歌姬计划 F2 [英文版],DLC-PJDF2DLC05KAI202,Kaito Swimwear V,EUR
psvdlc,PCSB00554,Hatsune Miku: Project DIVA F 2nd,初音未来：歌姬计划 F2 [英文版],DLC-PJDF2TET247ID869,Kasane Teto Swimwear,EUR
psvdlc,PCSB00554,Hatsune Miku: Project DIVA F 2nd,初音未来：歌姬计划 F2 [英文版],DLC-PJDF2DLC03LUK192,Kitty Ears Hoodie,EUR
psvdlc,PCSB00554,Hatsune Miku: Project DIVA F 2nd,初音未来：歌姬计划 F2 [英文版],DLC-PJDF2MEI240ID803,Lin Xiao-Mei Costume,EUR
psvdlc,PCSB00554,Hatsune Miku: Project DIVA F 2nd,初音未来：歌姬计划 F2 [英文版],DLC-PJDF2DLC07PV0757,"Look This Way, Baby",EUR
psvdlc,PCSB00554,Hatsune Miku: Project DIVA F 2nd,初音未来：歌姬计划 F2 [英文版],DLC-PJDF2DLC05LUK201,Luka Swimwear P,EUR
psvdlc,PCSB00554,Hatsune Miku: Project DIVA F 2nd,初音未来：歌姬计划 F2 [英文版],DLC-PJDF2DLC07TET242,M.S.J,EUR
psvdlc,PCSB00554,Hatsune Miku: Project DIVA F 2nd,初音未来：歌姬计划 F2 [英文版],DLC-PJDF2PV0766ID841,magnet,EUR
psvdlc,PCSB00554,Hatsune Miku: Project DIVA F 2nd,初音未来：歌姬计划 F2 [英文版],DLC-PJDF2PV0767ID880,Marginal,EUR
psvdlc,PCSB00554,Hatsune Miku: Project DIVA F 2nd,初音未来：歌姬计划 F2 [英文版],DLC-PJDF2LUK227ID815,Megurine Luka Christmas,EUR
psvdlc,PCSB00554,Hatsune Miku: Project DIVA F 2nd,初音未来：歌姬计划 F2 [英文版],DLC-PJDF2LUK232ID845,Megurine Luka Conflict,EUR
psvdlc,PCSB00554,Hatsune Miku: Project DIVA F 2nd,初音未来：歌姬计划 F2 [英文版],DLC-PJDF2MEI238ID817,Meiko Christmas,EUR
psvdlc,PCSB00554,Hatsune Miku: Project DIVA F 2nd,初音未来：歌姬计划 F2 [英文版],DLC-PJDF2DLC05MEI204,Meiko Swimwear,EUR
psvdlc,PCSB00554,Hatsune Miku: Project DIVA F 2nd,初音未来：歌姬计划 F2 [英文版],DLC-PJDF2DLCSKN35017,Miku & Luka (Heart),EUR
psvdlc,PCSB00554,Hatsune Miku: Project DIVA F 2nd,初音未来：歌姬计划 F2 [英文版],DLC-PJDF2DLC07DAY187,Mikudayo,EUR
psvdlc,PCSB00554,Hatsune Miku: Project DIVA F 2nd,初音未来：歌姬计划 F2 [英文版],DLC-PJDF2MIK213ID811,Module - Rolling Girl,EUR
psvdlc,PCSB00554,Hatsune Miku: Project DIVA F 2nd,初音未来：歌姬计划 F2 [英文版],DLC-PJDF2MIK209ID804,Module - Yellow,EUR
psvdlc,PCSB00554,Hatsune Miku: Project DIVA F 2nd,初音未来：歌姬计划 F2 [英文版],DLC-PJDF2LUK229ID843,Nagisa Replica,EUR
psvdlc,PCSB00554,Hatsune Miku: Project DIVA F 2nd,初音未来：歌姬计划 F2 [英文版],DLC-PJDF2DLC04SAK197,Nostalgia,EUR
psvdlc,PCSB00554,Hatsune Miku: Project DIVA F 2nd,初音未来：歌姬计划 F2 [英文版],DLC-PJDF2DLCRYODD004,Odds & Ends (Live Version),EUR
psvdlc,PCSB00554,Hatsune Miku: Project DIVA F 2nd,初音未来：歌姬计划 F2 [英文版],DLC-PJDF2MIK219ID894,P-Style CG,EUR
psvdlc,PCSB00554,Hatsune Miku: Project DIVA F 2nd,初音未来：歌姬计划 F2 [英文版],DLC-PJDF2MIK207ID882,Powder,EUR
psvdlc,PCSB00554,Hatsune Miku: Project DIVA F 2nd,初音未来：歌姬计划 F2 [英文版],DLC-PJDF2PV0770ID861,Promise,EUR
psvdlc,PCSB00554,Hatsune Miku: Project DIVA F 2nd,初音未来：歌姬计划 F2 [英文版],DLC-PJDF2DLCSKN25011,Rin & Len & Cats,EUR
psvdlc,PCSB00554,Hatsune Miku: Project DIVA F 2nd,初音未来：歌姬计划 F2 [英文版],DLC-PJDF2PV0763ID860,Rosary Pale,EUR
psvdlc,PCSB00554,Hatsune Miku: Project DIVA F 2nd,初音未来：歌姬计划 F2 [英文版],DLC-PJDF2SAK246ID868,Sakine Meiko Swimwear,EUR
psvdlc,PCSB00554,Hatsune Miku: Project DIVA F 2nd,初音未来：歌姬计划 F2 [英文版],DLC-PJDF2DLC04NER195,School Club Girl,EUR
psvdlc,PCSB00554,Hatsune Miku: Project DIVA F 2nd,初音未来：歌姬计划 F2 [英文版],DLC-PJDF2DLC06PV0756,Sekiranun Graffiti,EUR
psvdlc,PCSB00554,Hatsune Miku: Project DIVA F 2nd,初音未来：歌姬计划 F2 [英文版],DLC-PJDF2DLC06MIK205,Shiny,EUR
psvdlc,PCSB00554,Hatsune Miku: Project DIVA F 2nd,初音未来：歌姬计划 F2 [英文版],DLC-PJDF2SKN050ID835,Skin - Black Star,EUR
psvdlc,PCSB00554,Hatsune Miku: Project DIVA F 2nd,初音未来：歌姬计划 F2 [英文版],DLC-PJDF2SKN051ID836,Skin - Blue Moon,EUR
psvdlc,PCSB00554,Hatsune Miku: Project DIVA F 2nd,初音未来：歌姬计划 F2 [英文版],DLC-PJDF2SKN055ID850,Skin - Butterfly & Blossom (CLR),EUR
psvdlc,PCSB00554,Hatsune Miku: Project DIVA F 2nd,初音未来：歌姬计划 F2 [英文版],DLC-PJDF2SKN053ID848,Skin - Butterfly & Blossom (GLD),EUR
psvdlc,PCSB00554,Hatsune Miku: Project DIVA F 2nd,初音未来：歌姬计划 F2 [英文版],DLC-PJDF2SKN054ID849,Skin - Butterfly & Blossom (SLV),EUR
psvdlc,PCSB00554,Hatsune Miku: Project DIVA F 2nd,初音未来：歌姬计划 F2 [英文版],DLC-PJDF2DLCSKN37018,Skin - Crimson Leaf,EUR
psvdlc,PCSB00554,Hatsune Miku: Project DIVA F 2nd,初音未来：歌姬计划 F2 [英文版],DLC-PJDF2DLCSKN32016,Skin - General (Metallic),EUR
psvdlc,PCSB00554,Hatsune Miku: Project DIVA F 2nd,初音未来：歌姬计划 F2 [英文版],DLC-PJDF2SKN057ID872,Skin - Genius (Intelligence),EUR
psvdlc,PCSB00554,Hatsune Miku: Project DIVA F 2nd,初音未来：歌姬计划 F2 [英文版],DLC-PJDF2DLCSKN38019,Skin - Kaito (Flowers),EUR
psvdlc,PCSB00554,Hatsune Miku: Project DIVA F 2nd,初音未来：歌姬计划 F2 [英文版],DLC-PJDF2SKN056ID871,Skin - Kaito (Gothic & Snow),EUR
psvdlc,PCSB00554,Hatsune Miku: Project DIVA F 2nd,初音未来：歌姬计划 F2 [英文版],DLC-PJDF2DLCSKN21008,Skin - Kitty Cape (Checkered),EUR
psvdlc,PCSB00554,Hatsune Miku: Project DIVA F 2nd,初音未来：歌姬计划 F2 [英文版],DLC-PJDF2SKN009ID821,Skin - Kitty Cape (Concept),EUR
psvdlc,PCSB00554,Hatsune Miku: Project DIVA F 2nd,初音未来：歌姬计划 F2 [英文版],DLC-PJDF2DLCSKN40020,Skin - Meiko (Flowers),EUR
psvdlc,PCSB00554,Hatsune Miku: Project DIVA F 2nd,初音未来：歌姬计划 F2 [英文版],DLC-PJDF2DLCSKN24010,Skin - Miku & Luka in a Box,EUR
psvdlc,PCSB00554,Hatsune Miku: Project DIVA F 2nd,初音未来：歌姬计划 F2 [英文版],DLC-PJDF2DLCSKN27012,Skin - Miku (Black Ivy),EUR
psvdlc,PCSB00554,Hatsune Miku: Project DIVA F 2nd,初音未来：歌姬计划 F2 [英文版],DLC-PJDF2DLCSKN48024,Skin - Miku (Honeycomb),EUR
psvdlc,PCSB00554,Hatsune Miku: Project DIVA F 2nd,初音未来：歌姬计划 F2 [英文版],DLC-PJDF2SKN022ID805,Skin - Noel Rouge (Stitching),EUR
psvdlc,PCSB00554,Hatsune Miku: Project DIVA F 2nd,初音未来：歌姬计划 F2 [英文版],DLC-PJDF2SKN021ID870,Skin - Requiem (Blue Rose),EUR
psvdlc,PCSB00554,Hatsune Miku: Project DIVA F 2nd,初音未来：歌姬计划 F2 [英文版],DLC-PJDF2SKN052ID837,Skin - Rin & Len (Buddies),EUR
psvdlc,PCSB00554,Hatsune Miku: Project DIVA F 2nd,初音未来：歌姬计划 F2 [英文版],DLC-PJDF2SKN015ID834,Skin - Rin & Len (Green field),EUR
psvdlc,PCSB00554,Hatsune Miku: Project DIVA F 2nd,初音未来：歌姬计划 F2 [英文版],DLC-PJDF2DLCSKN28013,Skin - Rin (Orange),EUR
psvdlc,PCSB00554,Hatsune Miku: Project DIVA F 2nd,初音未来：歌姬计划 F2 [英文版],DLC-PJDF2SKN023ID806,Skin - Sakine Meiko (Lace & Pop),EUR
psvdlc,PCSB00554,Hatsune Miku: Project DIVA F 2nd,初音未来：歌姬计划 F2 [英文版],DLC-PJDF2DLCSKN18006,Skin - Summer Memories (Green),EUR
psvdlc,PCSB00554,Hatsune Miku: Project DIVA F 2nd,初音未来：歌姬计划 F2 [英文版],DLC-PJDF2SKN007ID820,Skin - Summer Memories (Pink),EUR
psvdlc,PCSB00554,Hatsune Miku: Project DIVA F 2nd,初音未来：歌姬计划 F2 [英文版],DLC-PJDF2DLCSKN29014,Skin - Trickster (Night Dream),EUR
psvdlc,PCSB00554,Hatsune Miku: Project DIVA F 2nd,初音未来：歌姬计划 F2 [英文版],DLC-PJDF2MIK248ID884,Snow Miku 2015,EUR
psvdlc,PCSB00554,Hatsune Miku: Project DIVA F 2nd,初音未来：歌姬计划 F2 [英文版],DLC-PJDF2PV0760ID830,Solitude's End,EUR
psvdlc,PCSB00554,Hatsune Miku: Project DIVA F 2nd,初音未来：歌姬计划 F2 [英文版],DLC-PJDF2PV0764ID810,Song - Rolling Girl,EUR
psvdlc,PCSB00554,Hatsune Miku: Project DIVA F 2nd,初音未来：歌姬计划 F2 [英文版],DLC-PJDF2PV0759ID801,Song - Yellow,EUR
psvdlc,PCSB00554,Hatsune Miku: Project DIVA F 2nd,初音未来：歌姬计划 F2 [英文版],DLC-PJDF2MEI239ID802,Sweet Pudding,EUR
psvdlc,PCSB00554,Hatsune Miku: Project DIVA F 2nd,初音未来：歌姬计划 F2 [英文版],DLC-PJDF2DLCKZTYW003,Tell Your World (Live Version),EUR
psvdlc,PCSB00554,Hatsune Miku: Project DIVA F 2nd,初音未来：歌姬计划 F2 [英文版],DLC-PJDF2PV0765ID890,Though My Song Has No Form,EUR
psvdlc,PCSB00554,Hatsune Miku: Project DIVA F 2nd,初音未来：歌姬计划 F2 [英文版],DLC-PJDF2PV0761ID831,To the End of Infinity,EUR
psvdlc,PCSB00554,Hatsune Miku: Project DIVA F 2nd,初音未来：歌姬计划 F2 [英文版],DLC-PJDF2DLC06MIK206,Type 2020,EUR
psvdlc,PCSB00554,Hatsune Miku: Project DIVA F 2nd,初音未来：歌姬计划 F2 [英文版],DLC-PJDF2MIK211ID892,Tyrol,EUR
psvdlc,PCSB00554,Hatsune Miku: Project DIVA F 2nd,初音未来：歌姬计划 F2 [英文版],DLC-PJDF2PV0768ID881,When First Love Ends,EUR
psvdlc,PCSB00554,Hatsune Miku: Project DIVA F 2nd,初音未来：歌姬计划 F2 [英文版],DLC-PJDF2DLC03MEI194,Wooly Wear,EUR
psvdlc,PCSB00554,Hatsune Miku: Project DIVA F 2nd,初音未来：歌姬计划 F2 [英文版],DLC-PJDF2HAK245ID867,Yowane Haku Swimwear,EUR
psvdlc,PCSB00557,One Piece: Unlimited World Red,海贼王 无限世界：赤红 [英文版],DLC-OPUWR00ADDON0000,Anniversary Pack,EUR
psvdlc,PCSB00557,One Piece: Unlimited World Red,海贼王 无限世界：赤红 [英文版],DLC-OPUWR00ADDON0008,Chopper Swimsuit pack,EUR
psvdlc,PCSB00557,One Piece: Unlimited World Red,海贼王 无限世界：赤红 [英文版],DLC-OPUWR00ADDON0011,Dark Justice pack,EUR
psvdlc,PCSB00557,One Piece: Unlimited World Red,海贼王 无限世界：赤红 [英文版],DLC-OPUWR00ADDON0016,Dino Master Quest,EUR
psvdlc,PCSB00557,One Piece: Unlimited World Red,海贼王 无限世界：赤红 [英文版],DLC-OPUWR00ADDON0017,Gladiator Pack,EUR
psvdlc,PCSB00557,One Piece: Unlimited World Red,海贼王 无限世界：赤红 [英文版],DLC-OPUWR00ADDON0015,Hard Quests for Rare Items,EUR
psvdlc,PCSB00557,One Piece: Unlimited World Red,海贼王 无限世界：赤红 [英文版],DLC-OPUWR00ADDON0012,Nami School pack,EUR
psvdlc,PCSB00557,One Piece: Unlimited World Red,海贼王 无限世界：赤红 [英文版],DLC-OPUWR00ADDON0004,Nami Swimsuit pack,EUR
psvdlc,PCSB00557,One Piece: Unlimited World Red,海贼王 无限世界：赤红 [英文版],DLC-OPUWR00ADDON0005,Quest for money,EUR
psvdlc,PCSB00557,One Piece: Unlimited World Red,海贼王 无限世界：赤红 [英文版],DLC-OPUWR00ADDON0007,Quests for Bugs and Fish,EUR
psvdlc,PCSB00557,One Piece: Unlimited World Red,海贼王 无限世界：赤红 [英文版],DLC-OPUWR00ADDON0009,Quests for Materials,EUR
psvdlc,PCSB00557,One Piece: Unlimited World Red,海贼王 无限世界：赤红 [英文版],DLC-OPUWR00ADDON0003,Red Stands Alone Quest,EUR
psvdlc,PCSB00557,One Piece: Unlimited World Red,海贼王 无限世界：赤红 [英文版],DLC-OPUWR00ADDON0014,Robin School pack,EUR
psvdlc,PCSB00557,One Piece: Unlimited World Red,海贼王 无限世界：赤红 [英文版],DLC-OPUWR00ADDON0006,Robin Swimsuit pack,EUR
psvdlc,PCSB00557,One Piece: Unlimited World Red,海贼王 无限世界：赤红 [英文版],DLC-OPUWR00ADDON0001,Takoyaki Pack,EUR
psvdlc,PCSB00557,One Piece: Unlimited World Red,海贼王 无限世界：赤红 [英文版],DLC-OPUWR00ADDON0013,The Bathrobe pack,EUR
psvdlc,PCSB00557,One Piece: Unlimited World Red,海贼王 无限世界：赤红 [英文版],DLC-OPUWR00ADDON0002,Zoro Armor Pack,EUR
psvdlc,PCSB00557,One Piece: Unlimited World Red,海贼王 无限世界：赤红 [英文版],DLC-OPUWR00ADDON0010,Zoro Casual Pack,EUR
psvdlc,PCSB00560,Minecraft: PlayStation Vita Edition,我的世界 [中英文版],DLC-KSP0000000000023,Minecraft 2nd Birthday Skin Pack,EUR
psvdlc,PCSB00560,Minecraft: PlayStation Vita Edition,我的世界 [中英文版],DLC-KSP0000000000005,Minecraft Battle And Beasts 2,EUR
psvdlc,PCSB00560,Minecraft: PlayStation Vita Edition,我的世界 [中英文版],DLC-KSP0000000000003,Minecraft Battle And Beasts,EUR
psvdlc,PCSB00560,Minecraft: PlayStation Vita Edition,我的世界 [中英文版],DLC-KTP0000000000007,Minecraft Candy Texture Pack,EUR
psvdlc,PCSB00560,Minecraft: PlayStation Vita Edition,我的世界 [中英文版],DLC-KTP0000000000006,Minecraft City Texture Pack,EUR
psvdlc,PCSB00560,Minecraft: PlayStation Vita Edition,我的世界 [中英文版],DLC-KWP0000000000007,Minecraft Fallout Battle Map Pack,EUR
psvdlc,PCSB00560,Minecraft: PlayStation Vita Edition,我的世界 [中英文版],DLC-KMP0000000000009,Minecraft Fallout Mash-up Pack,EUR
psvdlc,PCSB00560,Minecraft: PlayStation Vita Edition,我的世界 [中英文版],DLC-KTP0000000000003,Minecraft Fantasy Texture Pack,EUR
psvdlc,PCSB00560,Minecraft: PlayStation Vita Edition,我的世界 [中英文版],DLC-KSP0000000000001,Minecraft Festive Skin Pack,EUR
psvdlc,PCSB00560,Minecraft: PlayStation Vita Edition,我的世界 [中英文版],DLC-KMP0000000000005,Minecraft LittleBigPlanetTM Mash-up Pack,EUR
psvdlc,PCSB00560,Minecraft: PlayStation Vita Edition,我的世界 [中英文版],DLC-KTP0000000000002,Minecraft Natural Texture Pack,EUR
psvdlc,PCSB00560,Minecraft: PlayStation Vita Edition,我的世界 [中英文版],DLC-KTP0000000000010,Minecraft Pattern Texture Pack,EUR
psvdlc,PCSB00560,Minecraft: PlayStation Vita Edition,我的世界 [中英文版],DLC-KMP0000000000013,Minecraft Pirates Of The Caribbean Mash-up Pack,EUR
psvdlc,PCSB00560,Minecraft: PlayStation Vita Edition,我的世界 [中英文版],DLC-KTP0000000000001,Minecraft Plastic Texture Pack,EUR
psvdlc,PCSB00560,Minecraft: PlayStation Vita Edition,我的世界 [中英文版],DLC-KSP0000000000002,Minecraft Skin Pack 1,EUR
psvdlc,PCSB00560,Minecraft: PlayStation Vita Edition,我的世界 [中英文版],DLC-KSP0000000000004,Minecraft Skin Pack 2,EUR
psvdlc,PCSB00560,Minecraft: PlayStation Vita Edition,我的世界 [中英文版],DLC-KSP0000000000006,Minecraft Skin Pack 3,EUR
psvdlc,PCSB00560,Minecraft: PlayStation Vita Edition,我的世界 [中英文版],DLC-KMP0000000000002,Minecraft Skyrim Mash-up Pack,EUR
psvdlc,PCSB00560,Minecraft: PlayStation Vita Edition,我的世界 [中英文版],DLC-KTP0000000000009,Minecraft Steampunk Texture Pack,EUR
psvdlc,PCSB00574,Toukiden: Kiwami,讨鬼传：极 [英文版],DLC-TOUKIDENDLC05000,Mission Collection 1,EUR
psvdlc,PCSB00574,Toukiden: Kiwami,讨鬼传：极 [英文版],DLC-TOUKIDENDLC05900,Mission Collection 10,EUR
psvdlc,PCSB00574,Toukiden: Kiwami,讨鬼传：极 [英文版],DLC-TOUKIDENDLC06000,Mission Collection 11,EUR
psvdlc,PCSB00574,Toukiden: Kiwami,讨鬼传：极 [英文版],DLC-TOUKIDENDLC05100,Mission Collection 2,EUR
psvdlc,PCSB00574,Toukiden: Kiwami,讨鬼传：极 [英文版],DLC-TOUKIDENDLC05200,Mission Collection 3,EUR
psvdlc,PCSB00574,Toukiden: Kiwami,讨鬼传：极 [英文版],DLC-TOUKIDENDLC05300,Mission Collection 4,EUR
psvdlc,PCSB00574,Toukiden: Kiwami,讨鬼传：极 [英文版],DLC-TOUKIDENDLC05400,Mission Collection 5,EUR
psvdlc,PCSB00574,Toukiden: Kiwami,讨鬼传：极 [英文版],DLC-TOUKIDENDLC05500,Mission Collection 6,EUR
psvdlc,PCSB00574,Toukiden: Kiwami,讨鬼传：极 [英文版],DLC-TOUKIDENDLC05600,Mission Collection 7,EUR
psvdlc,PCSB00574,Toukiden: Kiwami,讨鬼传：极 [英文版],DLC-TOUKIDENDLC05700,Mission Collection 8,EUR
psvdlc,PCSB00574,Toukiden: Kiwami,讨鬼传：极 [英文版],DLC-TOUKIDENDLC05800,Mission Collection 9,EUR
psvdlc,PCSB00574,Toukiden: Kiwami,讨鬼传：极 [英文版],DLC-TOUKIDENDLC00800,Mitama Ichimonji Mari,EUR
psvdlc,PCSB00574,Toukiden: Kiwami,讨鬼传：极 [英文版],DLC-TOUKIDENDLC00900,Mitama Oda Nobunyaga,EUR
psvdlc,PCSB00574,Toukiden: Kiwami,讨鬼传：极 [英文版],DLC-TOUKIDENDLC02200,Mitama Sugi Fumi,EUR
psvdlc,PCSB00575,Warriors Orochi 3 Ultimate,无双大蛇 2 终极版 [英文版],DLC-WOROCHI3DWCOS000,DYNASTY COSTUME,EUR
psvdlc,PCSB00575,Warriors Orochi 3 Ultimate,无双大蛇 2 终极版 [英文版],DLC-WO3UDLCSPEWPN000,KAGUYA ITEM,EUR
psvdlc,PCSB00575,Warriors Orochi 3 Ultimate,无双大蛇 2 终极版 [英文版],DLC-WOROCHI3SWCOS000,SAMURAI COSTUME,EUR
psvdlc,PCSB00575,Warriors Orochi 3 Ultimate,无双大蛇 2 终极版 [英文版],DLC-WO3USPECIALCOS01,SPECIAL COSTUME 1,EUR
psvdlc,PCSB00575,Warriors Orochi 3 Ultimate,无双大蛇 2 终极版 [英文版],DLC-WO3UDLCSPEWPN001,STERK ITEM,EUR
psvdlc,PCSB00579,Hyperdimension Neptunia: Re;Birth1,超次元海王星：重生 1 [英文版],DLC-NRB1DLC000000010,HyperdimensionNeptune Re;Birth1 Additional Content Package 1,EUR
psvdlc,PCSB00579,Hyperdimension Neptunia: Re;Birth1,超次元海王星：重生 1 [英文版],DLC-NRB1DLC000000011,HyperdimensionNeptune Re;Birth1 Additional Content Package 2,EUR
psvdlc,PCSB00579,Hyperdimension Neptunia: Re;Birth1,超次元海王星：重生 1 [英文版],DLC-NRB1DLC000000012,HyperdimensionNeptune Re;Birth1 Additional Content Package 3,EUR
psvdlc,PCSB00579,Hyperdimension Neptunia: Re;Birth1,超次元海王星：重生 1 [英文版],DLC-NRB1DLC000000006,HyperdimensionNeptune Re;Birth1 fairy fencer f Collaboration Package,EUR
psvdlc,PCSB00579,Hyperdimension Neptunia: Re;Birth1,超次元海王星：重生 1 [英文版],DLC-NRB1DLC000000003,HyperdimensionNeptune Re;Birth1 Histy's Beginner's Item Package,EUR
psvdlc,PCSB00579,Hyperdimension Neptunia: Re;Birth1,超次元海王星：重生 1 [英文版],DLC-NRB1DLC000000002,HyperdimensionNeptune Re;Birth1 Histy's Trial Item Package,EUR
psvdlc,PCSB00579,Hyperdimension Neptunia: Re;Birth1,超次元海王星：重生 1 [英文版],DLC-NRB1DLC000000009,HyperdimensionNeptune Re;Birth1 [Histoire] Battle Entry License,EUR
psvdlc,PCSB00579,Hyperdimension Neptunia: Re;Birth1,超次元海王星：重生 1 [英文版],DLC-NRB1DLC000000008,HyperdimensionNeptune Re;Birth1 [Peashy] Battle Entry License,EUR
psvdlc,PCSB00579,Hyperdimension Neptunia: Re;Birth1,超次元海王星：重生 1 [英文版],DLC-NRB1DLC000000007,HyperdimensionNeptune Re;Birth1 [Plutia] Battle Entry License,EUR
psvdlc,PCSB00582,Atelier Rorona Plus: The Alchemist of Arland,新罗罗娜的炼金工房：起始物语 亚兰德的炼金术士 [英文版],DLC-SPECIALFREE00004,BGM Package - Arranged BGM Set,EUR
psvdlc,PCSB00582,Atelier Rorona Plus: The Alchemist of Arland,新罗罗娜的炼金工房：起始物语 亚兰德的炼金术士 [英文版],DLC-SPECIALFREE00002,Costume Change - Lady's Etiquette,EUR
psvdlc,PCSB00582,Atelier Rorona Plus: The Alchemist of Arland,新罗罗娜的炼金工房：起始物语 亚兰德的炼金术士 [英文版],DLC-SPECIALFREE00003,Costume Change - Orange Swimsuit,EUR
psvdlc,PCSB00582,Atelier Rorona Plus: The Alchemist of Arland,新罗罗娜的炼金工房：起始物语 亚兰德的炼金术士 [英文版],DLC-SPECIALFREE00001,Costume Change - Peach Vacation,EUR
psvdlc,PCSB00583,Phantom Breaker: Battlegrounds,幻象破坏者：战场 [英文版],DLC-PBBG0CONTENTCS02,PBBG -BGM PACK-,EUR
psvdlc,PCSB00583,Phantom Breaker: Battlegrounds,幻象破坏者：战场 [英文版],DLC-PBBG0CONTENTCS00,PBBG -Kurisu Makise-,EUR
psvdlc,PCSB00583,Phantom Breaker: Battlegrounds,幻象破坏者：战场 [英文版],DLC-PBBG0CONTENTCS03,PHANTOM BREAKER - BATTLE GROUNDS - FRAU ADDITIONAL PACK,EUR
psvdlc,PCSB00592,Samurai Warriors 4,战国无双 4 [英文版],DLC-SEN4DLCQUEST0000,Scenario Pack 1,EUR
psvdlc,PCSB00592,Samurai Warriors 4,战国无双 4 [英文版],DLC-SEN4DLCOS0000091,Special Costumes 5,EUR
psvdlc,PCSB00596,Soldner-X 2: Final Prototype,X战将 2：最终原型 [英文版],DLC-SOLX2LASTCHAPTER,The Last Chapter,EUR
psvdlc,PCSB00598,Child of Light,光之子 [英文版],DLC-DLC0300000000000,Child of Light - Dark Pack,EUR
psvdlc,PCSB00598,Child of Light,光之子 [英文版],DLC-DLC0600000000000,Child of Light - Faceted Oculi Pack,EUR
psvdlc,PCSB00598,Child of Light,光之子 [英文版],DLC-DLC0200000000000,Child of Light - Light Pack,EUR
psvdlc,PCSB00598,Child of Light,光之子 [英文版],DLC-DLC0400000000000,Child of Light - Rough Oculi Pack,EUR
psvdlc,PCSB00598,Child of Light,光之子 [英文版],DLC-DLC0700000000000,Child of Light - Stardust Pack,EUR
psvdlc,PCSB00598,Child of Light,光之子 [英文版],DLC-DLC0100000000000,Child of Light - The Golem’s Plight Pack,EUR
psvdlc,PCSB00598,Child of Light,光之子 [英文版],DLC-DLC0500000000000,Child of Light - Tumbled Oculi Pack,EUR
psvdlc,PCSB00601,Senran Kagura: Shinovi Versus,闪乱神乐：少女们的证明 [英文版],DLC-HR00000000000014,Asuka's Hairstyle,EUR
psvdlc,PCSB00601,Senran Kagura: Shinovi Versus,闪乱神乐：少女们的证明 [英文版],DLC-NJ00000000000020,Asuka's Santa Outfit,EUR
psvdlc,PCSB00601,Senran Kagura: Shinovi Versus,闪乱神乐：少女们的证明 [英文版],DLC-CH00000000000000,Daidōji,EUR
psvdlc,PCSB00601,Senran Kagura: Shinovi Versus,闪乱神乐：少女们的证明 [英文版],DLC-NJ00000000000040,Daidōji's Santa Outfit,EUR
psvdlc,PCSB00601,Senran Kagura: Shinovi Versus,闪乱神乐：少女们的证明 [英文版],DLC-UW00000000000004,Famitsu Special,EUR
psvdlc,PCSB00601,Senran Kagura: Shinovi Versus,闪乱神乐：少女们的证明 [英文版],DLC-UW00000000000009,Happy Halloween,EUR
psvdlc,PCSB00601,Senran Kagura: Shinovi Versus,闪乱神乐：少女们的证明 [英文版],DLC-HR00000000000023,Haruka's Hairstyle,EUR
psvdlc,PCSB00601,Senran Kagura: Shinovi Versus,闪乱神乐：少女们的证明 [英文版],DLC-NJ00000000000029,Haruka's Santa Outfit,EUR
psvdlc,PCSB00601,Senran Kagura: Shinovi Versus,闪乱神乐：少女们的证明 [英文版],DLC-HR00000000000018,Hibari's Hairstyle,EUR
psvdlc,PCSB00601,Senran Kagura: Shinovi Versus,闪乱神乐：少女们的证明 [英文版],DLC-NJ00000000000024,Hibari's Santa Outfit,EUR
psvdlc,PCSB00601,Senran Kagura: Shinovi Versus,闪乱神乐：少女们的证明 [英文版],DLC-HR00000000000021,Hikage's Hairstyle,EUR
psvdlc,PCSB00601,Senran Kagura: Shinovi Versus,闪乱神乐：少女们的证明 [英文版],DLC-NJ00000000000027,Hikage's Santa Outfit,EUR
psvdlc,PCSB00601,Senran Kagura: Shinovi Versus,闪乱神乐：少女们的证明 [英文版],DLC-HR00000000000019,Homura's Hairstyle,EUR
psvdlc,PCSB00601,Senran Kagura: Shinovi Versus,闪乱神乐：少女们的证明 [英文版],DLC-NJ00000000000025,Homura's Santa Outfit,EUR
psvdlc,PCSB00601,Senran Kagura: Shinovi Versus,闪乱神乐：少女们的证明 [英文版],DLC-HR00000000000015,Ikaruga's Hairstyle,EUR
psvdlc,PCSB00601,Senran Kagura: Shinovi Versus,闪乱神乐：少女们的证明 [英文版],DLC-NJ00000000000021,Ikaruga's Santa Outfit,EUR
psvdlc,PCSB00601,Senran Kagura: Shinovi Versus,闪乱神乐：少女们的证明 [英文版],DLC-HR00000000000031,Imu's Hairstyle,EUR
psvdlc,PCSB00601,Senran Kagura: Shinovi Versus,闪乱神乐：少女们的证明 [英文版],DLC-NJ00000000000037,Imu's Santa Outfit,EUR
psvdlc,PCSB00601,Senran Kagura: Shinovi Versus,闪乱神乐：少女们的证明 [英文版],DLC-HR00000000000016,Katsuragi's Hairstyle,EUR
psvdlc,PCSB00601,Senran Kagura: Shinovi Versus,闪乱神乐：少女们的证明 [英文版],DLC-NJ00000000000022,Katsuragi's Santa Outfit,EUR
psvdlc,PCSB00601,Senran Kagura: Shinovi Versus,闪乱神乐：少女们的证明 [英文版],DLC-UW00000000000010,Merry Christmas,EUR
psvdlc,PCSB00601,Senran Kagura: Shinovi Versus,闪乱神乐：少女们的证明 [英文版],DLC-HR00000000000028,Minori's Hairstyle,EUR
psvdlc,PCSB00601,Senran Kagura: Shinovi Versus,闪乱神乐：少女们的证明 [英文版],DLC-NJ00000000000034,Minori's Santa Outfit,EUR
psvdlc,PCSB00601,Senran Kagura: Shinovi Versus,闪乱神乐：少女们的证明 [英文版],DLC-HR00000000000022,Mirai's Hairstyle,EUR
psvdlc,PCSB00601,Senran Kagura: Shinovi Versus,闪乱神乐：少女们的证明 [英文版],DLC-NJ00000000000028,Mirai's Santa Outfit,EUR
psvdlc,PCSB00601,Senran Kagura: Shinovi Versus,闪乱神乐：少女们的证明 [英文版],DLC-HR00000000000029,Miyabi's Hairstyle,EUR
psvdlc,PCSB00601,Senran Kagura: Shinovi Versus,闪乱神乐：少女们的证明 [英文版],DLC-NJ00000000000035,Miyabi's Santa Outfit,EUR
psvdlc,PCSB00601,Senran Kagura: Shinovi Versus,闪乱神乐：少女们的证明 [英文版],DLC-HR00000000000025,Murakumo's Hairstyle,EUR
psvdlc,PCSB00601,Senran Kagura: Shinovi Versus,闪乱神乐：少女们的证明 [英文版],DLC-NJ00000000000031,Murakumo's Santa Outfit,EUR
psvdlc,PCSB00601,Senran Kagura: Shinovi Versus,闪乱神乐：少女们的证明 [英文版],DLC-HR00000000000030,Murasaki's Hairstyle,EUR
psvdlc,PCSB00601,Senran Kagura: Shinovi Versus,闪乱神乐：少女们的证明 [英文版],DLC-NJ00000000000036,Murasaki's Santa Outfit,EUR
psvdlc,PCSB00601,Senran Kagura: Shinovi Versus,闪乱神乐：少女们的证明 [英文版],DLC-UW00000000000005,Perfect Bible,EUR
psvdlc,PCSB00601,Senran Kagura: Shinovi Versus,闪乱神乐：少女们的证明 [英文版],DLC-UW00000000000007,Pure Black,EUR
psvdlc,PCSB00601,Senran Kagura: Shinovi Versus,闪乱神乐：少女们的证明 [英文版],DLC-UW00000000000008,Pure Pink,EUR
psvdlc,PCSB00601,Senran Kagura: Shinovi Versus,闪乱神乐：少女们的证明 [英文版],DLC-UW00000000000006,Pure White,EUR
psvdlc,PCSB00601,Senran Kagura: Shinovi Versus,闪乱神乐：少女们的证明 [英文版],DLC-CH00000000000001,Rin,EUR
psvdlc,PCSB00601,Senran Kagura: Shinovi Versus,闪乱神乐：少女们的证明 [英文版],DLC-NJ00000000000041,Rin's Santa Outfit,EUR
psvdlc,PCSB00601,Senran Kagura: Shinovi Versus,闪乱神乐：少女们的证明 [英文版],DLC-HR00000000000032,Ryōbi's Hairstyle,EUR
psvdlc,PCSB00601,Senran Kagura: Shinovi Versus,闪乱神乐：少女们的证明 [英文版],DLC-NJ00000000000038,Ryōbi's Santa Outfit,EUR
psvdlc,PCSB00601,Senran Kagura: Shinovi Versus,闪乱神乐：少女们的证明 [英文版],DLC-HR00000000000033,Ryōna's Hairstyle,EUR
psvdlc,PCSB00601,Senran Kagura: Shinovi Versus,闪乱神乐：少女们的证明 [英文版],DLC-NJ00000000000039,Ryōna's Santa Outfit,EUR
psvdlc,PCSB00601,Senran Kagura: Shinovi Versus,闪乱神乐：少女们的证明 [英文版],DLC-HR00000000000027,Shiki's Hairstyle,EUR
psvdlc,PCSB00601,Senran Kagura: Shinovi Versus,闪乱神乐：少女们的证明 [英文版],DLC-NJ00000000000033,Shiki's Santa Outfit,EUR
psvdlc,PCSB00601,Senran Kagura: Shinovi Versus,闪乱神乐：少女们的证明 [英文版],DLC-HR00000000000017,Yagyū's Hairstyle,EUR
psvdlc,PCSB00601,Senran Kagura: Shinovi Versus,闪乱神乐：少女们的证明 [英文版],DLC-NJ00000000000023,Yagyū's Santa Outfit,EUR
psvdlc,PCSB00601,Senran Kagura: Shinovi Versus,闪乱神乐：少女们的证明 [英文版],DLC-HR00000000000020,Yomi's Hairstyle,EUR
psvdlc,PCSB00601,Senran Kagura: Shinovi Versus,闪乱神乐：少女们的证明 [英文版],DLC-NJ00000000000026,Yomi's Santa Outfit,EUR
psvdlc,PCSB00601,Senran Kagura: Shinovi Versus,闪乱神乐：少女们的证明 [英文版],DLC-HR00000000000026,Yozakura's Hairstyle,EUR
psvdlc,PCSB00601,Senran Kagura: Shinovi Versus,闪乱神乐：少女们的证明 [英文版],DLC-NJ00000000000032,Yozakura's Santa Outfit,EUR
psvdlc,PCSB00601,Senran Kagura: Shinovi Versus,闪乱神乐：少女们的证明 [英文版],DLC-HR00000000000024,Yumi's Hairstyle,EUR
psvdlc,PCSB00601,Senran Kagura: Shinovi Versus,闪乱神乐：少女们的证明 [英文版],DLC-NJ00000000000030,Yumi's Santa Outfit,EUR
psvdlc,PCSB00602,Senran Kagura: Bon Appetit! (Hanzo x Crimson Squad),忍乳负重 闪乱神乐 [英文版],DLC-0000000000000009,SENRAN KAGURA - BON APPETIT! – Silver Tiara,EUR
psvdlc,PCSB00618,Sword Art Online -Hollow Fragment-,刀剑神域：虚空断章 [英文版],DLC-SAO2LIR006000000,Adventurer’s Essentials,EUR
psvdlc,PCSB00618,Sword Art Online -Hollow Fragment-,刀剑神域：虚空断章 [英文版],DLC-SAO2LIR007000000,Auto-Attack Support Set,EUR
psvdlc,PCSB00618,Sword Art Online -Hollow Fragment-,刀剑神域：虚空断章 [英文版],DLC-SAO2KFJ021000000,Avatar Face Set Info,EUR
psvdlc,PCSB00618,Sword Art Online -Hollow Fragment-,刀剑神域：虚空断章 [英文版],DLC-SAO2JHL002000000,Avatar Face Set,EUR
psvdlc,PCSB00618,Sword Art Online -Hollow Fragment-,刀剑神域：虚空断章 [英文版],DLC-SAO2LIR008000000,Black Two-Handed Sword,EUR
psvdlc,PCSB00618,Sword Art Online -Hollow Fragment-,刀剑神域：虚空断章 [英文版],DLC-SAO2KFJ023000000,Dress Shirt (Blue) Ticket,EUR
psvdlc,PCSB00618,Sword Art Online -Hollow Fragment-,刀剑神域：虚空断章 [英文版],DLC-SAO2KFJ018000000,Dress Shirt (White) Ticket,EUR
psvdlc,PCSB00618,Sword Art Online -Hollow Fragment-,刀剑神域：虚空断章 [英文版],DLC-SAO2KFT022000000,GGO Kirito Avatar Info,EUR
psvdlc,PCSB00618,Sword Art Online -Hollow Fragment-,刀剑神域：虚空断章 [英文版],DLC-SAO2JHT003000000,GGO Kirito Avatar,EUR
psvdlc,PCSB00618,Sword Art Online -Hollow Fragment-,刀剑神域：虚空断章 [英文版],DLC-SAO2LIT016000000,GGO Kirito Set Chest,EUR
psvdlc,PCSB00618,Sword Art Online -Hollow Fragment-,刀剑神域：虚空断章 [英文版],DLC-SAO2KFT017000000,GGO Sinon Costume Ticket,EUR
psvdlc,PCSB00618,Sword Art Online -Hollow Fragment-,刀剑神域：虚空断章 [英文版],DLC-SAO2LIR012000000,Heathcliff's Equipment Set,EUR
psvdlc,PCSB00618,Sword Art Online -Hollow Fragment-,刀剑神域：虚空断章 [英文版],DLC-SAO2KFJ013000000,HM - Abyss of Pandemonium,EUR
psvdlc,PCSB00618,Sword Art Online -Hollow Fragment-,刀剑神域：虚空断章 [英文版],DLC-SAO2KFJ009000000,HM - Lord of Nightmare's Dregs,EUR
psvdlc,PCSB00618,Sword Art Online -Hollow Fragment-,刀剑神域：虚空断章 [英文版],DLC-SAO2KFJ011000000,HM - Return of the King,EUR
psvdlc,PCSB00618,Sword Art Online -Hollow Fragment-,刀剑神域：虚空断章 [英文版],DLC-SAO2KFJ014000000,HM - Revolt of the Slimes,EUR
psvdlc,PCSB00618,Sword Art Online -Hollow Fragment-,刀剑神域：虚空断章 [英文版],DLC-SAO2KFJ005000000,Keeper of Oblivion Ticket,EUR
psvdlc,PCSB00618,Sword Art Online -Hollow Fragment-,刀剑神域：虚空断章 [英文版],DLC-SAO2KFJ004000000,Labyrinth of Deadly Sin Ticket,EUR
psvdlc,PCSB00618,Sword Art Online -Hollow Fragment-,刀剑神域：虚空断章 [英文版],DLC-SAO2KFJ015000000,Nightie (Blue) Ticket,EUR
psvdlc,PCSB00618,Sword Art Online -Hollow Fragment-,刀剑神域：虚空断章 [英文版],DLC-SAO2KFJ000000000,Nightie (Pink) Ticket,EUR
psvdlc,PCSB00618,Sword Art Online -Hollow Fragment-,刀剑神域：虚空断章 [英文版],DLC-SAO2KFJ002000000,School Swimsuit (Navy) Ticket,EUR
psvdlc,PCSB00618,Sword Art Online -Hollow Fragment-,刀剑神域：虚空断章 [英文版],DLC-SAO2KFJ003000000,School Swimsuit (White) Ticket,EUR
psvdlc,PCSB00618,Sword Art Online -Hollow Fragment-,刀剑神域：虚空断章 [英文版],DLC-SAO2JHL000000000,Sprigan Kirito 1 Avatar,EUR
psvdlc,PCSB00618,Sword Art Online -Hollow Fragment-,刀剑神域：虚空断章 [英文版],DLC-SAO2JHL001000000,Sprigan Kirito 2 Avatar,EUR
psvdlc,PCSB00618,Sword Art Online -Hollow Fragment-,刀剑神域：虚空断章 [英文版],DLC-SAO2KFJ019000000,Spriggan Kirito 1 Avatar Info,EUR
psvdlc,PCSB00618,Sword Art Online -Hollow Fragment-,刀剑神域：虚空断章 [英文版],DLC-SAO2KFJ020000000,Spriggan Kirito 2 Avatar Info,EUR
psvdlc,PCSB00618,Sword Art Online -Hollow Fragment-,刀剑神域：虚空断章 [英文版],DLC-SAO2KFJ001000000,Wedding Dress Ticket,EUR
psvdlc,PCSB00618,Sword Art Online -Hollow Fragment-,刀剑神域：虚空断章 [英文版],DLC-SAO2LIR010000000,Yuuki's Sword,EUR
psvdlc,PCSB00626,Hyperdimension Neptunia: Re;Birth2 Sisters Generation,超次元海王星：重生 2 姐妹时代 [英文版],DLC-NRB2DLC000000003,Additional Content Pack 1,EUR
psvdlc,PCSB00626,Hyperdimension Neptunia: Re;Birth2 Sisters Generation,超次元海王星：重生 2 姐妹时代 [英文版],DLC-NRB2DLC000000004,Additional Content Pack 2,EUR
psvdlc,PCSB00626,Hyperdimension Neptunia: Re;Birth2 Sisters Generation,超次元海王星：重生 2 姐妹时代 [英文版],DLC-NRB2DLC000000005,Additional Content Pack 3,EUR
psvdlc,PCSB00626,Hyperdimension Neptunia: Re;Birth2 Sisters Generation,超次元海王星：重生 2 姐妹时代 [英文版],DLC-NRB2DLC000000011,Anime Collaboration Set,EUR
psvdlc,PCSB00626,Hyperdimension Neptunia: Re;Birth2 Sisters Generation,超次元海王星：重生 2 姐妹时代 [英文版],DLC-NRB2DLC000000008,Believe in Pippin Set,EUR
psvdlc,PCSB00626,Hyperdimension Neptunia: Re;Birth2 Sisters Generation,超次元海王星：重生 2 姐妹时代 [英文版],DLC-NRB2DLC000000002,Histy's Beginner Package,EUR
psvdlc,PCSB00626,Hyperdimension Neptunia: Re;Birth2 Sisters Generation,超次元海王星：重生 2 姐妹时代 [英文版],DLC-NRB2DLC000000001,Histy's Rehabilitation Package,EUR
psvdlc,PCSB00626,Hyperdimension Neptunia: Re;Birth2 Sisters Generation,超次元海王星：重生 2 姐妹时代 [英文版],DLC-NRB2DLC000000006,Histy's Rescue Plans,EUR
psvdlc,PCSB00626,Hyperdimension Neptunia: Re;Birth2 Sisters Generation,超次元海王星：重生 2 姐妹时代 [英文版],DLC-NRB2DLC000000007,Nepgear's [Beam Zapper ZERO],EUR
psvdlc,PCSB00626,Hyperdimension Neptunia: Re;Birth2 Sisters Generation,超次元海王星：重生 2 姐妹时代 [英文版],DLC-NRB2DLC000000010,ネプギア専用アクセサリー『ネプギャーアイマスク』,EUR
psvdlc,PCSB00640,AKIBA'S TRIP: Undead ＆ Undressed,秋叶脱物语 2 [英文版],DLC-AKIBASNEXTDLC006,AKIBA'S TRIPUNDEAD & UNDRESSED Coraboset01,EUR
psvdlc,PCSB00640,AKIBA'S TRIP: Undead ＆ Undressed,秋叶脱物语 2 [英文版],DLC-AKIBASNEXTDLC007,AKIBA'S TRIPUNDEAD & UNDRESSED Coraboset02,EUR
psvdlc,PCSB00640,AKIBA'S TRIP: Undead ＆ Undressed,秋叶脱物语 2 [英文版],DLC-AKIBASNEXTDLC008,AKIBA'S TRIPUNDEAD & UNDRESSED Coraboset03,EUR
psvdlc,PCSB00640,AKIBA'S TRIP: Undead ＆ Undressed,秋叶脱物语 2 [英文版],DLC-AKIBASNEXTDLC009,AKIBA'S TRIPUNDEAD & UNDRESSED Coraboset04,EUR
psvdlc,PCSB00640,AKIBA'S TRIP: Undead ＆ Undressed,秋叶脱物语 2 [英文版],DLC-AKIBASNEXTDLC010,AKIBA'S TRIPUNDEAD & UNDRESSED Coraboset05,EUR
psvdlc,PCSB00640,AKIBA'S TRIP: Undead ＆ Undressed,秋叶脱物语 2 [英文版],DLC-AKIBASNEXTDLC011,AKIBA'S TRIPUNDEAD & UNDRESSED Coraboset06,EUR
psvdlc,PCSB00640,AKIBA'S TRIP: Undead ＆ Undressed,秋叶脱物语 2 [英文版],DLC-AKIBASNEXTDLC012,AKIBA'S TRIPUNDEAD & UNDRESSED Coraboset07,EUR
psvdlc,PCSB00640,AKIBA'S TRIP: Undead ＆ Undressed,秋叶脱物语 2 [英文版],DLC-AKIBASNEXTDLC013,AKIBA'S TRIPUNDEAD & UNDRESSED Coraboset08,EUR
psvdlc,PCSB00640,AKIBA'S TRIP: Undead ＆ Undressed,秋叶脱物语 2 [英文版],DLC-AKIBASNEXTDLC014,AKIBA'S TRIPUNDEAD & UNDRESSED Coraboset09,EUR
psvdlc,PCSB00640,AKIBA'S TRIP: Undead ＆ Undressed,秋叶脱物语 2 [英文版],DLC-AKIBASNEXTDLC015,AKIBA'S TRIPUNDEAD & UNDRESSED Coraboset10,EUR
psvdlc,PCSB00640,AKIBA'S TRIP: Undead ＆ Undressed,秋叶脱物语 2 [英文版],DLC-AKIBASNEXTDLC016,AKIBA'S TRIPUNDEAD & UNDRESSED Coraboset11,EUR
psvdlc,PCSB00640,AKIBA'S TRIP: Undead ＆ Undressed,秋叶脱物语 2 [英文版],DLC-AKIBASNEXTDLC018,AKIBA'S TRIPUNDEAD & UNDRESSED Coraboset12,EUR
psvdlc,PCSB00640,AKIBA'S TRIP: Undead ＆ Undressed,秋叶脱物语 2 [英文版],DLC-AKIBASNEXTDLC017,AKIBA'S TRIPUNDEAD & UNDRESSED Specialset,EUR
psvdlc,PCSB00693,SteamWorld Heist,蒸汽世界：大抢劫 [英文版],DLC-SWHDLC0000000003,Hatbox - Three 4 Free,EUR
psvdlc,PCSB00693,SteamWorld Heist,蒸汽世界：大抢劫 [英文版],DLC-P000000000004071,SteamWorld Heist - The Outsider,EUR
psvdlc,PCSB00704,Damascus Gear: Operation Tokyo,大马士革机器人：东京始战 [英文版],DLC-DLC0000000000002,Add'l Story - Hero Creation,EUR
psvdlc,PCSB00710,Hyperdimension Neptunia U: Action Unleashed,超次元海王星 U：战斗释放 [英文版],DLC-ACTIONNEPTUNIA06,Bonus Quest,EUR
psvdlc,PCSB00710,Hyperdimension Neptunia U: Action Unleashed,超次元海王星 U：战斗释放 [英文版],DLC-ACTIONNEPTUNIA01,Dengekiko's Swimsuit,EUR
psvdlc,PCSB00710,Hyperdimension Neptunia U: Action Unleashed,超次元海王星 U：战斗释放 [英文版],DLC-ACTIONNEPTUNIA07,Difficult Quest,EUR
psvdlc,PCSB00710,Hyperdimension Neptunia U: Action Unleashed,超次元海王星 U：战斗释放 [英文版],DLC-ACTIONNEPTUNIA03,Exciting Swimsuit Set,EUR
psvdlc,PCSB00710,Hyperdimension Neptunia U: Action Unleashed,超次元海王星 U：战斗释放 [英文版],DLC-ACTIONNEPTUNIA02,Famitsu's Swimsuit,EUR
psvdlc,PCSB00710,Hyperdimension Neptunia U: Action Unleashed,超次元海王星 U：战斗释放 [英文版],DLC-ACTIONNEPTUNIA04,"MAGES.'s Gift, Vol. 1",EUR
psvdlc,PCSB00710,Hyperdimension Neptunia U: Action Unleashed,超次元海王星 U：战斗释放 [英文版],DLC-ACTIONNEPTUNIA05,"MAGES.'s Gift, Vol. 2",EUR
psvdlc,PCSB00717,One Piece: Pirate Warriors 3,海贼王：海贼无双 3 [英文版],DLC-OP3SCENARIO00006,Bonus Episode - A Written Challenge to the Paramount War,EUR
psvdlc,PCSB00717,One Piece: Pirate Warriors 3,海贼王：海贼无双 3 [英文版],DLC-OP3SCENARIO00004,Bonus Episode - Davy Back Fight,EUR
psvdlc,PCSB00717,One Piece: Pirate Warriors 3,海贼王：海贼无双 3 [英文版],DLC-OP3COSTUME000011,Luffy Bonus Costume - 'Z' Final Battle costume,EUR
psvdlc,PCSB00717,One Piece: Pirate Warriors 3,海贼王：海贼无双 3 [英文版],DLC-OP3COSTUME000010,Luffy Bonus Costume - 'Z' Final Battle meat costume,EUR
psvdlc,PCSB00717,One Piece: Pirate Warriors 3,海贼王：海贼无双 3 [英文版],DLC-OP3COSTUME000000,Luffy Bonus Costume - Carp,EUR
psvdlc,PCSB00717,One Piece: Pirate Warriors 3,海贼王：海贼无双 3 [英文版],DLC-OP3COSTUME000001,Sabo Bonus Costume - Lucy,EUR
psvdlc,PCSB00751,Hyperdimension Neptunia: Re;Birth3 V Generation,超次元海王星：重生 3 V 世纪 [英文版],DLC-NRB3DLC000000003,Additional Character Pack 1,EUR
psvdlc,PCSB00751,Hyperdimension Neptunia: Re;Birth3 V Generation,超次元海王星：重生 3 V 世纪 [英文版],DLC-NRB3DLC000000016,Additional Character Pack 2,EUR
psvdlc,PCSB00751,Hyperdimension Neptunia: Re;Birth3 V Generation,超次元海王星：重生 3 V 世纪 [英文版],DLC-NRB3DLC000000005,Additional Content Pack 1,EUR
psvdlc,PCSB00751,Hyperdimension Neptunia: Re;Birth3 V Generation,超次元海王星：重生 3 V 世纪 [英文版],DLC-NRB3DLC000000006,Additional Content Pack 2,EUR
psvdlc,PCSB00751,Hyperdimension Neptunia: Re;Birth3 V Generation,超次元海王星：重生 3 V 世纪 [英文版],DLC-NRB3DLC000000007,Additional Content Pack 3,EUR
psvdlc,PCSB00751,Hyperdimension Neptunia: Re;Birth3 V Generation,超次元海王星：重生 3 V 世纪 [英文版],DLC-NRB3DLC000000008,Dengeki PS First Series Dengeki Collaboration Processor Set,EUR
psvdlc,PCSB00751,Hyperdimension Neptunia: Re;Birth3 V Generation,超次元海王星：重生 3 V 世纪 [英文版],DLC-NRB3DLC000000009,Dengeki PS Second Series Neptune Swimsuit Set,EUR
psvdlc,PCSB00751,Hyperdimension Neptunia: Re;Birth3 V Generation,超次元海王星：重生 3 V 世纪 [英文版],DLC-NRB3DLC000000015,Dengeki Strategy Guide・Plutia Swimsuit Set,EUR
psvdlc,PCSB00751,Hyperdimension Neptunia: Re;Birth3 V Generation,超次元海王星：重生 3 V 世纪 [英文版],DLC-NRB3DLC000000002,Histy's Beginner Item Pack,EUR
psvdlc,PCSB00751,Hyperdimension Neptunia: Re;Birth3 V Generation,超次元海王星：重生 3 V 世纪 [英文版],DLC-NRB3DLC000000014,Histy's Emergency Aid Plan Pack,EUR
psvdlc,PCSB00751,Hyperdimension Neptunia: Re;Birth3 V Generation,超次元海王星：重生 3 V 世纪 [英文版],DLC-NRB3DLC000000001,Histy's Item Trial Pack,EUR
psvdlc,PCSB00751,Hyperdimension Neptunia: Re;Birth3 V Generation,超次元海王星：重生 3 V 世纪 [英文版],DLC-NRB3DLC000000020,Japanese Voice,EUR
psvdlc,PCSB00751,Hyperdimension Neptunia: Re;Birth3 V Generation,超次元海王星：重生 3 V 世纪 [英文版],DLC-NRB3DLC000000017,Scout Pack,EUR
psvdlc,PCSB00788,Danganronpa Another Episode: Ultra Despair Girls,枪弹辩驳番外篇：绝对绝望少女 [英文版],DLC-DESPAIRGIRLSJP01,Danganronpa Another Episode - Ultra Despair Girls Japanese,EUR
psvdlc,PCSB00798,Ar nosurge Plus: Ode to an Unborn Star,静籁永恒 Plus：献给诞生执行的祈祷诗 [英文版],DLC-ARNOVITA7ION0001,Costume Amenomirai Vestments,EUR
psvdlc,PCSB00798,Ar nosurge Plus: Ode to an Unborn Star,静籁永恒 Plus：献给诞生执行的祈祷诗 [英文版],DLC-ARNOVITA7CAS0002,Costume Sports Wear,EUR
psvdlc,PCSB00798,Ar nosurge Plus: Ode to an Unborn Star,静籁永恒 Plus：献给诞生执行的祈祷诗 [英文版],DLC-ARNOVITA7CAS0003,Costume UNITY-CHAN!,EUR
psvdlc,PCSB00806,Samurai Warriors: Chronicles 3,战国无双 编年史 3 [英文版],DLC-SENC3TSUSHIN0000,Samurai News Vol. 1,EUR
psvdlc,PCSB00806,Samurai Warriors: Chronicles 3,战国无双 编年史 3 [英文版],DLC-SENC3TSUSHIN0009,Samurai News Vol. 10,EUR
psvdlc,PCSB00806,Samurai Warriors: Chronicles 3,战国无双 编年史 3 [英文版],DLC-SENC3TSUSHIN0010,Samurai News Vol. 11,EUR
psvdlc,PCSB00806,Samurai Warriors: Chronicles 3,战国无双 编年史 3 [英文版],DLC-SENC3TSUSHIN0011,Samurai News Vol. 12,EUR
psvdlc,PCSB00806,Samurai Warriors: Chronicles 3,战国无双 编年史 3 [英文版],DLC-SENC3TSUSHIN0012,Samurai News Vol. 13,EUR
psvdlc,PCSB00806,Samurai Warriors: Chronicles 3,战国无双 编年史 3 [英文版],DLC-SENC3TSUSHIN0013,Samurai News Vol. 14,EUR
psvdlc,PCSB00806,Samurai Warriors: Chronicles 3,战国无双 编年史 3 [英文版],DLC-SENC3TSUSHIN0014,Samurai News Vol. 15,EUR
psvdlc,PCSB00806,Samurai Warriors: Chronicles 3,战国无双 编年史 3 [英文版],DLC-SENC3TSUSHIN0015,Samurai News Vol. 16,EUR
psvdlc,PCSB00806,Samurai Warriors: Chronicles 3,战国无双 编年史 3 [英文版],DLC-SENC3TSUSHIN0016,Samurai News Vol. 17,EUR
psvdlc,PCSB00806,Samurai Warriors: Chronicles 3,战国无双 编年史 3 [英文版],DLC-SENC3TSUSHIN0017,Samurai News Vol. 18,EUR
psvdlc,PCSB00806,Samurai Warriors: Chronicles 3,战国无双 编年史 3 [英文版],DLC-SENC3TSUSHIN0018,Samurai News Vol. 19,EUR
psvdlc,PCSB00806,Samurai Warriors: Chronicles 3,战国无双 编年史 3 [英文版],DLC-SENC3TSUSHIN0001,Samurai News Vol. 2,EUR
psvdlc,PCSB00806,Samurai Warriors: Chronicles 3,战国无双 编年史 3 [英文版],DLC-SENC3TSUSHIN0019,Samurai News Vol. 20,EUR
psvdlc,PCSB00806,Samurai Warriors: Chronicles 3,战国无双 编年史 3 [英文版],DLC-SENC3TSUSHIN0020,Samurai News Vol. 21,EUR
psvdlc,PCSB00806,Samurai Warriors: Chronicles 3,战国无双 编年史 3 [英文版],DLC-SENC3TSUSHIN0021,Samurai News Vol. 22,EUR
psvdlc,PCSB00806,Samurai Warriors: Chronicles 3,战国无双 编年史 3 [英文版],DLC-SENC3TSUSHIN0022,Samurai News Vol. 23,EUR
psvdlc,PCSB00806,Samurai Warriors: Chronicles 3,战国无双 编年史 3 [英文版],DLC-SENC3TSUSHIN0023,Samurai News Vol. 24,EUR
psvdlc,PCSB00806,Samurai Warriors: Chronicles 3,战国无双 编年史 3 [英文版],DLC-SENC3TSUSHIN0002,Samurai News Vol. 3,EUR
psvdlc,PCSB00806,Samurai Warriors: Chronicles 3,战国无双 编年史 3 [英文版],DLC-SENC3TSUSHIN0003,Samurai News Vol. 4,EUR
psvdlc,PCSB00806,Samurai Warriors: Chronicles 3,战国无双 编年史 3 [英文版],DLC-SENC3TSUSHIN0004,Samurai News Vol. 5,EUR
psvdlc,PCSB00806,Samurai Warriors: Chronicles 3,战国无双 编年史 3 [英文版],DLC-SENC3TSUSHIN0005,Samurai News Vol. 6,EUR
psvdlc,PCSB00806,Samurai Warriors: Chronicles 3,战国无双 编年史 3 [英文版],DLC-SENC3TSUSHIN0006,Samurai News Vol. 7,EUR
psvdlc,PCSB00806,Samurai Warriors: Chronicles 3,战国无双 编年史 3 [英文版],DLC-SENC3TSUSHIN0007,Samurai News Vol. 8,EUR
psvdlc,PCSB00806,Samurai Warriors: Chronicles 3,战国无双 编年史 3 [英文版],DLC-SENC3TSUSHIN0008,Samurai News Vol. 9,EUR
psvdlc,PCSB00814,Lost Dimension,消失的次元 [英文版],DLC-ADDCONTENTSPKG37,Free Gift VP +1,EUR
psvdlc,PCSB00814,Lost Dimension,消失的次元 [英文版],DLC-ADDCONTENTSPKG40,Medical Set A,EUR
psvdlc,PCSB00814,Lost Dimension,消失的次元 [英文版],DLC-ADDCONTENTSPKG00,Special Costume White Regalia,EUR
psvdlc,PCSB00836,Rocketbirds 2: Evolution,火箭鸟 2：进化 [英文版],DLC-DLCSET0000000001,Rocketbirds 2 - Evolution  - Rescue Bundle DLC,EUR
psvdlc,PCSB00861,Digimon Story Cyber Sleuth,数码宝贝物语 网络侦探 [英文版],DLC-DSDLCQUEST002101,Additional Mission 1&2&3,EUR
psvdlc,PCSB00861,Digimon Story Cyber Sleuth,数码宝贝物语 网络侦探 [英文版],DLC-DSDLCQUEST002102,Additional Mission 4&5&6,EUR
psvdlc,PCSB00861,Digimon Story Cyber Sleuth,数码宝贝物语 网络侦探 [英文版],DLC-DSDLCQUEST002103,Additional Mission 7&8&9,EUR
psvdlc,PCSB00861,Digimon Story Cyber Sleuth,数码宝贝物语 网络侦探 [英文版],DLC-DSDLCQUEST002104,Additional Mission 10&11&12,EUR
psvdlc,PCSB00861,Digimon Story Cyber Sleuth,数码宝贝物语 网络侦探 [英文版],DLC-DSDLCDIGIMON2101,Beginning Head-Start,EUR
psvdlc,PCSB00863,BlazBlue: Chronophantasma Extend,苍翼默示录：刻之幻影 扩展版 [英文版],DLC-BBCPPSV000016000,Story Gallery Data,EUR
psvdlc,PCSB00866,The Legend of Heroes: Trails of Cold Steel,英雄传说：闪之轨迹 [英文版],DLC-EDSENADDCONT0026,additional content『Free Trial Pack 2』,EUR
psvdlc,PCSB00866,The Legend of Heroes: Trails of Cold Steel,英雄传说：闪之轨迹 [英文版],DLC-EDSENADDCONT0025,additional content『Free Trial Pack』,EUR
psvdlc,PCSB00866,The Legend of Heroes: Trails of Cold Steel,英雄传说：闪之轨迹 [英文版],DLC-EDSENADDCONT0029,additional content『Handy Accessories Pack』,EUR
psvdlc,PCSB00866,The Legend of Heroes: Trails of Cold Steel,英雄传说：闪之轨迹 [英文版],DLC-EDSENADDCONT0030,additional content『Monstrous Ingredients Pack』,EUR
psvdlc,PCSB00866,The Legend of Heroes: Trails of Cold Steel,英雄传说：闪之轨迹 [英文版],DLC-EDSENADDCONT0022,additional content『Ride-Along Mishy』,EUR
psvdlc,PCSB00866,The Legend of Heroes: Trails of Cold Steel,英雄传说：闪之轨迹 [英文版],DLC-EDSENADDCONT0028,additional content『Sepith Pack』,EUR
psvdlc,PCSB00866,The Legend of Heroes: Trails of Cold Steel,英雄传说：闪之轨迹 [英文版],DLC-EDSENADDCONT0100,additional content『Shining Pom Bait Trial Set』,EUR
psvdlc,PCSB00866,The Legend of Heroes: Trails of Cold Steel,英雄传说：闪之轨迹 [英文版],DLC-EDSENADDCONT0031,additional content『Valuable Healing Items Pack』,EUR
psvdlc,PCSB00866,The Legend of Heroes: Trails of Cold Steel,英雄传说：闪之轨迹 [英文版],DLC-EDSENADDCONT0032,additional content『Zeram Powder Pack』,EUR
psvdlc,PCSB00867,Persona 4: Dancing All Night,女神异闻录 4：通宵热舞 [英文版],DLC-ADDCONTDLCF0000D,Featherman Costume Set,EUR
psvdlc,PCSB00867,Persona 4: Dancing All Night,女神异闻录 4：通宵热舞 [英文版],DLC-ADDCONTDLCF00011,Featherman Mask Set,EUR
psvdlc,PCSB00867,Persona 4: Dancing All Night,女神异闻录 4：通宵热舞 [英文版],DLC-ADDCONTDLCF00006,General Teddie Costume,EUR
psvdlc,PCSB00867,Persona 4: Dancing All Night,女神异闻录 4：通宵热舞 [英文版],DLC-ADDCONTDLCF0000A,P4G Midwinter Clothes Set,EUR
psvdlc,PCSB00867,Persona 4: Dancing All Night,女神异闻录 4：通宵热舞 [英文版],DLC-ADDCONTDLCF00008,P4G Midwinter Uniform Set,EUR
psvdlc,PCSB00867,Persona 4: Dancing All Night,女神异闻录 4：通宵热舞 [英文版],DLC-ADDCONTDLCF0000C,P4G Ski Set,EUR
psvdlc,PCSB00867,Persona 4: Dancing All Night,女神异闻录 4：通宵热舞 [英文版],DLC-ADDCONTDLCD00013,Track Break Out Of... Danced by Marie,EUR
psvdlc,PCSB00867,Persona 4: Dancing All Night,女神异闻录 4：通宵热舞 [英文版],DLC-ADDCONTDLCD0000C,Track Never More,EUR
psvdlc,PCSB00867,Persona 4: Dancing All Night,女神异闻录 4：通宵热舞 [英文版],DLC-ADDCONTDLCD0000F,Track P4 Animation Track Set A,EUR
psvdlc,PCSB00867,Persona 4: Dancing All Night,女神异闻录 4：通宵热舞 [英文版],DLC-ADDCONTDLCD00010,Track P4 Animation Track Set B,EUR
psvdlc,PCSB00867,Persona 4: Dancing All Night,女神异闻录 4：通宵热舞 [英文版],DLC-ADDCONTDLCD00011,Track P4G Animation Track Set,EUR
psvdlc,PCSB00867,Persona 4: Dancing All Night,女神异闻录 4：通宵热舞 [英文版],DLC-ADDCONTDLCD0000E,Track Reach Out To The Truth (PERSONA MUSIC FES 2013),EUR
psvdlc,PCSB00867,Persona 4: Dancing All Night,女神异闻录 4：通宵热舞 [英文版],DLC-ADDCONTDLCD0000D,Track Shadow World (DE DE MOUSE shadow swing mix),EUR
psvdlc,PCSB00867,Persona 4: Dancing All Night,女神异闻录 4：通宵热舞 [英文版],DLC-ADDCONTDLCD00014,Track The Fog (ATLUS Konishi Remix) Danced by Tohru Adachi,EUR
psvdlc,PCSB00867,Persona 4: Dancing All Night,女神异闻录 4：通宵热舞 [英文版],DLC-ADDCONTDLCD00012,Track True Story (ATLUS Kozuka Remix) Danced by Rise Kujikawa,EUR
psvdlc,PCSB00874,God Eater Resurrection,噬神者：解放重生 [英文版],DLC-GERESNPC00000017,Alternate Character (Alisa - Russian Blue Version),EUR
psvdlc,PCSB00874,God Eater Resurrection,噬神者：解放重生 [英文版],DLC-GERESNPC00000005,Alternate Character (Alisa),EUR
psvdlc,PCSB00874,God Eater Resurrection,噬神者：解放重生 [英文版],DLC-GERESNPC00000007,Alternate Character (Brendan),EUR
psvdlc,PCSB00874,God Eater Resurrection,噬神者：解放重生 [英文版],DLC-GERESNPC00000010,Alternate Character (Gina),EUR
psvdlc,PCSB00874,God Eater Resurrection,噬神者：解放重生 [英文版],DLC-GERESNPC00000008,Alternate Character (Kanon),EUR
psvdlc,PCSB00874,God Eater Resurrection,噬神者：解放重生 [英文版],DLC-GERESNPC00000009,Alternate Character (Karel),EUR
psvdlc,PCSB00874,God Eater Resurrection,噬神者：解放重生 [英文版],DLC-GERESNPC00000004,Alternate Character (Kota),EUR
psvdlc,PCSB00874,God Eater Resurrection,噬神者：解放重生 [英文版],DLC-GERESNPC00000001,Alternate Character (Lindow),EUR
psvdlc,PCSB00874,God Eater Resurrection,噬神者：解放重生 [英文版],DLC-GERESNPC00000015,Alternate Character (Masked Ogre),EUR
psvdlc,PCSB00874,God Eater Resurrection,噬神者：解放重生 [英文版],DLC-GERESNPC00000012,Alternate Character (Ren),EUR
psvdlc,PCSB00874,God Eater Resurrection,噬神者：解放重生 [英文版],DLC-GERESNPC00000002,Alternate Character (Sakuya),EUR
psvdlc,PCSB00874,God Eater Resurrection,噬神者：解放重生 [英文版],DLC-GERESNPC00000016,Alternate Character (Shio),EUR
psvdlc,PCSB00874,God Eater Resurrection,噬神者：解放重生 [英文版],DLC-GERESNPC00000011,Alternate Character (Shun),EUR
psvdlc,PCSB00874,God Eater Resurrection,噬神者：解放重生 [英文版],DLC-GERESNPC00000003,Alternate Character (Soma),EUR
psvdlc,PCSB00874,God Eater Resurrection,噬神者：解放重生 [英文版],DLC-GERESNPC00000006,Alternate Character (Tatsumi),EUR
psvdlc,PCSB00875,God Eater 2 Rage Burst,噬神者 2：狂怒解放 [英文版],DLC-GE2RB00000000001,GOD EATER 2 RAGE BURST DLC Collaboration Costume Pack,EUR
psvdlc,PCSB00875,God Eater 2 Rage Burst,噬神者 2：狂怒解放 [英文版],DLC-GE2RB00000000002,GOD EATER 2 RAGE BURST DLC Other Characters Pack for FREE,EUR
psvdlc,PCSB00882,Senran Kagura: Estival Versus,闪乱神乐：少女们的选择 [英文版],DLC-CD0013TAISHO0000,Add-On Costume - 1920's,EUR
psvdlc,PCSB00882,Senran Kagura: Estival Versus,闪乱神乐：少女们的选择 [英文版],DLC-CU0002DENGEKI000,Add-On Costume - Boob Tee,EUR
psvdlc,PCSB00882,Senran Kagura: Estival Versus,闪乱神乐：少女们的选择 [英文版],DLC-CU0003GABASU0000,Add-On Costume - Famitsu Swimsuit,EUR
psvdlc,PCSB00882,Senran Kagura: Estival Versus,闪乱神乐：少女们的选择 [英文版],DLC-CU0001FAMITSU000,Add-On Costume - Famitsu T-Shirt,EUR
psvdlc,PCSB00882,Senran Kagura: Estival Versus,闪乱神乐：少女们的选择 [英文版],DLC-CD0001SISTER0000,Add-On Costume - Nun,EUR
psvdlc,PCSB00882,Senran Kagura: Estival Versus,闪乱神乐：少女们的选择 [英文版],DLC-CD0018SANTA00000,Add-On Costume - Sexy Fluffy Santa,EUR
psvdlc,PCSB00882,Senran Kagura: Estival Versus,闪乱神乐：少女们的选择 [英文版],DLC-OVAORIGINALDRESS,Add-On Costume - Shinobi Happi,EUR
psvdlc,PCSB00893,One Piece: Burning Blood,海贼王：燃烧之血 [英文版],DLC-ONEPIECEBBPSVD38,Caesar,EUR
psvdlc,PCSB00893,One Piece: Burning Blood,海贼王：燃烧之血 [英文版],DLC-ONEPIECEBBPSVD26,Costume Pack,EUR
psvdlc,PCSB00893,One Piece: Burning Blood,海贼王：燃烧之血 [英文版],DLC-ONEPIECEBBPSVD25,Customization Pack,EUR
psvdlc,PCSB00893,One Piece: Burning Blood,海贼王：燃烧之血 [英文版],DLC-ONEPIECEBBPSVD37,Garp,EUR
psvdlc,PCSB00893,One Piece: Burning Blood,海贼王：燃烧之血 [英文版],DLC-ONEPIECEBBPSVD39,Gold Movie Pack 1,EUR
psvdlc,PCSB00893,One Piece: Burning Blood,海贼王：燃烧之血 [英文版],DLC-ONEPIECEBBPSVD40,Gold Movie Pack 2,EUR
psvdlc,PCSB00893,One Piece: Burning Blood,海贼王：燃烧之血 [英文版],DLC-ONEPIECEBBPSVD16,Luffy (Gold),EUR
psvdlc,PCSB00893,One Piece: Burning Blood,海贼王：燃烧之血 [英文版],DLC-ONEPIECEBBPSVD17,Luffy (Platinum),EUR
psvdlc,PCSB00893,One Piece: Burning Blood,海贼王：燃烧之血 [英文版],DLC-ONEPIECEBBPSVD27,Luffy Pack,EUR
psvdlc,PCSB00893,One Piece: Burning Blood,海贼王：燃烧之血 [英文版],DLC-ONEPIECEBBPSVD24,Playable Character Pack,EUR
psvdlc,PCSB00898,Attack on Titan: Wings of Freedom,进击的巨人 [英文版],DLC-AT1COSTUME000005,Additional Mikasa Costume - Festival Outfit,EUR
psvdlc,PCSB00898,Attack on Titan: Wings of Freedom,进击的巨人 [英文版],DLC-AT1WEAPON0000003,Additional Weapons - Christmas Set,EUR
psvdlc,PCSB00898,Attack on Titan: Wings of Freedom,进击的巨人 [英文版],DLC-AT1WEAPON0000001,Additional Weapons - Festival Set,EUR
psvdlc,PCSB00898,Attack on Titan: Wings of Freedom,进击的巨人 [英文版],DLC-AT1WEAPON0000002,Additional Weapons - Halloween Set,EUR
psvdlc,PCSB00898,Attack on Titan: Wings of Freedom,进击的巨人 [英文版],DLC-AT1WEAPON0000000,Additional Weapons - New Year's Set,EUR
psvdlc,PCSB00898,Attack on Titan: Wings of Freedom,进击的巨人 [英文版],DLC-AT1COSTUMESET002,Costume Set Christmas,EUR
psvdlc,PCSB00898,Attack on Titan: Wings of Freedom,进击的巨人 [英文版],DLC-AT1COSTUMESET001,Costume Set Halloween,EUR
psvdlc,PCSB00898,Attack on Titan: Wings of Freedom,进击的巨人 [英文版],DLC-AT1COSTUMESET003,Costume Set Japanese New Year,EUR
psvdlc,PCSB00898,Attack on Titan: Wings of Freedom,进击的巨人 [英文版],DLC-AT1COSTUMESET000,Costume Set Summer Festival,EUR
psvdlc,PCSB00904,Trillion: God of Destruction,魔坏神 兆力昂 [英文版],DLC-TRILLIONDLC00002,Dengeki Seal DLC,EUR
psvdlc,PCSB00904,Trillion: God of Destruction,魔坏神 兆力昂 [英文版],DLC-TRILLIONDLC00004,Fox Devil DLC,EUR
psvdlc,PCSB00904,Trillion: God of Destruction,魔坏神 兆力昂 [英文版],DLC-TRILLIONDLC00008,Helpful Accessory Set,EUR
psvdlc,PCSB00904,Trillion: God of Destruction,魔坏神 兆力昂 [英文版],DLC-TRILLIONDLC00001,Helpful Item Set,EUR
psvdlc,PCSB00904,Trillion: God of Destruction,魔坏神 兆力昂 [英文版],DLC-TRILLIONDLC00009,Neptune Skill DLC,EUR
psvdlc,PCSB00904,Trillion: God of Destruction,魔坏神 兆力昂 [英文版],DLC-TRILLIONDLC00005,Neptunia Set,EUR
psvdlc,PCSB00904,Trillion: God of Destruction,魔坏神 兆力昂 [英文版],DLC-TRILLIONDLC00006,Otton Skill DLC,EUR
psvdlc,PCSB00904,Trillion: God of Destruction,魔坏神 兆力昂 [英文版],DLC-TRILLIONDLC00003,Polytan Devil DLC,EUR
psvdlc,PCSB00904,Trillion: God of Destruction,魔坏神 兆力昂 [英文版],DLC-TRILLIONDLC00007,Special DLC Set,EUR
psvdlc,PCSB00906,Atelier Escha & Logy Plus ~Alchemists of the Dusk Sky~,艾斯卡与罗杰的炼金工房：黄昏天空的炼金术士 [英文版],DLC-ESLOGIPLUS000001,Additional Costume - Administrator,EUR
psvdlc,PCSB00906,Atelier Escha & Logy Plus ~Alchemists of the Dusk Sky~,艾斯卡与罗杰的炼金工房：黄昏天空的炼金术士 [英文版],DLC-ESLOGIPLUS000003,Additional Costume - Last Resort,EUR
psvdlc,PCSB00906,Atelier Escha & Logy Plus ~Alchemists of the Dusk Sky~,艾斯卡与罗杰的炼金工房：黄昏天空的炼金术士 [英文版],DLC-ESLOGIPLUS000004,Additional Costume - Striped Swimsuit,EUR
psvdlc,PCSB00906,Atelier Escha & Logy Plus ~Alchemists of the Dusk Sky~,艾斯卡与罗杰的炼金工房：黄昏天空的炼金术士 [英文版],DLC-ESLOGIPLUS000002,Additional Costume - Wedding,EUR
psvdlc,PCSB00906,Atelier Escha & Logy Plus ~Alchemists of the Dusk Sky~,艾斯卡与罗杰的炼金工房：黄昏天空的炼金术士 [英文版],DLC-ESLOGIPLUS000005,Japanese Voice Option,EUR
psvdlc,PCSB00907,Samurai Warriors 4 Empires,战国无双 4 帝国 [英文版],DLC-SEN4EMPDLCQUE003,Additional Scenario,EUR
psvdlc,PCSB00907,Samurai Warriors 4 Empires,战国无双 4 帝国 [英文版],DLC-SEN4EMPDLCCAS008,Special Banner Set,EUR
psvdlc,PCSB00918,Towerfall Ascension,塔倒：升天 [英文版],DLC-TFDARKWORLDEXPSN,TowerFall Dark World,EUR
psvdlc,PCSB00921,MegaTagmension Blanc + Neptune VS Zombies,激次元组合 机战少女 VS 僵尸军团 [英文版],DLC-ACTIONNEPTUNIA05,Added costume Dengeki Blazer,EUR
psvdlc,PCSB00921,MegaTagmension Blanc + Neptune VS Zombies,激次元组合 机战少女 VS 僵尸军团 [英文版],DLC-ACTIONNEPTUNIA01,Added support character Nepgya,EUR
psvdlc,PCSB00921,MegaTagmension Blanc + Neptune VS Zombies,激次元组合 机战少女 VS 僵尸军团 [英文版],DLC-ACTIONNEPTUNIA04,Added weapon Platinum Blaster,EUR
psvdlc,PCSB00951,World of Final Fantasy,最终幻想世界 [英文版],DLC-WOFFVITASTAR0002,WORLD OF FINAL FANTASY  Champion Summon - Balthier,EUR
psvdlc,PCSB00951,World of Final Fantasy,最终幻想世界 [英文版],DLC-WOFFVITASTAR0001,WORLD OF FINAL FANTASY  Champion Summon - Sephiroth,EUR
psvdlc,PCSB00951,World of Final Fantasy,最终幻想世界 [英文版],DLC-WOFFVITASTAR0003,WORLD OF FINAL FANTASY  Champion Summon - Sora,EUR
psvdlc,PCSB00951,World of Final Fantasy,最终幻想世界 [英文版],DLC-WOFFVITAMON00001,WORLD OF FINAL FANTASY  Coliseum Ticket - Cactuar Johnny,EUR
psvdlc,PCSB00951,World of Final Fantasy,最终幻想世界 [英文版],DLC-WOFFVITAMON00008,WORLD OF FINAL FANTASY  Coliseum Ticket - Crimson Armor,EUR
psvdlc,PCSB00951,World of Final Fantasy,最终幻想世界 [英文版],DLC-WOFFVITAMON00003,WORLD OF FINAL FANTASY  Coliseum Ticket - Glow Moogle,EUR
psvdlc,PCSB00951,World of Final Fantasy,最终幻想世界 [英文版],DLC-WOFFVITAMON00004,WORLD OF FINAL FANTASY  Coliseum Ticket - Red Bonnetberry,EUR
psvdlc,PCSB00951,World of Final Fantasy,最终幻想世界 [英文版],DLC-WOFFVITAMON00002,WORLD OF FINAL FANTASY  Coliseum Ticket - White Chocobo,EUR
psvdlc,PCSB00951,World of Final Fantasy,最终幻想世界 [英文版],DLC-WOFFVITAVO000001,WORLD OF FINAL FANTASY  Voice Pack - EN (for PlayStation®Vita),EUR
psvdlc,PCSB00951,World of Final Fantasy,最终幻想世界 [英文版],DLC-WOFFVITAVO000000,WORLD OF FINAL FANTASY  Voice Pack - JP (for PlayStation®Vita),EUR
psvdlc,PCSB00956,Gal*Gun: Double Peace,少女射击：双剪刀 [英文版],DLC-GALGUNWDLC001001,'Angel Cutting Board' Item,EUR
psvdlc,PCSB00956,Gal*Gun: Double Peace,少女射击：双剪刀 [英文版],DLC-GALGUNWDLC001002,'Demon Pork Buns' Item,EUR
psvdlc,PCSB00956,Gal*Gun: Double Peace,少女射击：双剪刀 [英文版],DLC-GALGUNWDLC000027,'Hidden Desire' Costume Set,EUR
psvdlc,PCSB00956,Gal*Gun: Double Peace,少女射击：双剪刀 [英文版],DLC-GALGUNWDLC000014,'Maid Uniform' Costume Set,EUR
psvdlc,PCSB00956,Gal*Gun: Double Peace,少女射击：双剪刀 [英文版],DLC-GALGUNWDLC000028,'Prisoner of Love' Costume Set,EUR
psvdlc,PCSB00956,Gal*Gun: Double Peace,少女射击：双剪刀 [英文版],DLC-GALGUNWDLC000000,'Ripped Uniform' Costume Set,EUR
psvdlc,PCSB00956,Gal*Gun: Double Peace,少女射击：双剪刀 [英文版],DLC-GALGUNWDLC000003,'Sexy Ribbons' Costume Set,EUR
psvdlc,PCSB00956,Gal*Gun: Double Peace,少女射击：双剪刀 [英文版],DLC-GALGUNWDLC000002,'Wedding Dress' Costume Set,EUR
psvdlc,PCSB00972,Sword Art Online: Hollow Realization (3.61+!) [3.61],刀剑神域：虚空幻界 [需3.61及以上系统版本 | 英文版],DLC-SAO4KFJ014400000,Abyss of the Shrine Maiden Chapter 1 - Explorer of Illusory Mists,EUR
psvdlc,PCSB00972,Sword Art Online: Hollow Realization (3.61+!) [3.61],刀剑神域：虚空幻界 [需3.61及以上系统版本 | 英文版],DLC-SAO4KFJ015500000,Abyss of the Shrine Maiden Chapter 2 - Tuner of Causality,EUR
psvdlc,PCSB00972,Sword Art Online: Hollow Realization (3.61+!) [3.61],刀剑神域：虚空幻界 [需3.61及以上系统版本 | 英文版],DLC-SAO4KFJ016600000,Abyss of the Shrine Maiden Chapter 3 - The One Who Resists God,EUR
psvdlc,PCSB00972,Sword Art Online: Hollow Realization (3.61+!) [3.61],刀剑神域：虚空幻界 [需3.61及以上系统版本 | 英文版],DLC-SAO4KFJ000100000,Ticket - Ancient Equipment Maid Costume,EUR
psvdlc,PCSB00972,Sword Art Online: Hollow Realization (3.61+!) [3.61],刀剑神域：虚空幻界 [需3.61及以上系统版本 | 英文版],DLC-SAO4KFJ006100000,Ticket - GE Crossover Outfit (Livie),EUR
psvdlc,PCSB00972,Sword Art Online: Hollow Realization (3.61+!) [3.61],刀剑神域：虚空幻界 [需3.61及以上系统版本 | 英文版],DLC-SAO4KFJ005100000,Ticket - GE Crossover Outfit (Soma),EUR
psvdlc,PCSB00972,Sword Art Online: Hollow Realization (3.61+!) [3.61],刀剑神域：虚空幻界 [需3.61及以上系统版本 | 英文版],DLC-SAO4KFJ045300000,Ticket - Lord of the Inferno,EUR
psvdlc,PCSB00972,Sword Art Online: Hollow Realization (3.61+!) [3.61],刀剑神域：虚空幻界 [需3.61及以上系统版本 | 英文版],DLC-SAO4KFJ046300000,Ticket - Missing Chest,EUR
psvdlc,PCSB00972,Sword Art Online: Hollow Realization (3.61+!) [3.61],刀剑神域：虚空幻界 [需3.61及以上系统版本 | 英文版],DLC-SAO4KFJ008200000,Ticket - Movie ver. Outfit (Asuna),EUR
psvdlc,PCSB00972,Sword Art Online: Hollow Realization (3.61+!) [3.61],刀剑神域：虚空幻界 [需3.61及以上系统版本 | 英文版],DLC-SAO4KFJ007200000,Ticket - Movie ver. Outfit (Kirito),EUR
psvdlc,PCSB00972,Sword Art Online: Hollow Realization (3.61+!) [3.61],刀剑神域：虚空幻界 [需3.61及以上系统版本 | 英文版],DLC-SAO4KFJ003100000,Ticket - Pajamas,EUR
psvdlc,PCSB00972,Sword Art Online: Hollow Realization (3.61+!) [3.61],刀剑神域：虚空幻界 [需3.61及以上系统版本 | 英文版],DLC-SAO4KFJ001100000,Ticket - School Swimsuit (Blue),EUR
psvdlc,PCSB00972,Sword Art Online: Hollow Realization (3.61+!) [3.61],刀剑神域：虚空幻界 [需3.61及以上系统版本 | 英文版],DLC-SAO4KFJ002100000,Ticket - School Swimsuit (White),EUR
psvdlc,PCSB00972,Sword Art Online: Hollow Realization (3.61+!) [3.61],刀剑神域：虚空幻界 [需3.61及以上系统版本 | 英文版],DLC-SAO4KFJ004100000,Ticket - Wedding Dress,EUR
psvdlc,PCSB00972,Sword Art Online: Hollow Realization (3.61+!) [3.61],刀剑神域：虚空幻界 [需3.61及以上系统版本 | 英文版],DLC-SAO4LIR042100000,Weapon & Armor Enhancement Set (L),EUR
psvdlc,PCSB00972,Sword Art Online: Hollow Realization (3.61+!) [3.61],刀剑神域：虚空幻界 [需3.61及以上系统版本 | 英文版],DLC-SAO4LIR032100000,Weapon & Armor Enhancement Set,EUR
psvdlc,PCSB00972,Sword Art Online: Hollow Realization (3.61+!) [3.61],刀剑神域：虚空幻界 [需3.61及以上系统版本 | 英文版],DLC-SAO4LIR033100000,Weapon Evolution Set,EUR
psvdlc,PCSB00973,Atelier Sophie ~The Alchemist of the Mysterious Book~,苏菲的炼金工房：不可思议书的炼金术士 [英文版],DLC-ADDMAP00EXPARA00,Atelier Sophie ~Alchemist of the Mysterious Book~ Additional Map Hidden Archive,EUR
psvdlc,PCSB00973,Atelier Sophie ~The Alchemist of the Mysterious Book~,苏菲的炼金工房：不可思议书的炼金术士 [英文版],DLC-BGMPACK3DAY1GUST,Atelier Sophie ~Alchemist of the Mysterious Book~ Gust Special BGM Pack,EUR
psvdlc,PCSB00973,Atelier Sophie ~The Alchemist of the Mysterious Book~,苏菲的炼金工房：不可思议书的炼金术士 [英文版],DLC-ADDEVENT0FIRIS00,Atelier Sophie ~The Alchemist of the Mysterious Book~ Extra Event Latter Days Episode,EUR
psvdlc,PCSB00977,Superdimension Neptune vs. Sega Hard Girls,超次元大战 机战少女 VS SEGA 主机娘 [英文版],DLC-P000000000004148,Additional library EXP Expert,EUR
psvdlc,PCSB00977,Superdimension Neptune vs. Sega Hard Girls,超次元大战 机战少女 VS SEGA 主机娘 [英文版],DLC-P000000000004151,Dengeki Bracelet,EUR
psvdlc,PCSB00977,Superdimension Neptune vs. Sega Hard Girls,超次元大战 机战少女 VS SEGA 主机娘 [英文版],DLC-P000000000004144,"Go to the arcade, Strike Future!",EUR
psvdlc,PCSB00977,Superdimension Neptune vs. Sega Hard Girls,超次元大战 机战少女 VS SEGA 主机娘 [英文版],DLC-P000000000004153,Hall of Fame Ring,EUR
psvdlc,PCSB00977,Superdimension Neptune vs. Sega Hard Girls,超次元大战 机战少女 VS SEGA 主机娘 [英文版],DLC-P000000000004152,Historic Bookmark,EUR
psvdlc,PCSB00990,MeiQ: Labyrinth of Death,迷Q地下去死团 [英文版],DLC-ADDCONTENTDLC005,Friendship Symbol,EUR
psvdlc,PCSB00990,MeiQ: Labyrinth of Death,迷Q地下去死团 [英文版],DLC-ADDCONTENTDLC006,Gabas Dragon,EUR
psvdlc,PCSB00990,MeiQ: Labyrinth of Death,迷Q地下去死团 [英文版],DLC-ADDCONTENTDLC002,Helpful Item Set,EUR
psvdlc,PCSB00990,MeiQ: Labyrinth of Death,迷Q地下去死团 [英文版],DLC-ADDCONTENTDLC003,King's Symbol,EUR
psvdlc,PCSB00990,MeiQ: Labyrinth of Death,迷Q地下去死团 [英文版],DLC-ADDCONTENTDLC001,Neptune Form,EUR
psvdlc,PCSB00990,MeiQ: Labyrinth of Death,迷Q地下去死团 [英文版],DLC-ADDCONTENTDLC004,Thunder Cannon,EUR
psvdlc,PCSB00990,MeiQ: Labyrinth of Death,迷Q地下去死团 [英文版],DLC-ADDCONTENTDLC000,Trillion Form,EUR
psvdlc,PCSB01003,Toukiden 2 (3.61+!) [3.63],讨鬼传 2 [需3.63及以上系统版本 | 英文版],DLC-TKD2QUEST0000300,Additional Mission Compilation 4,EUR
psvdlc,PCSB01003,Toukiden 2 (3.61+!) [3.63],讨鬼传 2 [需3.63及以上系统版本 | 英文版],DLC-TKD2QUEST0000400,Additional Mission Compilation 5,EUR
psvdlc,PCSB01003,Toukiden 2 (3.61+!) [3.63],讨鬼传 2 [需3.63及以上系统版本 | 英文版],DLC-TKD2QUEST0000500,Additional Mission Compilation 6,EUR
psvdlc,PCSB01003,Toukiden 2 (3.61+!) [3.63],讨鬼传 2 [需3.63及以上系统版本 | 英文版],DLC-TKD2QUEST0000600,Additional Mission Compilation 7,EUR
psvdlc,PCSB01003,Toukiden 2 (3.61+!) [3.63],讨鬼传 2 [需3.63及以上系统版本 | 英文版],DLC-TKD2QUEST0000700,Additional Mission Compilation 8,EUR
psvdlc,PCSB01003,Toukiden 2 (3.61+!) [3.63],讨鬼传 2 [需3.63及以上系统版本 | 英文版],DLC-TKD2QUEST0000800,Additional Mission Compilation 9,EUR
psvdlc,PCSB01007,Hatsune Miku: Project DIVA X,初音未来：歌姬计划 X [英文版],DLC-PJDXDLCMIK326019,Cabin Attendant Style 39,EUR
psvdlc,PCSB01007,Hatsune Miku: Project DIVA X,初音未来：歌姬计划 X [英文版],DLC-PJDXDLCMIK325018,Cabin Attendant Style A,EUR
psvdlc,PCSB01007,Hatsune Miku: Project DIVA X,初音未来：歌姬计划 X [英文版],DLC-PJDXACCESNEUT007,Classic Accessories Unlock,EUR
psvdlc,PCSB01007,Hatsune Miku: Project DIVA X,初音未来：歌姬计划 X [英文版],DLC-PJDXMODULNEUT002,Classic Modules Unlock,EUR
psvdlc,PCSB01007,Hatsune Miku: Project DIVA X,初音未来：歌姬计划 X [英文版],DLC-PJDXLIVEEDITP001,Concert Editor,EUR
psvdlc,PCSB01007,Hatsune Miku: Project DIVA X,初音未来：歌姬计划 X [英文版],DLC-PJDXACCESCOOL009,Cool Accessories Unlock,EUR
psvdlc,PCSB01007,Hatsune Miku: Project DIVA X,初音未来：歌姬计划 X [英文版],DLC-PJDXMODULCOOL004,Cool Modules Unlock,EUR
psvdlc,PCSB01007,Hatsune Miku: Project DIVA X,初音未来：歌姬计划 X [英文版],DLC-PJDXACCESCUTE008,Cute Accessories Unlock,EUR
psvdlc,PCSB01007,Hatsune Miku: Project DIVA X,初音未来：歌姬计划 X [英文版],DLC-PJDXMODULCUTE003,Cute Modules Unlock,EUR
psvdlc,PCSB01007,Hatsune Miku: Project DIVA X,初音未来：歌姬计划 X [英文版],DLC-PJDXACCESBEAU010,Elegant Accessories Unlock,EUR
psvdlc,PCSB01007,Hatsune Miku: Project DIVA X,初音未来：歌姬计划 X [英文版],DLC-PJDXMODULBEAU005,Elegant Modules Unlock,EUR
psvdlc,PCSB01007,Hatsune Miku: Project DIVA X,初音未来：歌姬计划 X [英文版],DLC-PJDXDLCASHUMO012,Extra Character Module Super Pack,EUR
psvdlc,PCSB01007,Hatsune Miku: Project DIVA X,初音未来：歌姬计划 X [英文版],DLC-PJDXDLCXPV832020,Hand in Hand,EUR
psvdlc,PCSB01007,Hatsune Miku: Project DIVA X,初音未来：歌姬计划 X [英文版],DLC-PJDXDLC39DAYO013,Mikudayo,EUR
psvdlc,PCSB01007,Hatsune Miku: Project DIVA X,初音未来：歌姬计划 X [英文版],DLC-PJDXDLCMIK324017,P4 - Dancing All Night Miku,EUR
psvdlc,PCSB01007,Hatsune Miku: Project DIVA X,初音未来：歌姬计划 X [英文版],DLC-PJDXACCESCAOS011,Quirky Accessories Unlock,EUR
psvdlc,PCSB01007,Hatsune Miku: Project DIVA X,初音未来：歌姬计划 X [英文版],DLC-PJDXMODULCAOS006,Quirky Modules Unlock,EUR
psvdlc,PCSB01007,Hatsune Miku: Project DIVA X,初音未来：歌姬计划 X [英文版],DLC-PJDXDLCMIK323016,Racing Miku 2016,EUR
psvdlc,PCSB01007,Hatsune Miku: Project DIVA X,初音未来：歌姬计划 X [英文版],DLC-PJDXDLCXPV831014,Sharing The World,EUR
psvdlc,PCSB01007,Hatsune Miku: Project DIVA X,初音未来：歌姬计划 X [英文版],DLC-PJDXDLCYUKI39021,Snow Miku 2010-2015 Pack,EUR
psvdlc,PCSB01007,Hatsune Miku: Project DIVA X,初音未来：歌姬计划 X [英文版],DLC-PJDXDLCMIK322015,Snow Miku 2016,EUR
psvdlc,PCSB01011,Valkyrie Drive: Bhikkhuni,女武神驱动：比基尼 [英文版],DLC-0000000000000082,"VALKYRIE DRIVE -BHIKKHUNI- Favorite Underwear, Color Variation",EUR
psvdlc,PCSB01011,Valkyrie Drive: Bhikkhuni,女武神驱动：比基尼 [英文版],DLC-0000000000000162,VALKYRIE DRIVE -BHIKKHUNI- High Quality Sound Pack,EUR
psvdlc,PCSB01016,The Legend of Heroes: Trails of Cold Steel II,英雄传说：闪之轨迹 2 [英文版],DLC-EDSENADDCONT0165,additional content『Free Trial Set 1』,EUR
psvdlc,PCSB01016,The Legend of Heroes: Trails of Cold Steel II,英雄传说：闪之轨迹 2 [英文版],DLC-EDSENADDCONT0166,additional content『Free Trial Set 2』,EUR
psvdlc,PCSB01016,The Legend of Heroes: Trails of Cold Steel II,英雄传说：闪之轨迹 2 [英文版],DLC-EDSENADDCONT0167,additional content『Free Trial Set 3』,EUR
psvdlc,PCSB01016,The Legend of Heroes: Trails of Cold Steel II,英雄传说：闪之轨迹 2 [英文版],DLC-EDSENADDCONT0168,additional content『Free Trial Set 4』,EUR
psvdlc,PCSB01016,The Legend of Heroes: Trails of Cold Steel II,英雄传说：闪之轨迹 2 [英文版],DLC-EDSENADDCONT0169,additional content『Free Trial Set 5』,EUR
psvdlc,PCSB01017,Darkest Dungeon (3.61+!) [3.61],暗黑地牢 [需3.61及以上系统版本 | 英文版],DLC-RHSDDPSV00000005,Darkest Dungeon - Color of Madness,EUR
psvdlc,PCSB01017,Darkest Dungeon (3.61+!) [3.61],暗黑地牢 [需3.61及以上系统版本 | 英文版],DLC-RHSDDPSV00000002,Darkest Dungeon - Crimson Court,EUR
psvdlc,PCSB01017,Darkest Dungeon (3.61+!) [3.61],暗黑地牢 [需3.61及以上系统版本 | 英文版],DLC-RHSDDPSV00000006,Darkest Dungeon - Musketeer,EUR
psvdlc,PCSB01017,Darkest Dungeon (3.61+!) [3.61],暗黑地牢 [需3.61及以上系统版本 | 英文版],DLC-RHSDDPSV00000004,Darkest Dungeon - Shieldbreaker,EUR
psvdlc,PCSB01028,Shantae: Half-Genie Hero (3.61+!) [3.63],桑塔：半精灵英雄 [需3.63及以上系统版本 | 英文版],DLC-SHANTAETINKERBAT,Shantae - Half-Genie Hero - Tinkerbat Dance,EUR
psvdlc,PCSB01043,Atelier Shallie Plus: Alchemists of the Dusk Sea (3.61+!) [3.63],夏利的炼金工房 Plus：黄昏之海的炼金术士 [需3.63及以上系统版本 | 英文版],DLC-BGMPACK0FIRST000,Atelier Shallie Plus - BGM Package,EUR
psvdlc,PCSB01059,Mary Skelter: Nightmares (3.61+!) [3.65],神狱塔：断罪玛丽 [需3.65及以上系统版本 | 英文版],DLC-ADDCONTENTDLC004,Dengeki Busshi Haifu 01,EUR
psvdlc,PCSB01059,Mary Skelter: Nightmares (3.61+!) [3.65],神狱塔：断罪玛丽 [需3.65及以上系统版本 | 英文版],DLC-ADDCONTENTDLC005,Dengeki Busshi Haifu 02,EUR
psvdlc,PCSB01059,Mary Skelter: Nightmares (3.61+!) [3.65],神狱塔：断罪玛丽 [需3.65及以上系统版本 | 英文版],DLC-ADDCONTENTDLC000,Job - Sakura Maiden,EUR
psvdlc,PCSB01062,Tokyo Xanadu (3.61+!) [3.63],东京幻都 [需3.63及以上系统版本 | 英文版],DLC-TOKYOXDLCPKG0100,Free item set 1,EUR
psvdlc,PCSB01062,Tokyo Xanadu (3.61+!) [3.63],东京幻都 [需3.63及以上系统版本 | 英文版],DLC-TOKYOXDLCPKG0101,Free item set 2,EUR
psvdlc,PCSB01062,Tokyo Xanadu (3.61+!) [3.63],东京幻都 [需3.63及以上系统版本 | 英文版],DLC-TOKYOXDLCPKG0102,Free item set 3,EUR
psvdlc,PCSB01062,Tokyo Xanadu (3.61+!) [3.63],东京幻都 [需3.63及以上系统版本 | 英文版],DLC-TOKYOXDLCPKG0103,Free item set 4,EUR
psvdlc,PCSB01066,Akiba's Beat (3.61+!) [3.63],秋叶原妄想物语 [需3.63及以上系统版本 | 英文版],DLC-AKBTTSYA30000001,Akiba's Beat - ACQUIRE-Chan T-Shirt,EUR
psvdlc,PCSB01073,GOD WARS Future Past (3.61+!) [3.63],神之战：超越时空 [需3.63及以上系统版本 | 英文版],DLC-GWDLC01MITOYOOKI,Additional Scenario 1 - The Future of Hyuga,EUR
psvdlc,PCSB01073,GOD WARS Future Past (3.61+!) [3.63],神之战：超越时空 [需3.63及以上系统版本 | 英文版],DLC-GWDLC02IKOKUKARA,Additional Scenario 2 - New Enemies,EUR
psvdlc,PCSB01073,GOD WARS Future Past (3.61+!) [3.63],神之战：超越时空 [需3.63及以上系统版本 | 英文版],DLC-GWDLC03SOSETSHIN,Kaguya's Starting Equipment Set - God BowHoodRobe,EUR
psvdlc,PCSB01087,Atelier Firis ~The Alchemist and the Mysterious Journey~ (3.61+!) [3.63],菲莉丝的炼金工房：不可思议旅的炼金术士 [需3.63及以上系统版本 | 英文版],DLC-BGMPACKGUST00000,Atelier Firis - Atelier series special BGM pack,EUR
psvdlc,PCSB01087,Atelier Firis ~The Alchemist and the Mysterious Journey~ (3.61+!) [3.63],菲莉丝的炼金工房：不可思议旅的炼金术士 [需3.63及以上系统版本 | 英文版],DLC-BGMPACKGUST00001,Atelier Firis - Gust BGM pack,EUR
psvdlc,PCSB01090,Valkyria Revolution (3.61+!) [3.63],苍蓝革命之女武神 [需3.63及以上系统版本 | 英文版],DLC-ARVALKYRIEDL0004,Valkyria Revolution DLC A Day in the Life of the Wolves,EUR
psvdlc,PCSB01090,Valkyria Revolution (3.61+!) [3.63],苍蓝革命之女武神 [需3.63及以上系统版本 | 英文版],DLC-ARVALKYRIEDL0009,Valkyria Revolution DLC As Luck Would Have It,EUR
psvdlc,PCSB01090,Valkyria Revolution (3.61+!) [3.63],苍蓝革命之女武神 [需3.63及以上系统版本 | 英文版],DLC-ARVALKYRIEDL0001,Valkyria Revolution DLC Can't Stop Falling in Love,EUR
psvdlc,PCSB01090,Valkyria Revolution (3.61+!) [3.63],苍蓝革命之女武神 [需3.63及以上系统版本 | 英文版],DLC-ARVALKYRIEDL0304,Valkyria Revolution DLC Gravity 10+,EUR
psvdlc,PCSB01090,Valkyria Revolution (3.61+!) [3.63],苍蓝革命之女武神 [需3.63及以上系统版本 | 英文版],DLC-ARVALKYRIEDL0005,Valkyria Revolution DLC Hunger Pangs and Royal Pains,EUR
psvdlc,PCSB01090,Valkyria Revolution (3.61+!) [3.63],苍蓝革命之女武神 [需3.63及以上系统版本 | 英文版],DLC-ARVALKYRIEDL0308,Valkyria Revolution DLC Jumping Wind+,EUR
psvdlc,PCSB01090,Valkyria Revolution (3.61+!) [3.63],苍蓝革命之女武神 [需3.63及以上系统版本 | 英文版],DLC-ARVALKYRIEDL0006,Valkyria Revolution DLC Lamentations of Men,EUR
psvdlc,PCSB01090,Valkyria Revolution (3.61+!) [3.63],苍蓝革命之女武神 [需3.63及以上系统版本 | 英文版],DLC-ARVALKYRIEDL0007,Valkyria Revolution DLC Name of the Augmented Warrior,EUR
psvdlc,PCSB01090,Valkyria Revolution (3.61+!) [3.63],苍蓝革命之女武神 [需3.63及以上系统版本 | 英文版],DLC-ARVALKYRIEDL0203,Valkyria Revolution DLC Ragnite Shard (C),EUR
psvdlc,PCSB01090,Valkyria Revolution (3.61+!) [3.63],苍蓝革命之女武神 [需3.63及以上系统版本 | 英文版],DLC-ARVALKYRIEDL0306,Valkyria Revolution DLC Ring Squall+,EUR
psvdlc,PCSB01090,Valkyria Revolution (3.61+!) [3.63],苍蓝革命之女武神 [需3.63及以上系统版本 | 英文版],DLC-ARVALKYRIEDL0307,Valkyria Revolution DLC Rush Bolt+,EUR
psvdlc,PCSB01090,Valkyria Revolution (3.61+!) [3.63],苍蓝革命之女武神 [需3.63及以上系统版本 | 英文版],DLC-ARVALKYRIEDL0309,Valkyria Revolution DLC Shine Calibur+,EUR
psvdlc,PCSB01090,Valkyria Revolution (3.61+!) [3.63],苍蓝革命之女武神 [需3.63及以上系统版本 | 英文版],DLC-ARVALKYRIEDL0302,Valkyria Revolution DLC Smash Blaze+,EUR
psvdlc,PCSB01090,Valkyria Revolution (3.61+!) [3.63],苍蓝革命之女武神 [需3.63及以上系统版本 | 英文版],DLC-ARVALKYRIEDL0013,Valkyria Revolution DLC Standing Before a Dying Wish,EUR
psvdlc,PCSB01090,Valkyria Revolution (3.61+!) [3.63],苍蓝革命之女武神 [需3.63及以上系统版本 | 英文版],DLC-ARVALKYRIEDL0012,Valkyria Revolution DLC Study of Flowers,EUR
psvdlc,PCSB01090,Valkyria Revolution (3.61+!) [3.63],苍蓝革命之女武神 [需3.63及以上系统版本 | 英文版],DLC-ARVALKYRIEDL0003,Valkyria Revolution DLC The Formation of Vanargand,EUR
psvdlc,PCSB01090,Valkyria Revolution (3.61+!) [3.63],苍蓝革命之女武神 [需3.63及以上系统版本 | 英文版],DLC-ARVALKYRIEDL0010,Valkyria Revolution DLC The Orphans' Dreams,EUR
psvdlc,PCSB01090,Valkyria Revolution (3.61+!) [3.63],苍蓝革命之女武神 [需3.63及以上系统版本 | 英文版],DLC-ARVALKYRIEDL0011,Valkyria Revolution DLC The Ring of Contract,EUR
psvdlc,PCSB01090,Valkyria Revolution (3.61+!) [3.63],苍蓝革命之女武神 [需3.63及以上系统版本 | 英文版],DLC-ARVALKYRIEDL0014,Valkyria Revolution DLC The Road to That House,EUR
psvdlc,PCSB01090,Valkyria Revolution (3.61+!) [3.63],苍蓝革命之女武神 [需3.63及以上系统版本 | 英文版],DLC-ARVALKYRIEDL0008,Valkyria Revolution DLC The Soloist of the Battlefield,EUR
psvdlc,PCSB01090,Valkyria Revolution (3.61+!) [3.63],苍蓝革命之女武神 [需3.63及以上系统版本 | 英文版],DLC-ARVALKYRIEDL0002,Valkyria Revolution DLC The Traitors' Daily Lives,EUR
psvdlc,PCSB01101,Accel World vs Sword Art Online (3.61+!) [3.65],加速世界 VS 刀剑神域：千年黄昏 [需3.65及以上系统版本 | 英文版],DLC-DLCPACKAGE001000,SAO Ordinal Scale Pack,EUR
psvdlc,PCSB01101,Accel World vs Sword Art Online (3.61+!) [3.65],加速世界 VS 刀剑神域：千年黄昏 [需3.65及以上系统版本 | 英文版],DLC-DLCPACKAGE001010,SAO Origins Pack,EUR
psvdlc,PCSB01101,Accel World vs Sword Art Online (3.61+!) [3.65],加速世界 VS 刀剑神域：千年黄昏 [需3.65及以上系统版本 | 英文版],DLC-DLCPACKAGE001020,“Castaway From Another World” Pack,EUR
psvdlc,PCSB01103,The Caligula Effect (3.61+!) [3.63],卡里古拉 [需3.63及以上系统版本 | 英文版],DLC-CALIGULADLC00002,The Caligula Effect Swimsuit Costume Set,EUR
psvdlc,PCSB01127,Danganronpa V3: Killing Harmony (3.61+!) [3.65],枪弹辩驳 3：大家的自相残杀新学期 [需3.65及以上系统版本 | 英文版],DLC-DANGANV3VITADL00,Danganronpa V3 - DLC - FR Text Pack,EUR
psvdlc,PCSB01127,Danganronpa V3: Killing Harmony (3.61+!) [3.65],枪弹辩驳 3：大家的自相残杀新学期 [需3.65及以上系统版本 | 英文版],DLC-DANGANV3VITADL01,Danganronpa V3 - DLC - Voice Pack,EUR
psvdlc,PCSB01128,Ys VIII: Lacrimosa of DANA (3.61+!) [3.65],伊苏 8：丹娜的陨涕日 [需3.65及以上系统版本 | 英文版],DLC-YSVIIIDLC00N0002,Adol's Adventurer Clothes,EUR
psvdlc,PCSB01128,Ys VIII: Lacrimosa of DANA (3.61+!) [3.65],伊苏 8：丹娜的陨涕日 [需3.65及以上系统版本 | 英文版],DLC-YSVIIIDLC00N0000,Adol's Silver Armor Costume,EUR
psvdlc,PCSB01128,Ys VIII: Lacrimosa of DANA (3.61+!) [3.65],伊苏 8：丹娜的陨涕日 [需3.65及以上系统版本 | 英文版],DLC-YSVIIIDLC00N0090,Adol's Survival Kit,EUR
psvdlc,PCSB01128,Ys VIII: Lacrimosa of DANA (3.61+!) [3.65],伊苏 8：丹娜的陨涕日 [需3.65及以上系统版本 | 英文版],DLC-YSVIIIDLC00N0021,Deserted Pirate Laxia,EUR
psvdlc,PCSB01128,Ys VIII: Lacrimosa of DANA (3.61+!) [3.65],伊苏 8：丹娜的陨涕日 [需3.65及以上系统版本 | 英文版],DLC-YSVIIIDLC00N0060,Free Set 1,EUR
psvdlc,PCSB01128,Ys VIII: Lacrimosa of DANA (3.61+!) [3.65],伊苏 8：丹娜的陨涕日 [需3.65及以上系统版本 | 英文版],DLC-YSVIIIDLC00N0061,Free Set 2,EUR
psvdlc,PCSB01128,Ys VIII: Lacrimosa of DANA (3.61+!) [3.65],伊苏 8：丹娜的陨涕日 [需3.65及以上系统版本 | 英文版],DLC-YSVIIIDLC00N0042,Hug Hug Dark,EUR
psvdlc,PCSB01128,Ys VIII: Lacrimosa of DANA (3.61+!) [3.65],伊苏 8：丹娜的陨涕日 [需3.65及以上系统版本 | 英文版],DLC-YSVIIIDLC00L0000,YsVIII Language Pack,EUR
psvdlc,PCSB01150,Demon Gaze II (3.61+!) [3.65],恶魔凝视 2 [需3.65及以上系统版本 | 英文版],DLC-DEMONGAZE2DLC002,Revolutionist Support Set A,EUR
psvdlc,PCSB01150,Demon Gaze II (3.61+!) [3.65],恶魔凝视 2 [需3.65及以上系统版本 | 英文版],DLC-DEMONGAZE2DLC003,Revolutionist Support Set B,EUR
psvdlc,PCSB01183,Digimon Story Cyber Sleuth: Hacker's Memory (3.61+!) [3.65],数码宝贝物语 网络侦探：骇客追忆 [需3.65及以上系统版本 | 英文版],DLC-DSCSHMDLC0000003,Alphamon NX,EUR
psvdlc,PCSB01183,Digimon Story Cyber Sleuth: Hacker's Memory (3.61+!) [3.65],数码宝贝物语 网络侦探：骇客追忆 [需3.65及以上系统版本 | 英文版],DLC-DSCSHMDLC0000012,Beelzemon Emblem T-shirt,EUR
psvdlc,PCSB01183,Digimon Story Cyber Sleuth: Hacker's Memory (3.61+!) [3.65],数码宝贝物语 网络侦探：骇客追忆 [需3.65及以上系统版本 | 英文版],DLC-DSCSHMDLC0000005,Crusadermon NX,EUR
psvdlc,PCSB01183,Digimon Story Cyber Sleuth: Hacker's Memory (3.61+!) [3.65],数码宝贝物语 网络侦探：骇客追忆 [需3.65及以上系统版本 | 英文版],DLC-DSCSHMDLC0000001,Digivolution Conditions Unlocked for Sistermon,EUR
psvdlc,PCSB01183,Digimon Story Cyber Sleuth: Hacker's Memory (3.61+!) [3.65],数码宝贝物语 网络侦探：骇客追忆 [需3.65及以上系统版本 | 英文版],DLC-DSCSHMDLC0000004,Gallantmon NX,EUR
psvdlc,PCSB01183,Digimon Story Cyber Sleuth: Hacker's Memory (3.61+!) [3.65],数码宝贝物语 网络侦探：骇客追忆 [需3.65及以上系统版本 | 英文版],DLC-DSCSHMDLC0000007,Inoden School Attire,EUR
psvdlc,PCSB01183,Digimon Story Cyber Sleuth: Hacker's Memory (3.61+!) [3.65],数码宝贝物语 网络侦探：骇客追忆 [需3.65及以上系统版本 | 英文版],DLC-DSCSHMDLC0000006,Leopardmon NX,EUR
psvdlc,PCSB01183,Digimon Story Cyber Sleuth: Hacker's Memory (3.61+!) [3.65],数码宝贝物语 网络侦探：骇客追忆 [需3.65及以上系统版本 | 英文版],DLC-DSCSHMDLC0000002,Omnimon NX,EUR
psvdlc,PCSB01183,Digimon Story Cyber Sleuth: Hacker's Memory (3.61+!) [3.65],数码宝贝物语 网络侦探：骇客追忆 [需3.65及以上系统版本 | 英文版],DLC-DSCSHMDLC0000010,Summer Camp (p) T-shirt,EUR
psvdlc,PCSB01183,Digimon Story Cyber Sleuth: Hacker's Memory (3.61+!) [3.65],数码宝贝物语 网络侦探：骇客追忆 [需3.65及以上系统版本 | 英文版],DLC-DSCSHMDLC0000008,V. Uchida Costume,EUR
psvdlc,PCSB01256,Persona 3: Dancing in Moonlight,女神异闻录 3：舞动月夜 [需3.68及以上系统版本 | 英文版],DLC-ADDCONTDLCD00001,P3D - Atlus Selection Set,EUR
psvdlc,PCSB01256,Persona 3: Dancing in Moonlight,女神异闻录 3：舞动月夜 [需3.68及以上系统版本 | 英文版],DLC-ADDCONTDLCD00036,P3DP5D - Battle Hymn of the Soul (PSB2017),EUR
psvdlc,PCSB01256,Persona 3: Dancing in Moonlight,女神异闻录 3：舞动月夜 [需3.68及以上系统版本 | 英文版],DLC-ADDCONTDLCD00048,P3DP5D - Best Friends (OP ver.),EUR
psvdlc,PCSB01256,Persona 3: Dancing in Moonlight,女神异闻录 3：舞动月夜 [需3.68及以上系统版本 | 英文版],DLC-ADDCONTDLCD00049,P3DP5D - Break Out Of... (OP ver.),EUR
psvdlc,PCSB01256,Persona 3: Dancing in Moonlight,女神异闻录 3：舞动月夜 [需3.68及以上系统版本 | 英文版],DLC-ADDCONTDLCD00033,P3DP5D - Burn My Dread (OP ver.),EUR
psvdlc,PCSB01256,Persona 3: Dancing in Moonlight,女神异闻录 3：舞动月夜 [需3.68及以上系统版本 | 英文版],DLC-ADDCONTDLCD00051,P3DP5D - changing me,EUR
psvdlc,PCSB01256,Persona 3: Dancing in Moonlight,女神异闻录 3：舞动月夜 [需3.68及以上系统版本 | 英文版],DLC-ADDCONTDLCD00038,P3DP5D - Dance! (OP ver.),EUR
psvdlc,PCSB01256,Persona 3: Dancing in Moonlight,女神异闻录 3：舞动月夜 [需3.68及以上系统版本 | 英文版],DLC-ADDCONTDLCD00041,P3DP5D - Dream of Butterfly (OP ver.),EUR
psvdlc,PCSB01256,Persona 3: Dancing in Moonlight,女神异闻录 3：舞动月夜 [需3.68及以上系统版本 | 英文版],DLC-ADDCONTDLCD00032,P3DP5D - Fate is In Our Hands (P3 THE MOVIE - special edit),EUR
psvdlc,PCSB01256,Persona 3: Dancing in Moonlight,女神异闻录 3：舞动月夜 [需3.68及以上系统版本 | 英文版],DLC-ADDCONTDLCD00044,P3DP5D - Goro Akechi in Will Power,EUR
psvdlc,PCSB01256,Persona 3: Dancing in Moonlight,女神异闻录 3：舞动月夜 [需3.68及以上系统版本 | 英文版],DLC-ADDCONTDLCD00037,P3DP5D - Heartful Cry (GAME SYMPHONY JAPAN),EUR
psvdlc,PCSB01256,Persona 3: Dancing in Moonlight,女神异闻录 3：舞动月夜 [需3.68及以上系统版本 | 英文版],DLC-ADDCONTDLCD00023,P3DP5D - Let's Go! Phoenix Ranger Featherman (animated MV),EUR
psvdlc,PCSB01256,Persona 3: Dancing in Moonlight,女神异闻录 3：舞动月夜 [需3.68及以上系统版本 | 英文版],DLC-ADDCONTDLCD00040,P3DP5D - Mass Destruction (PERSONA MUSIC FES 2013),EUR
psvdlc,PCSB01256,Persona 3: Dancing in Moonlight,女神异闻录 3：舞动月夜 [需3.68及以上系统版本 | 英文版],DLC-ADDCONTDLCD00050,P3DP5D - MAZE OF LIFE (OP ver.),EUR
psvdlc,PCSB01256,Persona 3: Dancing in Moonlight,女神异闻录 3：舞动月夜 [需3.68及以上系统版本 | 英文版],DLC-ADDCONTDLCD00030,P3DP5D - Memories of You,EUR
psvdlc,PCSB01256,Persona 3: Dancing in Moonlight,女神异闻录 3：舞动月夜 [需3.68及以上系统版本 | 英文版],DLC-ADDCONTDLCD00031,P3DP5D - More Than One Heart (P3 THE MOVIE - special edit),EUR
psvdlc,PCSB01256,Persona 3: Dancing in Moonlight,女神异闻录 3：舞动月夜 [需3.68及以上系统版本 | 英文版],DLC-ADDCONTDLCD00046,P3DP5D - Opening (OP ver.),EUR
psvdlc,PCSB01256,Persona 3: Dancing in Moonlight,女神异闻录 3：舞动月夜 [需3.68及以上系统版本 | 英文版],DLC-ADDCONTDLCD00039,P3DP5D - Our Moment (full version),EUR
psvdlc,PCSB01256,Persona 3: Dancing in Moonlight,女神异闻录 3：舞动月夜 [需3.68及以上系统版本 | 英文版],DLC-ADDCONTDLCD00034,P3DP5D - P3 fes (OP ver.),EUR
psvdlc,PCSB01256,Persona 3: Dancing in Moonlight,女神异闻录 3：舞动月夜 [需3.68及以上系统版本 | 英文版],DLC-ADDCONTDLCD00058,P3DP5D - Pursuing My True Self (OP ver.),EUR
psvdlc,PCSB01256,Persona 3: Dancing in Moonlight,女神异闻录 3：舞动月夜 [需3.68及以上系统版本 | 英文版],DLC-ADDCONTDLCD00047,P3DP5D - Shadow World (OP ver.),EUR
psvdlc,PCSB01256,Persona 3: Dancing in Moonlight,女神异闻录 3：舞动月夜 [需3.68及以上系统版本 | 英文版],DLC-ADDCONTDLCD00028,P3DP5D - Shinjiro Aragaki in Battle Hymn of the Soul,EUR
psvdlc,PCSB01256,Persona 3: Dancing in Moonlight,女神异闻录 3：舞动月夜 [需3.68及以上系统版本 | 英文版],DLC-ADDCONTDLCD00035,P3DP5D - Soul Phrase (OP ver.),EUR
psvdlc,PCSB01256,Persona 3: Dancing in Moonlight,女神异闻录 3：舞动月夜 [需3.68及以上系统版本 | 英文版],DLC-ADDCONTDLCD00024,P3DP5D - Tanaka's Amazing Commodities (ATLUS Kozuka Remix),EUR
psvdlc,PCSB01256,Persona 3: Dancing in Moonlight,女神异闻录 3：舞动月夜 [需3.68及以上系统版本 | 英文版],DLC-ADDCONTDLCD00043,P3DP5D - The Snow Queen (ATLUS Tsuchiya Remix),EUR
psvdlc,PCSB01256,Persona 3: Dancing in Moonlight,女神异闻录 3：舞动月夜 [需3.68及以上系统版本 | 英文版],DLC-ADDCONTDLCD00042,P3DP5D - unbreakable tie (OP ver.),EUR
psvdlc,PCSB01256,Persona 3: Dancing in Moonlight,女神异闻录 3：舞动月夜 [需3.68及以上系统版本 | 英文版],DLC-ADDCONTDLCD00029,P3DP5D - Voice (ATLUS Tsuchiya Remix) Koromaru on a Walk,EUR
psvdlc,PCSB01257,Persona 5: Dancing in Starlight,女神异闻录 5：舞动星夜 [需3.68及以上系统版本 | 英文版],DLC-ADDCONTDLCD00044,P3DP5D - Goro Akechi in Will Power,EUR
psvdlc,PCSB01257,Persona 5: Dancing in Starlight,女神异闻录 5：舞动星夜 [需3.68及以上系统版本 | 英文版],DLC-ADDCONTDLCD00057,P3DP5D - GROOVY (full version),EUR
psvdlc,PCSB01257,Persona 5: Dancing in Starlight,女神异闻录 5：舞动星夜 [需3.68及以上系统版本 | 英文版],DLC-ADDCONTDLCD00045,P3DP5D - Lavenza in Beneath the Mask,EUR
psvdlc,PCSB01257,Persona 5: Dancing in Starlight,女神异闻录 5：舞动星夜 [需3.68及以上系统版本 | 英文版],DLC-ADDCONTDLCD00055,P3DP5D - Life Will Change (GAME SYMPHONY JAPAN),EUR
psvdlc,PCSB01257,Persona 5: Dancing in Starlight,女神异闻录 5：舞动星夜 [需3.68及以上系统版本 | 英文版],DLC-ADDCONTDLCD00053,P3DP5D - P5A BREAK IN TO BREAK OUT (OP ver.),EUR
psvdlc,PCSB01257,Persona 5: Dancing in Starlight,女神异闻录 5：舞动星夜 [需3.68及以上系统版本 | 英文版],DLC-ADDCONTDLCD00056,P3DP5D - P5A INFINITY (ED ver.),EUR
psvdlc,PCSB01257,Persona 5: Dancing in Starlight,女神异闻录 5：舞动星夜 [需3.68及以上系统版本 | 英文版],DLC-ADDCONTDLCD00054,P3DP5D - The Whims of Fate (PSB2017),EUR
psvdlc,PCSB01257,Persona 5: Dancing in Starlight,女神异闻录 5：舞动星夜 [需3.68及以上系统版本 | 英文版],DLC-ADDCONTDLCD00052,"P3DP5D - Wake Up, Get Up, Get Out There (OP ver.)",EUR
psvdlc,PCSB01257,Persona 5: Dancing in Starlight,女神异闻录 5：舞动星夜 [需3.68及以上系统版本 | 英文版],DLC-ADDCONTDLCD00009,P5D - Atlus Selection Set,EUR
psvdlc,PCSB01269,Death Mark,死印 [需3.68及以上系统版本 | 英文版],DLC-EXPHORRORDLC0001,Additional Death Mark Episode - Chapter 6 - Red Riding Hood,EUR
psvdlc,PCSC00002,Gravity Daze,重力眩晕 [日文版],DLC-PDJPAC000SPYPACK,GRAVITY DAZETM スパイ編パック,JPN
psvdlc,PCSC00002,Gravity Daze,重力眩晕 [日文版],DLC-PDJPAC00MAIDPACK,GRAVITY DAZETM メイド編パック,JPN
psvdlc,PCSC00002,Gravity Daze,重力眩晕 [日文版],DLC-PDJPAC00ARMYPACK,GRAVITY DAZETM 軍隊編パック,JPN
psvdlc,PCSC00006,WipEout 2048,反重力赛车 2048 [日文版],DLC-W2048NETWORKPASS,WipEout® 2048,JPN
psvdlc,PCSC00008,Star Strike Delta,超级星尘 三角洲 [日文版],DLC-SSDELTA000000DLC,STAR STRIKE® DELTA DLC,JPN
psvdlc,PCSC00011,Reality Fighters,真实格斗 [日文版],DLC-10FREEWEAPONSDLC,エクストラウェポンパック,JPN
psvdlc,PCSC00012,Escape Plan,逃脱计划 [日文版],DLC-ESCAPEPLANDLC004,Escape PlanTM - Director's Cut,JPN
psvdlc,PCSC00012,Escape Plan,逃脱计划 [日文版],DLC-ESCAPEPLANDLC002,Escape PlanTM - The Asylum,JPN
psvdlc,PCSC00012,Escape Plan,逃脱计划 [日文版],DLC-ESCAPEPLANDLC003,Escape PlanTM - The Underground,JPN
psvdlc,PCSC00013,LittleBigPlanet PlayStation Vita,小小大星球 PlayStation Vita [日文版],DLC-LBPDLCORIGCO0013,アジア優勝コスチューム,JPN
psvdlc,PCSC00013,LittleBigPlanet PlayStation Vita,小小大星球 PlayStation Vita [日文版],DLC-LBPVNETPASSK0001,オンラインプレイチケット,JPN
psvdlc,PCSC00013,LittleBigPlanet PlayStation Vita,小小大星球 PlayStation Vita [日文版],DLC-LBPDLCCOMPCO0003,北米優勝コスチューム,JPN
psvdlc,PCSC00013,LittleBigPlanet PlayStation Vita,小小大星球 PlayStation Vita [日文版],DLC-LBPDLCCOMPCO0004,日本優勝コスチューム,JPN
psvdlc,PCSC00013,LittleBigPlanet PlayStation Vita,小小大星球 PlayStation Vita [日文版],DLC-LBPDLCCOMPCO0001,欧州優勝コスチューム,JPN
psvdlc,PCSC00014,MotorStorm RC,机车风暴 RC [日文版],DLC-MSRCPAIDDLCPAK23,MSRCPAIDDLCPAK23,JPN
psvdlc,PCSC00014,MotorStorm RC,机车风暴 RC [日文版],DLC-MSRCPAIDDLCPAK25,MSRCPAIDDLCPAK25,JPN
psvdlc,PCSC00014,MotorStorm RC,机车风暴 RC [日文版],DLC-MSRCTIMESAVER003,MSRCTIMESAVER003,JPN
psvdlc,PCSC00024,Sound Shapes,声与形 [日文版],DLC-DLCPACK030000000,8-Bit Sound Pack,JPN
psvdlc,PCSC00024,Sound Shapes,声与形 [日文版],DLC-DLCPACK060000000,80s Sound Pack,JPN
psvdlc,PCSC00024,Sound Shapes,声与形 [日文版],DLC-DLCPACK020000000,Acoustic Sound Pack,JPN
psvdlc,PCSC00024,Sound Shapes,声与形 [日文版],DLC-DLCPACK080000000,Brass Sound Pack,JPN
psvdlc,PCSC00024,Sound Shapes,声与形 [日文版],DLC-DLCPACK010000000,Car Mini-Album & Entity Pack,JPN
psvdlc,PCSC00024,Sound Shapes,声与形 [日文版],DLC-DLCPACK120000000,City Art Pack,JPN
psvdlc,PCSC00024,Sound Shapes,声与形 [日文版],DLC-DLCPACK050000000,Curved Terrain Pack,JPN
psvdlc,PCSC00024,Sound Shapes,声与形 [日文版],DLC-DLCPACK040000000,Drum Kits Sound Pack,JPN
psvdlc,PCSC00024,Sound Shapes,声与形 [日文版],DLC-DLCPACK070000000,Dubstep Sound Pack,JPN
psvdlc,PCSC00024,Sound Shapes,声与形 [日文版],DLC-DLCPACK130000000,Future Funk 3000 Sound Pack,JPN
psvdlc,PCSC00024,Sound Shapes,声与形 [日文版],DLC-DLCPACK150000000,Hohokum Art Pack,JPN
psvdlc,PCSC00024,Sound Shapes,声与形 [日文版],DLC-DLCPACK140000000,Lizzywanders Art Pack,JPN
psvdlc,PCSC00024,Sound Shapes,声与形 [日文版],DLC-DLCPACK090000000,Nature Pack,JPN
psvdlc,PCSC00024,Sound Shapes,声与形 [日文版],DLC-DLCPACK100000000,Old School Sound Pack,JPN
psvdlc,PCSC00024,Sound Shapes,声与形 [日文版],DLC-DLCPACK110000000,Vocoder Sound Pack,JPN
psvdlc,PCSC00032,PlayStation All-Stars Battle Royale,索尼全明星大乱斗 [日文版],DLC-MINION000ALISTER,PlayStation® All-Stars Battle Royale (Alister Minion),JPN
psvdlc,PCSC00032,PlayStation All-Stars Battle Royale,索尼全明星大乱斗 [日文版],DLC-MINION000ASHELIN,PlayStation® All-Stars Battle Royale (Ashelin Minion),JPN
psvdlc,PCSC00032,PlayStation All-Stars Battle Royale,索尼全明星大乱斗 [日文版],DLC-COSTUMEBIGDADDY3,PlayStation® All-Stars Battle Royale (Big Daddy Costume 3),JPN
psvdlc,PCSC00032,PlayStation All-Stars Battle Royale,索尼全明星大乱斗 [日文版],DLC-MINION000000BUZZ,PlayStation® All-Stars Battle Royale (Buzz Minion),JPN
psvdlc,PCSC00032,PlayStation All-Stars Battle Royale,索尼全明星大乱斗 [日文版],DLC-MINION0CARMELITA,PlayStation® All-Stars Battle Royale (Carmelita Minion),JPN
psvdlc,PCSC00032,PlayStation All-Stars Battle Royale,索尼全明星大乱斗 [日文版],DLC-MINION0CHLOFRZER,PlayStation® All-Stars Battle Royale (Chloe Frazer Minion),JPN
psvdlc,PCSC00032,PlayStation All-Stars Battle Royale,索尼全明星大乱斗 [日文版],DLC-COSTUME000DANTE3,PlayStation® All-Stars Battle Royale (Dante Costume 3),JPN
psvdlc,PCSC00032,PlayStation All-Stars Battle Royale,索尼全明星大乱斗 [日文版],DLC-COSTUME000DRAKE4,PlayStation® All-Stars Battle Royale (Drake Costume 4),JPN
psvdlc,PCSC00032,PlayStation All-Stars Battle Royale,索尼全明星大乱斗 [日文版],DLC-MINION00000ELENA,PlayStation® All-Stars Battle Royale (Elena Minion),JPN
psvdlc,PCSC00032,PlayStation All-Stars Battle Royale,索尼全明星大乱斗 [日文版],DLC-MINION00EUCADIAN,PlayStation® All-Stars Battle Royale (Eucadian Soldier Minion),JPN
psvdlc,PCSC00032,PlayStation All-Stars Battle Royale,索尼全明星大乱斗 [日文版],DLC-MINION00000HADES,PlayStation® All-Stars Battle Royale (Hades),JPN
psvdlc,PCSC00032,PlayStation All-Stars Battle Royale,索尼全明星大乱斗 [日文版],DLC-LEVEL000HEAVENLY,PlayStation® All-Stars Battle Royale (Heavenly Sword Level),JPN
psvdlc,PCSC00032,PlayStation All-Stars Battle Royale,索尼全明星大乱斗 [日文版],DLC-COSTUMEHEIHACHI3,PlayStation® All-Stars Battle Royale (Heihachi Costume 3),JPN
psvdlc,PCSC00032,PlayStation All-Stars Battle Royale,索尼全明星大乱斗 [日文版],DLC-MINION000JASMINE,PlayStation® All-Stars Battle Royale (Jasmine Minion),JPN
psvdlc,PCSC00032,PlayStation All-Stars Battle Royale,索尼全明星大乱斗 [日文版],DLC-CHAR000000000KAT,PlayStation® All-Stars Battle Royale (Kat Character),JPN
psvdlc,PCSC00032,PlayStation All-Stars Battle Royale,索尼全明星大乱斗 [日文版],DLC-COSTUME00KRATOS4,PlayStation® All-Stars Battle Royale (Kratos Costume 4),JPN
psvdlc,PCSC00032,PlayStation All-Stars Battle Royale,索尼全明星大乱斗 [日文版],DLC-MINION000000KURO,PlayStation® All-Stars Battle Royale (Kuro Minion),JPN
psvdlc,PCSC00032,PlayStation All-Stars Battle Royale,索尼全明星大乱斗 [日文版],DLC-MINION0000000LIL,PlayStation® All-Stars Battle Royale (Lil Minion),JPN
psvdlc,PCSC00032,PlayStation All-Stars Battle Royale,索尼全明星大乱斗 [日文版],DLC-MINION000MRGRIMM,PlayStation® All-Stars Battle Royale (Mr Grimm Minion),JPN
psvdlc,PCSC00032,PlayStation All-Stars Battle Royale,索尼全明星大乱斗 [日文版],DLC-MINION000000NEVI,PlayStation® All-Stars Battle Royale (Nevi Minion),JPN
psvdlc,PCSC00032,PlayStation All-Stars Battle Royale,索尼全明星大乱斗 [日文版],DLC-MINION00000NINJA,PlayStation® All-Stars Battle Royale (Ninja Minion),JPN
psvdlc,PCSC00032,PlayStation All-Stars Battle Royale,索尼全明星大乱斗 [日文版],DLC-MINION00PREACHER,PlayStation® All-Stars Battle Royale (Preacher Minion),JPN
psvdlc,PCSC00032,PlayStation All-Stars Battle Royale,索尼全明星大乱斗 [日文版],DLC-COSTUME00RAIDEN3,PlayStation® All-Stars Battle Royale (Raiden Costume 3),JPN
psvdlc,PCSC00032,PlayStation All-Stars Battle Royale,索尼全明星大乱斗 [日文版],DLC-MINION000000RICO,PlayStation® All-Stars Battle Royale (Rico Minion),JPN
psvdlc,PCSC00032,PlayStation All-Stars Battle Royale,索尼全明星大乱斗 [日文版],DLC-COSTUME0SACKBOY4,PlayStation® All-Stars Battle Royale (Sackboy Costume 4),JPN
psvdlc,PCSC00032,PlayStation All-Stars Battle Royale,索尼全明星大乱斗 [日文版],DLC-COSTUME00000SLY4,PlayStation® All-Stars Battle Royale (Sly Cooper Costume 4),JPN
psvdlc,PCSC00032,PlayStation All-Stars Battle Royale,索尼全明星大乱斗 [日文版],DLC-MINION000SPECTER,PlayStation® All-Stars Battle Royale (Specter Minion),JPN
psvdlc,PCSC00032,PlayStation All-Stars Battle Royale,索尼全明星大乱斗 [日文版],DLC-MINION0000000SYD,PlayStation® All-Stars Battle Royale (Syd Minion),JPN
psvdlc,PCSC00032,PlayStation All-Stars Battle Royale,索尼全明星大乱斗 [日文版],DLC-LEVEL000MEDIEVIL,PlayStation® All-Stars Battle Royale (The Graveyard Level),JPN
psvdlc,PCSC00032,PlayStation All-Stars Battle Royale,索尼全明星大乱斗 [日文版],DLC-MINION000000TORN,PlayStation® All-Stars Battle Royale (Torn Minion),JPN
psvdlc,PCSC00032,PlayStation All-Stars Battle Royale,索尼全明星大乱斗 [日文版],DLC-MINION0000YUNIKA,PlayStation® All-Stars Battle Royale (Yunika Minion),JPN
psvdlc,PCSC00032,PlayStation All-Stars Battle Royale,索尼全明星大乱斗 [日文版],DLC-MINION000000ZONI,PlayStation® All-Stars Battle Royale (Zoni Minion),JPN
psvdlc,PCSC00032,PlayStation All-Stars Battle Royale,索尼全明星大乱斗 [日文版],DLC-PSASBRONLINEPASS,オンラインプレイチケット,JPN
psvdlc,PCSC00037,Open Me! (Hako! Open Me),箱！Open Me [日文版],DLC-COL007D130319V00,GRAVITY DAZE箱 (箱! -OPEN ME- コラボックス),JPN
psvdlc,PCSC00037,Open Me! (Hako! Open Me),箱！Open Me [日文版],DLC-COL006D130213V00,SOUL SACRIFICE箱 (箱! -OPEN ME- コラボックス),JPN
psvdlc,PCSC00037,Open Me! (Hako! Open Me),箱！Open Me [日文版],DLC-COL003D130128V01,TOKYO JUNGLE箱 (箱! -OPEN ME- コラボックス),JPN
psvdlc,PCSC00037,Open Me! (Hako! Open Me),箱！Open Me [日文版],DLC-COL005D130128V00,Vジャンプボックス (箱! -OPEN ME- コラボックス),JPN
psvdlc,PCSC00037,Open Me! (Hako! Open Me),箱！Open Me [日文版],DLC-COL000D121202V01,トロの箱 (箱! -OPEN ME- コラボックス),JPN
psvdlc,PCSC00038,Paint Park,新绘画公园 [日文版],DLC-SEASONWINTER0001,えちゃんねる ぬりえセット ”冬1”,JPN
psvdlc,PCSC00038,Paint Park,新绘画公园 [日文版],DLC-SPRINGNURIE00001,えちゃんねる ぬりえセット ”春1”,JPN
psvdlc,PCSC00038,Paint Park,新绘画公园 [日文版],DLC-DOKUROSTICKER001,えちゃんねる ステッカーセット ”Dokuro1”,JPN
psvdlc,PCSC00038,Paint Park,新绘画公园 [日文版],DLC-ECHSOUNDSTKR0001,えちゃんねる ステッカーセット ”えちゃんねるサウンドクリエーター1”,JPN
psvdlc,PCSC00038,Paint Park,新绘画公园 [日文版],DLC-PICOTTOKNIGHT001,えちゃんねる ステッカー・ぬりえセットピコットナイト1”,JPN
psvdlc,PCSC00038,Paint Park,新绘画公园 [日文版],DLC-GRAVITYDAZE00001,えちゃんねる フレームステッカーセット ”GRAVITY DAZE 1,JPN
psvdlc,PCSC00038,Paint Park,新绘画公园 [日文版],DLC-GRAVITYDAZE00002,えちゃんねる フレームステッカーセット ”GRAVITY DAZE 2,JPN
psvdlc,PCSC00038,Paint Park,新绘画公园 [日文版],DLC-ALPHABETTEN00001,えちゃんねる 点つなぎセット ”アルファベット1”,JPN
psvdlc,PCSC00039,Soul Sacrifice,灵魂献祭 [日文版],DLC-SSS000FZN0000019,ファンタシースターオンライン2 コラボ衣装「アークス装甲衣」,JPN
psvdlc,PCSC00039,Soul Sacrifice,灵魂献祭 [日文版],DLC-SSS000FZN0000020,ラグナロク オデッセイ エース コラボ衣装「滅竜士の法衣」,JPN
psvdlc,PCSC00039,Soul Sacrifice,灵魂献祭 [日文版],DLC-SSS000FZN0000017,禁術「エンジェル」,JPN
psvdlc,PCSC00039,Soul Sacrifice,灵魂献祭 [日文版],DLC-SSS000FZN0000016,禁術「ベルセルク」,JPN
psvdlc,PCSC00039,Soul Sacrifice,灵魂献祭 [日文版],DLC-SSS000FZN0000018,討鬼伝 コラボ衣装「モノノフ制式衣」,JPN
psvdlc,PCSC00039,Soul Sacrifice,灵魂献祭 [日文版],DLC-SSS000FFN0000007,追加要請「大酒飲みと料理長」,JPN
psvdlc,PCSC00039,Soul Sacrifice,灵魂献祭 [日文版],DLC-SSS000FFN0000021,追加要請「廃墟で荒ぶる異界の焔魔」,JPN
psvdlc,PCSC00039,Soul Sacrifice,灵魂献祭 [日文版],DLC-SSS000FFN0000008,追加要請「暴走車輪と亡者の影」,JPN
psvdlc,PCSC00039,Soul Sacrifice,灵魂献祭 [日文版],DLC-SSS000FFN0000022,追加要請「決断の地で猛る焔魔たち」,JPN
psvdlc,PCSC00039,Soul Sacrifice,灵魂献祭 [日文版],DLC-SSS000FFN0000010,追加要請「猫の王子と蠅の王」,JPN
psvdlc,PCSC00039,Soul Sacrifice,灵魂献祭 [日文版],DLC-SSS000FFN0000009,追加要請「目玉巨人と没落騎士」,JPN
psvdlc,PCSC00039,Soul Sacrifice,灵魂献祭 [日文版],DLC-SSS000FFN0000013,追加要請「神々の殺害」,JPN
psvdlc,PCSC00039,Soul Sacrifice,灵魂献祭 [日文版],DLC-SSS000FFN0000012,追加要請「赤い涙の鋼鉄女」,JPN
psvdlc,PCSC00039,Soul Sacrifice,灵魂献祭 [日文版],DLC-SSS000FFN0000011,追加要請「靴兄弟と奇才画家」,JPN
psvdlc,PCSC00039,Soul Sacrifice,灵魂献祭 [日文版],DLC-SSS000FFN0000006,追加要請「首無騎士と飢餓市民」,JPN
psvdlc,PCSC00041,Ratchet & Clank: Full Frontal Assault,瑞奇与叮当：全面进攻 [日文版],DLC-PKMINIBOSSES0000,ラチェット&クランク® 銀河戦隊Qフォース ミニボスパック,JPN
psvdlc,PCSC00054,Freedom Wars,自由战争 [日文版],DLC-0000100PRM142USA,『うーさーのその日暮らし 覚醒編』 コラボデカール,JPN
psvdlc,PCSC00054,Freedom Wars,自由战争 [日文版],DLC-0000100PRM148GSC,グッドスマイルデカールパック,JPN
psvdlc,PCSC00054,Freedom Wars,自由战争 [日文版],DLC-0000100PRM002GMS,ゲームショップコラボデカールパック,JPN
psvdlc,PCSC00054,Freedom Wars,自由战争 [日文版],DLC-0000100PRM004SMP,体験版ダウンロード特典パック,JPN
psvdlc,PCSC00054,Freedom Wars,自由战争 [日文版],DLC-0000100ITM00700G,戦闘用アイテムパックG,JPN
psvdlc,PCSC00054,Freedom Wars,自由战争 [日文版],DLC-0000100ITM00800H,戦闘用アイテムパックH,JPN
psvdlc,PCSC00054,Freedom Wars,自由战争 [日文版],DLC-0000100ITM00900I,戦闘用アイテムパックI,JPN
psvdlc,PCSC00054,Freedom Wars,自由战争 [日文版],DLC-0000100PRM016EYA,瞳パックA,JPN
psvdlc,PCSC00054,Freedom Wars,自由战争 [日文版],DLC-0000100PRM018HAF,髪型パック(女)A,JPN
psvdlc,PCSC00054,Freedom Wars,自由战争 [日文版],DLC-0000100PRM017HAM,髪型パック(男)A,JPN
psvdlc,PCSC00058,Doki-Doki Universe,心跳宇宙 [日文版],DLC-DOKIDLCPLANETS02,Doki-Doki UniverseTM ディープスペース・プラネットパック,JPN
psvdlc,PCSC00058,Doki-Doki Universe,心跳宇宙 [日文版],DLC-DOKIDLCPLANETS01,Doki-Doki UniverseTM ハッピータイム・プラネットパック,JPN
psvdlc,PCSC00058,Doki-Doki Universe,心跳宇宙 [日文版],DLC-DOKIDLCQUIZPAK01,Doki-Doki UniverseTM 性格診断クイズパック1,JPN
psvdlc,PCSC00058,Doki-Doki Universe,心跳宇宙 [日文版],DLC-DOKIDLCQUIZPAK02,Doki-Doki UniverseTM 性格診断クイズパック2,JPN
psvdlc,PCSC00058,Doki-Doki Universe,心跳宇宙 [日文版],DLC-DOKIDLCPLANETS03,Doki-Doki UniverseTM クール惑星パック,JPN
psvdlc,PCSC00058,Doki-Doki Universe,心跳宇宙 [日文版],DLC-DOKIDLCQUIZPAK03,Doki-Doki UniverseTM デラックスクイズパーティーパック,JPN
psvdlc,PCSC00079,Dead Nation,死亡国度 [日文版],DLC-DEADNATIONDLCRD1,Road Of Devastation,JPN
psvdlc,PCSC80012,E-book Reader for PlayStationVita,E-Book 电子小说阅读器 [日文版],DLC-00000000BLKSTOK1,The World of 討鬼伝 2巻セット (ReaderTM用追加コンテンツ),JPN
psvdlc,PCSD00005,WipEout 2048,反重力赛车 2048 [英文版],DLC-DLC1W2048PACKAGE,WipEout® 2048 DLC 1,ASA
psvdlc,PCSD00005,WipEout 2048,反重力赛车 2048 [英文版],DLC-DLC2W2048PACKAGE,WipEout® 2048 DLC 2,ASA
psvdlc,PCSD00006,LittleBigPlanet PlayStation Vita,小小大星球 PlayStation Vita [中英韩文版],DLC-LBPDLCCOMPCO0004,Kabuki Actor Costume,ASA
psvdlc,PCSD00006,LittleBigPlanet PlayStation Vita,小小大星球 PlayStation Vita [中英韩文版],DLC-LBPVNETPASSK0001,LittleBigPlanetTM PS Vita 네트워크 패스,ASA
psvdlc,PCSD00006,LittleBigPlanet PlayStation Vita,小小大星球 PlayStation Vita [中英韩文版],DLC-LBPDLCCOMPCO0003,Sack in the Box Costume,ASA
psvdlc,PCSD00006,LittleBigPlanet PlayStation Vita,小小大星球 PlayStation Vita [中英韩文版],DLC-LBPDLCCOMPCO0001,Sack-Eating Plant Costume,ASA
psvdlc,PCSD00035,Gravity Rush,重力眩晕 [中英韩文版],DLC-PDH2AC00MAIDPACK,GRAVITY RUSH Maid Pack,ASA
psvdlc,PCSD00035,Gravity Rush,重力眩晕 [中英韩文版],DLC-PDH2AC00ARMYPACK,GRAVITY RUSH Special Forces Pack,ASA
psvdlc,PCSD00035,Gravity Rush,重力眩晕 [中英韩文版],DLC-PDH2AC000SPYPACK,GRAVITY RUSH Spy Pack,ASA
psvdlc,PCSD00040,PlayStation All-Stars Battle Royale,索尼全明星大乱斗 [中英文版],DLC-PSASBRONLINEPASS,Online Pass,ASA
psvdlc,PCSD00049,Open Me!,箱！Open Me [中文版],DLC-COL007D130325V00,GRAVITY RUSH箱 (OPEN ME! 合作箱子),ASA
psvdlc,PCSD00049,Open Me!,箱！Open Me [中文版],DLC-COL006D130221V00,SOUL SACRIFICE箱 (OPEN ME! 合作箱子),ASA
psvdlc,PCSD00049,Open Me!,箱！Open Me [中文版],DLC-COL003D130219V00,TOKYO JUNGLE箱 (OPEN ME! 合作箱子),ASA
psvdlc,PCSD00049,Open Me!,箱！Open Me [中文版],DLC-COL000D130110V00,多樂之箱 (OPEN ME! 合作箱子),ASA
psvdlc,PCSD00071,Killzone: Mercenary,杀戮地带：雇佣兵 [中英文版],DLC-P000000000001957,KillzoneTM Mercenary Botzone Soldier Training,ASA
psvdlc,PCSD00071,Killzone: Mercenary,杀戮地带：雇佣兵 [中英文版],DLC-P000000000001388,M224-A1,ASA
psvdlc,PCSD00079,Soul Sacrifice Delta,灵魂献祭 Delta [中韩文版],DLC-SSS000CVN0000001,英文語音包,ASA
psvdlc,PCSD00085,No Heroes Allowed: No Puzzles Either!,勇者有点太嚣张 G [中英韩文版],DLC-KONAMADRMBOX0001,Expanded Monster Quarters (1),ASA
psvdlc,PCSD00085,No Heroes Allowed: No Puzzles Either!,勇者有点太嚣张 G [中英韩文版],DLC-KONAMADRMBOX0002,Expanded Monster Quarters (2),ASA
psvdlc,PCSD00085,No Heroes Allowed: No Puzzles Either!,勇者有点太嚣张 G [中英韩文版],DLC-KONAMADRMBOX0003,Expanded Monster Quarters (3),ASA
psvdlc,PCSD00085,No Heroes Allowed: No Puzzles Either!,勇者有点太嚣张 G [中英韩文版],DLC-KONAMADRMMINE001,Increased Enslavement Quota (1),ASA
psvdlc,PCSD00085,No Heroes Allowed: No Puzzles Either!,勇者有点太嚣张 G [中英韩文版],DLC-KONAMADRMMINE002,Increased Enslavement Quota (2),ASA
psvdlc,PCSD00085,No Heroes Allowed: No Puzzles Either!,勇者有点太嚣张 G [中英韩文版],DLC-KONAMADRMMINE003,Increased Enslavement Quota (3),ASA
psvdlc,PCSD00085,No Heroes Allowed: No Puzzles Either!,勇者有点太嚣张 G [中英韩文版],DLC-KONAMADRMTICKET3,Pick (Bottomless),ASA
psvdlc,PCSD00087,Freedom Wars,自由战争 [中韩文版],DLC-A000100ITM00700G,戰鬥用道具包G,ASA
psvdlc,PCSD00087,Freedom Wars,自由战争 [中韩文版],DLC-A000100ITM00800H,戰鬥用道具包H,ASA
psvdlc,PCSD00087,Freedom Wars,自由战争 [中韩文版],DLC-A000100PRM016EYA,眼睛包A,ASA
psvdlc,PCSD00087,Freedom Wars,自由战争 [中韩文版],DLC-A000100PLT001PLA,資源生產運用管理:特別投資建設地A,ASA
psvdlc,PCSD00087,Freedom Wars,自由战争 [中韩文版],DLC-A000100PLT002PLB,資源生產運用管理:特別投資建設地B,ASA
psvdlc,PCSD00087,Freedom Wars,自由战争 [中韩文版],DLC-A000100PLT003PLC,資源生產運用管理:特別投資建設地C,ASA
psvdlc,PCSD00087,Freedom Wars,自由战争 [中韩文版],DLC-A000100PRM018HAF,髮型包(女)A,ASA
psvdlc,PCSD00087,Freedom Wars,自由战争 [中韩文版],DLC-A000100PRM017HAM,髮型包(男)A,ASA
psvdlc,PCSE00001,Ridge Racer,山脊赛车 [英文版],DLC-0000000000050011,CAR - DIGNISTAR,USA
psvdlc,PCSE00001,Ridge Racer,山脊赛车 [英文版],DLC-0000000000050008,CAR - ELENIE,USA
psvdlc,PCSE00001,Ridge Racer,山脊赛车 [英文版],DLC-0000000000050012,CAR - EVOLVER,USA
psvdlc,PCSE00001,Ridge Racer,山脊赛车 [英文版],DLC-0000000000050009,CAR - FATALITA,USA
psvdlc,PCSE00001,Ridge Racer,山脊赛车 [英文版],DLC-0000000000050031,CAR - HORNET,USA
psvdlc,PCSE00001,Ridge Racer,山脊赛车 [英文版],DLC-0000000000050010,CAR - MELTFIRE,USA
psvdlc,PCSE00001,Ridge Racer,山脊赛车 [英文版],DLC-0000000000050030,CAR - PAC-MANSP,USA
psvdlc,PCSE00001,Ridge Racer,山脊赛车 [英文版],DLC-0000000000050007,CAR - PROMESSA,USA
psvdlc,PCSE00001,Ridge Racer,山脊赛车 [英文版],DLC-0000000000050013,CAR - RC410,USA
psvdlc,PCSE00001,Ridge Racer,山脊赛车 [英文版],DLC-0000000000050014,CAR - WISDOM,USA
psvdlc,PCSE00001,Ridge Racer,山脊赛车 [英文版],DLC-0000000000040008,COURSE - Lost Ruins,USA
psvdlc,PCSE00001,Ridge Racer,山脊赛车 [英文版],DLC-0000000000040012,COURSE - Oceanfront Cruise Way,USA
psvdlc,PCSE00001,Ridge Racer,山脊赛车 [英文版],DLC-0000000000040010,COURSE - Old Central,USA
psvdlc,PCSE00001,Ridge Racer,山脊赛车 [英文版],DLC-0000000000040016,COURSE - Redstone Thunder Road,USA
psvdlc,PCSE00001,Ridge Racer,山脊赛车 [英文版],DLC-0000000000040014,COURSE - Silver Mountain Skyway,USA
psvdlc,PCSE00001,Ridge Racer,山脊赛车 [英文版],DLC-0000000000040006,COURSE - Sunset Heights,USA
psvdlc,PCSE00001,Ridge Racer,山脊赛车 [英文版],DLC-0000000000030070,MUSIC - Angel Halo,USA
psvdlc,PCSE00001,Ridge Racer,山脊赛车 [英文版],DLC-0000000000030052,MUSIC - Awakening,USA
psvdlc,PCSE00001,Ridge Racer,山脊赛车 [英文版],DLC-0000000000030024,MUSIC - Bassrider,USA
psvdlc,PCSE00001,Ridge Racer,山脊赛车 [英文版],DLC-0000000000030047,MUSIC - Beat Assassinator,USA
psvdlc,PCSE00001,Ridge Racer,山脊赛车 [英文版],DLC-0000000000030063,MUSIC - Blue Topaz Remix,USA
psvdlc,PCSE00001,Ridge Racer,山脊赛车 [英文版],DLC-0000000000030068,MUSIC - Burn Up The Road,USA
psvdlc,PCSE00001,Ridge Racer,山脊赛车 [英文版],DLC-0000000000030011,MUSIC - Burnin' Rubber,USA
psvdlc,PCSE00001,Ridge Racer,山脊赛车 [英文版],DLC-0000000000030077,MUSIC - Call of Apsara,USA
psvdlc,PCSE00001,Ridge Racer,山脊赛车 [英文版],DLC-0000000000030022,MUSIC - Chrome Drive,USA
psvdlc,PCSE00001,Ridge Racer,山脊赛车 [英文版],DLC-0000000000030083,MUSIC - Combustion,USA
psvdlc,PCSE00001,Ridge Racer,山脊赛车 [英文版],DLC-0000000000030019,MUSIC - Dare Devil,USA
psvdlc,PCSE00001,Ridge Racer,山脊赛车 [英文版],DLC-0000000000030025,MUSIC - Disco Ball,USA
psvdlc,PCSE00001,Ridge Racer,山脊赛车 [英文版],DLC-0000000000030050,MUSIC - Down To Earth,USA
psvdlc,PCSE00001,Ridge Racer,山脊赛车 [英文版],DLC-0000000000030082,MUSIC - Dr. Mad's Gone,USA
psvdlc,PCSE00001,Ridge Racer,山脊赛车 [英文版],DLC-0000000000030038,MUSIC - Drift Psychosis,USA
psvdlc,PCSE00001,Ridge Racer,山脊赛车 [英文版],DLC-0000000000030058,MUSIC - Drive U 2 Dancing Remix,USA
psvdlc,PCSE00001,Ridge Racer,山脊赛车 [英文版],DLC-0000000000030087,MUSIC - Eat The World,USA
psvdlc,PCSE00001,Ridge Racer,山脊赛车 [英文版],DLC-0000000000030084,MUSIC - Eat'em Up!,USA
psvdlc,PCSE00001,Ridge Racer,山脊赛车 [英文版],DLC-0000000000030016,MUSIC - Euphoria,USA
psvdlc,PCSE00001,Ridge Racer,山脊赛车 [英文版],DLC-0000000000030067,MUSIC - EUPHORIA,USA
psvdlc,PCSE00001,Ridge Racer,山脊赛车 [英文版],DLC-0000000000030066,MUSIC - EXHNOTES,USA
psvdlc,PCSE00001,Ridge Racer,山脊赛车 [英文版],DLC-0000000000030032,MUSIC - Explorers,USA
psvdlc,PCSE00001,Ridge Racer,山脊赛车 [英文版],DLC-0000000000030037,MUSIC - Floodlight,USA
psvdlc,PCSE00001,Ridge Racer,山脊赛车 [英文版],DLC-0000000000030048,MUSIC - Freak out,USA
psvdlc,PCSE00001,Ridge Racer,山脊赛车 [英文版],DLC-0000000000030065,MUSIC - GRIP,USA
psvdlc,PCSE00001,Ridge Racer,山脊赛车 [英文版],DLC-0000000000030046,MUSIC - Hard Drive,USA
psvdlc,PCSE00001,Ridge Racer,山脊赛车 [英文版],DLC-0000000000030062,MUSIC - Heart of Hearts Remix,USA
psvdlc,PCSE00001,Ridge Racer,山脊赛车 [英文版],DLC-0000000000030073,MUSIC - Heat Shadows,USA
psvdlc,PCSE00001,Ridge Racer,山脊赛车 [英文版],DLC-0000000000030020,MUSIC - Highride,USA
psvdlc,PCSE00001,Ridge Racer,山脊赛车 [英文版],DLC-0000000000030041,MUSIC - Highway Fusion,USA
psvdlc,PCSE00001,Ridge Racer,山脊赛车 [英文版],DLC-0000000000030034,MUSIC - I Want You,USA
psvdlc,PCSE00001,Ridge Racer,山脊赛车 [英文版],DLC-0000000000030061,MUSIC - Kamikaze Remix,USA
psvdlc,PCSE00001,Ridge Racer,山脊赛车 [英文版],DLC-0000000000030031,MUSIC - Light Groove,USA
psvdlc,PCSE00001,Ridge Racer,山脊赛车 [英文版],DLC-0000000000030054,MUSIC - Listen Up!,USA
psvdlc,PCSE00001,Ridge Racer,山脊赛车 [英文版],DLC-0000000000030055,MUSIC - M.T.T.B.,USA
psvdlc,PCSE00001,Ridge Racer,山脊赛车 [英文版],DLC-0000000000030085,MUSIC - Motor Pac City 5,USA
psvdlc,PCSE00001,Ridge Racer,山脊赛车 [英文版],DLC-0000000000030014,MUSIC - Move Me,USA
psvdlc,PCSE00001,Ridge Racer,山脊赛车 [英文版],DLC-0000000000030015,MUSIC - Movin' in Circles,USA
psvdlc,PCSE00001,Ridge Racer,山脊赛车 [英文版],DLC-0000000000030078,MUSIC - My Crazy Chainsaw,USA
psvdlc,PCSE00001,Ridge Racer,山脊赛车 [英文版],DLC-0000000000030009,MUSIC - Naked Glow,USA
psvdlc,PCSE00001,Ridge Racer,山脊赛车 [英文版],DLC-0000000000030081,MUSIC - Napalm Sled,USA
psvdlc,PCSE00001,Ridge Racer,山脊赛车 [英文版],DLC-0000000000030030,MUSIC - Night Stream,USA
psvdlc,PCSE00001,Ridge Racer,山脊赛车 [英文版],DLC-0000000000030033,MUSIC - Nitro Mantra,USA
psvdlc,PCSE00001,Ridge Racer,山脊赛车 [英文版],DLC-0000000000030079,MUSIC - Nitro Witch,USA
psvdlc,PCSE00001,Ridge Racer,山脊赛车 [英文版],DLC-0000000000030076,MUSIC - NOx Warheads,USA
psvdlc,PCSE00001,Ridge Racer,山脊赛车 [英文版],DLC-0000000000030044,MUSIC - Orbital Rock,USA
psvdlc,PCSE00001,Ridge Racer,山脊赛车 [英文版],DLC-0000000000030008,MUSIC - Pearl Blue Soul,USA
psvdlc,PCSE00001,Ridge Racer,山脊赛车 [英文版],DLC-0000000000030043,MUSIC - Photon Field,USA
psvdlc,PCSE00001,Ridge Racer,山脊赛车 [英文版],DLC-0000000000030080,MUSIC - Psychokinesis,USA
psvdlc,PCSE00001,Ridge Racer,山脊赛车 [英文版],DLC-0000000000030028,MUSIC - Pulse Phaze,USA
psvdlc,PCSE00001,Ridge Racer,山脊赛车 [英文版],DLC-0000000000030012,MUSIC - Quiet Curves,USA
psvdlc,PCSE00001,Ridge Racer,山脊赛车 [英文版],DLC-0000000000030089,MUSIC - RACER'S DELIGHT,USA
psvdlc,PCSE00001,Ridge Racer,山脊赛车 [英文版],DLC-0000000000030042,MUSIC - Radiance,USA
psvdlc,PCSE00001,Ridge Racer,山脊赛车 [英文版],DLC-0000000000030071,MUSIC - Rage Racer Remix,USA
psvdlc,PCSE00001,Ridge Racer,山脊赛车 [英文版],DLC-0000000000030059,MUSIC - Rareheroes,USA
psvdlc,PCSE00001,Ridge Racer,山脊赛车 [英文版],DLC-0000000000030064,MUSIC - Ridge racer (POWER REMIX),USA
psvdlc,PCSE00001,Ridge Racer,山脊赛车 [英文版],DLC-0000000000030098,MUSIC - Ridge racer (RIDGE RACER USA MIX),USA
psvdlc,PCSE00001,Ridge Racer,山脊赛车 [英文版],DLC-0000000000030035,MUSIC - Road Mauler,USA
psvdlc,PCSE00001,Ridge Racer,山脊赛车 [英文版],DLC-0000000000030074,MUSIC - Rolling Glider,USA
psvdlc,PCSE00001,Ridge Racer,山脊赛车 [英文版],DLC-0000000000030060,MUSIC - Rotten7 Remix,USA
psvdlc,PCSE00001,Ridge Racer,山脊赛车 [英文版],DLC-0000000000030056,MUSIC - Rotterdam Nation Remix,USA
psvdlc,PCSE00001,Ridge Racer,山脊赛车 [英文版],DLC-0000000000030086,MUSIC - Run Pac-Man Run,USA
psvdlc,PCSE00001,Ridge Racer,山脊赛车 [英文版],DLC-0000000000030018,MUSIC - Samurai Rocket,USA
psvdlc,PCSE00001,Ridge Racer,山脊赛车 [英文版],DLC-0000000000030049,MUSIC - Saturation,USA
psvdlc,PCSE00001,Ridge Racer,山脊赛车 [英文版],DLC-0000000000030053,MUSIC - Shut Up Baby,USA
psvdlc,PCSE00001,Ridge Racer,山脊赛车 [英文版],DLC-0000000000030057,MUSIC - Speedster Remix,USA
psvdlc,PCSE00001,Ridge Racer,山脊赛车 [英文版],DLC-0000000000030072,MUSIC - Stream of Lights,USA
psvdlc,PCSE00001,Ridge Racer,山脊赛车 [英文版],DLC-0000000000030096,MUSIC - SUPER ACCELERATION,USA
psvdlc,PCSE00001,Ridge Racer,山脊赛车 [英文版],DLC-0000000000030075,MUSIC - Supercruiser,USA
psvdlc,PCSE00001,Ridge Racer,山脊赛车 [英文版],DLC-0000000000030029,MUSIC - Synthetic Life,USA
psvdlc,PCSE00001,Ridge Racer,山脊赛车 [英文版],DLC-0000000000030095,MUSIC - TAKE YOU AWAY,USA
psvdlc,PCSE00001,Ridge Racer,山脊赛车 [英文版],DLC-0000000000030027,MUSIC - Tek Trek,USA
psvdlc,PCSE00001,Ridge Racer,山脊赛车 [英文版],DLC-0000000000030013,MUSIC - The Objective,USA
psvdlc,PCSE00001,Ridge Racer,山脊赛车 [英文版],DLC-0000000000030088,MUSIC - THE TIME IS NOW,USA
psvdlc,PCSE00001,Ridge Racer,山脊赛车 [英文版],DLC-0000000000030039,MUSIC - Trail of Light,USA
psvdlc,PCSE00001,Ridge Racer,山脊赛车 [英文版],DLC-0000000000030051,MUSIC - Transparency,USA
psvdlc,PCSE00001,Ridge Racer,山脊赛车 [英文版],DLC-0000000000030017,MUSIC - Tsui Tsui,USA
psvdlc,PCSE00001,Ridge Racer,山脊赛车 [英文版],DLC-0000000000030026,MUSIC - Tunnel Visionary,USA
psvdlc,PCSE00001,Ridge Racer,山脊赛车 [英文版],DLC-0000000000030045,MUSIC - Turn Me On,USA
psvdlc,PCSE00001,Ridge Racer,山脊赛车 [英文版],DLC-0000000000030040,MUSIC - Ultra Cruise,USA
psvdlc,PCSE00001,Ridge Racer,山脊赛车 [英文版],DLC-0000000000030036,MUSIC - Valley of the Mind,USA
psvdlc,PCSE00001,Ridge Racer,山脊赛车 [英文版],DLC-0000000000030023,MUSIC - Vanishing Horizon,USA
psvdlc,PCSE00001,Ridge Racer,山脊赛车 [英文版],DLC-0000000000030069,MUSIC - Venomous,USA
psvdlc,PCSE00001,Ridge Racer,山脊赛车 [英文版],DLC-0000000000030021,MUSIC - Warp Trooper,USA
psvdlc,PCSE00001,Ridge Racer,山脊赛车 [英文版],DLC-0000000000030010,MUSIC - Your Vibe,USA
psvdlc,PCSE00001,Ridge Racer,山脊赛车 [英文版],DLC-0000000000030090,MUSIC - [MIX] NITROUS MIX #1,USA
psvdlc,PCSE00001,Ridge Racer,山脊赛车 [英文版],DLC-0000000000030097,MUSIC - [MIX] R4U,USA
psvdlc,PCSE00004,Ultimate Marvel vs. Capcom 3,终极漫画英雄VS卡普空 3 [英文版],DLC-CHARACTERPACK101,Additional Character - Jill,USA
psvdlc,PCSE00004,Ultimate Marvel vs. Capcom 3,终极漫画英雄VS卡普空 3 [英文版],DLC-CHARACTERPACK102,Additional Character - Shuma-Gorath,USA
psvdlc,PCSE00004,Ultimate Marvel vs. Capcom 3,终极漫画英雄VS卡普空 3 [英文版],DLC-COSTUMEPACK00012,Value Pack,USA
psvdlc,PCSE00005,Street Fighter X Tekken,街霸×铁拳 [英文版],DLC-00112COSCLRPTN01,Color Palette Add-On 1,USA
psvdlc,PCSE00005,Street Fighter X Tekken,街霸×铁拳 [英文版],DLC-00121COSCLRPTN10,Color Palette Add-On 10,USA
psvdlc,PCSE00005,Street Fighter X Tekken,街霸×铁拳 [英文版],DLC-00113COSCLRPTN02,Color Palette Add-On 2,USA
psvdlc,PCSE00005,Street Fighter X Tekken,街霸×铁拳 [英文版],DLC-00114COSCLRPTN03,Color Palette Add-On 3,USA
psvdlc,PCSE00005,Street Fighter X Tekken,街霸×铁拳 [英文版],DLC-00115COSCLRPTN04,Color Palette Add-On 4,USA
psvdlc,PCSE00005,Street Fighter X Tekken,街霸×铁拳 [英文版],DLC-00116COSCLRPTN05,Color Palette Add-On 5,USA
psvdlc,PCSE00005,Street Fighter X Tekken,街霸×铁拳 [英文版],DLC-00117COSCLRPTN06,Color Palette Add-On 6,USA
psvdlc,PCSE00005,Street Fighter X Tekken,街霸×铁拳 [英文版],DLC-00118COSCLRPTN07,Color Palette Add-On 7,USA
psvdlc,PCSE00005,Street Fighter X Tekken,街霸×铁拳 [英文版],DLC-00119COSCLRPTN08,Color Palette Add-On 8,USA
psvdlc,PCSE00005,Street Fighter X Tekken,街霸×铁拳 [英文版],DLC-00120COSCLRPTN09,Color Palette Add-On 9,USA
psvdlc,PCSE00005,Street Fighter X Tekken,街霸×铁拳 [英文版],DLC-00425SPCSYS00001,Preset Combo 3,USA
psvdlc,PCSE00005,Street Fighter X Tekken,街霸×铁拳 [英文版],DLC-00426SPCSYS00002,Preset Combo 4,USA
psvdlc,PCSE00005,Street Fighter X Tekken,街霸×铁拳 [英文版],DLC-00427SPCSYS00003,Preset Combo 5,USA
psvdlc,PCSE00005,Street Fighter X Tekken,街霸×铁拳 [英文版],DLC-00105COSPACARGAL,SFTK Alternate Costume Complete Pack,USA
psvdlc,PCSE00005,Street Fighter X Tekken,街霸×铁拳 [英文版],DLC-00123COSCLRSPC01,Special Color Palette 1,USA
psvdlc,PCSE00005,Street Fighter X Tekken,街霸×铁拳 [英文版],DLC-00125COSCLRSPC03,Special Color Palette 2,USA
psvdlc,PCSE00005,Street Fighter X Tekken,街霸×铁拳 [英文版],DLC-00124COSCLRSPC02,Special Color Palette 3,USA
psvdlc,PCSE00005,Street Fighter X Tekken,街霸×铁拳 [英文版],DLC-00126COSCLRSPC04,Special Color Palette 4,USA
psvdlc,PCSE00006,Army Corps of Hell,地狱军团 [英文版],DLC-ADDCONTENTRABBIT,Bunny ears equipment set,USA
psvdlc,PCSE00006,Army Corps of Hell,地狱军团 [英文版],DLC-ADDCONTENTFROGXX,Frog equipment set,USA
psvdlc,PCSE00006,Army Corps of Hell,地狱军团 [英文版],DLC-ADDCONTENTHALLWN,Pumpkin equipment set,USA
psvdlc,PCSE00011,Silent Hill: Book of Memories,寂静岭：记忆之书 [英文版],DLC-SILENTHILLBOOKD1,Silent Hill - Book of Memories DLC Pack 1,USA
psvdlc,PCSE00014,Dynasty Warriors Next,真•三国无双 NEXT [英文版],DLC-0000000000000061,Bao Sanniang original officer card,USA
psvdlc,PCSE00014,Dynasty Warriors Next,真•三国无双 NEXT [英文版],DLC-0000000000000042,Cai Wenji original officer card,USA
psvdlc,PCSE00014,Dynasty Warriors Next,真•三国无双 NEXT [英文版],DLC-0000000000000004,Cao Cao original officer card,USA
psvdlc,PCSE00014,Dynasty Warriors Next,真•三国无双 NEXT [英文版],DLC-0000000000000022,Cao Pi original officer card,USA
psvdlc,PCSE00014,Dynasty Warriors Next,真•三国无双 NEXT [英文版],DLC-0000000000000021,Cao Ren original officer card,USA
psvdlc,PCSE00014,Dynasty Warriors Next,真•三国无双 NEXT [英文版],DLC-0000000000000043,Daqiao original officer card,USA
psvdlc,PCSE00014,Dynasty Warriors Next,真•三国无双 NEXT [英文版],DLC-0000000000000048,Deng Ai original officer card,USA
psvdlc,PCSE00014,Dynasty Warriors Next,真•三国无双 NEXT [英文版],DLC-0000000000000001,Dian Wei original officer card,USA
psvdlc,PCSE00014,Dynasty Warriors Next,真•三国无双 NEXT [英文版],DLC-0000000000000015,Diaochan original officer card,USA
psvdlc,PCSE00014,Dynasty Warriors Next,真•三国无双 NEXT [英文版],DLC-0000000000000054,Ding Feng original officer card,USA
psvdlc,PCSE00014,Dynasty Warriors Next,真•三国无双 NEXT [英文版],DLC-0000000000000008,Gan Ning original officer card,USA
psvdlc,PCSE00014,Dynasty Warriors Next,真•三国无双 NEXT [英文版],DLC-0000000000000033,Guan Ping original officer card,USA
psvdlc,PCSE00014,Dynasty Warriors Next,真•三国无双 NEXT [英文版],DLC-0000000000000060,Guan Suo original officer card,USA
psvdlc,PCSE00014,Dynasty Warriors Next,真•三国无双 NEXT [英文版],DLC-0000000000000011,Guan Yu original officer card,USA
psvdlc,PCSE00014,Dynasty Warriors Next,真•三国无双 NEXT [英文版],DLC-0000000000000053,Guo Huai original officer card,USA
psvdlc,PCSE00014,Dynasty Warriors Next,真•三国无双 NEXT [英文版],DLC-0000000000000064,Guo Jia original officer card,USA
psvdlc,PCSE00014,Dynasty Warriors Next,真•三国无双 NEXT [英文版],DLC-0000000000000025,Huang Gai original officer card,USA
psvdlc,PCSE00014,Dynasty Warriors Next,真•三国无双 NEXT [英文版],DLC-0000000000000031,Huang Zhong original officer card,USA
psvdlc,PCSE00014,Dynasty Warriors Next,真•三国无双 NEXT [英文版],DLC-0000000000000045,Jia Xu original officer card,USA
psvdlc,PCSE00014,Dynasty Warriors Next,真•三国无双 NEXT [英文版],DLC-0000000000000044,Jiang Wei original officer card,USA
psvdlc,PCSE00014,Dynasty Warriors Next,真•三国无双 NEXT [英文版],DLC-0000000000000057,Lianshi original officer card,USA
psvdlc,PCSE00014,Dynasty Warriors Next,真•三国无双 NEXT [英文版],DLC-0000000000000027,Ling Tong original officer card,USA
psvdlc,PCSE00014,Dynasty Warriors Next,真•三国无双 NEXT [英文版],DLC-0000000000000014,Liu Bei original officer card,USA
psvdlc,PCSE00014,Dynasty Warriors Next,真•三国无双 NEXT [英文版],DLC-0000000000000055,Liu Shan original officer card,USA
psvdlc,PCSE00014,Dynasty Warriors Next,真•三国无双 NEXT [英文版],DLC-0000000000000016,Lu Bu original officer card,USA
psvdlc,PCSE00014,Dynasty Warriors Next,真•三国无双 NEXT [英文版],DLC-0000000000000024,Lu Meng original officer card,USA
psvdlc,PCSE00014,Dynasty Warriors Next,真•三国无双 NEXT [英文版],DLC-0000000000000006,Lu Xun original officer card,USA
psvdlc,PCSE00014,Dynasty Warriors Next,真•三国无双 NEXT [英文版],DLC-0000000000000030,Ma Chao original officer card,USA
psvdlc,PCSE00014,Dynasty Warriors Next,真•三国无双 NEXT [英文版],DLC-0000000000000058,Ma Dai original officer card,USA
psvdlc,PCSE00014,Dynasty Warriors Next,真•三国无双 NEXT [英文版],DLC-0000000000000062,Pang De original officer card,USA
psvdlc,PCSE00014,Dynasty Warriors Next,真•三国无双 NEXT [英文版],DLC-0000000000000034,Pang Tong original officer card,USA
psvdlc,PCSE00014,Dynasty Warriors Next,真•三国无双 NEXT [英文版],DLC-0000000000000046,Sima Shi original officer card,USA
psvdlc,PCSE00014,Dynasty Warriors Next,真•三国无双 NEXT [英文版],DLC-0000000000000002,Sima Yi original officer card,USA
psvdlc,PCSE00014,Dynasty Warriors Next,真•三国无双 NEXT [英文版],DLC-0000000000000047,Sima Zhao original officer card,USA
psvdlc,PCSE00014,Dynasty Warriors Next,真•三国无双 NEXT [英文版],DLC-0000000000000028,Sun Ce original officer card,USA
psvdlc,PCSE00014,Dynasty Warriors Next,真•三国无双 NEXT [英文版],DLC-0000000000000009,Sun Jian original officer card,USA
psvdlc,PCSE00014,Dynasty Warriors Next,真•三国无双 NEXT [英文版],DLC-0000000000000029,Sun Quan original officer card,USA
psvdlc,PCSE00014,Dynasty Warriors Next,真•三国无双 NEXT [英文版],DLC-0000000000000007,Sun Shangxiang original officer card,USA
psvdlc,PCSE00014,Dynasty Warriors Next,真•三国无双 NEXT [英文版],DLC-0000000000000023,Taishi Ci original officer card,USA
psvdlc,PCSE00014,Dynasty Warriors Next,真•三国无双 NEXT [英文版],DLC-0000000000000063,Wang Yi original officer card,USA
psvdlc,PCSE00014,Dynasty Warriors Next,真•三国无双 NEXT [英文版],DLC-0000000000000049,Wang Yuanji original officer card,USA
psvdlc,PCSE00014,Dynasty Warriors Next,真•三国无双 NEXT [英文版],DLC-0000000000000032,Wei Yan original officer card,USA
psvdlc,PCSE00014,Dynasty Warriors Next,真•三国无双 NEXT [英文版],DLC-0000000000000052,Xiahou Ba original officer card,USA
psvdlc,PCSE00014,Dynasty Warriors Next,真•三国无双 NEXT [英文版],DLC-0000000000000000,Xiahou Dun original officer card,USA
psvdlc,PCSE00014,Dynasty Warriors Next,真•三国无双 NEXT [英文版],DLC-0000000000000018,Xiahou Yuan original officer card,USA
psvdlc,PCSE00014,Dynasty Warriors Next,真•三国无双 NEXT [英文版],DLC-0000000000000039,Xiaoqiao original officer card,USA
psvdlc,PCSE00014,Dynasty Warriors Next,真•三国无双 NEXT [英文版],DLC-0000000000000056,Xingcai original officer card,USA
psvdlc,PCSE00014,Dynasty Warriors Next,真•三国无双 NEXT [英文版],DLC-0000000000000019,Xu Huang original officer card,USA
psvdlc,PCSE00014,Dynasty Warriors Next,真•三国无双 NEXT [英文版],DLC-0000000000000017,Xu Zhu original officer card,USA
psvdlc,PCSE00014,Dynasty Warriors Next,真•三国无双 NEXT [英文版],DLC-0000000000000040,Yueying original officer card,USA
psvdlc,PCSE00014,Dynasty Warriors Next,真•三国无双 NEXT [英文版],DLC-0000000000000012,Zhang Fei original officer card,USA
psvdlc,PCSE00014,Dynasty Warriors Next,真•三国无双 NEXT [英文版],DLC-0000000000000020,Zhang He original officer card,USA
psvdlc,PCSE00014,Dynasty Warriors Next,真•三国无双 NEXT [英文版],DLC-0000000000000003,Zhang Liao original officer card,USA
psvdlc,PCSE00014,Dynasty Warriors Next,真•三国无双 NEXT [英文版],DLC-0000000000000010,Zhao Yun original officer card,USA
psvdlc,PCSE00014,Dynasty Warriors Next,真•三国无双 NEXT [英文版],DLC-0000000000000038,Zhenji original officer card,USA
psvdlc,PCSE00014,Dynasty Warriors Next,真•三国无双 NEXT [英文版],DLC-0000000000000050,Zhong Hui original officer card,USA
psvdlc,PCSE00014,Dynasty Warriors Next,真•三国无双 NEXT [英文版],DLC-0000000000000026,Zhou Tai original officer card,USA
psvdlc,PCSE00014,Dynasty Warriors Next,真•三国无双 NEXT [英文版],DLC-0000000000000005,Zhou Yu original officer card,USA
psvdlc,PCSE00014,Dynasty Warriors Next,真•三国无双 NEXT [英文版],DLC-0000000000000051,Zhuge Dan original officer card,USA
psvdlc,PCSE00014,Dynasty Warriors Next,真•三国无双 NEXT [英文版],DLC-0000000000000013,Zhuge Liang original officer card,USA
psvdlc,PCSE00016,Touch my Katamari,块魂：变形 [英文版],DLC-VITAKTMRXMIS0000,Download Request #1 - Snowman!,USA
psvdlc,PCSE00016,Touch my Katamari,块魂：变形 [英文版],DLC-VITAKTMRXMIS0001,Download Request #2 - Shopping,USA
psvdlc,PCSE00016,Touch my Katamari,块魂：变形 [英文版],DLC-VITAKTMRXMIS0002,Download Request #3 - Maid Heaven,USA
psvdlc,PCSE00016,Touch my Katamari,块魂：变形 [英文版],DLC-VITAKTMRXMIS0003,Download Request #4 - We Love PAC-MAN,USA
psvdlc,PCSE00016,Touch my Katamari,块魂：变形 [英文版],DLC-VITAKTMRXMIS0004,Download Request #5 - Downhill Race,USA
psvdlc,PCSE00016,Touch my Katamari,块魂：变形 [英文版],DLC-VITAKTMRXMIS0006,Download Request #6 - Katamari Fan Festival,USA
psvdlc,PCSE00016,Touch my Katamari,块魂：变形 [英文版],DLC-VITAKTMRXMIS0005,Download Request #7 - Katamari Soccer,USA
psvdlc,PCSE00016,Touch my Katamari,块魂：变形 [英文版],DLC-VITAKTMRXMIS0008,Download Request #9 - The Great Journey,USA
psvdlc,PCSE00017,Super Monkey Ball Banana Splitz,超级猴子球：香蕉闪电战 [英文版],DLC-MONKEYBALLDLC002,Hard Pack,USA
psvdlc,PCSE00017,Super Monkey Ball Banana Splitz,超级猴子球：香蕉闪电战 [英文版],DLC-MONKEYBALLDLC003,Professional Pack,USA
psvdlc,PCSE00017,Super Monkey Ball Banana Splitz,超级猴子球：香蕉闪电战 [英文版],DLC-MONKEYBALLDLC007,Puyo Puyo Pack,USA
psvdlc,PCSE00017,Super Monkey Ball Banana Splitz,超级猴子球：香蕉闪电战 [英文版],DLC-MONKEYBALLDLC006,Sega Black Pack,USA
psvdlc,PCSE00017,Super Monkey Ball Banana Splitz,超级猴子球：香蕉闪电战 [英文版],DLC-MONKEYBALLDLC005,Sega Gray Pack,USA
psvdlc,PCSE00017,Super Monkey Ball Banana Splitz,超级猴子球：香蕉闪电战 [英文版],DLC-MONKEYBALLDLC004,Sega White Pack,USA
psvdlc,PCSE00017,Super Monkey Ball Banana Splitz,超级猴子球：香蕉闪电战 [英文版],DLC-MONKEYBALLDLC008,Sonic Pack,USA
psvdlc,PCSE00017,Super Monkey Ball Banana Splitz,超级猴子球：香蕉闪电战 [英文版],DLC-MONKEYBALLDLC001,Variety Pack,USA
psvdlc,PCSE00019,Dragon's Crown,龙之皇冠 [英文版],DLC-DRAGONSCROWNKEYA,Dragon's Crown Additional Data,USA
psvdlc,PCSE00029,StarDrone Extreme,炫彩迷幻 [英文版],DLC-DRONLEVELSKIPPER,StarDrone Extreme,USA
psvdlc,PCSE00033,Guacamelee!,墨西哥英雄大乱斗 [英文版],DLC-GUACAMELEESKIN00,Guacamelee!,USA
psvdlc,PCSE00033,Guacamelee!,墨西哥英雄大乱斗 [英文版],DLC-PGUACAMELE000002,Guacamelee!,USA
psvdlc,PCSE00049,CastleStorm,城堡风暴 [英文版],DLC-CASTLESTORMDLC01,CastleStorm - From Outcast to Savior,USA
psvdlc,PCSE00049,CastleStorm,城堡风暴 [英文版],DLC-CASTLESTORMDLC02,CastleStorm - The Warrior Queen,USA
psvdlc,PCSE00050,Zen Pinball 2,ZEN弹珠台 2 [英文版],DLC-ZENPINBALL2SWPK1,Star Wars Pinball (Unlock),USA
psvdlc,PCSE00050,Zen Pinball 2,ZEN弹珠台 2 [英文版],DLC-ZENPINBALL2SWPP1,Star Wars Pinball,USA
psvdlc,PCSE00050,Zen Pinball 2,ZEN弹珠台 2 [英文版],DLC-ZENPINBALL2ALN00,Zen Pinball 2 - Aliens vs. Pinball (Trial),USA
psvdlc,PCSE00050,Zen Pinball 2,ZEN弹珠台 2 [英文版],DLC-ZENPINBALL2ALN0K,Zen Pinball 2 - Aliens vs. Pinball (Unlock),USA
psvdlc,PCSE00050,Zen Pinball 2,ZEN弹珠台 2 [英文版],DLC-ZENPINBALL2FOX00,Zen Pinball 2 - Balls of Glory Pinball (Trial),USA
psvdlc,PCSE00050,Zen Pinball 2,ZEN弹珠台 2 [英文版],DLC-ZENPINBALL2BETH0,Zen Pinball 2 - Bethesda® Pinball (Trial),USA
psvdlc,PCSE00050,Zen Pinball 2,ZEN弹珠台 2 [英文版],DLC-ZENPINBALL2CIVW1,Zen Pinball 2 - Civil War Demo,USA
psvdlc,PCSE00050,Zen Pinball 2,ZEN弹珠台 2 [英文版],DLC-ZENPINBALL2CORE0,Zen Pinball 2 - Core Pack (Trial),USA
psvdlc,PCSE00050,Zen Pinball 2,ZEN弹珠台 2 [英文版],DLC-ZENPINBALL2COREK,Zen Pinball 2 - Core Pack,USA
psvdlc,PCSE00050,Zen Pinball 2,ZEN弹珠台 2 [英文版],DLC-ZENPINBALL2DEAD0,Zen Pinball 2 - Deadpool (Trial),USA
psvdlc,PCSE00050,Zen Pinball 2,ZEN弹珠台 2 [英文版],DLC-ZENPINBALL2STR00,Zen Pinball 2 - Doctor Strange (Trial),USA
psvdlc,PCSE00050,Zen Pinball 2,ZEN弹珠台 2 [英文版],DLC-ZENPINBALL2EXCA1,Zen Pinball 2 - Excalibur,USA
psvdlc,PCSE00050,Zen Pinball 2,ZEN弹珠台 2 [英文版],DLC-ZENPINBALL2FANF1,Zen Pinball 2 - Fantastic Four Demo,USA
psvdlc,PCSE00050,Zen Pinball 2,ZEN弹珠台 2 [英文版],DLC-ZENPINBALL2GOTG0,Zen Pinball 2 - Guardians of the Galaxy (Trial),USA
psvdlc,PCSE00050,Zen Pinball 2,ZEN弹珠台 2 [英文版],DLC-ZENPINBALL2IRNS0,Zen Pinball 2 - Iron & Steel Pack (Trial),USA
psvdlc,PCSE00050,Zen Pinball 2,ZEN弹珠台 2 [英文版],DLC-ZENPINBALL2IRNSK,Zen Pinball 2 - Iron & Steel Pack,USA
psvdlc,PCSE00050,Zen Pinball 2,ZEN弹珠台 2 [英文版],DLC-ZENPINBALL2ULTR0,Zen Pinball 2 - Marvel's Avengers - Age of Ultron (Trial),USA
psvdlc,PCSE00050,Zen Pinball 2,ZEN弹珠台 2 [英文版],DLC-ZENPINBALL2WOP00,Zen Pinball 2 - Marvel's Women of Power (Trial),USA
psvdlc,PCSE00050,Zen Pinball 2,ZEN弹珠台 2 [英文版],DLC-ZENPINBALL2ANT00,Zen Pinball 2 - Marvel’s Ant-Man (Trial),USA
psvdlc,PCSE00050,Zen Pinball 2,ZEN弹珠台 2 [英文版],DLC-ZENPINBALL2PORT0,Zen Pinball 2 - Portal ® (Trial),USA
psvdlc,PCSE00050,Zen Pinball 2,ZEN弹珠台 2 [英文版],DLC-ZENPINBALL2PORTK,Zen Pinball 2 - Portal ®,USA
psvdlc,PCSE00050,Zen Pinball 2,ZEN弹珠台 2 [英文版],DLC-ZENPINBALL2SP000,Zen Pinball 2 - South Park Pinball (Trial),USA
psvdlc,PCSE00050,Zen Pinball 2,ZEN弹珠台 2 [英文版],DLC-ZENPINBALL2SP00K,Zen Pinball 2 - South Park Pinball,USA
psvdlc,PCSE00050,Zen Pinball 2,ZEN弹珠台 2 [英文版],DLC-ZENPINBALL2SWPP2,Zen Pinball 2 - Star Wars Pinball - Balance of the Force (Trial),USA
psvdlc,PCSE00050,Zen Pinball 2,ZEN弹珠台 2 [英文版],DLC-ZENPINBALL2SWPK2,Zen Pinball 2 - Star Wars Pinball - Balance of the Force (Unlock),USA
psvdlc,PCSE00050,Zen Pinball 2,ZEN弹珠台 2 [英文版],DLC-ZENPINBALL2SWPRK,Zen Pinball 2 - Star Wars Pinball - Star Wars Rebels (Unlock),USA
psvdlc,PCSE00050,Zen Pinball 2,ZEN弹珠台 2 [英文版],DLC-ZENPINBALL2SWPP3,Zen Pinball 2 - Star WarsTM Pinball - Heroes Within (Trial),USA
psvdlc,PCSE00050,Zen Pinball 2,ZEN弹珠台 2 [英文版],DLC-ZENPINBALL2SWPK3,Zen Pinball 2 - Star WarsTM Pinball - Heroes Within (Unlock),USA
psvdlc,PCSE00050,Zen Pinball 2,ZEN弹珠台 2 [英文版],DLC-ZENPINBALL2LAPB0,Zen Pinball 2 - Star WarsTM Pinball - Rogue OneTM (Trial),USA
psvdlc,PCSE00050,Zen Pinball 2,ZEN弹珠台 2 [英文版],DLC-ZENPINBALL2LAPBK,Zen Pinball 2 - Star WarsTM Pinball - Rogue OneTM (Unlock),USA
psvdlc,PCSE00050,Zen Pinball 2,ZEN弹珠台 2 [英文版],DLC-ZENPINBALL2SWPR0,Zen Pinball 2 - Star WarsTM Pinball - Star Wars RebelsTM (Trial),USA
psvdlc,PCSE00050,Zen Pinball 2,ZEN弹珠台 2 [英文版],DLC-ZENPINBALL2MAY00,Zen Pinball 2 - Star WarsTM Pinball - The Force AwakensTM Pack (Trial),USA
psvdlc,PCSE00050,Zen Pinball 2,ZEN弹珠台 2 [英文版],DLC-ZENPINBALL2MAY0K,Zen Pinball 2 - Star WarsTM Pinball - The Force AwakensTM Pack (Unlock),USA
psvdlc,PCSE00050,Zen Pinball 2,ZEN弹珠台 2 [英文版],DLC-ZENPINBALL2SL100,Zen Pinball 2 - Super League - Zen F.C. (Trial),USA
psvdlc,PCSE00050,Zen Pinball 2,ZEN弹珠台 2 [英文版],DLC-ZENPINBALL2SL10K,Zen Pinball 2 - Super League - Zen F.C. (Ulock),USA
psvdlc,PCSE00050,Zen Pinball 2,ZEN弹珠台 2 [英文版],DLC-ZENPINBALL2WD000,Zen Pinball 2 - The Walking Dead (Trial),USA
psvdlc,PCSE00050,Zen Pinball 2,ZEN弹珠台 2 [英文版],DLC-ZENPINBALL2VEN00,Zen Pinball 2 - Venom (Trial),USA
psvdlc,PCSE00050,Zen Pinball 2,ZEN弹珠台 2 [英文版],DLC-ZENPINBALL2CAPA1,Zen Pinball 2,USA
psvdlc,PCSE00050,Zen Pinball 2,ZEN弹珠台 2 [英文版],DLC-ZENPINBALL2EARD1,Zen Pinball 2,USA
psvdlc,PCSE00050,Zen Pinball 2,ZEN弹珠台 2 [英文版],DLC-ZENPINBALL2EARK1,Zen Pinball 2,USA
psvdlc,PCSE00050,Zen Pinball 2,ZEN弹珠台 2 [英文版],DLC-ZENPINBALL2EPIQ1,Zen Pinball 2,USA
psvdlc,PCSE00050,Zen Pinball 2,ZEN弹珠台 2 [英文版],DLC-ZENPINBALL2MARK1,Zen Pinball 2,USA
psvdlc,PCSE00050,Zen Pinball 2,ZEN弹珠台 2 [英文版],DLC-ZENPINBALL2MARS1,Zen Pinball 2,USA
psvdlc,PCSE00050,Zen Pinball 2,ZEN弹珠台 2 [英文版],DLC-ZENPINBALL2MPOP1,Zen Pinball 2,USA
psvdlc,PCSE00050,Zen Pinball 2,ZEN弹珠台 2 [英文版],DLC-ZENPINBALL2MPVV1,Zen Pinball 2,USA
psvdlc,PCSE00050,Zen Pinball 2,ZEN弹珠台 2 [英文版],DLC-ZENPINBALL2NING1,Zen Pinball 2,USA
psvdlc,PCSE00050,Zen Pinball 2,ZEN弹珠台 2 [英文版],DLC-ZENPINBALL2NINK1,Zen Pinball 2,USA
psvdlc,PCSE00050,Zen Pinball 2,ZEN弹珠台 2 [英文版],DLC-ZENPINBALL2PARA1,Zen Pinball 2,USA
psvdlc,PCSE00050,Zen Pinball 2,ZEN弹珠台 2 [英文版],DLC-ZENPINBALL2PARK1,Zen Pinball 2,USA
psvdlc,PCSE00050,Zen Pinball 2,ZEN弹珠台 2 [英文版],DLC-ZENPINBALL2PVSZ1,Zen Pinball 2,USA
psvdlc,PCSE00050,Zen Pinball 2,ZEN弹珠台 2 [英文版],DLC-ZENPINBALL2SORC1,Zen Pinball 2,USA
psvdlc,PCSE00050,Zen Pinball 2,ZEN弹珠台 2 [英文版],DLC-ZENPINBALL2SORK1,Zen Pinball 2,USA
psvdlc,PCSE00050,Zen Pinball 2,ZEN弹珠台 2 [英文版],DLC-ZENPINBALL2SSFK1,Zen Pinball 2,USA
psvdlc,PCSE00050,Zen Pinball 2,ZEN弹珠台 2 [英文版],DLC-ZENPINBALL2SSFT1,Zen Pinball 2,USA
psvdlc,PCSE00050,Zen Pinball 2,ZEN弹珠台 2 [英文版],DLC-ZENPINBALL2ZPCL1,Zen Pinball 2,USA
psvdlc,PCSE00056,Sonic & All-Stars Racing Transformed,索尼克与世嘉全明星赛车：变形 [英文版],DLC-SASRXFORMEDDLC01,Sonic TransformedTM - Bonus Pack,USA
psvdlc,PCSE00065,Pinball Arcade,街机弹珠台 [英文版],DLC-BALLCONT00000009,Glo Ball Pack (Ball Pack 9),USA
psvdlc,PCSE00065,Pinball Arcade,街机弹珠台 [英文版],DLC-ADDCONT000000021,Pinball Arcade DLC 21,USA
psvdlc,PCSE00065,Pinball Arcade,街机弹珠台 [英文版],DLC-ADDCONT000000022,Pinball Arcade DLC 22,USA
psvdlc,PCSE00065,Pinball Arcade,街机弹珠台 [英文版],DLC-ADDCONT000000023,Pinball Arcade DLC 23,USA
psvdlc,PCSE00065,Pinball Arcade,街机弹珠台 [英文版],DLC-ADDCONT000000024,Pinball Arcade DLC 24,USA
psvdlc,PCSE00065,Pinball Arcade,街机弹珠台 [英文版],DLC-ADDCONT000000025,Pinball Arcade DLC 25,USA
psvdlc,PCSE00065,Pinball Arcade,街机弹珠台 [英文版],DLC-ADDCONT000000026,Pinball Arcade DLC 26,USA
psvdlc,PCSE00065,Pinball Arcade,街机弹珠台 [英文版],DLC-ADDCONT000000027,Pinball Arcade DLC 27,USA
psvdlc,PCSE00065,Pinball Arcade,街机弹珠台 [英文版],DLC-ADDCONT000000028,Pinball Arcade DLC 28,USA
psvdlc,PCSE00065,Pinball Arcade,街机弹珠台 [英文版],DLC-ADDCONT000000029,Pinball Arcade DLC 29,USA
psvdlc,PCSE00065,Pinball Arcade,街机弹珠台 [英文版],DLC-ADDCONT000000030,Pinball Arcade DLC 30,USA
psvdlc,PCSE00065,Pinball Arcade,街机弹珠台 [英文版],DLC-ADDCONT000000031,Pinball Arcade DLC 31,USA
psvdlc,PCSE00065,Pinball Arcade,街机弹珠台 [英文版],DLC-ADDCONT000000032,Pinball Arcade DLC 32,USA
psvdlc,PCSE00065,Pinball Arcade,街机弹珠台 [英文版],DLC-ADDCONT000000033,Pinball Arcade DLC 33,USA
psvdlc,PCSE00065,Pinball Arcade,街机弹珠台 [英文版],DLC-ADDCONT000000034,Pinball Arcade DLC 34,USA
psvdlc,PCSE00065,Pinball Arcade,街机弹珠台 [英文版],DLC-ADDCONT000000035,Pinball Arcade DLC 35,USA
psvdlc,PCSE00065,Pinball Arcade,街机弹珠台 [英文版],DLC-ADDCONT000000036,Pinball Arcade DLC 36,USA
psvdlc,PCSE00065,Pinball Arcade,街机弹珠台 [英文版],DLC-ADDCONT000000037,Pinball Arcade DLC 37,USA
psvdlc,PCSE00065,Pinball Arcade,街机弹珠台 [英文版],DLC-ADDCONT000000038,Pinball Arcade DLC 38,USA
psvdlc,PCSE00065,Pinball Arcade,街机弹珠台 [英文版],DLC-ADDCONT000000039,Pinball Arcade DLC 39,USA
psvdlc,PCSE00065,Pinball Arcade,街机弹珠台 [英文版],DLC-ADDCONT000000040,Pinball Arcade DLC 40,USA
psvdlc,PCSE00065,Pinball Arcade,街机弹珠台 [英文版],DLC-ADDCONT000000041,Pinball Arcade DLC 41,USA
psvdlc,PCSE00065,Pinball Arcade,街机弹珠台 [英文版],DLC-ADDCONT000000042,Pinball Arcade DLC 42,USA
psvdlc,PCSE00065,Pinball Arcade,街机弹珠台 [英文版],DLC-ADDCONT000000043,Pinball Arcade DLC 43,USA
psvdlc,PCSE00065,Pinball Arcade,街机弹珠台 [英文版],DLC-ADDCONT000000044,Pinball Arcade DLC 44,USA
psvdlc,PCSE00065,Pinball Arcade,街机弹珠台 [英文版],DLC-ADDCONT000000045,Pinball Arcade DLC 45,USA
psvdlc,PCSE00065,Pinball Arcade,街机弹珠台 [英文版],DLC-ADDCONT000000046,Pinball Arcade DLC 46,USA
psvdlc,PCSE00065,Pinball Arcade,街机弹珠台 [英文版],DLC-ADDCONT000000047,Pinball Arcade DLC 47,USA
psvdlc,PCSE00065,Pinball Arcade,街机弹珠台 [英文版],DLC-ADDCONT000000048,Pinball Arcade DLC 48,USA
psvdlc,PCSE00065,Pinball Arcade,街机弹珠台 [英文版],DLC-ADDCONT000000049,Pinball Arcade DLC 49,USA
psvdlc,PCSE00065,Pinball Arcade,街机弹珠台 [英文版],DLC-ADDCONT000000050,Pinball Arcade DLC 50,USA
psvdlc,PCSE00065,Pinball Arcade,街机弹珠台 [英文版],DLC-ADDCONT000000051,Pinball Arcade DLC 51,USA
psvdlc,PCSE00065,Pinball Arcade,街机弹珠台 [英文版],DLC-ADDCONT000000052,Pinball Arcade DLC 52,USA
psvdlc,PCSE00065,Pinball Arcade,街机弹珠台 [英文版],DLC-ADDCONT000000053,Pinball Arcade DLC 53,USA
psvdlc,PCSE00065,Pinball Arcade,街机弹珠台 [英文版],DLC-ADDCONT000000054,Pinball Arcade DLC 54,USA
psvdlc,PCSE00065,Pinball Arcade,街机弹珠台 [英文版],DLC-ADDCONT000000055,Pinball Arcade DLC 55,USA
psvdlc,PCSE00065,Pinball Arcade,街机弹珠台 [英文版],DLC-ADDCONT000000056,Pinball Arcade DLC 56,USA
psvdlc,PCSE00065,Pinball Arcade,街机弹珠台 [英文版],DLC-ADDCONT000000057,Pinball Arcade DLC 57,USA
psvdlc,PCSE00065,Pinball Arcade,街机弹珠台 [英文版],DLC-ADDCONT000000058,Pinball Arcade DLC 58,USA
psvdlc,PCSE00065,Pinball Arcade,街机弹珠台 [英文版],DLC-ADDCONT000000059,Pinball Arcade DLC 59,USA
psvdlc,PCSE00065,Pinball Arcade,街机弹珠台 [英文版],DLC-ADDCONT000000060,Pinball Arcade DLC 60,USA
psvdlc,PCSE00065,Pinball Arcade,街机弹珠台 [英文版],DLC-ADDCONT000000061,Pinball Arcade DLC 61,USA
psvdlc,PCSE00065,Pinball Arcade,街机弹珠台 [英文版],DLC-PROCONT000000001,Pinball Arcade Pro Upgrade Medieval,USA
psvdlc,PCSE00065,Pinball Arcade,街机弹珠台 [英文版],DLC-PROCONT000000007,Pinball Arcade Pro Upgrade Scared Stiff,USA
psvdlc,PCSE00065,Pinball Arcade,街机弹珠台 [英文版],DLC-BALLCONT00000004,Pinball Arcade Season One Ball Pack (Ball Pack 4),USA
psvdlc,PCSE00065,Pinball Arcade,街机弹珠台 [英文版],DLC-ADDCONT000000001,Pinball Arcade Table Pack 1,USA
psvdlc,PCSE00065,Pinball Arcade,街机弹珠台 [英文版],DLC-ADDCONT000000010,Pinball Arcade Table Pack 10,USA
psvdlc,PCSE00065,Pinball Arcade,街机弹珠台 [英文版],DLC-ADDCONT000000011,Pinball Arcade Table Pack 11,USA
psvdlc,PCSE00065,Pinball Arcade,街机弹珠台 [英文版],DLC-ADDCONT000000012,Pinball Arcade Table Pack 12,USA
psvdlc,PCSE00065,Pinball Arcade,街机弹珠台 [英文版],DLC-ADDCONT000000013,Pinball Arcade Table Pack 13,USA
psvdlc,PCSE00065,Pinball Arcade,街机弹珠台 [英文版],DLC-ADDCONT000000014,Pinball Arcade Table Pack 14,USA
psvdlc,PCSE00065,Pinball Arcade,街机弹珠台 [英文版],DLC-ADDCONT000000015,Pinball Arcade Table Pack 15,USA
psvdlc,PCSE00065,Pinball Arcade,街机弹珠台 [英文版],DLC-ADDCONT000000016,Pinball Arcade Table Pack 16,USA
psvdlc,PCSE00065,Pinball Arcade,街机弹珠台 [英文版],DLC-ADDCONT000000017,Pinball Arcade Table Pack 17,USA
psvdlc,PCSE00065,Pinball Arcade,街机弹珠台 [英文版],DLC-ADDCONT000000018,Pinball Arcade Table Pack 18,USA
psvdlc,PCSE00065,Pinball Arcade,街机弹珠台 [英文版],DLC-ADDCONT000000019,Pinball Arcade Table Pack 19,USA
psvdlc,PCSE00065,Pinball Arcade,街机弹珠台 [英文版],DLC-ADDCONT000000002,Pinball Arcade Table Pack 2,USA
psvdlc,PCSE00065,Pinball Arcade,街机弹珠台 [英文版],DLC-ADDCONT000000020,Pinball Arcade Table Pack 20,USA
psvdlc,PCSE00065,Pinball Arcade,街机弹珠台 [英文版],DLC-ADDCONT000000003,Pinball Arcade Table Pack 3,USA
psvdlc,PCSE00065,Pinball Arcade,街机弹珠台 [英文版],DLC-ADDCONT000000004,Pinball Arcade Table Pack 4,USA
psvdlc,PCSE00065,Pinball Arcade,街机弹珠台 [英文版],DLC-ADDCONT000000005,Pinball Arcade Table Pack 5,USA
psvdlc,PCSE00065,Pinball Arcade,街机弹珠台 [英文版],DLC-ADDCONT000000006,Pinball Arcade Table Pack 6,USA
psvdlc,PCSE00065,Pinball Arcade,街机弹珠台 [英文版],DLC-ADDCONT000000007,Pinball Arcade Table Pack 7,USA
psvdlc,PCSE00065,Pinball Arcade,街机弹珠台 [英文版],DLC-ADDCONT000000008,Pinball Arcade Table Pack 8,USA
psvdlc,PCSE00065,Pinball Arcade,街机弹珠台 [英文版],DLC-ADDCONT000000009,Pinball Arcade Table Pack 9,USA
psvdlc,PCSE00066,New Little King's Story,国王、魔王与7位公主：新•国王物语 [英文版],DLC-NEWKNGSTRYDLC004,Angel & Demon Set,USA
psvdlc,PCSE00066,New Little King's Story,国王、魔王与7位公主：新•国王物语 [英文版],DLC-NEWKNGSTRYDLC022,Animal Set,USA
psvdlc,PCSE00066,New Little King's Story,国王、魔王与7位公主：新•国王物语 [英文版],DLC-NEWKNGSTRYDLC011,Classic Set,USA
psvdlc,PCSE00066,New Little King's Story,国王、魔王与7位公主：新•国王物语 [英文版],DLC-NEWKNGSTRYDLC010,Japanese Set,USA
psvdlc,PCSE00066,New Little King's Story,国王、魔王与7位公主：新•国王物语 [英文版],DLC-NEWKNGSTRYDLC024,Legendary Clothes Set,USA
psvdlc,PCSE00066,New Little King's Story,国王、魔王与7位公主：新•国王物语 [英文版],DLC-NEWKNGSTRYDLC023,Legendary Weapon Set,USA
psvdlc,PCSE00066,New Little King's Story,国王、魔王与7位公主：新•国王物语 [英文版],DLC-NEWKNGSTRYDLC001,Lolita Princess Set 1,USA
psvdlc,PCSE00066,New Little King's Story,国王、魔王与7位公主：新•国王物语 [英文版],DLC-NEWKNGSTRYDLC002,Lolita Princess Set 2,USA
psvdlc,PCSE00066,New Little King's Story,国王、魔王与7位公主：新•国王物语 [英文版],DLC-NEWKNGSTRYDLC005,Military Set,USA
psvdlc,PCSE00066,New Little King's Story,国王、魔王与7位公主：新•国王物语 [英文版],DLC-NEWKNGSTRYDLC020,Monster Set,USA
psvdlc,PCSE00066,New Little King's Story,国王、魔王与7位公主：新•国王物语 [英文版],DLC-NEWKNGSTRYDLC018,Outlaw Set,USA
psvdlc,PCSE00066,New Little King's Story,国王、魔王与7位公主：新•国王物语 [英文版],DLC-NEWKNGSTRYDLC006,Pigtail Wig Set,USA
psvdlc,PCSE00066,New Little King's Story,国王、魔王与7位公主：新•国王物语 [英文版],DLC-NEWKNGSTRYDLC007,Princess Battle Outfit Set 1,USA
psvdlc,PCSE00066,New Little King's Story,国王、魔王与7位公主：新•国王物语 [英文版],DLC-NEWKNGSTRYDLC008,Princess Battle Outfit Set 2,USA
psvdlc,PCSE00066,New Little King's Story,国王、魔王与7位公主：新•国王物语 [英文版],DLC-NEWKNGSTRYDLC013,Princess Swimsuit Set 1,USA
psvdlc,PCSE00066,New Little King's Story,国王、魔王与7位公主：新•国王物语 [英文版],DLC-NEWKNGSTRYDLC014,Princess Swimsuit Set 2,USA
psvdlc,PCSE00066,New Little King's Story,国王、魔王与7位公主：新•国王物语 [英文版],DLC-NEWKNGSTRYDLC012,Sports Set,USA
psvdlc,PCSE00066,New Little King's Story,国王、魔王与7位公主：新•国王物语 [英文版],DLC-NEWKNGSTRYDLC016,Summer Set,USA
psvdlc,PCSE00066,New Little King's Story,国王、魔王与7位公主：新•国王物语 [英文版],DLC-NEWKNGSTRYDLC009,Supreme Ruler Battle Equipment Set,USA
psvdlc,PCSE00066,New Little King's Story,国王、魔王与7位公主：新•国王物语 [英文版],DLC-NEWKNGSTRYDLC015,Supreme Ruler Dragon Set,USA
psvdlc,PCSE00066,New Little King's Story,国王、魔王与7位公主：新•国王物语 [英文版],DLC-NEWKNGSTRYDLC019,Supreme Ruler Power Electronics Set,USA
psvdlc,PCSE00066,New Little King's Story,国王、魔王与7位公主：新•国王物语 [英文版],DLC-NEWKNGSTRYDLC021,Winter Set,USA
psvdlc,PCSE00066,New Little King's Story,国王、魔王与7位公主：新•国王物语 [英文版],DLC-NEWKNGSTRYDLC017,Work Set,USA
psvdlc,PCSE00086,Pure Chess,纯粹国际象棋 [英文版],DLC-PCDLC004MODCAP00,Pure Chess®,USA
psvdlc,PCSE00111,Furmins,佛曼 [英文版],DLC-FURMINSEXPANSION,Furmins Bonus World,USA
psvdlc,PCSE00112,Rocketbirds: Hardboiled Chicken,火箭鸟：铁血雄鸡 [英文版],DLC-BUDGIEKEY0000001,Rocketbirds HBC PS Vita Sniper Budgie Pack,USA
psvdlc,PCSE00116,Orgarhythm,奥迦旋律 [英文版],DLC-ORGARHYTHM000102,orgarhythm UserBGM Stage01,USA
psvdlc,PCSE00119,Ragnarok Odyssey,仙境传说 奥德赛 [英文版],DLC-DLC0030001009C41,Archer's Apple,USA
psvdlc,PCSE00119,Ragnarok Odyssey,仙境传说 奥德赛 [英文版],DLC-DLC0030001009C4E,Bunny Hair Band,USA
psvdlc,PCSE00119,Ragnarok Odyssey,仙境传说 奥德赛 [英文版],DLC-DLC3100000000301,Clothing Set,USA
psvdlc,PCSE00119,Ragnarok Odyssey,仙境传说 奥德赛 [英文版],DLC-DLC0030001009C46,Floppy Cat,USA
psvdlc,PCSE00119,Ragnarok Odyssey,仙境传说 奥德赛 [英文版],DLC-DLC0030001007552,Gunslinger,USA
psvdlc,PCSE00119,Ragnarok Odyssey,仙境传说 奥德赛 [英文版],DLC-DLC3100000000201,Headgear Set,USA
psvdlc,PCSE00119,Ragnarok Odyssey,仙境传说 奥德赛 [英文版],DLC-DLC0030001009C5B,Majestic Horns,USA
psvdlc,PCSE00119,Ragnarok Odyssey,仙境传说 奥德赛 [英文版],DLC-DLC0100000000101,Music Set 1,USA
psvdlc,PCSE00119,Ragnarok Odyssey,仙境传说 奥德赛 [英文版],DLC-DLC0100000000110,Music Set 10,USA
psvdlc,PCSE00119,Ragnarok Odyssey,仙境传说 奥德赛 [英文版],DLC-DLC0100000000111,Music Set 11,USA
psvdlc,PCSE00119,Ragnarok Odyssey,仙境传说 奥德赛 [英文版],DLC-DLC0100000000112,Music Set 12,USA
psvdlc,PCSE00119,Ragnarok Odyssey,仙境传说 奥德赛 [英文版],DLC-DLC0100000000102,Music Set 2,USA
psvdlc,PCSE00119,Ragnarok Odyssey,仙境传说 奥德赛 [英文版],DLC-DLC0100000000103,Music Set 3,USA
psvdlc,PCSE00119,Ragnarok Odyssey,仙境传说 奥德赛 [英文版],DLC-DLC0100000000104,Music Set 4,USA
psvdlc,PCSE00119,Ragnarok Odyssey,仙境传说 奥德赛 [英文版],DLC-DLC0100000000105,Music Set 5,USA
psvdlc,PCSE00119,Ragnarok Odyssey,仙境传说 奥德赛 [英文版],DLC-DLC0100000000106,Music Set 6,USA
psvdlc,PCSE00119,Ragnarok Odyssey,仙境传说 奥德赛 [英文版],DLC-DLC0100000000107,Music Set 7,USA
psvdlc,PCSE00119,Ragnarok Odyssey,仙境传说 奥德赛 [英文版],DLC-DLC0100000000108,Music Set 8,USA
psvdlc,PCSE00119,Ragnarok Odyssey,仙境传说 奥德赛 [英文版],DLC-DLC0100000000109,Music Set 9,USA
psvdlc,PCSE00119,Ragnarok Odyssey,仙境传说 奥德赛 [英文版],DLC-DLC0030001007551,Ninja,USA
psvdlc,PCSE00119,Ragnarok Odyssey,仙境传说 奥德赛 [英文版],DLC-DLC0030001007553,TaeKwon Kid,USA
psvdlc,PCSE00209,Earth Defense Force 2017 Portable,地球防卫军 3 携带版 [英文版],DLC-WEAPONDLC0000001,Earth Defense Force 2017 Portable Bonus Weapon Electro paralyzer,USA
psvdlc,PCSE00209,Earth Defense Force 2017 Portable,地球防卫军 3 携带版 [英文版],DLC-WEAPONDLC0000002,Earth Defense Force 2017 Portable Bonus Weapon Heat Blaster,USA
psvdlc,PCSE00209,Earth Defense Force 2017 Portable,地球防卫军 3 携带版 [英文版],DLC-WEAPONDLC0000003,Earth Defense Force 2017 Portable Bonus Weapon Reverse Drone,USA
psvdlc,PCSE00221,Star Wars Pinball (DEMO - needs DLC to unlock full),星球大战弹珠台(DEMO - 需要 DLC 解锁) [英文版],DLC-SWPINBALLBOTF001,Star Wars Pinball - Balance of the Force (Trial),USA
psvdlc,PCSE00221,Star Wars Pinball (DEMO - needs DLC to unlock full),星球大战弹珠台(DEMO - 需要 DLC 解锁) [英文版],DLC-SWPINBALLBOTF0K1,Star Wars Pinball - Balance of the Force (Unlock),USA
psvdlc,PCSE00221,Star Wars Pinball (DEMO - needs DLC to unlock full),星球大战弹珠台(DEMO - 需要 DLC 解锁) [英文版],DLC-SWPINBALL00000K1,Star Wars Pinball - Unlock Key,USA
psvdlc,PCSE00221,Star Wars Pinball (DEMO - needs DLC to unlock full),星球大战弹珠台(DEMO - 需要 DLC 解锁) [英文版],DLC-SWPINBALLHW00001,Star WarsTM Pinball - Heroes Within (Trial),USA
psvdlc,PCSE00221,Star Wars Pinball (DEMO - needs DLC to unlock full),星球大战弹珠台(DEMO - 需要 DLC 解锁) [英文版],DLC-SWPINBALLHW000K1,Star WarsTM Pinball - Heroes Within (Unlock),USA
psvdlc,PCSE00221,Star Wars Pinball (DEMO - needs DLC to unlock full),星球大战弹珠台(DEMO - 需要 DLC 解锁) [英文版],DLC-SWPINBALLLAPB000,Star WarsTM Pinball - Rogue OneTM (Trial),USA
psvdlc,PCSE00221,Star Wars Pinball (DEMO - needs DLC to unlock full),星球大战弹珠台(DEMO - 需要 DLC 解锁) [英文版],DLC-SWPINBALLLAPB00K,Star WarsTM Pinball - Rogue OneTM (Unlock),USA
psvdlc,PCSE00221,Star Wars Pinball (DEMO - needs DLC to unlock full),星球大战弹珠台(DEMO - 需要 DLC 解锁) [英文版],DLC-SWPINBALLREBELS0,Star WarsTM Pinball - Star Wars RebelsTM (Trial),USA
psvdlc,PCSE00221,Star Wars Pinball (DEMO - needs DLC to unlock full),星球大战弹珠台(DEMO - 需要 DLC 解锁) [英文版],DLC-SWPINBALLREBELSK,Star WarsTM Pinball - Star Wars RebelsTM (Unlock),USA
psvdlc,PCSE00221,Star Wars Pinball (DEMO - needs DLC to unlock full),星球大战弹珠台(DEMO - 需要 DLC 解锁) [英文版],DLC-SWPINBALLMAY0000,Star WarsTM Pinball - The Force AwakensTM Pack (Trial),USA
psvdlc,PCSE00221,Star Wars Pinball (DEMO - needs DLC to unlock full),星球大战弹珠台(DEMO - 需要 DLC 解锁) [英文版],DLC-SWPINBALLMAY000K,Star WarsTM Pinball - The Force AwakensTM Pack (Unlock),USA
psvdlc,PCSE00235,Dead or Alive 5 Plus,死或生 5 Plus [英文版],DLC-COSTUME1FULL0000,First Time Pack,USA
psvdlc,PCSE00235,Dead or Alive 5 Plus,死或生 5 Plus [英文版],DLC-CHARACOSTUME2000,Special Set 3,USA
psvdlc,PCSE00240,Muramasa Rebirth,胧村正 [英文版],DLC-OBOROMURAMASAPK1,Muramasa Pack1,USA
psvdlc,PCSE00240,Muramasa Rebirth,胧村正 [英文版],DLC-OBOROMURAMASAPK2,Muramasa Pack2,USA
psvdlc,PCSE00240,Muramasa Rebirth,胧村正 [英文版],DLC-OBOROMURAMASAPK3,Muramasa Pack3,USA
psvdlc,PCSE00240,Muramasa Rebirth,胧村正 [英文版],DLC-OBOROMURAMASAPK4,Muramasa Pack4,USA
psvdlc,PCSE00242,WRC 3 - FIA World Rally Championship,世界拉力锦标赛 3 [英文版],DLC-WRC3VITADLC01000,WRC 3 Extra Rally,USA
psvdlc,PCSE00244,Valhalla Knights 3,瓦尔哈拉骑士 3 [英文版],DLC-DLCPACK000000001,Foreigners No. 1,USA
psvdlc,PCSE00244,Valhalla Knights 3,瓦尔哈拉骑士 3 [英文版],DLC-DLCPACK000000002,Foreigners No. 2,USA
psvdlc,PCSE00244,Valhalla Knights 3,瓦尔哈拉骑士 3 [英文版],DLC-DLCPACK000000003,Foreigners No. 3,USA
psvdlc,PCSE00244,Valhalla Knights 3,瓦尔哈拉骑士 3 [英文版],DLC-DLCPACK000000004,Foreigners No. 4,USA
psvdlc,PCSE00244,Valhalla Knights 3,瓦尔哈拉骑士 3 [英文版],DLC-DLCPACK000000005,Foreigners No. 5,USA
psvdlc,PCSE00244,Valhalla Knights 3,瓦尔哈拉骑士 3 [英文版],DLC-DLCPACK000000000,Good Cat Food,USA
psvdlc,PCSE00244,Valhalla Knights 3,瓦尔哈拉骑士 3 [英文版],DLC-DLCPACK000000006,Lady Clerk Set,USA
psvdlc,PCSE00258,Thomas Was Alone,孤独的托马斯 [英文版],DLC-THOMASWASALONEAC,Thomas Was Alone,USA
psvdlc,PCSE00273,Rainbow Moon,彩虹月亮 [英文版],DLC-RAINBOWMOONKEY04,"270,000 Rainbow Coins",USA
psvdlc,PCSE00273,Rainbow Moon,彩虹月亮 [英文版],DLC-RAINBOWMOONKEY06,"50,000 Rainbow Pearls (Baldren) + Black Ring",USA
psvdlc,PCSE00273,Rainbow Moon,彩虹月亮 [英文版],DLC-RAINBOWMOONKEY10,"50,000 Rainbow Pearls (Dozeru) + Pearl Ring",USA
psvdlc,PCSE00273,Rainbow Moon,彩虹月亮 [英文版],DLC-RAINBOWMOONKEY12,"50,000 Rainbow Pearls (Gorodo) + Fire Ring",USA
psvdlc,PCSE00273,Rainbow Moon,彩虹月亮 [英文版],DLC-RAINBOWMOONKEY16,"50,000 Rainbow Pearls (Serena) + Pearl Ring",USA
psvdlc,PCSE00273,Rainbow Moon,彩虹月亮 [英文版],DLC-RAINBOWMOONKEY08,"50,000 Rainbow Pearls (Trisha) + Fire Ring",USA
psvdlc,PCSE00273,Rainbow Moon,彩虹月亮 [英文版],DLC-RAINBOWMOONKEY14,"50,000 Rainbow Pearls (Zelorus) + Black Ring",USA
psvdlc,PCSE00273,Rainbow Moon,彩虹月亮 [英文版],DLC-RAINBOWMOONKEY03,"90,000 Rainbow Coins",USA
psvdlc,PCSE00273,Rainbow Moon,彩虹月亮 [英文版],DLC-RAINBOWMOONKEY22,Amulet Set (Triple),USA
psvdlc,PCSE00273,Rainbow Moon,彩虹月亮 [英文版],DLC-RAINBOWMOONKEY19,Starter Pack (Large),USA
psvdlc,PCSE00279,BlazBlue: Chronophantasma,苍翼默示录：刻之幻影 [英文版],DLC-BBCPPSV000004000,Additional Character - Kokonoe,USA
psvdlc,PCSE00279,BlazBlue: Chronophantasma,苍翼默示录：刻之幻影 [英文版],DLC-BBCPPSV000003000,Additional Character - Terumi,USA
psvdlc,PCSE00279,BlazBlue: Chronophantasma,苍翼默示录：刻之幻影 [英文版],DLC-BBCPPSV000012000,Additional Character Color 1,USA
psvdlc,PCSE00279,BlazBlue: Chronophantasma,苍翼默示录：刻之幻影 [英文版],DLC-BBCPPSV000013000,Additional Character Color 2,USA
psvdlc,PCSE00296,Atelier Meruru Plus: The Apprentice of Arland,梅露露的炼金工房 Plus：雅兰德的炼金术士 3 [英文版],DLC-SPECIALFREE00001,Mushroom Princess Swimsuit & Small Straw Hat,USA
psvdlc,PCSE00300,Ragnarok Odyssey ACE,仙境传说 奥德赛 ACE [英文版],DLC-DLC9100000000001,Absolute Zero Destroyer Set,USA
psvdlc,PCSE00300,Ragnarok Odyssey ACE,仙境传说 奥德赛 ACE [英文版],DLC-DLC7100000300005,AKIBA'S TRIP 2 Set,USA
psvdlc,PCSE00300,Ragnarok Odyssey ACE,仙境传说 奥德赛 ACE [英文版],DLC-DLC503000100A050,Ancient Tiara,USA
psvdlc,PCSE00300,Ragnarok Odyssey ACE,仙境传说 奥德赛 ACE [英文版],DLC-DLC0030001009C41,Archer's Apple,USA
psvdlc,PCSE00300,Ragnarok Odyssey ACE,仙境传说 奥德赛 ACE [英文版],DLC-DLC503000100A032,Big Bell,USA
psvdlc,PCSE00300,Ragnarok Odyssey ACE,仙境传说 奥德赛 ACE [英文版],DLC-DLC0030001009C4E,Bunny Hair Band,USA
psvdlc,PCSE00300,Ragnarok Odyssey ACE,仙境传说 奥德赛 ACE [英文版],DLC-DLC503000100A04F,Cool Sunglasses,USA
psvdlc,PCSE00300,Ragnarok Odyssey ACE,仙境传说 奥德赛 ACE [英文版],DLC-DLC9100000000002,Crimson Ruffian Set,USA
psvdlc,PCSE00300,Ragnarok Odyssey ACE,仙境传说 奥德赛 ACE [英文版],DLC-DLC7100000300003,DEAD OR ALIVE 5 Ultimate Set,USA
psvdlc,PCSE00300,Ragnarok Odyssey ACE,仙境传说 奥德赛 ACE [英文版],DLC-DLC6100000200008,EMIL CHRONICLE ONLINE Set,USA
psvdlc,PCSE00300,Ragnarok Odyssey ACE,仙境传说 奥德赛 ACE [英文版],DLC-DLC5030001007592,Ephemeral Swimsuit,USA
psvdlc,PCSE00300,Ragnarok Odyssey ACE,仙境传说 奥德赛 ACE [英文版],DLC-DLC0030001009C46,Floppy Cat,USA
psvdlc,PCSE00300,Ragnarok Odyssey ACE,仙境传说 奥德赛 ACE [英文版],DLC-DLC503000100A046,Flower of a Beauty,USA
psvdlc,PCSE00300,Ragnarok Odyssey ACE,仙境传说 奥德赛 ACE [英文版],DLC-DLC503000100A047,Gagap Tentacle,USA
psvdlc,PCSE00300,Ragnarok Odyssey ACE,仙境传说 奥德赛 ACE [英文版],DLC-DLC1030001009C6C,Giant King Mask,USA
psvdlc,PCSE00300,Ragnarok Odyssey ACE,仙境传说 奥德赛 ACE [英文版],DLC-DLC5100000200000,Gorgeous Headwear Set,USA
psvdlc,PCSE00300,Ragnarok Odyssey ACE,仙境传说 奥德赛 ACE [英文版],DLC-DLC5100000200010,GRANDIA Set,USA
psvdlc,PCSE00300,Ragnarok Odyssey ACE,仙境传说 奥德赛 ACE [英文版],DLC-DLC5100000200004,GRAVITY RUSH Set,USA
psvdlc,PCSE00300,Ragnarok Odyssey ACE,仙境传说 奥德赛 ACE [英文版],DLC-DLC503000100A03B,Great Sage's Hat,USA
psvdlc,PCSE00300,Ragnarok Odyssey ACE,仙境传说 奥德赛 ACE [英文版],DLC-DLC0030001007553,Gunslinger,USA
psvdlc,PCSE00300,Ragnarok Odyssey ACE,仙境传说 奥德赛 ACE [英文版],DLC-DLC503000100A04D,Homesick Sakura,USA
psvdlc,PCSE00300,Ragnarok Odyssey ACE,仙境传说 奥德赛 ACE [英文版],DLC-DLC0030001009C5B,Majestic Horns,USA
psvdlc,PCSE00300,Ragnarok Odyssey ACE,仙境传说 奥德赛 ACE [英文版],DLC-DLC503000100A030,Mokkurkalfe Doll,USA
psvdlc,PCSE00300,Ragnarok Odyssey ACE,仙境传说 奥德赛 ACE [英文版],DLC-DLC0030001007552,Ninja,USA
psvdlc,PCSE00300,Ragnarok Odyssey ACE,仙境传说 奥德赛 ACE [英文版],DLC-DLC5100000200003,Noble Clothing Set,USA
psvdlc,PCSE00300,Ragnarok Odyssey ACE,仙境传说 奥德赛 ACE [英文版],DLC-DLC503000100A031,Norn's Ribbon,USA
psvdlc,PCSE00300,Ragnarok Odyssey ACE,仙境传说 奥德赛 ACE [英文版],DLC-DLC503000100A044,Pepo Pumpkin Head,USA
psvdlc,PCSE00300,Ragnarok Odyssey ACE,仙境传说 奥德赛 ACE [英文版],DLC-DLC8100000000000,Pirate Hat and Helmets of the Gods Set,USA
psvdlc,PCSE00300,Ragnarok Odyssey ACE,仙境传说 奥德赛 ACE [英文版],DLC-DLC7100000300002,Princess Punt Sweets Set,USA
psvdlc,PCSE00300,Ragnarok Odyssey ACE,仙境传说 奥德赛 ACE [英文版],DLC-DLC7100000300001,PUZZLE & DRAGONS Set,USA
psvdlc,PCSE00300,Ragnarok Odyssey ACE,仙境传说 奥德赛 ACE [英文版],DLC-DLC0100000000001,Ragnarok Odyssey Collection,USA
psvdlc,PCSE00300,Ragnarok Odyssey ACE,仙境传说 奥德赛 ACE [英文版],DLC-DLC0100000000002,Ragnarok Odyssey Collection,USA
psvdlc,PCSE00300,Ragnarok Odyssey ACE,仙境传说 奥德赛 ACE [英文版],DLC-DLC5100000300007,Ragnarok Online BGM Arrange Collection,USA
psvdlc,PCSE00300,Ragnarok Odyssey ACE,仙境传说 奥德赛 ACE [英文版],DLC-DLC5100000200005,Royal Ball Outfit Set,USA
psvdlc,PCSE00300,Ragnarok Odyssey ACE,仙境传说 奥德赛 ACE [英文版],DLC-DLC503000100A048,Silk Hat,USA
psvdlc,PCSE00300,Ragnarok Odyssey ACE,仙境传说 奥德赛 ACE [英文版],DLC-DLC5100000200002,Soldier Skeleton Set,USA
psvdlc,PCSE00300,Ragnarok Odyssey ACE,仙境传说 奥德赛 ACE [英文版],DLC-DLC6100000200009,SOUL SACRIFICE Set,USA
psvdlc,PCSE00300,Ragnarok Odyssey ACE,仙境传说 奥德赛 ACE [英文版],DLC-DLC5100000100000,Special Quest 1,USA
psvdlc,PCSE00300,Ragnarok Odyssey ACE,仙境传说 奥德赛 ACE [英文版],DLC-DLC5100000100001,Special Quest 2,USA
psvdlc,PCSE00300,Ragnarok Odyssey ACE,仙境传说 奥德赛 ACE [英文版],DLC-DLC5100000200006,Special Weapon Set,USA
psvdlc,PCSE00300,Ragnarok Odyssey ACE,仙境传说 奥德赛 ACE [英文版],DLC-DLC0030001007551,Taekwon Kid,USA
psvdlc,PCSE00300,Ragnarok Odyssey ACE,仙境传说 奥德赛 ACE [英文版],DLC-DLC503000100A052,Thief Head Kerchief,USA
psvdlc,PCSE00300,Ragnarok Odyssey ACE,仙境传说 奥德赛 ACE [英文版],DLC-DLC7100000300006,Track Suit,USA
psvdlc,PCSE00300,Ragnarok Odyssey ACE,仙境传说 奥德赛 ACE [英文版],DLC-DLC503000100A059,Yggdrasil Holy Helm,USA
psvdlc,PCSE00300,Ragnarok Odyssey ACE,仙境传说 奥德赛 ACE [英文版],DLC-DLC503000100A041,Zealot's Hood,USA
psvdlc,PCSE00302,BIT.TRIP Presents... Runner2: Future Legend of Rhythm Alien,像素起跑 2：未来外太空传奇 [英文版],DLC-RUNNER2DLC100000,Good Friends Character Pack,USA
psvdlc,PCSE00305,Dragon Ball Z: Battle of Z,龙珠 Z：终极之战 [英文版],DLC-DLCPACKAGE000002,Super Saiyan Bardock,USA
psvdlc,PCSE00305,Dragon Ball Z: Battle of Z,龙珠 Z：终极之战 [英文版],DLC-DLCPACKAGE000001,Super Vegito,USA
psvdlc,PCSE00326,Hatsune Miku: Project DIVA F,初音未来：歌姬计划 F [英文版],DLC-PJDFDLC0101NHT39,"Additional Character Pack (Neru, Haku, Teto)",USA
psvdlc,PCSE00326,Hatsune Miku: Project DIVA F,初音未来：歌姬计划 F [英文版],DLC-PJDFDLC0503ADD39,Project DIVA f Additional Item Pack,USA
psvdlc,PCSE00326,Hatsune Miku: Project DIVA F,初音未来：歌姬计划 F [英文版],DLC-PJDFDLC0502PV393,Project DIVA f Additional Song Pack,USA
psvdlc,PCSE00326,Hatsune Miku: Project DIVA F,初音未来：歌姬计划 F [英文版],DLC-PJDFDLC0301YK393,Snow Miku 2013 Costume Pack,USA
psvdlc,PCSE00328,Blast 'Em Bunnies,突突兔独战突击兔 [英文版],DLC-NOBEB0MUL002XPSV,BEB Multiplier - 2x,USA
psvdlc,PCSE00332,Dustforce,尘埃克星 [英文版],DLC-DUSTFORCEVITA001,Dustforce DLC1,USA
psvdlc,PCSE00332,Dustforce,尘埃克星 [英文版],DLC-DUSTFORCEVITA002,Dustforce DLC2,USA
psvdlc,PCSE00332,Dustforce,尘埃克星 [英文版],DLC-DUSTFORCEVITA003,Dustforce DLC3,USA
psvdlc,PCSE00358,Demon Gaze,恶魔凝视 [英文版],DLC-DEMONGAZEPSVD008,Asagi (Makai Wars) - Character Art,USA
psvdlc,PCSE00358,Demon Gaze,恶魔凝视 [英文版],DLC-DEMONGAZEPSVD005,Etna (Disgaea Series) - Character Art,USA
psvdlc,PCSE00358,Demon Gaze,恶魔凝视 [英文版],DLC-DEMONGAZEPSVD006,Flonne (Disgaea Series) - Character Art,USA
psvdlc,PCSE00358,Demon Gaze,恶魔凝视 [英文版],DLC-DEMONGAZEPSVD009,Prinny (Disgaea Series) - Character Art,USA
psvdlc,PCSE00358,Demon Gaze,恶魔凝视 [英文版],DLC-DEMONGAZEPSVD007,Sicily (Disgaea Series) - Character Art,USA
psvdlc,PCSE00372,The Walking Dead: Season 2 Ep. 1 All That Remains,行尸走肉：全系列 第二季 [英文版],DLC-TWDS20000000DLC5,The Walking Dead Season Two - Episode Five,USA
psvdlc,PCSE00372,The Walking Dead: Season 2 Ep. 1 All That Remains,行尸走肉：全系列 第二季 [英文版],DLC-TWDS20000000DLC4,The Walking Dead Season Two - Episode Four,USA
psvdlc,PCSE00372,The Walking Dead: Season 2 Ep. 1 All That Remains,行尸走肉：全系列 第二季 [英文版],DLC-TWDS20000000DLC3,The Walking Dead Season Two - Episode Three,USA
psvdlc,PCSE00372,The Walking Dead: Season 2 Ep. 1 All That Remains,行尸走肉：全系列 第二季 [英文版],DLC-TWDS20000000DLC2,The Walking Dead Season Two - Episode Two,USA
psvdlc,PCSE00374,Velocity 2X,极速冒险 2X [英文版],DLC-FUTURLABV2XDLC01,V2X DLC 1,USA
psvdlc,PCSE00376,Conception II: Children of the Seven Stars,受孕 2：七星之子 [英文版],DLC-CONCEPTION2DLC02,CONCEPTION II Alternate Costume Set,USA
psvdlc,PCSE00376,Conception II: Children of the Seven Stars,受孕 2：七星之子 [英文版],DLC-CONCEPTION2DLC06,CONCEPTION II Clad in Gold,USA
psvdlc,PCSE00376,Conception II: Children of the Seven Stars,受孕 2：七星之子 [英文版],DLC-CONCEPTION2DLC03,CONCEPTION II Cool Professional,USA
psvdlc,PCSE00376,Conception II: Children of the Seven Stars,受孕 2：七星之子 [英文版],DLC-CONCEPTION2DLC01,CONCEPTION II Disciple Weapon Pack,USA
psvdlc,PCSE00376,Conception II: Children of the Seven Stars,受孕 2：七星之子 [英文版],DLC-CONCEPTION2DLC07,CONCEPTION II Echoing Song,USA
psvdlc,PCSE00376,Conception II: Children of the Seven Stars,受孕 2：七星之子 [英文版],DLC-CONCEPTION2DLC13,CONCEPTION II Fallen Disciples,USA
psvdlc,PCSE00376,Conception II: Children of the Seven Stars,受孕 2：七星之子 [英文版],DLC-CONCEPTION2DLC04,CONCEPTION II Love and Magic,USA
psvdlc,PCSE00376,Conception II: Children of the Seven Stars,受孕 2：七星之子 [英文版],DLC-CONCEPTION2DLC15,CONCEPTION II Monokuma Strikes,USA
psvdlc,PCSE00376,Conception II: Children of the Seven Stars,受孕 2：七星之子 [英文版],DLC-CONCEPTION2DLC16,CONCEPTION II Monokuma's Revenge,USA
psvdlc,PCSE00376,Conception II: Children of the Seven Stars,受孕 2：七星之子 [英文版],DLC-CONCEPTION2DLC14,CONCEPTION II Overlord's Return,USA
psvdlc,PCSE00376,Conception II: Children of the Seven Stars,受孕 2：七星之子 [英文版],DLC-CONCEPTION2DLC05,CONCEPTION II Seeking Power,USA
psvdlc,PCSE00376,Conception II: Children of the Seven Stars,受孕 2：七星之子 [英文版],DLC-CONCEPTION2DLC11,CONCEPTION II Serious Bootes,USA
psvdlc,PCSE00376,Conception II: Children of the Seven Stars,受孕 2：七星之子 [英文版],DLC-CONCEPTION2DLC10,CONCEPTION II Serious Sagitta,USA
psvdlc,PCSE00376,Conception II: Children of the Seven Stars,受孕 2：七星之子 [英文版],DLC-CONCEPTION2DLC09,CONCEPTION II The Enduring One,USA
psvdlc,PCSE00376,Conception II: Children of the Seven Stars,受孕 2：七星之子 [英文版],DLC-CONCEPTION2DLC08,CONCEPTION II Tricks 'n Technique,USA
psvdlc,PCSE00376,Conception II: Children of the Seven Stars,受孕 2：七星之子 [英文版],DLC-CONCEPTION2DLC12,CONCEPTION II Warrior of Sadness,USA
psvdlc,PCSE00378,Best of Board Games (DEMO - needs DLC to unlock full),最佳棋类游戏 (DEMO - 需要 DLC 解锁) [英文版],DLC-BOBDIGITALSUB002,Best of Board Games - Mah-jong,USA
psvdlc,PCSE00378,Best of Board Games (DEMO - needs DLC to unlock full),最佳棋类游戏 (DEMO - 需要 DLC 解锁) [英文版],DLC-BOBDIGITALSUB003,Best of Board Games - Solitaire,USA
psvdlc,PCSE00381,Toukiden: The Age of Demons,讨鬼传 [英文版],DLC-TOUKIDENDLC01100,Armor - Raiments - Noble,USA
psvdlc,PCSE00381,Toukiden: The Age of Demons,讨鬼传 [英文版],DLC-TOUKIDENDLC05000,Mission Collection 1,USA
psvdlc,PCSE00381,Toukiden: The Age of Demons,讨鬼传 [英文版],DLC-TOUKIDENDLC05900,Mission Collection 10,USA
psvdlc,PCSE00381,Toukiden: The Age of Demons,讨鬼传 [英文版],DLC-TOUKIDENDLC06000,Mission Collection 11,USA
psvdlc,PCSE00381,Toukiden: The Age of Demons,讨鬼传 [英文版],DLC-TOUKIDENDLC05100,Mission Collection 2,USA
psvdlc,PCSE00381,Toukiden: The Age of Demons,讨鬼传 [英文版],DLC-TOUKIDENDLC05200,Mission Collection 3,USA
psvdlc,PCSE00381,Toukiden: The Age of Demons,讨鬼传 [英文版],DLC-TOUKIDENDLC05300,Mission Collection 4,USA
psvdlc,PCSE00381,Toukiden: The Age of Demons,讨鬼传 [英文版],DLC-TOUKIDENDLC05400,Mission Collection 5,USA
psvdlc,PCSE00381,Toukiden: The Age of Demons,讨鬼传 [英文版],DLC-TOUKIDENDLC05500,Mission Collection 6,USA
psvdlc,PCSE00381,Toukiden: The Age of Demons,讨鬼传 [英文版],DLC-TOUKIDENDLC05600,Mission Collection 7,USA
psvdlc,PCSE00381,Toukiden: The Age of Demons,讨鬼传 [英文版],DLC-TOUKIDENDLC05700,Mission Collection 8,USA
psvdlc,PCSE00381,Toukiden: The Age of Demons,讨鬼传 [英文版],DLC-TOUKIDENDLC05800,Mission Collection 9,USA
psvdlc,PCSE00383,Borderlands 2,无主之地 2 [英文版],DLC-BORDERLANDSORCHD,Captain Scarlett and Her Pirate's Booty,USA
psvdlc,PCSE00383,Borderlands 2,无主之地 2 [英文版],DLC-BORDERLANDS2CEP0,Collector's Edition Pack,USA
psvdlc,PCSE00383,Borderlands 2,无主之地 2 [英文版],DLC-BORDERLANDPOPREM,Mechromancer Pack,USA
psvdlc,PCSE00383,Borderlands 2,无主之地 2 [英文版],DLC-BORDERLANDS2IRIS,Mr. Torgue's Campaign of Carnage,USA
psvdlc,PCSE00383,Borderlands 2,无主之地 2 [英文版],DLC-BORDERLANDS2LLAC,Psycho Pack,USA
psvdlc,PCSE00383,Borderlands 2,无主之地 2 [英文版],DLC-BORDERLANDS2GLAD,Ultimate Vault Hunter Upgrade Pack,USA
psvdlc,PCSE00398,Senran Kagura: Shinovi Versus,闪乱神乐：少女们的证明 [英文版],DLC-NJ00000000000014,47 Ronin,USA
psvdlc,PCSE00398,Senran Kagura: Shinovi Versus,闪乱神乐：少女们的证明 [英文版],DLC-UW00000000000001,Asuka Custom Panties,USA
psvdlc,PCSE00398,Senran Kagura: Shinovi Versus,闪乱神乐：少女们的证明 [英文版],DLC-HR00000000000014,Asuka's Hairstyle,USA
psvdlc,PCSE00398,Senran Kagura: Shinovi Versus,闪乱神乐：少女们的证明 [英文版],DLC-NJ00000000000020,Asuka's Santa Outfit,USA
psvdlc,PCSE00398,Senran Kagura: Shinovi Versus,闪乱神乐：少女们的证明 [英文版],DLC-NJ00000000000010,Bath Time,USA
psvdlc,PCSE00398,Senran Kagura: Shinovi Versus,闪乱神乐：少女们的证明 [英文版],DLC-NJ00000000000004,Business Suit,USA
psvdlc,PCSE00398,Senran Kagura: Shinovi Versus,闪乱神乐：少女们的证明 [英文版],DLC-NJ00000000000012,Camisole,USA
psvdlc,PCSE00398,Senran Kagura: Shinovi Versus,闪乱神乐：少女们的证明 [英文版],DLC-CH00000000000000,Daidōji,USA
psvdlc,PCSE00398,Senran Kagura: Shinovi Versus,闪乱神乐：少女们的证明 [英文版],DLC-NJ00000000000040,Daidōji's Santa Outfit,USA
psvdlc,PCSE00398,Senran Kagura: Shinovi Versus,闪乱神乐：少女们的证明 [英文版],DLC-AH00000000000003,Devil Horns,USA
psvdlc,PCSE00398,Senran Kagura: Shinovi Versus,闪乱神乐：少女们的证明 [英文版],DLC-AB00000000000000,Devil Tail,USA
psvdlc,PCSE00398,Senran Kagura: Shinovi Versus,闪乱神乐：少女们的证明 [英文版],DLC-UW00000000000004,Famitsu Special,USA
psvdlc,PCSE00398,Senran Kagura: Shinovi Versus,闪乱神乐：少女们的证明 [英文版],DLC-NJ00000000000006,Festival Happi,USA
psvdlc,PCSE00398,Senran Kagura: Shinovi Versus,闪乱神乐：少女们的证明 [英文版],DLC-NJ00000000000019,Fruits & Chocolate,USA
psvdlc,PCSE00398,Senran Kagura: Shinovi Versus,闪乱神乐：少女们的证明 [英文版],DLC-NJ00000000000008,Gi,USA
psvdlc,PCSE00398,Senran Kagura: Shinovi Versus,闪乱神乐：少女们的证明 [英文版],DLC-NJ00000000000001,Girl's One-Piece,USA
psvdlc,PCSE00398,Senran Kagura: Shinovi Versus,闪乱神乐：少女们的证明 [英文版],DLC-ST00000000000000,Gym Clothes,USA
psvdlc,PCSE00398,Senran Kagura: Shinovi Versus,闪乱神乐：少女们的证明 [英文版],DLC-AH00000000000027,Hachigane,USA
psvdlc,PCSE00398,Senran Kagura: Shinovi Versus,闪乱神乐：少女们的证明 [英文版],DLC-UW00000000000009,Happy Halloween,USA
psvdlc,PCSE00398,Senran Kagura: Shinovi Versus,闪乱神乐：少女们的证明 [英文版],DLC-HR00000000000023,Haruka's Hairstyle,USA
psvdlc,PCSE00398,Senran Kagura: Shinovi Versus,闪乱神乐：少女们的证明 [英文版],DLC-NJ00000000000029,Haruka's Santa Outfit,USA
psvdlc,PCSE00398,Senran Kagura: Shinovi Versus,闪乱神乐：少女们的证明 [英文版],DLC-HR00000000000018,Hibari's Hairstyle,USA
psvdlc,PCSE00398,Senran Kagura: Shinovi Versus,闪乱神乐：少女们的证明 [英文版],DLC-NJ00000000000024,Hibari's Santa Outfit,USA
psvdlc,PCSE00398,Senran Kagura: Shinovi Versus,闪乱神乐：少女们的证明 [英文版],DLC-HR00000000000021,Hikage's Hairstyle,USA
psvdlc,PCSE00398,Senran Kagura: Shinovi Versus,闪乱神乐：少女们的证明 [英文版],DLC-NJ00000000000027,Hikage's Santa Outfit,USA
psvdlc,PCSE00398,Senran Kagura: Shinovi Versus,闪乱神乐：少女们的证明 [英文版],DLC-UW00000000000002,Homura Custom Panties,USA
psvdlc,PCSE00398,Senran Kagura: Shinovi Versus,闪乱神乐：少女们的证明 [英文版],DLC-HR00000000000019,Homura's Hairstyle,USA
psvdlc,PCSE00398,Senran Kagura: Shinovi Versus,闪乱神乐：少女们的证明 [英文版],DLC-NJ00000000000025,Homura's Santa Outfit,USA
psvdlc,PCSE00398,Senran Kagura: Shinovi Versus,闪乱神乐：少女们的证明 [英文版],DLC-HR00000000000015,Ikaruga's Hairstyle,USA
psvdlc,PCSE00398,Senran Kagura: Shinovi Versus,闪乱神乐：少女们的证明 [英文版],DLC-NJ00000000000021,Ikaruga's Santa Outfit,USA
psvdlc,PCSE00398,Senran Kagura: Shinovi Versus,闪乱神乐：少女们的证明 [英文版],DLC-HR00000000000031,Imu's Hairstyle,USA
psvdlc,PCSE00398,Senran Kagura: Shinovi Versus,闪乱神乐：少女们的证明 [英文版],DLC-NJ00000000000037,Imu's Santa Outfit,USA
psvdlc,PCSE00398,Senran Kagura: Shinovi Versus,闪乱神乐：少女们的证明 [英文版],DLC-NJ00000000000000,Japanese Dress,USA
psvdlc,PCSE00398,Senran Kagura: Shinovi Versus,闪乱神乐：少女们的证明 [英文版],DLC-HR00000000000016,Katsuragi's Hairstyle,USA
psvdlc,PCSE00398,Senran Kagura: Shinovi Versus,闪乱神乐：少女们的证明 [英文版],DLC-NJ00000000000022,Katsuragi's Santa Outfit,USA
psvdlc,PCSE00398,Senran Kagura: Shinovi Versus,闪乱神乐：少女们的证明 [英文版],DLC-NJ00000000000018,Kunoichi Uniform,USA
psvdlc,PCSE00398,Senran Kagura: Shinovi Versus,闪乱神乐：少女们的证明 [英文版],DLC-UW00000000000010,Merry Christmas,USA
psvdlc,PCSE00398,Senran Kagura: Shinovi Versus,闪乱神乐：少女们的证明 [英文版],DLC-HR00000000000028,Minori's Hairstyle,USA
psvdlc,PCSE00398,Senran Kagura: Shinovi Versus,闪乱神乐：少女们的证明 [英文版],DLC-NJ00000000000034,Minori's Santa Outfit,USA
psvdlc,PCSE00398,Senran Kagura: Shinovi Versus,闪乱神乐：少女们的证明 [英文版],DLC-HR00000000000022,Mirai's Hairstyle,USA
psvdlc,PCSE00398,Senran Kagura: Shinovi Versus,闪乱神乐：少女们的证明 [英文版],DLC-NJ00000000000028,Mirai's Santa Outfit,USA
psvdlc,PCSE00398,Senran Kagura: Shinovi Versus,闪乱神乐：少女们的证明 [英文版],DLC-HR00000000000029,Miyabi's Hairstyle,USA
psvdlc,PCSE00398,Senran Kagura: Shinovi Versus,闪乱神乐：少女们的证明 [英文版],DLC-NJ00000000000035,Miyabi's Santa Outfit,USA
psvdlc,PCSE00398,Senran Kagura: Shinovi Versus,闪乱神乐：少女们的证明 [英文版],DLC-HR00000000000025,Murakumo's Hairstyle,USA
psvdlc,PCSE00398,Senran Kagura: Shinovi Versus,闪乱神乐：少女们的证明 [英文版],DLC-NJ00000000000031,Murakumo's Santa Outfit,USA
psvdlc,PCSE00398,Senran Kagura: Shinovi Versus,闪乱神乐：少女们的证明 [英文版],DLC-HR00000000000030,Murasaki's Hairstyle,USA
psvdlc,PCSE00398,Senran Kagura: Shinovi Versus,闪乱神乐：少女们的证明 [英文版],DLC-NJ00000000000036,Murasaki's Santa Outfit,USA
psvdlc,PCSE00398,Senran Kagura: Shinovi Versus,闪乱神乐：少女们的证明 [英文版],DLC-NJ00000000000013,Nun,USA
psvdlc,PCSE00398,Senran Kagura: Shinovi Versus,闪乱神乐：少女们的证明 [英文版],DLC-AH00000000000026,Nun's Veil,USA
psvdlc,PCSE00398,Senran Kagura: Shinovi Versus,闪乱神乐：少女们的证明 [英文版],DLC-NJ00000000000003,Nurse,USA
psvdlc,PCSE00398,Senran Kagura: Shinovi Versus,闪乱神乐：少女们的证明 [英文版],DLC-AH00000000000002,Nurse's Cap,USA
psvdlc,PCSE00398,Senran Kagura: Shinovi Versus,闪乱神乐：少女们的证明 [英文版],DLC-AH00000000000028,Officer's Hat,USA
psvdlc,PCSE00398,Senran Kagura: Shinovi Versus,闪乱神乐：少女们的证明 [英文版],DLC-AH00000000000001,One-Piece Hat,USA
psvdlc,PCSE00398,Senran Kagura: Shinovi Versus,闪乱神乐：少女们的证明 [英文版],DLC-UW00000000000005,Perfect Bible,USA
psvdlc,PCSE00398,Senran Kagura: Shinovi Versus,闪乱神乐：少女们的证明 [英文版],DLC-NJ00000000000017,Policewoman,USA
psvdlc,PCSE00398,Senran Kagura: Shinovi Versus,闪乱神乐：少女们的证明 [英文版],DLC-UW00000000000007,Pure Black,USA
psvdlc,PCSE00398,Senran Kagura: Shinovi Versus,闪乱神乐：少女们的证明 [英文版],DLC-UW00000000000008,Pure Pink,USA
psvdlc,PCSE00398,Senran Kagura: Shinovi Versus,闪乱神乐：少女们的证明 [英文版],DLC-UW00000000000006,Pure White,USA
psvdlc,PCSE00398,Senran Kagura: Shinovi Versus,闪乱神乐：少女们的证明 [英文版],DLC-NJ00000000000005,Racing Outfit,USA
psvdlc,PCSE00398,Senran Kagura: Shinovi Versus,闪乱神乐：少女们的证明 [英文版],DLC-UW00000000000000,Rainbow Panties,USA
psvdlc,PCSE00398,Senran Kagura: Shinovi Versus,闪乱神乐：少女们的证明 [英文版],DLC-CH00000000000001,Rin,USA
psvdlc,PCSE00398,Senran Kagura: Shinovi Versus,闪乱神乐：少女们的证明 [英文版],DLC-NJ00000000000041,Rin's Santa Outfit,USA
psvdlc,PCSE00398,Senran Kagura: Shinovi Versus,闪乱神乐：少女们的证明 [英文版],DLC-HR00000000000032,Ryōbi's Hairstyle,USA
psvdlc,PCSE00398,Senran Kagura: Shinovi Versus,闪乱神乐：少女们的证明 [英文版],DLC-NJ00000000000038,Ryōbi's Santa Outfit,USA
psvdlc,PCSE00398,Senran Kagura: Shinovi Versus,闪乱神乐：少女们的证明 [英文版],DLC-HR00000000000033,Ryōna's Hairstyle,USA
psvdlc,PCSE00398,Senran Kagura: Shinovi Versus,闪乱神乐：少女们的证明 [英文版],DLC-NJ00000000000039,Ryōna's Santa Outfit,USA
psvdlc,PCSE00398,Senran Kagura: Shinovi Versus,闪乱神乐：少女们的证明 [英文版],DLC-AH00000000000012,Santa Bunny Hat,USA
psvdlc,PCSE00398,Senran Kagura: Shinovi Versus,闪乱神乐：少女们的证明 [英文版],DLC-AL00000000000000,Santa's Socks,USA
psvdlc,PCSE00398,Senran Kagura: Shinovi Versus,闪乱神乐：少女们的证明 [英文版],DLC-ST00000000000001,School Swimsuit,USA
psvdlc,PCSE00398,Senran Kagura: Shinovi Versus,闪乱神乐：少女们的证明 [英文版],DLC-NJ00000000000009,Sexy Devil Outfit,USA
psvdlc,PCSE00398,Senran Kagura: Shinovi Versus,闪乱神乐：少女们的证明 [英文版],DLC-NJ00000000000002,Sexy Maid,USA
psvdlc,PCSE00398,Senran Kagura: Shinovi Versus,闪乱神乐：少女们的证明 [英文版],DLC-NJ00000000000011,Sexy Santa,USA
psvdlc,PCSE00398,Senran Kagura: Shinovi Versus,闪乱神乐：少女们的证明 [英文版],DLC-NJ00000000000016,Sexy Wedding Dress,USA
psvdlc,PCSE00398,Senran Kagura: Shinovi Versus,闪乱神乐：少女们的证明 [英文版],DLC-HR00000000000027,Shiki's Hairstyle,USA
psvdlc,PCSE00398,Senran Kagura: Shinovi Versus,闪乱神乐：少女们的证明 [英文版],DLC-NJ00000000000033,Shiki's Santa Outfit,USA
psvdlc,PCSE00398,Senran Kagura: Shinovi Versus,闪乱神乐：少女们的证明 [英文版],DLC-AH00000000000017,Silver Tiara,USA
psvdlc,PCSE00398,Senran Kagura: Shinovi Versus,闪乱神乐：少女们的证明 [英文版],DLC-NJ00000000000007,Traditional Shinobi,USA
psvdlc,PCSE00398,Senran Kagura: Shinovi Versus,闪乱神乐：少女们的证明 [英文版],DLC-ST00000000000002,Uniform & Swimsuit,USA
psvdlc,PCSE00398,Senran Kagura: Shinovi Versus,闪乱神乐：少女们的证明 [英文版],DLC-ST00000000000003,Uniform & Thigh Highs,USA
psvdlc,PCSE00398,Senran Kagura: Shinovi Versus,闪乱神乐：少女们的证明 [英文版],DLC-AB00000000000010,Wakizashi,USA
psvdlc,PCSE00398,Senran Kagura: Shinovi Versus,闪乱神乐：少女们的证明 [英文版],DLC-AA00000000000000,Wedding Bouquet,USA
psvdlc,PCSE00398,Senran Kagura: Shinovi Versus,闪乱神乐：少女们的证明 [英文版],DLC-NJ00000000000015,Wrapping,USA
psvdlc,PCSE00398,Senran Kagura: Shinovi Versus,闪乱神乐：少女们的证明 [英文版],DLC-HR00000000000017,Yagyū's Hairstyle,USA
psvdlc,PCSE00398,Senran Kagura: Shinovi Versus,闪乱神乐：少女们的证明 [英文版],DLC-NJ00000000000023,Yagyū's Santa Outfit,USA
psvdlc,PCSE00398,Senran Kagura: Shinovi Versus,闪乱神乐：少女们的证明 [英文版],DLC-HR00000000000020,Yomi's Hairstyle,USA
psvdlc,PCSE00398,Senran Kagura: Shinovi Versus,闪乱神乐：少女们的证明 [英文版],DLC-NJ00000000000026,Yomi's Santa Outfit,USA
psvdlc,PCSE00398,Senran Kagura: Shinovi Versus,闪乱神乐：少女们的证明 [英文版],DLC-HR00000000000026,Yozakura's Hairstyle,USA
psvdlc,PCSE00398,Senran Kagura: Shinovi Versus,闪乱神乐：少女们的证明 [英文版],DLC-NJ00000000000032,Yozakura's Santa Outfit,USA
psvdlc,PCSE00398,Senran Kagura: Shinovi Versus,闪乱神乐：少女们的证明 [英文版],DLC-UW00000000000003,Yumi Custom Panties,USA
psvdlc,PCSE00398,Senran Kagura: Shinovi Versus,闪乱神乐：少女们的证明 [英文版],DLC-HR00000000000024,Yumi's Hairstyle,USA
psvdlc,PCSE00398,Senran Kagura: Shinovi Versus,闪乱神乐：少女们的证明 [英文版],DLC-NJ00000000000030,Yumi's Santa Outfit,USA
psvdlc,PCSE00400,Hyperdimension Neptunia: Producing Perfection,超次元偶像：海王星 PP [英文版],DLC-NEPPCOS000000005,Blanc's Smart Swimsuit Set,USA
psvdlc,PCSE00400,Hyperdimension Neptunia: Producing Perfection,超次元偶像：海王星 PP [英文版],DLC-NEPPCOS000000020,Nep Doll,USA
psvdlc,PCSE00400,Hyperdimension Neptunia: Producing Perfection,超次元偶像：海王星 PP [英文版],DLC-NEPPCOS000000001,Neptune's Sweet Swimsuit Set,USA
psvdlc,PCSE00400,Hyperdimension Neptunia: Producing Perfection,超次元偶像：海王星 PP [英文版],DLC-NEPPCOS000000003,Noire's Cool Swimsuit Set,USA
psvdlc,PCSE00400,Hyperdimension Neptunia: Producing Perfection,超次元偶像：海王星 PP [英文版],DLC-NEPPOBJ000000001,Stage Item Politan,USA
psvdlc,PCSE00400,Hyperdimension Neptunia: Producing Perfection,超次元偶像：海王星 PP [英文版],DLC-NEPPCOS000000007,Vert's Buoyant Swimsuit Set,USA
psvdlc,PCSE00405,Dynasty Warriors 8: Xtreme Legends Complete Edition,真•三国无双 7 猛将传 [英文版],DLC-DW8BASETHEME0000,BASE THEME 1,USA
psvdlc,PCSE00405,Dynasty Warriors 8: Xtreme Legends Complete Edition,真•三国无双 7 猛将传 [英文版],DLC-DW8BASETHEME0001,BASE THEME 2,USA
psvdlc,PCSE00405,Dynasty Warriors 8: Xtreme Legends Complete Edition,真•三国无双 7 猛将传 [英文版],DLC-DW8BASETHEME0002,BASE THEME 3,USA
psvdlc,PCSE00405,Dynasty Warriors 8: Xtreme Legends Complete Edition,真•三国无双 7 猛将传 [英文版],DLC-DW8BASETHEME0003,BASE THEME 4,USA
psvdlc,PCSE00405,Dynasty Warriors 8: Xtreme Legends Complete Edition,真•三国无双 7 猛将传 [英文版],DLC-DW8BASETHEME0004,BASE THEME 5,USA
psvdlc,PCSE00405,Dynasty Warriors 8: Xtreme Legends Complete Edition,真•三国无双 7 猛将传 [英文版],DLC-DW8NEWBGMSET0000,BGM PACK 1,USA
psvdlc,PCSE00405,Dynasty Warriors 8: Xtreme Legends Complete Edition,真•三国无双 7 猛将传 [英文版],DLC-DW8NEWBGMSET0001,BGM PACK 2,USA
psvdlc,PCSE00405,Dynasty Warriors 8: Xtreme Legends Complete Edition,真•三国无双 7 猛将传 [英文版],DLC-DW8XLNEWBGMSET00,BGM PACK 3,USA
psvdlc,PCSE00405,Dynasty Warriors 8: Xtreme Legends Complete Edition,真•三国无双 7 猛将传 [英文版],DLC-DW8XLNEWBGMSET01,BGM PACK 4,USA
psvdlc,PCSE00405,Dynasty Warriors 8: Xtreme Legends Complete Edition,真•三国无双 7 猛将传 [英文版],DLC-DW8XLDLCSPECOS07,Diaochan Mandarin Gown,USA
psvdlc,PCSE00405,Dynasty Warriors 8: Xtreme Legends Complete Edition,真•三国无双 7 猛将传 [英文版],DLC-DW8XLORGCOSSET00,DW7 ORIGINAL COSTUME PACK 1,USA
psvdlc,PCSE00405,Dynasty Warriors 8: Xtreme Legends Complete Edition,真•三国无双 7 猛将传 [英文版],DLC-DW8XLORGCOSSET01,DW7 ORIGINAL COSTUME PACK 2,USA
psvdlc,PCSE00405,Dynasty Warriors 8: Xtreme Legends Complete Edition,真•三国无双 7 猛将传 [英文版],DLC-DW8XLORGCOSSET02,DW7 ORIGINAL COSTUME PACK 3,USA
psvdlc,PCSE00405,Dynasty Warriors 8: Xtreme Legends Complete Edition,真•三国无双 7 猛将传 [英文版],DLC-DW8XLORGCOSSET03,DW7 ORIGINAL COSTUME PACK 4,USA
psvdlc,PCSE00405,Dynasty Warriors 8: Xtreme Legends Complete Edition,真•三国无双 7 猛将传 [英文版],DLC-DW8XLORGCOSSET04,DW7 ORIGINAL COSTUME PACK 5,USA
psvdlc,PCSE00405,Dynasty Warriors 8: Xtreme Legends Complete Edition,真•三国无双 7 猛将传 [英文版],DLC-DW8XLORGCOSSET05,DW7 ORIGINAL COSTUME PACK 6,USA
psvdlc,PCSE00405,Dynasty Warriors 8: Xtreme Legends Complete Edition,真•三国无双 7 猛将传 [英文版],DLC-DW8XLORGCOSSET06,DW7 ORIGINAL COSTUME PACK 7,USA
psvdlc,PCSE00405,Dynasty Warriors 8: Xtreme Legends Complete Edition,真•三国无双 7 猛将传 [英文版],DLC-DW8XLORGCOSSET07,DW7 ORIGINAL COSTUME PACK 8,USA
psvdlc,PCSE00405,Dynasty Warriors 8: Xtreme Legends Complete Edition,真•三国无双 7 猛将传 [英文版],DLC-DW8XLORGCOSSET08,DW7 ORIGINAL COSTUME PACK 9,USA
psvdlc,PCSE00405,Dynasty Warriors 8: Xtreme Legends Complete Edition,真•三国无双 7 猛将传 [英文版],DLC-DW8XLDLCSPECOS04,Guan Yinping Mandarin Gown,USA
psvdlc,PCSE00405,Dynasty Warriors 8: Xtreme Legends Complete Edition,真•三国无双 7 猛将传 [英文版],DLC-DW8XLDLCSPEVOICE,Japanese Voice Option for DW8XL,USA
psvdlc,PCSE00405,Dynasty Warriors 8: Xtreme Legends Complete Edition,真•三国无双 7 猛将传 [英文版],DLC-DW8XLSTAGESET002,NEW STAGE 11,USA
psvdlc,PCSE00405,Dynasty Warriors 8: Xtreme Legends Complete Edition,真•三国无双 7 猛将传 [英文版],DLC-DW8XLSTAGESET003,NEW STAGE 12,USA
psvdlc,PCSE00405,Dynasty Warriors 8: Xtreme Legends Complete Edition,真•三国无双 7 猛将传 [英文版],DLC-DW8XLSTAGESET004,NEW STAGE 13,USA
psvdlc,PCSE00405,Dynasty Warriors 8: Xtreme Legends Complete Edition,真•三国无双 7 猛将传 [英文版],DLC-DW8XLSTAGESET005,NEW STAGE 14,USA
psvdlc,PCSE00405,Dynasty Warriors 8: Xtreme Legends Complete Edition,真•三国无双 7 猛将传 [英文版],DLC-DW8XLSTAGESET006,NEW STAGE 15,USA
psvdlc,PCSE00405,Dynasty Warriors 8: Xtreme Legends Complete Edition,真•三国无双 7 猛将传 [英文版],DLC-DW8XLSTAGESET007,NEW STAGE 16,USA
psvdlc,PCSE00405,Dynasty Warriors 8: Xtreme Legends Complete Edition,真•三国无双 7 猛将传 [英文版],DLC-DW8XLSTAGESET008,NEW STAGE 17,USA
psvdlc,PCSE00405,Dynasty Warriors 8: Xtreme Legends Complete Edition,真•三国无双 7 猛将传 [英文版],DLC-DW8XLSTAGESET009,NEW STAGE 18,USA
psvdlc,PCSE00405,Dynasty Warriors 8: Xtreme Legends Complete Edition,真•三国无双 7 猛将传 [英文版],DLC-DW8STAGEBGMSET05,NEW STAGE 6,USA
psvdlc,PCSE00405,Dynasty Warriors 8: Xtreme Legends Complete Edition,真•三国无双 7 猛将传 [英文版],DLC-DW8STAGEBGMSET06,NEW STAGE 7,USA
psvdlc,PCSE00405,Dynasty Warriors 8: Xtreme Legends Complete Edition,真•三国无双 7 猛将传 [英文版],DLC-DW8STAGEBGMSET07,NEW STAGE 8,USA
psvdlc,PCSE00405,Dynasty Warriors 8: Xtreme Legends Complete Edition,真•三国无双 7 猛将传 [英文版],DLC-DW8STAGEBGMSET00,NEW STAGE AND BGM PACK 1,USA
psvdlc,PCSE00405,Dynasty Warriors 8: Xtreme Legends Complete Edition,真•三国无双 7 猛将传 [英文版],DLC-DW8XLSTAGESET001,NEW STAGE AND BGM PACK 10,USA
psvdlc,PCSE00405,Dynasty Warriors 8: Xtreme Legends Complete Edition,真•三国无双 7 猛将传 [英文版],DLC-DW8STAGEBGMSET01,NEW STAGE AND BGM PACK 2,USA
psvdlc,PCSE00405,Dynasty Warriors 8: Xtreme Legends Complete Edition,真•三国无双 7 猛将传 [英文版],DLC-DW8STAGEBGMSET02,NEW STAGE AND BGM PACK 3,USA
psvdlc,PCSE00405,Dynasty Warriors 8: Xtreme Legends Complete Edition,真•三国无双 7 猛将传 [英文版],DLC-DW8STAGEBGMSET03,NEW STAGE AND BGM PACK 4,USA
psvdlc,PCSE00405,Dynasty Warriors 8: Xtreme Legends Complete Edition,真•三国无双 7 猛将传 [英文版],DLC-DW8STAGEBGMSET04,NEW STAGE AND BGM PACK 5,USA
psvdlc,PCSE00405,Dynasty Warriors 8: Xtreme Legends Complete Edition,真•三国无双 7 猛将传 [英文版],DLC-DW8XLSTAGESET000,NEW STAGE AND BGM PACK 9,USA
psvdlc,PCSE00405,Dynasty Warriors 8: Xtreme Legends Complete Edition,真•三国无双 7 猛将传 [英文版],DLC-DW8ADDWEAPON0000,NEW WEAPON PACK 1,USA
psvdlc,PCSE00405,Dynasty Warriors 8: Xtreme Legends Complete Edition,真•三国无双 7 猛将传 [英文版],DLC-DW8ADDWEAPON0001,NEW WEAPON PACK 2,USA
psvdlc,PCSE00405,Dynasty Warriors 8: Xtreme Legends Complete Edition,真•三国无双 7 猛将传 [英文版],DLC-DW8ADDWEAPON0002,NEW WEAPON PACK 3,USA
psvdlc,PCSE00405,Dynasty Warriors 8: Xtreme Legends Complete Edition,真•三国无双 7 猛将传 [英文版],DLC-DW8ADDWEAPON0003,NEW WEAPON PACK 4,USA
psvdlc,PCSE00405,Dynasty Warriors 8: Xtreme Legends Complete Edition,真•三国无双 7 猛将传 [英文版],DLC-DW8ADDWEAPON0004,NEW WEAPON PACK 5,USA
psvdlc,PCSE00405,Dynasty Warriors 8: Xtreme Legends Complete Edition,真•三国无双 7 猛将传 [英文版],DLC-DW8ADDWEAPON0005,NEW WEAPON PACK 6,USA
psvdlc,PCSE00405,Dynasty Warriors 8: Xtreme Legends Complete Edition,真•三国无双 7 猛将传 [英文版],DLC-DW8ADDWEAPON0006,NEW WEAPON PACK 7,USA
psvdlc,PCSE00405,Dynasty Warriors 8: Xtreme Legends Complete Edition,真•三国无双 7 猛将传 [英文版],DLC-DW8OLDCOSSET0000,OLD COSTUME PACK 1,USA
psvdlc,PCSE00405,Dynasty Warriors 8: Xtreme Legends Complete Edition,真•三国无双 7 猛将传 [英文版],DLC-DW8OLDCOSSET0001,OLD COSTUME PACK 2,USA
psvdlc,PCSE00405,Dynasty Warriors 8: Xtreme Legends Complete Edition,真•三国无双 7 猛将传 [英文版],DLC-DW8OLDCOSSET0002,OLD COSTUME PACK 3,USA
psvdlc,PCSE00405,Dynasty Warriors 8: Xtreme Legends Complete Edition,真•三国无双 7 猛将传 [英文版],DLC-DW8OLDCOSSET0003,OLD COSTUME PACK 4,USA
psvdlc,PCSE00405,Dynasty Warriors 8: Xtreme Legends Complete Edition,真•三国无双 7 猛将传 [英文版],DLC-DW8OLDCOSSET0004,OLD COSTUME PACK 5,USA
psvdlc,PCSE00405,Dynasty Warriors 8: Xtreme Legends Complete Edition,真•三国无双 7 猛将传 [英文版],DLC-DW8XLOLDCOSSET00,OLD COSTUME PACK 6,USA
psvdlc,PCSE00405,Dynasty Warriors 8: Xtreme Legends Complete Edition,真•三国无双 7 猛将传 [英文版],DLC-DW8ORGCOSTUME000,ORIGINAL COSTUME PACK 1,USA
psvdlc,PCSE00405,Dynasty Warriors 8: Xtreme Legends Complete Edition,真•三国无双 7 猛将传 [英文版],DLC-DW8ORGCOSTUME001,ORIGINAL COSTUME PACK 2,USA
psvdlc,PCSE00405,Dynasty Warriors 8: Xtreme Legends Complete Edition,真•三国无双 7 猛将传 [英文版],DLC-DW8ORGCOSTUME002,ORIGINAL COSTUME PACK 3,USA
psvdlc,PCSE00405,Dynasty Warriors 8: Xtreme Legends Complete Edition,真•三国无双 7 猛将传 [英文版],DLC-DW8ORGCOSTUME003,ORIGINAL COSTUME PACK 4,USA
psvdlc,PCSE00405,Dynasty Warriors 8: Xtreme Legends Complete Edition,真•三国无双 7 猛将传 [英文版],DLC-DW8XLDLCSPECOS06,Sun Shangxiang Mandarin Gown,USA
psvdlc,PCSE00405,Dynasty Warriors 8: Xtreme Legends Complete Edition,真•三国无双 7 猛将传 [英文版],DLC-DW8XLSYMBOLSET00,UNIFORM AND CAMP SYMBOL SET,USA
psvdlc,PCSE00405,Dynasty Warriors 8: Xtreme Legends Complete Edition,真•三国无双 7 猛将传 [英文版],DLC-DW8XLAUDIO000000,UPGRADED AUDIO DATA,USA
psvdlc,PCSE00405,Dynasty Warriors 8: Xtreme Legends Complete Edition,真•三国无双 7 猛将传 [英文版],DLC-DW8WPCLIMAXSET00,WALLPAPERS - CLIMAX SET,USA
psvdlc,PCSE00405,Dynasty Warriors 8: Xtreme Legends Complete Edition,真•三国无双 7 猛将传 [英文版],DLC-DW8WPFEMALESET00,WALLPAPERS - FEMALE SET,USA
psvdlc,PCSE00405,Dynasty Warriors 8: Xtreme Legends Complete Edition,真•三国无双 7 猛将传 [英文版],DLC-DW8WPKINGDOMSET0,WALLPAPERS - KINGDOM SET,USA
psvdlc,PCSE00405,Dynasty Warriors 8: Xtreme Legends Complete Edition,真•三国无双 7 猛将传 [英文版],DLC-DW8WPTREASURE000,WALLPAPERS - TREASURE,USA
psvdlc,PCSE00405,Dynasty Warriors 8: Xtreme Legends Complete Edition,真•三国无双 7 猛将传 [英文版],DLC-DW8XLDLCSPECOS01,Wang Yuanji Rorona Costume,USA
psvdlc,PCSE00405,Dynasty Warriors 8: Xtreme Legends Complete Edition,真•三国无双 7 猛将传 [英文版],DLC-DW8WPNSYSTEMSET0,WEAPON SYSTEM PACK 1,USA
psvdlc,PCSE00405,Dynasty Warriors 8: Xtreme Legends Complete Edition,真•三国无双 7 猛将传 [英文版],DLC-DW8WPNSYSTEMSET1,WEAPON SYSTEM PACK 2,USA
psvdlc,PCSE00405,Dynasty Warriors 8: Xtreme Legends Complete Edition,真•三国无双 7 猛将传 [英文版],DLC-DW8WPNSYSTEMSET2,WEAPON SYSTEM PACK 3,USA
psvdlc,PCSE00405,Dynasty Warriors 8: Xtreme Legends Complete Edition,真•三国无双 7 猛将传 [英文版],DLC-DW8XLWPNSYSTEM00,WEAPON SYSTEM PACK 4,USA
psvdlc,PCSE00405,Dynasty Warriors 8: Xtreme Legends Complete Edition,真•三国无双 7 猛将传 [英文版],DLC-DW8XLWPNSYSTEM01,WEAPON SYSTEM PACK 5,USA
psvdlc,PCSE00405,Dynasty Warriors 8: Xtreme Legends Complete Edition,真•三国无双 7 猛将传 [英文版],DLC-DW8XLWPNSYSTEM02,WEAPON SYSTEM PACK 6,USA
psvdlc,PCSE00405,Dynasty Warriors 8: Xtreme Legends Complete Edition,真•三国无双 7 猛将传 [英文版],DLC-DW8XLDLCSPECOS08,Xingcai Mandarin Gown,USA
psvdlc,PCSE00405,Dynasty Warriors 8: Xtreme Legends Complete Edition,真•三国无双 7 猛将传 [英文版],DLC-DW8XLDLCSPECOS02,Xu Shu Kisaragi Ritsu Costume,USA
psvdlc,PCSE00405,Dynasty Warriors 8: Xtreme Legends Complete Edition,真•三国无双 7 猛将传 [英文版],DLC-DW8XLDLCSPECOS00,Zhao Yun Ibuki Costume,USA
psvdlc,PCSE00423,One Piece: Unlimited World Red,海贼王 无限世界：赤红 [英文版],DLC-OPUWR00ADDON0016,Dino Master Quest,USA
psvdlc,PCSE00423,One Piece: Unlimited World Red,海贼王 无限世界：赤红 [英文版],DLC-OPUWR00ADDON0003,Red Stands Alone Quest,USA
psvdlc,PCSE00428,AKIBA'S TRIP: Undead ＆ Undressed,秋叶脱物语 2 [英文版],DLC-AKIBASNEXTDLC006,AKIBA'S TRIPUNDEAD & UNDRESSED Coraboset01,USA
psvdlc,PCSE00428,AKIBA'S TRIP: Undead ＆ Undressed,秋叶脱物语 2 [英文版],DLC-AKIBASNEXTDLC007,AKIBA'S TRIPUNDEAD & UNDRESSED Coraboset02,USA
psvdlc,PCSE00428,AKIBA'S TRIP: Undead ＆ Undressed,秋叶脱物语 2 [英文版],DLC-AKIBASNEXTDLC008,AKIBA'S TRIPUNDEAD & UNDRESSED Coraboset03,USA
psvdlc,PCSE00428,AKIBA'S TRIP: Undead ＆ Undressed,秋叶脱物语 2 [英文版],DLC-AKIBASNEXTDLC009,AKIBA'S TRIPUNDEAD & UNDRESSED Coraboset04,USA
psvdlc,PCSE00428,AKIBA'S TRIP: Undead ＆ Undressed,秋叶脱物语 2 [英文版],DLC-AKIBASNEXTDLC010,AKIBA'S TRIPUNDEAD & UNDRESSED Coraboset05,USA
psvdlc,PCSE00428,AKIBA'S TRIP: Undead ＆ Undressed,秋叶脱物语 2 [英文版],DLC-AKIBASNEXTDLC011,AKIBA'S TRIPUNDEAD & UNDRESSED Coraboset06,USA
psvdlc,PCSE00428,AKIBA'S TRIP: Undead ＆ Undressed,秋叶脱物语 2 [英文版],DLC-AKIBASNEXTDLC012,AKIBA'S TRIPUNDEAD & UNDRESSED Coraboset07,USA
psvdlc,PCSE00428,AKIBA'S TRIP: Undead ＆ Undressed,秋叶脱物语 2 [英文版],DLC-AKIBASNEXTDLC013,AKIBA'S TRIPUNDEAD & UNDRESSED Coraboset08,USA
psvdlc,PCSE00428,AKIBA'S TRIP: Undead ＆ Undressed,秋叶脱物语 2 [英文版],DLC-AKIBASNEXTDLC014,AKIBA'S TRIPUNDEAD & UNDRESSED Coraboset09,USA
psvdlc,PCSE00428,AKIBA'S TRIP: Undead ＆ Undressed,秋叶脱物语 2 [英文版],DLC-AKIBASNEXTDLC015,AKIBA'S TRIPUNDEAD & UNDRESSED Coraboset10,USA
psvdlc,PCSE00428,AKIBA'S TRIP: Undead ＆ Undressed,秋叶脱物语 2 [英文版],DLC-AKIBASNEXTDLC016,AKIBA'S TRIPUNDEAD & UNDRESSED Coraboset11,USA
psvdlc,PCSE00428,AKIBA'S TRIP: Undead ＆ Undressed,秋叶脱物语 2 [英文版],DLC-AKIBASNEXTDLC018,AKIBA'S TRIPUNDEAD & UNDRESSED Coraboset12,USA
psvdlc,PCSE00428,AKIBA'S TRIP: Undead ＆ Undressed,秋叶脱物语 2 [英文版],DLC-AKIBASNEXTDLC017,AKIBA'S TRIPUNDEAD & UNDRESSED Specialset,USA
psvdlc,PCSE00429,Tales of Hearts R,心灵传说 R [英文版],DLC-ADDCONT055LVL006,10-Level Boost,USA
psvdlc,PCSE00429,Tales of Hearts R,心灵传说 R [英文版],DLC-ADDCONT056LVL007,10-Level Boost,USA
psvdlc,PCSE00429,Tales of Hearts R,心灵传说 R [英文版],DLC-ADDCONT057LVL008,10-Level Boost,USA
psvdlc,PCSE00429,Tales of Hearts R,心灵传说 R [英文版],DLC-ADDCONT062GRD000,1000 Grade,USA
psvdlc,PCSE00429,Tales of Hearts R,心灵传说 R [英文版],DLC-ADDCONT063GRD001,1000 Grade,USA
psvdlc,PCSE00429,Tales of Hearts R,心灵传说 R [英文版],DLC-ADDCONT064GRD002,2000 Grade,USA
psvdlc,PCSE00429,Tales of Hearts R,心灵传说 R [英文版],DLC-ADDCONT065GRD003,2000 Grade,USA
psvdlc,PCSE00429,Tales of Hearts R,心灵传说 R [英文版],DLC-ADDCONT059GLD001,"300,000 Gald",USA
psvdlc,PCSE00429,Tales of Hearts R,心灵传说 R [英文版],DLC-ADDCONT060GLD002,"300,000 Gald",USA
psvdlc,PCSE00429,Tales of Hearts R,心灵传说 R [英文版],DLC-ADDCONT061GLD003,"300,000 Gald",USA
psvdlc,PCSE00429,Tales of Hearts R,心灵传说 R [英文版],DLC-ADDCONT049LVL000,5-Level Boost,USA
psvdlc,PCSE00429,Tales of Hearts R,心灵传说 R [英文版],DLC-ADDCONT050LVL001,5-Level Boost,USA
psvdlc,PCSE00429,Tales of Hearts R,心灵传说 R [英文版],DLC-ADDCONT051LVL002,5-Level Boost,USA
psvdlc,PCSE00429,Tales of Hearts R,心灵传说 R [英文版],DLC-ADDCONT052LVL003,5-Level Boost,USA
psvdlc,PCSE00429,Tales of Hearts R,心灵传说 R [英文版],DLC-ADDCONT053LVL004,5-Level Boost,USA
psvdlc,PCSE00429,Tales of Hearts R,心灵传说 R [英文版],DLC-ADDCONT054LVL005,5-Level Boost,USA
psvdlc,PCSE00429,Tales of Hearts R,心灵传说 R [英文版],DLC-ADDCONT058GLD000,Beginner's Bonus,USA
psvdlc,PCSE00429,Tales of Hearts R,心灵传说 R [英文版],DLC-ADDCONT036COS036,Beryl - Beach 2,USA
psvdlc,PCSE00429,Tales of Hearts R,心灵传说 R [英文版],DLC-ADDCONT012COS012,Beryl - Legacy,USA
psvdlc,PCSE00429,Tales of Hearts R,心灵传说 R [英文版],DLC-ADDCONT020COS020,Beryl - Maid,USA
psvdlc,PCSE00429,Tales of Hearts R,心灵传说 R [英文版],DLC-ADDCONT028COS028,Beryl - Pop Idol,USA
psvdlc,PCSE00429,Tales of Hearts R,心灵传说 R [英文版],DLC-ADDCONT004COS004,Beryl - School,USA
psvdlc,PCSE00429,Tales of Hearts R,心灵传说 R [英文版],DLC-ADDCONT038COS038,Chalcedony - Beach 2,USA
psvdlc,PCSE00429,Tales of Hearts R,心灵传说 R [英文版],DLC-ADDCONT022COS022,Chalcedony - Butler,USA
psvdlc,PCSE00429,Tales of Hearts R,心灵传说 R [英文版],DLC-ADDCONT014COS014,Chalcedony - Legacy,USA
psvdlc,PCSE00429,Tales of Hearts R,心灵传说 R [英文版],DLC-ADDCONT030COS030,Chalcedony - Pop Idol,USA
psvdlc,PCSE00429,Tales of Hearts R,心灵传说 R [英文版],DLC-ADDCONT006COS006,Chalcedony - School,USA
psvdlc,PCSE00429,Tales of Hearts R,心灵传说 R [英文版],DLC-ADDCONT039COS039,Gall - Beach 2,USA
psvdlc,PCSE00429,Tales of Hearts R,心灵传说 R [英文版],DLC-ADDCONT023COS023,Gall - Butler,USA
psvdlc,PCSE00429,Tales of Hearts R,心灵传说 R [英文版],DLC-ADDCONT015COS015,Gall - Legacy,USA
psvdlc,PCSE00429,Tales of Hearts R,心灵传说 R [英文版],DLC-ADDCONT031COS031,Gall - Pop Idol,USA
psvdlc,PCSE00429,Tales of Hearts R,心灵传说 R [英文版],DLC-ADDCONT007COS007,Gall - School,USA
psvdlc,PCSE00429,Tales of Hearts R,心灵传说 R [英文版],DLC-ADDCONT034COS034,Hisui - Beach 2,USA
psvdlc,PCSE00429,Tales of Hearts R,心灵传说 R [英文版],DLC-ADDCONT018COS018,Hisui - Butler,USA
psvdlc,PCSE00429,Tales of Hearts R,心灵传说 R [英文版],DLC-ADDCONT010COS010,Hisui - Legacy,USA
psvdlc,PCSE00429,Tales of Hearts R,心灵传说 R [英文版],DLC-ADDCONT026COS026,Hisui - Pop Idol,USA
psvdlc,PCSE00429,Tales of Hearts R,心灵传说 R [英文版],DLC-ADDCONT002COS002,Hisui - School,USA
psvdlc,PCSE00429,Tales of Hearts R,心灵传说 R [英文版],DLC-ADDCONT035COS035,Ines - Beach 2,USA
psvdlc,PCSE00429,Tales of Hearts R,心灵传说 R [英文版],DLC-ADDCONT011COS011,Ines - Legacy,USA
psvdlc,PCSE00429,Tales of Hearts R,心灵传说 R [英文版],DLC-ADDCONT019COS019,Ines - Maid,USA
psvdlc,PCSE00429,Tales of Hearts R,心灵传说 R [英文版],DLC-ADDCONT027COS027,Ines - Pop Idol,USA
psvdlc,PCSE00429,Tales of Hearts R,心灵传说 R [英文版],DLC-ADDCONT003COS003,Ines - School,USA
psvdlc,PCSE00429,Tales of Hearts R,心灵传说 R [英文版],DLC-ADDCONT033COS033,Kohaku - Beach 2,USA
psvdlc,PCSE00429,Tales of Hearts R,心灵传说 R [英文版],DLC-ADDCONT009COS009,Kohaku - Legacy,USA
psvdlc,PCSE00429,Tales of Hearts R,心灵传说 R [英文版],DLC-ADDCONT017COS017,Kohaku - Maid,USA
psvdlc,PCSE00429,Tales of Hearts R,心灵传说 R [英文版],DLC-ADDCONT025COS025,Kohaku - Pop Idol,USA
psvdlc,PCSE00429,Tales of Hearts R,心灵传说 R [英文版],DLC-ADDCONT001COS001,Kohaku - School,USA
psvdlc,PCSE00429,Tales of Hearts R,心灵传说 R [英文版],DLC-ADDCONT032COS032,Kor - Beach 2,USA
psvdlc,PCSE00429,Tales of Hearts R,心灵传说 R [英文版],DLC-ADDCONT016COS016,Kor - Butler,USA
psvdlc,PCSE00429,Tales of Hearts R,心灵传说 R [英文版],DLC-ADDCONT008COS008,Kor - Legacy,USA
psvdlc,PCSE00429,Tales of Hearts R,心灵传说 R [英文版],DLC-ADDCONT024COS024,Kor - Pop Idol,USA
psvdlc,PCSE00429,Tales of Hearts R,心灵传说 R [英文版],DLC-ADDCONT000COS000,Kor - School,USA
psvdlc,PCSE00429,Tales of Hearts R,心灵传说 R [英文版],DLC-ADDCONT037COS037,Kunzite - Beach 2,USA
psvdlc,PCSE00429,Tales of Hearts R,心灵传说 R [英文版],DLC-ADDCONT021COS021,Kunzite - Butler,USA
psvdlc,PCSE00429,Tales of Hearts R,心灵传说 R [英文版],DLC-ADDCONT013COS013,Kunzite - Legacy,USA
psvdlc,PCSE00429,Tales of Hearts R,心灵传说 R [英文版],DLC-ADDCONT029COS029,Kunzite - Pop Idol,USA
psvdlc,PCSE00429,Tales of Hearts R,心灵传说 R [英文版],DLC-ADDCONT005COS005,Kunzite - School,USA
psvdlc,PCSE00434,Hatsune Miku: Project DIVA F 2nd,初音未来：歌姬计划 F2 [英文版],DLC-PJDF2DLC06PV0755,Aikotoba,USA
psvdlc,PCSE00434,Hatsune Miku: Project DIVA F 2nd,初音未来：歌姬计划 F2 [英文版],DLC-PJDF2MIK216ID844,Aile d'Ange,USA
psvdlc,PCSE00434,Hatsune Miku: Project DIVA F 2nd,初音未来：歌姬计划 F2 [英文版],DLC-PJDF2NER244ID866,Akita Neru Swimwear,USA
psvdlc,PCSE00434,Hatsune Miku: Project DIVA F 2nd,初音未来：歌姬计划 F2 [英文版],DLC-PJDF2DLCSKN49025,All Stars (Stationery),USA
psvdlc,PCSE00434,Hatsune Miku: Project DIVA F 2nd,初音未来：歌姬计划 F2 [英文版],DLC-PJDF2DLC03LEN191,Alparka Hoodie L,USA
psvdlc,PCSE00434,Hatsune Miku: Project DIVA F 2nd,初音未来：歌姬计划 F2 [英文版],DLC-PJDF2DLC03RIN190,Alparka Hoodie R,USA
psvdlc,PCSE00434,Hatsune Miku: Project DIVA F 2nd,初音未来：歌姬计划 F2 [英文版],DLC-PJDF2MIK218ID819,Americana,USA
psvdlc,PCSE00434,Hatsune Miku: Project DIVA F 2nd,初音未来：歌姬计划 F2 [英文版],DLC-PJDF2MIK212ID893,Angel,USA
psvdlc,PCSE00434,Hatsune Miku: Project DIVA F 2nd,初音未来：歌姬计划 F2 [英文版],DLC-PJDF2RIN222ID832,Black Star,USA
psvdlc,PCSE00434,Hatsune Miku: Project DIVA F 2nd,初音未来：歌姬计划 F2 [英文版],DLC-PJDF2LEN225ID833,Blue Moon,USA
psvdlc,PCSE00434,Hatsune Miku: Project DIVA F 2nd,初音未来：歌姬计划 F2 [英文版],DLC-PJDF2DLC03MIK189,Bunny Ears Hoodie,USA
psvdlc,PCSE00434,Hatsune Miku: Project DIVA F 2nd,初音未来：歌姬计划 F2 [英文版],DLC-PJDF2KAI235ID863,Campus,USA
psvdlc,PCSE00434,Hatsune Miku: Project DIVA F 2nd,初音未来：歌姬计划 F2 [英文版],DLC-PJDF2PV0758ID800,Change Me,USA
psvdlc,PCSE00434,Hatsune Miku: Project DIVA F 2nd,初音未来：歌姬计划 F2 [英文版],DLC-PJDF2MIK214ID818,Chinese Debut,USA
psvdlc,PCSE00434,Hatsune Miku: Project DIVA F 2nd,初音未来：歌姬计划 F2 [英文版],DLC-PJDF2KAI234ID862,Classic,USA
psvdlc,PCSE00434,Hatsune Miku: Project DIVA F 2nd,初音未来：歌姬计划 F2 [英文版],DLC-PJDF2DLCEDITP001,Edit Mode Add-on,USA
psvdlc,PCSE00434,Hatsune Miku: Project DIVA F 2nd,初音未来：歌姬计划 F2 [英文版],DLC-PJDF2PV0769ID891,Electric Angel,USA
psvdlc,PCSE00434,Hatsune Miku: Project DIVA F 2nd,初音未来：歌姬计划 F2 [英文版],DLC-PJDF2DLCNHT39002,Extra Character Pack,USA
psvdlc,PCSE00434,Hatsune Miku: Project DIVA F 2nd,初音未来：歌姬计划 F2 [英文版],DLC-PJDF2LUK228ID842,Fairy Macaron,USA
psvdlc,PCSE00434,Hatsune Miku: Project DIVA F 2nd,初音未来：歌姬计划 F2 [英文版],DLC-PJDF2DLC03KAI193,Fishy Overalls,USA
psvdlc,PCSE00434,Hatsune Miku: Project DIVA F 2nd,初音未来：歌姬计划 F2 [英文版],DLC-PJDF2DLC04HAK196,Gothic Purple,USA
psvdlc,PCSE00434,Hatsune Miku: Project DIVA F 2nd,初音未来：歌姬计划 F2 [英文版],DLC-PJDF2MIK215ID883,Ha2ne Miku,USA
psvdlc,PCSE00434,Hatsune Miku: Project DIVA F 2nd,初音未来：歌姬计划 F2 [英文版],DLC-PJDF2MIK210ID812,Hatsune Miku Christmas,USA
psvdlc,PCSE00434,Hatsune Miku: Project DIVA F 2nd,初音未来：歌姬计划 F2 [英文版],DLC-PJDF2MIK208ID864,Hatsune Miku Cute,USA
psvdlc,PCSE00434,Hatsune Miku: Project DIVA F 2nd,初音未来：歌姬计划 F2 [英文版],DLC-PJDF2DLC05MIK198,Hatsune Miku Swimwear,USA
psvdlc,PCSE00434,Hatsune Miku: Project DIVA F 2nd,初音未来：歌姬计划 F2 [英文版],DLC-PJDF2PV0762ID840,Just Be Friends,USA
psvdlc,PCSE00434,Hatsune Miku: Project DIVA F 2nd,初音未来：歌姬计划 F2 [英文版],DLC-PJDF2LEN224ID814,Kagamine Len Christmas,USA
psvdlc,PCSE00434,Hatsune Miku: Project DIVA F 2nd,初音未来：歌姬计划 F2 [英文版],DLC-PJDF2DLC05LEN200,Kagamine Len Swimwear,USA
psvdlc,PCSE00434,Hatsune Miku: Project DIVA F 2nd,初音未来：歌姬计划 F2 [英文版],DLC-PJDF2RIN221ID813,Kagamine Rin Christmas,USA
psvdlc,PCSE00434,Hatsune Miku: Project DIVA F 2nd,初音未来：歌姬计划 F2 [英文版],DLC-PJDF2RIN220ID865,Kagamine Rin Cute,USA
psvdlc,PCSE00434,Hatsune Miku: Project DIVA F 2nd,初音未来：歌姬计划 F2 [英文版],DLC-PJDF2DLC05RIN199,Kagamine Rin Swimwear,USA
psvdlc,PCSE00434,Hatsune Miku: Project DIVA F 2nd,初音未来：歌姬计划 F2 [英文版],DLC-PJDF2KAI233ID816,Kaito Christmas,USA
psvdlc,PCSE00434,Hatsune Miku: Project DIVA F 2nd,初音未来：歌姬计划 F2 [英文版],DLC-PJDF2DLC05KAI203,Kaito Swimwear V Alt,USA
psvdlc,PCSE00434,Hatsune Miku: Project DIVA F 2nd,初音未来：歌姬计划 F2 [英文版],DLC-PJDF2DLC05KAI202,Kaito Swimwear V,USA
psvdlc,PCSE00434,Hatsune Miku: Project DIVA F 2nd,初音未来：歌姬计划 F2 [英文版],DLC-PJDF2TET247ID869,Kasane Teto Swimwear,USA
psvdlc,PCSE00434,Hatsune Miku: Project DIVA F 2nd,初音未来：歌姬计划 F2 [英文版],DLC-PJDF2DLC03LUK192,Kitty Ears Hoodie,USA
psvdlc,PCSE00434,Hatsune Miku: Project DIVA F 2nd,初音未来：歌姬计划 F2 [英文版],DLC-PJDF2MEI240ID803,Lin Xiao-Mei Costume,USA
psvdlc,PCSE00434,Hatsune Miku: Project DIVA F 2nd,初音未来：歌姬计划 F2 [英文版],DLC-PJDF2DLC07PV0757,"Look This Way, Baby",USA
psvdlc,PCSE00434,Hatsune Miku: Project DIVA F 2nd,初音未来：歌姬计划 F2 [英文版],DLC-PJDF2DLC05LUK201,Luka Swimwear P,USA
psvdlc,PCSE00434,Hatsune Miku: Project DIVA F 2nd,初音未来：歌姬计划 F2 [英文版],DLC-PJDF2DLC07TET242,M.S.J,USA
psvdlc,PCSE00434,Hatsune Miku: Project DIVA F 2nd,初音未来：歌姬计划 F2 [英文版],DLC-PJDF2PV0766ID841,magnet,USA
psvdlc,PCSE00434,Hatsune Miku: Project DIVA F 2nd,初音未来：歌姬计划 F2 [英文版],DLC-PJDF2PV0767ID880,Marginal,USA
psvdlc,PCSE00434,Hatsune Miku: Project DIVA F 2nd,初音未来：歌姬计划 F2 [英文版],DLC-PJDF2LUK227ID815,Megurine Luka Christmas,USA
psvdlc,PCSE00434,Hatsune Miku: Project DIVA F 2nd,初音未来：歌姬计划 F2 [英文版],DLC-PJDF2LUK232ID845,Megurine Luka Conflict,USA
psvdlc,PCSE00434,Hatsune Miku: Project DIVA F 2nd,初音未来：歌姬计划 F2 [英文版],DLC-PJDF2MEI238ID817,Meiko Christmas,USA
psvdlc,PCSE00434,Hatsune Miku: Project DIVA F 2nd,初音未来：歌姬计划 F2 [英文版],DLC-PJDF2DLC05MEI204,Meiko Swimwear,USA
psvdlc,PCSE00434,Hatsune Miku: Project DIVA F 2nd,初音未来：歌姬计划 F2 [英文版],DLC-PJDF2DLCSKN35017,Miku & Luka (Heart),USA
psvdlc,PCSE00434,Hatsune Miku: Project DIVA F 2nd,初音未来：歌姬计划 F2 [英文版],DLC-PJDF2DLC07DAY187,Mikudayo,USA
psvdlc,PCSE00434,Hatsune Miku: Project DIVA F 2nd,初音未来：歌姬计划 F2 [英文版],DLC-PJDF2MIK213ID811,Module - Rolling Girl,USA
psvdlc,PCSE00434,Hatsune Miku: Project DIVA F 2nd,初音未来：歌姬计划 F2 [英文版],DLC-PJDF2MIK209ID804,Module - Yellow,USA
psvdlc,PCSE00434,Hatsune Miku: Project DIVA F 2nd,初音未来：歌姬计划 F2 [英文版],DLC-PJDF2LUK229ID843,Nagisa Replica,USA
psvdlc,PCSE00434,Hatsune Miku: Project DIVA F 2nd,初音未来：歌姬计划 F2 [英文版],DLC-PJDF2DLC04SAK197,Nostalgia,USA
psvdlc,PCSE00434,Hatsune Miku: Project DIVA F 2nd,初音未来：歌姬计划 F2 [英文版],DLC-PJDF2DLCRYODD004,Odds & Ends (Live Version),USA
psvdlc,PCSE00434,Hatsune Miku: Project DIVA F 2nd,初音未来：歌姬计划 F2 [英文版],DLC-PJDF2MIK219ID894,P-Style CG,USA
psvdlc,PCSE00434,Hatsune Miku: Project DIVA F 2nd,初音未来：歌姬计划 F2 [英文版],DLC-PJDF2MIK207ID882,Powder,USA
psvdlc,PCSE00434,Hatsune Miku: Project DIVA F 2nd,初音未来：歌姬计划 F2 [英文版],DLC-PJDF2PV0770ID861,Promise,USA
psvdlc,PCSE00434,Hatsune Miku: Project DIVA F 2nd,初音未来：歌姬计划 F2 [英文版],DLC-PJDF2DLCSKN25011,Rin & Len & Cats,USA
psvdlc,PCSE00434,Hatsune Miku: Project DIVA F 2nd,初音未来：歌姬计划 F2 [英文版],DLC-PJDF2PV0763ID860,Rosary Pale,USA
psvdlc,PCSE00434,Hatsune Miku: Project DIVA F 2nd,初音未来：歌姬计划 F2 [英文版],DLC-PJDF2SAK246ID868,Sakine Meiko Swimwear,USA
psvdlc,PCSE00434,Hatsune Miku: Project DIVA F 2nd,初音未来：歌姬计划 F2 [英文版],DLC-PJDF2DLC04NER195,School Club Girl,USA
psvdlc,PCSE00434,Hatsune Miku: Project DIVA F 2nd,初音未来：歌姬计划 F2 [英文版],DLC-PJDF2DLC06PV0756,Sekiranun Graffiti,USA
psvdlc,PCSE00434,Hatsune Miku: Project DIVA F 2nd,初音未来：歌姬计划 F2 [英文版],DLC-PJDF2DLC06MIK205,Shiny,USA
psvdlc,PCSE00434,Hatsune Miku: Project DIVA F 2nd,初音未来：歌姬计划 F2 [英文版],DLC-PJDF2SKN050ID835,Skin - Black Star,USA
psvdlc,PCSE00434,Hatsune Miku: Project DIVA F 2nd,初音未来：歌姬计划 F2 [英文版],DLC-PJDF2SKN051ID836,Skin - Blue Moon,USA
psvdlc,PCSE00434,Hatsune Miku: Project DIVA F 2nd,初音未来：歌姬计划 F2 [英文版],DLC-PJDF2SKN055ID850,Skin - Butterfly & Blossom (CLR),USA
psvdlc,PCSE00434,Hatsune Miku: Project DIVA F 2nd,初音未来：歌姬计划 F2 [英文版],DLC-PJDF2SKN053ID848,Skin - Butterfly & Blossom (GLD),USA
psvdlc,PCSE00434,Hatsune Miku: Project DIVA F 2nd,初音未来：歌姬计划 F2 [英文版],DLC-PJDF2SKN054ID849,Skin - Butterfly & Blossom (SLV),USA
psvdlc,PCSE00434,Hatsune Miku: Project DIVA F 2nd,初音未来：歌姬计划 F2 [英文版],DLC-PJDF2DLCSKN37018,Skin - Crimson Leaf,USA
psvdlc,PCSE00434,Hatsune Miku: Project DIVA F 2nd,初音未来：歌姬计划 F2 [英文版],DLC-PJDF2DLCSKN32016,Skin - General (Metallic),USA
psvdlc,PCSE00434,Hatsune Miku: Project DIVA F 2nd,初音未来：歌姬计划 F2 [英文版],DLC-PJDF2SKN057ID872,Skin - Genius (Intelligence),USA
psvdlc,PCSE00434,Hatsune Miku: Project DIVA F 2nd,初音未来：歌姬计划 F2 [英文版],DLC-PJDF2DLCSKN38019,Skin - Kaito (Flowers),USA
psvdlc,PCSE00434,Hatsune Miku: Project DIVA F 2nd,初音未来：歌姬计划 F2 [英文版],DLC-PJDF2SKN056ID871,Skin - Kaito (Gothic & Snow),USA
psvdlc,PCSE00434,Hatsune Miku: Project DIVA F 2nd,初音未来：歌姬计划 F2 [英文版],DLC-PJDF2DLCSKN21008,Skin - Kitty Cape (Checkered),USA
psvdlc,PCSE00434,Hatsune Miku: Project DIVA F 2nd,初音未来：歌姬计划 F2 [英文版],DLC-PJDF2SKN009ID821,Skin - Kitty Cape (Concept),USA
psvdlc,PCSE00434,Hatsune Miku: Project DIVA F 2nd,初音未来：歌姬计划 F2 [英文版],DLC-PJDF2DLCSKN40020,Skin - Meiko (Flowers),USA
psvdlc,PCSE00434,Hatsune Miku: Project DIVA F 2nd,初音未来：歌姬计划 F2 [英文版],DLC-PJDF2DLCSKN24010,Skin - Miku & Luka in a Box,USA
psvdlc,PCSE00434,Hatsune Miku: Project DIVA F 2nd,初音未来：歌姬计划 F2 [英文版],DLC-PJDF2DLCSKN27012,Skin - Miku (Black Ivy),USA
psvdlc,PCSE00434,Hatsune Miku: Project DIVA F 2nd,初音未来：歌姬计划 F2 [英文版],DLC-PJDF2DLCSKN48024,Skin - Miku (Honeycomb),USA
psvdlc,PCSE00434,Hatsune Miku: Project DIVA F 2nd,初音未来：歌姬计划 F2 [英文版],DLC-PJDF2SKN022ID805,Skin - Noel Rouge (Stitching),USA
psvdlc,PCSE00434,Hatsune Miku: Project DIVA F 2nd,初音未来：歌姬计划 F2 [英文版],DLC-PJDF2SKN021ID870,Skin - Requiem (Blue Rose),USA
psvdlc,PCSE00434,Hatsune Miku: Project DIVA F 2nd,初音未来：歌姬计划 F2 [英文版],DLC-PJDF2SKN052ID837,Skin - Rin & Len (Buddies),USA
psvdlc,PCSE00434,Hatsune Miku: Project DIVA F 2nd,初音未来：歌姬计划 F2 [英文版],DLC-PJDF2SKN015ID834,Skin - Rin & Len (Green field),USA
psvdlc,PCSE00434,Hatsune Miku: Project DIVA F 2nd,初音未来：歌姬计划 F2 [英文版],DLC-PJDF2DLCSKN28013,Skin - Rin (Orange),USA
psvdlc,PCSE00434,Hatsune Miku: Project DIVA F 2nd,初音未来：歌姬计划 F2 [英文版],DLC-PJDF2SKN023ID806,Skin - Sakine Meiko (Lace & Pop),USA
psvdlc,PCSE00434,Hatsune Miku: Project DIVA F 2nd,初音未来：歌姬计划 F2 [英文版],DLC-PJDF2DLCSKN18006,Skin - Summer Memories (Green),USA
psvdlc,PCSE00434,Hatsune Miku: Project DIVA F 2nd,初音未来：歌姬计划 F2 [英文版],DLC-PJDF2SKN007ID820,Skin - Summer Memories (Pink),USA
psvdlc,PCSE00434,Hatsune Miku: Project DIVA F 2nd,初音未来：歌姬计划 F2 [英文版],DLC-PJDF2DLCSKN29014,Skin - Trickster (Night Dream),USA
psvdlc,PCSE00434,Hatsune Miku: Project DIVA F 2nd,初音未来：歌姬计划 F2 [英文版],DLC-PJDF2MIK248ID884,Snow Miku 2015,USA
psvdlc,PCSE00434,Hatsune Miku: Project DIVA F 2nd,初音未来：歌姬计划 F2 [英文版],DLC-PJDF2PV0760ID830,Solitude's End,USA
psvdlc,PCSE00434,Hatsune Miku: Project DIVA F 2nd,初音未来：歌姬计划 F2 [英文版],DLC-PJDF2PV0764ID810,Song - Rolling Girl,USA
psvdlc,PCSE00434,Hatsune Miku: Project DIVA F 2nd,初音未来：歌姬计划 F2 [英文版],DLC-PJDF2PV0759ID801,Song - Yellow,USA
psvdlc,PCSE00434,Hatsune Miku: Project DIVA F 2nd,初音未来：歌姬计划 F2 [英文版],DLC-PJDF2MEI239ID802,Sweet Pudding,USA
psvdlc,PCSE00434,Hatsune Miku: Project DIVA F 2nd,初音未来：歌姬计划 F2 [英文版],DLC-PJDF2DLCKZTYW003,Tell Your World (Live Version),USA
psvdlc,PCSE00434,Hatsune Miku: Project DIVA F 2nd,初音未来：歌姬计划 F2 [英文版],DLC-PJDF2PV0765ID890,Though My Song Has No Form,USA
psvdlc,PCSE00434,Hatsune Miku: Project DIVA F 2nd,初音未来：歌姬计划 F2 [英文版],DLC-PJDF2PV0761ID831,To the End of Infinity,USA
psvdlc,PCSE00434,Hatsune Miku: Project DIVA F 2nd,初音未来：歌姬计划 F2 [英文版],DLC-PJDF2DLC06MIK206,Type 2020,USA
psvdlc,PCSE00434,Hatsune Miku: Project DIVA F 2nd,初音未来：歌姬计划 F2 [英文版],DLC-PJDF2MIK211ID892,Tyrol,USA
psvdlc,PCSE00434,Hatsune Miku: Project DIVA F 2nd,初音未来：歌姬计划 F2 [英文版],DLC-PJDF2PV0768ID881,When First Love Ends,USA
psvdlc,PCSE00434,Hatsune Miku: Project DIVA F 2nd,初音未来：歌姬计划 F2 [英文版],DLC-PJDF2DLC03MEI194,Wooly Wear,USA
psvdlc,PCSE00434,Hatsune Miku: Project DIVA F 2nd,初音未来：歌姬计划 F2 [英文版],DLC-PJDF2HAK245ID867,Yowane Haku Swimwear,USA
psvdlc,PCSE00443,Hyperdimension Neptunia: Re;Birth1,超次元海王星：重生 1 [英文版],DLC-NRB1DLC000000010,HyperdimensionNeptune Re;Birth1 Additional Content Package 1,USA
psvdlc,PCSE00443,Hyperdimension Neptunia: Re;Birth1,超次元海王星：重生 1 [英文版],DLC-NRB1DLC000000011,HyperdimensionNeptune Re;Birth1 Additional Content Package 2,USA
psvdlc,PCSE00443,Hyperdimension Neptunia: Re;Birth1,超次元海王星：重生 1 [英文版],DLC-NRB1DLC000000012,HyperdimensionNeptune Re;Birth1 Additional Content Package 3,USA
psvdlc,PCSE00443,Hyperdimension Neptunia: Re;Birth1,超次元海王星：重生 1 [英文版],DLC-NRB1DLC000000006,HyperdimensionNeptune Re;Birth1 fairy fencer f Collaboration Package,USA
psvdlc,PCSE00443,Hyperdimension Neptunia: Re;Birth1,超次元海王星：重生 1 [英文版],DLC-NRB1DLC000000003,HyperdimensionNeptune Re;Birth1 Histy's Beginner's Item Package,USA
psvdlc,PCSE00443,Hyperdimension Neptunia: Re;Birth1,超次元海王星：重生 1 [英文版],DLC-NRB1DLC000000002,HyperdimensionNeptune Re;Birth1 Histy's Trial Item Package,USA
psvdlc,PCSE00443,Hyperdimension Neptunia: Re;Birth1,超次元海王星：重生 1 [英文版],DLC-NRB1DLC000000009,HyperdimensionNeptune Re;Birth1 [Histoire] Battle Entry License,USA
psvdlc,PCSE00443,Hyperdimension Neptunia: Re;Birth1,超次元海王星：重生 1 [英文版],DLC-NRB1DLC000000008,HyperdimensionNeptune Re;Birth1 [Peashy] Battle Entry License,USA
psvdlc,PCSE00443,Hyperdimension Neptunia: Re;Birth1,超次元海王星：重生 1 [英文版],DLC-NRB1DLC000000007,HyperdimensionNeptune Re;Birth1 [Plutia] Battle Entry License,USA
psvdlc,PCSE00448,Warriors Orochi 3 Ultimate,无双大蛇 2 终极版 [英文版],DLC-WOROCHI3BGM00000,BGM PACK 1,USA
psvdlc,PCSE00448,Warriors Orochi 3 Ultimate,无双大蛇 2 终极版 [英文版],DLC-WOROCHI3BGM00001,BGM PACK 2,USA
psvdlc,PCSE00448,Warriors Orochi 3 Ultimate,无双大蛇 2 终极版 [英文版],DLC-WOROCHI3COS00000,CHRISTMAS COSTUME,USA
psvdlc,PCSE00448,Warriors Orochi 3 Ultimate,无双大蛇 2 终极版 [英文版],DLC-WO3UDUNGEON00001,DUNGEON PACK,USA
psvdlc,PCSE00448,Warriors Orochi 3 Ultimate,无双大蛇 2 终极版 [英文版],DLC-WO3UDW7COSUME001,DW7 ORIGINAL COSTUME PACK 1,USA
psvdlc,PCSE00448,Warriors Orochi 3 Ultimate,无双大蛇 2 终极版 [英文版],DLC-WO3UDW7COSUME002,DW7 ORIGINAL COSTUME PACK 2,USA
psvdlc,PCSE00448,Warriors Orochi 3 Ultimate,无双大蛇 2 终极版 [英文版],DLC-WO3UDW7COSUME003,DW7 ORIGINAL COSTUME PACK 3,USA
psvdlc,PCSE00448,Warriors Orochi 3 Ultimate,无双大蛇 2 终极版 [英文版],DLC-WO3UDW7COSUME004,DW7 ORIGINAL COSTUME PACK 4,USA
psvdlc,PCSE00448,Warriors Orochi 3 Ultimate,无双大蛇 2 终极版 [英文版],DLC-WO3UDW7COSUME005,DW7 ORIGINAL COSTUME PACK 5,USA
psvdlc,PCSE00448,Warriors Orochi 3 Ultimate,无双大蛇 2 终极版 [英文版],DLC-WO3UDW7COSUME006,DW7 ORIGINAL COSTUME PACK 6,USA
psvdlc,PCSE00448,Warriors Orochi 3 Ultimate,无双大蛇 2 终极版 [英文版],DLC-WO3UDW7COSUME007,DW7 ORIGINAL COSTUME PACK 7,USA
psvdlc,PCSE00448,Warriors Orochi 3 Ultimate,无双大蛇 2 终极版 [英文版],DLC-WO3UDW7COSUME008,DW7 ORIGINAL COSTUME PACK 8,USA
psvdlc,PCSE00448,Warriors Orochi 3 Ultimate,无双大蛇 2 终极版 [英文版],DLC-WO3UDW7COSUME009,DW7 ORIGINAL COSTUME PACK 9,USA
psvdlc,PCSE00448,Warriors Orochi 3 Ultimate,无双大蛇 2 终极版 [英文版],DLC-WOROCHI3SFCOS003,DWSF COSTUME - JIN,USA
psvdlc,PCSE00448,Warriors Orochi 3 Ultimate,无双大蛇 2 终极版 [英文版],DLC-WOROCHI3SFCOS004,DWSF COSTUME - OTHER 1,USA
psvdlc,PCSE00448,Warriors Orochi 3 Ultimate,无双大蛇 2 终极版 [英文版],DLC-WOROCHI3SFCOS005,DWSF COSTUME - OTHER 2,USA
psvdlc,PCSE00448,Warriors Orochi 3 Ultimate,无双大蛇 2 终极版 [英文版],DLC-WOROCHI3SFCOS002,DWSF COSTUME - SHU,USA
psvdlc,PCSE00448,Warriors Orochi 3 Ultimate,无双大蛇 2 终极版 [英文版],DLC-WOROCHI3SFCOS000,DWSF COSTUME - WEI,USA
psvdlc,PCSE00448,Warriors Orochi 3 Ultimate,无双大蛇 2 终极版 [英文版],DLC-WOROCHI3SFCOS001,DWSF COSTUME - WU,USA
psvdlc,PCSE00448,Warriors Orochi 3 Ultimate,无双大蛇 2 终极版 [英文版],DLC-WOROCHI3DWCOS000,DYNASTY COSTUME,USA
psvdlc,PCSE00448,Warriors Orochi 3 Ultimate,无双大蛇 2 终极版 [英文版],DLC-WOROCHI3DWCOS001,DYNASTY TRAD COSTUME 1,USA
psvdlc,PCSE00448,Warriors Orochi 3 Ultimate,无双大蛇 2 终极版 [英文版],DLC-WO3UDLCSPECOS000,HALLOWEEN COSTUME,USA
psvdlc,PCSE00448,Warriors Orochi 3 Ultimate,无双大蛇 2 终极版 [英文版],DLC-WO3UDLCSPEWPN000,KAGUYA ITEM,USA
psvdlc,PCSE00448,Warriors Orochi 3 Ultimate,无双大蛇 2 终极版 [英文版],DLC-WO3UBGMPACK00000,NEW BGM PACK,USA
psvdlc,PCSE00448,Warriors Orochi 3 Ultimate,无双大蛇 2 终极版 [英文版],DLC-WOROCHI3WLP00004,ORIGINAL WALLPAPERS 1,USA
psvdlc,PCSE00448,Warriors Orochi 3 Ultimate,无双大蛇 2 终极版 [英文版],DLC-WOROCHI3SWCOS000,SAMURAI COSTUME,USA
psvdlc,PCSE00448,Warriors Orochi 3 Ultimate,无双大蛇 2 终极版 [英文版],DLC-WOROCHI3SWCOS001,SAMURAI DISGUISES 1,USA
psvdlc,PCSE00448,Warriors Orochi 3 Ultimate,无双大蛇 2 终极版 [英文版],DLC-WOROCHI3SWCOS002,SAMURAI DISGUISES 2,USA
psvdlc,PCSE00448,Warriors Orochi 3 Ultimate,无双大蛇 2 终极版 [英文版],DLC-WOROCHI3SWCOS003,SAMURAI DISGUISES 3,USA
psvdlc,PCSE00448,Warriors Orochi 3 Ultimate,无双大蛇 2 终极版 [英文版],DLC-WO3USPECIALCOS01,SPECIAL COSTUME 1,USA
psvdlc,PCSE00448,Warriors Orochi 3 Ultimate,无双大蛇 2 终极版 [英文版],DLC-WOROCHI3SNA00000,STAGE PACK 1,USA
psvdlc,PCSE00448,Warriors Orochi 3 Ultimate,无双大蛇 2 终极版 [英文版],DLC-WOROCHI3SNA00009,STAGE PACK 10,USA
psvdlc,PCSE00448,Warriors Orochi 3 Ultimate,无双大蛇 2 终极版 [英文版],DLC-WOROCHI3SNA00010,STAGE PACK 11,USA
psvdlc,PCSE00448,Warriors Orochi 3 Ultimate,无双大蛇 2 终极版 [英文版],DLC-WOROCHI3SNA00001,STAGE PACK 2,USA
psvdlc,PCSE00448,Warriors Orochi 3 Ultimate,无双大蛇 2 终极版 [英文版],DLC-WOROCHI3SNA00002,STAGE PACK 3,USA
psvdlc,PCSE00448,Warriors Orochi 3 Ultimate,无双大蛇 2 终极版 [英文版],DLC-WOROCHI3SNA00003,STAGE PACK 4,USA
psvdlc,PCSE00448,Warriors Orochi 3 Ultimate,无双大蛇 2 终极版 [英文版],DLC-WOROCHI3SNA00004,STAGE PACK 5,USA
psvdlc,PCSE00448,Warriors Orochi 3 Ultimate,无双大蛇 2 终极版 [英文版],DLC-WOROCHI3SNA00005,STAGE PACK 6,USA
psvdlc,PCSE00448,Warriors Orochi 3 Ultimate,无双大蛇 2 终极版 [英文版],DLC-WOROCHI3SNA00006,STAGE PACK 7,USA
psvdlc,PCSE00448,Warriors Orochi 3 Ultimate,无双大蛇 2 终极版 [英文版],DLC-WOROCHI3SNA00007,STAGE PACK 8,USA
psvdlc,PCSE00448,Warriors Orochi 3 Ultimate,无双大蛇 2 终极版 [英文版],DLC-WOROCHI3SNA00008,STAGE PACK 9,USA
psvdlc,PCSE00448,Warriors Orochi 3 Ultimate,无双大蛇 2 终极版 [英文版],DLC-WO3UDLCSPEWPN001,STERK ITEM,USA
psvdlc,PCSE00448,Warriors Orochi 3 Ultimate,无双大蛇 2 终极版 [英文版],DLC-WOROCHI3WPN00000,WEAPON PACK,USA
psvdlc,PCSE00458,Phantom Breaker: Battlegrounds,幻象破坏者：战场 [英文版],DLC-PBBG0CONTENTCS02,PBBG -BGM PACK-,USA
psvdlc,PCSE00458,Phantom Breaker: Battlegrounds,幻象破坏者：战场 [英文版],DLC-PBBG0CONTENTCS00,PBBG -Kurisu Makise-,USA
psvdlc,PCSE00458,Phantom Breaker: Battlegrounds,幻象破坏者：战场 [英文版],DLC-PBBG0CONTENTCS03,PHANTOM BREAKER - BATTLE GROUNDS - FRAU ADDITIONAL PACK,USA
psvdlc,PCSE00463,Soldner-X 2: Final Prototype,X战将 2：最终原型 [英文版],DLC-SOLX2LASTCHAPTER,The Last Chapter,USA
psvdlc,PCSE00465,Sword Art Online -Hollow Fragment-,刀剑神域：虚空断章 [英文版],DLC-SAO2LIR006000000,Adventurer’s Essentials,USA
psvdlc,PCSE00465,Sword Art Online -Hollow Fragment-,刀剑神域：虚空断章 [英文版],DLC-SAO2LIR007000000,Auto-Attack Support Set,USA
psvdlc,PCSE00465,Sword Art Online -Hollow Fragment-,刀剑神域：虚空断章 [英文版],DLC-SAO2KFJ021000000,Avatar Face Set Info,USA
psvdlc,PCSE00465,Sword Art Online -Hollow Fragment-,刀剑神域：虚空断章 [英文版],DLC-SAO2JHL002000000,Avatar Face Set,USA
psvdlc,PCSE00465,Sword Art Online -Hollow Fragment-,刀剑神域：虚空断章 [英文版],DLC-SAO2LIR008000000,Black Two-Handed Sword,USA
psvdlc,PCSE00465,Sword Art Online -Hollow Fragment-,刀剑神域：虚空断章 [英文版],DLC-SAO2KFJ023000000,Dress Shirt (Blue) Ticket,USA
psvdlc,PCSE00465,Sword Art Online -Hollow Fragment-,刀剑神域：虚空断章 [英文版],DLC-SAO2KFJ018000000,Dress Shirt (White) Ticket,USA
psvdlc,PCSE00465,Sword Art Online -Hollow Fragment-,刀剑神域：虚空断章 [英文版],DLC-SAO2KFT022000000,GGO Kirito Avatar Info,USA
psvdlc,PCSE00465,Sword Art Online -Hollow Fragment-,刀剑神域：虚空断章 [英文版],DLC-SAO2JHT003000000,GGO Kirito Avatar,USA
psvdlc,PCSE00465,Sword Art Online -Hollow Fragment-,刀剑神域：虚空断章 [英文版],DLC-SAO2LIT016000000,GGO Kirito Set Chest,USA
psvdlc,PCSE00465,Sword Art Online -Hollow Fragment-,刀剑神域：虚空断章 [英文版],DLC-SAO2KFT017000000,GGO Sinon Costume Ticket,USA
psvdlc,PCSE00465,Sword Art Online -Hollow Fragment-,刀剑神域：虚空断章 [英文版],DLC-SAO2LIR012000000,Heathcliff's Equipment Set,USA
psvdlc,PCSE00465,Sword Art Online -Hollow Fragment-,刀剑神域：虚空断章 [英文版],DLC-SAO2KFJ013000000,HM - Abyss of Pandemonium,USA
psvdlc,PCSE00465,Sword Art Online -Hollow Fragment-,刀剑神域：虚空断章 [英文版],DLC-SAO2KFJ009000000,HM - Lord of Nightmare's Dregs,USA
psvdlc,PCSE00465,Sword Art Online -Hollow Fragment-,刀剑神域：虚空断章 [英文版],DLC-SAO2KFJ011000000,HM - Return of the King,USA
psvdlc,PCSE00465,Sword Art Online -Hollow Fragment-,刀剑神域：虚空断章 [英文版],DLC-SAO2KFJ014000000,HM - Revolt of the Slimes,USA
psvdlc,PCSE00465,Sword Art Online -Hollow Fragment-,刀剑神域：虚空断章 [英文版],DLC-SAO2KFJ005000000,Keeper of Oblivion Ticket,USA
psvdlc,PCSE00465,Sword Art Online -Hollow Fragment-,刀剑神域：虚空断章 [英文版],DLC-SAO2KFJ004000000,Labyrinth of Deadly Sin Ticket,USA
psvdlc,PCSE00465,Sword Art Online -Hollow Fragment-,刀剑神域：虚空断章 [英文版],DLC-SAO2KFJ015000000,Nightie (Blue) Ticket,USA
psvdlc,PCSE00465,Sword Art Online -Hollow Fragment-,刀剑神域：虚空断章 [英文版],DLC-SAO2KFJ000000000,Nightie (Pink) Ticket,USA
psvdlc,PCSE00465,Sword Art Online -Hollow Fragment-,刀剑神域：虚空断章 [英文版],DLC-SAO2KFJ002000000,School Swimsuit (Navy) Ticket,USA
psvdlc,PCSE00465,Sword Art Online -Hollow Fragment-,刀剑神域：虚空断章 [英文版],DLC-SAO2KFJ003000000,School Swimsuit (White) Ticket,USA
psvdlc,PCSE00465,Sword Art Online -Hollow Fragment-,刀剑神域：虚空断章 [英文版],DLC-SAO2JHL000000000,Sprigan Kirito 1 Avatar,USA
psvdlc,PCSE00465,Sword Art Online -Hollow Fragment-,刀剑神域：虚空断章 [英文版],DLC-SAO2JHL001000000,Sprigan Kirito 2 Avatar,USA
psvdlc,PCSE00465,Sword Art Online -Hollow Fragment-,刀剑神域：虚空断章 [英文版],DLC-SAO2KFJ019000000,Spriggan Kirito 1 Avatar Info,USA
psvdlc,PCSE00465,Sword Art Online -Hollow Fragment-,刀剑神域：虚空断章 [英文版],DLC-SAO2KFJ020000000,Spriggan Kirito 2 Avatar Info,USA
psvdlc,PCSE00465,Sword Art Online -Hollow Fragment-,刀剑神域：虚空断章 [英文版],DLC-SAO2KFJ001000000,Wedding Dress Ticket,USA
psvdlc,PCSE00465,Sword Art Online -Hollow Fragment-,刀剑神域：虚空断章 [英文版],DLC-SAO2LIR010000000,Yuuki's Sword,USA
psvdlc,PCSE00466,Atelier Rorona Plus: The Alchemist of Arland,新罗罗娜的炼金工房：起始物语 亚兰德的炼金术士 [英文版],DLC-SPECIALFREE00004,BGM Package - Arranged BGM Set,USA
psvdlc,PCSE00466,Atelier Rorona Plus: The Alchemist of Arland,新罗罗娜的炼金工房：起始物语 亚兰德的炼金术士 [英文版],DLC-SPECIALFREE00002,Costume Change - Lady's Etiquette,USA
psvdlc,PCSE00466,Atelier Rorona Plus: The Alchemist of Arland,新罗罗娜的炼金工房：起始物语 亚兰德的炼金术士 [英文版],DLC-SPECIALFREE00001,Costume Change - Peach Vacation,USA
psvdlc,PCSE00467,Toukiden: Kiwami,讨鬼传：极 [英文版],DLC-TOUKIDENDLC05000,Mission Collection 1,USA
psvdlc,PCSE00467,Toukiden: Kiwami,讨鬼传：极 [英文版],DLC-TOUKIDENDLC05100,Mission Collection 2,USA
psvdlc,PCSE00467,Toukiden: Kiwami,讨鬼传：极 [英文版],DLC-TOUKIDENDLC00800,Mitama Ichimonji Mari,USA
psvdlc,PCSE00467,Toukiden: Kiwami,讨鬼传：极 [英文版],DLC-TOUKIDENDLC00900,Mitama Oda Nobunyaga,USA
psvdlc,PCSE00471,Senran Kagura Bon Appetit! (Hanzo x Crimson Squad),忍乳负重 闪乱神乐 [英文版],DLC-0000000000000022,SENRAN KAGURA - BON APPETIT! – Camisole,USA
psvdlc,PCSE00471,Senran Kagura Bon Appetit! (Hanzo x Crimson Squad),忍乳负重 闪乱神乐 [英文版],DLC-0000000000000068,SENRAN KAGURA - BON APPETIT! – Dog Nose,USA
psvdlc,PCSE00471,Senran Kagura Bon Appetit! (Hanzo x Crimson Squad),忍乳负重 闪乱神乐 [英文版],DLC-0000000000000017,SENRAN KAGURA - BON APPETIT! – Double Knot,USA
psvdlc,PCSE00471,Senran Kagura Bon Appetit! (Hanzo x Crimson Squad),忍乳负重 闪乱神乐 [英文版],DLC-0000000000000019,SENRAN KAGURA - BON APPETIT! – Emo Cut,USA
psvdlc,PCSE00471,Senran Kagura Bon Appetit! (Hanzo x Crimson Squad),忍乳负重 闪乱神乐 [英文版],DLC-0000000000000028,SENRAN KAGURA - BON APPETIT! – Female Diver,USA
psvdlc,PCSE00471,Senran Kagura Bon Appetit! (Hanzo x Crimson Squad),忍乳负重 闪乱神乐 [英文版],DLC-0000000000000029,SENRAN KAGURA - BON APPETIT! – Fruits Cap,USA
psvdlc,PCSE00471,Senran Kagura Bon Appetit! (Hanzo x Crimson Squad),忍乳负重 闪乱神乐 [英文版],DLC-0000000000000000,SENRAN KAGURA - BON APPETIT! – GESSEN X HEBIJO,USA
psvdlc,PCSE00471,Senran Kagura Bon Appetit! (Hanzo x Crimson Squad),忍乳负重 闪乱神乐 [英文版],DLC-0000000000000024,SENRAN KAGURA - BON APPETIT! – Kunoichi Outfit,USA
psvdlc,PCSE00471,Senran Kagura Bon Appetit! (Hanzo x Crimson Squad),忍乳负重 闪乱神乐 [英文版],DLC-0000000000000018,SENRAN KAGURA - BON APPETIT! – Lolita Cut,USA
psvdlc,PCSE00471,Senran Kagura Bon Appetit! (Hanzo x Crimson Squad),忍乳负重 闪乱神乐 [英文版],DLC-0000000000000020,SENRAN KAGURA - BON APPETIT! – Loose Crop,USA
psvdlc,PCSE00471,Senran Kagura Bon Appetit! (Hanzo x Crimson Squad),忍乳负重 闪乱神乐 [英文版],DLC-0000000000000067,SENRAN KAGURA - BON APPETIT! – Pig Nose,USA
psvdlc,PCSE00471,Senran Kagura Bon Appetit! (Hanzo x Crimson Squad),忍乳负重 闪乱神乐 [英文版],DLC-0000000000000023,SENRAN KAGURA - BON APPETIT! – Sexy Wedding,USA
psvdlc,PCSE00471,Senran Kagura Bon Appetit! (Hanzo x Crimson Squad),忍乳负重 闪乱神乐 [英文版],DLC-0000000000000021,SENRAN KAGURA - BON APPETIT! – Short Cut,USA
psvdlc,PCSE00471,Senran Kagura Bon Appetit! (Hanzo x Crimson Squad),忍乳负重 闪乱神乐 [英文版],DLC-0000000000000009,SENRAN KAGURA - BON APPETIT! – Silver Tiara,USA
psvdlc,PCSE00471,Senran Kagura Bon Appetit! (Hanzo x Crimson Squad),忍乳负重 闪乱神乐 [英文版],DLC-0000000000000069,SENRAN KAGURA - BON APPETIT! – Soft Serve,USA
psvdlc,PCSE00471,Senran Kagura Bon Appetit! (Hanzo x Crimson Squad),忍乳负重 闪乱神乐 [英文版],DLC-0000000000000027,SENRAN KAGURA - BON APPETIT! – Squid Arm,USA
psvdlc,PCSE00471,Senran Kagura Bon Appetit! (Hanzo x Crimson Squad),忍乳负重 闪乱神乐 [英文版],DLC-0000000000000030,SENRAN KAGURA - BON APPETIT! – Tempura,USA
psvdlc,PCSE00471,Senran Kagura Bon Appetit! (Hanzo x Crimson Squad),忍乳负重 闪乱神乐 [英文版],DLC-0000000000000063,SENRAN KAGURA - BON APPETIT! – Tuna,USA
psvdlc,PCSE00471,Senran Kagura Bon Appetit! (Hanzo x Crimson Squad),忍乳负重 闪乱神乐 [英文版],DLC-0000000000000001,SENRAN KAGURA - BON APPETIT! – Wedding Bouquet,USA
psvdlc,PCSE00471,Senran Kagura Bon Appetit! (Hanzo x Crimson Squad),忍乳负重 闪乱神乐 [英文版],DLC-0000000000000025,SENRAN KAGURA Bon Appetit! Fruits & Chocolate,USA
psvdlc,PCSE00480,Child of Light,光之子 [英文版],DLC-DLC0300000000000,Child of Light - Dark Pack,USA
psvdlc,PCSE00480,Child of Light,光之子 [英文版],DLC-DLC0600000000000,Child of Light - Faceted Oculi Pack,USA
psvdlc,PCSE00480,Child of Light,光之子 [英文版],DLC-DLC0200000000000,Child of Light - Light Pack,USA
psvdlc,PCSE00480,Child of Light,光之子 [英文版],DLC-DLC0400000000000,Child of Light - Rough Oculi Pack,USA
psvdlc,PCSE00480,Child of Light,光之子 [英文版],DLC-DLC0700000000000,Child of Light - Stardust Pack,USA
psvdlc,PCSE00480,Child of Light,光之子 [英文版],DLC-DLC0100000000000,Child of Light - The Golem’s Plight Pack,USA
psvdlc,PCSE00480,Child of Light,光之子 [英文版],DLC-DLC0500000000000,Child of Light - Tumbled Oculi Pack,USA
psvdlc,PCSE00491,Minecraft: PlayStation Vita Edition,我的世界 [中英文版],DLC-KSP0000000000021,Minecraft 3rd Birthday Skin Pack,USA
psvdlc,PCSE00491,Minecraft: PlayStation Vita Edition,我的世界 [中英文版],DLC-KSP0000000000039,Minecraft 4th Birthday Skin Pack,USA
psvdlc,PCSE00491,Minecraft: PlayStation Vita Edition,我的世界 [中英文版],DLC-KMP0000000000010,Minecraft Adventure Time Mash-up Pack,USA
psvdlc,PCSE00491,Minecraft: PlayStation Vita Edition,我的世界 [中英文版],DLC-KSP0000000000005,Minecraft Battle And Beasts 2,USA
psvdlc,PCSE00491,Minecraft: PlayStation Vita Edition,我的世界 [中英文版],DLC-KSP0000000000003,Minecraft Battle And Beasts,USA
psvdlc,PCSE00491,Minecraft: PlayStation Vita Edition,我的世界 [中英文版],DLC-KWP0000000000001,Minecraft Battle Map Pack 1,USA
psvdlc,PCSE00491,Minecraft: PlayStation Vita Edition,我的世界 [中英文版],DLC-KWP0000000000002,Minecraft Battle Map Pack 2,USA
psvdlc,PCSE00491,Minecraft: PlayStation Vita Edition,我的世界 [中英文版],DLC-KWP0000000000003,Minecraft Battle Map Pack 3,USA
psvdlc,PCSE00491,Minecraft: PlayStation Vita Edition,我的世界 [中英文版],DLC-KWP0000000000004,Minecraft Battle Map Pack 4,USA
psvdlc,PCSE00491,Minecraft: PlayStation Vita Edition,我的世界 [中英文版],DLC-KSP0000000000025,Minecraft Biome Settlers Pack 1,USA
psvdlc,PCSE00491,Minecraft: PlayStation Vita Edition,我的世界 [中英文版],DLC-KSP0000000000027,Minecraft Biome Settlers Pack 2,USA
psvdlc,PCSE00491,Minecraft: PlayStation Vita Edition,我的世界 [中英文版],DLC-KSP0000000000007,Minecraft Birthday Skin Pack,USA
psvdlc,PCSE00491,Minecraft: PlayStation Vita Edition,我的世界 [中英文版],DLC-KSP0000000000030,Minecraft Campfire Tales Skin Pack,USA
psvdlc,PCSE00491,Minecraft: PlayStation Vita Edition,我的世界 [中英文版],DLC-KTP0000000000007,Minecraft Candy Texture Pack,USA
psvdlc,PCSE00491,Minecraft: PlayStation Vita Edition,我的世界 [中英文版],DLC-KTP0000000000008,Minecraft Cartoon Texture Pack,USA
psvdlc,PCSE00491,Minecraft: PlayStation Vita Edition,我的世界 [中英文版],DLC-KMP0000000000008,Minecraft Chinese Mythology Mash-up Pack,USA
psvdlc,PCSE00491,Minecraft: PlayStation Vita Edition,我的世界 [中英文版],DLC-KTP0000000000006,Minecraft City Texture Pack,USA
psvdlc,PCSE00491,Minecraft: PlayStation Vita Edition,我的世界 [中英文版],DLC-KSP0000000000042,Minecraft Classic Skin Pack 1,USA
psvdlc,PCSE00491,Minecraft: PlayStation Vita Edition,我的世界 [中英文版],DLC-KSP0000000000014,Minecraft Doctor Who Skins Volume I,USA
psvdlc,PCSE00491,Minecraft: PlayStation Vita Edition,我的世界 [中英文版],DLC-KSP0000000000015,Minecraft Doctor Who Skins Volume II,USA
psvdlc,PCSE00491,Minecraft: PlayStation Vita Edition,我的世界 [中英文版],DLC-KMP0000000000012,Minecraft Egyptian Mythology Mash-up Pack,USA
psvdlc,PCSE00491,Minecraft: PlayStation Vita Edition,我的世界 [中英文版],DLC-KWP0000000000007,Minecraft Fallout Battle Map Pack,USA
psvdlc,PCSE00491,Minecraft: PlayStation Vita Edition,我的世界 [中英文版],DLC-KMP0000000000009,Minecraft Fallout Mash-up Pack,USA
psvdlc,PCSE00491,Minecraft: PlayStation Vita Edition,我的世界 [中英文版],DLC-KTP0000000000003,Minecraft Fantasy Texture Pack,USA
psvdlc,PCSE00491,Minecraft: PlayStation Vita Edition,我的世界 [中英文版],DLC-KWP0000000000006,Minecraft Festive Battle Map,USA
psvdlc,PCSE00491,Minecraft: PlayStation Vita Edition,我的世界 [中英文版],DLC-KMP0000000000004,Minecraft Festive Mash-up Pack,USA
psvdlc,PCSE00491,Minecraft: PlayStation Vita Edition,我的世界 [中英文版],DLC-KSP0000000000001,Minecraft Festive Skin Pack,USA
psvdlc,PCSE00491,Minecraft: PlayStation Vita Edition,我的世界 [中英文版],DLC-KSP0000000000043,Minecraft FINAL FANTASY XV Skin Pack,USA
psvdlc,PCSE00491,Minecraft: PlayStation Vita Edition,我的世界 [中英文版],DLC-KSP0000000000046,Minecraft From The Shadows Skin Pack,USA
psvdlc,PCSE00491,Minecraft: PlayStation Vita Edition,我的世界 [中英文版],DLC-KWP0000000000008,Minecraft Glide Beasts Track Pack,USA
psvdlc,PCSE00491,Minecraft: PlayStation Vita Edition,我的世界 [中英文版],DLC-KWP0000000000009,Minecraft Glide Giants Track Pack,USA
psvdlc,PCSE00491,Minecraft: PlayStation Vita Edition,我的世界 [中英文版],DLC-KWP0000000000010,Minecraft Glide Myths Track Pack,USA
psvdlc,PCSE00491,Minecraft: PlayStation Vita Edition,我的世界 [中英文版],DLC-KMP0000000000006,Minecraft Greek Mythology Mash-up Pack,USA
psvdlc,PCSE00491,Minecraft: PlayStation Vita Edition,我的世界 [中英文版],DLC-KMP0000000000007,Minecraft Halloween 2015,USA
psvdlc,PCSE00491,Minecraft: PlayStation Vita Edition,我的世界 [中英文版],DLC-KWP0000000000005,Minecraft Halloween Battle Map Pack,USA
psvdlc,PCSE00491,Minecraft: PlayStation Vita Edition,我的世界 [中英文版],DLC-KTP0000000000004,Minecraft Halloween Texture Pack,USA
psvdlc,PCSE00491,Minecraft: PlayStation Vita Edition,我的世界 [中英文版],DLC-KMP0000000000005,Minecraft LittleBigPlanetTM Mash-up Pack,USA
psvdlc,PCSE00491,Minecraft: PlayStation Vita Edition,我的世界 [中英文版],DLC-KSP0000000000035,Minecraft Magic The Gathering Skin Pack,USA
psvdlc,PCSE00491,Minecraft: PlayStation Vita Edition,我的世界 [中英文版],DLC-KMP0000000000001,Minecraft Mass Effect Mash-up Pack,USA
psvdlc,PCSE00491,Minecraft: PlayStation Vita Edition,我的世界 [中英文版],DLC-KSP0000000000020,Minecraft Minecon 2015 Skin Pack,USA
psvdlc,PCSE00491,Minecraft: PlayStation Vita Edition,我的世界 [中英文版],DLC-KSP0000000000034,Minecraft Mini Game Heroes Skin Pack,USA
psvdlc,PCSE00491,Minecraft: PlayStation Vita Edition,我的世界 [中英文版],DLC-KSP0000000000032,Minecraft Mini Game Masters Skin Pack,USA
psvdlc,PCSE00491,Minecraft: PlayStation Vita Edition,我的世界 [中英文版],DLC-KSP0000000000040,Minecraft Moana Character Pack,USA
psvdlc,PCSE00491,Minecraft: PlayStation Vita Edition,我的世界 [中英文版],DLC-KTP0000000000002,Minecraft Natural Texture Pack,USA
psvdlc,PCSE00491,Minecraft: PlayStation Vita Edition,我的世界 [中英文版],DLC-KMP0000000000011,Minecraft Norse Mythology Mash-up Pack,USA
psvdlc,PCSE00491,Minecraft: PlayStation Vita Edition,我的世界 [中英文版],DLC-KTP0000000000010,Minecraft Pattern Texture Pack,USA
psvdlc,PCSE00491,Minecraft: PlayStation Vita Edition,我的世界 [中英文版],DLC-KMP0000000000013,Minecraft Pirates Of The Caribbean Mash-up Pack,USA
psvdlc,PCSE00491,Minecraft: PlayStation Vita Edition,我的世界 [中英文版],DLC-KTP0000000000001,Minecraft Plastic Texture Pack,USA
psvdlc,PCSE00491,Minecraft: PlayStation Vita Edition,我的世界 [中英文版],DLC-KSP0000000000033,Minecraft Power Rangers Skin Pack,USA
psvdlc,PCSE00491,Minecraft: PlayStation Vita Edition,我的世界 [中英文版],DLC-KSP0000000000028,Minecraft Redstone Specialists Skin Pack,USA
psvdlc,PCSE00491,Minecraft: PlayStation Vita Edition,我的世界 [中英文版],DLC-KSP0000000000002,Minecraft Skin Pack 1,USA
psvdlc,PCSE00491,Minecraft: PlayStation Vita Edition,我的世界 [中英文版],DLC-KSP0000000000004,Minecraft Skin Pack 2,USA
psvdlc,PCSE00491,Minecraft: PlayStation Vita Edition,我的世界 [中英文版],DLC-KSP0000000000006,Minecraft Skin Pack 3,USA
psvdlc,PCSE00491,Minecraft: PlayStation Vita Edition,我的世界 [中英文版],DLC-KMP0000000000002,Minecraft Skyrim Mash-up Pack,USA
psvdlc,PCSE00491,Minecraft: PlayStation Vita Edition,我的世界 [中英文版],DLC-KSP0000000000045,Minecraft Solo - A Star Wars Story Pack,USA
psvdlc,PCSE00491,Minecraft: PlayStation Vita Edition,我的世界 [中英文版],DLC-KSP0000000000016,Minecraft Star Wars Classic Skin Pack,USA
psvdlc,PCSE00491,Minecraft: PlayStation Vita Edition,我的世界 [中英文版],DLC-KSP0000000000022,Minecraft Star Wars Prequel Skin Pack,USA
psvdlc,PCSE00491,Minecraft: PlayStation Vita Edition,我的世界 [中英文版],DLC-KSP0000000000017,Minecraft Star Wars Rebels Skin Pack,USA
psvdlc,PCSE00491,Minecraft: PlayStation Vita Edition,我的世界 [中英文版],DLC-KSP0000000000041,Minecraft Star Wars Sequel Skin Pack,USA
psvdlc,PCSE00491,Minecraft: PlayStation Vita Edition,我的世界 [中英文版],DLC-KTP0000000000009,Minecraft Steampunk Texture Pack,USA
psvdlc,PCSE00491,Minecraft: PlayStation Vita Edition,我的世界 [中英文版],DLC-KSP0000000000026,Minecraft Story Mode Skin Pack,USA
psvdlc,PCSE00491,Minecraft: PlayStation Vita Edition,我的世界 [中英文版],DLC-KSP0000000000037,Minecraft Stranger Things Skin Pack,USA
psvdlc,PCSE00491,Minecraft: PlayStation Vita Edition,我的世界 [中英文版],DLC-KSP0000000000036,Minecraft Strangers - Biome Settlers 3 Skin Pack,USA
psvdlc,PCSE00491,Minecraft: PlayStation Vita Edition,我的世界 [中英文版],DLC-KTP0000000000011,Minecraft Super Cute Texture Pack,USA
psvdlc,PCSE00491,Minecraft: PlayStation Vita Edition,我的世界 [中英文版],DLC-KSP0000000000044,Minecraft The Incredibles Skin Pack,USA
psvdlc,PCSE00491,Minecraft: PlayStation Vita Edition,我的世界 [中英文版],DLC-KMP0000000000014,Minecraft The Nightmare Before Christmas Mash-up Pack,USA
psvdlc,PCSE00491,Minecraft: PlayStation Vita Edition,我的世界 [中英文版],DLC-KSP0000000000018,Minecraft The Simpsons Skin Pack,USA
psvdlc,PCSE00491,Minecraft: PlayStation Vita Edition,我的世界 [中英文版],DLC-KSP0000000000031,Minecraft Villains Skin Pack,USA
psvdlc,PCSE00493,Switch Galaxy Ultra,极速空间：星系 最终版 [英文版],DLC-00000CHARITYPACK,Charity Pack,USA
psvdlc,PCSE00493,Switch Galaxy Ultra,极速空间：星系 最终版 [英文版],DLC-0000000MUSICPACK,Music Pack,USA
psvdlc,PCSE00503,Samurai Warriors 4,战国无双 4 [英文版],DLC-SEN4DLCQUEST0000,Scenario Pack 1,USA
psvdlc,PCSE00503,Samurai Warriors 4,战国无双 4 [英文版],DLC-SEN4DLCQUEST0001,Scenario Pack 2,USA
psvdlc,PCSE00503,Samurai Warriors 4,战国无双 4 [英文版],DLC-SEN4DLCQUEST0002,Scenario Pack 3,USA
psvdlc,PCSE00503,Samurai Warriors 4,战国无双 4 [英文版],DLC-SEN4DLCQUEST0003,Scenario Pack 4,USA
psvdlc,PCSE00503,Samurai Warriors 4,战国无双 4 [英文版],DLC-SEN4DLCOS0000006,Special Costumes 3,USA
psvdlc,PCSE00508,Hyperdimension Neptunia: Re;Birth2 Sisters Generation,超次元海王星：重生 2 姐妹时代 [英文版],DLC-NRB2DLC000000003,Additional Content Pack 1,USA
psvdlc,PCSE00508,Hyperdimension Neptunia: Re;Birth2 Sisters Generation,超次元海王星：重生 2 姐妹时代 [英文版],DLC-NRB2DLC000000004,Additional Content Pack 2,USA
psvdlc,PCSE00508,Hyperdimension Neptunia: Re;Birth2 Sisters Generation,超次元海王星：重生 2 姐妹时代 [英文版],DLC-NRB2DLC000000005,Additional Content Pack 3,USA
psvdlc,PCSE00508,Hyperdimension Neptunia: Re;Birth2 Sisters Generation,超次元海王星：重生 2 姐妹时代 [英文版],DLC-NRB2DLC000000011,Anime Collaboration Set,USA
psvdlc,PCSE00508,Hyperdimension Neptunia: Re;Birth2 Sisters Generation,超次元海王星：重生 2 姐妹时代 [英文版],DLC-NRB2DLC000000008,Believe in Pippin Set,USA
psvdlc,PCSE00508,Hyperdimension Neptunia: Re;Birth2 Sisters Generation,超次元海王星：重生 2 姐妹时代 [英文版],DLC-NRB2DLC000000002,Histy's Beginner Package,USA
psvdlc,PCSE00508,Hyperdimension Neptunia: Re;Birth2 Sisters Generation,超次元海王星：重生 2 姐妹时代 [英文版],DLC-NRB2DLC000000001,Histy's Rehabilitation Package,USA
psvdlc,PCSE00508,Hyperdimension Neptunia: Re;Birth2 Sisters Generation,超次元海王星：重生 2 姐妹时代 [英文版],DLC-NRB2DLC000000006,Histy's Rescue Plans,USA
psvdlc,PCSE00508,Hyperdimension Neptunia: Re;Birth2 Sisters Generation,超次元海王星：重生 2 姐妹时代 [英文版],DLC-NRB2DLC000000007,Nepgear's [Beam Zapper ZERO],USA
psvdlc,PCSE00508,Hyperdimension Neptunia: Re;Birth2 Sisters Generation,超次元海王星：重生 2 姐妹时代 [英文版],DLC-NRB2DLC000000010,Nepgear's『Nepgear Eye Mask』,USA
psvdlc,PCSE00518,Damascus Gear: Operation Tokyo,大马士革机器人：东京始战 [英文版],DLC-DLC0000000000000,Add'l Missions #1 - Old Hero and Broken Gears of Time [PT.1] - Cloaked with Dishonor,USA
psvdlc,PCSE00518,Damascus Gear: Operation Tokyo,大马士革机器人：东京始战 [英文版],DLC-DLC0000000000001,Add'l Missions #2 - Old Hero and Broken Gears of Time [PT.2] - Last Stand of a Hero,USA
psvdlc,PCSE00518,Damascus Gear: Operation Tokyo,大马士革机器人：东京始战 [英文版],DLC-DLC0000000000002,Add'l Story - Hero Creation,USA
psvdlc,PCSE00536,Fantasy Hero: Unsigned Legacy,幻想英雄：未被继承的遗产 [英文版],DLC-DLCHEROCOLOR0000,CHARACTER COLOR PACK-ACRESS SET-01,USA
psvdlc,PCSE00536,Fantasy Hero: Unsigned Legacy,幻想英雄：未被继承的遗产 [英文版],DLC-DLCHEROCOLOR0300,CHARACTER COLOR PACK-ASHTA SET-01,USA
psvdlc,PCSE00536,Fantasy Hero: Unsigned Legacy,幻想英雄：未被继承的遗产 [英文版],DLC-DLCHEROCOLOR0200,CHARACTER COLOR PACK-HAUL SET-01,USA
psvdlc,PCSE00536,Fantasy Hero: Unsigned Legacy,幻想英雄：未被继承的遗产 [英文版],DLC-DLCHEROCOLOR0100,CHARACTER COLOR PACK-SHOUT SET-01,USA
psvdlc,PCSE00536,Fantasy Hero: Unsigned Legacy,幻想英雄：未被继承的遗产 [英文版],DLC-DLCCHARLICENSE02,CHARACTER LICENSE & BB COLOR SET,USA
psvdlc,PCSE00536,Fantasy Hero: Unsigned Legacy,幻想英雄：未被继承的遗产 [英文版],DLC-DLCCHARLICENSE01,CHARACTER LICENSE & GG COLOR SET,USA
psvdlc,PCSE00536,Fantasy Hero: Unsigned Legacy,幻想英雄：未被继承的遗产 [英文版],DLC-DLCCHARLICENSE03,CHARACTER LICENSE & SP COLOR SET,USA
psvdlc,PCSE00536,Fantasy Hero: Unsigned Legacy,幻想英雄：未被继承的遗产 [英文版],DLC-DLCADDMISSION000,Mission Pack #1 Birth of the Sacred Treasures,USA
psvdlc,PCSE00536,Fantasy Hero: Unsigned Legacy,幻想英雄：未被继承的遗产 [英文版],DLC-DLCADDMISSION001,Mission Pack #2 Then and Now,USA
psvdlc,PCSE00542,Desert Ashes,大漠尘埃 [英文版],DLC-EP00000000000000,Episode 2 - Winged Assault,USA
psvdlc,PCSE00542,Desert Ashes,大漠尘埃 [英文版],DLC-EP00000000000001,Episode 3 - Landian Strikeback,USA
psvdlc,PCSE00568,Hyperdevotion Noire: Goddess Black Heart,超女神信仰诺瓦露：激神黑心 [英文版],DLC-NORDLCONTENTS250,Dengeki Processor Set,USA
psvdlc,PCSE00568,Hyperdevotion Noire: Goddess Black Heart,超女神信仰诺瓦露：激神黑心 [英文版],DLC-NORDLCONTENTS002,Histy's Beginner Item Set,USA
psvdlc,PCSE00568,Hyperdevotion Noire: Goddess Black Heart,超女神信仰诺瓦露：激神黑心 [英文版],DLC-NORDLCONTENTS001,Histy's Free Trial Item Set,USA
psvdlc,PCSE00568,Hyperdevotion Noire: Goddess Black Heart,超女神信仰诺瓦露：激神黑心 [英文版],DLC-NORDLCONTENTS102,New Party Member [Compa],USA
psvdlc,PCSE00568,Hyperdevotion Noire: Goddess Black Heart,超女神信仰诺瓦露：激神黑心 [英文版],DLC-NORDLCONTENTS101,New Party Member [IF],USA
psvdlc,PCSE00568,Hyperdevotion Noire: Goddess Black Heart,超女神信仰诺瓦露：激神黑心 [英文版],DLC-NORDLCONTENTS103,New Party Member [Sting],USA
psvdlc,PCSE00568,Hyperdevotion Noire: Goddess Black Heart,超女神信仰诺瓦露：激神黑心 [英文版],DLC-NORDLCONTENTS100,New Party Member [Tiara],USA
psvdlc,PCSE00568,Hyperdevotion Noire: Goddess Black Heart,超女神信仰诺瓦露：激神黑心 [英文版],DLC-NORDLCONTENTS251,Noire's Weapon [Dengeki Blade],USA
psvdlc,PCSE00568,Hyperdevotion Noire: Goddess Black Heart,超女神信仰诺瓦露：激神黑心 [英文版],DLC-NORDLCONTENTS019,Super Disc [Ultimate Disc],USA
psvdlc,PCSE00568,Hyperdevotion Noire: Goddess Black Heart,超女神信仰诺瓦露：激神黑心 [英文版],DLC-NORDLCONTENTS008,Ultimate Lid Set,USA
psvdlc,PCSE00568,Hyperdevotion Noire: Goddess Black Heart,超女神信仰诺瓦露：激神黑心 [英文版],DLC-NORDLCONTENTS004,Ultimate Neptune Set,USA
psvdlc,PCSE00568,Hyperdevotion Noire: Goddess Black Heart,超女神信仰诺瓦露：激神黑心 [英文版],DLC-NORDLCONTENTS003,Ultimate Noire Set,USA
psvdlc,PCSE00568,Hyperdevotion Noire: Goddess Black Heart,超女神信仰诺瓦露：激神黑心 [英文版],DLC-NORDLCONTENTS006,Ultimate Vert Set,USA
psvdlc,PCSE00579,Operation Abyss: New Tokyo Legacy,东京新世录：作战深渊 [英文版],DLC-OPERATIONABYSS05,Bonus Content!,USA
psvdlc,PCSE00579,Operation Abyss: New Tokyo Legacy,东京新世录：作战深渊 [英文版],DLC-OPERATIONABYSS03,Dark Hero Portraits,USA
psvdlc,PCSE00579,Operation Abyss: New Tokyo Legacy,东京新世录：作战深渊 [英文版],DLC-OPERATIONABYSS02,Swim Team Xth Squad Portraits,USA
psvdlc,PCSE00583,SteamWorld Heist,蒸汽世界：大抢劫 [英文版],DLC-SWHDLC0000000002,Hatbox - Hatful Eight+2,USA
psvdlc,PCSE00583,SteamWorld Heist,蒸汽世界：大抢劫 [英文版],DLC-SWHDLC0000000003,Hatbox - Three 4 Free,USA
psvdlc,PCSE00583,SteamWorld Heist,蒸汽世界：大抢劫 [英文版],DLC-SWHDLC0000000001,SteamWorld Heist - The Outsider,USA
psvdlc,PCSE00584,Atelier Ayesha Plus ~The Alchemist of Dusk~,亚莎的炼金工房 Plus：黄昏大地的炼金术士 [英文版],DLC-ACCESSORY4DOCOMO,Additional Accessories -Flower Band,USA
psvdlc,PCSE00584,Atelier Ayesha Plus ~The Alchemist of Dusk~,亚莎的炼金工房 Plus：黄昏大地的炼金术士 [英文版],DLC-AYESHABGMCHANGE0,Additional BGM set,USA
psvdlc,PCSE00584,Atelier Ayesha Plus ~The Alchemist of Dusk~,亚莎的炼金工房 Plus：黄昏大地的炼金术士 [英文版],DLC-AYESHACOSTUMEEX0,Additional Costumes -Little Garnet Additional Costumes -Bride Sapphire,USA
psvdlc,PCSE00584,Atelier Ayesha Plus ~The Alchemist of Dusk~,亚莎的炼金工房 Plus：黄昏大地的炼金术士 [英文版],DLC-AYESHACOSTUMEFT0,Additional Costumes -Modern Girl,USA
psvdlc,PCSE00584,Atelier Ayesha Plus ~The Alchemist of Dusk~,亚莎的炼金工房 Plus：黄昏大地的炼金术士 [英文版],DLC-COSTUME444DOCOMO,Additional Costumes -Passion Cloth,USA
psvdlc,PCSE00584,Atelier Ayesha Plus ~The Alchemist of Dusk~,亚莎的炼金工房 Plus：黄昏大地的炼金术士 [英文版],DLC-AYESHACOSTUMEDP0,Additional Costumes -Strawberry swimsuit,USA
psvdlc,PCSE00584,Atelier Ayesha Plus ~The Alchemist of Dusk~,亚莎的炼金工房 Plus：黄昏大地的炼金术士 [英文版],DLC-AYESHACOSTUME1ST,Additional Costumes -White Diamond,USA
psvdlc,PCSE00588,Hyperdimension Neptunia U: Action Unleashed,超次元海王星 U：战斗释放 [英文版],DLC-ACTIONNEPTUNIA06,Bonus Quest,USA
psvdlc,PCSE00588,Hyperdimension Neptunia U: Action Unleashed,超次元海王星 U：战斗释放 [英文版],DLC-ACTIONNEPTUNIA01,Dengekiko's Swimsuit,USA
psvdlc,PCSE00588,Hyperdimension Neptunia U: Action Unleashed,超次元海王星 U：战斗释放 [英文版],DLC-ACTIONNEPTUNIA07,Difficult Quest,USA
psvdlc,PCSE00588,Hyperdimension Neptunia U: Action Unleashed,超次元海王星 U：战斗释放 [英文版],DLC-ACTIONNEPTUNIA03,Exciting Swimsuit Set,USA
psvdlc,PCSE00588,Hyperdimension Neptunia U: Action Unleashed,超次元海王星 U：战斗释放 [英文版],DLC-ACTIONNEPTUNIA02,Famitsu's Swimsuit,USA
psvdlc,PCSE00588,Hyperdimension Neptunia U: Action Unleashed,超次元海王星 U：战斗释放 [英文版],DLC-ACTIONNEPTUNIA04,"MAGES.'s Gift, Vol. 1",USA
psvdlc,PCSE00588,Hyperdimension Neptunia U: Action Unleashed,超次元海王星 U：战斗释放 [英文版],DLC-ACTIONNEPTUNIA05,"MAGES.'s Gift, Vol. 2",USA
psvdlc,PCSE00628,AeternoBlade,阿泰诺神剑 [英文版],DLC-0000000000000002,Agent costume,USA
psvdlc,PCSE00628,AeternoBlade,阿泰诺神剑 [英文版],DLC-0000000000000000,Arena Mode,USA
psvdlc,PCSE00628,AeternoBlade,阿泰诺神剑 [英文版],DLC-0000000000000005,Assassin costume,USA
psvdlc,PCSE00628,AeternoBlade,阿泰诺神剑 [英文版],DLC-0000000000000001,Bikini costume,USA
psvdlc,PCSE00628,AeternoBlade,阿泰诺神剑 [英文版],DLC-0000000000000003,Ninja costume,USA
psvdlc,PCSE00628,AeternoBlade,阿泰诺神剑 [英文版],DLC-0000000000000004,Time Guardian costume,USA
psvdlc,PCSE00628,AeternoBlade,阿泰诺神剑 [英文版],DLC-0000000000000006,Virnia costume,USA
psvdlc,PCSE00638,One Piece: Pirate Warriors 3,海贼王：海贼无双 3 [英文版],DLC-OP3COSTUME000029,Ace Bonus Costume - SW,USA
psvdlc,PCSE00638,One Piece: Pirate Warriors 3,海贼王：海贼无双 3 [英文版],DLC-OP3SCENARIO00001,Bonus Episode - All's Quiet on East Blue!,USA
psvdlc,PCSE00638,One Piece: Pirate Warriors 3,海贼王：海贼无双 3 [英文版],DLC-OP3SCENARIO00005,Bonus Episode - Heroes of the Coliseum,USA
psvdlc,PCSE00638,One Piece: Pirate Warriors 3,海贼王：海贼无双 3 [英文版],DLC-OP3SCENARIO00009,Bonus Episode - Pirate Mega-Showdown,USA
psvdlc,PCSE00638,One Piece: Pirate Warriors 3,海贼王：海贼无双 3 [英文版],DLC-OP3SCENARIO00000,Bonus Episode - Sky Island Treasure Hunt Survival,USA
psvdlc,PCSE00638,One Piece: Pirate Warriors 3,海贼王：海贼无双 3 [英文版],DLC-OP3SCENARIO00002,Bonus Episode - The Decent and Dutiful World Government,USA
psvdlc,PCSE00638,One Piece: Pirate Warriors 3,海贼王：海贼无双 3 [英文版],DLC-OP3SCENARIO00008,Bonus Episode - The Surgeon of Life or Death,USA
psvdlc,PCSE00638,One Piece: Pirate Warriors 3,海贼王：海贼无双 3 [英文版],DLC-OP3SCENARIO00003,Bonus Episode - Whitebeard vs. the Sun Pirates,USA
psvdlc,PCSE00638,One Piece: Pirate Warriors 3,海贼王：海贼无双 3 [英文版],DLC-OP3SCENARIO00007,Bonus Episode - World Government Mega-Showdown,USA
psvdlc,PCSE00638,One Piece: Pirate Warriors 3,海贼王：海贼无双 3 [英文版],DLC-OP3COSTUME000026,Chopper Bonus Costume - Kimono,USA
psvdlc,PCSE00638,One Piece: Pirate Warriors 3,海贼王：海贼无双 3 [英文版],DLC-OP3COSTUME000005,Hancock Bonus Costume - 3D2Y,USA
psvdlc,PCSE00638,One Piece: Pirate Warriors 3,海贼王：海贼无双 3 [英文版],DLC-OP3COSTUME000016,Hancock Bonus Costume - Dynasty Warriors Diaochan,USA
psvdlc,PCSE00638,One Piece: Pirate Warriors 3,海贼王：海贼无双 3 [英文版],DLC-OP3COSTUME000031,Hancock Bonus Costume - Maiden Island,USA
psvdlc,PCSE00638,One Piece: Pirate Warriors 3,海贼王：海贼无双 3 [英文版],DLC-OP3COSTUME000020,Hancock Bonus Costume - Samurai Warriors Naotora Ii,USA
psvdlc,PCSE00638,One Piece: Pirate Warriors 3,海贼王：海贼无双 3 [英文版],DLC-OP3COSTUME000002,Law Bonus Costume - Dressrosa,USA
psvdlc,PCSE00638,One Piece: Pirate Warriors 3,海贼王：海贼无双 3 [英文版],DLC-OP3COSTUME000011,Luffy Bonus Costume - 'Z' Final Battle costume,USA
psvdlc,PCSE00638,One Piece: Pirate Warriors 3,海贼王：海贼无双 3 [英文版],DLC-OP3COSTUME000010,Luffy Bonus Costume - 'Z' Final Battle meat costume,USA
psvdlc,PCSE00638,One Piece: Pirate Warriors 3,海贼王：海贼无双 3 [英文版],DLC-OP3COSTUME000022,Luffy Bonus Costume - Samurai,USA
psvdlc,PCSE00638,One Piece: Pirate Warriors 3,海贼王：海贼无双 3 [英文版],DLC-OP3COSTUME000003,Nami Bonus Costume - Dressrosa,USA
psvdlc,PCSE00638,One Piece: Pirate Warriors 3,海贼王：海贼无双 3 [英文版],DLC-OP3COSTUME000014,Nami Bonus Costume - Dynasty Warriors Sun Shangxiang,USA
psvdlc,PCSE00638,One Piece: Pirate Warriors 3,海贼王：海贼无双 3 [英文版],DLC-OP3COSTUME000027,Nami Bonus Costume - Kimono,USA
psvdlc,PCSE00638,One Piece: Pirate Warriors 3,海贼王：海贼无双 3 [英文版],DLC-OP3COSTUME000018,Nami Bonus Costume - Samurai Warriors Kunoichi,USA
psvdlc,PCSE00638,One Piece: Pirate Warriors 3,海贼王：海贼无双 3 [英文版],DLC-OP3COSTUME000030,Nami Bonus Costume - SW,USA
psvdlc,PCSE00638,One Piece: Pirate Warriors 3,海贼王：海贼无双 3 [英文版],DLC-OP3COSTUME000007,Nami Bonus Costume - Wedding Dress,USA
psvdlc,PCSE00638,One Piece: Pirate Warriors 3,海贼王：海贼无双 3 [英文版],DLC-OP3COSTUME000017,Perona Bonus Costume - Dynasty Warriors Wang Yuanji,USA
psvdlc,PCSE00638,One Piece: Pirate Warriors 3,海贼王：海贼无双 3 [英文版],DLC-OP3COSTUME000021,Perona Bonus Costume - Samurai Warriors Okuni,USA
psvdlc,PCSE00638,One Piece: Pirate Warriors 3,海贼王：海贼无双 3 [英文版],DLC-OP3COSTUME000006,Perona Bonus Costume - Thriller Bark,USA
psvdlc,PCSE00638,One Piece: Pirate Warriors 3,海贼王：海贼无双 3 [英文版],DLC-OP3COSTUME000004,Robin Bonus Costume - Dressrosa,USA
psvdlc,PCSE00638,One Piece: Pirate Warriors 3,海贼王：海贼无双 3 [英文版],DLC-OP3COSTUME000015,Robin Bonus Costume - Dynasty Warriors Xingcai,USA
psvdlc,PCSE00638,One Piece: Pirate Warriors 3,海贼王：海贼无双 3 [英文版],DLC-OP3COSTUME000028,Robin Bonus Costume - Kimono,USA
psvdlc,PCSE00638,One Piece: Pirate Warriors 3,海贼王：海贼无双 3 [英文版],DLC-OP3COSTUME000019,Robin Bonus Costume - Samurai Warriors Kaihime,USA
psvdlc,PCSE00638,One Piece: Pirate Warriors 3,海贼王：海贼无双 3 [英文版],DLC-OP3COSTUME000013,Sanji Bonus Costume - 'Z' Final Battle costume,USA
psvdlc,PCSE00638,One Piece: Pirate Warriors 3,海贼王：海贼无双 3 [英文版],DLC-OP3COSTUME000024,Sanji Bonus Costume - Kimono,USA
psvdlc,PCSE00638,One Piece: Pirate Warriors 3,海贼王：海贼无双 3 [英文版],DLC-OP3COSTUME000009,Shanks Bonus Costume - SW,USA
psvdlc,PCSE00638,One Piece: Pirate Warriors 3,海贼王：海贼无双 3 [英文版],DLC-OP3COSTUME000008,Tashigi Bonus Costume - Shambles,USA
psvdlc,PCSE00638,One Piece: Pirate Warriors 3,海贼王：海贼无双 3 [英文版],DLC-OP3COSTUME000025,Usopp Bonus Costume - Kimono,USA
psvdlc,PCSE00638,One Piece: Pirate Warriors 3,海贼王：海贼无双 3 [英文版],DLC-OP3COSTUME000012,Zoro Bonus Costume - 'Z' Final Battle costume,USA
psvdlc,PCSE00638,One Piece: Pirate Warriors 3,海贼王：海贼无双 3 [英文版],DLC-OP3COSTUME000023,Zoro Bonus Costume - Kimono,USA
psvdlc,PCSE00661,Hyperdimension Neptunia: Re;Birth3 V Generation,超次元海王星：重生 3 V 世纪 [英文版],DLC-NRB3DLC000000003,Additional Character Pack 1,USA
psvdlc,PCSE00661,Hyperdimension Neptunia: Re;Birth3 V Generation,超次元海王星：重生 3 V 世纪 [英文版],DLC-NRB3DLC000000016,Additional Character Pack 2,USA
psvdlc,PCSE00661,Hyperdimension Neptunia: Re;Birth3 V Generation,超次元海王星：重生 3 V 世纪 [英文版],DLC-NRB3DLC000000005,Additional Content Pack 1,USA
psvdlc,PCSE00661,Hyperdimension Neptunia: Re;Birth3 V Generation,超次元海王星：重生 3 V 世纪 [英文版],DLC-NRB3DLC000000006,Additional Content Pack 2,USA
psvdlc,PCSE00661,Hyperdimension Neptunia: Re;Birth3 V Generation,超次元海王星：重生 3 V 世纪 [英文版],DLC-NRB3DLC000000007,Additional Content Pack 3,USA
psvdlc,PCSE00661,Hyperdimension Neptunia: Re;Birth3 V Generation,超次元海王星：重生 3 V 世纪 [英文版],DLC-NRB3DLC000000008,Dengeki PS First Series Dengeki Collaboration Processor Set,USA
psvdlc,PCSE00661,Hyperdimension Neptunia: Re;Birth3 V Generation,超次元海王星：重生 3 V 世纪 [英文版],DLC-NRB3DLC000000009,Dengeki PS Second Series Neptune Swimsuit Set,USA
psvdlc,PCSE00661,Hyperdimension Neptunia: Re;Birth3 V Generation,超次元海王星：重生 3 V 世纪 [英文版],DLC-NRB3DLC000000015,Dengeki Strategy Guide・Plutia Swimsuit Set,USA
psvdlc,PCSE00661,Hyperdimension Neptunia: Re;Birth3 V Generation,超次元海王星：重生 3 V 世纪 [英文版],DLC-NRB3DLC000000002,Histy's Beginner Item Pack,USA
psvdlc,PCSE00661,Hyperdimension Neptunia: Re;Birth3 V Generation,超次元海王星：重生 3 V 世纪 [英文版],DLC-NRB3DLC000000014,Histy's Emergency Aid Plan Pack,USA
psvdlc,PCSE00661,Hyperdimension Neptunia: Re;Birth3 V Generation,超次元海王星：重生 3 V 世纪 [英文版],DLC-NRB3DLC000000001,Histy's Item Trial Pack,USA
psvdlc,PCSE00661,Hyperdimension Neptunia: Re;Birth3 V Generation,超次元海王星：重生 3 V 世纪 [英文版],DLC-NRB3DLC000000020,Japanese Voice,USA
psvdlc,PCSE00661,Hyperdimension Neptunia: Re;Birth3 V Generation,超次元海王星：重生 3 V 世纪 [英文版],DLC-NRB3DLC000000017,Scout Pack,USA
psvdlc,PCSE00670,Lego Marvel's Avengers,乐高漫威复仇者联盟 [英文版],DLC-AGENTSOFSHIELD01,MARVEL's Agents of S.H.I.E.L.D. Pack,USA
psvdlc,PCSE00672,Sid Meier's Civilization Revolution 2 Plus,文明：变革 2 Plus [英文版],DLC-EASTASIANAVALSP0,East Asia Naval Scenario Pack,USA
psvdlc,PCSE00673,Lost Dimension,消失的次元 [英文版],DLC-ADDCONTENTSPKG13,Additional Map The beginning of the end,USA
psvdlc,PCSE00673,Lost Dimension,消失的次元 [英文版],DLC-ADDCONTENTSPKG16,Additional Quest Price of blood,USA
psvdlc,PCSE00673,Lost Dimension,消失的次元 [英文版],DLC-ADDCONTENTSPKG17,Additional Quest Runaway Cause and Effect,USA
psvdlc,PCSE00673,Lost Dimension,消失的次元 [英文版],DLC-ADDCONTENTSPKG15,Additional Quest The emissary from the netherworld,USA
psvdlc,PCSE00673,Lost Dimension,消失的次元 [英文版],DLC-ADDCONTENTSPKG37,Free Gift VP +1,USA
psvdlc,PCSE00673,Lost Dimension,消失的次元 [英文版],DLC-ADDCONTENTSPKG40,Medical Set A,USA
psvdlc,PCSE00673,Lost Dimension,消失的次元 [英文版],DLC-ADDCONTENTSPKG03,Special Costume Bad Boy,USA
psvdlc,PCSE00673,Lost Dimension,消失的次元 [英文版],DLC-ADDCONTENTSPKG04,Special Costume Dapper Socialite,USA
psvdlc,PCSE00673,Lost Dimension,消失的次元 [英文版],DLC-ADDCONTENTSPKG08,Special Costume Dream Fighter,USA
psvdlc,PCSE00673,Lost Dimension,消失的次元 [英文版],DLC-ADDCONTENTSPKG09,Special Costume Fallen Samurai,USA
psvdlc,PCSE00673,Lost Dimension,消失的次元 [英文版],DLC-ADDCONTENTSPKG11,Special Costume Freshman Prince,USA
psvdlc,PCSE00673,Lost Dimension,消失的次元 [英文版],DLC-ADDCONTENTSPKG07,Special Costume Kitty Costume,USA
psvdlc,PCSE00673,Lost Dimension,消失的次元 [英文版],DLC-ADDCONTENTSPKG06,Special Costume Risque Oiran,USA
psvdlc,PCSE00673,Lost Dimension,消失的次元 [英文版],DLC-ADDCONTENTSPKG05,Special Costume Shining Idol,USA
psvdlc,PCSE00673,Lost Dimension,消失的次元 [英文版],DLC-ADDCONTENTSPKG10,Special Costume Sweet Teacher,USA
psvdlc,PCSE00673,Lost Dimension,消失的次元 [英文版],DLC-ADDCONTENTSPKG00,Special Costume White Regalia,USA
psvdlc,PCSE00677,BlazBlue: Chronophantasma Extend,苍翼默示录：刻之幻影 扩展版 [英文版],DLC-BBCPPSV000016000,Story Gallery Data,USA
psvdlc,PCSE00692,Danganronpa Another Episode: Ultra Despair Girls,枪弹辩驳番外篇：绝对绝望少女 [英文版],DLC-DESPAIRGIRLSJP01,Danganronpa Another Episode - Ultra Despair Girls Japanese,USA
psvdlc,PCSE00693,Dungeon Travelers 2: The Royal Library & The Monster Seal,迷宫旅人 2：王立图书馆与魔物的封印 [英文版],DLC-DT2VDLCCHAR00ALL,Extra Character [ToHeart2] - All Character Pack,USA
psvdlc,PCSE00693,Dungeon Travelers 2: The Royal Library & The Monster Seal,迷宫旅人 2：王立图书馆与魔物的封印 [英文版],DLC-DT2VDLCEQUIP0680,Extra Content - Double EXP Membership Card,USA
psvdlc,PCSE00693,Dungeon Travelers 2: The Royal Library & The Monster Seal,迷宫旅人 2：王立图书馆与魔物的封印 [英文版],DLC-DT2VDLCEQUIP0681,Extra Content - Great Luck Fortune,USA
psvdlc,PCSE00707,Ar nosurge Plus: Ode to an Unborn Star,静籁永恒 Plus：献给诞生执行的祈祷诗 [英文版],DLC-ARNOVITA7ION0001,Costume Amenomirai Vestments,USA
psvdlc,PCSE00707,Ar nosurge Plus: Ode to an Unborn Star,静籁永恒 Plus：献给诞生执行的祈祷诗 [英文版],DLC-ARNOVITA7CAS0002,Costume Sports Wear,USA
psvdlc,PCSE00707,Ar nosurge Plus: Ode to an Unborn Star,静籁永恒 Plus：献给诞生执行的祈祷诗 [英文版],DLC-ARNOVITA7CAS0003,Costume UNITY-CHAN!,USA
psvdlc,PCSE00710,Earth Defense Force 2: Invaders from Planet Space,地球防卫军 2 携带版 V2 [英文版],DLC-WEAPONDLC0000006,Earth Defense Force 2 - Invaders from Planet Space 「88mm Artillery (Attack Whale)」,USA
psvdlc,PCSE00710,Earth Defense Force 2: Invaders from Planet Space,地球防卫军 2 携带版 V2 [英文版],DLC-WEAPONDLC0000007,Earth Defense Force 2 - Invaders from Planet Space 「Floating Mines」,USA
psvdlc,PCSE00710,Earth Defense Force 2: Invaders from Planet Space,地球防卫军 2 携带版 V2 [英文版],DLC-WEAPONDLC0000003,Earth Defense Force 2 - Invaders from Planet Space 「MONSTER-ZERO」,USA
psvdlc,PCSE00710,Earth Defense Force 2: Invaders from Planet Space,地球防卫军 2 携带版 V2 [英文版],DLC-WEAPONDLC0000005,Earth Defense Force 2 - Invaders from Planet Space 「Pure Decoy Launcher (Anju)」,USA
psvdlc,PCSE00710,Earth Defense Force 2: Invaders from Planet Space,地球防卫军 2 携带版 V2 [英文版],DLC-WEAPONDLC0000001,Earth Defense Force 2 - Invaders from Planet Space 「Pure Decoy Launcher [Chiri]」,USA
psvdlc,PCSE00710,Earth Defense Force 2: Invaders from Planet Space,地球防卫军 2 携带版 V2 [英文版],DLC-WEAPONDLC0000004,Earth Defense Force 2 - Invaders from Planet Space 「Spark Lancer」,USA
psvdlc,PCSE00710,Earth Defense Force 2: Invaders from Planet Space,地球防卫军 2 携带版 V2 [英文版],DLC-WEAPONDLC0000002,Earth Defense Force 2 - Invaders from Planet Space 「Sting Shot」,USA
psvdlc,PCSE00714,Samurai Warriors: Chronicles 3,战国无双 编年史 3 [英文版],DLC-SENC3TSUSHIN0000,Samurai News Vol. 1,USA
psvdlc,PCSE00714,Samurai Warriors: Chronicles 3,战国无双 编年史 3 [英文版],DLC-SENC3TSUSHIN0009,Samurai News Vol. 10,USA
psvdlc,PCSE00714,Samurai Warriors: Chronicles 3,战国无双 编年史 3 [英文版],DLC-SENC3TSUSHIN0010,Samurai News Vol. 11,USA
psvdlc,PCSE00714,Samurai Warriors: Chronicles 3,战国无双 编年史 3 [英文版],DLC-SENC3TSUSHIN0011,Samurai News Vol. 12,USA
psvdlc,PCSE00714,Samurai Warriors: Chronicles 3,战国无双 编年史 3 [英文版],DLC-SENC3TSUSHIN0012,Samurai News Vol. 13,USA
psvdlc,PCSE00714,Samurai Warriors: Chronicles 3,战国无双 编年史 3 [英文版],DLC-SENC3TSUSHIN0013,Samurai News Vol. 14,USA
psvdlc,PCSE00714,Samurai Warriors: Chronicles 3,战国无双 编年史 3 [英文版],DLC-SENC3TSUSHIN0014,Samurai News Vol. 15,USA
psvdlc,PCSE00714,Samurai Warriors: Chronicles 3,战国无双 编年史 3 [英文版],DLC-SENC3TSUSHIN0015,Samurai News Vol. 16,USA
psvdlc,PCSE00714,Samurai Warriors: Chronicles 3,战国无双 编年史 3 [英文版],DLC-SENC3TSUSHIN0016,Samurai News Vol. 17,USA
psvdlc,PCSE00714,Samurai Warriors: Chronicles 3,战国无双 编年史 3 [英文版],DLC-SENC3TSUSHIN0017,Samurai News Vol. 18,USA
psvdlc,PCSE00714,Samurai Warriors: Chronicles 3,战国无双 编年史 3 [英文版],DLC-SENC3TSUSHIN0018,Samurai News Vol. 19,USA
psvdlc,PCSE00714,Samurai Warriors: Chronicles 3,战国无双 编年史 3 [英文版],DLC-SENC3TSUSHIN0001,Samurai News Vol. 2,USA
psvdlc,PCSE00714,Samurai Warriors: Chronicles 3,战国无双 编年史 3 [英文版],DLC-SENC3TSUSHIN0019,Samurai News Vol. 20,USA
psvdlc,PCSE00714,Samurai Warriors: Chronicles 3,战国无双 编年史 3 [英文版],DLC-SENC3TSUSHIN0020,Samurai News Vol. 21,USA
psvdlc,PCSE00714,Samurai Warriors: Chronicles 3,战国无双 编年史 3 [英文版],DLC-SENC3TSUSHIN0021,Samurai News Vol. 22,USA
psvdlc,PCSE00714,Samurai Warriors: Chronicles 3,战国无双 编年史 3 [英文版],DLC-SENC3TSUSHIN0022,Samurai News Vol. 23,USA
psvdlc,PCSE00714,Samurai Warriors: Chronicles 3,战国无双 编年史 3 [英文版],DLC-SENC3TSUSHIN0023,Samurai News Vol. 24,USA
psvdlc,PCSE00714,Samurai Warriors: Chronicles 3,战国无双 编年史 3 [英文版],DLC-SENC3TSUSHIN0002,Samurai News Vol. 3,USA
psvdlc,PCSE00714,Samurai Warriors: Chronicles 3,战国无双 编年史 3 [英文版],DLC-SENC3TSUSHIN0003,Samurai News Vol. 4,USA
psvdlc,PCSE00714,Samurai Warriors: Chronicles 3,战国无双 编年史 3 [英文版],DLC-SENC3TSUSHIN0004,Samurai News Vol. 5,USA
psvdlc,PCSE00714,Samurai Warriors: Chronicles 3,战国无双 编年史 3 [英文版],DLC-SENC3TSUSHIN0005,Samurai News Vol. 6,USA
psvdlc,PCSE00714,Samurai Warriors: Chronicles 3,战国无双 编年史 3 [英文版],DLC-SENC3TSUSHIN0006,Samurai News Vol. 7,USA
psvdlc,PCSE00714,Samurai Warriors: Chronicles 3,战国无双 编年史 3 [英文版],DLC-SENC3TSUSHIN0007,Samurai News Vol. 8,USA
psvdlc,PCSE00714,Samurai Warriors: Chronicles 3,战国无双 编年史 3 [英文版],DLC-SENC3TSUSHIN0008,Samurai News Vol. 9,USA
psvdlc,PCSE00714,Samurai Warriors: Chronicles 3,战国无双 编年史 3 [英文版],DLC-SENC3DLCQUEST000,Scenario Set,USA
psvdlc,PCSE00714,Samurai Warriors: Chronicles 3,战国无双 编年史 3 [英文版],DLC-SENC3DLCPARTS000,Special Edit Parts 3,USA
psvdlc,PCSE00717,Superbeat Xonic,超酷节拍：音速 [英文版],DLC-SUPERBEAT00DLC01,XONiC PACK~7'S Rebirth~,USA
psvdlc,PCSE00717,Superbeat Xonic,超酷节拍：音速 [英文版],DLC-SUPERBEAT00DLC04,XONiC PACK~Cranky's Pick,USA
psvdlc,PCSE00717,Superbeat Xonic,超酷节拍：音速 [英文版],DLC-SUPERBEAT00DLC06,XONiC PACK~Extra Collection~,USA
psvdlc,PCSE00717,Superbeat Xonic,超酷节拍：音速 [英文版],DLC-SUPERBEAT00DLC02,XONiC PACK~Guilty Gear x XONiC~,USA
psvdlc,PCSE00717,Superbeat Xonic,超酷节拍：音速 [英文版],DLC-SUPERBEAT00DLC05,XONiC PACK~Long Live Collection~,USA
psvdlc,PCSE00717,Superbeat Xonic,超酷节拍：音速 [英文版],DLC-SUPERBEAT00DLC03,XONiC PACK~Magical Blaze Collection~,USA
psvdlc,PCSE00737,Samurai Warriors 4-II,战国无双 4-II [英文版],DLC-SEN4EXDLCANIM004,Animal Pack 1,USA
psvdlc,PCSE00737,Samurai Warriors 4-II,战国无双 4-II [英文版],DLC-SEN4EXDLCANIM005,Animal Pack 2,USA
psvdlc,PCSE00737,Samurai Warriors 4-II,战国无双 4-II [英文版],DLC-SEN4EXDLCCOS0005,Exclusive Costume 1,USA
psvdlc,PCSE00737,Samurai Warriors 4-II,战国无双 4-II [英文版],DLC-SEN4EXDLCCOS0007,Exclusive Costume 2,USA
psvdlc,PCSE00737,Samurai Warriors 4-II,战国无双 4-II [英文版],DLC-SEN4EXDLCCOS0004,Exclusive Costume 3,USA
psvdlc,PCSE00737,Samurai Warriors 4-II,战国无双 4-II [英文版],DLC-SEN4EXDLCCOS0006,Exclusive Costume 4,USA
psvdlc,PCSE00737,Samurai Warriors 4-II,战国无双 4-II [英文版],DLC-SEN4EXDLCCOS0003,Exclusive Costume 5,USA
psvdlc,PCSE00737,Samurai Warriors 4-II,战国无双 4-II [英文版],DLC-SEN4EXDLCQUEST00,New Scenario Pack 1,USA
psvdlc,PCSE00737,Samurai Warriors 4-II,战国无双 4-II [英文版],DLC-SEN4EXDLCQUEST01,New Scenario Pack 2,USA
psvdlc,PCSE00737,Samurai Warriors 4-II,战国无双 4-II [英文版],DLC-SEN4EXDLCQUEST02,New Scenario Pack 3,USA
psvdlc,PCSE00737,Samurai Warriors 4-II,战国无双 4-II [英文版],DLC-SEN4EXDLCQUEST03,New Scenario Pack 4,USA
psvdlc,PCSE00737,Samurai Warriors 4-II,战国无双 4-II [英文版],DLC-SEN4EXDLCBGM0001,Special BGM,USA
psvdlc,PCSE00737,Samurai Warriors 4-II,战国无双 4-II [英文版],DLC-SEN4EXDLCWEAP006,Weapon Pack 3,USA
psvdlc,PCSE00743,Deception IV: The Nightmare Princess,影牢：另一个公主 [英文版],DLC-DLC0000000000001,Golden Horse,USA
psvdlc,PCSE00743,Deception IV: The Nightmare Princess,影牢：另一个公主 [英文版],DLC-DLC0000000001001,Golden Toilet,USA
psvdlc,PCSE00743,Deception IV: The Nightmare Princess,影牢：另一个公主 [英文版],DLC-DLC0000000001010,Grill,USA
psvdlc,PCSE00743,Deception IV: The Nightmare Princess,影牢：另一个公主 [英文版],DLC-DLC0000000003002,Humiliating Trap - Octopus Arm,USA
psvdlc,PCSE00743,Deception IV: The Nightmare Princess,影牢：另一个公主 [英文版],DLC-DLC0000000001012,Kick-Off,USA
psvdlc,PCSE00743,Deception IV: The Nightmare Princess,影牢：另一个公主 [英文版],DLC-DLC0000000000004,Queen's High Heel,USA
psvdlc,PCSE00743,Deception IV: The Nightmare Princess,影牢：另一个公主 [英文版],DLC-DLC0000000003001,Rachel Pack,USA
psvdlc,PCSE00747,TowerFall Ascension,塔倒：升天 [英文版],DLC-TFDARKWORLDEXPSN,TowerFall Dark World,USA
psvdlc,PCSE00755,Digimon Story Cyber Sleuth,数码宝贝物语 网络侦探 [英文版],DLC-DSDLCQUEST001101,Additional Mission 1&2&3,USA
psvdlc,PCSE00755,Digimon Story Cyber Sleuth,数码宝贝物语 网络侦探 [英文版],DLC-DSDLCQUEST001102,Additional Mission 4&5&6,USA
psvdlc,PCSE00755,Digimon Story Cyber Sleuth,数码宝贝物语 网络侦探 [英文版],DLC-DSDLCQUEST001103,Additional Mission 7&8&9,USA
psvdlc,PCSE00755,Digimon Story Cyber Sleuth,数码宝贝物语 网络侦探 [英文版],DLC-DSDLCQUEST001104,Additional Mission 10&11&12,USA
psvdlc,PCSE00755,Digimon Story Cyber Sleuth,数码宝贝物语 网络侦探 [英文版],DLC-DSDLCDIGIMON1101,Beginning Head-Start,USA
psvdlc,PCSE00761,Rocketbirds 2: Evolution,火箭鸟 2：进化 [英文版],DLC-DLCSET0000000001,Rocketbirds 2 - Evolution  - Rescue Bundle DLC,USA
psvdlc,PCSE00764,Persona 4: Dancing All Night,女神异闻录 4：通宵热舞 [英文版],DLC-ADDCONTDLCF00010,Color Contact Lenses Set,USA
psvdlc,PCSE00764,Persona 4: Dancing All Night,女神异闻录 4：通宵热舞 [英文版],DLC-ADDCONTDLCF00007,Crossdressing Pageant Costume Set + Seaweed,USA
psvdlc,PCSE00764,Persona 4: Dancing All Night,女神异闻录 4：通宵热舞 [英文版],DLC-ADDCONTDLCF00012,Dyed Wig Set,USA
psvdlc,PCSE00764,Persona 4: Dancing All Night,女神异闻录 4：通宵热舞 [英文版],DLC-ADDCONTDLCF0000F,Fashionable Glasses Set,USA
psvdlc,PCSE00764,Persona 4: Dancing All Night,女神异闻录 4：通宵热舞 [英文版],DLC-ADDCONTDLCF0000D,Featherman Costume Set,USA
psvdlc,PCSE00764,Persona 4: Dancing All Night,女神异闻录 4：通宵热舞 [英文版],DLC-ADDCONTDLCF00011,Featherman Mask Set,USA
psvdlc,PCSE00764,Persona 4: Dancing All Night,女神异闻录 4：通宵热舞 [英文版],DLC-ADDCONTDLCF00004,Gekkoukan High Uniform Set,USA
psvdlc,PCSE00764,Persona 4: Dancing All Night,女神异闻录 4：通宵热舞 [英文版],DLC-ADDCONTDLCF00006,General Teddie Costume,USA
psvdlc,PCSE00764,Persona 4: Dancing All Night,女神异闻录 4：通宵热舞 [英文版],DLC-ADDCONTDLCF00009,Girls' Swimsuit Set,USA
psvdlc,PCSE00764,Persona 4: Dancing All Night,女神异闻录 4：通宵热舞 [英文版],DLC-ADDCONTDLCF00000,LAWSON Original Costume Set,USA
psvdlc,PCSE00764,Persona 4: Dancing All Night,女神异闻录 4：通宵热舞 [英文版],DLC-ADDCONTDLCD00006,Music Video eau. - Pursuing My True Self (Shinichi Osawa Remix),USA
psvdlc,PCSE00764,Persona 4: Dancing All Night,女神异闻录 4：通宵热舞 [英文版],DLC-ADDCONTDLCD00003,Music Video Gyudon - Shadow World (shadow swing mix),USA
psvdlc,PCSE00764,Persona 4: Dancing All Night,女神异闻录 4：通宵热舞 [英文版],DLC-ADDCONTDLCD0000B,Music Video Hoshima - Time To Make History (AKIRA YAMAOKA Remix),USA
psvdlc,PCSE00764,Persona 4: Dancing All Night,女神异闻录 4：通宵热舞 [英文版],DLC-ADDCONTDLCD00008,Music Video llcheesell - Shadow World (ATLUS Kozuka Remix),USA
psvdlc,PCSE00764,Persona 4: Dancing All Night,女神异闻录 4：通宵热舞 [英文版],DLC-ADDCONTDLCD00001,Music Video MasatakaP - SNOWFLAKES (NARASAKI Remix),USA
psvdlc,PCSE00764,Persona 4: Dancing All Night,女神异闻录 4：通宵热舞 [英文版],DLC-ADDCONTDLCD00009,Music Video Mienohito - NOW I KNOW (Yuu Miyake Remix),USA
psvdlc,PCSE00764,Persona 4: Dancing All Night,女神异闻录 4：通宵热舞 [英文版],DLC-ADDCONTDLCD00002,Music Video Saine - Backside Of The TV (Lotus Juice Remix),USA
psvdlc,PCSE00764,Persona 4: Dancing All Night,女神异闻录 4：通宵热舞 [英文版],DLC-ADDCONTDLCD00007,Music Video TOHRU_MiTSUHASHI - Best Friends (Banvox Remix),USA
psvdlc,PCSE00764,Persona 4: Dancing All Night,女神异闻录 4：通宵热舞 [英文版],DLC-ADDCONTDLCD00000,Music Video Tripshots - Signs Of Love (TK Remix),USA
psvdlc,PCSE00764,Persona 4: Dancing All Night,女神异闻录 4：通宵热舞 [英文版],DLC-ADDCONTDLCD00005,"Music Video Tsuyoshi Yamatani - Heartbeat, Heartbreak (TOWA TEI Remix)",USA
psvdlc,PCSE00764,Persona 4: Dancing All Night,女神异闻录 4：通宵热舞 [英文版],DLC-ADDCONTDLCD00004,Music Video WakamuraP - Your Affection (Daisuke Asakura Remix),USA
psvdlc,PCSE00764,Persona 4: Dancing All Night,女神异闻录 4：通宵热舞 [英文版],DLC-ADDCONTDLCD0000A,Music Video yama_ko - Heaven (Norihiko Hibino Remix),USA
psvdlc,PCSE00764,Persona 4: Dancing All Night,女神异闻录 4：通宵热舞 [英文版],DLC-ADDCONTDLCF0000B,Nanako Costume Set,USA
psvdlc,PCSE00764,Persona 4: Dancing All Night,女神异闻录 4：通宵热舞 [英文版],DLC-ADDCONTDLCF00001,Naoto's Girl Uniform Set,USA
psvdlc,PCSE00764,Persona 4: Dancing All Night,女神异闻录 4：通宵热舞 [英文版],DLC-ADDCONTDLCF00002,Original Stage Costume Set A,USA
psvdlc,PCSE00764,Persona 4: Dancing All Night,女神异闻录 4：通宵热舞 [英文版],DLC-ADDCONTDLCF00013,Original Stage Costume Set B,USA
psvdlc,PCSE00764,Persona 4: Dancing All Night,女神异闻录 4：通宵热舞 [英文版],DLC-ADDCONTDLCF00014,Original Stage Costume Set C,USA
psvdlc,PCSE00764,Persona 4: Dancing All Night,女神异闻录 4：通宵热舞 [英文版],DLC-ADDCONTDLCF00016,P Color Selection Set 2,USA
psvdlc,PCSE00764,Persona 4: Dancing All Night,女神异闻录 4：通宵热舞 [英文版],DLC-ADDCONTDLCF00015,P Color Selection Set,USA
psvdlc,PCSE00764,Persona 4: Dancing All Night,女神异闻录 4：通宵热舞 [英文版],DLC-ADDCONTDLCF0000A,P4G Midwinter Clothes Set,USA
psvdlc,PCSE00764,Persona 4: Dancing All Night,女神异闻录 4：通宵热舞 [英文版],DLC-ADDCONTDLCF00008,P4G Midwinter Uniform Set,USA
psvdlc,PCSE00764,Persona 4: Dancing All Night,女神异闻录 4：通宵热舞 [英文版],DLC-ADDCONTDLCF0000C,P4G Ski Set,USA
psvdlc,PCSE00764,Persona 4: Dancing All Night,女神异闻录 4：通宵热舞 [英文版],DLC-ADDCONTDLCF00005,P4G Summer Clothes Set,USA
psvdlc,PCSE00764,Persona 4: Dancing All Night,女神异闻录 4：通宵热舞 [英文版],DLC-ADDCONTDLCD00013,Track Break Out Of... Danced by Marie,USA
psvdlc,PCSE00764,Persona 4: Dancing All Night,女神异闻录 4：通宵热舞 [英文版],DLC-ADDCONTDLCD00016,Track Heaven feat. Hatsune Miku (ATOLS Remix) Danced by Hatsune Miku,USA
psvdlc,PCSE00764,Persona 4: Dancing All Night,女神异闻录 4：通宵热舞 [英文版],DLC-ADDCONTDLCD0000C,Track Never More,USA
psvdlc,PCSE00764,Persona 4: Dancing All Night,女神异闻录 4：通宵热舞 [英文版],DLC-ADDCONTDLCD0000F,Track P4 Animation Track Set A,USA
psvdlc,PCSE00764,Persona 4: Dancing All Night,女神异闻录 4：通宵热舞 [英文版],DLC-ADDCONTDLCD00010,Track P4 Animation Track Set B,USA
psvdlc,PCSE00764,Persona 4: Dancing All Night,女神异闻录 4：通宵热舞 [英文版],DLC-ADDCONTDLCD00011,Track P4G Animation Track Set,USA
psvdlc,PCSE00764,Persona 4: Dancing All Night,女神异闻录 4：通宵热舞 [英文版],DLC-ADDCONTDLCD0000E,Track Reach Out To The Truth (PERSONA MUSIC FES 2013),USA
psvdlc,PCSE00764,Persona 4: Dancing All Night,女神异闻录 4：通宵热舞 [英文版],DLC-ADDCONTDLCD0000D,Track Shadow World (DE DE MOUSE shadow swing mix),USA
psvdlc,PCSE00764,Persona 4: Dancing All Night,女神异闻录 4：通宵热舞 [英文版],DLC-ADDCONTDLCD00014,Track The Fog (ATLUS Konishi Remix) Danced by Tohru Adachi,USA
psvdlc,PCSE00764,Persona 4: Dancing All Night,女神异闻录 4：通宵热舞 [英文版],DLC-ADDCONTDLCD00012,Track True Story (ATLUS Kozuka Remix) Danced by Rise Kujikawa,USA
psvdlc,PCSE00786,The Legend of Heroes: Trails of Cold Steel,英雄传说：闪之轨迹 [英文版],DLC-EDSENADDCONT0001,additional content『Alisa's Casual Clothes』,USA
psvdlc,PCSE00786,The Legend of Heroes: Trails of Cold Steel,英雄传说：闪之轨迹 [英文版],DLC-EDSENADDCONT0024,additional content『Bunny Ears』,USA
psvdlc,PCSE00786,The Legend of Heroes: Trails of Cold Steel,英雄传说：闪之轨迹 [英文版],DLC-EDSENADDCONT0058,additional content『Crow's Casual Clothes』,USA
psvdlc,PCSE00786,The Legend of Heroes: Trails of Cold Steel,英雄传说：闪之轨迹 [英文版],DLC-EDSENADDCONT0050,additional content『Elliot's Casual Clothes』,USA
psvdlc,PCSE00786,The Legend of Heroes: Trails of Cold Steel,英雄传说：闪之轨迹 [英文版],DLC-EDSENADDCONT0053,additional content『Emma's Casual Clothes』,USA
psvdlc,PCSE00786,The Legend of Heroes: Trails of Cold Steel,英雄传说：闪之轨迹 [英文版],DLC-EDSENADDCONT0012,additional content『Faceplate - Alisa』,USA
psvdlc,PCSE00786,The Legend of Heroes: Trails of Cold Steel,英雄传说：闪之轨迹 [英文版],DLC-EDSENADDCONT0065,additional content『Faceplate - Crow』,USA
psvdlc,PCSE00786,The Legend of Heroes: Trails of Cold Steel,英雄传说：闪之轨迹 [英文版],DLC-EDSENADDCONT0013,additional content『Faceplate - Elliot』,USA
psvdlc,PCSE00786,The Legend of Heroes: Trails of Cold Steel,英雄传说：闪之轨迹 [英文版],DLC-EDSENADDCONT0060,additional content『Faceplate - Emma』,USA
psvdlc,PCSE00786,The Legend of Heroes: Trails of Cold Steel,英雄传说：闪之轨迹 [英文版],DLC-EDSENADDCONT0062,additional content『Faceplate - Fie』,USA
psvdlc,PCSE00786,The Legend of Heroes: Trails of Cold Steel,英雄传说：闪之轨迹 [英文版],DLC-EDSENADDCONT0063,additional content『Faceplate - Gaius』,USA
psvdlc,PCSE00786,The Legend of Heroes: Trails of Cold Steel,英雄传说：闪之轨迹 [英文版],DLC-EDSENADDCONT0061,additional content『Faceplate - Jusis』,USA
psvdlc,PCSE00786,The Legend of Heroes: Trails of Cold Steel,英雄传说：闪之轨迹 [英文版],DLC-EDSENADDCONT0014,additional content『Faceplate - Laura』,USA
psvdlc,PCSE00786,The Legend of Heroes: Trails of Cold Steel,英雄传说：闪之轨迹 [英文版],DLC-EDSENADDCONT0059,additional content『Faceplate - Machias』,USA
psvdlc,PCSE00786,The Legend of Heroes: Trails of Cold Steel,英雄传说：闪之轨迹 [英文版],DLC-EDSENADDCONT0064,additional content『Faceplate - Millium』,USA
psvdlc,PCSE00786,The Legend of Heroes: Trails of Cold Steel,英雄传说：闪之轨迹 [英文版],DLC-EDSENADDCONT0011,additional content『Faceplate - Rean』,USA
psvdlc,PCSE00786,The Legend of Heroes: Trails of Cold Steel,英雄传说：闪之轨迹 [英文版],DLC-EDSENADDCONT0055,additional content『Fie's Casual Clothes』,USA
psvdlc,PCSE00786,The Legend of Heroes: Trails of Cold Steel,英雄传说：闪之轨迹 [英文版],DLC-EDSENADDCONT0026,additional content『Free Trial Pack 2』,USA
psvdlc,PCSE00786,The Legend of Heroes: Trails of Cold Steel,英雄传说：闪之轨迹 [英文版],DLC-EDSENADDCONT0025,additional content『Free Trial Pack』,USA
psvdlc,PCSE00786,The Legend of Heroes: Trails of Cold Steel,英雄传说：闪之轨迹 [英文版],DLC-EDSENADDCONT0056,additional content『Gaius' Casual Clothes』,USA
psvdlc,PCSE00786,The Legend of Heroes: Trails of Cold Steel,英雄传说：闪之轨迹 [英文版],DLC-EDSENADDCONT0029,additional content『Handy Accessories Pack』,USA
psvdlc,PCSE00786,The Legend of Heroes: Trails of Cold Steel,英雄传说：闪之轨迹 [英文版],DLC-EDSENADDCONT0054,additional content『Jusis' Casual Clothes』,USA
psvdlc,PCSE00786,The Legend of Heroes: Trails of Cold Steel,英雄传说：闪之轨迹 [英文版],DLC-EDSENADDCONT0051,additional content『Laura's Casual Clothes』,USA
psvdlc,PCSE00786,The Legend of Heroes: Trails of Cold Steel,英雄传说：闪之轨迹 [英文版],DLC-EDSENADDCONT0052,additional content『Machias' Casual Clothes』,USA
psvdlc,PCSE00786,The Legend of Heroes: Trails of Cold Steel,英雄传说：闪之轨迹 [英文版],DLC-EDSENADDCONT0057,additional content『Millium's Casual Clothes』,USA
psvdlc,PCSE00786,The Legend of Heroes: Trails of Cold Steel,英雄传说：闪之轨迹 [英文版],DLC-EDSENADDCONT0030,additional content『Monstrous Ingredients Pack』,USA
psvdlc,PCSE00786,The Legend of Heroes: Trails of Cold Steel,英雄传说：闪之轨迹 [英文版],DLC-EDSENADDCONT0000,additional content『Rean's Casual Clothes』,USA
psvdlc,PCSE00786,The Legend of Heroes: Trails of Cold Steel,英雄传说：闪之轨迹 [英文版],DLC-EDSENADDCONT0022,additional content『Ride-Along Mishy』,USA
psvdlc,PCSE00786,The Legend of Heroes: Trails of Cold Steel,英雄传说：闪之轨迹 [英文版],DLC-EDSENADDCONT0023,additional content『Ride-Along Noi』,USA
psvdlc,PCSE00786,The Legend of Heroes: Trails of Cold Steel,英雄传说：闪之轨迹 [英文版],DLC-EDSENADDCONT0028,additional content『Sepith Pack』,USA
psvdlc,PCSE00786,The Legend of Heroes: Trails of Cold Steel,英雄传说：闪之轨迹 [英文版],DLC-EDSENADDCONT0101,additional content『Shining Pom Bait Pack 1』,USA
psvdlc,PCSE00786,The Legend of Heroes: Trails of Cold Steel,英雄传说：闪之轨迹 [英文版],DLC-EDSENADDCONT0102,additional content『Shining Pom Bait Pack 2』,USA
psvdlc,PCSE00786,The Legend of Heroes: Trails of Cold Steel,英雄传说：闪之轨迹 [英文版],DLC-EDSENADDCONT0103,additional content『Shining Pom Bait Pack 3』,USA
psvdlc,PCSE00786,The Legend of Heroes: Trails of Cold Steel,英雄传说：闪之轨迹 [英文版],DLC-EDSENADDCONT0104,additional content『Shining Pom Bait Pack 4』,USA
psvdlc,PCSE00786,The Legend of Heroes: Trails of Cold Steel,英雄传说：闪之轨迹 [英文版],DLC-EDSENADDCONT0105,additional content『Shining Pom Bait Pack 5』,USA
psvdlc,PCSE00786,The Legend of Heroes: Trails of Cold Steel,英雄传说：闪之轨迹 [英文版],DLC-EDSENADDCONT0100,additional content『Shining Pom Bait Trial Set』,USA
psvdlc,PCSE00786,The Legend of Heroes: Trails of Cold Steel,英雄传说：闪之轨迹 [英文版],DLC-EDSENADDCONT0106,additional content『Shining Pom Bait Value Pack 1』,USA
psvdlc,PCSE00786,The Legend of Heroes: Trails of Cold Steel,英雄传说：闪之轨迹 [英文版],DLC-EDSENADDCONT0107,additional content『Shining Pom Bait Value Pack 2』,USA
psvdlc,PCSE00786,The Legend of Heroes: Trails of Cold Steel,英雄传说：闪之轨迹 [英文版],DLC-EDSENADDCONT0031,additional content『Valuable Healing Items Pack』,USA
psvdlc,PCSE00786,The Legend of Heroes: Trails of Cold Steel,英雄传说：闪之轨迹 [英文版],DLC-EDSENADDCONT0033,additional content『Zeram Capsule Pack』,USA
psvdlc,PCSE00786,The Legend of Heroes: Trails of Cold Steel,英雄传说：闪之轨迹 [英文版],DLC-EDSENADDCONT0032,additional content『Zeram Powder Pack』,USA
psvdlc,PCSE00787,Senran Kagura: Estival Versus,闪乱神乐：少女们的选择 [英文版],DLC-CHEX04AHOGE2EXTE,Add-On Accessory - Antennae Strands,USA
psvdlc,PCSE00787,Senran Kagura: Estival Versus,闪乱神乐：少女们的选择 [英文版],DLC-CA0011BALLOON000,Add-On Accessory - Balloon,USA
psvdlc,PCSE00787,Senran Kagura: Estival Versus,闪乱神乐：少女们的选择 [英文版],DLC-CA0001AX00000000,Add-On Accessory - Battle Axe,USA
psvdlc,PCSE00787,Senran Kagura: Estival Versus,闪乱神乐：少女们的选择 [英文版],DLC-CA0003BUSH000000,Add-On Accessory - Bummed Out,USA
psvdlc,PCSE00787,Senran Kagura: Estival Versus,闪乱神乐：少女们的选择 [英文版],DLC-CHEX09ODANGOEXTE,Add-On Accessory - Buns Extension,USA
psvdlc,PCSE00787,Senran Kagura: Estival Versus,闪乱神乐：少女们的选择 [英文版],DLC-CA0010CHERRY0000,Add-On Accessory - Cherry,USA
psvdlc,PCSE00787,Senran Kagura: Estival Versus,闪乱神乐：少女们的选择 [英文版],DLC-CA0002ROUND00000,Add-On Accessory - Confused,USA
psvdlc,PCSE00787,Senran Kagura: Estival Versus,闪乱神乐：少女们的选择 [英文版],DLC-CHEX10DOUBLEEXTE,Add-On Accessory - Double Knot Extension,USA
psvdlc,PCSE00787,Senran Kagura: Estival Versus,闪乱神乐：少女们的选择 [英文版],DLC-CA0005KEIKOBIG00,Add-On Accessory - Fluorescent Wristband (L),USA
psvdlc,PCSE00787,Senran Kagura: Estival Versus,闪乱神乐：少女们的选择 [英文版],DLC-CA0006KEIKO00000,Add-On Accessory - Fluorescent Wristband (S),USA
psvdlc,PCSE00787,Senran Kagura: Estival Versus,闪乱神乐：少女们的选择 [英文版],DLC-CA0007HEADBAND00,Add-On Accessory - Headband,USA
psvdlc,PCSE00787,Senran Kagura: Estival Versus,闪乱神乐：少女们的选择 [英文版],DLC-CHEX05AHOGE3EXTE,Add-On Accessory - Heart Strand,USA
psvdlc,PCSE00787,Senran Kagura: Estival Versus,闪乱神乐：少女们的选择 [英文版],DLC-CA0008LOOSESOX00,Add-On Accessory - Loose Socks,USA
psvdlc,PCSE00787,Senran Kagura: Estival Versus,闪乱神乐：少女们的选择 [英文版],DLC-CA0015MASK000000,Add-On Accessory - Mask,USA
psvdlc,PCSE00787,Senran Kagura: Estival Versus,闪乱神乐：少女们的选择 [英文版],DLC-CHEX03AHOGE1ETXE,Add-On Accessory - Normal Strand,USA
psvdlc,PCSE00787,Senran Kagura: Estival Versus,闪乱神乐：少女们的选择 [英文版],DLC-CHEX06AHOGE4EXTE,Add-On Accessory - Nostalgic Strand,USA
psvdlc,PCSE00787,Senran Kagura: Estival Versus,闪乱神乐：少女们的选择 [英文版],DLC-CDA001SISTERVEIL,Add-On Accessory - Nun Veil,USA
psvdlc,PCSE00787,Senran Kagura: Estival Versus,闪乱神乐：少女们的选择 [英文版],DLC-CDA003NURSECAP00,Add-On Accessory - Nurse Cap,USA
psvdlc,PCSE00787,Senran Kagura: Estival Versus,闪乱神乐：少女们的选择 [英文版],DLC-CDA004PETITHORN0,Add-On Accessory - Petite Devil Horns,USA
psvdlc,PCSE00787,Senran Kagura: Estival Versus,闪乱神乐：少女们的选择 [英文版],DLC-CHEX08TWIN00EXTE,Add-On Accessory - Pigtails Extension,USA
psvdlc,PCSE00787,Senran Kagura: Estival Versus,闪乱神乐：少女们的选择 [英文版],DLC-CHEX07PONY00EXTE,Add-On Accessory - Ponytail Extension,USA
psvdlc,PCSE00787,Senran Kagura: Estival Versus,闪乱神乐：少女们的选择 [英文版],DLC-CR0001CLOUD00000,Add-On Accessory - Rain Cloud,USA
psvdlc,PCSE00787,Senran Kagura: Estival Versus,闪乱神乐：少女们的选择 [英文版],DLC-CA0004BAR0000000,Add-On Accessory - Roasted Sweets,USA
psvdlc,PCSE00787,Senran Kagura: Estival Versus,闪乱神乐：少女们的选择 [英文版],DLC-CA0009CHOUCHOU00,Add-On Accessory - Scrunchy,USA
psvdlc,PCSE00787,Senran Kagura: Estival Versus,闪乱神乐：少女们的选择 [英文版],DLC-CA0016NINJA00000,Add-On Accessory - Shinobi Scarf,USA
psvdlc,PCSE00787,Senran Kagura: Estival Versus,闪乱神乐：少女们的选择 [英文版],DLC-CA0014SHURIKEN00,Add-On Accessory - Shuriken,USA
psvdlc,PCSE00787,Senran Kagura: Estival Versus,闪乱神乐：少女们的选择 [英文版],DLC-CHEX02MIDDLEEXTE,Add-On Accessory - Side Knot Extension,USA
psvdlc,PCSE00787,Senran Kagura: Estival Versus,闪乱神乐：少女们的选择 [英文版],DLC-CDA002CHEERVISOR,Add-On Accessory - Sun Visor,USA
psvdlc,PCSE00787,Senran Kagura: Estival Versus,闪乱神乐：少女们的选择 [英文版],DLC-CA0013TENGU00000,Add-On Accessory - Tengu Mask,USA
psvdlc,PCSE00787,Senran Kagura: Estival Versus,闪乱神乐：少女们的选择 [英文版],DLC-CHEX01TOPENDEXTE,Add-On Accessory - Top Knot Extension,USA
psvdlc,PCSE00787,Senran Kagura: Estival Versus,闪乱神乐：少女们的选择 [英文版],DLC-CA0012KOKESHI000,Add-On Accessory - Wooden Doll,USA
psvdlc,PCSE00787,Senran Kagura: Estival Versus,闪乱神乐：少女们的选择 [英文版],DLC-CC0001AYAME00000,Add-On Character - Ayame,USA
psvdlc,PCSE00787,Senran Kagura: Estival Versus,闪乱神乐：少女们的选择 [英文版],DLC-CC0002AYANE00000,Add-On Character - Ayane,USA
psvdlc,PCSE00787,Senran Kagura: Estival Versus,闪乱神乐：少女们的选择 [英文版],DLC-CC0005KANU000000,Add-On Character - Guan Yu,USA
psvdlc,PCSE00787,Senran Kagura: Estival Versus,闪乱神乐：少女们的选择 [英文版],DLC-CC0007KAGURA0000,Add-On Character - Kagura,USA
psvdlc,PCSE00787,Senran Kagura: Estival Versus,闪乱神乐：少女们的选择 [英文版],DLC-CC0004RYOHU00000,Add-On Character - Lu Bu,USA
psvdlc,PCSE00787,Senran Kagura: Estival Versus,闪乱神乐：少女们的选择 [英文版],DLC-CC0006NARAKU0000,Add-On Character - Naraku,USA
psvdlc,PCSE00787,Senran Kagura: Estival Versus,闪乱神乐：少女们的选择 [英文版],DLC-CC0003SONSAKU000,Add-On Character - Sun Ce,USA
psvdlc,PCSE00787,Senran Kagura: Estival Versus,闪乱神乐：少女们的选择 [英文版],DLC-CD0013TAISHO0000,Add-On Costume - 1920's,USA
psvdlc,PCSE00787,Senran Kagura: Estival Versus,闪乱神乐：少女们的选择 [英文版],DLC-CCD002AYANE00000,Add-On Costume - Ayame's Kimono (Butterfly),USA
psvdlc,PCSE00787,Senran Kagura: Estival Versus,闪乱神乐：少女们的选择 [英文版],DLC-CD0015SHOPCOS000,Add-On Costume - Ayame's Swimsuit Apron,USA
psvdlc,PCSE00787,Senran Kagura: Estival Versus,闪乱神乐：少女们的选择 [英文版],DLC-CU0002DENGEKI000,Add-On Costume - Boob Tee,USA
psvdlc,PCSE00787,Senran Kagura: Estival Versus,闪乱神乐：少女们的选择 [英文版],DLC-CD0014BUBBLE0000,Add-On Costume - Bubbles,USA
psvdlc,PCSE00787,Senran Kagura: Estival Versus,闪乱神乐：少女们的选择 [英文版],DLC-CD0007CAMISOLE00,Add-On Costume - Camisole,USA
psvdlc,PCSE00787,Senran Kagura: Estival Versus,闪乱神乐：少女们的选择 [英文版],DLC-CD0002CHEERGIRL0,Add-On Costume - Cheerleader,USA
psvdlc,PCSE00787,Senran Kagura: Estival Versus,闪乱神乐：少女们的选择 [英文版],DLC-CD0011CHINA00000,Add-on Costume - Cheongsam,USA
psvdlc,PCSE00787,Senran Kagura: Estival Versus,闪乱神乐：少女们的选择 [英文版],DLC-CU0004CHINADRESS,Add-On Costume - Dengeki (Chinese Girl),USA
psvdlc,PCSE00787,Senran Kagura: Estival Versus,闪乱神乐：少女们的选择 [英文版],DLC-CU0003GABASU0000,Add-On Costume - Famitsu Swimsuit,USA
psvdlc,PCSE00787,Senran Kagura: Estival Versus,闪乱神乐：少女们的选择 [英文版],DLC-CU0001FAMITSU000,Add-On Costume - Famitsu T-Shirt,USA
psvdlc,PCSE00787,Senran Kagura: Estival Versus,闪乱神乐：少女们的选择 [英文版],DLC-CCD001KASUMI0000,Add-On Costume - Kasumi's Outfit,USA
psvdlc,PCSE00787,Senran Kagura: Estival Versus,闪乱神乐：少女们的选择 [英文版],DLC-CD0012NINJAGIRL0,Add-On Costume - Kunoichi Outfit,USA
psvdlc,PCSE00787,Senran Kagura: Estival Versus,闪乱神乐：少女们的选择 [英文版],DLC-CDNW01REO0000000,Add-On Costume - Leo's Outfit,USA
psvdlc,PCSE00787,Senran Kagura: Estival Versus,闪乱神乐：少女们的选择 [英文版],DLC-CD0001SISTER0000,Add-On Costume - Nun,USA
psvdlc,PCSE00787,Senran Kagura: Estival Versus,闪乱神乐：少女们的选择 [英文版],DLC-CD0003NURSE00000,Add-On Costume - Nurse Outfit,USA
psvdlc,PCSE00787,Senran Kagura: Estival Versus,闪乱神乐：少女们的选择 [英文版],DLC-CD0006YSHIRTS000,Add-On Costume - Oversized Button Shirt,USA
psvdlc,PCSE00787,Senran Kagura: Estival Versus,闪乱神乐：少女们的选择 [英文版],DLC-CD0008PAJAMAS000,Add-On Costume - Pajamas,USA
psvdlc,PCSE00787,Senran Kagura: Estival Versus,闪乱神乐：少女们的选择 [英文版],DLC-CD0004PETITDEVIL,Add-On Costume - Petite Devil,USA
psvdlc,PCSE00787,Senran Kagura: Estival Versus,闪乱神乐：少女们的选择 [英文版],DLC-CD0005RACEQUEEN0,Add-On Costume - Pit Girl,USA
psvdlc,PCSE00787,Senran Kagura: Estival Versus,闪乱神乐：少女们的选择 [英文版],DLC-CD0018SANTA00000,Add-On Costume - Sexy Fluffy Santa,USA
psvdlc,PCSE00787,Senran Kagura: Estival Versus,闪乱神乐：少女们的选择 [英文版],DLC-CDNW03SENGOKU000,Add-On Costume - Sexy General Outfit,USA
psvdlc,PCSE00787,Senran Kagura: Estival Versus,闪乱神乐：少女们的选择 [英文版],DLC-CDNW04KNIGHT0000,Add-On Costume - Sexy Knight,USA
psvdlc,PCSE00787,Senran Kagura: Estival Versus,闪乱神乐：少女们的选择 [英文版],DLC-CD0009MAID000000,Add-On Costume - Sexy Maid,USA
psvdlc,PCSE00787,Senran Kagura: Estival Versus,闪乱神乐：少女们的选择 [英文版],DLC-CD0010MIKO000000,Add-On Costume - Sexy Shrine Maiden,USA
psvdlc,PCSE00787,Senran Kagura: Estival Versus,闪乱神乐：少女们的选择 [英文版],DLC-CD0016WEDDING000,Add-On Costume - Sexy Wedding Dress,USA
psvdlc,PCSE00787,Senran Kagura: Estival Versus,闪乱神乐：少女们的选择 [英文版],DLC-CD0017YOMA000000,Add-On Costume - Sexy Yōma General,USA
psvdlc,PCSE00787,Senran Kagura: Estival Versus,闪乱神乐：少女们的选择 [英文版],DLC-OVAORIGINALDRESS,Add-On Costume - Shinobi Happi,USA
psvdlc,PCSE00787,Senran Kagura: Estival Versus,闪乱神乐：少女们的选择 [英文版],DLC-CDNW05SOJI000000,Add-On Costume - Soji's Outfit,USA
psvdlc,PCSE00787,Senran Kagura: Estival Versus,闪乱神乐：少女们的选择 [英文版],DLC-CDNW02YUYAKI0000,Add-On Costume - Yūyaki's Outfit,USA
psvdlc,PCSE00787,Senran Kagura: Estival Versus,闪乱神乐：少女们的选择 [英文版],DLC-CH0003PATTSUN000,Add-On Hairstyle - Cropped Bangs,USA
psvdlc,PCSE00787,Senran Kagura: Estival Versus,闪乱神乐：少女们的选择 [英文版],DLC-CH0005ODANGO0000,Add-On Hairstyle - Double Buns,USA
psvdlc,PCSE00787,Senran Kagura: Estival Versus,闪乱神乐：少女们的选择 [英文版],DLC-CH0004PERMANENT0,Add-On Hairstyle - Loose Perm,USA
psvdlc,PCSE00787,Senran Kagura: Estival Versus,闪乱神乐：少女们的选择 [英文版],DLC-CH0002MIDDLE0000,Add-On Hairstyle - Parted Bangs,USA
psvdlc,PCSE00787,Senran Kagura: Estival Versus,闪乱神乐：少女们的选择 [英文版],DLC-CH0001TOPEND0000,Add-On Hairstyle - Top Knot,USA
psvdlc,PCSE00787,Senran Kagura: Estival Versus,闪乱神乐：少女们的选择 [英文版],DLC-CE0001PAIR000000,Add-On Mission - Dual Blooming Hearts,USA
psvdlc,PCSE00787,Senran Kagura: Estival Versus,闪乱神乐：少女们的选择 [英文版],DLC-CE0002HANGETSU00,Add-On Mission - Gessen Acad. vs. Hanzō Acad.,USA
psvdlc,PCSE00787,Senran Kagura: Estival Versus,闪乱神乐：少女们的选择 [英文版],DLC-CE0003SHINEI0000,Add-On Mission - Hanzō Acad. vs. Daidōji,USA
psvdlc,PCSE00787,Senran Kagura: Estival Versus,闪乱神乐：少女们的选择 [英文版],DLC-CE0004HEBIJOSHI0,Add-On Mission - Hebijo vs. Crimson Squad,USA
psvdlc,PCSE00787,Senran Kagura: Estival Versus,闪乱神乐：少女们的选择 [英文版],DLC-CE0005GUREN00000,Add-On MIssion - Homura's Crimson Squad vs. Rin,USA
psvdlc,PCSE00787,Senran Kagura: Estival Versus,闪乱神乐：少女们的选择 [英文版],DLC-SAKURAMIZUGI0001,Additional Costume - Asuka's Sakura Swimsuit,USA
psvdlc,PCSE00787,Senran Kagura: Estival Versus,闪乱神乐：少女们的选择 [英文版],DLC-SAKURAMIZUGI0002,Additional Costume - Homura's Sakura Swimsuit,USA
psvdlc,PCSE00787,Senran Kagura: Estival Versus,闪乱神乐：少女们的选择 [英文版],DLC-SAKURAMIZUGI0004,Additional Costume - Miyabi's Sakura Swimsuit,USA
psvdlc,PCSE00787,Senran Kagura: Estival Versus,闪乱神乐：少女们的选择 [英文版],DLC-SAKURAMIZUGI0005,Additional Costume - Renka's Sakura Swimsuit,USA
psvdlc,PCSE00787,Senran Kagura: Estival Versus,闪乱神乐：少女们的选择 [英文版],DLC-SAKURAMIZUGI0003,Additional Costume - Yumi's Sakura Swimsuit,USA
psvdlc,PCSE00789,God Eater 2: Rage Burst,噬神者 2：狂怒解放 [英文版],DLC-GE2RB00000000001,GOD EATER 2 RAGE BURST DLC Collaboration Costume Pack,USA
psvdlc,PCSE00789,God Eater 2: Rage Burst,噬神者 2：狂怒解放 [英文版],DLC-GE2RB00000000002,GOD EATER 2 RAGE BURST DLC Other Characters Pack for FREE,USA
psvdlc,PCSE00792,DARIUSBURST Chronicle Saviours,变形机战编年史：救世主 [英文版],DLC-DARIUSBURSTCSD12,BATTLE GAREGGA,USA
psvdlc,PCSE00792,DARIUSBURST Chronicle Saviours,变形机战编年史：救世主 [英文版],DLC-DARIUSBURSTCSD08,Deathsmiles,USA
psvdlc,PCSE00792,DARIUSBURST Chronicle Saviours,变形机战编年史：救世主 [英文版],DLC-DARIUSBURSTCSD07,Dodonpachi Resurrection,USA
psvdlc,PCSE00792,DARIUSBURST Chronicle Saviours,变形机战编年史：救世主 [英文版],DLC-DARIUSBURSTCSD06,Fantasy Zone,USA
psvdlc,PCSE00792,DARIUSBURST Chronicle Saviours,变形机战编年史：救世主 [英文版],DLC-DARIUSBURSTCSD05,Galaxy ForceII,USA
psvdlc,PCSE00792,DARIUSBURST Chronicle Saviours,变形机战编年史：救世主 [英文版],DLC-DARIUSBURSTCSD09,Ketsui,USA
psvdlc,PCSE00792,DARIUSBURST Chronicle Saviours,变形机战编年史：救世主 [英文版],DLC-DARIUSBURSTCSD02,Metal Black,USA
psvdlc,PCSE00792,DARIUSBURST Chronicle Saviours,变形机战编年史：救世主 [英文版],DLC-DARIUSBURSTCSD01,Night Striker,USA
psvdlc,PCSE00792,DARIUSBURST Chronicle Saviours,变形机战编年史：救世主 [英文版],DLC-DARIUSBURSTCSD15,PROGEAR,USA
psvdlc,PCSE00792,DARIUSBURST Chronicle Saviours,变形机战编年史：救世主 [英文版],DLC-DARIUSBURSTCSD03,Ray Force,USA
psvdlc,PCSE00792,DARIUSBURST Chronicle Saviours,变形机战编年史：救世主 [英文版],DLC-DARIUSBURSTCSD13,SIDE ARMS,USA
psvdlc,PCSE00792,DARIUSBURST Chronicle Saviours,变形机战编年史：救世主 [英文版],DLC-DARIUSBURSTCSD10,SORCER STRIKER,USA
psvdlc,PCSE00792,DARIUSBURST Chronicle Saviours,变形机战编年史：救世主 [英文版],DLC-DARIUSBURSTCSD04,Space Harrier,USA
psvdlc,PCSE00792,DARIUSBURST Chronicle Saviours,变形机战编年史：救世主 [英文版],DLC-DARIUSBURSTCSD11,TERRA DIVER,USA
psvdlc,PCSE00792,DARIUSBURST Chronicle Saviours,变形机战编年史：救世主 [英文版],DLC-DARIUSBURSTCSD14,VARTH,USA
psvdlc,PCSE00800,Dynasty Warriors 8 Empires,真•三国无双 7 帝国 [英文版],DLC-DW8EMPBGM0000000,BGM and Edit Parts Pack,USA
psvdlc,PCSE00800,Dynasty Warriors 8 Empires,真•三国无双 7 帝国 [英文版],DLC-DW8EMPCASTLE0001,Castle and Scenario Pack 1,USA
psvdlc,PCSE00800,Dynasty Warriors 8 Empires,真•三国无双 7 帝国 [英文版],DLC-DW8EMPCASTLE0002,Castle and Scenario Pack 2,USA
psvdlc,PCSE00800,Dynasty Warriors 8 Empires,真•三国无双 7 帝国 [英文版],DLC-DW8EMPCASTLE0003,Castle and Scenario Pack 3,USA
psvdlc,PCSE00800,Dynasty Warriors 8 Empires,真•三国无双 7 帝国 [英文版],DLC-DW8EMPCASTLE0004,Castle and Scenario Pack 4,USA
psvdlc,PCSE00800,Dynasty Warriors 8 Empires,真•三国无双 7 帝国 [英文版],DLC-DW8EMPEDITACCESA,Edit Parts - Accessory,USA
psvdlc,PCSE00800,Dynasty Warriors 8 Empires,真•三国无双 7 帝国 [英文版],DLC-DW8EMPEDITEQUIP1,Edit Parts - Equipment 1,USA
psvdlc,PCSE00800,Dynasty Warriors 8 Empires,真•三国无双 7 帝国 [英文版],DLC-DW8EMPEDITEQUIP2,Edit Parts - Equipment 2,USA
psvdlc,PCSE00800,Dynasty Warriors 8 Empires,真•三国无双 7 帝国 [英文版],DLC-DW8EMPEDITEQUIP3,Edit Parts - Equipment 3,USA
psvdlc,PCSE00800,Dynasty Warriors 8 Empires,真•三国无双 7 帝国 [英文版],DLC-DW8EMPEDITEQUIP4,Edit Parts - Equipment 4,USA
psvdlc,PCSE00800,Dynasty Warriors 8 Empires,真•三国无双 7 帝国 [英文版],DLC-DW8EMPEDITEQUIP5,Edit Parts - Equipment 5,USA
psvdlc,PCSE00800,Dynasty Warriors 8 Empires,真•三国无双 7 帝国 [英文版],DLC-DW8EMPEDITEQUIP6,Edit Parts - Equipment 6,USA
psvdlc,PCSE00800,Dynasty Warriors 8 Empires,真•三国无双 7 帝国 [英文版],DLC-DW8EMPEDITEQUIP7,Edit Parts - Equipment 7,USA
psvdlc,PCSE00800,Dynasty Warriors 8 Empires,真•三国无双 7 帝国 [英文版],DLC-DW8EMPSPEEDIT001,Edit Parts - Equipment Kimono,USA
psvdlc,PCSE00800,Dynasty Warriors 8 Empires,真•三国无双 7 帝国 [英文版],DLC-DW8EMPEDITFACE00,Edit Parts - Face and Hair,USA
psvdlc,PCSE00800,Dynasty Warriors 8 Empires,真•三国无双 7 帝国 [英文版],DLC-DW8EMPEDITVOICE2,Edit Voice - Female 1,USA
psvdlc,PCSE00800,Dynasty Warriors 8 Empires,真•三国无双 7 帝国 [英文版],DLC-DW8EMPEDITVOICE4,Edit Voice - Female 2,USA
psvdlc,PCSE00800,Dynasty Warriors 8 Empires,真•三国无双 7 帝国 [英文版],DLC-DW8EMPEDITVOICE1,Edit Voice - Male 1,USA
psvdlc,PCSE00800,Dynasty Warriors 8 Empires,真•三国无双 7 帝国 [英文版],DLC-DW8EMPEDITVOICE3,Edit Voice - Male 2,USA
psvdlc,PCSE00800,Dynasty Warriors 8 Empires,真•三国无双 7 帝国 [英文版],DLC-DW8EMPSPEEDIT000,Special Edit Parts,USA
psvdlc,PCSE00801,God Eater Resurrection,噬神者：解放重生 [英文版],DLC-GERESNPC00000017,Alternate Character (Alisa - Russian Blue Version),USA
psvdlc,PCSE00801,God Eater Resurrection,噬神者：解放重生 [英文版],DLC-GERESNPC00000005,Alternate Character (Alisa),USA
psvdlc,PCSE00801,God Eater Resurrection,噬神者：解放重生 [英文版],DLC-GERESNPC00000007,Alternate Character (Brendan),USA
psvdlc,PCSE00801,God Eater Resurrection,噬神者：解放重生 [英文版],DLC-GERESNPC00000010,Alternate Character (Gina),USA
psvdlc,PCSE00801,God Eater Resurrection,噬神者：解放重生 [英文版],DLC-GERESNPC00000008,Alternate Character (Kanon),USA
psvdlc,PCSE00801,God Eater Resurrection,噬神者：解放重生 [英文版],DLC-GERESNPC00000009,Alternate Character (Karel),USA
psvdlc,PCSE00801,God Eater Resurrection,噬神者：解放重生 [英文版],DLC-GERESNPC00000004,Alternate Character (Kota),USA
psvdlc,PCSE00801,God Eater Resurrection,噬神者：解放重生 [英文版],DLC-GERESNPC00000001,Alternate Character (Lindow),USA
psvdlc,PCSE00801,God Eater Resurrection,噬神者：解放重生 [英文版],DLC-GERESNPC00000015,Alternate Character (Masked Ogre),USA
psvdlc,PCSE00801,God Eater Resurrection,噬神者：解放重生 [英文版],DLC-GERESNPC00000012,Alternate Character (Ren),USA
psvdlc,PCSE00801,God Eater Resurrection,噬神者：解放重生 [英文版],DLC-GERESNPC00000002,Alternate Character (Sakuya),USA
psvdlc,PCSE00801,God Eater Resurrection,噬神者：解放重生 [英文版],DLC-GERESNPC00000016,Alternate Character (Shio),USA
psvdlc,PCSE00801,God Eater Resurrection,噬神者：解放重生 [英文版],DLC-GERESNPC00000011,Alternate Character (Shun),USA
psvdlc,PCSE00801,God Eater Resurrection,噬神者：解放重生 [英文版],DLC-GERESNPC00000003,Alternate Character (Soma),USA
psvdlc,PCSE00801,God Eater Resurrection,噬神者：解放重生 [英文版],DLC-GERESNPC00000006,Alternate Character (Tatsumi),USA
psvdlc,PCSE00806,Crypt of the NecroDancer,节奏地牢 [英文版],DLC-AMPLIFIED0000000,Amplified DLC,USA
psvdlc,PCSE00812,Attack on Titan: Wings of Freedom,进击的巨人 [英文版],DLC-AT1SCENARIOSET00,Episode 1,USA
psvdlc,PCSE00812,Attack on Titan: Wings of Freedom,进击的巨人 [英文版],DLC-AT1SCENARIOSET01,Episode 2,USA
psvdlc,PCSE00812,Attack on Titan: Wings of Freedom,进击的巨人 [英文版],DLC-AT1SCENARIOSET02,Episode 3,USA
psvdlc,PCSE00813,Trillion: God of Destruction,魔坏神 兆力昂 [英文版],DLC-TRILLIONDLC00002,Dengeki Seal DLC,USA
psvdlc,PCSE00813,Trillion: God of Destruction,魔坏神 兆力昂 [英文版],DLC-TRILLIONDLC00004,Fox Devil DLC,USA
psvdlc,PCSE00813,Trillion: God of Destruction,魔坏神 兆力昂 [英文版],DLC-TRILLIONDLC00008,Helpful Accessory Set,USA
psvdlc,PCSE00813,Trillion: God of Destruction,魔坏神 兆力昂 [英文版],DLC-TRILLIONDLC00001,Helpful Item Set,USA
psvdlc,PCSE00813,Trillion: God of Destruction,魔坏神 兆力昂 [英文版],DLC-TRILLIONDLC00009,Neptune Skill DLC,USA
psvdlc,PCSE00813,Trillion: God of Destruction,魔坏神 兆力昂 [英文版],DLC-TRILLIONDLC00005,Neptunia Set,USA
psvdlc,PCSE00813,Trillion: God of Destruction,魔坏神 兆力昂 [英文版],DLC-TRILLIONDLC00006,Otton Skill DLC,USA
psvdlc,PCSE00813,Trillion: God of Destruction,魔坏神 兆力昂 [英文版],DLC-TRILLIONDLC00003,Polytan Devil DLC,USA
psvdlc,PCSE00813,Trillion: God of Destruction,魔坏神 兆力昂 [英文版],DLC-TRILLIONDLC00007,Special DLC Set,USA
psvdlc,PCSE00826,Atelier Escha & Logy Plus ~Alchemists of the Dusk Sky~,艾斯卡与罗杰的炼金工房：黄昏天空的炼金术士 [英文版],DLC-ESLOGIPLUS000001,Additional Costume - Administrator,USA
psvdlc,PCSE00826,Atelier Escha & Logy Plus ~Alchemists of the Dusk Sky~,艾斯卡与罗杰的炼金工房：黄昏天空的炼金术士 [英文版],DLC-ESLOGIPLUS000003,Additional Costume - Last Resort,USA
psvdlc,PCSE00826,Atelier Escha & Logy Plus ~Alchemists of the Dusk Sky~,艾斯卡与罗杰的炼金工房：黄昏天空的炼金术士 [英文版],DLC-ESLOGIPLUS000004,Additional Costume - Striped Swimsuit,USA
psvdlc,PCSE00826,Atelier Escha & Logy Plus ~Alchemists of the Dusk Sky~,艾斯卡与罗杰的炼金工房：黄昏天空的炼金术士 [英文版],DLC-ESLOGIPLUS000002,Additional Costume - Wedding,USA
psvdlc,PCSE00826,Atelier Escha & Logy Plus ~Alchemists of the Dusk Sky~,艾斯卡与罗杰的炼金工房：黄昏天空的炼金术士 [英文版],DLC-ESLOGIPLUS000005,Japanese Voice Option,USA
psvdlc,PCSE00827,Samurai Warriors 4 Empires,战国无双 4 帝国 [英文版],DLC-SEN4EMPDLCCAS003,Additional Castle Set,USA
psvdlc,PCSE00827,Samurai Warriors 4 Empires,战国无双 4 帝国 [英文版],DLC-SEN4EMPDLCQUE003,Additional Scenario,USA
psvdlc,PCSE00827,Samurai Warriors 4 Empires,战国无双 4 帝国 [英文版],DLC-SEN4EMPDLCBONUSP,Bonus Item Set,USA
psvdlc,PCSE00827,Samurai Warriors 4 Empires,战国无双 4 帝国 [英文版],DLC-SEN4EMPDLCEDIT04,Edit Parts,USA
psvdlc,PCSE00827,Samurai Warriors 4 Empires,战国无双 4 帝国 [英文版],DLC-SEN4EMPDLCCAS008,Special Banner Set,USA
psvdlc,PCSE00827,Samurai Warriors 4 Empires,战国无双 4 帝国 [英文版],DLC-SEN4EMPDLCCOS065,Special Costume,USA
psvdlc,PCSE00832,MegaTagmension Blanc + Neptune VS Zombies,激次元组合 机战少女 VS 僵尸军团 [英文版],DLC-ACTIONNEPTUNIA05,Added costume Dengeki Blazer,USA
psvdlc,PCSE00832,MegaTagmension Blanc + Neptune VS Zombies,激次元组合 机战少女 VS 僵尸军团 [英文版],DLC-ACTIONNEPTUNIA01,Added support character Nepgya,USA
psvdlc,PCSE00832,MegaTagmension Blanc + Neptune VS Zombies,激次元组合 机战少女 VS 僵尸军团 [英文版],DLC-ACTIONNEPTUNIA04,Added weapon Platinum Blaster,USA
psvdlc,PCSE00867,Hatsune Miku: Project DIVA X,初音未来：歌姬计划 X [英文版],DLC-PJDXDLCMIK326019,Cabin Attendant Style 39,USA
psvdlc,PCSE00867,Hatsune Miku: Project DIVA X,初音未来：歌姬计划 X [英文版],DLC-PJDXDLCMIK325018,Cabin Attendant Style A,USA
psvdlc,PCSE00867,Hatsune Miku: Project DIVA X,初音未来：歌姬计划 X [英文版],DLC-PJDXACCESNEUT007,Classic Accessories Unlock,USA
psvdlc,PCSE00867,Hatsune Miku: Project DIVA X,初音未来：歌姬计划 X [英文版],DLC-PJDXMODULNEUT002,Classic Modules Unlock,USA
psvdlc,PCSE00867,Hatsune Miku: Project DIVA X,初音未来：歌姬计划 X [英文版],DLC-PJDXLIVEEDITP001,Concert Editor,USA
psvdlc,PCSE00867,Hatsune Miku: Project DIVA X,初音未来：歌姬计划 X [英文版],DLC-PJDXACCESCOOL009,Cool Accessories Unlock,USA
psvdlc,PCSE00867,Hatsune Miku: Project DIVA X,初音未来：歌姬计划 X [英文版],DLC-PJDXMODULCOOL004,Cool Modules Unlock,USA
psvdlc,PCSE00867,Hatsune Miku: Project DIVA X,初音未来：歌姬计划 X [英文版],DLC-PJDXACCESCUTE008,Cute Accessories Unlock,USA
psvdlc,PCSE00867,Hatsune Miku: Project DIVA X,初音未来：歌姬计划 X [英文版],DLC-PJDXMODULCUTE003,Cute Modules Unlock,USA
psvdlc,PCSE00867,Hatsune Miku: Project DIVA X,初音未来：歌姬计划 X [英文版],DLC-PJDXACCESBEAU010,Elegant Accessories Unlock,USA
psvdlc,PCSE00867,Hatsune Miku: Project DIVA X,初音未来：歌姬计划 X [英文版],DLC-PJDXMODULBEAU005,Elegant Modules Unlock,USA
psvdlc,PCSE00867,Hatsune Miku: Project DIVA X,初音未来：歌姬计划 X [英文版],DLC-PJDXDLCASHUMO012,Extra Character Module Super Pack,USA
psvdlc,PCSE00867,Hatsune Miku: Project DIVA X,初音未来：歌姬计划 X [英文版],DLC-PJDXDLCXPV832020,Hand in Hand,USA
psvdlc,PCSE00867,Hatsune Miku: Project DIVA X,初音未来：歌姬计划 X [英文版],DLC-PJDXDLC39DAYO013,Mikudayo,USA
psvdlc,PCSE00867,Hatsune Miku: Project DIVA X,初音未来：歌姬计划 X [英文版],DLC-PJDXDLCMIK324017,P4 - Dancing All Night Miku,USA
psvdlc,PCSE00867,Hatsune Miku: Project DIVA X,初音未来：歌姬计划 X [英文版],DLC-PJDXACCESCAOS011,Quirky Accessories Unlock,USA
psvdlc,PCSE00867,Hatsune Miku: Project DIVA X,初音未来：歌姬计划 X [英文版],DLC-PJDXMODULCAOS006,Quirky Modules Unlock,USA
psvdlc,PCSE00867,Hatsune Miku: Project DIVA X,初音未来：歌姬计划 X [英文版],DLC-PJDXDLCMIK323016,Racing Miku 2016,USA
psvdlc,PCSE00867,Hatsune Miku: Project DIVA X,初音未来：歌姬计划 X [英文版],DLC-PJDXDLCXPV831014,Sharing The World,USA
psvdlc,PCSE00867,Hatsune Miku: Project DIVA X,初音未来：歌姬计划 X [英文版],DLC-PJDXDLCYUKI39021,Snow Miku 2010-2015 Pack,USA
psvdlc,PCSE00867,Hatsune Miku: Project DIVA X,初音未来：歌姬计划 X [英文版],DLC-PJDXDLCMIK322015,Snow Miku 2016,USA
psvdlc,PCSE00879,Grand Kingdom,圣王国 [英文版],DLC-DLC000ITEM000003,Cliff Piece,USA
psvdlc,PCSE00879,Grand Kingdom,圣王国 [英文版],DLC-DLC000ITEM000000,Lord Glory,USA
psvdlc,PCSE00879,Grand Kingdom,圣王国 [英文版],DLC-DLC000ITEM000001,Lord Keeper,USA
psvdlc,PCSE00879,Grand Kingdom,圣王国 [英文版],DLC-DLC000ITEM000002,Squad Flag - Crown,USA
psvdlc,PCSE00880,World of Final Fantasy,最终幻想世界 [英文版],DLC-WOFFVITASTAR0002,WORLD OF FINAL FANTASY  Champion Summon - Balthier,USA
psvdlc,PCSE00880,World of Final Fantasy,最终幻想世界 [英文版],DLC-WOFFVITASTAR0001,WORLD OF FINAL FANTASY  Champion Summon - Sephiroth,USA
psvdlc,PCSE00880,World of Final Fantasy,最终幻想世界 [英文版],DLC-WOFFVITASTAR0003,WORLD OF FINAL FANTASY  Champion Summon - Sora,USA
psvdlc,PCSE00880,World of Final Fantasy,最终幻想世界 [英文版],DLC-WOFFVITAMON00019,WORLD OF FINAL FANTASY  Coliseum Ticket - 2P Serafie,USA
psvdlc,PCSE00880,World of Final Fantasy,最终幻想世界 [英文版],DLC-WOFFVITAMON00018,WORLD OF FINAL FANTASY  Coliseum Ticket - 2P Tama,USA
psvdlc,PCSE00880,World of Final Fantasy,最终幻想世界 [英文版],DLC-WOFFVITAMON00014,WORLD OF FINAL FANTASY  Coliseum Ticket - Astraea,USA
psvdlc,PCSE00880,World of Final Fantasy,最终幻想世界 [英文版],DLC-WOFFVITAMON00006,WORLD OF FINAL FANTASY  Coliseum Ticket - Dark Behemoth,USA
psvdlc,PCSE00880,World of Final Fantasy,最终幻想世界 [英文版],DLC-WOFFVITAMON00003,WORLD OF FINAL FANTASY  Coliseum Ticket - Glow Moogle,USA
psvdlc,PCSE00880,World of Final Fantasy,最终幻想世界 [英文版],DLC-WOFFVITAMON00012,WORLD OF FINAL FANTASY  Coliseum Ticket - Iris,USA
psvdlc,PCSE00880,World of Final Fantasy,最终幻想世界 [英文版],DLC-WOFFVITAMON00011,WORLD OF FINAL FANTASY  Coliseum Ticket - Kaguya Flan,USA
psvdlc,PCSE00880,World of Final Fantasy,最终幻想世界 [英文版],DLC-WOFFVITAMON00005,WORLD OF FINAL FANTASY  Coliseum Ticket - Kobold Mimic,USA
psvdlc,PCSE00880,World of Final Fantasy,最终幻想世界 [英文版],DLC-WOFFVITAMON00013,WORLD OF FINAL FANTASY  Coliseum Ticket - Nidhogg,USA
psvdlc,PCSE00880,World of Final Fantasy,最终幻想世界 [英文版],DLC-WOFFVITAMON00004,WORLD OF FINAL FANTASY  Coliseum Ticket - Red Bonnetberry,USA
psvdlc,PCSE00880,World of Final Fantasy,最终幻想世界 [英文版],DLC-WOFFVITAMON00007,WORLD OF FINAL FANTASY  Coliseum Ticket - Sky Dragon,USA
psvdlc,PCSE00880,World of Final Fantasy,最终幻想世界 [英文版],DLC-WOFFVITAMON00010,WORLD OF FINAL FANTASY  Coliseum Ticket - Topaz Carbuncle,USA
psvdlc,PCSE00880,World of Final Fantasy,最终幻想世界 [英文版],DLC-WOFFVITAMON00002,WORLD OF FINAL FANTASY  Coliseum Ticket - White Chocobo,USA
psvdlc,PCSE00880,World of Final Fantasy,最终幻想世界 [英文版],DLC-WOFFVITAVO000001,WORLD OF FINAL FANTASY  Voice Pack - EN (for PlayStation®Vita),USA
psvdlc,PCSE00880,World of Final Fantasy,最终幻想世界 [英文版],DLC-WOFFVITAVO000000,WORLD OF FINAL FANTASY  Voice Pack - JP (for PlayStation®Vita),USA
psvdlc,PCSE00881,Gal*Gun: Double Peace,少女射击：双剪刀 [英文版],DLC-GALGUNWDLC000029,'Bear Kigurumi' Costume Set,USA
psvdlc,PCSE00881,Gal*Gun: Double Peace,少女射击：双剪刀 [英文版],DLC-GALGUNWDLC000016,'Bewitching Sorceress' Costume Set,USA
psvdlc,PCSE00881,Gal*Gun: Double Peace,少女射击：双剪刀 [英文版],DLC-GALGUNWDLC000024,'Blast From the Past' Costume Set,USA
psvdlc,PCSE00881,Gal*Gun: Double Peace,少女射击：双剪刀 [英文版],DLC-GALGUNWDLC000012,'Bunny Kigurumi' Costume Set,USA
psvdlc,PCSE00881,Gal*Gun: Double Peace,少女射击：双剪刀 [英文版],DLC-GALGUNWDLC000018,'Captivating Dancer' Costume Set,USA
psvdlc,PCSE00881,Gal*Gun: Double Peace,少女射击：双剪刀 [英文版],DLC-GALGUNWDLC000013,'Chinese Dress' Costume Set,USA
psvdlc,PCSE00881,Gal*Gun: Double Peace,少女射击：双剪刀 [英文版],DLC-GALGUNWDLC000015,'Courageous Hero' Costume Set,USA
psvdlc,PCSE00881,Gal*Gun: Double Peace,少女射击：双剪刀 [英文版],DLC-GALGUNWDLC000001,'Cunning Kunoichi' Costume Set,USA
psvdlc,PCSE00881,Gal*Gun: Double Peace,少女射击：双剪刀 [英文版],DLC-GALGUNWDLC000011,'Festival Time' Costume Set,USA
psvdlc,PCSE00881,Gal*Gun: Double Peace,少女射击：双剪刀 [英文版],DLC-GALGUNWDLC000027,'Hidden Desire' Costume Set,USA
psvdlc,PCSE00881,Gal*Gun: Double Peace,少女射击：双剪刀 [英文版],DLC-GALGUNWDLC000014,'Maid Uniform' Costume Set,USA
psvdlc,PCSE00881,Gal*Gun: Double Peace,少女射击：双剪刀 [英文版],DLC-GALGUNWDLC000022,'Queen of Pain' Costume Set,USA
psvdlc,PCSE00881,Gal*Gun: Double Peace,少女射击：双剪刀 [英文版],DLC-GALGUNWDLC000017,'Revitalizing Cleric' Costume Set,USA
psvdlc,PCSE00881,Gal*Gun: Double Peace,少女射击：双剪刀 [英文版],DLC-GALGUNWDLC000004,'Sakurazaki Squad 777' Costume Set,USA
psvdlc,PCSE00881,Gal*Gun: Double Peace,少女射击：双剪刀 [英文版],DLC-GALGUNWDLC000003,'Sexy Ribbons' Costume Set,USA
psvdlc,PCSE00881,Gal*Gun: Double Peace,少女射击：双剪刀 [英文版],DLC-GALGUNWDLC000023,'Shrine Maiden' Costume Set,USA
psvdlc,PCSE00881,Gal*Gun: Double Peace,少女射击：双剪刀 [英文版],DLC-GALGUNWDLC000026,'Summer Vacation' Costume Set,USA
psvdlc,PCSE00881,Gal*Gun: Double Peace,少女射击：双剪刀 [英文版],DLC-GALGUNWDLC000002,'Wedding Dress' Costume Set,USA
psvdlc,PCSE00881,Gal*Gun: Double Peace,少女射击：双剪刀 [英文版],DLC-GALGUNWDLC000025,'You're A Squid Now' Costume Set,USA
psvdlc,PCSE00892,Atelier Sophie ~The Alchemist of the Mysterious Book~,苏菲的炼金工房：不可思议书的炼金术士 [英文版],DLC-ADDMAP00EXPARA00,Atelier Sophie ~Alchemist of the Mysterious Book~ Additional Map Hidden Archive,USA
psvdlc,PCSE00892,Atelier Sophie ~The Alchemist of the Mysterious Book~,苏菲的炼金工房：不可思议书的炼金术士 [英文版],DLC-BGMPACK0FIRST000,Atelier Sophie ~Alchemist of the Mysterious Book~ Atelier Series Special BGM Pack,USA
psvdlc,PCSE00892,Atelier Sophie ~The Alchemist of the Mysterious Book~,苏菲的炼金工房：不可思议书的炼金术士 [英文版],DLC-BGMPACK1FAMITU00,Atelier Sophie ~Alchemist of the Mysterious Book~ BGM Pack A,USA
psvdlc,PCSE00892,Atelier Sophie ~The Alchemist of the Mysterious Book~,苏菲的炼金工房：不可思议书的炼金术士 [英文版],DLC-DOLLMAKEPARTS001,Atelier Sophie ~Alchemist of the Mysterious Book~ Doll Making Costume Aqua Suit,USA
psvdlc,PCSE00892,Atelier Sophie ~The Alchemist of the Mysterious Book~,苏菲的炼金工房：不可思议书的炼金术士 [英文版],DLC-DOLLMAKEPARTS003,Atelier Sophie ~Alchemist of the Mysterious Book~ Doll Making Costume Lady Saber,USA
psvdlc,PCSE00892,Atelier Sophie ~The Alchemist of the Mysterious Book~,苏菲的炼金工房：不可思议书的炼金术士 [英文版],DLC-DOLLMAKEPARTS004,Atelier Sophie ~Alchemist of the Mysterious Book~ Doll Making Costume Mascotti,USA
psvdlc,PCSE00892,Atelier Sophie ~The Alchemist of the Mysterious Book~,苏菲的炼金工房：不可思议书的炼金术士 [英文版],DLC-DOLLMAKEPARTS002,Atelier Sophie ~Alchemist of the Mysterious Book~ Doll Making Costume Saint Knight,USA
psvdlc,PCSE00892,Atelier Sophie ~The Alchemist of the Mysterious Book~,苏菲的炼金工房：不可思议书的炼金术士 [英文版],DLC-DOLLMAKEPARTS005,Atelier Sophie ~Alchemist of the Mysterious Book~ Doll Making Costume Silver Tail,USA
psvdlc,PCSE00892,Atelier Sophie ~The Alchemist of the Mysterious Book~,苏菲的炼金工房：不可思议书的炼金术士 [英文版],DLC-DOLLMAKEPARTS006,Atelier Sophie ~Alchemist of the Mysterious Book~ Doll Making Costume Violage,USA
psvdlc,PCSE00892,Atelier Sophie ~The Alchemist of the Mysterious Book~,苏菲的炼金工房：不可思议书的炼金术士 [英文版],DLC-BGMPACK3DAY1GUST,Atelier Sophie ~Alchemist of the Mysterious Book~ Gust Special BGM Pack,USA
psvdlc,PCSE00892,Atelier Sophie ~The Alchemist of the Mysterious Book~,苏菲的炼金工房：不可思议书的炼金术士 [英文版],DLC-ITEMPACK0PREMIUM,Atelier Sophie ~Alchemist of the Mysterious Book~ Useful Items - Gust Official,USA
psvdlc,PCSE00892,Atelier Sophie ~The Alchemist of the Mysterious Book~,苏菲的炼金工房：不可思议书的炼金术士 [英文版],DLC-ITEMPACK1GUSTOFF,Atelier Sophie ~Alchemist of the Mysterious Book~ Useful Items - Gust Official,USA
psvdlc,PCSE00892,Atelier Sophie ~The Alchemist of the Mysterious Book~,苏菲的炼金工房：不可思议书的炼金术士 [英文版],DLC-ADDEVENT0FIRIS00,Atelier Sophie ~The Alchemist of the Mysterious Book~ Extra Event Latter Days Episode,USA
psvdlc,PCSE00893,Tokyo Xanadu (3.61+!) [3.63],东京幻都 [需3.63及以上系统版本 | 英文版],DLC-TOKYOXDLCPKG0100,Free item set 1,USA
psvdlc,PCSE00893,Tokyo Xanadu (3.61+!) [3.63],东京幻都 [需3.63及以上系统版本 | 英文版],DLC-TOKYOXDLCPKG0101,Free item set 2,USA
psvdlc,PCSE00893,Tokyo Xanadu (3.61+!) [3.63],东京幻都 [需3.63及以上系统版本 | 英文版],DLC-TOKYOXDLCPKG0102,Free item set 3,USA
psvdlc,PCSE00893,Tokyo Xanadu (3.61+!) [3.63],东京幻都 [需3.63及以上系统版本 | 英文版],DLC-TOKYOXDLCPKG0103,Free item set 4,USA
psvdlc,PCSE00896,The Legend of Heroes: Trails of Cold Steel II,英雄传说：闪之轨迹 2 [英文版],DLC-EDSENADDCONT0101,additional content『Alisa's Casuals 2』,USA
psvdlc,PCSE00896,The Legend of Heroes: Trails of Cold Steel II,英雄传说：闪之轨迹 2 [英文版],DLC-EDSENADDCONT0212,additional content『Alisa's Unspeakable Costume』,USA
psvdlc,PCSE00896,The Legend of Heroes: Trails of Cold Steel II,英雄传说：闪之轨迹 2 [英文版],DLC-EDSENADDCONT0122,additional content『Angel Set』,USA
psvdlc,PCSE00896,The Legend of Heroes: Trails of Cold Steel II,英雄传说：闪之轨迹 2 [英文版],DLC-EDSENADDCONT0118,additional content『Black Bunny Set』,USA
psvdlc,PCSE00896,The Legend of Heroes: Trails of Cold Steel II,英雄传说：闪之轨迹 2 [英文版],DLC-EDSENADDCONT0119,additional content『Classic Glasses Set』,USA
psvdlc,PCSE00896,The Legend of Heroes: Trails of Cold Steel II,英雄传说：闪之轨迹 2 [英文版],DLC-EDSENADDCONT0120,additional content『Designer Glasses Set』,USA
psvdlc,PCSE00896,The Legend of Heroes: Trails of Cold Steel II,英雄传说：闪之轨迹 2 [英文版],DLC-EDSENADDCONT0123,additional content『Devil Set』,USA
psvdlc,PCSE00896,The Legend of Heroes: Trails of Cold Steel II,英雄传说：闪之轨迹 2 [英文版],DLC-EDSENADDCONT0102,additional content『Elliot's Casuals 2』,USA
psvdlc,PCSE00896,The Legend of Heroes: Trails of Cold Steel II,英雄传说：闪之轨迹 2 [英文版],DLC-EDSENADDCONT0105,additional content『Emma's Casuals 2』,USA
psvdlc,PCSE00896,The Legend of Heroes: Trails of Cold Steel II,英雄传说：闪之轨迹 2 [英文版],DLC-EDSENADDCONT0124,additional content『Fairy Set』,USA
psvdlc,PCSE00896,The Legend of Heroes: Trails of Cold Steel II,英雄传说：闪之轨迹 2 [英文版],DLC-EDSENADDCONT0107,additional content『Fie's Casuals 2』,USA
psvdlc,PCSE00896,The Legend of Heroes: Trails of Cold Steel II,英雄传说：闪之轨迹 2 [英文版],DLC-EDSENADDCONT0160,additional content『Free 10th Anniversary Set』,USA
psvdlc,PCSE00896,The Legend of Heroes: Trails of Cold Steel II,英雄传说：闪之轨迹 2 [英文版],DLC-EDSENADDCONT0165,additional content『Free Trial Set 1』,USA
psvdlc,PCSE00896,The Legend of Heroes: Trails of Cold Steel II,英雄传说：闪之轨迹 2 [英文版],DLC-EDSENADDCONT0166,additional content『Free Trial Set 2』,USA
psvdlc,PCSE00896,The Legend of Heroes: Trails of Cold Steel II,英雄传说：闪之轨迹 2 [英文版],DLC-EDSENADDCONT0167,additional content『Free Trial Set 3』,USA
psvdlc,PCSE00896,The Legend of Heroes: Trails of Cold Steel II,英雄传说：闪之轨迹 2 [英文版],DLC-EDSENADDCONT0168,additional content『Free Trial Set 4』,USA
psvdlc,PCSE00896,The Legend of Heroes: Trails of Cold Steel II,英雄传说：闪之轨迹 2 [英文版],DLC-EDSENADDCONT0169,additional content『Free Trial Set 5』,USA
psvdlc,PCSE00896,The Legend of Heroes: Trails of Cold Steel II,英雄传说：闪之轨迹 2 [英文版],DLC-EDSENADDCONT0108,additional content『Gaius' Casuals 2』,USA
psvdlc,PCSE00896,The Legend of Heroes: Trails of Cold Steel II,英雄传说：闪之轨迹 2 [英文版],DLC-EDSENADDCONT0142,additional content『Gold Cover - Alfin』,USA
psvdlc,PCSE00896,The Legend of Heroes: Trails of Cold Steel II,英雄传说：闪之轨迹 2 [英文版],DLC-EDSENADDCONT0126,additional content『Gold Cover - Alisa』,USA
psvdlc,PCSE00896,The Legend of Heroes: Trails of Cold Steel II,英雄传说：闪之轨迹 2 [英文版],DLC-EDSENADDCONT0140,additional content『Gold Cover - Angelica』,USA
psvdlc,PCSE00896,The Legend of Heroes: Trails of Cold Steel II,英雄传说：闪之轨迹 2 [英文版],DLC-EDSENADDCONT0137,additional content『Gold Cover - Claire』,USA
psvdlc,PCSE00896,The Legend of Heroes: Trails of Cold Steel II,英雄传说：闪之轨迹 2 [英文版],DLC-EDSENADDCONT0141,additional content『Gold Cover - Elise』,USA
psvdlc,PCSE00896,The Legend of Heroes: Trails of Cold Steel II,英雄传说：闪之轨迹 2 [英文版],DLC-EDSENADDCONT0127,additional content『Gold Cover - Elliot』,USA
psvdlc,PCSE00896,The Legend of Heroes: Trails of Cold Steel II,英雄传说：闪之轨迹 2 [英文版],DLC-EDSENADDCONT0130,additional content『Gold Cover - Emma』,USA
psvdlc,PCSE00896,The Legend of Heroes: Trails of Cold Steel II,英雄传说：闪之轨迹 2 [英文版],DLC-EDSENADDCONT0132,additional content『Gold Cover - Fie』,USA
psvdlc,PCSE00896,The Legend of Heroes: Trails of Cold Steel II,英雄传说：闪之轨迹 2 [英文版],DLC-EDSENADDCONT0133,additional content『Gold Cover - Gaius』,USA
psvdlc,PCSE00896,The Legend of Heroes: Trails of Cold Steel II,英雄传说：闪之轨迹 2 [英文版],DLC-EDSENADDCONT0131,additional content『Gold Cover - Jusis』,USA
psvdlc,PCSE00896,The Legend of Heroes: Trails of Cold Steel II,英雄传说：闪之轨迹 2 [英文版],DLC-EDSENADDCONT0128,additional content『Gold Cover - Laura』,USA
psvdlc,PCSE00896,The Legend of Heroes: Trails of Cold Steel II,英雄传说：闪之轨迹 2 [英文版],DLC-EDSENADDCONT0129,additional content『Gold Cover - Machias』,USA
psvdlc,PCSE00896,The Legend of Heroes: Trails of Cold Steel II,英雄传说：闪之轨迹 2 [英文版],DLC-EDSENADDCONT0134,additional content『Gold Cover - Millium』,USA
psvdlc,PCSE00896,The Legend of Heroes: Trails of Cold Steel II,英雄传说：闪之轨迹 2 [英文版],DLC-EDSENADDCONT0125,additional content『Gold Cover - Rean』,USA
psvdlc,PCSE00896,The Legend of Heroes: Trails of Cold Steel II,英雄传说：闪之轨迹 2 [英文版],DLC-EDSENADDCONT0135,additional content『Gold Cover - Sara』,USA
psvdlc,PCSE00896,The Legend of Heroes: Trails of Cold Steel II,英雄传说：闪之轨迹 2 [英文版],DLC-EDSENADDCONT0138,additional content『Gold Cover - Sharon』,USA
psvdlc,PCSE00896,The Legend of Heroes: Trails of Cold Steel II,英雄传说：闪之轨迹 2 [英文版],DLC-EDSENADDCONT0136,additional content『Gold Cover - Toval』,USA
psvdlc,PCSE00896,The Legend of Heroes: Trails of Cold Steel II,英雄传说：闪之轨迹 2 [英文版],DLC-EDSENADDCONT0139,additional content『Gold Cover - Towa』,USA
psvdlc,PCSE00896,The Legend of Heroes: Trails of Cold Steel II,英雄传说：闪之轨迹 2 [英文版],DLC-EDSENADDCONT0179,additional content『Ingredients Set 1』,USA
psvdlc,PCSE00896,The Legend of Heroes: Trails of Cold Steel II,英雄传说：闪之轨迹 2 [英文版],DLC-EDSENADDCONT0180,additional content『Ingredients Set 2』,USA
psvdlc,PCSE00896,The Legend of Heroes: Trails of Cold Steel II,英雄传说：闪之轨迹 2 [英文版],DLC-EDSENADDCONT0181,additional content『Ingredients Set 3』,USA
psvdlc,PCSE00896,The Legend of Heroes: Trails of Cold Steel II,英雄传说：闪之轨迹 2 [英文版],DLC-EDSENADDCONT0106,additional content『Jusis' Casuals 2』,USA
psvdlc,PCSE00896,The Legend of Heroes: Trails of Cold Steel II,英雄传说：闪之轨迹 2 [英文版],DLC-EDSENADDCONT0103,additional content『Laura's Casuals 2』,USA
psvdlc,PCSE00896,The Legend of Heroes: Trails of Cold Steel II,英雄传说：闪之轨迹 2 [英文版],DLC-EDSENADDCONT0104,additional content『Machias' Casuals 2』,USA
psvdlc,PCSE00896,The Legend of Heroes: Trails of Cold Steel II,英雄传说：闪之轨迹 2 [英文版],DLC-EDSENADDCONT0109,additional content『Millium's Casuals 2』,USA
psvdlc,PCSE00896,The Legend of Heroes: Trails of Cold Steel II,英雄传说：闪之轨迹 2 [英文版],DLC-EDSENADDCONT0100,additional content『Rean's Casuals 2』,USA
psvdlc,PCSE00896,The Legend of Heroes: Trails of Cold Steel II,英雄传说：闪之轨迹 2 [英文版],DLC-EDSENADDCONT0211,additional content『Rean's Unspeakable Costume』,USA
psvdlc,PCSE00896,The Legend of Heroes: Trails of Cold Steel II,英雄传说：闪之轨迹 2 [英文版],DLC-EDSENADDCONT0182,additional content『Recovery Items Set 1』,USA
psvdlc,PCSE00896,The Legend of Heroes: Trails of Cold Steel II,英雄传说：闪之轨迹 2 [英文版],DLC-EDSENADDCONT0183,additional content『Recovery Items Set 2』,USA
psvdlc,PCSE00896,The Legend of Heroes: Trails of Cold Steel II,英雄传说：闪之轨迹 2 [英文版],DLC-EDSENADDCONT0184,additional content『Recovery Items Set 3』,USA
psvdlc,PCSE00896,The Legend of Heroes: Trails of Cold Steel II,英雄传说：闪之轨迹 2 [英文版],DLC-EDSENADDCONT0115,additional content『Ride-Along Estelle』,USA
psvdlc,PCSE00896,The Legend of Heroes: Trails of Cold Steel II,英雄传说：闪之轨迹 2 [英文版],DLC-EDSENADDCONT0149,additional content『Ride-Along Evil Mishy』,USA
psvdlc,PCSE00896,The Legend of Heroes: Trails of Cold Steel II,英雄传说：闪之轨迹 2 [英文版],DLC-EDSENADDCONT0116,additional content『Ride-Along Joshua』,USA
psvdlc,PCSE00896,The Legend of Heroes: Trails of Cold Steel II,英雄传说：闪之轨迹 2 [英文版],DLC-EDSENADDCONT0148,additional content『Ride-Along Mishette』,USA
psvdlc,PCSE00896,The Legend of Heroes: Trails of Cold Steel II,英雄传说：闪之轨迹 2 [英文版],DLC-EDSENADDCONT0114,additional content『Ride-Along Renne』,USA
psvdlc,PCSE00896,The Legend of Heroes: Trails of Cold Steel II,英雄传说：闪之轨迹 2 [英文版],DLC-EDSENADDCONT0113,additional content『Ride-Along Tio』,USA
psvdlc,PCSE00896,The Legend of Heroes: Trails of Cold Steel II,英雄传说：闪之轨迹 2 [英文版],DLC-EDSENADDCONT0196,additional content『S-Pom Bait Set 1』,USA
psvdlc,PCSE00896,The Legend of Heroes: Trails of Cold Steel II,英雄传说：闪之轨迹 2 [英文版],DLC-EDSENADDCONT0197,additional content『S-Pom Bait Set 2』,USA
psvdlc,PCSE00896,The Legend of Heroes: Trails of Cold Steel II,英雄传说：闪之轨迹 2 [英文版],DLC-EDSENADDCONT0198,additional content『S-Pom Bait Set 3』,USA
psvdlc,PCSE00896,The Legend of Heroes: Trails of Cold Steel II,英雄传说：闪之轨迹 2 [英文版],DLC-EDSENADDCONT0199,additional content『S-Pom Bait Set 4』,USA
psvdlc,PCSE00896,The Legend of Heroes: Trails of Cold Steel II,英雄传说：闪之轨迹 2 [英文版],DLC-EDSENADDCONT0200,additional content『S-Pom Bait Set 5』,USA
psvdlc,PCSE00896,The Legend of Heroes: Trails of Cold Steel II,英雄传说：闪之轨迹 2 [英文版],DLC-EDSENADDCONT0201,additional content『S-Pom Bait Value Set 1』,USA
psvdlc,PCSE00896,The Legend of Heroes: Trails of Cold Steel II,英雄传说：闪之轨迹 2 [英文版],DLC-EDSENADDCONT0202,additional content『S-Pom Bait Value Set 2』,USA
psvdlc,PCSE00896,The Legend of Heroes: Trails of Cold Steel II,英雄传说：闪之轨迹 2 [英文版],DLC-EDSENADDCONT0110,additional content『Sara's Casuals』,USA
psvdlc,PCSE00896,The Legend of Heroes: Trails of Cold Steel II,英雄传说：闪之轨迹 2 [英文版],DLC-EDSENADDCONT0175,additional content『Sepith Set 1』,USA
psvdlc,PCSE00896,The Legend of Heroes: Trails of Cold Steel II,英雄传说：闪之轨迹 2 [英文版],DLC-EDSENADDCONT0176,additional content『Sepith Set 2』,USA
psvdlc,PCSE00896,The Legend of Heroes: Trails of Cold Steel II,英雄传说：闪之轨迹 2 [英文版],DLC-EDSENADDCONT0177,additional content『Sepith Set 3』,USA
psvdlc,PCSE00896,The Legend of Heroes: Trails of Cold Steel II,英雄传说：闪之轨迹 2 [英文版],DLC-EDSENADDCONT0117,additional content『Striped Kitty Set』,USA
psvdlc,PCSE00896,The Legend of Heroes: Trails of Cold Steel II,英雄传说：闪之轨迹 2 [英文版],DLC-EDSENADDCONT0111,additional content『Towa's Casuals』,USA
psvdlc,PCSE00896,The Legend of Heroes: Trails of Cold Steel II,英雄传说：闪之轨迹 2 [英文版],DLC-EDSENADDCONT0146,additional content『Trails in the Sky - Estelle』,USA
psvdlc,PCSE00896,The Legend of Heroes: Trails of Cold Steel II,英雄传说：闪之轨迹 2 [英文版],DLC-EDSENADDCONT0147,additional content『Trails in the Sky - Joshua』,USA
psvdlc,PCSE00896,The Legend of Heroes: Trails of Cold Steel II,英雄传说：闪之轨迹 2 [英文版],DLC-EDSENADDCONT0191,additional content『U-Material Set 1』,USA
psvdlc,PCSE00896,The Legend of Heroes: Trails of Cold Steel II,英雄传说：闪之轨迹 2 [英文版],DLC-EDSENADDCONT0192,additional content『U-Material Set 2』,USA
psvdlc,PCSE00896,The Legend of Heroes: Trails of Cold Steel II,英雄传说：闪之轨迹 2 [英文版],DLC-EDSENADDCONT0193,additional content『U-Material Set 3』,USA
psvdlc,PCSE00896,The Legend of Heroes: Trails of Cold Steel II,英雄传说：闪之轨迹 2 [英文版],DLC-EDSENADDCONT0121,additional content『Weird Glasses Set』,USA
psvdlc,PCSE00896,The Legend of Heroes: Trails of Cold Steel II,英雄传说：闪之轨迹 2 [英文版],DLC-EDSENADDCONT0188,additional content『Zeram Capsule Set 1』,USA
psvdlc,PCSE00896,The Legend of Heroes: Trails of Cold Steel II,英雄传说：闪之轨迹 2 [英文版],DLC-EDSENADDCONT0189,additional content『Zeram Capsule Set 2』,USA
psvdlc,PCSE00896,The Legend of Heroes: Trails of Cold Steel II,英雄传说：闪之轨迹 2 [英文版],DLC-EDSENADDCONT0190,additional content『Zeram Capsule Set 3』,USA
psvdlc,PCSE00896,The Legend of Heroes: Trails of Cold Steel II,英雄传说：闪之轨迹 2 [英文版],DLC-EDSENADDCONT0185,additional content『Zeram Powder Set 1』,USA
psvdlc,PCSE00896,The Legend of Heroes: Trails of Cold Steel II,英雄传说：闪之轨迹 2 [英文版],DLC-EDSENADDCONT0186,additional content『Zeram Powder Set 2』,USA
psvdlc,PCSE00896,The Legend of Heroes: Trails of Cold Steel II,英雄传说：闪之轨迹 2 [英文版],DLC-EDSENADDCONT0187,additional content『Zeram Powder Set 3』,USA
psvdlc,PCSE00898,Superdimension Neptune vs. Sega Hard Girls,超次元大战 机战少女 VS SEGA 主机娘 [英文版],DLC-NEPVSSEGAHADLC05,Additional library EXP Expert,USA
psvdlc,PCSE00898,Superdimension Neptune vs. Sega Hard Girls,超次元大战 机战少女 VS SEGA 主机娘 [英文版],DLC-NEPVSSEGAHADLC07,Additional library Fever Gauge Plus,USA
psvdlc,PCSE00898,Superdimension Neptune vs. Sega Hard Girls,超次元大战 机战少女 VS SEGA 主机娘 [英文版],DLC-NEPVSSEGAHADLC06,Additional library Item Insurance.,USA
psvdlc,PCSE00898,Superdimension Neptune vs. Sega Hard Girls,超次元大战 机战少女 VS SEGA 主机娘 [英文版],DLC-NEPVSSEGAHADLC04,Additional library Money Maker.,USA
psvdlc,PCSE00898,Superdimension Neptune vs. Sega Hard Girls,超次元大战 机战少女 VS SEGA 主机娘 [英文版],DLC-NEPVSSEGAHADLC08,Dengeki Bracelet,USA
psvdlc,PCSE00898,Superdimension Neptune vs. Sega Hard Girls,超次元大战 机战少女 VS SEGA 主机娘 [英文版],DLC-NEPVSSEGAHADLC01,"Go to the arcade, Strike Future!",USA
psvdlc,PCSE00898,Superdimension Neptune vs. Sega Hard Girls,超次元大战 机战少女 VS SEGA 主机娘 [英文版],DLC-NEPVSSEGAHADLC11,Hall of Fame Ring,USA
psvdlc,PCSE00898,Superdimension Neptune vs. Sega Hard Girls,超次元大战 机战少女 VS SEGA 主机娘 [英文版],DLC-NEPVSSEGAHADLC09,Historic Bookmark,USA
psvdlc,PCSE00898,Superdimension Neptune vs. Sega Hard Girls,超次元大战 机战少女 VS SEGA 主机娘 [英文版],DLC-NEPVSSEGAHADLC02,IF's class Gust of Wind.,USA
psvdlc,PCSE00903,Sword Art Online: Hollow Realization (3.61+!) [3.61],刀剑神域：虚空幻界 [需3.61及以上系统版本 | 英文版],DLC-SAO4KFJ014400000,Abyss of the Shrine Maiden Chapter 1 - Explorer of Illusory Mists,USA
psvdlc,PCSE00903,Sword Art Online: Hollow Realization (3.61+!) [3.61],刀剑神域：虚空幻界 [需3.61及以上系统版本 | 英文版],DLC-SAO4KFJ015500000,Abyss of the Shrine Maiden Chapter 2 - Tuner of Causality,USA
psvdlc,PCSE00903,Sword Art Online: Hollow Realization (3.61+!) [3.61],刀剑神域：虚空幻界 [需3.61及以上系统版本 | 英文版],DLC-SAO4KFJ016600000,Abyss of the Shrine Maiden Chapter 3 - The One Who Resists God,USA
psvdlc,PCSE00903,Sword Art Online: Hollow Realization (3.61+!) [3.61],刀剑神域：虚空幻界 [需3.61及以上系统版本 | 英文版],DLC-SAO4KFJ000100000,Ticket - Ancient Equipment Maid Costume,USA
psvdlc,PCSE00903,Sword Art Online: Hollow Realization (3.61+!) [3.61],刀剑神域：虚空幻界 [需3.61及以上系统版本 | 英文版],DLC-SAO4KFJ006100000,Ticket - GE Crossover Outfit (Livie),USA
psvdlc,PCSE00903,Sword Art Online: Hollow Realization (3.61+!) [3.61],刀剑神域：虚空幻界 [需3.61及以上系统版本 | 英文版],DLC-SAO4KFJ005100000,Ticket - GE Crossover Outfit (Soma),USA
psvdlc,PCSE00903,Sword Art Online: Hollow Realization (3.61+!) [3.61],刀剑神域：虚空幻界 [需3.61及以上系统版本 | 英文版],DLC-SAO4KFJ045300000,Ticket - Lord of the Inferno,USA
psvdlc,PCSE00903,Sword Art Online: Hollow Realization (3.61+!) [3.61],刀剑神域：虚空幻界 [需3.61及以上系统版本 | 英文版],DLC-SAO4KFJ046300000,Ticket - Missing Chest,USA
psvdlc,PCSE00903,Sword Art Online: Hollow Realization (3.61+!) [3.61],刀剑神域：虚空幻界 [需3.61及以上系统版本 | 英文版],DLC-SAO4KFJ008200000,Ticket - Movie ver. Outfit (Asuna),USA
psvdlc,PCSE00903,Sword Art Online: Hollow Realization (3.61+!) [3.61],刀剑神域：虚空幻界 [需3.61及以上系统版本 | 英文版],DLC-SAO4KFJ007200000,Ticket - Movie ver. Outfit (Kirito),USA
psvdlc,PCSE00903,Sword Art Online: Hollow Realization (3.61+!) [3.61],刀剑神域：虚空幻界 [需3.61及以上系统版本 | 英文版],DLC-SAO4KFJ003100000,Ticket - Pajamas,USA
psvdlc,PCSE00903,Sword Art Online: Hollow Realization (3.61+!) [3.61],刀剑神域：虚空幻界 [需3.61及以上系统版本 | 英文版],DLC-SAO4KFJ001100000,Ticket - School Swimsuit (Blue),USA
psvdlc,PCSE00903,Sword Art Online: Hollow Realization (3.61+!) [3.61],刀剑神域：虚空幻界 [需3.61及以上系统版本 | 英文版],DLC-SAO4KFJ002100000,Ticket - School Swimsuit (White),USA
psvdlc,PCSE00903,Sword Art Online: Hollow Realization (3.61+!) [3.61],刀剑神域：虚空幻界 [需3.61及以上系统版本 | 英文版],DLC-SAO4KFJ004100000,Ticket - Wedding Dress,USA
psvdlc,PCSE00903,Sword Art Online: Hollow Realization (3.61+!) [3.61],刀剑神域：虚空幻界 [需3.61及以上系统版本 | 英文版],DLC-SAO4LIR032100000,Weapon & Armor Enhancement Set,USA
psvdlc,PCSE00918,MeiQ: Labyrinth of Death,迷Q地下去死团 [英文版],DLC-ADDCONTENTDLC005,Friendship Symbol,USA
psvdlc,PCSE00918,MeiQ: Labyrinth of Death,迷Q地下去死团 [英文版],DLC-ADDCONTENTDLC006,Gabas Dragon,USA
psvdlc,PCSE00918,MeiQ: Labyrinth of Death,迷Q地下去死团 [英文版],DLC-ADDCONTENTDLC002,Helpful Item Set,USA
psvdlc,PCSE00918,MeiQ: Labyrinth of Death,迷Q地下去死团 [英文版],DLC-ADDCONTENTDLC003,King's Symbol,USA
psvdlc,PCSE00918,MeiQ: Labyrinth of Death,迷Q地下去死团 [英文版],DLC-ADDCONTENTDLC001,Neptune Form,USA
psvdlc,PCSE00918,MeiQ: Labyrinth of Death,迷Q地下去死团 [英文版],DLC-ADDCONTENTDLC004,Thunder Cannon,USA
psvdlc,PCSE00918,MeiQ: Labyrinth of Death,迷Q地下去死团 [英文版],DLC-ADDCONTENTDLC000,Trillion Form,USA
psvdlc,PCSE00919,Darkest Dungeon (3.61+!) [3.61],暗黑地牢 [需3.61及以上系统版本 | 英文版],DLC-RHSDDPSV00000005,Darkest Dungeon - Color of Madness,USA
psvdlc,PCSE00919,Darkest Dungeon (3.61+!) [3.61],暗黑地牢 [需3.61及以上系统版本 | 英文版],DLC-RHSDDPSV00000002,Darkest Dungeon - Crimson Court,USA
psvdlc,PCSE00919,Darkest Dungeon (3.61+!) [3.61],暗黑地牢 [需3.61及以上系统版本 | 英文版],DLC-RHSDDPSV00000006,Darkest Dungeon - Musketeer,USA
psvdlc,PCSE00919,Darkest Dungeon (3.61+!) [3.61],暗黑地牢 [需3.61及以上系统版本 | 英文版],DLC-RHSDDPSV00000004,Darkest Dungeon - Shieldbreaker,USA
psvdlc,PCSE00927,Akiba's Beat (3.61+!) [3.63],秋叶原妄想物语 [需3.63及以上系统版本 | 英文版],DLC-AKBTTSYA30000001,Acquire-chan T Shirt (Asahi),USA
psvdlc,PCSE00927,Akiba's Beat (3.61+!) [3.63],秋叶原妄想物语 [需3.63及以上系统版本 | 英文版],DLC-AKBTMAID00000001,Butler (Asahi),USA
psvdlc,PCSE00927,Akiba's Beat (3.61+!) [3.63],秋叶原妄想物语 [需3.63及以上系统版本 | 英文版],DLC-AKBTMAID00000007,Butler (Mizuki),USA
psvdlc,PCSE00927,Akiba's Beat (3.61+!) [3.63],秋叶原妄想物语 [需3.63及以上系统版本 | 英文版],DLC-AKBTMAID00000006,Butler (Reiji),USA
psvdlc,PCSE00927,Akiba's Beat (3.61+!) [3.63],秋叶原妄想物语 [需3.63及以上系统版本 | 英文版],DLC-AKBTMAID00000004,Butler (Yamato),USA
psvdlc,PCSE00927,Akiba's Beat (3.61+!) [3.63],秋叶原妄想物语 [需3.63及以上系统版本 | 英文版],DLC-AKBTMAID10000001,Butler Exclusive (Asahi),USA
psvdlc,PCSE00927,Akiba's Beat (3.61+!) [3.63],秋叶原妄想物语 [需3.63及以上系统版本 | 英文版],DLC-AKBTMAID10000007,Butler Exclusive (Mizuki),USA
psvdlc,PCSE00927,Akiba's Beat (3.61+!) [3.63],秋叶原妄想物语 [需3.63及以上系统版本 | 英文版],DLC-AKBTMAID10000006,Butler Exclusive (Reiji),USA
psvdlc,PCSE00927,Akiba's Beat (3.61+!) [3.63],秋叶原妄想物语 [需3.63及以上系统版本 | 英文版],DLC-AKBTMAID10000004,Butler Exclusive (Yamato),USA
psvdlc,PCSE00927,Akiba's Beat (3.61+!) [3.63],秋叶原妄想物语 [需3.63及以上系统版本 | 英文版],DLC-AKBTIDOL00000001,Idol - Black (Asahi),USA
psvdlc,PCSE00927,Akiba's Beat (3.61+!) [3.63],秋叶原妄想物语 [需3.63及以上系统版本 | 英文版],DLC-AKBTIDOL00000005,Idol - Black (Kotomi),USA
psvdlc,PCSE00927,Akiba's Beat (3.61+!) [3.63],秋叶原妄想物语 [需3.63及以上系统版本 | 英文版],DLC-AKBTIDOL00000007,Idol - Black (Mizuki),USA
psvdlc,PCSE00927,Akiba's Beat (3.61+!) [3.63],秋叶原妄想物语 [需3.63及以上系统版本 | 英文版],DLC-AKBTIDOL00000006,Idol - Black (Reiji),USA
psvdlc,PCSE00927,Akiba's Beat (3.61+!) [3.63],秋叶原妄想物语 [需3.63及以上系统版本 | 英文版],DLC-AKBTIDOL00000003,Idol - Black (Riyu),USA
psvdlc,PCSE00927,Akiba's Beat (3.61+!) [3.63],秋叶原妄想物语 [需3.63及以上系统版本 | 英文版],DLC-AKBTIDOL00000002,Idol - Black (Saki),USA
psvdlc,PCSE00927,Akiba's Beat (3.61+!) [3.63],秋叶原妄想物语 [需3.63及以上系统版本 | 英文版],DLC-AKBTIDOL00000004,Idol - Black (Yamato),USA
psvdlc,PCSE00927,Akiba's Beat (3.61+!) [3.63],秋叶原妄想物语 [需3.63及以上系统版本 | 英文版],DLC-AKBTIDOL10000001,Idol - White (Asahi),USA
psvdlc,PCSE00927,Akiba's Beat (3.61+!) [3.63],秋叶原妄想物语 [需3.63及以上系统版本 | 英文版],DLC-AKBTIDOL10000005,Idol - White (Kotomi),USA
psvdlc,PCSE00927,Akiba's Beat (3.61+!) [3.63],秋叶原妄想物语 [需3.63及以上系统版本 | 英文版],DLC-AKBTIDOL10000007,Idol - White (Mizuki),USA
psvdlc,PCSE00927,Akiba's Beat (3.61+!) [3.63],秋叶原妄想物语 [需3.63及以上系统版本 | 英文版],DLC-AKBTIDOL10000006,Idol - White (Reiji),USA
psvdlc,PCSE00927,Akiba's Beat (3.61+!) [3.63],秋叶原妄想物语 [需3.63及以上系统版本 | 英文版],DLC-AKBTIDOL10000003,Idol - White (Riyu),USA
psvdlc,PCSE00927,Akiba's Beat (3.61+!) [3.63],秋叶原妄想物语 [需3.63及以上系统版本 | 英文版],DLC-AKBTIDOL10000002,Idol - White (Saki),USA
psvdlc,PCSE00927,Akiba's Beat (3.61+!) [3.63],秋叶原妄想物语 [需3.63及以上系统版本 | 英文版],DLC-AKBTIDOL10000004,Idol - White (Yamato),USA
psvdlc,PCSE00927,Akiba's Beat (3.61+!) [3.63],秋叶原妄想物语 [需3.63及以上系统版本 | 英文版],DLC-AKBTMAID00000005,Maid (Kotomi),USA
psvdlc,PCSE00927,Akiba's Beat (3.61+!) [3.63],秋叶原妄想物语 [需3.63及以上系统版本 | 英文版],DLC-AKBTMAID00000003,Maid (Riyu),USA
psvdlc,PCSE00927,Akiba's Beat (3.61+!) [3.63],秋叶原妄想物语 [需3.63及以上系统版本 | 英文版],DLC-AKBTMAID00000002,Maid (Saki),USA
psvdlc,PCSE00927,Akiba's Beat (3.61+!) [3.63],秋叶原妄想物语 [需3.63及以上系统版本 | 英文版],DLC-AKBTMAID10000005,Maid Exclusive (Kotomi),USA
psvdlc,PCSE00927,Akiba's Beat (3.61+!) [3.63],秋叶原妄想物语 [需3.63及以上系统版本 | 英文版],DLC-AKBTMAID10000003,Maid Exclusive (Riyu),USA
psvdlc,PCSE00927,Akiba's Beat (3.61+!) [3.63],秋叶原妄想物语 [需3.63及以上系统版本 | 英文版],DLC-AKBTMAID10000002,Maid Exclusive (Saki),USA
psvdlc,PCSE00927,Akiba's Beat (3.61+!) [3.63],秋叶原妄想物语 [需3.63及以上系统版本 | 英文版],DLC-AKBTUNIF00000001,School Uniform (Asahi),USA
psvdlc,PCSE00927,Akiba's Beat (3.61+!) [3.63],秋叶原妄想物语 [需3.63及以上系统版本 | 英文版],DLC-AKBTUNIF00000005,School Uniform (Kotomi),USA
psvdlc,PCSE00927,Akiba's Beat (3.61+!) [3.63],秋叶原妄想物语 [需3.63及以上系统版本 | 英文版],DLC-AKBTUNIF00000007,School Uniform (Mizuki),USA
psvdlc,PCSE00927,Akiba's Beat (3.61+!) [3.63],秋叶原妄想物语 [需3.63及以上系统版本 | 英文版],DLC-AKBTUNIF00000006,School Uniform (Reiji),USA
psvdlc,PCSE00927,Akiba's Beat (3.61+!) [3.63],秋叶原妄想物语 [需3.63及以上系统版本 | 英文版],DLC-AKBTUNIF00000003,School Uniform (Riyu),USA
psvdlc,PCSE00927,Akiba's Beat (3.61+!) [3.63],秋叶原妄想物语 [需3.63及以上系统版本 | 英文版],DLC-AKBTUNIF00000002,School Uniform (Saki),USA
psvdlc,PCSE00927,Akiba's Beat (3.61+!) [3.63],秋叶原妄想物语 [需3.63及以上系统版本 | 英文版],DLC-AKBTUNIF00000004,School Uniform (Yamato),USA
psvdlc,PCSE00927,Akiba's Beat (3.61+!) [3.63],秋叶原妄想物语 [需3.63及以上系统版本 | 英文版],DLC-AKBTSWIM00000001,Swimsuit (Asahi),USA
psvdlc,PCSE00927,Akiba's Beat (3.61+!) [3.63],秋叶原妄想物语 [需3.63及以上系统版本 | 英文版],DLC-AKBTSWIM00000005,Swimsuit (Kotomi),USA
psvdlc,PCSE00927,Akiba's Beat (3.61+!) [3.63],秋叶原妄想物语 [需3.63及以上系统版本 | 英文版],DLC-AKBTSWIM00000007,Swimsuit (Mizuki),USA
psvdlc,PCSE00927,Akiba's Beat (3.61+!) [3.63],秋叶原妄想物语 [需3.63及以上系统版本 | 英文版],DLC-AKBTSWIM00000006,Swimsuit (Reiji),USA
psvdlc,PCSE00927,Akiba's Beat (3.61+!) [3.63],秋叶原妄想物语 [需3.63及以上系统版本 | 英文版],DLC-AKBTSWIM00000003,Swimsuit (Riyu),USA
psvdlc,PCSE00927,Akiba's Beat (3.61+!) [3.63],秋叶原妄想物语 [需3.63及以上系统版本 | 英文版],DLC-AKBTSWIM00000002,Swimsuit (Saki),USA
psvdlc,PCSE00927,Akiba's Beat (3.61+!) [3.63],秋叶原妄想物语 [需3.63及以上系统版本 | 英文版],DLC-AKBTSWIM00000004,Swimsuit (Yamato),USA
psvdlc,PCSE00928,Fate/Extella: The Umbral Star (3.61+!) [3.61],Fate/EXTELLA [需3.61及以上系统版本 | 英文版],DLC-FATEEX000DLC0012,Altera Next Door,USA
psvdlc,PCSE00928,Fate/Extella: The Umbral Star (3.61+!) [3.61],Fate/EXTELLA [需3.61及以上系统版本 | 英文版],DLC-FATEEX000DLC0041,April Magical,USA
psvdlc,PCSE00928,Fate/Extella: The Umbral Star (3.61+!) [3.61],Fate/EXTELLA [需3.61及以上系统版本 | 英文版],DLC-FATEEX000DLC0032,Artoria (Stay night Model),USA
psvdlc,PCSE00928,Fate/Extella: The Umbral Star (3.61+!) [3.61],Fate/EXTELLA [需3.61及以上系统版本 | 英文版],DLC-FATEEX000DLC0023,Black Bushin Super Skeleton,USA
psvdlc,PCSE00928,Fate/Extella: The Umbral Star (3.61+!) [3.61],Fate/EXTELLA [需3.61及以上系统版本 | 英文版],DLC-FATEEX000DLC0013,Black Speedo,USA
psvdlc,PCSE00928,Fate/Extella: The Umbral Star (3.61+!) [3.61],Fate/EXTELLA [需3.61及以上系统版本 | 英文版],DLC-FATEEX000DLC0017,British Waiter,USA
psvdlc,PCSE00928,Fate/Extella: The Umbral Star (3.61+!) [3.61],Fate/EXTELLA [需3.61及以上系统版本 | 英文版],DLC-FATEEX000DLC0010,Casual Vacances,USA
psvdlc,PCSE00928,Fate/Extella: The Umbral Star (3.61+!) [3.61],Fate/EXTELLA [需3.61及以上系统版本 | 英文版],DLC-FATEEX000DLC0025,Charming Bunny,USA
psvdlc,PCSE00928,Fate/Extella: The Umbral Star (3.61+!) [3.61],Fate/EXTELLA [需3.61及以上系统版本 | 英文版],DLC-FATEEX000DLC0021,Cheerleader,USA
psvdlc,PCSE00928,Fate/Extella: The Umbral Star (3.61+!) [3.61],Fate/EXTELLA [需3.61及以上系统版本 | 英文版],DLC-FATEEX000DLC0005,Deep Crimson Dress,USA
psvdlc,PCSE00928,Fate/Extella: The Umbral Star (3.61+!) [3.61],Fate/EXTELLA [需3.61及以上系统版本 | 英文版],DLC-FATEEX000DLC0022,Flower Coordinator,USA
psvdlc,PCSE00928,Fate/Extella: The Umbral Star (3.61+!) [3.61],Fate/EXTELLA [需3.61及以上系统版本 | 英文版],DLC-FATEEX000DLC0028,Formal King,USA
psvdlc,PCSE00928,Fate/Extella: The Umbral Star (3.61+!) [3.61],Fate/EXTELLA [需3.61及以上系统版本 | 英文版],DLC-FATEEX000DLC0037,Gilgamesh (Stay night Model),USA
psvdlc,PCSE00928,Fate/Extella: The Umbral Star (3.61+!) [3.61],Fate/EXTELLA [需3.61及以上系统版本 | 英文版],DLC-FATEEX000DLC0040,Girl from Orléans,USA
psvdlc,PCSE00928,Fate/Extella: The Umbral Star (3.61+!) [3.61],Fate/EXTELLA [需3.61及以上系统版本 | 英文版],DLC-FATEEX000DLC0026,Gorgon Variant,USA
psvdlc,PCSE00928,Fate/Extella: The Umbral Star (3.61+!) [3.61],Fate/EXTELLA [需3.61及以上系统版本 | 英文版],DLC-FATEEX000DLC0039,Gravure Vacances,USA
psvdlc,PCSE00928,Fate/Extella: The Umbral Star (3.61+!) [3.61],Fate/EXTELLA [需3.61及以上系统版本 | 英文版],DLC-FATEEX000DLC0038,Immoral Biker Jacket,USA
psvdlc,PCSE00928,Fate/Extella: The Umbral Star (3.61+!) [3.61],Fate/EXTELLA [需3.61及以上系统版本 | 英文版],DLC-FATEEX000DLC0024,Mecha Lady Medusa,USA
psvdlc,PCSE00928,Fate/Extella: The Umbral Star (3.61+!) [3.61],Fate/EXTELLA [需3.61及以上系统版本 | 英文版],DLC-FATEEX000DLC0016,Mr. Li's Ruffian Get-Up,USA
psvdlc,PCSE00928,Fate/Extella: The Umbral Star (3.61+!) [3.61],Fate/EXTELLA [需3.61及以上系统版本 | 英文版],DLC-FATEEX000DLC0033,Mysterious Heroine Outfit,USA
psvdlc,PCSE00928,Fate/Extella: The Umbral Star (3.61+!) [3.61],Fate/EXTELLA [需3.61及以上系统版本 | 英文版],DLC-FATEEX000DLC0014,Nameless (Stay night Model),USA
psvdlc,PCSE00928,Fate/Extella: The Umbral Star (3.61+!) [3.61],Fate/EXTELLA [需3.61及以上系统版本 | 英文版],DLC-FATEEX000DLC0034,Original Mythic Outfit,USA
psvdlc,PCSE00928,Fate/Extella: The Umbral Star (3.61+!) [3.61],Fate/EXTELLA [需3.61及以上系统版本 | 英文版],DLC-FATEEX000DLC0036,Praise My Charming Beauty,USA
psvdlc,PCSE00928,Fate/Extella: The Umbral Star (3.61+!) [3.61],Fate/EXTELLA [需3.61及以上系统版本 | 英文版],DLC-FATEEX000DLC0029,Resort Vacances,USA
psvdlc,PCSE00928,Fate/Extella: The Umbral Star (3.61+!) [3.61],Fate/EXTELLA [需3.61及以上系统版本 | 英文版],DLC-FATEEX000DLC0000,Rose Vacances,USA
psvdlc,PCSE00928,Fate/Extella: The Umbral Star (3.61+!) [3.61],Fate/EXTELLA [需3.61及以上系统版本 | 英文版],DLC-FATEEX000DLC0007,Sable Mage Outfit,USA
psvdlc,PCSE00928,Fate/Extella: The Umbral Star (3.61+!) [3.61],Fate/EXTELLA [需3.61及以上系统版本 | 英文版],DLC-FATEEX000DLC0015,Slash & Connect,USA
psvdlc,PCSE00928,Fate/Extella: The Umbral Star (3.61+!) [3.61],Fate/EXTELLA [需3.61及以上系统版本 | 英文版],DLC-FATEEX000DLC0009,Spring Casual,USA
psvdlc,PCSE00928,Fate/Extella: The Umbral Star (3.61+!) [3.61],Fate/EXTELLA [需3.61及以上系统版本 | 英文版],DLC-FATEEX000DLC0031,Summer Memory,USA
psvdlc,PCSE00928,Fate/Extella: The Umbral Star (3.61+!) [3.61],Fate/EXTELLA [需3.61及以上系统版本 | 英文版],DLC-FATEEX000DLC0019,Sweet Room Dream,USA
psvdlc,PCSE00928,Fate/Extella: The Umbral Star (3.61+!) [3.61],Fate/EXTELLA [需3.61及以上系统版本 | 英文版],DLC-FATEEX000DLC0027,Transient Casual,USA
psvdlc,PCSE00928,Fate/Extella: The Umbral Star (3.61+!) [3.61],Fate/EXTELLA [需3.61及以上系统版本 | 英文版],DLC-FATEEX000DLC0006,Vacances d'été,USA
psvdlc,PCSE00928,Fate/Extella: The Umbral Star (3.61+!) [3.61],Fate/EXTELLA [需3.61及以上系统版本 | 英文版],DLC-FATEEX000DLC0018,Young Lancer,USA
psvdlc,PCSE00940,Toukiden 2 (3.61+!) [3.63],讨鬼传 2 [需3.63及以上系统版本 | 英文版],DLC-TKD2QUEST0000000,Additional Mission Compilation 1,USA
psvdlc,PCSE00940,Toukiden 2 (3.61+!) [3.63],讨鬼传 2 [需3.63及以上系统版本 | 英文版],DLC-TKD2QUEST0000900,Additional Mission Compilation 10,USA
psvdlc,PCSE00940,Toukiden 2 (3.61+!) [3.63],讨鬼传 2 [需3.63及以上系统版本 | 英文版],DLC-TKD2QUEST0001000,Additional Mission Compilation 11,USA
psvdlc,PCSE00940,Toukiden 2 (3.61+!) [3.63],讨鬼传 2 [需3.63及以上系统版本 | 英文版],DLC-TKD2QUEST0001100,Additional Mission Compilation 12,USA
psvdlc,PCSE00940,Toukiden 2 (3.61+!) [3.63],讨鬼传 2 [需3.63及以上系统版本 | 英文版],DLC-TKD2QUEST0000100,Additional Mission Compilation 2,USA
psvdlc,PCSE00940,Toukiden 2 (3.61+!) [3.63],讨鬼传 2 [需3.63及以上系统版本 | 英文版],DLC-TKD2QUEST0000200,Additional Mission Compilation 3,USA
psvdlc,PCSE00940,Toukiden 2 (3.61+!) [3.63],讨鬼传 2 [需3.63及以上系统版本 | 英文版],DLC-TKD2QUEST0000300,Additional Mission Compilation 4,USA
psvdlc,PCSE00940,Toukiden 2 (3.61+!) [3.63],讨鬼传 2 [需3.63及以上系统版本 | 英文版],DLC-TKD2QUEST0000400,Additional Mission Compilation 5,USA
psvdlc,PCSE00940,Toukiden 2 (3.61+!) [3.63],讨鬼传 2 [需3.63及以上系统版本 | 英文版],DLC-TKD2QUEST0000500,Additional Mission Compilation 6,USA
psvdlc,PCSE00940,Toukiden 2 (3.61+!) [3.63],讨鬼传 2 [需3.63及以上系统版本 | 英文版],DLC-TKD2QUEST0000600,Additional Mission Compilation 7,USA
psvdlc,PCSE00940,Toukiden 2 (3.61+!) [3.63],讨鬼传 2 [需3.63及以上系统版本 | 英文版],DLC-TKD2QUEST0000700,Additional Mission Compilation 8,USA
psvdlc,PCSE00940,Toukiden 2 (3.61+!) [3.63],讨鬼传 2 [需3.63及以上系统版本 | 英文版],DLC-TKD2QUEST0000800,Additional Mission Compilation 9,USA
psvdlc,PCSE00940,Toukiden 2 (3.61+!) [3.63],讨鬼传 2 [需3.63及以上系统版本 | 英文版],DLC-TKD2ARMOR0000300,Armor Fugaku Outfit (male)  Nagi Outfit (female),USA
psvdlc,PCSE00940,Toukiden 2 (3.61+!) [3.63],讨鬼传 2 [需3.63及以上系统版本 | 英文版],DLC-TKD2ARMOR0000400,Armor Hayatori Outfit (male)  Horō Outfit (female),USA
psvdlc,PCSE00940,Toukiden 2 (3.61+!) [3.63],讨鬼传 2 [需3.63及以上系统版本 | 英文版],DLC-TKD2ARMOR0000200,Armor Ibuki Outfit (male)  Ōka Outfit (female),USA
psvdlc,PCSE00940,Toukiden 2 (3.61+!) [3.63],讨鬼传 2 [需3.63及以上系统版本 | 英文版],DLC-TKD2ARMOR0000000,Armor Tenko Outfit,USA
psvdlc,PCSE00940,Toukiden 2 (3.61+!) [3.63],讨鬼传 2 [需3.63及以上系统版本 | 英文版],DLC-TKD2ARMOR0000500,Armor Yamato Outfit (male)  Reki Outfit (female),USA
psvdlc,PCSE00940,Toukiden 2 (3.61+!) [3.63],讨鬼传 2 [需3.63及以上系统版本 | 英文版],DLC-TKD2MITAMA000300,Mitama Chikurin'in,USA
psvdlc,PCSE00940,Toukiden 2 (3.61+!) [3.63],讨鬼传 2 [需3.63及以上系统版本 | 英文版],DLC-TKD2MITAMA000000,Mitama Sanada Masayuki,USA
psvdlc,PCSE00940,Toukiden 2 (3.61+!) [3.63],讨鬼传 2 [需3.63及以上系统版本 | 英文版],DLC-TKD2MITAMA000100,Mitama Sanada Nobuyuki,USA
psvdlc,PCSE00940,Toukiden 2 (3.61+!) [3.63],讨鬼传 2 [需3.63及以上系统版本 | 英文版],DLC-TKD2MITAMA000200,Mitama Sarutobi Sasuke,USA
psvdlc,PCSE00948,VALKYRIE DRIVE -BHIKKHUNI-,女武神驱动：比基尼 [英文版],DLC-0000000000000136,VALKYRIE DRIVE -BHIKKHUNI- Bustier,USA
psvdlc,PCSE00948,VALKYRIE DRIVE -BHIKKHUNI-,女武神驱动：比基尼 [英文版],DLC-0000000000000133,VALKYRIE DRIVE -BHIKKHUNI- Cheerleader,USA
psvdlc,PCSE00948,VALKYRIE DRIVE -BHIKKHUNI-,女武神驱动：比基尼 [英文版],DLC-0000000000000137,VALKYRIE DRIVE -BHIKKHUNI- China Dress,USA
psvdlc,PCSE00948,VALKYRIE DRIVE -BHIKKHUNI-,女武神驱动：比基尼 [英文版],DLC-0000000000000156,VALKYRIE DRIVE -BHIKKHUNI- Echigoya's Favorite Swimsuit,USA
psvdlc,PCSE00948,VALKYRIE DRIVE -BHIKKHUNI-,女武神驱动：比基尼 [英文版],DLC-0000000000000082,"VALKYRIE DRIVE -BHIKKHUNI- Favorite Underwear, Color Variation",USA
psvdlc,PCSE00948,VALKYRIE DRIVE -BHIKKHUNI-,女武神驱动：比基尼 [英文版],DLC-0000000000000162,VALKYRIE DRIVE -BHIKKHUNI- High Quality Sound Pack,USA
psvdlc,PCSE00948,VALKYRIE DRIVE -BHIKKHUNI-,女武神驱动：比基尼 [英文版],DLC-0000000000000145,VALKYRIE DRIVE -BHIKKHUNI- Koharu's Favorite Swimsuit,USA
psvdlc,PCSE00948,VALKYRIE DRIVE -BHIKKHUNI-,女武神驱动：比基尼 [英文版],DLC-0000000000000144,VALKYRIE DRIVE -BHIKKHUNI- Mana's Favorite Swimsuit,USA
psvdlc,PCSE00948,VALKYRIE DRIVE -BHIKKHUNI-,女武神驱动：比基尼 [英文版],DLC-0000000000000142,VALKYRIE DRIVE -BHIKKHUNI- Manpukumaru Chang's Favorite Swimsuit,USA
psvdlc,PCSE00948,VALKYRIE DRIVE -BHIKKHUNI-,女武神驱动：比基尼 [英文版],DLC-0000000000000141,VALKYRIE DRIVE -BHIKKHUNI- Momo's Favorite Swimsuit,USA
psvdlc,PCSE00948,VALKYRIE DRIVE -BHIKKHUNI-,女武神驱动：比基尼 [英文版],DLC-0000000000000000,VALKYRIE DRIVE -BHIKKHUNI- New Characters Mirei Shikishima and Mamori Tokonome,USA
psvdlc,PCSE00948,VALKYRIE DRIVE -BHIKKHUNI-,女武神驱动：比基尼 [英文版],DLC-0000000000000075,VALKYRIE DRIVE -BHIKKHUNI- Preorder Bonus Bhikkhuni Anklet,USA
psvdlc,PCSE00948,VALKYRIE DRIVE -BHIKKHUNI-,女武神驱动：比基尼 [英文版],DLC-0000000000000076,VALKYRIE DRIVE -BHIKKHUNI- Preorder Bonus Mermaid Anklet,USA
psvdlc,PCSE00948,VALKYRIE DRIVE -BHIKKHUNI-,女武神驱动：比基尼 [英文版],DLC-0000000000000001,VALKYRIE DRIVE -BHIKKHUNI- Preorder Bonus Paradise Swimsuit BHIKKHUNI,USA
psvdlc,PCSE00948,VALKYRIE DRIVE -BHIKKHUNI-,女武神驱动：比基尼 [英文版],DLC-0000000000000002,VALKYRIE DRIVE -BHIKKHUNI- Preorder Bonus Paradise Swimsuit MERMAID,USA
psvdlc,PCSE00948,VALKYRIE DRIVE -BHIKKHUNI-,女武神驱动：比基尼 [英文版],DLC-0000000000000003,VALKYRIE DRIVE -BHIKKHUNI- Preorder Bonus Paradise Swimsuit SIREN,USA
psvdlc,PCSE00948,VALKYRIE DRIVE -BHIKKHUNI-,女武神驱动：比基尼 [英文版],DLC-0000000000000077,VALKYRIE DRIVE -BHIKKHUNI- Preorder Bonus Siren Anklet,USA
psvdlc,PCSE00948,VALKYRIE DRIVE -BHIKKHUNI-,女武神驱动：比基尼 [英文版],DLC-0000000000000140,VALKYRIE DRIVE -BHIKKHUNI- Ranka's Favorite Swimsuit,USA
psvdlc,PCSE00948,VALKYRIE DRIVE -BHIKKHUNI-,女武神驱动：比基尼 [英文版],DLC-0000000000000139,VALKYRIE DRIVE -BHIKKHUNI- Rinka's Favorite Swimsuit,USA
psvdlc,PCSE00948,VALKYRIE DRIVE -BHIKKHUNI-,女武神驱动：比基尼 [英文版],DLC-0000000000000134,VALKYRIE DRIVE -BHIKKHUNI- Shell Swimsuit,USA
psvdlc,PCSE00948,VALKYRIE DRIVE -BHIKKHUNI-,女武神驱动：比基尼 [英文版],DLC-0000000000000143,VALKYRIE DRIVE -BHIKKHUNI- Viola's Favorite Swimsuit,USA
psvdlc,PCSE00948,VALKYRIE DRIVE -BHIKKHUNI-,女武神驱动：比基尼 [英文版],DLC-0000000000000078,VALKYRIE DRIVE -MERMAID- 01 Bonus BLACK Bhikkhuni Anklet,USA
psvdlc,PCSE00948,VALKYRIE DRIVE -BHIKKHUNI-,女武神驱动：比基尼 [英文版],DLC-0000000000000079,VALKYRIE DRIVE -MERMAID- 01 Bonus BLACK Mermaid Anklet,USA
psvdlc,PCSE00948,VALKYRIE DRIVE -BHIKKHUNI-,女武神驱动：比基尼 [英文版],DLC-0000000000000080,VALKYRIE DRIVE -MERMAID- 01 Bonus BLACK Siren Anklet,USA
psvdlc,PCSE00948,VALKYRIE DRIVE -BHIKKHUNI-,女武神驱动：比基尼 [英文版],DLC-0000000000000004,VALKYRIE DRIVE -MERMAID- 01 Bonus Paradise Swimsuit BLACK BHIKKHUNI,USA
psvdlc,PCSE00948,VALKYRIE DRIVE -BHIKKHUNI-,女武神驱动：比基尼 [英文版],DLC-0000000000000005,VALKYRIE DRIVE -MERMAID- 01 Bonus Paradise Swimsuit BLACK MERMAID,USA
psvdlc,PCSE00948,VALKYRIE DRIVE -BHIKKHUNI-,女武神驱动：比基尼 [英文版],DLC-0000000000000006,VALKYRIE DRIVE -MERMAID- 01 Bonus Paradise Swimsuit BLACK SIREN,USA
psvdlc,PCSE00950,Shantae: Half-Genie Hero (3.61+!) [3.63],桑塔：半精灵英雄 [需3.63及以上系统版本 | 英文版],DLC-SHANTAECOSTUMEPK,Shantae - Costume Pack,USA
psvdlc,PCSE00950,Shantae: Half-Genie Hero (3.61+!) [3.63],桑塔：半精灵英雄 [需3.63及以上系统版本 | 英文版],DLC-FRIENDSTOTHEEND0,Shantae - Friends to the End,USA
psvdlc,PCSE00950,Shantae: Half-Genie Hero (3.61+!) [3.63],桑塔：半精灵英雄 [需3.63及以上系统版本 | 英文版],DLC-BACKEREXCLUSIVE1,Shantae - Half-Genie Hero - Color Swaps + Drifter Blade,USA
psvdlc,PCSE00950,Shantae: Half-Genie Hero (3.61+!) [3.63],桑塔：半精灵英雄 [需3.63及以上系统版本 | 英文版],DLC-SHANTAETINKERBAT,Shantae - Half-Genie Hero - Tinkerbat Dance,USA
psvdlc,PCSE00950,Shantae: Half-Genie Hero (3.61+!) [3.63],桑塔：半精灵英雄 [需3.63及以上系统版本 | 英文版],DLC-RISKYBOOTSMODE01,Shantae - Pirate Queen's Quest,USA
psvdlc,PCSE00990,Touhou Genso Wanderer (3.61+!) [3.63],不可思议的幻想乡 [需3.63及以上系统版本 | 英文版],DLC-DLC0000000000004,Playable Character - Momiji Inubashiri,USA
psvdlc,PCSE00998,Atelier Shallie Plus: Alchemists of the Dusk Sea (3.61+!) [3.63],夏利的炼金工房 Plus：黄昏之海的炼金术士 [需3.63及以上系统版本 | 英文版],DLC-SHALLIECOSTUME03,"Atelier Shallie Plus - Additional Costume, Administrator Suit",USA
psvdlc,PCSE00998,Atelier Shallie Plus: Alchemists of the Dusk Sea (3.61+!) [3.63],夏利的炼金工房 Plus：黄昏之海的炼金术士 [需3.63及以上系统版本 | 英文版],DLC-FAMITSU8COSTUME1,"Atelier Shallie Plus - Additional Costume, Cosmo Fighter",USA
psvdlc,PCSE00998,Atelier Shallie Plus: Alchemists of the Dusk Sea (3.61+!) [3.63],夏利的炼金工房 Plus：黄昏之海的炼金术士 [需3.63及以上系统版本 | 英文版],DLC-DENGEKI8COSTUME1,"Atelier Shallie Plus - Additional Costume, Hero Girl",USA
psvdlc,PCSE00998,Atelier Shallie Plus: Alchemists of the Dusk Sea (3.61+!) [3.63],夏利的炼金工房 Plus：黄昏之海的炼金术士 [需3.63及以上系统版本 | 英文版],DLC-SHALLIECOSTUME02,"Atelier Shallie Plus - Additional Costume, Plachta Style",USA
psvdlc,PCSE00998,Atelier Shallie Plus: Alchemists of the Dusk Sea (3.61+!) [3.63],夏利的炼金工房 Plus：黄昏之海的炼金术士 [需3.63及以上系统版本 | 英文版],DLC-SHALLIECOSTUME01,"Atelier Shallie Plus - Additional Costume, Sophie Style",USA
psvdlc,PCSE00998,Atelier Shallie Plus: Alchemists of the Dusk Sea (3.61+!) [3.63],夏利的炼金工房 Plus：黄昏之海的炼金术士 [需3.63及以上系统版本 | 英文版],DLC-BGMPACKFAMITU000,Atelier Shallie Plus - Atelier Series Special BGM Pack - A,USA
psvdlc,PCSE00998,Atelier Shallie Plus: Alchemists of the Dusk Sea (3.61+!) [3.63],夏利的炼金工房 Plus：黄昏之海的炼金术士 [需3.63及以上系统版本 | 英文版],DLC-BGMPACKDENGEKI00,Atelier Shallie Plus - Atelier Series Special BGM Pack - B,USA
psvdlc,PCSE00998,Atelier Shallie Plus: Alchemists of the Dusk Sea (3.61+!) [3.63],夏利的炼金工房 Plus：黄昏之海的炼金术士 [需3.63及以上系统版本 | 英文版],DLC-BGMPACK0FIRST000,Atelier Shallie Plus - BGM Package,USA
psvdlc,PCSE01003,Valkyria Revolution (3.61+!) [3.63],苍蓝革命之女武神 [需3.63及以上系统版本 | 英文版],DLC-ARVALKYRIEDL0004,Valkyria Revolution DLC A Day in the Life of the Wolves,USA
psvdlc,PCSE01003,Valkyria Revolution (3.61+!) [3.63],苍蓝革命之女武神 [需3.63及以上系统版本 | 英文版],DLC-ARVALKYRIEDL0009,Valkyria Revolution DLC As Luck Would Have It,USA
psvdlc,PCSE01003,Valkyria Revolution (3.61+!) [3.63],苍蓝革命之女武神 [需3.63及以上系统版本 | 英文版],DLC-ARVALKYRIEDL0311,Valkyria Revolution DLC Burn Field+,USA
psvdlc,PCSE01003,Valkyria Revolution (3.61+!) [3.63],苍蓝革命之女武神 [需3.63及以上系统版本 | 英文版],DLC-ARVALKYRIEDL0001,Valkyria Revolution DLC Can't Stop Falling in Love,USA
psvdlc,PCSE01003,Valkyria Revolution (3.61+!) [3.63],苍蓝革命之女武神 [需3.63及以上系统版本 | 英文版],DLC-ARVALKYRIEDL0304,Valkyria Revolution DLC Gravity 10+,USA
psvdlc,PCSE01003,Valkyria Revolution (3.61+!) [3.63],苍蓝革命之女武神 [需3.63及以上系统版本 | 英文版],DLC-ARVALKYRIEDL0303,Valkyria Revolution DLC Heal Field+,USA
psvdlc,PCSE01003,Valkyria Revolution (3.61+!) [3.63],苍蓝革命之女武神 [需3.63及以上系统版本 | 英文版],DLC-ARVALKYRIEDL0005,Valkyria Revolution DLC Hunger Pangs and Royal Pains,USA
psvdlc,PCSE01003,Valkyria Revolution (3.61+!) [3.63],苍蓝革命之女武神 [需3.63及以上系统版本 | 英文版],DLC-ARVALKYRIEDL0308,Valkyria Revolution DLC Jumping Wind+,USA
psvdlc,PCSE01003,Valkyria Revolution (3.61+!) [3.63],苍蓝革命之女武神 [需3.63及以上系统版本 | 英文版],DLC-ARVALKYRIEDL0006,Valkyria Revolution DLC Lamentations of Men,USA
psvdlc,PCSE01003,Valkyria Revolution (3.61+!) [3.63],苍蓝革命之女武神 [需3.63及以上系统版本 | 英文版],DLC-ARVALKYRIEDL0007,Valkyria Revolution DLC Name of the Augmented Warrior,USA
psvdlc,PCSE01003,Valkyria Revolution (3.61+!) [3.63],苍蓝革命之女武神 [需3.63及以上系统版本 | 英文版],DLC-ARVALKYRIEDL0203,Valkyria Revolution DLC Ragnite Shard (C),USA
psvdlc,PCSE01003,Valkyria Revolution (3.61+!) [3.63],苍蓝革命之女武神 [需3.63及以上系统版本 | 英文版],DLC-ARVALKYRIEDL0204,Valkyria Revolution DLC Ragnite Shard (D),USA
psvdlc,PCSE01003,Valkyria Revolution (3.61+!) [3.63],苍蓝革命之女武神 [需3.63及以上系统版本 | 英文版],DLC-ARVALKYRIEDL0206,Valkyria Revolution DLC Ragnite Shard (F),USA
psvdlc,PCSE01003,Valkyria Revolution (3.61+!) [3.63],苍蓝革命之女武神 [需3.63及以上系统版本 | 英文版],DLC-ARVALKYRIEDL0207,Valkyria Revolution DLC Ragnite Shard (G),USA
psvdlc,PCSE01003,Valkyria Revolution (3.61+!) [3.63],苍蓝革命之女武神 [需3.63及以上系统版本 | 英文版],DLC-ARVALKYRIEDL0208,Valkyria Revolution DLC Ragnite Shard (H),USA
psvdlc,PCSE01003,Valkyria Revolution (3.61+!) [3.63],苍蓝革命之女武神 [需3.63及以上系统版本 | 英文版],DLC-ARVALKYRIEDL0306,Valkyria Revolution DLC Ring Squall+,USA
psvdlc,PCSE01003,Valkyria Revolution (3.61+!) [3.63],苍蓝革命之女武神 [需3.63及以上系统版本 | 英文版],DLC-ARVALKYRIEDL0307,Valkyria Revolution DLC Rush Bolt+,USA
psvdlc,PCSE01003,Valkyria Revolution (3.61+!) [3.63],苍蓝革命之女武神 [需3.63及以上系统版本 | 英文版],DLC-ARVALKYRIEDL0309,Valkyria Revolution DLC Shine Calibur+,USA
psvdlc,PCSE01003,Valkyria Revolution (3.61+!) [3.63],苍蓝革命之女武神 [需3.63及以上系统版本 | 英文版],DLC-ARVALKYRIEDL0302,Valkyria Revolution DLC Smash Blaze+,USA
psvdlc,PCSE01003,Valkyria Revolution (3.61+!) [3.63],苍蓝革命之女武神 [需3.63及以上系统版本 | 英文版],DLC-ARVALKYRIEDL0101,Valkyria Revolution DLC Special Issue Gear - Veteran Pouch+,USA
psvdlc,PCSE01003,Valkyria Revolution (3.61+!) [3.63],苍蓝革命之女武神 [需3.63及以上系统版本 | 英文版],DLC-ARVALKYRIEDL0310,Valkyria Revolution DLC Spinning Squall+,USA
psvdlc,PCSE01003,Valkyria Revolution (3.61+!) [3.63],苍蓝革命之女武神 [需3.63及以上系统版本 | 英文版],DLC-ARVALKYRIEDL0013,Valkyria Revolution DLC Standing Before a Dying Wish,USA
psvdlc,PCSE01003,Valkyria Revolution (3.61+!) [3.63],苍蓝革命之女武神 [需3.63及以上系统版本 | 英文版],DLC-ARVALKYRIEDL0012,Valkyria Revolution DLC Study of Flowers,USA
psvdlc,PCSE01003,Valkyria Revolution (3.61+!) [3.63],苍蓝革命之女武神 [需3.63及以上系统版本 | 英文版],DLC-ARVALKYRIEDL0003,Valkyria Revolution DLC The Formation of Vanargand,USA
psvdlc,PCSE01003,Valkyria Revolution (3.61+!) [3.63],苍蓝革命之女武神 [需3.63及以上系统版本 | 英文版],DLC-ARVALKYRIEDL0010,Valkyria Revolution DLC The Orphans' Dreams,USA
psvdlc,PCSE01003,Valkyria Revolution (3.61+!) [3.63],苍蓝革命之女武神 [需3.63及以上系统版本 | 英文版],DLC-ARVALKYRIEDL0011,Valkyria Revolution DLC The Ring of Contract,USA
psvdlc,PCSE01003,Valkyria Revolution (3.61+!) [3.63],苍蓝革命之女武神 [需3.63及以上系统版本 | 英文版],DLC-ARVALKYRIEDL0014,Valkyria Revolution DLC The Road to That House,USA
psvdlc,PCSE01003,Valkyria Revolution (3.61+!) [3.63],苍蓝革命之女武神 [需3.63及以上系统版本 | 英文版],DLC-ARVALKYRIEDL0008,Valkyria Revolution DLC The Soloist of the Battlefield,USA
psvdlc,PCSE01003,Valkyria Revolution (3.61+!) [3.63],苍蓝革命之女武神 [需3.63及以上系统版本 | 英文版],DLC-ARVALKYRIEDL0002,Valkyria Revolution DLC The Traitors' Daily Lives,USA
psvdlc,PCSE01003,Valkyria Revolution (3.61+!) [3.63],苍蓝革命之女武神 [需3.63及以上系统版本 | 英文版],DLC-ARVALKYRIEDL0301,Valkyria Revolution DLC Time Flux+,USA
psvdlc,PCSE01014,Mary Skelter: Nightmares (3.61+!) [3.65],神狱塔：断罪玛丽 [需3.65及以上系统版本 | 英文版],DLC-ADDCONTENTDLC004,Dengeki Busshi Haifu 01,USA
psvdlc,PCSE01014,Mary Skelter: Nightmares (3.61+!) [3.65],神狱塔：断罪玛丽 [需3.65及以上系统版本 | 英文版],DLC-ADDCONTENTDLC005,Dengeki Busshi Haifu 02,USA
psvdlc,PCSE01014,Mary Skelter: Nightmares (3.61+!) [3.65],神狱塔：断罪玛丽 [需3.65及以上系统版本 | 英文版],DLC-ADDCONTENTDLC000,Job - Sakura Maiden,USA
psvdlc,PCSE01026,GOD WARS Future Past (3.61+!) [3.63],神之战：超越时空 [需3.63及以上系统版本 | 英文版],DLC-GWDLC01MITOYOOKI,Additional Scenario 1 - The Future of Hyuga,USA
psvdlc,PCSE01026,GOD WARS Future Past (3.61+!) [3.63],神之战：超越时空 [需3.63及以上系统版本 | 英文版],DLC-GWDLC02IKOKUKARA,Additional Scenario 2 - New Enemies,USA
psvdlc,PCSE01026,GOD WARS Future Past (3.61+!) [3.63],神之战：超越时空 [需3.63及以上系统版本 | 英文版],DLC-DLC000000000YOMI,Additional Scenario 3 - Labyrinth of Yomi,USA
psvdlc,PCSE01026,GOD WARS Future Past (3.61+!) [3.63],神之战：超越时空 [需3.63及以上系统版本 | 英文版],DLC-GWDLC03AKIBA0000,Akiba Sword Set,USA
psvdlc,PCSE01026,GOD WARS Future Past (3.61+!) [3.63],神之战：超越时空 [需3.63及以上系统版本 | 英文版],DLC-GWDLC02EARTH0000,Earth Axe Set,USA
psvdlc,PCSE01026,GOD WARS Future Past (3.61+!) [3.63],神之战：超越时空 [需3.63及以上系统版本 | 英文版],DLC-GWDLC01000FOREST,Forest Spear Set,USA
psvdlc,PCSE01026,GOD WARS Future Past (3.61+!) [3.63],神之战：超越时空 [需3.63及以上系统版本 | 英文版],DLC-GWDLC08FOX000000,Fox Weapon Set,USA
psvdlc,PCSE01026,GOD WARS Future Past (3.61+!) [3.63],神之战：超越时空 [需3.63及以上系统版本 | 英文版],DLC-GWDLC03SOSETSHIN,Kaguya's Starting Equipment Set - God BowHoodRobe,USA
psvdlc,PCSE01026,GOD WARS Future Past (3.61+!) [3.63],神之战：超越时空 [需3.63及以上系统版本 | 英文版],DLC-GWDLC10KAME00000,Kame's Good Fortune Set,USA
psvdlc,PCSE01026,GOD WARS Future Past (3.61+!) [3.63],神之战：超越时空 [需3.63及以上系统版本 | 英文版],DLC-GWDLC07LIGHTNING,Lightning Weapon Set,USA
psvdlc,PCSE01026,GOD WARS Future Past (3.61+!) [3.63],神之战：超越时空 [需3.63及以上系统版本 | 英文版],DLC-GWDLC04KIBI00000,Momotaro's Kibi Dumpling Set,USA
psvdlc,PCSE01026,GOD WARS Future Past (3.61+!) [3.63],神之战：超越时空 [需3.63及以上系统版本 | 英文版],DLC-GWDLC11OOKAMI000,Ookami Siblings Treasure Set,USA
psvdlc,PCSE01026,GOD WARS Future Past (3.61+!) [3.63],神之战：超越时空 [需3.63及以上系统版本 | 英文版],DLC-DLC000000ORIHIME,Orihime,USA
psvdlc,PCSE01026,GOD WARS Future Past (3.61+!) [3.63],神之战：超越时空 [需3.63及以上系统版本 | 英文版],DLC-GWDLC09SACRED000,True Three Sacred Treasures Set,USA
psvdlc,PCSE01026,GOD WARS Future Past (3.61+!) [3.63],神之战：超越时空 [需3.63及以上系统版本 | 英文版],DLC-GWDLC05UZUME0000,Uzume's Dancer Set,USA
psvdlc,PCSE01034,Berserk and the Band of the Hawk (3.61+!) [3.63],烙印勇士无双 [需3.63及以上系统版本 | 英文版],DLC-SLAYERDLCCOS0003,Bonus Costume Griffith (The Ebony Hawk Version),USA
psvdlc,PCSE01034,Berserk and the Band of the Hawk (3.61+!) [3.63],烙印勇士无双 [需3.63及以上系统版本 | 英文版],DLC-SLAYERDLCCOS0002,Bonus Costume Griffith (The Golden Hawk Version),USA
psvdlc,PCSE01034,Berserk and the Band of the Hawk (3.61+!) [3.63],烙印勇士无双 [需3.63及以上系统版本 | 英文版],DLC-SLAYERDLCCOS0006,Bonus Costume Guts (The Golden Swordsman Version),USA
psvdlc,PCSE01034,Berserk and the Band of the Hawk (3.61+!) [3.63],烙印勇士无双 [需3.63及以上系统版本 | 英文版],DLC-SLAYERDLCCOS0001,Bonus Costume Guts (The White Swordsman Version),USA
psvdlc,PCSE01034,Berserk and the Band of the Hawk (3.61+!) [3.63],烙印勇士无双 [需3.63及以上系统版本 | 英文版],DLC-SLAYERDLCCOS0005,Bonus Costume Schierke (Blue Striped Outfit Version),USA
psvdlc,PCSE01034,Berserk and the Band of the Hawk (3.61+!) [3.63],烙印勇士无双 [需3.63及以上系统版本 | 英文版],DLC-SLAYERDLCCOS0004,Bonus Costume Schierke (Doodle-Face Pirate Version),USA
psvdlc,PCSE01037,The Caligula Effect (3.61+!) [3.63],卡里古拉 [需3.63及以上系统版本 | 英文版],DLC-CALIGULADLC00002,The Caligula Effect Swimsuit Costume Set,USA
psvdlc,PCSE01041,Deemo: The Last Recital,古树旋律：最终演奏 [需3.63及以上系统版本 | 英文版],DLC-BOOKADPIANO00001,AD -PIANO Collection,USA
psvdlc,PCSE01041,Deemo: The Last Recital,古树旋律：最终演奏 [需3.63及以上系统版本 | 英文版],DLC-BOOKAIOI00000001,Aioi Collection,USA
psvdlc,PCSE01041,Deemo: The Last Recital,古树旋律：最终演奏 [需3.63及以上系统版本 | 英文版],DLC-BOOKBRIAN0000001,Brian Crain Collection,USA
psvdlc,PCSE01041,Deemo: The Last Recital,古树旋律：最终演奏 [需3.63及以上系统版本 | 英文版],DLC-BOOKCYTUS0000001,Cytus Selection Vol.1,USA
psvdlc,PCSE01041,Deemo: The Last Recital,古树旋律：最终演奏 [需3.63及以上系统版本 | 英文版],DLC-BOOKCYTUS0000002,Cytus Selection Vol.2,USA
psvdlc,PCSE01041,Deemo: The Last Recital,古树旋律：最终演奏 [需3.63及以上系统版本 | 英文版],DLC-BOOKDSPIANO00001,DS -PIANO Collection,USA
psvdlc,PCSE01041,Deemo: The Last Recital,古树旋律：最终演奏 [需3.63及以上系统版本 | 英文版],DLC-BOOKESHEN0000001,Eshen Chen Colleciton Vol.1 - Transmission,USA
psvdlc,PCSE01041,Deemo: The Last Recital,古树旋律：最终演奏 [需3.63及以上系统版本 | 英文版],DLC-BOOKKNIGHT000001,Knight Iris Collection,USA
psvdlc,PCSE01041,Deemo: The Last Recital,古树旋律：最终演奏 [需3.63及以上系统版本 | 英文版],DLC-BOOKKNIGHT000002,Knight Rosabell Collection,USA
psvdlc,PCSE01041,Deemo: The Last Recital,古树旋律：最终演奏 [需3.63及以上系统版本 | 英文版],DLC-BOOKLLOWER000001,L - The Lower Collection,USA
psvdlc,PCSE01041,Deemo: The Last Recital,古树旋律：最终演奏 [需3.63及以上系统版本 | 英文版],DLC-BOOKLUPPER000001,L - The Upper Collection,USA
psvdlc,PCSE01041,Deemo: The Last Recital,古树旋律：最终演奏 [需3.63及以上系统版本 | 英文版],DLC-BOOKM2UXNICODE01,M2U X NICODE Collection,USA
psvdlc,PCSE01041,Deemo: The Last Recital,古树旋律：最终演奏 [需3.63及以上系统版本 | 英文版],DLC-BOOKMILI00000002,MILI Collection Vol.2,USA
psvdlc,PCSE01041,Deemo: The Last Recital,古树旋律：最终演奏 [需3.63及以上系统版本 | 英文版],DLC-BOOKMILI00000001,MILI Collection,USA
psvdlc,PCSE01041,Deemo: The Last Recital,古树旋律：最终演奏 [需3.63及以上系统版本 | 英文版],DLC-BOOKNMST00000001,N.M.S.T. Collection,USA
psvdlc,PCSE01041,Deemo: The Last Recital,古树旋律：最终演奏 [需3.63及以上系统版本 | 英文版],DLC-BOOKRABPIT000001,Rabpit Collection,USA
psvdlc,PCSE01041,Deemo: The Last Recital,古树旋律：最终演奏 [需3.63及以上系统版本 | 英文版],DLC-BOOKRAC000000001,RAC Collection#1,USA
psvdlc,PCSE01041,Deemo: The Last Recital,古树旋律：最终演奏 [需3.63及以上系统版本 | 英文版],DLC-BOOKRAC000000002,RAC Collection#2,USA
psvdlc,PCSE01041,Deemo: The Last Recital,古树旋律：最终演奏 [需3.63及以上系统版本 | 英文版],DLC-BOOKRAC000000003,RAC Collection#3,USA
psvdlc,PCSE01041,Deemo: The Last Recital,古树旋律：最终演奏 [需3.63及以上系统版本 | 英文版],DLC-BOOKRAC000000004,RAC Collection#4,USA
psvdlc,PCSE01041,Deemo: The Last Recital,古树旋律：最终演奏 [需3.63及以上系统版本 | 英文版],DLC-BOOKRAC000000005,RAC Collection#5,USA
psvdlc,PCSE01041,Deemo: The Last Recital,古树旋律：最终演奏 [需3.63及以上系统版本 | 英文版],DLC-BOOKRAYARK000001,Rayark Selection Vol.1,USA
psvdlc,PCSE01041,Deemo: The Last Recital,古树旋律：最终演奏 [需3.63及以上系统版本 | 英文版],DLC-BOOKRAYARK000002,Rayark Selection Vol.2,USA
psvdlc,PCSE01041,Deemo: The Last Recital,古树旋律：最终演奏 [需3.63及以上系统版本 | 英文版],DLC-BOOKRAYARK000003,Rayark Selection Vol.3,USA
psvdlc,PCSE01041,Deemo: The Last Recital,古树旋律：最终演奏 [需3.63及以上系统版本 | 英文版],DLC-BOOKSAKUZYO00001,Sakuzyo Collection,USA
psvdlc,PCSE01041,Deemo: The Last Recital,古树旋律：最终演奏 [需3.63及以上系统版本 | 英文版],DLC-BOOKSHATTER00002,Shattered Memories (DEEMO 2.2),USA
psvdlc,PCSE01041,Deemo: The Last Recital,古树旋律：最终演奏 [需3.63及以上系统版本 | 英文版],DLC-BOOKSHATTER00003,Shattered Memories (DEEMO 2.3),USA
psvdlc,PCSE01041,Deemo: The Last Recital,古树旋律：最终演奏 [需3.63及以上系统版本 | 英文版],DLC-BOOKSHATTER00004,Shattered Memories (DEEMO 2.4),USA
psvdlc,PCSE01041,Deemo: The Last Recital,古树旋律：最终演奏 [需3.63及以上系统版本 | 英文版],DLC-BOOKTIMELINE0001,Timeline Collection Vol.1,USA
psvdlc,PCSE01041,Deemo: The Last Recital,古树旋律：最终演奏 [需3.63及以上系统版本 | 英文版],DLC-BOOKVK0000000001,V.K Collection,USA
psvdlc,PCSE01044,Atelier Firis ~The Alchemist and the Mysterious Journey~ (3.61+!) [3.63],菲莉丝的炼金工房：不可思议旅的炼金术士 [需3.63及以上系统版本 | 英文版],DLC-ADDPARTYCHARA001,Atelier Firis - Additional character Heintz,USA
psvdlc,PCSE01044,Atelier Firis ~The Alchemist and the Mysterious Journey~ (3.61+!) [3.63],菲莉丝的炼金工房：不可思议旅的炼金术士 [需3.63及以上系统版本 | 英文版],DLC-ADDPARTYCHARA000,Atelier Firis - Additional Character Shanon,USA
psvdlc,PCSE01044,Atelier Firis ~The Alchemist and the Mysterious Journey~ (3.61+!) [3.63],菲莉丝的炼金工房：不可思议旅的炼金术士 [需3.63及以上系统版本 | 英文版],DLC-ADDCOSTUME000004,Atelier Firis - Additional costume Festive Amour,USA
psvdlc,PCSE01044,Atelier Firis ~The Alchemist and the Mysterious Journey~ (3.61+!) [3.63],菲莉丝的炼金工房：不可思议旅的炼金术士 [需3.63及以上系统版本 | 英文版],DLC-ADDCOSTUME000003,Atelier Firis - Additional costume Night Onyx,USA
psvdlc,PCSE01044,Atelier Firis ~The Alchemist and the Mysterious Journey~ (3.61+!) [3.63],菲莉丝的炼金工房：不可思议旅的炼金术士 [需3.63及以上系统版本 | 英文版],DLC-ADDCOSTUME000006,Atelier Firis - Additional costume Passionate Soleil,USA
psvdlc,PCSE01044,Atelier Firis ~The Alchemist and the Mysterious Journey~ (3.61+!) [3.63],菲莉丝的炼金工房：不可思议旅的炼金术士 [需3.63及以上系统版本 | 英文版],DLC-ADDCOSTUME000002,Atelier Firis - Additional costume Sky Blue Papillon,USA
psvdlc,PCSE01044,Atelier Firis ~The Alchemist and the Mysterious Journey~ (3.61+!) [3.63],菲莉丝的炼金工房：不可思议旅的炼金术士 [需3.63及以上系统版本 | 英文版],DLC-ADDCOSTUME000005,Atelier Firis - Additional costume Verdant Feuilles,USA
psvdlc,PCSE01044,Atelier Firis ~The Alchemist and the Mysterious Journey~ (3.61+!) [3.63],菲莉丝的炼金工房：不可思议旅的炼金术士 [需3.63及以上系统版本 | 英文版],DLC-BGMPACKGUST00000,Atelier Firis - Atelier series special BGM pack,USA
psvdlc,PCSE01044,Atelier Firis ~The Alchemist and the Mysterious Journey~ (3.61+!) [3.63],菲莉丝的炼金工房：不可思议旅的炼金术士 [需3.63及以上系统版本 | 英文版],DLC-ADDCOSTUME000011,Atelier Firis - Drossel Outfit Duel Warrior,USA
psvdlc,PCSE01044,Atelier Firis ~The Alchemist and the Mysterious Journey~ (3.61+!) [3.63],菲莉丝的炼金工房：不可思议旅的炼金术士 [需3.63及以上系统版本 | 英文版],DLC-ADDCOSTUME000008,Atelier Firis - Firis Outfit Ritual Cleric,USA
psvdlc,PCSE01044,Atelier Firis ~The Alchemist and the Mysterious Journey~ (3.61+!) [3.63],菲莉丝的炼金工房：不可思议旅的炼金术士 [需3.63及以上系统版本 | 英文版],DLC-BGMPACKGUST00001,Atelier Firis - Gust BGM pack,USA
psvdlc,PCSE01044,Atelier Firis ~The Alchemist and the Mysterious Journey~ (3.61+!) [3.63],菲莉丝的炼金工房：不可思议旅的炼金术士 [需3.63及以上系统版本 | 英文版],DLC-ADDCOSTUME000010,Atelier Firis - Ilmeria Outfit Noble Wizard,USA
psvdlc,PCSE01044,Atelier Firis ~The Alchemist and the Mysterious Journey~ (3.61+!) [3.63],菲莉丝的炼金工房：不可思议旅的炼金术士 [需3.63及以上系统版本 | 英文版],DLC-ADDCOSTUME000009,Atelier Firis - Liane Outfit Brave Archer,USA
psvdlc,PCSE01044,Atelier Firis ~The Alchemist and the Mysterious Journey~ (3.61+!) [3.63],菲莉丝的炼金工房：不可思议旅的炼金术士 [需3.63及以上系统版本 | 英文版],DLC-ADDCOSTUME000007,Atelier Firis - Shanon Costume Pink Fraise,USA
psvdlc,PCSE01044,Atelier Firis ~The Alchemist and the Mysterious Journey~ (3.61+!) [3.63],菲莉丝的炼金工房：不可思议旅的炼金术士 [需3.63及以上系统版本 | 英文版],DLC-ADDCOSTUME000013,Atelier Firis - Shanon Outfit Crest Paladin,USA
psvdlc,PCSE01044,Atelier Firis ~The Alchemist and the Mysterious Journey~ (3.61+!) [3.63],菲莉丝的炼金工房：不可思议旅的炼金术士 [需3.63及以上系统版本 | 英文版],DLC-ADDCOSTUME000012,Atelier Firis - Sophie Outfit Glorious Sage,USA
psvdlc,PCSE01071,Accel World vs Sword Art Online (3.61+!) [3.65],加速世界 VS 刀剑神域：千年黄昏 [需3.65及以上系统版本 | 英文版],DLC-DLCPACKAGE001000,SAO Ordinal Scale Pack,USA
psvdlc,PCSE01071,Accel World vs Sword Art Online (3.61+!) [3.65],加速世界 VS 刀剑神域：千年黄昏 [需3.65及以上系统版本 | 英文版],DLC-DLCPACKAGE001010,SAO Origins Pack,USA
psvdlc,PCSE01071,Accel World vs Sword Art Online (3.61+!) [3.65],加速世界 VS 刀剑神域：千年黄昏 [需3.65及以上系统版本 | 英文版],DLC-DLCPACKAGE001020,“Castaway From Another World” Pack,USA
psvdlc,PCSE01100,Danganronpa V3: Killing Harmony (3.61+!) [3.65],枪弹辩驳 3：大家的自相残杀新学期 [需3.65及以上系统版本 | 英文版],DLC-DANGANV3VITADL00,Danganronpa V3 - DLC - FR Text Pack,USA
psvdlc,PCSE01100,Danganronpa V3: Killing Harmony (3.61+!) [3.65],枪弹辩驳 3：大家的自相残杀新学期 [需3.65及以上系统版本 | 英文版],DLC-DANGANV3VITADL01,Danganronpa V3 - DLC - Voice Pack,USA
psvdlc,PCSE01103,Ys VIII: Lacrimosa of DANA (3.61+!) [3.65],伊苏 8：丹娜的陨涕日 [需3.65及以上系统版本 | 英文版],DLC-YSVIIIDLC00N0002,Adol's Adventurer Clothes,USA
psvdlc,PCSE01103,Ys VIII: Lacrimosa of DANA (3.61+!) [3.65],伊苏 8：丹娜的陨涕日 [需3.65及以上系统版本 | 英文版],DLC-YSVIIIDLC00N0000,Adol's Silver Armor Costume,USA
psvdlc,PCSE01103,Ys VIII: Lacrimosa of DANA (3.61+!) [3.65],伊苏 8：丹娜的陨涕日 [需3.65及以上系统版本 | 英文版],DLC-YSVIIIDLC00N0090,Adol's Survival Kit,USA
psvdlc,PCSE01103,Ys VIII: Lacrimosa of DANA (3.61+!) [3.65],伊苏 8：丹娜的陨涕日 [需3.65及以上系统版本 | 英文版],DLC-YSVIIIDLC00N0081,Advanced Accessory Set,USA
psvdlc,PCSE01103,Ys VIII: Lacrimosa of DANA (3.61+!) [3.65],伊苏 8：丹娜的陨涕日 [需3.65及以上系统版本 | 英文版],DLC-YSVIIIDLC00N0045,Ancient Mask Set,USA
psvdlc,PCSE01103,Ys VIII: Lacrimosa of DANA (3.61+!) [3.65],伊苏 8：丹娜的陨涕日 [需3.65及以上系统版本 | 英文版],DLC-YSVIIIDLC00N0062,Bottled Potion Set,USA
psvdlc,PCSE01103,Ys VIII: Lacrimosa of DANA (3.61+!) [3.65],伊苏 8：丹娜的陨涕日 [需3.65及以上系统版本 | 英文版],DLC-YSVIIIDLC00N0076,Castaway Start Dash Set,USA
psvdlc,PCSE01103,Ys VIII: Lacrimosa of DANA (3.61+!) [3.65],伊苏 8：丹娜的陨涕日 [需3.65及以上系统版本 | 英文版],DLC-YSVIIIDLC00N0020,Deserted Pirate Adol,USA
psvdlc,PCSE01103,Ys VIII: Lacrimosa of DANA (3.61+!) [3.65],伊苏 8：丹娜的陨涕日 [需3.65及以上系统版本 | 英文版],DLC-YSVIIIDLC00N0025,Deserted Pirate Dana,USA
psvdlc,PCSE01103,Ys VIII: Lacrimosa of DANA (3.61+!) [3.65],伊苏 8：丹娜的陨涕日 [需3.65及以上系统版本 | 英文版],DLC-YSVIIIDLC00N0023,Deserted Pirate Hummel,USA
psvdlc,PCSE01103,Ys VIII: Lacrimosa of DANA (3.61+!) [3.65],伊苏 8：丹娜的陨涕日 [需3.65及以上系统版本 | 英文版],DLC-YSVIIIDLC00N0021,Deserted Pirate Laxia,USA
psvdlc,PCSE01103,Ys VIII: Lacrimosa of DANA (3.61+!) [3.65],伊苏 8：丹娜的陨涕日 [需3.65及以上系统版本 | 英文版],DLC-YSVIIIDLC00N0024,Deserted Pirate Ricotta,USA
psvdlc,PCSE01103,Ys VIII: Lacrimosa of DANA (3.61+!) [3.65],伊苏 8：丹娜的陨涕日 [需3.65及以上系统版本 | 英文版],DLC-YSVIIIDLC00N0022,Deserted Pirate Sahad,USA
psvdlc,PCSE01103,Ys VIII: Lacrimosa of DANA (3.61+!) [3.65],伊苏 8：丹娜的陨涕日 [需3.65及以上系统版本 | 英文版],DLC-YSVIIIDLC00N0079,Economy Ingredient Set (2),USA
psvdlc,PCSE01103,Ys VIII: Lacrimosa of DANA (3.61+!) [3.65],伊苏 8：丹娜的陨涕日 [需3.65及以上系统版本 | 英文版],DLC-YSVIIIDLC00N0078,Economy Ingredient Set,USA
psvdlc,PCSE01103,Ys VIII: Lacrimosa of DANA (3.61+!) [3.65],伊苏 8：丹娜的陨涕日 [需3.65及以上系统版本 | 英文版],DLC-YSVIIIDLC00N0066,Elixir Set (1),USA
psvdlc,PCSE01103,Ys VIII: Lacrimosa of DANA (3.61+!) [3.65],伊苏 8：丹娜的陨涕日 [需3.65及以上系统版本 | 英文版],DLC-YSVIIIDLC00N0067,Elixir Set (2),USA
psvdlc,PCSE01103,Ys VIII: Lacrimosa of DANA (3.61+!) [3.65],伊苏 8：丹娜的陨涕日 [需3.65及以上系统版本 | 英文版],DLC-YSVIIIDLC00N0068,Elixir Set (3),USA
psvdlc,PCSE01103,Ys VIII: Lacrimosa of DANA (3.61+!) [3.65],伊苏 8：丹娜的陨涕日 [需3.65及以上系统版本 | 英文版],DLC-YSVIIIDLC00N0069,Elixir Set (4),USA
psvdlc,PCSE01103,Ys VIII: Lacrimosa of DANA (3.61+!) [3.65],伊苏 8：丹娜的陨涕日 [需3.65及以上系统版本 | 英文版],DLC-YSVIIIDLC00N0070,Elixir Set (5),USA
psvdlc,PCSE01103,Ys VIII: Lacrimosa of DANA (3.61+!) [3.65],伊苏 8：丹娜的陨涕日 [需3.65及以上系统版本 | 英文版],DLC-YSVIIIDLC00N0064,Fish Bait Set,USA
psvdlc,PCSE01103,Ys VIII: Lacrimosa of DANA (3.61+!) [3.65],伊苏 8：丹娜的陨涕日 [需3.65及以上系统版本 | 英文版],DLC-YSVIIIDLC00N0060,Free Set 1,USA
psvdlc,PCSE01103,Ys VIII: Lacrimosa of DANA (3.61+!) [3.65],伊苏 8：丹娜的陨涕日 [需3.65及以上系统版本 | 英文版],DLC-YSVIIIDLC00N0061,Free Set 2,USA
psvdlc,PCSE01103,Ys VIII: Lacrimosa of DANA (3.61+!) [3.65],伊苏 8：丹娜的陨涕日 [需3.65及以上系统版本 | 英文版],DLC-YSVIIIDLC00N0042,Hug Hug Dark,USA
psvdlc,PCSE01103,Ys VIII: Lacrimosa of DANA (3.61+!) [3.65],伊苏 8：丹娜的陨涕日 [需3.65及以上系统版本 | 英文版],DLC-YSVIIIDLC00N0040,Hug Hug Feena,USA
psvdlc,PCSE01103,Ys VIII: Lacrimosa of DANA (3.61+!) [3.65],伊苏 8：丹娜的陨涕日 [需3.65及以上系统版本 | 英文版],DLC-YSVIIIDLC00N0041,Hug Hug Lilia,USA
psvdlc,PCSE01103,Ys VIII: Lacrimosa of DANA (3.61+!) [3.65],伊苏 8：丹娜的陨涕日 [需3.65及以上系统版本 | 英文版],DLC-YSVIIIDLC00N0077,Premium Material Set,USA
psvdlc,PCSE01103,Ys VIII: Lacrimosa of DANA (3.61+!) [3.65],伊苏 8：丹娜的陨涕日 [需3.65及以上系统版本 | 英文版],DLC-YSVIIIDLC00N0063,Ripe Fruit Set,USA
psvdlc,PCSE01103,Ys VIII: Lacrimosa of DANA (3.61+!) [3.65],伊苏 8：丹娜的陨涕日 [需3.65及以上系统版本 | 英文版],DLC-YSVIIIDLC00N0065,Status Recovery Set,USA
psvdlc,PCSE01103,Ys VIII: Lacrimosa of DANA (3.61+!) [3.65],伊苏 8：丹娜的陨涕日 [需3.65及以上系统版本 | 英文版],DLC-YSVIIIDLC00N0043,Stylish Glasses Set,USA
psvdlc,PCSE01103,Ys VIII: Lacrimosa of DANA (3.61+!) [3.65],伊苏 8：丹娜的陨涕日 [需3.65及以上系统版本 | 英文版],DLC-YSVIIIDLC00N0044,Stylish Sunglasses Set,USA
psvdlc,PCSE01103,Ys VIII: Lacrimosa of DANA (3.61+!) [3.65],伊苏 8：丹娜的陨涕日 [需3.65及以上系统版本 | 英文版],DLC-YSVIIIDLC00N0071,Tempest Set (1),USA
psvdlc,PCSE01103,Ys VIII: Lacrimosa of DANA (3.61+!) [3.65],伊苏 8：丹娜的陨涕日 [需3.65及以上系统版本 | 英文版],DLC-YSVIIIDLC00N0072,Tempest Set (2),USA
psvdlc,PCSE01103,Ys VIII: Lacrimosa of DANA (3.61+!) [3.65],伊苏 8：丹娜的陨涕日 [需3.65及以上系统版本 | 英文版],DLC-YSVIIIDLC00N0073,Tempest Set (3),USA
psvdlc,PCSE01103,Ys VIII: Lacrimosa of DANA (3.61+!) [3.65],伊苏 8：丹娜的陨涕日 [需3.65及以上系统版本 | 英文版],DLC-YSVIIIDLC00N0074,Tempest Set (4),USA
psvdlc,PCSE01103,Ys VIII: Lacrimosa of DANA (3.61+!) [3.65],伊苏 8：丹娜的陨涕日 [需3.65及以上系统版本 | 英文版],DLC-YSVIIIDLC00N0075,Tempest Set (5),USA
psvdlc,PCSE01103,Ys VIII: Lacrimosa of DANA (3.61+!) [3.65],伊苏 8：丹娜的陨涕日 [需3.65及以上系统版本 | 英文版],DLC-YSVIIIDLC00N0026,Tropic Swimwear Adol,USA
psvdlc,PCSE01103,Ys VIII: Lacrimosa of DANA (3.61+!) [3.65],伊苏 8：丹娜的陨涕日 [需3.65及以上系统版本 | 英文版],DLC-YSVIIIDLC00N0031,Tropic Swimwear Dana,USA
psvdlc,PCSE01103,Ys VIII: Lacrimosa of DANA (3.61+!) [3.65],伊苏 8：丹娜的陨涕日 [需3.65及以上系统版本 | 英文版],DLC-YSVIIIDLC00N0027,Tropic Swimwear Laxia,USA
psvdlc,PCSE01103,Ys VIII: Lacrimosa of DANA (3.61+!) [3.65],伊苏 8：丹娜的陨涕日 [需3.65及以上系统版本 | 英文版],DLC-YSVIIIDLC00N0030,Tropic Swimwear Ricotta,USA
psvdlc,PCSE01103,Ys VIII: Lacrimosa of DANA (3.61+!) [3.65],伊苏 8：丹娜的陨涕日 [需3.65及以上系统版本 | 英文版],DLC-YSVIIIDLC00N0080,Useful Accessory Set,USA
psvdlc,PCSE01103,Ys VIII: Lacrimosa of DANA (3.61+!) [3.65],伊苏 8：丹娜的陨涕日 [需3.65及以上系统版本 | 英文版],DLC-YSVIIIDLC00L0000,YsVIII Language Pack,USA
psvdlc,PCSE01141,Demon Gaze II (3.61+!) [3.65],恶魔凝视 2 [需3.65及以上系统版本 | 英文版],DLC-DEMONGAZE2DLC004,Dungeon Support Set A,USA
psvdlc,PCSE01141,Demon Gaze II (3.61+!) [3.65],恶魔凝视 2 [需3.65及以上系统版本 | 英文版],DLC-DEMONGAZE2DLC005,Dungeon Support Set B,USA
psvdlc,PCSE01141,Demon Gaze II (3.61+!) [3.65],恶魔凝视 2 [需3.65及以上系统版本 | 英文版],DLC-DEMONGAZE2DLC006,Dungeon Support Set C,USA
psvdlc,PCSE01141,Demon Gaze II (3.61+!) [3.65],恶魔凝视 2 [需3.65及以上系统版本 | 英文版],DLC-DEMONGAZE2DLC007,Dungeon Support Set D,USA
psvdlc,PCSE01141,Demon Gaze II (3.61+!) [3.65],恶魔凝视 2 [需3.65及以上系统版本 | 英文版],DLC-DEMONGAZE2DLC002,Revolutionist Support Set A,USA
psvdlc,PCSE01141,Demon Gaze II (3.61+!) [3.65],恶魔凝视 2 [需3.65及以上系统版本 | 英文版],DLC-DEMONGAZE2DLC003,Revolutionist Support Set B,USA
psvdlc,PCSE01141,Demon Gaze II (3.61+!) [3.65],恶魔凝视 2 [需3.65及以上系统版本 | 英文版],DLC-DEMONGAZE2DLC001,Surprise! Three Noisy Cape Set!,USA
psvdlc,PCSE01171,Digimon Story Cyber Sleuth: Hacker's Memory (3.61+!) [3.65],数码宝贝物语 网络侦探：骇客追忆 [需3.65及以上系统版本 | 英文版],DLC-DSCSHMDLC0000003,Alphamon NX,USA
psvdlc,PCSE01171,Digimon Story Cyber Sleuth: Hacker's Memory (3.61+!) [3.65],数码宝贝物语 网络侦探：骇客追忆 [需3.65及以上系统版本 | 英文版],DLC-DSCSHMDLC0000012,Beelzemon Emblem T-shirt,USA
psvdlc,PCSE01171,Digimon Story Cyber Sleuth: Hacker's Memory (3.61+!) [3.65],数码宝贝物语 网络侦探：骇客追忆 [需3.65及以上系统版本 | 英文版],DLC-DSCSHMDLC0000005,Crusadermon NX,USA
psvdlc,PCSE01171,Digimon Story Cyber Sleuth: Hacker's Memory (3.61+!) [3.65],数码宝贝物语 网络侦探：骇客追忆 [需3.65及以上系统版本 | 英文版],DLC-DSCSHMDLC0000001,Digivolution Conditions Unlocked for Sistermon,USA
psvdlc,PCSE01171,Digimon Story Cyber Sleuth: Hacker's Memory (3.61+!) [3.65],数码宝贝物语 网络侦探：骇客追忆 [需3.65及以上系统版本 | 英文版],DLC-DSCSHMDLC0000004,Gallantmon NX,USA
psvdlc,PCSE01171,Digimon Story Cyber Sleuth: Hacker's Memory (3.61+!) [3.65],数码宝贝物语 网络侦探：骇客追忆 [需3.65及以上系统版本 | 英文版],DLC-DSCSHMDLC0000007,Inoden School Attire,USA
psvdlc,PCSE01171,Digimon Story Cyber Sleuth: Hacker's Memory (3.61+!) [3.65],数码宝贝物语 网络侦探：骇客追忆 [需3.65及以上系统版本 | 英文版],DLC-DSCSHMDLC0000006,Leopardmon NX,USA
psvdlc,PCSE01171,Digimon Story Cyber Sleuth: Hacker's Memory (3.61+!) [3.65],数码宝贝物语 网络侦探：骇客追忆 [需3.65及以上系统版本 | 英文版],DLC-DSCSHMDLC0000002,Omnimon NX,USA
psvdlc,PCSE01171,Digimon Story Cyber Sleuth: Hacker's Memory (3.61+!) [3.65],数码宝贝物语 网络侦探：骇客追忆 [需3.65及以上系统版本 | 英文版],DLC-DSCSHMDLC0000010,Summer Camp (p) T-shirt,USA
psvdlc,PCSE01171,Digimon Story Cyber Sleuth: Hacker's Memory (3.61+!) [3.65],数码宝贝物语 网络侦探：骇客追忆 [需3.65及以上系统版本 | 英文版],DLC-DSCSHMDLC0000008,V. Uchida Costume,USA
psvdlc,PCSE01179,The Lost Child (3.61+!) [3.67],失落之子 [需3.67及以上系统版本 | 英文版],DLC-TLCDLC04ITSET002,Bonus - Fruits of Wisdom Set,USA
psvdlc,PCSE01179,The Lost Child (3.61+!) [3.67],失落之子 [需3.67及以上系统版本 | 英文版],DLC-TLCDLC05ITSET003,Bonus - Heavenly 7 Set,USA
psvdlc,PCSE01179,The Lost Child (3.61+!) [3.67],失落之子 [需3.67及以上系统版本 | 英文版],DLC-TLCDLC03ITSET001,Bonus - Light of Blessing Set,USA
psvdlc,PCSE01254,Fate/EXTELLA LINK (3.61+!) [3.68],Fate/EXTELLA LINK [需3.68及以上系统版本 | 英文版],DLC-FATEEXLINKDLC007,Bowman of Justice,USA
psvdlc,PCSE01254,Fate/EXTELLA LINK (3.61+!) [3.68],Fate/EXTELLA LINK [需3.68及以上系统版本 | 英文版],DLC-FATEEXLINKDLC049,Li'l Altera,USA
psvdlc,PCSE01254,Fate/EXTELLA LINK (3.61+!) [3.68],Fate/EXTELLA LINK [需3.68及以上系统版本 | 英文版],DLC-FATEEXLINKDLC047,Li'l Nero,USA
psvdlc,PCSE01254,Fate/EXTELLA LINK (3.61+!) [3.68],Fate/EXTELLA LINK [需3.68及以上系统版本 | 英文版],DLC-FATEEXLINKDLC048,Li'l Tamamo,USA
psvdlc,PCSE01254,Fate/EXTELLA LINK (3.61+!) [3.68],Fate/EXTELLA LINK [需3.68及以上系统版本 | 英文版],DLC-FATEEXLINKDLC015,Sergeant of the Shadow Lands,USA
psvdlc,PCSE01254,Fate/EXTELLA LINK (3.61+!) [3.68],Fate/EXTELLA LINK [需3.68及以上系统版本 | 英文版],DLC-FATEEXLINKDLC080,Young Altera,USA
psvdlc,PCSE01274,Persona 3: Dancing in Moonlight (3.61+!) [3.68],女神异闻录 3：舞动月夜 [需3.68及以上系统版本 | 英文版],DLC-ADDCONTDLCD00001,P3D - Atlus Selection Set,USA
psvdlc,PCSE01274,Persona 3: Dancing in Moonlight (3.61+!) [3.68],女神异闻录 3：舞动月夜 [需3.68及以上系统版本 | 英文版],DLC-ADDCONTDLCD00004,P3D - Featherman Set,USA
psvdlc,PCSE01274,Persona 3: Dancing in Moonlight (3.61+!) [3.68],女神异闻录 3：舞动月夜 [需3.68及以上系统版本 | 英文版],DLC-ADDCONTDLCD00002,P3D - P4AAU Set,USA
psvdlc,PCSE01274,Persona 3: Dancing in Moonlight (3.61+!) [3.68],女神异闻录 3：舞动月夜 [需3.68及以上系统版本 | 英文版],DLC-ADDCONTDLCD00005,P3D - Race Queen Set,USA
psvdlc,PCSE01274,Persona 3: Dancing in Moonlight (3.61+!) [3.68],女神异闻录 3：舞动月夜 [需3.68及以上系统版本 | 英文版],DLC-ADDCONTDLCD00006,P3D - WEGO Collab Set,USA
psvdlc,PCSE01274,Persona 3: Dancing in Moonlight (3.61+!) [3.68],女神异闻录 3：舞动月夜 [需3.68及以上系统版本 | 英文版],DLC-ADDCONTDLCD00036,P3DP5D - Battle Hymn of the Soul (PSB2017),USA
psvdlc,PCSE01274,Persona 3: Dancing in Moonlight (3.61+!) [3.68],女神异闻录 3：舞动月夜 [需3.68及以上系统版本 | 英文版],DLC-ADDCONTDLCD00048,P3DP5D - Best Friends (OP ver.),USA
psvdlc,PCSE01274,Persona 3: Dancing in Moonlight (3.61+!) [3.68],女神异闻录 3：舞动月夜 [需3.68及以上系统版本 | 英文版],DLC-ADDCONTDLCD00049,P3DP5D - Break Out Of... (OP ver.),USA
psvdlc,PCSE01274,Persona 3: Dancing in Moonlight (3.61+!) [3.68],女神异闻录 3：舞动月夜 [需3.68及以上系统版本 | 英文版],DLC-ADDCONTDLCD00033,P3DP5D - Burn My Dread (OP ver.),USA
psvdlc,PCSE01274,Persona 3: Dancing in Moonlight (3.61+!) [3.68],女神异闻录 3：舞动月夜 [需3.68及以上系统版本 | 英文版],DLC-ADDCONTDLCD00051,P3DP5D - changing me,USA
psvdlc,PCSE01274,Persona 3: Dancing in Moonlight (3.61+!) [3.68],女神异闻录 3：舞动月夜 [需3.68及以上系统版本 | 英文版],DLC-ADDCONTDLCD00038,P3DP5D - Dance! (OP ver.),USA
psvdlc,PCSE01274,Persona 3: Dancing in Moonlight (3.61+!) [3.68],女神异闻录 3：舞动月夜 [需3.68及以上系统版本 | 英文版],DLC-ADDCONTDLCD00041,P3DP5D - Dream of Butterfly (OP ver.),USA
psvdlc,PCSE01274,Persona 3: Dancing in Moonlight (3.61+!) [3.68],女神异闻录 3：舞动月夜 [需3.68及以上系统版本 | 英文版],DLC-ADDCONTDLCD00032,P3DP5D - Fate is In Our Hands (P3 THE MOVIE - special edit),USA
psvdlc,PCSE01274,Persona 3: Dancing in Moonlight (3.61+!) [3.68],女神异闻录 3：舞动月夜 [需3.68及以上系统版本 | 英文版],DLC-ADDCONTDLCD00044,P3DP5D - Goro Akechi in Will Power,USA
psvdlc,PCSE01274,Persona 3: Dancing in Moonlight (3.61+!) [3.68],女神异闻录 3：舞动月夜 [需3.68及以上系统版本 | 英文版],DLC-ADDCONTDLCD00057,P3DP5D - GROOVY (full version),USA
psvdlc,PCSE01274,Persona 3: Dancing in Moonlight (3.61+!) [3.68],女神异闻录 3：舞动月夜 [需3.68及以上系统版本 | 英文版],DLC-ADDCONTDLCD00037,P3DP5D - Heartful Cry (GAME SYMPHONY JAPAN),USA
psvdlc,PCSE01274,Persona 3: Dancing in Moonlight (3.61+!) [3.68],女神异闻录 3：舞动月夜 [需3.68及以上系统版本 | 英文版],DLC-ADDCONTDLCD00026,P3DP5D - Labrys in Today,USA
psvdlc,PCSE01274,Persona 3: Dancing in Moonlight (3.61+!) [3.68],女神异闻录 3：舞动月夜 [需3.68及以上系统版本 | 英文版],DLC-ADDCONTDLCD00045,P3DP5D - Lavenza in Beneath the Mask,USA
psvdlc,PCSE01274,Persona 3: Dancing in Moonlight (3.61+!) [3.68],女神异闻录 3：舞动月夜 [需3.68及以上系统版本 | 英文版],DLC-ADDCONTDLCD00023,P3DP5D - Let's Go! Phoenix Ranger Featherman (animated MV),USA
psvdlc,PCSE01274,Persona 3: Dancing in Moonlight (3.61+!) [3.68],女神异闻录 3：舞动月夜 [需3.68及以上系统版本 | 英文版],DLC-ADDCONTDLCD00055,P3DP5D - Life Will Change (GAME SYMPHONY JAPAN),USA
psvdlc,PCSE01274,Persona 3: Dancing in Moonlight (3.61+!) [3.68],女神异闻录 3：舞动月夜 [需3.68及以上系统版本 | 英文版],DLC-ADDCONTDLCD00040,P3DP5D - Mass Destruction (PERSONA MUSIC FES 2013),USA
psvdlc,PCSE01274,Persona 3: Dancing in Moonlight (3.61+!) [3.68],女神异闻录 3：舞动月夜 [需3.68及以上系统版本 | 英文版],DLC-ADDCONTDLCD00050,P3DP5D - MAZE OF LIFE (OP ver.),USA
psvdlc,PCSE01274,Persona 3: Dancing in Moonlight (3.61+!) [3.68],女神异闻录 3：舞动月夜 [需3.68及以上系统版本 | 英文版],DLC-ADDCONTDLCD00030,P3DP5D - Memories of You,USA
psvdlc,PCSE01274,Persona 3: Dancing in Moonlight (3.61+!) [3.68],女神异闻录 3：舞动月夜 [需3.68及以上系统版本 | 英文版],DLC-ADDCONTDLCD00031,P3DP5D - More Than One Heart (P3 THE MOVIE - special edit),USA
psvdlc,PCSE01274,Persona 3: Dancing in Moonlight (3.61+!) [3.68],女神异闻录 3：舞动月夜 [需3.68及以上系统版本 | 英文版],DLC-ADDCONTDLCD00046,P3DP5D - Opening (OP ver.),USA
psvdlc,PCSE01274,Persona 3: Dancing in Moonlight (3.61+!) [3.68],女神异闻录 3：舞动月夜 [需3.68及以上系统版本 | 英文版],DLC-ADDCONTDLCD00039,P3DP5D - Our Moment (full version),USA
psvdlc,PCSE01274,Persona 3: Dancing in Moonlight (3.61+!) [3.68],女神异闻录 3：舞动月夜 [需3.68及以上系统版本 | 英文版],DLC-ADDCONTDLCD00034,P3DP5D - P3 fes (OP ver.),USA
psvdlc,PCSE01274,Persona 3: Dancing in Moonlight (3.61+!) [3.68],女神异闻录 3：舞动月夜 [需3.68及以上系统版本 | 英文版],DLC-ADDCONTDLCD00053,P3DP5D - P5A BREAK IN TO BREAK OUT (OP ver.),USA
psvdlc,PCSE01274,Persona 3: Dancing in Moonlight (3.61+!) [3.68],女神异闻录 3：舞动月夜 [需3.68及以上系统版本 | 英文版],DLC-ADDCONTDLCD00056,P3DP5D - P5A INFINITY (ED ver.),USA
psvdlc,PCSE01274,Persona 3: Dancing in Moonlight (3.61+!) [3.68],女神异闻录 3：舞动月夜 [需3.68及以上系统版本 | 英文版],DLC-ADDCONTDLCD00060,P3DP5D - Picaresque Mouse Set,USA
psvdlc,PCSE01274,Persona 3: Dancing in Moonlight (3.61+!) [3.68],女神异闻录 3：舞动月夜 [需3.68及以上系统版本 | 英文版],DLC-ADDCONTDLCD00058,P3DP5D - Pursuing My True Self (OP ver.),USA
psvdlc,PCSE01274,Persona 3: Dancing in Moonlight (3.61+!) [3.68],女神异闻录 3：舞动月夜 [需3.68及以上系统版本 | 英文版],DLC-ADDCONTDLCD00047,P3DP5D - Shadow World (OP ver.),USA
psvdlc,PCSE01274,Persona 3: Dancing in Moonlight (3.61+!) [3.68],女神异闻录 3：舞动月夜 [需3.68及以上系统版本 | 英文版],DLC-ADDCONTDLCD00028,P3DP5D - Shinjiro Aragaki in Battle Hymn of the Soul,USA
psvdlc,PCSE01274,Persona 3: Dancing in Moonlight (3.61+!) [3.68],女神异闻录 3：舞动月夜 [需3.68及以上系统版本 | 英文版],DLC-ADDCONTDLCD00027,P3DP5D - Sho Minazuki in Break Out Of... (ATLUS Kitajoh Remix),USA
psvdlc,PCSE01274,Persona 3: Dancing in Moonlight (3.61+!) [3.68],女神异闻录 3：舞动月夜 [需3.68及以上系统版本 | 英文版],DLC-ADDCONTDLCD00035,P3DP5D - Soul Phrase (OP ver.),USA
psvdlc,PCSE01274,Persona 3: Dancing in Moonlight (3.61+!) [3.68],女神异闻录 3：舞动月夜 [需3.68及以上系统版本 | 英文版],DLC-ADDCONTDLCD00024,P3DP5D - Tanaka's Amazing Commodities (ATLUS Kozuka Remix),USA
psvdlc,PCSE01274,Persona 3: Dancing in Moonlight (3.61+!) [3.68],女神异闻录 3：舞动月夜 [需3.68及以上系统版本 | 英文版],DLC-ADDCONTDLCD00043,P3DP5D - The Snow Queen (ATLUS Tsuchiya Remix),USA
psvdlc,PCSE01274,Persona 3: Dancing in Moonlight (3.61+!) [3.68],女神异闻录 3：舞动月夜 [需3.68及以上系统版本 | 英文版],DLC-ADDCONTDLCD00054,P3DP5D - The Whims of Fate (PSB2017),USA
psvdlc,PCSE01274,Persona 3: Dancing in Moonlight (3.61+!) [3.68],女神异闻录 3：舞动月夜 [需3.68及以上系统版本 | 英文版],DLC-ADDCONTDLCD00025,P3DP5D - Theodore in A Way of Life -Deep inside my mind Remix-,USA
psvdlc,PCSE01274,Persona 3: Dancing in Moonlight (3.61+!) [3.68],女神异闻录 3：舞动月夜 [需3.68及以上系统版本 | 英文版],DLC-ADDCONTDLCD00042,P3DP5D - unbreakable tie (OP ver.),USA
psvdlc,PCSE01274,Persona 3: Dancing in Moonlight (3.61+!) [3.68],女神异闻录 3：舞动月夜 [需3.68及以上系统版本 | 英文版],DLC-ADDCONTDLCD00029,P3DP5D - Voice (ATLUS Tsuchiya Remix) Koromaru on a Walk,USA
psvdlc,PCSE01274,Persona 3: Dancing in Moonlight (3.61+!) [3.68],女神异闻录 3：舞动月夜 [需3.68及以上系统版本 | 英文版],DLC-ADDCONTDLCD00052,"P3DP5D - Wake Up, Get Up, Get Out There (OP ver.)",USA
psvdlc,PCSE01275,Persona 5: Dancing in Starlight (3.61+!) [3.68],女神异闻录 5：舞动星夜 [需3.68及以上系统版本 | 英文版],DLC-ADDCONTDLCD00036,P3DP5D - Battle Hymn of the Soul (PSB2017),USA
psvdlc,PCSE01275,Persona 5: Dancing in Starlight (3.61+!) [3.68],女神异闻录 5：舞动星夜 [需3.68及以上系统版本 | 英文版],DLC-ADDCONTDLCD00048,P3DP5D - Best Friends (OP ver.),USA
psvdlc,PCSE01275,Persona 5: Dancing in Starlight (3.61+!) [3.68],女神异闻录 5：舞动星夜 [需3.68及以上系统版本 | 英文版],DLC-ADDCONTDLCD00049,P3DP5D - Break Out Of... (OP ver.),USA
psvdlc,PCSE01275,Persona 5: Dancing in Starlight (3.61+!) [3.68],女神异闻录 5：舞动星夜 [需3.68及以上系统版本 | 英文版],DLC-ADDCONTDLCD00033,P3DP5D - Burn My Dread (OP ver.),USA
psvdlc,PCSE01275,Persona 5: Dancing in Starlight (3.61+!) [3.68],女神异闻录 5：舞动星夜 [需3.68及以上系统版本 | 英文版],DLC-ADDCONTDLCD00051,P3DP5D - changing me,USA
psvdlc,PCSE01275,Persona 5: Dancing in Starlight (3.61+!) [3.68],女神异闻录 5：舞动星夜 [需3.68及以上系统版本 | 英文版],DLC-ADDCONTDLCD00038,P3DP5D - Dance! (OP ver.),USA
psvdlc,PCSE01275,Persona 5: Dancing in Starlight (3.61+!) [3.68],女神异闻录 5：舞动星夜 [需3.68及以上系统版本 | 英文版],DLC-ADDCONTDLCD00041,P3DP5D - Dream of Butterfly (OP ver.),USA
psvdlc,PCSE01275,Persona 5: Dancing in Starlight (3.61+!) [3.68],女神异闻录 5：舞动星夜 [需3.68及以上系统版本 | 英文版],DLC-ADDCONTDLCD00032,P3DP5D - Fate is In Our Hands (P3 THE MOVIE - special edit),USA
psvdlc,PCSE01275,Persona 5: Dancing in Starlight (3.61+!) [3.68],女神异闻录 5：舞动星夜 [需3.68及以上系统版本 | 英文版],DLC-ADDCONTDLCD00044,P3DP5D - Goro Akechi in Will Power,USA
psvdlc,PCSE01275,Persona 5: Dancing in Starlight (3.61+!) [3.68],女神异闻录 5：舞动星夜 [需3.68及以上系统版本 | 英文版],DLC-ADDCONTDLCD00057,P3DP5D - GROOVY (full version),USA
psvdlc,PCSE01275,Persona 5: Dancing in Starlight (3.61+!) [3.68],女神异闻录 5：舞动星夜 [需3.68及以上系统版本 | 英文版],DLC-ADDCONTDLCD00037,P3DP5D - Heartful Cry (GAME SYMPHONY JAPAN),USA
psvdlc,PCSE01275,Persona 5: Dancing in Starlight (3.61+!) [3.68],女神异闻录 5：舞动星夜 [需3.68及以上系统版本 | 英文版],DLC-ADDCONTDLCD00026,P3DP5D - Labrys in Today,USA
psvdlc,PCSE01275,Persona 5: Dancing in Starlight (3.61+!) [3.68],女神异闻录 5：舞动星夜 [需3.68及以上系统版本 | 英文版],DLC-ADDCONTDLCD00045,P3DP5D - Lavenza in Beneath the Mask,USA
psvdlc,PCSE01275,Persona 5: Dancing in Starlight (3.61+!) [3.68],女神异闻录 5：舞动星夜 [需3.68及以上系统版本 | 英文版],DLC-ADDCONTDLCD00023,P3DP5D - Let's Go! Phoenix Ranger Featherman (animated MV),USA
psvdlc,PCSE01275,Persona 5: Dancing in Starlight (3.61+!) [3.68],女神异闻录 5：舞动星夜 [需3.68及以上系统版本 | 英文版],DLC-ADDCONTDLCD00055,P3DP5D - Life Will Change (GAME SYMPHONY JAPAN),USA
psvdlc,PCSE01275,Persona 5: Dancing in Starlight (3.61+!) [3.68],女神异闻录 5：舞动星夜 [需3.68及以上系统版本 | 英文版],DLC-ADDCONTDLCD00040,P3DP5D - Mass Destruction (PERSONA MUSIC FES 2013),USA
psvdlc,PCSE01275,Persona 5: Dancing in Starlight (3.61+!) [3.68],女神异闻录 5：舞动星夜 [需3.68及以上系统版本 | 英文版],DLC-ADDCONTDLCD00050,P3DP5D - MAZE OF LIFE (OP ver.),USA
psvdlc,PCSE01275,Persona 5: Dancing in Starlight (3.61+!) [3.68],女神异闻录 5：舞动星夜 [需3.68及以上系统版本 | 英文版],DLC-ADDCONTDLCD00030,P3DP5D - Memories of You,USA
psvdlc,PCSE01275,Persona 5: Dancing in Starlight (3.61+!) [3.68],女神异闻录 5：舞动星夜 [需3.68及以上系统版本 | 英文版],DLC-ADDCONTDLCD00031,P3DP5D - More Than One Heart (P3 THE MOVIE - special edit),USA
psvdlc,PCSE01275,Persona 5: Dancing in Starlight (3.61+!) [3.68],女神异闻录 5：舞动星夜 [需3.68及以上系统版本 | 英文版],DLC-ADDCONTDLCD00046,P3DP5D - Opening (OP ver.),USA
psvdlc,PCSE01275,Persona 5: Dancing in Starlight (3.61+!) [3.68],女神异闻录 5：舞动星夜 [需3.68及以上系统版本 | 英文版],DLC-ADDCONTDLCD00039,P3DP5D - Our Moment (full version),USA
psvdlc,PCSE01275,Persona 5: Dancing in Starlight (3.61+!) [3.68],女神异闻录 5：舞动星夜 [需3.68及以上系统版本 | 英文版],DLC-ADDCONTDLCD00034,P3DP5D - P3 fes (OP ver.),USA
psvdlc,PCSE01275,Persona 5: Dancing in Starlight (3.61+!) [3.68],女神异闻录 5：舞动星夜 [需3.68及以上系统版本 | 英文版],DLC-ADDCONTDLCD00053,P3DP5D - P5A BREAK IN TO BREAK OUT (OP ver.),USA
psvdlc,PCSE01275,Persona 5: Dancing in Starlight (3.61+!) [3.68],女神异闻录 5：舞动星夜 [需3.68及以上系统版本 | 英文版],DLC-ADDCONTDLCD00056,P3DP5D - P5A INFINITY (ED ver.),USA
psvdlc,PCSE01275,Persona 5: Dancing in Starlight (3.61+!) [3.68],女神异闻录 5：舞动星夜 [需3.68及以上系统版本 | 英文版],DLC-ADDCONTDLCD00060,P3DP5D - Picaresque Mouse Set,USA
psvdlc,PCSE01275,Persona 5: Dancing in Starlight (3.61+!) [3.68],女神异闻录 5：舞动星夜 [需3.68及以上系统版本 | 英文版],DLC-ADDCONTDLCD00058,P3DP5D - Pursuing My True Self (OP ver.),USA
psvdlc,PCSE01275,Persona 5: Dancing in Starlight (3.61+!) [3.68],女神异闻录 5：舞动星夜 [需3.68及以上系统版本 | 英文版],DLC-ADDCONTDLCD00047,P3DP5D - Shadow World (OP ver.),USA
psvdlc,PCSE01275,Persona 5: Dancing in Starlight (3.61+!) [3.68],女神异闻录 5：舞动星夜 [需3.68及以上系统版本 | 英文版],DLC-ADDCONTDLCD00028,P3DP5D - Shinjiro Aragaki in Battle Hymn of the Soul,USA
psvdlc,PCSE01275,Persona 5: Dancing in Starlight (3.61+!) [3.68],女神异闻录 5：舞动星夜 [需3.68及以上系统版本 | 英文版],DLC-ADDCONTDLCD00027,P3DP5D - Sho Minazuki in Break Out Of... (ATLUS Kitajoh Remix),USA
psvdlc,PCSE01275,Persona 5: Dancing in Starlight (3.61+!) [3.68],女神异闻录 5：舞动星夜 [需3.68及以上系统版本 | 英文版],DLC-ADDCONTDLCD00035,P3DP5D - Soul Phrase (OP ver.),USA
psvdlc,PCSE01275,Persona 5: Dancing in Starlight (3.61+!) [3.68],女神异闻录 5：舞动星夜 [需3.68及以上系统版本 | 英文版],DLC-ADDCONTDLCD00024,P3DP5D - Tanaka's Amazing Commodities (ATLUS Kozuka Remix),USA
psvdlc,PCSE01275,Persona 5: Dancing in Starlight (3.61+!) [3.68],女神异闻录 5：舞动星夜 [需3.68及以上系统版本 | 英文版],DLC-ADDCONTDLCD00043,P3DP5D - The Snow Queen (ATLUS Tsuchiya Remix),USA
psvdlc,PCSE01275,Persona 5: Dancing in Starlight (3.61+!) [3.68],女神异闻录 5：舞动星夜 [需3.68及以上系统版本 | 英文版],DLC-ADDCONTDLCD00054,P3DP5D - The Whims of Fate (PSB2017),USA
psvdlc,PCSE01275,Persona 5: Dancing in Starlight (3.61+!) [3.68],女神异闻录 5：舞动星夜 [需3.68及以上系统版本 | 英文版],DLC-ADDCONTDLCD00025,P3DP5D - Theodore in A Way of Life -Deep inside my mind Remix-,USA
psvdlc,PCSE01275,Persona 5: Dancing in Starlight (3.61+!) [3.68],女神异闻录 5：舞动星夜 [需3.68及以上系统版本 | 英文版],DLC-ADDCONTDLCD00042,P3DP5D - unbreakable tie (OP ver.),USA
psvdlc,PCSE01275,Persona 5: Dancing in Starlight (3.61+!) [3.68],女神异闻录 5：舞动星夜 [需3.68及以上系统版本 | 英文版],DLC-ADDCONTDLCD00029,P3DP5D - Voice (ATLUS Tsuchiya Remix) Koromaru on a Walk,USA
psvdlc,PCSE01275,Persona 5: Dancing in Starlight (3.61+!) [3.68],女神异闻录 5：舞动星夜 [需3.68及以上系统版本 | 英文版],DLC-ADDCONTDLCD00052,"P3DP5D - Wake Up, Get Up, Get Out There (OP ver.)",USA
psvdlc,PCSE01275,Persona 5: Dancing in Starlight (3.61+!) [3.68],女神异闻录 5：舞动星夜 [需3.68及以上系统版本 | 英文版],DLC-ADDCONTDLCD00009,P5D - Atlus Selection Set,USA
psvdlc,PCSE01275,Persona 5: Dancing in Starlight (3.61+!) [3.68],女神异闻录 5：舞动星夜 [需3.68及以上系统版本 | 英文版],DLC-ADDCONTDLCD00012,P5D - Featherman Set,USA
psvdlc,PCSE01275,Persona 5: Dancing in Starlight (3.61+!) [3.68],女神异闻录 5：舞动星夜 [需3.68及以上系统版本 | 英文版],DLC-ADDCONTDLCD00016,P5D - Futaba's Shujin Academy Uniform & Loungewear Set,USA
psvdlc,PCSE01275,Persona 5: Dancing in Starlight (3.61+!) [3.68],女神异闻录 5：舞动星夜 [需3.68及以上系统版本 | 英文版],DLC-ADDCONTDLCD00022,P5D - Gouto-Douji Costume,USA
psvdlc,PCSE01275,Persona 5: Dancing in Starlight (3.61+!) [3.68],女神异闻录 5：舞动星夜 [需3.68及以上系统版本 | 英文版],DLC-ADDCONTDLCD00018,P5D - Heeho's School Uniform,USA
psvdlc,PCSE01275,Persona 5: Dancing in Starlight (3.61+!) [3.68],女神异闻录 5：舞动星夜 [需3.68及以上系统版本 | 英文版],DLC-ADDCONTDLCD00015,P5D - Original Crossdressing Set,USA
psvdlc,PCSE01275,Persona 5: Dancing in Starlight (3.61+!) [3.68],女神异闻录 5：舞动星夜 [需3.68及以上系统版本 | 英文版],DLC-ADDCONTDLCD00017,P5D - Protagonist's Life in the Attic Set,USA
psvdlc,PCSE01275,Persona 5: Dancing in Starlight (3.61+!) [3.68],女神异闻录 5：舞动星夜 [需3.68及以上系统版本 | 英文版],DLC-ADDCONTDLCD00013,P5D - Race Queen Set,USA
psvdlc,PCSE01275,Persona 5: Dancing in Starlight (3.61+!) [3.68],女神异闻录 5：舞动星夜 [需3.68及以上系统版本 | 英文版],DLC-ADDCONTDLCD00019,P5D - Sonic Suit,USA
psvdlc,PCSE01275,Persona 5: Dancing in Starlight (3.61+!) [3.68],女神异闻录 5：舞动星夜 [需3.68及以上系统版本 | 英文版],DLC-ADDCONTDLCD00021,P5D - Trish Costume (Persona 2 ver.),USA
psvdlc,PCSE01275,Persona 5: Dancing in Starlight (3.61+!) [3.68],女神异闻录 5：舞动星夜 [需3.68及以上系统版本 | 英文版],DLC-ADDCONTDLCD00020,P5D - Trish Costume (Persona ver.),USA
psvdlc,PCSE01275,Persona 5: Dancing in Starlight (3.61+!) [3.68],女神异闻录 5：舞动星夜 [需3.68及以上系统版本 | 英文版],DLC-ADDCONTDLCD00014,P5D - WEGO Collab Set,USA
psvdlc,PCSE01275,Persona 5: Dancing in Starlight (3.61+!) [3.68],女神异闻录 5：舞动星夜 [需3.68及以上系统版本 | 英文版],DLC-ADDCONTDLCD00011,P5D - Yakuza Set,USA
psvdlc,PCSE01279,Death Mark (3.61+!) [3.68],死印 [需3.68及以上系统版本 | 英文版],DLC-EXPHORRORDLC0001,Additional Death Mark Episode - Chapter 6 - Red Riding Hood,USA
psvdlc,PCSF00001,Uncharted: Golden Abyss (ENG-POR-POL-RUS-SPA),神秘海域：黄金深渊 [英文版],DLC-UGAMAPPACKSDLC01,Uncharted - Golden AbyssTM Treasure Maps,EUR
psvdlc,PCSF00006,Everybody's Golf,大众高尔夫 6 [英文版],DLC-5555000107011400,Erika,EUR
psvdlc,PCSF00006,Everybody's Golf,大众高尔夫 6 [英文版],DLC-5555000107011300,Gloria,EUR
psvdlc,PCSF00006,Everybody's Golf,大众高尔夫 6 [英文版],DLC-5555000108011500,Kat,EUR
psvdlc,PCSF00006,Everybody's Golf,大众高尔夫 6 [英文版],DLC-5555000107000008,Mar Cielo,EUR
psvdlc,PCSF00006,Everybody's Golf,大众高尔夫 6 [英文版],DLC-5555000107000007,Mt. Sakura,EUR
psvdlc,PCSF00006,Everybody's Golf,大众高尔夫 6 [英文版],DLC-5555000108000009,Northern Fox,EUR
psvdlc,PCSF00007,WipEout 2048,反重力赛车 2048 [英文版],DLC-DLC1W2048PACKAGE,WipEout® 2048 DLC 1,EUR
psvdlc,PCSF00007,WipEout 2048,反重力赛车 2048 [英文版],DLC-DLC2W2048PACKAGE,WipEout® 2048 DLC 2,EUR
psvdlc,PCSF00007,WipEout 2048,反重力赛车 2048 [英文版],DLC-W2048NETWORKPASS,WipEout® 2048,EUR
psvdlc,PCSF00010,Hustle Kings,台球王 [英文版],DLC-UHUSTLEKINDLC001,Hustle KingsTM,EUR
psvdlc,PCSF00010,Hustle Kings,台球王 [英文版],DLC-UHUSTLEKINDLC002,Hustle KingsTM,EUR
psvdlc,PCSF00012,Uncharted: Golden Abyss (ENG-DEU-FRA-ITA-DUT),神秘海域：黄金深渊 [英文版],DLC-UGAMAPPACKSDLC01,Uncharted - Golden AbyssTM Treasure Maps,EUR
psvdlc,PCSF00019,Super Stardust Delta,超级星尘 三角洲 [英文版],DLC-SSDELTA000000DLC,Super Stardust Delta DLC,EUR
psvdlc,PCSF00021,LittleBigPlanet PlayStation Vita,小小大星球 PlayStation Vita [英文版],DLC-LBPDLCDSTSCO0001,Alien Costume,EUR
psvdlc,PCSF00021,LittleBigPlanet PlayStation Vita,小小大星球 PlayStation Vita [英文版],DLC-LBPDLCORIGLK0008,Autumn Creator Kit,EUR
psvdlc,PCSF00021,LittleBigPlanet PlayStation Vita,小小大星球 PlayStation Vita [英文版],DLC-LBPDLCMARVVP0002,Avengers - Ultimate Escape,EUR
psvdlc,PCSF00021,LittleBigPlanet PlayStation Vita,小小大星球 PlayStation Vita [英文版],DLC-LBPDLCRARECO0003,Beta Test Vest,EUR
psvdlc,PCSF00021,LittleBigPlanet PlayStation Vita,小小大星球 PlayStation Vita [英文版],DLC-LBPDLCORIGCO0025,Birthday Cake Costume,EUR
psvdlc,PCSF00021,LittleBigPlanet PlayStation Vita,小小大星球 PlayStation Vita [英文版],DLC-LBPDLCWBDCCO0005,Brainiac Costume,EUR
psvdlc,PCSF00021,LittleBigPlanet PlayStation Vita,小小大星球 PlayStation Vita [英文版],DLC-LBPDLCDSPCLK0001,Cannibal Costume,EUR
psvdlc,PCSF00021,LittleBigPlanet PlayStation Vita,小小大星球 PlayStation Vita [英文版],DLC-LBPDLCORIGCO0010,Chinese New Year Costumes,EUR
psvdlc,PCSF00021,LittleBigPlanet PlayStation Vita,小小大星球 PlayStation Vita [英文版],DLC-LBPDLCDSTRCO0001,Clu Costume,EUR
psvdlc,PCSF00021,LittleBigPlanet PlayStation Vita,小小大星球 PlayStation Vita [英文版],DLC-LBPDLCWBDCLK0001,DC ComicsTM Premium Level Pack,EUR
psvdlc,PCSF00021,LittleBigPlanet PlayStation Vita,小小大星球 PlayStation Vita [英文版],DLC-LBPDLCORIGCK0005,Even More Animals Costume Pack,EUR
psvdlc,PCSF00021,LittleBigPlanet PlayStation Vita,小小大星球 PlayStation Vita [英文版],DLC-LBPDLCORIGCO0089,Fancy Latte Costume,EUR
psvdlc,PCSF00021,LittleBigPlanet PlayStation Vita,小小大星球 PlayStation Vita [英文版],DLC-LBPDLCSQEXCK0001,Final Fantasy®VII Costume Pack,EUR
psvdlc,PCSF00021,LittleBigPlanet PlayStation Vita,小小大星球 PlayStation Vita [英文版],DLC-LBPDLCORIGCO0011,Groundhog Day Costume,EUR
psvdlc,PCSF00021,LittleBigPlanet PlayStation Vita,小小大星球 PlayStation Vita [英文版],DLC-LBPDLCORIGCO0002,Halloween Costume,EUR
psvdlc,PCSF00021,LittleBigPlanet PlayStation Vita,小小大星球 PlayStation Vita [英文版],DLC-LBPDLCMARVVP0001,Hero Rush,EUR
psvdlc,PCSF00021,LittleBigPlanet PlayStation Vita,小小大星球 PlayStation Vita [英文版],DLC-LBPDLCORIGCO0014,Hessian Sackboy Fragrances,EUR
psvdlc,PCSF00021,LittleBigPlanet PlayStation Vita,小小大星球 PlayStation Vita [英文版],DLC-LBPDLCORIGCO0091,Intern Costume,EUR
psvdlc,PCSF00021,LittleBigPlanet PlayStation Vita,小小大星球 PlayStation Vita [英文版],DLC-LBPDLCNDOGCK0001,Jax & DaxterTM Costume Pack,EUR
psvdlc,PCSF00021,LittleBigPlanet PlayStation Vita,小小大星球 PlayStation Vita [英文版],DLC-LBPDLCCOMPCO0004,Kabuki Actor Costume,EUR
psvdlc,PCSF00021,LittleBigPlanet PlayStation Vita,小小大星球 PlayStation Vita [英文版],DLC-LBPDLCSONYCO0043,LemmingsTM Minipack,EUR
psvdlc,PCSF00021,LittleBigPlanet PlayStation Vita,小小大星球 PlayStation Vita [英文版],DLC-LBPDLCRARECO0009,LittleBigPlanetTM PlayStation®Vita Launch Rare T-Shirt,EUR
psvdlc,PCSF00021,LittleBigPlanet PlayStation Vita,小小大星球 PlayStation Vita [英文版],DLC-LBPDLCWBDCLK0002,LittleBigPlanetTM PS Vita - DC ComicsTM Premium Level Pack,EUR
psvdlc,PCSF00021,LittleBigPlanet PlayStation Vita,小小大星球 PlayStation Vita [英文版],DLC-LBPVNETPASSK0001,LittleBigPlanetTM PS Vita Network Pass,EUR
psvdlc,PCSF00021,LittleBigPlanet PlayStation Vita,小小大星球 PlayStation Vita [英文版],DLC-LBPDLCRARECO0008,LittleBigPlanetTM2 Launch Rare T-Shirt,EUR
psvdlc,PCSF00021,LittleBigPlanet PlayStation Vita,小小大星球 PlayStation Vita [英文版],DLC-LBPDLCORIGCK0018,LittleBigPlanetTM3 Character T-Shirt Pack,EUR
psvdlc,PCSF00021,LittleBigPlanet PlayStation Vita,小小大星球 PlayStation Vita [英文版],DLC-LBPDLCORIGCO0044,Mariachi Costume (For Cinco de Mayo),EUR
psvdlc,PCSF00021,LittleBigPlanet PlayStation Vita,小小大星球 PlayStation Vita [英文版],DLC-LBPDLCMARVCK0001,MarvelTM Costume Pack 1,EUR
psvdlc,PCSF00021,LittleBigPlanet PlayStation Vita,小小大星球 PlayStation Vita [英文版],DLC-LBPDLCMARVCK0002,MarvelTM Costume Pack 2,EUR
psvdlc,PCSF00021,LittleBigPlanet PlayStation Vita,小小大星球 PlayStation Vita [英文版],DLC-LBPDLCMARVCK0003,MarvelTM Costume Pack 3,EUR
psvdlc,PCSF00021,LittleBigPlanet PlayStation Vita,小小大星球 PlayStation Vita [英文版],DLC-LBPDLCMARVCK0004,MarvelTM Costume Pack 4,EUR
psvdlc,PCSF00021,LittleBigPlanet PlayStation Vita,小小大星球 PlayStation Vita [英文版],DLC-LBPDLCMARVCK0005,MarvelTM Heroes Costume Pack 5,EUR
psvdlc,PCSF00021,LittleBigPlanet PlayStation Vita,小小大星球 PlayStation Vita [英文版],DLC-LBPDLCMARVCK0006,MarvelTM Heroes Costume Pack 6,EUR
psvdlc,PCSF00021,LittleBigPlanet PlayStation Vita,小小大星球 PlayStation Vita [英文版],DLC-LBPDLCKMGSLK0001,METAL GEAR SOLID® Gurlukovich Soldier Costume,EUR
psvdlc,PCSF00021,LittleBigPlanet PlayStation Vita,小小大星球 PlayStation Vita [英文版],DLC-LBPDLCORIGCO0013,Monkey King Costume,EUR
psvdlc,PCSF00021,LittleBigPlanet PlayStation Vita,小小大星球 PlayStation Vita [英文版],DLC-LBPDLCORIGCO0051,New Year Fireworks Costume,EUR
psvdlc,PCSF00021,LittleBigPlanet PlayStation Vita,小小大星球 PlayStation Vita [英文版],DLC-LBPDLCORIGCO0045,Perseids Costume,EUR
psvdlc,PCSF00021,LittleBigPlanet PlayStation Vita,小小大星球 PlayStation Vita [英文版],DLC-LBPDLCSONYMP0004,Rag Doll Kung FuTM - Fists of Plastic Pack,EUR
psvdlc,PCSF00021,LittleBigPlanet PlayStation Vita,小小大星球 PlayStation Vita [英文版],DLC-LBPDLCINSOCK0001,Ratchet & Clank® Costume Pack,EUR
psvdlc,PCSF00021,LittleBigPlanet PlayStation Vita,小小大星球 PlayStation Vita [英文版],DLC-LBPDLCORIGCO0090,Red Cat Costume,EUR
psvdlc,PCSF00021,LittleBigPlanet PlayStation Vita,小小大星球 PlayStation Vita [英文版],DLC-LBPDLCDSMUCO0015,Rowlf Costume,EUR
psvdlc,PCSF00021,LittleBigPlanet PlayStation Vita,小小大星球 PlayStation Vita [英文版],DLC-LBPDLCORIGCO0111,RSBR Launch Shirt,EUR
psvdlc,PCSF00021,LittleBigPlanet PlayStation Vita,小小大星球 PlayStation Vita [英文版],DLC-LBPDLCMARVVP0003,S.H.I.E.L.D. - Interceptor,EUR
psvdlc,PCSF00021,LittleBigPlanet PlayStation Vita,小小大星球 PlayStation Vita [英文版],DLC-LBPDLCCOMPCO0003,Sack in the Box Costume,EUR
psvdlc,PCSF00021,LittleBigPlanet PlayStation Vita,小小大星球 PlayStation Vita [英文版],DLC-LBPDLCCOMPCO0001,Sack-Eating Plant Costume,EUR
psvdlc,PCSF00021,LittleBigPlanet PlayStation Vita,小小大星球 PlayStation Vita [英文版],DLC-LBPDLCORIGCO0020,Sacktue of Liberty Costume,EUR
psvdlc,PCSF00021,LittleBigPlanet PlayStation Vita,小小大星球 PlayStation Vita [英文版],DLC-LBPDLCORIGCO0012,Saint Patrick's Day Costume,EUR
psvdlc,PCSF00021,LittleBigPlanet PlayStation Vita,小小大星球 PlayStation Vita [英文版],DLC-LBPDLCORIGCO0008,Santa Boots and Trousers Costume,EUR
psvdlc,PCSF00021,LittleBigPlanet PlayStation Vita,小小大星球 PlayStation Vita [英文版],DLC-LBPDLCORIGCO0009,Santa Hat and Beard Costume,EUR
psvdlc,PCSF00021,LittleBigPlanet PlayStation Vita,小小大星球 PlayStation Vita [英文版],DLC-LBPDLCORIGCO0019,Solstice Costume,EUR
psvdlc,PCSF00021,LittleBigPlanet PlayStation Vita,小小大星球 PlayStation Vita [英文版],DLC-LBPDLCORIGCO0001,Spacesuit Costume,EUR
psvdlc,PCSF00021,LittleBigPlanet PlayStation Vita,小小大星球 PlayStation Vita [英文版],DLC-LBPDLCORIGLK0006,Spring Creator Kit,EUR
psvdlc,PCSF00021,LittleBigPlanet PlayStation Vita,小小大星球 PlayStation Vita [英文版],DLC-LBPDLCCPSFCO0001,Street FighterTM Ryu Costume,EUR
psvdlc,PCSF00021,LittleBigPlanet PlayStation Vita,小小大星球 PlayStation Vita [英文版],DLC-LBPDLCORIGLK0007,Summer Creator Kit,EUR
psvdlc,PCSF00021,LittleBigPlanet PlayStation Vita,小小大星球 PlayStation Vita [英文版],DLC-LBPDLCSONYCP0001,TearawayTM Competition Pack,EUR
psvdlc,PCSF00021,LittleBigPlanet PlayStation Vita,小小大星球 PlayStation Vita [英文版],DLC-LBPDLCSONYMP0010,TearawayTM Minipack,EUR
psvdlc,PCSF00021,LittleBigPlanet PlayStation Vita,小小大星球 PlayStation Vita [英文版],DLC-LBPDLCORIGCO0007,Thanksgiving Costume,EUR
psvdlc,PCSF00021,LittleBigPlanet PlayStation Vita,小小大星球 PlayStation Vita [英文版],DLC-LBPDLCDSMUCO0001,The Great Gonzo Costume,EUR
psvdlc,PCSF00021,LittleBigPlanet PlayStation Vita,小小大星球 PlayStation Vita [英文版],DLC-LBPDLCMOVELK0001,The LittleBigPlanetTM2 - Move Pack,EUR
psvdlc,PCSF00021,LittleBigPlanet PlayStation Vita,小小大星球 PlayStation Vita [英文版],DLC-LBPDLCMARVCO0002,Thing Costume,EUR
psvdlc,PCSF00021,LittleBigPlanet PlayStation Vita,小小大星球 PlayStation Vita [英文版],DLC-LBPDLCORIGLK0009,Winter Creator Kit,EUR
psvdlc,PCSF00021,LittleBigPlanet PlayStation Vita,小小大星球 PlayStation Vita [英文版],DLC-LBPDLCORIGCO0046,World Peace Day Costume,EUR
psvdlc,PCSF00022,Reality Fighters,真实格斗 [英文版],DLC-10FREEWEAPONSDLC,Extra weapons pack,EUR
psvdlc,PCSF00022,Reality Fighters,真实格斗 [英文版],DLC-REALFIGHTNETPASS,Reality FightersTM Network Pass,EUR
psvdlc,PCSF00023,Escape Plan,逃脱计划 [英文版],DLC-ESCAPEPLANDLC004,Escape PlanTM - Director's Cut,EUR
psvdlc,PCSF00023,Escape Plan,逃脱计划 [英文版],DLC-ESCAPEPLANDLC002,Escape PlanTM - The Asylum,EUR
psvdlc,PCSF00023,Escape Plan,逃脱计划 [英文版],DLC-ESCAPEPLANDLC003,Escape PlanTM - The Underground,EUR
psvdlc,PCSF00024,Gravity Rush,重力眩晕 [英文版],DLC-PDEUAC00MAIDPACK,GRAVITY RUSHTM Maid Pack,EUR
psvdlc,PCSF00024,Gravity Rush,重力眩晕 [英文版],DLC-PDEUAC00ARMYPACK,GRAVITY RUSHTM Special Forces Pack,EUR
psvdlc,PCSF00024,Gravity Rush,重力眩晕 [英文版],DLC-PDEUAC000SPYPACK,GRAVITY RUSHTM Spy Pack,EUR
psvdlc,PCSF00043,Frobisher Says!,佛罗比舍如是说 [英文版],DLC-FROBISHERSDRM002,Frobisher's Mega Fun Pack,EUR
psvdlc,PCSF00043,Frobisher Says!,佛罗比舍如是说 [英文版],DLC-FROBISHERSDRM001,Frobisher's Super Fun Pack,EUR
psvdlc,PCSF00046,MotorStorm RC,机车风暴 RC [英文版],DLC-MSRCFESTIVAL0001,MSRCFESTIVAL0001,EUR
psvdlc,PCSF00046,MotorStorm RC,机车风暴 RC [英文版],DLC-MSRCFESTIVAL0002,MSRCFESTIVAL0002,EUR
psvdlc,PCSF00046,MotorStorm RC,机车风暴 RC [英文版],DLC-MSRCFREEDLCPAK01,MSRCFREEDLCPAK01,EUR
psvdlc,PCSF00046,MotorStorm RC,机车风暴 RC [英文版],DLC-MSRCFREEDLCPAK02,MSRCFREEDLCPAK02,EUR
psvdlc,PCSF00046,MotorStorm RC,机车风暴 RC [英文版],DLC-MSRCFREEDLCPAK03,MSRCFREEDLCPAK03,EUR
psvdlc,PCSF00046,MotorStorm RC,机车风暴 RC [英文版],DLC-MSRCFREEDLCPAK04,MSRCFREEDLCPAK04,EUR
psvdlc,PCSF00046,MotorStorm RC,机车风暴 RC [英文版],DLC-MSRCFREEDLCPAK05,MSRCFREEDLCPAK05,EUR
psvdlc,PCSF00046,MotorStorm RC,机车风暴 RC [英文版],DLC-MSRCFREEDLCPAK06,MSRCFREEDLCPAK06,EUR
psvdlc,PCSF00046,MotorStorm RC,机车风暴 RC [英文版],DLC-MSRCFREEDLCPAK07,MSRCFREEDLCPAK07,EUR
psvdlc,PCSF00046,MotorStorm RC,机车风暴 RC [英文版],DLC-MSRCFREEDLCPAK08,MSRCFREEDLCPAK08,EUR
psvdlc,PCSF00046,MotorStorm RC,机车风暴 RC [英文版],DLC-MSRCPAIDDLCPAK01,MSRCPAIDDLCPAK01,EUR
psvdlc,PCSF00046,MotorStorm RC,机车风暴 RC [英文版],DLC-MSRCPAIDDLCPAK02,MSRCPAIDDLCPAK02,EUR
psvdlc,PCSF00046,MotorStorm RC,机车风暴 RC [英文版],DLC-MSRCPAIDDLCPAK03,MSRCPAIDDLCPAK03,EUR
psvdlc,PCSF00046,MotorStorm RC,机车风暴 RC [英文版],DLC-MSRCPAIDDLCPAK04,MSRCPAIDDLCPAK04,EUR
psvdlc,PCSF00046,MotorStorm RC,机车风暴 RC [英文版],DLC-MSRCPAIDDLCPAK05,MSRCPAIDDLCPAK05,EUR
psvdlc,PCSF00046,MotorStorm RC,机车风暴 RC [英文版],DLC-MSRCPAIDDLCPAK06,MSRCPAIDDLCPAK06,EUR
psvdlc,PCSF00046,MotorStorm RC,机车风暴 RC [英文版],DLC-MSRCPAIDDLCPAK07,MSRCPAIDDLCPAK07,EUR
psvdlc,PCSF00046,MotorStorm RC,机车风暴 RC [英文版],DLC-MSRCPAIDDLCPAK08,MSRCPAIDDLCPAK08,EUR
psvdlc,PCSF00046,MotorStorm RC,机车风暴 RC [英文版],DLC-MSRCPAIDDLCPAK09,MSRCPAIDDLCPAK09,EUR
psvdlc,PCSF00046,MotorStorm RC,机车风暴 RC [英文版],DLC-MSRCPAIDDLCPAK10,MSRCPAIDDLCPAK10,EUR
psvdlc,PCSF00046,MotorStorm RC,机车风暴 RC [英文版],DLC-MSRCPAIDDLCPAK11,MSRCPAIDDLCPAK11,EUR
psvdlc,PCSF00046,MotorStorm RC,机车风暴 RC [英文版],DLC-MSRCPAIDDLCPAK12,MSRCPAIDDLCPAK12,EUR
psvdlc,PCSF00046,MotorStorm RC,机车风暴 RC [英文版],DLC-MSRCPAIDDLCPAK13,MSRCPAIDDLCPAK13,EUR
psvdlc,PCSF00046,MotorStorm RC,机车风暴 RC [英文版],DLC-MSRCPAIDDLCPAK14,MSRCPAIDDLCPAK14,EUR
psvdlc,PCSF00046,MotorStorm RC,机车风暴 RC [英文版],DLC-MSRCPAIDDLCPAK15,MSRCPAIDDLCPAK15,EUR
psvdlc,PCSF00046,MotorStorm RC,机车风暴 RC [英文版],DLC-MSRCPAIDDLCPAK16,MSRCPAIDDLCPAK16,EUR
psvdlc,PCSF00046,MotorStorm RC,机车风暴 RC [英文版],DLC-MSRCPAIDDLCPAK17,MSRCPAIDDLCPAK17,EUR
psvdlc,PCSF00046,MotorStorm RC,机车风暴 RC [英文版],DLC-MSRCPAIDDLCPAK18,MSRCPAIDDLCPAK18,EUR
psvdlc,PCSF00046,MotorStorm RC,机车风暴 RC [英文版],DLC-MSRCPAIDDLCPAK19,MSRCPAIDDLCPAK19,EUR
psvdlc,PCSF00046,MotorStorm RC,机车风暴 RC [英文版],DLC-MSRCPAIDDLCPAK20,MSRCPAIDDLCPAK20,EUR
psvdlc,PCSF00046,MotorStorm RC,机车风暴 RC [英文版],DLC-MSRCPAIDDLCPAK21,MSRCPAIDDLCPAK21,EUR
psvdlc,PCSF00046,MotorStorm RC,机车风暴 RC [英文版],DLC-MSRCPAIDDLCPAK22,MSRCPAIDDLCPAK22,EUR
psvdlc,PCSF00046,MotorStorm RC,机车风暴 RC [英文版],DLC-MSRCPAIDDLCPAK23,MSRCPAIDDLCPAK23,EUR
psvdlc,PCSF00046,MotorStorm RC,机车风暴 RC [英文版],DLC-MSRCPAIDDLCPAK24,MSRCPAIDDLCPAK24,EUR
psvdlc,PCSF00046,MotorStorm RC,机车风暴 RC [英文版],DLC-MSRCPAIDDLCPAK25,MSRCPAIDDLCPAK25,EUR
psvdlc,PCSF00046,MotorStorm RC,机车风暴 RC [英文版],DLC-MSRCPAIDDLCPAK27,MSRCPAIDDLCPAK27,EUR
psvdlc,PCSF00046,MotorStorm RC,机车风暴 RC [英文版],DLC-MSRCPAIDDLCPAK28,MSRCPAIDDLCPAK28,EUR
psvdlc,PCSF00046,MotorStorm RC,机车风暴 RC [英文版],DLC-MSRCPAIDDLCPAK29,MSRCPAIDDLCPAK29,EUR
psvdlc,PCSF00046,MotorStorm RC,机车风暴 RC [英文版],DLC-MSRCPAIDDLCPAK30,MSRCPAIDDLCPAK30,EUR
psvdlc,PCSF00046,MotorStorm RC,机车风暴 RC [英文版],DLC-MSRCPAIDDLCPAK31,MSRCPAIDDLCPAK31,EUR
psvdlc,PCSF00046,MotorStorm RC,机车风暴 RC [英文版],DLC-MSRCPAIDDLCPAK32,MSRCPAIDDLCPAK32,EUR
psvdlc,PCSF00046,MotorStorm RC,机车风暴 RC [英文版],DLC-MSRCPAIDDLCPAK33,MSRCPAIDDLCPAK33,EUR
psvdlc,PCSF00046,MotorStorm RC,机车风暴 RC [英文版],DLC-MSRCPAIDDLCPAK34,MSRCPAIDDLCPAK34,EUR
psvdlc,PCSF00046,MotorStorm RC,机车风暴 RC [英文版],DLC-MSRCPAIDDLCPAK35,MSRCPAIDDLCPAK35,EUR
psvdlc,PCSF00046,MotorStorm RC,机车风暴 RC [英文版],DLC-MSRCPAIDDLCPAK36,MSRCPAIDDLCPAK36,EUR
psvdlc,PCSF00046,MotorStorm RC,机车风暴 RC [英文版],DLC-MSRCPAIDDLCPAK39,MSRCPAIDDLCPAK39,EUR
psvdlc,PCSF00046,MotorStorm RC,机车风暴 RC [英文版],DLC-MSRCPAIDDLCPAK40,MSRCPAIDDLCPAK40,EUR
psvdlc,PCSF00046,MotorStorm RC,机车风暴 RC [英文版],DLC-MSRCPAIDDLCPAK41,MSRCPAIDDLCPAK41,EUR
psvdlc,PCSF00076,Sound Shapes,声与形 [英文版],DLC-DLCPACK080000000,Brass Sound Pack,EUR
psvdlc,PCSF00076,Sound Shapes,声与形 [英文版],DLC-DLCPACK120000000,City Art Pack,EUR
psvdlc,PCSF00076,Sound Shapes,声与形 [英文版],DLC-DLCPACK130000000,Future Funk 3000 Sound Pack,EUR
psvdlc,PCSF00076,Sound Shapes,声与形 [英文版],DLC-DLCPACK150000000,Hohokum Art Pack,EUR
psvdlc,PCSF00076,Sound Shapes,声与形 [英文版],DLC-DLCPACK140000000,Lizzywanders Art Pack,EUR
psvdlc,PCSF00076,Sound Shapes,声与形 [英文版],DLC-DLCPACK090000000,Nature Pack,EUR
psvdlc,PCSF00076,Sound Shapes,声与形 [英文版],DLC-DLCPACK100000000,Old School Sound Pack,EUR
psvdlc,PCSF00076,Sound Shapes,声与形 [英文版],DLC-DLCPACK010000000,Sound ShapesTM,EUR
psvdlc,PCSF00076,Sound Shapes,声与形 [英文版],DLC-DLCPACK020000000,Sound ShapesTM,EUR
psvdlc,PCSF00076,Sound Shapes,声与形 [英文版],DLC-DLCPACK030000000,Sound ShapesTM,EUR
psvdlc,PCSF00076,Sound Shapes,声与形 [英文版],DLC-DLCPACK040000000,Sound ShapesTM,EUR
psvdlc,PCSF00076,Sound Shapes,声与形 [英文版],DLC-DLCPACK050000000,Sound ShapesTM,EUR
psvdlc,PCSF00076,Sound Shapes,声与形 [英文版],DLC-DLCPACK060000000,Sound ShapesTM,EUR
psvdlc,PCSF00076,Sound Shapes,声与形 [英文版],DLC-DLCPACK070000000,Sound ShapesTM,EUR
psvdlc,PCSF00076,Sound Shapes,声与形 [英文版],DLC-DLCPACK110000000,Vocoder Sound Pack,EUR
psvdlc,PCSF00088,PlayStation Vita Pets (ENG-FRE-GER-ITA),PlayStation®Vita宠物 [英文版],DLC-PCLOWN0000001865,PlayStation®Vita Pets Clown Outfit,EUR
psvdlc,PCSF00088,PlayStation Vita Pets (ENG-FRE-GER-ITA),PlayStation®Vita宠物 [英文版],DLC-PCOWBOY000001866,PlayStation®Vita Pets Cowboy Outfit,EUR
psvdlc,PCSF00088,PlayStation Vita Pets (ENG-FRE-GER-ITA),PlayStation®Vita宠物 [英文版],DLC-PDETECTIVE001868,PlayStation®Vita Pets Detective Outfit,EUR
psvdlc,PCSF00088,PlayStation Vita Pets (ENG-FRE-GER-ITA),PlayStation®Vita宠物 [英文版],DLC-PEGYPTIAN0001877,PlayStation®Vita Pets Egyptian Outfit,EUR
psvdlc,PCSF00088,PlayStation Vita Pets (ENG-FRE-GER-ITA),PlayStation®Vita宠物 [英文版],DLC-PFAIRY0000001867,PlayStation®Vita Pets Fairy Outfit,EUR
psvdlc,PCSF00088,PlayStation Vita Pets (ENG-FRE-GER-ITA),PlayStation®Vita宠物 [英文版],DLC-PFROG00000001875,PlayStation®Vita Pets Frog Outfit,EUR
psvdlc,PCSF00088,PlayStation Vita Pets (ENG-FRE-GER-ITA),PlayStation®Vita宠物 [英文版],DLC-PHOTDOG000001869,PlayStation®Vita Pets Hotdog Outfit,EUR
psvdlc,PCSF00088,PlayStation Vita Pets (ENG-FRE-GER-ITA),PlayStation®Vita宠物 [英文版],DLC-PLION00000001873,PlayStation®Vita Pets Lion Outfit,EUR
psvdlc,PCSF00088,PlayStation Vita Pets (ENG-FRE-GER-ITA),PlayStation®Vita宠物 [英文版],DLC-PNATIVE000001878,PlayStation®Vita Pets Native American Outfit,EUR
psvdlc,PCSF00088,PlayStation Vita Pets (ENG-FRE-GER-ITA),PlayStation®Vita宠物 [英文版],DLC-PPRINCESS0001872,PlayStation®Vita Pets Princess Outfit,EUR
psvdlc,PCSF00088,PlayStation Vita Pets (ENG-FRE-GER-ITA),PlayStation®Vita宠物 [英文版],DLC-PSCHOOL000001879,PlayStation®Vita Pets School Outfit,EUR
psvdlc,PCSF00088,PlayStation Vita Pets (ENG-FRE-GER-ITA),PlayStation®Vita宠物 [英文版],DLC-PSUMMER000001870,PlayStation®Vita Pets Summer Outfit,EUR
psvdlc,PCSF00088,PlayStation Vita Pets (ENG-FRE-GER-ITA),PlayStation®Vita宠物 [英文版],DLC-PSUNFLOWER001871,PlayStation®Vita Pets Sunflower Outfit,EUR
psvdlc,PCSF00088,PlayStation Vita Pets (ENG-FRE-GER-ITA),PlayStation®Vita宠物 [英文版],DLC-PVAMPIRE00001876,PlayStation®Vita Pets Vampire Outfit,EUR
psvdlc,PCSF00088,PlayStation Vita Pets (ENG-FRE-GER-ITA),PlayStation®Vita宠物 [英文版],DLC-PVIKING000001874,PlayStation®Vita Pets Viking Outfit,EUR
psvdlc,PCSF00153,PlayStation All-Stars Battle Royale (DEU-POL-RUS - Another?),索尼全明星大乱斗 [英文版],DLC-PSASBRONLINEPASS,Online Pass,EUR
psvdlc,PCSF00153,PlayStation All-Stars Battle Royale (DEU-POL-RUS - Another?),索尼全明星大乱斗 [英文版],DLC-COSTUMEBIGDADDY3,PlayStation® All-Stars Battle Royale (Big Daddy Costume 3),EUR
psvdlc,PCSF00153,PlayStation All-Stars Battle Royale (DEU-POL-RUS - Another?),索尼全明星大乱斗 [英文版],DLC-COSTUME000DANTE3,PlayStation® All-Stars Battle Royale (Dante Costume 3),EUR
psvdlc,PCSF00153,PlayStation All-Stars Battle Royale (DEU-POL-RUS - Another?),索尼全明星大乱斗 [英文版],DLC-CHAR000000EMMETT,PlayStation® All-Stars Battle Royale (Emmett Character),EUR
psvdlc,PCSF00153,PlayStation All-Stars Battle Royale (DEU-POL-RUS - Another?),索尼全明星大乱斗 [英文版],DLC-LEVEL000HEAVENLY,PlayStation® All-Stars Battle Royale (Heavenly Sword Level),EUR
psvdlc,PCSF00153,PlayStation All-Stars Battle Royale (DEU-POL-RUS - Another?),索尼全明星大乱斗 [英文版],DLC-COSTUMEHEIHACHI3,PlayStation® All-Stars Battle Royale (Heihachi Costume 3),EUR
psvdlc,PCSF00153,PlayStation All-Stars Battle Royale (DEU-POL-RUS - Another?),索尼全明星大乱斗 [英文版],DLC-CHAR0000000ISAAC,PlayStation® All-Stars Battle Royale (Isaac Character),EUR
psvdlc,PCSF00153,PlayStation All-Stars Battle Royale (DEU-POL-RUS - Another?),索尼全明星大乱斗 [英文版],DLC-CHAR000000000KAT,PlayStation® All-Stars Battle Royale (Kat Character),EUR
psvdlc,PCSF00153,PlayStation All-Stars Battle Royale (DEU-POL-RUS - Another?),索尼全明星大乱斗 [英文版],DLC-COSTUME00RAIDEN3,PlayStation® All-Stars Battle Royale (Raiden Costume 3),EUR
psvdlc,PCSF00153,PlayStation All-Stars Battle Royale (DEU-POL-RUS - Another?),索尼全明星大乱斗 [英文版],DLC-CHAR00000000ZEUS,PlayStation® All-Stars Battle Royale (Zeus Character),EUR
psvdlc,PCSF00178,Soul Sacrifice,灵魂献祭 [英文版],DLC-SSS000FFN0000011,Additional Pact -  The Cobbler Triplets and the Old Master,EUR
psvdlc,PCSF00178,Soul Sacrifice,灵魂献祭 [英文版],DLC-SSS000FFN0000010,Additional Pact -  The Prince of Cats and the Lord of Flies,EUR
psvdlc,PCSF00178,Soul Sacrifice,灵魂献祭 [英文版],DLC-SSS000FFN0000013,Additional Pact - The Fall of the Gods,EUR
psvdlc,PCSF00178,Soul Sacrifice,灵魂献祭 [英文版],DLC-SSS000FFN0000009,Additional Pact - The Fallen Knight and the Scornful Gaze,EUR
psvdlc,PCSF00178,Soul Sacrifice,灵魂献祭 [英文版],DLC-SSS000FFN0000006,Additional Pact - The Headless Knight and the Starved Citizenry,EUR
psvdlc,PCSF00178,Soul Sacrifice,灵魂献祭 [英文版],DLC-SSS000FFN0000012,Additional Pact - The Iron Lady's Tears of Red,EUR
psvdlc,PCSF00178,Soul Sacrifice,灵魂献祭 [英文版],DLC-SSS000FFN0000007,Additional Pact - The Lushes and the Cook,EUR
psvdlc,PCSF00178,Soul Sacrifice,灵魂献祭 [英文版],DLC-SSS000FFN0000008,Additional Pact - The Revolutionary and the Sullied Maid's Shade,EUR
psvdlc,PCSF00178,Soul Sacrifice,灵魂献祭 [英文版],DLC-SSS000FZN0000017,Black Rite - Angelus,EUR
psvdlc,PCSF00178,Soul Sacrifice,灵魂献祭 [英文版],DLC-SSS000FZN0000016,Black Rite - Berserker,EUR
psvdlc,PCSF00178,Soul Sacrifice,灵魂献祭 [英文版],DLC-SSS000FZN0000020,Ragnarok Odyssey Ace Collaboration Costume - Ace of Souls,EUR
psvdlc,PCSF00178,Soul Sacrifice,灵魂献祭 [英文版],DLC-SSS000FZN0000018,TOUKIDEN Collaboration Costume - Mononofu,EUR
psvdlc,PCSF00191,Ratchet & Clank: QForce,瑞奇与叮当：全面进攻 [英文版],DLC-PKMINIBOSSES0000,Ratchet & Clank - QForce - Miniboss Pack,EUR
psvdlc,PCSF00214,Tearaway (DAN-DEU-DUT-ENG-FIN-FRA-ITA-NOR-POL-POR-RUS-SPA-SWE),撕纸小邮差™ [英文版],DLC-PREORDER0AMAZON0,The LittleBigPaper Pack,EUR
psvdlc,PCSF00220,Uncharted: Fight for Fortune,神秘海域：命运之战 [英文版],DLC-PACKU20000000000,Uncharted - Fight for FortuneTM - Among Thieves Expansion,EUR
psvdlc,PCSF00220,Uncharted: Fight for Fortune,神秘海域：命运之战 [英文版],DLC-PACKU30000000000,Uncharted - Fight for FortuneTM - Drake's Deception Expansion,EUR
psvdlc,PCSF00312,Open Me!,箱！Open Me [英文版],DLC-PACK01D130601V00,Pack 01,EUR
psvdlc,PCSF00312,Open Me!,箱！Open Me [英文版],DLC-PACK02D130601V00,Pack 02,EUR
psvdlc,PCSF00312,Open Me!,箱！Open Me [英文版],DLC-PACK03D130601V00,Pack 03,EUR
psvdlc,PCSF00312,Open Me!,箱！Open Me [英文版],DLC-PACK04D130601V00,Pack 04,EUR
psvdlc,PCSF00312,Open Me!,箱！Open Me [英文版],DLC-PACK05D130601V00,Pack 05,EUR
psvdlc,PCSF00312,Open Me!,箱！Open Me [英文版],DLC-PACK06D130601V00,Pack 06,EUR
psvdlc,PCSF00312,Open Me!,箱！Open Me [英文版],DLC-PACK07D130601V00,Pack 07,EUR
psvdlc,PCSF00312,Open Me!,箱！Open Me [英文版],DLC-PACK08D130601V00,Pack 08,EUR
psvdlc,PCSF00312,Open Me!,箱！Open Me [英文版],DLC-PACK09D130601V00,Pack 09,EUR
psvdlc,PCSF00312,Open Me!,箱！Open Me [英文版],DLC-PACK10D130601V00,Pack 10,EUR
psvdlc,PCSF00312,Open Me!,箱！Open Me [英文版],DLC-PACK11D130601V00,Pack 11,EUR
psvdlc,PCSF00312,Open Me!,箱！Open Me [英文版],DLC-PACK12D130601V00,Pack 12,EUR
psvdlc,PCSF00312,Open Me!,箱！Open Me [英文版],DLC-PACK13D130601V00,Pack 13,EUR
psvdlc,PCSF00379,Doki-Doki Universe,心跳宇宙 [英文版],DLC-DOKIDLCDEKOSASIA,Doki-Doki UniverseTM Asia Deko Mail Pack,EUR
psvdlc,PCSF00379,Doki-Doki Universe,心跳宇宙 [英文版],DLC-DOKIDLCDEKOSBDAY,Doki-Doki UniverseTM Celebration Deko Mail Pack,EUR
psvdlc,PCSF00379,Doki-Doki Universe,心跳宇宙 [英文版],DLC-DOKIDLCDEKOSCUTE,Doki-Doki UniverseTM Cute Deko Mail Pack,EUR
psvdlc,PCSF00379,Doki-Doki Universe,心跳宇宙 [英文版],DLC-DOKIDLCDEKOSDARK,Doki-Doki UniverseTM Dark Deko Mail Pack,EUR
psvdlc,PCSF00379,Doki-Doki Universe,心跳宇宙 [英文版],DLC-DOKIDLCPLANETS02,Doki-Doki UniverseTM Deep Space Story Pack,EUR
psvdlc,PCSF00379,Doki-Doki Universe,心跳宇宙 [英文版],DLC-DOKIDLCDEKOSFMLY,Doki-Doki UniverseTM Family Deko Mail Pack,EUR
psvdlc,PCSF00379,Doki-Doki Universe,心跳宇宙 [英文版],DLC-DOKIDLCPLANETS01,Doki-Doki UniverseTM Happy Time Story Pack,EUR
psvdlc,PCSF00379,Doki-Doki Universe,心跳宇宙 [英文版],DLC-DOKIDLCDEKOSLOVE,Doki-Doki UniverseTM Lovey Deko Mail Pack,EUR
psvdlc,PCSF00379,Doki-Doki Universe,心跳宇宙 [英文版],DLC-DOKIDLCDEKOSMEGA,Doki-Doki UniverseTM Mega Deko Mail Pack,EUR
psvdlc,PCSF00379,Doki-Doki Universe,心跳宇宙 [英文版],DLC-DOKIDLCQUIZPAK01,Doki-Doki UniverseTM Personality Quiz Pack 1,EUR
psvdlc,PCSF00379,Doki-Doki Universe,心跳宇宙 [英文版],DLC-DOKIDLCQUIZPAK02,Doki-Doki UniverseTM Personality Quiz Pack 2,EUR
psvdlc,PCSF00379,Doki-Doki Universe,心跳宇宙 [英文版],DLC-DOKIDLCDEKOSRBOT,Doki-Doki UniverseTM Robot Deko Mail Pack,EUR
psvdlc,PCSF00379,Doki-Doki Universe,心跳宇宙 [英文版],DLC-DOKIDLCDEKOSCRZY,Doki-Doki UniverseTM Whatever Deko Mail Pack,EUR
psvdlc,PCSF00427,Dead Nation,死亡国度 [英文版],DLC-DEADNATIONDLCRD1,Road Of Devastation,EUR
psvdlc,PCSF00440,flOw,flOw [英文版],DLC-FLOWPSVEXPPACK01,flOw Expansion,EUR
psvdlc,PCSF00446,Freedom Wars,自由战争 [英文版],DLC-E000100ITM00100A,Combat Item Pack A,EUR
psvdlc,PCSF00446,Freedom Wars,自由战争 [英文版],DLC-E000100ITM00200B,Combat Item Pack B,EUR
psvdlc,PCSF00446,Freedom Wars,自由战争 [英文版],DLC-E000100ITM00300C,Combat Item Pack C,EUR
psvdlc,PCSF00446,Freedom Wars,自由战争 [英文版],DLC-E000100ITM00400D,Combat Item Pack D,EUR
psvdlc,PCSF00446,Freedom Wars,自由战争 [英文版],DLC-E000100ITM00500E,Combat Item Pack E,EUR
psvdlc,PCSF00446,Freedom Wars,自由战争 [英文版],DLC-E000100ITM00600F,Combat Item Pack F,EUR
psvdlc,PCSF00446,Freedom Wars,自由战争 [英文版],DLC-E000100ITM00700G,Combat Item Pack G,EUR
psvdlc,PCSF00446,Freedom Wars,自由战争 [英文版],DLC-E000100ITM00800H,Combat Item Pack H,EUR
psvdlc,PCSF00446,Freedom Wars,自由战争 [英文版],DLC-E000100ITM00900I,Combat Item Pack I,EUR
psvdlc,PCSF00446,Freedom Wars,自由战争 [英文版],DLC-E000100PRM004SMP,Demo Download Bonus Pack,EUR
psvdlc,PCSF00446,Freedom Wars,自由战争 [英文版],DLC-E000100PRM016EYA,Eye Pack A,EUR
psvdlc,PCSF00446,Freedom Wars,自由战争 [英文版],DLC-E000100PRM018HAF,Female Hairstyle Pack A,EUR
psvdlc,PCSF00446,Freedom Wars,自由战争 [英文版],DLC-E000100PRM017HAM,Male Hairstyle Pack A,EUR
psvdlc,PCSF00501,The Hungry Horde,饥饿部落 [英文版],DLC-XMAS010000000000,Holiday Hijinx DLC,EUR
psvdlc,PCSF00531,No Heroes Allowed: No Puzzles Either!,勇者有点太嚣张 G [英文版],DLC-KONAMADRMBOX0001,Expanded Monster Quarters (1),EUR
psvdlc,PCSF00531,No Heroes Allowed: No Puzzles Either!,勇者有点太嚣张 G [英文版],DLC-KONAMADRMBOX0002,Expanded Monster Quarters (2),EUR
psvdlc,PCSF00531,No Heroes Allowed: No Puzzles Either!,勇者有点太嚣张 G [英文版],DLC-KONAMADRMBOX0003,Expanded Monster Quarters (3),EUR
psvdlc,PCSF00531,No Heroes Allowed: No Puzzles Either!,勇者有点太嚣张 G [英文版],DLC-KONAMADRMMINE001,Increased Enslavement Quota (1),EUR
psvdlc,PCSF00531,No Heroes Allowed: No Puzzles Either!,勇者有点太嚣张 G [英文版],DLC-KONAMADRMMINE002,Increased Enslavement Quota (2),EUR
psvdlc,PCSF00531,No Heroes Allowed: No Puzzles Either!,勇者有点太嚣张 G [英文版],DLC-KONAMADRMMINE003,Increased Enslavement Quota (3),EUR
psvdlc,PCSF00531,No Heroes Allowed: No Puzzles Either!,勇者有点太嚣张 G [英文版],DLC-KONAMADRMTICKET3,Pick (Bottomless),EUR
psvdlc,PCSF00532,Soul Sacrifice Delta,灵魂献祭 Delta [英文版],DLC-SSS000CVN0000001,Japanese Voice-over Pack,EUR
psvdlc,PCSF00570,Borderlands 2 (DEU-ENG-FRA),无主之地 2 [英文版],DLC-BORDERLANDSORCHD,Captain Scarlett and Her Pirate's Booty,EUR
psvdlc,PCSF00570,Borderlands 2 (DEU-ENG-FRA),无主之地 2 [英文版],DLC-BORDERLANDS2CEP0,Collector's Edition Pack,EUR
psvdlc,PCSF00570,Borderlands 2 (DEU-ENG-FRA),无主之地 2 [英文版],DLC-BORDERLANDPOPREM,Mechromancer Pack,EUR
psvdlc,PCSF00570,Borderlands 2 (DEU-ENG-FRA),无主之地 2 [英文版],DLC-BORDERLANDS2IRIS,Mr. Torgue's Campaign of Carnage,EUR
psvdlc,PCSF00570,Borderlands 2 (DEU-ENG-FRA),无主之地 2 [英文版],DLC-BORDERLANDS2LLAC,Psycho Pack,EUR
psvdlc,PCSF00570,Borderlands 2 (DEU-ENG-FRA),无主之地 2 [英文版],DLC-BORDERLANDS2GLAD,Ultimate Vault Hunter Upgrade Pack,EUR
psvdlc,PCSG00001,Ridge Racer,山脊赛车 [日文版],DLC-0000000000050023,CAR - AmiSP,JPN
psvdlc,PCSG00001,Ridge Racer,山脊赛车 [日文版],DLC-0000000000050020,CAR - AzusaSP,JPN
psvdlc,PCSG00001,Ridge Racer,山脊赛车 [日文版],DLC-0000000000050019,CAR - ChihayaSP,JPN
psvdlc,PCSG00001,Ridge Racer,山脊赛车 [日文版],DLC-0000000000050011,CAR - DIGNISTAR,JPN
psvdlc,PCSG00001,Ridge Racer,山脊赛车 [日文版],DLC-0000000000050015,CAR - DOCOMOSP,JPN
psvdlc,PCSG00001,Ridge Racer,山脊赛车 [日文版],DLC-0000000000050008,CAR - ELENIE,JPN
psvdlc,PCSG00001,Ridge Racer,山脊赛车 [日文版],DLC-0000000000050012,CAR - EVOLVER,JPN
psvdlc,PCSG00001,Ridge Racer,山脊赛车 [日文版],DLC-0000000000050009,CAR - FATALITA,JPN
psvdlc,PCSG00001,Ridge Racer,山脊赛车 [日文版],DLC-0000000000050017,CAR - HarukaSP,JPN
psvdlc,PCSG00001,Ridge Racer,山脊赛车 [日文版],DLC-0000000000050028,CAR - HibikiSP,JPN
psvdlc,PCSG00001,Ridge Racer,山脊赛车 [日文版],DLC-0000000000050031,CAR - HORNET,JPN
psvdlc,PCSG00001,Ridge Racer,山脊赛车 [日文版],DLC-0000000000050029,CAR - IoriSP,JPN
psvdlc,PCSG00001,Ridge Racer,山脊赛车 [日文版],DLC-0000000000050018,CAR - MakotoSP,JPN
psvdlc,PCSG00001,Ridge Racer,山脊赛车 [日文版],DLC-0000000000050022,CAR - MamiSP,JPN
psvdlc,PCSG00001,Ridge Racer,山脊赛车 [日文版],DLC-0000000000050010,CAR - MELTFIRE,JPN
psvdlc,PCSG00001,Ridge Racer,山脊赛车 [日文版],DLC-0000000000050025,CAR - MikiSP,JPN
psvdlc,PCSG00001,Ridge Racer,山脊赛车 [日文版],DLC-0000000000050030,CAR - PAC-MANSP,JPN
psvdlc,PCSG00001,Ridge Racer,山脊赛车 [日文版],DLC-0000000000050007,CAR - PROMESSA,JPN
psvdlc,PCSG00001,Ridge Racer,山脊赛车 [日文版],DLC-0000000000050013,CAR - RC410,JPN
psvdlc,PCSG00001,Ridge Racer,山脊赛车 [日文版],DLC-0000000000050027,CAR - RitsukoSP,JPN
psvdlc,PCSG00001,Ridge Racer,山脊赛车 [日文版],DLC-0000000000050026,CAR - TakaneSP,JPN
psvdlc,PCSG00001,Ridge Racer,山脊赛车 [日文版],DLC-0000000000050014,CAR - WISDOM,JPN
psvdlc,PCSG00001,Ridge Racer,山脊赛车 [日文版],DLC-0000000000050021,CAR - YayoiSP,JPN
psvdlc,PCSG00001,Ridge Racer,山脊赛车 [日文版],DLC-0000000000050024,CAR - YukihoSP,JPN
psvdlc,PCSG00001,Ridge Racer,山脊赛车 [日文版],DLC-0000000000040008,COURSE - Lost Ruins,JPN
psvdlc,PCSG00001,Ridge Racer,山脊赛车 [日文版],DLC-0000000000040012,COURSE - Oceanfront Cruise Way,JPN
psvdlc,PCSG00001,Ridge Racer,山脊赛车 [日文版],DLC-0000000000040010,COURSE - Old Central,JPN
psvdlc,PCSG00001,Ridge Racer,山脊赛车 [日文版],DLC-0000000000040016,COURSE - Redstone Thunder Road,JPN
psvdlc,PCSG00001,Ridge Racer,山脊赛车 [日文版],DLC-0000000000040014,COURSE - Silver Mountain Skyway,JPN
psvdlc,PCSG00001,Ridge Racer,山脊赛车 [日文版],DLC-0000000000040006,COURSE - Sunset Heights,JPN
psvdlc,PCSG00001,Ridge Racer,山脊赛车 [日文版],DLC-0000000000030070,MUSIC - Angel Halo,JPN
psvdlc,PCSG00001,Ridge Racer,山脊赛车 [日文版],DLC-0000000000030052,MUSIC - Awakening,JPN
psvdlc,PCSG00001,Ridge Racer,山脊赛车 [日文版],DLC-0000000000030024,MUSIC - Bassrider,JPN
psvdlc,PCSG00001,Ridge Racer,山脊赛车 [日文版],DLC-0000000000030047,MUSIC - Beat Assassinator,JPN
psvdlc,PCSG00001,Ridge Racer,山脊赛车 [日文版],DLC-0000000000030063,MUSIC - Blue Topaz Remix,JPN
psvdlc,PCSG00001,Ridge Racer,山脊赛车 [日文版],DLC-0000000000030068,MUSIC - Burn Up The Road,JPN
psvdlc,PCSG00001,Ridge Racer,山脊赛车 [日文版],DLC-0000000000030011,MUSIC - Burnin' Rubber,JPN
psvdlc,PCSG00001,Ridge Racer,山脊赛车 [日文版],DLC-0000000000030077,MUSIC - Call of Apsara,JPN
psvdlc,PCSG00001,Ridge Racer,山脊赛车 [日文版],DLC-0000000000030022,MUSIC - Chrome Drive,JPN
psvdlc,PCSG00001,Ridge Racer,山脊赛车 [日文版],DLC-0000000000030083,MUSIC - Combustion,JPN
psvdlc,PCSG00001,Ridge Racer,山脊赛车 [日文版],DLC-0000000000030019,MUSIC - Dare Devil,JPN
psvdlc,PCSG00001,Ridge Racer,山脊赛车 [日文版],DLC-0000000000030025,MUSIC - Disco Ball,JPN
psvdlc,PCSG00001,Ridge Racer,山脊赛车 [日文版],DLC-0000000000030050,MUSIC - Down To Earth,JPN
psvdlc,PCSG00001,Ridge Racer,山脊赛车 [日文版],DLC-0000000000030082,MUSIC - Dr. Mad's Gone,JPN
psvdlc,PCSG00001,Ridge Racer,山脊赛车 [日文版],DLC-0000000000030038,MUSIC - Drift Psychosis,JPN
psvdlc,PCSG00001,Ridge Racer,山脊赛车 [日文版],DLC-0000000000030058,MUSIC - Drive U 2 Dancing Remix,JPN
psvdlc,PCSG00001,Ridge Racer,山脊赛车 [日文版],DLC-0000000000030087,MUSIC - Eat The World,JPN
psvdlc,PCSG00001,Ridge Racer,山脊赛车 [日文版],DLC-0000000000030084,MUSIC - Eat'em Up!,JPN
psvdlc,PCSG00001,Ridge Racer,山脊赛车 [日文版],DLC-0000000000030016,MUSIC - Euphoria,JPN
psvdlc,PCSG00001,Ridge Racer,山脊赛车 [日文版],DLC-0000000000030067,MUSIC - EUPHORIA,JPN
psvdlc,PCSG00001,Ridge Racer,山脊赛车 [日文版],DLC-0000000000030066,MUSIC - EXHNOTES,JPN
psvdlc,PCSG00001,Ridge Racer,山脊赛车 [日文版],DLC-0000000000030032,MUSIC - Explorers,JPN
psvdlc,PCSG00001,Ridge Racer,山脊赛车 [日文版],DLC-0000000000030037,MUSIC - Floodlight,JPN
psvdlc,PCSG00001,Ridge Racer,山脊赛车 [日文版],DLC-0000000000030048,MUSIC - Freak out,JPN
psvdlc,PCSG00001,Ridge Racer,山脊赛车 [日文版],DLC-0000000000030065,MUSIC - GRIP,JPN
psvdlc,PCSG00001,Ridge Racer,山脊赛车 [日文版],DLC-0000000000030046,MUSIC - Hard Drive,JPN
psvdlc,PCSG00001,Ridge Racer,山脊赛车 [日文版],DLC-0000000000030062,MUSIC - Heart of Hearts Remix,JPN
psvdlc,PCSG00001,Ridge Racer,山脊赛车 [日文版],DLC-0000000000030073,MUSIC - Heat Shadows,JPN
psvdlc,PCSG00001,Ridge Racer,山脊赛车 [日文版],DLC-0000000000030020,MUSIC - Highride,JPN
psvdlc,PCSG00001,Ridge Racer,山脊赛车 [日文版],DLC-0000000000030041,MUSIC - Highway Fusion,JPN
psvdlc,PCSG00001,Ridge Racer,山脊赛车 [日文版],DLC-0000000000030034,MUSIC - I Want You,JPN
psvdlc,PCSG00001,Ridge Racer,山脊赛车 [日文版],DLC-0000000000030061,MUSIC - Kamikaze Remix,JPN
psvdlc,PCSG00001,Ridge Racer,山脊赛车 [日文版],DLC-0000000000030031,MUSIC - Light Groove,JPN
psvdlc,PCSG00001,Ridge Racer,山脊赛车 [日文版],DLC-0000000000030054,MUSIC - Listen Up!,JPN
psvdlc,PCSG00001,Ridge Racer,山脊赛车 [日文版],DLC-0000000000030055,MUSIC - M.T.T.B.,JPN
psvdlc,PCSG00001,Ridge Racer,山脊赛车 [日文版],DLC-0000000000030085,MUSIC - Motor Pac City 5,JPN
psvdlc,PCSG00001,Ridge Racer,山脊赛车 [日文版],DLC-0000000000030014,MUSIC - Move Me,JPN
psvdlc,PCSG00001,Ridge Racer,山脊赛车 [日文版],DLC-0000000000030015,MUSIC - Movin' in Circles,JPN
psvdlc,PCSG00001,Ridge Racer,山脊赛车 [日文版],DLC-0000000000030078,MUSIC - My Crazy Chainsaw,JPN
psvdlc,PCSG00001,Ridge Racer,山脊赛车 [日文版],DLC-0000000000030009,MUSIC - Naked Glow,JPN
psvdlc,PCSG00001,Ridge Racer,山脊赛车 [日文版],DLC-0000000000030081,MUSIC - Napalm Sled,JPN
psvdlc,PCSG00001,Ridge Racer,山脊赛车 [日文版],DLC-0000000000030030,MUSIC - Night Stream,JPN
psvdlc,PCSG00001,Ridge Racer,山脊赛车 [日文版],DLC-0000000000030033,MUSIC - Nitro Mantra,JPN
psvdlc,PCSG00001,Ridge Racer,山脊赛车 [日文版],DLC-0000000000030079,MUSIC - Nitro Witch,JPN
psvdlc,PCSG00001,Ridge Racer,山脊赛车 [日文版],DLC-0000000000030076,MUSIC - NOx Warheads,JPN
psvdlc,PCSG00001,Ridge Racer,山脊赛车 [日文版],DLC-0000000000030044,MUSIC - Orbital Rock,JPN
psvdlc,PCSG00001,Ridge Racer,山脊赛车 [日文版],DLC-0000000000030008,MUSIC - Pearl Blue Soul,JPN
psvdlc,PCSG00001,Ridge Racer,山脊赛车 [日文版],DLC-0000000000030043,MUSIC - Photon Field,JPN
psvdlc,PCSG00001,Ridge Racer,山脊赛车 [日文版],DLC-0000000000030080,MUSIC - Psychokinesis,JPN
psvdlc,PCSG00001,Ridge Racer,山脊赛车 [日文版],DLC-0000000000030028,MUSIC - Pulse Phaze,JPN
psvdlc,PCSG00001,Ridge Racer,山脊赛车 [日文版],DLC-0000000000030012,MUSIC - Quiet Curves,JPN
psvdlc,PCSG00001,Ridge Racer,山脊赛车 [日文版],DLC-0000000000030089,MUSIC - RACER'S DELIGHT,JPN
psvdlc,PCSG00001,Ridge Racer,山脊赛车 [日文版],DLC-0000000000030042,MUSIC - Radiance,JPN
psvdlc,PCSG00001,Ridge Racer,山脊赛车 [日文版],DLC-0000000000030071,MUSIC - Rage Racer Remix,JPN
psvdlc,PCSG00001,Ridge Racer,山脊赛车 [日文版],DLC-0000000000030059,MUSIC - Rareheroes,JPN
psvdlc,PCSG00001,Ridge Racer,山脊赛车 [日文版],DLC-0000000000030064,MUSIC - Ridge racer (POWER REMIX),JPN
psvdlc,PCSG00001,Ridge Racer,山脊赛车 [日文版],DLC-0000000000030098,MUSIC - Ridge racer (RIDGE RACER USA MIX),JPN
psvdlc,PCSG00001,Ridge Racer,山脊赛车 [日文版],DLC-0000000000030035,MUSIC - Road Mauler,JPN
psvdlc,PCSG00001,Ridge Racer,山脊赛车 [日文版],DLC-0000000000030074,MUSIC - Rolling Glider,JPN
psvdlc,PCSG00001,Ridge Racer,山脊赛车 [日文版],DLC-0000000000030060,MUSIC - Rotten7 Remix,JPN
psvdlc,PCSG00001,Ridge Racer,山脊赛车 [日文版],DLC-0000000000030056,MUSIC - Rotterdam Nation Remix,JPN
psvdlc,PCSG00001,Ridge Racer,山脊赛车 [日文版],DLC-0000000000030086,MUSIC - Run Pac-Man Run,JPN
psvdlc,PCSG00001,Ridge Racer,山脊赛车 [日文版],DLC-0000000000030018,MUSIC - Samurai Rocket,JPN
psvdlc,PCSG00001,Ridge Racer,山脊赛车 [日文版],DLC-0000000000030049,MUSIC - Saturation,JPN
psvdlc,PCSG00001,Ridge Racer,山脊赛车 [日文版],DLC-0000000000030053,MUSIC - Shut Up Baby,JPN
psvdlc,PCSG00001,Ridge Racer,山脊赛车 [日文版],DLC-0000000000030057,MUSIC - Speedster Remix,JPN
psvdlc,PCSG00001,Ridge Racer,山脊赛车 [日文版],DLC-0000000000030072,MUSIC - Stream of Lights,JPN
psvdlc,PCSG00001,Ridge Racer,山脊赛车 [日文版],DLC-0000000000030096,MUSIC - SUPER ACCELERATION,JPN
psvdlc,PCSG00001,Ridge Racer,山脊赛车 [日文版],DLC-0000000000030075,MUSIC - Supercruiser,JPN
psvdlc,PCSG00001,Ridge Racer,山脊赛车 [日文版],DLC-0000000000030029,MUSIC - Synthetic Life,JPN
psvdlc,PCSG00001,Ridge Racer,山脊赛车 [日文版],DLC-0000000000030095,MUSIC - TAKE YOU AWAY,JPN
psvdlc,PCSG00001,Ridge Racer,山脊赛车 [日文版],DLC-0000000000030027,MUSIC - Tek Trek,JPN
psvdlc,PCSG00001,Ridge Racer,山脊赛车 [日文版],DLC-0000000000030013,MUSIC - The Objective,JPN
psvdlc,PCSG00001,Ridge Racer,山脊赛车 [日文版],DLC-0000000000030088,MUSIC - THE TIME IS NOW,JPN
psvdlc,PCSG00001,Ridge Racer,山脊赛车 [日文版],DLC-0000000000030039,MUSIC - Trail of Light,JPN
psvdlc,PCSG00001,Ridge Racer,山脊赛车 [日文版],DLC-0000000000030051,MUSIC - Transparency,JPN
psvdlc,PCSG00001,Ridge Racer,山脊赛车 [日文版],DLC-0000000000030017,MUSIC - Tsui Tsui,JPN
psvdlc,PCSG00001,Ridge Racer,山脊赛车 [日文版],DLC-0000000000030026,MUSIC - Tunnel Visionary,JPN
psvdlc,PCSG00001,Ridge Racer,山脊赛车 [日文版],DLC-0000000000030045,MUSIC - Turn Me On,JPN
psvdlc,PCSG00001,Ridge Racer,山脊赛车 [日文版],DLC-0000000000030040,MUSIC - Ultra Cruise,JPN
psvdlc,PCSG00001,Ridge Racer,山脊赛车 [日文版],DLC-0000000000030036,MUSIC - Valley of the Mind,JPN
psvdlc,PCSG00001,Ridge Racer,山脊赛车 [日文版],DLC-0000000000030023,MUSIC - Vanishing Horizon,JPN
psvdlc,PCSG00001,Ridge Racer,山脊赛车 [日文版],DLC-0000000000030069,MUSIC - Venomous,JPN
psvdlc,PCSG00001,Ridge Racer,山脊赛车 [日文版],DLC-0000000000030021,MUSIC - Warp Trooper,JPN
psvdlc,PCSG00001,Ridge Racer,山脊赛车 [日文版],DLC-0000000000030010,MUSIC - Your Vibe,JPN
psvdlc,PCSG00001,Ridge Racer,山脊赛车 [日文版],DLC-0000000000030091,MUSIC - [iM@S] GO MY WAY!!,JPN
psvdlc,PCSG00001,Ridge Racer,山脊赛车 [日文版],DLC-0000000000030094,MUSIC - [iM@S] MEGARE!,JPN
psvdlc,PCSG00001,Ridge Racer,山脊赛车 [日文版],DLC-0000000000030092,MUSIC - [iM@S] THE IDOLM@STER 2nd-mix,JPN
psvdlc,PCSG00001,Ridge Racer,山脊赛车 [日文版],DLC-0000000000030093,MUSIC - [iM@S] The world is all one !!,JPN
psvdlc,PCSG00001,Ridge Racer,山脊赛车 [日文版],DLC-0000000000030090,MUSIC - [MIX] NITROUS MIX #1,JPN
psvdlc,PCSG00001,Ridge Racer,山脊赛车 [日文版],DLC-0000000000030097,MUSIC - [MIX] R4U,JPN
psvdlc,PCSG00002,Shin Sangoku Musou Next,真•三国无双 NEXT [日文版],DLC-0000000000000065,『真・三國無双 NEXT』発売記念オリジナルスタンプ,JPN
psvdlc,PCSG00009,Tales of Innocence R,圣洁传说 R [日文版],DLC-ADDCONT073ITM003,お料理食材セット,JPN
psvdlc,PCSG00009,Tales of Innocence R,圣洁传说 R [日文版],DLC-ADDCONT011COS011,アンジュ「ナタリア」衣装,JPN
psvdlc,PCSG00009,Tales of Innocence R,圣洁传说 R [日文版],DLC-ADDCONT027COS027,アンジュ「前世」衣装,JPN
psvdlc,PCSG00009,Tales of Innocence R,圣洁传说 R [日文版],DLC-ADDCONT009COS009,イリア「ルーティ」衣装,JPN
psvdlc,PCSG00009,Tales of Innocence R,圣洁传说 R [日文版],DLC-ADDCONT025COS025,イリア「前世」衣装,JPN
psvdlc,PCSG00009,Tales of Innocence R,圣洁传说 R [日文版],DLC-ADDCONT013COS013,エルマーナ「チャット」衣装,JPN
psvdlc,PCSG00009,Tales of Innocence R,圣洁传说 R [日文版],DLC-ADDCONT029COS029,エルマーナ「前世」衣装,JPN
psvdlc,PCSG00009,Tales of Innocence R,圣洁传说 R [日文版],DLC-ADDCONT015COS015,キュキュ「ソフィ」衣装,JPN
psvdlc,PCSG00009,Tales of Innocence R,圣洁传说 R [日文版],DLC-ADDCONT014COS014,コンウェイ「ジェイド」衣装,JPN
psvdlc,PCSG00009,Tales of Innocence R,圣洁传说 R [日文版],DLC-ADDCONT034COS034,スパーダ「あこがれの職業」衣装,JPN
psvdlc,PCSG00009,Tales of Innocence R,圣洁传说 R [日文版],DLC-ADDCONT018COS018,スパーダ「アイマス2」衣装,JPN
psvdlc,PCSG00009,Tales of Innocence R,圣洁传说 R [日文版],DLC-ADDCONT010COS010,スパーダ「ロニ」衣装,JPN
psvdlc,PCSG00009,Tales of Innocence R,圣洁传说 R [日文版],DLC-ADDCONT026COS026,スパーダ「前世」衣装,JPN
psvdlc,PCSG00009,Tales of Innocence R,圣洁传说 R [日文版],DLC-ADDCONT042COS042,メガネセット,JPN
psvdlc,PCSG00009,Tales of Innocence R,圣洁传说 R [日文版],DLC-ADDCONT012COS012,リカルド「ユージーン」衣装,JPN
psvdlc,PCSG00009,Tales of Innocence R,圣洁传说 R [日文版],DLC-ADDCONT028COS028,リカルド「前世」衣装,JPN
psvdlc,PCSG00009,Tales of Innocence R,圣洁传说 R [日文版],DLC-ADDCONT008COS008,ルカ「ジュード」衣装,JPN
psvdlc,PCSG00009,Tales of Innocence R,圣洁传说 R [日文版],DLC-ADDCONT024COS024,ルカ「前世」衣装,JPN
psvdlc,PCSG00009,Tales of Innocence R,圣洁传说 R [日文版],DLC-ADDCONT074ITM004,冒険お役立ちセット,JPN
psvdlc,PCSG00010,Shin Kamaitachi no Yoru: 11 Ninme no Suspect,真恐怖惊魂夜：第 11 位到访者 [日文版],DLC-KPKRELEASECC0000,真かまいたちの夜 みゆきとサトミ編,JPN
psvdlc,PCSG00010,Shin Kamaitachi no Yoru: 11 Ninme no Suspect,真恐怖惊魂夜：第 11 位到访者 [日文版],DLC-KPKRELEASEBC0000,真かまいたちの夜 混浴編,JPN
psvdlc,PCSG00010,Shin Kamaitachi no Yoru: 11 Ninme no Suspect,真恐怖惊魂夜：第 11 位到访者 [日文版],DLC-KPKRELEASE8C0000,真かまいたちの夜 犯人当て 鎌鼬の夜編 解決編,JPN
psvdlc,PCSG00010,Shin Kamaitachi no Yoru: 11 Ninme no Suspect,真恐怖惊魂夜：第 11 位到访者 [日文版],DLC-KPKRELEASE9C0000,真かまいたちの夜 犯人当て 魔女審問編 問題編,JPN
psvdlc,PCSG00010,Shin Kamaitachi no Yoru: 11 Ninme no Suspect,真恐怖惊魂夜：第 11 位到访者 [日文版],DLC-KPKRELEASEAC0000,真かまいたちの夜 犯人当て 魔女審問編 解決編,JPN
psvdlc,PCSG00010,Shin Kamaitachi no Yoru: 11 Ninme no Suspect,真恐怖惊魂夜：第 11 位到访者 [日文版],DLC-KPKRELEASEDC0000,真かまいたちの夜 超次元探偵O編,JPN
psvdlc,PCSG00018,Touch My Katamari,块魂：变形 [日文版],DLC-VITAKTMRXMIS0000,ダウンロード課題1 雪ダルマ,JPN
psvdlc,PCSG00018,Touch My Katamari,块魂：变形 [日文版],DLC-VITAKTMRXMIS0001,ダウンロード課題2 お買い物,JPN
psvdlc,PCSG00018,Touch My Katamari,块魂：变形 [日文版],DLC-VITAKTMRXMIS0002,ダウンロード課題3 メイド天国,JPN
psvdlc,PCSG00018,Touch My Katamari,块魂：变形 [日文版],DLC-VITAKTMRXMIS0003,ダウンロード課題4 みんな大好きキイロいアイツ,JPN
psvdlc,PCSG00018,Touch My Katamari,块魂：变形 [日文版],DLC-VITAKTMRXSND0002,素敵ソング うたパック,JPN
psvdlc,PCSG00018,Touch My Katamari,块魂：变形 [日文版],DLC-VITAKTMRXSND0001,素敵ソング オシャレパック,JPN
psvdlc,PCSG00018,Touch My Katamari,块魂：变形 [日文版],DLC-VITAKTMRXSND0000,素敵ソング ナムコパック,JPN
psvdlc,PCSG00019,Shinobido 2: Revenge of Zen,忍道 2：散华 [日文版],DLC-DLC001X000000000,鏡の化身,JPN
psvdlc,PCSG00022,@field,@field [日文版],DLC-ATFIELD000000001,【カタログ】ドール用アイテムセット Vol.1,JPN
psvdlc,PCSG00022,@field,@field [日文版],DLC-ATFIELD000000002,【カタログ】ドール用アイテムセット Vol.2,JPN
psvdlc,PCSG00022,@field,@field [日文版],DLC-ATFIELD000000003,【カタログ】ドール用アイテムセット Vol.3,JPN
psvdlc,PCSG00022,@field,@field [日文版],DLC-ATFIELD000000004,【カタログ】ドール用アイテムセット Vol.4,JPN
psvdlc,PCSG00022,@field,@field [日文版],DLC-ATFIELD000000102,【カタログ】ドール用スクールセット,JPN
psvdlc,PCSG00022,@field,@field [日文版],DLC-ATFIELD000000100,【カタログ】ドール用巫女セット,JPN
psvdlc,PCSG00022,@field,@field [日文版],DLC-ATFIELD000000101,【カタログ】ドール用巫女セット Vol.2,JPN
psvdlc,PCSG00023,Army Corps of Hell,地狱军团 [日文版],DLC-ADDCONTENTRABBIT,うさみみ装備セット,JPN
psvdlc,PCSG00023,Army Corps of Hell,地狱军团 [日文版],DLC-ADDCONTENTHALLWN,かぼちゃ装備セット,JPN
psvdlc,PCSG00023,Army Corps of Hell,地狱军团 [日文版],DLC-ADDCONTENTFROGXX,カエル装備セット,JPN
psvdlc,PCSG00025,Ragnarok Odyssey,仙境传说 奥德赛 [日文版],DLC-DLC0040001002732,Aeon,JPN
psvdlc,PCSG00025,Ragnarok Odyssey,仙境传说 奥德赛 [日文版],DLC-DLC0040001002725,An Ant-lion's Pit,JPN
psvdlc,PCSG00025,Ragnarok Odyssey,仙境传说 奥德赛 [日文版],DLC-DLC004000100272A,Believe In Myself,JPN
psvdlc,PCSG00025,Ragnarok Odyssey,仙境传说 奥德赛 [日文版],DLC-DLC0040001002718,Brassy Road,JPN
psvdlc,PCSG00025,Ragnarok Odyssey,仙境传说 奥德赛 [日文版],DLC-DLC0040001002743,"Can't Go Home Again, Baby",JPN
psvdlc,PCSG00025,Ragnarok Odyssey,仙境传说 奥德赛 [日文版],DLC-DLC004000100272C,Come On My Deer!!,JPN
psvdlc,PCSG00025,Ragnarok Odyssey,仙境传说 奥德赛 [日文版],DLC-DLC0040001002741,"Come, and Get It!",JPN
psvdlc,PCSG00025,Ragnarok Odyssey,仙境传说 奥德赛 [日文版],DLC-DLC0040001002721,Curse'n Pain,JPN
psvdlc,PCSG00025,Ragnarok Odyssey,仙境传说 奥德赛 [日文版],DLC-DLC3030001013C2E,Dokuroカード,JPN
psvdlc,PCSG00025,Ragnarok Odyssey,仙境传说 奥德赛 [日文版],DLC-DLC004000100272F,"Don't Cry, Baby",JPN
psvdlc,PCSG00025,Ragnarok Odyssey,仙境传说 奥德赛 [日文版],DLC-DLC0040001002724,Don't Piss Me Off,JPN
psvdlc,PCSG00025,Ragnarok Odyssey,仙境传说 奥德赛 [日文版],DLC-DLC0040001002715,Dreamer's Dream,JPN
psvdlc,PCSG00025,Ragnarok Odyssey,仙境传说 奥德赛 [日文版],DLC-DLC004000100271F,Fear...,JPN
psvdlc,PCSG00025,Ragnarok Odyssey,仙境传说 奥德赛 [日文版],DLC-DLC0040001002712,Gambler of Highway,JPN
psvdlc,PCSG00025,Ragnarok Odyssey,仙境传说 奥德赛 [日文版],DLC-DLC004000100271D,Hamatan,JPN
psvdlc,PCSG00025,Ragnarok Odyssey,仙境传说 奥德赛 [日文版],DLC-DLC0040001002727,Help Yourself,JPN
psvdlc,PCSG00025,Ragnarok Odyssey,仙境传说 奥德赛 [日文版],DLC-DLC0040001002734,High Roller Coaster,JPN
psvdlc,PCSG00025,Ragnarok Odyssey,仙境传说 奥德赛 [日文版],DLC-DLC004000100273F,Higher Than The Sun,JPN
psvdlc,PCSG00025,Ragnarok Odyssey,仙境传说 奥德赛 [日文版],DLC-DLC0040001002737,Into The Abyss,JPN
psvdlc,PCSG00025,Ragnarok Odyssey,仙境传说 奥德赛 [日文版],DLC-DLC0040001002730,Jingle Bell on Ragnarok,JPN
psvdlc,PCSG00025,Ragnarok Odyssey,仙境传说 奥德赛 [日文版],DLC-DLC0040001002722,Morning Gloomy,JPN
psvdlc,PCSG00025,Ragnarok Odyssey,仙境传说 奥德赛 [日文版],DLC-DLC0040001002735,Mucho Gusto,JPN
psvdlc,PCSG00025,Ragnarok Odyssey,仙境传说 奥德赛 [日文版],DLC-DLC0040001002740,Not So Far Away,JPN
psvdlc,PCSG00025,Ragnarok Odyssey,仙境传说 奥德赛 [日文版],DLC-DLC0040001002736,One Fine Day,JPN
psvdlc,PCSG00025,Ragnarok Odyssey,仙境传说 奥德赛 [日文版],DLC-DLC0040001002717,One Step Closer,JPN
psvdlc,PCSG00025,Ragnarok Odyssey,仙境传说 奥德赛 [日文版],DLC-DLC0040001002729,Out of Curiosity,JPN
psvdlc,PCSG00025,Ragnarok Odyssey,仙境传说 奥德赛 [日文版],DLC-DLC004000100271A,Pampas Upas,JPN
psvdlc,PCSG00025,Ragnarok Odyssey,仙境传说 奥德赛 [日文版],DLC-DLC0040001002742,Purity of Your Smile,JPN
psvdlc,PCSG00025,Ragnarok Odyssey,仙境传说 奥德赛 [日文版],DLC-DLC0040001002720,Rag All Night Long,JPN
psvdlc,PCSG00025,Ragnarok Odyssey,仙境传说 奥德赛 [日文版],DLC-DLC0040001002713,Risk Your Life,JPN
psvdlc,PCSG00025,Ragnarok Odyssey,仙境传说 奥德赛 [日文版],DLC-DLC004000100272E,Silver Bell,JPN
psvdlc,PCSG00025,Ragnarok Odyssey,仙境传说 奥德赛 [日文版],DLC-DLC0040001002723,TeMP it Up,JPN
psvdlc,PCSG00025,Ragnarok Odyssey,仙境传说 奥德赛 [日文版],DLC-DLC004000100271B,TeMPoison,JPN
psvdlc,PCSG00025,Ragnarok Odyssey,仙境传说 奥德赛 [日文版],DLC-DLC004000100271C,TeMPorsche,JPN
psvdlc,PCSG00025,Ragnarok Odyssey,仙境传说 奥德赛 [日文版],DLC-DLC0040001002739,TeMPotato,JPN
psvdlc,PCSG00025,Ragnarok Odyssey,仙境传说 奥德赛 [日文版],DLC-DLC004000100271E,Theme of Al de Baran,JPN
psvdlc,PCSG00025,Ragnarok Odyssey,仙境传说 奥德赛 [日文版],DLC-DLC004000100273C,Theme of Juno,JPN
psvdlc,PCSG00025,Ragnarok Odyssey,仙境传说 奥德赛 [日文版],DLC-DLC0040001002731,Theme of Lutie,JPN
psvdlc,PCSG00025,Ragnarok Odyssey,仙境传说 奥德赛 [日文版],DLC-DLC0040001002714,Time Up!,JPN
psvdlc,PCSG00025,Ragnarok Odyssey,仙境传说 奥德赛 [日文版],DLC-DLC0040001002738,Wanna Be Free!,JPN
psvdlc,PCSG00025,Ragnarok Odyssey,仙境传说 奥德赛 [日文版],DLC-DLC0040001002728,Watery Grave,JPN
psvdlc,PCSG00025,Ragnarok Odyssey,仙境传说 奥德赛 [日文版],DLC-DLC0040001002726,Welcome Mr. Hwang,JPN
psvdlc,PCSG00025,Ragnarok Odyssey,仙境传说 奥德赛 [日文版],DLC-DLC004000100272D,"Welcome, My Lord",JPN
psvdlc,PCSG00025,Ragnarok Odyssey,仙境传说 奥德赛 [日文版],DLC-DLC004000100272B,White Christmas,JPN
psvdlc,PCSG00025,Ragnarok Odyssey,仙境传说 奥德赛 [日文版],DLC-DLC0040001002716,You're in Ruins,JPN
psvdlc,PCSG00025,Ragnarok Odyssey,仙境传说 奥德赛 [日文版],DLC-DLC0040001002719,Yuna Song,JPN
psvdlc,PCSG00025,Ragnarok Odyssey,仙境传说 奥德赛 [日文版],DLC-DLC0040001002733,Zingaro,JPN
psvdlc,PCSG00025,Ragnarok Odyssey,仙境传说 奥德赛 [日文版],DLC-DLC1030001009C6B,お座りフォルテ人形,JPN
psvdlc,PCSG00025,Ragnarok Odyssey,仙境传说 奥德赛 [日文版],DLC-DLC3030001009C7F,たれDokuro,JPN
psvdlc,PCSG00025,Ragnarok Odyssey,仙境传说 奥德赛 [日文版],DLC-DLC1030001009C69,たれドモヴォイ,JPN
psvdlc,PCSG00025,Ragnarok Odyssey,仙境传说 奥德赛 [日文版],DLC-DLC1030001009C6A,たれフォルテ人形,JPN
psvdlc,PCSG00025,Ragnarok Odyssey,仙境传说 奥德赛 [日文版],DLC-DLC003000100754A,スーパーノービス,JPN
psvdlc,PCSG00025,Ragnarok Odyssey,仙境传说 奥德赛 [日文版],DLC-DLC0030001007549,ノービス,JPN
psvdlc,PCSG00025,Ragnarok Odyssey,仙境传说 奥德赛 [日文版],DLC-DLC1030001009C6F,ヒャハるトサカ,JPN
psvdlc,PCSG00025,Ragnarok Odyssey,仙境传说 奥德赛 [日文版],DLC-DLC3030001009C80,ピコットナイトヘルム,JPN
psvdlc,PCSG00025,Ragnarok Odyssey,仙境传说 奥德赛 [日文版],DLC-DLC1030001009C70,ファフニールちゃん,JPN
psvdlc,PCSG00025,Ragnarok Odyssey,仙境传说 奥德赛 [日文版],DLC-DLC1030001009C6D,ポリンお面,JPN
psvdlc,PCSG00025,Ragnarok Odyssey,仙境传说 奥德赛 [日文版],DLC-DLC0100000000110,ラグナロクオンライン楽曲セット10,JPN
psvdlc,PCSG00025,Ragnarok Odyssey,仙境传说 奥德赛 [日文版],DLC-DLC0100000000111,ラグナロクオンライン楽曲セット11,JPN
psvdlc,PCSG00025,Ragnarok Odyssey,仙境传说 奥德赛 [日文版],DLC-DLC0100000000112,ラグナロクオンライン楽曲セット12,JPN
psvdlc,PCSG00025,Ragnarok Odyssey,仙境传说 奥德赛 [日文版],DLC-DLC0100000000106,ラグナロクオンライン楽曲セット6,JPN
psvdlc,PCSG00025,Ragnarok Odyssey,仙境传说 奥德赛 [日文版],DLC-DLC0100000000107,ラグナロクオンライン楽曲セット7,JPN
psvdlc,PCSG00025,Ragnarok Odyssey,仙境传说 奥德赛 [日文版],DLC-DLC0100000000108,ラグナロクオンライン楽曲セット8,JPN
psvdlc,PCSG00025,Ragnarok Odyssey,仙境传说 奥德赛 [日文版],DLC-DLC0100000000109,ラグナロクオンライン楽曲セット9,JPN
psvdlc,PCSG00025,Ragnarok Odyssey,仙境传说 奥德赛 [日文版],DLC-DLC1030001009C6E,大怪鳥の羽飾り,JPN
psvdlc,PCSG00025,Ragnarok Odyssey,仙境传说 奥德赛 [日文版],DLC-DLC3030001009C7E,覇者の王冠,JPN
psvdlc,PCSG00025,Ragnarok Odyssey,仙境传说 奥德赛 [日文版],DLC-DLC1100000000001,追加クエストパック01,JPN
psvdlc,PCSG00026,Dream C Club Zero Portable,梦幻俱乐部 Zero 携带版 [日文版],DLC-0000000000000320,DLCカタログVol.2,JPN
psvdlc,PCSG00026,Dream C Club Zero Portable,梦幻俱乐部 Zero 携带版 [日文版],DLC-0000000000000321,DLCカタログVol.3,JPN
psvdlc,PCSG00026,Dream C Club Zero Portable,梦幻俱乐部 Zero 携带版 [日文版],DLC-0000000000000322,DLCカタログVol.4,JPN
psvdlc,PCSG00026,Dream C Club Zero Portable,梦幻俱乐部 Zero 携带版 [日文版],DLC-0000000000000323,DLCカタログVol.5,JPN
psvdlc,PCSG00026,Dream C Club Zero Portable,梦幻俱乐部 Zero 携带版 [日文版],DLC-0000000000000324,DLCカタログVol.6,JPN
psvdlc,PCSG00026,Dream C Club Zero Portable,梦幻俱乐部 Zero 携带版 [日文版],DLC-0000000000000030,【追加アクセサリ】「マリンルック」の頭部アクセサリ,JPN
psvdlc,PCSG00026,Dream C Club Zero Portable,梦幻俱乐部 Zero 携带版 [日文版],DLC-0000000000000021,【追加アクセサリ】お嬢様の帽子,JPN
psvdlc,PCSG00026,Dream C Club Zero Portable,梦幻俱乐部 Zero 携带版 [日文版],DLC-0000000000000058,【追加アクセサリ】ネコひげセット,JPN
psvdlc,PCSG00026,Dream C Club Zero Portable,梦幻俱乐部 Zero 携带版 [日文版],DLC-0000000000000094,【追加アクセサリ】ハンドシュシュ,JPN
psvdlc,PCSG00026,Dream C Club Zero Portable,梦幻俱乐部 Zero 携带版 [日文版],DLC-0000000000000040,【追加アクセサリ】マーチングバンド(頭),JPN
psvdlc,PCSG00026,Dream C Club Zero Portable,梦幻俱乐部 Zero 携带版 [日文版],DLC-0000000000000083,【追加アクセサリ】リボンチョーカー,JPN
psvdlc,PCSG00026,Dream C Club Zero Portable,梦幻俱乐部 Zero 携带版 [日文版],DLC-0000000000000105,【追加アクセサリ】レッグシュシュ,JPN
psvdlc,PCSG00026,Dream C Club Zero Portable,梦幻俱乐部 Zero 携带版 [日文版],DLC-0000000000000086,【追加アクセサリ】天使のブレスレット,JPN
psvdlc,PCSG00026,Dream C Club Zero Portable,梦幻俱乐部 Zero 携带版 [日文版],DLC-0000000000000068,【追加アクセサリ】子犬のしっぽ,JPN
psvdlc,PCSG00026,Dream C Club Zero Portable,梦幻俱乐部 Zero 携带版 [日文版],DLC-0000000000000067,【追加アクセサリ】子猫のしっぽ,JPN
psvdlc,PCSG00026,Dream C Club Zero Portable,梦幻俱乐部 Zero 携带版 [日文版],DLC-0000000000000018,【追加アクセサリ】宝冠,JPN
psvdlc,PCSG00026,Dream C Club Zero Portable,梦幻俱乐部 Zero 携带版 [日文版],DLC-0000000000000008,【追加アクセサリ】巨大リボン,JPN
psvdlc,PCSG00026,Dream C Club Zero Portable,梦幻俱乐部 Zero 携带版 [日文版],DLC-0000000000000065,【追加アクセサリ】悪魔のしっぽ,JPN
psvdlc,PCSG00026,Dream C Club Zero Portable,梦幻俱乐部 Zero 携带版 [日文版],DLC-0000000000000070,【追加アクセサリ】悪魔の羽根,JPN
psvdlc,PCSG00026,Dream C Club Zero Portable,梦幻俱乐部 Zero 携带版 [日文版],DLC-0000000000000076,【追加アクセサリ】狼のしっぽ,JPN
psvdlc,PCSG00026,Dream C Club Zero Portable,梦幻俱乐部 Zero 携带版 [日文版],DLC-0000000000000017,【追加アクセサリ】狼の耳,JPN
psvdlc,PCSG00026,Dream C Club Zero Portable,梦幻俱乐部 Zero 携带版 [日文版],DLC-0000000000000071,【追加アクセサリ】鈴付き首輪,JPN
psvdlc,PCSG00026,Dream C Club Zero Portable,梦幻俱乐部 Zero 携带版 [日文版],DLC-0000000000000072,【追加アクセサリ】鎖付き首輪,JPN
psvdlc,PCSG00026,Dream C Club Zero Portable,梦幻俱乐部 Zero 携带版 [日文版],DLC-0000000000000219,【追加コスチューム】マリンルック,JPN
psvdlc,PCSG00026,Dream C Club Zero Portable,梦幻俱乐部 Zero 携带版 [日文版],DLC-0000000000000231,【追加コスチューム】マーチングバンド,JPN
psvdlc,PCSG00026,Dream C Club Zero Portable,梦幻俱乐部 Zero 携带版 [日文版],DLC-0000000000000298,【追加システム】カラオケカラーバック,JPN
psvdlc,PCSG00026,Dream C Club Zero Portable,梦幻俱乐部 Zero 携带版 [日文版],DLC-0000000000000300,【追加システム】システムボイス(ほろ酔いver),JPN
psvdlc,PCSG00026,Dream C Club Zero Portable,梦幻俱乐部 Zero 携带版 [日文版],DLC-0000000000000299,【追加システム】システムボイス(素面ver),JPN
psvdlc,PCSG00026,Dream C Club Zero Portable,梦幻俱乐部 Zero 携带版 [日文版],DLC-0000000000000304,【追加実用アイテム】プラチナマイク,JPN
psvdlc,PCSG00028,Let's try Bass Fishing FISH ON NEXT,上钩了 NEXT [日文版],DLC-000000000000P001,リュウジ 秋冬コスチューム,JPN
psvdlc,PCSG00028,Let's try Bass Fishing FISH ON NEXT,上钩了 NEXT [日文版],DLC-000000000000M000,釣り場 リバー,JPN
psvdlc,PCSG00030,NAX Music Player,NAX Music Player [日文版],DLC-NAXMPDLCBBSKIN00,BBSKIN00,JPN
psvdlc,PCSG00030,NAX Music Player,NAX Music Player [日文版],DLC-NAXMPDLCBBSKIN05,BBSKIN05,JPN
psvdlc,PCSG00030,NAX Music Player,NAX Music Player [日文版],DLC-NAXMPDLCDSPFX001,DSPFX001,JPN
psvdlc,PCSG00032,Super Monkey Ball: Banana Splitz,超级猴子球：香蕉闪电战 [日文版],DLC-MONKEYBALLDLC007,ぷよぷよパック,JPN
psvdlc,PCSG00032,Super Monkey Ball: Banana Splitz,超级猴子球：香蕉闪电战 [日文版],DLC-MONKEYBALLDLC005,セガ グレーパック,JPN
psvdlc,PCSG00032,Super Monkey Ball: Banana Splitz,超级猴子球：香蕉闪电战 [日文版],DLC-MONKEYBALLDLC006,セガ ブラックパック,JPN
psvdlc,PCSG00032,Super Monkey Ball: Banana Splitz,超级猴子球：香蕉闪电战 [日文版],DLC-MONKEYBALLDLC004,セガ ホワイトパック,JPN
psvdlc,PCSG00032,Super Monkey Ball: Banana Splitz,超级猴子球：香蕉闪电战 [日文版],DLC-MONKEYBALLDLC008,ソニックパック,JPN
psvdlc,PCSG00032,Super Monkey Ball: Banana Splitz,超级猴子球：香蕉闪电战 [日文版],DLC-MONKEYBALLDLC002,ハードパック,JPN
psvdlc,PCSG00032,Super Monkey Ball: Banana Splitz,超级猴子球：香蕉闪电战 [日文版],DLC-MONKEYBALLDLC001,バラエティパック,JPN
psvdlc,PCSG00032,Super Monkey Ball: Banana Splitz,超级猴子球：香蕉闪电战 [日文版],DLC-MONKEYBALLDLC003,プロフェッショナルパック,JPN
psvdlc,PCSG00032,Super Monkey Ball: Banana Splitz,超级猴子球：香蕉闪电战 [日文版],DLC-MONKEYBALLDLC104,ポリタン,JPN
psvdlc,PCSG00037,Dokuro,骷髅王子 多克罗 [日文版],DLC-CON0001STAGE3KEY,Stage 3 Add-On,JPN
psvdlc,PCSG00038,Sumioni: Demon Arts,墨鬼 [日文版],DLC-SUMIDLC000000000,墨鬼 追加マップ1,JPN
psvdlc,PCSG00038,Sumioni: Demon Arts,墨鬼 [日文版],DLC-SUMIDLC001000000,墨鬼 追加マップ2,JPN
psvdlc,PCSG00043,Demon Gaze,恶魔凝视 [日文版],DLC-DEMONGAZEPSVD002,ようこそ特務隊エクスへ 迷宮クロスブラッド キャラクターズ,JPN
psvdlc,PCSG00043,Demon Gaze,恶魔凝视 [日文版],DLC-DEMONGAZEPSVD003,スキルを極めろ スキルハンティングセット,JPN
psvdlc,PCSG00046,Ciel Nosurge: Ushinawareta Hoshi e Sasagu Uta (Online version),空之波涛：为失落之星献诗 (线上版) [日文版],DLC-SPECIALFREE00007,イオンExtendTALKパック Vol.3~アルノサージュ管からの暗号電信~,JPN
psvdlc,PCSG00046,Ciel Nosurge: Ushinawareta Hoshi e Sasagu Uta (Online version),空之波涛：为失落之星献诗 (线上版) [日文版],DLC-SPECIALFREE00006,シェルノサージュ イオンExtendTALKパックVol.2~7つのソラを越えたレシピ~,JPN
psvdlc,PCSG00046,Ciel Nosurge: Ushinawareta Hoshi e Sasagu Uta (Online version),空之波涛：为失落之星献诗 (线上版) [日文版],DLC-STORYSP000000101,シェルノサージュ~EXTRAシナリオパックVol.1~,JPN
psvdlc,PCSG00046,Ciel Nosurge: Ushinawareta Hoshi e Sasagu Uta (Online version),空之波涛：为失落之星献诗 (线上版) [日文版],DLC-STORYSP000000102,シェルノサージュ~EXTRAシナリオパックVol.2~,JPN
psvdlc,PCSG00046,Ciel Nosurge: Ushinawareta Hoshi e Sasagu Uta (Online version),空之波涛：为失落之星献诗 (线上版) [日文版],DLC-SPECIALFREE00005,シェルノサージュ~イオンEXTENDTALKパック~,JPN
psvdlc,PCSG00046,Ciel Nosurge: Ushinawareta Hoshi e Sasagu Uta (Online version),空之波涛：为失落之星献诗 (线上版) [日文版],DLC-TALK000000000013,シェルノサージュ~イオンTALKパックVol.10~,JPN
psvdlc,PCSG00046,Ciel Nosurge: Ushinawareta Hoshi e Sasagu Uta (Online version),空之波涛：为失落之星献诗 (线上版) [日文版],DLC-TALK000000000014,シェルノサージュ~イオンTALKパックVol.11~,JPN
psvdlc,PCSG00046,Ciel Nosurge: Ushinawareta Hoshi e Sasagu Uta (Online version),空之波涛：为失落之星献诗 (线上版) [日文版],DLC-TALK000000000004,シェルノサージュ~イオンTALKパックvol.1~,JPN
psvdlc,PCSG00046,Ciel Nosurge: Ushinawareta Hoshi e Sasagu Uta (Online version),空之波涛：为失落之星献诗 (线上版) [日文版],DLC-TALK000000000005,シェルノサージュ~イオンTALKパックvol.2~,JPN
psvdlc,PCSG00046,Ciel Nosurge: Ushinawareta Hoshi e Sasagu Uta (Online version),空之波涛：为失落之星献诗 (线上版) [日文版],DLC-TALK000000000006,シェルノサージュ~イオンTALKパックvol.3~,JPN
psvdlc,PCSG00046,Ciel Nosurge: Ushinawareta Hoshi e Sasagu Uta (Online version),空之波涛：为失落之星献诗 (线上版) [日文版],DLC-TALK000000000007,シェルノサージュ~イオンTALKパックVol.4~,JPN
psvdlc,PCSG00046,Ciel Nosurge: Ushinawareta Hoshi e Sasagu Uta (Online version),空之波涛：为失落之星献诗 (线上版) [日文版],DLC-TALK000000000008,シェルノサージュ~イオンTALKパックVol.5~,JPN
psvdlc,PCSG00046,Ciel Nosurge: Ushinawareta Hoshi e Sasagu Uta (Online version),空之波涛：为失落之星献诗 (线上版) [日文版],DLC-TALK000000000009,シェルノサージュ~イオンTALKパックVol.6~,JPN
psvdlc,PCSG00046,Ciel Nosurge: Ushinawareta Hoshi e Sasagu Uta (Online version),空之波涛：为失落之星献诗 (线上版) [日文版],DLC-TALK000000000010,シェルノサージュ~イオンTALKパックVol.7~,JPN
psvdlc,PCSG00046,Ciel Nosurge: Ushinawareta Hoshi e Sasagu Uta (Online version),空之波涛：为失落之星献诗 (线上版) [日文版],DLC-TALK000000000011,シェルノサージュ~イオンTALKパックVol.8~,JPN
psvdlc,PCSG00046,Ciel Nosurge: Ushinawareta Hoshi e Sasagu Uta (Online version),空之波涛：为失落之星献诗 (线上版) [日文版],DLC-TALK000000000012,シェルノサージュ~イオンTALKパックVol.9~,JPN
psvdlc,PCSG00046,Ciel Nosurge: Ushinawareta Hoshi e Sasagu Uta (Online version),空之波涛：为失落之星献诗 (线上版) [日文版],DLC-OTHERKEY00000004,シェルノサージュ~コスチューム&アクセサリー E2-E-JUMP~,JPN
psvdlc,PCSG00046,Ciel Nosurge: Ushinawareta Hoshi e Sasagu Uta (Online version),空之波涛：为失落之星献诗 (线上版) [日文版],DLC-OTHERKEY00000003,シェルノサージュ~コスチューム&アクセサリー PM1-G-VTRN~,JPN
psvdlc,PCSG00046,Ciel Nosurge: Ushinawareta Hoshi e Sasagu Uta (Online version),空之波涛：为失落之星献诗 (线上版) [日文版],DLC-COSTUME000000009,シェルノサージュ~コスチューム&アクセサリー こんいろ水着~,JPN
psvdlc,PCSG00046,Ciel Nosurge: Ushinawareta Hoshi e Sasagu Uta (Online version),空之波涛：为失落之星献诗 (线上版) [日文版],DLC-COSTUME000000011,シェルノサージュ~コスチューム&アクセサリー スポーツウェア~,JPN
psvdlc,PCSG00046,Ciel Nosurge: Ushinawareta Hoshi e Sasagu Uta (Online version),空之波涛：为失落之星献诗 (线上版) [日文版],DLC-COSTUME000000012,シェルノサージュ~コスチューム&アクセサリー ハピネスウェット~,JPN
psvdlc,PCSG00046,Ciel Nosurge: Ushinawareta Hoshi e Sasagu Uta (Online version),空之波涛：为失落之星献诗 (线上版) [日文版],DLC-COSTUME000000007,シェルノサージュ~コスチューム&アクセサリー ブルーハミング~,JPN
psvdlc,PCSG00046,Ciel Nosurge: Ushinawareta Hoshi e Sasagu Uta (Online version),空之波涛：为失落之星献诗 (线上版) [日文版],DLC-COSTUME000000008,シェルノサージュ~コスチューム&アクセサリー ブルーミングヤード~,JPN
psvdlc,PCSG00046,Ciel Nosurge: Ushinawareta Hoshi e Sasagu Uta (Online version),空之波涛：为失落之星献诗 (线上版) [日文版],DLC-COSTUME000000001,シェルノサージュ~コスチューム&アクセサリー リーベルドレス~,JPN
psvdlc,PCSG00046,Ciel Nosurge: Ushinawareta Hoshi e Sasagu Uta (Online version),空之波涛：为失落之星献诗 (线上版) [日文版],DLC-COSTUME000000002,シェルノサージュ~コスチューム&アクセサリー 動物みみセット?~,JPN
psvdlc,PCSG00046,Ciel Nosurge: Ushinawareta Hoshi e Sasagu Uta (Online version),空之波涛：为失落之星献诗 (线上版) [日文版],DLC-COSTUME000000003,シェルノサージュ~コスチューム&アクセサリー 月待灯~,JPN
psvdlc,PCSG00046,Ciel Nosurge: Ushinawareta Hoshi e Sasagu Uta (Online version),空之波涛：为失落之星献诗 (线上版) [日文版],DLC-COSTUME000000010,シェルノサージュ~コスチューム&アクセサリー 紫陽咲花~,JPN
psvdlc,PCSG00046,Ciel Nosurge: Ushinawareta Hoshi e Sasagu Uta (Online version),空之波涛：为失落之星献诗 (线上版) [日文版],DLC-COSTUME000000013,シェルノサージュ~コスチューム&アクセサリー 読書日和~,JPN
psvdlc,PCSG00046,Ciel Nosurge: Ushinawareta Hoshi e Sasagu Uta (Online version),空之波涛：为失落之星献诗 (线上版) [日文版],DLC-COSTUME000000015,シェルノサージュ~コスチューム&アクセサリー カノン&ねりこパック~,JPN
psvdlc,PCSG00046,Ciel Nosurge: Ushinawareta Hoshi e Sasagu Uta (Online version),空之波涛：为失落之星献诗 (线上版) [日文版],DLC-COSTUME000000014,シェルノサージュ~コスチューム&アクセサリー ネイ&キャスパック~,JPN
psvdlc,PCSG00046,Ciel Nosurge: Ushinawareta Hoshi e Sasagu Uta (Online version),空之波涛：为失落之星献诗 (线上版) [日文版],DLC-COSTUME000000004,シェルノサージュ~コスチューム&アクセサリー ファッションフェスタ~,JPN
psvdlc,PCSG00046,Ciel Nosurge: Ushinawareta Hoshi e Sasagu Uta (Online version),空之波涛：为失落之星献诗 (线上版) [日文版],DLC-OTHERKEY00000001,シェルノサージュ~シャール・クラスチェンジパック~,JPN
psvdlc,PCSG00046,Ciel Nosurge: Ushinawareta Hoshi e Sasagu Uta (Online version),空之波涛：为失落之星献诗 (线上版) [日文版],DLC-STORY00000000002,シェルノサージュ~セカイパックvol.02【試練編2】~,JPN
psvdlc,PCSG00046,Ciel Nosurge: Ushinawareta Hoshi e Sasagu Uta (Online version),空之波涛：为失落之星献诗 (线上版) [日文版],DLC-STORY00000000003,シェルノサージュ~セカイパックvol.03【試練編3】~,JPN
psvdlc,PCSG00046,Ciel Nosurge: Ushinawareta Hoshi e Sasagu Uta (Online version),空之波涛：为失落之星献诗 (线上版) [日文版],DLC-STORY00000000004,シェルノサージュ~セカイパックvol.04【試練編最終幕】~,JPN
psvdlc,PCSG00046,Ciel Nosurge: Ushinawareta Hoshi e Sasagu Uta (Online version),空之波涛：为失落之星献诗 (线上版) [日文版],DLC-STORY00000000005,シェルノサージュ~セカイパックVol.05【崩壊編1】~,JPN
psvdlc,PCSG00046,Ciel Nosurge: Ushinawareta Hoshi e Sasagu Uta (Online version),空之波涛：为失落之星献诗 (线上版) [日文版],DLC-STORY00000000006,シェルノサージュ~セカイパックVol.06【崩壊編2】~,JPN
psvdlc,PCSG00046,Ciel Nosurge: Ushinawareta Hoshi e Sasagu Uta (Online version),空之波涛：为失落之星献诗 (线上版) [日文版],DLC-STORY00000000007,シェルノサージュ~セカイパックVol.07【崩壊編3】~,JPN
psvdlc,PCSG00046,Ciel Nosurge: Ushinawareta Hoshi e Sasagu Uta (Online version),空之波涛：为失落之星献诗 (线上版) [日文版],DLC-STORY00000000008,シェルノサージュ~セカイパックVol.08【崩壊編最終幕】~,JPN
psvdlc,PCSG00046,Ciel Nosurge: Ushinawareta Hoshi e Sasagu Uta (Online version),空之波涛：为失落之星献诗 (线上版) [日文版],DLC-STORY00000000009,シェルノサージュ~セカイパックVol.09【皇帝編1】~,JPN
psvdlc,PCSG00046,Ciel Nosurge: Ushinawareta Hoshi e Sasagu Uta (Online version),空之波涛：为失落之星献诗 (线上版) [日文版],DLC-STORY00000000010,シェルノサージュ~セカイパックVol.10【皇帝編2】~,JPN
psvdlc,PCSG00046,Ciel Nosurge: Ushinawareta Hoshi e Sasagu Uta (Online version),空之波涛：为失落之星献诗 (线上版) [日文版],DLC-STORY00000000011,シェルノサージュ~セカイパックVol.11【皇帝編3】~,JPN
psvdlc,PCSG00046,Ciel Nosurge: Ushinawareta Hoshi e Sasagu Uta (Online version),空之波涛：为失落之星献诗 (线上版) [日文版],DLC-STORY00000000012,シェルノサージュ~セカイパックVol.12【皇帝編最終幕】~,JPN
psvdlc,PCSG00046,Ciel Nosurge: Ushinawareta Hoshi e Sasagu Uta (Online version),空之波涛：为失落之星献诗 (线上版) [日文版],DLC-STORY00000000013,シェルノサージュ~ターミネイトパック~,JPN
psvdlc,PCSG00046,Ciel Nosurge: Ushinawareta Hoshi e Sasagu Uta (Online version),空之波涛：为失落之星献诗 (线上版) [日文版],DLC-SPECIALFREE00001,シェルノサージュ~初回限定プレゼントパック~,JPN
psvdlc,PCSG00057,orgarhythm,奥迦旋律 [日文版],DLC-ORGARHYTHM000015,orgarhythm addcont000015 Skill_108,JPN
psvdlc,PCSG00057,orgarhythm,奥迦旋律 [日文版],DLC-ORGARHYTHM000026,orgarhythm addcont000026 Skill_119,JPN
psvdlc,PCSG00057,orgarhythm,奥迦旋律 [日文版],DLC-ORGARHYTHM000201,orgarhythm UserBGM Stage01,JPN
psvdlc,PCSG00057,orgarhythm,奥迦旋律 [日文版],DLC-ORGARHYTHM000202,orgarhythm UserBGM Stage02,JPN
psvdlc,PCSG00057,orgarhythm,奥迦旋律 [日文版],DLC-ORGARHYTHM000203,orgarhythm UserBGM Stage03,JPN
psvdlc,PCSG00059,Hello Kitty to Issho: Block Crash V,和凯蒂猫在一起：方块冲击 V [日文版],DLC-IROHAPACK0000000,ハローキティといっしょ! ブロッククラッシュV 追加ステージ,JPN
psvdlc,PCSG00063,Street Fighter X Tekken,街霸×铁拳 [中日文版],DLC-00112COSCLRPTN01,Color Palette Add-On 1,JPN
psvdlc,PCSG00063,Street Fighter X Tekken,街霸×铁拳 [中日文版],DLC-00121COSCLRPTN10,Color Palette Add-On 10,JPN
psvdlc,PCSG00063,Street Fighter X Tekken,街霸×铁拳 [中日文版],DLC-00113COSCLRPTN02,Color Palette Add-On 2,JPN
psvdlc,PCSG00063,Street Fighter X Tekken,街霸×铁拳 [中日文版],DLC-00114COSCLRPTN03,Color Palette Add-On 3,JPN
psvdlc,PCSG00063,Street Fighter X Tekken,街霸×铁拳 [中日文版],DLC-00115COSCLRPTN04,Color Palette Add-On 4,JPN
psvdlc,PCSG00063,Street Fighter X Tekken,街霸×铁拳 [中日文版],DLC-00116COSCLRPTN05,Color Palette Add-On 5,JPN
psvdlc,PCSG00063,Street Fighter X Tekken,街霸×铁拳 [中日文版],DLC-00117COSCLRPTN06,Color Palette Add-On 6,JPN
psvdlc,PCSG00063,Street Fighter X Tekken,街霸×铁拳 [中日文版],DLC-00118COSCLRPTN07,Color Palette Add-On 7,JPN
psvdlc,PCSG00063,Street Fighter X Tekken,街霸×铁拳 [中日文版],DLC-00119COSCLRPTN08,Color Palette Add-On 8,JPN
psvdlc,PCSG00063,Street Fighter X Tekken,街霸×铁拳 [中日文版],DLC-00120COSCLRPTN09,Color Palette Add-On 9,JPN
psvdlc,PCSG00063,Street Fighter X Tekken,街霸×铁拳 [中日文版],DLC-00425SPCSYS00001,Preset Combo 3,JPN
psvdlc,PCSG00063,Street Fighter X Tekken,街霸×铁拳 [中日文版],DLC-00426SPCSYS00002,Preset Combo 4,JPN
psvdlc,PCSG00063,Street Fighter X Tekken,街霸×铁拳 [中日文版],DLC-00427SPCSYS00003,Preset Combo 5,JPN
psvdlc,PCSG00063,Street Fighter X Tekken,街霸×铁拳 [中日文版],DLC-00105COSPACARGAL,SFTK Alternate Costume Complete Pack,JPN
psvdlc,PCSG00063,Street Fighter X Tekken,街霸×铁拳 [中日文版],DLC-00123COSCLRSPC01,Special Color Palette 1,JPN
psvdlc,PCSG00063,Street Fighter X Tekken,街霸×铁拳 [中日文版],DLC-00125COSCLRSPC03,Special Color Palette 2,JPN
psvdlc,PCSG00063,Street Fighter X Tekken,街霸×铁拳 [中日文版],DLC-00124COSCLRSPC02,Special Color Palette 3,JPN
psvdlc,PCSG00063,Street Fighter X Tekken,街霸×铁拳 [中日文版],DLC-00126COSCLRSPC04,Special Color Palette 4,JPN
psvdlc,PCSG00074,Hatsune Miku -Project DIVA- f,初音未来：歌姬计划 F [日文版],DLC-PJDFDLC0503ADD39,Project DIVA f 追加アイテムセット,JPN
psvdlc,PCSG00074,Hatsune Miku -Project DIVA- f,初音未来：歌姬计划 F [日文版],DLC-PJDFDLC0502PV393,Project DIVA f 追加楽曲セット,JPN
psvdlc,PCSG00074,Hatsune Miku -Project DIVA- f,初音未来：歌姬计划 F [日文版],DLC-PJDFDLC0501TYW39,Tell Your World(楽曲・モジュールセット),JPN
psvdlc,PCSG00074,Hatsune Miku -Project DIVA- f,初音未来：歌姬计划 F [日文版],DLC-PJDFDLC0201TK393,みんなといっしょコラボセット,JPN
psvdlc,PCSG00074,Hatsune Miku -Project DIVA- f,初音未来：歌姬计划 F [日文版],DLC-PJDFDLC0402FA393,コンビニスタイル F,JPN
psvdlc,PCSG00074,Hatsune Miku -Project DIVA- f,初音未来：歌姬计划 F [日文版],DLC-PJDFDLC0101NHT39,追加モジュールセット(ネル、ハク、テト),JPN
psvdlc,PCSG00074,Hatsune Miku -Project DIVA- f,初音未来：歌姬计划 F [日文版],DLC-PJDFDLC0301YK393,雪ミク 2013 モジュールセット,JPN
psvdlc,PCSG00076,Valhalla Knights 3,瓦尔哈拉骑士 3 [日文版],DLC-DLCPACK000000030,FateEXTRA CCC “Caster” なりきりキャンペーン,JPN
psvdlc,PCSG00076,Valhalla Knights 3,瓦尔哈拉骑士 3 [日文版],DLC-DLCPACK000000029,FateEXTRA CCC “Saber” なりきりキャンペーン,JPN
psvdlc,PCSG00076,Valhalla Knights 3,瓦尔哈拉骑士 3 [日文版],DLC-DLCPACK000000001,おっぱいカスタマイズ(バストサイズ変更),JPN
psvdlc,PCSG00076,Valhalla Knights 3,瓦尔哈拉骑士 3 [日文版],DLC-DLCPACK000000003,もうけ話,JPN
psvdlc,PCSG00076,Valhalla Knights 3,瓦尔哈拉骑士 3 [日文版],DLC-DLCPACK000000031,トロ&クロ なりきりキャンペーン,JPN
psvdlc,PCSG00076,Valhalla Knights 3,瓦尔哈拉骑士 3 [日文版],DLC-DLCPACK000000001,バストサイズ変更,JPN
psvdlc,PCSG00076,Valhalla Knights 3,瓦尔哈拉骑士 3 [日文版],DLC-DLCPACK000000007,ヴァルベージ「円卓の書」,JPN
psvdlc,PCSG00076,Valhalla Knights 3,瓦尔哈拉骑士 3 [日文版],DLC-DLCPACK000000014,ヴァルベージ「楽園の書」,JPN
psvdlc,PCSG00076,Valhalla Knights 3,瓦尔哈拉骑士 3 [日文版],DLC-DLCPACK000000024,ヴァルベージ「死海の書」,JPN
psvdlc,PCSG00076,Valhalla Knights 3,瓦尔哈拉骑士 3 [日文版],DLC-DLCPACK000000004,ヴァルベージ「赤の書」,JPN
psvdlc,PCSG00076,Valhalla Knights 3,瓦尔哈拉骑士 3 [日文版],DLC-DLCPACK000000019,ヴァルベージ「金色の書」,JPN
psvdlc,PCSG00076,Valhalla Knights 3,瓦尔哈拉骑士 3 [日文版],DLC-DLCPACK000000027,ヴァルベージ「黙示録」,JPN
psvdlc,PCSG00076,Valhalla Knights 3,瓦尔哈拉骑士 3 [日文版],DLC-DLCPACK000000008,三つ子ドラゴンの暴走,JPN
psvdlc,PCSG00076,Valhalla Knights 3,瓦尔哈拉骑士 3 [日文版],DLC-DLCPACK000000006,夢のハーレム,JPN
psvdlc,PCSG00076,Valhalla Knights 3,瓦尔哈拉骑士 3 [日文版],DLC-DLCPACK000000017,女性店員の下着1,JPN
psvdlc,PCSG00076,Valhalla Knights 3,瓦尔哈拉骑士 3 [日文版],DLC-DLCPACK000000018,女性店員の下着2,JPN
psvdlc,PCSG00076,Valhalla Knights 3,瓦尔哈拉骑士 3 [日文版],DLC-DLCPACK000000021,女性店員の下着3,JPN
psvdlc,PCSG00076,Valhalla Knights 3,瓦尔哈拉骑士 3 [日文版],DLC-DLCPACK000000023,女性店員の下着4,JPN
psvdlc,PCSG00076,Valhalla Knights 3,瓦尔哈拉骑士 3 [日文版],DLC-DLCPACK000000025,女性店員の下着5,JPN
psvdlc,PCSG00076,Valhalla Knights 3,瓦尔哈拉骑士 3 [日文版],DLC-DLCPACK000000000,宝物庫の宝を入手せよ,JPN
psvdlc,PCSG00076,Valhalla Knights 3,瓦尔哈拉骑士 3 [日文版],DLC-DLCPACK000000011,最強クラン登場!,JPN
psvdlc,PCSG00076,Valhalla Knights 3,瓦尔哈拉骑士 3 [日文版],DLC-DLCPACK000000005,武人に安息を...,JPN
psvdlc,PCSG00076,Valhalla Knights 3,瓦尔哈拉骑士 3 [日文版],DLC-DLCPACK000000015,謎の夜会を調査せよ,JPN
psvdlc,PCSG00076,Valhalla Knights 3,瓦尔哈拉骑士 3 [日文版],DLC-DLCPACK000000026,金ピカ塗料,JPN
psvdlc,PCSG00113,Tottemo E Mahjong,非常E麻将 [日文版],DLC-ADDCHARACTER013Z,追加キャラクター新堂アリサ,JPN
psvdlc,PCSG00113,Tottemo E Mahjong,非常E麻将 [日文版],DLC-ADDCHARACTER008Z,追加キャラクター椿野詩朱,JPN
psvdlc,PCSG00113,Tottemo E Mahjong,非常E麻将 [日文版],DLC-ADDCHARACTER012Z,追加キャラクター相坂ひかり,JPN
psvdlc,PCSG00125,Tales of Hearts R,心灵传说 R [日文版],DLC-ADDCONT067ITM001,お料理食材セット,JPN
psvdlc,PCSG00125,Tales of Hearts R,心灵传说 R [日文版],DLC-ADDCONT066ITM000,冒険お役立ちセット,JPN
psvdlc,PCSG00125,Tales of Hearts R,心灵传说 R [日文版],DLC-ADDCONT058GLD000,冒険開始援助金,JPN
psvdlc,PCSG00133,Senran Kagura: Shinovi Versus,闪乱神乐：少女们的证明 [日文版],DLC-UW00000000000009,ハッピーハロウィン,JPN
psvdlc,PCSG00133,Senran Kagura: Shinovi Versus,闪乱神乐：少女们的证明 [日文版],DLC-UW00000000000008,ピュアピンク,JPN
psvdlc,PCSG00133,Senran Kagura: Shinovi Versus,闪乱神乐：少女们的证明 [日文版],DLC-UW00000000000007,ピュアブラック,JPN
psvdlc,PCSG00133,Senran Kagura: Shinovi Versus,闪乱神乐：少女们的证明 [日文版],DLC-UW00000000000006,ピュアホワイト,JPN
psvdlc,PCSG00133,Senran Kagura: Shinovi Versus,闪乱神乐：少女们的证明 [日文版],DLC-UW00000000000010,メリークリスマス,JPN
psvdlc,PCSG00133,Senran Kagura: Shinovi Versus,闪乱神乐：少女们的证明 [日文版],DLC-UW00000000000000,レインボーパンツ,JPN
psvdlc,PCSG00133,Senran Kagura: Shinovi Versus,闪乱神乐：少女们的证明 [日文版],DLC-NJ00000000000038,両備のサンタ色忍装束,JPN
psvdlc,PCSG00133,Senran Kagura: Shinovi Versus,闪乱神乐：少女们的证明 [日文版],DLC-HR00000000000032,両備のヘア,JPN
psvdlc,PCSG00133,Senran Kagura: Shinovi Versus,闪乱神乐：少女们的证明 [日文版],DLC-NJ00000000000039,両奈のサンタ色忍装束,JPN
psvdlc,PCSG00133,Senran Kagura: Shinovi Versus,闪乱神乐：少女们的证明 [日文版],DLC-HR00000000000033,両奈のヘア,JPN
psvdlc,PCSG00133,Senran Kagura: Shinovi Versus,闪乱神乐：少女们的证明 [日文版],DLC-NJ00000000000040,先輩のサンタ色忍装束,JPN
psvdlc,PCSG00133,Senran Kagura: Shinovi Versus,闪乱神乐：少女们的证明 [日文版],DLC-CH00000000000001,凛,JPN
psvdlc,PCSG00133,Senran Kagura: Shinovi Versus,闪乱神乐：少女们的证明 [日文版],DLC-NJ00000000000041,凛のサンタ色忍装束,JPN
psvdlc,PCSG00133,Senran Kagura: Shinovi Versus,闪乱神乐：少女们的证明 [日文版],DLC-NJ00000000000031,叢のサンタ色忍装束,JPN
psvdlc,PCSG00133,Senran Kagura: Shinovi Versus,闪乱神乐：少女们的证明 [日文版],DLC-HR00000000000025,叢のヘア,JPN
psvdlc,PCSG00133,Senran Kagura: Shinovi Versus,闪乱神乐：少女们的证明 [日文版],DLC-NJ00000000000033,四季のサンタ色忍装束,JPN
psvdlc,PCSG00133,Senran Kagura: Shinovi Versus,闪乱神乐：少女们的证明 [日文版],DLC-HR00000000000027,四季のヘア,JPN
psvdlc,PCSG00133,Senran Kagura: Shinovi Versus,闪乱神乐：少女们的证明 [日文版],DLC-NJ00000000000032,夜桜のサンタ色忍装束,JPN
psvdlc,PCSG00133,Senran Kagura: Shinovi Versus,闪乱神乐：少女们的证明 [日文版],DLC-HR00000000000026,夜桜のヘア,JPN
psvdlc,PCSG00133,Senran Kagura: Shinovi Versus,闪乱神乐：少女们的证明 [日文版],DLC-CH00000000000000,大道寺先輩,JPN
psvdlc,PCSG00133,Senran Kagura: Shinovi Versus,闪乱神乐：少女们的证明 [日文版],DLC-WB00000000000000,対戦チケット(購入特典),JPN
psvdlc,PCSG00133,Senran Kagura: Shinovi Versus,闪乱神乐：少女们的证明 [日文版],DLC-NJ00000000000037,忌夢のサンタ色忍装束,JPN
psvdlc,PCSG00133,Senran Kagura: Shinovi Versus,闪乱神乐：少女们的证明 [日文版],DLC-HR00000000000031,忌夢のヘア,JPN
psvdlc,PCSG00133,Senran Kagura: Shinovi Versus,闪乱神乐：少女们的证明 [日文版],DLC-NJ00000000000021,斑鳩のサンタ色忍装束,JPN
psvdlc,PCSG00133,Senran Kagura: Shinovi Versus,闪乱神乐：少女们的证明 [日文版],DLC-HR00000000000015,斑鳩のヘア,JPN
psvdlc,PCSG00133,Senran Kagura: Shinovi Versus,闪乱神乐：少女们的证明 [日文版],DLC-NJ00000000000027,日影のサンタ色忍装束,JPN
psvdlc,PCSG00133,Senran Kagura: Shinovi Versus,闪乱神乐：少女们的证明 [日文版],DLC-HR00000000000021,日影のヘア,JPN
psvdlc,PCSG00133,Senran Kagura: Shinovi Versus,闪乱神乐：少女们的证明 [日文版],DLC-NJ00000000000029,春花のサンタ色忍装束,JPN
psvdlc,PCSG00133,Senran Kagura: Shinovi Versus,闪乱神乐：少女们的证明 [日文版],DLC-HR00000000000023,春花のヘア,JPN
psvdlc,PCSG00133,Senran Kagura: Shinovi Versus,闪乱神乐：少女们的证明 [日文版],DLC-NJ00000000000028,未来のサンタ色忍装束,JPN
psvdlc,PCSG00133,Senran Kagura: Shinovi Versus,闪乱神乐：少女们的证明 [日文版],DLC-HR00000000000022,未来のヘア,JPN
psvdlc,PCSG00133,Senran Kagura: Shinovi Versus,闪乱神乐：少女们的证明 [日文版],DLC-NJ00000000000023,柳生のサンタ色忍装束,JPN
psvdlc,PCSG00133,Senran Kagura: Shinovi Versus,闪乱神乐：少女们的证明 [日文版],DLC-HR00000000000017,柳生のヘア,JPN
psvdlc,PCSG00133,Senran Kagura: Shinovi Versus,闪乱神乐：少女们的证明 [日文版],DLC-NJ00000000000025,焔のサンタ色忍装束,JPN
psvdlc,PCSG00133,Senran Kagura: Shinovi Versus,闪乱神乐：少女们的证明 [日文版],DLC-HR00000000000019,焔のヘア,JPN
psvdlc,PCSG00133,Senran Kagura: Shinovi Versus,闪乱神乐：少女们的证明 [日文版],DLC-NJ00000000000036,紫のサンタ色忍装束,JPN
psvdlc,PCSG00133,Senran Kagura: Shinovi Versus,闪乱神乐：少女们的证明 [日文版],DLC-HR00000000000030,紫のヘア,JPN
psvdlc,PCSG00133,Senran Kagura: Shinovi Versus,闪乱神乐：少女们的证明 [日文版],DLC-NJ00000000000034,美野里のサンタ色忍装束,JPN
psvdlc,PCSG00133,Senran Kagura: Shinovi Versus,闪乱神乐：少女们的证明 [日文版],DLC-HR00000000000028,美野里のヘア,JPN
psvdlc,PCSG00133,Senran Kagura: Shinovi Versus,闪乱神乐：少女们的证明 [日文版],DLC-NJ00000000000022,葛城のサンタ色忍装束,JPN
psvdlc,PCSG00133,Senran Kagura: Shinovi Versus,闪乱神乐：少女们的证明 [日文版],DLC-HR00000000000016,葛城のヘア,JPN
psvdlc,PCSG00133,Senran Kagura: Shinovi Versus,闪乱神乐：少女们的证明 [日文版],DLC-NJ00000000000026,詠のサンタ色忍装束,JPN
psvdlc,PCSG00133,Senran Kagura: Shinovi Versus,闪乱神乐：少女们的证明 [日文版],DLC-HR00000000000020,詠のヘア,JPN
psvdlc,PCSG00133,Senran Kagura: Shinovi Versus,闪乱神乐：少女们的证明 [日文版],DLC-NJ00000000000035,雅緋のサンタ色忍装束,JPN
psvdlc,PCSG00133,Senran Kagura: Shinovi Versus,闪乱神乐：少女们的证明 [日文版],DLC-HR00000000000029,雅緋のヘア,JPN
psvdlc,PCSG00133,Senran Kagura: Shinovi Versus,闪乱神乐：少女们的证明 [日文版],DLC-NJ00000000000030,雪泉のサンタ色忍装束,JPN
psvdlc,PCSG00133,Senran Kagura: Shinovi Versus,闪乱神乐：少女们的证明 [日文版],DLC-HR00000000000024,雪泉のヘア,JPN
psvdlc,PCSG00133,Senran Kagura: Shinovi Versus,闪乱神乐：少女们的证明 [日文版],DLC-NJ00000000000024,雲雀のサンタ色忍装束,JPN
psvdlc,PCSG00133,Senran Kagura: Shinovi Versus,闪乱神乐：少女们的证明 [日文版],DLC-HR00000000000018,雲雀のヘア,JPN
psvdlc,PCSG00133,Senran Kagura: Shinovi Versus,闪乱神乐：少女们的证明 [日文版],DLC-NJ00000000000020,飛鳥のサンタ色忍装束,JPN
psvdlc,PCSG00133,Senran Kagura: Shinovi Versus,闪乱神乐：少女们的证明 [日文版],DLC-HR00000000000014,飛鳥のヘア,JPN
psvdlc,PCSG00139,PhotoKano Kiss,写真女友 Kiss [日文版],DLC-PHOTOKANOKDLC001,DLC1 生徒会指定ブレザー&恋愛LV6下校デート「光の街路樹」,JPN
psvdlc,PCSG00139,PhotoKano Kiss,写真女友 Kiss [日文版],DLC-PHOTOKANOKDLC002,DLC2 サマーダンスウエア&恋愛LV6下校デート「ヨガ教室」,JPN
psvdlc,PCSG00139,PhotoKano Kiss,写真女友 Kiss [日文版],DLC-PHOTOKANOKDLC003,DLC3 旧タイプスクール水着&恋愛LV6下校デート「温水プール」,JPN
psvdlc,PCSG00139,PhotoKano Kiss,写真女友 Kiss [日文版],DLC-PHOTOKANOKDLC004,DLC4 プライベートミニスカート&恋愛LV6下校デート「足湯」,JPN
psvdlc,PCSG00139,PhotoKano Kiss,写真女友 Kiss [日文版],DLC-PHOTOKANOKDLC005,DLC5 スパッツタイプ体操服&恋愛LV6下校デート「体力測定」,JPN
psvdlc,PCSG00139,PhotoKano Kiss,写真女友 Kiss [日文版],DLC-PHOTOKANOKDLC006,DLC6 キュートビキニ&恋愛LV6下校デート「露天風呂」,JPN
psvdlc,PCSG00139,PhotoKano Kiss,写真女友 Kiss [日文版],DLC-PHOTOKANOKDLC056,「フォトカノ Kiss」DLC 2ndシーズン購入特典『濡れスクール水着』,JPN
psvdlc,PCSG00139,PhotoKano Kiss,写真女友 Kiss [日文版],DLC-PHOTOKANOKDLC047,カラフルビキニ 新見遙佳 室戸亜岐,JPN
psvdlc,PCSG00139,PhotoKano Kiss,写真女友 Kiss [日文版],DLC-PHOTOKANOKDLC048,カラフルビキニ 早倉舞衣 実原氷里,JPN
psvdlc,PCSG00139,PhotoKano Kiss,写真女友 Kiss [日文版],DLC-PHOTOKANOKDLC050,カラフルビキニ 深角友恵 果音 大谷桃子,JPN
psvdlc,PCSG00139,PhotoKano Kiss,写真女友 Kiss [日文版],DLC-PHOTOKANOKDLC049,カラフルビキニ 間咲ののか 柚ノ木梨奈,JPN
psvdlc,PCSG00139,PhotoKano Kiss,写真女友 Kiss [日文版],DLC-PHOTOKANOKDLC051,カーニバルファンタジー 新見遙佳 室戸亜岐,JPN
psvdlc,PCSG00139,PhotoKano Kiss,写真女友 Kiss [日文版],DLC-PHOTOKANOKDLC052,カーニバルファンタジー 早倉舞衣 実原氷里,JPN
psvdlc,PCSG00139,PhotoKano Kiss,写真女友 Kiss [日文版],DLC-PHOTOKANOKDLC054,カーニバルファンタジー 深角友恵 果音 大谷桃子,JPN
psvdlc,PCSG00139,PhotoKano Kiss,写真女友 Kiss [日文版],DLC-PHOTOKANOKDLC053,カーニバルファンタジー 間咲ののか 柚ノ木梨奈,JPN
psvdlc,PCSG00139,PhotoKano Kiss,写真女友 Kiss [日文版],DLC-PHOTOKANOKDLC043,ハートフルメイド 新見遙佳 室戸亜岐,JPN
psvdlc,PCSG00139,PhotoKano Kiss,写真女友 Kiss [日文版],DLC-PHOTOKANOKDLC044,ハートフルメイド 早倉舞衣 実原氷里,JPN
psvdlc,PCSG00139,PhotoKano Kiss,写真女友 Kiss [日文版],DLC-PHOTOKANOKDLC046,ハートフルメイド 深角友恵 果音 大谷桃子,JPN
psvdlc,PCSG00139,PhotoKano Kiss,写真女友 Kiss [日文版],DLC-PHOTOKANOKDLC045,ハートフルメイド 間咲ののか 柚ノ木梨奈,JPN
psvdlc,PCSG00140,Ragnarok Odyssey ACE,仙境传说 奥德赛 ACE [日文版],DLC-DLC5100000300001,Dokuro楽曲セット,JPN
psvdlc,PCSG00140,Ragnarok Odyssey ACE,仙境传说 奥德赛 ACE [日文版],DLC-DLC5100000200004,GRAVITY DAZETM セット,JPN
psvdlc,PCSG00140,Ragnarok Odyssey ACE,仙境传说 奥德赛 ACE [日文版],DLC-DLC503000100A045,Vジャンプマスク,JPN
psvdlc,PCSG00140,Ragnarok Odyssey ACE,仙境传说 奥德赛 ACE [日文版],DLC-DLC7100000300005,『AKIBA'S TRIP 2』セット,JPN
psvdlc,PCSG00140,Ragnarok Odyssey ACE,仙境传说 奥德赛 ACE [日文版],DLC-DLC6100000200009,『ソウル・サクリファイス』セット,JPN
psvdlc,PCSG00140,Ragnarok Odyssey ACE,仙境传说 奥德赛 ACE [日文版],DLC-DLC5030001007592,うたかた水着,JPN
psvdlc,PCSG00140,Ragnarok Odyssey ACE,仙境传说 奥德赛 ACE [日文版],DLC-DLC503000100A030,たれモックル人形,JPN
psvdlc,PCSG00140,Ragnarok Odyssey ACE,仙境传说 奥德赛 ACE [日文版],DLC-DLC6100000200008,エミル・クロニクル・オンラインセット,JPN
psvdlc,PCSG00140,Ragnarok Odyssey ACE,仙境传说 奥德赛 ACE [日文版],DLC-DLC503000100A050,エンシェントティアラ,JPN
psvdlc,PCSG00140,Ragnarok Odyssey ACE,仙境传说 奥德赛 ACE [日文版],DLC-DLC503000100A047,ガガプテンタクル,JPN
psvdlc,PCSG00140,Ragnarok Odyssey ACE,仙境传说 奥德赛 ACE [日文版],DLC-DLC5100000300004,クレイジータワー楽曲セット,JPN
psvdlc,PCSG00140,Ragnarok Odyssey ACE,仙境传说 奥德赛 ACE [日文版],DLC-DLC503000100A04F,クールサングラス,JPN
psvdlc,PCSG00140,Ragnarok Odyssey ACE,仙境传说 奥德赛 ACE [日文版],DLC-DLC5100000200001,グランディアセット,JPN
psvdlc,PCSG00140,Ragnarok Odyssey ACE,仙境传说 奥德赛 ACE [日文版],DLC-DLC7100000300002,ケリ姫スイーツセット,JPN
psvdlc,PCSG00140,Ragnarok Odyssey ACE,仙境传说 奥德赛 ACE [日文版],DLC-DLC503000100A048,シルクハット,JPN
psvdlc,PCSG00140,Ragnarok Odyssey ACE,仙境传说 奥德赛 ACE [日文版],DLC-DLC503000100A052,シーフヘッドカーチフ,JPN
psvdlc,PCSG00140,Ragnarok Odyssey ACE,仙境传说 奥德赛 ACE [日文版],DLC-DLC503000100A04C,スポア帽子,JPN
psvdlc,PCSG00140,Ragnarok Odyssey ACE,仙境传说 奥德赛 ACE [日文版],DLC-DLC5100000200002,ソルジャースケルトンセット,JPN
psvdlc,PCSG00140,Ragnarok Odyssey ACE,仙境传说 奥德赛 ACE [日文版],DLC-DLC7100000300006,トラックスーツ,JPN
psvdlc,PCSG00140,Ragnarok Odyssey ACE,仙境传说 奥德赛 ACE [日文版],DLC-DLC503000100A031,ノルンのリボン,JPN
psvdlc,PCSG00140,Ragnarok Odyssey ACE,仙境传说 奥德赛 ACE [日文版],DLC-DLC7100000300001,パズル&ドラゴンズセット,JPN
psvdlc,PCSG00140,Ragnarok Odyssey ACE,仙境传说 奥德赛 ACE [日文版],DLC-DLC5100000300009,ピコットナイト楽曲セット,JPN
psvdlc,PCSG00140,Ragnarok Odyssey ACE,仙境传说 奥德赛 ACE [日文版],DLC-DLC503000100A044,ペポカボチャヘッド,JPN
psvdlc,PCSG00140,Ragnarok Odyssey ACE,仙境传说 奥德赛 ACE [日文版],DLC-DLC0100000000001,ラグナロクオデッセイセット,JPN
psvdlc,PCSG00140,Ragnarok Odyssey ACE,仙境传说 奥德赛 ACE [日文版],DLC-DLC5100000300007,ラグナロクオンラインアレンジ楽曲セット,JPN
psvdlc,PCSG00140,Ragnarok Odyssey ACE,仙境传说 奥德赛 ACE [日文版],DLC-DLC5100000300008,ラグナロク~光と闇の皇女~楽曲セット,JPN
psvdlc,PCSG00140,Ragnarok Odyssey ACE,仙境传说 奥德赛 ACE [日文版],DLC-DLC8100000000001,ラグナロ娘withえふくま!ボイスセット,JPN
psvdlc,PCSG00140,Ragnarok Odyssey ACE,仙境传说 奥德赛 ACE [日文版],DLC-DLC5100000200007,ラグナロ娘ボイスセット,JPN
psvdlc,PCSG00140,Ragnarok Odyssey ACE,仙境传说 奥德赛 ACE [日文版],DLC-DLC503000100A059,世界樹の聖兜,JPN
psvdlc,PCSG00140,Ragnarok Odyssey ACE,仙境传说 奥德赛 ACE [日文版],DLC-DLC5100000200003,制服とお嬢様セット,JPN
psvdlc,PCSG00140,Ragnarok Odyssey ACE,仙境传说 奥德赛 ACE [日文版],DLC-DLC503000100A032,大きな鈴,JPN
psvdlc,PCSG00140,Ragnarok Odyssey ACE,仙境传说 奥德赛 ACE [日文版],DLC-DLC503000100A03B,大賢者の帽子,JPN
psvdlc,PCSG00140,Ragnarok Odyssey ACE,仙境传说 奥德赛 ACE [日文版],DLC-DLC503000100A04D,憂郷のサクラ,JPN
psvdlc,PCSG00140,Ragnarok Odyssey ACE,仙境传说 奥德赛 ACE [日文版],DLC-DLC5100000300003,戦国テンカトリガー楽曲セット,JPN
psvdlc,PCSG00140,Ragnarok Odyssey ACE,仙境传说 奥德赛 ACE [日文版],DLC-DLC503000100A041,狂信者のフード,JPN
psvdlc,PCSG00140,Ragnarok Odyssey ACE,仙境传说 奥德赛 ACE [日文版],DLC-DLC8100000000000,神兜と海賊帽子セット,JPN
psvdlc,PCSG00140,Ragnarok Odyssey ACE,仙境传说 奥德赛 ACE [日文版],DLC-DLC503000100A046,麗人の薔薇,JPN
psvdlc,PCSG00142,One Piece: Kaizoku Musou 2,海贼王：海贼无双 2 [日文版],DLC-COS0000000000016,ウソップ(2年前)追加衣装“着物”,JPN
psvdlc,PCSG00142,One Piece: Kaizoku Musou 2,海贼王：海贼无双 2 [日文版],DLC-COS0000000000020,エース追加衣装“SW”,JPN
psvdlc,PCSG00142,One Piece: Kaizoku Musou 2,海贼王：海贼无双 2 [日文版],DLC-COS0000000000017,サンジ(2年前)追加衣装“着物”,JPN
psvdlc,PCSG00142,One Piece: Kaizoku Musou 2,海贼王：海贼无双 2 [日文版],DLC-COS0000000000013,ゾロ(2年前)追加衣装“着物”,JPN
psvdlc,PCSG00142,One Piece: Kaizoku Musou 2,海贼王：海贼无双 2 [日文版],DLC-COS0000000000018,チョッパー(2年前)追加衣装“着物”,JPN
psvdlc,PCSG00142,One Piece: Kaizoku Musou 2,海贼王：海贼无双 2 [日文版],DLC-COS0000000000014,ナミ(2年前)追加衣装“着物”,JPN
psvdlc,PCSG00142,One Piece: Kaizoku Musou 2,海贼王：海贼无双 2 [日文版],DLC-COS0000000000015,ナミ(2年前)追加衣装“SW”,JPN
psvdlc,PCSG00142,One Piece: Kaizoku Musou 2,海贼王：海贼无双 2 [日文版],DLC-COS0000000000021,ハンコック追加衣装“女ヶ島”,JPN
psvdlc,PCSG00142,One Piece: Kaizoku Musou 2,海贼王：海贼无双 2 [日文版],DLC-COS0000000000012,ルフィ(2年前)追加衣装“侍”,JPN
psvdlc,PCSG00142,One Piece: Kaizoku Musou 2,海贼王：海贼无双 2 [日文版],DLC-COS0000000000019,ロビン(2年前)追加衣装“着物”,JPN
psvdlc,PCSG00142,One Piece: Kaizoku Musou 2,海贼王：海贼无双 2 [日文版],DLC-SCE0000000000000,追加エピソード“共闘!パンクハザード”,JPN
psvdlc,PCSG00150,Oboro Muramasa,胧村正 [日文版],DLC-OBOROMURAMASAPK3,朧村正 七夜祟妖魔忍伝,JPN
psvdlc,PCSG00150,Oboro Muramasa,胧村正 [日文版],DLC-OBOROMURAMASAPK2,朧村正 大根義民一揆,JPN
psvdlc,PCSG00150,Oboro Muramasa,胧村正 [日文版],DLC-OBOROMURAMASAPK1,朧村正 津奈缶猫魔稿,JPN
psvdlc,PCSG00150,Oboro Muramasa,胧村正 [日文版],DLC-OBOROMURAMASAPK4,朧村正 角隠女地獄,JPN
psvdlc,PCSG00159,AKIBA'S TRIP: Undead ＆ Undressed,秋叶脱物语 2 [日文版],DLC-AKIBASNEXTDLC006,AKIBA'S TRIP2 コラボセット01,JPN
psvdlc,PCSG00159,AKIBA'S TRIP: Undead ＆ Undressed,秋叶脱物语 2 [日文版],DLC-AKIBASNEXTDLC007,AKIBA'S TRIP2 コラボセット02,JPN
psvdlc,PCSG00159,AKIBA'S TRIP: Undead ＆ Undressed,秋叶脱物语 2 [日文版],DLC-AKIBASNEXTDLC008,AKIBA'S TRIP2 コラボセット03,JPN
psvdlc,PCSG00159,AKIBA'S TRIP: Undead ＆ Undressed,秋叶脱物语 2 [日文版],DLC-AKIBASNEXTDLC009,AKIBA'S TRIP2 コラボセット04,JPN
psvdlc,PCSG00159,AKIBA'S TRIP: Undead ＆ Undressed,秋叶脱物语 2 [日文版],DLC-AKIBASNEXTDLC010,AKIBA'S TRIP2 コラボセット05,JPN
psvdlc,PCSG00159,AKIBA'S TRIP: Undead ＆ Undressed,秋叶脱物语 2 [日文版],DLC-AKIBASNEXTDLC011,AKIBA'S TRIP2 コラボセット06,JPN
psvdlc,PCSG00159,AKIBA'S TRIP: Undead ＆ Undressed,秋叶脱物语 2 [日文版],DLC-AKIBASNEXTDLC012,AKIBA'S TRIP2 コラボセット07,JPN
psvdlc,PCSG00159,AKIBA'S TRIP: Undead ＆ Undressed,秋叶脱物语 2 [日文版],DLC-AKIBASNEXTDLC013,AKIBA'S TRIP2 コラボセット08,JPN
psvdlc,PCSG00159,AKIBA'S TRIP: Undead ＆ Undressed,秋叶脱物语 2 [日文版],DLC-AKIBASNEXTDLC014,AKIBA'S TRIP2 コラボセット09,JPN
psvdlc,PCSG00159,AKIBA'S TRIP: Undead ＆ Undressed,秋叶脱物语 2 [日文版],DLC-AKIBASNEXTDLC015,AKIBA'S TRIP2 コラボセット10,JPN
psvdlc,PCSG00159,AKIBA'S TRIP: Undead ＆ Undressed,秋叶脱物语 2 [日文版],DLC-AKIBASNEXTDLC018,AKIBA'S TRIP2 コラボセット12,JPN
psvdlc,PCSG00159,AKIBA'S TRIP: Undead ＆ Undressed,秋叶脱物语 2 [日文版],DLC-AKIBASNEXTDLC017,AKIBA'S TRIP2 予約特典,JPN
psvdlc,PCSG00159,AKIBA'S TRIP: Undead ＆ Undressed,秋叶脱物语 2 [日文版],DLC-AKIBASNEXTDLC000,AKIBA'S TRIP2 衣装セット01,JPN
psvdlc,PCSG00167,Dead or Alive 5 Plus,死或生 5 Plus [中日文版],DLC-CHEER02AYA000000,Cheerleader Ayane,JPN
psvdlc,PCSG00167,Dead or Alive 5 Plus,死或生 5 Plus [中日文版],DLC-CHEER04CRI000000,Cheerleader Christie,JPN
psvdlc,PCSG00167,Dead or Alive 5 Plus,死或生 5 Plus [中日文版],DLC-CHEER05HEL000000,Cheerleader Helena,JPN
psvdlc,PCSG00167,Dead or Alive 5 Plus,死或生 5 Plus [中日文版],DLC-CHEER07HTM000000,Cheerleader Hitomi,JPN
psvdlc,PCSG00167,Dead or Alive 5 Plus,死或生 5 Plus [中日文版],DLC-CHEER01KAS000000,Cheerleader Kasumi,JPN
psvdlc,PCSG00167,Dead or Alive 5 Plus,死或生 5 Plus [中日文版],DLC-CHEER08KOK000000,Cheerleader Kokoro,JPN
psvdlc,PCSG00167,Dead or Alive 5 Plus,死或生 5 Plus [中日文版],DLC-CHEER06LEI000000,Cheerleader Leifang,JPN
psvdlc,PCSG00167,Dead or Alive 5 Plus,死或生 5 Plus [中日文版],DLC-CHEER09LIS000000,Cheerleader Lisa,JPN
psvdlc,PCSG00167,Dead or Alive 5 Plus,死或生 5 Plus [中日文版],DLC-CHEER10MIL000000,Cheerleader Mila,JPN
psvdlc,PCSG00167,Dead or Alive 5 Plus,死或生 5 Plus [中日文版],DLC-CHEER03TIN000000,Cheerleader Tina,JPN
psvdlc,PCSG00167,Dead or Alive 5 Plus,死或生 5 Plus [中日文版],DLC-CHINAPACK1000000,China Pack,JPN
psvdlc,PCSG00167,Dead or Alive 5 Plus,死或生 5 Plus [中日文版],DLC-RABBIT0400000000,DOATEC Divas,JPN
psvdlc,PCSG00167,Dead or Alive 5 Plus,死或生 5 Plus [中日文版],DLC-FIGHTERPACK00000,Fighter Pack,JPN
psvdlc,PCSG00167,Dead or Alive 5 Plus,死或生 5 Plus [中日文版],DLC-COSTUME1FULL0000,First Time Pack,JPN
psvdlc,PCSG00167,Dead or Alive 5 Plus,死或生 5 Plus [中日文版],DLC-FORMAL2000000000,Formal Wear,JPN
psvdlc,PCSG00167,Dead or Alive 5 Plus,死或生 5 Plus [中日文版],DLC-EXERCISE10000000,Gym Class,JPN
psvdlc,PCSG00167,Dead or Alive 5 Plus,死或生 5 Plus [中日文版],DLC-SWIMC01KAS000000,Hot Getaway Pack 1,JPN
psvdlc,PCSG00167,Dead or Alive 5 Plus,死或生 5 Plus [中日文版],DLC-SWIMC07HTM000000,Hot Getaway Pack 2,JPN
psvdlc,PCSG00167,Dead or Alive 5 Plus,死或生 5 Plus [中日文版],DLC-SWIMC02AYA000000,Hot Getaway Pack 3,JPN
psvdlc,PCSG00167,Dead or Alive 5 Plus,死或生 5 Plus [中日文版],DLC-SWIMB10000000000,Hotties Swimwear Pack 1,JPN
psvdlc,PCSG00167,Dead or Alive 5 Plus,死或生 5 Plus [中日文版],DLC-SWIMB20000000000,Hotties Swimwear Pack 2,JPN
psvdlc,PCSG00167,Dead or Alive 5 Plus,死或生 5 Plus [中日文版],DLC-SWIMB30000000000,Hotties Swimwear Pack 3,JPN
psvdlc,PCSG00167,Dead or Alive 5 Plus,死或生 5 Plus [中日文版],DLC-CATEAR1000000000,Kitty Pack,JPN
psvdlc,PCSG00167,Dead or Alive 5 Plus,死或生 5 Plus [中日文版],DLC-SANTA06000000000,Lil' Santas 2,JPN
psvdlc,PCSG00167,Dead or Alive 5 Plus,死或生 5 Plus [中日文版],DLC-SANTA03000000000,Lil' Santas,JPN
psvdlc,PCSG00167,Dead or Alive 5 Plus,死或生 5 Plus [中日文版],DLC-SANTA05000000000,Naughty Girls 2,JPN
psvdlc,PCSG00167,Dead or Alive 5 Plus,死或生 5 Plus [中日文版],DLC-SANTA02000000000,Naughty Girls,JPN
psvdlc,PCSG00167,Dead or Alive 5 Plus,死或生 5 Plus [中日文版],DLC-SANTA04000000000,Nice Girls 2,JPN
psvdlc,PCSG00167,Dead or Alive 5 Plus,死或生 5 Plus [中日文版],DLC-SANTA01000000000,Nice Girls,JPN
psvdlc,PCSG00167,Dead or Alive 5 Plus,死或生 5 Plus [中日文版],DLC-SWIMA10000000000,Player's Swimwear Pack 1,JPN
psvdlc,PCSG00167,Dead or Alive 5 Plus,死或生 5 Plus [中日文版],DLC-SWIMA20000000000,Player's Swimwear Pack 2,JPN
psvdlc,PCSG00167,Dead or Alive 5 Plus,死或生 5 Plus [中日文版],DLC-SWIMA30000000000,Player's Swimwear Pack 3,JPN
psvdlc,PCSG00167,Dead or Alive 5 Plus,死或生 5 Plus [中日文版],DLC-RABBIT0800000000,Special Bunny Pack,JPN
psvdlc,PCSG00167,Dead or Alive 5 Plus,死或生 5 Plus [中日文版],DLC-CHARACOSTUME1000,Special Set 2,JPN
psvdlc,PCSG00167,Dead or Alive 5 Plus,死或生 5 Plus [中日文版],DLC-CHARACOSTUME2000,Special Set 3,JPN
psvdlc,PCSG00167,Dead or Alive 5 Plus,死或生 5 Plus [中日文版],DLC-SERIES1000000000,Special Set,JPN
psvdlc,PCSG00167,Dead or Alive 5 Plus,死或生 5 Plus [中日文版],DLC-RABBIT0100000000,Top Bunnies,JPN
psvdlc,PCSG00167,Dead or Alive 5 Plus,死或生 5 Plus [中日文版],DLC-UNIFORM100000000,Uniforms,JPN
psvdlc,PCSG00167,Dead or Alive 5 Plus,死或生 5 Plus [中日文版],DLC-FORMAL1000000000,What a Character,JPN
psvdlc,PCSG00171,Meruru no Atelier Plus: Arland no Renkinjutsushi 3,梅露露的炼金工房 Plus：雅兰德的炼金术士 3 [日文版],DLC-SPECIALFREE00001,初回封入特典 「きのこ姫の水着」「ミニわら帽子」,JPN
psvdlc,PCSG00171,Meruru no Atelier Plus: Arland no Renkinjutsushi 3,梅露露的炼金工房 Plus：雅兰德的炼金术士 3 [日文版],DLC-SPECIALFREE00004,差し替え用BGM追加 黄昏シリーズスペシャルパック,JPN
psvdlc,PCSG00180,BlazBlue: Chronophantasma,苍翼默示录：刻之幻影 [日文版],DLC-BBCPPSV000004000,追加キャラクタ―「ココノエ」,JPN
psvdlc,PCSG00189,三極姫２～天下覇統・獅志の継承者～,三极姬 2：天下霸统 狮之继承者 [日文版],DLC-0000000000000001,追加キャラクター:孟獲,JPN
psvdlc,PCSG00190,Super Robot Taisen OG Saga - Pride of Justice,超级机器人大战 OG 传说：魔装机神 3 [日文版],DLC-APPENDMAP0000016,キャンペーンマップ 「みなぎれ! 若さの力!」,JPN
psvdlc,PCSG00190,Super Robot Taisen OG Saga - Pride of Justice,超级机器人大战 OG 传说：魔装机神 3 [日文版],DLC-APPENDMAP0000017,キャンペーンマップ 「アンティラス隊の名にかけて」,JPN
psvdlc,PCSG00190,Super Robot Taisen OG Saga - Pride of Justice,超级机器人大战 OG 传说：魔装机神 3 [日文版],DLC-APPENDMAP0000004,キャンペーンマップ 「クライシス・オブ・サイレンス」,JPN
psvdlc,PCSG00190,Super Robot Taisen OG Saga - Pride of Justice,超级机器人大战 OG 传说：魔装机神 3 [日文版],DLC-APPENDMAP0000002,キャンペーンマップ 「ストレイ・メイズ」,JPN
psvdlc,PCSG00190,Super Robot Taisen OG Saga - Pride of Justice,超级机器人大战 OG 传说：魔装机神 3 [日文版],DLC-APPENDMAP0000011,キャンペーンマップ 「ゼルヴォイド・ヴァスト撃滅作戦」,JPN
psvdlc,PCSG00190,Super Robot Taisen OG Saga - Pride of Justice,超级机器人大战 OG 传说：魔装机神 3 [日文版],DLC-APPENDMAP0000005,キャンペーンマップ 「トレイスの訓練」,JPN
psvdlc,PCSG00190,Super Robot Taisen OG Saga - Pride of Justice,超级机器人大战 OG 传说：魔装机神 3 [日文版],DLC-APPENDMAP0000006,キャンペーンマップ 「人形、爆煙、豪雨のごとく」,JPN
psvdlc,PCSG00190,Super Robot Taisen OG Saga - Pride of Justice,超级机器人大战 OG 传说：魔装机神 3 [日文版],DLC-APPENDMAP0000000,キャンペーンマップ 「円月撮法!?」,JPN
psvdlc,PCSG00190,Super Robot Taisen OG Saga - Pride of Justice,超级机器人大战 OG 传说：魔装机神 3 [日文版],DLC-APPENDMAP0000018,キャンペーンマップ 「外法・傀儡召喚」,JPN
psvdlc,PCSG00190,Super Robot Taisen OG Saga - Pride of Justice,超级机器人大战 OG 传说：魔装机神 3 [日文版],DLC-APPENDMAP0000013,キャンペーンマップ 「大規模戦闘演習」,JPN
psvdlc,PCSG00190,Super Robot Taisen OG Saga - Pride of Justice,超级机器人大战 OG 传说：魔装机神 3 [日文版],DLC-APPENDMAP0000001,キャンペーンマップ 「奮闘、ノルス・レイ」,JPN
psvdlc,PCSG00190,Super Robot Taisen OG Saga - Pride of Justice,超级机器人大战 OG 传说：魔装机神 3 [日文版],DLC-APPENDMAP0000015,キャンペーンマップ 「女の敵」,JPN
psvdlc,PCSG00190,Super Robot Taisen OG Saga - Pride of Justice,超级机器人大战 OG 传说：魔装机神 3 [日文版],DLC-APPENDMAP0000003,キャンペーンマップ 「慎ましきこの部隊」,JPN
psvdlc,PCSG00190,Super Robot Taisen OG Saga - Pride of Justice,超级机器人大战 OG 传说：魔装机神 3 [日文版],DLC-APPENDMAP0000007,キャンペーンマップ 「暗殺術のススメ」,JPN
psvdlc,PCSG00190,Super Robot Taisen OG Saga - Pride of Justice,超级机器人大战 OG 传说：魔装机神 3 [日文版],DLC-APPENDMAP0000019,キャンペーンマップ 「最強とは」,JPN
psvdlc,PCSG00190,Super Robot Taisen OG Saga - Pride of Justice,超级机器人大战 OG 传说：魔装机神 3 [日文版],DLC-APPENDMAP0000010,キャンペーンマップ 「特訓! アドバーザリー部隊!!」,JPN
psvdlc,PCSG00190,Super Robot Taisen OG Saga - Pride of Justice,超级机器人大战 OG 传说：魔装机神 3 [日文版],DLC-APPENDMAP0000008,キャンペーンマップ 「誇り高き者達」,JPN
psvdlc,PCSG00190,Super Robot Taisen OG Saga - Pride of Justice,超级机器人大战 OG 传说：魔装机神 3 [日文版],DLC-APPENDMAP0000009,キャンペーンマップ 「追って追われて戦って」,JPN
psvdlc,PCSG00190,Super Robot Taisen OG Saga - Pride of Justice,超级机器人大战 OG 传说：魔装机神 3 [日文版],DLC-APPENDMAP0000012,キャンペーンマップ 「逆襲のネオ・グランゾン」,JPN
psvdlc,PCSG00190,Super Robot Taisen OG Saga - Pride of Justice,超级机器人大战 OG 传说：魔装机神 3 [日文版],DLC-APPENDMAP0000014,キャンペーンマップ 「邪霊バスターズ!?」,JPN
psvdlc,PCSG00190,Super Robot Taisen OG Saga - Pride of Justice,超级机器人大战 OG 传说：魔装机神 3 [日文版],DLC-PRODUCTPARTSSET4,フォーリーフィールド,JPN
psvdlc,PCSG00190,Super Robot Taisen OG Saga - Pride of Justice,超级机器人大战 OG 传说：魔装机神 3 [日文版],DLC-PRODUCTPARTSSET3,プラーナサーキュレーター,JPN
psvdlc,PCSG00190,Super Robot Taisen OG Saga - Pride of Justice,超级机器人大战 OG 传说：魔装机神 3 [日文版],DLC-PSVITA00VALSIONE,追加機体「ヴァルシオーネ」,JPN
psvdlc,PCSG00190,Super Robot Taisen OG Saga - Pride of Justice,超级机器人大战 OG 传说：魔装机神 3 [日文版],DLC-PRODUCTPARTSSET2,SPリペア,JPN
psvdlc,PCSG00193,Toukiden,讨鬼传 [日文版],DLC-TOUKIDENDLC02500,ミタマ[立花ぎん千代],JPN
psvdlc,PCSG00193,Toukiden,讨鬼传 [日文版],DLC-TOUKIDENDLC02200,ミタマ[竹中半兵衛],JPN
psvdlc,PCSG00193,Toukiden,讨鬼传 [日文版],DLC-TOUKIDENDLC02300,ミタマ[絵島],JPN
psvdlc,PCSG00193,Toukiden,讨鬼传 [日文版],DLC-TOUKIDENDLC02400,ミタマ[綾御前],JPN
psvdlc,PCSG00193,Toukiden,讨鬼传 [日文版],DLC-TOUKIDENDLC05000,追加任務集 壱,JPN
psvdlc,PCSG00193,Toukiden,讨鬼传 [日文版],DLC-TOUKIDENDLC05100,追加任務集 弐,JPN
psvdlc,PCSG00193,Toukiden,讨鬼传 [日文版],DLC-TOUKIDENDLC01100,防具「王道の法衣」,JPN
psvdlc,PCSG00193,Toukiden,讨鬼传 [日文版],DLC-TOUKIDENDLC01000,防具「V龍兜」,JPN
psvdlc,PCSG00195,Eiyuu Densetsu: Sen no Kiseki,英雄传说：闪之轨迹 [日文版],DLC-EDSENADDCONT0026,追加コンテンツ『無料お試しセット2』,JPN
psvdlc,PCSG00195,Eiyuu Densetsu: Sen no Kiseki,英雄传说：闪之轨迹 [日文版],DLC-EDSENADDCONT0025,追加コンテンツ『無料お試しセット』,JPN
psvdlc,PCSG00195,Eiyuu Densetsu: Sen no Kiseki,英雄传说：闪之轨迹 [日文版],DLC-EDSENADDCONT0100,追加コンテンツ『Sポムのエサ無料セット』,JPN
psvdlc,PCSG00197,Conception II: Children of the Seven Stars,受孕 2：七星之子 [日文版],DLC-CONCEPTION2DLC16,CONCEPTIONII モノクマの逆襲,JPN
psvdlc,PCSG00197,Conception II: Children of the Seven Stars,受孕 2：七星之子 [日文版],DLC-CONCEPTION2DLC15,CONCEPTIONII モノクマの進撃,JPN
psvdlc,PCSG00197,Conception II: Children of the Seven Stars,受孕 2：七星之子 [日文版],DLC-CONCEPTION2DLC12,CONCEPTIONII 哀しみの戦士,JPN
psvdlc,PCSG00197,Conception II: Children of the Seven Stars,受孕 2：七星之子 [日文版],DLC-CONCEPTION2DLC13,CONCEPTIONII 堕ちた聖徒,JPN
psvdlc,PCSG00197,Conception II: Children of the Seven Stars,受孕 2：七星之子 [日文版],DLC-CONCEPTION2DLC14,CONCEPTIONII 魔王再臨,JPN
psvdlc,PCSG00205,Hatsune Miku -Project DIVA- F 2nd,初音未来：歌姬计划 F2 [日文版],DLC-PJDF2MIK218ID847,AMERICANA,JPN
psvdlc,PCSG00205,Hatsune Miku -Project DIVA- F 2nd,初音未来：歌姬计划 F2 [日文版],DLC-PJDF2PV0758ID800,Change me,JPN
psvdlc,PCSG00205,Hatsune Miku -Project DIVA- F 2nd,初音未来：歌姬计划 F2 [日文版],DLC-PJDF2PV0762ID840,Just Be Friends,JPN
psvdlc,PCSG00205,Hatsune Miku -Project DIVA- F 2nd,初音未来：歌姬计划 F2 [日文版],DLC-PJDF2KAI233ID816,KAITO クリスマス,JPN
psvdlc,PCSG00205,Hatsune Miku -Project DIVA- F 2nd,初音未来：歌姬计划 F2 [日文版],DLC-PJDF2DLC05KAI203,KAITO スイムウェアV AS,JPN
psvdlc,PCSG00205,Hatsune Miku -Project DIVA- F 2nd,初音未来：歌姬计划 F2 [日文版],DLC-PJDF2DLC05KAI202,KAITO スイムウェアV,JPN
psvdlc,PCSG00205,Hatsune Miku -Project DIVA- F 2nd,初音未来：歌姬计划 F2 [日文版],DLC-PJDF2PV0766ID841,magnet,JPN
psvdlc,PCSG00205,Hatsune Miku -Project DIVA- F 2nd,初音未来：歌姬计划 F2 [日文版],DLC-PJDF2MEI238ID817,MEIKO クリスマス,JPN
psvdlc,PCSG00205,Hatsune Miku -Project DIVA- F 2nd,初音未来：歌姬计划 F2 [日文版],DLC-PJDF2DLC05MEI204,MEIKO スイムウェア,JPN
psvdlc,PCSG00205,Hatsune Miku -Project DIVA- F 2nd,初音未来：歌姬计划 F2 [日文版],DLC-PJDF2PV0770ID861,Promise,JPN
psvdlc,PCSG00205,Hatsune Miku -Project DIVA- F 2nd,初音未来：歌姬计划 F2 [日文版],DLC-PJDF2PV0763ID860,Rosary Pale,JPN
psvdlc,PCSG00205,Hatsune Miku -Project DIVA- F 2nd,初音未来：歌姬计划 F2 [日文版],DLC-PJDF2PV0759ID801,Yellow,JPN
psvdlc,PCSG00205,Hatsune Miku -Project DIVA- F 2nd,初音未来：歌姬计划 F2 [日文版],DLC-PJDF2DLC03MIK189,うさみみパーカー,JPN
psvdlc,PCSG00205,Hatsune Miku -Project DIVA- F 2nd,初音未来：歌姬计划 F2 [日文版],DLC-PJDF2PV0769ID891,えれくとりっく・えんじぇぅ,JPN
psvdlc,PCSG00205,Hatsune Miku -Project DIVA- F 2nd,初音未来：歌姬计划 F2 [日文版],DLC-PJDF2DLC03KAI193,おサカナつなぎ,JPN
psvdlc,PCSG00205,Hatsune Miku -Project DIVA- F 2nd,初音未来：歌姬计划 F2 [日文版],DLC-PJDF2DLC07PV0757,こっち向いて Baby,JPN
psvdlc,PCSG00205,Hatsune Miku -Project DIVA- F 2nd,初音未来：歌姬计划 F2 [日文版],DLC-PJDF2DLC03LUK192,ねこみみパーカー,JPN
psvdlc,PCSG00205,Hatsune Miku -Project DIVA- F 2nd,初音未来：歌姬计划 F2 [日文版],DLC-PJDF2DLC03MEI194,ひつじさんウェア,JPN
psvdlc,PCSG00205,Hatsune Miku -Project DIVA- F 2nd,初音未来：歌姬计划 F2 [日文版],DLC-PJDF2DLC03LEN191,アルパーカー L,JPN
psvdlc,PCSG00205,Hatsune Miku -Project DIVA- F 2nd,初音未来：歌姬计划 F2 [日文版],DLC-PJDF2DLC03RIN190,アルパーカー R,JPN
psvdlc,PCSG00205,Hatsune Miku -Project DIVA- F 2nd,初音未来：歌姬计划 F2 [日文版],DLC-PJDF2DLCEDITP001,エディットスタートパック,JPN
psvdlc,PCSG00205,Hatsune Miku -Project DIVA- F 2nd,初音未来：歌姬计划 F2 [日文版],DLC-PJDF2DLC04HAK196,ゴシック・パープル,JPN
psvdlc,PCSG00205,Hatsune Miku -Project DIVA- F 2nd,初音未来：歌姬计划 F2 [日文版],DLC-PJDF2MIK214ID846,チャイナ,JPN
psvdlc,PCSG00205,Hatsune Miku -Project DIVA- F 2nd,初音未来：歌姬计划 F2 [日文版],DLC-PJDF2DLC04SAK197,ノスタルジー,JPN
psvdlc,PCSG00205,Hatsune Miku -Project DIVA- F 2nd,初音未来：歌姬计划 F2 [日文版],DLC-PJDF2PV0767ID880,マージナル,JPN
psvdlc,PCSG00205,Hatsune Miku -Project DIVA- F 2nd,初音未来：歌姬计划 F2 [日文版],DLC-PJDF2DLC07DAY187,ミクダヨー,JPN
psvdlc,PCSG00205,Hatsune Miku -Project DIVA- F 2nd,初音未来：歌姬计划 F2 [日文版],DLC-PJDF2PV0764ID810,ローリンガール,JPN
psvdlc,PCSG00205,Hatsune Miku -Project DIVA- F 2nd,初音未来：歌姬计划 F2 [日文版],DLC-PJDF2NER244ID866,亞北ネル スイムウェア,JPN
psvdlc,PCSG00205,Hatsune Miku -Project DIVA- F 2nd,初音未来：歌姬计划 F2 [日文版],DLC-PJDF2PV0768ID881,初めての恋が終わる時,JPN
psvdlc,PCSG00205,Hatsune Miku -Project DIVA- F 2nd,初音未来：歌姬计划 F2 [日文版],DLC-PJDF2MIK210ID812,初音ミク クリスマス,JPN
psvdlc,PCSG00205,Hatsune Miku -Project DIVA- F 2nd,初音未来：歌姬计划 F2 [日文版],DLC-PJDF2DLC05MIK198,初音ミク スイムウェア,JPN
psvdlc,PCSG00205,Hatsune Miku -Project DIVA- F 2nd,初音未来：歌姬计划 F2 [日文版],DLC-PJDF2SAK246ID868,咲音メイコ スイムウェア,JPN
psvdlc,PCSG00205,Hatsune Miku -Project DIVA- F 2nd,初音未来：歌姬计划 F2 [日文版],DLC-PJDF2PV0760ID830,孤独の果て,JPN
psvdlc,PCSG00205,Hatsune Miku -Project DIVA- F 2nd,初音未来：歌姬计划 F2 [日文版],DLC-PJDF2LUK227ID815,巡音ルカ クリスマス,JPN
psvdlc,PCSG00205,Hatsune Miku -Project DIVA- F 2nd,初音未来：歌姬计划 F2 [日文版],DLC-PJDF2DLC05LUK201,巡音ルカ スイムウェアP,JPN
psvdlc,PCSG00205,Hatsune Miku -Project DIVA- F 2nd,初音未来：歌姬计划 F2 [日文版],DLC-PJDF2HAK245ID867,弱音ハク スイムウェア,JPN
psvdlc,PCSG00205,Hatsune Miku -Project DIVA- F 2nd,初音未来：歌姬计划 F2 [日文版],DLC-PJDF2DLC06PV0755,愛言葉,JPN
psvdlc,PCSG00205,Hatsune Miku -Project DIVA- F 2nd,初音未来：歌姬计划 F2 [日文版],DLC-PJDF2PV0765ID890,歌に形はないけれど,JPN
psvdlc,PCSG00205,Hatsune Miku -Project DIVA- F 2nd,初音未来：歌姬计划 F2 [日文版],DLC-PJDF2DLC06PV0756,積乱雲グラフィティ,JPN
psvdlc,PCSG00205,Hatsune Miku -Project DIVA- F 2nd,初音未来：歌姬计划 F2 [日文版],DLC-PJDF2PV0761ID831,那由他の彼方まで,JPN
psvdlc,PCSG00205,Hatsune Miku -Project DIVA- F 2nd,初音未来：歌姬计划 F2 [日文版],DLC-PJDF2DLC04NER195,部活少女,JPN
psvdlc,PCSG00205,Hatsune Miku -Project DIVA- F 2nd,初音未来：歌姬计划 F2 [日文版],DLC-PJDF2TET247ID869,重音テト スイムウェア,JPN
psvdlc,PCSG00205,Hatsune Miku -Project DIVA- F 2nd,初音未来：歌姬计划 F2 [日文版],DLC-PJDF2RIN221ID813,鏡音リン クリスマス,JPN
psvdlc,PCSG00205,Hatsune Miku -Project DIVA- F 2nd,初音未来：歌姬计划 F2 [日文版],DLC-PJDF2DLC05RIN199,鏡音リン スイムウェア,JPN
psvdlc,PCSG00205,Hatsune Miku -Project DIVA- F 2nd,初音未来：歌姬计划 F2 [日文版],DLC-PJDF2LEN224ID814,鏡音レン クリスマス,JPN
psvdlc,PCSG00205,Hatsune Miku -Project DIVA- F 2nd,初音未来：歌姬计划 F2 [日文版],DLC-PJDF2DLC05LEN200,鏡音レン スイムウェア,JPN
psvdlc,PCSG00209,Warriors Orochi 2 Ultimate,无双大蛇 2 终极版 [日文版],DLC-OROCHI2SPWLP0016,PlayStation®4版『無双OROCHI2 Ultimate』 発売記念壁紙セット,JPN
psvdlc,PCSG00209,Warriors Orochi 2 Ultimate,无双大蛇 2 终极版 [日文版],DLC-OR02ULTSPEWPN004,Vジャンプ20周年特製趙雲専用武器「武威龍の槍(ブイロンノヤリ)」,JPN
psvdlc,PCSG00209,Warriors Orochi 2 Ultimate,无双大蛇 2 终极版 [日文版],DLC-OR02ULTADDWLP000,『無双OROCHI2 Ultimate』発売記念壁紙セット,JPN
psvdlc,PCSG00209,Warriors Orochi 2 Ultimate,无双大蛇 2 终极版 [日文版],DLC-OR02ULTEXSBGM000,『真・三國無双6 Empires』BGMセット,JPN
psvdlc,PCSG00209,Warriors Orochi 2 Ultimate,无双大蛇 2 终极版 [日文版],DLC-OR02USM6O1COS049,『真・三國無双6』オリジナル衣装「王元姫」,JPN
psvdlc,PCSG00209,Warriors Orochi 2 Ultimate,无双大蛇 2 终极版 [日文版],DLC-OR02ULTADDWLP001,コラボタイトル壁紙セット2,JPN
psvdlc,PCSG00209,Warriors Orochi 2 Ultimate,无双大蛇 2 终极版 [日文版],DLC-OROCHI02FRCOS000,無料衣装セット,JPN
psvdlc,PCSG00213,Dragon Ball Z: Battle of Z,龙珠 Z：终极之战 [日文版],DLC-DLCPACKAGE000001,スーパーベジット,JPN
psvdlc,PCSG00213,Dragon Ball Z: Battle of Z,龙珠 Z：终极之战 [日文版],DLC-DLCPACKAGE000002,超サイヤ人 バーダック,JPN
psvdlc,PCSG00214,Puella Magi Madoka Magica - The Battle Pentagram,魔法少女小圆：战斗五角之星 [日文版],DLC-MADOKATBP0COS051,追加衣装 佐倉杏子 見滝原制服,JPN
psvdlc,PCSG00214,Puella Magi Madoka Magica - The Battle Pentagram,魔法少女小圆：战斗五角之星 [日文版],DLC-MADOKATBP0COS035,追加衣装 巴マミ アラカルト(アイドル),JPN
psvdlc,PCSG00214,Puella Magi Madoka Magica - The Battle Pentagram,魔法少女小圆：战斗五角之星 [日文版],DLC-MADOKATBP0COS031,追加衣装 巴マミ 見滝原制服,JPN
psvdlc,PCSG00214,Puella Magi Madoka Magica - The Battle Pentagram,魔法少女小圆：战斗五角之星 [日文版],DLC-MADOKATBP0COS044,追加衣装 暁美ほむら 水着,JPN
psvdlc,PCSG00214,Puella Magi Madoka Magica - The Battle Pentagram,魔法少女小圆：战斗五角之星 [日文版],DLC-MADOKATBP0COS041,追加衣装 暁美ほむら 見滝原制服,JPN
psvdlc,PCSG00214,Puella Magi Madoka Magica - The Battle Pentagram,魔法少女小圆：战斗五角之星 [日文版],DLC-MADOKATBP0COS023,追加衣装 美樹さやか パジャマ,JPN
psvdlc,PCSG00214,Puella Magi Madoka Magica - The Battle Pentagram,魔法少女小圆：战斗五角之星 [日文版],DLC-MADOKATBP0COS012,追加衣装 鹿目まどか 体操服,JPN
psvdlc,PCSG00221,Magical Beat,魔幻节拍 [日文版],DLC-ADDITIONALDATA22,XBLAZE追加曲&キャラ - いつもの景色 - エルス,JPN
psvdlc,PCSG00221,Magical Beat,魔幻节拍 [日文版],DLC-ADDITIONALDATA23,XBLAZE追加曲&キャラ - カレー屋 まは★ら~じゃ - 林檎,JPN
psvdlc,PCSG00221,Magical Beat,魔幻节拍 [日文版],DLC-ADDITIONALDATA21,XBLAZE追加曲&キャラ - マガキケモノ - ゼクス,JPN
psvdlc,PCSG00221,Magical Beat,魔幻节拍 [日文版],DLC-ADDITIONALDATA26,XBLAZE追加曲&キャラ - 世界はキミの為に鳴る - 橙八,JPN
psvdlc,PCSG00221,Magical Beat,魔幻节拍 [日文版],DLC-ADDITIONALDATA20,XBLAZE追加曲&キャラ - 情の奔流 - 久音,JPN
psvdlc,PCSG00221,Magical Beat,魔幻节拍 [日文版],DLC-ADDITIONALDATA11,XBLAZE追加曲&キャラ - 殺戮ショータイム - リッパー,JPN
psvdlc,PCSG00221,Magical Beat,魔幻节拍 [日文版],DLC-ADDITIONALDATA08,XBLAZE追加曲&キャラ - 疾走 - Es,JPN
psvdlc,PCSG00221,Magical Beat,魔幻节拍 [日文版],DLC-ADDITIONALDATA13,XBLAZE追加曲&キャラ - 紅蓮のココロ - 久音,JPN
psvdlc,PCSG00221,Magical Beat,魔幻节拍 [日文版],DLC-ADDITIONALDATA25,XBLAZE追加曲&キャラ - 紫苑の巫女 - 冥,JPN
psvdlc,PCSG00221,Magical Beat,魔幻节拍 [日文版],DLC-ADDITIONALDATA09,XBLAZE追加曲&キャラ - 翠のやすらぎ - ひなた,JPN
psvdlc,PCSG00221,Magical Beat,魔幻节拍 [日文版],DLC-ADDITIONALDATA12,XBLAZE追加曲&キャラ - 血染めの忠臣 - ドライ,JPN
psvdlc,PCSG00221,Magical Beat,魔幻节拍 [日文版],DLC-ADDITIONALDATA10,XBLAZE追加曲&キャラ - 覚悟を胸に - 冥,JPN
psvdlc,PCSG00221,Magical Beat,魔幻节拍 [日文版],DLC-ADDITIONALDATA24,XBLAZE追加曲&キャラ - 零度の微笑 - アハト,JPN
psvdlc,PCSG00221,Magical Beat,魔幻节拍 [日文版],DLC-ADDITIONALDATA01,ギルティギア追加曲パック,JPN
psvdlc,PCSG00221,Magical Beat,魔幻节拍 [日文版],DLC-ADDITIONALDATA16,ブレイブルー追加曲&キャラ - Active Angel - プラチナ,JPN
psvdlc,PCSG00221,Magical Beat,魔幻节拍 [日文版],DLC-ADDITIONALDATA17,ブレイブルー追加曲&キャラ - Alexandrite - マコト,JPN
psvdlc,PCSG00221,Magical Beat,魔幻节拍 [日文版],DLC-ADDITIONALDATA06,ブレイブルー追加曲&キャラ - Blood Pain II - ココノエ,JPN
psvdlc,PCSG00221,Magical Beat,魔幻节拍 [日文版],DLC-ADDITIONALDATA04,ブレイブルー追加曲&キャラ - Bullet Dance - ノエル,JPN
psvdlc,PCSG00221,Magical Beat,魔幻节拍 [日文版],DLC-ADDITIONALDATA14,ブレイブルー追加曲&キャラ - Catus Carnival - タオカカ,JPN
psvdlc,PCSG00221,Magical Beat,魔幻节拍 [日文版],DLC-ADDITIONALDATA05,ブレイブルー追加曲&キャラ - Condemnation Wings - ツバキ,JPN
psvdlc,PCSG00221,Magical Beat,魔幻节拍 [日文版],DLC-ADDITIONALDATA28,ブレイブルー追加曲&キャラ - Gluttony Fang - ハザマ,JPN
psvdlc,PCSG00221,Magical Beat,魔幻节拍 [日文版],DLC-ADDITIONALDATA27,ブレイブルー追加曲&キャラ - Lust SIN - ジン,JPN
psvdlc,PCSG00221,Magical Beat,魔幻节拍 [日文版],DLC-ADDITIONALDATA30,ブレイブルー追加曲&キャラ - Marionette Purple - カルル,JPN
psvdlc,PCSG00221,Magical Beat,魔幻节拍 [日文版],DLC-ADDITIONALDATA29,ブレイブルー追加曲&キャラ - Queen of rose - レイチェル,JPN
psvdlc,PCSG00221,Magical Beat,魔幻节拍 [日文版],DLC-ADDITIONALDATA03,ブレイブルー追加曲&キャラ - Rebellion - ラグナ,JPN
psvdlc,PCSG00221,Magical Beat,魔幻节拍 [日文版],DLC-ADDITIONALDATA32,ブレイブルー追加曲&キャラ - Reppu II - バング,JPN
psvdlc,PCSG00221,Magical Beat,魔幻节拍 [日文版],DLC-ADDITIONALDATA07,ブレイブルー追加曲&キャラ - SIX-HEROES - ハザマ,JPN
psvdlc,PCSG00221,Magical Beat,魔幻节拍 [日文版],DLC-ADDITIONALDATA31,ブレイブルー追加曲&キャラ - Susanooh II - ハクメン,JPN
psvdlc,PCSG00221,Magical Beat,魔幻节拍 [日文版],DLC-ADDITIONALDATA15,ブレイブルー追加曲&キャラ - Thin RED Line - アラクネ,JPN
psvdlc,PCSG00221,Magical Beat,魔幻节拍 [日文版],DLC-ADDITIONALDATA02,ブレイブルー追加曲&キャラ - Under Heaven Destruction - ラグナ,JPN
psvdlc,PCSG00221,Magical Beat,魔幻节拍 [日文版],DLC-ADDITIONALDATA18,ブレイブルー追加曲&キャラ - White Requiem II - レイチェル,JPN
psvdlc,PCSG00221,Magical Beat,魔幻节拍 [日文版],DLC-ADDITIONALDATA19,ブレイブルー追加曲&キャラ - X-Matic II - カルル,JPN
psvdlc,PCSG00221,Magical Beat,魔幻节拍 [日文版],DLC-ADDITIONALDATA33,熱血硬派くにおくん 追加曲&キャラセット,JPN
psvdlc,PCSG00224,Puyo Puyo Tetris,噗哟噗哟的俄罗斯方块 [日文版],DLC-CONTENT000000018,EX10章 星座空間のゆめ,JPN
psvdlc,PCSG00224,Puyo Puyo Tetris,噗哟噗哟的俄罗斯方块 [日文版],DLC-CONTENT000000016,EX8章 すずらんのゆめ,JPN
psvdlc,PCSG00224,Puyo Puyo Tetris,噗哟噗哟的俄罗斯方块 [日文版],DLC-CONTENT000000017,EX9章 プリンプのゆめ,JPN
psvdlc,PCSG00224,Puyo Puyo Tetris,噗哟噗哟的俄罗斯方块 [日文版],DLC-CONTENT000000108,♪Darkness of Puyopuyo2,JPN
psvdlc,PCSG00224,Puyo Puyo Tetris,噗哟噗哟的俄罗斯方块 [日文版],DLC-CONTENT000000105,♪Last from Puyopuyo2,JPN
psvdlc,PCSG00224,Puyo Puyo Tetris,噗哟噗哟的俄罗斯方块 [日文版],DLC-CONTENT000000107,♪Let's play with a rival,JPN
psvdlc,PCSG00224,Puyo Puyo Tetris,噗哟噗哟的俄罗斯方块 [日文版],DLC-CONTENT000000104,♪Request from Puyopuyo,JPN
psvdlc,PCSG00224,Puyo Puyo Tetris,噗哟噗哟的俄罗斯方块 [日文版],DLC-CONTENT000000109,♪ぷよぷよのうた,JPN
psvdlc,PCSG00224,Puyo Puyo Tetris,噗哟噗哟的俄罗斯方块 [日文版],DLC-CONTENT000000102,♪へっぽこ魔王最強伝説,JPN
psvdlc,PCSG00224,Puyo Puyo Tetris,噗哟噗哟的俄罗斯方块 [日文版],DLC-CONTENT000000101,♪システム16テトリス,JPN
psvdlc,PCSG00224,Puyo Puyo Tetris,噗哟噗哟的俄罗斯方块 [日文版],DLC-CONTENT000000106,♪宇宙の命運をかけて,JPN
psvdlc,PCSG00224,Puyo Puyo Tetris,噗哟噗哟的俄罗斯方块 [日文版],DLC-CONTENT000000110,♪時空を超えて久しぶり,JPN
psvdlc,PCSG00224,Puyo Puyo Tetris,噗哟噗哟的俄罗斯方块 [日文版],DLC-CONTENT000000103,♪紅き叫びの波動!,JPN
psvdlc,PCSG00224,Puyo Puyo Tetris,噗哟噗哟的俄罗斯方块 [日文版],DLC-CONTENT000000405,ぷよスキン ゲームギア,JPN
psvdlc,PCSG00224,Puyo Puyo Tetris,噗哟噗哟的俄罗斯方块 [日文版],DLC-CONTENT000000403,ぷよスキン ソニック,JPN
psvdlc,PCSG00224,Puyo Puyo Tetris,噗哟噗哟的俄罗斯方块 [日文版],DLC-CONTENT000000404,ぷよスキン テトリス風,JPN
psvdlc,PCSG00224,Puyo Puyo Tetris,噗哟噗哟的俄罗斯方块 [日文版],DLC-CONTENT000000402,ぷよスキン ヒューマン,JPN
psvdlc,PCSG00224,Puyo Puyo Tetris,噗哟噗哟的俄罗斯方块 [日文版],DLC-CONTENT000000401,ぷよスキン ブロック,JPN
psvdlc,PCSG00224,Puyo Puyo Tetris,噗哟噗哟的俄罗斯方块 [日文版],DLC-CONTENT000000504,テトリミノ ぷよぷよ風,JPN
psvdlc,PCSG00224,Puyo Puyo Tetris,噗哟噗哟的俄罗斯方块 [日文版],DLC-CONTENT000000502,テトリミノ セガアーケード,JPN
psvdlc,PCSG00224,Puyo Puyo Tetris,噗哟噗哟的俄罗斯方块 [日文版],DLC-CONTENT000000505,テトリミノ ソニックミノ,JPN
psvdlc,PCSG00224,Puyo Puyo Tetris,噗哟噗哟的俄罗斯方块 [日文版],DLC-CONTENT000000501,テトリミノ ダイス,JPN
psvdlc,PCSG00224,Puyo Puyo Tetris,噗哟噗哟的俄罗斯方块 [日文版],DLC-CONTENT000000503,テトリミノ レトロ,JPN
psvdlc,PCSG00224,Puyo Puyo Tetris,噗哟噗哟的俄罗斯方块 [日文版],DLC-CONTENT000000309,ボイス ウィッチ,JPN
psvdlc,PCSG00224,Puyo Puyo Tetris,噗哟噗哟的俄罗斯方块 [日文版],DLC-CONTENT000000311,ボイス エコロ,JPN
psvdlc,PCSG00224,Puyo Puyo Tetris,噗哟噗哟的俄罗斯方块 [日文版],DLC-CONTENT000000312,ボイス エックス,JPN
psvdlc,PCSG00224,Puyo Puyo Tetris,噗哟噗哟的俄罗斯方块 [日文版],DLC-CONTENT000000303,ボイス クルーク,JPN
psvdlc,PCSG00224,Puyo Puyo Tetris,噗哟噗哟的俄罗斯方块 [日文版],DLC-CONTENT000000304,ボイス サタン,JPN
psvdlc,PCSG00224,Puyo Puyo Tetris,噗哟噗哟的俄罗斯方块 [日文版],DLC-CONTENT000000305,ボイス シェゾ,JPN
psvdlc,PCSG00224,Puyo Puyo Tetris,噗哟噗哟的俄罗斯方块 [日文版],DLC-CONTENT000000302,ボイス シグ,JPN
psvdlc,PCSG00224,Puyo Puyo Tetris,噗哟噗哟的俄罗斯方块 [日文版],DLC-CONTENT000000310,ボイス ドラコケンタウロス,JPN
psvdlc,PCSG00224,Puyo Puyo Tetris,噗哟噗哟的俄罗斯方块 [日文版],DLC-CONTENT000000307,ボイス フェーリ,JPN
psvdlc,PCSG00224,Puyo Puyo Tetris,噗哟噗哟的俄罗斯方块 [日文版],DLC-CONTENT000000301,ボイス ラフィーナ,JPN
psvdlc,PCSG00224,Puyo Puyo Tetris,噗哟噗哟的俄罗斯方块 [日文版],DLC-CONTENT000000306,ボイス ルルー,JPN
psvdlc,PCSG00224,Puyo Puyo Tetris,噗哟噗哟的俄罗斯方块 [日文版],DLC-CONTENT000000308,ボイス レムレス,JPN
psvdlc,PCSG00224,Puyo Puyo Tetris,噗哟噗哟的俄罗斯方块 [日文版],DLC-CONTENT000000203,背景 すずらん中学屋上,JPN
psvdlc,PCSG00224,Puyo Puyo Tetris,噗哟噗哟的俄罗斯方块 [日文版],DLC-CONTENT000000205,背景 ももいろパラダイス,JPN
psvdlc,PCSG00224,Puyo Puyo Tetris,噗哟噗哟的俄罗斯方块 [日文版],DLC-CONTENT000000202,背景 りんごの実家,JPN
psvdlc,PCSG00224,Puyo Puyo Tetris,噗哟噗哟的俄罗斯方块 [日文版],DLC-CONTENT000000201,背景 セガアーケード,JPN
psvdlc,PCSG00224,Puyo Puyo Tetris,噗哟噗哟的俄罗斯方块 [日文版],DLC-CONTENT000000204,背景 未完の塔,JPN
psvdlc,PCSG00226,Hyperdimension Neptunia: Re;Birth1,超次元海王星：重生 1 [日文版],DLC-NRB1DLC000000002,超次次元ゲイム ネプテューヌRe;Birth1 いーすんからのお試し用アイテムパック,JPN
psvdlc,PCSG00226,Hyperdimension Neptunia: Re;Birth1,超次元海王星：重生 1 [日文版],DLC-NRB1DLC000000003,超次次元ゲイム ネプテューヌRe;Birth1 いーすんからの初心者用アイテムパック,JPN
psvdlc,PCSG00228,Super Heroine Chronicle: Chou Heroine Senki,美少女战记 [日文版],DLC-SHCPSVDLC0000003,使用可能キャラ追加 DIVA,JPN
psvdlc,PCSG00228,Super Heroine Chronicle: Chou Heroine Senki,美少女战记 [日文版],DLC-SHCPSVDLC0000002,使用可能キャラ追加 K-86X,JPN
psvdlc,PCSG00228,Super Heroine Chronicle: Chou Heroine Senki,美少女战记 [日文版],DLC-SHCPSVDLC0000001,使用可能キャラ追加 窓辺 みぃ,JPN
psvdlc,PCSG00228,Super Heroine Chronicle: Chou Heroine Senki,美少女战记 [日文版],DLC-SHCPSVDLC0000004,追加ステージ お金稼ぎ 3ステージパック,JPN
psvdlc,PCSG00228,Super Heroine Chronicle: Chou Heroine Senki,美少女战记 [日文版],DLC-SHCPSVDLC0000006,追加ステージ 強敵出現 3ステージパック,JPN
psvdlc,PCSG00234,Hyperdevotion Noire Goddess Black Heart,超女神信仰诺瓦露：激神黑心 [日文版],DLC-NORDLCONTENTS001,超女神信仰 ノワール 激神ブラックハート いーすんからのお試し用アイテムセット,JPN
psvdlc,PCSG00234,Hyperdevotion Noire Goddess Black Heart,超女神信仰诺瓦露：激神黑心 [日文版],DLC-NORDLCONTENTS002,超女神信仰 ノワール 激神ブラックハート いーすんからの初心者用アイテムセット,JPN
psvdlc,PCSG00240,God Eater 2,噬神者 2 [日文版],DLC-GE2ANOTHERSTORY1,GOD EATER 2  ADDITIONAL CONTENTS,JPN
psvdlc,PCSG00240,God Eater 2,噬神者 2 [日文版],DLC-GE2CLASSICCOS001,GOD EATER 2  ADDITIONAL CONTENTS,JPN
psvdlc,PCSG00240,God Eater 2,噬神者 2 [日文版],DLC-GE2CLASSICCOS002,GOD EATER 2  ADDITIONAL CONTENTS,JPN
psvdlc,PCSG00240,God Eater 2,噬神者 2 [日文版],DLC-GE2EPISODE000001,GOD EATER 2  ADDITIONAL CONTENTS,JPN
psvdlc,PCSG00240,God Eater 2,噬神者 2 [日文版],DLC-GE2PCNEWCOS00001,GOD EATER 2  ADDITIONAL CONTENTS,JPN
psvdlc,PCSG00240,God Eater 2,噬神者 2 [日文版],DLC-GE2PCNEWCOS00002,GOD EATER 2  ADDITIONAL CONTENTS,JPN
psvdlc,PCSG00240,God Eater 2,噬神者 2 [日文版],DLC-GE2PCNEWCOS00003,GOD EATER 2  ADDITIONAL CONTENTS,JPN
psvdlc,PCSG00240,God Eater 2,噬神者 2 [日文版],DLC-GE2PCNEWCOS00004,GOD EATER 2  ADDITIONAL CONTENTS,JPN
psvdlc,PCSG00240,God Eater 2,噬神者 2 [日文版],DLC-GE2PCNEWCOS00006,GOD EATER 2  ADDITIONAL CONTENTS,JPN
psvdlc,PCSG00240,God Eater 2,噬神者 2 [日文版],DLC-GE2WEAPON0000004,GOD EATER 2  ADDITIONAL CONTENTS,JPN
psvdlc,PCSG00240,God Eater 2,噬神者 2 [日文版],DLC-GE2WEAPON0000006,GOD EATER 2  ADDITIONAL CONTENTS,JPN
psvdlc,PCSG00243,JOYSOUND.TV Plus,PS Vita TV 用卡拉Ok软件 [日文版],DLC-JOYSOUND00001MOV,JOYSOUND.TV Plus 背景動画パック,JPN
psvdlc,PCSG00245,Atelier Rorona Plus: The Alchemist of Arland,新罗罗娜的炼金工房：起始物语 亚兰德的炼金术士 [日文版],DLC-SPECIALFREE00001,追加コスチューム:ピーチバケイション,JPN
psvdlc,PCSG00251,真・三國無双７ with 猛将伝,真•三国无双 7 猛将传 [日文版],DLC-SM7EXDLCVOCBGM04,BGMキャラクターソング「司馬師」,JPN
psvdlc,PCSG00251,真・三國無双７ with 猛将伝,真•三国无双 7 猛将传 [日文版],DLC-SM7EXDLCVOCBGM02,BGMキャラクターソング「呂布&貂蝉」,JPN
psvdlc,PCSG00251,真・三國無双７ with 猛将伝,真•三国无双 7 猛将传 [日文版],DLC-SM7DLC00VOCBGM03,BGMキャラクターソング「文鴦」,JPN
psvdlc,PCSG00251,真・三國無双７ with 猛将伝,真•三国无双 7 猛将传 [日文版],DLC-SM7EXDLCVOCBGM00,BGMキャラクターソング「朱然」,JPN
psvdlc,PCSG00251,真・三國無双７ with 猛将伝,真•三国无双 7 猛将传 [日文版],DLC-SM7DLC00VOCBGM00,BGMキャラクターソング「王異」,JPN
psvdlc,PCSG00251,真・三國無双７ with 猛将伝,真•三国无双 7 猛将传 [日文版],DLC-SM7EXDLCVOCBGM03,BGMキャラクターソング「荀彧」,JPN
psvdlc,PCSG00251,真・三國無双７ with 猛将伝,真•三国无双 7 猛将传 [日文版],DLC-SM7EXDLCVOCBGM01,BGMキャラクターソング「郭嘉」,JPN
psvdlc,PCSG00251,真・三國無双７ with 猛将伝,真•三国无双 7 猛将传 [日文版],DLC-SM7DLC00VOCBGM02,BGMラクターソング「張苞」,JPN
psvdlc,PCSG00251,真・三國無双７ with 猛将伝,真•三国无双 7 猛将传 [日文版],DLC-SM7DLC00VOCBGM01,BGMラクターソング「陸遜」,JPN
psvdlc,PCSG00251,真・三國無双７ with 猛将伝,真•三国无双 7 猛将传 [日文版],DLC-SM7DLC00BGMSET00,BGM追加セット1,JPN
psvdlc,PCSG00251,真・三國無双７ with 猛将伝,真•三国无双 7 猛将传 [日文版],DLC-SM7DLC00BGMSET09,BGM追加セット10,JPN
psvdlc,PCSG00251,真・三國無双７ with 猛将伝,真•三国无双 7 猛将传 [日文版],DLC-SM7DLC00BGMSET01,BGM追加セット2,JPN
psvdlc,PCSG00251,真・三國無双７ with 猛将伝,真•三国无双 7 猛将传 [日文版],DLC-SM7DLC00BGMSET02,BGM追加セット3,JPN
psvdlc,PCSG00251,真・三國無双７ with 猛将伝,真•三国无双 7 猛将传 [日文版],DLC-SM7DLC00BGMSET03,BGM追加セット4,JPN
psvdlc,PCSG00251,真・三國無双７ with 猛将伝,真•三国无双 7 猛将传 [日文版],DLC-SM7DLC00BGMSET04,BGM追加セット5,JPN
psvdlc,PCSG00251,真・三國無双７ with 猛将伝,真•三国无双 7 猛将传 [日文版],DLC-SM7DLC00BGMSET05,BGM追加セット6,JPN
psvdlc,PCSG00251,真・三國無双７ with 猛将伝,真•三国无双 7 猛将传 [日文版],DLC-SM7DLC00BGMSET06,BGM追加セット7,JPN
psvdlc,PCSG00251,真・三國無双７ with 猛将伝,真•三国无双 7 猛将传 [日文版],DLC-SM7DLC00BGMSET07,BGM追加セット8,JPN
psvdlc,PCSG00251,真・三國無双７ with 猛将伝,真•三国无双 7 猛将传 [日文版],DLC-SM7DLC00BGMSET08,BGM追加セット9,JPN
psvdlc,PCSG00251,真・三國無双７ with 猛将伝,真•三国无双 7 猛将传 [日文版],DLC-SM7EXDLCSPECOS02,「徐庶」特製コラボコスチューム,JPN
psvdlc,PCSG00251,真・三國無双７ with 猛将伝,真•三国无双 7 猛将传 [日文版],DLC-SM7EXDLCSPECOS01,「王元姫」特製コラボコスチューム,JPN
psvdlc,PCSG00251,真・三國無双７ with 猛将伝,真•三国无双 7 猛将传 [日文版],DLC-SM7EXDLCSPECOS00,「趙雲」特製コラボコスチューム,JPN
psvdlc,PCSG00251,真・三國無双７ with 猛将伝,真•三国无双 7 猛将传 [日文版],DLC-SM7EXDLCBGMSET00,『真・三國無双2』BGM追加セット,JPN
psvdlc,PCSG00251,真・三國無双７ with 猛将伝,真•三国无双 7 猛将传 [日文版],DLC-SM7EXDLCBGMSET01,『真・三國無双3』BGM追加セット,JPN
psvdlc,PCSG00251,真・三國無双７ with 猛将伝,真•三国无双 7 猛将传 [日文版],DLC-SM7EXDLCBGMSET02,『真・三國無双4』BGM追加セット,JPN
psvdlc,PCSG00251,真・三國無双７ with 猛将伝,真•三国无双 7 猛将传 [日文版],DLC-SM7EXDLCBGMSET03,『真・三國無双5』BGM追加セット,JPN
psvdlc,PCSG00251,真・三國無双７ with 猛将伝,真•三国无双 7 猛将传 [日文版],DLC-SM7EXDLCBGMSET04,『真・三國無双6』BGM追加セット,JPN
psvdlc,PCSG00251,真・三國無双７ with 猛将伝,真•三国无双 7 猛将传 [日文版],DLC-SM7DLC00SPEANI03,『討鬼伝』コラボ支援獣「天狐」,JPN
psvdlc,PCSG00251,真・三國無双７ with 猛将伝,真•三国无双 7 猛将传 [日文版],DLC-SM7DLC00WEASET00,上位武器セット1,JPN
psvdlc,PCSG00251,真・三國無双７ with 猛将伝,真•三国无双 7 猛将传 [日文版],DLC-SM7DLC00WEASET03,上位武器セット4,JPN
psvdlc,PCSG00251,真・三國無双７ with 猛将伝,真•三国无双 7 猛将传 [日文版],DLC-SM7DLC00WEASET04,上位武器セット5,JPN
psvdlc,PCSG00251,真・三國無双７ with 猛将伝,真•三国无双 7 猛将传 [日文版],DLC-SM7DLC00WEASET05,上位武器セット6,JPN
psvdlc,PCSG00251,真・三國無双７ with 猛将伝,真•三国无双 7 猛将传 [日文版],DLC-SM7DLC00WALLPA02,勢力集合壁紙&得意武器壁紙セット(呉),JPN
psvdlc,PCSG00251,真・三國無双７ with 猛将伝,真•三国无双 7 猛将传 [日文版],DLC-SM7DLC00WALLPA04,勢力集合壁紙&得意武器壁紙セット(晋・他),JPN
psvdlc,PCSG00251,真・三國無双７ with 猛将伝,真•三国无双 7 猛将传 [日文版],DLC-SM7DLC00WALLPA03,勢力集合壁紙&得意武器壁紙セット(蜀),JPN
psvdlc,PCSG00251,真・三國無双７ with 猛将伝,真•三国无双 7 猛将传 [日文版],DLC-SM7DLC00WALLPA01,勢力集合壁紙&得意武器壁紙セット(魏),JPN
psvdlc,PCSG00251,真・三國無双７ with 猛将伝,真•三国无双 7 猛将传 [日文版],DLC-SM7EXDLC0HQVOICE,音声の品質向上データ,JPN
psvdlc,PCSG00264,Super Robot Wars Z Jigoku Hen,第三次超级机器人大战 Z：时狱篇 [日文版],DLC-SRWZ3OF1DLC00328,「お楽しみプレゼント」,JPN
psvdlc,PCSG00264,Super Robot Wars Z Jigoku Hen,第三次超级机器人大战 Z：时狱篇 [日文版],DLC-SRWZ3OF1DLC00331,「ときめきのプレゼント」,JPN
psvdlc,PCSG00264,Super Robot Wars Z Jigoku Hen,第三次超级机器人大战 Z：时狱篇 [日文版],DLC-SRWZ3OF1DLC00330,「スペシャルプレゼント」,JPN
psvdlc,PCSG00264,Super Robot Wars Z Jigoku Hen,第三次超级机器人大战 Z：时狱篇 [日文版],DLC-SRWZ3OF1DLC00327,「秘密のプレゼント」,JPN
psvdlc,PCSG00264,Super Robot Wars Z Jigoku Hen,第三次超级机器人大战 Z：时狱篇 [日文版],DLC-SRWZ3OF1DLC00329,「驚きのプレゼント」,JPN
psvdlc,PCSG00264,Super Robot Wars Z Jigoku Hen,第三次超级机器人大战 Z：时狱篇 [日文版],DLC-SRWZ3OF1DLC00303,ボーナスシナリオ「さよなら、アイドル」,JPN
psvdlc,PCSG00264,Super Robot Wars Z Jigoku Hen,第三次超级机器人大战 Z：时狱篇 [日文版],DLC-SRWZ3OF1DLC00324,ボーナスシナリオ「アルティメット・バトル」,JPN
psvdlc,PCSG00264,Super Robot Wars Z Jigoku Hen,第三次超级机器人大战 Z：时狱篇 [日文版],DLC-SRWZ3OF1DLC00313,ボーナスシナリオ「エクストリーム・バトル」,JPN
psvdlc,PCSG00264,Super Robot Wars Z Jigoku Hen,第三次超级机器人大战 Z：时狱篇 [日文版],DLC-SRWZ3OF1DLC00319,ボーナスシナリオ「キセキの代償」,JPN
psvdlc,PCSG00264,Super Robot Wars Z Jigoku Hen,第三次超级机器人大战 Z：时狱篇 [日文版],DLC-SRWZ3OF1DLC00304,ボーナスシナリオ「サラリーマンはつらいよ」,JPN
psvdlc,PCSG00264,Super Robot Wars Z Jigoku Hen,第三次超级机器人大战 Z：时狱篇 [日文版],DLC-SRWZ3OF1DLC00305,ボーナスシナリオ「スズネ出撃」,JPN
psvdlc,PCSG00264,Super Robot Wars Z Jigoku Hen,第三次超级机器人大战 Z：时狱篇 [日文版],DLC-SRWZ3OF1DLC00322,ボーナスシナリオ「スーパーバトルシップ大戦」,JPN
psvdlc,PCSG00264,Super Robot Wars Z Jigoku Hen,第三次超级机器人大战 Z：时狱篇 [日文版],DLC-SRWZ3OF1DLC00317,ボーナスシナリオ「ダイナミック・ウォー」,JPN
psvdlc,PCSG00264,Super Robot Wars Z Jigoku Hen,第三次超级机器人大战 Z：时狱篇 [日文版],DLC-SRWZ3OF1DLC00310,ボーナスシナリオ「トライアングラーズ」,JPN
psvdlc,PCSG00264,Super Robot Wars Z Jigoku Hen,第三次超级机器人大战 Z：时狱篇 [日文版],DLC-SRWZ3OF1DLC00321,ボーナスシナリオ「ハード・ミッション」,JPN
psvdlc,PCSG00264,Super Robot Wars Z Jigoku Hen,第三次超级机器人大战 Z：时狱篇 [日文版],DLC-SRWZ3OF1DLC00320,ボーナスシナリオ「フィーリング・カップル」,JPN
psvdlc,PCSG00264,Super Robot Wars Z Jigoku Hen,第三次超级机器人大战 Z：时狱篇 [日文版],DLC-SRWZ3OF1DLC00323,ボーナスシナリオ「ラスト・デイ」,JPN
psvdlc,PCSG00264,Super Robot Wars Z Jigoku Hen,第三次超级机器人大战 Z：时狱篇 [日文版],DLC-SRWZ3OF1DLC00311,ボーナスシナリオ「僕達の行方」,JPN
psvdlc,PCSG00264,Super Robot Wars Z Jigoku Hen,第三次超级机器人大战 Z：时狱篇 [日文版],DLC-SRWZ3OF1DLC00308,ボーナスシナリオ「兵士と世界と平和と」,JPN
psvdlc,PCSG00264,Super Robot Wars Z Jigoku Hen,第三次超级机器人大战 Z：时狱篇 [日文版],DLC-SRWZ3OF1DLC00318,ボーナスシナリオ「力持ちアンダーグラウンド」,JPN
psvdlc,PCSG00264,Super Robot Wars Z Jigoku Hen,第三次超级机器人大战 Z：时狱篇 [日文版],DLC-SRWZ3OF1DLC00314,ボーナスシナリオ「巨大なX(可能性)」,JPN
psvdlc,PCSG00264,Super Robot Wars Z Jigoku Hen,第三次超级机器人大战 Z：时狱篇 [日文版],DLC-SRWZ3OF1DLC00316,ボーナスシナリオ「強き事は美しき哉」,JPN
psvdlc,PCSG00264,Super Robot Wars Z Jigoku Hen,第三次超级机器人大战 Z：时狱篇 [日文版],DLC-SRWZ3OF1DLC00301,ボーナスシナリオ「教師とパートナー」,JPN
psvdlc,PCSG00264,Super Robot Wars Z Jigoku Hen,第三次超级机器人大战 Z：时狱篇 [日文版],DLC-SRWZ3OF1DLC00309,ボーナスシナリオ「新世代とニュータイプ」,JPN
psvdlc,PCSG00264,Super Robot Wars Z Jigoku Hen,第三次超级机器人大战 Z：时狱篇 [日文版],DLC-SRWZ3OF1DLC00315,ボーナスシナリオ「猫と仔猫のR&R」,JPN
psvdlc,PCSG00264,Super Robot Wars Z Jigoku Hen,第三次超级机器人大战 Z：时狱篇 [日文版],DLC-SRWZ3OF1DLC00306,ボーナスシナリオ「誠意のカタチ」,JPN
psvdlc,PCSG00264,Super Robot Wars Z Jigoku Hen,第三次超级机器人大战 Z：时狱篇 [日文版],DLC-SRWZ3OF1DLC00307,ボーナスシナリオ「超能力捜査」,JPN
psvdlc,PCSG00264,Super Robot Wars Z Jigoku Hen,第三次超级机器人大战 Z：时狱篇 [日文版],DLC-SRWZ3OF1DLC00302,ボーナスシナリオ「転機」,JPN
psvdlc,PCSG00264,Super Robot Wars Z Jigoku Hen,第三次超级机器人大战 Z：时狱篇 [日文版],DLC-SRWZ3OF1DLC00312,ボーナスシナリオ「S.W.A.L.K」,JPN
psvdlc,PCSG00266,Rainbow Moon,彩虹月亮 [日文版],DLC-RAINBOWMOONKEY23,Beginner's Kit,JPN
psvdlc,PCSG00277,Phantom Breaker: Battlegrounds,幻象破坏者：战场 [日文版],DLC-PBBG0CONTENTCS02,PBBG 『BGM PACK』,JPN
psvdlc,PCSG00277,Phantom Breaker: Battlegrounds,幻象破坏者：战场 [日文版],DLC-PBBG0CONTENTCS00,PBBG 『牧瀬紅莉栖』,JPN
psvdlc,PCSG00277,Phantom Breaker: Battlegrounds,幻象破坏者：战场 [日文版],DLC-PBBG0CONTENTCS03,PBBG 『神代フラウ』,JPN
psvdlc,PCSG00278,Shin Gundam Musou,真高达无双 [日文版],DLC-DSC0000000000004,追加シナリオ アルティメット艦隊戦,JPN
psvdlc,PCSG00278,Shin Gundam Musou,真高达无双 [日文版],DLC-DSC0000000000001,追加シナリオ エンドレス・ワルツ,JPN
psvdlc,PCSG00278,Shin Gundam Musou,真高达无双 [日文版],DLC-DSC0000000000008,追加シナリオ ガンダム、空に立つ!,JPN
psvdlc,PCSG00278,Shin Gundam Musou,真高达无双 [日文版],DLC-DSC0000000000007,追加シナリオ 人の心の光,JPN
psvdlc,PCSG00278,Shin Gundam Musou,真高达无双 [日文版],DLC-DSC0000000000006,追加シナリオ 宇宙を駆ける,JPN
psvdlc,PCSG00278,Shin Gundam Musou,真高达无双 [日文版],DLC-DSC0000000000009,追加シナリオ 宇宙海賊クロスボーン・バンガード,JPN
psvdlc,PCSG00278,Shin Gundam Musou,真高达无双 [日文版],DLC-DSC0000000000016,追加シナリオ 戦いは数と質と気合だよ!,JPN
psvdlc,PCSG00278,Shin Gundam Musou,真高达无双 [日文版],DLC-DSC0000000000015,追加シナリオ 新世界へ,JPN
psvdlc,PCSG00278,Shin Gundam Musou,真高达无双 [日文版],DLC-DSC0000000000000,追加シナリオ 最強の『赤』は誰だ!?,JPN
psvdlc,PCSG00278,Shin Gundam Musou,真高达无双 [日文版],DLC-DSC0000000000012,追加シナリオ 終末の光,JPN
psvdlc,PCSG00278,Shin Gundam Musou,真高达无双 [日文版],DLC-DSC0000000000011,追加シナリオ 総意の器,JPN
psvdlc,PCSG00278,Shin Gundam Musou,真高达无双 [日文版],DLC-DSC0000000000002,追加シナリオ 脱出,JPN
psvdlc,PCSG00278,Shin Gundam Musou,真高达无双 [日文版],DLC-DSC0000000000014,追加シナリオ 虹の彼方に,JPN
psvdlc,PCSG00278,Shin Gundam Musou,真高达无双 [日文版],DLC-DSC0000000000013,追加シナリオ 覚醒する真のガンダム無双,JPN
psvdlc,PCSG00278,Shin Gundam Musou,真高达无双 [日文版],DLC-DSC0000000000003,追加シナリオ 限りある刻の中で......,JPN
psvdlc,PCSG00278,Shin Gundam Musou,真高达无双 [日文版],DLC-DSC0000000000010,追加シナリオ 駆け抜ける嵐,JPN
psvdlc,PCSG00278,Shin Gundam Musou,真高达无双 [日文版],DLC-DMS0000000000001,追加モビルスーツ ウイングガンダムゼロ(EW版),JPN
psvdlc,PCSG00278,Shin Gundam Musou,真高达无双 [日文版],DLC-DMS0000000000004,追加モビルスーツ ガンダム試作3号機ステイメン,JPN
psvdlc,PCSG00278,Shin Gundam Musou,真高达无双 [日文版],DLC-DMS0000000000003,追加モビルスーツ クロスボーン・ガンダムX1改,JPN
psvdlc,PCSG00278,Shin Gundam Musou,真高达无双 [日文版],DLC-DMS0000000000000,追加モビルスーツ ベアッガイ,JPN
psvdlc,PCSG00279,Samurai Warriors 4,战国无双 4 [日文版],DLC-SEN4DLCOS0000006,NHK大河ドラマ『軍師官兵衛』 特製衣装「黒田官兵衛」,JPN
psvdlc,PCSG00279,Samurai Warriors 4,战国无双 4 [日文版],DLC-SEN4DLCOS0000007,『戦国無双』衣装「真田幸村」,JPN
psvdlc,PCSG00279,Samurai Warriors 4,战国无双 4 [日文版],DLC-SEN4DLCOS0000008,『戦国無双』衣装セット1,JPN
psvdlc,PCSG00279,Samurai Warriors 4,战国无双 4 [日文版],DLC-SEN4DLCOS0000009,『戦国無双』衣装セット2,JPN
psvdlc,PCSG00279,Samurai Warriors 4,战国无双 4 [日文版],DLC-SEN4DLCOS0000010,『戦国無双』衣装セット3,JPN
psvdlc,PCSG00279,Samurai Warriors 4,战国无双 4 [日文版],DLC-SEN4DLCOS0000011,『戦国無双』衣装セット4,JPN
psvdlc,PCSG00279,Samurai Warriors 4,战国无双 4 [日文版],DLC-SEN4DLCOS0000024,特別衣装「井伊直虎」,JPN
psvdlc,PCSG00279,Samurai Warriors 4,战国无双 4 [日文版],DLC-SEN4DLCWEAPON000,追加武器セット1,JPN
psvdlc,PCSG00279,Samurai Warriors 4,战国无双 4 [日文版],DLC-SEN4DLCWEAPON001,追加武器セット2,JPN
psvdlc,PCSG00279,Samurai Warriors 4,战国无双 4 [日文版],DLC-SEN4DLCWEAPON002,追加武器セット3,JPN
psvdlc,PCSG00279,Samurai Warriors 4,战国无双 4 [日文版],DLC-SEN4DLCWEAPON003,追加武器セット4,JPN
psvdlc,PCSG00279,Samurai Warriors 4,战国无双 4 [日文版],DLC-SEN4DLCWEAPON004,追加武器セット5,JPN
psvdlc,PCSG00279,Samurai Warriors 4,战国无双 4 [日文版],DLC-SEN4DLCWEAPON005,追加武器セット6,JPN
psvdlc,PCSG00279,Samurai Warriors 4,战国无双 4 [日文版],DLC-SEN4DLCBGM000000,追加BGM「戦国無双」,JPN
psvdlc,PCSG00280,Fantasy Hero: Unsigned Legacy,幻想英雄：未被继承的遗产 [日文版],DLC-DLCHEROCOLOR0000,アクレス・ブレスビート 追加カラーパック1,JPN
psvdlc,PCSG00280,Fantasy Hero: Unsigned Legacy,幻想英雄：未被继承的遗产 [日文版],DLC-DLCHEROCOLOR0300,アシュタ・リトル・ハスキー 追加カラーパック1,JPN
psvdlc,PCSG00280,Fantasy Hero: Unsigned Legacy,幻想英雄：未被继承的遗产 [日文版],DLC-DLCCHARLICENSE01,キャラクター使用権利 1 (GG 追加カラー付き),JPN
psvdlc,PCSG00280,Fantasy Hero: Unsigned Legacy,幻想英雄：未被继承的遗产 [日文版],DLC-DLCCHARLICENSE02,キャラクター使用権利 2 (BB 追加カラー付き),JPN
psvdlc,PCSG00280,Fantasy Hero: Unsigned Legacy,幻想英雄：未被继承的遗产 [日文版],DLC-DLCCHARLICENSE03,キャラクター使用権利 3 (SP 追加カラー付き),JPN
psvdlc,PCSG00280,Fantasy Hero: Unsigned Legacy,幻想英雄：未被继承的遗产 [日文版],DLC-DLCHEROCOLOR0200,ハウル・キーリング 追加カラーパック1,JPN
psvdlc,PCSG00280,Fantasy Hero: Unsigned Legacy,幻想英雄：未被继承的遗产 [日文版],DLC-DLCHEROCOLOR0100,マスク・ザ・シャウト 追加カラーパック1,JPN
psvdlc,PCSG00280,Fantasy Hero: Unsigned Legacy,幻想英雄：未被继承的遗产 [日文版],DLC-DLCADDMISSION000,第一弾ミッションパック「神器爆誕」,JPN
psvdlc,PCSG00280,Fantasy Hero: Unsigned Legacy,幻想英雄：未被继承的遗产 [日文版],DLC-DLCADDMISSION001,第二弾ミッションパック「あの時とこれから」,JPN
psvdlc,PCSG00289,Ore ni Hatarakette Iwaretemo Otsu HD,就算要我努力工作 乙 高清版 [日文版],DLC-0000000000000032,エイドアーチャー画像追加,JPN
psvdlc,PCSG00289,Ore ni Hatarakette Iwaretemo Otsu HD,就算要我努力工作 乙 高清版 [日文版],DLC-0000000000000028,グラディエーター画像追加,JPN
psvdlc,PCSG00289,Ore ni Hatarakette Iwaretemo Otsu HD,就算要我努力工作 乙 高清版 [日文版],DLC-0000000000000031,セージ画像追加,JPN
psvdlc,PCSG00289,Ore ni Hatarakette Iwaretemo Otsu HD,就算要我努力工作 乙 高清版 [日文版],DLC-0000000000000030,ソードマジシャン画像追加,JPN
psvdlc,PCSG00289,Ore ni Hatarakette Iwaretemo Otsu HD,就算要我努力工作 乙 高清版 [日文版],DLC-0000000000000034,トリックマスター画像追加,JPN
psvdlc,PCSG00289,Ore ni Hatarakette Iwaretemo Otsu HD,就算要我努力工作 乙 高清版 [日文版],DLC-0000000000000033,パイレーツ画像追加,JPN
psvdlc,PCSG00289,Ore ni Hatarakette Iwaretemo Otsu HD,就算要我努力工作 乙 高清版 [日文版],DLC-0000000000000029,ロイヤルナイト画像追加,JPN
psvdlc,PCSG00289,Ore ni Hatarakette Iwaretemo Otsu HD,就算要我努力工作 乙 高清版 [日文版],DLC-0000000000000025,職業画像タイプ1,JPN
psvdlc,PCSG00289,Ore ni Hatarakette Iwaretemo Otsu HD,就算要我努力工作 乙 高清版 [日文版],DLC-0000000000000026,職業画像タイプ2,JPN
psvdlc,PCSG00292,Damascus Gear: Tokyo Shisen,大马士革机器人：东京始战 [日文版],DLC-DLC0000000000002,追加ストーリー 英雄創造,JPN
psvdlc,PCSG00294,Sword Art Online Hollow Fragment,刀剑神域：虚空断章 [日文版],DLC-SAO2LIT016000000,GGOキリトセット 宝箱,JPN
psvdlc,PCSG00294,Sword Art Online Hollow Fragment,刀剑神域：虚空断章 [日文版],DLC-SAO2KFT017000000,GGOシノン衣装購入権,JPN
psvdlc,PCSG00294,Sword Art Online Hollow Fragment,刀剑神域：虚空断章 [日文版],DLC-SAO2JHT003000000,アバター(GGOキリト),JPN
psvdlc,PCSG00294,Sword Art Online Hollow Fragment,刀剑神域：虚空断章 [日文版],DLC-SAO2JHL000000000,アバター(スプリガンキリト(前期)),JPN
psvdlc,PCSG00294,Sword Art Online Hollow Fragment,刀剑神域：虚空断章 [日文版],DLC-SAO2JHL001000000,アバター(スプリガンキリト(後期)),JPN
psvdlc,PCSG00294,Sword Art Online Hollow Fragment,刀剑神域：虚空断章 [日文版],DLC-SAO2JHL002000000,アバターフェイスセット,JPN
psvdlc,PCSG00294,Sword Art Online Hollow Fragment,刀剑神域：虚空断章 [日文版],DLC-SAO2LIR007000000,オートアタック支援用セット 宝箱,JPN
psvdlc,PCSG00294,Sword Art Online Hollow Fragment,刀剑神域：虚空断章 [日文版],DLC-SAO2KFJ015000000,パジャマ購入権,JPN
psvdlc,PCSG00294,Sword Art Online Hollow Fragment,刀剑神域：虚空断章 [日文版],DLC-SAO2LIR012000000,ヒースクリフ装備セット 宝箱,JPN
psvdlc,PCSG00294,Sword Art Online Hollow Fragment,刀剑神域：虚空断章 [日文版],DLC-SAO2KFJ009000000,ホロウミッション「悪夢の王の残滓」,JPN
psvdlc,PCSG00294,Sword Art Online Hollow Fragment,刀剑神域：虚空断章 [日文版],DLC-SAO2KFJ013000000,ホロウミッション「深き森からの百鬼夜行」,JPN
psvdlc,PCSG00294,Sword Art Online Hollow Fragment,刀剑神域：虚空断章 [日文版],DLC-SAO2KFJ014000000,ホロウミッション「脅威の溶体」,JPN
psvdlc,PCSG00294,Sword Art Online Hollow Fragment,刀剑神域：虚空断章 [日文版],DLC-SAO2KFJ011000000,ホロウミッション「覇王の帰還」,JPN
psvdlc,PCSG00294,Sword Art Online Hollow Fragment,刀剑神域：虚空断章 [日文版],DLC-SAO2LIR010000000,ユウキの剣 宝箱,JPN
psvdlc,PCSG00294,Sword Art Online Hollow Fragment,刀剑神域：虚空断章 [日文版],DLC-SAO2LIR006000000,冒険者支援武器セット宝箱,JPN
psvdlc,PCSG00294,Sword Art Online Hollow Fragment,刀剑神域：虚空断章 [日文版],DLC-SAO2KFT022000000,説明アイテムデータ(アバター(GGOキリト)),JPN
psvdlc,PCSG00294,Sword Art Online Hollow Fragment,刀剑神域：虚空断章 [日文版],DLC-SAO2KFJ019000000,説明アイテムデータ(スプリガンキリト(前期)),JPN
psvdlc,PCSG00294,Sword Art Online Hollow Fragment,刀剑神域：虚空断章 [日文版],DLC-SAO2KFJ020000000,説明アイテムデータ(スプリガンキリト(後期)),JPN
psvdlc,PCSG00294,Sword Art Online Hollow Fragment,刀剑神域：虚空断章 [日文版],DLC-SAO2KFJ021000000,説明アイテムデータ(追加フェイスセット),JPN
psvdlc,PCSG00294,Sword Art Online Hollow Fragment,刀剑神域：虚空断章 [日文版],DLC-SAO2LIR008000000,黒の両手剣 宝箱,JPN
psvdlc,PCSG00294,Sword Art Online Hollow Fragment,刀剑神域：虚空断章 [日文版],DLC-SAO2KFJ023000000,Yシャツ(水色)購入権,JPN
psvdlc,PCSG00302,Minecraft: PlayStation Vita Edition,我的世界 [中日文版],DLC-KSP0000000000039,Minecraft 4th Birthday Skin Pack,JPN
psvdlc,PCSG00302,Minecraft: PlayStation Vita Edition,我的世界 [中日文版],DLC-KTP0000000000006,Minecraft City Texture Pack,JPN
psvdlc,PCSG00302,Minecraft: PlayStation Vita Edition,我的世界 [中日文版],DLC-KSP0000000000038,Minecraft MINECON Earth 2017 Skin Pack,JPN
psvdlc,PCSG00302,Minecraft: PlayStation Vita Edition,我的世界 [中日文版],DLC-KSP0000000000017,Minecraft Star Wars Rebels Skin Pack,JPN
psvdlc,PCSG00304,Kagero: Darkside Princess,影牢：恶梦公主 [日文版],DLC-DLC0000000000001,追加トラップ「ゴールデンホース」,JPN
psvdlc,PCSG00307,Valhalla Knights 3 Gold,瓦尔哈拉骑士 3 黄金版 [日文版],DLC-DLCPACK000000021,アニマニマネー,JPN
psvdlc,PCSG00307,Valhalla Knights 3 Gold,瓦尔哈拉骑士 3 黄金版 [日文版],DLC-DLCPACK000000012,コレットの喧嘩街道,JPN
psvdlc,PCSG00307,Valhalla Knights 3 Gold,瓦尔哈拉骑士 3 黄金版 [日文版],DLC-DLCPACK000000019,ナナシの実戦投入始めました,JPN
psvdlc,PCSG00307,Valhalla Knights 3 Gold,瓦尔哈拉骑士 3 黄金版 [日文版],DLC-DLCPACK000000045,マジカルランチBOX,JPN
psvdlc,PCSG00307,Valhalla Knights 3 Gold,瓦尔哈拉骑士 3 黄金版 [日文版],DLC-DLCPACK000000018,メイの実戦投入始めました,JPN
psvdlc,PCSG00307,Valhalla Knights 3 Gold,瓦尔哈拉骑士 3 黄金版 [日文版],DLC-DLCPACK000000017,地の国で商売繁盛,JPN
psvdlc,PCSG00307,Valhalla Knights 3 Gold,瓦尔哈拉骑士 3 黄金版 [日文版],DLC-DLCPACK000000001,外苑の隠された財宝,JPN
psvdlc,PCSG00307,Valhalla Knights 3 Gold,瓦尔哈拉骑士 3 黄金版 [日文版],DLC-DLCPACK000000016,天の国で商売繁盛,JPN
psvdlc,PCSG00307,Valhalla Knights 3 Gold,瓦尔哈拉骑士 3 黄金版 [日文版],DLC-DLCPACK000000014,太陽帝の使い,JPN
psvdlc,PCSG00307,Valhalla Knights 3 Gold,瓦尔哈拉骑士 3 黄金版 [日文版],DLC-DLCPACK000000015,太陽帝ウラヌス,JPN
psvdlc,PCSG00307,Valhalla Knights 3 Gold,瓦尔哈拉骑士 3 黄金版 [日文版],DLC-DLCPACK000000013,希望の財宝,JPN
psvdlc,PCSG00307,Valhalla Knights 3 Gold,瓦尔哈拉骑士 3 黄金版 [日文版],DLC-DLCPACK000000008,海の男,JPN
psvdlc,PCSG00307,Valhalla Knights 3 Gold,瓦尔哈拉骑士 3 黄金版 [日文版],DLC-DLCPACK000000009,海の男、再び,JPN
psvdlc,PCSG00307,Valhalla Knights 3 Gold,瓦尔哈拉骑士 3 黄金版 [日文版],DLC-DLCPACK000000010,海賊の誇り,JPN
psvdlc,PCSG00307,Valhalla Knights 3 Gold,瓦尔哈拉骑士 3 黄金版 [日文版],DLC-DLCPACK000000011,海賊王への鎮魂,JPN
psvdlc,PCSG00307,Valhalla Knights 3 Gold,瓦尔哈拉骑士 3 黄金版 [日文版],DLC-DLCPACK000000005,渓谷の隠された財宝,JPN
psvdlc,PCSG00307,Valhalla Knights 3 Gold,瓦尔哈拉骑士 3 黄金版 [日文版],DLC-DLCPACK000000047,神話の勇者 なりきりキャンペーン,JPN
psvdlc,PCSG00307,Valhalla Knights 3 Gold,瓦尔哈拉骑士 3 黄金版 [日文版],DLC-DLCPACK000000002,罪なる未来へ,JPN
psvdlc,PCSG00307,Valhalla Knights 3 Gold,瓦尔哈拉骑士 3 黄金版 [日文版],DLC-DLCPACK000000029,英霊ウラジミールの訪問,JPN
psvdlc,PCSG00307,Valhalla Knights 3 Gold,瓦尔哈拉骑士 3 黄金版 [日文版],DLC-DLCPACK000000022,英霊カルロスの訪問,JPN
psvdlc,PCSG00307,Valhalla Knights 3 Gold,瓦尔哈拉骑士 3 黄金版 [日文版],DLC-DLCPACK000000030,英霊ガルヴァーニの訪問,JPN
psvdlc,PCSG00307,Valhalla Knights 3 Gold,瓦尔哈拉骑士 3 黄金版 [日文版],DLC-DLCPACK000000032,英霊ケビンの訪問,JPN
psvdlc,PCSG00307,Valhalla Knights 3 Gold,瓦尔哈拉骑士 3 黄金版 [日文版],DLC-DLCPACK000000027,英霊タッカーノの訪問,JPN
psvdlc,PCSG00307,Valhalla Knights 3 Gold,瓦尔哈拉骑士 3 黄金版 [日文版],DLC-DLCPACK000000025,英霊バルデスの訪問,JPN
psvdlc,PCSG00307,Valhalla Knights 3 Gold,瓦尔哈拉骑士 3 黄金版 [日文版],DLC-DLCPACK000000024,英霊ベロニカの訪問,JPN
psvdlc,PCSG00307,Valhalla Knights 3 Gold,瓦尔哈拉骑士 3 黄金版 [日文版],DLC-DLCPACK000000023,英霊ポールの訪問,JPN
psvdlc,PCSG00307,Valhalla Knights 3 Gold,瓦尔哈拉骑士 3 黄金版 [日文版],DLC-DLCPACK000000028,英霊マリーの訪問,JPN
psvdlc,PCSG00307,Valhalla Knights 3 Gold,瓦尔哈拉骑士 3 黄金版 [日文版],DLC-DLCPACK000000026,英霊ヤスチアーノの訪問,JPN
psvdlc,PCSG00307,Valhalla Knights 3 Gold,瓦尔哈拉骑士 3 黄金版 [日文版],DLC-DLCPACK000000031,英霊ロジェの訪問,JPN
psvdlc,PCSG00307,Valhalla Knights 3 Gold,瓦尔哈拉骑士 3 黄金版 [日文版],DLC-DLCPACK000000003,草原の隠された財宝,JPN
psvdlc,PCSG00307,Valhalla Knights 3 Gold,瓦尔哈拉骑士 3 黄金版 [日文版],DLC-DLCPACK000000007,親愛なる地の友へ,JPN
psvdlc,PCSG00307,Valhalla Knights 3 Gold,瓦尔哈拉骑士 3 黄金版 [日文版],DLC-DLCPACK000000004,親愛なる天の友へ,JPN
psvdlc,PCSG00310,Dekamori Senran Kagura (Hontai Pack A),忍乳负重 闪乱神乐 游戏套组 A (半藏•红莲) [日文版],DLC-0000000000000000,『デカ盛り 閃乱カグラ』本体パックA用キャラクター追加セット (月閃・蛇女),JPN
psvdlc,PCSG00311,Dekamori Senran Kagura (Hontai Pack B),忍乳负重 闪乱神乐 游戏套组 B (月闪•蛇女) [日文版],DLC-0000000000000000,『デカ盛り 閃乱カグラ』本体パックB用キャラクター追加セット (半蔵・紅蓮),JPN
psvdlc,PCSG00330,To Love-Ru Trouble Darkness: Battle Ecstasy,出包女王 Darkness 战斗 EX 冲刺 [日文版],DLC-FURYUHARLEMCOS00,セクシーエプロン,JPN
psvdlc,PCSG00330,To Love-Ru Trouble Darkness: Battle Ecstasy,出包女王 Darkness 战斗 EX 冲刺 [日文版],DLC-FURYUHARLEMCOS01,メイド服,JPN
psvdlc,PCSG00335,Hyperdimension Neptunia: Re;Birth2 Sisters Generation,超次元海王星：重生 2 姐妹时代 [日文版],DLC-NRB2DLC000000001,いーすんからのお試し用アイテムパック,JPN
psvdlc,PCSG00335,Hyperdimension Neptunia: Re;Birth2 Sisters Generation,超次元海王星：重生 2 姐妹时代 [日文版],DLC-NRB2DLC000000002,いーすんからの初心者用アイテムパック,JPN
psvdlc,PCSG00335,Hyperdimension Neptunia: Re;Birth2 Sisters Generation,超次元海王星：重生 2 姐妹时代 [日文版],DLC-NRB2DLC000000006,いーすんからの救済用仕様書パック,JPN
psvdlc,PCSG00335,Hyperdimension Neptunia: Re;Birth2 Sisters Generation,超次元海王星：重生 2 姐妹时代 [日文版],DLC-NRB2DLC000000003,コンテンツ追加パック1,JPN
psvdlc,PCSG00335,Hyperdimension Neptunia: Re;Birth2 Sisters Generation,超次元海王星：重生 2 姐妹时代 [日文版],DLC-NRB2DLC000000004,コンテンツ追加パック2,JPN
psvdlc,PCSG00335,Hyperdimension Neptunia: Re;Birth2 Sisters Generation,超次元海王星：重生 2 姐妹时代 [日文版],DLC-NRB2DLC000000005,コンテンツ追加パック3,JPN
psvdlc,PCSG00335,Hyperdimension Neptunia: Re;Birth2 Sisters Generation,超次元海王星：重生 2 姐妹时代 [日文版],DLC-NRB2DLC000000007,ネプギア専用武器『ビームザッパーZERO』,JPN
psvdlc,PCSG00339,Girls und Panzer Senshado Kiwamemasu!,少女战车 究极战车道 [日文版],DLC-0DLC002MISSION01,追加チャレンジミッション,JPN
psvdlc,PCSG00340,Manga Kakeru (3.61+!) [3.67],Manga Kakeru [需3.67及以上系统版本 | 日文版],DLC-0000000000000010,JP0025-PCSG00340_00-0000000000000010,JPN
psvdlc,PCSG00340,Manga Kakeru (3.61+!) [3.67],Manga Kakeru [需3.67及以上系统版本 | 日文版],DLC-0000000000000012,JP0025-PCSG00340_00-0000000000000012,JPN
psvdlc,PCSG00340,Manga Kakeru (3.61+!) [3.67],Manga Kakeru [需3.67及以上系统版本 | 日文版],DLC-0000000000000014,JP0025-PCSG00340_00-0000000000000014,JPN
psvdlc,PCSG00340,Manga Kakeru (3.61+!) [3.67],Manga Kakeru [需3.67及以上系统版本 | 日文版],DLC-0000000000000015,JP0025-PCSG00340_00-0000000000000015,JPN
psvdlc,PCSG00340,Manga Kakeru (3.61+!) [3.67],Manga Kakeru [需3.67及以上系统版本 | 日文版],DLC-0000000000000016,JP0025-PCSG00340_00-0000000000000016,JPN
psvdlc,PCSG00340,Manga Kakeru (3.61+!) [3.67],Manga Kakeru [需3.67及以上系统版本 | 日文版],DLC-0000000000000017,JP0025-PCSG00340_00-0000000000000017,JPN
psvdlc,PCSG00342,Anoko wa Ore Kara Hanarenai,女友离不开我 [日文版],DLC-ANOOREADDCONTE01,文化祭で何するの?,JPN
psvdlc,PCSG00342,Anoko wa Ore Kara Hanarenai,女友离不开我 [日文版],DLC-ANOOREADDCONTE00,綾香とゲーム対決!,JPN
psvdlc,PCSG00342,Anoko wa Ore Kara Hanarenai,女友离不开我 [日文版],DLC-ANOOREADDCONTE02,茉菜美の世間話,JPN
psvdlc,PCSG00347,Atelier Ayesha Plus ~The Alchemist of Dusk~,亚莎的炼金工房 Plus：黄昏大地的炼金术士 [日文版],DLC-AYESHABGMCHANGE0,追加切替用BGMセット,JPN
psvdlc,PCSG00351,Phantasy Star Nova,梦幻之星：新星 [日文版],DLC-DITM000000000047,「EoE:ゼファー」セット,JPN
psvdlc,PCSG00351,Phantasy Star Nova,梦幻之星：新星 [日文版],DLC-DITM000000000048,「EoE:リーンベル」セット,JPN
psvdlc,PCSG00351,Phantasy Star Nova,梦幻之星：新星 [日文版],DLC-DITM000000000046,「EoE:ヴァシュロン」セット,JPN
psvdlc,PCSG00351,Phantasy Star Nova,梦幻之星：新星 [日文版],DLC-DITM000000000043,「SO4:エッジ」セット,JPN
psvdlc,PCSG00351,Phantasy Star Nova,梦幻之星：新星 [日文版],DLC-DITM000000000044,「SO4:レイミ」セット,JPN
psvdlc,PCSG00351,Phantasy Star Nova,梦幻之星：新星 [日文版],DLC-DITM000000000045,「VP:レナス」セット,JPN
psvdlc,PCSG00351,Phantasy Star Nova,梦幻之星：新星 [日文版],DLC-DITM000000000049,「戦場のヴァルキュリア3:リエラ」セット,JPN
psvdlc,PCSG00351,Phantasy Star Nova,梦幻之星：新星 [日文版],DLC-DITM000000000042,グラスフォーアネームG,JPN
psvdlc,PCSG00351,Phantasy Star Nova,梦幻之星：新星 [日文版],DLC-DQST000000000001,グランエナジー・ラッシュ,JPN
psvdlc,PCSG00351,Phantasy Star Nova,梦幻之星：新星 [日文版],DLC-DQST000000000021,スーパーラッピータイム,JPN
psvdlc,PCSG00351,Phantasy Star Nova,梦幻之星：新星 [日文版],DLC-DQST000000000027,タイムアタック・古代都市,JPN
psvdlc,PCSG00351,Phantasy Star Nova,梦幻之星：新星 [日文版],DLC-DQST000000000024,タイムアタック・炎の高地,JPN
psvdlc,PCSG00351,Phantasy Star Nova,梦幻之星：新星 [日文版],DLC-DQST000000000020,メモリーフラグメント回収,JPN
psvdlc,PCSG00351,Phantasy Star Nova,梦幻之星：新星 [日文版],DLC-DQST000000000023,メモリーフラグメント集結,JPN
psvdlc,PCSG00351,Phantasy Star Nova,梦幻之星：新星 [日文版],DLC-DITM000000000041,ヴィテスシュタルクWセット,JPN
psvdlc,PCSG00351,Phantasy Star Nova,梦幻之星：新星 [日文版],DLC-DQST000000000003,波状防衛戦,JPN
psvdlc,PCSG00351,Phantasy Star Nova,梦幻之星：新星 [日文版],DLC-DQST000000000018,経験値フィーバー,JPN
psvdlc,PCSG00351,Phantasy Star Nova,梦幻之星：新星 [日文版],DLC-DITM000000000027,経験値ブースト2倍 01,JPN
psvdlc,PCSG00351,Phantasy Star Nova,梦幻之星：新星 [日文版],DLC-DQST000000000002,難:炎の支配者,JPN
psvdlc,PCSG00351,Phantasy Star Nova,梦幻之星：新星 [日文版],DLC-DQST000000000025,PTアタック・大尖塔,JPN
psvdlc,PCSG00351,Phantasy Star Nova,梦幻之星：新星 [日文版],DLC-DQST000000000028,PTアタック・鋼の荒野,JPN
psvdlc,PCSG00354,Eiyuu Densetsu: Sen no Kiseki II,英雄传说：闪之轨迹 2 [日文版],DLC-EDSENADDCONT0160,追加コンテンツ『無料10周年御礼セット』,JPN
psvdlc,PCSG00354,Eiyuu Densetsu: Sen no Kiseki II,英雄传说：闪之轨迹 2 [日文版],DLC-EDSENADDCONT0165,追加コンテンツ『無料お試しセット(1)』,JPN
psvdlc,PCSG00354,Eiyuu Densetsu: Sen no Kiseki II,英雄传说：闪之轨迹 2 [日文版],DLC-EDSENADDCONT0166,追加コンテンツ『無料お試しセット(2)』,JPN
psvdlc,PCSG00354,Eiyuu Densetsu: Sen no Kiseki II,英雄传说：闪之轨迹 2 [日文版],DLC-EDSENADDCONT0167,追加コンテンツ『無料お試しセット(3)』,JPN
psvdlc,PCSG00354,Eiyuu Densetsu: Sen no Kiseki II,英雄传说：闪之轨迹 2 [日文版],DLC-EDSENADDCONT0168,追加コンテンツ『無料お試しセット(4)』,JPN
psvdlc,PCSG00354,Eiyuu Densetsu: Sen no Kiseki II,英雄传说：闪之轨迹 2 [日文版],DLC-EDSENADDCONT0169,追加コンテンツ『無料お試しセット(5)』,JPN
psvdlc,PCSG00355,IA/VT -COLORFUL-,IA/VT [日文版],DLC-IAVT04PACK000004,「I Want You」+コスチューム追加カラー,JPN
psvdlc,PCSG00355,IA/VT -COLORFUL-,IA/VT [日文版],DLC-IAVT03PACK000004,「Perverse Love Rock」+コスチューム追加カラー,JPN
psvdlc,PCSG00355,IA/VT -COLORFUL-,IA/VT [日文版],DLC-IAVT01PACK000003,「Shooting Star」+コスチューム追加カラー,JPN
psvdlc,PCSG00355,IA/VT -COLORFUL-,IA/VT [日文版],DLC-IAVT04PACK000002,「アフターグロウ」+コスチューム追加カラー,JPN
psvdlc,PCSG00355,IA/VT -COLORFUL-,IA/VT [日文版],DLC-IAVT02PACK000003,「オーヴァークロック」+コスチューム追加カラー,JPN
psvdlc,PCSG00355,IA/VT -COLORFUL-,IA/VT [日文版],DLC-IAVT03PACK000002,「ゲラゲラと笑うな」+コスチューム追加カラー,JPN
psvdlc,PCSG00355,IA/VT -COLORFUL-,IA/VT [日文版],DLC-IAVT03PACK000003,「サナトリウム」+コスチューム追加カラー,JPN
psvdlc,PCSG00355,IA/VT -COLORFUL-,IA/VT [日文版],DLC-IAVT01PACK000004,「マジックアワー」+コスチューム追加カラー,JPN
psvdlc,PCSG00355,IA/VT -COLORFUL-,IA/VT [日文版],DLC-IAVT02PACK000001,「ヤクビョウガミ」+コスチューム追加カラー,JPN
psvdlc,PCSG00355,IA/VT -COLORFUL-,IA/VT [日文版],DLC-IAVT02PACK000004,「君のとなりに」+コスチューム追加カラー,JPN
psvdlc,PCSG00355,IA/VT -COLORFUL-,IA/VT [日文版],DLC-IAVT01PACK000002,「夜咄ディセイブ」+コスチューム追加カラー,JPN
psvdlc,PCSG00355,IA/VT -COLORFUL-,IA/VT [日文版],DLC-IAVT01PACK000001,「始まりの庭」+コスチューム追加カラー,JPN
psvdlc,PCSG00355,IA/VT -COLORFUL-,IA/VT [日文版],DLC-IAVT02PACK000002,「憧憬〜DOUKEI〜」+コスチューム追加カラー,JPN
psvdlc,PCSG00355,IA/VT -COLORFUL-,IA/VT [日文版],DLC-IAVT03PACK000001,「泣き虫ピエロ」+コスチューム追加カラー,JPN
psvdlc,PCSG00355,IA/VT -COLORFUL-,IA/VT [日文版],DLC-IAVT00COS0000002,コスチューム追加カラーセット【ステージアイドル、ウエディングドレス、レースクイーン】,JPN
psvdlc,PCSG00355,IA/VT -COLORFUL-,IA/VT [日文版],DLC-IAVT00PACK000000,先着購入特典セット,JPN
psvdlc,PCSG00355,IA/VT -COLORFUL-,IA/VT [日文版],DLC-IAVT00COS0000005,封入特典コスチューム,JPN
psvdlc,PCSG00358,One Piece: Unlimited World Red,海贼王 无限世界：赤红 [日文版],DLC-OPUWR00ADDON0030,ウソップ衣装「アニメ15周年記念服」,JPN
psvdlc,PCSG00358,One Piece: Unlimited World Red,海贼王 无限世界：赤红 [日文版],DLC-OPUWR00ADDON0009,クエスト「恐竜博士におれはなる」,JPN
psvdlc,PCSG00358,One Piece: Unlimited World Red,海贼王 无限世界：赤红 [日文版],DLC-OPUWR00ADDON0024,クエスト「闇夜の戦い!孤高のレッド」,JPN
psvdlc,PCSG00358,One Piece: Unlimited World Red,海贼王 无限世界：赤红 [日文版],DLC-OPUWR00ADDON0031,サンジ衣装「アニメ15周年記念服」,JPN
psvdlc,PCSG00358,One Piece: Unlimited World Red,海贼王 无限世界：赤红 [日文版],DLC-OPUWR00ADDON0028,ゾロ衣装「アニメ15周年記念服」,JPN
psvdlc,PCSG00358,One Piece: Unlimited World Red,海贼王 无限世界：赤红 [日文版],DLC-OPUWR00ADDON0032,チョッパー衣装「アニメ15周年記念服」,JPN
psvdlc,PCSG00358,One Piece: Unlimited World Red,海贼王 无限世界：赤红 [日文版],DLC-OPUWR00ADDON0029,ナミ衣装「アニメ15周年記念服」,JPN
psvdlc,PCSG00358,One Piece: Unlimited World Red,海贼王 无限世界：赤红 [日文版],DLC-OPUWR00ADDON0034,フランキー衣装「アニメ15周年記念服」,JPN
psvdlc,PCSG00358,One Piece: Unlimited World Red,海贼王 无限世界：赤红 [日文版],DLC-OPUWR00ADDON0035,ブルック衣装「アニメ15周年記念服」,JPN
psvdlc,PCSG00358,One Piece: Unlimited World Red,海贼王 无限世界：赤红 [日文版],DLC-OPUWR00ADDON0027,ルフィ衣装「アニメ15周年記念服」,JPN
psvdlc,PCSG00358,One Piece: Unlimited World Red,海贼王 无限世界：赤红 [日文版],DLC-OPUWR00ADDON0033,ロビン衣装「アニメ15周年記念服」,JPN
psvdlc,PCSG00359,Infinità Strada,无尽之旅 [日文版],DLC-ADDCONT010000000,追加カード画像・エンディング画像,JPN
psvdlc,PCSG00361,Bullet Girls,子弹少女 [日文版],DLC-BULLETGXXXDLC014,「推しキャラクター(バトル中)」天峰咲姫,JPN
psvdlc,PCSG00361,Bullet Girls,子弹少女 [日文版],DLC-BULLETGXXXDLC013,「推しキャラクター(バトル中)」木住野玲美,JPN
psvdlc,PCSG00361,Bullet Girls,子弹少女 [日文版],DLC-BULLETGXXXDLC008,「推しキャラクター」天峰咲姫,JPN
psvdlc,PCSG00361,Bullet Girls,子弹少女 [日文版],DLC-BULLETGXXXDLC030,「衣装」バニー,JPN
psvdlc,PCSG00364,Persona 4: Dancing All Night,女神异闻录 4：通宵热舞 [日文版],DLC-ADDCONTDLCF0000C,P4G・スキーセット,JPN
psvdlc,PCSG00364,Persona 4: Dancing All Night,女神异闻录 4：通宵热舞 [日文版],DLC-ADDCONTDLCF00005,P4G・夏休み私服セット,JPN
psvdlc,PCSG00364,Persona 4: Dancing All Night,女神异闻录 4：通宵热舞 [日文版],DLC-ADDCONTDLCF00008,P4G・真冬制服セット,JPN
psvdlc,PCSG00364,Persona 4: Dancing All Night,女神异闻录 4：通宵热舞 [日文版],DLC-ADDCONTDLCF0000A,P4G・真冬私服セット,JPN
psvdlc,PCSG00364,Persona 4: Dancing All Night,女神异闻录 4：通宵热舞 [日文版],DLC-ADDCONTDLCF00015,Pカラーセレクションセット,JPN
psvdlc,PCSG00364,Persona 4: Dancing All Night,女神异闻录 4：通宵热舞 [日文版],DLC-ADDCONTDLCF00016,Pカラーセレクションセット2,JPN
psvdlc,PCSG00364,Persona 4: Dancing All Night,女神异闻录 4：通宵热舞 [日文版],DLC-ADDCONTDLCF0000F,おしゃれメガネセット,JPN
psvdlc,PCSG00364,Persona 4: Dancing All Night,女神异闻录 4：通宵热舞 [日文版],DLC-ADDCONTDLCF00002,オリジナルステージ衣装セットA,JPN
psvdlc,PCSG00364,Persona 4: Dancing All Night,女神异闻录 4：通宵热舞 [日文版],DLC-ADDCONTDLCF00013,オリジナルステージ衣装セットB,JPN
psvdlc,PCSG00364,Persona 4: Dancing All Night,女神异闻录 4：通宵热舞 [日文版],DLC-ADDCONTDLCF00014,オリジナルステージ衣装セットC,JPN
psvdlc,PCSG00364,Persona 4: Dancing All Night,女神异闻录 4：通宵热舞 [日文版],DLC-ADDCONTDLCF00012,カラーウィッグセット,JPN
psvdlc,PCSG00364,Persona 4: Dancing All Night,女神异闻录 4：通宵热舞 [日文版],DLC-ADDCONTDLCF00010,カラーコンタクトセット,JPN
psvdlc,PCSG00364,Persona 4: Dancing All Night,女神异闻录 4：通宵热舞 [日文版],DLC-ADDCONTDLCF00006,クマ総統衣装,JPN
psvdlc,PCSG00364,Persona 4: Dancing All Night,女神异闻录 4：通宵热舞 [日文版],DLC-ADDCONTDLCF00011,フェザーマスクセット,JPN
psvdlc,PCSG00364,Persona 4: Dancing All Night,女神异闻录 4：通宵热舞 [日文版],DLC-ADDCONTDLCF0000D,フェザーマンセット,JPN
psvdlc,PCSG00364,Persona 4: Dancing All Night,女神异闻录 4：通宵热舞 [日文版],DLC-ADDCONTDLCF00000,ローソンオリジナルコスチュームセット,JPN
psvdlc,PCSG00364,Persona 4: Dancing All Night,女神异闻录 4：通宵热舞 [日文版],DLC-ADDCONTDLCF00009,女子水着セット,JPN
psvdlc,PCSG00364,Persona 4: Dancing All Night,女神异闻录 4：通宵热舞 [日文版],DLC-ADDCONTDLCF00007,学園祭女装+わかめセット,JPN
psvdlc,PCSG00364,Persona 4: Dancing All Night,女神异闻录 4：通宵热舞 [日文版],DLC-ADDCONTDLCF00004,月光館学園制服セット,JPN
psvdlc,PCSG00364,Persona 4: Dancing All Night,女神异闻录 4：通宵热舞 [日文版],DLC-ADDCONTDLCD00013,楽曲「Break Out Of...」Danced byマリー,JPN
psvdlc,PCSG00364,Persona 4: Dancing All Night,女神异闻录 4：通宵热舞 [日文版],DLC-ADDCONTDLCD00016,楽曲「Heaven feat.Hatsune Miku(ATOLS Remix)」Danced by初音ミク,JPN
psvdlc,PCSG00364,Persona 4: Dancing All Night,女神异闻录 4：通宵热舞 [日文版],DLC-ADDCONTDLCD0000C,楽曲「Never More」,JPN
psvdlc,PCSG00364,Persona 4: Dancing All Night,女神异闻录 4：通宵热舞 [日文版],DLC-ADDCONTDLCD00011,楽曲「P4Gアニメセット」,JPN
psvdlc,PCSG00364,Persona 4: Dancing All Night,女神异闻录 4：通宵热舞 [日文版],DLC-ADDCONTDLCD0000F,楽曲「P4アニメセットA」,JPN
psvdlc,PCSG00364,Persona 4: Dancing All Night,女神异闻录 4：通宵热舞 [日文版],DLC-ADDCONTDLCD00010,楽曲「P4アニメセットB」,JPN
psvdlc,PCSG00364,Persona 4: Dancing All Night,女神异闻录 4：通宵热舞 [日文版],DLC-ADDCONTDLCD0000E,楽曲「Reach Out To The Truth (PERSONA MUSIC FES 2013)」,JPN
psvdlc,PCSG00364,Persona 4: Dancing All Night,女神异闻录 4：通宵热舞 [日文版],DLC-ADDCONTDLCD0000D,楽曲「Shadow World (DE DE MOUSE shadow swing mix)」,JPN
psvdlc,PCSG00364,Persona 4: Dancing All Night,女神异闻录 4：通宵热舞 [日文版],DLC-ADDCONTDLCD00012,楽曲「TrueStory (ATLUS Kozuka Remix)」 Danced by久慈川りせ,JPN
psvdlc,PCSG00364,Persona 4: Dancing All Night,女神异闻录 4：通宵热舞 [日文版],DLC-ADDCONTDLCD00014,楽曲「霧 (ATLUS Konishi Remix)」Danced by足立透,JPN
psvdlc,PCSG00364,Persona 4: Dancing All Night,女神异闻录 4：通宵热舞 [日文版],DLC-ADDCONTDLCF00001,直斗女子制服セット,JPN
psvdlc,PCSG00364,Persona 4: Dancing All Night,女神异闻录 4：通宵热舞 [日文版],DLC-ADDCONTDLCF0000B,菜々子セット,JPN
psvdlc,PCSG00374,Nobunaga no Yabou: Souzou,信长之野望：创造 [日文版],DLC-DLCBGM0000000016,「信長の野望の日」記念BGM,JPN
psvdlc,PCSG00374,Nobunaga no Yabou: Souzou,信长之野望：创造 [日文版],DLC-DLCKAO0000000015,「信長の野望の日」記念顔CG,JPN
psvdlc,PCSG00374,Nobunaga no Yabou: Souzou,信长之野望：创造 [日文版],DLC-DLCTIEUP00000014,「石川五右衛門」「弥助」武将データ,JPN
psvdlc,PCSG00374,Nobunaga no Yabou: Souzou,信长之野望：创造 [日文版],DLC-DLCSNR0000000009,シナリオ「天下三十将」,JPN
psvdlc,PCSG00374,Nobunaga no Yabou: Souzou,信长之野望：创造 [日文版],DLC-DLCBGM0000000011,シリーズ作品のBGM,JPN
psvdlc,PCSG00374,Nobunaga no Yabou: Souzou,信长之野望：创造 [日文版],DLC-DLCKAO0000000010,シリーズ作品の顔CG,JPN
psvdlc,PCSG00379,Toukiden: Kiwami,讨鬼传：极 [日文版],DLC-TOUKIDENDLC00800,ミタマ「一文寺まり」,JPN
psvdlc,PCSG00379,Toukiden: Kiwami,讨鬼传：极 [日文版],DLC-TOUKIDENDLC00900,ミタマ「織田のぶニャが」,JPN
psvdlc,PCSG00379,Toukiden: Kiwami,讨鬼传：极 [日文版],DLC-TOUKIDENDLC01100,ミタマ「藤堂高虎」,JPN
psvdlc,PCSG00379,Toukiden: Kiwami,讨鬼传：极 [日文版],DLC-TOUKIDENDLC05000,追加任務集 壱,JPN
psvdlc,PCSG00379,Toukiden: Kiwami,讨鬼传：极 [日文版],DLC-TOUKIDENDLC05100,追加任務集 弐,JPN
psvdlc,PCSG00379,Toukiden: Kiwami,讨鬼传：极 [日文版],DLC-TOUKIDENDLC01900,防具「なりきり装束・ガングラン(男性)/レッドフード(女性)」,JPN
psvdlc,PCSG00379,Toukiden: Kiwami,讨鬼传：极 [日文版],DLC-TOUKIDENDLC01800,防具「なりきり装束・咎人」,JPN
psvdlc,PCSG00394,Hyperdimension Neptunia U: Action Unleashed,超次元海王星 U：战斗释放 [日文版],DLC-ACTIONNEPTUNIA06,ボーナスクエスト,JPN
psvdlc,PCSG00394,Hyperdimension Neptunia U: Action Unleashed,超次元海王星 U：战斗释放 [日文版],DLC-ACTIONNEPTUNIA07,高難易度クエスト,JPN
psvdlc,PCSG00397,Nisekoi: Yomeiri!?,伪恋 出嫁 [日文版],DLC-NISEKOI00MJK1RUR,宮本 るりの...ヨメイリ!?,JPN
psvdlc,PCSG00397,Nisekoi: Yomeiri!?,伪恋 出嫁 [日文版],DLC-NISEKOI00MJK1KSK,小野寺 小咲の...ヨメイリ!?,JPN
psvdlc,PCSG00397,Nisekoi: Yomeiri!?,伪恋 出嫁 [日文版],DLC-NISEKOI00MJK1CTG,桐崎 千棘の...ヨメイリ!?,JPN
psvdlc,PCSG00397,Nisekoi: Yomeiri!?,伪恋 出嫁 [日文版],DLC-NISEKOI00MJK1MRK,橘 万里花の...ヨメイリ!?,JPN
psvdlc,PCSG00397,Nisekoi: Yomeiri!?,伪恋 出嫁 [日文版],DLC-NISEKOI00MJK1SSR,鶫 誠士郎の...ヨメイリ!?,JPN
psvdlc,PCSG00407,Dungeon Travelers 2: The Royal Library & The Monster Seal,迷宫旅人 2：王立图书馆与魔物的封印 [日文版],DLC-DT2VDLCCHAR00ALL,追加キャラクターToHeart2 全キャラパック,JPN
psvdlc,PCSG00408,Child of Light,光之子 [中日文版],DLC-DLC0100000000000,チャイルド オブ ライト - ゴーレムの苦しみパック,JPN
psvdlc,PCSG00408,Child of Light,光之子 [中日文版],DLC-DLC0200000000000,チャイルド オブ ライト - 光のオーロラパック,JPN
psvdlc,PCSG00408,Child of Light,光之子 [中日文版],DLC-DLC0400000000000,チャイルド オブ ライト - 原石オキュライパック,JPN
psvdlc,PCSG00408,Child of Light,光之子 [中日文版],DLC-DLC0700000000000,チャイルド オブ ライト - 星屑パック,JPN
psvdlc,PCSG00408,Child of Light,光之子 [中日文版],DLC-DLC0500000000000,チャイルド オブ ライト - 磨かれたオキュライパック,JPN
psvdlc,PCSG00408,Child of Light,光之子 [中日文版],DLC-DLC0600000000000,チャイルド オブ ライト - 輝くオキュライパック,JPN
psvdlc,PCSG00408,Child of Light,光之子 [中日文版],DLC-DLC0300000000000,チャイルド オブ ライト - 闇のオーロラパック,JPN
psvdlc,PCSG00418,Senran Kagura: Estival Versus - Shoujotachi no Sentaku,闪乱神乐：少女们的证明 [日文版],DLC-EVDFLG0000000000,対戦チケット,JPN
psvdlc,PCSG00418,Senran Kagura: Estival Versus - Shoujotachi no Sentaku,闪乱神乐：少女们的证明 [日文版],DLC-CU0001FAMITSU000,追加コスチューム:ファミ通Tシャツ,JPN
psvdlc,PCSG00418,Senran Kagura: Estival Versus - Shoujotachi no Sentaku,闪乱神乐：少女们的证明 [日文版],DLC-CU0002DENGEKI000,追加コスチューム:乳T,JPN
psvdlc,PCSG00422,Love Live! School idol paradise Vol.1 Printemps,Love Live! 学园偶像生活 Vol. 1: Printemps Unit [日文版],DLC-0034COSTKADOSP04,電撃G'sコミックVol.7特典,JPN
psvdlc,PCSG00432,Chikyuu Boueigun 2 PORTABLE V2,地球防卫军 2 携带版 V2 [日文版],DLC-WEAPONDLC0000006,地球防衛軍2 PORTABLE V2 エアレイド用限定武器 「88ミリ支援砲」,JPN
psvdlc,PCSG00432,Chikyuu Boueigun 2 PORTABLE V2,地球防卫军 2 携带版 V2 [日文版],DLC-WEAPONDLC0000004,地球防衛軍2 PORTABLE V2 ペイルウイング用限定武器 「スパークランサー」,JPN
psvdlc,PCSG00443,Soldner-X 2: Final Prototype,X战将 2：最终原型 [日文版],DLC-SOLX2LASTCHAPTER,The Last Chapter,JPN
psvdlc,PCSG00444,Luminous Arc Infinity,孤光之源：无限 [日文版],DLC-LUMINOUSINFDL001,シナリオパック01・シードの災難セット,JPN
psvdlc,PCSG00444,Luminous Arc Infinity,孤光之源：无限 [日文版],DLC-LUMINOUSINFDL002,シナリオパック02・アイドルの挑戦セット,JPN
psvdlc,PCSG00444,Luminous Arc Infinity,孤光之源：无限 [日文版],DLC-LUMINOUSINFDL003,シナリオパック03・ママアイドルセット,JPN
psvdlc,PCSG00444,Luminous Arc Infinity,孤光之源：无限 [日文版],DLC-LUMINOUSINFDL004,シナリオパック04・先生と生徒セット,JPN
psvdlc,PCSG00444,Luminous Arc Infinity,孤光之源：无限 [日文版],DLC-LUMINOUSINFDL005,シナリオDXパック01・素敵なお洋服!,JPN
psvdlc,PCSG00444,Luminous Arc Infinity,孤光之源：无限 [日文版],DLC-LUMINOUSINFDL006,シナリオDXパック02・アイドル大運動会,JPN
psvdlc,PCSG00444,Luminous Arc Infinity,孤光之源：无限 [日文版],DLC-LUMINOUSINFDL007,シナリオDXパック03・オールスターライブ,JPN
psvdlc,PCSG00452,Shin Sangoku Musou 7: Empires,真•三国无双 7 帝国 [日文版],DLC-SM7EMPBGMSET0000,BGM追加セット1,JPN
psvdlc,PCSG00452,Shin Sangoku Musou 7: Empires,真•三国无双 7 帝国 [日文版],DLC-SM7EMPBGMSET0001,BGM追加セット2,JPN
psvdlc,PCSG00452,Shin Sangoku Musou 7: Empires,真•三国无双 7 帝国 [日文版],DLC-SM7EMPBGMSET0002,BGM追加セット3,JPN
psvdlc,PCSG00452,Shin Sangoku Musou 7: Empires,真•三国无双 7 帝国 [日文版],DLC-SM7EMPCASTLE0004,Team NINJAコラボ居城セット,JPN
psvdlc,PCSG00452,Shin Sangoku Musou 7: Empires,真•三国无双 7 帝国 [日文版],DLC-SM7EMPEDITNCOSNB,「織田のぶニャが」なりきりエディットパーツ,JPN
psvdlc,PCSG00452,Shin Sangoku Musou 7: Empires,真•三国无双 7 帝国 [日文版],DLC-SM7EMPCASTLE0010,メルルのアトリエコラボ居城セット,JPN
psvdlc,PCSG00452,Shin Sangoku Musou 7: Empires,真•三国无双 7 帝国 [日文版],DLC-SM7EMPCASTLE0002,戦国無双4コラボ居城セット,JPN
psvdlc,PCSG00452,Shin Sangoku Musou 7: Empires,真•三国无双 7 帝国 [日文版],DLC-SM7EMPCASTLE0008,無双OROCHI2 Ultimateコラボ居城セット,JPN
psvdlc,PCSG00452,Shin Sangoku Musou 7: Empires,真•三国无双 7 帝国 [日文版],DLC-SM7EMPCASTLE0006,討鬼伝 極コラボ居城セット,JPN
psvdlc,PCSG00452,Shin Sangoku Musou 7: Empires,真•三国无双 7 帝国 [日文版],DLC-SM7EMPEDTOTHER02,追加エディット鼻・口・眉セット,JPN
psvdlc,PCSG00452,Shin Sangoku Musou 7: Empires,真•三国无双 7 帝国 [日文版],DLC-SM7EMPSCENARIO00,追加シナリオ1,JPN
psvdlc,PCSG00452,Shin Sangoku Musou 7: Empires,真•三国无双 7 帝国 [日文版],DLC-SM7EMPSCENARIO01,追加シナリオ2,JPN
psvdlc,PCSG00452,Shin Sangoku Musou 7: Empires,真•三国无双 7 帝国 [日文版],DLC-SM7EMPSCENARIO02,追加シナリオ3,JPN
psvdlc,PCSG00452,Shin Sangoku Musou 7: Empires,真•三国无双 7 帝国 [日文版],DLC-SM7EMPSCENARIO03,追加シナリオ4,JPN
psvdlc,PCSG00454,Ciel Nosurge: Ushinawareta Hoshi e Sasagu Uta (Offline version),空之波涛：为失落之星献诗 (线下版) [日文版],DLC-OTHERKEY90000005,アルノサージュBGMパック,JPN
psvdlc,PCSG00454,Ciel Nosurge: Ushinawareta Hoshi e Sasagu Uta (Offline version),空之波涛：为失落之星献诗 (线下版) [日文版],DLC-COSTUME900000004,コスチューム&アクセサリー UNITY-CHAN!,JPN
psvdlc,PCSG00454,Ciel Nosurge: Ushinawareta Hoshi e Sasagu Uta (Offline version),空之波涛：为失落之星献诗 (线下版) [日文版],DLC-SPECIALFREE90001,コスチューム&アクセサリー 水鏡,JPN
psvdlc,PCSG00454,Ciel Nosurge: Ushinawareta Hoshi e Sasagu Uta (Offline version),空之波涛：为失落之星献诗 (线下版) [日文版],DLC-VOICE90000000002,シェルノサージュOFFLINE~崩壊編ボイスパック~,JPN
psvdlc,PCSG00454,Ciel Nosurge: Ushinawareta Hoshi e Sasagu Uta (Offline version),空之波涛：为失落之星献诗 (线下版) [日文版],DLC-VOICE90000000003,シェルノサージュOFFLINE~皇帝編ボイスパック~,JPN
psvdlc,PCSG00454,Ciel Nosurge: Ushinawareta Hoshi e Sasagu Uta (Offline version),空之波涛：为失落之星献诗 (线下版) [日文版],DLC-VOICE90000000001,シェルノサージュOFFLINE~試練編ボイスパック~,JPN
psvdlc,PCSG00454,Ciel Nosurge: Ushinawareta Hoshi e Sasagu Uta (Offline version),空之波涛：为失落之星献诗 (线下版) [日文版],DLC-OTHERKEY90000004,引継ぎパック E2-E-JUMP,JPN
psvdlc,PCSG00454,Ciel Nosurge: Ushinawareta Hoshi e Sasagu Uta (Offline version),空之波涛：为失落之星献诗 (线下版) [日文版],DLC-OTHERKEY90000003,引継ぎパック PM1-G-VTRN,JPN
psvdlc,PCSG00455,Ar nosurge Plus: Ode to an Unborn Star,静籁永恒 Plus：献给诞生执行的祈祷诗 [日文版],DLC-ARNOVITA7CAS0001,コスチューム グレちゃんStyle,JPN
psvdlc,PCSG00456,Mahouka Koukou no Rettousei: Out of Order,魔法高校的劣等生 [日文版],DLC-IRREGULARCOS0001,「クラウド・ボール」衣装,JPN
psvdlc,PCSG00456,Mahouka Koukou no Rettousei: Out of Order,魔法高校的劣等生 [日文版],DLC-IRREGULARCOS0006,「ソードアート・オンライン アスナ」衣装,JPN
psvdlc,PCSG00456,Mahouka Koukou no Rettousei: Out of Order,魔法高校的劣等生 [日文版],DLC-IRREGULARCOS0004,「ピラーズ・ブレイク(雫Ver)」衣装,JPN
psvdlc,PCSG00456,Mahouka Koukou no Rettousei: Out of Order,魔法高校的劣等生 [日文版],DLC-IRREGULARCOS0002,「ブルマ」衣装,JPN
psvdlc,PCSG00456,Mahouka Koukou no Rettousei: Out of Order,魔法高校的劣等生 [日文版],DLC-IRREGULARCOS0003,「ミラージ・バット」衣装,JPN
psvdlc,PCSG00457,Chaos Rings III Prequel Trilogy,混沌之戒 3 前篇三部曲 [日英韩文版],DLC-DIESELOM00ADDCON,CHAOS RINGS Ω (Prequel Trilogy),JPN
psvdlc,PCSG00457,Chaos Rings III Prequel Trilogy,混沌之戒 3 前篇三部曲 [日英韩文版],DLC-DIESEL1000ADDCON,CHAOS RINGS I (Prequel Trilogy),JPN
psvdlc,PCSG00457,Chaos Rings III Prequel Trilogy,混沌之戒 3 前篇三部曲 [日英韩文版],DLC-DIESEL2000ADDCON,CHAOS RINGS II (Prequel Trilogy),JPN
psvdlc,PCSG00463,XBlaze Lost: Memories,X苍炎：失去的记忆 [日文版],DLC-XBZ2PSVADDEP0200,追加シナリオ・ひなた あやしいじんぶつ,JPN
psvdlc,PCSG00463,XBlaze Lost: Memories,X苍炎：失去的记忆 [日文版],DLC-XBZ2PSVADDEP0201,追加シナリオ・ひなた 決着,JPN
psvdlc,PCSG00463,XBlaze Lost: Memories,X苍炎：失去的记忆 [日文版],DLC-XBZ2PSVADDEP0000,追加シナリオ・久音 再びこの地へ,JPN
psvdlc,PCSG00463,XBlaze Lost: Memories,X苍炎：失去的记忆 [日文版],DLC-XBZ2PSVADDEP0001,追加シナリオ・久音 楽しいバカンス,JPN
psvdlc,PCSG00463,XBlaze Lost: Memories,X苍炎：失去的记忆 [日文版],DLC-XBZ2PSVADDEP0100,追加シナリオ・冥 チャレンジャー,JPN
psvdlc,PCSG00463,XBlaze Lost: Memories,X苍炎：失去的记忆 [日文版],DLC-XBZ2PSVADDEP0101,追加シナリオ・冥 リベンジャー,JPN
psvdlc,PCSG00467,Vamwolf Cross† (Limited Edition),恋爱 ADV & 人狼游戏 [日文版],DLC-ADDCONT000600000,Vamwolf Cross† デートシナリオ 全キャラセット,JPN
psvdlc,PCSG00471,Sengoku Musou Chronicle 3,战国无双 编年史 3 [日文版],DLC-SENC3TSUSHIN0000,「戦国通信」 第1号,JPN
psvdlc,PCSG00471,Sengoku Musou Chronicle 3,战国无双 编年史 3 [日文版],DLC-SENC3TSUSHIN0009,「戦国通信」 第10号,JPN
psvdlc,PCSG00471,Sengoku Musou Chronicle 3,战国无双 编年史 3 [日文版],DLC-SENC3TSUSHIN0010,「戦国通信」 第11号,JPN
psvdlc,PCSG00471,Sengoku Musou Chronicle 3,战国无双 编年史 3 [日文版],DLC-SENC3TSUSHIN0011,「戦国通信」 第12号,JPN
psvdlc,PCSG00471,Sengoku Musou Chronicle 3,战国无双 编年史 3 [日文版],DLC-SENC3TSUSHIN0012,「戦国通信」 第13号,JPN
psvdlc,PCSG00471,Sengoku Musou Chronicle 3,战国无双 编年史 3 [日文版],DLC-SENC3TSUSHIN0013,「戦国通信」 第14号,JPN
psvdlc,PCSG00471,Sengoku Musou Chronicle 3,战国无双 编年史 3 [日文版],DLC-SENC3TSUSHIN0014,「戦国通信」 第15号,JPN
psvdlc,PCSG00471,Sengoku Musou Chronicle 3,战国无双 编年史 3 [日文版],DLC-SENC3TSUSHIN0015,「戦国通信」 第16号,JPN
psvdlc,PCSG00471,Sengoku Musou Chronicle 3,战国无双 编年史 3 [日文版],DLC-SENC3TSUSHIN0016,「戦国通信」 第17号,JPN
psvdlc,PCSG00471,Sengoku Musou Chronicle 3,战国无双 编年史 3 [日文版],DLC-SENC3TSUSHIN0017,「戦国通信」 第18号,JPN
psvdlc,PCSG00471,Sengoku Musou Chronicle 3,战国无双 编年史 3 [日文版],DLC-SENC3TSUSHIN0018,「戦国通信」 第19号,JPN
psvdlc,PCSG00471,Sengoku Musou Chronicle 3,战国无双 编年史 3 [日文版],DLC-SENC3TSUSHIN0001,「戦国通信」 第2号,JPN
psvdlc,PCSG00471,Sengoku Musou Chronicle 3,战国无双 编年史 3 [日文版],DLC-SENC3TSUSHIN0019,「戦国通信」 第20号,JPN
psvdlc,PCSG00471,Sengoku Musou Chronicle 3,战国无双 编年史 3 [日文版],DLC-SENC3TSUSHIN0020,「戦国通信」 第21号,JPN
psvdlc,PCSG00471,Sengoku Musou Chronicle 3,战国无双 编年史 3 [日文版],DLC-SENC3TSUSHIN0021,「戦国通信」 第22号,JPN
psvdlc,PCSG00471,Sengoku Musou Chronicle 3,战国无双 编年史 3 [日文版],DLC-SENC3TSUSHIN0022,「戦国通信」 第23号,JPN
psvdlc,PCSG00471,Sengoku Musou Chronicle 3,战国无双 编年史 3 [日文版],DLC-SENC3TSUSHIN0023,「戦国通信」 第24号,JPN
psvdlc,PCSG00471,Sengoku Musou Chronicle 3,战国无双 编年史 3 [日文版],DLC-SENC3TSUSHIN0002,「戦国通信」 第3号,JPN
psvdlc,PCSG00471,Sengoku Musou Chronicle 3,战国无双 编年史 3 [日文版],DLC-SENC3TSUSHIN0003,「戦国通信」 第4号,JPN
psvdlc,PCSG00471,Sengoku Musou Chronicle 3,战国无双 编年史 3 [日文版],DLC-SENC3TSUSHIN0004,「戦国通信」 第5号,JPN
psvdlc,PCSG00471,Sengoku Musou Chronicle 3,战国无双 编年史 3 [日文版],DLC-SENC3TSUSHIN0005,「戦国通信」 第6号,JPN
psvdlc,PCSG00471,Sengoku Musou Chronicle 3,战国无双 编年史 3 [日文版],DLC-SENC3TSUSHIN0006,「戦国通信」 第7号,JPN
psvdlc,PCSG00471,Sengoku Musou Chronicle 3,战国无双 编年史 3 [日文版],DLC-SENC3TSUSHIN0007,「戦国通信」 第8号,JPN
psvdlc,PCSG00471,Sengoku Musou Chronicle 3,战国无双 编年史 3 [日文版],DLC-SENC3TSUSHIN0008,「戦国通信」 第9号,JPN
psvdlc,PCSG00483,AeternoBlade,阿泰诺神剑 [日文版],DLC-0000000000000005,「アサシン」コスチューム,JPN
psvdlc,PCSG00483,AeternoBlade,阿泰诺神剑 [日文版],DLC-0000000000000000,「アリーナ」モード,JPN
psvdlc,PCSG00483,AeternoBlade,阿泰诺神剑 [日文版],DLC-0000000000000002,「エージェント」コスチューム,JPN
psvdlc,PCSG00483,AeternoBlade,阿泰诺神剑 [日文版],DLC-0000000000000004,「タイムガーディアン」コスチューム,JPN
psvdlc,PCSG00483,AeternoBlade,阿泰诺神剑 [日文版],DLC-0000000000000006,「ヴァーニア」コスチューム,JPN
psvdlc,PCSG00483,AeternoBlade,阿泰诺神剑 [日文版],DLC-0000000000000003,「忍者」コスチューム,JPN
psvdlc,PCSG00483,AeternoBlade,阿泰诺神剑 [日文版],DLC-0000000000000001,「水着」コスチューム,JPN
psvdlc,PCSG00486,Hyperdimension Neptunia: Re;Birth3 V Century,超次元海王星：重生 3 V 世纪 [日文版],DLC-NRB3DLC000000001,いーすんからのお試し用アイテムパック,JPN
psvdlc,PCSG00486,Hyperdimension Neptunia: Re;Birth3 V Century,超次元海王星：重生 3 V 世纪 [日文版],DLC-NRB3DLC000000002,いーすんからの初心者用アイテムパック,JPN
psvdlc,PCSG00486,Hyperdimension Neptunia: Re;Birth3 V Century,超次元海王星：重生 3 V 世纪 [日文版],DLC-NRB3DLC000000003,キャラクター追加パック1,JPN
psvdlc,PCSG00486,Hyperdimension Neptunia: Re;Birth3 V Century,超次元海王星：重生 3 V 世纪 [日文版],DLC-NRB3DLC000000016,キャラクター追加パック2,JPN
psvdlc,PCSG00486,Hyperdimension Neptunia: Re;Birth3 V Century,超次元海王星：重生 3 V 世纪 [日文版],DLC-NRB3DLC000000017,見聞者パック,JPN
psvdlc,PCSG00488,Eiyuu Densetsu: Sora no Kiseki FC Evolution,英雄传说：空之轨迹 FC 进化版 [日文版],DLC-A038ORIGINALBGMS,オリジナルサウンドセット,JPN
psvdlc,PCSG00488,Eiyuu Densetsu: Sora no Kiseki FC Evolution,英雄传说：空之轨迹 FC 进化版 [日文版],DLC-A000SEPITHSETTRY,セピス無料セット,JPN
psvdlc,PCSG00488,Eiyuu Densetsu: Sora no Kiseki FC Evolution,英雄传说：空之轨迹 FC 进化版 [日文版],DLC-A001ITEMZCSETTRY,ゼラムカプセル無料セット,JPN
psvdlc,PCSG00488,Eiyuu Densetsu: Sora no Kiseki FC Evolution,英雄传说：空之轨迹 FC 进化版 [日文版],DLC-A002ITEMZPSETTRY,ゼラムパウダー無料セット,JPN
psvdlc,PCSG00488,Eiyuu Densetsu: Sora no Kiseki FC Evolution,英雄传说：空之轨迹 FC 进化版 [日文版],DLC-A003RESTORSETTRY,上級回復薬無料セット,JPN
psvdlc,PCSG00488,Eiyuu Densetsu: Sora no Kiseki FC Evolution,英雄传说：空之轨迹 FC 进化版 [日文版],DLC-S001ROCKETSET001,限定版グラールロケット,JPN
psvdlc,PCSG00488,Eiyuu Densetsu: Sora no Kiseki FC Evolution,英雄传说：空之轨迹 FC 进化版 [日文版],DLC-A004FOODSET01TRY,魔獣食材無料セットA,JPN
psvdlc,PCSG00488,Eiyuu Densetsu: Sora no Kiseki FC Evolution,英雄传说：空之轨迹 FC 进化版 [日文版],DLC-A005FOODSET02TRY,魔獣食材無料セットB,JPN
psvdlc,PCSG00489,Eiyuu Densetsu: Sora no Kiseki SC Evolution,英雄传说：空之轨迹 SC 进化版 [日文版],DLC-A049ORIGINALBGMS,オリジナルサウンドセット,JPN
psvdlc,PCSG00489,Eiyuu Densetsu: Sora no Kiseki SC Evolution,英雄传说：空之轨迹 SC 进化版 [日文版],DLC-A000SEPITHSETTRY,セピス無料セット,JPN
psvdlc,PCSG00489,Eiyuu Densetsu: Sora no Kiseki SC Evolution,英雄传说：空之轨迹 SC 进化版 [日文版],DLC-A001ITEMZCSETTRY,ゼラムカプセル無料セット,JPN
psvdlc,PCSG00489,Eiyuu Densetsu: Sora no Kiseki SC Evolution,英雄传说：空之轨迹 SC 进化版 [日文版],DLC-A002ITEMZPSETTRY,ゼラムパウダー無料セット,JPN
psvdlc,PCSG00489,Eiyuu Densetsu: Sora no Kiseki SC Evolution,英雄传说：空之轨迹 SC 进化版 [日文版],DLC-A003RESTORSETTRY,上級回復薬無料セット,JPN
psvdlc,PCSG00489,Eiyuu Densetsu: Sora no Kiseki SC Evolution,英雄传说：空之轨迹 SC 进化版 [日文版],DLC-A006ATTFOOD01TRY,攻撃料理無料セット,JPN
psvdlc,PCSG00489,Eiyuu Densetsu: Sora no Kiseki SC Evolution,英雄传说：空之轨迹 SC 进化版 [日文版],DLC-S001ROCKETSET001,電プレ限定版グラールロケット,JPN
psvdlc,PCSG00489,Eiyuu Densetsu: Sora no Kiseki SC Evolution,英雄传说：空之轨迹 SC 进化版 [日文版],DLC-A004FOODSET01TRY,魔獣食材無料セットA,JPN
psvdlc,PCSG00489,Eiyuu Densetsu: Sora no Kiseki SC Evolution,英雄传说：空之轨迹 SC 进化版 [日文版],DLC-A005FOODSET02TRY,魔獣食材無料セットB,JPN
psvdlc,PCSG00490,Eiyuu Densetsu: Sora no Kiseki the 3rd Evolution,英雄传说：空之轨迹 3rd 进化版 [日文版],DLC-ADDCORIGINALBGMS,オリジナルサウンドセット,JPN
psvdlc,PCSG00490,Eiyuu Densetsu: Sora no Kiseki the 3rd Evolution,英雄传说：空之轨迹 3rd 进化版 [日文版],DLC-A000SEPITHSETTRY,セピス無料セット,JPN
psvdlc,PCSG00490,Eiyuu Densetsu: Sora no Kiseki the 3rd Evolution,英雄传说：空之轨迹 3rd 进化版 [日文版],DLC-A001ITEMZCSETTRY,ゼラムカプセル無料セット,JPN
psvdlc,PCSG00490,Eiyuu Densetsu: Sora no Kiseki the 3rd Evolution,英雄传说：空之轨迹 3rd 进化版 [日文版],DLC-A002ITEMZPSETTRY,ゼラムパウダー無料セット,JPN
psvdlc,PCSG00490,Eiyuu Densetsu: Sora no Kiseki the 3rd Evolution,英雄传说：空之轨迹 3rd 进化版 [日文版],DLC-A003RESTORSETTRY,上級回復薬無料セット,JPN
psvdlc,PCSG00490,Eiyuu Densetsu: Sora no Kiseki the 3rd Evolution,英雄传说：空之轨迹 3rd 进化版 [日文版],DLC-A006ATTFOOD01TRY,攻撃料理無料セット,JPN
psvdlc,PCSG00490,Eiyuu Densetsu: Sora no Kiseki the 3rd Evolution,英雄传说：空之轨迹 3rd 进化版 [日文版],DLC-A004FOODSET01TRY,魔獣食材無料セットA,JPN
psvdlc,PCSG00490,Eiyuu Densetsu: Sora no Kiseki the 3rd Evolution,英雄传说：空之轨迹 3rd 进化版 [日文版],DLC-A005FOODSET02TRY,魔獣食材無料セットB,JPN
psvdlc,PCSG00494,Dai-3-Ji Super Robot Taisen Z Tengoku-hen,第三次超级机器人大战 Z：天狱篇 [日文版],DLC-SRWZ3OF2DLC02330,「ハッピー・プレゼント」,JPN
psvdlc,PCSG00494,Dai-3-Ji Super Robot Taisen Z Tengoku-hen,第三次超级机器人大战 Z：天狱篇 [日文版],DLC-SRWZ3OF2DLC02325,「パック1購入プレゼント」,JPN
psvdlc,PCSG00494,Dai-3-Ji Super Robot Taisen Z Tengoku-hen,第三次超级机器人大战 Z：天狱篇 [日文版],DLC-SRWZ3OF2DLC02326,「パック2購入プレゼント」,JPN
psvdlc,PCSG00494,Dai-3-Ji Super Robot Taisen Z Tengoku-hen,第三次超级机器人大战 Z：天狱篇 [日文版],DLC-SRWZ3OF2DLC02327,「パック3購入プレゼント」,JPN
psvdlc,PCSG00494,Dai-3-Ji Super Robot Taisen Z Tengoku-hen,第三次超级机器人大战 Z：天狱篇 [日文版],DLC-SRWZ3OF2DLC02328,「パック4購入プレゼント」,JPN
psvdlc,PCSG00494,Dai-3-Ji Super Robot Taisen Z Tengoku-hen,第三次超级机器人大战 Z：天狱篇 [日文版],DLC-SRWZ3OF2DLC02329,「フルパック購入プレゼント」,JPN
psvdlc,PCSG00494,Dai-3-Ji Super Robot Taisen Z Tengoku-hen,第三次超级机器人大战 Z：天狱篇 [日文版],DLC-SRWZ3OF2DLC02334,「プレミアム・プレゼント」,JPN
psvdlc,PCSG00494,Dai-3-Ji Super Robot Taisen Z Tengoku-hen,第三次超级机器人大战 Z：天狱篇 [日文版],DLC-SRWZ3OF2DLC02331,「ラッキー・プレゼント」,JPN
psvdlc,PCSG00494,Dai-3-Ji Super Robot Taisen Z Tengoku-hen,第三次超级机器人大战 Z：天狱篇 [日文版],DLC-SRWZ3OF2DLC02318,ボーナスシナリオ「その背に未来を」,JPN
psvdlc,PCSG00494,Dai-3-Ji Super Robot Taisen Z Tengoku-hen,第三次超级机器人大战 Z：天狱篇 [日文版],DLC-SRWZ3OF2DLC02314,ボーナスシナリオ「ガルガンティアの休暇」,JPN
psvdlc,PCSG00494,Dai-3-Ji Super Robot Taisen Z Tengoku-hen,第三次超级机器人大战 Z：天狱篇 [日文版],DLC-SRWZ3OF2DLC02311,ボーナスシナリオ「ザ・バトリング」,JPN
psvdlc,PCSG00494,Dai-3-Ji Super Robot Taisen Z Tengoku-hen,第三次超级机器人大战 Z：天狱篇 [日文版],DLC-SRWZ3OF2DLC02301,ボーナスシナリオ「スズネ、ストレス発散」,JPN
psvdlc,PCSG00494,Dai-3-Ji Super Robot Taisen Z Tengoku-hen,第三次超级机器人大战 Z：天狱篇 [日文版],DLC-SRWZ3OF2DLC02316,ボーナスシナリオ「バスターマシンの心」,JPN
psvdlc,PCSG00494,Dai-3-Ji Super Robot Taisen Z Tengoku-hen,第三次超级机器人大战 Z：天狱篇 [日文版],DLC-SRWZ3OF2DLC02322,ボーナスシナリオ「ボス・イン・ザ・スペース」,JPN
psvdlc,PCSG00494,Dai-3-Ji Super Robot Taisen Z Tengoku-hen,第三次超级机器人大战 Z：天狱篇 [日文版],DLC-SRWZ3OF2DLC02321,ボーナスシナリオ「ボス・オン・ザ・グラウンド」,JPN
psvdlc,PCSG00494,Dai-3-Ji Super Robot Taisen Z Tengoku-hen,第三次超级机器人大战 Z：天狱篇 [日文版],DLC-SRWZ3OF2DLC02315,ボーナスシナリオ「マウンテンサイクルの闇」,JPN
psvdlc,PCSG00494,Dai-3-Ji Super Robot Taisen Z Tengoku-hen,第三次超级机器人大战 Z：天狱篇 [日文版],DLC-SRWZ3OF2DLC02319,ボーナスシナリオ「メトロポリスを追え」,JPN
psvdlc,PCSG00494,Dai-3-Ji Super Robot Taisen Z Tengoku-hen,第三次超级机器人大战 Z：天狱篇 [日文版],DLC-SRWZ3OF2DLC02305,ボーナスシナリオ「俺の正義」,JPN
psvdlc,PCSG00494,Dai-3-Ji Super Robot Taisen Z Tengoku-hen,第三次超级机器人大战 Z：天狱篇 [日文版],DLC-SRWZ3OF2DLC02302,ボーナスシナリオ「出動、少年探偵団」,JPN
psvdlc,PCSG00494,Dai-3-Ji Super Robot Taisen Z Tengoku-hen,第三次超级机器人大战 Z：天狱篇 [日文版],DLC-SRWZ3OF2DLC02310,ボーナスシナリオ「多元戦争追想」,JPN
psvdlc,PCSG00494,Dai-3-Ji Super Robot Taisen Z Tengoku-hen,第三次超级机器人大战 Z：天狱篇 [日文版],DLC-SRWZ3OF2DLC02317,ボーナスシナリオ「対決、傭兵団」,JPN
psvdlc,PCSG00494,Dai-3-Ji Super Robot Taisen Z Tengoku-hen,第三次超级机器人大战 Z：天狱篇 [日文版],DLC-SRWZ3OF2DLC02320,ボーナスシナリオ「強き事は美しき哉II」,JPN
psvdlc,PCSG00494,Dai-3-Ji Super Robot Taisen Z Tengoku-hen,第三次超级机器人大战 Z：天狱篇 [日文版],DLC-SRWZ3OF2DLC02306,ボーナスシナリオ「愛と勇気と力」,JPN
psvdlc,PCSG00494,Dai-3-Ji Super Robot Taisen Z Tengoku-hen,第三次超级机器人大战 Z：天狱篇 [日文版],DLC-SRWZ3OF2DLC02313,ボーナスシナリオ「愛・気合・出会い」,JPN
psvdlc,PCSG00494,Dai-3-Ji Super Robot Taisen Z Tengoku-hen,第三次超级机器人大战 Z：天狱篇 [日文版],DLC-SRWZ3OF2DLC02308,ボーナスシナリオ「戦わざるもの食うべからず」,JPN
psvdlc,PCSG00494,Dai-3-Ji Super Robot Taisen Z Tengoku-hen,第三次超级机器人大战 Z：天狱篇 [日文版],DLC-SRWZ3OF2DLC02303,ボーナスシナリオ「新時代の扉」,JPN
psvdlc,PCSG00494,Dai-3-Ji Super Robot Taisen Z Tengoku-hen,第三次超级机器人大战 Z：天狱篇 [日文版],DLC-SRWZ3OF2DLC02307,ボーナスシナリオ「炎のトウキョウライブ」,JPN
psvdlc,PCSG00494,Dai-3-Ji Super Robot Taisen Z Tengoku-hen,第三次超级机器人大战 Z：天狱篇 [日文版],DLC-SRWZ3OF2DLC02309,ボーナスシナリオ「獣と風」,JPN
psvdlc,PCSG00494,Dai-3-Ji Super Robot Taisen Z Tengoku-hen,第三次超级机器人大战 Z：天狱篇 [日文版],DLC-SRWZ3OF2DLC02304,ボーナスシナリオ「目覚めるふもっふ」,JPN
psvdlc,PCSG00494,Dai-3-Ji Super Robot Taisen Z Tengoku-hen,第三次超级机器人大战 Z：天狱篇 [日文版],DLC-SRWZ3OF2DLC02312,ボーナスシナリオ「縁の下のハードワーカー」,JPN
psvdlc,PCSG00494,Dai-3-Ji Super Robot Taisen Z Tengoku-hen,第三次超级机器人大战 Z：天狱篇 [日文版],DLC-SRWZ3OF2DLC02323,ボーナスシナリオ「聖王国の明日」,JPN
psvdlc,PCSG00494,Dai-3-Ji Super Robot Taisen Z Tengoku-hen,第三次超级机器人大战 Z：天狱篇 [日文版],DLC-SRWZ3OF2DLC02324,ボーナスシナリオ「超アルティメット・バトル」,JPN
psvdlc,PCSG00503,YAKUZA 0 Companion app,人中之龙 0 PlayStation Vita 专用应用软件 [日文版],DLC-EX00000000000002,龍が如く0 基本無料アプリ for PlayStation®Vita 追加コンテンツパッケージ,JPN
psvdlc,PCSG00511,Wizardry: Torawareshi Bourei no Machi,巫术：囚禁亡灵的街道 [日文版],DLC-WIZDL0000000002R,Wizardry 囚われし亡霊の街 シナリオ2,JPN
psvdlc,PCSG00511,Wizardry: Torawareshi Bourei no Machi,巫术：囚禁亡灵的街道 [日文版],DLC-WIZDL0000000003R,Wizardry 囚われし亡霊の街 シナリオ3,JPN
psvdlc,PCSG00512,Wizardry: Torawareshi Tomashii no Meikyuu,巫术：被囚之魂的迷宫 [日文版],DLC-DATA000000000002,レベル上限UP(50→99)キー,JPN
psvdlc,PCSG00512,Wizardry: Torawareshi Tomashii no Meikyuu,巫术：被囚之魂的迷宫 [日文版],DLC-DATA000000000001,試練の迷宮全開放,JPN
psvdlc,PCSG00512,Wizardry: Torawareshi Tomashii no Meikyuu,巫术：被囚之魂的迷宫 [日文版],DLC-C010000000000000,追加シナリオ 『修道女の赤き影』,JPN
psvdlc,PCSG00515,Trillion: God of Destruction,魔坏神 兆力昂 [日文版],DLC-TRILLIONDLC00005,ネプテューヌコラボ『ネプキャラ参戦セット』,JPN
psvdlc,PCSG00515,Trillion: God of Destruction,魔坏神 兆力昂 [日文版],DLC-TRILLIONDLC00006,予約しようキャンペーン『オットンスキル』,JPN
psvdlc,PCSG00515,Trillion: God of Destruction,魔坏神 兆力昂 [日文版],DLC-TRILLIONDLC00009,予約しようキャンペーン『ネプテューヌスキル』,JPN
psvdlc,PCSG00516,Digimon Story Cyber Sleuth,数码宝贝物语 网络侦探 [日文版],DLC-DSDLCQUEST000001,【追加ミッション1】 ミレイからの緊急依頼,JPN
psvdlc,PCSG00516,Digimon Story Cyber Sleuth,数码宝贝物语 网络侦探 [日文版],DLC-DSDLCQUEST000002,【追加ミッション2】 映画撮影の悪役依頼,JPN
psvdlc,PCSG00516,Digimon Story Cyber Sleuth,数码宝贝物语 网络侦探 [日文版],DLC-DSDLCQUEST000003,【追加ミッション3】 上野デジモンフェスティバル,JPN
psvdlc,PCSG00516,Digimon Story Cyber Sleuth,数码宝贝物语 网络侦探 [日文版],DLC-DSDLCQUEST000004,【追加ミッション4】 テリアモンの密着取材24時!?,JPN
psvdlc,PCSG00516,Digimon Story Cyber Sleuth,数码宝贝物语 网络侦探 [日文版],DLC-DSDLCQUEST000005,【追加ミッション5】 並行世界と少女と運命 憤怒との遭遇,JPN
psvdlc,PCSG00516,Digimon Story Cyber Sleuth,数码宝贝物语 网络侦探 [日文版],DLC-DSDLCQUEST000006,【追加ミッション6】 並行世界と少女と運命 強欲との再会,JPN
psvdlc,PCSG00516,Digimon Story Cyber Sleuth,数码宝贝物语 网络侦探 [日文版],DLC-DSDLCQUEST000007,【追加ミッション7】 並行世界と少女と運命 色欲との対面,JPN
psvdlc,PCSG00516,Digimon Story Cyber Sleuth,数码宝贝物语 网络侦探 [日文版],DLC-DSDLCQUEST000008,【追加ミッション8】 並行世界と少女と運命 嫉妬との邂逅,JPN
psvdlc,PCSG00516,Digimon Story Cyber Sleuth,数码宝贝物语 网络侦探 [日文版],DLC-DSDLCQUEST000009,【追加ミッション9】 並行世界と少女と運命 暴食との相対,JPN
psvdlc,PCSG00516,Digimon Story Cyber Sleuth,数码宝贝物语 网络侦探 [日文版],DLC-DSDLCQUEST000010,【追加ミッション10】 並行世界と少女と運命 怠惰との接触,JPN
psvdlc,PCSG00516,Digimon Story Cyber Sleuth,数码宝贝物语 网络侦探 [日文版],DLC-DSDLCQUEST000011,【追加ミッション11】 並行世界と少女と運命 傲慢への拝眉,JPN
psvdlc,PCSG00516,Digimon Story Cyber Sleuth,数码宝贝物语 网络侦探 [日文版],DLC-DSDLCQUEST000012,【追加ミッション12】 並行世界と少女と運命 狂信の探求,JPN
psvdlc,PCSG00516,Digimon Story Cyber Sleuth,数码宝贝物语 网络侦探 [日文版],DLC-DSDLCDIGIMON0001,アグモン(黒)・ガブモン(黒),JPN
psvdlc,PCSG00522,Atelier Escha & Logy Plus ~Alchemists of the Dusk Sky~,艾斯卡与罗杰的炼金工房：黄昏天空的炼金术士 [日文版],DLC-ESLOGIPLUS000002,追加コスチューム・ウェディング,JPN
psvdlc,PCSG00522,Atelier Escha & Logy Plus ~Alchemists of the Dusk Sky~,艾斯卡与罗杰的炼金工房：黄昏天空的炼金术士 [日文版],DLC-ESLOGIPLUS000001,追加コスチューム・ニオ,JPN
psvdlc,PCSG00522,Atelier Escha & Logy Plus ~Alchemists of the Dusk Sky~,艾斯卡与罗杰的炼金工房：黄昏天空的炼金术士 [日文版],DLC-ESLOGIPLUS000003,追加コスチューム・ファミ通SP,JPN
psvdlc,PCSG00522,Atelier Escha & Logy Plus ~Alchemists of the Dusk Sky~,艾斯卡与罗杰的炼金工房：黄昏天空的炼金术士 [日文版],DLC-ESLOGIPLUS000004,追加コスチューム・電撃SP,JPN
psvdlc,PCSG00532,God Eater 2 Rage Burst,噬神者 2：狂怒解放 [日文版],DLC-GE2RBNPC00000010,GOD EATER 2 RAGE BURST  ADDITIONAL CONTENTS,JPN
psvdlc,PCSG00532,God Eater 2 Rage Burst,噬神者 2：狂怒解放 [日文版],DLC-GE2RBNPC00000011,GOD EATER 2 RAGE BURST  ADDITIONAL CONTENTS,JPN
psvdlc,PCSG00532,God Eater 2 Rage Burst,噬神者 2：狂怒解放 [日文版],DLC-GE2RBNPC00000012,GOD EATER 2 RAGE BURST  ADDITIONAL CONTENTS,JPN
psvdlc,PCSG00532,God Eater 2 Rage Burst,噬神者 2：狂怒解放 [日文版],DLC-GE2RBNPC00000013,GOD EATER 2 RAGE BURST  ADDITIONAL CONTENTS,JPN
psvdlc,PCSG00532,God Eater 2 Rage Burst,噬神者 2：狂怒解放 [日文版],DLC-GE2RBNPC00000014,GOD EATER 2 RAGE BURST  ADDITIONAL CONTENTS,JPN
psvdlc,PCSG00532,God Eater 2 Rage Burst,噬神者 2：狂怒解放 [日文版],DLC-GE2RBNPC00000015,GOD EATER 2 RAGE BURST  ADDITIONAL CONTENTS,JPN
psvdlc,PCSG00532,God Eater 2 Rage Burst,噬神者 2：狂怒解放 [日文版],DLC-GE2RBNPC00000016,GOD EATER 2 RAGE BURST  ADDITIONAL CONTENTS,JPN
psvdlc,PCSG00532,God Eater 2 Rage Burst,噬神者 2：狂怒解放 [日文版],DLC-GE2RBOTHERS00001,GOD EATER 2 RAGE BURST  ADDITIONAL CONTENTS,JPN
psvdlc,PCSG00536,Sword Art Online: Lost Song,刀剑神域：失落之歌 [日文版],DLC-DLCPACKAGE000008,追加クエスト:【討伐】傀儡輪舞,JPN
psvdlc,PCSG00536,Sword Art Online: Lost Song,刀剑神域：失落之歌 [日文版],DLC-DLCPACKAGE000007,追加クエスト:【討伐】欺瞞,JPN
psvdlc,PCSG00536,Sword Art Online: Lost Song,刀剑神域：失落之歌 [日文版],DLC-DLCPACKAGE000011,追加クエスト:【討伐】死せる者達の戦場,JPN
psvdlc,PCSG00536,Sword Art Online: Lost Song,刀剑神域：失落之歌 [日文版],DLC-DLCPACKAGE000006,追加クエスト:【討伐】獣の宴,JPN
psvdlc,PCSG00536,Sword Art Online: Lost Song,刀剑神域：失落之歌 [日文版],DLC-DLCPACKAGE000009,追加クエスト:【討伐】神々の再侵略,JPN
psvdlc,PCSG00536,Sword Art Online: Lost Song,刀剑神域：失落之歌 [日文版],DLC-DLCPACKAGE000010,追加クエスト:【討伐】竜狩り,JPN
psvdlc,PCSG00536,Sword Art Online: Lost Song,刀剑神域：失落之歌 [日文版],DLC-DLCPACKAGE000005,追加クエスト:【討伐】飛鞠殲滅,JPN
psvdlc,PCSG00536,Sword Art Online: Lost Song,刀剑神域：失落之歌 [日文版],DLC-DLCPACKAGE000012,追加クエスト:【討伐】黄昏再演,JPN
psvdlc,PCSG00536,Sword Art Online: Lost Song,刀剑神域：失落之歌 [日文版],DLC-DLCPACKAGE000000,追加衣装:ゴッドイーター衣装(キリト、アスナ),JPN
psvdlc,PCSG00536,Sword Art Online: Lost Song,刀剑神域：失落之歌 [日文版],DLC-DLCPACKAGE000004,追加衣装:伝説の防具II『バスタオル』,JPN
psvdlc,PCSG00536,Sword Art Online: Lost Song,刀剑神域：失落之歌 [日文版],DLC-DLCPACKAGE000002,追加衣装:制服,JPN
psvdlc,PCSG00537,Croixleur Sigma,黑色规则：西格玛 [日文版],DLC-CROIXLEUR0000004,Add costume(Game),JPN
psvdlc,PCSG00537,Croixleur Sigma,黑色规则：西格玛 [日文版],DLC-CROIXLEUR0000001,Add costume(Maid clothes),JPN
psvdlc,PCSG00537,Croixleur Sigma,黑色规则：西格玛 [日文版],DLC-CROIXLEUR0000002,Add costume(School uniform),JPN
psvdlc,PCSG00544,One Piece: Pirate Warriors 3,海贼王：海贼无双 3 [日文版],DLC-OP3COSTUME000025,ウソップ追加衣装“着物”,JPN
psvdlc,PCSG00544,One Piece: Pirate Warriors 3,海贼王：海贼无双 3 [日文版],DLC-OP3COSTUME000029,エース追加衣装“SW”,JPN
psvdlc,PCSG00544,One Piece: Pirate Warriors 3,海贼王：海贼无双 3 [日文版],DLC-OP3COSTUME000024,サンジ追加衣装“着物”,JPN
psvdlc,PCSG00544,One Piece: Pirate Warriors 3,海贼王：海贼无双 3 [日文版],DLC-OP3COSTUME000023,ゾロ追加衣装“着物”,JPN
psvdlc,PCSG00544,One Piece: Pirate Warriors 3,海贼王：海贼无双 3 [日文版],DLC-OP3COSTUME000026,チョッパー追加衣装“着物”,JPN
psvdlc,PCSG00544,One Piece: Pirate Warriors 3,海贼王：海贼无双 3 [日文版],DLC-OP3COSTUME000027,ナミ追加衣装“着物”,JPN
psvdlc,PCSG00544,One Piece: Pirate Warriors 3,海贼王：海贼无双 3 [日文版],DLC-OP3COSTUME000030,ナミ追加衣装“SW”,JPN
psvdlc,PCSG00544,One Piece: Pirate Warriors 3,海贼王：海贼无双 3 [日文版],DLC-OP3COSTUME000031,ハンコック追加衣装“女ヶ島”,JPN
psvdlc,PCSG00544,One Piece: Pirate Warriors 3,海贼王：海贼无双 3 [日文版],DLC-OP3COSTUME000022,ルフィ追加衣装“侍”,JPN
psvdlc,PCSG00544,One Piece: Pirate Warriors 3,海贼王：海贼无双 3 [日文版],DLC-OP3COSTUME000028,ロビン追加衣装“着物”,JPN
psvdlc,PCSG00550,Omega Labyrinth,ω欧米伽迷宫 [日文版],DLC-DRM0000000021020,なこ_下着ver,JPN
psvdlc,PCSG00550,Omega Labyrinth,ω欧米伽迷宫 [日文版],DLC-DRM0000000020020,なこ_水着ver,JPN
psvdlc,PCSG00550,Omega Labyrinth,ω欧米伽迷宫 [日文版],DLC-DRM0000000010100,にゃんきちの手,JPN
psvdlc,PCSG00550,Omega Labyrinth,ω欧米伽迷宫 [日文版],DLC-DRM0000000010110,にゃんきちの盾,JPN
psvdlc,PCSG00550,Omega Labyrinth,ω欧米伽迷宫 [日文版],DLC-DRM0000000010070,ヒップシールド,JPN
psvdlc,PCSG00550,Omega Labyrinth,ω欧米伽迷宫 [日文版],DLC-DRM0000000021010,愛那_下着ver,JPN
psvdlc,PCSG00550,Omega Labyrinth,ω欧米伽迷宫 [日文版],DLC-DRM0000000020010,愛那_水着ver,JPN
psvdlc,PCSG00550,Omega Labyrinth,ω欧米伽迷宫 [日文版],DLC-DRM0000000021040,真理華_下着ver,JPN
psvdlc,PCSG00550,Omega Labyrinth,ω欧米伽迷宫 [日文版],DLC-DRM0000000020040,真理華_水着ver,JPN
psvdlc,PCSG00550,Omega Labyrinth,ω欧米伽迷宫 [日文版],DLC-DRM0000000021030,紗衣里_下着ver,JPN
psvdlc,PCSG00550,Omega Labyrinth,ω欧米伽迷宫 [日文版],DLC-DRM0000000020030,紗衣里_水着ver,JPN
psvdlc,PCSG00550,Omega Labyrinth,ω欧米伽迷宫 [日文版],DLC-DRM0000000021050,美玲_下着ver,JPN
psvdlc,PCSG00550,Omega Labyrinth,ω欧米伽迷宫 [日文版],DLC-DRM0000000020050,美玲_水着ver,JPN
psvdlc,PCSG00550,Omega Labyrinth,ω欧米伽迷宫 [日文版],DLC-DRM0000000010060,電マランス,JPN
psvdlc,PCSG00550,Omega Labyrinth,ω欧米伽迷宫 [日文版],DLC-DRM0000000010040,鳴刀アエギマル,JPN
psvdlc,PCSG00551,Taiko no Tatsujin V Version,太鼓达人 V [中日文版],DLC-TAIKOV1SONG106JJ,Checkmate!,JPN
psvdlc,PCSG00551,Taiko no Tatsujin V Version,太鼓达人 V [中日文版],DLC-TAIKOV1SONG008JJ,Daydream cafe,JPN
psvdlc,PCSG00551,Taiko no Tatsujin V Version,太鼓达人 V [中日文版],DLC-TAIKOV1SONG011JH,DEBSTEP!,JPN
psvdlc,PCSG00551,Taiko no Tatsujin V Version,太鼓达人 V [中日文版],DLC-TAIKOV1SONG110JH,Evidence of evil,JPN
psvdlc,PCSG00551,Taiko no Tatsujin V Version,太鼓达人 V [中日文版],DLC-TAIKOV1SONG034JH,Extreme MGG★★★,JPN
psvdlc,PCSG00551,Taiko no Tatsujin V Version,太鼓达人 V [中日文版],DLC-TAIKOV1SONG108JH,Ladystar Wandering,JPN
psvdlc,PCSG00551,Taiko no Tatsujin V Version,太鼓达人 V [中日文版],DLC-TAIKOV1SONG007JJ,maximum the hormone,JPN
psvdlc,PCSG00551,Taiko no Tatsujin V Version,太鼓达人 V [中日文版],DLC-TAIKOV1SONG021JH,No Way Back,JPN
psvdlc,PCSG00551,Taiko no Tatsujin V Version,太鼓达人 V [中日文版],DLC-TAIKOV1SONG032JJ,Rising Hope,JPN
psvdlc,PCSG00551,Taiko no Tatsujin V Version,太鼓达人 V [中日文版],DLC-TAIKOV1SONG107JH,Where is the Target,JPN
psvdlc,PCSG00551,Taiko no Tatsujin V Version,太鼓达人 V [中日文版],DLC-TAIKOV1SONG111JH,〆ドレー2000+,JPN
psvdlc,PCSG00551,Taiko no Tatsujin V Version,太鼓达人 V [中日文版],DLC-TAIKOV1SONG053JJ,「HERO」 -Main Title-,JPN
psvdlc,PCSG00551,Taiko no Tatsujin V Version,太鼓达人 V [中日文版],DLC-TAIKOV1SONG009JJ,あったかいんだからぁ♪,JPN
psvdlc,PCSG00551,Taiko no Tatsujin V Version,太鼓达人 V [中日文版],DLC-TAIKOV1SONG105JJ,ありがとう,JPN
psvdlc,PCSG00551,Taiko no Tatsujin V Version,太鼓达人 V [中日文版],DLC-TAIKOV1SONG092JJ,かくしん的☆めたまるふぉ~ぜっ!,JPN
psvdlc,PCSG00551,Taiko no Tatsujin V Version,太鼓达人 V [中日文版],DLC-TAIKOV1SONG090JH,そつおめしき,JPN
psvdlc,PCSG00551,Taiko no Tatsujin V Version,太鼓达人 V [中日文版],DLC-TAIKOV1SONG109JH,ねこくじら,JPN
psvdlc,PCSG00551,Taiko no Tatsujin V Version,太鼓达人 V [中日文版],DLC-TAIKOV1SONG023JH,アメイジンググレイス,JPN
psvdlc,PCSG00551,Taiko no Tatsujin V Version,太鼓达人 V [中日文版],DLC-TAIKOV1SONG031JJ,ウミユリ海底譚,JPN
psvdlc,PCSG00551,Taiko no Tatsujin V Version,太鼓达人 V [中日文版],DLC-TAIKOV1SONG014JJ,ウルトラマンX,JPN
psvdlc,PCSG00551,Taiko no Tatsujin V Version,太鼓达人 V [中日文版],DLC-TAIKOV1SONG035JH,エンジェル ドリーム,JPN
psvdlc,PCSG00551,Taiko no Tatsujin V Version,太鼓达人 V [中日文版],DLC-TAIKOV1SONG030JH,ガンスリンガーシンデレラ,JPN
psvdlc,PCSG00551,Taiko no Tatsujin V Version,太鼓达人 V [中日文版],DLC-TAIKOV1SONG060JJ,キルミーのベイベー!,JPN
psvdlc,PCSG00551,Taiko no Tatsujin V Version,太鼓达人 V [中日文版],DLC-TAIKOV1SONG100JJ,クローバー♣かくめーしょん,JPN
psvdlc,PCSG00551,Taiko no Tatsujin V Version,太鼓达人 V [中日文版],DLC-TAIKOV1SONG026JJ,コネクト,JPN
psvdlc,PCSG00551,Taiko no Tatsujin V Version,太鼓达人 V [中日文版],DLC-TAIKOV1SONG029JH,サンバ アレグリーア,JPN
psvdlc,PCSG00551,Taiko no Tatsujin V Version,太鼓达人 V [中日文版],DLC-TAIKOV1SONG068JJ,シュガーソングとビターステップ,JPN
psvdlc,PCSG00551,Taiko no Tatsujin V Version,太鼓达人 V [中日文版],DLC-TAIKOV1SONG097JJ,セルリアン,JPN
psvdlc,PCSG00551,Taiko no Tatsujin V Version,太鼓达人 V [中日文版],DLC-TAIKOV1SONG075JH,ソウルキャリバーV,JPN
psvdlc,PCSG00551,Taiko no Tatsujin V Version,太鼓达人 V [中日文版],DLC-TAIKOV1SONG070JH,タベルナ2000,JPN
psvdlc,PCSG00551,Taiko no Tatsujin V Version,太鼓达人 V [中日文版],DLC-TAIKOV1SONG028JH,チェインクロニクル 最終決戦メドレー,JPN
psvdlc,PCSG00551,Taiko no Tatsujin V Version,太鼓达人 V [中日文版],DLC-TAIKOV1SONG010JH,チェインクロニクル 通常バトルメドレー,JPN
psvdlc,PCSG00551,Taiko no Tatsujin V Version,太鼓达人 V [中日文版],DLC-TAIKOV1SONG001JJ,トゥッティ!,JPN
psvdlc,PCSG00551,Taiko no Tatsujin V Version,太鼓达人 V [中日文版],DLC-TAIKOV1SONG069JJ,ドクターXのテーマ,JPN
psvdlc,PCSG00551,Taiko no Tatsujin V Version,太鼓达人 V [中日文版],DLC-TAIKOV1SONG064JH,ナイトメア・サバイバー,JPN
psvdlc,PCSG00551,Taiko no Tatsujin V Version,太鼓达人 V [中日文版],DLC-TAIKOV1SONG048JH,ナイト・オブ・ナイツ,JPN
psvdlc,PCSG00551,Taiko no Tatsujin V Version,太鼓达人 V [中日文版],DLC-TAIKOV1SONG049JH,ネクロファンタジア ~ Arr.Demetori,JPN
psvdlc,PCSG00551,Taiko no Tatsujin V Version,太鼓达人 V [中日文版],DLC-TAIKOV1COS0003JH,フィーナとピリカ,JPN
psvdlc,PCSG00551,Taiko no Tatsujin V Version,太鼓达人 V [中日文版],DLC-TAIKOV1SONG044JH,ブレイクライン,JPN
psvdlc,PCSG00551,Taiko no Tatsujin V Version,太鼓达人 V [中日文版],DLC-TAIKOV1SONG102JH,プチポチ,JPN
psvdlc,PCSG00551,Taiko no Tatsujin V Version,太鼓达人 V [中日文版],DLC-TAIKOV1SONG076JH,マリオネットピュア,JPN
psvdlc,PCSG00551,Taiko no Tatsujin V Version,太鼓达人 V [中日文版],DLC-TAIKOV1SONG033JH,ミュージック・リボルバー,JPN
psvdlc,PCSG00551,Taiko no Tatsujin V Version,太鼓达人 V [中日文版],DLC-TAIKOV1SONG103JH,ライコタイコディスコ,JPN
psvdlc,PCSG00551,Taiko no Tatsujin V Version,太鼓达人 V [中日文版],DLC-TAIKOV1SONG016JH,万戈イム-一ノ十,JPN
psvdlc,PCSG00551,Taiko no Tatsujin V Version,太鼓达人 V [中日文版],DLC-TAIKOV1SONG051JJ,僕らは今のなかで,JPN
psvdlc,PCSG00551,Taiko no Tatsujin V Version,太鼓达人 V [中日文版],DLC-TAIKOV1SONG062JH,初音ミクの消失‐劇場版‐,JPN
psvdlc,PCSG00551,Taiko no Tatsujin V Version,太鼓达人 V [中日文版],DLC-TAIKOV1SONG005JJ,創聖のアクエリオン,JPN
psvdlc,PCSG00551,Taiko no Tatsujin V Version,太鼓达人 V [中日文版],DLC-TAIKOV1COS0059JH,博麗 霊夢,JPN
psvdlc,PCSG00551,Taiko no Tatsujin V Version,太鼓达人 V [中日文版],DLC-TAIKOV1SONG041JJ,君に桜ヒラリと舞う,JPN
psvdlc,PCSG00551,Taiko no Tatsujin V Version,太鼓达人 V [中日文版],DLC-TAIKOV1SONG022JH,宝の丘,JPN
psvdlc,PCSG00551,Taiko no Tatsujin V Version,太鼓达人 V [中日文版],DLC-TAIKOV1SONG037JH,幽玄ノ乱,JPN
psvdlc,PCSG00551,Taiko no Tatsujin V Version,太鼓达人 V [中日文版],DLC-TAIKOV1SONG074JJ,快晴・上昇・ハレルーヤ,JPN
psvdlc,PCSG00551,Taiko no Tatsujin V Version,太鼓达人 V [中日文版],DLC-TAIKOV1SONG104JH,恋幻想(Love Fantasy),JPN
psvdlc,PCSG00551,Taiko no Tatsujin V Version,太鼓达人 V [中日文版],DLC-TAIKOV1SONG095JH,悲しき蒼穹を翔ける,JPN
psvdlc,PCSG00551,Taiko no Tatsujin V Version,太鼓达人 V [中日文版],DLC-TAIKOV1SONG012JJ,愛唄,JPN
psvdlc,PCSG00551,Taiko no Tatsujin V Version,太鼓达人 V [中日文版],DLC-TAIKOV1SONG015JH,戦国BASARA BGMメドレー,JPN
psvdlc,PCSG00551,Taiko no Tatsujin V Version,太鼓达人 V [中日文版],DLC-TAIKOV1SONG054JH,指先からはじまる物語,JPN
psvdlc,PCSG00551,Taiko no Tatsujin V Version,太鼓达人 V [中日文版],DLC-TAIKOV1SONG050JH,明星ロケット,JPN
psvdlc,PCSG00551,Taiko no Tatsujin V Version,太鼓达人 V [中日文版],DLC-TAIKOV1SONG096JH,春竜 ~Haryu~,JPN
psvdlc,PCSG00551,Taiko no Tatsujin V Version,太鼓达人 V [中日文版],DLC-TAIKOV1SONG002JJ,有頂天ビバーチェ,JPN
psvdlc,PCSG00551,Taiko no Tatsujin V Version,太鼓达人 V [中日文版],DLC-TAIKOV1COS0002JH,朱美ちゃん(きせかえ),JPN
psvdlc,PCSG00551,Taiko no Tatsujin V Version,太鼓达人 V [中日文版],DLC-TAIKOV1INST002JH,朱美ちゃん(音色),JPN
psvdlc,PCSG00551,Taiko no Tatsujin V Version,太鼓达人 V [中日文版],DLC-TAIKOV1SONG099JH,深緋の心臓 ‐SCARLET HEART‐,JPN
psvdlc,PCSG00551,Taiko no Tatsujin V Version,太鼓达人 V [中日文版],DLC-TAIKOV1SONG066JJ,紅,JPN
psvdlc,PCSG00551,Taiko no Tatsujin V Version,太鼓达人 V [中日文版],DLC-TAIKOV1SONG091JH,紫煌ノ乱,JPN
psvdlc,PCSG00551,Taiko no Tatsujin V Version,太鼓达人 V [中日文版],DLC-TAIKOV1COS0001JH,細貝さん(きせかえ),JPN
psvdlc,PCSG00551,Taiko no Tatsujin V Version,太鼓达人 V [中日文版],DLC-TAIKOV1INST001JH,細貝さん(音色),JPN
psvdlc,PCSG00551,Taiko no Tatsujin V Version,太鼓达人 V [中日文版],DLC-TAIKOV1SONG094JJ,自力本願レボリューション,JPN
psvdlc,PCSG00551,Taiko no Tatsujin V Version,太鼓达人 V [中日文版],DLC-TAIKOV1SONG085JH,蒼の旋律,JPN
psvdlc,PCSG00551,Taiko no Tatsujin V Version,太鼓达人 V [中日文版],DLC-TAIKOV1SONG084JH,郢曲/暁闇,JPN
psvdlc,PCSG00551,Taiko no Tatsujin V Version,太鼓达人 V [中日文版],DLC-TAIKOV1SONG088JH,銀の意志 Super Arrange Ver.,JPN
psvdlc,PCSG00551,Taiko no Tatsujin V Version,太鼓达人 V [中日文版],DLC-TAIKOV1SONG043JH,閃光の行方,JPN
psvdlc,PCSG00551,Taiko no Tatsujin V Version,太鼓达人 V [中日文版],DLC-TAIKOV1SONG089JH,Bad Apple!! feat.nomico,JPN
psvdlc,PCSG00551,Taiko no Tatsujin V Version,太鼓达人 V [中日文版],DLC-TAIKOV1SONG078JJ,Brand-new World,JPN
psvdlc,PCSG00551,Taiko no Tatsujin V Version,太鼓达人 V [中日文版],DLC-TAIKOV1SONG052JH,Bravely You,JPN
psvdlc,PCSG00551,Taiko no Tatsujin V Version,太鼓达人 V [中日文版],DLC-TAIKOV1SONG055JH,Calculator,JPN
psvdlc,PCSG00551,Taiko no Tatsujin V Version,太鼓达人 V [中日文版],DLC-TAIKOV1SONG073JJ,CHA-LA HEAD-CHA-LA,JPN
psvdlc,PCSG00551,Taiko no Tatsujin V Version,太鼓达人 V [中日文版],DLC-TAIKOV1SONG082JJ,database feat. TAKUMA(10‐FEET),JPN
psvdlc,PCSG00551,Taiko no Tatsujin V Version,太鼓达人 V [中日文版],DLC-TAIKOV1SONG003JH,Dr.WILY STAGE 1,JPN
psvdlc,PCSG00551,Taiko no Tatsujin V Version,太鼓达人 V [中日文版],DLC-TAIKOV1SONG042JH,Feed A,JPN
psvdlc,PCSG00551,Taiko no Tatsujin V Version,太鼓达人 V [中日文版],DLC-TAIKOV1SONG077JH,Hurtling Boys,JPN
psvdlc,PCSG00551,Taiko no Tatsujin V Version,太鼓达人 V [中日文版],DLC-TAIKOV1SONG061JH,"My Soul,Your Beats!",JPN
psvdlc,PCSG00551,Taiko no Tatsujin V Version,太鼓达人 V [中日文版],DLC-TAIKOV1SONG024JJ,R.Y.U.S.E.I.,JPN
psvdlc,PCSG00551,Taiko no Tatsujin V Version,太鼓达人 V [中日文版],DLC-TAIKOV1SONG081JJ,Raise your flag,JPN
psvdlc,PCSG00551,Taiko no Tatsujin V Version,太鼓达人 V [中日文版],DLC-TAIKOV1SONG067JJ,ROCKET DIVE,JPN
psvdlc,PCSG00551,Taiko no Tatsujin V Version,太鼓达人 V [中日文版],DLC-TAIKOV1SONG086JH,Seize the day,JPN
psvdlc,PCSG00551,Taiko no Tatsujin V Version,太鼓达人 V [中日文版],DLC-TAIKOV1SONG065JJ,Silent Jealousy,JPN
psvdlc,PCSG00551,Taiko no Tatsujin V Version,太鼓达人 V [中日文版],DLC-TAIKOV1SONG083JH,Synchronicity,JPN
psvdlc,PCSG00551,Taiko no Tatsujin V Version,太鼓达人 V [中日文版],DLC-TAIKOV1SONG087JJ,talking,JPN
psvdlc,PCSG00551,Taiko no Tatsujin V Version,太鼓达人 V [中日文版],DLC-TAIKOV1SONG006JH,THE IDOLM@STER(裏),JPN
psvdlc,PCSG00551,Taiko no Tatsujin V Version,太鼓达人 V [中日文版],DLC-TAIKOV1SONG063JH,Venomous,JPN
psvdlc,PCSG00557,Nights of Azure / Yoru no Nai Kuni,无夜国度 [日文版],DLC-DARKGUSTCHAN0000,従魔『がすとちゃん』,JPN
psvdlc,PCSG00557,Nights of Azure / Yoru no Nai Kuni,无夜国度 [日文版],DLC-DARK000DLC000001,追加エピソード『追憶の記録』,JPN
psvdlc,PCSG00557,Nights of Azure / Yoru no Nai Kuni,无夜国度 [日文版],DLC-DARK000DLC000002,追加マップ『常闇の回廊』,JPN
psvdlc,PCSG00565,Kagero: Mou Hitori no Princess,影牢：另一个公主 [日文版],DLC-DLC0000000001012,華麗トラップ「キックオフ」,JPN
psvdlc,PCSG00565,Kagero: Mou Hitori no Princess,影牢：另一个公主 [日文版],DLC-DLC0000000001006,追加トラップ 「ポリタンヘッド」,JPN
psvdlc,PCSG00568,Bullet Girls 2,子弹少女 2 [日文版],DLC-BULLETG2XDLC0040,「おブラ&おパンツ」Tバック1セット,JPN
psvdlc,PCSG00568,Bullet Girls 2,子弹少女 2 [日文版],DLC-BULLETG2XDLC0041,「おブラ&おパンツ」あぶないおブラ&イケないおパンツセット,JPN
psvdlc,PCSG00568,Bullet Girls 2,子弹少女 2 [日文版],DLC-BULLETG2XDLC0039,「おブラ&おパンツ」ストッキング&下着1セット,JPN
psvdlc,PCSG00568,Bullet Girls 2,子弹少女 2 [日文版],DLC-BULLETG2XDLC0034,「おブラ&おパンツ」セクシー1セット,JPN
psvdlc,PCSG00568,Bullet Girls 2,子弹少女 2 [日文版],DLC-BULLETG2XDLC0063,「おブラ&おパンツ」射撃柄セット,JPN
psvdlc,PCSG00568,Bullet Girls 2,子弹少女 2 [日文版],DLC-BULLETG2XDLC0062,「おブラ&おパンツ」海苔弁柄セット,JPN
psvdlc,PCSG00568,Bullet Girls 2,子弹少女 2 [日文版],DLC-BULLETG2XDLC0036,「おブラ&おパンツ」魔方陣1セット,JPN
psvdlc,PCSG00568,Bullet Girls 2,子弹少女 2 [日文版],DLC-BULLETG2XDLC0045,「尋問アイテム」巨乳薬,JPN
psvdlc,PCSG00568,Bullet Girls 2,子弹少女 2 [日文版],DLC-BULLETG2XDLC0044,「尋問アイテム」微乳薬,JPN
psvdlc,PCSG00568,Bullet Girls 2,子弹少女 2 [日文版],DLC-BULLETG2XDLC0043,「尋問アイテム」時計,JPN
psvdlc,PCSG00568,Bullet Girls 2,子弹少女 2 [日文版],DLC-BULLETG2XDLC0042,「尋問アイテム」猫魔王の手(超大),JPN
psvdlc,PCSG00568,Bullet Girls 2,子弹少女 2 [日文版],DLC-BULLETG2XDLC0047,「推しキャラクター」金園優理奈,JPN
psvdlc,PCSG00568,Bullet Girls 2,子弹少女 2 [日文版],DLC-BULLETG2XDLC0013,「衣装」バニー,JPN
psvdlc,PCSG00568,Bullet Girls 2,子弹少女 2 [日文版],DLC-BULLETG2XDLC0001,「衣装」私立エルダ学院制服(パーカー迷彩),JPN
psvdlc,PCSG00568,Bullet Girls 2,子弹少女 2 [日文版],DLC-BULLETG2XDLC0003,「衣装」私立エルダ学院戦闘服(レジェンド),JPN
psvdlc,PCSG00568,Bullet Girls 2,子弹少女 2 [日文版],DLC-BULLETG2XDLC0014,「衣装」HDKエプロン,JPN
psvdlc,PCSG00568,Bullet Girls 2,子弹少女 2 [日文版],DLC-BULLETG2XDLC0017,「衣装」Yシャツ,JPN
psvdlc,PCSG00569,Fushigi no Chronicle: Furikaerimasen Katsu Madewa,不思议编年史：不要回头直到胜利 [日文版],DLC-FURIKATSU0DLC005,不思議のクロニクル 振リ返リマセン勝ツマデハ 新クラス「ビバ21世紀 聖帝様、降臨!」,JPN
psvdlc,PCSG00569,Fushigi no Chronicle: Furikaerimasen Katsu Madewa,不思议编年史：不要回头直到胜利 [日文版],DLC-FURIKATSU0DLC003,不思議のクロニクル 振リ返リマセン勝ツマデハ 新クラス「不思議の旅人 風来人」,JPN
psvdlc,PCSG00569,Fushigi no Chronicle: Furikaerimasen Katsu Madewa,不思议编年史：不要回头直到胜利 [日文版],DLC-FURIKATSU0DLC001,不思議のクロニクル 振リ返リマセン勝ツマデハ 新クラス「片道勇者、参戦!」,JPN
psvdlc,PCSG00569,Fushigi no Chronicle: Furikaerimasen Katsu Madewa,不思议编年史：不要回头直到胜利 [日文版],DLC-FURIKATSU0DLC002,不思議のクロニクル 振リ返リマセン勝ツマデハ 新クラス「竜を司る者、力を司る者」,JPN
psvdlc,PCSG00569,Fushigi no Chronicle: Furikaerimasen Katsu Madewa,不思议编年史：不要回头直到胜利 [日文版],DLC-FURIKATSU0DLC004,不思議のクロニクル 振リ返リマセン勝ツマデハ 新クラス「超高校級の希望」,JPN
psvdlc,PCSG00588,Sid Meier's Civilization Revolution 2 Plus,文明：变革 2 Plus [中日文版],DLC-EASTASIANAVALSP0,East Asia Naval Scenario Pack,JPN
psvdlc,PCSG00606,MeiQ: Labyrinth of Death,迷Q地下去死团 [日文版],DLC-ADDCONTENTDLC001,ネプテューヌフォーム解放,JPN
psvdlc,PCSG00607,Nobunaga no Yabou: Souzou with Power-Up Kit,信长之野望：创造 威力加强版 [日文版],DLC-DLCBGM00000011PK,30周年記念コンテンツ(BGM),JPN
psvdlc,PCSG00607,Nobunaga no Yabou: Souzou with Power-Up Kit,信长之野望：创造 威力加强版 [日文版],DLC-DLCSNR00000009PK,30周年記念コンテンツ(シナリオ「天下三十将」、顔CG),JPN
psvdlc,PCSG00607,Nobunaga no Yabou: Souzou with Power-Up Kit,信长之野望：创造 威力加强版 [日文版],DLC-DLCBGM00000016PK,「信長の野望の日」記念コンテンツ(2014)(BGM),JPN
psvdlc,PCSG00607,Nobunaga no Yabou: Souzou with Power-Up Kit,信长之野望：创造 威力加强版 [日文版],DLC-DLCKAO00000015PK,「信長の野望の日」記念コンテンツ(2014)(顔CG),JPN
psvdlc,PCSG00607,Nobunaga no Yabou: Souzou with Power-Up Kit,信长之野望：创造 威力加强版 [日文版],DLC-DLCTIEUP000107PK,「山内千代」「朝倉一玄」武将データ,JPN
psvdlc,PCSG00607,Nobunaga no Yabou: Souzou with Power-Up Kit,信长之野望：创造 威力加强版 [日文版],DLC-DLCTIEUP000106PK,ヤングキングアワーズ「ドリフターズ」タイアップ武将データ,JPN
psvdlc,PCSG00607,Nobunaga no Yabou: Souzou with Power-Up Kit,信长之野望：创造 威力加强版 [日文版],DLC-DLCTIEUP000108PK,ヤングキングアワーズ「ドリフターズ」第二弾タイアップセット,JPN
psvdlc,PCSG00607,Nobunaga no Yabou: Souzou with Power-Up Kit,信长之野望：创造 威力加强版 [日文版],DLC-DLCTIEUP000104PK,週刊ヤングマガジン「センゴク」タイアップインゲーム顔CG,JPN
psvdlc,PCSG00608,Tokyo Xanadu,东京幻都 [日文版],DLC-TOKYOXDLCPKG0176,とあるコラボ制服セット,JPN
psvdlc,PCSG00608,Tokyo Xanadu,东京幻都 [日文版],DLC-TOKYOXDLCPKG0177,スクール水着・白セット,JPN
psvdlc,PCSG00608,Tokyo Xanadu,东京幻都 [日文版],DLC-TOKYOXDLCPKG0100,無料お試しセット(1),JPN
psvdlc,PCSG00608,Tokyo Xanadu,东京幻都 [日文版],DLC-TOKYOXDLCPKG0101,無料お試しセット(2),JPN
psvdlc,PCSG00608,Tokyo Xanadu,东京幻都 [日文版],DLC-TOKYOXDLCPKG0102,無料お試しセット(3),JPN
psvdlc,PCSG00608,Tokyo Xanadu,东京幻都 [日文版],DLC-TOKYOXDLCPKG0103,無料お試しセット(4),JPN
psvdlc,PCSG00608,Tokyo Xanadu,东京幻都 [日文版],DLC-TOKYOXDLCPKG0171,衣装『ライドブレイカー』,JPN
psvdlc,PCSG00610,Miracle Girls Festival,奇迹少女祭 [日文版],DLC-MGFDLC0000000132,きんいろモザイク:パジャマセット,JPN
psvdlc,PCSG00610,Miracle Girls Festival,奇迹少女祭 [日文版],DLC-MGFDLC0000000150,てさぐれ!部活もの あんこーる:水着セット,JPN
psvdlc,PCSG00610,Miracle Girls Festival,奇迹少女祭 [日文版],DLC-MGFDLC0000000100,ゆるゆり:水着セット,JPN
psvdlc,PCSG00610,Miracle Girls Festival,奇迹少女祭 [日文版],DLC-MGFDLC0000000191,未確認で進行形:カジュアルウェアセット,JPN
psvdlc,PCSG00610,Miracle Girls Festival,奇迹少女祭 [日文版],DLC-MGFDLC0000000110,這いよれ!ニャル子さんF:水着セット,JPN
psvdlc,PCSG00610,Miracle Girls Festival,奇迹少女祭 [日文版],DLC-MGFDLC0000000172,GO!GO!575:クリスマス衣装,JPN
psvdlc,PCSG00610,Miracle Girls Festival,奇迹少女祭 [日文版],DLC-MGFDLC0000000170,GO!GO!575:水着セット,JPN
psvdlc,PCSG00617,Utawarerumono: Itsuwari no Kamen,传颂之物：虚伪的假面 [日文版],DLC-UTAWAREITSUDLC01,うたわれるもの 偽りの仮面 DLCユニットデータ ささら 侍Ver.,JPN
psvdlc,PCSG00617,Utawarerumono: Itsuwari no Kamen,传颂之物：虚伪的假面 [日文版],DLC-UTAWAREITSUDLC03,うたわれるもの 偽りの仮面 DLCユニットデータ ささら 水着Ver.,JPN
psvdlc,PCSG00617,Utawarerumono: Itsuwari no Kamen,传颂之物：虚伪的假面 [日文版],DLC-UTAWAREITSUDLC00,うたわれるもの 偽りの仮面 DLCユニットデータ 環 侍Ver.,JPN
psvdlc,PCSG00617,Utawarerumono: Itsuwari no Kamen,传颂之物：虚伪的假面 [日文版],DLC-UTAWAREITSUDLC02,うたわれるもの 偽りの仮面 DLCユニットデータ 環 水着Ver.,JPN
psvdlc,PCSG00632,VALKYRIE DRIVE -BHIKKHUNI-,女武神驱动：比基尼 [日文版],DLC-0000000000000056,『VALKYRIE DRIVE -BHIKKHUNI-』あごひげ,JPN
psvdlc,PCSG00632,VALKYRIE DRIVE -BHIKKHUNI-,女武神驱动：比基尼 [日文版],DLC-0000000000000019,『VALKYRIE DRIVE -BHIKKHUNI-』うずまき,JPN
psvdlc,PCSG00632,VALKYRIE DRIVE -BHIKKHUNI-,女武神驱动：比基尼 [日文版],DLC-0000000000000054,『VALKYRIE DRIVE -BHIKKHUNI-』おしゃぶり,JPN
psvdlc,PCSG00632,VALKYRIE DRIVE -BHIKKHUNI-,女武神驱动：比基尼 [日文版],DLC-0000000000000082,『VALKYRIE DRIVE -BHIKKHUNI-』お気に入り下着カラーバリエーション,JPN
psvdlc,PCSG00632,VALKYRIE DRIVE -BHIKKHUNI-,女武神驱动：比基尼 [日文版],DLC-0000000000000011,『VALKYRIE DRIVE -BHIKKHUNI-』こけし,JPN
psvdlc,PCSG00632,VALKYRIE DRIVE -BHIKKHUNI-,女武神驱动：比基尼 [日文版],DLC-0000000000000043,『VALKYRIE DRIVE -BHIKKHUNI-』たこやき,JPN
psvdlc,PCSG00632,VALKYRIE DRIVE -BHIKKHUNI-,女武神驱动：比基尼 [日文版],DLC-0000000000000113,『VALKYRIE DRIVE -BHIKKHUNI-』ちょうちょの髪飾り(橙),JPN
psvdlc,PCSG00632,VALKYRIE DRIVE -BHIKKHUNI-,女武神驱动：比基尼 [日文版],DLC-0000000000000111,『VALKYRIE DRIVE -BHIKKHUNI-』ちょうちょの髪飾り(碧),JPN
psvdlc,PCSG00632,VALKYRIE DRIVE -BHIKKHUNI-,女武神驱动：比基尼 [日文版],DLC-0000000000000115,『VALKYRIE DRIVE -BHIKKHUNI-』ちょうちょの髪飾り(金),JPN
psvdlc,PCSG00632,VALKYRIE DRIVE -BHIKKHUNI-,女武神驱动：比基尼 [日文版],DLC-0000000000000114,『VALKYRIE DRIVE -BHIKKHUNI-』ちょうちょの髪飾り(青),JPN
psvdlc,PCSG00632,VALKYRIE DRIVE -BHIKKHUNI-,女武神驱动：比基尼 [日文版],DLC-0000000000000112,『VALKYRIE DRIVE -BHIKKHUNI-』ちょうちょの髪飾り(黄),JPN
psvdlc,PCSG00632,VALKYRIE DRIVE -BHIKKHUNI-,女武神驱动：比基尼 [日文版],DLC-0000000000000116,『VALKYRIE DRIVE -BHIKKHUNI-』ちょうちょの髪飾り(黒),JPN
psvdlc,PCSG00632,VALKYRIE DRIVE -BHIKKHUNI-,女武神驱动：比基尼 [日文版],DLC-0000000000000150,『VALKYRIE DRIVE -BHIKKHUNI-』はちまき,JPN
psvdlc,PCSG00632,VALKYRIE DRIVE -BHIKKHUNI-,女武神驱动：比基尼 [日文版],DLC-0000000000000094,『VALKYRIE DRIVE -BHIKKHUNI-』はなかんむり(赤),JPN
psvdlc,PCSG00632,VALKYRIE DRIVE -BHIKKHUNI-,女武神驱动：比基尼 [日文版],DLC-0000000000000095,『VALKYRIE DRIVE -BHIKKHUNI-』はなかんむり(青),JPN
psvdlc,PCSG00632,VALKYRIE DRIVE -BHIKKHUNI-,女武神驱动：比基尼 [日文版],DLC-0000000000000050,『VALKYRIE DRIVE -BHIKKHUNI-』むいたバナナ,JPN
psvdlc,PCSG00632,VALKYRIE DRIVE -BHIKKHUNI-,女武神驱动：比基尼 [日文版],DLC-0000000000000042,『VALKYRIE DRIVE -BHIKKHUNI-』ものすごいちくわ,JPN
psvdlc,PCSG00632,VALKYRIE DRIVE -BHIKKHUNI-,女武神驱动：比基尼 [日文版],DLC-0000000000000044,『VALKYRIE DRIVE -BHIKKHUNI-』アメ,JPN
psvdlc,PCSG00632,VALKYRIE DRIVE -BHIKKHUNI-,女武神驱动：比基尼 [日文版],DLC-0000000000000119,『VALKYRIE DRIVE -BHIKKHUNI-』イヤリング(桃),JPN
psvdlc,PCSG00632,VALKYRIE DRIVE -BHIKKHUNI-,女武神驱动：比基尼 [日文版],DLC-0000000000000120,『VALKYRIE DRIVE -BHIKKHUNI-』イヤリング(碧),JPN
psvdlc,PCSG00632,VALKYRIE DRIVE -BHIKKHUNI-,女武神驱动：比基尼 [日文版],DLC-0000000000000121,『VALKYRIE DRIVE -BHIKKHUNI-』イヤリング(蒼),JPN
psvdlc,PCSG00632,VALKYRIE DRIVE -BHIKKHUNI-,女武神驱动：比基尼 [日文版],DLC-0000000000000117,『VALKYRIE DRIVE -BHIKKHUNI-』イヤリング(赤),JPN
psvdlc,PCSG00632,VALKYRIE DRIVE -BHIKKHUNI-,女武神驱动：比基尼 [日文版],DLC-0000000000000118,『VALKYRIE DRIVE -BHIKKHUNI-』イヤリング(青),JPN
psvdlc,PCSG00632,VALKYRIE DRIVE -BHIKKHUNI-,女武神驱动：比基尼 [日文版],DLC-0000000000000098,『VALKYRIE DRIVE -BHIKKHUNI-』エルフ耳(標準),JPN
psvdlc,PCSG00632,VALKYRIE DRIVE -BHIKKHUNI-,女武神驱动：比基尼 [日文版],DLC-0000000000000099,『VALKYRIE DRIVE -BHIKKHUNI-』エルフ耳(色白),JPN
psvdlc,PCSG00632,VALKYRIE DRIVE -BHIKKHUNI-,女武神驱动：比基尼 [日文版],DLC-0000000000000100,『VALKYRIE DRIVE -BHIKKHUNI-』エルフ耳(色黒),JPN
psvdlc,PCSG00632,VALKYRIE DRIVE -BHIKKHUNI-,女武神驱动：比基尼 [日文版],DLC-0000000000000049,『VALKYRIE DRIVE -BHIKKHUNI-』カップケーキはっと,JPN
psvdlc,PCSG00632,VALKYRIE DRIVE -BHIKKHUNI-,女武神驱动：比基尼 [日文版],DLC-0000000000000021,『VALKYRIE DRIVE -BHIKKHUNI-』カラータイル(ベージュ),JPN
psvdlc,PCSG00632,VALKYRIE DRIVE -BHIKKHUNI-,女武神驱动：比基尼 [日文版],DLC-0000000000000023,『VALKYRIE DRIVE -BHIKKHUNI-』カラータイル(桃),JPN
psvdlc,PCSG00632,VALKYRIE DRIVE -BHIKKHUNI-,女武神驱动：比基尼 [日文版],DLC-0000000000000024,『VALKYRIE DRIVE -BHIKKHUNI-』カラータイル(茶),JPN
psvdlc,PCSG00632,VALKYRIE DRIVE -BHIKKHUNI-,女武神驱动：比基尼 [日文版],DLC-0000000000000022,『VALKYRIE DRIVE -BHIKKHUNI-』カラータイル(黒),JPN
psvdlc,PCSG00632,VALKYRIE DRIVE -BHIKKHUNI-,女武神驱动：比基尼 [日文版],DLC-0000000000000072,『VALKYRIE DRIVE -BHIKKHUNI-』キッチンミトン 右,JPN
psvdlc,PCSG00632,VALKYRIE DRIVE -BHIKKHUNI-,女武神驱动：比基尼 [日文版],DLC-0000000000000073,『VALKYRIE DRIVE -BHIKKHUNI-』キッチンミトン 左,JPN
psvdlc,PCSG00632,VALKYRIE DRIVE -BHIKKHUNI-,女武神驱动：比基尼 [日文版],DLC-0000000000000096,『VALKYRIE DRIVE -BHIKKHUNI-』キツネ耳,JPN
psvdlc,PCSG00632,VALKYRIE DRIVE -BHIKKHUNI-,女武神驱动：比基尼 [日文版],DLC-0000000000000097,『VALKYRIE DRIVE -BHIKKHUNI-』キツネ耳(紫),JPN
psvdlc,PCSG00632,VALKYRIE DRIVE -BHIKKHUNI-,女武神驱动：比基尼 [日文版],DLC-0000000000000055,『VALKYRIE DRIVE -BHIKKHUNI-』ギャル風サングラス,JPN
psvdlc,PCSG00632,VALKYRIE DRIVE -BHIKKHUNI-,女武神驱动：比基尼 [日文版],DLC-0000000000000046,『VALKYRIE DRIVE -BHIKKHUNI-』クッキー,JPN
psvdlc,PCSG00632,VALKYRIE DRIVE -BHIKKHUNI-,女武神驱动：比基尼 [日文版],DLC-0000000000000026,『VALKYRIE DRIVE -BHIKKHUNI-』クリスマスキャンドル,JPN
psvdlc,PCSG00632,VALKYRIE DRIVE -BHIKKHUNI-,女武神驱动：比基尼 [日文版],DLC-0000000000000028,『VALKYRIE DRIVE -BHIKKHUNI-』クリスマスツリー,JPN
psvdlc,PCSG00632,VALKYRIE DRIVE -BHIKKHUNI-,女武神驱动：比基尼 [日文版],DLC-0000000000000068,『VALKYRIE DRIVE -BHIKKHUNI-』クリスマスベル,JPN
psvdlc,PCSG00632,VALKYRIE DRIVE -BHIKKHUNI-,女武神驱动：比基尼 [日文版],DLC-0000000000000036,『VALKYRIE DRIVE -BHIKKHUNI-』クリスマス飾り リボン,JPN
psvdlc,PCSG00632,VALKYRIE DRIVE -BHIKKHUNI-,女武神驱动：比基尼 [日文版],DLC-0000000000000039,『VALKYRIE DRIVE -BHIKKHUNI-』クリスマス飾り リース,JPN
psvdlc,PCSG00632,VALKYRIE DRIVE -BHIKKHUNI-,女武神驱动：比基尼 [日文版],DLC-0000000000000037,『VALKYRIE DRIVE -BHIKKHUNI-』クリスマス飾り 星,JPN
psvdlc,PCSG00632,VALKYRIE DRIVE -BHIKKHUNI-,女武神驱动：比基尼 [日文版],DLC-0000000000000089,『VALKYRIE DRIVE -BHIKKHUNI-』コサージュ(橙),JPN
psvdlc,PCSG00632,VALKYRIE DRIVE -BHIKKHUNI-,女武神驱动：比基尼 [日文版],DLC-0000000000000090,『VALKYRIE DRIVE -BHIKKHUNI-』コサージュ(白),JPN
psvdlc,PCSG00632,VALKYRIE DRIVE -BHIKKHUNI-,女武神驱动：比基尼 [日文版],DLC-0000000000000093,『VALKYRIE DRIVE -BHIKKHUNI-』コサージュ(碧),JPN
psvdlc,PCSG00632,VALKYRIE DRIVE -BHIKKHUNI-,女武神驱动：比基尼 [日文版],DLC-0000000000000091,『VALKYRIE DRIVE -BHIKKHUNI-』コサージュ(紫),JPN
psvdlc,PCSG00632,VALKYRIE DRIVE -BHIKKHUNI-,女武神驱动：比基尼 [日文版],DLC-0000000000000088,『VALKYRIE DRIVE -BHIKKHUNI-』コサージュ(紺),JPN
psvdlc,PCSG00632,VALKYRIE DRIVE -BHIKKHUNI-,女武神驱动：比基尼 [日文版],DLC-0000000000000092,『VALKYRIE DRIVE -BHIKKHUNI-』コサージュ(緑),JPN
psvdlc,PCSG00632,VALKYRIE DRIVE -BHIKKHUNI-,女武神驱动：比基尼 [日文版],DLC-0000000000000087,『VALKYRIE DRIVE -BHIKKHUNI-』コサージュ(赤),JPN
psvdlc,PCSG00632,VALKYRIE DRIVE -BHIKKHUNI-,女武神驱动：比基尼 [日文版],DLC-0000000000000152,『VALKYRIE DRIVE -BHIKKHUNI-』コッペパン,JPN
psvdlc,PCSG00632,VALKYRIE DRIVE -BHIKKHUNI-,女武神驱动：比基尼 [日文版],DLC-0000000000000038,『VALKYRIE DRIVE -BHIKKHUNI-』サンタステッキ,JPN
psvdlc,PCSG00632,VALKYRIE DRIVE -BHIKKHUNI-,女武神驱动：比基尼 [日文版],DLC-0000000000000159,『VALKYRIE DRIVE -BHIKKHUNI-』サーベル,JPN
psvdlc,PCSG00632,VALKYRIE DRIVE -BHIKKHUNI-,女武神驱动：比基尼 [日文版],DLC-0000000000000085,『VALKYRIE DRIVE -BHIKKHUNI-』シュシュ(桃),JPN
psvdlc,PCSG00632,VALKYRIE DRIVE -BHIKKHUNI-,女武神驱动：比基尼 [日文版],DLC-0000000000000086,『VALKYRIE DRIVE -BHIKKHUNI-』シュシュ(青),JPN
psvdlc,PCSG00632,VALKYRIE DRIVE -BHIKKHUNI-,女武神驱动：比基尼 [日文版],DLC-0000000000000013,『VALKYRIE DRIVE -BHIKKHUNI-』シングルなアホ毛,JPN
psvdlc,PCSG00632,VALKYRIE DRIVE -BHIKKHUNI-,女武神驱动：比基尼 [日文版],DLC-0000000000000131,『VALKYRIE DRIVE -BHIKKHUNI-』スクール水着,JPN
psvdlc,PCSG00632,VALKYRIE DRIVE -BHIKKHUNI-,女武神驱动：比基尼 [日文版],DLC-0000000000000051,『VALKYRIE DRIVE -BHIKKHUNI-』ソフトクリーム,JPN
psvdlc,PCSG00632,VALKYRIE DRIVE -BHIKKHUNI-,女武神驱动：比基尼 [日文版],DLC-0000000000000014,『VALKYRIE DRIVE -BHIKKHUNI-』ダブルなアホ毛,JPN
psvdlc,PCSG00632,VALKYRIE DRIVE -BHIKKHUNI-,女武神驱动：比基尼 [日文版],DLC-0000000000000070,『VALKYRIE DRIVE -BHIKKHUNI-』チアのボンボン,JPN
psvdlc,PCSG00632,VALKYRIE DRIVE -BHIKKHUNI-,女武神驱动：比基尼 [日文版],DLC-0000000000000133,『VALKYRIE DRIVE -BHIKKHUNI-』チアリーダー,JPN
psvdlc,PCSG00632,VALKYRIE DRIVE -BHIKKHUNI-,女武神驱动：比基尼 [日文版],DLC-0000000000000137,『VALKYRIE DRIVE -BHIKKHUNI-』チャイナ,JPN
psvdlc,PCSG00632,VALKYRIE DRIVE -BHIKKHUNI-,女武神驱动：比基尼 [日文版],DLC-0000000000000031,『VALKYRIE DRIVE -BHIKKHUNI-』ティアラ(白),JPN
psvdlc,PCSG00632,VALKYRIE DRIVE -BHIKKHUNI-,女武神驱动：比基尼 [日文版],DLC-0000000000000030,『VALKYRIE DRIVE -BHIKKHUNI-』ティアラ(金),JPN
psvdlc,PCSG00632,VALKYRIE DRIVE -BHIKKHUNI-,女武神驱动：比基尼 [日文版],DLC-0000000000000027,『VALKYRIE DRIVE -BHIKKHUNI-』トナカイの角,JPN
psvdlc,PCSG00632,VALKYRIE DRIVE -BHIKKHUNI-,女武神驱动：比基尼 [日文版],DLC-0000000000000069,『VALKYRIE DRIVE -BHIKKHUNI-』ドーナツうきわ,JPN
psvdlc,PCSG00632,VALKYRIE DRIVE -BHIKKHUNI-,女武神驱动：比基尼 [日文版],DLC-0000000000000135,『VALKYRIE DRIVE -BHIKKHUNI-』ナース,JPN
psvdlc,PCSG00632,VALKYRIE DRIVE -BHIKKHUNI-,女武神驱动：比基尼 [日文版],DLC-0000000000000015,『VALKYRIE DRIVE -BHIKKHUNI-』ハートなアホ毛,JPN
psvdlc,PCSG00632,VALKYRIE DRIVE -BHIKKHUNI-,女武神驱动：比基尼 [日文版],DLC-0000000000000032,『VALKYRIE DRIVE -BHIKKHUNI-』ハート型チョコ(カード),JPN
psvdlc,PCSG00632,VALKYRIE DRIVE -BHIKKHUNI-,女武神驱动：比基尼 [日文版],DLC-0000000000000034,『VALKYRIE DRIVE -BHIKKHUNI-』ハート型チョコ(文字),JPN
psvdlc,PCSG00632,VALKYRIE DRIVE -BHIKKHUNI-,女武神驱动：比基尼 [日文版],DLC-0000000000000033,『VALKYRIE DRIVE -BHIKKHUNI-』ハート型チョコ(薔薇),JPN
psvdlc,PCSG00632,VALKYRIE DRIVE -BHIKKHUNI-,女武神驱动：比基尼 [日文版],DLC-0000000000000155,『VALKYRIE DRIVE -BHIKKHUNI-』バトン,JPN
psvdlc,PCSG00632,VALKYRIE DRIVE -BHIKKHUNI-,女武神驱动：比基尼 [日文版],DLC-0000000000000007,『VALKYRIE DRIVE -BHIKKHUNI-』パオ(赤),JPN
psvdlc,PCSG00632,VALKYRIE DRIVE -BHIKKHUNI-,女武神驱动：比基尼 [日文版],DLC-0000000000000008,『VALKYRIE DRIVE -BHIKKHUNI-』パオ(青),JPN
psvdlc,PCSG00632,VALKYRIE DRIVE -BHIKKHUNI-,女武神驱动：比基尼 [日文版],DLC-0000000000000136,『VALKYRIE DRIVE -BHIKKHUNI-』ビスチェ,JPN
psvdlc,PCSG00632,VALKYRIE DRIVE -BHIKKHUNI-,女武神驱动：比基尼 [日文版],DLC-0000000000000154,『VALKYRIE DRIVE -BHIKKHUNI-』フリルカフス,JPN
psvdlc,PCSG00632,VALKYRIE DRIVE -BHIKKHUNI-,女武神驱动：比基尼 [日文版],DLC-0000000000000061,『VALKYRIE DRIVE -BHIKKHUNI-』ブタの鼻,JPN
psvdlc,PCSG00632,VALKYRIE DRIVE -BHIKKHUNI-,女武神驱动：比基尼 [日文版],DLC-0000000000000071,『VALKYRIE DRIVE -BHIKKHUNI-』ブーケ,JPN
psvdlc,PCSG00632,VALKYRIE DRIVE -BHIKKHUNI-,女武神驱动：比基尼 [日文版],DLC-0000000000000035,『VALKYRIE DRIVE -BHIKKHUNI-』プレゼントボックス,JPN
psvdlc,PCSG00632,VALKYRIE DRIVE -BHIKKHUNI-,女武神驱动：比基尼 [日文版],DLC-0000000000000040,『VALKYRIE DRIVE -BHIKKHUNI-』ホイップクリーム,JPN
psvdlc,PCSG00632,VALKYRIE DRIVE -BHIKKHUNI-,女武神驱动：比基尼 [日文版],DLC-0000000000000047,『VALKYRIE DRIVE -BHIKKHUNI-』マグロ,JPN
psvdlc,PCSG00632,VALKYRIE DRIVE -BHIKKHUNI-,女武神驱动：比基尼 [日文版],DLC-0000000000000144,『VALKYRIE DRIVE -BHIKKHUNI-』マナのお気に入り水着,JPN
psvdlc,PCSG00632,VALKYRIE DRIVE -BHIKKHUNI-,女武神驱动：比基尼 [日文版],DLC-0000000000000016,『VALKYRIE DRIVE -BHIKKHUNI-』マーベラスなアホ毛,JPN
psvdlc,PCSG00632,VALKYRIE DRIVE -BHIKKHUNI-,女武神驱动：比基尼 [日文版],DLC-0000000000000009,『VALKYRIE DRIVE -BHIKKHUNI-』メイドカチューシャ,JPN
psvdlc,PCSG00632,VALKYRIE DRIVE -BHIKKHUNI-,女武神驱动：比基尼 [日文版],DLC-0000000000000020,『VALKYRIE DRIVE -BHIKKHUNI-』モジャモジャ,JPN
psvdlc,PCSG00632,VALKYRIE DRIVE -BHIKKHUNI-,女武神驱动：比基尼 [日文版],DLC-0000000000000063,『VALKYRIE DRIVE -BHIKKHUNI-』ランドセル,JPN
psvdlc,PCSG00632,VALKYRIE DRIVE -BHIKKHUNI-,女武神驱动：比基尼 [日文版],DLC-0000000000000160,『VALKYRIE DRIVE -BHIKKHUNI-』リボンつき巨大注射器,JPN
psvdlc,PCSG00632,VALKYRIE DRIVE -BHIKKHUNI-,女武神驱动：比基尼 [日文版],DLC-0000000000000148,『VALKYRIE DRIVE -BHIKKHUNI-』リボンヘアバンド,JPN
psvdlc,PCSG00632,VALKYRIE DRIVE -BHIKKHUNI-,女武神驱动：比基尼 [日文版],DLC-0000000000000081,『VALKYRIE DRIVE -BHIKKHUNI-』ルーズソックス,JPN
psvdlc,PCSG00632,VALKYRIE DRIVE -BHIKKHUNI-,女武神驱动：比基尼 [日文版],DLC-0000000000000012,『VALKYRIE DRIVE -BHIKKHUNI-』ワンピース帽子,JPN
psvdlc,PCSG00632,VALKYRIE DRIVE -BHIKKHUNI-,女武神驱动：比基尼 [日文版],DLC-0000000000000143,『VALKYRIE DRIVE -BHIKKHUNI-』ヴァイオラのお気に入り水着,JPN
psvdlc,PCSG00632,VALKYRIE DRIVE -BHIKKHUNI-,女武神驱动：比基尼 [日文版],DLC-0000000000000025,『VALKYRIE DRIVE -BHIKKHUNI-』七面鳥,JPN
psvdlc,PCSG00632,VALKYRIE DRIVE -BHIKKHUNI-,女武神驱动：比基尼 [日文版],DLC-0000000000000146,『VALKYRIE DRIVE -BHIKKHUNI-』三日月イヤリング,JPN
psvdlc,PCSG00632,VALKYRIE DRIVE -BHIKKHUNI-,女武神驱动：比基尼 [日文版],DLC-0000000000000161,『VALKYRIE DRIVE -BHIKKHUNI-』中華扇子,JPN
psvdlc,PCSG00632,VALKYRIE DRIVE -BHIKKHUNI-,女武神驱动：比基尼 [日文版],DLC-0000000000000140,『VALKYRIE DRIVE -BHIKKHUNI-』乱花のお気に入り水着,JPN
psvdlc,PCSG00632,VALKYRIE DRIVE -BHIKKHUNI-,女武神驱动：比基尼 [日文版],DLC-0000000000000058,『VALKYRIE DRIVE -BHIKKHUNI-』付けぼくろ,JPN
psvdlc,PCSG00632,VALKYRIE DRIVE -BHIKKHUNI-,女武神驱动：比基尼 [日文版],DLC-0000000000000132,『VALKYRIE DRIVE -BHIKKHUNI-』体操着,JPN
psvdlc,PCSG00632,VALKYRIE DRIVE -BHIKKHUNI-,女武神驱动：比基尼 [日文版],DLC-0000000000000139,『VALKYRIE DRIVE -BHIKKHUNI-』倫花のお気に入り水着,JPN
psvdlc,PCSG00632,VALKYRIE DRIVE -BHIKKHUNI-,女武神驱动：比基尼 [日文版],DLC-0000000000000077,『VALKYRIE DRIVE -BHIKKHUNI-』先着購入特典「セイレーン アンクレット」,JPN
psvdlc,PCSG00632,VALKYRIE DRIVE -BHIKKHUNI-,女武神驱动：比基尼 [日文版],DLC-0000000000000075,『VALKYRIE DRIVE -BHIKKHUNI-』先着購入特典「ビクニ アンクレット」,JPN
psvdlc,PCSG00632,VALKYRIE DRIVE -BHIKKHUNI-,女武神驱动：比基尼 [日文版],DLC-0000000000000076,『VALKYRIE DRIVE -BHIKKHUNI-』先着購入特典「マーメイド アンクレット」,JPN
psvdlc,PCSG00632,VALKYRIE DRIVE -BHIKKHUNI-,女武神驱动：比基尼 [日文版],DLC-0000000000000001,『VALKYRIE DRIVE -BHIKKHUNI-』先着購入特典「楽園水着 BHIKKHUNI」,JPN
psvdlc,PCSG00632,VALKYRIE DRIVE -BHIKKHUNI-,女武神驱动：比基尼 [日文版],DLC-0000000000000002,『VALKYRIE DRIVE -BHIKKHUNI-』先着購入特典「楽園水着 MERMAID」,JPN
psvdlc,PCSG00632,VALKYRIE DRIVE -BHIKKHUNI-,女武神驱动：比基尼 [日文版],DLC-0000000000000003,『VALKYRIE DRIVE -BHIKKHUNI-』先着購入特典「楽園水着 SIREN」,JPN
psvdlc,PCSG00632,VALKYRIE DRIVE -BHIKKHUNI-,女武神驱动：比基尼 [日文版],DLC-0000000000000101,『VALKYRIE DRIVE -BHIKKHUNI-』垂れエルフ耳(標準),JPN
psvdlc,PCSG00632,VALKYRIE DRIVE -BHIKKHUNI-,女武神驱动：比基尼 [日文版],DLC-0000000000000102,『VALKYRIE DRIVE -BHIKKHUNI-』垂れエルフ耳(色白),JPN
psvdlc,PCSG00632,VALKYRIE DRIVE -BHIKKHUNI-,女武神驱动：比基尼 [日文版],DLC-0000000000000103,『VALKYRIE DRIVE -BHIKKHUNI-』垂れエルフ耳(色黒),JPN
psvdlc,PCSG00632,VALKYRIE DRIVE -BHIKKHUNI-,女武神驱动：比基尼 [日文版],DLC-0000000000000053,『VALKYRIE DRIVE -BHIKKHUNI-』天狗の面,JPN
psvdlc,PCSG00632,VALKYRIE DRIVE -BHIKKHUNI-,女武神驱动：比基尼 [日文版],DLC-0000000000000057,『VALKYRIE DRIVE -BHIKKHUNI-』太巻き,JPN
psvdlc,PCSG00632,VALKYRIE DRIVE -BHIKKHUNI-,女武神驱动：比基尼 [日文版],DLC-0000000000000065,『VALKYRIE DRIVE -BHIKKHUNI-』学生カバン,JPN
psvdlc,PCSG00632,VALKYRIE DRIVE -BHIKKHUNI-,女武神驱动：比基尼 [日文版],DLC-0000000000000145,『VALKYRIE DRIVE -BHIKKHUNI-』小春のお気に入り水着,JPN
psvdlc,PCSG00632,VALKYRIE DRIVE -BHIKKHUNI-,女武神驱动：比基尼 [日文版],DLC-0000000000000127,『VALKYRIE DRIVE -BHIKKHUNI-』揺れるキツネ尻尾,JPN
psvdlc,PCSG00632,VALKYRIE DRIVE -BHIKKHUNI-,女武神驱动：比基尼 [日文版],DLC-0000000000000128,『VALKYRIE DRIVE -BHIKKHUNI-』揺れるキツネ尻尾(紫),JPN
psvdlc,PCSG00632,VALKYRIE DRIVE -BHIKKHUNI-,女武神驱动：比基尼 [日文版],DLC-0000000000000123,『VALKYRIE DRIVE -BHIKKHUNI-』揺れるリボン(チェック),JPN
psvdlc,PCSG00632,VALKYRIE DRIVE -BHIKKHUNI-,女武神驱动：比基尼 [日文版],DLC-0000000000000122,『VALKYRIE DRIVE -BHIKKHUNI-』揺れるリボン(桃),JPN
psvdlc,PCSG00632,VALKYRIE DRIVE -BHIKKHUNI-,女武神驱动：比基尼 [日文版],DLC-0000000000000124,『VALKYRIE DRIVE -BHIKKHUNI-』揺れるリボン(桜),JPN
psvdlc,PCSG00632,VALKYRIE DRIVE -BHIKKHUNI-,女武神驱动：比基尼 [日文版],DLC-0000000000000129,『VALKYRIE DRIVE -BHIKKHUNI-』揺れる天使の羽,JPN
psvdlc,PCSG00632,VALKYRIE DRIVE -BHIKKHUNI-,女武神驱动：比基尼 [日文版],DLC-0000000000000130,『VALKYRIE DRIVE -BHIKKHUNI-』揺れる悪魔の羽,JPN
psvdlc,PCSG00632,VALKYRIE DRIVE -BHIKKHUNI-,女武神驱动：比基尼 [日文版],DLC-0000000000000126,『VALKYRIE DRIVE -BHIKKHUNI-』揺れる猫尻尾(豹),JPN
psvdlc,PCSG00632,VALKYRIE DRIVE -BHIKKHUNI-,女武神驱动：比基尼 [日文版],DLC-0000000000000125,『VALKYRIE DRIVE -BHIKKHUNI-』揺れる猫尻尾(黒),JPN
psvdlc,PCSG00632,VALKYRIE DRIVE -BHIKKHUNI-,女武神驱动：比基尼 [日文版],DLC-0000000000000147,『VALKYRIE DRIVE -BHIKKHUNI-』月のしずくイヤリング,JPN
psvdlc,PCSG00632,VALKYRIE DRIVE -BHIKKHUNI-,女武神驱动：比基尼 [日文版],DLC-0000000000000029,『VALKYRIE DRIVE -BHIKKHUNI-』松茸,JPN
psvdlc,PCSG00632,VALKYRIE DRIVE -BHIKKHUNI-,女武神驱动：比基尼 [日文版],DLC-0000000000000048,『VALKYRIE DRIVE -BHIKKHUNI-』柳生のイカ,JPN
psvdlc,PCSG00632,VALKYRIE DRIVE -BHIKKHUNI-,女武神驱动：比基尼 [日文版],DLC-0000000000000141,『VALKYRIE DRIVE -BHIKKHUNI-』桃のお気に入り水着,JPN
psvdlc,PCSG00632,VALKYRIE DRIVE -BHIKKHUNI-,女武神驱动：比基尼 [日文版],DLC-0000000000000083,『VALKYRIE DRIVE -BHIKKHUNI-』桃のマフラー,JPN
psvdlc,PCSG00632,VALKYRIE DRIVE -BHIKKHUNI-,女武神驱动：比基尼 [日文版],DLC-0000000000000084,『VALKYRIE DRIVE -BHIKKHUNI-』桃のマフラー(青),JPN
psvdlc,PCSG00632,VALKYRIE DRIVE -BHIKKHUNI-,女武神驱动：比基尼 [日文版],DLC-0000000000000045,『VALKYRIE DRIVE -BHIKKHUNI-』棒付きアメ,JPN
psvdlc,PCSG00632,VALKYRIE DRIVE -BHIKKHUNI-,女武神驱动：比基尼 [日文版],DLC-0000000000000158,『VALKYRIE DRIVE -BHIKKHUNI-』楽園水着「LORELEI」,JPN
psvdlc,PCSG00632,VALKYRIE DRIVE -BHIKKHUNI-,女武神驱动：比基尼 [日文版],DLC-0000000000000157,『VALKYRIE DRIVE -BHIKKHUNI-』楽園水着「OTOHIME」,JPN
psvdlc,PCSG00632,VALKYRIE DRIVE -BHIKKHUNI-,女武神驱动：比基尼 [日文版],DLC-0000000000000149,『VALKYRIE DRIVE -BHIKKHUNI-』水中メガネ,JPN
psvdlc,PCSG00632,VALKYRIE DRIVE -BHIKKHUNI-,女武神驱动：比基尼 [日文版],DLC-0000000000000153,『VALKYRIE DRIVE -BHIKKHUNI-』浮き輪,JPN
psvdlc,PCSG00632,VALKYRIE DRIVE -BHIKKHUNI-,女武神驱动：比基尼 [日文版],DLC-0000000000000142,『VALKYRIE DRIVE -BHIKKHUNI-』満腹丸ちゃんのお気に入り水着,JPN
psvdlc,PCSG00632,VALKYRIE DRIVE -BHIKKHUNI-,女武神驱动：比基尼 [日文版],DLC-0000000000000062,『VALKYRIE DRIVE -BHIKKHUNI-』犬の鼻,JPN
psvdlc,PCSG00632,VALKYRIE DRIVE -BHIKKHUNI-,女武神驱动：比基尼 [日文版],DLC-0000000000000060,『VALKYRIE DRIVE -BHIKKHUNI-』狐の面,JPN
psvdlc,PCSG00632,VALKYRIE DRIVE -BHIKKHUNI-,女武神驱动：比基尼 [日文版],DLC-0000000000000109,『VALKYRIE DRIVE -BHIKKHUNI-』猫耳つきフード(桃),JPN
psvdlc,PCSG00632,VALKYRIE DRIVE -BHIKKHUNI-,女武神驱动：比基尼 [日文版],DLC-0000000000000110,『VALKYRIE DRIVE -BHIKKHUNI-』猫耳つきフード(橙),JPN
psvdlc,PCSG00632,VALKYRIE DRIVE -BHIKKHUNI-,女武神驱动：比基尼 [日文版],DLC-0000000000000108,『VALKYRIE DRIVE -BHIKKHUNI-』猫耳つきフード(灰),JPN
psvdlc,PCSG00632,VALKYRIE DRIVE -BHIKKHUNI-,女武神驱动：比基尼 [日文版],DLC-0000000000000107,『VALKYRIE DRIVE -BHIKKHUNI-』猫耳つきフード(白),JPN
psvdlc,PCSG00632,VALKYRIE DRIVE -BHIKKHUNI-,女武神驱动：比基尼 [日文版],DLC-0000000000000106,『VALKYRIE DRIVE -BHIKKHUNI-』猫耳つきフード(黒),JPN
psvdlc,PCSG00632,VALKYRIE DRIVE -BHIKKHUNI-,女武神驱动：比基尼 [日文版],DLC-0000000000000104,『VALKYRIE DRIVE -BHIKKHUNI-』猫耳サイバー(桃),JPN
psvdlc,PCSG00632,VALKYRIE DRIVE -BHIKKHUNI-,女武神驱动：比基尼 [日文版],DLC-0000000000000105,『VALKYRIE DRIVE -BHIKKHUNI-』猫耳サイバー(青),JPN
psvdlc,PCSG00632,VALKYRIE DRIVE -BHIKKHUNI-,女武神驱动：比基尼 [日文版],DLC-0000000000000138,『VALKYRIE DRIVE -BHIKKHUNI-』秘密警察,JPN
psvdlc,PCSG00632,VALKYRIE DRIVE -BHIKKHUNI-,女武神驱动：比基尼 [日文版],DLC-0000000000000017,『VALKYRIE DRIVE -BHIKKHUNI-』紅兜,JPN
psvdlc,PCSG00632,VALKYRIE DRIVE -BHIKKHUNI-,女武神驱动：比基尼 [日文版],DLC-0000000000000074,『VALKYRIE DRIVE -BHIKKHUNI-』脱ぎ掛けパンツ,JPN
psvdlc,PCSG00632,VALKYRIE DRIVE -BHIKKHUNI-,女武神驱动：比基尼 [日文版],DLC-0000000000000018,『VALKYRIE DRIVE -BHIKKHUNI-』蒼兜,JPN
psvdlc,PCSG00632,VALKYRIE DRIVE -BHIKKHUNI-,女武神驱动：比基尼 [日文版],DLC-0000000000000064,『VALKYRIE DRIVE -BHIKKHUNI-』貝殻,JPN
psvdlc,PCSG00632,VALKYRIE DRIVE -BHIKKHUNI-,女武神驱动：比基尼 [日文版],DLC-0000000000000134,『VALKYRIE DRIVE -BHIKKHUNI-』貝殻水着,JPN
psvdlc,PCSG00632,VALKYRIE DRIVE -BHIKKHUNI-,女武神驱动：比基尼 [日文版],DLC-0000000000000156,『VALKYRIE DRIVE -BHIKKHUNI-』越後屋のお気に入り水着,JPN
psvdlc,PCSG00632,VALKYRIE DRIVE -BHIKKHUNI-,女武神驱动：比基尼 [日文版],DLC-0000000000000041,『VALKYRIE DRIVE -BHIKKHUNI-』金平糖,JPN
psvdlc,PCSG00632,VALKYRIE DRIVE -BHIKKHUNI-,女武神驱动：比基尼 [日文版],DLC-0000000000000067,『VALKYRIE DRIVE -BHIKKHUNI-』風船 ピンク,JPN
psvdlc,PCSG00632,VALKYRIE DRIVE -BHIKKHUNI-,女武神驱动：比基尼 [日文版],DLC-0000000000000066,『VALKYRIE DRIVE -BHIKKHUNI-』風船 ベージュ,JPN
psvdlc,PCSG00632,VALKYRIE DRIVE -BHIKKHUNI-,女武神驱动：比基尼 [日文版],DLC-0000000000000151,『VALKYRIE DRIVE -BHIKKHUNI-』食パン,JPN
psvdlc,PCSG00632,VALKYRIE DRIVE -BHIKKHUNI-,女武神驱动：比基尼 [日文版],DLC-0000000000000010,『VALKYRIE DRIVE -BHIKKHUNI-』麦わら帽子,JPN
psvdlc,PCSG00632,VALKYRIE DRIVE -BHIKKHUNI-,女武神驱动：比基尼 [日文版],DLC-0000000000000059,『VALKYRIE DRIVE -BHIKKHUNI-』黒目線,JPN
psvdlc,PCSG00632,VALKYRIE DRIVE -BHIKKHUNI-,女武神驱动：比基尼 [日文版],DLC-0000000000000080,『VALKYRIE DRIVE -MERMAID-』01特典「BLACK セイレーン アンクレット」,JPN
psvdlc,PCSG00632,VALKYRIE DRIVE -BHIKKHUNI-,女武神驱动：比基尼 [日文版],DLC-0000000000000078,『VALKYRIE DRIVE -MERMAID-』01特典「BLACK ビクニ アンクレット」,JPN
psvdlc,PCSG00632,VALKYRIE DRIVE -BHIKKHUNI-,女武神驱动：比基尼 [日文版],DLC-0000000000000079,『VALKYRIE DRIVE -MERMAID-』01特典「BLACK マーメイド アンクレット」,JPN
psvdlc,PCSG00632,VALKYRIE DRIVE -BHIKKHUNI-,女武神驱动：比基尼 [日文版],DLC-0000000000000004,『VALKYRIE DRIVE -MERMAID-』01特典「楽園水着 BLACK BHIKKHUNI」,JPN
psvdlc,PCSG00632,VALKYRIE DRIVE -BHIKKHUNI-,女武神驱动：比基尼 [日文版],DLC-0000000000000005,『VALKYRIE DRIVE -MERMAID-』01特典「楽園水着 BLACK MERMAID」,JPN
psvdlc,PCSG00632,VALKYRIE DRIVE -BHIKKHUNI-,女武神驱动：比基尼 [日文版],DLC-0000000000000006,『VALKYRIE DRIVE -MERMAID-』01特典「楽園水着 BLACK SIREN」,JPN
psvdlc,PCSG00633,UPPERS,UPPERS [日文版],DLC-0000000000000012,UPPERS クイーン衣装「BLAQUEEN」,JPN
psvdlc,PCSG00633,UPPERS,UPPERS [日文版],DLC-0000000000000001,UPPERS 追加プレイアブルキャラクター 大道寺先輩,JPN
psvdlc,PCSG00642,Fushigi no Gensokyo - The Tower of Desire,不可思议的幻想乡 [日文版],DLC-DLC0000000000004,PlayableCharacter - Momiji Inubashiri,JPN
psvdlc,PCSG00642,Fushigi no Gensokyo - The Tower of Desire,不可思议的幻想乡 [日文版],DLC-DLC0000000000002,The BulletReporter,JPN
psvdlc,PCSG00644,Superdimension Neptune VS Sega Hard Girls,超次元大战 机战少女 VS SEGA 主机娘 [日文版],DLC-NEPTUNEVSDLC0002,アイエフのクラス『一陣の風』,JPN
psvdlc,PCSG00644,Superdimension Neptune VS Sega Hard Girls,超次元大战 机战少女 VS SEGA 主机娘 [日文版],DLC-NEPTUNEVSDLC0003,セガミのクラス『我が道を行く者』,JPN
psvdlc,PCSG00644,Superdimension Neptune VS Sega Hard Girls,超次元大战 机战少女 VS SEGA 主机娘 [日文版],DLC-NEPTUNEVSDLC0001,突撃☆未来のゲームセンター!,JPN
psvdlc,PCSG00644,Superdimension Neptune VS Sega Hard Girls,超次元大战 机战少女 VS SEGA 主机娘 [日文版],DLC-NEPTUNEVSDLC0007,追加仕様『フィーバーゲージ上昇アップ』,JPN
psvdlc,PCSG00644,Superdimension Neptune VS Sega Hard Girls,超次元大战 机战少女 VS SEGA 主机娘 [日文版],DLC-NEPTUNEVSDLC0004,追加仕様『入手クレジット超絶アップ』,JPN
psvdlc,PCSG00644,Superdimension Neptune VS Sega Hard Girls,超次元大战 机战少女 VS SEGA 主机娘 [日文版],DLC-NEPTUNEVSDLC0005,追加仕様『入手経験値超絶アップ』,JPN
psvdlc,PCSG00644,Superdimension Neptune VS Sega Hard Girls,超次元大战 机战少女 VS SEGA 主机娘 [日文版],DLC-NEPTUNEVSDLC0006,追加仕様『絶対アイテムドロップ』,JPN
psvdlc,PCSG00645,SUPERBEAT: XONiC,超酷节拍：音速 [日文版],DLC-SUPERBEAT00DLC01,XONiC PACK~7'S Rebirth~,JPN
psvdlc,PCSG00645,SUPERBEAT: XONiC,超酷节拍：音速 [日文版],DLC-SUPERBEAT00DLC04,XONiC PACK~Cranky's Pick,JPN
psvdlc,PCSG00670,ガールフレンド（仮）きみと過ごす夏休み,临时女友：与你一起度过的暑假 [日文版],DLC-GIRLFRIENDBETA10,攻略対象 風町陽歌 追加,JPN
psvdlc,PCSG00670,ガールフレンド（仮）きみと過ごす夏休み,临时女友：与你一起度过的暑假 [日文版],DLC-GIRLFRIENDBETA61,特典ボイス(ミス・モノクローム)  一緒に下校,JPN
psvdlc,PCSG00670,ガールフレンド（仮）きみと過ごす夏休み,临时女友：与你一起度过的暑假 [日文版],DLC-GIRLFRIENDBETA60,特典ボイス(ミス・モノクローム)  朝の一幕,JPN
psvdlc,PCSG00670,ガールフレンド（仮）きみと過ごす夏休み,临时女友：与你一起度过的暑假 [日文版],DLC-GIRLFRIENDBETA91,特典ボイス(優木苗)  一緒に下校,JPN
psvdlc,PCSG00670,ガールフレンド（仮）きみと過ごす夏休み,临时女友：与你一起度过的暑假 [日文版],DLC-GIRLFRIENDBETA71,特典ボイス(望月エレナ)  一緒に下校,JPN
psvdlc,PCSG00670,ガールフレンド（仮）きみと過ごす夏休み,临时女友：与你一起度过的暑假 [日文版],DLC-GIRLFRIENDBETA70,特典ボイス(望月エレナ)  朝の一幕,JPN
psvdlc,PCSG00670,ガールフレンド（仮）きみと過ごす夏休み,临时女友：与你一起度过的暑假 [日文版],DLC-GIRLFRIENDBETA81,特典ボイス(朝比奈桃子)  一緒に下校,JPN
psvdlc,PCSG00670,ガールフレンド（仮）きみと過ごす夏休み,临时女友：与你一起度过的暑假 [日文版],DLC-GIRLFRIENDBETA50,特典ボイス(櫻井明音)  朝の一幕,JPN
psvdlc,PCSG00675,Kamen Rider: Battride War Sousei,假面骑士：斗骑大战 创生 [日文版],DLC-0000000000000007,追加キャラクター:仮面ライダーゴースト 闘魂ブースト魂,JPN
psvdlc,PCSG00675,Kamen Rider: Battride War Sousei,假面骑士：斗骑大战 创生 [日文版],DLC-0000000000000006,追加キャラクター:仮面ライダースペクター,JPN
psvdlc,PCSG00675,Kamen Rider: Battride War Sousei,假面骑士：斗骑大战 创生 [日文版],DLC-0000000000000008,追加キャラクター:仮面ライダーチェイサー,JPN
psvdlc,PCSG00679,Exist Archive: The Other Side of the Sky,存在档案：天空的另一面 [日文版],DLC-DLC01606CP007F01,なめろうのお正月コスチューム,JPN
psvdlc,PCSG00679,Exist Archive: The Other Side of the Sky,存在档案：天空的另一面 [日文版],DLC-DLC01605CP007E01,なめろうのトナカイコスチューム,JPN
psvdlc,PCSG00679,Exist Archive: The Other Side of the Sky,存在档案：天空的另一面 [日文版],DLC-DLC01206CP003F01,まゆらのお正月コスチューム,JPN
psvdlc,PCSG00679,Exist Archive: The Other Side of the Sky,存在档案：天空的另一面 [日文版],DLC-DLC01205CP003E01,まゆらのトナカイコスチューム,JPN
psvdlc,PCSG00679,Exist Archive: The Other Side of the Sky,存在档案：天空的另一面 [日文版],DLC-DLC02009CP011J01,スターオーシャン5コラボコスチューム フィオーレ,JPN
psvdlc,PCSG00679,Exist Archive: The Other Side of the Sky,存在档案：天空的另一面 [日文版],DLC-DLC01010CP001J01,スターオーシャン5コラボコスチューム フィデル,JPN
psvdlc,PCSG00679,Exist Archive: The Other Side of the Sky,存在档案：天空的另一面 [日文版],DLC-DLC01308CP004J01,スターオーシャン5コラボコスチューム ミキ,JPN
psvdlc,PCSG00679,Exist Archive: The Other Side of the Sky,存在档案：天空的另一面 [日文版],DLC-DLC01408CP005J01,スターオーシャン5コラボコスチューム ヴィクトル,JPN
psvdlc,PCSG00679,Exist Archive: The Other Side of the Sky,存在档案：天空的另一面 [日文版],DLC-DLC02007CP011F01,ユイのお正月コスチューム,JPN
psvdlc,PCSG00679,Exist Archive: The Other Side of the Sky,存在档案：天空的另一面 [日文版],DLC-DLC02006CP011E01,ユイのトナカイコスチューム,JPN
psvdlc,PCSG00679,Exist Archive: The Other Side of the Sky,存在档案：天空的另一面 [日文版],DLC-DLC01009CP001I01,ヴァルキリープロファイルコラボコスチューム アリューゼ,JPN
psvdlc,PCSG00679,Exist Archive: The Other Side of the Sky,存在档案：天空的另一面 [日文版],DLC-DLC01109CP002I01,ヴァルキリープロファイルコラボコスチューム アーリィ,JPN
psvdlc,PCSG00679,Exist Archive: The Other Side of the Sky,存在档案：天空的另一面 [日文版],DLC-DLC01508CP006I01,ヴァルキリープロファイルコラボコスチューム シルメリア,JPN
psvdlc,PCSG00679,Exist Archive: The Other Side of the Sky,存在档案：天空的另一面 [日文版],DLC-DLC01608CP007I01,ヴァルキリープロファイルコラボコスチューム ブラムス,JPN
psvdlc,PCSG00679,Exist Archive: The Other Side of the Sky,存在档案：天空的另一面 [日文版],DLC-DLC01708CP008I01,ヴァルキリープロファイルコラボコスチューム ルシオ,JPN
psvdlc,PCSG00679,Exist Archive: The Other Side of the Sky,存在档案：天空的另一面 [日文版],DLC-DLC01808CP009I01,ヴァルキリープロファイルコラボコスチューム レザード,JPN
psvdlc,PCSG00679,Exist Archive: The Other Side of the Sky,存在档案：天空的另一面 [日文版],DLC-DLC01208CP003I01,ヴァルキリープロファイルコラボコスチューム レナス,JPN
psvdlc,PCSG00679,Exist Archive: The Other Side of the Sky,存在档案：天空的另一面 [日文版],DLC-DLC01806CP009F01,僂人のお正月コスチューム,JPN
psvdlc,PCSG00679,Exist Archive: The Other Side of the Sky,存在档案：天空的另一面 [日文版],DLC-DLC01805CP009E01,僂人のトナカイコスチューム,JPN
psvdlc,PCSG00679,Exist Archive: The Other Side of the Sky,存在档案：天空的另一面 [日文版],DLC-DLC01406CP005F01,光秀のお正月コスチューム,JPN
psvdlc,PCSG00679,Exist Archive: The Other Side of the Sky,存在档案：天空的另一面 [日文版],DLC-DLC01405CP005E01,光秀のトナカイコスチューム,JPN
psvdlc,PCSG00679,Exist Archive: The Other Side of the Sky,存在档案：天空的另一面 [日文版],DLC-DLC01306CP004F01,小春のお正月コスチューム,JPN
psvdlc,PCSG00679,Exist Archive: The Other Side of the Sky,存在档案：天空的另一面 [日文版],DLC-DLC01305CP004E01,小春のトナカイコスチューム,JPN
psvdlc,PCSG00679,Exist Archive: The Other Side of the Sky,存在档案：天空的另一面 [日文版],DLC-DLC01906CP010F01,恋のお正月コスチューム,JPN
psvdlc,PCSG00679,Exist Archive: The Other Side of the Sky,存在档案：天空的另一面 [日文版],DLC-DLC01905CP010E01,恋のトナカイコスチューム,JPN
psvdlc,PCSG00679,Exist Archive: The Other Side of the Sky,存在档案：天空的另一面 [日文版],DLC-DLC01506CP006F01,朱雀のお正月コスチューム,JPN
psvdlc,PCSG00679,Exist Archive: The Other Side of the Sky,存在档案：天空的另一面 [日文版],DLC-DLC01505CP006E01,朱雀のトナカイコスチューム,JPN
psvdlc,PCSG00679,Exist Archive: The Other Side of the Sky,存在档案：天空的另一面 [日文版],DLC-DLC01107CP002F01,蘭世のお正月コスチューム,JPN
psvdlc,PCSG00679,Exist Archive: The Other Side of the Sky,存在档案：天空的另一面 [日文版],DLC-DLC01106CP002E01,蘭世のトナカイコスチューム,JPN
psvdlc,PCSG00679,Exist Archive: The Other Side of the Sky,存在档案：天空的另一面 [日文版],DLC-DLC01006CP001F01,遼のお正月コスチューム,JPN
psvdlc,PCSG00679,Exist Archive: The Other Side of the Sky,存在档案：天空的另一面 [日文版],DLC-DLC01005CP001E01,遼のトナカイコスチューム,JPN
psvdlc,PCSG00679,Exist Archive: The Other Side of the Sky,存在档案：天空的另一面 [日文版],DLC-DLC02106CP012F01,閻美のお正月コスチューム,JPN
psvdlc,PCSG00679,Exist Archive: The Other Side of the Sky,存在档案：天空的另一面 [日文版],DLC-DLC02105CP012E01,閻美のトナカイコスチューム,JPN
psvdlc,PCSG00679,Exist Archive: The Other Side of the Sky,存在档案：天空的另一面 [日文版],DLC-DLC01706CP008F01,霧谷のお正月コスチューム,JPN
psvdlc,PCSG00679,Exist Archive: The Other Side of the Sky,存在档案：天空的另一面 [日文版],DLC-DLC01705CP008E01,霧谷のトナカイコスチューム,JPN
psvdlc,PCSG00680,DARIUSBURST Chronicle Saviours,变形机战编年史：救世主 [日文版],DLC-DARIUSBURSTCSD12,BATTLE GAREGGA,JPN
psvdlc,PCSG00680,DARIUSBURST Chronicle Saviours,变形机战编年史：救世主 [日文版],DLC-DARIUSBURSTCSD08,Deathsmiles,JPN
psvdlc,PCSG00680,DARIUSBURST Chronicle Saviours,变形机战编年史：救世主 [日文版],DLC-DARIUSBURSTCSD07,Dodonpachi Resurrection,JPN
psvdlc,PCSG00680,DARIUSBURST Chronicle Saviours,变形机战编年史：救世主 [日文版],DLC-DARIUSBURSTCSD06,Fantasy Zone,JPN
psvdlc,PCSG00680,DARIUSBURST Chronicle Saviours,变形机战编年史：救世主 [日文版],DLC-DARIUSBURSTCSD05,Galaxy ForceII,JPN
psvdlc,PCSG00680,DARIUSBURST Chronicle Saviours,变形机战编年史：救世主 [日文版],DLC-DARIUSBURSTCSD09,Ketsui,JPN
psvdlc,PCSG00680,DARIUSBURST Chronicle Saviours,变形机战编年史：救世主 [日文版],DLC-DARIUSBURSTCSD02,Metal Black,JPN
psvdlc,PCSG00680,DARIUSBURST Chronicle Saviours,变形机战编年史：救世主 [日文版],DLC-DARIUSBURSTCSD01,Night Striker,JPN
psvdlc,PCSG00680,DARIUSBURST Chronicle Saviours,变形机战编年史：救世主 [日文版],DLC-DARIUSBURSTCSD15,PROGEAR,JPN
psvdlc,PCSG00680,DARIUSBURST Chronicle Saviours,变形机战编年史：救世主 [日文版],DLC-DARIUSBURSTCSD03,Ray Force,JPN
psvdlc,PCSG00680,DARIUSBURST Chronicle Saviours,变形机战编年史：救世主 [日文版],DLC-DARIUSBURSTCSD13,SIDE ARMS,JPN
psvdlc,PCSG00680,DARIUSBURST Chronicle Saviours,变形机战编年史：救世主 [日文版],DLC-DARIUSBURSTCSD10,SORCER STRIKER,JPN
psvdlc,PCSG00680,DARIUSBURST Chronicle Saviours,变形机战编年史：救世主 [日文版],DLC-DARIUSBURSTCSD04,Space Harrier,JPN
psvdlc,PCSG00680,DARIUSBURST Chronicle Saviours,变形机战编年史：救世主 [日文版],DLC-DARIUSBURSTCSD11,TERRA DIVER,JPN
psvdlc,PCSG00680,DARIUSBURST Chronicle Saviours,变形机战编年史：救世主 [日文版],DLC-DARIUSBURSTCSD14,VARTH,JPN
psvdlc,PCSG00681,Criminal Girls 2,罪恶少女 2 [日文版],DLC-ADDCONT000000000,クリミナルガールズ2 初回封入特典 「ドキドキなりきり兄妹プレイボイス」,JPN
psvdlc,PCSG00681,Criminal Girls 2,罪恶少女 2 [日文版],DLC-ADDCONT000000002,クリミナルガールズ2 追加コンテンツ 「スライムぶっかけ 純潔の白ver」,JPN
psvdlc,PCSG00681,Criminal Girls 2,罪恶少女 2 [日文版],DLC-ADDCONT000000001,クリミナルガールズ2 追加コンテンツ 「ドS教官向け 絶望おしおきシチュエーション」,JPN
psvdlc,PCSG00683,Hatsune Miku: Project Diva X,初音未来：歌姬计划 X [日文版],DLC-PJDXDLCMIK326019,CAスタイル 39,JPN
psvdlc,PCSG00683,Hatsune Miku: Project Diva X,初音未来：歌姬计划 X [日文版],DLC-PJDXDLCMIK325018,CAスタイル A,JPN
psvdlc,PCSG00683,Hatsune Miku: Project Diva X,初音未来：歌姬计划 X [日文版],DLC-PJDXDLCXPV832020,Hand in Hand,JPN
psvdlc,PCSG00683,Hatsune Miku: Project Diva X,初音未来：歌姬计划 X [日文版],DLC-PJDXDLCMIK324017,P4Dスタイル,JPN
psvdlc,PCSG00683,Hatsune Miku: Project Diva X,初音未来：歌姬计划 X [日文版],DLC-PJDXDLCXPV831014,Sharing The World,JPN
psvdlc,PCSG00683,Hatsune Miku: Project Diva X,初音未来：歌姬计划 X [日文版],DLC-PJDXACCESCAOS011,「カオス」アクセサリアンロックキー,JPN
psvdlc,PCSG00683,Hatsune Miku: Project Diva X,初音未来：歌姬计划 X [日文版],DLC-PJDXMODULCAOS006,「カオス」モジュールアンロックキー,JPN
psvdlc,PCSG00683,Hatsune Miku: Project Diva X,初音未来：歌姬计划 X [日文版],DLC-PJDXACCESCUTE008,「キュート」アクセサリアンロックキー,JPN
psvdlc,PCSG00683,Hatsune Miku: Project Diva X,初音未来：歌姬计划 X [日文版],DLC-PJDXMODULCUTE003,「キュート」モジュールアンロックキー,JPN
psvdlc,PCSG00683,Hatsune Miku: Project Diva X,初音未来：歌姬计划 X [日文版],DLC-PJDXACCESCOOL009,「クール」アクセサリアンロックキー,JPN
psvdlc,PCSG00683,Hatsune Miku: Project Diva X,初音未来：歌姬计划 X [日文版],DLC-PJDXMODULCOOL004,「クール」モジュールアンロックキー,JPN
psvdlc,PCSG00683,Hatsune Miku: Project Diva X,初音未来：歌姬计划 X [日文版],DLC-PJDXACCESNEUT007,「ニュートラル」アクセサリアンロックキー,JPN
psvdlc,PCSG00683,Hatsune Miku: Project Diva X,初音未来：歌姬计划 X [日文版],DLC-PJDXMODULNEUT002,「ニュートラル」モジュールアンロックキー,JPN
psvdlc,PCSG00683,Hatsune Miku: Project Diva X,初音未来：歌姬计划 X [日文版],DLC-PJDXACCESBEAU010,「ビューティ」アクセサリアンロックキー,JPN
psvdlc,PCSG00683,Hatsune Miku: Project Diva X,初音未来：歌姬计划 X [日文版],DLC-PJDXMODULBEAU005,「ビューティ」モジュールアンロックキー,JPN
psvdlc,PCSG00683,Hatsune Miku: Project Diva X,初音未来：歌姬计划 X [日文版],DLC-PJDXDLCASHUMO012,ネル・ハク・咲音・テトモジュールパック,JPN
psvdlc,PCSG00683,Hatsune Miku: Project Diva X,初音未来：歌姬计划 X [日文版],DLC-PJDXDLC39DAYO013,ミクダヨー,JPN
psvdlc,PCSG00683,Hatsune Miku: Project Diva X,初音未来：歌姬计划 X [日文版],DLC-PJDXLIVEEDITP001,ライブエディットスタートパック,JPN
psvdlc,PCSG00683,Hatsune Miku: Project Diva X,初音未来：歌姬计划 X [日文版],DLC-PJDXDLCMIK323016,レーシングミク 2016 Ver.,JPN
psvdlc,PCSG00683,Hatsune Miku: Project Diva X,初音未来：歌姬计划 X [日文版],DLC-PJDXDLCYUKI39021,雪ミク 2010~2015パック,JPN
psvdlc,PCSG00683,Hatsune Miku: Project Diva X,初音未来：歌姬计划 X [日文版],DLC-PJDXDLCMIK322015,雪ミク 2016,JPN
psvdlc,PCSG00685,Deemo ~The Last Recital~,古树旋律：最终演奏 [中日文版],DLC-BOOKADPIANO00001,adpiano01_bookinfo,JPN
psvdlc,PCSG00685,Deemo ~The Last Recital~,古树旋律：最终演奏 [中日文版],DLC-BOOKAIOI00000001,aioi_bookinfo,JPN
psvdlc,PCSG00685,Deemo ~The Last Recital~,古树旋律：最终演奏 [中日文版],DLC-BOOKRAYARK000001,BookAInfo,JPN
psvdlc,PCSG00685,Deemo ~The Last Recital~,古树旋律：最终演奏 [中日文版],DLC-BOOKRAYARK000002,BookBInfo,JPN
psvdlc,PCSG00685,Deemo ~The Last Recital~,古树旋律：最终演奏 [中日文版],DLC-BOOKMILI00000001,BookCInfo,JPN
psvdlc,PCSG00685,Deemo ~The Last Recital~,古树旋律：最终演奏 [中日文版],DLC-BOOKVK0000000001,BookDInfo,JPN
psvdlc,PCSG00685,Deemo ~The Last Recital~,古树旋律：最终演奏 [中日文版],DLC-BOOKBRIAN0000001,BookFInfo,JPN
psvdlc,PCSG00685,Deemo ~The Last Recital~,古树旋律：最终演奏 [中日文版],DLC-BOOKESHEN0000001,BookGInfo,JPN
psvdlc,PCSG00685,Deemo ~The Last Recital~,古树旋律：最终演奏 [中日文版],DLC-BOOKRAYARK000003,BookHInfo,JPN
psvdlc,PCSG00685,Deemo ~The Last Recital~,古树旋律：最终演奏 [中日文版],DLC-BOOKCYTUS0000001,BookIInfo,JPN
psvdlc,PCSG00685,Deemo ~The Last Recital~,古树旋律：最终演奏 [中日文版],DLC-BOOKCYTUS0000002,BookJInfo,JPN
psvdlc,PCSG00685,Deemo ~The Last Recital~,古树旋律：最终演奏 [中日文版],DLC-BOOKKNIGHT000001,BookKInfo,JPN
psvdlc,PCSG00685,Deemo ~The Last Recital~,古树旋律：最终演奏 [中日文版],DLC-BOOKKNIGHT000002,chapter_k2_bookinfo,JPN
psvdlc,PCSG00685,Deemo ~The Last Recital~,古树旋律：最终演奏 [中日文版],DLC-BOOKCRANKY000001,cranky_bookinfo,JPN
psvdlc,PCSG00685,Deemo ~The Last Recital~,古树旋律：最终演奏 [中日文版],DLC-BOOKDSPIANO00001,dspiano01_bookinfo,JPN
psvdlc,PCSG00685,Deemo ~The Last Recital~,古树旋律：最终演奏 [中日文版],DLC-BOOKCLASSIC00001,etude_bookinfo,JPN
psvdlc,PCSG00685,Deemo ~The Last Recital~,古树旋律：最终演奏 [中日文版],DLC-BOOKLLOWER000001,llow_bookinfo,JPN
psvdlc,PCSG00685,Deemo ~The Last Recital~,古树旋律：最终演奏 [中日文版],DLC-BOOKLUPPER000001,lup_bookinfo,JPN
psvdlc,PCSG00685,Deemo ~The Last Recital~,古树旋律：最终演奏 [中日文版],DLC-BOOKM2UXNICODE01,m2uxnicode_bookinfo,JPN
psvdlc,PCSG00685,Deemo ~The Last Recital~,古树旋律：最终演奏 [中日文版],DLC-BOOKMILI00000002,mili02_bookinfo,JPN
psvdlc,PCSG00685,Deemo ~The Last Recital~,古树旋律：最终演奏 [中日文版],DLC-BOOKMILI00000003,mili03_bookinfo,JPN
psvdlc,PCSG00685,Deemo ~The Last Recital~,古树旋律：最终演奏 [中日文版],DLC-BOOKNMST00000001,nmst_bookinfo,JPN
psvdlc,PCSG00685,Deemo ~The Last Recital~,古树旋律：最终演奏 [中日文版],DLC-BOOKRABPIT000001,rabpit01_bookinfo,JPN
psvdlc,PCSG00685,Deemo ~The Last Recital~,古树旋律：最终演奏 [中日文版],DLC-BOOKRAC000000001,rac01_bookinfo,JPN
psvdlc,PCSG00685,Deemo ~The Last Recital~,古树旋律：最终演奏 [中日文版],DLC-BOOKRAC000000002,rac02_bookinfo,JPN
psvdlc,PCSG00685,Deemo ~The Last Recital~,古树旋律：最终演奏 [中日文版],DLC-BOOKRAC000000003,rac03_bookinfo,JPN
psvdlc,PCSG00685,Deemo ~The Last Recital~,古树旋律：最终演奏 [中日文版],DLC-BOOKRAC000000004,rac04_bookinfo,JPN
psvdlc,PCSG00685,Deemo ~The Last Recital~,古树旋律：最终演奏 [中日文版],DLC-BOOKRAC000000005,rac05_bookinfo,JPN
psvdlc,PCSG00685,Deemo ~The Last Recital~,古树旋律：最终演奏 [中日文版],DLC-BOOKRAC000000006,rac06_bookinfo,JPN
psvdlc,PCSG00685,Deemo ~The Last Recital~,古树旋律：最终演奏 [中日文版],DLC-BOOKSAKUZYO00001,sakuzyo01_bookinfo,JPN
psvdlc,PCSG00685,Deemo ~The Last Recital~,古树旋律：最终演奏 [中日文版],DLC-BOOKSAMSARA00001,samsara_bookinfo,JPN
psvdlc,PCSG00685,Deemo ~The Last Recital~,古树旋律：最终演奏 [中日文版],DLC-BOOKTIMELINE0001,timeline01_bookinfo,JPN
psvdlc,PCSG00685,Deemo ~The Last Recital~,古树旋律：最终演奏 [中日文版],DLC-BOOKSHATTER00002,v22shatteredmemories_bookinfo,JPN
psvdlc,PCSG00685,Deemo ~The Last Recital~,古树旋律：最终演奏 [中日文版],DLC-BOOKSHATTER00003,v23shatteredmemories_bookinfo,JPN
psvdlc,PCSG00685,Deemo ~The Last Recital~,古树旋律：最终演奏 [中日文版],DLC-BOOKSHATTER00004,v24shatteredmemories_bookinfo,JPN
psvdlc,PCSG00685,Deemo ~The Last Recital~,古树旋律：最终演奏 [中日文版],DLC-BOOKSHATTER00005,v30shatteredmemories_bookinfo,JPN
psvdlc,PCSG00685,Deemo ~The Last Recital~,古树旋律：最终演奏 [中日文版],DLC-BOOKSHATTER00006,v31shatteredmemories_bookinfo,JPN
psvdlc,PCSG00685,Deemo ~The Last Recital~,古树旋律：最终演奏 [中日文版],DLC-BOOKYAMAJET00001,yamajet_bookinfo,JPN
psvdlc,PCSG00688,Himoutou! Umaru-Chan: Himoutou Ikusei Keikaku,干物妹小埋！干物妹育成计划 [日文版],DLC-UMARUCHANDLC0001,オリジナルコスチューム「アイドル衣装」,JPN
psvdlc,PCSG00688,Himoutou! Umaru-Chan: Himoutou Ikusei Keikaku,干物妹小埋！干物妹育成计划 [日文版],DLC-UMARUCHANDLC0002,オリジナルコスチューム「水着サンタ」,JPN
psvdlc,PCSG00689,To Love-Ru Trouble Darkness: True Princess,出包女王：真正的公主 [日文版],DLC-TOLOVERUTPDLC001,すけすけゴーグルくん,JPN
psvdlc,PCSG00689,To Love-Ru Trouble Darkness: True Princess,出包女王：真正的公主 [日文版],DLC-TOLOVERUTPDLC002,ナビボイス,JPN
psvdlc,PCSG00692,Samurai Warriors 4 Empires,战国无双 4 帝国 [日文版],DLC-SEN4EMPDLCCAS008,十二支特製軍旗セット,JPN
psvdlc,PCSG00692,Samurai Warriors 4 Empires,战国无双 4 帝国 [日文版],DLC-SEN4EMPDLCCAS006,居城特製壁紙セット,JPN
psvdlc,PCSG00694,Sophie no Atelier: Fushigi na Hon no Renkinjutsushi,苏菲的炼金工房：不可思议书的炼金术士 [日文版],DLC-BGMPACK3DAY1GUST,ソフィーのアトリエ ~不思議な本の錬金術士~ ガストスペシャルBGMパック,JPN
psvdlc,PCSG00694,Sophie no Atelier: Fushigi na Hon no Renkinjutsushi,苏菲的炼金工房：不可思议书的炼金术士 [日文版],DLC-DOLLMAKEPARTS005,ソフィーのアトリエ ~不思議な本の錬金術士~ ドールメイク衣装「シルヴァテイル」,JPN
psvdlc,PCSG00694,Sophie no Atelier: Fushigi na Hon no Renkinjutsushi,苏菲的炼金工房：不可思议书的炼金术士 [日文版],DLC-DOLLMAKEPARTS002,ソフィーのアトリエ ~不思議な本の錬金術士~ ドールメイク衣装「セイントナイツ」,JPN
psvdlc,PCSG00694,Sophie no Atelier: Fushigi na Hon no Renkinjutsushi,苏菲的炼金工房：不可思议书的炼金术士 [日文版],DLC-DOLLMAKEPARTS004,ソフィーのアトリエ ~不思議な本の錬金術士~ ドールメイク衣装「マスコッティ」,JPN
psvdlc,PCSG00694,Sophie no Atelier: Fushigi na Hon no Renkinjutsushi,苏菲的炼金工房：不可思议书的炼金术士 [日文版],DLC-DOLLMAKEPARTS003,ソフィーのアトリエ ~不思議な本の錬金術士~ ドールメイク衣装「レイディセイバー」,JPN
psvdlc,PCSG00694,Sophie no Atelier: Fushigi na Hon no Renkinjutsushi,苏菲的炼金工房：不可思议书的炼金术士 [日文版],DLC-DOLLMAKEPARTS006,ソフィーのアトリエ ~不思議な本の錬金術士~ ドールメイク衣装「ヴィオラージュ」,JPN
psvdlc,PCSG00694,Sophie no Atelier: Fushigi na Hon no Renkinjutsushi,苏菲的炼金工房：不可思议书的炼金术士 [日文版],DLC-ADDEVENT0FIRIS00,ソフィーのアトリエ ~不思議な本の錬金術士~ 追加イベント「後日談エピソード」,JPN
psvdlc,PCSG00694,Sophie no Atelier: Fushigi na Hon no Renkinjutsushi,苏菲的炼金工房：不可思议书的炼金术士 [日文版],DLC-ADDMAP00EXPARA00,ソフィーのアトリエ ~不思議な本の錬金術士~ 追加マップ「隠されし書架」,JPN
psvdlc,PCSG00695,Genkai Tokki: Moero Crystal,极限凸起 萌情水晶 [日文版],DLC-ADDCONTENTDLC003,お助けアイテムセット,JPN
psvdlc,PCSG00695,Genkai Tokki: Moero Crystal,极限凸起 萌情水晶 [日文版],DLC-ADDCONTENTDLC008,デビル,JPN
psvdlc,PCSG00695,Genkai Tokki: Moero Crystal,极限凸起 萌情水晶 [日文版],DLC-ADDCONTENTDLC000,8人娘裸♥フラッシュ下着,JPN
psvdlc,PCSG00697,Dragon Quest Builders,勇者斗恶龙创世小玩家：阿雷夫加尔德复兴记 [日文版],DLC-AC00000000000014,おおきな目のレシピ,JPN
psvdlc,PCSG00697,Dragon Quest Builders,勇者斗恶龙创世小玩家：阿雷夫加尔德复兴记 [日文版],DLC-AC00000000000007,しにがみのきし&よろいのきし軍団バトルチケット+魔法使い(男)の壁画の設計図,JPN
psvdlc,PCSG00697,Dragon Quest Builders,勇者斗恶龙创世小玩家：阿雷夫加尔德复兴记 [日文版],DLC-AC00000000000011,だいまどう&ドラキー軍団バトルチケット+戦士(女)の壁画の設計図,JPN
psvdlc,PCSG00697,Dragon Quest Builders,勇者斗恶龙创世小玩家：阿雷夫加尔德复兴记 [日文版],DLC-AC00000000000005,なつかしのカベのレシピ,JPN
psvdlc,PCSG00697,Dragon Quest Builders,勇者斗恶龙创世小玩家：阿雷夫加尔德复兴记 [日文版],DLC-AC00000000000004,なつかしのレンガのレシピ,JPN
psvdlc,PCSG00697,Dragon Quest Builders,勇者斗恶龙创世小玩家：阿雷夫加尔德复兴记 [日文版],DLC-AC00000000000006,なつかしの屋根のレシピ,JPN
psvdlc,PCSG00697,Dragon Quest Builders,勇者斗恶龙创世小玩家：阿雷夫加尔德复兴记 [日文版],DLC-AC00000000000003,なつかしの草原のレシピ,JPN
psvdlc,PCSG00697,Dragon Quest Builders,勇者斗恶龙创世小玩家：阿雷夫加尔德复兴记 [日文版],DLC-AC00000000000008,キラーマシン&メタルハンター軍団バトルチケット+賢者(女)の壁画の設計図,JPN
psvdlc,PCSG00697,Dragon Quest Builders,勇者斗恶龙创世小玩家：阿雷夫加尔德复兴记 [日文版],DLC-AC00000000000010,キラーリカント&ゴースト軍団バトルチケット+武闘家(女)の壁画の設計図,JPN
psvdlc,PCSG00697,Dragon Quest Builders,勇者斗恶龙创世小玩家：阿雷夫加尔德复兴记 [日文版],DLC-AC00000000000015,ゴールドブロックのレシピ,JPN
psvdlc,PCSG00697,Dragon Quest Builders,勇者斗恶龙创世小玩家：阿雷夫加尔德复兴记 [日文版],DLC-AC00000000000009,ゴールドマン&しりょうのきし軍団バトルチケット+僧侶(男)の壁画の設計図,JPN
psvdlc,PCSG00697,Dragon Quest Builders,勇者斗恶龙创世小玩家：阿雷夫加尔德复兴记 [日文版],DLC-AC00000000000002,スライムのカベのレシピ,JPN
psvdlc,PCSG00697,Dragon Quest Builders,勇者斗恶龙创世小玩家：阿雷夫加尔德复兴记 [日文版],DLC-AC00000000000012,ドラゴン&スライム軍団バトルチケット+勇者(男)の壁画の設計図,JPN
psvdlc,PCSG00697,Dragon Quest Builders,勇者斗恶龙创世小玩家：阿雷夫加尔德复兴记 [日文版],DLC-AC00000000000013,ホミロンの彫像のレシピ,JPN
psvdlc,PCSG00697,Dragon Quest Builders,勇者斗恶龙创世小玩家：阿雷夫加尔德复兴记 [日文版],DLC-AC00000000000001,花咲かの灰のレシピ,JPN
psvdlc,PCSG00699,Gal*Gun: Double Peace,少女射击：双剪刀 [日文版],DLC-GALGUNWDLC000009,ゴスネコのドレス 衣装セット,JPN
psvdlc,PCSG00699,Gal*Gun: Double Peace,少女射击：双剪刀 [日文版],DLC-GALGUNWDLC000019,愛眼型ニムエ 衣装セット,JPN
psvdlc,PCSG00701,Touhou Sky Arena: Gensoukyou Kuusen Hime Matsuri Climax (3.61+!) [3.65],东方天空竞技场：幻想空战姬 [需3.65及以上系统版本 | 日文版],DLC-AREZ0001TSAMCAD2,東方スカイアリーナ・プレイアブルキャラクター「豊聡耳神子」,JPN
psvdlc,PCSG00709,World of Final Fantasy,最终幻想世界 [英文版],DLC-WOFFVITASTAR0002,WORLD OF FINAL FANTASY  Champion Summon - Balthier,JPN
psvdlc,PCSG00709,World of Final Fantasy,最终幻想世界 [英文版],DLC-WOFFVITAVO000000,WORLD OF FINAL FANTASY  Voice Pack - JP (for PlayStation®Vita),JPN
psvdlc,PCSG00713,Hyakka Hyakurou: Sengoku Ninpoujou,百花百狼：战国忍法帖 [日文版],DLC-HYAKKAVITA05GOEM,百花百狼 ~戦国忍法帖~ 追加シナリオ 五右衛門,JPN
psvdlc,PCSG00713,Hyakka Hyakurou: Sengoku Ninpoujou,百花百狼：战国忍法帖 [日文版],DLC-HYAKKAVITA04HANZ,百花百狼 ~戦国忍法帖~ 追加シナリオ 半蔵,JPN
psvdlc,PCSG00713,Hyakka Hyakurou: Sengoku Ninpoujou,百花百狼：战国忍法帖 [日文版],DLC-HYAKKAVITA01GEKA,百花百狼 ~戦国忍法帖~ 追加シナリオ 月下丸,JPN
psvdlc,PCSG00713,Hyakka Hyakurou: Sengoku Ninpoujou,百花百狼：战国忍法帖 [日文版],DLC-HYAKKAVITA03CHOJ,百花百狼 ~戦国忍法帖~ 追加シナリオ 蝶治郎,JPN
psvdlc,PCSG00713,Hyakka Hyakurou: Sengoku Ninpoujou,百花百狼：战国忍法帖 [日文版],DLC-HYAKKAVITA02KURO,百花百狼 ~戦国忍法帖~ 追加シナリオ 黒雪,JPN
psvdlc,PCSG00718,Renai Revenge,恋爱复仇战 [日文版],DLC-LOVEREVADDCONT00,恋戦大喜利,JPN
psvdlc,PCSG00719,God Eater Resurrection,噬神者：解放重生 [日文版],DLC-GERESNPC00000017,Anothercharacter[ALISA_2],JPN
psvdlc,PCSG00719,God Eater Resurrection,噬神者：解放重生 [日文版],DLC-GERESNPC00000001,The first enclosure privilege[Another Character LINDOW],JPN
psvdlc,PCSG00719,God Eater Resurrection,噬神者：解放重生 [日文版],DLC-GERESOTHERS00001,The first enclosure privilege[LENKA Costume],JPN
psvdlc,PCSG00735,STORM LOVER V,风暴情人 V [日文版],DLC-SL1VPSVITA00UDUS,卯都木悠人 アフターストーリーセット,JPN
psvdlc,PCSG00735,STORM LOVER V,风暴情人 V [日文版],DLC-SL1VPSVITA02TORS,寅谷立夏 アフターストーリーセット,JPN
psvdlc,PCSG00735,STORM LOVER V,风暴情人 V [日文版],DLC-SL1VPSVITA03MISS,巳城タクミ アフターストーリーセット,JPN
psvdlc,PCSG00735,STORM LOVER V,风暴情人 V [日文版],DLC-SL1VPSVITA01MIKS,御子柴恭介 アフターストーリーセット,JPN
psvdlc,PCSG00735,STORM LOVER V,风暴情人 V [日文版],DLC-SL1VPSVITA05IKAS,猪狩澪 アフターストーリーセット,JPN
psvdlc,PCSG00735,STORM LOVER V,风暴情人 V [日文版],DLC-SL1VPSVITA07SUBS,相馬隆志・犬塚千尋 アフターストーリーセット,JPN
psvdlc,PCSG00735,STORM LOVER V,风暴情人 V [日文版],DLC-SL1VPSVITA04TATS,辰原奏矢 アフターストーリーセット,JPN
psvdlc,PCSG00735,STORM LOVER V,风暴情人 V [日文版],DLC-SL1VPSVITA06SUGS,酉水司 アフターストーリーセット,JPN
psvdlc,PCSG00736,STORM LOVER 2nd V,风暴情人 2 V [日文版],DLC-SL2VPSVITA00YAMS,一本松ヤマト アフターストーリーセット,JPN
psvdlc,PCSG00736,STORM LOVER 2nd V,风暴情人 2 V [日文版],DLC-SL2VPSVITA06SHIS,七尾椎名 アフターストーリーセット,JPN
psvdlc,PCSG00736,STORM LOVER 2nd V,风暴情人 2 V [日文版],DLC-SL2VPSVITA01MAKS,二宮真琴 アフターストーリーセット,JPN
psvdlc,PCSG00736,STORM LOVER 2nd V,风暴情人 2 V [日文版],DLC-SL2VPSVITA04KAZS,五十鈴一久 アフターストーリーセット,JPN
psvdlc,PCSG00736,STORM LOVER 2nd V,风暴情人 2 V [日文版],DLC-SL2VPSVITA07SUBS,八戸圭吾・十文字麻季 アフターストーリーセット,JPN
psvdlc,PCSG00736,STORM LOVER 2nd V,风暴情人 2 V [日文版],DLC-SL2VPSVITA03HARS,四谷陽斗 アフターストーリーセット,JPN
psvdlc,PCSG00736,STORM LOVER 2nd V,风暴情人 2 V [日文版],DLC-SL2VPSVITA02KOUS,朝参考太郎 アフターストーリーセット,JPN
psvdlc,PCSG00736,STORM LOVER 2nd V,风暴情人 2 V [日文版],DLC-SL2VPSVITA05RIKS,陸・F・ハビエル アフターストーリーセット,JPN
psvdlc,PCSG00738,Mobile Suit Gundam: Extreme VS-Force,机动战士高达：极限进化 VS 力量 [日文版],DLC-VSTAMISSION00000,Additional mission 「The Iron Flowers that Bloom on the Battlefield」,JPN
psvdlc,PCSG00758,Dengeki Bunko Fighting Climax IGNITION,电击文库：巅峰格斗者再燃 [日文版],DLC-DFCIGNITION00002,追加キャラクター「アコ」「ルシアン」,JPN
psvdlc,PCSG00758,Dengeki Bunko Fighting Climax IGNITION,电击文库：巅峰格斗者再燃 [日文版],DLC-DFCIGNITION00001,追加キャラクター「ユウキ」「レン」,JPN
psvdlc,PCSG00760,Gundam Breaker 3,高达破坏者 3 [日文版],DLC-GB3DLC0000000001,ガンダムブレイカー3DLC第1弾「RE -BREAK」,JPN
psvdlc,PCSG00771,DEAD OR ALIVE Xtreme 3 Venus,死或生：沙滩排球 3 [日文版],DLC-10DLC00020000000,「あさり」第13弾水着カタログ,JPN
psvdlc,PCSG00771,DEAD OR ALIVE Xtreme 3 Venus,死或生：沙滩排球 3 [日文版],DLC-12DLC00030000000,「すじこ」第22弾水着カタログ,JPN
psvdlc,PCSG00771,DEAD OR ALIVE Xtreme 3 Venus,死或生：沙滩排球 3 [日文版],DLC-07DLC00020000000,「たけのこ」第7弾水着カタログ,JPN
psvdlc,PCSG00771,DEAD OR ALIVE Xtreme 3 Venus,死或生：沙滩排球 3 [日文版],DLC-07DLC00010000000,「アロマ」第7弾水着カタログ,JPN
psvdlc,PCSG00771,DEAD OR ALIVE Xtreme 3 Venus,死或生：沙滩排球 3 [日文版],DLC-11DLC00020000000,「イソギンチャク」第19弾水着カタログ,JPN
psvdlc,PCSG00771,DEAD OR ALIVE Xtreme 3 Venus,死或生：沙滩排球 3 [日文版],DLC-08DLC00020000000,「イノセンス」第9弾水着カタログ,JPN
psvdlc,PCSG00771,DEAD OR ALIVE Xtreme 3 Venus,死或生：沙滩排球 3 [日文版],DLC-09DLC00030000000,「イリュージョン」第12弾水着カタログ,JPN
psvdlc,PCSG00771,DEAD OR ALIVE Xtreme 3 Venus,死或生：沙滩排球 3 [日文版],DLC-09DLC00040000000,「ウェイクアップ」第12弾水着カタログ,JPN
psvdlc,PCSG00771,DEAD OR ALIVE Xtreme 3 Venus,死或生：沙滩排球 3 [日文版],DLC-11DLC00040000000,「クリオネ」第15弾水着カタログ,JPN
psvdlc,PCSG00771,DEAD OR ALIVE Xtreme 3 Venus,死或生：沙滩排球 3 [日文版],DLC-11DLC00030000000,「クリニック」第16弾水着カタログ,JPN
psvdlc,PCSG00771,DEAD OR ALIVE Xtreme 3 Venus,死或生：沙滩排球 3 [日文版],DLC-12DLC00020000000,「サンタ」第18弾水着カタログ,JPN
psvdlc,PCSG00771,DEAD OR ALIVE Xtreme 3 Venus,死或生：沙滩排球 3 [日文版],DLC-08DLC00030000000,「サンドイッチ」第10弾水着カタログ,JPN
psvdlc,PCSG00771,DEAD OR ALIVE Xtreme 3 Venus,死或生：沙滩排球 3 [日文版],DLC-09DLC00010000000,「スイート」第11弾水着カタログ,JPN
psvdlc,PCSG00771,DEAD OR ALIVE Xtreme 3 Venus,死或生：沙滩排球 3 [日文版],DLC-08DLC00040000000,「ディカプル」第10弾水着カタログ,JPN
psvdlc,PCSG00771,DEAD OR ALIVE Xtreme 3 Venus,死或生：沙滩排球 3 [日文版],DLC-07DLC00040000000,「パフ」第8弾水着カタログ,JPN
psvdlc,PCSG00771,DEAD OR ALIVE Xtreme 3 Venus,死或生：沙滩排球 3 [日文版],DLC-12DLC00040000000,「ビスケット」第17弾水着カタログ,JPN
psvdlc,PCSG00771,DEAD OR ALIVE Xtreme 3 Venus,死或生：沙滩排球 3 [日文版],DLC-10DLC00030000000,「ピスタチオ」第14弾水着カタログ,JPN
psvdlc,PCSG00771,DEAD OR ALIVE Xtreme 3 Venus,死或生：沙滩排球 3 [日文版],DLC-12DLC00010000000,「フォー・ユー」第21弾水着カタログ,JPN
psvdlc,PCSG00771,DEAD OR ALIVE Xtreme 3 Venus,死或生：沙滩排球 3 [日文版],DLC-10DLC00040000000,「ホタテ」第14弾水着カタログ,JPN
psvdlc,PCSG00771,DEAD OR ALIVE Xtreme 3 Venus,死或生：沙滩排球 3 [日文版],DLC-10DLC00010000000,「マミィ」第13弾水着カタログ,JPN
psvdlc,PCSG00771,DEAD OR ALIVE Xtreme 3 Venus,死或生：沙滩排球 3 [日文版],DLC-11DLC00010000000,「マンボウ」第20弾水着カタログ,JPN
psvdlc,PCSG00771,DEAD OR ALIVE Xtreme 3 Venus,死或生：沙滩排球 3 [日文版],DLC-09DLC00020000000,「ミルズメス」第11弾水着カタログ,JPN
psvdlc,PCSG00771,DEAD OR ALIVE Xtreme 3 Venus,死或生：沙滩排球 3 [日文版],DLC-08DLC00010000000,「ワイルド」第9弾水着カタログ,JPN
psvdlc,PCSG00771,DEAD OR ALIVE Xtreme 3 Venus,死或生：沙滩排球 3 [日文版],DLC-07DLC00030000000,「ワッフル」第8弾水着カタログ,JPN
psvdlc,PCSG00771,DEAD OR ALIVE Xtreme 3 Venus,死或生：沙滩排球 3 [日文版],DLC-09DLC00070000000,スタジオ「ソフマップ」,JPN
psvdlc,PCSG00771,DEAD OR ALIVE Xtreme 3 Venus,死或生：沙滩排球 3 [日文版],DLC-09DLC00060000000,スタジオ「HMV」,JPN
psvdlc,PCSG00781,RecoLove: Blue Ocean (3.61+!) [3.61],真爱记录：蓝色海洋 [需3.61及以上系统版本 | 日文版],DLC-RECOLOVE00000286,はいつくばる,JPN
psvdlc,PCSG00781,RecoLove: Blue Ocean (3.61+!) [3.61],真爱记录：蓝色海洋 [需3.61及以上系统版本 | 日文版],DLC-RECOLOVE00000279,アメをなめる,JPN
psvdlc,PCSG00781,RecoLove: Blue Ocean (3.61+!) [3.61],真爱记录：蓝色海洋 [需3.61及以上系统版本 | 日文版],DLC-RECOLOVE00000298,カラオケ,JPN
psvdlc,PCSG00781,RecoLove: Blue Ocean (3.61+!) [3.61],真爱记录：蓝色海洋 [需3.61及以上系统版本 | 日文版],DLC-RECOLOVE00000026,カラーサマードレス マリアーナ・プリンシラ,JPN
psvdlc,PCSG00781,RecoLove: Blue Ocean (3.61+!) [3.61],真爱记录：蓝色海洋 [需3.61及以上系统版本 | 日文版],DLC-RECOLOVE00000035,カラーサマードレス 五十鈴心美,JPN
psvdlc,PCSG00781,RecoLove: Blue Ocean (3.61+!) [3.61],真爱记录：蓝色海洋 [需3.61及以上系统版本 | 日文版],DLC-RECOLOVE00000027,カラーサマードレス 反町莉子,JPN
psvdlc,PCSG00781,RecoLove: Blue Ocean (3.61+!) [3.61],真爱记录：蓝色海洋 [需3.61及以上系统版本 | 日文版],DLC-RECOLOVE00000030,カラーサマードレス 妃月凜世,JPN
psvdlc,PCSG00781,RecoLove: Blue Ocean (3.61+!) [3.61],真爱记录：蓝色海洋 [需3.61及以上系统版本 | 日文版],DLC-RECOLOVE00000028,カラーサマードレス 御前渚紗,JPN
psvdlc,PCSG00781,RecoLove: Blue Ocean (3.61+!) [3.61],真爱记录：蓝色海洋 [需3.61及以上系统版本 | 日文版],DLC-RECOLOVE00000025,カラーサマードレス 相良美宇,JPN
psvdlc,PCSG00781,RecoLove: Blue Ocean (3.61+!) [3.61],真爱记录：蓝色海洋 [需3.61及以上系统版本 | 日文版],DLC-RECOLOVE00000033,カラーサマードレス 真奈,JPN
psvdlc,PCSG00781,RecoLove: Blue Ocean (3.61+!) [3.61],真爱记录：蓝色海洋 [需3.61及以上系统版本 | 日文版],DLC-RECOLOVE00000034,カラーサマードレス 結菜,JPN
psvdlc,PCSG00781,RecoLove: Blue Ocean (3.61+!) [3.61],真爱记录：蓝色海洋 [需3.61及以上系统版本 | 日文版],DLC-RECOLOVE00000031,カラーサマードレス 藍田美由璃,JPN
psvdlc,PCSG00781,RecoLove: Blue Ocean (3.61+!) [3.61],真爱记录：蓝色海洋 [需3.61及以上系统版本 | 日文版],DLC-RECOLOVE00000029,カラーサマードレス 鳴瀬まひろ,JPN
psvdlc,PCSG00781,RecoLove: Blue Ocean (3.61+!) [3.61],真爱记录：蓝色海洋 [需3.61及以上系统版本 | 日文版],DLC-RECOLOVE00000246,カラーバンドゥビキニ マリアーナ・プリンシラ,JPN
psvdlc,PCSG00781,RecoLove: Blue Ocean (3.61+!) [3.61],真爱记录：蓝色海洋 [需3.61及以上系统版本 | 日文版],DLC-RECOLOVE00000255,カラーバンドゥビキニ 五十鈴心美,JPN
psvdlc,PCSG00781,RecoLove: Blue Ocean (3.61+!) [3.61],真爱记录：蓝色海洋 [需3.61及以上系统版本 | 日文版],DLC-RECOLOVE00000247,カラーバンドゥビキニ 反町莉子,JPN
psvdlc,PCSG00781,RecoLove: Blue Ocean (3.61+!) [3.61],真爱记录：蓝色海洋 [需3.61及以上系统版本 | 日文版],DLC-RECOLOVE00000250,カラーバンドゥビキニ 妃月凜世,JPN
psvdlc,PCSG00781,RecoLove: Blue Ocean (3.61+!) [3.61],真爱记录：蓝色海洋 [需3.61及以上系统版本 | 日文版],DLC-RECOLOVE00000248,カラーバンドゥビキニ 御前渚紗,JPN
psvdlc,PCSG00781,RecoLove: Blue Ocean (3.61+!) [3.61],真爱记录：蓝色海洋 [需3.61及以上系统版本 | 日文版],DLC-RECOLOVE00000245,カラーバンドゥビキニ 相良美宇,JPN
psvdlc,PCSG00781,RecoLove: Blue Ocean (3.61+!) [3.61],真爱记录：蓝色海洋 [需3.61及以上系统版本 | 日文版],DLC-RECOLOVE00000253,カラーバンドゥビキニ 真奈,JPN
psvdlc,PCSG00781,RecoLove: Blue Ocean (3.61+!) [3.61],真爱记录：蓝色海洋 [需3.61及以上系统版本 | 日文版],DLC-RECOLOVE00000254,カラーバンドゥビキニ 結菜,JPN
psvdlc,PCSG00781,RecoLove: Blue Ocean (3.61+!) [3.61],真爱记录：蓝色海洋 [需3.61及以上系统版本 | 日文版],DLC-RECOLOVE00000251,カラーバンドゥビキニ 藍田美由璃,JPN
psvdlc,PCSG00781,RecoLove: Blue Ocean (3.61+!) [3.61],真爱记录：蓝色海洋 [需3.61及以上系统版本 | 日文版],DLC-RECOLOVE00000249,カラーバンドゥビキニ 鳴瀬まひろ,JPN
psvdlc,PCSG00781,RecoLove: Blue Ocean (3.61+!) [3.61],真爱记录：蓝色海洋 [需3.61及以上系统版本 | 日文版],DLC-RECOLOVE00000289,スクワット,JPN
psvdlc,PCSG00781,RecoLove: Blue Ocean (3.61+!) [3.61],真爱记录：蓝色海洋 [需3.61及以上系统版本 | 日文版],DLC-RECOLOVE00000296,ストレッチ,JPN
psvdlc,PCSG00781,RecoLove: Blue Ocean (3.61+!) [3.61],真爱记录：蓝色海洋 [需3.61及以上系统版本 | 日文版],DLC-RECOLOVE00000281,ダンス3,JPN
psvdlc,PCSG00781,RecoLove: Blue Ocean (3.61+!) [3.61],真爱记录：蓝色海洋 [需3.61及以上系统版本 | 日文版],DLC-RECOLOVE00000284,ダンス4,JPN
psvdlc,PCSG00781,RecoLove: Blue Ocean (3.61+!) [3.61],真爱记录：蓝色海洋 [需3.61及以上系统版本 | 日文版],DLC-RECOLOVE00000299,ハイキック,JPN
psvdlc,PCSG00781,RecoLove: Blue Ocean (3.61+!) [3.61],真爱记录：蓝色海洋 [需3.61及以上系统版本 | 日文版],DLC-RECOLOVE00000292,バスタオルめくり,JPN
psvdlc,PCSG00781,RecoLove: Blue Ocean (3.61+!) [3.61],真爱记录：蓝色海洋 [需3.61及以上系统版本 | 日文版],DLC-RECOLOVE00000291,バランスボール,JPN
psvdlc,PCSG00781,RecoLove: Blue Ocean (3.61+!) [3.61],真爱记录：蓝色海洋 [需3.61及以上系统版本 | 日文版],DLC-RECOLOVE00000288,パレオ上げ1,JPN
psvdlc,PCSG00781,RecoLove: Blue Ocean (3.61+!) [3.61],真爱记录：蓝色海洋 [需3.61及以上系统版本 | 日文版],DLC-RECOLOVE00000293,パレオ上げ2,JPN
psvdlc,PCSG00781,RecoLove: Blue Ocean (3.61+!) [3.61],真爱记录：蓝色海洋 [需3.61及以上系统版本 | 日文版],DLC-RECOLOVE00000235,フラワーバンドゥビキニ マリアーナ・プリンシラ,JPN
psvdlc,PCSG00781,RecoLove: Blue Ocean (3.61+!) [3.61],真爱记录：蓝色海洋 [需3.61及以上系统版本 | 日文版],DLC-RECOLOVE00000244,フラワーバンドゥビキニ 五十鈴心美,JPN
psvdlc,PCSG00781,RecoLove: Blue Ocean (3.61+!) [3.61],真爱记录：蓝色海洋 [需3.61及以上系统版本 | 日文版],DLC-RECOLOVE00000236,フラワーバンドゥビキニ 反町莉子,JPN
psvdlc,PCSG00781,RecoLove: Blue Ocean (3.61+!) [3.61],真爱记录：蓝色海洋 [需3.61及以上系统版本 | 日文版],DLC-RECOLOVE00000239,フラワーバンドゥビキニ 妃月凜世,JPN
psvdlc,PCSG00781,RecoLove: Blue Ocean (3.61+!) [3.61],真爱记录：蓝色海洋 [需3.61及以上系统版本 | 日文版],DLC-RECOLOVE00000237,フラワーバンドゥビキニ 御前渚紗,JPN
psvdlc,PCSG00781,RecoLove: Blue Ocean (3.61+!) [3.61],真爱记录：蓝色海洋 [需3.61及以上系统版本 | 日文版],DLC-RECOLOVE00000234,フラワーバンドゥビキニ 相良美宇,JPN
psvdlc,PCSG00781,RecoLove: Blue Ocean (3.61+!) [3.61],真爱记录：蓝色海洋 [需3.61及以上系统版本 | 日文版],DLC-RECOLOVE00000242,フラワーバンドゥビキニ 真奈,JPN
psvdlc,PCSG00781,RecoLove: Blue Ocean (3.61+!) [3.61],真爱记录：蓝色海洋 [需3.61及以上系统版本 | 日文版],DLC-RECOLOVE00000243,フラワーバンドゥビキニ 結菜,JPN
psvdlc,PCSG00781,RecoLove: Blue Ocean (3.61+!) [3.61],真爱记录：蓝色海洋 [需3.61及以上系统版本 | 日文版],DLC-RECOLOVE00000240,フラワーバンドゥビキニ 藍田美由璃,JPN
psvdlc,PCSG00781,RecoLove: Blue Ocean (3.61+!) [3.61],真爱记录：蓝色海洋 [需3.61及以上系统版本 | 日文版],DLC-RECOLOVE00000238,フラワーバンドゥビキニ 鳴瀬まひろ,JPN
psvdlc,PCSG00781,RecoLove: Blue Ocean (3.61+!) [3.61],真爱记录：蓝色海洋 [需3.61及以上系统版本 | 日文版],DLC-RECOLOVE00000158,ブラックエンジェル マリアーナ・プリンシラ,JPN
psvdlc,PCSG00781,RecoLove: Blue Ocean (3.61+!) [3.61],真爱记录：蓝色海洋 [需3.61及以上系统版本 | 日文版],DLC-RECOLOVE00000167,ブラックエンジェル 五十鈴心美,JPN
psvdlc,PCSG00781,RecoLove: Blue Ocean (3.61+!) [3.61],真爱记录：蓝色海洋 [需3.61及以上系统版本 | 日文版],DLC-RECOLOVE00000159,ブラックエンジェル 反町莉子,JPN
psvdlc,PCSG00781,RecoLove: Blue Ocean (3.61+!) [3.61],真爱记录：蓝色海洋 [需3.61及以上系统版本 | 日文版],DLC-RECOLOVE00000162,ブラックエンジェル 妃月凜世,JPN
psvdlc,PCSG00781,RecoLove: Blue Ocean (3.61+!) [3.61],真爱记录：蓝色海洋 [需3.61及以上系统版本 | 日文版],DLC-RECOLOVE00000160,ブラックエンジェル 御前渚紗,JPN
psvdlc,PCSG00781,RecoLove: Blue Ocean (3.61+!) [3.61],真爱记录：蓝色海洋 [需3.61及以上系统版本 | 日文版],DLC-RECOLOVE00000157,ブラックエンジェル 相良美宇,JPN
psvdlc,PCSG00781,RecoLove: Blue Ocean (3.61+!) [3.61],真爱记录：蓝色海洋 [需3.61及以上系统版本 | 日文版],DLC-RECOLOVE00000165,ブラックエンジェル 真奈,JPN
psvdlc,PCSG00781,RecoLove: Blue Ocean (3.61+!) [3.61],真爱记录：蓝色海洋 [需3.61及以上系统版本 | 日文版],DLC-RECOLOVE00000166,ブラックエンジェル 結菜,JPN
psvdlc,PCSG00781,RecoLove: Blue Ocean (3.61+!) [3.61],真爱记录：蓝色海洋 [需3.61及以上系统版本 | 日文版],DLC-RECOLOVE00000163,ブラックエンジェル 藍田美由璃,JPN
psvdlc,PCSG00781,RecoLove: Blue Ocean (3.61+!) [3.61],真爱记录：蓝色海洋 [需3.61及以上系统版本 | 日文版],DLC-RECOLOVE00000161,ブラックエンジェル 鳴瀬まひろ,JPN
psvdlc,PCSG00781,RecoLove: Blue Ocean (3.61+!) [3.61],真爱记录：蓝色海洋 [需3.61及以上系统版本 | 日文版],DLC-RECOLOVE00000915,ブラックバニー 全キャラパック,JPN
psvdlc,PCSG00781,RecoLove: Blue Ocean (3.61+!) [3.61],真爱记录：蓝色海洋 [需3.61及以上系统版本 | 日文版],DLC-RECOLOVE00000013,ブルマ体操服エンジ,JPN
psvdlc,PCSG00781,RecoLove: Blue Ocean (3.61+!) [3.61],真爱记录：蓝色海洋 [需3.61及以上系统版本 | 日文版],DLC-RECOLOVE00000147,ホワイトエンジェル マリアーナ・プリンシラ,JPN
psvdlc,PCSG00781,RecoLove: Blue Ocean (3.61+!) [3.61],真爱记录：蓝色海洋 [需3.61及以上系统版本 | 日文版],DLC-RECOLOVE00000156,ホワイトエンジェル 五十鈴心美,JPN
psvdlc,PCSG00781,RecoLove: Blue Ocean (3.61+!) [3.61],真爱记录：蓝色海洋 [需3.61及以上系统版本 | 日文版],DLC-RECOLOVE00000148,ホワイトエンジェル 反町莉子,JPN
psvdlc,PCSG00781,RecoLove: Blue Ocean (3.61+!) [3.61],真爱记录：蓝色海洋 [需3.61及以上系统版本 | 日文版],DLC-RECOLOVE00000151,ホワイトエンジェル 妃月凜世,JPN
psvdlc,PCSG00781,RecoLove: Blue Ocean (3.61+!) [3.61],真爱记录：蓝色海洋 [需3.61及以上系统版本 | 日文版],DLC-RECOLOVE00000149,ホワイトエンジェル 御前渚紗,JPN
psvdlc,PCSG00781,RecoLove: Blue Ocean (3.61+!) [3.61],真爱记录：蓝色海洋 [需3.61及以上系统版本 | 日文版],DLC-RECOLOVE00000146,ホワイトエンジェル 相良美宇,JPN
psvdlc,PCSG00781,RecoLove: Blue Ocean (3.61+!) [3.61],真爱记录：蓝色海洋 [需3.61及以上系统版本 | 日文版],DLC-RECOLOVE00000154,ホワイトエンジェル 真奈,JPN
psvdlc,PCSG00781,RecoLove: Blue Ocean (3.61+!) [3.61],真爱记录：蓝色海洋 [需3.61及以上系统版本 | 日文版],DLC-RECOLOVE00000155,ホワイトエンジェル 結菜,JPN
psvdlc,PCSG00781,RecoLove: Blue Ocean (3.61+!) [3.61],真爱记录：蓝色海洋 [需3.61及以上系统版本 | 日文版],DLC-RECOLOVE00000152,ホワイトエンジェル 藍田美由璃,JPN
psvdlc,PCSG00781,RecoLove: Blue Ocean (3.61+!) [3.61],真爱记录：蓝色海洋 [需3.61及以上系统版本 | 日文版],DLC-RECOLOVE00000150,ホワイトエンジェル 鳴瀬まひろ,JPN
psvdlc,PCSG00781,RecoLove: Blue Ocean (3.61+!) [3.61],真爱记录：蓝色海洋 [需3.61及以上系统版本 | 日文版],DLC-RECOLOVE00000015,ホワイトサマードレス マリアーナ・プリンシラ,JPN
psvdlc,PCSG00781,RecoLove: Blue Ocean (3.61+!) [3.61],真爱记录：蓝色海洋 [需3.61及以上系统版本 | 日文版],DLC-RECOLOVE00000024,ホワイトサマードレス 五十鈴心美,JPN
psvdlc,PCSG00781,RecoLove: Blue Ocean (3.61+!) [3.61],真爱记录：蓝色海洋 [需3.61及以上系统版本 | 日文版],DLC-RECOLOVE00000016,ホワイトサマードレス 反町莉子,JPN
psvdlc,PCSG00781,RecoLove: Blue Ocean (3.61+!) [3.61],真爱记录：蓝色海洋 [需3.61及以上系统版本 | 日文版],DLC-RECOLOVE00000019,ホワイトサマードレス 妃月凜世,JPN
psvdlc,PCSG00781,RecoLove: Blue Ocean (3.61+!) [3.61],真爱记录：蓝色海洋 [需3.61及以上系统版本 | 日文版],DLC-RECOLOVE00000017,ホワイトサマードレス 御前渚紗,JPN
psvdlc,PCSG00781,RecoLove: Blue Ocean (3.61+!) [3.61],真爱记录：蓝色海洋 [需3.61及以上系统版本 | 日文版],DLC-RECOLOVE00000014,ホワイトサマードレス 相良美宇,JPN
psvdlc,PCSG00781,RecoLove: Blue Ocean (3.61+!) [3.61],真爱记录：蓝色海洋 [需3.61及以上系统版本 | 日文版],DLC-RECOLOVE00000022,ホワイトサマードレス 真奈,JPN
psvdlc,PCSG00781,RecoLove: Blue Ocean (3.61+!) [3.61],真爱记录：蓝色海洋 [需3.61及以上系统版本 | 日文版],DLC-RECOLOVE00000023,ホワイトサマードレス 結菜,JPN
psvdlc,PCSG00781,RecoLove: Blue Ocean (3.61+!) [3.61],真爱记录：蓝色海洋 [需3.61及以上系统版本 | 日文版],DLC-RECOLOVE00000020,ホワイトサマードレス 藍田美由璃,JPN
psvdlc,PCSG00781,RecoLove: Blue Ocean (3.61+!) [3.61],真爱记录：蓝色海洋 [需3.61及以上系统版本 | 日文版],DLC-RECOLOVE00000018,ホワイトサマードレス 鳴瀬まひろ,JPN
psvdlc,PCSG00781,RecoLove: Blue Ocean (3.61+!) [3.61],真爱记录：蓝色海洋 [需3.61及以上系统版本 | 日文版],DLC-RECOLOVE00000908,ホワイトタイトウエア 全キャラパック,JPN
psvdlc,PCSG00781,RecoLove: Blue Ocean (3.61+!) [3.61],真爱记录：蓝色海洋 [需3.61及以上系统版本 | 日文版],DLC-RECOLOVE00000914,ホワイトバニー 全キャラパック,JPN
psvdlc,PCSG00781,RecoLove: Blue Ocean (3.61+!) [3.61],真爱记录：蓝色海洋 [需3.61及以上系统版本 | 日文版],DLC-RECOLOVE00000213,ホワイト競泳水着 マリアーナ・プリンシラ,JPN
psvdlc,PCSG00781,RecoLove: Blue Ocean (3.61+!) [3.61],真爱记录：蓝色海洋 [需3.61及以上系统版本 | 日文版],DLC-RECOLOVE00000222,ホワイト競泳水着 五十鈴心美,JPN
psvdlc,PCSG00781,RecoLove: Blue Ocean (3.61+!) [3.61],真爱记录：蓝色海洋 [需3.61及以上系统版本 | 日文版],DLC-RECOLOVE00000214,ホワイト競泳水着 反町莉子,JPN
psvdlc,PCSG00781,RecoLove: Blue Ocean (3.61+!) [3.61],真爱记录：蓝色海洋 [需3.61及以上系统版本 | 日文版],DLC-RECOLOVE00000217,ホワイト競泳水着 妃月凜世,JPN
psvdlc,PCSG00781,RecoLove: Blue Ocean (3.61+!) [3.61],真爱记录：蓝色海洋 [需3.61及以上系统版本 | 日文版],DLC-RECOLOVE00000215,ホワイト競泳水着 御前渚紗,JPN
psvdlc,PCSG00781,RecoLove: Blue Ocean (3.61+!) [3.61],真爱记录：蓝色海洋 [需3.61及以上系统版本 | 日文版],DLC-RECOLOVE00000212,ホワイト競泳水着 相良美宇,JPN
psvdlc,PCSG00781,RecoLove: Blue Ocean (3.61+!) [3.61],真爱记录：蓝色海洋 [需3.61及以上系统版本 | 日文版],DLC-RECOLOVE00000220,ホワイト競泳水着 真奈,JPN
psvdlc,PCSG00781,RecoLove: Blue Ocean (3.61+!) [3.61],真爱记录：蓝色海洋 [需3.61及以上系统版本 | 日文版],DLC-RECOLOVE00000221,ホワイト競泳水着 結菜,JPN
psvdlc,PCSG00781,RecoLove: Blue Ocean (3.61+!) [3.61],真爱记录：蓝色海洋 [需3.61及以上系统版本 | 日文版],DLC-RECOLOVE00000218,ホワイト競泳水着 藍田美由璃,JPN
psvdlc,PCSG00781,RecoLove: Blue Ocean (3.61+!) [3.61],真爱记录：蓝色海洋 [需3.61及以上系统版本 | 日文版],DLC-RECOLOVE00000216,ホワイト競泳水着 鳴瀬まひろ,JPN
psvdlc,PCSG00781,RecoLove: Blue Ocean (3.61+!) [3.61],真爱记录：蓝色海洋 [需3.61及以上系统版本 | 日文版],DLC-RECOLOVE00000280,モデルポーズ4,JPN
psvdlc,PCSG00781,RecoLove: Blue Ocean (3.61+!) [3.61],真爱记录：蓝色海洋 [需3.61及以上系统版本 | 日文版],DLC-RECOLOVE00000282,モデルポーズ5,JPN
psvdlc,PCSG00781,RecoLove: Blue Ocean (3.61+!) [3.61],真爱记录：蓝色海洋 [需3.61及以上系统版本 | 日文版],DLC-RECOLOVE00000283,モデルポーズ6,JPN
psvdlc,PCSG00781,RecoLove: Blue Ocean (3.61+!) [3.61],真爱记录：蓝色海洋 [需3.61及以上系统版本 | 日文版],DLC-RECOLOVE00000009,五十鈴心美 シナリオB Blue Ocean対応,JPN
psvdlc,PCSG00781,RecoLove: Blue Ocean (3.61+!) [3.61],真爱记录：蓝色海洋 [需3.61及以上系统版本 | 日文版],DLC-RECOLOVE00000290,前屈,JPN
psvdlc,PCSG00781,RecoLove: Blue Ocean (3.61+!) [3.61],真爱记录：蓝色海洋 [需3.61及以上系统版本 | 日文版],DLC-RECOLOVE00000287,寝転んで悶える,JPN
psvdlc,PCSG00781,RecoLove: Blue Ocean (3.61+!) [3.61],真爱记录：蓝色海洋 [需3.61及以上系统版本 | 日文版],DLC-RECOLOVE00000285,座りながら足バタバタ,JPN
psvdlc,PCSG00781,RecoLove: Blue Ocean (3.61+!) [3.61],真爱记录：蓝色海洋 [需3.61及以上系统版本 | 日文版],DLC-RECOLOVE00000278,横飛びステップ,JPN
psvdlc,PCSG00781,RecoLove: Blue Ocean (3.61+!) [3.61],真爱记录：蓝色海洋 [需3.61及以上系统版本 | 日文版],DLC-RECOLOVE00000007,真奈 シナリオB Blue Ocean対応,JPN
psvdlc,PCSG00781,RecoLove: Blue Ocean (3.61+!) [3.61],真爱记录：蓝色海洋 [需3.61及以上系统版本 | 日文版],DLC-RECOLOVE00000008,結菜 シナリオB Blue Ocean対応,JPN
psvdlc,PCSG00781,RecoLove: Blue Ocean (3.61+!) [3.61],真爱记录：蓝色海洋 [需3.61及以上系统版本 | 日文版],DLC-RECOLOVE00000295,耳抜き,JPN
psvdlc,PCSG00781,RecoLove: Blue Ocean (3.61+!) [3.61],真爱记录：蓝色海洋 [需3.61及以上系统版本 | 日文版],DLC-RECOLOVE00000005,藍田美由璃 シナリオB,JPN
psvdlc,PCSG00781,RecoLove: Blue Ocean (3.61+!) [3.61],真爱记录：蓝色海洋 [需3.61及以上系统版本 | 日文版],DLC-RECOLOVE00000294,送風機,JPN
psvdlc,PCSG00781,RecoLove: Blue Ocean (3.61+!) [3.61],真爱记录：蓝色海洋 [需3.61及以上系统版本 | 日文版],DLC-RECOLOVE00000297,鉄棒逆上がり,JPN
psvdlc,PCSG00782,RecoLove: Gold Beach (3.61+!) [3.61],真爱记录：金色沙滩 [需3.61及以上系统版本 | 日文版],DLC-RECOLOVE00000286,はいつくばる,JPN
psvdlc,PCSG00782,RecoLove: Gold Beach (3.61+!) [3.61],真爱记录：金色沙滩 [需3.61及以上系统版本 | 日文版],DLC-RECOLOVE00000279,アメをなめる,JPN
psvdlc,PCSG00782,RecoLove: Gold Beach (3.61+!) [3.61],真爱记录：金色沙滩 [需3.61及以上系统版本 | 日文版],DLC-RECOLOVE00000298,カラオケ,JPN
psvdlc,PCSG00782,RecoLove: Gold Beach (3.61+!) [3.61],真爱记录：金色沙滩 [需3.61及以上系统版本 | 日文版],DLC-RECOLOVE00000026,カラーサマードレス マリアーナ・プリンシラ,JPN
psvdlc,PCSG00782,RecoLove: Gold Beach (3.61+!) [3.61],真爱记录：金色沙滩 [需3.61及以上系统版本 | 日文版],DLC-RECOLOVE00000035,カラーサマードレス 五十鈴心美,JPN
psvdlc,PCSG00782,RecoLove: Gold Beach (3.61+!) [3.61],真爱记录：金色沙滩 [需3.61及以上系统版本 | 日文版],DLC-RECOLOVE00000032,カラーサマードレス 内魔悠子,JPN
psvdlc,PCSG00782,RecoLove: Gold Beach (3.61+!) [3.61],真爱记录：金色沙滩 [需3.61及以上系统版本 | 日文版],DLC-RECOLOVE00000027,カラーサマードレス 反町莉子,JPN
psvdlc,PCSG00782,RecoLove: Gold Beach (3.61+!) [3.61],真爱记录：金色沙滩 [需3.61及以上系统版本 | 日文版],DLC-RECOLOVE00000030,カラーサマードレス 妃月凜世,JPN
psvdlc,PCSG00782,RecoLove: Gold Beach (3.61+!) [3.61],真爱记录：金色沙滩 [需3.61及以上系统版本 | 日文版],DLC-RECOLOVE00000028,カラーサマードレス 御前渚紗,JPN
psvdlc,PCSG00782,RecoLove: Gold Beach (3.61+!) [3.61],真爱记录：金色沙滩 [需3.61及以上系统版本 | 日文版],DLC-RECOLOVE00000025,カラーサマードレス 相良美宇,JPN
psvdlc,PCSG00782,RecoLove: Gold Beach (3.61+!) [3.61],真爱记录：金色沙滩 [需3.61及以上系统版本 | 日文版],DLC-RECOLOVE00000033,カラーサマードレス 真奈,JPN
psvdlc,PCSG00782,RecoLove: Gold Beach (3.61+!) [3.61],真爱记录：金色沙滩 [需3.61及以上系统版本 | 日文版],DLC-RECOLOVE00000034,カラーサマードレス 結菜,JPN
psvdlc,PCSG00782,RecoLove: Gold Beach (3.61+!) [3.61],真爱记录：金色沙滩 [需3.61及以上系统版本 | 日文版],DLC-RECOLOVE00000029,カラーサマードレス 鳴瀬まひろ,JPN
psvdlc,PCSG00782,RecoLove: Gold Beach (3.61+!) [3.61],真爱记录：金色沙滩 [需3.61及以上系统版本 | 日文版],DLC-RECOLOVE00000246,カラーバンドゥビキニ マリアーナ・プリンシラ,JPN
psvdlc,PCSG00782,RecoLove: Gold Beach (3.61+!) [3.61],真爱记录：金色沙滩 [需3.61及以上系统版本 | 日文版],DLC-RECOLOVE00000255,カラーバンドゥビキニ 五十鈴心美,JPN
psvdlc,PCSG00782,RecoLove: Gold Beach (3.61+!) [3.61],真爱记录：金色沙滩 [需3.61及以上系统版本 | 日文版],DLC-RECOLOVE00000252,カラーバンドゥビキニ 内魔悠子,JPN
psvdlc,PCSG00782,RecoLove: Gold Beach (3.61+!) [3.61],真爱记录：金色沙滩 [需3.61及以上系统版本 | 日文版],DLC-RECOLOVE00000247,カラーバンドゥビキニ 反町莉子,JPN
psvdlc,PCSG00782,RecoLove: Gold Beach (3.61+!) [3.61],真爱记录：金色沙滩 [需3.61及以上系统版本 | 日文版],DLC-RECOLOVE00000250,カラーバンドゥビキニ 妃月凜世,JPN
psvdlc,PCSG00782,RecoLove: Gold Beach (3.61+!) [3.61],真爱记录：金色沙滩 [需3.61及以上系统版本 | 日文版],DLC-RECOLOVE00000248,カラーバンドゥビキニ 御前渚紗,JPN
psvdlc,PCSG00782,RecoLove: Gold Beach (3.61+!) [3.61],真爱记录：金色沙滩 [需3.61及以上系统版本 | 日文版],DLC-RECOLOVE00000245,カラーバンドゥビキニ 相良美宇,JPN
psvdlc,PCSG00782,RecoLove: Gold Beach (3.61+!) [3.61],真爱记录：金色沙滩 [需3.61及以上系统版本 | 日文版],DLC-RECOLOVE00000253,カラーバンドゥビキニ 真奈,JPN
psvdlc,PCSG00782,RecoLove: Gold Beach (3.61+!) [3.61],真爱记录：金色沙滩 [需3.61及以上系统版本 | 日文版],DLC-RECOLOVE00000254,カラーバンドゥビキニ 結菜,JPN
psvdlc,PCSG00782,RecoLove: Gold Beach (3.61+!) [3.61],真爱记录：金色沙滩 [需3.61及以上系统版本 | 日文版],DLC-RECOLOVE00000249,カラーバンドゥビキニ 鳴瀬まひろ,JPN
psvdlc,PCSG00782,RecoLove: Gold Beach (3.61+!) [3.61],真爱记录：金色沙滩 [需3.61及以上系统版本 | 日文版],DLC-RECOLOVE00000289,スクワット,JPN
psvdlc,PCSG00782,RecoLove: Gold Beach (3.61+!) [3.61],真爱记录：金色沙滩 [需3.61及以上系统版本 | 日文版],DLC-RECOLOVE00000296,ストレッチ,JPN
psvdlc,PCSG00782,RecoLove: Gold Beach (3.61+!) [3.61],真爱记录：金色沙滩 [需3.61及以上系统版本 | 日文版],DLC-RECOLOVE00000281,ダンス3,JPN
psvdlc,PCSG00782,RecoLove: Gold Beach (3.61+!) [3.61],真爱记录：金色沙滩 [需3.61及以上系统版本 | 日文版],DLC-RECOLOVE00000284,ダンス4,JPN
psvdlc,PCSG00782,RecoLove: Gold Beach (3.61+!) [3.61],真爱记录：金色沙滩 [需3.61及以上系统版本 | 日文版],DLC-RECOLOVE00000299,ハイキック,JPN
psvdlc,PCSG00782,RecoLove: Gold Beach (3.61+!) [3.61],真爱记录：金色沙滩 [需3.61及以上系统版本 | 日文版],DLC-RECOLOVE00000292,バスタオルめくり,JPN
psvdlc,PCSG00782,RecoLove: Gold Beach (3.61+!) [3.61],真爱记录：金色沙滩 [需3.61及以上系统版本 | 日文版],DLC-RECOLOVE00000291,バランスボール,JPN
psvdlc,PCSG00782,RecoLove: Gold Beach (3.61+!) [3.61],真爱记录：金色沙滩 [需3.61及以上系统版本 | 日文版],DLC-RECOLOVE00000288,パレオ上げ1,JPN
psvdlc,PCSG00782,RecoLove: Gold Beach (3.61+!) [3.61],真爱记录：金色沙滩 [需3.61及以上系统版本 | 日文版],DLC-RECOLOVE00000293,パレオ上げ2,JPN
psvdlc,PCSG00782,RecoLove: Gold Beach (3.61+!) [3.61],真爱记录：金色沙滩 [需3.61及以上系统版本 | 日文版],DLC-RECOLOVE00000235,フラワーバンドゥビキニ マリアーナ・プリンシラ,JPN
psvdlc,PCSG00782,RecoLove: Gold Beach (3.61+!) [3.61],真爱记录：金色沙滩 [需3.61及以上系统版本 | 日文版],DLC-RECOLOVE00000244,フラワーバンドゥビキニ 五十鈴心美,JPN
psvdlc,PCSG00782,RecoLove: Gold Beach (3.61+!) [3.61],真爱记录：金色沙滩 [需3.61及以上系统版本 | 日文版],DLC-RECOLOVE00000241,フラワーバンドゥビキニ 内魔悠子,JPN
psvdlc,PCSG00782,RecoLove: Gold Beach (3.61+!) [3.61],真爱记录：金色沙滩 [需3.61及以上系统版本 | 日文版],DLC-RECOLOVE00000236,フラワーバンドゥビキニ 反町莉子,JPN
psvdlc,PCSG00782,RecoLove: Gold Beach (3.61+!) [3.61],真爱记录：金色沙滩 [需3.61及以上系统版本 | 日文版],DLC-RECOLOVE00000239,フラワーバンドゥビキニ 妃月凜世,JPN
psvdlc,PCSG00782,RecoLove: Gold Beach (3.61+!) [3.61],真爱记录：金色沙滩 [需3.61及以上系统版本 | 日文版],DLC-RECOLOVE00000237,フラワーバンドゥビキニ 御前渚紗,JPN
psvdlc,PCSG00782,RecoLove: Gold Beach (3.61+!) [3.61],真爱记录：金色沙滩 [需3.61及以上系统版本 | 日文版],DLC-RECOLOVE00000234,フラワーバンドゥビキニ 相良美宇,JPN
psvdlc,PCSG00782,RecoLove: Gold Beach (3.61+!) [3.61],真爱记录：金色沙滩 [需3.61及以上系统版本 | 日文版],DLC-RECOLOVE00000242,フラワーバンドゥビキニ 真奈,JPN
psvdlc,PCSG00782,RecoLove: Gold Beach (3.61+!) [3.61],真爱记录：金色沙滩 [需3.61及以上系统版本 | 日文版],DLC-RECOLOVE00000243,フラワーバンドゥビキニ 結菜,JPN
psvdlc,PCSG00782,RecoLove: Gold Beach (3.61+!) [3.61],真爱记录：金色沙滩 [需3.61及以上系统版本 | 日文版],DLC-RECOLOVE00000238,フラワーバンドゥビキニ 鳴瀬まひろ,JPN
psvdlc,PCSG00782,RecoLove: Gold Beach (3.61+!) [3.61],真爱记录：金色沙滩 [需3.61及以上系统版本 | 日文版],DLC-RECOLOVE00000158,ブラックエンジェル マリアーナ・プリンシラ,JPN
psvdlc,PCSG00782,RecoLove: Gold Beach (3.61+!) [3.61],真爱记录：金色沙滩 [需3.61及以上系统版本 | 日文版],DLC-RECOLOVE00000167,ブラックエンジェル 五十鈴心美,JPN
psvdlc,PCSG00782,RecoLove: Gold Beach (3.61+!) [3.61],真爱记录：金色沙滩 [需3.61及以上系统版本 | 日文版],DLC-RECOLOVE00000164,ブラックエンジェル 内魔悠子,JPN
psvdlc,PCSG00782,RecoLove: Gold Beach (3.61+!) [3.61],真爱记录：金色沙滩 [需3.61及以上系统版本 | 日文版],DLC-RECOLOVE00000159,ブラックエンジェル 反町莉子,JPN
psvdlc,PCSG00782,RecoLove: Gold Beach (3.61+!) [3.61],真爱记录：金色沙滩 [需3.61及以上系统版本 | 日文版],DLC-RECOLOVE00000162,ブラックエンジェル 妃月凜世,JPN
psvdlc,PCSG00782,RecoLove: Gold Beach (3.61+!) [3.61],真爱记录：金色沙滩 [需3.61及以上系统版本 | 日文版],DLC-RECOLOVE00000160,ブラックエンジェル 御前渚紗,JPN
psvdlc,PCSG00782,RecoLove: Gold Beach (3.61+!) [3.61],真爱记录：金色沙滩 [需3.61及以上系统版本 | 日文版],DLC-RECOLOVE00000157,ブラックエンジェル 相良美宇,JPN
psvdlc,PCSG00782,RecoLove: Gold Beach (3.61+!) [3.61],真爱记录：金色沙滩 [需3.61及以上系统版本 | 日文版],DLC-RECOLOVE00000165,ブラックエンジェル 真奈,JPN
psvdlc,PCSG00782,RecoLove: Gold Beach (3.61+!) [3.61],真爱记录：金色沙滩 [需3.61及以上系统版本 | 日文版],DLC-RECOLOVE00000166,ブラックエンジェル 結菜,JPN
psvdlc,PCSG00782,RecoLove: Gold Beach (3.61+!) [3.61],真爱记录：金色沙滩 [需3.61及以上系统版本 | 日文版],DLC-RECOLOVE00000161,ブラックエンジェル 鳴瀬まひろ,JPN
psvdlc,PCSG00782,RecoLove: Gold Beach (3.61+!) [3.61],真爱记录：金色沙滩 [需3.61及以上系统版本 | 日文版],DLC-RECOLOVE00000915,ブラックバニー 全キャラパック,JPN
psvdlc,PCSG00782,RecoLove: Gold Beach (3.61+!) [3.61],真爱记录：金色沙滩 [需3.61及以上系统版本 | 日文版],DLC-RECOLOVE00000013,ブルマ体操服エンジ,JPN
psvdlc,PCSG00782,RecoLove: Gold Beach (3.61+!) [3.61],真爱记录：金色沙滩 [需3.61及以上系统版本 | 日文版],DLC-RECOLOVE00000147,ホワイトエンジェル マリアーナ・プリンシラ,JPN
psvdlc,PCSG00782,RecoLove: Gold Beach (3.61+!) [3.61],真爱记录：金色沙滩 [需3.61及以上系统版本 | 日文版],DLC-RECOLOVE00000156,ホワイトエンジェル 五十鈴心美,JPN
psvdlc,PCSG00782,RecoLove: Gold Beach (3.61+!) [3.61],真爱记录：金色沙滩 [需3.61及以上系统版本 | 日文版],DLC-RECOLOVE00000153,ホワイトエンジェル 内魔悠子,JPN
psvdlc,PCSG00782,RecoLove: Gold Beach (3.61+!) [3.61],真爱记录：金色沙滩 [需3.61及以上系统版本 | 日文版],DLC-RECOLOVE00000148,ホワイトエンジェル 反町莉子,JPN
psvdlc,PCSG00782,RecoLove: Gold Beach (3.61+!) [3.61],真爱记录：金色沙滩 [需3.61及以上系统版本 | 日文版],DLC-RECOLOVE00000151,ホワイトエンジェル 妃月凜世,JPN
psvdlc,PCSG00782,RecoLove: Gold Beach (3.61+!) [3.61],真爱记录：金色沙滩 [需3.61及以上系统版本 | 日文版],DLC-RECOLOVE00000149,ホワイトエンジェル 御前渚紗,JPN
psvdlc,PCSG00782,RecoLove: Gold Beach (3.61+!) [3.61],真爱记录：金色沙滩 [需3.61及以上系统版本 | 日文版],DLC-RECOLOVE00000146,ホワイトエンジェル 相良美宇,JPN
psvdlc,PCSG00782,RecoLove: Gold Beach (3.61+!) [3.61],真爱记录：金色沙滩 [需3.61及以上系统版本 | 日文版],DLC-RECOLOVE00000154,ホワイトエンジェル 真奈,JPN
psvdlc,PCSG00782,RecoLove: Gold Beach (3.61+!) [3.61],真爱记录：金色沙滩 [需3.61及以上系统版本 | 日文版],DLC-RECOLOVE00000155,ホワイトエンジェル 結菜,JPN
psvdlc,PCSG00782,RecoLove: Gold Beach (3.61+!) [3.61],真爱记录：金色沙滩 [需3.61及以上系统版本 | 日文版],DLC-RECOLOVE00000150,ホワイトエンジェル 鳴瀬まひろ,JPN
psvdlc,PCSG00782,RecoLove: Gold Beach (3.61+!) [3.61],真爱记录：金色沙滩 [需3.61及以上系统版本 | 日文版],DLC-RECOLOVE00000015,ホワイトサマードレス マリアーナ・プリンシラ,JPN
psvdlc,PCSG00782,RecoLove: Gold Beach (3.61+!) [3.61],真爱记录：金色沙滩 [需3.61及以上系统版本 | 日文版],DLC-RECOLOVE00000024,ホワイトサマードレス 五十鈴心美,JPN
psvdlc,PCSG00782,RecoLove: Gold Beach (3.61+!) [3.61],真爱记录：金色沙滩 [需3.61及以上系统版本 | 日文版],DLC-RECOLOVE00000021,ホワイトサマードレス 内魔悠子,JPN
psvdlc,PCSG00782,RecoLove: Gold Beach (3.61+!) [3.61],真爱记录：金色沙滩 [需3.61及以上系统版本 | 日文版],DLC-RECOLOVE00000016,ホワイトサマードレス 反町莉子,JPN
psvdlc,PCSG00782,RecoLove: Gold Beach (3.61+!) [3.61],真爱记录：金色沙滩 [需3.61及以上系统版本 | 日文版],DLC-RECOLOVE00000019,ホワイトサマードレス 妃月凜世,JPN
psvdlc,PCSG00782,RecoLove: Gold Beach (3.61+!) [3.61],真爱记录：金色沙滩 [需3.61及以上系统版本 | 日文版],DLC-RECOLOVE00000017,ホワイトサマードレス 御前渚紗,JPN
psvdlc,PCSG00782,RecoLove: Gold Beach (3.61+!) [3.61],真爱记录：金色沙滩 [需3.61及以上系统版本 | 日文版],DLC-RECOLOVE00000014,ホワイトサマードレス 相良美宇,JPN
psvdlc,PCSG00782,RecoLove: Gold Beach (3.61+!) [3.61],真爱记录：金色沙滩 [需3.61及以上系统版本 | 日文版],DLC-RECOLOVE00000022,ホワイトサマードレス 真奈,JPN
psvdlc,PCSG00782,RecoLove: Gold Beach (3.61+!) [3.61],真爱记录：金色沙滩 [需3.61及以上系统版本 | 日文版],DLC-RECOLOVE00000023,ホワイトサマードレス 結菜,JPN
psvdlc,PCSG00782,RecoLove: Gold Beach (3.61+!) [3.61],真爱记录：金色沙滩 [需3.61及以上系统版本 | 日文版],DLC-RECOLOVE00000018,ホワイトサマードレス 鳴瀬まひろ,JPN
psvdlc,PCSG00782,RecoLove: Gold Beach (3.61+!) [3.61],真爱记录：金色沙滩 [需3.61及以上系统版本 | 日文版],DLC-RECOLOVE00000908,ホワイトタイトウエア 全キャラパック,JPN
psvdlc,PCSG00782,RecoLove: Gold Beach (3.61+!) [3.61],真爱记录：金色沙滩 [需3.61及以上系统版本 | 日文版],DLC-RECOLOVE00000914,ホワイトバニー 全キャラパック,JPN
psvdlc,PCSG00782,RecoLove: Gold Beach (3.61+!) [3.61],真爱记录：金色沙滩 [需3.61及以上系统版本 | 日文版],DLC-RECOLOVE00000213,ホワイト競泳水着 マリアーナ・プリンシラ,JPN
psvdlc,PCSG00782,RecoLove: Gold Beach (3.61+!) [3.61],真爱记录：金色沙滩 [需3.61及以上系统版本 | 日文版],DLC-RECOLOVE00000222,ホワイト競泳水着 五十鈴心美,JPN
psvdlc,PCSG00782,RecoLove: Gold Beach (3.61+!) [3.61],真爱记录：金色沙滩 [需3.61及以上系统版本 | 日文版],DLC-RECOLOVE00000219,ホワイト競泳水着 内魔悠子,JPN
psvdlc,PCSG00782,RecoLove: Gold Beach (3.61+!) [3.61],真爱记录：金色沙滩 [需3.61及以上系统版本 | 日文版],DLC-RECOLOVE00000214,ホワイト競泳水着 反町莉子,JPN
psvdlc,PCSG00782,RecoLove: Gold Beach (3.61+!) [3.61],真爱记录：金色沙滩 [需3.61及以上系统版本 | 日文版],DLC-RECOLOVE00000217,ホワイト競泳水着 妃月凜世,JPN
psvdlc,PCSG00782,RecoLove: Gold Beach (3.61+!) [3.61],真爱记录：金色沙滩 [需3.61及以上系统版本 | 日文版],DLC-RECOLOVE00000215,ホワイト競泳水着 御前渚紗,JPN
psvdlc,PCSG00782,RecoLove: Gold Beach (3.61+!) [3.61],真爱记录：金色沙滩 [需3.61及以上系统版本 | 日文版],DLC-RECOLOVE00000212,ホワイト競泳水着 相良美宇,JPN
psvdlc,PCSG00782,RecoLove: Gold Beach (3.61+!) [3.61],真爱记录：金色沙滩 [需3.61及以上系统版本 | 日文版],DLC-RECOLOVE00000220,ホワイト競泳水着 真奈,JPN
psvdlc,PCSG00782,RecoLove: Gold Beach (3.61+!) [3.61],真爱记录：金色沙滩 [需3.61及以上系统版本 | 日文版],DLC-RECOLOVE00000221,ホワイト競泳水着 結菜,JPN
psvdlc,PCSG00782,RecoLove: Gold Beach (3.61+!) [3.61],真爱记录：金色沙滩 [需3.61及以上系统版本 | 日文版],DLC-RECOLOVE00000216,ホワイト競泳水着 鳴瀬まひろ,JPN
psvdlc,PCSG00782,RecoLove: Gold Beach (3.61+!) [3.61],真爱记录：金色沙滩 [需3.61及以上系统版本 | 日文版],DLC-RECOLOVE00000280,モデルポーズ4,JPN
psvdlc,PCSG00782,RecoLove: Gold Beach (3.61+!) [3.61],真爱记录：金色沙滩 [需3.61及以上系统版本 | 日文版],DLC-RECOLOVE00000282,モデルポーズ5,JPN
psvdlc,PCSG00782,RecoLove: Gold Beach (3.61+!) [3.61],真爱记录：金色沙滩 [需3.61及以上系统版本 | 日文版],DLC-RECOLOVE00000283,モデルポーズ6,JPN
psvdlc,PCSG00782,RecoLove: Gold Beach (3.61+!) [3.61],真爱记录：金色沙滩 [需3.61及以上系统版本 | 日文版],DLC-RECOLOVE00000009,五十鈴心美 シナリオG Gold Beach対応,JPN
psvdlc,PCSG00782,RecoLove: Gold Beach (3.61+!) [3.61],真爱记录：金色沙滩 [需3.61及以上系统版本 | 日文版],DLC-RECOLOVE00000006,内魔悠子 シナリオG,JPN
psvdlc,PCSG00782,RecoLove: Gold Beach (3.61+!) [3.61],真爱记录：金色沙滩 [需3.61及以上系统版本 | 日文版],DLC-RECOLOVE00000290,前屈,JPN
psvdlc,PCSG00782,RecoLove: Gold Beach (3.61+!) [3.61],真爱记录：金色沙滩 [需3.61及以上系统版本 | 日文版],DLC-RECOLOVE00000287,寝転んで悶える,JPN
psvdlc,PCSG00782,RecoLove: Gold Beach (3.61+!) [3.61],真爱记录：金色沙滩 [需3.61及以上系统版本 | 日文版],DLC-RECOLOVE00000285,座りながら足バタバタ,JPN
psvdlc,PCSG00782,RecoLove: Gold Beach (3.61+!) [3.61],真爱记录：金色沙滩 [需3.61及以上系统版本 | 日文版],DLC-RECOLOVE00000278,横飛びステップ,JPN
psvdlc,PCSG00782,RecoLove: Gold Beach (3.61+!) [3.61],真爱记录：金色沙滩 [需3.61及以上系统版本 | 日文版],DLC-RECOLOVE00000007,真奈 シナリオG Gold Beach対応,JPN
psvdlc,PCSG00782,RecoLove: Gold Beach (3.61+!) [3.61],真爱记录：金色沙滩 [需3.61及以上系统版本 | 日文版],DLC-RECOLOVE00000008,結菜 シナリオG Gold Beach対応,JPN
psvdlc,PCSG00782,RecoLove: Gold Beach (3.61+!) [3.61],真爱记录：金色沙滩 [需3.61及以上系统版本 | 日文版],DLC-RECOLOVE00000295,耳抜き,JPN
psvdlc,PCSG00782,RecoLove: Gold Beach (3.61+!) [3.61],真爱记录：金色沙滩 [需3.61及以上系统版本 | 日文版],DLC-RECOLOVE00000294,送風機,JPN
psvdlc,PCSG00782,RecoLove: Gold Beach (3.61+!) [3.61],真爱记录：金色沙滩 [需3.61及以上系统版本 | 日文版],DLC-RECOLOVE00000297,鉄棒逆上がり,JPN
psvdlc,PCSG00786,Gochuumon wa Usagi Desu ka??,请问您今天要来点兔子吗？ [日文版],DLC-GOCHIVITADLC0001,バニー衣装、エピソード追加DLC,JPN
psvdlc,PCSG00791,学戦都市アスタリスクフェスタ 鳳華絢爛,学战都市 凤华绚烂 [日文版],DLC-ASTERISKDLC00007,「衣装争奪」ドレス,JPN
psvdlc,PCSG00791,学戦都市アスタリスクフェスタ 鳳華絢爛,学战都市 凤华绚烂 [日文版],DLC-ASTERISKDLC00014,バトルモードキャラ開放,JPN
psvdlc,PCSG00791,学戦都市アスタリスクフェスタ 鳳華絢爛,学战都市 凤华绚烂 [日文版],DLC-ASTERISKDLC00010,最強武器セット 刀 大剣,JPN
psvdlc,PCSG00791,学戦都市アスタリスクフェスタ 鳳華絢爛,学战都市 凤华绚烂 [日文版],DLC-ASTERISKDLC00012,最強武器セット 拳銃 小銃,JPN
psvdlc,PCSG00791,学戦都市アスタリスクフェスタ 鳳華絢爛,学战都市 凤华绚烂 [日文版],DLC-ASTERISKDLC00011,最強武器セット 槍 拳,JPN
psvdlc,PCSG00791,学戦都市アスタリスクフェスタ 鳳華絢爛,学战都市 凤华绚烂 [日文版],DLC-ASTERISKDLC00009,難関バイト開放,JPN
psvdlc,PCSG00792,Digimon World: Next Order,数码宝贝世界：新秩序 [日文版],DLC-DLC0080000000000,メイクーモンの謎,JPN
psvdlc,PCSG00792,Digimon World: Next Order,数码宝贝世界：新秩序 [日文版],DLC-DLC0040000000000,特別なアグモン&ガブモンのデジタマ,JPN
psvdlc,PCSG00792,Digimon World: Next Order,数码宝贝世界：新秩序 [日文版],DLC-DLC0030000000000,育成スタートダッシュセット,JPN
psvdlc,PCSG00792,Digimon World: Next Order,数码宝贝世界：新秩序 [日文版],DLC-DLC0090000000000,-帰還- 逆襲の紅い爪,JPN
psvdlc,PCSG00793,SD Gundam G Generation Genesis (Require External Data DLC) (3.61+!) [3.61],SD高达G世代：创世 [需3.61及以上系统版本 | 日文版],DLC-GGGENESISDLC0001,SDガンダム ジージェネレーション ジェネシス DLC0001,JPN
psvdlc,PCSG00793,SD Gundam G Generation Genesis (Require External Data DLC) (3.61+!) [3.61],SD高达G世代：创世 [需3.61及以上系统版本 | 日文版],DLC-GGGENESISDLC0002,SDガンダム ジージェネレーション ジェネシス DLC0002,JPN
psvdlc,PCSG00793,SD Gundam G Generation Genesis (Require External Data DLC) (3.61+!) [3.61],SD高达G世代：创世 [需3.61及以上系统版本 | 日文版],DLC-GGGENESISDLC0003,SDガンダム ジージェネレーション ジェネシス DLC0003,JPN
psvdlc,PCSG00793,SD Gundam G Generation Genesis (Require External Data DLC) (3.61+!) [3.61],SD高达G世代：创世 [需3.61及以上系统版本 | 日文版],DLC-GGGENESISDLC0004,SDガンダム ジージェネレーション ジェネシス DLC0004,JPN
psvdlc,PCSG00793,SD Gundam G Generation Genesis (Require External Data DLC) (3.61+!) [3.61],SD高达G世代：创世 [需3.61及以上系统版本 | 日文版],DLC-EXTERNALDATA0000,SDガンダム ジージェネレーション ジェネシス INSTALL DATA,JPN
psvdlc,PCSG00793,SD Gundam G Generation Genesis (Require External Data DLC) (3.61+!) [3.61],SD高达G世代：创世 [需3.61及以上系统版本 | 日文版],DLC-GGGENESISDLC0009,スペシャルステージ「ハロハロ!サイコ・ハロ捜索大作戦!」,JPN
psvdlc,PCSG00793,SD Gundam G Generation Genesis (Require External Data DLC) (3.61+!) [3.61],SD高达G世代：创世 [需3.61及以上系统版本 | 日文版],DLC-GGGENESISDLC0016,スペシャルステージ「ハロハロ!ターゲット破壊争奪大作戦!」,JPN
psvdlc,PCSG00793,SD Gundam G Generation Genesis (Require External Data DLC) (3.61+!) [3.61],SD高达G世代：创世 [需3.61及以上系统版本 | 日文版],DLC-GGGENESISDLC0013,スペシャルステージ「ハロハロ!敵包囲網突貫大作戦!」,JPN
psvdlc,PCSG00793,SD Gundam G Generation Genesis (Require External Data DLC) (3.61+!) [3.61],SD高达G世代：创世 [需3.61及以上系统版本 | 日文版],DLC-GGGENESISDLC0005,追加タイトルパック「機動戦士ガンダム 閃光のハサウェイ」,JPN
psvdlc,PCSG00793,SD Gundam G Generation Genesis (Require External Data DLC) (3.61+!) [3.61],SD高达G世代：创世 [需3.61及以上系统版本 | 日文版],DLC-GGGENESISDLC0008,追加ユニット「ガンダム・バルバトスルプス」,JPN
psvdlc,PCSG00793,SD Gundam G Generation Genesis (Require External Data DLC) (3.61+!) [3.61],SD高达G世代：创世 [需3.61及以上系统版本 | 日文版],DLC-GGGENESISDLC0012,追加ユニット「シスクード」,JPN
psvdlc,PCSG00793,SD Gundam G Generation Genesis (Require External Data DLC) (3.61+!) [3.61],SD高达G世代：创世 [需3.61及以上系统版本 | 日文版],DLC-GGGENESISDLC0015,追加ユニット「ホットスクランブルガンダム」,JPN
psvdlc,PCSG00793,SD Gundam G Generation Genesis (Require External Data DLC) (3.61+!) [3.61],SD高达G世代：创世 [需3.61及以上系统版本 | 日文版],DLC-GGGENESISDLC0014,追加ユニットパック「機動戦士ガンダム サンダーボルト」,JPN
psvdlc,PCSG00793,SD Gundam G Generation Genesis (Require External Data DLC) (3.61+!) [3.61],SD高达G世代：创世 [需3.61及以上系统版本 | 日文版],DLC-GGGENESISDLC0006,追加ユニットパック「機動戦士ガンダム THE ORIGIN」,JPN
psvdlc,PCSG00793,SD Gundam G Generation Genesis (Require External Data DLC) (3.61+!) [3.61],SD高达G世代：创世 [需3.61及以上系统版本 | 日文版],DLC-GGGENESISDLC0011,追加ユニットパック「機動戦士ガンダム C.D.A. 若き彗星の肖像」,JPN
psvdlc,PCSG00793,SD Gundam G Generation Genesis (Require External Data DLC) (3.61+!) [3.61],SD高达G世代：创世 [需3.61及以上系统版本 | 日文版],DLC-GGGENESISDLC0007,追加ユニットパック「機動戦士ガンダム MSV-R ジョニー・ライデンの帰還」,JPN
psvdlc,PCSG00793,SD Gundam G Generation Genesis (Require External Data DLC) (3.61+!) [3.61],SD高达G世代：创世 [需3.61及以上系统版本 | 日文版],DLC-GGGENESISDLC0010,追加ユニットパック「ADVANCE OF Ζ ~ティターンズの旗のもとに~」,JPN
psvdlc,PCSG00793,SD Gundam G Generation Genesis (Require External Data DLC) (3.61+!) [3.61],SD高达G世代：创世 [需3.61及以上系统版本 | 日文版],DLC-GGGENESISDLC0017,追加ユニットパック「SDガンダム GGENERATION オリジナル」,JPN
psvdlc,PCSG00818,Rocketbirds 2: Evolution,火箭鸟 2：进化 [日文版],DLC-DLCSET0000000001,Rocketbirds 2 - Evolution  - Rescue Bundle DLC,JPN
psvdlc,PCSG00820,Dragon Quest Heroes II,勇者斗恶龙 英雄集结 2：双子之王与语言的终焉 [日文版],DLC-DQHWEAPON0000008,ドラキーブーメラン,JPN
psvdlc,PCSG00821,Atelier Shallie Plus: Alchemists of the Dusk Sea,夏利的炼金工房 Plus：黄昏之海的炼金术士 [日文版],DLC-BGMPACK0FIRST000,シャリーのアトリエ Plus 切り替え用BGMセット,JPN
psvdlc,PCSG00821,Atelier Shallie Plus: Alchemists of the Dusk Sea,夏利的炼金工房 Plus：黄昏之海的炼金术士 [日文版],DLC-SHALLIECOSTUME03,シャリーのアトリエ Plus 初回特典・管理者の兵装,JPN
psvdlc,PCSG00822,Shitsuji ga Aruji o Erabu Toki,执事选择公主之时 [日文版],DLC-SHITSUARUADDCO00,アメリアは名付け親,JPN
psvdlc,PCSG00822,Shitsuji ga Aruji o Erabu Toki,执事选择公主之时 [日文版],DLC-SHITSUARUADDCO01,ベロニカは友達が少ない,JPN
psvdlc,PCSG00822,Shitsuji ga Aruji o Erabu Toki,执事选择公主之时 [日文版],DLC-SHITSUARUADDCO02,真姫と武闘会,JPN
psvdlc,PCSG00827,Summon Night 6: Lost Borders,召唤夜响曲 6：消逝的境界 [日文版],DLC-SUMMONNIGHT6DL06,追加シナリオ「あたしたちは変わらない」,JPN
psvdlc,PCSG00827,Summon Night 6: Lost Borders,召唤夜响曲 6：消逝的境界 [日文版],DLC-SUMMONNIGHT6DL03,追加シナリオ「ながれぼしにねがいをかけて」,JPN
psvdlc,PCSG00827,Summon Night 6: Lost Borders,召唤夜响曲 6：消逝的境界 [日文版],DLC-SUMMONNIGHT6DL05,追加シナリオ「ココロに響く言の葉」,JPN
psvdlc,PCSG00827,Summon Night 6: Lost Borders,召唤夜响曲 6：消逝的境界 [日文版],DLC-SUMMONNIGHT6DL04,追加シナリオ「魔公子様とご主人様」,JPN
psvdlc,PCSG00830,Toukiden 2,讨鬼传 2 [日文版],DLC-TKD2MITAMA001400,ミタマ「ククリヒメ」,JPN
psvdlc,PCSG00830,Toukiden 2,讨鬼传 2 [日文版],DLC-TKD2MITAMA000500,ミタマ「トロ」,JPN
psvdlc,PCSG00830,Toukiden 2,讨鬼传 2 [日文版],DLC-TKD2MITAMA001800,ミタマ「ラグナ」,JPN
psvdlc,PCSG00830,Toukiden 2,讨鬼传 2 [日文版],DLC-TKD2MITAMA000200,ミタマ「猿飛佐助」,JPN
psvdlc,PCSG00830,Toukiden 2,讨鬼传 2 [日文版],DLC-TKD2MITAMA000100,ミタマ「真田信之」,JPN
psvdlc,PCSG00830,Toukiden 2,讨鬼传 2 [日文版],DLC-TKD2MITAMA000000,ミタマ「真田昌幸」,JPN
psvdlc,PCSG00830,Toukiden 2,讨鬼传 2 [日文版],DLC-TKD2MITAMA000300,ミタマ「竹林院」,JPN
psvdlc,PCSG00830,Toukiden 2,讨鬼传 2 [日文版],DLC-TKD2QUEST0001100,追加任務集 拾弐,JPN
psvdlc,PCSG00831,God Wars: Future Past,神之战：超越时空 [日文版],DLC-GWDLC08JGSETMIZU,瑞穂国三種の神器,JPN
psvdlc,PCSG00840,信長の野望･創造 戦国立志伝,信长之野望：创造 [日文版],DLC-DLCKAO0000000018,「100万人の信長の野望」「信長の野望・創造 パワーアップキット」武将顔CGセット(30点),JPN
psvdlc,PCSG00840,信長の野望･創造 戦国立志伝,信长之野望：创造 [日文版],DLC-DLCBGM0000000003,「信長の野望の日」記念コンテンツセット(2016),JPN
psvdlc,PCSG00840,信長の野望･創造 戦国立志伝,信长之野望：创造 [日文版],DLC-DLCKAO0000000019,シブサワ・コウ35周年記念コンテンツ,JPN
psvdlc,PCSG00840,信長の野望･創造 戦国立志伝,信长之野望：创造 [日文版],DLC-DLCKAO0000000007,リイド社「コミック乱」「戦国武将列伝」タイアップ武将顔CG(4点),JPN
psvdlc,PCSG00841,Dungeon Travelers 2-2: Yamiochi no Otome to Hajimari no Sho (3.61+!) [3.63],迷宫旅人 2-2：堕落少女与初始之书 [需3.63及以上系统版本 | 日文版],DLC-DUNTRA22DLCST030,DLCダンジョン『城塞都市タルテトス』feat.ティアーズ・トゥ・ティアラ2,JPN
psvdlc,PCSG00841,Dungeon Travelers 2-2: Yamiochi no Otome to Hajimari no Sho (3.61+!) [3.63],迷宫旅人 2-2：堕落少女与初始之书 [需3.63及以上系统版本 | 日文版],DLC-DUNTRA22DLCST010,DLCダンジョン『峰城大付属高校』feat.WHITE ALBUM2,JPN
psvdlc,PCSG00841,Dungeon Travelers 2-2: Yamiochi no Otome to Hajimari no Sho (3.61+!) [3.63],迷宫旅人 2-2：堕落少女与初始之书 [需3.63及以上系统版本 | 日文版],DLC-DUNTRA22DLCST020,DLCダンジョン『帝都』feat.うたわれるもの 二人の白皇,JPN
psvdlc,PCSG00841,Dungeon Travelers 2-2: Yamiochi no Otome to Hajimari no Sho (3.61+!) [3.63],迷宫旅人 2-2：堕落少女与初始之书 [需3.63及以上系统版本 | 日文版],DLC-DUNTRA22DLCST040,DLCダンジョン『鶴来屋』feat.痕,JPN
psvdlc,PCSG00841,Dungeon Travelers 2-2: Yamiochi no Otome to Hajimari no Sho (3.61+!) [3.63],迷宫旅人 2-2：堕落少女与初始之书 [需3.63及以上系统版本 | 日文版],DLC-DUNTRA22DLCSP002,DLC特典アイテム『経験値2倍の会員書』,JPN
psvdlc,PCSG00841,Dungeon Travelers 2-2: Yamiochi no Otome to Hajimari no Sho (3.61+!) [3.63],迷宫旅人 2-2：堕落少女与初始之书 [需3.63及以上系统版本 | 日文版],DLC-DUNTRA22DLCSP004,DLC特典アイテム『経験値2倍の会員SP』,JPN
psvdlc,PCSG00841,Dungeon Travelers 2-2: Yamiochi no Otome to Hajimari no Sho (3.61+!) [3.63],迷宫旅人 2-2：堕落少女与初始之书 [需3.63及以上系统版本 | 日文版],DLC-DUNTRA22DLCSP003,DLC特典アイテム『超大吉のおみくじ』,JPN
psvdlc,PCSG00841,Dungeon Travelers 2-2: Yamiochi no Otome to Hajimari no Sho (3.61+!) [3.63],迷宫旅人 2-2：堕落少女与初始之书 [需3.63及以上系统版本 | 日文版],DLC-DUNTRA22DRESSET2,DLC衣装セット『IFクラス衣装』,JPN
psvdlc,PCSG00841,Dungeon Travelers 2-2: Yamiochi no Otome to Hajimari no Sho (3.61+!) [3.63],迷宫旅人 2-2：堕落少女与初始之书 [需3.63及以上系统版本 | 日文版],DLC-DUNTRA22DRESSET1,DLC衣装セット『水着』,JPN
psvdlc,PCSG00841,Dungeon Travelers 2-2: Yamiochi no Otome to Hajimari no Sho (3.61+!) [3.63],迷宫旅人 2-2：堕落少女与初始之书 [需3.63及以上系统版本 | 日文版],DLC-DUNTRA22DRESSET3,DLC衣装セット『闇堕ち衣装』,JPN
psvdlc,PCSG00841,Dungeon Travelers 2-2: Yamiochi no Otome to Hajimari no Sho (3.61+!) [3.63],迷宫旅人 2-2：堕落少女与初始之书 [需3.63及以上系统版本 | 日文版],DLC-DUNTRA22STARTER0,DLC装備『はじまりの装備』,JPN
psvdlc,PCSG00841,Dungeon Travelers 2-2: Yamiochi no Otome to Hajimari no Sho (3.61+!) [3.63],迷宫旅人 2-2：堕落少女与初始之书 [需3.63及以上系统版本 | 日文版],DLC-DUNTRA22FAMITSU0,DLC装備『週刊ファミ通コラボ装備』,JPN
psvdlc,PCSG00841,Dungeon Travelers 2-2: Yamiochi no Otome to Hajimari no Sho (3.61+!) [3.63],迷宫旅人 2-2：堕落少女与初始之书 [需3.63及以上系统版本 | 日文版],DLC-DUNTRA22DENGEKI0,DLC装備『電撃PlayStationコラボ装備』,JPN
psvdlc,PCSG00841,Dungeon Travelers 2-2: Yamiochi no Otome to Hajimari no Sho (3.61+!) [3.63],迷宫旅人 2-2：堕落少女与初始之书 [需3.63及以上系统版本 | 日文版],DLC-DUNTRA22DLCSP001,初回特典アイテム『スーパーナースキャップ』,JPN
psvdlc,PCSG00841,Dungeon Travelers 2-2: Yamiochi no Otome to Hajimari no Sho (3.61+!) [3.63],迷宫旅人 2-2：堕落少女与初始之书 [需3.63及以上系统版本 | 日文版],DLC-DUNTRA22BUDDY003,特典傭兵バディ『マリー』,JPN
psvdlc,PCSG00849,Demon Gaze II,恶魔凝视 2 [日文版],DLC-DEMONGAZE2DLC002,革命応援アイテムセットA,JPN
psvdlc,PCSG00849,Demon Gaze II,恶魔凝视 2 [日文版],DLC-DEMONGAZE2DLC003,革命応援アイテムセットB,JPN
psvdlc,PCSG00868,Sword Art Online: Hollow Realization (3.61+!) [3.61],刀剑神域：虚空幻界 [需3.61及以上系统版本 | 日文版],DLC-SAO4KFJ000100000,いにしえの装備 メイド服購入権,JPN
psvdlc,PCSG00868,Sword Art Online: Hollow Realization (3.61+!) [3.61],刀剑神域：虚空幻界 [需3.61及以上系统版本 | 日文版],DLC-SAO4KFJ009300000,いにしえの装備 メイド服(強)購入権,JPN
psvdlc,PCSG00868,Sword Art Online: Hollow Realization (3.61+!) [3.61],刀剑神域：虚空幻界 [需3.61及以上系统版本 | 日文版],DLC-SAO4KFJ019400000,カバヤ(強)購入権,JPN
psvdlc,PCSG00868,Sword Art Online: Hollow Realization (3.61+!) [3.61],刀剑神域：虚空幻界 [需3.61及以上系统版本 | 日文版],DLC-SAO4KFJ012300000,ゴッドイーターコラボ衣装「ソーマ」(強)購入権,JPN
psvdlc,PCSG00868,Sword Art Online: Hollow Realization (3.61+!) [3.61],刀剑神域：虚空幻界 [需3.61及以上系统版本 | 日文版],DLC-SAO4KFJ013300000,ゴッドイーターコラボ衣装「リヴィ」(強)購入権,JPN
psvdlc,PCSG00868,Sword Art Online: Hollow Realization (3.61+!) [3.61],刀剑神域：虚空幻界 [需3.61及以上系统版本 | 日文版],DLC-SAO4KFJ001100000,スク水(紺)購入権,JPN
psvdlc,PCSG00868,Sword Art Online: Hollow Realization (3.61+!) [3.61],刀剑神域：虚空幻界 [需3.61及以上系统版本 | 日文版],DLC-SAO4KFJ020400000,タイ衣装(強)購入権,JPN
psvdlc,PCSG00868,Sword Art Online: Hollow Realization (3.61+!) [3.61],刀剑神域：虚空幻界 [需3.61及以上系统版本 | 日文版],DLC-SAO4KFJ011300000,ナイトウェア(強)購入権,JPN
psvdlc,PCSG00868,Sword Art Online: Hollow Realization (3.61+!) [3.61],刀剑神域：虚空幻界 [需3.61及以上系统版本 | 日文版],DLC-SAO4KFJ046300000,ミッシングトレジャーボックス設置権,JPN
psvdlc,PCSG00868,Sword Art Online: Hollow Realization (3.61+!) [3.61],刀剑神域：虚空幻界 [需3.61及以上系统版本 | 日文版],DLC-SAO4KFJ008200000,劇場版衣装「アスナ」購入権,JPN
psvdlc,PCSG00868,Sword Art Online: Hollow Realization (3.61+!) [3.61],刀剑神域：虚空幻界 [需3.61及以上系统版本 | 日文版],DLC-SAO4KFJ007200000,劇場版衣装「キリト」購入権,JPN
psvdlc,PCSG00868,Sword Art Online: Hollow Realization (3.61+!) [3.61],刀剑神域：虚空幻界 [需3.61及以上系统版本 | 日文版],DLC-SAO4LIR033100000,武器進化セット,JPN
psvdlc,PCSG00868,Sword Art Online: Hollow Realization (3.61+!) [3.61],刀剑神域：虚空幻界 [需3.61及以上系统版本 | 日文版],DLC-SAO4LIR032100000,武器&防具強化セット,JPN
psvdlc,PCSG00868,Sword Art Online: Hollow Realization (3.61+!) [3.61],刀剑神域：虚空幻界 [需3.61及以上系统版本 | 日文版],DLC-SAO4LIR042100000,武器&防具強化セット(大),JPN
psvdlc,PCSG00868,Sword Art Online: Hollow Realization (3.61+!) [3.61],刀剑神域：虚空幻界 [需3.61及以上系统版本 | 日文版],DLC-SAO4KFJ014400000,深淵の巫女 1章 『幻霧の探求者』,JPN
psvdlc,PCSG00868,Sword Art Online: Hollow Realization (3.61+!) [3.61],刀剑神域：虚空幻界 [需3.61及以上系统版本 | 日文版],DLC-SAO4KFJ015500000,深淵の巫女 2章 『因果の調律者』,JPN
psvdlc,PCSG00868,Sword Art Online: Hollow Realization (3.61+!) [3.61],刀剑神域：虚空幻界 [需3.61及以上系统版本 | 日文版],DLC-SAO4KFJ016600000,深淵の巫女 3章 『神に抗いし者』,JPN
psvdlc,PCSG00868,Sword Art Online: Hollow Realization (3.61+!) [3.61],刀剑神域：虚空幻界 [需3.61及以上系统版本 | 日文版],DLC-SAO4KFJ045300000,異貌の覇王 挑戦権,JPN
psvdlc,PCSG00868,Sword Art Online: Hollow Realization (3.61+!) [3.61],刀剑神域：虚空幻界 [需3.61及以上系统版本 | 日文版],DLC-SAO4KFJ010300000,白スク水(強)購入権,JPN
psvdlc,PCSG00868,Sword Art Online: Hollow Realization (3.61+!) [3.61],刀剑神域：虚空幻界 [需3.61及以上系统版本 | 日文版],DLC-SAO4KFJ017400000,薔薇の舞(強)購入権,JPN
psvdlc,PCSG00868,Sword Art Online: Hollow Realization (3.61+!) [3.61],刀剑神域：虚空幻界 [需3.61及以上系统版本 | 日文版],DLC-SAO4KFJ048200000,衣装「希望のウェディングドレス(強)」購入権,JPN
psvdlc,PCSG00881,Ys VIII: Lacrimosa of DANA,伊苏 8：丹娜的陨涕日 [日文版],DLC-YS08JPDLC00N0045,いにしえの仮面セット,JPN
psvdlc,PCSG00881,Ys VIII: Lacrimosa of DANA,伊苏 8：丹娜的陨涕日 [日文版],DLC-YS08JPDLC00N0044,お洒落サングラスセット,JPN
psvdlc,PCSG00881,Ys VIII: Lacrimosa of DANA,伊苏 8：丹娜的陨涕日 [日文版],DLC-YS08JPDLC00N0043,お洒落メガネセット,JPN
psvdlc,PCSG00881,Ys VIII: Lacrimosa of DANA,伊苏 8：丹娜的陨涕日 [日文版],DLC-YS08JPDLC00N0042,はぐはぐダルク,JPN
psvdlc,PCSG00881,Ys VIII: Lacrimosa of DANA,伊苏 8：丹娜的陨涕日 [日文版],DLC-YS08JPDLC00N0040,はぐはぐフィーナ,JPN
psvdlc,PCSG00881,Ys VIII: Lacrimosa of DANA,伊苏 8：丹娜的陨涕日 [日文版],DLC-YS08JPDLC00N0041,はぐはぐリリア,JPN
psvdlc,PCSG00881,Ys VIII: Lacrimosa of DANA,伊苏 8：丹娜的陨涕日 [日文版],DLC-YS08JPDLC00N0007,ダブル購入者特典セット,JPN
psvdlc,PCSG00881,Ys VIII: Lacrimosa of DANA,伊苏 8：丹娜的陨涕日 [日文版],DLC-YS08JPDLC00N0026,トロピカル水着・アドル,JPN
psvdlc,PCSG00881,Ys VIII: Lacrimosa of DANA,伊苏 8：丹娜的陨涕日 [日文版],DLC-YS08JPDLC00N0031,トロピカル水着・ダーナ,JPN
psvdlc,PCSG00881,Ys VIII: Lacrimosa of DANA,伊苏 8：丹娜的陨涕日 [日文版],DLC-YS08JPDLC00N0027,トロピカル水着・ラクシャ,JPN
psvdlc,PCSG00881,Ys VIII: Lacrimosa of DANA,伊苏 8：丹娜的陨涕日 [日文版],DLC-YS08JPDLC00N0030,トロピカル水着・リコッタ,JPN
psvdlc,PCSG00881,Ys VIII: Lacrimosa of DANA,伊苏 8：丹娜的陨涕日 [日文版],DLC-YS08JPDLC00N0060,無料お試しセット1,JPN
psvdlc,PCSG00881,Ys VIII: Lacrimosa of DANA,伊苏 8：丹娜的陨涕日 [日文版],DLC-YS08JPDLC00N0061,無料お試しセット2,JPN
psvdlc,PCSG00881,Ys VIII: Lacrimosa of DANA,伊苏 8：丹娜的陨涕日 [日文版],DLC-YS08JPDLC00N0020,絶界の海賊団・アドル,JPN
psvdlc,PCSG00881,Ys VIII: Lacrimosa of DANA,伊苏 8：丹娜的陨涕日 [日文版],DLC-YS08JPDLC00N0022,絶界の海賊団・サハド,JPN
psvdlc,PCSG00881,Ys VIII: Lacrimosa of DANA,伊苏 8：丹娜的陨涕日 [日文版],DLC-YS08JPDLC00N0025,絶界の海賊団・ダーナ,JPN
psvdlc,PCSG00881,Ys VIII: Lacrimosa of DANA,伊苏 8：丹娜的陨涕日 [日文版],DLC-YS08JPDLC00N0023,絶界の海賊団・ヒュンメル,JPN
psvdlc,PCSG00881,Ys VIII: Lacrimosa of DANA,伊苏 8：丹娜的陨涕日 [日文版],DLC-YS08JPDLC00N0021,絶界の海賊団・ラクシャ,JPN
psvdlc,PCSG00881,Ys VIII: Lacrimosa of DANA,伊苏 8：丹娜的陨涕日 [日文版],DLC-YS08JPDLC00N0024,絶界の海賊団・リコッタ,JPN
psvdlc,PCSG00882,Genkai Tokki: Seven Pirates,极限凸旗：七大海贼 [日文版],DLC-7PIRATESDLC00011,パイ族からのプレゼント,JPN
psvdlc,PCSG00882,Genkai Tokki: Seven Pirates,极限凸旗：七大海贼 [日文版],DLC-7PIRATESDLC00012,パイ族からのプレゼント その2,JPN
psvdlc,PCSG00882,Genkai Tokki: Seven Pirates,极限凸旗：七大海贼 [日文版],DLC-7PIRATESDLC00007,PAIZAPエキスD,JPN
psvdlc,PCSG00898,Mary Skelter Nightmare (3.61+!) [3.61],神狱塔：断罪玛丽 [需3.61及以上系统版本 | 日文版],DLC-ADDCONTENTDLC000,ジョブ:さくら巫女,JPN
psvdlc,PCSG00903,NEW GAME! -THE CHALLENGE STAGE!- (3.61+!) [3.63],NEW GAME！挑战舞台 [需3.63及以上系统版本 | 日文版],DLC-NEWGAMECSPSVDL01,バニー着せ替えコスチューム,JPN
psvdlc,PCSG00908,Saki: Zenkoku-hen Plus (3.61+!) [3.63],天才麻将少女 全国篇 Plus [需3.63及以上系统版本 | 日文版],DLC-SAKIDLC000170004,エイスリン バニー,JPN
psvdlc,PCSG00908,Saki: Zenkoku-hen Plus (3.61+!) [3.63],天才麻将少女 全国篇 Plus [需3.63及以上系统版本 | 日文版],DLC-SAKIDLCC02000500,コイン500枚,JPN
psvdlc,PCSG00908,Saki: Zenkoku-hen Plus (3.61+!) [3.63],天才麻将少女 全国篇 Plus [需3.63及以上系统版本 | 日文版],DLC-SAKIDLC000650001,三尋木 咏 追加キャラクター,JPN
psvdlc,PCSG00908,Saki: Zenkoku-hen Plus (3.61+!) [3.63],天才麻将少女 全国篇 Plus [需3.63及以上系统版本 | 日文版],DLC-SAKIDLC000060004,上重 漫 バニー,JPN
psvdlc,PCSG00908,Saki: Zenkoku-hen Plus (3.61+!) [3.63],天才麻将少女 全国篇 Plus [需3.63及以上系统版本 | 日文版],DLC-SAKIDLC000470003,二条 泉 追加衣装,JPN
psvdlc,PCSG00908,Saki: Zenkoku-hen Plus (3.61+!) [3.63],天才麻将少女 全国篇 Plus [需3.63及以上系统版本 | 日文版],DLC-SAKIDLC0PLUSMENU,全国チケット,JPN
psvdlc,PCSG00908,Saki: Zenkoku-hen Plus (3.61+!) [3.63],天才麻将少女 全国篇 Plus [需3.63及以上系统版本 | 日文版],DLC-SAKIDLC000040005,原村 和 バニー,JPN
psvdlc,PCSG00908,Saki: Zenkoku-hen Plus (3.61+!) [3.63],天才麻将少女 全国篇 Plus [需3.63及以上系统版本 | 日文版],DLC-SAKIDLC000460005,圓城寺 怜 追加衣装,JPN
psvdlc,PCSG00908,Saki: Zenkoku-hen Plus (3.61+!) [3.63],天才麻将少女 全国篇 Plus [需3.63及以上系统版本 | 日文版],DLC-SAKIDLC000380099,新子 憧 メイド水着R,JPN
psvdlc,PCSG00908,Saki: Zenkoku-hen Plus (3.61+!) [3.63],天才麻将少女 全国篇 Plus [需3.63及以上系统版本 | 日文版],DLC-SAKIDLC000380004,新子 憧 追加衣装,JPN
psvdlc,PCSG00908,Saki: Zenkoku-hen Plus (3.61+!) [3.63],天才麻将少女 全国篇 Plus [需3.63及以上系统版本 | 日文版],DLC-SAKIDLC000370004,松実 宥 追加衣装,JPN
psvdlc,PCSG00908,Saki: Zenkoku-hen Plus (3.61+!) [3.63],天才麻将少女 全国篇 Plus [需3.63及以上系统版本 | 日文版],DLC-SAKIDLC000360005,松実 玄 追加衣装,JPN
psvdlc,PCSG00908,Saki: Zenkoku-hen Plus (3.61+!) [3.63],天才麻将少女 全国篇 Plus [需3.63及以上系统版本 | 日文版],DLC-SAKIDLC000480004,江口 セーラ 追加衣装,JPN
psvdlc,PCSG00908,Saki: Zenkoku-hen Plus (3.61+!) [3.63],天才麻将少女 全国篇 Plus [需3.63及以上系统版本 | 日文版],DLC-SAKIDLC000300004,池田 華菜 制服,JPN
psvdlc,PCSG00908,Saki: Zenkoku-hen Plus (3.61+!) [3.63],天才麻将少女 全国篇 Plus [需3.63及以上系统版本 | 日文版],DLC-SAKIDLC000500004,清水谷 竜華 追加衣装,JPN
psvdlc,PCSG00908,Saki: Zenkoku-hen Plus (3.61+!) [3.63],天才麻将少女 全国篇 Plus [需3.63及以上系统版本 | 日文版],DLC-SAKIDLC000640001,瑞原 はやり 追加キャラクター,JPN
psvdlc,PCSG00908,Saki: Zenkoku-hen Plus (3.61+!) [3.63],天才麻将少女 全国篇 Plus [需3.63及以上系统版本 | 日文版],DLC-SAKIDLC000260003,福路 美穂子 制服,JPN
psvdlc,PCSG00908,Saki: Zenkoku-hen Plus (3.61+!) [3.63],天才麻将少女 全国篇 Plus [需3.63及以上系统版本 | 日文版],DLC-SAKIDLC000490003,船久保 浩子 追加衣装,JPN
psvdlc,PCSG00908,Saki: Zenkoku-hen Plus (3.61+!) [3.63],天才麻将少女 全国篇 Plus [需3.63及以上系统版本 | 日文版],DLC-SAKIDLC000620001,藤田 靖子 追加キャラクター,JPN
psvdlc,PCSG00908,Saki: Zenkoku-hen Plus (3.61+!) [3.63],天才麻将少女 全国篇 Plus [需3.63及以上系统版本 | 日文版],DLC-SAKIDLC000630001,赤土 晴絵 追加キャラクター,JPN
psvdlc,PCSG00908,Saki: Zenkoku-hen Plus (3.61+!) [3.63],天才麻将少女 全国篇 Plus [需3.63及以上系统版本 | 日文版],DLC-SAKIDLC000400099,高鴨 穏乃 メイド水着R,JPN
psvdlc,PCSG00908,Saki: Zenkoku-hen Plus (3.61+!) [3.63],天才麻将少女 全国篇 Plus [需3.63及以上系统版本 | 日文版],DLC-SAKIDLC000400004,高鴨 穏乃 追加衣装,JPN
psvdlc,PCSG00908,Saki: Zenkoku-hen Plus (3.61+!) [3.63],天才麻将少女 全国篇 Plus [需3.63及以上系统版本 | 日文版],DLC-SAKIDLC000390004,鷺森 灼 追加衣装,JPN
psvdlc,PCSG00920,Super Robot Taisen V (3.61+!) [3.63],超级机器人大战 V [需3.63及以上系统版本 | 日文版],DLC-EST001SRWDLC0329,スペシャルスターター・パック,JPN
psvdlc,PCSG00920,Super Robot Taisen V (3.61+!) [3.63],超级机器人大战 V [需3.63及以上系统版本 | 日文版],DLC-EST001SRWDLC0323,ダウンロード購入プレゼントV,JPN
psvdlc,PCSG00920,Super Robot Taisen V (3.61+!) [3.63],超级机器人大战 V [需3.63及以上系统版本 | 日文版],DLC-EST001SRWDLC0322,フルパック購入プレゼントV,JPN
psvdlc,PCSG00920,Super Robot Taisen V (3.61+!) [3.63],超级机器人大战 V [需3.63及以上系统版本 | 日文版],DLC-EST001SRWDLC0315,ボーナスシナリオ「アクシズの三姉妹」,JPN
psvdlc,PCSG00920,Super Robot Taisen V (3.61+!) [3.63],超级机器人大战 V [需3.63及以上系统版本 | 日文版],DLC-EST001SRWDLC0306,ボーナスシナリオ「一流のハングリー」,JPN
psvdlc,PCSG00920,Super Robot Taisen V (3.61+!) [3.63],超级机器人大战 V [需3.63及以上系统版本 | 日文版],DLC-EST001SRWDLC0313,ボーナスシナリオ「三つの心」,JPN
psvdlc,PCSG00920,Super Robot Taisen V (3.61+!) [3.63],超级机器人大战 V [需3.63及以上系统版本 | 日文版],DLC-EST001SRWDLC0312,ボーナスシナリオ「再起への誓い」,JPN
psvdlc,PCSG00920,Super Robot Taisen V (3.61+!) [3.63],超级机器人大战 V [需3.63及以上系统版本 | 日文版],DLC-EST001SRWDLC0305,ボーナスシナリオ「出航、新たなナデシコ」,JPN
psvdlc,PCSG00920,Super Robot Taisen V (3.61+!) [3.63],超级机器人大战 V [需3.63及以上系统版本 | 日文版],DLC-EST001SRWDLC0319,ボーナスシナリオ「奮戦のバトルフィールド」,JPN
psvdlc,PCSG00920,Super Robot Taisen V (3.61+!) [3.63],超级机器人大战 V [需3.63及以上系统版本 | 日文版],DLC-EST001SRWDLC0317,ボーナスシナリオ「戦いの星海」,JPN
psvdlc,PCSG00920,Super Robot Taisen V (3.61+!) [3.63],超级机器人大战 V [需3.63及以上系统版本 | 日文版],DLC-EST001SRWDLC0307,ボーナスシナリオ「月光の照らす未来」,JPN
psvdlc,PCSG00920,Super Robot Taisen V (3.61+!) [3.63],超级机器人大战 V [需3.63及以上系统版本 | 日文版],DLC-EST001SRWDLC0314,ボーナスシナリオ「死闘のGハウンド」,JPN
psvdlc,PCSG00920,Super Robot Taisen V (3.61+!) [3.63],超级机器人大战 V [需3.63及以上系统版本 | 日文版],DLC-EST001SRWDLC0308,ボーナスシナリオ「潜航のハサウェイ」,JPN
psvdlc,PCSG00920,Super Robot Taisen V (3.61+!) [3.63],超级机器人大战 V [需3.63及以上系统版本 | 日文版],DLC-EST001SRWDLC0309,ボーナスシナリオ「激戦のバトルフィールド」,JPN
psvdlc,PCSG00920,Super Robot Taisen V (3.61+!) [3.63],超级机器人大战 V [需3.63及以上系统版本 | 日文版],DLC-EST001SRWDLC0321,ボーナスシナリオ「熱戦のバトルフィールド」,JPN
psvdlc,PCSG00920,Super Robot Taisen V (3.61+!) [3.63],超级机器人大战 V [需3.63及以上系统版本 | 日文版],DLC-EST001SRWDLC0311,ボーナスシナリオ「男達のジェラシー」,JPN
psvdlc,PCSG00920,Super Robot Taisen V (3.61+!) [3.63],超级机器人大战 V [需3.63及以上系统版本 | 日文版],DLC-EST001SRWDLC0303,ボーナスシナリオ「男達の戦場」,JPN
psvdlc,PCSG00920,Super Robot Taisen V (3.61+!) [3.63],超级机器人大战 V [需3.63及以上系统版本 | 日文版],DLC-EST001SRWDLC0304,ボーナスシナリオ「真実に立ち向かう者」,JPN
psvdlc,PCSG00920,Super Robot Taisen V (3.61+!) [3.63],超级机器人大战 V [需3.63及以上系统版本 | 日文版],DLC-EST001SRWDLC0301,ボーナスシナリオ「結成、特別編成チーム」,JPN
psvdlc,PCSG00920,Super Robot Taisen V (3.61+!) [3.63],超级机器人大战 V [需3.63及以上系统版本 | 日文版],DLC-EST001SRWDLC0320,ボーナスシナリオ「美と力の共演」,JPN
psvdlc,PCSG00920,Super Robot Taisen V (3.61+!) [3.63],超级机器人大战 V [需3.63及以上系统版本 | 日文版],DLC-EST001SRWDLC0310,ボーナスシナリオ「艦長代理、奮闘する」,JPN
psvdlc,PCSG00920,Super Robot Taisen V (3.61+!) [3.63],超级机器人大战 V [需3.63及以上系统版本 | 日文版],DLC-EST001SRWDLC0302,ボーナスシナリオ「誓いのスカルハート」,JPN
psvdlc,PCSG00920,Super Robot Taisen V (3.61+!) [3.63],超级机器人大战 V [需3.63及以上系统版本 | 日文版],DLC-EST001SRWDLC0316,ボーナスシナリオ「闇を貫く力」,JPN
psvdlc,PCSG00920,Super Robot Taisen V (3.61+!) [3.63],超级机器人大战 V [需3.63及以上系统版本 | 日文版],DLC-EST001SRWDLC0318,ボーナスシナリオ「魔神激突、再び」,JPN
psvdlc,PCSG00920,Super Robot Taisen V (3.61+!) [3.63],超级机器人大战 V [需3.63及以上系统版本 | 日文版],DLC-EST001SRWDLC0326,ワンダフル・プレゼントV,JPN
psvdlc,PCSG00920,Super Robot Taisen V (3.61+!) [3.63],超级机器人大战 V [需3.63及以上系统版本 | 日文版],DLC-EST001SRWBENEFIT,初回限定特典,JPN
psvdlc,PCSG00920,Super Robot Taisen V (3.61+!) [3.63],超级机器人大战 V [需3.63及以上系统版本 | 日文版],DLC-EST001SRWDLC0330,周回プレイ支援パック,JPN
psvdlc,PCSG00929,Atelier Firis ~The Alchemist and the Mysterious Journey~ (3.61+!) [3.61],菲莉丝的炼金工房：不可思议旅的炼金术士 [需3.61及以上系统版本 | 日文版],DLC-BGMPACKGUST00000,フィリスのアトリエ アトリエシリーズスペシャルBGMパック,JPN
psvdlc,PCSG00929,Atelier Firis ~The Alchemist and the Mysterious Journey~ (3.61+!) [3.61],菲莉丝的炼金工房：不可思议旅的炼金术士 [需3.61及以上系统版本 | 日文版],DLC-ADDCOSTUME000010,フィリスのアトリエ イルメリア衣装『ノーブルウィザード』,JPN
psvdlc,PCSG00929,Atelier Firis ~The Alchemist and the Mysterious Journey~ (3.61+!) [3.61],菲莉丝的炼金工房：不可思议旅的炼金术士 [需3.61及以上系统版本 | 日文版],DLC-ADDCOSTUME000004,フィリスのアトリエ イルメリア衣装『紅白アムール』,JPN
psvdlc,PCSG00929,Atelier Firis ~The Alchemist and the Mysterious Journey~ (3.61+!) [3.61],菲莉丝的炼金工房：不可思议旅的炼金术士 [需3.61及以上系统版本 | 日文版],DLC-BGMPACKGUST00001,フィリスのアトリエ ガスト歴代タイトルBGMパック,JPN
psvdlc,PCSG00929,Atelier Firis ~The Alchemist and the Mysterious Journey~ (3.61+!) [3.61],菲莉丝的炼金工房：不可思议旅的炼金术士 [需3.61及以上系统版本 | 日文版],DLC-ADDCOSTUME000013,フィリスのアトリエ シャノン衣装『クレストパラディン』,JPN
psvdlc,PCSG00929,Atelier Firis ~The Alchemist and the Mysterious Journey~ (3.61+!) [3.61],菲莉丝的炼金工房：不可思议旅的炼金术士 [需3.61及以上系统版本 | 日文版],DLC-ADDCOSTUME000007,フィリスのアトリエ シャノン衣装『桃色フレーズ』,JPN
psvdlc,PCSG00929,Atelier Firis ~The Alchemist and the Mysterious Journey~ (3.61+!) [3.61],菲莉丝的炼金工房：不可思议旅的炼金术士 [需3.61及以上系统版本 | 日文版],DLC-ADDCOSTUME000012,フィリスのアトリエ ソフィー衣装『グロリアスセイジ』,JPN
psvdlc,PCSG00929,Atelier Firis ~The Alchemist and the Mysterious Journey~ (3.61+!) [3.61],菲莉丝的炼金工房：不可思议旅的炼金术士 [需3.61及以上系统版本 | 日文版],DLC-ADDCOSTUME000006,フィリスのアトリエ ソフィー衣装『情熱のソレイユ』,JPN
psvdlc,PCSG00929,Atelier Firis ~The Alchemist and the Mysterious Journey~ (3.61+!) [3.61],菲莉丝的炼金工房：不可思议旅的炼金术士 [需3.61及以上系统版本 | 日文版],DLC-ADDCOSTUME000011,フィリスのアトリエ ドロッセル衣装『デュエルウォーリア』,JPN
psvdlc,PCSG00929,Atelier Firis ~The Alchemist and the Mysterious Journey~ (3.61+!) [3.61],菲莉丝的炼金工房：不可思议旅的炼金术士 [需3.61及以上系统版本 | 日文版],DLC-ADDCOSTUME000005,フィリスのアトリエ ドロッセル衣装『新緑のフォイユ』,JPN
psvdlc,PCSG00929,Atelier Firis ~The Alchemist and the Mysterious Journey~ (3.61+!) [3.61],菲莉丝的炼金工房：不可思议旅的炼金术士 [需3.61及以上系统版本 | 日文版],DLC-ADDCOSTUME000008,フィリスのアトリエ フィリス衣装『リチュアルクレリック』,JPN
psvdlc,PCSG00929,Atelier Firis ~The Alchemist and the Mysterious Journey~ (3.61+!) [3.61],菲莉丝的炼金工房：不可思议旅的炼金术士 [需3.61及以上系统版本 | 日文版],DLC-ADDCOSTUME000002,フィリスのアトリエ フィリス衣装『空色パピヨン』,JPN
psvdlc,PCSG00929,Atelier Firis ~The Alchemist and the Mysterious Journey~ (3.61+!) [3.61],菲莉丝的炼金工房：不可思议旅的炼金术士 [需3.61及以上系统版本 | 日文版],DLC-ADDCOSTUME000009,フィリスのアトリエ リアーネ衣装『ブレイブアーチャー』,JPN
psvdlc,PCSG00929,Atelier Firis ~The Alchemist and the Mysterious Journey~ (3.61+!) [3.61],菲莉丝的炼金工房：不可思议旅的炼金术士 [需3.61及以上系统版本 | 日文版],DLC-ADDCOSTUME000003,フィリスのアトリエ リアーネ衣装『夜のオニキス』,JPN
psvdlc,PCSG00929,Atelier Firis ~The Alchemist and the Mysterious Journey~ (3.61+!) [3.61],菲莉丝的炼金工房：不可思议旅的炼金术士 [需3.61及以上系统版本 | 日文版],DLC-ADDPARTYCHARA000,フィリスのアトリエ 追加キャラクター『シャノン』,JPN
psvdlc,PCSG00929,Atelier Firis ~The Alchemist and the Mysterious Journey~ (3.61+!) [3.61],菲莉丝的炼金工房：不可思议旅的炼金术士 [需3.61及以上系统版本 | 日文版],DLC-ADDPARTYCHARA001,フィリスのアトリエ 追加キャラクター『ハインツ』,JPN
psvdlc,PCSG00931,Plastic Memories,可塑性记忆 [日文版],DLC-PLASTICMEMORIES1,プラスティック メモリーズ アイラの着せ替え衣装「チャイナドレス」,JPN
psvdlc,PCSG00932,Itadaki Street: Dragon Quest & Final Fantasy 30th Anniversary (3.61+!) [3.63],骰动人生好运道：DQ & FF 30周年 [需3.63及以上系统版本 | 日文版],DLC-ACCONVVITACOIN06,いただきコイン 100枚セット その2 いただきストリートDQ&FF30th,JPN
psvdlc,PCSG00932,Itadaki Street: Dragon Quest & Final Fantasy 30th Anniversary (3.61+!) [3.63],骰动人生好运道：DQ & FF 30周年 [需3.63及以上系统版本 | 日文版],DLC-ACCONVVITADQ11XX,ドラゴンクエストXI 豪華詰め合わせセット いただきストリートDQ&FF30th,JPN
psvdlc,PCSG00932,Itadaki Street: Dragon Quest & Final Fantasy 30th Anniversary (3.61+!) [3.63],骰动人生好运道：DQ & FF 30周年 [需3.63及以上系统版本 | 日文版],DLC-ACCONVVITAMAP13X,マップ うさぎーランド いただきストリートDQ&FF30th,JPN
psvdlc,PCSG00932,Itadaki Street: Dragon Quest & Final Fantasy 30th Anniversary (3.61+!) [3.63],骰动人生好运道：DQ & FF 30周年 [需3.63及以上系统版本 | 日文版],DLC-ACCONVVITAMAP03X,マップ オラクルベリー いただきストリートDQ&FF30th,JPN
psvdlc,PCSG00932,Itadaki Street: Dragon Quest & Final Fantasy 30th Anniversary (3.61+!) [3.63],骰动人生好运道：DQ & FF 30周年 [需3.63及以上系统版本 | 日文版],DLC-ACCONVVITAMAP06X,マップ クイーンバニー いただきストリートDQ&FF30th,JPN
psvdlc,PCSG00932,Itadaki Street: Dragon Quest & Final Fantasy 30th Anniversary (3.61+!) [3.63],骰动人生好运道：DQ & FF 30周年 [需3.63及以上系统版本 | 日文版],DLC-ACCONVVITAMAP07X,マップ クローバーランド いただきストリートDQ&FF30th,JPN
psvdlc,PCSG00932,Itadaki Street: Dragon Quest & Final Fantasy 30th Anniversary (3.61+!) [3.63],骰动人生好运道：DQ & FF 30周年 [需3.63及以上系统版本 | 日文版],DLC-ACCONVVITAMAP04X,マップ サーキット いただきストリートDQ&FF30th,JPN
psvdlc,PCSG00932,Itadaki Street: Dragon Quest & Final Fantasy 30th Anniversary (3.61+!) [3.63],骰动人生好运道：DQ & FF 30周年 [需3.63及以上系统版本 | 日文版],DLC-ACCONVVITAMAP02X,マップ スタジアム いただきストリートDQ&FF30th,JPN
psvdlc,PCSG00932,Itadaki Street: Dragon Quest & Final Fantasy 30th Anniversary (3.61+!) [3.63],骰动人生好运道：DQ & FF 30周年 [需3.63及以上系统版本 | 日文版],DLC-ACCONVVITAMAP08X,マップ スラバッカ島 いただきストリートDQ&FF30th,JPN
psvdlc,PCSG00932,Itadaki Street: Dragon Quest & Final Fantasy 30th Anniversary (3.61+!) [3.63],骰动人生好运道：DQ & FF 30周年 [需3.63及以上系统版本 | 日文版],DLC-ACCONVVITAMAP01X,マップ ラダトーム城 いただきストリートDQ&FF30th,JPN
psvdlc,PCSG00932,Itadaki Street: Dragon Quest & Final Fantasy 30th Anniversary (3.61+!) [3.63],骰动人生好运道：DQ & FF 30周年 [需3.63及以上系统版本 | 日文版],DLC-ACCONVVITAMAP16X,マップ ラバナスタ いただきストリートDQ&FF30th,JPN
psvdlc,PCSG00932,Itadaki Street: Dragon Quest & Final Fantasy 30th Anniversary (3.61+!) [3.63],骰动人生好运道：DQ & FF 30周年 [需3.63及以上系统版本 | 日文版],DLC-ACCONVVITAMAP09X,マップ ラーミア いただきストリートDQ&FF30th,JPN
psvdlc,PCSG00932,Itadaki Street: Dragon Quest & Final Fantasy 30th Anniversary (3.61+!) [3.63],骰动人生好运道：DQ & FF 30周年 [需3.63及以上系统版本 | 日文版],DLC-ACCONVVITAMAP15X,マップ レインフォレスト いただきストリートDQ&FF30th,JPN
psvdlc,PCSG00932,Itadaki Street: Dragon Quest & Final Fantasy 30th Anniversary (3.61+!) [3.63],骰动人生好运道：DQ & FF 30周年 [需3.63及以上系统版本 | 日文版],DLC-ACCONVVITAMAP11X,マップ 旧古代図書館 いただきストリートDQ&FF30th,JPN
psvdlc,PCSG00932,Itadaki Street: Dragon Quest & Final Fantasy 30th Anniversary (3.61+!) [3.63],骰动人生好运道：DQ & FF 30周年 [需3.63及以上系统版本 | 日文版],DLC-ACCONVVITAMAP05X,マップ 海底都市 いただきストリートDQ&FF30th,JPN
psvdlc,PCSG00932,Itadaki Street: Dragon Quest & Final Fantasy 30th Anniversary (3.61+!) [3.63],骰动人生好运道：DQ & FF 30周年 [需3.63及以上系统版本 | 日文版],DLC-ACCONVVITAMAP10X,マップ 結晶の塔 いただきストリートDQ&FF30th,JPN
psvdlc,PCSG00932,Itadaki Street: Dragon Quest & Final Fantasy 30th Anniversary (3.61+!) [3.63],骰动人生好运道：DQ & FF 30周年 [需3.63及以上系统版本 | 日文版],DLC-ACCONVVITAMAP12X,マップ 聖風の谷 いただきストリートDQ&FF30th,JPN
psvdlc,PCSG00932,Itadaki Street: Dragon Quest & Final Fantasy 30th Anniversary (3.61+!) [3.63],骰动人生好运道：DQ & FF 30周年 [需3.63及以上系统版本 | 日文版],DLC-ACCONVVITAMAP14X,マップ 貝がら島 いただきストリートDQ&FF30th,JPN
psvdlc,PCSG00939,Omega Labyrinth Z (3.61+!) [3.63],ω欧米伽迷宫 Z [需3.63及以上系统版本 | 日文版],DLC-DRM0000000010110,Zシールド,JPN
psvdlc,PCSG00939,Omega Labyrinth Z (3.61+!) [3.63],ω欧米伽迷宫 Z [需3.63及以上系统版本 | 日文版],DLC-DRM0000000010090,Zブレード,JPN
psvdlc,PCSG00939,Omega Labyrinth Z (3.61+!) [3.63],ω欧米伽迷宫 Z [需3.63及以上系统版本 | 日文版],DLC-DRM0000000020070,うらら_水着ver,JPN
psvdlc,PCSG00939,Omega Labyrinth Z (3.61+!) [3.63],ω欧米伽迷宫 Z [需3.63及以上系统版本 | 日文版],DLC-DRM0000000020020,なこ_水着ver,JPN
psvdlc,PCSG00939,Omega Labyrinth Z (3.61+!) [3.63],ω欧米伽迷宫 Z [需3.63及以上系统版本 | 日文版],DLC-DRM0000000012020,なこの歌,JPN
psvdlc,PCSG00939,Omega Labyrinth Z (3.61+!) [3.63],ω欧米伽迷宫 Z [需3.63及以上系统版本 | 日文版],DLC-DRM0000000020080,夢美_水着ver,JPN
psvdlc,PCSG00939,Omega Labyrinth Z (3.61+!) [3.63],ω欧米伽迷宫 Z [需3.63及以上系统版本 | 日文版],DLC-DRM0000000020010,愛那_水着ver,JPN
psvdlc,PCSG00939,Omega Labyrinth Z (3.61+!) [3.63],ω欧米伽迷宫 Z [需3.63及以上系统版本 | 日文版],DLC-DRM0000000012010,愛那の歌,JPN
psvdlc,PCSG00939,Omega Labyrinth Z (3.61+!) [3.63],ω欧米伽迷宫 Z [需3.63及以上系统版本 | 日文版],DLC-DRM0000000020040,真理華_水着ver,JPN
psvdlc,PCSG00939,Omega Labyrinth Z (3.61+!) [3.63],ω欧米伽迷宫 Z [需3.63及以上系统版本 | 日文版],DLC-DRM0000000012040,真理華の歌,JPN
psvdlc,PCSG00939,Omega Labyrinth Z (3.61+!) [3.63],ω欧米伽迷宫 Z [需3.63及以上系统版本 | 日文版],DLC-DRM0000000020030,紗衣里_水着ver,JPN
psvdlc,PCSG00939,Omega Labyrinth Z (3.61+!) [3.63],ω欧米伽迷宫 Z [需3.63及以上系统版本 | 日文版],DLC-DRM0000000012030,紗衣里の歌,JPN
psvdlc,PCSG00939,Omega Labyrinth Z (3.61+!) [3.63],ω欧米伽迷宫 Z [需3.63及以上系统版本 | 日文版],DLC-DRM0000000020050,美玲_水着ver,JPN
psvdlc,PCSG00939,Omega Labyrinth Z (3.61+!) [3.63],ω欧米伽迷宫 Z [需3.63及以上系统版本 | 日文版],DLC-DRM0000000012050,美玲の歌,JPN
psvdlc,PCSG00939,Omega Labyrinth Z (3.61+!) [3.63],ω欧米伽迷宫 Z [需3.63及以上系统版本 | 日文版],DLC-DRM0000000020060,莉央_水着ver,JPN
psvdlc,PCSG00947,Macross Delta Scramble (3.61+!) [3.61],超时空要塞Δ：紧急起飞 [需3.61及以上系统版本 | 日文版],DLC-DLCPACKAGE000200,マクロスΔスクランブル エクストラ追加パック,JPN
psvdlc,PCSG00947,Macross Delta Scramble (3.61+!) [3.61],超时空要塞Δ：紧急起飞 [需3.61及以上系统版本 | 日文版],DLC-DLCPACKAGE000009,マクロスΔスクランブル 追加パック,JPN
psvdlc,PCSG00947,Macross Delta Scramble (3.61+!) [3.61],超时空要塞Δ：紧急起飞 [需3.61及以上系统版本 | 日文版],DLC-DLCPACKAGE000002,追加機体:VF-31J 特別塗装フレイア・ヴィオン,JPN
psvdlc,PCSG00947,Macross Delta Scramble (3.61+!) [3.61],超时空要塞Δ：紧急起飞 [需3.61及以上系统版本 | 日文版],DLC-DLCPACKAGE000001,追加機体:VF-31S 特別塗装美雲・ギンヌメール,JPN
psvdlc,PCSG00949,San Goku Shi 13 with Power-Up Kit,三国志 13 威力加强版 [需3.63及以上系统版本 | 日文版],DLC-SAN13FACESET0000,「三国志」タイアップ武将CGセット,JPN
psvdlc,PCSG00949,San Goku Shi 13 with Power-Up Kit,三国志 13 威力加强版 [需3.63及以上系统版本 | 日文版],DLC-SAN13SPFACE00011,「三国志魂(スピリッツ)」タイアップ荒川弘デザイン武将CG「甘寧呂布」,JPN
psvdlc,PCSG00949,San Goku Shi 13 with Power-Up Kit,三国志 13 威力加强版 [需3.63及以上系统版本 | 日文版],DLC-SAN13SPFACE00007,「趙雲」特典武将CG,JPN
psvdlc,PCSG00949,San Goku Shi 13 with Power-Up Kit,三国志 13 威力加强版 [需3.63及以上系统版本 | 日文版],DLC-SAN13WPKSPSET000,『100万人の三國志』コラボセット,JPN
psvdlc,PCSG00949,San Goku Shi 13 with Power-Up Kit,三国志 13 威力加强版 [需3.63及以上系统版本 | 日文版],DLC-SAN13WPKSPFACE30,『三国志大戦』タイアップ武将CGセット,JPN
psvdlc,PCSG00949,San Goku Shi 13 with Power-Up Kit,三国志 13 威力加强版 [需3.63及以上系统版本 | 日文版],DLC-SAN13SPSNA000005,『三國志』シナリオ案最優秀作品セット,JPN
psvdlc,PCSG00949,San Goku Shi 13 with Power-Up Kit,三国志 13 威力加强版 [需3.63及以上系统版本 | 日文版],DLC-SAN13WPKSPDATA01,シブサワ・コウ35周年記念 古武将セット,JPN
psvdlc,PCSG00949,San Goku Shi 13 with Power-Up Kit,三国志 13 威力加强版 [需3.63及以上系统版本 | 日文版],DLC-SAN13WPKSPFACE19,ファンが選ぶ復刻武将CGセット,JPN
psvdlc,PCSG00949,San Goku Shi 13 with Power-Up Kit,三国志 13 威力加强版 [需3.63及以上系统版本 | 日文版],DLC-SAN13WPKSPFACE23,川本喜八郎 三国志人形武将CGセット,JPN
psvdlc,PCSG00949,San Goku Shi 13 with Power-Up Kit,三国志 13 威力加强版 [需3.63及以上系统版本 | 日文版],DLC-SAN13SPFACE00014,歴代武将CGセット,JPN
psvdlc,PCSG00949,San Goku Shi 13 with Power-Up Kit,三国志 13 威力加强版 [需3.63及以上系统版本 | 日文版],DLC-SAN13SPFACE00016,歴史シミュレーションゲーム『三國志』の日 記念コンテンツ,JPN
psvdlc,PCSG00949,San Goku Shi 13 with Power-Up Kit,三国志 13 威力加强版 [需3.63及以上系统版本 | 日文版],DLC-SAN13BGMSET00000,追加BGM『三國志12』セット,JPN
psvdlc,PCSG00949,San Goku Shi 13 with Power-Up Kit,三国志 13 威力加强版 [需3.63及以上系统版本 | 日文版],DLC-SAN13SPSNA000004,追加シナリオ「軍神包囲網」,JPN
psvdlc,PCSG00949,San Goku Shi 13 with Power-Up Kit,三国志 13 威力加强版 [需3.63及以上系统版本 | 日文版],DLC-SAN13DATASET0000,追加武将データ 古武将セット,JPN
psvdlc,PCSG00949,San Goku Shi 13 with Power-Up Kit,三国志 13 威力加强版 [需3.63及以上系统版本 | 日文版],DLC-SAN13WPKEDITEV00,追加特典オリジナルイベントセット,JPN
psvdlc,PCSG00952,Akiba's Beat (3.61+!) [3.63],秋叶原妄想物语 [需3.63及以上系统版本 | 日文版],DLC-AKBTTSYA30000001,アクワイアちゃんTシャツ,JPN
psvdlc,PCSG00952,Akiba's Beat (3.61+!) [3.63],秋叶原妄想物语 [需3.63及以上系统版本 | 日文版],DLC-AKBTMAID10000001,アサヒ:執事(茶),JPN
psvdlc,PCSG00952,Akiba's Beat (3.61+!) [3.63],秋叶原妄想物语 [需3.63及以上系统版本 | 日文版],DLC-AKBTMAID10000005,コトミ:メイド(茶),JPN
psvdlc,PCSG00952,Akiba's Beat (3.61+!) [3.63],秋叶原妄想物语 [需3.63及以上系统版本 | 日文版],DLC-AKBTMAID10000002,サキ:メイド(茶),JPN
psvdlc,PCSG00952,Akiba's Beat (3.61+!) [3.63],秋叶原妄想物语 [需3.63及以上系统版本 | 日文版],DLC-AKBTTSYA00000001,ファミ通Tシャツ,JPN
psvdlc,PCSG00952,Akiba's Beat (3.61+!) [3.63],秋叶原妄想物语 [需3.63及以上系统版本 | 日文版],DLC-AKBTMAID10000007,ミズキ:執事(茶),JPN
psvdlc,PCSG00952,Akiba's Beat (3.61+!) [3.63],秋叶原妄想物语 [需3.63及以上系统版本 | 日文版],DLC-AKBTMAID10000003,リユ:メイド(茶),JPN
psvdlc,PCSG00952,Akiba's Beat (3.61+!) [3.63],秋叶原妄想物语 [需3.63及以上系统版本 | 日文版],DLC-AKBTTSYA10000001,電撃Tシャツ,JPN
psvdlc,PCSG00962,Valkyria Revolution (3.61+!) [3.63],苍蓝革命之女武神 [需3.63及以上系统版本 | 日文版],DLC-ARVALKYRIEDL0013,蒼き革命のヴァルキュリア DLC ただ、遺志の前に立ち,JPN
psvdlc,PCSG00962,Valkyria Revolution (3.61+!) [3.63],苍蓝革命之女武神 [需3.63及以上系统版本 | 日文版],DLC-ARVALKYRIEDL0304,蒼き革命のヴァルキュリア DLC グラビティ 10+ PlayStation®Plus加入者特典,JPN
psvdlc,PCSG00962,Valkyria Revolution (3.61+!) [3.63],苍蓝革命之女武神 [需3.63及以上系统版本 | 日文版],DLC-ARVALKYRIEDL0309,蒼き革命のヴァルキュリア DLC シャインキャリバー+ 特典,JPN
psvdlc,PCSG00962,Valkyria Revolution (3.61+!) [3.63],苍蓝革命之女武神 [需3.63及以上系统版本 | 日文版],DLC-ARVALKYRIEDL0308,蒼き革命のヴァルキュリア DLC ジャンパーウィンド+ プレイヤーズナビゲーター特典,JPN
psvdlc,PCSG00962,Valkyria Revolution (3.61+!) [3.63],苍蓝革命之女武神 [需3.63及以上系统版本 | 日文版],DLC-ARVALKYRIEDL0302,蒼き革命のヴァルキュリア DLC スマッシュブレイズ+ Amazon.co.jp特典,JPN
psvdlc,PCSG00962,Valkyria Revolution (3.61+!) [3.63],苍蓝革命之女武神 [需3.63及以上系统版本 | 日文版],DLC-ARVALKYRIEDL0301,蒼き革命のヴァルキュリア DLC タイムフレックス+ 初回特典,JPN
psvdlc,PCSG00962,Valkyria Revolution (3.61+!) [3.63],苍蓝革命之女武神 [需3.63及以上系统版本 | 日文版],DLC-ARVALKYRIEDL0311,蒼き革命のヴァルキュリア DLC バーンフィールド+,JPN
psvdlc,PCSG00962,Valkyria Revolution (3.61+!) [3.63],苍蓝革命之女武神 [需3.63及以上系统版本 | 日文版],DLC-ARVALKYRIEDL0303,蒼き革命のヴァルキュリア DLC ヒールフィールド+ DL版予約特典,JPN
psvdlc,PCSG00962,Valkyria Revolution (3.61+!) [3.63],苍蓝革命之女武神 [需3.63及以上系统版本 | 日文版],DLC-ARVALKYRIEDL0305,蒼き革命のヴァルキュリア DLC フォールアース+ 事前登録特典,JPN
psvdlc,PCSG00962,Valkyria Revolution (3.61+!) [3.63],苍蓝革命之女武神 [需3.63及以上系统版本 | 日文版],DLC-ARVALKYRIEDL0209,蒼き革命のヴァルキュリア DLC ラグナイトのかけら 特典,JPN
psvdlc,PCSG00962,Valkyria Revolution (3.61+!) [3.63],苍蓝革命之女武神 [需3.63及以上系统版本 | 日文版],DLC-ARVALKYRIEDL0307,蒼き革命のヴァルキュリア DLC ラッシュボルト+ 電撃PlayStation®特典,JPN
psvdlc,PCSG00962,Valkyria Revolution (3.61+!) [3.63],苍蓝革命之女武神 [需3.63及以上系统版本 | 日文版],DLC-ARVALKYRIEDL0306,蒼き革命のヴァルキュリア DLC リングスコール+ 週刊ファミ通特典,JPN
psvdlc,PCSG00962,Valkyria Revolution (3.61+!) [3.63],苍蓝革命之女武神 [需3.63及以上系统版本 | 日文版],DLC-ARVALKYRIEDL0003,蒼き革命のヴァルキュリア DLC ヴァナルガンド結成,JPN
psvdlc,PCSG00962,Valkyria Revolution (3.61+!) [3.63],苍蓝革命之女武神 [需3.63及以上系统版本 | 日文版],DLC-ARVALKYRIEDL0007,蒼き革命のヴァルキュリア DLC 咒体の戦士、その名は,JPN
psvdlc,PCSG00962,Valkyria Revolution (3.61+!) [3.63],苍蓝革命之女武神 [需3.63及以上系统版本 | 日文版],DLC-ARVALKYRIEDL0009,蒼き革命のヴァルキュリア DLC 在りし日の約束,JPN
psvdlc,PCSG00962,Valkyria Revolution (3.61+!) [3.63],苍蓝革命之女武神 [需3.63及以上系统版本 | 日文版],DLC-ARVALKYRIEDL0002,蒼き革命のヴァルキュリア DLC 大罪人たちの日常,JPN
psvdlc,PCSG00962,Valkyria Revolution (3.61+!) [3.63],苍蓝革命之女武神 [需3.63及以上系统版本 | 日文版],DLC-ARVALKYRIEDL0011,蒼き革命のヴァルキュリア DLC 契約の指輪,JPN
psvdlc,PCSG00962,Valkyria Revolution (3.61+!) [3.63],苍蓝革命之女武神 [需3.63及以上系统版本 | 日文版],DLC-ARVALKYRIEDL0005,蒼き革命のヴァルキュリア DLC 姫のはらぺこ事件,JPN
psvdlc,PCSG00962,Valkyria Revolution (3.61+!) [3.63],苍蓝革命之女武神 [需3.63及以上系统版本 | 日文版],DLC-ARVALKYRIEDL0010,蒼き革命のヴァルキュリア DLC 孤児たちの夢,JPN
psvdlc,PCSG00962,Valkyria Revolution (3.61+!) [3.63],苍蓝革命之女武神 [需3.63及以上系统版本 | 日文版],DLC-ARVALKYRIEDL0014,蒼き革命のヴァルキュリア DLC 彼の家までの道,JPN
psvdlc,PCSG00962,Valkyria Revolution (3.61+!) [3.63],苍蓝革命之女武神 [需3.63及以上系统版本 | 日文版],DLC-ARVALKYRIEDL0001,蒼き革命のヴァルキュリア DLC 惚れた弱みの勝ち知らず,JPN
psvdlc,PCSG00962,Valkyria Revolution (3.61+!) [3.63],苍蓝革命之女武神 [需3.63及以上系统版本 | 日文版],DLC-ARVALKYRIEDL0008,蒼き革命のヴァルキュリア DLC 戦場の独唱者,JPN
psvdlc,PCSG00962,Valkyria Revolution (3.61+!) [3.63],苍蓝革命之女武神 [需3.63及以上系统版本 | 日文版],DLC-ARVALKYRIEDL0004,蒼き革命のヴァルキュリア DLC 狼たちの一日,JPN
psvdlc,PCSG00962,Valkyria Revolution (3.61+!) [3.63],苍蓝革命之女武神 [需3.63及以上系统版本 | 日文版],DLC-ARVALKYRIEDL0006,蒼き革命のヴァルキュリア DLC 男達の哀歌,JPN
psvdlc,PCSG00962,Valkyria Revolution (3.61+!) [3.63],苍蓝革命之女武神 [需3.63及以上系统版本 | 日文版],DLC-ARVALKYRIEDL0012,蒼き革命のヴァルキュリア DLC 花の研鑽,JPN
psvdlc,PCSG00962,Valkyria Revolution (3.61+!) [3.63],苍蓝革命之女武神 [需3.63及以上系统版本 | 日文版],DLC-ARVALKYRIEDL0101,蒼き革命のヴァルキュリア DLC BDU支援要請:熟練のポーチ+,JPN
psvdlc,PCSG00972,METAL MAX Xeno (3.61+!) [3.67],重装骑兵 Xeno [需3.67及以上系统版本 | 日文版],DLC-MMXDLC03CWEAPONS,戦車武器「8連装ゲオロチ」,JPN
psvdlc,PCSG00977,Touhou Genso Maroku W: The Devil of Decline (3.61+!) [3.65],东方幻想魔录 W [需3.65及以上系统版本 | 日文版],DLC-ICHIGOBOSE001602,東方幻想魔録W 式神追加パッケージ,JPN
psvdlc,PCSG00985,Touhou Genso Wanderer (3.61+!) [3.61],不可思议的幻想乡 [需3.61及以上系统版本 | 日文版],DLC-ADDCONT000000013,不思議の幻想郷TODR -THE ELEGANCE-,JPN
psvdlc,PCSG00985,Touhou Genso Wanderer (3.61+!) [3.61],不可思议的幻想乡 [需3.61及以上系统版本 | 日文版],DLC-ADDCONT000000001,博麗霊夢・サンタクロース衣装,JPN
psvdlc,PCSG00985,Touhou Genso Wanderer (3.61+!) [3.61],不可思议的幻想乡 [需3.61及以上系统版本 | 日文版],DLC-ADDCONT000000003,追加プレイヤーキャラ「アリス・マーガトロイド」,JPN
psvdlc,PCSG00985,Touhou Genso Wanderer (3.61+!) [3.61],不可思议的幻想乡 [需3.61及以上系统版本 | 日文版],DLC-ADDCONT000000012,追加プレイヤーキャラ「チルノ」,JPN
psvdlc,PCSG00985,Touhou Genso Wanderer (3.61+!) [3.61],不可思议的幻想乡 [需3.61及以上系统版本 | 日文版],DLC-ADDCONT000000002,追加プレイヤーキャラ「フランドール・スカーレット」,JPN
psvdlc,PCSG00985,Touhou Genso Wanderer (3.61+!) [3.61],不可思议的幻想乡 [需3.61及以上系统版本 | 日文版],DLC-ADDCONT000000009,追加プレイヤーキャラ「レイセン」,JPN
psvdlc,PCSG00985,Touhou Genso Wanderer (3.61+!) [3.61],不可思议的幻想乡 [需3.61及以上系统版本 | 日文版],DLC-ADDCONT000000005,追加プレイヤーキャラ「十六夜咲夜」&サイドストーリー,JPN
psvdlc,PCSG00985,Touhou Genso Wanderer (3.61+!) [3.61],不可思议的幻想乡 [需3.61及以上系统版本 | 日文版],DLC-ADDCONT000000010,追加プレイヤーキャラ「古明地さとり」,JPN
psvdlc,PCSG00985,Touhou Genso Wanderer (3.61+!) [3.61],不可思议的幻想乡 [需3.61及以上系统版本 | 日文版],DLC-ADDCONT000000015,追加プレイヤーキャラ「大妖精」,JPN
psvdlc,PCSG00985,Touhou Genso Wanderer (3.61+!) [3.61],不可思议的幻想乡 [需3.61及以上系统版本 | 日文版],DLC-ADDCONT000000014,追加プレイヤーキャラ「比那名居天子」,JPN
psvdlc,PCSG00985,Touhou Genso Wanderer (3.61+!) [3.61],不可思议的幻想乡 [需3.61及以上系统版本 | 日文版],DLC-ADDCONT000000006,追加プレイヤーキャラ「洩矢諏訪子」,JPN
psvdlc,PCSG00985,Touhou Genso Wanderer (3.61+!) [3.61],不可思议的幻想乡 [需3.61及以上系统版本 | 日文版],DLC-ADDCONT000000011,追加プレイヤーキャラ「秦こころ」,JPN
psvdlc,PCSG00985,Touhou Genso Wanderer (3.61+!) [3.61],不可思议的幻想乡 [需3.61及以上系统版本 | 日文版],DLC-ADDCONT000000008,追加プレイヤーキャラ「茨木華扇」,JPN
psvdlc,PCSG00985,Touhou Genso Wanderer (3.61+!) [3.61],不可思议的幻想乡 [需3.61及以上系统版本 | 日文版],DLC-ADDCONT000000007,追加プレイヤーキャラ「蘇我屠自古」,JPN
psvdlc,PCSG00985,Touhou Genso Wanderer (3.61+!) [3.61],不可思议的幻想乡 [需3.61及以上系统版本 | 日文版],DLC-ADDCONT000000004,追加プレイヤーキャラ「霊烏路空」,JPN
psvdlc,PCSG00986,Nights of Azure 2: Bride of the New Moon (3.61+!) [3.65],无夜国度 2：新月的新娘 [需3.65及以上系统版本 | 日文版],DLC-NIGHTSOFAZURE023,アルーシェ専用衣装「不思議な旅の錬金術士」,JPN
psvdlc,PCSG00986,Nights of Azure 2: Bride of the New Moon (3.61+!) [3.65],无夜国度 2：新月的新娘 [需3.65及以上系统版本 | 日文版],DLC-NIGHTSOFAZURE053,アルーシェ専用衣装「刻人の拘束具」,JPN
psvdlc,PCSG00986,Nights of Azure 2: Bride of the New Moon (3.61+!) [3.65],无夜国度 2：新月的新娘 [需3.65及以上系统版本 | 日文版],DLC-NIGHTSOFAZURE033,アルーシェ専用衣装「青き響きの学生服」,JPN
psvdlc,PCSG00986,Nights of Azure 2: Bride of the New Moon (3.61+!) [3.65],无夜国度 2：新月的新娘 [需3.65及以上系统版本 | 日文版],DLC-NIGHTSOFAZURE012,特製従魔「プニ」,JPN
psvdlc,PCSG00986,Nights of Azure 2: Bride of the New Moon (3.61+!) [3.65],无夜国度 2：新月的新娘 [需3.65及以上系统版本 | 日文版],DLC-NIGHTSOFAZURE024,追加マップ「幻のドルチェ・テーラ」,JPN
psvdlc,PCSG00986,Nights of Azure 2: Bride of the New Moon (3.61+!) [3.65],无夜国度 2：新月的新娘 [需3.65及以上系统版本 | 日文版],DLC-NIGHTSOFAZURE014,追加マップ「彷徨える聖櫃船」,JPN
psvdlc,PCSG00987,Blue Reflection: Maboroshi ni Mau - Shoujo no Ken (3.61+!) [3.63],蓝色反射：幻舞少女之剑 [需3.63及以上系统版本 | 日文版],DLC-ADDCOSTUME00G000,BLUE REFLECTION スクール水着,JPN
psvdlc,PCSG00987,Blue Reflection: Maboroshi ni Mau - Shoujo no Ken (3.61+!) [3.63],蓝色反射：幻舞少女之剑 [需3.63及以上系统版本 | 日文版],DLC-ADDSKIN000000000,BLUE REFLECTION フリスペ!着せ替えテーマ,JPN
psvdlc,PCSG00987,Blue Reflection: Maboroshi ni Mau - Shoujo no Ken (3.61+!) [3.63],蓝色反射：幻舞少女之剑 [需3.63及以上系统版本 | 日文版],DLC-ADDCOSTUME00Z000,「ガスト美少女祭り」コラボ特別衣装(BLUE REFRECTION 幻に舞う少女の剣),JPN
psvdlc,PCSG00987,Blue Reflection: Maboroshi ni Mau - Shoujo no Ken (3.61+!) [3.63],蓝色反射：幻舞少女之剑 [需3.63及以上系统版本 | 日文版],DLC-ADDCOSTUME00M000,『FINAL FANTASY XV』 コラボレーション衣装,JPN
psvdlc,PCSG00987,Blue Reflection: Maboroshi ni Mau - Shoujo no Ken (3.61+!) [3.63],蓝色反射：幻舞少女之剑 [需3.63及以上系统版本 | 日文版],DLC-ADDCOSTUME00B000,おでかけ夏コーデAセット(日菜子/更紗/麻央),JPN
psvdlc,PCSG00987,Blue Reflection: Maboroshi ni Mau - Shoujo no Ken (3.61+!) [3.63],蓝色反射：幻舞少女之剑 [需3.63及以上系统版本 | 日文版],DLC-ADDCOSTUME00B001,おでかけ夏コーデBセット(夕月/しほり/圭),JPN
psvdlc,PCSG00987,Blue Reflection: Maboroshi ni Mau - Shoujo no Ken (3.61+!) [3.63],蓝色反射：幻舞少女之剑 [需3.63及以上系统版本 | 日文版],DLC-ADDCOSTUME00B002,おでかけ夏コーデCセット(来夢/史緒/千紘),JPN
psvdlc,PCSG00987,Blue Reflection: Maboroshi ni Mau - Shoujo no Ken (3.61+!) [3.63],蓝色反射：幻舞少女之剑 [需3.63及以上系统版本 | 日文版],DLC-ADDCOSTUME00B003,おでかけ夏コーデDセット(早苗/亜子/有理),JPN
psvdlc,PCSG00987,Blue Reflection: Maboroshi ni Mau - Shoujo no Ken (3.61+!) [3.63],蓝色反射：幻舞少女之剑 [需3.63及以上系统版本 | 日文版],DLC-ADDCOSTUME00B004,おでかけ夏コーデEセット(凛/香織/梨佳),JPN
psvdlc,PCSG00987,Blue Reflection: Maboroshi ni Mau - Shoujo no Ken (3.61+!) [3.63],蓝色反射：幻舞少女之剑 [需3.63及以上系统版本 | 日文版],DLC-ADDCOSTUME00A000,セーラー水着Aセット(日菜子/更紗/麻央),JPN
psvdlc,PCSG00987,Blue Reflection: Maboroshi ni Mau - Shoujo no Ken (3.61+!) [3.63],蓝色反射：幻舞少女之剑 [需3.63及以上系统版本 | 日文版],DLC-ADDCOSTUME00A001,セーラー水着Bセット(夕月/しほり/圭),JPN
psvdlc,PCSG00987,Blue Reflection: Maboroshi ni Mau - Shoujo no Ken (3.61+!) [3.63],蓝色反射：幻舞少女之剑 [需3.63及以上系统版本 | 日文版],DLC-ADDCOSTUME00A002,セーラー水着Cセット(来夢/史緒/千紘),JPN
psvdlc,PCSG00987,Blue Reflection: Maboroshi ni Mau - Shoujo no Ken (3.61+!) [3.63],蓝色反射：幻舞少女之剑 [需3.63及以上系统版本 | 日文版],DLC-ADDCOSTUME00A003,セーラー水着Dセット(早苗/亜子/有理),JPN
psvdlc,PCSG00987,Blue Reflection: Maboroshi ni Mau - Shoujo no Ken (3.61+!) [3.63],蓝色反射：幻舞少女之剑 [需3.63及以上系统版本 | 日文版],DLC-ADDCOSTUME00A004,セーラー水着Eセット(凛/香織/梨佳),JPN
psvdlc,PCSG00987,Blue Reflection: Maboroshi ni Mau - Shoujo no Ken (3.61+!) [3.63],蓝色反射：幻舞少女之剑 [需3.63及以上系统版本 | 日文版],DLC-ADDCOSTUME00D000,バカンススタイルAセット(日菜子/更紗/麻央),JPN
psvdlc,PCSG00987,Blue Reflection: Maboroshi ni Mau - Shoujo no Ken (3.61+!) [3.63],蓝色反射：幻舞少女之剑 [需3.63及以上系统版本 | 日文版],DLC-ADDCOSTUME00D001,バカンススタイルBセット(夕月/しほり/圭),JPN
psvdlc,PCSG00987,Blue Reflection: Maboroshi ni Mau - Shoujo no Ken (3.61+!) [3.63],蓝色反射：幻舞少女之剑 [需3.63及以上系统版本 | 日文版],DLC-ADDCOSTUME00D002,バカンススタイルCセット(来夢/史緒/千紘),JPN
psvdlc,PCSG00987,Blue Reflection: Maboroshi ni Mau - Shoujo no Ken (3.61+!) [3.63],蓝色反射：幻舞少女之剑 [需3.63及以上系统版本 | 日文版],DLC-ADDCOSTUME00D003,バカンススタイルDセット(早苗/亜子/有理),JPN
psvdlc,PCSG00987,Blue Reflection: Maboroshi ni Mau - Shoujo no Ken (3.61+!) [3.63],蓝色反射：幻舞少女之剑 [需3.63及以上系统版本 | 日文版],DLC-ADDCOSTUME00D004,バカンススタイルEセット(凛/香織/梨佳),JPN
psvdlc,PCSG00987,Blue Reflection: Maboroshi ni Mau - Shoujo no Ken (3.61+!) [3.63],蓝色反射：幻舞少女之剑 [需3.63及以上系统版本 | 日文版],DLC-ADDCOSTUME00C000,バスタオルAセット(日菜子/更紗/麻央),JPN
psvdlc,PCSG00987,Blue Reflection: Maboroshi ni Mau - Shoujo no Ken (3.61+!) [3.63],蓝色反射：幻舞少女之剑 [需3.63及以上系统版本 | 日文版],DLC-ADDCOSTUME00C001,バスタオルBセット(夕月/しほり/圭),JPN
psvdlc,PCSG00987,Blue Reflection: Maboroshi ni Mau - Shoujo no Ken (3.61+!) [3.63],蓝色反射：幻舞少女之剑 [需3.63及以上系统版本 | 日文版],DLC-ADDCOSTUME00C002,バスタオルCセット(来夢/史緒/千紘),JPN
psvdlc,PCSG00987,Blue Reflection: Maboroshi ni Mau - Shoujo no Ken (3.61+!) [3.63],蓝色反射：幻舞少女之剑 [需3.63及以上系统版本 | 日文版],DLC-ADDCOSTUME00C003,バスタオルDセット(早苗/亜子/有理),JPN
psvdlc,PCSG00987,Blue Reflection: Maboroshi ni Mau - Shoujo no Ken (3.61+!) [3.63],蓝色反射：幻舞少女之剑 [需3.63及以上系统版本 | 日文版],DLC-ADDCOSTUME00C004,バスタオルEセット(凛/香織/梨佳),JPN
psvdlc,PCSG00987,Blue Reflection: Maboroshi ni Mau - Shoujo no Ken (3.61+!) [3.63],蓝色反射：幻舞少女之剑 [需3.63及以上系统版本 | 日文版],DLC-ADDSCENARIO00A00,特別イベント,JPN
psvdlc,PCSG00989,Moe Moe 2-Ji Daisenryaku 3 (3.61+!) [3.63],萌萌2次大战 (略)3 [需3.63及以上系统版本 | 日文版],DLC-DLCCHAR000000001,特別キャラクター:ビスマルク(パフェ),JPN
psvdlc,PCSG00998,Winning Post 8 2017,赛马大亨 8 2017 [日文版],DLC-DLC0000000000000,Winning Post 8 2017 - 追加コンテンツ  新秘書・姫神ノエル,JPN
psvdlc,PCSG01005,Shiin (3.61+!) [3.63],死印 [需3.63及以上系统版本 | 日文版],DLC-EXPHORRORDLC0002,『死印』ボイスドラマ:九条館の日常(4話収録),JPN
psvdlc,PCSG01005,Shiin (3.61+!) [3.63],死印 [需3.63及以上系统版本 | 日文版],DLC-EXPHORRORDLC0001,死印「第六章:雨の赤ずきん」追加エピソード,JPN
psvdlc,PCSG01013,Gun Gun Pixies (3.61+!) [3.63],枪枪精灵 [需3.63及以上系统版本 | 日文版],DLC-ADDCONTENTDLC002,アマヨ・ヘルメット,JPN
psvdlc,PCSG01013,Gun Gun Pixies (3.61+!) [3.63],枪枪精灵 [需3.63及以上系统版本 | 日文版],DLC-ADDCONTENTDLC006,エリ・ヘルメット,JPN
psvdlc,PCSG01013,Gun Gun Pixies (3.61+!) [3.63],枪枪精灵 [需3.63及以上系统版本 | 日文版],DLC-ADDCONTENTDLC004,キラ・ヘルメット,JPN
psvdlc,PCSG01013,Gun Gun Pixies (3.61+!) [3.63],枪枪精灵 [需3.63及以上系统版本 | 日文版],DLC-ADDCONTENTDLC005,ミサ・ヘルメット,JPN
psvdlc,PCSG01013,Gun Gun Pixies (3.61+!) [3.63],枪枪精灵 [需3.63及以上系统版本 | 日文版],DLC-ADDCONTENTDLC003,ミナミ・ヘルメット,JPN
psvdlc,PCSG01013,Gun Gun Pixies (3.61+!) [3.63],枪枪精灵 [需3.63及以上系统版本 | 日文版],DLC-ADDCONTENTDLC007,早期解禁女神パス,JPN
psvdlc,PCSG01016,Accel World vs Sword Art Online: Millennium Twilight (3.61+!) [3.63],加速世界 VS 刀剑神域：千年黄昏 [需3.63及以上系统版本 | 日文版],DLC-DLCPACKAGE000140,ハルユキ人形,JPN
psvdlc,PCSG01016,Accel World vs Sword Art Online: Millennium Twilight (3.61+!) [3.63],加速世界 VS 刀剑神域：千年黄昏 [需3.63及以上系统版本 | 日文版],DLC-DLCPACKAGE000080,プレイアブルキャラクター「サチALOver.」,JPN
psvdlc,PCSG01016,Accel World vs Sword Art Online: Millennium Twilight (3.61+!) [3.63],加速世界 VS 刀剑神域：千年黄昏 [需3.63及以上系统版本 | 日文版],DLC-DLCPACKAGE000090,プレイアブルキャラクター「ユナ」,JPN
psvdlc,PCSG01016,Accel World vs Sword Art Online: Millennium Twilight (3.61+!) [3.63],加速世界 VS 刀剑神域：千年黄昏 [需3.63及以上系统版本 | 日文版],DLC-DLCPACKAGE000020,銃火の装備 ガンゲイル・オンライン,JPN
psvdlc,PCSG01018,Musou Stars,无双明星大会串 [需3.63及以上系统版本 | 日文版],DLC-STARDLCSCOS00103,呂布用「横浜DeNAベイスターズ 筒香嘉智」なりきり衣装,JPN
psvdlc,PCSG01018,Musou Stars,无双明星大会串 [需3.63及以上系统版本 | 日文版],DLC-STARDLCSCOS00703,有馬一用「横浜DeNAベイスターズ 石田健大」なりきり衣装,JPN
psvdlc,PCSG01018,Musou Stars,无双明星大会串 [需3.63及以上系统版本 | 日文版],DLC-STARDLCSCOS00403,真田幸村用「横浜DeNAベイスターズ 山﨑康晃」なりきり衣装,JPN
psvdlc,PCSG01028,Kono Subarashii Sekai ni Shukufuku wo! Kono Yokubukai Game ni Shinpan wo! (3.61+!) [3.65],为美好的世界献上祝福 [需3.65及以上系统版本 | 日文版],DLC-KONOSUBATOWELPSV,バスタオル着替えダウンロードコード,JPN
psvdlc,PCSG01030,Persona 5: Dancing Star Night (3.61+!) [3.67],女神异闻录 5：舞动星夜 [需3.67及以上系统版本 | 日文版],DLC-ADDCONTDLCD00014,WEGOコラボ セット,JPN
psvdlc,PCSG01030,Persona 5: Dancing Star Night (3.61+!) [3.67],女神异闻录 5：舞动星夜 [需3.67及以上系统版本 | 日文版],DLC-ADDCONTDLCD00009,アトラスセレクション セット,JPN
psvdlc,PCSG01030,Persona 5: Dancing Star Night (3.61+!) [3.67],女神异闻录 5：舞动星夜 [需3.67及以上系统版本 | 日文版],DLC-ADDCONTDLCD00019,ソニックスーツ,JPN
psvdlc,PCSG01030,Persona 5: Dancing Star Night (3.61+!) [3.67],女神异闻录 5：舞动星夜 [需3.67及以上系统版本 | 日文版],DLC-ADDCONTDLCD00020,トリッシュ衣装 異聞録バージョン,JPN
psvdlc,PCSG01030,Persona 5: Dancing Star Night (3.61+!) [3.67],女神异闻录 5：舞动星夜 [需3.67及以上系统版本 | 日文版],DLC-ADDCONTDLCD00021,トリッシュ衣装 罪罰バージョン,JPN
psvdlc,PCSG01030,Persona 5: Dancing Star Night (3.61+!) [3.67],女神异闻录 5：舞动星夜 [需3.67及以上系统版本 | 日文版],DLC-ADDCONTDLCD00018,ヒーホーくんの学ラン,JPN
psvdlc,PCSG01030,Persona 5: Dancing Star Night (3.61+!) [3.67],女神异闻录 5：舞动星夜 [需3.67及以上系统版本 | 日文版],DLC-ADDCONTDLCD00060,ピカレスクマウス セット,JPN
psvdlc,PCSG01030,Persona 5: Dancing Star Night (3.61+!) [3.67],女神异闻录 5：舞动星夜 [需3.67及以上系统版本 | 日文版],DLC-ADDCONTDLCD00012,フェザーマン セット,JPN
psvdlc,PCSG01030,Persona 5: Dancing Star Night (3.61+!) [3.67],女神异闻录 5：舞动星夜 [需3.67及以上系统版本 | 日文版],DLC-ADDCONTDLCD00017,主人公屋根裏生活 セット,JPN
psvdlc,PCSG01030,Persona 5: Dancing Star Night (3.61+!) [3.67],女神异闻录 5：舞动星夜 [需3.67及以上系统版本 | 日文版],DLC-ADDCONTDLCD00022,業斗童子衣装,JPN
psvdlc,PCSG01030,Persona 5: Dancing Star Night (3.61+!) [3.67],女神异闻录 5：舞动星夜 [需3.67及以上系统版本 | 日文版],DLC-ADDCONTDLCD00025,楽曲「A Way of Life -Deep inside my mind Remix-」 Danced byテオドア,JPN
psvdlc,PCSG01030,Persona 5: Dancing Star Night (3.61+!) [3.67],女神异闻录 5：舞动星夜 [需3.67及以上系统版本 | 日文版],DLC-ADDCONTDLCD00045,楽曲「Beneath the Mask」 Danced byラヴェンツァ,JPN
psvdlc,PCSG01030,Persona 5: Dancing Star Night (3.61+!) [3.67],女神异闻录 5：舞动星夜 [需3.67及以上系统版本 | 日文版],DLC-ADDCONTDLCD00048,楽曲「Best Friends (OP ver.)」,JPN
psvdlc,PCSG01030,Persona 5: Dancing Star Night (3.61+!) [3.67],女神异闻录 5：舞动星夜 [需3.67及以上系统版本 | 日文版],DLC-ADDCONTDLCD00027,楽曲「Break Out Of... (ATLUS Kitajoh Remix)」 Danced by皆月翔,JPN
psvdlc,PCSG01030,Persona 5: Dancing Star Night (3.61+!) [3.67],女神异闻录 5：舞动星夜 [需3.67及以上系统版本 | 日文版],DLC-ADDCONTDLCD00033,楽曲「Burn My Dread (OP ver.)」,JPN
psvdlc,PCSG01030,Persona 5: Dancing Star Night (3.61+!) [3.67],女神异闻录 5：舞动星夜 [需3.67及以上系统版本 | 日文版],DLC-ADDCONTDLCD00038,楽曲「Dance! (OP ver.)」,JPN
psvdlc,PCSG01030,Persona 5: Dancing Star Night (3.61+!) [3.67],女神异闻录 5：舞动星夜 [需3.67及以上系统版本 | 日文版],DLC-ADDCONTDLCD00041,楽曲「Dream of Butterfly (OP ver.)」,JPN
psvdlc,PCSG01030,Persona 5: Dancing Star Night (3.61+!) [3.67],女神异闻录 5：舞动星夜 [需3.67及以上系统版本 | 日文版],DLC-ADDCONTDLCD00032,楽曲「Fate is In Our Hands」※劇場版「ペルソナ3」特別編集版,JPN
psvdlc,PCSG01030,Persona 5: Dancing Star Night (3.61+!) [3.67],女神异闻录 5：舞动星夜 [需3.67及以上系统版本 | 日文版],DLC-ADDCONTDLCD00057,楽曲「GROOVY」※フルバージョン,JPN
psvdlc,PCSG01030,Persona 5: Dancing Star Night (3.61+!) [3.67],女神异闻录 5：舞动星夜 [需3.67及以上系统版本 | 日文版],DLC-ADDCONTDLCD00050,楽曲「MAZE OF LIFE (OP ver.)」,JPN
psvdlc,PCSG01030,Persona 5: Dancing Star Night (3.61+!) [3.67],女神异闻录 5：舞动星夜 [需3.67及以上系统版本 | 日文版],DLC-ADDCONTDLCD00031,楽曲「More Than One Heart」※劇場版「ペルソナ3」特別編集版,JPN
psvdlc,PCSG01030,Persona 5: Dancing Star Night (3.61+!) [3.67],女神异闻录 5：舞动星夜 [需3.67及以上系统版本 | 日文版],DLC-ADDCONTDLCD00039,楽曲「Our Moment」※フルバージョン,JPN
psvdlc,PCSG01030,Persona 5: Dancing Star Night (3.61+!) [3.67],女神异闻录 5：舞动星夜 [需3.67及以上系统版本 | 日文版],DLC-ADDCONTDLCD00034,楽曲「P3 fes (OP ver.)」,JPN
psvdlc,PCSG01030,Persona 5: Dancing Star Night (3.61+!) [3.67],女神异闻录 5：舞动星夜 [需3.67及以上系统版本 | 日文版],DLC-ADDCONTDLCD00058,楽曲「Pursuing My True Self (OP ver.)」,JPN
psvdlc,PCSG01030,Persona 5: Dancing Star Night (3.61+!) [3.67],女神异闻录 5：舞动星夜 [需3.67及以上系统版本 | 日文版],DLC-ADDCONTDLCD00054,楽曲「The Whims of Fate (PERSONA SUPER LIVE P-SOUND BOMB !!!! 2017)」,JPN
psvdlc,PCSG01030,Persona 5: Dancing Star Night (3.61+!) [3.67],女神异闻录 5：舞动星夜 [需3.67及以上系统版本 | 日文版],DLC-ADDCONTDLCD00026,楽曲「Today」 Danced byラビリス,JPN
psvdlc,PCSG01030,Persona 5: Dancing Star Night (3.61+!) [3.67],女神异闻录 5：舞动星夜 [需3.67及以上系统版本 | 日文版],DLC-ADDCONTDLCD00042,楽曲「unbreakable tie (OP ver.)」,JPN
psvdlc,PCSG01030,Persona 5: Dancing Star Night (3.61+!) [3.67],女神异闻录 5：舞动星夜 [需3.67及以上系统版本 | 日文版],DLC-ADDCONTDLCD00029,楽曲「Voice (ATLUS Tsuchiya Remix)」散歩ed byコロマル,JPN
psvdlc,PCSG01030,Persona 5: Dancing Star Night (3.61+!) [3.67],女神异闻录 5：舞动星夜 [需3.67及以上系统版本 | 日文版],DLC-ADDCONTDLCD00052,"楽曲「Wake Up, Get Up, Get Out There (OP ver.)」",JPN
psvdlc,PCSG01030,Persona 5: Dancing Star Night (3.61+!) [3.67],女神异闻录 5：舞动星夜 [需3.67及以上系统版本 | 日文版],DLC-ADDCONTDLCD00044,楽曲「Will Power」 Danced by明智吾郎 SPセット,JPN
psvdlc,PCSG01030,Persona 5: Dancing Star Night (3.61+!) [3.67],女神异闻录 5：舞动星夜 [需3.67及以上系统版本 | 日文版],DLC-ADDCONTDLCD00046,楽曲「オープニング (OP ver.)」,JPN
psvdlc,PCSG01030,Persona 5: Dancing Star Night (3.61+!) [3.67],女神异闻录 5：舞动星夜 [需3.67及以上系统版本 | 日文版],DLC-ADDCONTDLCD00030,楽曲「キミの記憶」,JPN
psvdlc,PCSG01030,Persona 5: Dancing Star Night (3.61+!) [3.67],女神异闻录 5：舞动星夜 [需3.67及以上系统版本 | 日文版],DLC-ADDCONTDLCD00028,楽曲「全ての人の魂の戦い」 Danced by荒垣真次郎 SPセット,JPN
psvdlc,PCSG01030,Persona 5: Dancing Star Night (3.61+!) [3.67],女神异闻录 5：舞动星夜 [需3.67及以上系统版本 | 日文版],DLC-ADDCONTDLCD00024,楽曲「時価ネットたなか (ATLUS Kozuka Remix) feat. たなか社長(CV -島田敏)」,JPN
psvdlc,PCSG01030,Persona 5: Dancing Star Night (3.61+!) [3.67],女神异闻录 5：舞动星夜 [需3.67及以上系统版本 | 日文版],DLC-ADDCONTDLCD00023,楽曲「行くぜ!不死鳥戦隊フェザーマン」※オリジナルテレビアニメ風バージョン,JPN
psvdlc,PCSG01030,Persona 5: Dancing Star Night (3.61+!) [3.67],女神异闻录 5：舞动星夜 [需3.67及以上系统版本 | 日文版],DLC-ADDCONTDLCD00053,楽曲:P5A「BREAK IN TO BREAK OUT (OP ver.)」,JPN
psvdlc,PCSG01030,Persona 5: Dancing Star Night (3.61+!) [3.67],女神异闻录 5：舞动星夜 [需3.67及以上系统版本 | 日文版],DLC-ADDCONTDLCD00011,龍が如く セット,JPN
psvdlc,PCSG01031,Persona 3: Dancing Moon Night (3.61+!) [3.67],女神异闻录 3：舞动月夜 [需3.67及以上系统版本 | 日文版],DLC-ADDCONTDLCD00006,WEGOコラボ セット,JPN
psvdlc,PCSG01031,Persona 3: Dancing Moon Night (3.61+!) [3.67],女神异闻录 3：舞动月夜 [需3.67及以上系统版本 | 日文版],DLC-ADDCONTDLCD00060,ピカレスクマウス セット,JPN
psvdlc,PCSG01031,Persona 3: Dancing Moon Night (3.61+!) [3.67],女神异闻录 3：舞动月夜 [需3.67及以上系统版本 | 日文版],DLC-ADDCONTDLCD00004,フェザーマン セット,JPN
psvdlc,PCSG01031,Persona 3: Dancing Moon Night (3.61+!) [3.67],女神异闻录 3：舞动月夜 [需3.67及以上系统版本 | 日文版],DLC-ADDCONTDLCD00025,楽曲「A Way of Life -Deep inside my mind Remix-」 Danced byテオドア,JPN
psvdlc,PCSG01031,Persona 3: Dancing Moon Night (3.61+!) [3.67],女神异闻录 3：舞动月夜 [需3.67及以上系统版本 | 日文版],DLC-ADDCONTDLCD00045,楽曲「Beneath the Mask」 Danced byラヴェンツァ,JPN
psvdlc,PCSG01031,Persona 3: Dancing Moon Night (3.61+!) [3.67],女神异闻录 3：舞动月夜 [需3.67及以上系统版本 | 日文版],DLC-ADDCONTDLCD00027,楽曲「Break Out Of... (ATLUS Kitajoh Remix)」 Danced by皆月翔,JPN
psvdlc,PCSG01031,Persona 3: Dancing Moon Night (3.61+!) [3.67],女神异闻录 3：舞动月夜 [需3.67及以上系统版本 | 日文版],DLC-ADDCONTDLCD00033,楽曲「Burn My Dread (OP ver.)」,JPN
psvdlc,PCSG01031,Persona 3: Dancing Moon Night (3.61+!) [3.67],女神异闻录 3：舞动月夜 [需3.67及以上系统版本 | 日文版],DLC-ADDCONTDLCD00038,楽曲「Dance! (OP ver.)」,JPN
psvdlc,PCSG01031,Persona 3: Dancing Moon Night (3.61+!) [3.67],女神异闻录 3：舞动月夜 [需3.67及以上系统版本 | 日文版],DLC-ADDCONTDLCD00041,楽曲「Dream of Butterfly (OP ver.)」,JPN
psvdlc,PCSG01031,Persona 3: Dancing Moon Night (3.61+!) [3.67],女神异闻录 3：舞动月夜 [需3.67及以上系统版本 | 日文版],DLC-ADDCONTDLCD00032,楽曲「Fate is In Our Hands」※劇場版「ペルソナ3」特別編集版,JPN
psvdlc,PCSG01031,Persona 3: Dancing Moon Night (3.61+!) [3.67],女神异闻录 3：舞动月夜 [需3.67及以上系统版本 | 日文版],DLC-ADDCONTDLCD00057,楽曲「GROOVY」※フルバージョン,JPN
psvdlc,PCSG01031,Persona 3: Dancing Moon Night (3.61+!) [3.67],女神异闻录 3：舞动月夜 [需3.67及以上系统版本 | 日文版],DLC-ADDCONTDLCD00031,楽曲「More Than One Heart」※劇場版「ペルソナ3」特別編集版,JPN
psvdlc,PCSG01031,Persona 3: Dancing Moon Night (3.61+!) [3.67],女神异闻录 3：舞动月夜 [需3.67及以上系统版本 | 日文版],DLC-ADDCONTDLCD00039,楽曲「Our Moment」※フルバージョン,JPN
psvdlc,PCSG01031,Persona 3: Dancing Moon Night (3.61+!) [3.67],女神异闻录 3：舞动月夜 [需3.67及以上系统版本 | 日文版],DLC-ADDCONTDLCD00034,楽曲「P3 fes (OP ver.)」,JPN
psvdlc,PCSG01031,Persona 3: Dancing Moon Night (3.61+!) [3.67],女神异闻录 3：舞动月夜 [需3.67及以上系统版本 | 日文版],DLC-ADDCONTDLCD00058,楽曲「Pursuing My True Self (OP ver.)」,JPN
psvdlc,PCSG01031,Persona 3: Dancing Moon Night (3.61+!) [3.67],女神异闻录 3：舞动月夜 [需3.67及以上系统版本 | 日文版],DLC-ADDCONTDLCD00054,楽曲「The Whims of Fate (PERSONA SUPER LIVE P-SOUND BOMB !!!! 2017)」,JPN
psvdlc,PCSG01031,Persona 3: Dancing Moon Night (3.61+!) [3.67],女神异闻录 3：舞动月夜 [需3.67及以上系统版本 | 日文版],DLC-ADDCONTDLCD00026,楽曲「Today」 Danced byラビリス,JPN
psvdlc,PCSG01031,Persona 3: Dancing Moon Night (3.61+!) [3.67],女神异闻录 3：舞动月夜 [需3.67及以上系统版本 | 日文版],DLC-ADDCONTDLCD00042,楽曲「unbreakable tie (OP ver.)」,JPN
psvdlc,PCSG01031,Persona 3: Dancing Moon Night (3.61+!) [3.67],女神异闻录 3：舞动月夜 [需3.67及以上系统版本 | 日文版],DLC-ADDCONTDLCD00029,楽曲「Voice (ATLUS Tsuchiya Remix)」散歩ed byコロマル,JPN
psvdlc,PCSG01031,Persona 3: Dancing Moon Night (3.61+!) [3.67],女神异闻录 3：舞动月夜 [需3.67及以上系统版本 | 日文版],DLC-ADDCONTDLCD00052,"楽曲「Wake Up, Get Up, Get Out There (OP ver.)」",JPN
psvdlc,PCSG01031,Persona 3: Dancing Moon Night (3.61+!) [3.67],女神异闻录 3：舞动月夜 [需3.67及以上系统版本 | 日文版],DLC-ADDCONTDLCD00044,楽曲「Will Power」 Danced by明智吾郎 SPセット,JPN
psvdlc,PCSG01031,Persona 3: Dancing Moon Night (3.61+!) [3.67],女神异闻录 3：舞动月夜 [需3.67及以上系统版本 | 日文版],DLC-ADDCONTDLCD00046,楽曲「オープニング (OP ver.)」,JPN
psvdlc,PCSG01031,Persona 3: Dancing Moon Night (3.61+!) [3.67],女神异闻录 3：舞动月夜 [需3.67及以上系统版本 | 日文版],DLC-ADDCONTDLCD00030,楽曲「キミの記憶」,JPN
psvdlc,PCSG01031,Persona 3: Dancing Moon Night (3.61+!) [3.67],女神异闻录 3：舞动月夜 [需3.67及以上系统版本 | 日文版],DLC-ADDCONTDLCD00028,楽曲「全ての人の魂の戦い」 Danced by荒垣真次郎 SPセット,JPN
psvdlc,PCSG01031,Persona 3: Dancing Moon Night (3.61+!) [3.67],女神异闻录 3：舞动月夜 [需3.67及以上系统版本 | 日文版],DLC-ADDCONTDLCD00024,楽曲「時価ネットたなか (ATLUS Kozuka Remix) feat. たなか社長(CV -島田敏)」,JPN
psvdlc,PCSG01031,Persona 3: Dancing Moon Night (3.61+!) [3.67],女神异闻录 3：舞动月夜 [需3.67及以上系统版本 | 日文版],DLC-ADDCONTDLCD00023,楽曲「行くぜ!不死鳥戦隊フェザーマン」※オリジナルテレビアニメ風バージョン,JPN
psvdlc,PCSG01031,Persona 3: Dancing Moon Night (3.61+!) [3.67],女神异闻录 3：舞动月夜 [需3.67及以上系统版本 | 日文版],DLC-ADDCONTDLCD00053,楽曲:P5A「BREAK IN TO BREAK OUT (OP ver.)」,JPN
psvdlc,PCSG01033,Blast 'Em Bunnies (3.61+!) [3.65],突突兔独战突击兔 [需3.65及以上系统版本 | 中日文版],DLC-NOBEB0MUL002XPSV,BEB Multiplier - 2x,JPN
psvdlc,PCSG01073,Gintama Rumble (3.61+!) [3.65],银魂乱舞 [需3.65及以上系统版本 | 日文版],DLC-GINTAMARANBUSP10,アシスト「トッシー」,JPN
psvdlc,PCSG01073,Gintama Rumble (3.61+!) [3.65],银魂乱舞 [需3.65及以上系统版本 | 日文版],DLC-GINTAMARANBUSP06,アシスト「パンデモニウム」,JPN
psvdlc,PCSG01073,Gintama Rumble (3.61+!) [3.65],银魂乱舞 [需3.65及以上系统版本 | 日文版],DLC-GINTAMARANBUSP05,アシスト「坂田 金時」,JPN
psvdlc,PCSG01073,Gintama Rumble (3.61+!) [3.65],银魂乱舞 [需3.65及以上系统版本 | 日文版],DLC-GINTAMARANBUSP09,アシスト「外道丸」,JPN
psvdlc,PCSG01073,Gintama Rumble (3.61+!) [3.65],银魂乱舞 [需3.65及以上系统版本 | 日文版],DLC-GINTAMARANBUSP07,アシスト「屁怒絽」,JPN
psvdlc,PCSG01073,Gintama Rumble (3.61+!) [3.65],银魂乱舞 [需3.65及以上系统版本 | 日文版],DLC-GINTAMARANBUSP04,アシスト「山崎 退」,JPN
psvdlc,PCSG01073,Gintama Rumble (3.61+!) [3.65],银魂乱舞 [需3.65及以上系统版本 | 日文版],DLC-GINTAMARANBUSP08,アシスト「斉藤 終」,JPN
psvdlc,PCSG01073,Gintama Rumble (3.61+!) [3.65],银魂乱舞 [需3.65及以上系统版本 | 日文版],DLC-GINTAMARANBUSP11,アシスト「椿 平子」,JPN
psvdlc,PCSG01073,Gintama Rumble (3.61+!) [3.65],银魂乱舞 [需3.65及以上系统版本 | 日文版],DLC-GINTAMARANBUSP00,銀玉「ネオアームストロングサイクロンジェットアームストロング砲」,JPN
psvdlc,PCSG01073,Gintama Rumble (3.61+!) [3.65],银魂乱舞 [需3.65及以上系统版本 | 日文版],DLC-GINTAMARANBUSP03,銀玉「禁断の暗黒銀玉EX」,JPN
psvdlc,PCSG01079,Utawarerumono: Chiriyuku Mono e no Komoriuta (3.61+!) [3.67],传颂之物：逝者的摇篮曲 [需3.67及以上系统版本 | 日文版],DLC-UTAWARETIRIDLC10,うたわれるもの 散りゆく者への子守唄 DLCユニットデータ 『アトゥイ』,JPN
psvdlc,PCSG01079,Utawarerumono: Chiriyuku Mono e no Komoriuta (3.61+!) [3.67],传颂之物：逝者的摇篮曲 [需3.67及以上系统版本 | 日文版],DLC-UTAWARETIRIDLC17,うたわれるもの 散りゆく者への子守唄 DLCユニットデータ 『アンジュ』,JPN
psvdlc,PCSG01079,Utawarerumono: Chiriyuku Mono e no Komoriuta (3.61+!) [3.67],传颂之物：逝者的摇篮曲 [需3.67及以上系统版本 | 日文版],DLC-UTAWARETIRIDLC04,うたわれるもの 散りゆく者への子守唄 DLCユニットデータ 『ウコン』,JPN
psvdlc,PCSG01079,Utawarerumono: Chiriyuku Mono e no Komoriuta (3.61+!) [3.67],传颂之物：逝者的摇篮曲 [需3.67及以上系统版本 | 日文版],DLC-UTAWARETIRIDLC13,うたわれるもの 散りゆく者への子守唄 DLCユニットデータ 『ウルゥル・サラァナ』,JPN
psvdlc,PCSG01079,Utawarerumono: Chiriyuku Mono e no Komoriuta (3.61+!) [3.67],传颂之物：逝者的摇篮曲 [需3.67及以上系统版本 | 日文版],DLC-UTAWARETIRIDLC12,うたわれるもの 散りゆく者への子守唄 DLCユニットデータ 『オウギ』,JPN
psvdlc,PCSG01079,Utawarerumono: Chiriyuku Mono e no Komoriuta (3.61+!) [3.67],传颂之物：逝者的摇篮曲 [需3.67及以上系统版本 | 日文版],DLC-UTAWARETIRIDLC15,うたわれるもの 散りゆく者への子守唄 DLCユニットデータ 『キウル』,JPN
psvdlc,PCSG01079,Utawarerumono: Chiriyuku Mono e no Komoriuta (3.61+!) [3.67],传颂之物：逝者的摇篮曲 [需3.67及以上系统版本 | 日文版],DLC-UTAWARETIRIDLC01,うたわれるもの 散りゆく者への子守唄 DLCユニットデータ 『クオン』,JPN
psvdlc,PCSG01079,Utawarerumono: Chiriyuku Mono e no Komoriuta (3.61+!) [3.67],传颂之物：逝者的摇篮曲 [需3.67及以上系统版本 | 日文版],DLC-UTAWARETIRIDLC02,うたわれるもの 散りゆく者への子守唄 DLCユニットデータ 『ネコネ』,JPN
psvdlc,PCSG01079,Utawarerumono: Chiriyuku Mono e no Komoriuta (3.61+!) [3.67],传颂之物：逝者的摇篮曲 [需3.67及以上系统版本 | 日文版],DLC-UTAWARETIRIDLC19,うたわれるもの 散りゆく者への子守唄 DLCユニットデータ 『フミルィル』,JPN
psvdlc,PCSG01079,Utawarerumono: Chiriyuku Mono e no Komoriuta (3.61+!) [3.67],传颂之物：逝者的摇篮曲 [需3.67及以上系统版本 | 日文版],DLC-UTAWARETIRIDLC20,うたわれるもの 散りゆく者への子守唄 DLCユニットデータ 『ミカヅチ』,JPN
psvdlc,PCSG01079,Utawarerumono: Chiriyuku Mono e no Komoriuta (3.61+!) [3.67],传颂之物：逝者的摇篮曲 [需3.67及以上系统版本 | 日文版],DLC-UTAWARETIRIDLC18,うたわれるもの 散りゆく者への子守唄 DLCユニットデータ 『ムネチカ』,JPN
psvdlc,PCSG01079,Utawarerumono: Chiriyuku Mono e no Komoriuta (3.61+!) [3.67],传颂之物：逝者的摇篮曲 [需3.67及以上系统版本 | 日文版],DLC-UTAWARETIRIDLC14,うたわれるもの 散りゆく者への子守唄 DLCユニットデータ 『ヤクトワルト』,JPN
psvdlc,PCSG01079,Utawarerumono: Chiriyuku Mono e no Komoriuta (3.61+!) [3.67],传颂之物：逝者的摇篮曲 [需3.67及以上系统版本 | 日文版],DLC-UTAWARETIRIDLC03,うたわれるもの 散りゆく者への子守唄 DLCユニットデータ 『ルルティエ』,JPN
psvdlc,PCSG01079,Utawarerumono: Chiriyuku Mono e no Komoriuta (3.61+!) [3.67],传颂之物：逝者的摇篮曲 [需3.67及以上系统版本 | 日文版],DLC-UTAWARETIRIDLC16,うたわれるもの 散りゆく者への子守唄 シーズンパス特典 DLCユニット 『オシュトル』,JPN
psvdlc,PCSG01079,Utawarerumono: Chiriyuku Mono e no Komoriuta (3.61+!) [3.67],传颂之物：逝者的摇篮曲 [需3.67及以上系统版本 | 日文版],DLC-UTAWARETIRIDLCI0,うたわれるもの 散りゆく者への子守唄 シーズンパス特典 アイテム1,JPN
psvdlc,PCSG01079,Utawarerumono: Chiriyuku Mono e no Komoriuta (3.61+!) [3.67],传颂之物：逝者的摇篮曲 [需3.67及以上系统版本 | 日文版],DLC-UTAWARETIRIDLCI1,うたわれるもの 散りゆく者への子守唄 シーズンパス特典 アイテム2,JPN
psvdlc,PCSG01079,Utawarerumono: Chiriyuku Mono e no Komoriuta (3.61+!) [3.67],传颂之物：逝者的摇篮曲 [需3.67及以上系统版本 | 日文版],DLC-UTAWARETIRIDLCI2,うたわれるもの 散りゆく者への子守唄 シーズンパス特典 アイテム3,JPN
psvdlc,PCSG01079,Utawarerumono: Chiriyuku Mono e no Komoriuta (3.61+!) [3.67],传颂之物：逝者的摇篮曲 [需3.67及以上系统版本 | 日文版],DLC-UTAWARETIRIDLCI3,うたわれるもの 散りゆく者への子守唄 シーズンパス特典 アイテム4,JPN
psvdlc,PCSG01089,A Certain Magical Virtual-On (3.61+!) [3.65],电脑战机 Virtual-On×魔法禁书目录 魔法电脑战机 [需3.65及以上系统版本 | 日文版],DLC-DLCXSMPXXXXXX001,お姉様食べ放題 酒池肉林黒子狂喜乱舞,JPN
psvdlc,PCSG01089,A Certain Magical Virtual-On (3.61+!) [3.65],电脑战机 Virtual-On×魔法禁书目录 魔法电脑战机 [需3.65及以上系统版本 | 日文版],DLC-DLCXSMPXXXXXX004,バーチャロン DNA TYPE カラー,JPN
psvdlc,PCSG01089,A Certain Magical Virtual-On (3.61+!) [3.65],电脑战机 Virtual-On×魔法禁书目录 魔法电脑战机 [需3.65及以上系统版本 | 日文版],DLC-DLCXSMPXXXXXX007,バーチャロン RNA TYPE カラー,JPN
psvdlc,PCSG01089,A Certain Magical Virtual-On (3.61+!) [3.65],电脑战机 Virtual-On×魔法禁书目录 魔法电脑战机 [需3.65及以上系统版本 | 日文版],DLC-DLCXSMPXXXXXX002,バーチャロンは地獄だぜ! シスターズ・ブートキャンプ,JPN
psvdlc,PCSG01089,A Certain Magical Virtual-On (3.61+!) [3.65],电脑战机 Virtual-On×魔法禁书目录 魔法电脑战机 [需3.65及以上系统版本 | 日文版],DLC-DLCXSMPXXXXXX005,ブラックパス,JPN
psvdlc,PCSG01089,A Certain Magical Virtual-On (3.61+!) [3.65],电脑战机 Virtual-On×魔法禁书目录 魔法电脑战机 [需3.65及以上系统版本 | 日文版],DLC-DLCXSMPXXXXXX000,学園都市地下闘技場 せくしぃ☆ころしあむ,JPN
psvdlc,PCSG01089,A Certain Magical Virtual-On (3.61+!) [3.65],电脑战机 Virtual-On×魔法禁书目录 魔法电脑战机 [需3.65及以上系统版本 | 日文版],DLC-DLCXSMPXXXXXX003,電脳戦機プロレス ギガンテス・オブ・ザ・リング,JPN
psvdlc,PCSG01089,A Certain Magical Virtual-On (3.61+!) [3.65],电脑战机 Virtual-On×魔法禁书目录 魔法电脑战机 [需3.65及以上系统版本 | 日文版],DLC-DLCXSMPXXXXXX006,電脳爆発球技 ホワイトフリートカップ,JPN
psvdlc,PCSG01102,Attack on Titan 2 (3.61+!) [3.67],进击的巨人 2 [需3.67及以上系统版本 | 日文版],DLC-AT2COSTUME000006,クリスタ追加コスチューム“「ゴスロリ」衣装”,JPN
psvdlc,PCSG01102,Attack on Titan 2 (3.61+!) [3.67],进击的巨人 2 [需3.67及以上系统版本 | 日文版],DLC-AT2COSTUME000015,クリスタ追加コスチューム“「メイド」衣装”,JPN
psvdlc,PCSG01102,Attack on Titan 2 (3.61+!) [3.67],进击的巨人 2 [需3.67及以上系统版本 | 日文版],DLC-AT2SCENARIO00005,追加エピソード“エースの証明”,JPN
psvdlc,PCSG01102,Attack on Titan 2 (3.61+!) [3.67],进击的巨人 2 [需3.67及以上系统版本 | 日文版],DLC-AT2SCENARIO00004,追加エピソード“ホワイトアウト”,JPN
psvdlc,PCSG01102,Attack on Titan 2 (3.61+!) [3.67],进击的巨人 2 [需3.67及以上系统版本 | 日文版],DLC-AT2SCENARIO00009,追加エピソード“一巨当千”,JPN
psvdlc,PCSG01102,Attack on Titan 2 (3.61+!) [3.67],进击的巨人 2 [需3.67及以上系统版本 | 日文版],DLC-AT2SCENARIO00011,追加エピソード“二度目の勝利”,JPN
psvdlc,PCSG01102,Attack on Titan 2 (3.61+!) [3.67],进击的巨人 2 [需3.67及以上系统版本 | 日文版],DLC-AT2SCENARIO00001,追加エピソード“女神の救済”,JPN
psvdlc,PCSG01102,Attack on Titan 2 (3.61+!) [3.67],进击的巨人 2 [需3.67及以上系统版本 | 日文版],DLC-AT2SCENARIO00010,追加エピソード“技能力披露会”,JPN
psvdlc,PCSG01102,Attack on Titan 2 (3.61+!) [3.67],进击的巨人 2 [需3.67及以上系统版本 | 日文版],DLC-AT2SCENARIO00006,追加エピソード“折れる心と傾く塔と”,JPN
psvdlc,PCSG01102,Attack on Titan 2 (3.61+!) [3.67],进击的巨人 2 [需3.67及以上系统版本 | 日文版],DLC-AT2SCENARIO00007,追加エピソード“標的はひとり”,JPN
psvdlc,PCSG01102,Attack on Titan 2 (3.61+!) [3.67],进击的巨人 2 [需3.67及以上系统版本 | 日文版],DLC-AT2SCENARIO00003,追加エピソード“生態調査任務”,JPN
psvdlc,PCSG01102,Attack on Titan 2 (3.61+!) [3.67],进击的巨人 2 [需3.67及以上系统版本 | 日文版],DLC-AT2SCENARIO00002,追加エピソード“窮鼠巨躯を喰らう”,JPN
psvdlc,PCSG01102,Attack on Titan 2 (3.61+!) [3.67],进击的巨人 2 [需3.67及以上系统版本 | 日文版],DLC-AT2SCENARIO00008,追加エピソード“進撃知能学選手権”,JPN
psvdlc,PCSG01102,Attack on Titan 2 (3.61+!) [3.67],进击的巨人 2 [需3.67及以上系统版本 | 日文版],DLC-AT2SCENARIO00000,追加エピソード“遣らずの雨”,JPN
psvdlc,PCSG01113,Zanki Zero (3.61+!) [3.68],残机 0 [需3.68及以上系统版本 | 日文版],DLC-ZAZVITADLCM00001,追加コンテンツ1,JPN
psvdlc,PCSG01113,Zanki Zero (3.61+!) [3.68],残机 0 [需3.68及以上系统版本 | 日文版],DLC-ZAZVITADLCM00002,追加コンテンツ2,JPN
psvdlc,PCSG01113,Zanki Zero (3.61+!) [3.68],残机 0 [需3.68及以上系统版本 | 日文版],DLC-ZAZVITADLCM00003,追加コンテンツ3,JPN
psvdlc,PCSG01113,Zanki Zero (3.61+!) [3.68],残机 0 [需3.68及以上系统版本 | 日文版],DLC-ZAZVITADLCM00004,追加コンテンツ4,JPN
psvdlc,PCSG01113,Zanki Zero (3.61+!) [3.68],残机 0 [需3.68及以上系统版本 | 日文版],DLC-ZAZVITADLCM00005,追加コンテンツ5,JPN
psvdlc,PCSG01113,Zanki Zero (3.61+!) [3.68],残机 0 [需3.68及以上系统版本 | 日文版],DLC-ZAZVITADLCM00006,追加コンテンツ6,JPN
psvdlc,PCSG01113,Zanki Zero (3.61+!) [3.68],残机 0 [需3.68及以上系统版本 | 日文版],DLC-ZAZVITADLCM00007,追加コンテンツ7,JPN
psvdlc,PCSG01113,Zanki Zero (3.61+!) [3.68],残机 0 [需3.68及以上系统版本 | 日文版],DLC-ZAZVITADLCM00008,追加コンテンツ8,JPN
psvdlc,PCSG01113,Zanki Zero (3.61+!) [3.68],残机 0 [需3.68及以上系统版本 | 日文版],DLC-ZAZVITADLCI00101,追加コンテンツ9,JPN
psvdlc,PCSG01116,Atelier Lydie & Suelle: Fushigi na Kaiga no Renkinjutsushi (3.61+!) [3.65],莉迪与瑟尔的炼金工房：不可思议绘画的炼金术士 [需3.65及以上系统版本 | 日文版],DLC-BGMPACK000000004,リディー&スールのアトリエ 『BLUE REFLECTION』BGMパック,JPN
psvdlc,PCSG01116,Atelier Lydie & Suelle: Fushigi na Kaiga no Renkinjutsushi (3.61+!) [3.65],莉迪与瑟尔的炼金工房：不可思议绘画的炼金术士 [需3.65及以上系统版本 | 日文版],DLC-ADDCOSTUME000007,リディー&スールのアトリエ 『New みんなのGOLF』コラボ衣装,JPN
psvdlc,PCSG01116,Atelier Lydie & Suelle: Fushigi na Kaiga no Renkinjutsushi (3.61+!) [3.65],莉迪与瑟尔的炼金工房：不可思议绘画的炼金术士 [需3.65及以上系统版本 | 日文版],DLC-ADVSYSTEM0000003,リディー&スールのアトリエ お金がっぽしクエスト,JPN
psvdlc,PCSG01116,Atelier Lydie & Suelle: Fushigi na Kaiga no Renkinjutsushi (3.61+!) [3.65],莉迪与瑟尔的炼金工房：不可思议绘画的炼金术士 [需3.65及以上系统版本 | 日文版],DLC-BGMPACK000000000,リディー&スールのアトリエ アトリエシリーズ歴代BGMパック,JPN
psvdlc,PCSG01116,Atelier Lydie & Suelle: Fushigi na Kaiga no Renkinjutsushi (3.61+!) [3.65],莉迪与瑟尔的炼金工房：不可思议绘画的炼金术士 [需3.65及以上系统版本 | 日文版],DLC-ADDCOSTUME000005,リディー&スールのアトリエ イルメリア衣装『コルメリア?』,JPN
psvdlc,PCSG01116,Atelier Lydie & Suelle: Fushigi na Kaiga no Renkinjutsushi (3.61+!) [3.65],莉迪与瑟尔的炼金工房：不可思议绘画的炼金术士 [需3.65及以上系统版本 | 日文版],DLC-BGMPACK000000001,リディー&スールのアトリエ ガストタイトル歴代BGMパック,JPN
psvdlc,PCSG01116,Atelier Lydie & Suelle: Fushigi na Kaiga no Renkinjutsushi (3.61+!) [3.65],莉迪与瑟尔的炼金工房：不可思议绘画的炼金术士 [需3.65及以上系统版本 | 日文版],DLC-ADDCOSTUME000002,リディー&スールのアトリエ スール衣装『アクティブ☆ラブリー』,JPN
psvdlc,PCSG01116,Atelier Lydie & Suelle: Fushigi na Kaiga no Renkinjutsushi (3.61+!) [3.65],莉迪与瑟尔的炼金工房：不可思议绘画的炼金术士 [需3.65及以上系统版本 | 日文版],DLC-ADDCOSTUME000004,リディー&スールのアトリエ ソフィー衣装『ベストパートナー』,JPN
psvdlc,PCSG01116,Atelier Lydie & Suelle: Fushigi na Kaiga no Renkinjutsushi (3.61+!) [3.65],莉迪与瑟尔的炼金工房：不可思议绘画的炼金术士 [需3.65及以上系统版本 | 日文版],DLC-ADVSYSTEM0000004,リディー&スールのアトリエ バトルミックスの極意,JPN
psvdlc,PCSG01116,Atelier Lydie & Suelle: Fushigi na Kaiga no Renkinjutsushi (3.61+!) [3.65],莉迪与瑟尔的炼金工房：不可思议绘画的炼金术士 [需3.65及以上系统版本 | 日文版],DLC-ADDCOSTUME000003,リディー&スールのアトリエ フィリス衣装『先生のお気に入り』,JPN
psvdlc,PCSG01116,Atelier Lydie & Suelle: Fushigi na Kaiga no Renkinjutsushi (3.61+!) [3.65],莉迪与瑟尔的炼金工房：不可思议绘画的炼金术士 [需3.65及以上系统版本 | 日文版],DLC-ADDCOSTUME000001,リディー&スールのアトリエ リディー衣装『スマート&スイート』,JPN
psvdlc,PCSG01116,Atelier Lydie & Suelle: Fushigi na Kaiga no Renkinjutsushi (3.61+!) [3.65],莉迪与瑟尔的炼金工房：不可思议绘画的炼金术士 [需3.65及以上系统版本 | 日文版],DLC-ADDCOSTUME000006,リディー&スールのアトリエ ルーシャ衣装『うさぎのしっぽ』,JPN
psvdlc,PCSG01116,Atelier Lydie & Suelle: Fushigi na Kaiga no Renkinjutsushi (3.61+!) [3.65],莉迪与瑟尔的炼金工房：不可思议绘画的炼金术士 [需3.65及以上系统版本 | 日文版],DLC-ITEMPACK00000002,リディー&スールのアトリエ 名品珍品アイテムパック,JPN
psvdlc,PCSG01116,Atelier Lydie & Suelle: Fushigi na Kaiga no Renkinjutsushi (3.61+!) [3.65],莉迪与瑟尔的炼金工房：不可思议绘画的炼金术士 [需3.65及以上系统版本 | 日文版],DLC-ADVSYSTEM0000001,リディー&スールのアトリエ 探索者たちの口伝集,JPN
psvdlc,PCSG01116,Atelier Lydie & Suelle: Fushigi na Kaiga no Renkinjutsushi (3.61+!) [3.65],莉迪与瑟尔的炼金工房：不可思议绘画的炼金术士 [需3.65及以上系统版本 | 日文版],DLC-ADVSYSTEM0000000,リディー&スールのアトリエ 秘伝調合研究ノート,JPN
psvdlc,PCSG01116,Atelier Lydie & Suelle: Fushigi na Kaiga no Renkinjutsushi (3.61+!) [3.65],莉迪与瑟尔的炼金工房：不可思议绘画的炼金术士 [需3.65及以上系统版本 | 日文版],DLC-ADVSYSTEM0000002,リディー&スールのアトリエ 経験値どっさりクエスト,JPN
psvdlc,PCSG01116,Atelier Lydie & Suelle: Fushigi na Kaiga no Renkinjutsushi (3.61+!) [3.65],莉迪与瑟尔的炼金工房：不可思议绘画的炼金术士 [需3.65及以上系统版本 | 日文版],DLC-ADDPARTY00000001,リディー&スールのアトリエ 追加キャラクター『イルメリア』,JPN
psvdlc,PCSG01116,Atelier Lydie & Suelle: Fushigi na Kaiga no Renkinjutsushi (3.61+!) [3.65],莉迪与瑟尔的炼金工房：不可思议绘画的炼金术士 [需3.65及以上系统版本 | 日文版],DLC-ADDPARTY00000000,リディー&スールのアトリエ 追加キャラクター『ルーシャ』,JPN
psvdlc,PCSG01116,Atelier Lydie & Suelle: Fushigi na Kaiga no Renkinjutsushi (3.61+!) [3.65],莉迪与瑟尔的炼金工房：不可思议绘画的炼金术士 [需3.65及以上系统版本 | 日文版],DLC-ADDMAP0000000004,リディー&スールのアトリエ 追加マップ『クラーデル平原』,JPN
psvdlc,PCSG01116,Atelier Lydie & Suelle: Fushigi na Kaiga no Renkinjutsushi (3.61+!) [3.65],莉迪与瑟尔的炼金工房：不可思议绘画的炼金术士 [需3.65及以上系统版本 | 日文版],DLC-ADDMAP0000000002,リディー&スールのアトリエ 追加マップ『ヴェントゥス採鉱場』,JPN
psvdlc,PCSG01116,Atelier Lydie & Suelle: Fushigi na Kaiga no Renkinjutsushi (3.61+!) [3.65],莉迪与瑟尔的炼金工房：不可思议绘画的炼金术士 [需3.65及以上系统版本 | 日文版],DLC-ADDMAP0000000001,リディー&スールのアトリエ 追加マップ『無夜の廃都』,JPN
psvdlc,PCSG01116,Atelier Lydie & Suelle: Fushigi na Kaiga no Renkinjutsushi (3.61+!) [3.65],莉迪与瑟尔的炼金工房：不可思议绘画的炼金术士 [需3.65及以上系统版本 | 日文版],DLC-ADDMAP0000000000,リディー&スールのアトリエ 追加マップ『蓮桜沼』,JPN
psvdlc,PCSG01116,Atelier Lydie & Suelle: Fushigi na Kaiga no Renkinjutsushi (3.61+!) [3.65],莉迪与瑟尔的炼金工房：不可思议绘画的炼金术士 [需3.65及以上系统版本 | 日文版],DLC-ADDMAP0000000003,リディー&スールのアトリエ 追加マップ『青き感情の園』,JPN
psvdlc,PCSG01116,Atelier Lydie & Suelle: Fushigi na Kaiga no Renkinjutsushi (3.61+!) [3.65],莉迪与瑟尔的炼金工房：不可思议绘画的炼金术士 [需3.65及以上系统版本 | 日文版],DLC-BGMPACK000000003,リディー&スールのアトリエ 電撃PlayStation®特典BGMパック,JPN
psvdlc,PCSG01119,Digimon Story Cyber Sleuth: Hacker's Memory (3.61+!) [3.65],数码宝贝物语 网络侦探：骇客追忆 [需3.65及以上系统版本 | 日文版],DLC-DSCSHMDLC0000003,アルファモンNX,JPN
psvdlc,PCSG01119,Digimon Story Cyber Sleuth: Hacker's Memory (3.61+!) [3.65],数码宝贝物语 网络侦探：骇客追忆 [需3.65及以上系统版本 | 日文版],DLC-DSCSHMDLC0000002,オメガモンNX,JPN
psvdlc,PCSG01119,Digimon Story Cyber Sleuth: Hacker's Memory (3.61+!) [3.65],数码宝贝物语 网络侦探：骇客追忆 [需3.65及以上系统版本 | 日文版],DLC-DSCSHMDLC0000004,デュークモンNX,JPN
psvdlc,PCSG01119,Digimon Story Cyber Sleuth: Hacker's Memory (3.61+!) [3.65],数码宝贝物语 网络侦探：骇客追忆 [需3.65及以上系统版本 | 日文版],DLC-DSCSHMDLC0000007,井ノ電の学生服,JPN
psvdlc,PCSG01119,Digimon Story Cyber Sleuth: Hacker's Memory (3.61+!) [3.65],数码宝贝物语 网络侦探：骇客追忆 [需3.65及以上系统版本 | 日文版],DLC-DSCSHMDLC0000001,進化条件解放「シスタモン姉妹」,JPN
psvdlc,PCSG01128,Super Robot Taisen X,超级机器人大战 X [需3.67及以上系统版本 | 日文版],DLC-EST002SRWDLC0316,Bonus scenario Acception,JPN
psvdlc,PCSG01128,Super Robot Taisen X,超级机器人大战 X [需3.67及以上系统版本 | 日文版],DLC-EST002SRWDLC0312,Bonus scenario Amuro Ray's Dream,JPN
psvdlc,PCSG01128,Super Robot Taisen X,超级机器人大战 X [需3.67及以上系统版本 | 日文版],DLC-EST002SRWDLC0314,Bonus scenario Another Dream Battle,JPN
psvdlc,PCSG01128,Super Robot Taisen X,超级机器人大战 X [需3.67及以上系统版本 | 日文版],DLC-EST002SRWDLC0304,Bonus scenario Back to Back,JPN
psvdlc,PCSG01128,Super Robot Taisen X,超级机器人大战 X [需3.67及以上系统版本 | 日文版],DLC-EST002SRWDLC0307,Bonus scenario Battle over the Pacific,JPN
psvdlc,PCSG01128,Super Robot Taisen X,超级机器人大战 X [需3.67及以上系统版本 | 日文版],DLC-EST002SRWDLC0306,Bonus scenario Beautiful Blue Water,JPN
psvdlc,PCSG01128,Super Robot Taisen X,超级机器人大战 X [需3.67及以上系统版本 | 日文版],DLC-EST002SRWDLC0318,"Bonus scenario Bold, Righteous, Beautiful",JPN
psvdlc,PCSG01128,Super Robot Taisen X,超级机器人大战 X [需3.67及以上系统版本 | 日文版],DLC-EST002SRWDLC0317,Bonus scenario Cleaning Up Space,JPN
psvdlc,PCSG01128,Super Robot Taisen X,超级机器人大战 X [需3.67及以上系统版本 | 日文版],DLC-EST002SRWDLC0309,Bonus scenario Dream Battle,JPN
psvdlc,PCSG01128,Super Robot Taisen X,超级机器人大战 X [需3.67及以上系统版本 | 日文版],DLC-EST002SRWDLC0305,Bonus scenario Endless Waltz,JPN
psvdlc,PCSG01128,Super Robot Taisen X,超级机器人大战 X [需3.67及以上系统版本 | 日文版],DLC-EST002SRWDLC0310,Bonus scenario Hero Worship,JPN
psvdlc,PCSG01128,Super Robot Taisen X,超级机器人大战 X [需3.67及以上系统版本 | 日文版],DLC-EST002SRWDLC0319,Bonus scenario Living on the Land,JPN
psvdlc,PCSG01128,Super Robot Taisen X,超级机器人大战 X [需3.67及以上系统版本 | 日文版],DLC-EST002SRWDLC0302,Bonus scenario Megafauna Mayhem,JPN
psvdlc,PCSG01128,Super Robot Taisen X,超级机器人大战 X [需3.67及以上系统版本 | 日文版],DLC-EST002SRWDLC0313,Bonus scenario Otherworld Friends,JPN
psvdlc,PCSG01128,Super Robot Taisen X,超级机器人大战 X [需3.67及以上系统版本 | 日文版],DLC-EST002SRWDLC0315,Bonus scenario Phantom Butterfly,JPN
psvdlc,PCSG01128,Super Robot Taisen X,超级机器人大战 X [需3.67及以上系统版本 | 日文版],DLC-EST002SRWDLC0311,Bonus scenario Pretty Salian's Adventure,JPN
psvdlc,PCSG01128,Super Robot Taisen X,超级机器人大战 X [需3.67及以上系统版本 | 日文版],DLC-EST002SRWDLC0303,Bonus scenario Princesses of Power,JPN
psvdlc,PCSG01128,Super Robot Taisen X,超级机器人大战 X [需3.67及以上系统版本 | 日文版],DLC-EST002SRWDLC0301,Bonus scenario Ryujinmaru's Secret,JPN
psvdlc,PCSG01128,Super Robot Taisen X,超级机器人大战 X [需3.67及以上系统版本 | 日文版],DLC-EST002SRWDLC0308,Bonus scenario The Al-Warth Cafeteria,JPN
psvdlc,PCSG01128,Super Robot Taisen X,超级机器人大战 X [需3.67及以上系统版本 | 日文版],DLC-EST002SRWDLC0320,Bonus scenario The Last Dream Battle,JPN
psvdlc,PCSG01128,Super Robot Taisen X,超级机器人大战 X [需3.67及以上系统版本 | 日文版],DLC-EST002SRWDLC0322,Download Purchase - Present X,JPN
psvdlc,PCSG01128,Super Robot Taisen X,超级机器人大战 X [需3.67及以上系统版本 | 日文版],DLC-EST002SRWDLC0321,Full Pack Purchase - Present X,JPN
psvdlc,PCSG01128,Super Robot Taisen X,超级机器人大战 X [需3.67及以上系统版本 | 日文版],DLC-EST002SRWBENEFIT,Initial Benefits,JPN
psvdlc,PCSG01128,Super Robot Taisen X,超级机器人大战 X [需3.67及以上系统版本 | 日文版],DLC-EST002SRWDLC0329,Repeat Playthrough Support Pack,JPN
psvdlc,PCSG01128,Super Robot Taisen X,超级机器人大战 X [需3.67及以上系统版本 | 日文版],DLC-EST002SRWDLC0323,Special Starter - Present X,JPN
psvdlc,PCSG01136,Demon Gaze II Global Edition (ENG/JPN) (3.61+!) [3.65],恶魔凝视 2 国际版 [需3.65及以上系统版本 | 日英文版],DLC-DEMONGAZE2DLC001,ビックリ!音のなるマント3種盛り,JPN
psvdlc,PCSG01136,Demon Gaze II Global Edition (ENG/JPN) (3.61+!) [3.65],恶魔凝视 2 国际版 [需3.65及以上系统版本 | 日英文版],DLC-DEMONGAZE2DLC007,迷宮探索サポートアイテムセットD,JPN
psvdlc,PCSG01136,Demon Gaze II Global Edition (ENG/JPN) (3.61+!) [3.65],恶魔凝视 2 国际版 [需3.65及以上系统版本 | 日英文版],DLC-DEMONGAZE2DLC002,革命応援アイテムセットA,JPN
psvdlc,PCSG01136,Demon Gaze II Global Edition (ENG/JPN) (3.61+!) [3.65],恶魔凝视 2 国际版 [需3.65及以上系统版本 | 日英文版],DLC-DEMONGAZE2DLC003,革命応援アイテムセットB,JPN
psvdlc,PCSG01154,Darkest Dungeon (3.61+!) [3.68],暗黑地牢 [需3.68及以上系统版本 | 日文版],DLC-DARKESTJP0000002,Darkest Dungeon - Crimson Court,JPN
psvdlc,PCSG01174,Winning Post 8 2018,赛马大亨 8 2018 [需3.67及以上系统版本 | 日文版],DLC-DLC0050000000000,Winning Post 8 2018 - 追加コンテンツ  新牧場長・夢見月紫苑,JPN
psvdlc,PCSG01174,Winning Post 8 2018,赛马大亨 8 2018 [需3.67及以上系统版本 | 日文版],DLC-DLC0010000000000,Winning Post 8 2018 - 追加コンテンツ  新秘書・黒羽のぞみ,JPN
psvdlc,PCSG01179,Catherine: Full Body (3.61+!) [3.69],凯瑟琳：口感浓郁 [需3.69及以上系统版本 | 日文版],DLC-DLCCATHERINEV002,Catherine 理想の声 セクシーボイスセット,JPN
psvdlc,PCSG01179,Catherine: Full Body (3.61+!) [3.69],凯瑟琳：口感浓郁 [需3.69及以上系统版本 | 日文版],DLC-DLCCATHERINEV000,Catherine 理想の声 プリティーボイスセット,JPN
psvdlc,PCSG01179,Catherine: Full Body (3.61+!) [3.69],凯瑟琳：口感浓郁 [需3.69及以上系统版本 | 日文版],DLC-DLCCATHERINEV001,Catherine 理想の声 ラブリーボイスセット,JPN
psvdlc,PCSG01179,Catherine: Full Body (3.61+!) [3.69],凯瑟琳：口感浓郁 [需3.69及以上系统版本 | 日文版],DLC-DLCEROMEGANESP00,スペシャルコンテンツ Nero glass(ネロメガネ),JPN
psvdlc,PCSG01179,Catherine: Full Body (3.61+!) [3.69],凯瑟琳：口感浓郁 [需3.69及以上系统版本 | 日文版],DLC-DLCPLAYER0000000,プレイアブルキャラクター追加セット,JPN
psvdlc,PCSG01179,Catherine: Full Body (3.61+!) [3.69],凯瑟琳：口感浓郁 [需3.69及以上系统版本 | 日文版],DLC-DLCPERSONA5SPPLY,ペルソナ5 プレイアブルキャラジョーカー&怪盗団スペシャル実況セット,JPN
psvdlc,PCSG01183,Memories Off -Innocent Fille- (3.61+!) [3.67],告别回忆 8：无垢少女 [需3.67及以上系统版本 | 日文版],DLC-MEMOFF8PSVDLC002,メモオフIF追加データ,JPN
psvdlc,PCSG01195,God Wars: Nihon Shinwa Taisen (3.61+!) [3.67],神之战：日本神话大战 [需3.67及以上系统版本 | 日文版],DLC-GWDLC11BEGINNERS,初心者応援セット,JPN
psvdlc,PCSG01195,God Wars: Nihon Shinwa Taisen (3.61+!) [3.67],神之战：日本神话大战 [需3.67及以上系统版本 | 日文版],DLC-GWDLC10OOKAMIKYO,大神兄妹の秘宝セット,JPN
psvdlc,PCSG01195,God Wars: Nihon Shinwa Taisen (3.61+!) [3.67],神之战：日本神话大战 [需3.67及以上系统版本 | 日文版],DLC-GWDLC09SANSYUNOJ,真・三種の神器セット,JPN
psvdlc,PCSG01223,Nelke & the Legendary Alchemists: Ateliers of the New World (3.61+!) [3.69],妮尔可与传说中的炼金术士：新大地的炼金工房 [需3.69及以上系统版本 | 日文版],DLC-ATELIER20TH00028,アトリエ20周年アレンジBGMパック,JPN
psvdlc,PCSG01223,Nelke & the Legendary Alchemists: Ateliers of the New World (3.61+!) [3.69],妮尔可与传说中的炼金术士：新大地的炼金工房 [需3.69及以上系统版本 | 日文版],DLC-ATELIER20TH00004,エクストラストーリー,JPN
psvdlc,PCSG01223,Nelke & the Legendary Alchemists: Ateliers of the New World (3.61+!) [3.69],妮尔可与传说中的炼金术士：新大地的炼金工房 [需3.69及以上系统版本 | 日文版],DLC-ATELIER20TH00011,ガスト25周年記念キャラクター登場パック,JPN
psvdlc,PCSG01223,Nelke & the Legendary Alchemists: Ateliers of the New World (3.61+!) [3.69],妮尔可与传说中的炼金术士：新大地的炼金工房 [需3.69及以上系统版本 | 日文版],DLC-ATELIER20TH00012,新春コスチューム,JPN
psvdlc,PCSG01223,Nelke & the Legendary Alchemists: Ateliers of the New World (3.61+!) [3.69],妮尔可与传说中的炼金术士：新大地的炼金工房 [需3.69及以上系统版本 | 日文版],DLC-ATELIER20TH00083,施設スキン・アーランド,JPN
psvdlc,PCSG01223,Nelke & the Legendary Alchemists: Ateliers of the New World (3.61+!) [3.69],妮尔可与传说中的炼金术士：新大地的炼金工房 [需3.69及以上系统版本 | 日文版],DLC-ATELIER20TH00063,施設スキン・イリス,JPN
psvdlc,PCSG01223,Nelke & the Legendary Alchemists: Ateliers of the New World (3.61+!) [3.69],妮尔可与传说中的炼金术士：新大地的炼金工房 [需3.69及以上系统版本 | 日文版],DLC-ATELIER20TH00053,施設スキン・グラムナート,JPN
psvdlc,PCSG01223,Nelke & the Legendary Alchemists: Ateliers of the New World (3.61+!) [3.69],妮尔可与传说中的炼金术士：新大地的炼金工房 [需3.69及以上系统版本 | 日文版],DLC-ATELIER20TH00043,施設スキン・ザールブルグ,JPN
psvdlc,PCSG01223,Nelke & the Legendary Alchemists: Ateliers of the New World (3.61+!) [3.69],妮尔可与传说中的炼金术士：新大地的炼金工房 [需3.69及以上系统版本 | 日文版],DLC-ATELIER20TH00073,施設スキン・マナケミア,JPN
psvdlc,PCSG01223,Nelke & the Legendary Alchemists: Ateliers of the New World (3.61+!) [3.69],妮尔可与传说中的炼金术士：新大地的炼金工房 [需3.69及以上系统版本 | 日文版],DLC-ATELIER20TH00103,施設スキン・不思議,JPN
psvdlc,PCSG01223,Nelke & the Legendary Alchemists: Ateliers of the New World (3.61+!) [3.69],妮尔可与传说中的炼金术士：新大地的炼金工房 [需3.69及以上系统版本 | 日文版],DLC-ATELIER20TH00093,施設スキン・黄昏,JPN
psvdlc,PCSG01223,Nelke & the Legendary Alchemists: Ateliers of the New World (3.61+!) [3.69],妮尔可与传说中的炼金术士：新大地的炼金工房 [需3.69及以上系统版本 | 日文版],DLC-ATELIER20TH00023,週刊ファミ通特典「ネッキー&スールの店」,JPN
psvdlc,PCSG01245,Kin'iro no Corda: Octave (3.61+!) [3.69],金色琴弦：八度音阶 [需3.69及以上系统版本 | 日文版],DLC-OCTAVEDLC0000008,かけ合いイベントセット,JPN
psvdlc,PCSH00034,One Piece: Kaizoku Musou 2,海贼王：海贼无双 2 [中文版],DLC-COS0000000000018,喬巴(2年前)追加服裝“和服”,ASA
psvdlc,PCSH00034,One Piece: Kaizoku Musou 2,海贼王：海贼无双 2 [中文版],DLC-COS0000000000014,娜美(2年前)追加服裝“和服”,ASA
psvdlc,PCSH00034,One Piece: Kaizoku Musou 2,海贼王：海贼无双 2 [中文版],DLC-COS0000000000015,娜美(2年前)追加服裝“SW”,ASA
psvdlc,PCSH00034,One Piece: Kaizoku Musou 2,海贼王：海贼无双 2 [中文版],DLC-COS0000000000013,索隆(2年前)追加服裝“和服”,ASA
psvdlc,PCSH00034,One Piece: Kaizoku Musou 2,海贼王：海贼无双 2 [中文版],DLC-COS0000000000019,羅賓(2年前)追加服裝“和服”,ASA
psvdlc,PCSH00034,One Piece: Kaizoku Musou 2,海贼王：海贼无双 2 [中文版],DLC-COS0000000000020,艾斯追加服裝“SW”,ASA
psvdlc,PCSH00034,One Piece: Kaizoku Musou 2,海贼王：海贼无双 2 [中文版],DLC-SCE0000000000000,追加章節“並肩作戰!龐克哈薩特”,ASA
psvdlc,PCSH00034,One Piece: Kaizoku Musou 2,海贼王：海贼无双 2 [中文版],DLC-COS0000000000017,香吉士(2年前)追加服裝“和服”,ASA
psvdlc,PCSH00034,One Piece: Kaizoku Musou 2,海贼王：海贼无双 2 [中文版],DLC-COS0000000000016,騙人布(2年前)追加服裝“和服”,ASA
psvdlc,PCSH00034,One Piece: Kaizoku Musou 2,海贼王：海贼无双 2 [中文版],DLC-COS0000000000012,魯夫(2年前)追加服裝“武士”,ASA
psvdlc,PCSH00057,AKIBA'S TRIP: Undead ＆ Undressed,秋叶脱物语 2 [中韩文版],DLC-AKIBASNEXTDLC006,AKIBA'S TRIP2 合作企劃內容組01,ASA
psvdlc,PCSH00057,AKIBA'S TRIP: Undead ＆ Undressed,秋叶脱物语 2 [中韩文版],DLC-AKIBASNEXTDLC007,AKIBA'S TRIP2 合作企劃內容組02,ASA
psvdlc,PCSH00057,AKIBA'S TRIP: Undead ＆ Undressed,秋叶脱物语 2 [中韩文版],DLC-AKIBASNEXTDLC008,AKIBA'S TRIP2 合作企劃內容組03,ASA
psvdlc,PCSH00057,AKIBA'S TRIP: Undead ＆ Undressed,秋叶脱物语 2 [中韩文版],DLC-AKIBASNEXTDLC009,AKIBA'S TRIP2 合作企劃內容組04,ASA
psvdlc,PCSH00057,AKIBA'S TRIP: Undead ＆ Undressed,秋叶脱物语 2 [中韩文版],DLC-AKIBASNEXTDLC010,AKIBA'S TRIP2 合作企劃內容組05,ASA
psvdlc,PCSH00057,AKIBA'S TRIP: Undead ＆ Undressed,秋叶脱物语 2 [中韩文版],DLC-AKIBASNEXTDLC011,AKIBA'S TRIP2 合作企劃內容組06,ASA
psvdlc,PCSH00057,AKIBA'S TRIP: Undead ＆ Undressed,秋叶脱物语 2 [中韩文版],DLC-AKIBASNEXTDLC012,AKIBA'S TRIP2 合作企劃內容組07,ASA
psvdlc,PCSH00057,AKIBA'S TRIP: Undead ＆ Undressed,秋叶脱物语 2 [中韩文版],DLC-AKIBASNEXTDLC013,AKIBA'S TRIP2 合作企劃內容組08,ASA
psvdlc,PCSH00057,AKIBA'S TRIP: Undead ＆ Undressed,秋叶脱物语 2 [中韩文版],DLC-AKIBASNEXTDLC014,AKIBA'S TRIP2 合作企劃內容組09,ASA
psvdlc,PCSH00057,AKIBA'S TRIP: Undead ＆ Undressed,秋叶脱物语 2 [中韩文版],DLC-AKIBASNEXTDLC015,AKIBA'S TRIP2 合作企劃內容組10,ASA
psvdlc,PCSH00058,Shin Gundam Musou,真高达无双 [中文版],DLC-DSC0000000000007,追加劇本 人心之光,ASA
psvdlc,PCSH00058,Shin Gundam Musou,真高达无双 [中文版],DLC-DSC0000000000005,追加劇本 即將來臨的對話,ASA
psvdlc,PCSH00058,Shin Gundam Musou,真高达无双 [中文版],DLC-DSC0000000000003,追加劇本 在有限的時間內......,ASA
psvdlc,PCSH00058,Shin Gundam Musou,真高达无双 [中文版],DLC-DSC0000000000010,追加劇本 奔馳而過的風暴,ASA
psvdlc,PCSH00058,Shin Gundam Musou,真高达无双 [中文版],DLC-DSC0000000000009,追加劇本 宇宙海盜骷髏先鋒軍,ASA
psvdlc,PCSH00058,Shin Gundam Musou,真高达无双 [中文版],DLC-DSC0000000000014,追加劇本 彩虹的彼端,ASA
psvdlc,PCSH00058,Shin Gundam Musou,真高达无双 [中文版],DLC-DSC0000000000016,追加劇本 戰爭靠的是質、量與氣勢啊!,ASA
psvdlc,PCSH00058,Shin Gundam Musou,真高达无双 [中文版],DLC-DSC0000000000001,追加劇本 無盡的華爾滋,ASA
psvdlc,PCSH00058,Shin Gundam Musou,真高达无双 [中文版],DLC-DSC0000000000004,追加劇本 終極艦隊戰,ASA
psvdlc,PCSH00058,Shin Gundam Musou,真高达无双 [中文版],DLC-DSC0000000000012,追加劇本 終結之光,ASA
psvdlc,PCSH00058,Shin Gundam Musou,真高达无双 [中文版],DLC-DSC0000000000011,追加劇本 總體意志的容器,ASA
psvdlc,PCSH00058,Shin Gundam Musou,真高达无双 [中文版],DLC-DSC0000000000013,追加劇本 覺醒的真正鋼彈無雙,ASA
psvdlc,PCSH00058,Shin Gundam Musou,真高达无双 [中文版],DLC-DSC0000000000000,追加劇本 誰才是最強的『紅色』!?,ASA
psvdlc,PCSH00058,Shin Gundam Musou,真高达无双 [中文版],DLC-DSC0000000000002,追加劇本 逃脫,ASA
psvdlc,PCSH00058,Shin Gundam Musou,真高达无双 [中文版],DLC-DSC0000000000015,追加劇本 邁向新世界,ASA
psvdlc,PCSH00058,Shin Gundam Musou,真高达无双 [中文版],DLC-DSC0000000000008,追加劇本 鋼彈立於空中!,ASA
psvdlc,PCSH00058,Shin Gundam Musou,真高达无双 [中文版],DLC-DSC0000000000006,追加劇本 馳騁宇宙,ASA
psvdlc,PCSH00058,Shin Gundam Musou,真高达无双 [中文版],DLC-DMS0000000000005,追加機體 全裝甲型獨角獸鋼彈,ASA
psvdlc,PCSH00058,Shin Gundam Musou,真高达无双 [中文版],DLC-DMS0000000000003,追加機體 海盜鋼彈X1改,ASA
psvdlc,PCSH00058,Shin Gundam Musou,真高达无双 [中文版],DLC-DMS0000000000000,追加機體 熊亞凱,ASA
psvdlc,PCSH00058,Shin Gundam Musou,真高达无双 [中文版],DLC-DMS0000000000002,追加機體 量子型00鋼彈,ASA
psvdlc,PCSH00058,Shin Gundam Musou,真高达无双 [中文版],DLC-DMS0000000000004,追加機體 鋼彈試作3號機雄蕊,ASA
psvdlc,PCSH00058,Shin Gundam Musou,真高达无双 [中文版],DLC-DMS0000000000001,追加機體 飛翼鋼彈零式(EW版),ASA
psvdlc,PCSH00075,The Legend of Heroes: Sen No Kiseki II (CHI),英雄传说：闪之轨迹 2 [中日文版],DLC-EDSENADDCONT0156,追加コンテンツ『キャンペーンセット4』,ASA
psvdlc,PCSH00075,The Legend of Heroes: Sen No Kiseki II (CHI),英雄传说：闪之轨迹 2 [中日文版],DLC-EDSENADDCONT0160,追加コンテンツ『無料10周年御礼セット』,ASA
psvdlc,PCSH00075,The Legend of Heroes: Sen No Kiseki II (CHI),英雄传说：闪之轨迹 2 [中日文版],DLC-EDSENADDCONT0165,追加コンテンツ『無料お試しセット(1)』,ASA
psvdlc,PCSH00075,The Legend of Heroes: Sen No Kiseki II (CHI),英雄传说：闪之轨迹 2 [中日文版],DLC-EDSENADDCONT0166,追加コンテンツ『無料お試しセット(2)』,ASA
psvdlc,PCSH00075,The Legend of Heroes: Sen No Kiseki II (CHI),英雄传说：闪之轨迹 2 [中日文版],DLC-EDSENADDCONT0167,追加コンテンツ『無料お試しセット(3)』,ASA
psvdlc,PCSH00075,The Legend of Heroes: Sen No Kiseki II (CHI),英雄传说：闪之轨迹 2 [中日文版],DLC-EDSENADDCONT0168,追加コンテンツ『無料お試しセット(4)』,ASA
psvdlc,PCSH00075,The Legend of Heroes: Sen No Kiseki II (CHI),英雄传说：闪之轨迹 2 [中日文版],DLC-EDSENADDCONT0169,追加コンテンツ『無料お試しセット(5)』,ASA
psvdlc,PCSH00077,Dekamori Senran Kagura Pack A (hanzo・guren),忍乳负重 闪乱神乐 游戏套件 A (半藏•红莲) [中韩文版],DLC-0000000000000000,『忍乳負重 閃亂神樂』遊戲套組A追加使用角色組 (月閃/蛇女),ASA
psvdlc,PCSH00110,Toukiden: Kiwami (CHI),讨鬼传：极 [CHN][中文版],DLC-TOUKIDENDLC00800,御魂「一文寺真理」,ASA
psvdlc,PCSH00110,Toukiden: Kiwami (CHI),讨鬼传：极 [CHN][中文版],DLC-TOUKIDENDLC00900,御魂「织田信喵」,ASA
psvdlc,PCSH00110,Toukiden: Kiwami (CHI),讨鬼传：极 [CHN][中文版],DLC-TOUKIDENDLC02000,御魂「虞姬」,ASA
psvdlc,PCSH00110,Toukiden: Kiwami (CHI),讨鬼传：极 [CHN][中文版],DLC-TOUKIDENDLC05000,追加任务集 壹,ASA
psvdlc,PCSH00110,Toukiden: Kiwami (CHI),讨鬼传：极 [CHN][中文版],DLC-TOUKIDENDLC05100,追加任务集 贰,ASA
psvdlc,PCSH00110,Toukiden: Kiwami (CHI),讨鬼传：极 [CHN][中文版],DLC-TOUKIDENDLC01800,防具「角色扮演装束‧咎人」,ASA
psvdlc,PCSH00110,Toukiden: Kiwami (CHI),讨鬼传：极 [CHN][中文版],DLC-TOUKIDENDLC01900,防具「角色扮演高加兰(男性)/角色扮演红兜帽(女性)」,ASA
psvdlc,PCSH00111,Shin Sangoku Musou 7 with Moushouden Complete Edition,真•三国无双 7 猛将传 完全版 [中文版],DLC-SM7EXDLCSPECOS02,「徐庶」光荣特库摩合作服装,ASA
psvdlc,PCSH00111,Shin Sangoku Musou 7 with Moushouden Complete Edition,真•三国无双 7 猛将传 完全版 [中文版],DLC-SM7EXDLCSPECOS01,「王元姬」光荣特库摩合作服装,ASA
psvdlc,PCSH00111,Shin Sangoku Musou 7 with Moushouden Complete Edition,真•三国无双 7 猛将传 完全版 [中文版],DLC-SM7EXDLCSPECOS00,「赵云」光荣特库摩合作服装,ASA
psvdlc,PCSH00133,GOD EATER 2 RAGE BURST,噬神者 2：狂怒解放 [中文版],DLC-GE2RBOTHERS00001,噬神者2 狂怒解放  初回內附特典「禁忌的血之技藝」,ASA
psvdlc,PCSH00133,GOD EATER 2 RAGE BURST,噬神者 2：狂怒解放 [中文版],DLC-GE2RBNPC00000004,噬神者2 狂怒解放  新裝角色 亞莉莎,ASA
psvdlc,PCSH00133,GOD EATER 2 RAGE BURST,噬神者 2：狂怒解放 [中文版],DLC-GE2RBNPC00000015,噬神者2 狂怒解放  新裝角色 吉娜,ASA
psvdlc,PCSH00133,GOD EATER 2 RAGE BURST,噬神者 2：狂怒解放 [中文版],DLC-GE2RBNPC00000009,噬神者2 狂怒解放  新裝角色 埃米爾,ASA
psvdlc,PCSH00133,GOD EATER 2 RAGE BURST,噬神者 2：狂怒解放 [中文版],DLC-GE2RBNPC00000007,噬神者2 狂怒解放  新裝角色 基爾伯特,ASA
psvdlc,PCSH00133,GOD EATER 2 RAGE BURST,噬神者 2：狂怒解放 [中文版],DLC-GE2RBNPC00000005,噬神者2 狂怒解放  新裝角色 奈奈,ASA
psvdlc,PCSH00133,GOD EATER 2 RAGE BURST,噬神者 2：狂怒解放 [中文版],DLC-GE2RBNPC00000016,噬神者2 狂怒解放  新裝角色 布蘭登,ASA
psvdlc,PCSH00133,GOD EATER 2 RAGE BURST,噬神者 2：狂怒解放 [中文版],DLC-GE2RBNPC00000001,噬神者2 狂怒解放  新裝角色 晴臣,ASA
psvdlc,PCSH00133,GOD EATER 2 RAGE BURST,噬神者 2：狂怒解放 [中文版],DLC-GE2RBNPC00000006,噬神者2 狂怒解放  新裝角色 浩太,ASA
psvdlc,PCSH00133,GOD EATER 2 RAGE BURST,噬神者 2：狂怒解放 [中文版],DLC-GE2RBNPC00000003,噬神者2 狂怒解放  新裝角色 索瑪,ASA
psvdlc,PCSH00133,GOD EATER 2 RAGE BURST,噬神者 2：狂怒解放 [中文版],DLC-GE2RBNPC00000008,噬神者2 狂怒解放  新裝角色 艾莉娜,ASA
psvdlc,PCSH00133,GOD EATER 2 RAGE BURST,噬神者 2：狂怒解放 [中文版],DLC-GE2RBNPC00000002,噬神者2 狂怒解放  新裝角色 雪兒,ASA
psvdlc,PCSH00134,Sword Art Online ―Lost Song―,刀剑神域：失落之歌 [中文版],DLC-DLCPACKAGE000008,追加任務:【討伐】傀儡圓舞曲,ASA
psvdlc,PCSH00134,Sword Art Online ―Lost Song―,刀剑神域：失落之歌 [中文版],DLC-DLCPACKAGE000007,追加任務:【討伐】欺瞞,ASA
psvdlc,PCSH00134,Sword Art Online ―Lost Song―,刀剑神域：失落之歌 [中文版],DLC-DLCPACKAGE000011,追加任務:【討伐】死者們的戰場,ASA
psvdlc,PCSH00134,Sword Art Online ―Lost Song―,刀剑神域：失落之歌 [中文版],DLC-DLCPACKAGE000005,追加任務:【討伐】殲滅飛鞠,ASA
psvdlc,PCSH00134,Sword Art Online ―Lost Song―,刀剑神域：失落之歌 [中文版],DLC-DLCPACKAGE000010,追加任務:【討伐】獵龍,ASA
psvdlc,PCSH00134,Sword Art Online ―Lost Song―,刀剑神域：失落之歌 [中文版],DLC-DLCPACKAGE000006,追加任務:【討伐】獸之宴,ASA
psvdlc,PCSH00134,Sword Art Online ―Lost Song―,刀剑神域：失落之歌 [中文版],DLC-DLCPACKAGE000009,追加任務:【討伐】眾神再次侵略,ASA
psvdlc,PCSH00134,Sword Art Online ―Lost Song―,刀剑神域：失落之歌 [中文版],DLC-DLCPACKAGE000012,追加任務:【討伐】黃昏重演,ASA
psvdlc,PCSH00173,Digimon Story Cyber Sleuth,数码宝贝物语 网络侦探 [中文版],DLC-DSDLCDIGIMON3101,初回特典,ASA
psvdlc,PCSH00173,Digimon Story Cyber Sleuth,数码宝贝物语 网络侦探 [中文版],DLC-DSDLCQUEST003101,追加任務1&2,ASA
psvdlc,PCSH00173,Digimon Story Cyber Sleuth,数码宝贝物语 网络侦探 [中文版],DLC-DSDLCQUEST003102,追加任務3&4,ASA
psvdlc,PCSH00173,Digimon Story Cyber Sleuth,数码宝贝物语 网络侦探 [中文版],DLC-DSDLCQUEST003103,追加任務5&6,ASA
psvdlc,PCSH00173,Digimon Story Cyber Sleuth,数码宝贝物语 网络侦探 [中文版],DLC-DSDLCQUEST003104,追加任務7&8,ASA
psvdlc,PCSH00173,Digimon Story Cyber Sleuth,数码宝贝物语 网络侦探 [中文版],DLC-DSDLCQUEST003105,追加任務9&10,ASA
psvdlc,PCSH00173,Digimon Story Cyber Sleuth,数码宝贝物语 网络侦探 [中文版],DLC-DSDLCQUEST003106,追加任務11&12,ASA
psvdlc,PCSH00176,Hatsune Miku: Project DIVA X,初音未来：歌姬计划 X [中日文版],DLC-PJDXDLCMIK326019,CA Style 39,ASA
psvdlc,PCSH00176,Hatsune Miku: Project DIVA X,初音未来：歌姬计划 X [中日文版],DLC-PJDXDLCMIK325018,CA Style A,ASA
psvdlc,PCSH00176,Hatsune Miku: Project DIVA X,初音未来：歌姬计划 X [中日文版],DLC-PJDXLIVEEDITP001,演唱會編輯起始套件,ASA
psvdlc,PCSH00176,Hatsune Miku: Project DIVA X,初音未来：歌姬计划 X [中日文版],DLC-PJDXDLCYUKI39021,雪MIKU 2010~2015套組,ASA
psvdlc,PCSH00196,Mobile Suit Gundam: Extreme VS-Force,机动战士高达：极限进化 VS 力量 [中韩文版],DLC-VSTAMISSION00000,Additional mission 「The Iron Flowers that Bloom on the Battlefield」,ASA
psvdlc,PCSH00196,Mobile Suit Gundam: Extreme VS-Force,机动战士高达：极限进化 VS 力量 [中韩文版],DLC-VSTAUNIT00000001,Additional playable unit 「Gundam Barbatos (1st Form)」,ASA
psvdlc,PCSH00196,Mobile Suit Gundam: Extreme VS-Force,机动战士高达：极限进化 VS 力量 [中韩文版],DLC-VSTAUNIT00000002,Additional playable unit 「Gundam Barbatos (4th Form)」,ASA
psvdlc,PCSH00207,Gundam Breaker 3 (CHI),高达破坏者 3 [中韩文版],DLC-GB3DLC0000000001,GUNDAM BREAKER 3 DLC No.1「RE -BREAK」,ASA
psvdlc,PCSH00208,Gundam Breaker 3 (ENG),高达破坏者 3 [英文版],DLC-GB3DLC0000000001,GUNDAM BREAKER 3 DLC No.1 「RE -BREAK」,ASA
psvdlc,PCSH00208,Gundam Breaker 3 (ENG),高达破坏者 3 [英文版],DLC-GB3DLC0000000002,GUNDAM BREAKER 3 DLC No.2「BUILD BEGINNING」,ASA
psvdlc,PCSH00208,Gundam Breaker 3 (ENG),高达破坏者 3 [英文版],DLC-GB3DLC0000000003,GUNDAM BREAKER 3 DLC No.3「BUILD RISING」,ASA
psvdlc,PCSH00208,Gundam Breaker 3 (ENG),高达破坏者 3 [英文版],DLC-GB3DLC0000000004,GUNDAM BREAKER 3 DLC No.4「BUILD EVOLUTION」,ASA
psvdlc,PCSH00208,Gundam Breaker 3 (ENG),高达破坏者 3 [英文版],DLC-GB3DLC0000000005,GUNDAM BREAKER 3 DLC No.5「BUILD ABSOLUTE」,ASA
psvdlc,PCSH00208,Gundam Breaker 3 (ENG),高达破坏者 3 [英文版],DLC-GB3DLC0000000006,GUNDAM BREAKER 3 DLC No.6「BUILD KINGDOM」,ASA
psvdlc,PCSH00211,Persona 4: Dancing All Night,女神异闻录 4：通宵热舞 [中韩文版],DLC-ADDCONTDLCD0000C,樂曲「Never More」,ASA
psvdlc,PCSH00211,Persona 4: Dancing All Night,女神异闻录 4：通宵热舞 [中韩文版],DLC-ADDCONTDLCD0000E,樂曲「Reach Out To The Truth (PERSONA MUSIC FES 2013)」,ASA
psvdlc,PCSH00211,Persona 4: Dancing All Night,女神异闻录 4：通宵热舞 [中韩文版],DLC-ADDCONTDLCD0000D,樂曲「Shadow World (DE DE MOUSE shadow swing mix)」,ASA
psvdlc,PCSH00220,Atelier Sophie ~The Alchemist of the Mysterious Book~,苏菲的炼金工房：不可思议书的炼金术士 [中文版],DLC-DOLLMAKEPARTS001,蘇菲的鍊金工房 ~不可思議書的鍊金術士~ 人偶鍊成服裝「水藍套裝」,ASA
psvdlc,PCSH00220,Atelier Sophie ~The Alchemist of the Mysterious Book~,苏菲的炼金工房：不可思议书的炼金术士 [中文版],DLC-ADDEVENT0FIRIS00,蘇菲的鍊金工房 ~不可思議書的鍊金術士~ 追加事件「後日談插曲」,ASA
psvdlc,PCSH00220,Atelier Sophie ~The Alchemist of the Mysterious Book~,苏菲的炼金工房：不可思议书的炼金术士 [中文版],DLC-ADDMAP00EXPARA00,蘇菲的鍊金工房 ~不可思議書的鍊金術士~ 追加採集地「隱密的書架」,ASA
psvdlc,PCSH00220,Atelier Sophie ~The Alchemist of the Mysterious Book~,苏菲的炼金工房：不可思议书的炼金术士 [中文版],DLC-BGMPACK0FIRST000,蘇菲的鍊金工房 ~不可思議書的鍊金術士~ 鍊金工房系列作特殊BGM包,ASA
psvdlc,PCSH00221,Dragon Quest Builders,勇者斗恶龙创世小玩家：阿雷夫加尔德复兴记 [中文版],DLC-AC00000000000011,大魔道&多拉奇軍團戰鬥票券+戰士(女)壁畫的設計圖,ASA
psvdlc,PCSH00221,Dragon Quest Builders,勇者斗恶龙创世小玩家：阿雷夫加尔德复兴记 [中文版],DLC-AC00000000000005,懷舊牆壁的配方,ASA
psvdlc,PCSH00221,Dragon Quest Builders,勇者斗恶龙创世小玩家：阿雷夫加尔德复兴记 [中文版],DLC-AC00000000000007,死神騎士&鎧甲騎士軍團戰鬥票券+魔法師(男)壁畫的設計圖,ASA
psvdlc,PCSH00221,Dragon Quest Builders,勇者斗恶龙创世小玩家：阿雷夫加尔德复兴记 [中文版],DLC-AC00000000000008,殺戮機器&金屬獵人軍團戰鬥票券+賢者(女)壁畫的設計圖,ASA
psvdlc,PCSH00221,Dragon Quest Builders,勇者斗恶龙创世小玩家：阿雷夫加尔德复兴记 [中文版],DLC-AC00000000000001,開花灰燼的配方,ASA
psvdlc,PCSH00221,Dragon Quest Builders,勇者斗恶龙创世小玩家：阿雷夫加尔德复兴记 [中文版],DLC-AC00000000000009,黃金人&死靈騎士軍團戰鬥票券+僧侶(男)壁畫的設計圖,ASA
psvdlc,PCSH00221,Dragon Quest Builders,勇者斗恶龙创世小玩家：阿雷夫加尔德复兴记 [中文版],DLC-AC00000000000010,黃金獸人&鬼魂軍團戰鬥票券+武術家(女)壁畫的設計圖,ASA
psvdlc,PCSH00221,Dragon Quest Builders,勇者斗恶龙创世小玩家：阿雷夫加尔德复兴记 [中文版],DLC-AC00000000000012,龍&史萊姆軍團戰鬥票券+勇者(男)壁畫的設計圖,ASA
psvdlc,PCSH00223,World of Final Fantasy (3.61+!) [3.61],最终幻想世界 [需3.61及以上系统版本 | 中韩文版],DLC-WOFFVITASTAR0002,WORLD OF FINAL FANTASY  Champion Summon - Balthier,ASA
psvdlc,PCSH00223,World of Final Fantasy (3.61+!) [3.61],最终幻想世界 [需3.61及以上系统版本 | 中韩文版],DLC-WOFFVITASTAR0001,WORLD OF FINAL FANTASY  Champion Summon - Sephiroth,ASA
psvdlc,PCSH00223,World of Final Fantasy (3.61+!) [3.61],最终幻想世界 [需3.61及以上系统版本 | 中韩文版],DLC-WOFFVITAMON00014,WORLD OF FINAL FANTASY  Coliseum Ticket - Astraea,ASA
psvdlc,PCSH00223,World of Final Fantasy (3.61+!) [3.61],最终幻想世界 [需3.61及以上系统版本 | 中韩文版],DLC-WOFFVITAMON00003,WORLD OF FINAL FANTASY  Coliseum Ticket - Glow Moogle,ASA
psvdlc,PCSH00223,World of Final Fantasy (3.61+!) [3.61],最终幻想世界 [需3.61及以上系统版本 | 中韩文版],DLC-WOFFVITAMON00002,WORLD OF FINAL FANTASY  Coliseum Ticket - White Chocobo,ASA
psvdlc,PCSH00223,World of Final Fantasy (3.61+!) [3.61],最终幻想世界 [需3.61及以上系统版本 | 中韩文版],DLC-WOFFVITAVO000001,WORLD OF FINAL FANTASY  Voice Pack - EN (for PlayStation®Vita),ASA
psvdlc,PCSH00223,World of Final Fantasy (3.61+!) [3.61],最终幻想世界 [需3.61及以上系统版本 | 中韩文版],DLC-WOFFVITAVO000000,WORLD OF FINAL FANTASY  Voice Pack - JP (for PlayStation®Vita),ASA
psvdlc,PCSH00225,Summon Night 6: Lost Borders (CHI),召唤夜响曲 6：消逝的境界 [中文版],DLC-SUMMONNIGHT6DL02,召喚獸「老大」&配件「薄荷菜園的蔬菜」,ASA
psvdlc,PCSH00225,Summon Night 6: Lost Borders (CHI),召唤夜响曲 6：消逝的境界 [中文版],DLC-SUMMONNIGHT6DL03,追加劇情「向流星許願」,ASA
psvdlc,PCSH00225,Summon Night 6: Lost Borders (CHI),召唤夜响曲 6：消逝的境界 [中文版],DLC-SUMMONNIGHT6DL06,追加劇情「我們永不改變」,ASA
psvdlc,PCSH00225,Summon Night 6: Lost Borders (CHI),召唤夜响曲 6：消逝的境界 [中文版],DLC-SUMMONNIGHT6DL05,追加劇情「迴盪心頭的話語」,ASA
psvdlc,PCSH00225,Summon Night 6: Lost Borders (CHI),召唤夜响曲 6：消逝的境界 [中文版],DLC-SUMMONNIGHT6DL04,追加劇情「魔公子大人與主人」,ASA
psvdlc,PCSH00230,One Piece Pirate Warriors 3 (CHI),海贼王：海贼无双 3 [CHN][中文版],DLC-OP3COSTUME000018,奈美追加服装“战国无双 女忍者”,ASA
psvdlc,PCSH00230,One Piece Pirate Warriors 3 (CHI),海贼王：海贼无双 3 [CHN][中文版],DLC-OP3COSTUME000019,罗宾追加服装“战国无双 甲斐姬”,ASA
psvdlc,PCSH00230,One Piece Pirate Warriors 3 (CHI),海贼王：海贼无双 3 [CHN][中文版],DLC-OP3SCENARIO00001,追加章节“东海无异状!”,ASA
psvdlc,PCSH00241,SD GUNDAM G GENERATION GENESIS (3.61+!) [3.61],SD高达G世代：创世 [需3.61及以上系统版本 | 中文版],DLC-GGGENESISDLC0001,SD GUNDAM G GENERATION GENESIS DLC0001,ASA
psvdlc,PCSH00241,SD GUNDAM G GENERATION GENESIS (3.61+!) [3.61],SD高达G世代：创世 [需3.61及以上系统版本 | 中文版],DLC-GGGENESISDLC0002,SD GUNDAM G GENERATION GENESIS DLC0002,ASA
psvdlc,PCSH00241,SD GUNDAM G GENERATION GENESIS (3.61+!) [3.61],SD高达G世代：创世 [需3.61及以上系统版本 | 中文版],DLC-GGGENESISDLC0003,SD GUNDAM G GENERATION GENESIS DLC0003,ASA
psvdlc,PCSH00241,SD GUNDAM G GENERATION GENESIS (3.61+!) [3.61],SD高达G世代：创世 [需3.61及以上系统版本 | 中文版],DLC-GGGENESISDLC0004,SD GUNDAM G GENERATION GENESIS DLC0004,ASA
psvdlc,PCSH00241,SD GUNDAM G GENERATION GENESIS (3.61+!) [3.61],SD高达G世代：创世 [需3.61及以上系统版本 | 中文版],DLC-EXTERNALDATA0000,SD GUNDAM G GENERATION GENESIS INSTALL DATA,ASA
psvdlc,PCSH00241,SD GUNDAM G GENERATION GENESIS (3.61+!) [3.61],SD高达G世代：创世 [需3.61及以上系统版本 | 中文版],DLC-GGGENESISDLC0016,特別關卡「哈囉哈囉!爭奪破壞目標大作戰!」,ASA
psvdlc,PCSH00241,SD GUNDAM G GENERATION GENESIS (3.61+!) [3.61],SD高达G世代：创世 [需3.61及以上系统版本 | 中文版],DLC-GGGENESISDLC0013,特別關卡「哈囉哈囉!突破敵方包圍網大作戰!」,ASA
psvdlc,PCSH00241,SD GUNDAM G GENERATION GENESIS (3.61+!) [3.61],SD高达G世代：创世 [需3.61及以上系统版本 | 中文版],DLC-GGGENESISDLC0009,特別關卡「哈囉哈囉!精神感應哈囉搜尋大作戰!」,ASA
psvdlc,PCSH00241,SD GUNDAM G GENERATION GENESIS (3.61+!) [3.61],SD高达G世代：创世 [需3.61及以上系统版本 | 中文版],DLC-GGGENESISDLC0012,追加單位「席斯庫德」,ASA
psvdlc,PCSH00241,SD GUNDAM G GENERATION GENESIS (3.61+!) [3.61],SD高达G世代：创世 [需3.61及以上系统版本 | 中文版],DLC-GGGENESISDLC0015,追加單位「熾熱爭戰鋼彈」,ASA
psvdlc,PCSH00241,SD GUNDAM G GENERATION GENESIS (3.61+!) [3.61],SD高达G世代：创世 [需3.61及以上系统版本 | 中文版],DLC-GGGENESISDLC0008,追加單位「獵魔鋼彈・天狼」,ASA
psvdlc,PCSH00241,SD GUNDAM G GENERATION GENESIS (3.61+!) [3.61],SD高达G世代：创世 [需3.61及以上系统版本 | 中文版],DLC-GGGENESISDLC0007,追加單位包「機動戰士鋼彈 MSV-R 強尼・萊汀的歸來」,ASA
psvdlc,PCSH00241,SD GUNDAM G GENERATION GENESIS (3.61+!) [3.61],SD高达G世代：创世 [需3.61及以上系统版本 | 中文版],DLC-GGGENESISDLC0006,追加單位包「機動戰士鋼彈 THE ORIGIN」,ASA
psvdlc,PCSH00241,SD GUNDAM G GENERATION GENESIS (3.61+!) [3.61],SD高达G世代：创世 [需3.61及以上系统版本 | 中文版],DLC-GGGENESISDLC0014,追加單位包「機動戰士鋼彈 THUNDERBOLT」,ASA
psvdlc,PCSH00241,SD GUNDAM G GENERATION GENESIS (3.61+!) [3.61],SD高达G世代：创世 [需3.61及以上系统版本 | 中文版],DLC-GGGENESISDLC0010,追加單位包「ADVANCE OF Ζ ~迪坦斯的旗下~」,ASA
psvdlc,PCSH00241,SD GUNDAM G GENERATION GENESIS (3.61+!) [3.61],SD高达G世代：创世 [需3.61及以上系统版本 | 中文版],DLC-GGGENESISDLC0017,追加單位包「SD鋼彈 G世代原創」,ASA
psvdlc,PCSH00241,SD GUNDAM G GENERATION GENESIS (3.61+!) [3.61],SD高达G世代：创世 [需3.61及以上系统版本 | 中文版],DLC-GGGENESISDLC0005,追加系列包「機動戰士鋼彈 閃光的哈薩威」,ASA
psvdlc,PCSH00242,SD GUNDAM G GENERATION GENESIS (ENG) (3.61+!) [3.61],SD高达G世代：创世 [需3.61及以上系统版本 | 英文版],DLC-GGGENESISDLC0005,Additional Story Pack Mobile Suit Gundam - Brilliant Hathaway,ASA
psvdlc,PCSH00242,SD GUNDAM G GENERATION GENESIS (ENG) (3.61+!) [3.61],SD高达G世代：创世 [需3.61及以上系统版本 | 英文版],DLC-GGGENESISDLC0008,Additional Unit Gundam Barbatos Lupus,ASA
psvdlc,PCSH00242,SD GUNDAM G GENERATION GENESIS (ENG) (3.61+!) [3.61],SD高达G世代：创世 [需3.61及以上系统版本 | 英文版],DLC-GGGENESISDLC0015,Additional Unit Hot Scramble Gundam,ASA
psvdlc,PCSH00242,SD GUNDAM G GENERATION GENESIS (ENG) (3.61+!) [3.61],SD高达G世代：创世 [需3.61及以上系统版本 | 英文版],DLC-GGGENESISDLC0010,Additional Unit Pack Advance of Zeta - The Flag of Titans,ASA
psvdlc,PCSH00242,SD GUNDAM G GENERATION GENESIS (ENG) (3.61+!) [3.61],SD高达G世代：创世 [需3.61及以上系统版本 | 英文版],DLC-GGGENESISDLC0007,Additional Unit Pack Mobile Suit Gundam MSV-R - The Return of Johnny Ridden,ASA
psvdlc,PCSH00242,SD GUNDAM G GENERATION GENESIS (ENG) (3.61+!) [3.61],SD高达G世代：创世 [需3.61及以上系统版本 | 英文版],DLC-GGGENESISDLC0006,Additional Unit Pack Mobile Suit Gundam The Origin,ASA
psvdlc,PCSH00242,SD GUNDAM G GENERATION GENESIS (ENG) (3.61+!) [3.61],SD高达G世代：创世 [需3.61及以上系统版本 | 英文版],DLC-GGGENESISDLC0014,Additional Unit Pack Mobile Suit Gundam Thunderbolt Unit,ASA
psvdlc,PCSH00242,SD GUNDAM G GENERATION GENESIS (ENG) (3.61+!) [3.61],SD高达G世代：创世 [需3.61及以上系统版本 | 英文版],DLC-GGGENESISDLC0017,Additional Unit Pack SD Gundam Generation Original,ASA
psvdlc,PCSH00242,SD GUNDAM G GENERATION GENESIS (ENG) (3.61+!) [3.61],SD高达G世代：创世 [需3.61及以上系统版本 | 英文版],DLC-GGGENESISDLC0012,Additional Unit Sisquiede,ASA
psvdlc,PCSH00242,SD GUNDAM G GENERATION GENESIS (ENG) (3.61+!) [3.61],SD高达G世代：创世 [需3.61及以上系统版本 | 英文版],DLC-GGGENESISDLC0001,SD GUNDAM G GENERATION GENESIS DLC0001,ASA
psvdlc,PCSH00242,SD GUNDAM G GENERATION GENESIS (ENG) (3.61+!) [3.61],SD高达G世代：创世 [需3.61及以上系统版本 | 英文版],DLC-GGGENESISDLC0002,SD GUNDAM G GENERATION GENESIS DLC0002,ASA
psvdlc,PCSH00242,SD GUNDAM G GENERATION GENESIS (ENG) (3.61+!) [3.61],SD高达G世代：创世 [需3.61及以上系统版本 | 英文版],DLC-GGGENESISDLC0003,SD GUNDAM G GENERATION GENESIS DLC0003,ASA
psvdlc,PCSH00242,SD GUNDAM G GENERATION GENESIS (ENG) (3.61+!) [3.61],SD高达G世代：创世 [需3.61及以上系统版本 | 英文版],DLC-GGGENESISDLC0004,SD GUNDAM G GENERATION GENESIS DLC0004,ASA
psvdlc,PCSH00242,SD GUNDAM G GENERATION GENESIS (ENG) (3.61+!) [3.61],SD高达G世代：创世 [需3.61及以上系统版本 | 英文版],DLC-EXTERNALDATA0000,SD GUNDAM G GENERATION GENESIS INSTALL DATA,ASA
psvdlc,PCSH00242,SD GUNDAM G GENERATION GENESIS (ENG) (3.61+!) [3.61],SD高达G世代：创世 [需3.61及以上系统版本 | 英文版],DLC-GGGENESISDLC0013,"Special Stage Haro, Haro! Surrounded on All Sides!",ASA
psvdlc,PCSH00242,SD GUNDAM G GENERATION GENESIS (ENG) (3.61+!) [3.61],SD高达G世代：创世 [需3.61及以上系统版本 | 英文版],DLC-GGGENESISDLC0009,"Special Stage Haro, Haro! The Search for Psyco Haro!",ASA
psvdlc,PCSH00242,SD GUNDAM G GENERATION GENESIS (ENG) (3.61+!) [3.61],SD高达G世代：创世 [需3.61及以上系统版本 | 英文版],DLC-GGGENESISDLC0016,"Special Stage Haro, Haro! Topple Those Targets!",ASA
psvdlc,PCSH00250,Dead or Alive Xtreme 3: Venus,死或生：沙滩排球 3 [中英韩文版],DLC-07DLC00010000000,Aroma 7th Swimsuit Catalog,ASA
psvdlc,PCSH00250,Dead or Alive Xtreme 3: Venus,死或生：沙滩排球 3 [中英韩文版],DLC-10DLC00020000000,Asari 13th Swimsuit Catalog,ASA
psvdlc,PCSH00250,Dead or Alive Xtreme 3: Venus,死或生：沙滩排球 3 [中英韩文版],DLC-07DLC00020000000,Bamboo Shoot 7th Swimsuit Catalog,ASA
psvdlc,PCSH00250,Dead or Alive Xtreme 3: Venus,死或生：沙滩排球 3 [中英韩文版],DLC-12DLC00040000000,Biscuit 17th Swimsuit Catalog,ASA
psvdlc,PCSH00250,Dead or Alive Xtreme 3: Venus,死或生：沙滩排球 3 [中英韩文版],DLC-11DLC00030000000,Clinic 16th Swimsuit Catalog,ASA
psvdlc,PCSH00250,Dead or Alive Xtreme 3: Venus,死或生：沙滩排球 3 [中英韩文版],DLC-11DLC00040000000,Clione 15th Swimsuit Catalog,ASA
psvdlc,PCSH00250,Dead or Alive Xtreme 3: Venus,死或生：沙滩排球 3 [中英韩文版],DLC-08DLC00040000000,Decuple 10th Swimsuit Catalog,ASA
psvdlc,PCSH00250,Dead or Alive Xtreme 3: Venus,死或生：沙滩排球 3 [中英韩文版],DLC-12DLC00010000000,For you 21th Swimsuit Catalog,ASA
psvdlc,PCSH00250,Dead or Alive Xtreme 3: Venus,死或生：沙滩排球 3 [中英韩文版],DLC-00DLC00010000000,Honoka's Angel Swimsuit,ASA
psvdlc,PCSH00250,Dead or Alive Xtreme 3: Venus,死或生：沙滩排球 3 [中英韩文版],DLC-09DLC00030000000,Illusion 12th Swimsuit Catalog,ASA
psvdlc,PCSH00250,Dead or Alive Xtreme 3: Venus,死或生：沙滩排球 3 [中英韩文版],DLC-08DLC00020000000,Innocence 9th Swimsuit Catalog,ASA
psvdlc,PCSH00250,Dead or Alive Xtreme 3: Venus,死或生：沙滩排球 3 [中英韩文版],DLC-08DLC01000000000,KEIJO!!!!!!!! Collaboration Swimsuit Set,ASA
psvdlc,PCSH00250,Dead or Alive Xtreme 3: Venus,死或生：沙滩排球 3 [中英韩文版],DLC-09DLC00040000000,Lazy Morning 12th Swimsuit Catalog,ASA
psvdlc,PCSH00250,Dead or Alive Xtreme 3: Venus,死或生：沙滩排球 3 [中英韩文版],DLC-00DLC00000000000,Marie's Devil Swimsuit,ASA
psvdlc,PCSH00250,Dead or Alive Xtreme 3: Venus,死或生：沙滩排球 3 [中英韩文版],DLC-09DLC00020000000,Mills' Mess 11th Swimsuit Catalog,ASA
psvdlc,PCSH00250,Dead or Alive Xtreme 3: Venus,死或生：沙滩排球 3 [中英韩文版],DLC-10DLC00010000000,Mummy 13th Swimsuit Catalog,ASA
psvdlc,PCSH00250,Dead or Alive Xtreme 3: Venus,死或生：沙滩排球 3 [中英韩文版],DLC-11DLC00010000000,Ocean Sunfish 20th Swimsuit Catalog,ASA
psvdlc,PCSH00250,Dead or Alive Xtreme 3: Venus,死或生：沙滩排球 3 [中英韩文版],DLC-10DLC00030000000,Pistachio 14th Swimsuit Catalog,ASA
psvdlc,PCSH00250,Dead or Alive Xtreme 3: Venus,死或生：沙滩排球 3 [中英韩文版],DLC-07DLC00040000000,Puff 8th Swimsuit Catalog,ASA
psvdlc,PCSH00250,Dead or Alive Xtreme 3: Venus,死或生：沙滩排球 3 [中英韩文版],DLC-12DLC00030000000,Salmon Roe 22th Swimsuit Catalog,ASA
psvdlc,PCSH00250,Dead or Alive Xtreme 3: Venus,死或生：沙滩排球 3 [中英韩文版],DLC-08DLC00030000000,Sandwich 10th Swimsuit Catalog,ASA
psvdlc,PCSH00250,Dead or Alive Xtreme 3: Venus,死或生：沙滩排球 3 [中英韩文版],DLC-12DLC00020000000,Santa Claus 18th Swimsuit Catalog,ASA
psvdlc,PCSH00250,Dead or Alive Xtreme 3: Venus,死或生：沙滩排球 3 [中英韩文版],DLC-10DLC00040000000,Scallops 14th Swimsuit Catalog,ASA
psvdlc,PCSH00250,Dead or Alive Xtreme 3: Venus,死或生：沙滩排球 3 [中英韩文版],DLC-11DLC00020000000,Sea Anemones 19th Swimsuit Catalog,ASA
psvdlc,PCSH00250,Dead or Alive Xtreme 3: Venus,死或生：沙滩排球 3 [中英韩文版],DLC-12DLC00080000000,SENRAN KAGURA 1st Collaboration Swimsuit (Ayane),ASA
psvdlc,PCSH00250,Dead or Alive Xtreme 3: Venus,死或生：沙滩排球 3 [中英韩文版],DLC-12DLC00130000000,SENRAN KAGURA 1st Collaboration Swimsuit (Helena),ASA
psvdlc,PCSH00250,Dead or Alive Xtreme 3: Venus,死或生：沙滩排球 3 [中英韩文版],DLC-12DLC00110000000,SENRAN KAGURA 1st Collaboration Swimsuit (Hitomi),ASA
psvdlc,PCSH00250,Dead or Alive Xtreme 3: Venus,死或生：沙滩排球 3 [中英韩文版],DLC-12DLC00060000000,SENRAN KAGURA 1st Collaboration Swimsuit (Honoka),ASA
psvdlc,PCSH00250,Dead or Alive Xtreme 3: Venus,死或生：沙滩排球 3 [中英韩文版],DLC-12DLC00070000000,SENRAN KAGURA 1st Collaboration Swimsuit (Kasumi),ASA
psvdlc,PCSH00250,Dead or Alive Xtreme 3: Venus,死或生：沙滩排球 3 [中英韩文版],DLC-12DLC00090000000,SENRAN KAGURA 1st Collaboration Swimsuit (Kokoro),ASA
psvdlc,PCSH00250,Dead or Alive Xtreme 3: Venus,死或生：沙滩排球 3 [中英韩文版],DLC-12DLC00050000000,SENRAN KAGURA 1st Collaboration Swimsuit (Marie),ASA
psvdlc,PCSH00250,Dead or Alive Xtreme 3: Venus,死或生：沙滩排球 3 [中英韩文版],DLC-12DLC00120000000,SENRAN KAGURA 1st Collaboration Swimsuit (Momiji),ASA
psvdlc,PCSH00250,Dead or Alive Xtreme 3: Venus,死或生：沙滩排球 3 [中英韩文版],DLC-12DLC00100000000,SENRAN KAGURA 1st Collaboration Swimsuit (Nyotengu),ASA
psvdlc,PCSH00250,Dead or Alive Xtreme 3: Venus,死或生：沙滩排球 3 [中英韩文版],DLC-12DLC00170000000,SENRAN KAGURA 2nd Collaboration Swimsuit (Ayane),ASA
psvdlc,PCSH00250,Dead or Alive Xtreme 3: Venus,死或生：沙滩排球 3 [中英韩文版],DLC-12DLC00220000000,SENRAN KAGURA 2nd Collaboration Swimsuit (Helena),ASA
psvdlc,PCSH00250,Dead or Alive Xtreme 3: Venus,死或生：沙滩排球 3 [中英韩文版],DLC-12DLC00200000000,SENRAN KAGURA 2nd Collaboration Swimsuit (Hitomi),ASA
psvdlc,PCSH00250,Dead or Alive Xtreme 3: Venus,死或生：沙滩排球 3 [中英韩文版],DLC-12DLC00150000000,SENRAN KAGURA 2nd Collaboration Swimsuit (Honoka),ASA
psvdlc,PCSH00250,Dead or Alive Xtreme 3: Venus,死或生：沙滩排球 3 [中英韩文版],DLC-12DLC00160000000,SENRAN KAGURA 2nd Collaboration Swimsuit (Kasumi),ASA
psvdlc,PCSH00250,Dead or Alive Xtreme 3: Venus,死或生：沙滩排球 3 [中英韩文版],DLC-12DLC00180000000,SENRAN KAGURA 2nd Collaboration Swimsuit (Kokoro),ASA
psvdlc,PCSH00250,Dead or Alive Xtreme 3: Venus,死或生：沙滩排球 3 [中英韩文版],DLC-12DLC00140000000,SENRAN KAGURA 2nd Collaboration Swimsuit (Marie),ASA
psvdlc,PCSH00250,Dead or Alive Xtreme 3: Venus,死或生：沙滩排球 3 [中英韩文版],DLC-12DLC00210000000,SENRAN KAGURA 2nd Collaboration Swimsuit (Momiji),ASA
psvdlc,PCSH00250,Dead or Alive Xtreme 3: Venus,死或生：沙滩排球 3 [中英韩文版],DLC-12DLC00190000000,SENRAN KAGURA 2nd Collaboration Swimsuit (Nyotengu),ASA
psvdlc,PCSH00250,Dead or Alive Xtreme 3: Venus,死或生：沙滩排球 3 [中英韩文版],DLC-09DLC00050000000,Studio KEIJO!!!!!!!!,ASA
psvdlc,PCSH00250,Dead or Alive Xtreme 3: Venus,死或生：沙滩排球 3 [中英韩文版],DLC-09DLC00070000000,Studio Sofmap,ASA
psvdlc,PCSH00250,Dead or Alive Xtreme 3: Venus,死或生：沙滩排球 3 [中英韩文版],DLC-09DLC00010000000,Sweety 11th Swimsuit Catalog,ASA
psvdlc,PCSH00250,Dead or Alive Xtreme 3: Venus,死或生：沙滩排球 3 [中英韩文版],DLC-00DLC00210000000,Team NINJA Prize swimsuit (Kokoro),ASA
psvdlc,PCSH00250,Dead or Alive Xtreme 3: Venus,死或生：沙滩排球 3 [中英韩文版],DLC-07DLC00030000000,Waffle 8th Swimsuit Catalog,ASA
psvdlc,PCSH00250,Dead or Alive Xtreme 3: Venus,死或生：沙滩排球 3 [中英韩文版],DLC-08DLC00010000000,Wild 9th Swimsuit Catalog,ASA
psvdlc,PCSH00250,Dead or Alive Xtreme 3: Venus,死或生：沙滩排球 3 [中英韩文版],DLC-00DLC00050000000,Xtreme Sexy F (Ayane),ASA
psvdlc,PCSH00250,Dead or Alive Xtreme 3: Venus,死或生：沙滩排球 3 [中英韩文版],DLC-00DLC00100000000,Xtreme Sexy F (Helena),ASA
psvdlc,PCSH00250,Dead or Alive Xtreme 3: Venus,死或生：沙滩排球 3 [中英韩文版],DLC-00DLC00080000000,Xtreme Sexy F (Hitomi),ASA
psvdlc,PCSH00250,Dead or Alive Xtreme 3: Venus,死或生：沙滩排球 3 [中英韩文版],DLC-00DLC00030000000,Xtreme Sexy F (Honoka),ASA
psvdlc,PCSH00250,Dead or Alive Xtreme 3: Venus,死或生：沙滩排球 3 [中英韩文版],DLC-00DLC00040000000,Xtreme Sexy F (Kasumi),ASA
psvdlc,PCSH00250,Dead or Alive Xtreme 3: Venus,死或生：沙滩排球 3 [中英韩文版],DLC-00DLC00060000000,Xtreme Sexy F (Kokoro),ASA
psvdlc,PCSH00250,Dead or Alive Xtreme 3: Venus,死或生：沙滩排球 3 [中英韩文版],DLC-00DLC00020000000,Xtreme Sexy F (Marie),ASA
psvdlc,PCSH00250,Dead or Alive Xtreme 3: Venus,死或生：沙滩排球 3 [中英韩文版],DLC-00DLC00090000000,Xtreme Sexy F (Momiji),ASA
psvdlc,PCSH00250,Dead or Alive Xtreme 3: Venus,死或生：沙滩排球 3 [中英韩文版],DLC-00DLC00070000000,Xtreme Sexy F (Nyotengu),ASA
psvdlc,PCSH00250,Dead or Alive Xtreme 3: Venus,死或生：沙滩排球 3 [中英韩文版],DLC-00DLC00140000000,Xtreme Sexy V (Ayane),ASA
psvdlc,PCSH00250,Dead or Alive Xtreme 3: Venus,死或生：沙滩排球 3 [中英韩文版],DLC-00DLC00190000000,Xtreme Sexy V (Helena),ASA
psvdlc,PCSH00250,Dead or Alive Xtreme 3: Venus,死或生：沙滩排球 3 [中英韩文版],DLC-00DLC00170000000,Xtreme Sexy V (Hitomi),ASA
psvdlc,PCSH00250,Dead or Alive Xtreme 3: Venus,死或生：沙滩排球 3 [中英韩文版],DLC-00DLC00120000000,Xtreme Sexy V (Honoka),ASA
psvdlc,PCSH00250,Dead or Alive Xtreme 3: Venus,死或生：沙滩排球 3 [中英韩文版],DLC-00DLC00130000000,Xtreme Sexy V (Kasumi),ASA
psvdlc,PCSH00250,Dead or Alive Xtreme 3: Venus,死或生：沙滩排球 3 [中英韩文版],DLC-00DLC00150000000,Xtreme Sexy V (Kokoro),ASA
psvdlc,PCSH00250,Dead or Alive Xtreme 3: Venus,死或生：沙滩排球 3 [中英韩文版],DLC-00DLC00110000000,Xtreme Sexy V (Marie),ASA
psvdlc,PCSH00250,Dead or Alive Xtreme 3: Venus,死或生：沙滩排球 3 [中英韩文版],DLC-00DLC00180000000,Xtreme Sexy V (Momiji),ASA
psvdlc,PCSH00250,Dead or Alive Xtreme 3: Venus,死或生：沙滩排球 3 [中英韩文版],DLC-00DLC00160000000,Xtreme Sexy V (Nyotengu),ASA
psvdlc,PCSH00250,Dead or Alive Xtreme 3: Venus,死或生：沙滩排球 3 [中英韩文版],DLC-00DLC00220000000,中文版設計大賽泳裝(穗香),ASA
psvdlc,PCSH00261,Digimon World: Next Order (CHI),数码宝贝世界：新秩序 [中文版],DLC-DLC0060000000000,DL版購買者支援道具組,ASA
psvdlc,PCSH00261,Digimon World: Next Order (CHI),数码宝贝世界：新秩序 [中文版],DLC-DLC0110000000002,─歸還─ 逆襲的紅色尖爪,ASA
psvdlc,PCSH00261,Digimon World: Next Order (CHI),数码宝贝世界：新秩序 [中文版],DLC-DLC0090000000002,命運大糞戰!!,ASA
psvdlc,PCSH00261,Digimon World: Next Order (CHI),数码宝贝世界：新秩序 [中文版],DLC-DLC0030000000000,培育衝刺開始組合,ASA
psvdlc,PCSH00261,Digimon World: Next Order (CHI),数码宝贝世界：新秩序 [中文版],DLC-DLC0100000000002,復活! 三壞神+那傢伙,ASA
psvdlc,PCSH00261,Digimon World: Next Order (CHI),数码宝贝世界：新秩序 [中文版],DLC-DLC0140000000000,攻略噴射組合,ASA
psvdlc,PCSH00261,Digimon World: Next Order (CHI),数码宝贝世界：新秩序 [中文版],DLC-DLC0050000000000,未知的究極進化核,ASA
psvdlc,PCSH00261,Digimon World: Next Order (CHI),数码宝贝世界：新秩序 [中文版],DLC-DLC0040000000000,特別版亞古獸與加布獸的數碼蛋,ASA
psvdlc,PCSH00261,Digimon World: Next Order (CHI),数码宝贝世界：新秩序 [中文版],DLC-DLC0170000000000,究極進化W道具組,ASA
psvdlc,PCSH00261,Digimon World: Next Order (CHI),数码宝贝世界：新秩序 [中文版],DLC-DLC0200000000000,究極進化道具(帝龍),ASA
psvdlc,PCSH00261,Digimon World: Next Order (CHI),数码宝贝世界：新秩序 [中文版],DLC-DLC0180000000000,究極進化道具(極黑),ASA
psvdlc,PCSH00261,Digimon World: Next Order (CHI),数码宝贝世界：新秩序 [中文版],DLC-DLC0190000000000,究極進化道具(混沌),ASA
psvdlc,PCSH00261,Digimon World: Next Order (CHI),数码宝贝世界：新秩序 [中文版],DLC-DLC0210000000000,究極進化道具(黑騎),ASA
psvdlc,PCSH00261,Digimon World: Next Order (CHI),数码宝贝世界：新秩序 [中文版],DLC-DLC0080000000001,緬因貓獸之謎,ASA
psvdlc,PCSH00261,Digimon World: Next Order (CHI),数码宝贝世界：新秩序 [中文版],DLC-DLC0070000000001,超一流完美美少女馴獸師來也!,ASA
psvdlc,PCSH00261,Digimon World: Next Order (CHI),数码宝贝世界：新秩序 [中文版],DLC-DLC0160000000000,鋼鐵之軀組合,ASA
psvdlc,PCSH00261,Digimon World: Next Order (CHI),数码宝贝世界：新秩序 [中文版],DLC-DLC0120000000000,鐵鍊哈密瓜組合,ASA
psvdlc,PCSH00261,Digimon World: Next Order (CHI),数码宝贝世界：新秩序 [中文版],DLC-DLC0150000000000,閃耀力量組合,ASA
psvdlc,PCSH00266,Sword Art Online: Hollow Realization (3.61+!) [3.61],刀剑神域：虚空幻界 [需3.61及以上系统版本 | 中文版],DLC-SAO4KFJ008200000,劇場版服裝「亞絲娜」購買權,ASA
psvdlc,PCSH00266,Sword Art Online: Hollow Realization (3.61+!) [3.61],刀剑神域：虚空幻界 [需3.61及以上系统版本 | 中文版],DLC-SAO4KFJ007200000,劇場版服裝「桐人」購買權,ASA
psvdlc,PCSH00266,Sword Art Online: Hollow Realization (3.61+!) [3.61],刀剑神域：虚空幻界 [需3.61及以上系统版本 | 中文版],DLC-SAO4KFJ045300000,怪異面容的霸王 挑戰權,ASA
psvdlc,PCSH00266,Sword Art Online: Hollow Realization (3.61+!) [3.61],刀剑神域：虚空幻界 [需3.61及以上系统版本 | 中文版],DLC-SAO4KFJ046300000,未知寶箱設置權,ASA
psvdlc,PCSH00266,Sword Art Online: Hollow Realization (3.61+!) [3.61],刀剑神域：虚空幻界 [需3.61及以上系统版本 | 中文版],DLC-SAO4LIR033100000,武器進化套組,ASA
psvdlc,PCSH00266,Sword Art Online: Hollow Realization (3.61+!) [3.61],刀剑神域：虚空幻界 [需3.61及以上系统版本 | 中文版],DLC-SAO4LIR032100000,武器&防具強化套組,ASA
psvdlc,PCSH00266,Sword Art Online: Hollow Realization (3.61+!) [3.61],刀剑神域：虚空幻界 [需3.61及以上系统版本 | 中文版],DLC-SAO4LIR042100000,武器&防具強化套組(大),ASA
psvdlc,PCSH00266,Sword Art Online: Hollow Realization (3.61+!) [3.61],刀剑神域：虚空幻界 [需3.61及以上系统版本 | 中文版],DLC-SAO4KFJ047200000,繁體中文版專屬服裝:薔薇之舞,ASA
psvdlc,PCSH00275,La Corda d'Oro 4 (CHI),金色琴弦 4 [中文版],DLC-CORDA4MUSIC00001,下載樂譜「愛的禮讚」,ASA
psvdlc,PCSH00279,UPPERS,UPPERS [中韩文版],DLC-0000000000000001,UPPERS 追加プレイアブルキャラクター 大道寺先輩,ASA
psvdlc,PCSH00297,Ys VIII: Lacrimosa of DANA,伊苏 8：丹娜的陨涕日 [中日文版],DLC-YS08JPDLC00N0026,亞特魯熱帶泳裝,ASA
psvdlc,PCSH00297,Ys VIII: Lacrimosa of DANA,伊苏 8：丹娜的陨涕日 [中日文版],DLC-YS08JPDLC00N0060,免費試用套組1,ASA
psvdlc,PCSH00297,Ys VIII: Lacrimosa of DANA,伊苏 8：丹娜的陨涕日 [中日文版],DLC-YS08JPDLC00N0061,免費試用套組2,ASA
psvdlc,PCSH00297,Ys VIII: Lacrimosa of DANA,伊苏 8：丹娜的陨涕日 [中日文版],DLC-YS08JPDLC00N0025,絕界海盜團 丹娜,ASA
psvdlc,PCSH00297,Ys VIII: Lacrimosa of DANA,伊苏 8：丹娜的陨涕日 [中日文版],DLC-YS08JPDLC00N0020,絕界海盜團 亞特魯,ASA
psvdlc,PCSH00297,Ys VIII: Lacrimosa of DANA,伊苏 8：丹娜的陨涕日 [中日文版],DLC-YS08JPDLC00N0023,絕界海盜團 胡麥爾,ASA
psvdlc,PCSH00297,Ys VIII: Lacrimosa of DANA,伊苏 8：丹娜的陨涕日 [中日文版],DLC-YS08JPDLC00N0022,絕界海盜團 薩哈德,ASA
psvdlc,PCSH00298,Dragon Quest Heroes II,勇者斗恶龙 英雄集结 2：双子之王与语言的终焉 [中韩文版],DLC-DQHWEAPON0000008,多拉奇迴旋鏢,ASA
psvdlc,PCSH00299,Fate/Extella (3.61+!) [3.61],Fate/EXTELLA [需3.61及以上系统版本 | 中韩文版],DLC-FATEEX000DLC0035,冷血無情的看守長,ASA
psvdlc,PCSH00299,Fate/Extella (3.61+!) [3.61],Fate/EXTELLA [需3.61及以上系统版本 | 中韩文版],DLC-FATEEX000DLC0003,純真晚禮服 (尼祿),ASA
psvdlc,PCSH00299,Fate/Extella (3.61+!) [3.61],Fate/EXTELLA [需3.61及以上系统版本 | 中韩文版],DLC-FATEEX000DLC0030,純真晚禮服 (阿爾托莉亞),ASA
psvdlc,PCSH00300,Coven and Labyrinth of Refrain (KOR) (3.61+!) [3.61],露芙兰的地下迷宫与魔女之旅团 [需3.61及以上系统版本 | 韩文版],DLC-REFRAINADD000005,김소림의 선물,ASA
psvdlc,PCSH00300,Coven and Labyrinth of Refrain (KOR) (3.61+!) [3.61],露芙兰的地下迷宫与魔女之旅团 [需3.61及以上系统版本 | 韩文版],DLC-REFRAINADD000004,루리웹의 지하미궁,ASA
psvdlc,PCSH00300,Coven and Labyrinth of Refrain (KOR) (3.61+!) [3.61],露芙兰的地下迷宫与魔女之旅团 [需3.61及以上系统版本 | 韩文版],DLC-REFRAINADD000001,뭐! 인벤이라고!,ASA
psvdlc,PCSH00300,Coven and Labyrinth of Refrain (KOR) (3.61+!) [3.61],露芙兰的地下迷宫与魔女之旅团 [需3.61及以上系统版本 | 韩文版],DLC-REFRAINADD000003,사랑과 정열의 게이머즈,ASA
psvdlc,PCSH00300,Coven and Labyrinth of Refrain (KOR) (3.61+!) [3.61],露芙兰的地下迷宫与魔女之旅团 [需3.61及以上系统版本 | 韩文版],DLC-REFRAINADD000002,"사랑을 담아서, 게임포커스!",ASA
psvdlc,PCSH10001,Super Robot Wars V (ENG) (3.61+!) [3.63],超级机器人大战 V [需3.63及以上系统版本 | 英文版],DLC-EST001SRWDLC0304,Bonus scenario A Cause Worth Fighting For.,ASA
psvdlc,PCSH10001,Super Robot Wars V (ENG) (3.61+!) [3.63],超级机器人大战 V [需3.63及以上系统版本 | 英文版],DLC-EST001SRWDLC0319,Bonus scenario A Desperate Battlefield.,ASA
psvdlc,PCSH10001,Super Robot Wars V (ENG) (3.61+!) [3.63],超级机器人大战 V [需3.63及以上系统版本 | 英文版],DLC-EST001SRWDLC0309,Bonus scenario A Disquieting Clash.,ASA
psvdlc,PCSH10001,Super Robot Wars V (ENG) (3.61+!) [3.63],超级机器人大战 V [需3.63及以上系统版本 | 英文版],DLC-EST001SRWDLC0303,Bonus scenario A Fight Between Men.,ASA
psvdlc,PCSH10001,Super Robot Wars V (ENG) (3.61+!) [3.63],超级机器人大战 V [需3.63及以上系统版本 | 英文版],DLC-EST001SRWDLC0311,Bonus scenario A Grudge Among Men.,ASA
psvdlc,PCSH10001,Super Robot Wars V (ENG) (3.61+!) [3.63],超级机器人大战 V [需3.63及以上系统版本 | 英文版],DLC-EST001SRWDLC0302,Bonus scenario A Life's Vow.,ASA
psvdlc,PCSH10001,Super Robot Wars V (ENG) (3.61+!) [3.63],超级机器人大战 V [需3.63及以上系统版本 | 英文版],DLC-EST001SRWDLC0307,Bonus scenario A Subtle Difference.,ASA
psvdlc,PCSH10001,Super Robot Wars V (ENG) (3.61+!) [3.63],超级机器人大战 V [需3.63及以上系统版本 | 英文版],DLC-EST001SRWDLC0310,Bonus scenario Acting the Part.,ASA
psvdlc,PCSH10001,Super Robot Wars V (ENG) (3.61+!) [3.63],超级机器人大战 V [需3.63及以上系统版本 | 英文版],DLC-EST001SRWDLC0321,Bonus scenario Another Desperate Battlefield.,ASA
psvdlc,PCSH10001,Super Robot Wars V (ENG) (3.61+!) [3.63],超级机器人大战 V [需3.63及以上系统版本 | 英文版],DLC-EST001SRWDLC0317,Bonus scenario Bellicose Star Sea.,ASA
psvdlc,PCSH10001,Super Robot Wars V (ENG) (3.61+!) [3.63],超级机器人大战 V [需3.63及以上系统版本 | 英文版],DLC-EST001SRWDLC0305,Bonus scenario Blooming Anew.,ASA
psvdlc,PCSH10001,Super Robot Wars V (ENG) (3.61+!) [3.63],超级机器人大战 V [需3.63及以上系统版本 | 英文版],DLC-EST001SRWDLC0318,Bonus scenario Clash of the Mazin Redux.,ASA
psvdlc,PCSH10001,Super Robot Wars V (ENG) (3.61+!) [3.63],超级机器人大战 V [需3.63及以上系统版本 | 英文版],DLC-EST001SRWDLC0320,Bonus scenario Co-starring Beauty and Power.,ASA
psvdlc,PCSH10001,Super Robot Wars V (ENG) (3.61+!) [3.63],超级机器人大战 V [需3.63及以上系统版本 | 英文版],DLC-EST001SRWDLC0314,Bonus scenario G-Hound's Critical Battle.,ASA
psvdlc,PCSH10001,Super Robot Wars V (ENG) (3.61+!) [3.63],超级机器人大战 V [需3.63及以上系统版本 | 英文版],DLC-EST001SRWDLC0308,Bonus scenario Learning the Hathaway.,ASA
psvdlc,PCSH10001,Super Robot Wars V (ENG) (3.61+!) [3.63],超级机器人大战 V [需3.63及以上系统版本 | 英文版],DLC-EST001SRWDLC0306,Bonus scenario More Than Greed.,ASA
psvdlc,PCSH10001,Super Robot Wars V (ENG) (3.61+!) [3.63],超级机器人大战 V [需3.63及以上系统版本 | 英文版],DLC-EST001SRWDLC0316,Bonus scenario Power to Pierce Through Darkness.,ASA
psvdlc,PCSH10001,Super Robot Wars V (ENG) (3.61+!) [3.63],超级机器人大战 V [需3.63及以上系统版本 | 英文版],DLC-EST001SRWDLC0312,Bonus scenario Promise for a Fresh Start.,ASA
psvdlc,PCSH10001,Super Robot Wars V (ENG) (3.61+!) [3.63],超级机器人大战 V [需3.63及以上系统版本 | 英文版],DLC-EST001SRWDLC0315,Bonus scenario Three Sisters of Axis.,ASA
psvdlc,PCSH10001,Super Robot Wars V (ENG) (3.61+!) [3.63],超级机器人大战 V [需3.63及以上系统版本 | 英文版],DLC-EST001SRWDLC0313,Bonus scenario Three Strengths.,ASA
psvdlc,PCSH10001,Super Robot Wars V (ENG) (3.61+!) [3.63],超级机器人大战 V [需3.63及以上系统版本 | 英文版],DLC-EST001SRWDLC0301,Bonus scenario Trial by Fire.,ASA
psvdlc,PCSH10001,Super Robot Wars V (ENG) (3.61+!) [3.63],超级机器人大战 V [需3.63及以上系统版本 | 英文版],DLC-EST001SRWDLC0322,Complete Pack Purchase Gift V.,ASA
psvdlc,PCSH10001,Super Robot Wars V (ENG) (3.61+!) [3.63],超级机器人大战 V [需3.63及以上系统版本 | 英文版],DLC-EST001SRWDLC0323,DL Version Purchase Gift V,ASA
psvdlc,PCSH10001,Super Robot Wars V (ENG) (3.61+!) [3.63],超级机器人大战 V [需3.63及以上系统版本 | 英文版],DLC-EST001SRWBENEFIT,Initial Benefits,ASA
psvdlc,PCSH10001,Super Robot Wars V (ENG) (3.61+!) [3.63],超级机器人大战 V [需3.63及以上系统版本 | 英文版],DLC-EST001SRWDLC0330,Repeat Playthrough Support Pack,ASA
psvdlc,PCSH10001,Super Robot Wars V (ENG) (3.61+!) [3.63],超级机器人大战 V [需3.63及以上系统版本 | 英文版],DLC-EST001SRWDLC0329,Special Starter-Kit Pack,ASA
psvdlc,PCSH10004,Super Robot Wars V (CHI) (3.61+!) [3.63],超级机器人大战 V [需3.63及以上系统版本 | 中文版],DLC-EST001SRWDLC0323,下載版購買贈禮V,ASA
psvdlc,PCSH10004,Super Robot Wars V (CHI) (3.61+!) [3.63],超级机器人大战 V [需3.63及以上系统版本 | 中文版],DLC-EST001SRWDLC0322,完整包購買贈禮V,ASA
psvdlc,PCSH10004,Super Robot Wars V (CHI) (3.61+!) [3.63],超级机器人大战 V [需3.63及以上系统版本 | 中文版],DLC-EST001SRWBENEFIT,最初的優點,ASA
psvdlc,PCSH10004,Super Robot Wars V (CHI) (3.61+!) [3.63],超级机器人大战 V [需3.63及以上系统版本 | 中文版],DLC-EST001SRWDLC0329,特選新手包V,ASA
psvdlc,PCSH10004,Super Robot Wars V (CHI) (3.61+!) [3.63],超级机器人大战 V [需3.63及以上系统版本 | 中文版],DLC-EST001SRWDLC0306,獎勵劇情「一流的饑渴」,ASA
psvdlc,PCSH10004,Super Robot Wars V (CHI) (3.61+!) [3.63],超级机器人大战 V [需3.63及以上系统版本 | 中文版],DLC-EST001SRWDLC0313,獎勵劇情「三顆心」,ASA
psvdlc,PCSH10004,Super Robot Wars V (CHI) (3.61+!) [3.63],超级机器人大战 V [需3.63及以上系统版本 | 中文版],DLC-EST001SRWDLC0310,獎勵劇情「代理艦長奮鬥不懈」,ASA
psvdlc,PCSH10004,Super Robot Wars V (CHI) (3.61+!) [3.63],超级机器人大战 V [需3.63及以上系统版本 | 中文版],DLC-EST001SRWDLC0305,獎勵劇情「全新撫子出航」,ASA
psvdlc,PCSH10004,Super Robot Wars V (CHI) (3.61+!) [3.63],超级机器人大战 V [需3.63及以上系统版本 | 中文版],DLC-EST001SRWDLC0320,獎勵劇情「力與美的合演」,ASA
psvdlc,PCSH10004,Super Robot Wars V (CHI) (3.61+!) [3.63],超级机器人大战 V [需3.63及以上系统版本 | 中文版],DLC-EST001SRWDLC0319,獎勵劇情「奮戰的戰場」,ASA
psvdlc,PCSH10004,Super Robot Wars V (CHI) (3.61+!) [3.63],超级机器人大战 V [需3.63及以上系统版本 | 中文版],DLC-EST001SRWDLC0317,獎勵劇情「戰亂的星海」,ASA
psvdlc,PCSH10004,Super Robot Wars V (CHI) (3.61+!) [3.63],超级机器人大战 V [需3.63及以上系统版本 | 中文版],DLC-EST001SRWDLC0304,獎勵劇情「挺身面對真相之人」,ASA
psvdlc,PCSH10004,Super Robot Wars V (CHI) (3.61+!) [3.63],超级机器人大战 V [需3.63及以上系统版本 | 中文版],DLC-EST001SRWDLC0307,獎勵劇情「月光照亮的未來」,ASA
psvdlc,PCSH10004,Super Robot Wars V (CHI) (3.61+!) [3.63],超级机器人大战 V [需3.63及以上系统版本 | 中文版],DLC-EST001SRWDLC0314,獎勵劇情「死鬥的G獵犬隊」,ASA
psvdlc,PCSH10004,Super Robot Wars V (CHI) (3.61+!) [3.63],超级机器人大战 V [需3.63及以上系统版本 | 中文版],DLC-EST001SRWDLC0308,獎勵劇情「潛航的哈薩威」,ASA
psvdlc,PCSH10004,Super Robot Wars V (CHI) (3.61+!) [3.63],超级机器人大战 V [需3.63及以上系统版本 | 中文版],DLC-EST001SRWDLC0309,獎勵劇情「激戰的戰場」,ASA
psvdlc,PCSH10004,Super Robot Wars V (CHI) (3.61+!) [3.63],超级机器人大战 V [需3.63及以上系统版本 | 中文版],DLC-EST001SRWDLC0321,獎勵劇情「熱戰的戰場」,ASA
psvdlc,PCSH10004,Super Robot Wars V (CHI) (3.61+!) [3.63],超级机器人大战 V [需3.63及以上系统版本 | 中文版],DLC-EST001SRWDLC0311,獎勵劇情「男人們的嫉妒」,ASA
psvdlc,PCSH10004,Super Robot Wars V (CHI) (3.61+!) [3.63],超级机器人大战 V [需3.63及以上系统版本 | 中文版],DLC-EST001SRWDLC0303,獎勵劇情「男人們的戰場」,ASA
psvdlc,PCSH10004,Super Robot Wars V (CHI) (3.61+!) [3.63],超级机器人大战 V [需3.63及以上系统版本 | 中文版],DLC-EST001SRWDLC0312,獎勵劇情「立誓重振旗鼓」,ASA
psvdlc,PCSH10004,Super Robot Wars V (CHI) (3.61+!) [3.63],超级机器人大战 V [需3.63及以上系统版本 | 中文版],DLC-EST001SRWDLC0301,獎勵劇情「組成特別編制小隊」,ASA
psvdlc,PCSH10004,Super Robot Wars V (CHI) (3.61+!) [3.63],超级机器人大战 V [需3.63及以上系统版本 | 中文版],DLC-EST001SRWDLC0302,獎勵劇情「誓約的骷髏之心」,ASA
psvdlc,PCSH10004,Super Robot Wars V (CHI) (3.61+!) [3.63],超级机器人大战 V [需3.63及以上系统版本 | 中文版],DLC-EST001SRWDLC0316,獎勵劇情「貫穿黑暗的力量」,ASA
psvdlc,PCSH10004,Super Robot Wars V (CHI) (3.61+!) [3.63],超级机器人大战 V [需3.63及以上系统版本 | 中文版],DLC-EST001SRWDLC0315,獎勵劇情「阿克西斯的三姊妹」,ASA
psvdlc,PCSH10004,Super Robot Wars V (CHI) (3.61+!) [3.63],超级机器人大战 V [需3.63及以上系统版本 | 中文版],DLC-EST001SRWDLC0318,獎勵劇情「魔神再次激烈衝突」,ASA
psvdlc,PCSH10004,Super Robot Wars V (CHI) (3.61+!) [3.63],超级机器人大战 V [需3.63及以上系统版本 | 中文版],DLC-EST001SRWDLC0330,重複遊玩支援組合包,ASA
psvdlc,PCSH10024,GOD WARS Future Past (CHI) (3.61+!) [3.63],神之战：超越时空 [需3.63及以上系统版本 | 中文版],DLC-GWDLC03SOSETSHIN,輝耀初期最強裝備套組『森羅弓頭巾衣』,ASA
psvdlc,PCSH10024,GOD WARS Future Past (CHI) (3.61+!) [3.63],神之战：超越时空 [需3.63及以上系统版本 | 中文版],DLC-GWDLC01MITOYOOKI,追加劇情1『日向的未來』,ASA
psvdlc,PCSH10024,GOD WARS Future Past (CHI) (3.61+!) [3.63],神之战：超越时空 [需3.63及以上系统版本 | 中文版],DLC-GWDLC02IKOKUKARA,追加劇情2『新的敵人』,ASA
psvdlc,PCSH10051,Danganronpa V3: Killing Harmony (3.61+!) [3.65],枪弹辩驳 3：大家的自相残杀新学期 [需3.65及以上系统版本 | 中英文版],DLC-DANGANV3VITADL01,新枪弹辩驳V3 DLC -Voice Pack,ASA
psvdlc,PCSH10051,Danganronpa V3: Killing Harmony (3.61+!) [3.65],枪弹辩驳 3：大家的自相残杀新学期 [需3.65及以上系统版本 | 中英文版],DLC-DANGANV3VITADL00,新槍彈辯駁V3 DLC - US Text Pack,ASA
psvdlc,PCSH10059,Digimon Story Cyber Sleuth: Hacker's Memory (CHI) (3.61+!) [3.65],数码宝贝物语 网络侦探：骇客追忆 [需3.65及以上系统版本 | 中文版],DLC-DSCSHMDLC0000010,SUMMER CAMP(P)T-Shirt,ASA
psvdlc,PCSH10059,Digimon Story Cyber Sleuth: Hacker's Memory (CHI) (3.61+!) [3.65],数码宝贝物语 网络侦探：骇客追忆 [需3.65及以上系统版本 | 中文版],DLC-DSCSHMDLC0000008,V內田套裝,ASA
psvdlc,PCSH10059,Digimon Story Cyber Sleuth: Hacker's Memory (CHI) (3.61+!) [3.65],数码宝贝物语 网络侦探：骇客追忆 [需3.65及以上系统版本 | 中文版],DLC-DSCSHMDLC0000007,井之電學生服,ASA
psvdlc,PCSH10059,Digimon Story Cyber Sleuth: Hacker's Memory (CHI) (3.61+!) [3.65],数码宝贝物语 网络侦探：骇客追忆 [需3.65及以上系统版本 | 中文版],DLC-DSCSHMDLC0000005,劍皇獸NX,ASA
psvdlc,PCSH10059,Digimon Story Cyber Sleuth: Hacker's Memory (CHI) (3.61+!) [3.65],数码宝贝物语 网络侦探：骇客追忆 [需3.65及以上系统版本 | 中文版],DLC-DSCSHMDLC0000012,墮天地獄獸徽章T-Shirt,ASA
psvdlc,PCSH10059,Digimon Story Cyber Sleuth: Hacker's Memory (CHI) (3.61+!) [3.65],数码宝贝物语 网络侦探：骇客追忆 [需3.65及以上系统版本 | 中文版],DLC-DSCSHMDLC0000002,奧米加獸NX,ASA
psvdlc,PCSH10059,Digimon Story Cyber Sleuth: Hacker's Memory (CHI) (3.61+!) [3.65],数码宝贝物语 网络侦探：骇客追忆 [需3.65及以上系统版本 | 中文版],DLC-DSCSHMDLC0000006,芳香獸NX,ASA
psvdlc,PCSH10059,Digimon Story Cyber Sleuth: Hacker's Memory (CHI) (3.61+!) [3.65],数码宝贝物语 网络侦探：骇客追忆 [需3.65及以上系统版本 | 中文版],DLC-DSCSHMDLC0000001,進化條件解放「修女獸姊妹」,ASA
psvdlc,PCSH10065,Fortune Street: Dragon Quest & Final Fantasy 30th Anniversary (3.61+!) [3.65],骰动人生好运道：DQ & FF 30周年 [需3.65及以上系统版本 | 中文版],DLC-ACCONVVITADQ11XX,DRAGON QUEST XI 豪華套組 骰動人生好運道DQ&FF30th,ASA
psvdlc,PCSH10065,Fortune Street: Dragon Quest & Final Fantasy 30th Anniversary (3.61+!) [3.65],骰动人生好运道：DQ & FF 30周年 [需3.65及以上系统版本 | 中文版],DLC-ACCONVVITAMAP04X,地圖 三圓環 骰動人生好運道DQ&FF30th,ASA
psvdlc,PCSH10065,Fortune Street: Dragon Quest & Final Fantasy 30th Anniversary (3.61+!) [3.65],骰动人生好运道：DQ & FF 30周年 [需3.65及以上系统版本 | 中文版],DLC-ACCONVVITAMAP13X,地圖 兔子島 骰動人生好運道DQ&FF30th,ASA
psvdlc,PCSH10065,Fortune Street: Dragon Quest & Final Fantasy 30th Anniversary (3.61+!) [3.65],骰动人生好运道：DQ & FF 30周年 [需3.65及以上系统版本 | 中文版],DLC-ACCONVVITAMAP06X,地圖 兔皇后號 骰動人生好運道DQ&FF30th,ASA
psvdlc,PCSH10065,Fortune Street: Dragon Quest & Final Fantasy 30th Anniversary (3.61+!) [3.65],骰动人生好运道：DQ & FF 30周年 [需3.65及以上系统版本 | 中文版],DLC-ACCONVVITAMAP03X,地圖 奧拉庫貝里 骰動人生好運道DQ&FF30th,ASA
psvdlc,PCSH10065,Fortune Street: Dragon Quest & Final Fantasy 30th Anniversary (3.61+!) [3.65],骰动人生好运道：DQ & FF 30周年 [需3.65及以上系统版本 | 中文版],DLC-ACCONVVITAMAP16X,地圖 拉巴納斯塔 骰動人生好運道DQ&FF30th,ASA
psvdlc,PCSH10065,Fortune Street: Dragon Quest & Final Fantasy 30th Anniversary (3.61+!) [3.65],骰动人生好运道：DQ & FF 30周年 [需3.65及以上系统版本 | 中文版],DLC-ACCONVVITAMAP09X,地圖 拉米亞 骰動人生好運道DQ&FF30th,ASA
psvdlc,PCSH10065,Fortune Street: Dragon Quest & Final Fantasy 30th Anniversary (3.61+!) [3.65],骰动人生好运道：DQ & FF 30周年 [需3.65及以上系统版本 | 中文版],DLC-ACCONVVITAMAP12X,地圖 聖風谷 骰動人生好運道DQ&FF30th,ASA
psvdlc,PCSH10065,Fortune Street: Dragon Quest & Final Fantasy 30th Anniversary (3.61+!) [3.65],骰动人生好运道：DQ & FF 30周年 [需3.65及以上系统版本 | 中文版],DLC-ACCONVVITAMAP15X,地圖 雨林 骰動人生好運道DQ&FF30th,ASA
psvdlc,PCSH10065,Fortune Street: Dragon Quest & Final Fantasy 30th Anniversary (3.61+!) [3.65],骰动人生好运道：DQ & FF 30周年 [需3.65及以上系统版本 | 中文版],DLC-ACCONVVITAMAP02X,地圖 體育館 骰動人生好運道DQ&FF30th,ASA
psvdlc,PCSH10068,The Lost Child (3.61+!) [3.65],失落之子 [需3.65及以上系统版本 | 中文版],DLC-TLCDLC01ADDENOCH,追加星幽『以諾克』,ASA
psvdlc,PCSH10068,The Lost Child (3.61+!) [3.65],失落之子 [需3.65及以上系统版本 | 中文版],DLC-TLCDLC02ADDNEPHI,追加星幽『拿非利姆』,ASA
psvdlc,PCSH10082,The Legend of Heroes Sora No Kiseki the 3rd Evolution (3.61+!) [3.67],英雄传说：空之轨迹 3rd 进化版 [需3.67及以上系统版本 | 中文版],DLC-A006ATTFOOD01TRY,攻擊料理免費套組,ASA
psvdlc,PCSH10082,The Legend of Heroes Sora No Kiseki the 3rd Evolution (3.61+!) [3.67],英雄传说：空之轨迹 3rd 进化版 [需3.67及以上系统版本 | 中文版],DLC-A000SEPITHSETTRY,耀晶石免費套組,ASA
psvdlc,PCSH10082,The Legend of Heroes Sora No Kiseki the 3rd Evolution (3.61+!) [3.67],英雄传说：空之轨迹 3rd 进化版 [需3.67及以上系统版本 | 中文版],DLC-A002ITEMZPSETTRY,還魂粉免費套組,ASA
psvdlc,PCSH10082,The Legend of Heroes Sora No Kiseki the 3rd Evolution (3.61+!) [3.67],英雄传说：空之轨迹 3rd 进化版 [需3.67及以上系统版本 | 中文版],DLC-A001ITEMZCSETTRY,還魂膠囊免費套組,ASA
psvdlc,PCSH10082,The Legend of Heroes Sora No Kiseki the 3rd Evolution (3.61+!) [3.67],英雄传说：空之轨迹 3rd 进化版 [需3.67及以上系统版本 | 中文版],DLC-A003RESTORSETTRY,高級回復藥免費套組,ASA
psvdlc,PCSH10082,The Legend of Heroes Sora No Kiseki the 3rd Evolution (3.61+!) [3.67],英雄传说：空之轨迹 3rd 进化版 [需3.67及以上系统版本 | 中文版],DLC-A004FOODSET01TRY,魔獸食材免費套組A,ASA
psvdlc,PCSH10082,The Legend of Heroes Sora No Kiseki the 3rd Evolution (3.61+!) [3.67],英雄传说：空之轨迹 3rd 进化版 [需3.67及以上系统版本 | 中文版],DLC-A005FOODSET02TRY,魔獸食材免費套組B,ASA
psvdlc,PCSH10088,SUPER ROBOT WARS X (ENG) (3.61+!) [3.67],超级机器人大战 X [需3.67及以上系统版本 | 英文版],DLC-EST002SRWDLC0316,Bonus scenario Acception,ASA
psvdlc,PCSH10088,SUPER ROBOT WARS X (ENG) (3.61+!) [3.67],超级机器人大战 X [需3.67及以上系统版本 | 英文版],DLC-EST002SRWDLC0312,Bonus scenario Amuro Ray's Dream,ASA
psvdlc,PCSH10088,SUPER ROBOT WARS X (ENG) (3.61+!) [3.67],超级机器人大战 X [需3.67及以上系统版本 | 英文版],DLC-EST002SRWDLC0314,Bonus scenario Another Dream Battle,ASA
psvdlc,PCSH10088,SUPER ROBOT WARS X (ENG) (3.61+!) [3.67],超级机器人大战 X [需3.67及以上系统版本 | 英文版],DLC-EST002SRWDLC0304,Bonus scenario Back to Back,ASA
psvdlc,PCSH10088,SUPER ROBOT WARS X (ENG) (3.61+!) [3.67],超级机器人大战 X [需3.67及以上系统版本 | 英文版],DLC-EST002SRWDLC0307,Bonus scenario Battle over the Pacific,ASA
psvdlc,PCSH10088,SUPER ROBOT WARS X (ENG) (3.61+!) [3.67],超级机器人大战 X [需3.67及以上系统版本 | 英文版],DLC-EST002SRWDLC0306,Bonus scenario Beautiful Blue Water,ASA
psvdlc,PCSH10088,SUPER ROBOT WARS X (ENG) (3.61+!) [3.67],超级机器人大战 X [需3.67及以上系统版本 | 英文版],DLC-EST002SRWDLC0318,"Bonus scenario Bold, Righteous, Beautiful",ASA
psvdlc,PCSH10088,SUPER ROBOT WARS X (ENG) (3.61+!) [3.67],超级机器人大战 X [需3.67及以上系统版本 | 英文版],DLC-EST002SRWDLC0317,Bonus scenario Cleaning Up Space,ASA
psvdlc,PCSH10088,SUPER ROBOT WARS X (ENG) (3.61+!) [3.67],超级机器人大战 X [需3.67及以上系统版本 | 英文版],DLC-EST002SRWDLC0309,Bonus scenario Dream Battle,ASA
psvdlc,PCSH10088,SUPER ROBOT WARS X (ENG) (3.61+!) [3.67],超级机器人大战 X [需3.67及以上系统版本 | 英文版],DLC-EST002SRWDLC0305,Bonus scenario Endless Waltz,ASA
psvdlc,PCSH10088,SUPER ROBOT WARS X (ENG) (3.61+!) [3.67],超级机器人大战 X [需3.67及以上系统版本 | 英文版],DLC-EST002SRWDLC0310,Bonus scenario Hero Worship,ASA
psvdlc,PCSH10088,SUPER ROBOT WARS X (ENG) (3.61+!) [3.67],超级机器人大战 X [需3.67及以上系统版本 | 英文版],DLC-EST002SRWDLC0319,Bonus scenario Living on the Land,ASA
psvdlc,PCSH10088,SUPER ROBOT WARS X (ENG) (3.61+!) [3.67],超级机器人大战 X [需3.67及以上系统版本 | 英文版],DLC-EST002SRWDLC0302,Bonus scenario Megafauna Mayhem,ASA
psvdlc,PCSH10088,SUPER ROBOT WARS X (ENG) (3.61+!) [3.67],超级机器人大战 X [需3.67及以上系统版本 | 英文版],DLC-EST002SRWDLC0313,Bonus scenario Otherworld Friends,ASA
psvdlc,PCSH10088,SUPER ROBOT WARS X (ENG) (3.61+!) [3.67],超级机器人大战 X [需3.67及以上系统版本 | 英文版],DLC-EST002SRWDLC0315,Bonus scenario Phantom Butterfly,ASA
psvdlc,PCSH10088,SUPER ROBOT WARS X (ENG) (3.61+!) [3.67],超级机器人大战 X [需3.67及以上系统版本 | 英文版],DLC-EST002SRWDLC0311,Bonus scenario Pretty Salian's Adventure,ASA
psvdlc,PCSH10088,SUPER ROBOT WARS X (ENG) (3.61+!) [3.67],超级机器人大战 X [需3.67及以上系统版本 | 英文版],DLC-EST002SRWDLC0303,Bonus scenario Princesses of Power,ASA
psvdlc,PCSH10088,SUPER ROBOT WARS X (ENG) (3.61+!) [3.67],超级机器人大战 X [需3.67及以上系统版本 | 英文版],DLC-EST002SRWDLC0301,Bonus scenario Ryujinmaru's Secret,ASA
psvdlc,PCSH10088,SUPER ROBOT WARS X (ENG) (3.61+!) [3.67],超级机器人大战 X [需3.67及以上系统版本 | 英文版],DLC-EST002SRWDLC0308,Bonus scenario The Al-Warth Cafeteria,ASA
psvdlc,PCSH10088,SUPER ROBOT WARS X (ENG) (3.61+!) [3.67],超级机器人大战 X [需3.67及以上系统版本 | 英文版],DLC-EST002SRWDLC0320,Bonus scenario The Last Dream Battle,ASA
psvdlc,PCSH10088,SUPER ROBOT WARS X (ENG) (3.61+!) [3.67],超级机器人大战 X [需3.67及以上系统版本 | 英文版],DLC-EST002SRWDLC0322,Download Purchase - Present X,ASA
psvdlc,PCSH10088,SUPER ROBOT WARS X (ENG) (3.61+!) [3.67],超级机器人大战 X [需3.67及以上系统版本 | 英文版],DLC-EST002SRWDLC0321,Full Pack Purchase - Present X,ASA
psvdlc,PCSH10088,SUPER ROBOT WARS X (ENG) (3.61+!) [3.67],超级机器人大战 X [需3.67及以上系统版本 | 英文版],DLC-EST002SRWBENEFIT,Initial Benefits,ASA
psvdlc,PCSH10088,SUPER ROBOT WARS X (ENG) (3.61+!) [3.67],超级机器人大战 X [需3.67及以上系统版本 | 英文版],DLC-EST002SRWDLC0329,Repeat Playthrough Support Pack,ASA
psvdlc,PCSH10088,SUPER ROBOT WARS X (ENG) (3.61+!) [3.67],超级机器人大战 X [需3.67及以上系统版本 | 英文版],DLC-EST002SRWDLC0323,Special Starter - Present X,ASA
psvdlc,PCSH10089,SUPER ROBOT WARS X (CHI/KOR) (3.61+!) [3.67],超级机器人大战 X [需3.67及以上系统版本 | 中文版],DLC-EST002SRWDLC0316,Bonus scenario Acception,ASA
psvdlc,PCSH10089,SUPER ROBOT WARS X (CHI/KOR) (3.61+!) [3.67],超级机器人大战 X [需3.67及以上系统版本 | 中文版],DLC-EST002SRWDLC0312,Bonus scenario Amuro Ray's Dream,ASA
psvdlc,PCSH10089,SUPER ROBOT WARS X (CHI/KOR) (3.61+!) [3.67],超级机器人大战 X [需3.67及以上系统版本 | 中文版],DLC-EST002SRWDLC0314,Bonus scenario Another Dream Battle,ASA
psvdlc,PCSH10089,SUPER ROBOT WARS X (CHI/KOR) (3.61+!) [3.67],超级机器人大战 X [需3.67及以上系统版本 | 中文版],DLC-EST002SRWDLC0304,Bonus scenario Back to Back,ASA
psvdlc,PCSH10089,SUPER ROBOT WARS X (CHI/KOR) (3.61+!) [3.67],超级机器人大战 X [需3.67及以上系统版本 | 中文版],DLC-EST002SRWDLC0307,Bonus scenario Battle over the Pacific,ASA
psvdlc,PCSH10089,SUPER ROBOT WARS X (CHI/KOR) (3.61+!) [3.67],超级机器人大战 X [需3.67及以上系统版本 | 中文版],DLC-EST002SRWDLC0306,Bonus scenario Beautiful Blue Water,ASA
psvdlc,PCSH10089,SUPER ROBOT WARS X (CHI/KOR) (3.61+!) [3.67],超级机器人大战 X [需3.67及以上系统版本 | 中文版],DLC-EST002SRWDLC0318,"Bonus scenario Bold, Righteous, Beautiful",ASA
psvdlc,PCSH10089,SUPER ROBOT WARS X (CHI/KOR) (3.61+!) [3.67],超级机器人大战 X [需3.67及以上系统版本 | 中文版],DLC-EST002SRWDLC0317,Bonus scenario Cleaning Up Space,ASA
psvdlc,PCSH10089,SUPER ROBOT WARS X (CHI/KOR) (3.61+!) [3.67],超级机器人大战 X [需3.67及以上系统版本 | 中文版],DLC-EST002SRWDLC0309,Bonus scenario Dream Battle,ASA
psvdlc,PCSH10089,SUPER ROBOT WARS X (CHI/KOR) (3.61+!) [3.67],超级机器人大战 X [需3.67及以上系统版本 | 中文版],DLC-EST002SRWDLC0305,Bonus scenario Endless Waltz,ASA
psvdlc,PCSH10089,SUPER ROBOT WARS X (CHI/KOR) (3.61+!) [3.67],超级机器人大战 X [需3.67及以上系统版本 | 中文版],DLC-EST002SRWDLC0310,Bonus scenario Hero Worship,ASA
psvdlc,PCSH10089,SUPER ROBOT WARS X (CHI/KOR) (3.61+!) [3.67],超级机器人大战 X [需3.67及以上系统版本 | 中文版],DLC-EST002SRWDLC0319,Bonus scenario Living on the Land,ASA
psvdlc,PCSH10089,SUPER ROBOT WARS X (CHI/KOR) (3.61+!) [3.67],超级机器人大战 X [需3.67及以上系统版本 | 中文版],DLC-EST002SRWDLC0302,Bonus scenario Megafauna Mayhem,ASA
psvdlc,PCSH10089,SUPER ROBOT WARS X (CHI/KOR) (3.61+!) [3.67],超级机器人大战 X [需3.67及以上系统版本 | 中文版],DLC-EST002SRWDLC0313,Bonus scenario Otherworld Friends,ASA
psvdlc,PCSH10089,SUPER ROBOT WARS X (CHI/KOR) (3.61+!) [3.67],超级机器人大战 X [需3.67及以上系统版本 | 中文版],DLC-EST002SRWDLC0315,Bonus scenario Phantom Butterfly,ASA
psvdlc,PCSH10089,SUPER ROBOT WARS X (CHI/KOR) (3.61+!) [3.67],超级机器人大战 X [需3.67及以上系统版本 | 中文版],DLC-EST002SRWDLC0311,Bonus scenario Pretty Salian's Adventure,ASA
psvdlc,PCSH10089,SUPER ROBOT WARS X (CHI/KOR) (3.61+!) [3.67],超级机器人大战 X [需3.67及以上系统版本 | 中文版],DLC-EST002SRWDLC0303,Bonus scenario Princesses of Power,ASA
psvdlc,PCSH10089,SUPER ROBOT WARS X (CHI/KOR) (3.61+!) [3.67],超级机器人大战 X [需3.67及以上系统版本 | 中文版],DLC-EST002SRWDLC0301,Bonus scenario Ryujinmaru's Secret,ASA
psvdlc,PCSH10089,SUPER ROBOT WARS X (CHI/KOR) (3.61+!) [3.67],超级机器人大战 X [需3.67及以上系统版本 | 中文版],DLC-EST002SRWDLC0308,Bonus scenario The Al-Warth Cafeteria,ASA
psvdlc,PCSH10089,SUPER ROBOT WARS X (CHI/KOR) (3.61+!) [3.67],超级机器人大战 X [需3.67及以上系统版本 | 中文版],DLC-EST002SRWDLC0320,Bonus scenario The Last Dream Battle,ASA
psvdlc,PCSH10089,SUPER ROBOT WARS X (CHI/KOR) (3.61+!) [3.67],超级机器人大战 X [需3.67及以上系统版本 | 中文版],DLC-EST002SRWDLC0322,Download Purchase - Present X,ASA
psvdlc,PCSH10089,SUPER ROBOT WARS X (CHI/KOR) (3.61+!) [3.67],超级机器人大战 X [需3.67及以上系统版本 | 中文版],DLC-EST002SRWDLC0321,Full Pack Purchase - Present X,ASA
psvdlc,PCSH10089,SUPER ROBOT WARS X (CHI/KOR) (3.61+!) [3.67],超级机器人大战 X [需3.67及以上系统版本 | 中文版],DLC-EST002SRWBENEFIT,Initial Benefits,ASA
psvdlc,PCSH10089,SUPER ROBOT WARS X (CHI/KOR) (3.61+!) [3.67],超级机器人大战 X [需3.67及以上系统版本 | 中文版],DLC-EST002SRWDLC0329,Repeat Playthrough Support Pack,ASA
psvdlc,PCSH10089,SUPER ROBOT WARS X (CHI/KOR) (3.61+!) [3.67],超级机器人大战 X [需3.67及以上系统版本 | 中文版],DLC-EST002SRWDLC0323,Special Starter - Present X,ASA
psvdlc,PCSH10099,Bullet Girls Phantasia (ENG/CHI/JPN/KOR) (3.61+!) [3.68],子弹少女幻想曲 [需3.68及以上系统版本 | 中日英韩文版],DLC-BGPHANTASIADLC41,「おブラ&おパンツ」サラシ(金),ASA
psvdlc,PCSH10099,Bullet Girls Phantasia (ENG/CHI/JPN/KOR) (3.61+!) [3.68],子弹少女幻想曲 [需3.68及以上系统版本 | 中日英韩文版],DLC-BGPHANTASIADLC45,「おブラ&おパンツ」シリコン(ベージュ),ASA
psvdlc,PCSH10099,Bullet Girls Phantasia (ENG/CHI/JPN/KOR) (3.61+!) [3.68],子弹少女幻想曲 [需3.68及以上系统版本 | 中日英韩文版],DLC-BGPHANTASIADLC33,「おブラ&おパンツ」フリルリボン(黄緑),ASA
psvdlc,PCSH10099,Bullet Girls Phantasia (ENG/CHI/JPN/KOR) (3.61+!) [3.68],子弹少女幻想曲 [需3.68及以上系统版本 | 中日英韩文版],DLC-BGPHANTASIADLC25,「おブラ&おパンツ」レース(金),ASA
psvdlc,PCSH10099,Bullet Girls Phantasia (ENG/CHI/JPN/KOR) (3.61+!) [3.68],子弹少女幻想曲 [需3.68及以上系统版本 | 中日英韩文版],DLC-BGPHANTASIADLC48,「尋問アイテム」巨乳薬,ASA
psvdlc,PCSH10099,Bullet Girls Phantasia (ENG/CHI/JPN/KOR) (3.61+!) [3.68],子弹少女幻想曲 [需3.68及以上系统版本 | 中日英韩文版],DLC-BGPHANTASIADLC49,「尋問アイテム」微乳薬,ASA
psvdlc,PCSH10099,Bullet Girls Phantasia (ENG/CHI/JPN/KOR) (3.61+!) [3.68],子弹少女幻想曲 [需3.68及以上系统版本 | 中日英韩文版],DLC-BGPHANTASIADLC47,「尋問アイテム」時計,ASA
psvdlc,PCSH10099,Bullet Girls Phantasia (ENG/CHI/JPN/KOR) (3.61+!) [3.68],子弹少女幻想曲 [需3.68及以上系统版本 | 中日英韩文版],DLC-BGPHANTASIADLC46,「尋問アイテム」猫魔王の手,ASA
psvdlc,PCSH10099,Bullet Girls Phantasia (ENG/CHI/JPN/KOR) (3.61+!) [3.68],子弹少女幻想曲 [需3.68及以上系统版本 | 中日英韩文版],DLC-BGPHANTASIADLC68,「推しキャラクター」サリア・ヴィオレット,ASA
psvdlc,PCSH10099,Bullet Girls Phantasia (ENG/CHI/JPN/KOR) (3.61+!) [3.68],子弹少女幻想曲 [需3.68及以上系统版本 | 中日英韩文版],DLC-BGPHANTASIADLC67,「推しキャラクター」シルヴィア・オルタンシア,ASA
psvdlc,PCSH10099,Bullet Girls Phantasia (ENG/CHI/JPN/KOR) (3.61+!) [3.68],子弹少女幻想曲 [需3.68及以上系统版本 | 中日英韩文版],DLC-BGPHANTASIADLC69,「推しキャラクター」ハルディナ・クリサントゥ,ASA
psvdlc,PCSH10099,Bullet Girls Phantasia (ENG/CHI/JPN/KOR) (3.61+!) [3.68],子弹少女幻想曲 [需3.68及以上系统版本 | 中日英韩文版],DLC-BGPHANTASIADLC70,「推しキャラクター」ファレン・シールウィンデ,ASA
psvdlc,PCSH10099,Bullet Girls Phantasia (ENG/CHI/JPN/KOR) (3.61+!) [3.68],子弹少女幻想曲 [需3.68及以上系统版本 | 中日英韩文版],DLC-BGPHANTASIADLC71,「推しキャラクター」メリーナ・イーリス,ASA
psvdlc,PCSH10099,Bullet Girls Phantasia (ENG/CHI/JPN/KOR) (3.61+!) [3.68],子弹少女幻想曲 [需3.68及以上系统版本 | 中日英韩文版],DLC-BGPHANTASIADLC72,「推しキャラクター」ラドリア・シールウィンデ,ASA
psvdlc,PCSH10099,Bullet Girls Phantasia (ENG/CHI/JPN/KOR) (3.61+!) [3.68],子弹少女幻想曲 [需3.68及以上系统版本 | 中日英韩文版],DLC-BGPHANTASIADLC66,「推しキャラクター」土居内 麻衣,ASA
psvdlc,PCSH10099,Bullet Girls Phantasia (ENG/CHI/JPN/KOR) (3.61+!) [3.68],子弹少女幻想曲 [需3.68及以上系统版本 | 中日英韩文版],DLC-BGPHANTASIADLC63,「推しキャラクター」天峰 咲姫,ASA
psvdlc,PCSH10099,Bullet Girls Phantasia (ENG/CHI/JPN/KOR) (3.61+!) [3.68],子弹少女幻想曲 [需3.68及以上系统版本 | 中日英韩文版],DLC-BGPHANTASIADLC65,「推しキャラクター」早乙女 陽希,ASA
psvdlc,PCSH10099,Bullet Girls Phantasia (ENG/CHI/JPN/KOR) (3.61+!) [3.68],子弹少女幻想曲 [需3.68及以上系统版本 | 中日英韩文版],DLC-BGPHANTASIADLC61,「推しキャラクター」木住野 玲美,ASA
psvdlc,PCSH10099,Bullet Girls Phantasia (ENG/CHI/JPN/KOR) (3.61+!) [3.68],子弹少女幻想曲 [需3.68及以上系统版本 | 中日英韩文版],DLC-BGPHANTASIADLC64,「推しキャラクター」神代 海凪,ASA
psvdlc,PCSH10099,Bullet Girls Phantasia (ENG/CHI/JPN/KOR) (3.61+!) [3.68],子弹少女幻想曲 [需3.68及以上系统版本 | 中日英韩文版],DLC-BGPHANTASIADLC60,「推しキャラクター」金園 優理奈,ASA
psvdlc,PCSH10099,Bullet Girls Phantasia (ENG/CHI/JPN/KOR) (3.61+!) [3.68],子弹少女幻想曲 [需3.68及以上系统版本 | 中日英韩文版],DLC-BGPHANTASIADLC62,「推しキャラクター」高梨 月代,ASA
psvdlc,PCSH10099,Bullet Girls Phantasia (ENG/CHI/JPN/KOR) (3.61+!) [3.68],子弹少女幻想曲 [需3.68及以上系统版本 | 中日英韩文版],DLC-BGPHANTASIADLC50,「武器」レイピア・スラスト LV1,ASA
psvdlc,PCSH10099,Bullet Girls Phantasia (ENG/CHI/JPN/KOR) (3.61+!) [3.68],子弹少女幻想曲 [需3.68及以上系统版本 | 中日英韩文版],DLC-BGPHANTASIADLC04,「衣装」バニーガール服(黒),ASA
psvdlc,PCSH10099,Bullet Girls Phantasia (ENG/CHI/JPN/KOR) (3.61+!) [3.68],子弹少女幻想曲 [需3.68及以上系统版本 | 中日英韩文版],DLC-BGPHANTASIADLC14,「衣装」ペイルウイング(桃x白),ASA
psvdlc,PCSH10099,Bullet Girls Phantasia (ENG/CHI/JPN/KOR) (3.61+!) [3.68],子弹少女幻想曲 [需3.68及以上系统版本 | 中日英韩文版],DLC-BGPHANTASIADLC15,「衣装」ペイルウイング(紫x黒),ASA
psvdlc,PCSH10109,Persona 5 Dancing Star Night (3.61+!) [3.68],女神异闻录 5：舞动星夜 [需3.68及以上系统版本 | 中韩文版],DLC-ADDCONTDLCD00014,WEGO聯名合作 套組,ASA
psvdlc,PCSH10109,Persona 5 Dancing Star Night (3.61+!) [3.68],女神异闻录 5：舞动星夜 [需3.68及以上系统版本 | 中韩文版],DLC-ADDCONTDLCD00017,主人公閣樓生活 套組,ASA
psvdlc,PCSH10109,Persona 5 Dancing Star Night (3.61+!) [3.68],女神异闻录 5：舞动星夜 [需3.68及以上系统版本 | 中韩文版],DLC-ADDCONTDLCD00018,冰霜傑克的立領學生制服,ASA
psvdlc,PCSH10109,Persona 5 Dancing Star Night (3.61+!) [3.68],女神异闻录 5：舞动星夜 [需3.68及以上系统版本 | 中韩文版],DLC-ADDCONTDLCD00022,業斗童子服裝,ASA
psvdlc,PCSH10109,Persona 5 Dancing Star Night (3.61+!) [3.68],女神异闻录 5：舞动星夜 [需3.68及以上系统版本 | 中韩文版],DLC-ADDCONTDLCD00038,樂曲「Dance! (OP ver.)」,ASA
psvdlc,PCSH10109,Persona 5 Dancing Star Night (3.61+!) [3.68],女神异闻录 5：舞动星夜 [需3.68及以上系统版本 | 中韩文版],DLC-ADDCONTDLCD00057,樂曲「GROOVY」※未刪減版本,ASA
psvdlc,PCSH10109,Persona 5 Dancing Star Night (3.61+!) [3.68],女神异闻录 5：舞动星夜 [需3.68及以上系统版本 | 中韩文版],DLC-ADDCONTDLCD00039,樂曲「Our Moment」※未刪減版本,ASA
psvdlc,PCSH10109,Persona 5 Dancing Star Night (3.61+!) [3.68],女神异闻录 5：舞动星夜 [需3.68及以上系统版本 | 中韩文版],DLC-ADDCONTDLCD00052,"樂曲「Wake Up, Get Up, Get Out There (OP ver.)」",ASA
psvdlc,PCSH10109,Persona 5 Dancing Star Night (3.61+!) [3.68],女神异闻录 5：舞动星夜 [需3.68及以上系统版本 | 中韩文版],DLC-ADDCONTDLCD00023,樂曲「出動!不死鳥戰隊翔羽俠」※原創電視動畫風版本,ASA
psvdlc,PCSH10109,Persona 5 Dancing Star Night (3.61+!) [3.68],女神异闻录 5：舞动星夜 [需3.68及以上系统版本 | 中韩文版],DLC-ADDCONTDLCD00024,樂曲「時價購物網田中 (ATLUS Kozuka Remix) feat. 田中社長(CV -島田敏)」,ASA
psvdlc,PCSH10109,Persona 5 Dancing Star Night (3.61+!) [3.68],女神异闻录 5：舞动星夜 [需3.68及以上系统版本 | 中韩文版],DLC-ADDCONTDLCD00019,索尼克套裝,ASA
psvdlc,PCSH10109,Persona 5 Dancing Star Night (3.61+!) [3.68],女神异闻录 5：舞动星夜 [需3.68及以上系统版本 | 中韩文版],DLC-ADDCONTDLCD00012,翔羽俠 套組,ASA
psvdlc,PCSH10109,Persona 5 Dancing Star Night (3.61+!) [3.68],女神异闻录 5：舞动星夜 [需3.68及以上系统版本 | 中韩文版],DLC-ADDCONTDLCD00020,翠西服裝 異聞錄版本,ASA
psvdlc,PCSH10109,Persona 5 Dancing Star Night (3.61+!) [3.68],女神异闻录 5：舞动星夜 [需3.68及以上系统版本 | 中韩文版],DLC-ADDCONTDLCD00021,翠西服裝 罪罰版本,ASA
psvdlc,PCSH10109,Persona 5 Dancing Star Night (3.61+!) [3.68],女神异闻录 5：舞动星夜 [需3.68及以上系统版本 | 中韩文版],DLC-ADDCONTDLCD00060,老鼠怪盜團 套組,ASA
psvdlc,PCSH10133,Memories Off -Innocent Fille- (3.61+!) [3.68],告别回忆 8：无垢少女 [需3.68及以上系统版本 | 中文版],DLC-MEMOFF8ASIADLC01,MemoriesOff -Innocent Fille- AddContent01,ASA
