system,game_name,ch_name,id
ss,2do Aru Koto wa Sando R (Japan),肥瘦大盗 2度归来  （日版）,SS#1
ss,2Tax Gold (Japan),两桶金  （日版）,SS#2
ss,3D Baseball (USA),3D棒球  （美版）,SS#3
ss,3D Baseball - The Majors (Japan),3D棒球 - THE MAJORS  （日版）,SS#4
ss,3D Lemmings (Europe),3D百战小旅鼠  （欧版）,SS#5
ss,3D Lemmings (Japan),3D百战小旅鼠  （日版）,SS#6
ss,3D Mission Shooting - Finalist (Japan),3D使命射击-入围  （日版）,SS#7
ss,3x3 Eyes - Kyuusei Koushu S (Japan) (Disc 1),3X3只眼 - 吸精公主 S  （日版） （光碟 1）,SS#8
ss,3x3 Eyes - Kyuusei Koushu S (Japan) (Disc 2),3X3只眼 - 吸精公主 S  （日版） （光碟 2）,SS#9
ss,3x3 Eyes - Kyuusei Koushu S (Japan) (Disc 3) (Special CD-ROM),3X3只眼 - 吸精公主 S  （日版） （光碟 3） (Special CD-ROM),SS#10
ss,6 Inch My Darling (Japan),我亲爱的6英寸  （日版）,SS#11
ss,"Actua Golf (Europe) (En,Fr,De)","阿克托高尔夫  （欧版） (En,Fr,De)",SS#12
ss,Actua Golf (Japan),阿克托高尔夫  （日版）,SS#13
ss,Actua Soccer (Japan),真实足球  （日版）,SS#14
ss,Actua Soccer - Club Edition (Europe),真实足球 - 俱乐部版  （欧版）,SS#15
ss,Advanced V.G. (Japan),少女格斗战.  （日版）,SS#16
ss,Advanced World War - Sennen Teikoku no Koubou - Last of the Millennium (Japan) (2M),高级大战略 - 千年帝国的兴亡  （日版） (2M),SS#17
ss,Advanced World War - Sennen Teikoku no Koubou - Last of the Millennium (Japan) (Rev B) (22M),高级大战略 - 千年帝国的兴亡  （日版） （修正版 B） (22M),SS#18
ss,AI Igo (Japan),AI围棋  （日版）,SS#19
ss,Ai Iijima Interactive Video Clip - Good Island Cafe (Japan),饭岛爱 - GOOD ISLAND CAFE  （日版）,SS#20
ss,AI Shougi (Japan),AI将棋  （日版）,SS#21
ss,AI Shougi 2 (Japan),AI将棋 2  （日版）,SS#22
ss,Air Management '96 (Japan),航空大亨96  （日版）,SS#23
ss,Airs Adventure (Japan),空中冒险  （日版）,SS#24
ss,Akumajou Dracula X - Gekka no Yasoukyoku (Japan) (2M),恶魔城X：月下之夜想曲  （日版） (2M),SS#25
ss,Albert Odyssey - Legend of Eldean (USA),亚鲁巴战记 - 艾尔丹传奇  （美版）,SS#26
ss,Albert Odyssey - Legend of Eldean (USA) (RE),亚鲁巴战记 - 艾尔丹传奇  （美版） (RE),SS#27
ss,Albert Odyssey Gaiden - Legend of Eldean (Japan) (1M),亚鲁巴战记 外传 - 艾尔丹传奇  （日版） (1M),SS#28
ss,Albert Odyssey Gaiden - Legend of Eldean (Japan) (2M),亚鲁巴战记 外传 - 艾尔丹传奇  （日版） (2M),SS#29
ss,Albert Odyssey Gaiden - Legend of Eldean (Japan) (3M),亚鲁巴战记 外传 - 艾尔丹传奇  （日版） (3M),SS#30
ss,Album Club (Mune Kyun) - St. Paulia Jogakuin (Japan),专辑俱乐部  (Mune Kyun) - St. Paulia Jogakuin （日版）,SS#31
ss,"Alien Trilogy (Europe) (En,Fr,Es,It) (4S)","异形  （欧版） (En,Fr,Es,It) (4S)",SS#32
ss,"Alien Trilogy (Europe) (En,Fr,Es,It) (7S)","异形  （欧版） (En,Fr,Es,It) (7S)",SS#33
ss,"Alien Trilogy (Europe) (En,Fr,Es,It) (Beta)","异形  （欧版） (En,Fr,Es,It) （测试版）",SS#34
ss,Alien Trilogy (Germany),异形  （德国版）,SS#35
ss,Alien Trilogy (Japan),异形  （日版）,SS#36
ss,Alien Trilogy (Japan) (Demo),异形  （日版） （演示版）,SS#37
ss,Alien Trilogy (USA),异形  （美版）,SS#38
ss,All-Star Baseball '97 Featuring Frank Thomas (USA),全明星棒球 '97 FEATURING FRANK THOMAS  （美版）,SS#39
ss,"Alone in the Dark - Jack Is Back (Europe) (En,Fr,De,Es,It)","鬼屋魔影 - 杰克归来  （欧版） (En,Fr,De,Es,It)",SS#40
ss,Alone in the Dark - One-Eyed Jack's Revenge (USA),鬼屋魔影  （美版）,SS#41
ss,Alone in the Dark 2 (Japan),鬼屋魔影 2  （日版）,SS#42
ss,Amagi Shien (Japan),天城紫苑 （日版）,SS#43
ss,America Oudan Ultra Quiz (Japan),横断美国问答  （日版）,SS#44
ss,"Amok (Europe) (En,Fr,De,Es,It,Nl)","杀人狂  （欧版） (En,Fr,De,Es,It,Nl)",SS#45
ss,Amok (Japan),杀人狂  （日版）,SS#46
ss,Amok (USA),杀人狂  （美版）,SS#47
ss,Andretti Racing (Europe),明星大赛  （欧版）,SS#48
ss,Andretti Racing (France),明星大赛  （法国版）,SS#49
ss,Andretti Racing (Germany),明星大赛  （德国版）,SS#50
ss,Andretti Racing (USA),明星大赛  （美版）,SS#51
ss,AnEarth Fantasy Stories - The First Volume (Japan),地球幻想故事  （日版）,SS#52
ss,Angel Graffiti S - Anata e no Profile (Japan),涂鸦天使S - 你的侧脸  （日版）,SS#53
ss,Angel Paradise Vol. 1 - Sakaki Yuko - Koi no Yokan in Hollywood (Japan),天使天堂 卷 1 - 坂木优子 - 恋爱的预感 在好莱坞  （日版）,SS#54
ss,Angel Paradise Vol. 2 - Yoshino Kimika - Isshoni I-ta-i in Hawaii (Japan),天使天堂 卷 2 - 吉野公佳 - 我们在一起 在夏威夷  （日版）,SS#55
ss,Angelique Duet (Japan),安琪莉可  （日版）,SS#56
ss,Angelique Special (Japan),安琪莉可 特别篇  （日版）,SS#57
ss,Angelique Special 2 (Japan),安琪莉可 特别篇2  （日版）,SS#58
ss,Another Memories (Japan),另一个回忆  （日版）,SS#59
ss,Aqua-world - Umi Monogatari (Japan),水世界 - 海美物语  （日版）,SS#60
ss,Aquazone - Desktop Life (Japan),电子鱼缸 桌面生活  （日版）,SS#61
ss,Aquazone - Desktop Life Option Disc Series 1 - Angel Fish (Japan) (Rev A),电子鱼缸 桌面生活 OPTION DISC SERIES 1 - ANGEL FISH  （日版） （修正版 A）,SS#62
ss,Aquazone - Desktop Life Option Disc Series 2 - Black Molly (Japan) (Rev A),电子鱼缸 桌面生活 OPTION DISC SERIES 2 - BLACK MOLLY  （日版） （修正版 A）,SS#63
ss,Aquazone - Desktop Life Option Disc Series 3 - Blue Emperor (Japan) (Rev A),电子鱼缸 桌面生活 OPTION DISC SERIES 3 - BLUE EMPEROR  （日版） （修正版 A）,SS#64
ss,Aquazone - Desktop Life Option Disc Series 4 - Clown Loach (Japan) (Rev A),电子鱼缸 桌面生活 OPTION DISC SERIES 4 - CLOWN LOACH  （日版） （修正版 A）,SS#65
ss,Aquazone - Desktop Life Option Disc Series 5 - False Rummy-Nose (Japan) (Rev A),电子鱼缸 桌面生活 OPTION DISC SERIES 5 - FALSE RUMMY-NOSE  （日版） （修正版 A）,SS#66
ss,Arcade Gears Vol. 1 - Pu-Li-Ru-La (Japan),街机游戏 卷 1 - 普利路拉  （日版）,SS#67
ss,Arcade Gears Vol. 2 - Gun Frontier (Japan),街机游戏 卷 2 - 枪之国度  （日版）,SS#68
ss,Arcade Gears Vol. 3 - Wonder 3 (Japan),街机游戏 卷 3 - 奇迹 3  （日版）,SS#69
ss,Arcade Gears Vol. 4 - ImageFight & XMultiply (Japan),街机游戏 卷 4 - 梦幻战机&再生战机  （日版）,SS#70
ss,Arcade's Greatest Hits (USA),大型街机合集  （美版）,SS#71
ss,Arcade's Greatest Hits - The Atari Collection 1 (Europe),街机的点击：雅达利收藏1  （欧版）,SS#72
ss,Arcade's Greatest Hits - The Atari Collection 1 (USA),街机的点击：雅达利收藏1  （美版）,SS#73
ss,Arcana Strikes (Japan),阿尔卡娜风暴  （日版）,SS#74
ss,"Area 51 (Europe) (En,Fr,De,Es)","51区  （欧版） (En,Fr,De,Es)",SS#75
ss,Area 51 (Japan),51区  （日版）,SS#76
ss,Area 51 (USA),51区  （美版）,SS#77
ss,Area 51 (USA) (Beta),51区  （美版） （测试版）,SS#78
ss,Arthur to Astaroth no Nazo Makaimura - Incredible Toons (Japan),谜之魔界村 - INCREDIBLE TOONS  （日版）,SS#79
ss,Assault Rigs (Japan),攻击炮塔  （日版）,SS#80
ss,Assault Suit Leynos 2 (Japan),重装机兵雷亚斯  （日版）,SS#81
ss,Astal (USA) (1S),阿斯特拉  （美版） (1S),SS#82
ss,Astal (USA) (2S),阿斯特拉  （美版） (2S),SS#83
ss,Astal (USA) (3S),阿斯特拉  （美版） (3S),SS#84
ss,Astra Superstars (Japan),阿斯特拉超级之星  （日版）,SS#85
ss,Asuka 120% Limited - Burning Fest. Limited (Japan),飞鸟120% - 燃烧的季节. LIMITED  （日版）,SS#86
ss,Athlete Kings (Europe),运动员之王  （欧版）,SS#87
ss,"Atlantis - The Lost Tales (Europe) (En,De,Es) (Disc 1)","亚特兰蒂斯 - 失落的传说  （欧版） (En,De,Es) （光碟 1）",SS#88
ss,"Atlantis - The Lost Tales (Europe) (En,De,Es) (Disc 2)","亚特兰蒂斯 - 失落的传说  （欧版） (En,De,Es) （光碟 2）",SS#89
ss,Atlantis - The Lost Tales (France) (Disc 1),亚特兰蒂斯 - 失落的传说  （法国版） （光碟 1）,SS#90
ss,Atlantis - The Lost Tales (France) (Disc 2),亚特兰蒂斯 - 失落的传说  （法国版） （光碟 2）,SS#91
ss,Ayakashi Ninden Kunoichiban Plus (Japan) (Disc 1),魂兽女忍传一番 加强版  （日版） （光碟 1）,SS#92
ss,Ayakashi Ninden Kunoichiban Plus (Japan) (Disc 2),魂兽女忍传一番 加强版  （日版） （光碟 2）,SS#93
ss,Ayrton Senna Personal Talk - Message for the Future (Japan),艾尔顿 塞纳 私人谈话 - 未来的信息  （日版）,SS#94
ss,Azel - Panzer Dragoon RPG (Japan) (Demo),铁甲飞龙RPG  （日版） （演示版）,SS#95
ss,Azel - Panzer Dragoon RPG (Japan) (Disc 1) (1M),铁甲飞龙RPG  （日版） （光碟 1） (1M),SS#96
ss,Azel - Panzer Dragoon RPG (Japan) (Disc 1) (2M),铁甲飞龙RPG  （日版） （光碟 1） (2M),SS#97
ss,Azel - Panzer Dragoon RPG (Japan) (Disc 2) (2M),铁甲飞龙RPG  （日版） （光碟 2） (2M),SS#98
ss,Azel - Panzer Dragoon RPG (Japan) (Disc 3) (1M),铁甲飞龙RPG  （日版） （光碟 3） (1M),SS#99
ss,Azel - Panzer Dragoon RPG (Japan) (Disc 3) (2M),铁甲飞龙RPG  （日版） （光碟 3） (2M),SS#100
ss,"Azel - Panzer Dragoon RPG (Japan) (Disc 4) (2M, 3M)","铁甲飞龙RPG  （日版） （光碟 4） (2M, 3M)",SS#101
ss,BackGuiner - Yomigaeru Yuusha-tachi - Hishou-hen - Uragiri no Senjou (Japan) (Disc 1),归来的盖那 - 苏醒勇者列传 - 飞翔篇 - 虚空之战场  （日版） （光碟 1）,SS#102
ss,BackGuiner - Yomigaeru Yuusha-tachi - Hishou-hen - Uragiri no Senjou (Japan) (Disc 2),归来的盖那 - 苏醒勇者列传 - 飞翔篇 - 虚空之战场  （日版） （光碟 2）,SS#103
ss,BackGuiner - Yomigaeru Yuusha-tachi - Kakusei-hen - Guiner Tensei (Japan) (Disc 1),归来的盖那 - 苏醒勇者列传 - 觉醒篇 - ガイナー転生  （日版） （光碟 1）,SS#104
ss,BackGuiner - Yomigaeru Yuusha-tachi - Kakusei-hen - Guiner Tensei (Japan) (Disc 2),归来的盖那 - 苏醒勇者列传 - 觉醒篇 - ガイナー転生  （日版） （光碟 2）,SS#105
ss,Baku Baku Animal - Sekai Shiiku Gakari Senshuken (Japan),爆裂方块 - 世界动物园管理员大赛  （日版）,SS#106
ss,Baku Baku Animal - Sekai Shiiku Gakari Senshuken (Japan) (Rev A),爆裂方块 - 世界动物园管理员大赛  （日版） （修正版 A）,SS#107
ss,Baku Baku Animal - World Zookeeper Contest (Europe),爆裂方块 - 世界动物园管理员大赛  （欧版）,SS#108
ss,Baku Baku Animal - World Zookeeper Contest (USA),爆裂方块 - 世界动物园管理员大赛  （美版）,SS#109
ss,Bakuretsu Hunter (Japan) (Disc 1),爆裂猎人  （日版） （光碟 1）,SS#110
ss,Bakuretsu Hunter (Japan) (Disc 2) (Omake CD),爆裂猎人  （日版） （光碟 2） (Omake CD),SS#111
ss,Bakuretsu Hunter R (Japan),爆裂猎人 R  （日版）,SS#112
ss,Bakushou!! All Yoshimoto Quiz-ou Kettei-sen DX (Japan),爆笑!! 吉本猜谜王决定战 DX  （日版）,SS#113
ss,Baldy Land (Japan),秃子岛  （日版）,SS#114
ss,Baroque (Japan),巴洛克  （日版）,SS#115
ss,Baroque Report - CD Data File (Japan),巴洛克数字设定集  （日版）,SS#116
ss,Bases Loaded '96 - Double Header (USA),满垒96  （美版）,SS#117
ss,Batman Forever - The Arcade Game (Europe),永远的蝙蝠侠：街机版  （欧版）,SS#118
ss,Batman Forever - The Arcade Game (Japan),永远的蝙蝠侠：街机版  （日版）,SS#119
ss,Batman Forever - The Arcade Game (USA),永远的蝙蝠侠：街机版  （美版）,SS#120
ss,Batsugun (Japan),惩罚之枪  （日版）,SS#121
ss,Battle Arena Toshinden Remix (Europe),斗神传 REMIX  （欧版）,SS#122
ss,Battle Arena Toshinden Remix (USA),斗神传 REMIX  （美版）,SS#123
ss,Battle Arena Toshinden URA - Ultimate Revenge Attack (Europe),斗神传 URA - 终极复仇攻击  （欧版）,SS#124
ss,Battle Arena Toshinden URA - Ultimate Revenge Attack (Europe) (Beta),斗神传 URA - 终极复仇攻击  （欧版） （测试版）,SS#125
ss,Battle Arena Toshinden URA - Ultimate Revenge Attack (USA),斗神传 URA - 终极复仇攻击  （美版）,SS#126
ss,Battle Athletess Daiundoukai (Japan),大运动会  （日版）,SS#127
ss,Battle Garegga (Japan),空战之路  （日版）,SS#128
ss,Battle Monsters (Europe),战争机器怪物  （欧版）,SS#129
ss,Battle Monsters (Japan),战争机器怪物  （日版）,SS#130
ss,Battle Monsters (USA),战争机器怪物  （美版）,SS#131
ss,"Battle Stations (Europe) (En,Fr,De)","战斗前线  （欧版） (En,Fr,De)",SS#132
ss,Battle Stations (USA),战斗前线  （美版）,SS#133
ss,BattleSport (USA),战斗运动  （美版）,SS#134
ss,Beach de Riichi! (Japan),海辺でリーチ  （日版）,SS#135
ss,Bedlam (USA) (Proto),疯人院  （美版） （工程版）,SS#136
ss,Big Ichigeki! Pachi-Slot Daikouryaku - Universal Museum (Japan) (1M),大一击!柏青哥大攻略 - 环球博物馆  （日版） (1M),SS#137
ss,Big Ichigeki! Pachi-Slot Daikouryaku - Universal Museum (Japan) (Rev A) (10M),大一击!柏青哥大攻略 - 环球博物馆  （日版） （修正版 A） (10M),SS#138
ss,Big Thanks - Super Keirin - Dream with Keirin 50 Years (Japan),非常感谢 - 超级凯林 - 和凯林一起梦想50年 （日版）,SS#139
ss,Bio Hazard (Japan),生化危机  （日版）,SS#140
ss,Bishoujo Hanafuda Kikou - Michinoku Hitou Koi Monogatari Special (Japan),美少女花札紀行 みちのく秘湯戀物語 （日版）,SS#141
ss,Bishoujo Senshi Sailor Moon SuperS - Various Emotion (Japan),美少女战士ＳＵＰＥＲＳ - VARIOUS EMOTION  （日版）,SS#142
ss,Black Dawn (Europe),黑暗堕落  （欧版）,SS#143
ss,Black Dawn (Japan),黑暗堕落  （日版）,SS#144
ss,Black Dawn (USA),黑暗堕落  （美版）,SS#145
ss,Black-Matrix (Japan),黑色细胞  （日版）,SS#146
ss,Black-Matrix (Japan) (Rerelease),黑色细胞  （日版） （再发行版）,SS#147
ss,BlackFire (Europe),黑火  （欧版）,SS#148
ss,BlackFire (Japan),黑火  （日版）,SS#149
ss,BlackFire (USA) (2S),黑火  （美版） (2S),SS#150
ss,BlackFire (USA) (3S),黑火  （美版） (3S),SS#151
ss,Blam! Machinehead (Europe),机械首脑  （欧版）,SS#152
ss,Blam! Machinehead (France),机械首脑  （法国版）,SS#153
ss,Blam! Machinehead (Germany),机械首脑  （德国版）,SS#154
ss,Blam! Machinehead (Japan),机械首脑  （日版）,SS#155
ss,"Blast Chamber (Europe) (En,Fr,De,Es,It)","爆破  （欧版） (En,Fr,De,Es,It)",SS#156
ss,Blast Chamber (USA),爆破  （美版）,SS#157
ss,Blast Wind (Japan),暴风战机  （日版）,SS#158
ss,Blazing Dragons (Europe),雷龙  （欧版）,SS#159
ss,Blazing Dragons (France),雷龙  （法国版）,SS#160
ss,Blazing Dragons (Germany),雷龙  （德国版）,SS#161
ss,Blazing Dragons (USA),雷龙  （美版）,SS#162
ss,Blazing Heroes (USA),炽热的英雄  （美版）,SS#163
ss,Blood Factory (Japan),血腥工厂  （日版）,SS#164
ss,Blue Breaker - Ken yori mo Hohoemi o (Japan),蓝色破坏者 - 剑的微笑  （日版）,SS#165
ss,Blue Breaker - Ken yori mo Hohoemi o (Japan) (Demo),蓝色破坏者 - 剑的微笑  （日版） （演示版）,SS#166
ss,Blue Seed - Kushinada Hirokuden (Japan),碧奇魂 - 奇稻田密录传  （日版）,SS#167
ss,Bomberman Wars (Japan),炸弹人战争  （日版）,SS#168
ss,"Bootleg Sampler (Europe) (Made in EU, Made in Japan)","私制光盘演示  （欧版） (Made in EU, Made in Japan)",SS#169
ss,Bootleg Sampler (Europe) (Made in USA),私制光盘演示  （欧版） (Made in USA),SS#170
ss,Bootleg Sampler (USA),私制光盘演示  （美版）,SS#171
ss,Bootleg Sampler (USA) (15S),私制光盘演示  （美版） (15S),SS#172
ss,"Bootleg Sampler (USA) (8S, 9S, 17S)","私制光盘演示  （美版） (8S, 9S, 17S)",SS#173
ss,Bootleg Sampler (USA) (Rev A) (1S),私制光盘演示  （美版） （修正版 A） (1S),SS#174
ss,Bootleg Sampler (USA) (Rev A) (2S),私制光盘演示  （美版） （修正版 A） (2S),SS#175
ss,Bottom of the 9th (USA),绝境棒球  （美版）,SS#176
ss,Bouken Katsugeki Monomono (Japan),冒険活劇モノモノ  （日版）,SS#177
ss,Bouken Katsugeki Monomono (Japan) (Demo),冒険活劇モノモノ  （日版） （演示版）,SS#178
ss,Brain Battle Q (Japan),智力战争Q  （日版）,SS#179
ss,BrainDead 13 (Japan),新空房禁地13  （日版）,SS#180
ss,BrainDead 13 (USA),新空房禁地13  （美版）,SS#181
ss,"Break Point (Europe) (En,Fr)","断点  （欧版） (En,Fr)",SS#182
ss,Break Point (Japan),断点  （日版）,SS#183
ss,Break Point Tennis (USA),断点 网球  （美版）,SS#184
ss,BreakThru! (Japan),突破!  （日版）,SS#185
ss,Bubble Bobble also featuring Rainbow Islands (Europe),泡泡龙：彩虹岛  （欧版）,SS#186
ss,Bubble Bobble also featuring Rainbow Islands (USA),泡泡龙：彩虹岛  （美版）,SS#187
ss,Bubble Symphony (Japan),泡泡龙交响曲  （日版）,SS#188
ss,Bug Too! (Europe),虫虫历险记  （欧版）,SS#189
ss,Bug Too! (USA),虫虫历险记  （美版）,SS#190
ss,"Bug Too! Motto Motto Jump Shite, Funzukechatte, Petchanko (Japan)","虫虫历险记 MOTTO MOTTO JUMP SHITE, FUNZUKECHATTE, PETCHANKO  （日版）",SS#191
ss,Bug! (Europe),BUG虫虫历险记  （欧版）,SS#192
ss,Bug! (USA),BUG虫虫历险记  （美版）,SS#193
ss,Bug! (USA) (Demo) (1S),BUG虫虫历险记  （美版） （演示版） (1S),SS#194
ss,Bug! (USA) (Demo) (3S),BUG虫虫历险记  （美版） （演示版） (3S),SS#195
ss,Bug! (USA) (R),BUG虫虫历险记  （美版） (R),SS#196
ss,"Bug! Jump Shite, Funzukechatte, Petchanko (Japan)","BUG虫虫历险记 JUMP SHITE, FUNZUKECHATTE, PETCHANKO  （日版）",SS#197
ss,Bulk Slash (Japan),巨大之剑  （日版）,SS#198
ss,Burning Rangers (Europe),救火奇兵  （欧版）,SS#199
ss,Burning Rangers (Japan),救火奇兵  （日版）,SS#200
ss,Burning Rangers (Japan) (Demo),救火奇兵  （日版） （演示版）,SS#201
ss,Burning Rangers (Japan) (Proto),救火奇兵  （日版） （工程版）,SS#202
ss,Burning Rangers (USA),救火奇兵  （美版）,SS#203
ss,Bust-A-Move 2 - Arcade Edition (Europe),泡泡龙2-街机版  （欧版）,SS#204
ss,Bust-A-Move 2 - Arcade Edition (USA),泡泡龙2-街机版  （美版）,SS#205
ss,Bust-A-Move 3 (Europe),泡泡龙 3  （欧版）,SS#206
ss,Bust-A-Move 3 (USA),泡泡龙 3  （美版）,SS#207
ss,Can Can Bunny Extra (Japan),首映日EX  （日版）,SS#208
ss,Can Can Bunny Premiere (Japan) (1M),首映日  （日版） (1M),SS#209
ss,Can Can Bunny Premiere 2 (Japan) (Disc 1),首映日2  （日版） （光碟 1）,SS#210
ss,Can Can Bunny Premiere 2 (Japan) (Disc 1) (Rev A),首映日2  （日版） （光碟 1） （修正版 A）,SS#211
ss,Can Can Bunny Premiere 2 (Japan) (Disc 2) (Can Bani Himekuri Calendar),首映日2  （日版） （光碟 2） (Can Bani Himekuri Calendar),SS#212
ss,Can Can Bunny Premiere 2 (Japan) (Disc 2) (Can Bani Himekuri Calendar) (Hibaihin),首映日2  （日版） （光碟 2） (Can Bani Himekuri Calendar) (Hibaihin),SS#213
ss,Capcom Generation - Dai-1-shuu Gekitsuiou no Jidai (Japan),卡普空时代 - 第1集 -击坠王的时代  （日版）,SS#214
ss,Capcom Generation - Dai-2-shuu Makai to Kishi (Japan),卡普空时代 - 第2集 -魔界的骑士  （日版）,SS#215
ss,Capcom Generation - Dai-3-shuu Koko ni Rekishi Hajimaru (Japan),卡普空时代 - 第3集 -历史从这里开始  （日版）,SS#216
ss,Capcom Generation - Dai-4-shuu Kokou no Eiyuu (Japan),卡普空时代 - 第4集 -孤高的英雄  （日版）,SS#217
ss,Capcom Generation - Dai-5-shuu Kakutouka-tachi (Japan),卡普空时代 - 第5集 -街头霸王  （日版）,SS#218
ss,"Casper (Europe) (En,Fr,De)","鬼马小精灵  （欧版） (En,Fr,De)",SS#219
ss,Casper (Japan),鬼马小精灵  （日版）,SS#220
ss,Casper (USA),鬼马小精灵  （美版）,SS#221
ss,Cat the Ripper - 13Ninme no Tanteishi (Japan),第十三名侦探  （日版）,SS#222
ss,Center Ring Boxing (USA),中环拳击  （美版）,SS#223
ss,"Chaos Control (Europe) (En,Fr,De)","混沌控制  （欧版） (En,Fr,De)",SS#224
ss,"Chaos Control (Europe) (En,Fr,De) (Beta)","混沌控制  （欧版） (En,Fr,De) （测试版）",SS#225
ss,Chaos Control (Japan),混沌控制  （日版）,SS#226
ss,Chaos Control Remix (Japan),混沌控制 REMIX  （日版）,SS#227
ss,Chibi Maruko-chan no Taisen Puzzle-dama (Japan),樱桃小丸子 对战解谜方块  （日版）,SS#228
ss,Chisato Moritaka - Watarase Bashi & Lala Sunshine (Japan) (Disc 1),森高千里　渡良瀬橋  （日版） （光碟 1）,SS#229
ss,Chisato Moritaka - Watarase Bashi & Lala Sunshine (Japan) (Disc 2),森高千里　渡良瀬橋  （日版） （光碟 2）,SS#230
ss,Choro Q Park (Japan),Q版赛车公园  （日版）,SS#231
ss,Chou Aniki - Kyuukyoku... Otoko no Gyakushuu (Japan),超兄贵 - 究极... 男的逆袭  （日版）,SS#232
ss,Chou Jikuu Yousai Macross - Ai Oboete Imasu ka (Japan) (Disc 1),超时空要塞 - 可曾记得爱  （日版） （光碟 1）,SS#233
ss,Chou Jikuu Yousai Macross - Ai Oboete Imasu ka (Japan) (Disc 2),超时空要塞 - 可曾记得爱  （日版） （光碟 2）,SS#234
ss,Christmas NiGHTS into Dreams... (Europe),圣诞夜之梦...  （欧版）,SS#235
ss,Christmas NiGHTS into Dreams... (Japan) (Rev A),圣诞夜之梦...  （日版） （修正版 A）,SS#236
ss,Christmas NiGHTS into Dreams... (USA),圣诞夜之梦...  （美版）,SS#237
ss,Cleaning Kit for Sega Saturn (USA),世嘉土星清洁套件  （美版）,SS#238
ss,Cleopatra Fortune (Japan),埃及女王的财宝/宝石俄罗斯  （日版）,SS#239
ss,ClockWerx (Japan),时钟机关之星  （日版）,SS#240
ss,Clockwork Knight - Pepperouchau no Daibouken Gekan (Japan) (2M),发条骑士 - ～ペパルーチョの大冒険・下巻～  （日版） (2M),SS#241
ss,Clockwork Knight - Pepperouchau no Daibouken Joukan (Japan),发条骑士 - ～ペパルーチョの大冒険・上巻～  （日版）,SS#242
ss,Clockwork Knight - Pepperouchau no Fukubukuro (Japan),发条骑士 - ペパルーチョの福袋  （日版）,SS#243
ss,Clockwork Knight - Pepperouchau's Adventure (Europe),发条骑士 - ペパルーチョの大冒険  （欧版）,SS#244
ss,Clockwork Knight - Pepperouchau's Adventure (USA),发条骑士 - ペパルーチョの大冒険  （美版）,SS#245
ss,Clockwork Knight 2 - Pepperouchau's Adventure (Europe) (2S),发条骑士 2 - ペパルーチョの大冒険  （欧版） (2S),SS#246
ss,Clockwork Knight 2 - Pepperouchau's Adventure (Europe) (3S),发条骑士 2 - ペパルーチョの大冒険  （欧版） (3S),SS#247
ss,Clockwork Knight 2 - Pepperouchau's Adventure (USA) (Beta),发条骑士 2 - ペパルーチョの大冒険  （美版） （测试版）,SS#248
ss,"Clockwork Knight 2 - Pepperouchau's Adventure (USA, Brazil)","发条骑士 2 - ペパルーチョの大冒険  (USA, Brazil)",SS#249
ss,"Clockwork Knight Puzzle - Pengin War (Japan) (En,Ja) (Beta)","钟表骑士 （日版） (En,Ja) （测试版）",SS#250
ss,Code R (Japan),代码R  （日版）,SS#251
ss,Code R (Japan) (Demo),代码R  （日版） （演示版）,SS#252
ss,College Slam (USA),大学篮球  （美版）,SS#253
ss,"Command & Conquer (Europe) (En,Fr,De) (Disc 1) (GDI)","命令与征服  （欧版） (En,Fr,De) （光碟 1） (GDI)",SS#254
ss,"Command & Conquer (Europe) (En,Fr,De) (Disc 2) (NOD)","命令与征服  （欧版） (En,Fr,De) （光碟 2） (NOD)",SS#255
ss,Command & Conquer (France) (Disc 1) (GDI),命令与征服  （法国版） （光碟 1） (GDI),SS#256
ss,Command & Conquer (France) (Disc 2) (NOD),命令与征服  （法国版） （光碟 2） (NOD),SS#257
ss,Command & Conquer (Japan) (Disc 1) (GDI Disc),命令与征服  （日版） （光碟 1） (GDI Disc),SS#258
ss,Command & Conquer (Japan) (Disc 2) (NOD Disc),命令与征服  （日版） （光碟 2） (NOD Disc),SS#259
ss,Command & Conquer (USA) (Disc 1) (GDI Disc),命令与征服  （美版） （光碟 1） (GDI Disc),SS#260
ss,Command & Conquer (USA) (Disc 2) (NOD Disc),命令与征服  （美版） （光碟 2） (NOD Disc),SS#261
ss,Command & Conquer - Teil 1 - Der Tiberiumkonflikt (Germany) (Disc 1) (GDI),命令与征服 - 第一章 - 泰伯利亚冲突  （德国版） （光碟 1） (GDI),SS#262
ss,Command & Conquer - Teil 1 - Der Tiberiumkonflikt (Germany) (Disc 2) (NOD),命令与征服 - 第一章 - 泰伯利亚冲突  （德国版） （光碟 2） (NOD),SS#263
ss,Congo - The Movie - The Lost City of Zinj (USA),刚果电影版  （美版）,SS#264
ss,Contra - Legacy of War (USA),魂斗罗：战争的遗产  （美版）,SS#265
ss,"Conveni 2, The - Zenkoku Chain Tenkai da! (Japan)","便利店 2, 展开全国连锁!  （日版）",SS#266
ss,"Conveni, The - Ano Machi o Dokusen seyo (Japan)","便利店, 独占那条街的市场  （日版）",SS#267
ss,Core Demo Disc (Europe),核心演示光盘  （欧版）,SS#268
ss,Corpse Killer - Graveyard Edition (USA) (Disc 1) (R),僵尸杀手  （美版） （光碟 1） (R),SS#269
ss,Corpse Killer - Graveyard Edition (USA) (Disc 2),僵尸杀手  （美版） （光碟 2）,SS#270
ss,"Courier Crisis - The Saga of the Modern Fatalist (Europe) (En,Fr,De,It)","危机制造者 - 现代宿命论者的传奇  （欧版） (En,Fr,De,It)",SS#271
ss,Courier Crisis - The Saga of the Modern Fatalist (Japan),危机制造者 - 现代宿命论者的传奇  （日版）,SS#272
ss,Courier Crisis - The Saga of the Modern Fatalist (USA),危机制造者 - 现代宿命论者的传奇  （美版）,SS#273
ss,Creature Shock (Japan) (Disc 1),人体历险  （日版） （光碟 1）,SS#274
ss,Creature Shock (Japan) (Disc 2),人体历险  （日版） （光碟 2）,SS#275
ss,Creature Shock - Special Edition (USA) (Disc 1),人体历险 - 特别版  （美版） （光碟 1）,SS#276
ss,Creature Shock - Special Edition (USA) (Disc 2),人体历险 - 特别版  （美版） （光碟 2）,SS#277
ss,Crime Patrol (USA) (Proto),罪恶刑警  （美版） （工程版）,SS#278
ss,Crimewave (Europe) (Demo),犯罪高潮  （欧版） （演示版）,SS#279
ss,"Crimewave (Europe) (En,Fr,De,Es,It)","犯罪高潮  （欧版） (En,Fr,De,Es,It)",SS#280
ss,Crimewave (Japan),犯罪高潮  （日版）,SS#281
ss,Crimewave (USA),犯罪高潮  （美版）,SS#282
ss,Criticom (USA),御意见无用  （美版）,SS#283
ss,Criticom - The Critical Combat (Japan),临界战斗  （日版）,SS#284
ss,Croc - Legend of the Gobbos (Europe),超级克拉鳄  （欧版）,SS#285
ss,Croc - Legend of the Gobbos (USA),超级克拉鳄  （美版）,SS#286
ss,Croc! Pau-Pau Island (Japan),鳄鱼! 保罗岛  （日版）,SS#287
ss,Cross Romance - Koi to Mahjong to Hanafuda to (Japan),穿越浪漫 恋与麻雀萁花札 （日版）,SS#288
ss,Cross Tantei Monogatari (Japan) (Demo 1),CROSS 侦探 物语  （日版） (Demo 1),SS#289
ss,Cross Tantei Monogatari (Japan) (Demo 2),CROSS 侦探 物语  （日版） (Demo 2),SS#290
ss,Cross Tantei Monogatari - Motsureta Nanatsu no Labyrinth (Japan) (Disc 1),CROSS 侦探 物语 - 纠结的7个迷宫  （日版） （光碟 1）,SS#291
ss,Cross Tantei Monogatari - Motsureta Nanatsu no Labyrinth (Japan) (Disc 2),CROSS 侦探 物语 - 纠结的7个迷宫  （日版） （光碟 2）,SS#292
ss,"Crow, The - City of Angels (Europe)",乌鸦2：天使之城  （欧版）,SS#293
ss,"Crow, The - City of Angels (Germany)",乌鸦2：天使之城  （德国版）,SS#294
ss,"Crow, The - City of Angels (Japan)",乌鸦2：天使之城  （日版）,SS#295
ss,"Crow, The - City of Angels (USA)",乌鸦2：天使之城  （美版）,SS#296
ss,Crows - The Battle Action for SegaSaturn (Japan),热血高校  （日版）,SS#297
ss,Crusader - No Remorse (Europe),十字军  （欧版）,SS#298
ss,Crusader - No Remorse (France),十字军  （法国版）,SS#299
ss,Crusader - No Remorse (Germany),十字军  （德国版）,SS#300
ss,Crusader - No Remorse (USA),十字军  （美版）,SS#301
ss,Crypt Killer (Europe) (R),妖霸天下  （欧版） (R),SS#302
ss,Crypt Killer (USA),妖霸天下  （美版）,SS#303
ss,Cube Battler - Story of Anna (Japan),方块战士 - 安娜未来篇  （日版）,SS#304
ss,Cube Battler - Story of Shou (Japan),方块战士 - 调停人翔篇  （日版）,SS#305
ss,Cubic Gallery - Edy & Disy (Japan),立体画廊 - EDY & DISY  （日版）,SS#306
ss,Culdcept (Japan) (Rev A) (10M),卡片召唤师  （日版） （修正版 A） (10M),SS#307
ss,Culdcept (Japan) (Rev B) (20M),卡片召唤师  （日版） （修正版 B） (20M),SS#308
ss,Custom Web Browser (Version 2) (USA),定制 网页浏览器  (Version 2) （美版）,SS#309
ss,Custom Web Browser (Version 3.0) (USA),定制 网页浏览器  (Version 3.0) （美版）,SS#310
ss,Cyber Doll (Japan),武装斗士  （日版）,SS#311
ss,Cyber Speedway (Europe) (RE),赛博高速公路  （欧版） (RE),SS#312
ss,Cyber Speedway (USA),赛博高速公路  （美版）,SS#313
ss,Cyberbots - Fullmetal Madness (Japan) (1M),装甲之战  全金属狂潮  （日版） (1M),SS#314
ss,Cyberbots - Fullmetal Madness (Japan) (2M),装甲之战  全金属狂潮  （日版） (2M),SS#315
ss,"Cyberia (Europe) (En,Fr,De)","生化悍将  （欧版） (En,Fr,De)",SS#316
ss,Cyberia (Japan),生化悍将  （日版）,SS#317
ss,"Cyberia (USA) (En,Fr,De)","生化悍将  （美版） (En,Fr,De)",SS#318
ss,D (Europe) (Disc I),D  （欧版） (D isc I),SS#319
ss,D (Europe) (Disc II),D  （欧版） (D isc II),SS#320
ss,D (France) (Disc I),D  （法国版） (D isc I),SS#321
ss,D (France) (Disc II),D  （法国版） (D isc II),SS#322
ss,D (Germany) (Disc I),D  （德国版） (D isc I),SS#323
ss,D (Germany) (Disc II),D  （德国版） (D isc II),SS#324
ss,D (USA) (Disc I),D  （美版） (D isc I),SS#325
ss,D (USA) (Disc I) (Beta),D  （美版） (D isc I) （测试版）,SS#326
ss,D (USA) (Disc II),D  （美版） (D isc II),SS#327
ss,D (USA) (Disc II) (Beta),D  （美版） (D isc II) （测试版）,SS#328
ss,D no Shokutaku (Japan) (Disc 1),D之食卓  （日版） （光碟 1）,SS#329
ss,D no Shokutaku (Japan) (Disc 2),D之食卓  （日版） （光碟 2）,SS#330
ss,D-Xhird (Japan) (1M),恶神传  （日版） (1M),SS#331
ss,D-Xhird (Japan) (2M),恶神传  （日版） (2M),SS#332
ss,Daibouken - Great Adventure - St. Elmos no Kiseki (Japan),大冒险 - ～セント・エルモスの奇跡～  （日版）,SS#333
ss,Daikoukai Jidai Gaiden (Japan),大航海时代外传  （日版）,SS#334
ss,Daikoukai Jidai II (Japan),大航海时代II  （日版）,SS#335
ss,Daisenryaku - Strong Style (Japan),大战略 - 钢铁雄风  （日版）,SS#336
ss,Daisuki (Japan) (Disc 1),最喜欢你 （日版） （光碟 1）,SS#337
ss,Daisuki (Japan) (Disc 2) (Special),最喜欢你 （日版） （光碟 2） (Special),SS#338
ss,Daitoride (Japan),大牌砦  （日版）,SS#339
ss,Darius Gaiden (Europe),太空战斗机外传 （欧版）,SS#340
ss,Darius Gaiden (Japan) (2M),太空战斗机外传 （日版） (2M),SS#341
ss,Darius Gaiden (Japan) (3M),太空战斗机外传 （日版） (3M),SS#342
ss,Darius Gaiden (USA),太空战斗机外传 （美版）,SS#343
ss,Darius Gaiden (USA) (Beta),太空战斗机外传 （美版） （测试版）,SS#344
ss,Darius II (Europe),太空战斗机2  （欧版）,SS#345
ss,Darius II (Japan) (2M),太空战斗机2  （日版） (2M),SS#346
ss,Dark Hunter Ge - Youma no Mori (Japan),黑暗猎手 - 妖魔之森  （日版）,SS#347
ss,Dark Hunter Jou - Ijigen Gakuen (Japan),黑暗猎手 - 异次元学园  （日版）,SS#348
ss,Dark Legend (USA),黑暗传说  （美版）,SS#349
ss,Dark Savior (Europe),黑暗救世主  （欧版）,SS#350
ss,Dark Savior (Japan),黑暗救世主  （日版）,SS#351
ss,Dark Savior (Japan) (Demo),黑暗救世主  （日版） （演示版）,SS#352
ss,Dark Savior (USA),黑暗救世主  （美版）,SS#353
ss,Dark Seed II (Japan),黑暗之蛊2 （日版）,SS#354
ss,"Darklight Conflict (Europe) (En,Fr,De,Es,It,Sv)","暗日  （欧版） (En,Fr,De,Es,It,Sv)",SS#355
ss,"Darklight Conflict (USA) (En,Fr,De,Es,It,Sv)","暗日  （美版） (En,Fr,De,Es,It,Sv)",SS#356
ss,Darkseed (Japan),黑暗种子  （日版）,SS#357
ss,Daytona USA (Europe),梦游美国  （欧版）,SS#358
ss,Daytona USA (Europe) (1S),梦游美国  （欧版） (1S),SS#359
ss,Daytona USA (Europe) (2S),梦游美国  （欧版） (2S),SS#360
ss,Daytona USA (Japan),梦游美国  （日版）,SS#361
ss,Daytona USA (Japan) (Demo) (2M),梦游美国  （日版） （演示版） (2M),SS#362
ss,Daytona USA (USA),梦游美国  （美版）,SS#363
ss,Daytona USA - Championship Circuit Edition (Europe) (Rev A),梦游美国 - 锦标赛版  （欧版） （修正版 A）,SS#364
ss,Daytona USA - Championship Circuit Edition (USA),梦游美国 - 锦标赛版  （美版）,SS#365
ss,Daytona USA - Circuit Edition (Japan),梦游美国 - 环行版  （日版）,SS#366
ss,Daytona USA C.C.E. Net Link Edition (USA),梦游美国 C.C.E. 网络链接版  （美版）,SS#367
ss,Dead or Alive (Japan) (1M),生与死 （日版） (1M),SS#368
ss,Dead or Alive (Japan) (2M),生与死 （日版） (2M),SS#369
ss,Dead or Alive (Japan) (Rev A) (10M),生与死 （日版） （修正版 A） (10M),SS#370
ss,Deadalus (Japan) (1M),死亡逻辑  （日版） (1M),SS#371
ss,Deadalus (Japan) (2A),死亡逻辑  （日版） (2A),SS#372
ss,Deadalus (Japan) (3A),死亡逻辑  （日版） (3A),SS#373
ss,Death Crimson (Japan),死亡之枪  （日版）,SS#374
ss,Death Throttle - Kakuzetsu Toshi kara no Dasshutsu (Japan),死亡扼杀 - 隔絶都市からの脱出  （日版）,SS#375
ss,DeathMask (Japan) (Disc 1),死亡面具  （日版） （光碟 1）,SS#376
ss,DeathMask (Japan) (Disc 2),死亡面具  （日版） （光碟 2）,SS#377
ss,DeathMask (Japan) (Disc 3),死亡面具  （日版） （光碟 3）,SS#378
ss,DecAthlete (Japan) (1M),十项全能  （日版） (1M),SS#379
ss,DecAthlete (Japan) (2M),十项全能  （日版） (2M),SS#380
ss,DecAthlete (Japan) (Demo),十项全能  （日版） （演示版）,SS#381
ss,DecAthlete (Japan) (Rev A) (10M),十项全能  （日版） （修正版 A） (10M),SS#382
ss,DecAthlete (Japan) (Rev B) (20M),十项全能  （日版） （修正版 B） (20M),SS#383
ss,DecAthlete (USA),十项全能  （美版）,SS#384
ss,DecAthlete for SegaNet (Japan),十项全能 世嘉网络版  （日版）,SS#385
ss,Deep Fear (Europe) (Disc 1),深海恐惧  （欧版） （光碟 1）,SS#386
ss,Deep Fear (Europe) (Disc 2),深海恐惧  （欧版） （光碟 2）,SS#387
ss,Deep Fear (Japan) (Demo),深海恐惧  （日版） （演示版）,SS#388
ss,Deep Fear (Japan) (Disc 1),深海恐惧  （日版） （光碟 1）,SS#389
ss,Deep Fear (Japan) (Disc 2),深海恐惧  （日版） （光碟 2）,SS#390
ss,Deep Fear (USA) (Disc 1) (Unl),深海恐惧  （美版） （光碟 1） （非官方版）,SS#391
ss,Deep Fear (USA) (Disc 2) (Unl),深海恐惧  （美版） （光碟 2） （非官方版）,SS#392
ss,Defcon 5 (Europe),核战危机 5  （欧版）,SS#393
ss,Defcon 5 (France),核战危机 5  （法国版）,SS#394
ss,Defcon 5 (Japan),核战危机 5  （日版）,SS#395
ss,Defcon 5 - Peace Has a Price... (USA),核战危机5...  （美版）,SS#396
ss,DeJig - Aqua World (Japan),锡铁小兵 海洋世界  （日版）,SS#397
ss,DeJig - Lassen - Art Collection (Japan),DEJIG - LASSEN - 艺术收藏版  （日版）,SS#398
ss,DeJig - McKnight - Art Collection (Japan),锡铁小兵 - 艺术收藏版  （日版）,SS#399
ss,DeJig - Tin Toy (Japan),锡铁小兵拼图  （日版）,SS#400
ss,Deka 4-ku - Tough the Truck (Japan),四驱卡车  （日版）,SS#401
ss,Delisoba Deluxe (Japan),デリソバ・デラックス  （日版）,SS#402
ss,Dennou Senki - Virtual On - Cyber Troopers (Japan),电脑战机  （日版）,SS#403
ss,Dennou Senki - Virtual On - Cyber Troopers (Japan) (Demo),电脑战机  （日版） （演示版）,SS#404
ss,Dennou Senki - Virtual On - Cyber Troopers (Korea),电脑战机  （韩国版）,SS#405
ss,Dennou Senki - Virtual On - Cyber Troopers for SegaNet (Japan),电脑战机 世嘉网络版  （日版）,SS#406
ss,Denpa Shounen-teki Game (Japan) (Rerelease),电波少年的悬赏生活  （日版） （再发行版）,SS#407
ss,Denpa Shounen-teki Game (Japan) (Rev A),电波少年的悬赏生活  （日版） （修正版 A）,SS#408
ss,Densetsu no Ogre Battle (Japan),传说的奥枷战争  （日版）,SS#409
ss,Densha de Go! EX (Japan),电车GO EX  （日版）,SS#410
ss,Derby Analyst (Japan),德比赛马分析员  （日版）,SS#411
ss,Derby Stallion (Japan),德比赛马  （日版）,SS#412
ss,Deroon Dero Dero (Japan) (1M),益智迪诺  （日版） (1M),SS#413
ss,Desire (Japan) (Disc 1),欲望  （日版） （光碟 1）,SS#414
ss,Desire (Japan) (Disc 2) (1M),欲望  （日版） （光碟 2） (1M),SS#415
ss,Desire (Japan) (Disc 2) (2M),欲望  （日版） （光碟 2） (2M),SS#416
ss,Destruction Derby (Europe),毁灭大赛车  （欧版）,SS#417
ss,Destruction Derby (Japan),毁灭大赛车  （日版）,SS#418
ss,Detana Twinbee Yahoo! Deluxe Pack (Japan) (3M),出击兵蜂 豪华版  （日版） (3M),SS#419
ss,Develo Magazine Appendix CD-ROM for SegaSaturn (Japan),开发杂志附录光盘 世嘉土星版  （日版）,SS#420
ss,Device Reign (Japan),デバイス・レイン  （日版）,SS#421
ss,Devil Summoner - Soul Hackers (Japan) (Disc 01),恶魔召唤师：灵魂黑客  （日版） (Disc 01),SS#422
ss,Devil Summoner - Soul Hackers (Japan) (Disc 02),恶魔召唤师：灵魂黑客  （日版） (Disc 02),SS#423
ss,Devil Summoner - Soul Hackers + Ronde (Japan) (Demo 1),恶魔召唤师：灵魂黑客 + 轮舞曲  （日版） (Demo 1),SS#424
ss,Devil Summoner - Soul Hackers + Ronde (Japan) (Demo 2),恶魔召唤师：灵魂黑客 + 轮舞曲  （日版） (Demo 2),SS#425
ss,Devil Summoner - Soul Hackers - Akuma Zensho Daini-shuu (Japan),恶魔召唤师：灵魂黑客 - 恶魔全书  （日版）,SS#426
ss,Devil Summoner - Soul Hackers Extra Dungeon (Japan) (3M),恶魔召唤师：灵魂黑客 额外的迷宫  （日版） (3M),SS#427
ss,Dezaemon 2 (Japan),射击工具制造2  （日版）,SS#428
ss,Die Hard Arcade (Europe),终极警探  （欧版）,SS#429
ss,Die Hard Arcade (USA),终极警探  （美版）,SS#430
ss,"Die Hard Trilogy (Europe) (En,Fr,De,Es,It,Sv)","虎胆龙威  （欧版） (En,Fr,De,Es,It,Sv)",SS#431
ss,Die Hard Trilogy (Japan),虎胆龙威  （日版）,SS#432
ss,Die Hard Trilogy (USA),虎胆龙威  （美版）,SS#433
ss,Digital Ange - Dennou Tenshi SS (Japan),电脑天使 SS  （日版）,SS#434
ss,"Digital Dance Mix Vol. 1 - Namie Amuro (Japan) (Rev A) (10M, 12M)","电子舞 MIX 卷 1 - 安室奈美惠  （日版） （修正版 A） (10M, 12M)",SS#435
ss,Digital Dance Mix Vol. 1 - Namie Amuro (Japan) (Rev A) (11M),电子舞 MIX 卷 1 - 安室奈美惠  （日版） （修正版 A） (11M),SS#436
ss,Digital Monster Ver. S - Digimon Tamers (Japan),数码暴龙 S - 驯兽师  （日版）,SS#437
ss,Digital Pinball (Europe) (4S),数码 弹珠台  （欧版） (4S),SS#438
ss,Digital Pinball (Europe) (7S),数码 弹珠台  （欧版） (7S),SS#439
ss,Digital Pinball - Last Gladiators (Japan),数码 弹珠台 - 最后的角斗士  （日版）,SS#440
ss,Digital Pinball - Last Gladiators (Japan) (5M) (Demo),数码 弹珠台 - 最后的角斗士  （日版） (5M) （演示版）,SS#441
ss,Digital Pinball - Last Gladiators Ver.9.7 (Japan),数码 弹珠台 - 最后的角斗士 VER.9.7  （日版）,SS#442
ss,Digital Pinball - Necronomicon (Japan),数码 弹珠台 - 死灵之书  （日版）,SS#443
ss,Digital Pinball - Necronomicon - Revelations (Japan) (Demo),数码 弹珠台 - 死灵之书 - 启示录  （日版） （演示版）,SS#444
ss,Dino Island (Japan),恐龙岛  （日版）,SS#445
ss,Dino Island - Yokoku-hen (Japan),恐龙岛 - 预告篇  （日版）,SS#446
ss,Disc Station Bessatsu - I Miss You. Tanaka Katsumi (Japan) (1M),我想念你. 田中胜己  （日版） (1M),SS#447
ss,Discworld (Japan),迪斯科世界  （日版）,SS#448
ss,"Discworld II - Missing Presumed...! (Europe) (En,Fr,De,Es,It)","迪斯科世界 II - 推定失踪...!  （欧版） (En,Fr,De,Es,It)",SS#449
ss,DJ Wars (Japan) (Demo),DJ战争  （日版） （演示版）,SS#450
ss,DJ Wars (Japan) (Rev A) (10M),DJ战争  （日版） （修正版 A） (10M),SS#451
ss,DoDonPachi (Japan),怒首领蜂  （日版）,SS#452
ss,DoDonPachi (Japan) (Demo),怒首领蜂  （日版） （演示版）,SS#453
ss,DonPachi (Japan),首领蜂  （日版）,SS#454
ss,DonPachi (Japan) (Demo),首领蜂  （日版） （演示版）,SS#455
ss,Doom (Europe) (R),毁灭战士  （欧版） (R),SS#456
ss,Doom (Japan),毁灭战士  （日版）,SS#457
ss,Doom (USA),毁灭战士  （美版）,SS#458
ss,Doraemon - Nobita to Fukkatsu no Hoshi (Japan),哆啦A梦 - 野比和复活之星  （日版）,SS#459
ss,Double Switch (USA) (Disc 1),双调转术  （美版） （光碟 1）,SS#460
ss,Double Switch (USA) (Disc 2),双调转术  （美版） （光碟 2）,SS#461
ss,Doukoku Soshite... (Japan) (1M),慟哭之後 （日版） (1M),SS#462
ss,Doukoku Soshite... (Japan) (2M),慟哭之後 （日版） (2M),SS#463
ss,"Doukyuusei - if (Japan) (1M, 2M)","同级生 - 如果  （日版） (1M, 2M)",SS#464
ss,Doukyuusei 2 (Japan) (Disc A),同级生2  （日版） （光碟 A）,SS#465
ss,Doukyuusei 2 (Japan) (Disc B),同级生2  （日版） （光碟 B）,SS#466
ss,Dragon Ball Z - Idainaru Dragon Ball Densetsu (Japan),龙珠 Z - 伟大的龙珠传说  （日版）,SS#467
ss,"Dragon Ball Z - La Grande Legende des Boules de Cristal (France, Spain)","龙珠 Z - 伟大的龙珠传说  (France, Spain)",SS#468
ss,Dragon Ball Z - Shinbutouden (Japan),龙珠 Z - 新武斗传  （日版）,SS#469
ss,Dragon Force (Europe),龙之力量  （欧版）,SS#470
ss,"Dragon Force (Japan) (1M, 2M, 3M)","龙之力量  （日版） (1M, 2M, 3M)",SS#471
ss,Dragon Force (Japan) (4M),龙之力量  （日版） (4M),SS#472
ss,Dragon Force (Japan) (Rev A) (10M),龙之力量  （日版） （修正版 A） (10M),SS#473
ss,Dragon Force (USA),龙之力量  （美版）,SS#474
ss,Dragon Force II - Kami Sarishi Daichi ni (Japan),龙之力量 II - 神去的大地  （日版）,SS#475
ss,Dragon Force II - Kami Sarishi Daichi ni (Japan) (Rev A),龙之力量 II - 神去的大地  （日版） （修正版 A）,SS#476
ss,Dragon Master Silk (Japan),龙之少女  （日版）,SS#477
ss,Dragon's Dream (Japan),龙之梦  （日版）,SS#478
ss,"DragonHeart - Fire & Steel (Europe) (En,Fr,De)","龙之心：火与钢  （欧版） (En,Fr,De)",SS#479
ss,DragonHeart - Fire & Steel (USA),龙之心：火与钢  （美版）,SS#480
ss,Dream Generation - Koi ka Shigoto ka!... (Japan),梦幻世代 （日版）,SS#481
ss,Dream Square - Hinagata Akiko (Japan) (2M),梦幻广场 - 雏形明子  （日版） (2M),SS#482
ss,Drift King Shutokou Battle '97 - Tsuchiya Keiichi & Bandou Masaaki (Japan),漂移之王 首都高赛车 '97 - 土屋 启一 & 坂东 正明  （日版）,SS#483
ss,Drift King Shutokou Battle '97 - Tsuchiya Keiichi & Bandou Masaaki (Japan) (Demo),漂移之王 首都高赛车 '97 - 土屋 启一 & 坂东 正明  （日版） （演示版）,SS#484
ss,Druid - Yami e no Tsuisekisha (Japan),德鲁伊 - 黑暗追踪者  （日版）,SS#485
ss,Duke Nukem 3D (Europe),毁灭公爵 3D  （欧版）,SS#486
ss,Duke Nukem 3D (USA),毁灭公爵 3D  （美版）,SS#487
ss,Dungeon Master Nexus (Japan),地牢围攻核心版 （日版）,SS#488
ss,Dungeons & Dragons Collection (Japan) (Disc 1) (Tower of Doom),龙与地下城  （日版） （光碟 1） (Tower of Doom),SS#489
ss,Dungeons & Dragons Collection (Japan) (Disc 2) (Shadow over Mystara),龙与地下城  （日版） （光碟 2） (Shadow over Mystara),SS#490
ss,DX Nippon Tokkyuu Ryokou Game - Let's Travel in Japan (Japan),DX 日本特急旅行游戏 - 让我们一起去日本旅行  （日版）,SS#491
ss,Dynamite Deka (Japan),快打刑事  （日版）,SS#492
ss,Earthworm Jim 2 (Europe),蚯蚓吉姆2  （欧版）,SS#493
ss,Earthworm Jim 2 (Japan) (2M),蚯蚓吉姆2  （日版） (2M),SS#494
ss,Earthworm Jim 2 (USA),蚯蚓吉姆2  （美版）,SS#495
ss,Eberouge (Japan) (Disc 1) (1M),恋爱物语  （日版） （光碟 1） (1M),SS#496
ss,Eberouge (Japan) (Disc 2),恋爱物语  （日版） （光碟 2）,SS#497
ss,Eberouge Special - Koi to Mahou no Gakuen Seikatsu (Japan),恋爱物语 特别版 - 魔法学院  （日版）,SS#498
ss,EGWord (Japan) (1M),EGWORD  （日版） (1M),SS#499
ss,EGWord (Japan) (Rev A) (10M),EGWORD  （日版） （修正版 A） (10M),SS#500
ss,EGWord Ver 2.00 (Japan),EGWORD VER 2.00  （日版）,SS#501
ss,Eisei Meijin (Japan) (2M),永世名人  （日版） (2M),SS#502
ss,Eisei Meijin II (Japan),永世名人 II  （日版）,SS#503
ss,Eiyuu Shigan - Gal Act Heroism (Japan),英雄志愿 - GAL ACT HEROISM  （日版）,SS#504
ss,Elevator Action^2 - Returns (Japan),电梯大战^2 - 回归  （日版）,SS#505
ss,Elf o Karu Monotachi (Japan) (Disc 1),精灵狩猎者  （日版） （光碟 1）,SS#506
ss,Elf o Karu Monotachi (Japan) (Disc 2) (Omake Disc),精灵狩猎者  （日版） （光碟 2） (Omake Disc),SS#507
ss,Elf o Karu Monotachi - Hanafuda-hen (Japan),精灵狩猎者 - 花札篇  （日版）,SS#508
ss,Elf o Karu Monotachi II (Japan) (Disc 1),精灵狩猎者 II  （日版） （光碟 1）,SS#509
ss,Elf o Karu Monotachi II (Japan) (Disc 2) (Omake Disc),精灵狩猎者 II  （日版） （光碟 2） (Omake Disc),SS#510
ss,Emit Vol. 1 - Toki no Maigo (Japan),EMIT 卷 1 - 时之迷子  （日版）,SS#511
ss,Emit Vol. 2 - Inochigake no Tabi (Japan) (Rev A),EMIT 卷 2 - 拼命的旅行  （日版） （修正版 A）,SS#512
ss,Emit Vol. 3 - Watashi ni Sayonara o (Japan) (Rev A),EMIT 卷 3 - 对我说再见  （日版） （修正版 A）,SS#513
ss,Enemy Zero (Europe) (Disc 0) (Opening Disc),异灵  （欧版） (Disc 0) (Opening Disc),SS#514
ss,Enemy Zero (Europe) (Disc 1) (Game Disc),异灵  （欧版） （光碟 1） (Game Disc),SS#515
ss,Enemy Zero (Europe) (Disc 2) (Game Disc),异灵  （欧版） （光碟 2） (Game Disc),SS#516
ss,Enemy Zero (Europe) (Disc 3) (Game Disc),异灵  （欧版） （光碟 3） (Game Disc),SS#517
ss,Enemy Zero (Japan) (Disc 0) (Opening Disc),异灵  （日版） (Disc 0) (Opening Disc),SS#518
ss,Enemy Zero (Japan) (Disc 0) (Opening Disc) (1M),异灵  （日版） (Disc 0) (Opening Disc) (1M),SS#519
ss,Enemy Zero (Japan) (Disc 0) (Opening Disc) (2M),异灵  （日版） (Disc 0) (Opening Disc) (2M),SS#520
ss,Enemy Zero (Japan) (Disc 0) (Opening Disc) (Satakore),异灵  （日版） (Disc 0) (Opening Disc) (Satakore),SS#521
ss,Enemy Zero (Japan) (Disc 1) (Game Disc),异灵  （日版） （光碟 1） (Game Disc),SS#522
ss,Enemy Zero (Japan) (Disc 1) (Game Disc) (1M),异灵  （日版） （光碟 1） (Game Disc) (1M),SS#523
ss,Enemy Zero (Japan) (Disc 1) (Game Disc) (2M),异灵  （日版） （光碟 1） (Game Disc) (2M),SS#524
ss,Enemy Zero (Japan) (Disc 1) (Game Disc) (Satakore),异灵  （日版） （光碟 1） (Game Disc) (Satakore),SS#525
ss,Enemy Zero (Japan) (Disc 2) (Game Disc),异灵  （日版） （光碟 2） (Game Disc),SS#526
ss,Enemy Zero (Japan) (Disc 2) (Game Disc) (1M),异灵  （日版） （光碟 2） (Game Disc) (1M),SS#527
ss,Enemy Zero (Japan) (Disc 2) (Game Disc) (2M),异灵  （日版） （光碟 2） (Game Disc) (2M),SS#528
ss,Enemy Zero (Japan) (Disc 2) (Game Disc) (Satakore),异灵  （日版） （光碟 2） (Game Disc) (Satakore),SS#529
ss,Enemy Zero (Japan) (Disc 3) (Game Disc),异灵  （日版） （光碟 3） (Game Disc),SS#530
ss,"Enemy Zero (Japan) (Disc 3) (Game Disc) (1M, 4M)","异灵  （日版） （光碟 3） (Game Disc) (1M, 4M)",SS#531
ss,Enemy Zero (Japan) (Disc 3) (Game Disc) (3M),异灵  （日版） （光碟 3） (Game Disc) (3M),SS#532
ss,Enemy Zero (Japan) (Disc 3) (Game Disc) (Satakore),异灵  （日版） （光碟 3） (Game Disc) (Satakore),SS#533
ss,Enemy Zero (USA) (Disc 0),异灵  （美版） (Disc 0),SS#534
ss,Enemy Zero (USA) (Disc 1),异灵  （美版） （光碟 1）,SS#535
ss,Enemy Zero (USA) (Disc 2),异灵  （美版） （光碟 2）,SS#536
ss,Enemy Zero (USA) (Disc 3),异灵  （美版） （光碟 3）,SS#537
ss,Eternal Melody (Japan),永恒的旋律  （日版）,SS#538
ss,Eternal Melody (Japan) (Rev A),永恒的旋律  （日版） （修正版 A）,SS#539
ss,Etude Prologue - Yureugoku Kokoro no Katachi (Japan),练习曲 - 序章动摇的心情  （日版）,SS#540
ss,Eve - Burst Error (Japan) (Disc 1) (Kojiroh Disc),夜行侦探  （日版） （光碟 1） (Kojiroh Disc),SS#541
ss,Eve - Burst Error (Japan) (Disc 2) (Marina Disc),夜行侦探  （日版） （光碟 2） (Marina Disc),SS#542
ss,Eve - Burst Error (Japan) (Disc 3) (Terror Disc),夜行侦探  （日版） （光碟 3） (Terror Disc),SS#543
ss,Eve - Burst Error (Japan) (Disc 4) (Making Disc),夜行侦探  （日版） （光碟 4） (Making Disc),SS#544
ss,Eve - The Lost One (Japan) (Demo),夜行侦探 迷失者  （日版） （演示版）,SS#545
ss,Eve - The Lost One (Japan) (Disc 1) (Kyoko Disc) (1M),夜行侦探 迷失者  （日版） （光碟 1） (Kyoko Disc) (1M),SS#546
ss,Eve - The Lost One (Japan) (Disc 2) (Snake Disc) (2M),夜行侦探 迷失者  （日版） （光碟 2） (Snake Disc) (2M),SS#547
ss,Eve - The Lost One (Japan) (Disc 3) (Lost One Disc) (1M),夜行侦探 迷失者  （日版） （光碟 3） (Lost One Disc) (1M),SS#548
ss,Eve - The Lost One (Japan) (Disc 3) (Lost One Disc) (2M),夜行侦探 迷失者  （日版） （光碟 3） (Lost One Disc) (2M),SS#549
ss,Eve - The Lost One (Japan) (Disc 4) (Extra Disc) (1M),夜行侦探 迷失者  （日版） （光碟 4） (Extra Disc) (1M),SS#550
ss,Eve - The Lost One (Japan) (Disc 4) (Extra Disc) (2M),夜行侦探 迷失者  （日版） （光碟 4） (Extra Disc) (2M),SS#551
ss,"Exhumed (Europe) (En,Fr,De,Es)","掘出尸首  （欧版） (En,Fr,De,Es)",SS#552
ss,Eyeful Home (Japan),EYEFUL HOME  （日版）,SS#553
ss,F-1 Challenge (Europe),F1 挑战赛  （欧版）,SS#554
ss,F-1 Live Information (Japan),F1实况  （日版）,SS#555
ss,F1 Challenge (USA),F1挑战赛  （美版）,SS#556
ss,Falcom Classics (Japan) (Disc 1) (Game Disc),法尔康经典怀旧合集 （日版） （光碟 1） (Game Disc),SS#557
ss,Falcom Classics (Japan) (Disc 2) (Special CD),法尔康经典怀旧合集 （日版） （光碟 2） (Special CD),SS#558
ss,Falcom Classics II (Japan),法尔康经典怀旧合集2 （日版）,SS#559
ss,Falcom Classics II (Japan) (Genteiban),法尔康经典怀旧合集2 （日版） （限定版）,SS#560
ss,Fantastep (Japan),梦幻脚步  （日版）,SS#561
ss,Farland Saga (Japan),神奇传说  （日版）,SS#562
ss,Farland Saga - Toki no Michishirube (Japan),神奇传说 - 時之道標E  （日版）,SS#563
ss,Farland Story - Habou no Mai (Japan),古大陆物语 破亡之舞  （日版）,SS#564
ss,Farland Story - Habou no Mai (Japan) (Demo),古大陆物语 破亡之舞  （日版） （演示版）,SS#565
ss,Father Christmas (Japan),圣诞老人  （日版）,SS#566
ss,FEDA Remake! The Emblem of Justice (Japan),FEDA复刻版 正义纹章  （日版）,SS#567
ss,FIFA - Die WM-Qualifikation 98 (Germany),FIFA - 世界杯之路 98  （德国版）,SS#568
ss,FIFA - En Route pour la Coupe du Monde 98 (France),FIFA - 世界杯之路 98  （法国版）,SS#569
ss,FIFA - Road to World Cup 98 (Europe),FIFA足球 98-世界杯之路  （欧版）,SS#570
ss,"FIFA - Road to World Cup 98 (Italy) (En,Fr,De,Es,It,Nl,Sv)","FIFA足球 98-世界杯之路  （意大利版） (En,Fr,De,Es,It,Nl,Sv)",SS#571
ss,FIFA - Road to World Cup 98 (USA),FIFA足球 98-世界杯之路  （美版）,SS#572
ss,FIFA - Rumbo al Mundial 98 (Spain),FIFA - 世界杯之路 98  （西班牙版）,SS#573
ss,"FIFA 97 (Europe) (En,Fr,De,Es,It,Sv)","FIFA 97  （欧版） (En,Fr,De,Es,It,Sv)",SS#574
ss,"FIFA 97 (France) (En,Fr,De,Es,It,Sv)","FIFA 97  （法国版） (En,Fr,De,Es,It,Sv)",SS#575
ss,"FIFA 97 (Germany) (En,Fr,De,Es,It,Sv)","FIFA 97  （德国版） (En,Fr,De,Es,It,Sv)",SS#576
ss,"FIFA Soccer 96 (Europe) (En,Fr,De,Es,It,Sv)","FIFA世界足球96  （欧版） (En,Fr,De,Es,It,Sv)",SS#577
ss,FIFA Soccer 96 (Japan),FIFA世界足球96  （日版）,SS#578
ss,FIFA Soccer 96 (USA),FIFA世界足球96  （美版）,SS#579
ss,FIFA Soccer 97 (USA),FIFA世界足球97  （美版）,SS#580
ss,Fighter's History Dynamite (Japan),斗士历史  （日版）,SS#581
ss,Fighters Megamix (Europe),VR战士对格斗之蛇  （欧版）,SS#582
ss,Fighters Megamix (Japan),VR战士对格斗之蛇  （日版）,SS#583
ss,Fighters Megamix (Japan) (1M),VR战士对格斗之蛇  （日版） (1M),SS#584
ss,Fighters Megamix (Japan) (2M),VR战士对格斗之蛇  （日版） (2M),SS#585
ss,Fighters Megamix (USA),VR战士对格斗之蛇  （美版）,SS#586
ss,Fighters Megamix (USA) (RE),VR战士对格斗之蛇  （美版） (RE),SS#587
ss,Fighting Vipers (Europe),格斗之蛇  （欧版）,SS#588
ss,Fighting Vipers (Japan) (Demo),格斗之蛇  （日版） （演示版）,SS#589
ss,Fighting Vipers (Japan) (Rev A),格斗之蛇  （日版） （修正版 A）,SS#590
ss,Fighting Vipers (Japan) (Rev C),格斗之蛇  （日版） （修正版 C）,SS#591
ss,Fighting Vipers (Korea),格斗之蛇  （韩国版）,SS#592
ss,Fighting Vipers (USA) (5S),格斗之蛇  （美版） (5S),SS#593
ss,Fighting Vipers (USA) (6S),格斗之蛇  （美版） (6S),SS#594
ss,Final Fight Revenge (Japan),快打旋风复仇  （日版）,SS#595
ss,Find Love 2 - Rhapsody (Japan) (Disc 1),寻找爱 2 - 狂想曲  （日版） （光碟 1）,SS#596
ss,Find Love 2 - Rhapsody (Japan) (Disc 2),寻找爱 2 - 狂想曲  （日版） （光碟 2）,SS#597
ss,Find Love 2 - The Prologue (Japan),寻找爱 2 - 序幕  （日版）,SS#598
ss,Fire Pro Gaiden Blazing Tornado (Japan),火爆职业摔跤  （日版）,SS#599
ss,Fire Pro Gaiden Blazing Tornado (Japan) (Demo),火爆职业摔跤  （日版） （演示版）,SS#600
ss,Fire Prowrestling S - 6Men Scramble (Japan) (1M),火爆摔跤 S - 6人大战  （日版） (1M),SS#601
ss,Fire Prowrestling S - 6Men Scramble (Japan) (2M),火爆摔跤 S - 6人大战  （日版） (2M),SS#602
ss,"Firestorm - Thunderhawk 2 (Europe) (En,Fr)","火焰风暴 - 雷霆飞鹰 2  （欧版） (En,Fr)",SS#603
ss,Firestorm - Thunderhawk 2 (Germany),火焰风暴 - 雷霆飞鹰 2  （德国版）,SS#604
ss,Fishing Koushien (Japan),钓鱼 甲子园  （日版）,SS#605
ss,Fishing Koushien II (Japan),钓鱼 甲子园 II  （日版）,SS#606
ss,Fist (Japan),拳头  （日版）,SS#607
ss,Flash SegaSaturn - Ochikazuki-hen (Japan),世嘉土星游戏快览 - 近期篇  （日版）,SS#608
ss,Flash SegaSaturn Vol. 1 (Japan) (2M),世嘉土星游戏快览 卷 1  （日版） (2M),SS#609
ss,Flash SegaSaturn Vol. 10 (Japan),世嘉土星游戏快览 卷 10  （日版）,SS#610
ss,Flash SegaSaturn Vol. 11 (Japan),世嘉土星游戏快览 卷 11  （日版）,SS#611
ss,Flash SegaSaturn Vol. 12 (Japan),世嘉土星游戏快览 卷 12  （日版）,SS#612
ss,Flash SegaSaturn Vol. 13 (Japan),世嘉土星游戏快览 卷 13  （日版）,SS#613
ss,Flash SegaSaturn Vol. 14 (Japan),世嘉土星游戏快览 卷 14  （日版）,SS#614
ss,Flash SegaSaturn Vol. 15 (Japan),世嘉土星游戏快览 卷 15  （日版）,SS#615
ss,Flash SegaSaturn Vol. 16 (Japan),世嘉土星游戏快览 卷 16  （日版）,SS#616
ss,Flash SegaSaturn Vol. 17 (Japan),世嘉土星游戏快览 卷 17  （日版）,SS#617
ss,Flash SegaSaturn Vol. 18 (Japan),世嘉土星游戏快览 卷 18  （日版）,SS#618
ss,Flash SegaSaturn Vol. 19 (Japan),世嘉土星游戏快览 卷 19  （日版）,SS#619
ss,Flash SegaSaturn Vol. 2 (Japan) (2M),世嘉土星游戏快览 卷 2  （日版） (2M),SS#620
ss,Flash SegaSaturn Vol. 20 (Japan),世嘉土星游戏快览 卷 20  （日版）,SS#621
ss,Flash SegaSaturn Vol. 21 (Japan),世嘉土星游戏快览 卷 21  （日版）,SS#622
ss,Flash SegaSaturn Vol. 22 (Japan),世嘉土星游戏快览 卷 22  （日版）,SS#623
ss,Flash SegaSaturn Vol. 23 (Japan),世嘉土星游戏快览 卷 23  （日版）,SS#624
ss,Flash SegaSaturn Vol. 24 (Japan),世嘉土星游戏快览 卷 24  （日版）,SS#625
ss,Flash SegaSaturn Vol. 25 (Japan),世嘉土星游戏快览 卷 25  （日版）,SS#626
ss,Flash SegaSaturn Vol. 26 (Japan),世嘉土星游戏快览 卷 26  （日版）,SS#627
ss,Flash SegaSaturn Vol. 27 (Japan),世嘉土星游戏快览 卷 27  （日版）,SS#628
ss,Flash SegaSaturn Vol. 28 (Japan),世嘉土星游戏快览 卷 28  （日版）,SS#629
ss,Flash SegaSaturn Vol. 29 (Japan) (3M),世嘉土星游戏快览 卷 29  （日版） (3M),SS#630
ss,Flash SegaSaturn Vol. 3 (Japan),世嘉土星游戏快览 卷 3  （日版）,SS#631
ss,Flash SegaSaturn Vol. 30 (Japan),世嘉土星游戏快览 卷 30  （日版）,SS#632
ss,Flash SegaSaturn Vol. 31 (Japan),世嘉土星游戏快览 卷 31  （日版）,SS#633
ss,Flash SegaSaturn Vol. 32 (Japan),世嘉土星游戏快览 卷 32  （日版）,SS#634
ss,Flash SegaSaturn Vol. 4 (Japan),世嘉土星游戏快览 卷 4  （日版）,SS#635
ss,Flash SegaSaturn Vol. 5 (Japan),世嘉土星游戏快览 卷 5  （日版）,SS#636
ss,Flash SegaSaturn Vol. 6 (Japan),世嘉土星游戏快览 卷 6  （日版）,SS#637
ss,Flash SegaSaturn Vol. 7 (Japan),世嘉土星游戏快览 卷 7  （日版）,SS#638
ss,Flash SegaSaturn Vol. 8 (Japan),世嘉土星游戏快览 卷 8  （日版）,SS#639
ss,Flash SegaSaturn Vol. 9 (Japan),世嘉土星游戏快览 卷 9  （日版）,SS#640
ss,Formula Grand Prix - Team Un'ei Simulation (Japan),方程式锦标赛 - 模拟团队运营  （日版）,SS#641
ss,"Formula Karts - Special Edition (Europe) (En,Fr,De,Es)","卡丁车 - 特别版  （欧版） (En,Fr,De,Es)",SS#642
ss,Frank Thomas Big Hurt Baseball (Europe),法兰克棒球  （欧版）,SS#643
ss,Frank Thomas Big Hurt Baseball (Japan),法兰克棒球  （日版）,SS#644
ss,Frank Thomas Big Hurt Baseball (USA),法兰克棒球  （美版）,SS#645
ss,Frankenstein - Through the Eyes of the Monster (Europe),弗兰肯斯坦 - 透过怪物的眼睛  （欧版）,SS#646
ss,Free Talk Studio - Mari no Kimamana Oshaberi (Japan),免费聊天室 - 玛丽的随意聊天  （日版）,SS#647
ss,Friends - Seishun no Kagayaki (Japan) (Disc 1) (Game Disc),青春的光辉  （日版） （光碟 1） (Game Disc),SS#648
ss,Friends - Seishun no Kagayaki (Japan) (Disc 2) (Special Disc),青春的光辉  （日版） （光碟 2） (Special Disc),SS#649
ss,From TV Animation Slam Dunk - I Love Basketball (Japan),灌篮高手 - 我爱篮球  （日版）,SS#650
ss,Fully Cowled Mini Yonku - Super Factory (Japan) (Demo),迷你四驱车-超级工厂 （日版） （演示版）,SS#651
ss,Fully Cowled Mini Yonku - Super Factory (Japan) (Rev A) (10M),迷你四驱车-超级工厂 （日版） （修正版 A） (10M),SS#652
ss,Fully Cowled Mini Yonku - Super Factory (Japan) (Rev A) (11M),迷你四驱车-超级工厂 （日版） （修正版 A） (11M),SS#653
ss,Funky Fantasy (Japan),古怪幻想  （日版）,SS#654
ss,Funky Head Boxers (Japan),大头拳击  （日版）,SS#655
ss,Funky Head Boxers (Japan) (Demo),大头拳击  （日版） （演示版）,SS#656
ss,Funky Head Boxers Plus (Japan),大头拳击加强版  （日版）,SS#657
ss,Fushigi no Kuni no Angelique (Japan),安琪莉可女王  （日版）,SS#658
ss,Fuusui Sensei - Feng-Shui Master (Japan),风水先生  （日版）,SS#659
ss,G Vector (Japan),G战机  （日版）,SS#660
ss,Gaia Breeder (Japan),盖亚饲养员  （日版）,SS#661
ss,Gakkou no Kaidan (Japan),学校怪谈  （日版）,SS#662
ss,Gakkou no Kowai Uwasa - Hanako-san ga Kita!! (Japan),学校花子物语  （日版）,SS#663
ss,Gal Jan (Japan),妖艳电视麻雀游戏  （日版）,SS#664
ss,Galactic Attack (Europe),太空侵略者  （欧版）,SS#665
ss,Galactic Attack (USA),太空侵略者  （美版）,SS#666
ss,Galaxy Fight (Europe),银河快打  （欧版）,SS#667
ss,Galaxy Fight (USA),银河快打  （美版）,SS#668
ss,Galaxy Fight - Universal Warriors (Japan),银河快打 - 宇宙战士  （日版）,SS#669
ss,"Gale Racer (Japan) (En,Ja) (1A)","烈风比赛  （日版） (En,Ja) (1A)",SS#670
ss,Gals Panic SS (Japan),美少女画线SS  （日版）,SS#671
ss,Game Basic for SegaSaturn (Japan),基本游戏 世嘉土星版  （日版）,SS#672
ss,Game de Seishun (Japan) (Rev A),游戏青春  （日版） （修正版 A）,SS#673
ss,Game Nihonshi - Kakumeiji Oda Nobunaga (Japan),游戏日本史 - 革命児ー織田信長  （日版）,SS#674
ss,Game no Tatsujin (Japan) (4M),游戏达人  （日版） (4M),SS#675
ss,Game no Tatsujin (Japan) (Rev A),游戏达人  （日版） （修正版 A）,SS#676
ss,Game no Tatsujin 2 (Japan),游戏达人2  （日版）,SS#677
ss,Game no Tetsujin - The Shanghai (Japan),游戏达人 - THE 上海  （日版）,SS#678
ss,"Game of Life, The - DX Jinsei Game (Japan)",DX人生游戏 - 游戏人生  （日版）,SS#679
ss,"Game of Life, The - DX Jinsei Game (Japan) (Rev A)",DX人生游戏 - 游戏人生  （日版） （修正版 A）,SS#680
ss,"Game of Life, The - DX Jinsei Game (Japan) (Rev B)",DX人生游戏 - 游戏人生  （日版） （修正版 B）,SS#681
ss,"Game of Life, The - DX Jinsei Game II (Japan) (2M)",DX人生游戏 - 游戏人生 （日版） (2M),SS#682
ss,Game Tengoku - The Game Paradise! (Japan),游戏天国!  （日版）,SS#683
ss,Game-Ware (Japan),GAME-WARE世嘉游戏映像特典 （日版）,SS#684
ss,Game-Ware Vol. 2 (Japan),游戏声波 卷 2  （日版）,SS#685
ss,Game-Ware Vol. 3 (Japan),游戏声波 卷 3  （日版）,SS#686
ss,Game-Ware Vol. 4 (Japan) (Disc A),游戏声波 卷 4  （日版） （光碟 A）,SS#687
ss,Game-Ware Vol. 4 (Japan) (Disc B),游戏声波 卷 4  （日版） （光碟 B）,SS#688
ss,Game-Ware Vol. 5 (Japan) (Disc A),游戏声波 卷 5  （日版） （光碟 A）,SS#689
ss,Game-Ware Vol. 5 (Japan) (Disc B),游戏声波 卷 5  （日版） （光碟 B）,SS#690
ss,Garou Densetsu 3 - Road to the Final Victory (Japan),饿狼传说3 - 最终胜利之路  （日版）,SS#691
ss,Gebockers (Japan),快乐战争  （日版）,SS#692
ss,Gebockers (Japan) (Demo),快乐战争  （日版） （演示版）,SS#693
ss,GeGeGe no Kitarou - Gentou Kaikitan (Japan),咯咯咯的鬼太郎 - 幻冬怪奇譚  （日版）,SS#694
ss,Gekiretsu Pachinkers (Japan),激烈柏青哥  （日版）,SS#695
ss,Gekirindan (Japan),逆鳞弹  （日版）,SS#696
ss,Gekitotsu Koushien (Japan),激突 甲子园  （日版）,SS#697
ss,Gekitotsu Koushien (Japan) (Demo),激突 甲子园  （日版） （演示版）,SS#698
ss,Gekka Mugentan Torico (Japan) (Disc A) (Kyouchou-hen) (1M),月花雾幻谭 （日版） （光碟 A） (Kyouchou-hen) (1M),SS#699
ss,Gekka Mugentan Torico (Japan) (Disc A) (Kyouchou-hen) (2M),月花雾幻谭 （日版） （光碟 A） (Kyouchou-hen) (2M),SS#700
ss,Gekka Mugentan Torico (Japan) (Disc B) (Houkai-hen) (1M),月花雾幻谭 （日版） （光碟 B） (Houkai-hen) (1M),SS#701
ss,Gekka Mugentan Torico (Japan) (Disc B) (Houkai-hen) (2M),月花雾幻谭 （日版） （光碟 B） (Houkai-hen) (2M),SS#702
ss,Gekka no Kishi - Ouryuu-sen (Japan),月下的棋士 - 王龙战  （日版）,SS#703
ss,Gensou Suikoden (Japan),幻想水浒传  （日版）,SS#704
ss,Gex (Europe),杰克龙  （欧版）,SS#705
ss,Gex (Japan),杰克龙  （日版）,SS#706
ss,Gex (USA),杰克龙  （美版）,SS#707
ss,Ghen War (Europe),戈恩战争  （欧版）,SS#708
ss,Ghen War (Japan),戈恩战争  （日版）,SS#709
ss,Ghen War (USA),戈恩战争  （美版）,SS#710
ss,Ginga Eiyuu Densetsu (Japan),银河英雄传说  （日版）,SS#711
ss,Ginga Eiyuu Densetsu Plus (Japan),银河英雄传说 加强版  （日版）,SS#712
ss,Ginga Ojousama Densetsu Yuna - Mika Akitaka Illust Works (Japan),银河大小姐传说 - 明田美香插图作品  （日版）,SS#713
ss,Ginga Ojousama Densetsu Yuna - Mika Akitaka Illust Works 2 (Japan),银河大小姐传说 - 明田美香插图作品 2  （日版）,SS#714
ss,Ginga Ojousama Densetsu Yuna 3 - Lightning Angel (Japan),银河大小姐传说 3 - 闪电天使  （日版）,SS#715
ss,Ginga Ojousama Densetsu Yuna Remix (Japan),银河大小姐传说 REMIX  （日版）,SS#716
ss,Girl Doll Toy - Tamashii o Kudasai (Japan),女生玩具娃娃 - T请给我灵魂  （日版）,SS#717
ss,Girls in Motion Puzzle Vol. 1 - Hiyake no Omoide + Himekuri (Japan),女孩动态拼图 卷 1 - 灼烧的回忆+姫栗  （日版）,SS#718
ss,Girls in Motion Puzzle Vol. 2 - Body Special 264 (Japan),女孩动态拼图 卷 2 （日版）,SS#719
ss,Girls in Motion Puzzle Vol. 2 - Body Special 264 (Japan) (Demo) (2M),女孩动态拼图 卷 2 （日版） （演示版） (2M),SS#720
ss,Go III Professional - Taikyoku Igo (Japan),专业对局围棋  （日版）,SS#721
ss,Godzilla - Rettou Shinkan (Japan),哥斯拉 - 列岛震撼  （日版）,SS#722
ss,Goiken Muyou - Anarchy in the Nippon (Japan),御意见无用  （日版）,SS#723
ss,Goiken Muyou - Anarchy in the Nippon (Japan) (Demo),御意见无用  （日版） （演示版）,SS#724
ss,Gokujou Parodius Da! Deluxe Pack (Japan),极上Q版沙罗曼蛇  （日版）,SS#725
ss,Gokujou Parodius Da! Deluxe Pack (Japan) (Rev A),极上Q版沙罗曼蛇  （日版） （修正版 A）,SS#726
ss,Golden Axe - The Duel (Europe),战斧格斗篇  （欧版）,SS#727
ss,Golden Axe - The Duel (Japan) (2M),战斧格斗篇  （日版） (2M),SS#728
ss,Golden Axe - The Duel (USA),战斧格斗篇  （美版）,SS#729
ss,Gotha - Ismailia SenEki (Japan),天空战记  （日版）,SS#730
ss,Gotha II - Tenkuu no Kishi (Japan),天空战记 II - 天空骑士  （日版）,SS#731
ss,Gotha II - Tenkuu no Kishi + Teitoku no Ketsudan II (Japan) (Demo),天空战记 II - 天空骑士 + 提督的决断2  （日版） （演示版）,SS#732
ss,Gouketsuji Ichizoku 3 - Groove on Fight (Japan),豪血寺一族3  （日版）,SS#733
ss,Gradius Deluxe Pack (Japan),宇宙巡航舰：复活的神话  （日版）,SS#734
ss,Gran Chaser (Japan) (3M),追击老爷车  （日版） (3M),SS#735
ss,Grand Slam (USA),大满贯  （美版）,SS#736
ss,Grandia (Japan) (Disc 1) (1M),格兰蒂亚  （日版） （光碟 1） (1M),SS#737
ss,Grandia (Japan) (Disc 1) (2M),格兰蒂亚  （日版） （光碟 1） (2M),SS#738
ss,Grandia (Japan) (Disc 1) (4M),格兰蒂亚  （日版） （光碟 1） (4M),SS#739
ss,"Grandia (Japan) (Disc 2) (1M, 2M)","格兰蒂亚  （日版） （光碟 2） (1M, 2M)",SS#740
ss,Grandia (Japan) (Disc 2) (3M),格兰蒂亚  （日版） （光碟 2） (3M),SS#741
ss,Grandia (Japan) (Disc 2) (4M),格兰蒂亚  （日版） （光碟 2） (4M),SS#742
ss,Grandia - Digital Museum (Japan),格兰蒂亚 - 数码 MUSEUM  （日版）,SS#743
ss,Grandia - Digital Museum (Japan) (Rev A) (10M),格兰蒂亚 - 数码 MUSEUM  （日版） （修正版 A） (10M),SS#744
ss,Grandia - Prelude (Japan),格兰蒂亚 - 序幕  （日版）,SS#745
ss,GranDread (Japan),大恐怖 （日版）,SS#746
ss,Greatest Nine '96 (Japan) (2M),最强九人棒球 '96  （日版） (2M),SS#747
ss,Greatest Nine '96 (Japan) (3M),最强九人棒球 '96  （日版） (3M),SS#748
ss,Greatest Nine '96 (Japan) (Rev A) (10M),最强九人棒球 '96  （日版） （修正版 A） (10M),SS#749
ss,Gremlin Demo Disc (Europe),GREMLIN 演示光碟  （欧版）,SS#750
ss,Gremlin Demo Disk (Europe),GREMLIN 演示磁盘  （欧版）,SS#751
ss,Grid Run (Europe),网栅  （欧版）,SS#752
ss,Grid Runner (Japan),网栅  （日版）,SS#753
ss,Grid Runner (USA),网栅  （美版）,SS#754
ss,GT24 (Japan),GT24赛车  （日版）,SS#755
ss,Guardian Force (Japan),守护力量  （日版）,SS#756
ss,Guardian Heroes (Europe),守护英雄  （欧版）,SS#757
ss,Guardian Heroes (Japan) (3M),守护英雄  （日版） (3M),SS#758
ss,Guardian Heroes (USA),守护英雄  （美版）,SS#759
ss,Gun Griffon (Europe),武装雄狮  （欧版）,SS#760
ss,Gunbird (Japan),武装飞鸟  （日版）,SS#761
ss,GunBlaze-S (Japan),枪战-S  （日版）,SS#762
ss,Gungriffon (USA),武装雄狮  （美版）,SS#763
ss,Gungriffon - The Eurasian Conflict (Japan),武装雄狮 - 欧亚冲突  （日版）,SS#764
ss,Gungriffon II (Japan),武装雄狮 II  （日版）,SS#765
ss,Gungriffon II (Japan) (Demo),武装雄狮 II  （日版） （演示版）,SS#766
ss,Gussun Oyoyo S (Japan),豆豆君 S  （日版）,SS#767
ss,Gyuwambler Jiko Chuushinha - Tokyo Mahjongland (Japan),自我中心派 - 东京麻将乐园  （日版）,SS#768
ss,Habitat II (Japan),栖息地 II  （日版）,SS#769
ss,Hang On GP '95 (Japan) (1M),GP赛车 '95  （日版） (1M),SS#770
ss,Hang On GP '95 (Japan) (2M),GP赛车 '95  （日版） (2M),SS#771
ss,Hang On GP '95 (Japan) (Demo) (2M),GP赛车 '95  （日版） （演示版） (2M),SS#772
ss,Hang On GP '96 (Europe),GP赛车 '96  （欧版）,SS#773
ss,Hang-On GP (USA),GP赛车  （美版）,SS#774
ss,Hansha de Spark! (Japan),反射对战  （日版）,SS#775
ss,Hansha de Spark! (Japan) (Demo),反射对战  （日版） （演示版）,SS#776
ss,"Hardcore 4x4 (Europe) (En,Fr,De)","硬核 4X4  （欧版） (En,Fr,De)",SS#777
ss,Harukaze Sentai V-Force (Japan) (Disc 1),春风战队  （日版） （光碟 1）,SS#778
ss,Harukaze Sentai V-Force (Japan) (Disc 2),春风战队  （日版） （光碟 2）,SS#779
ss,Harukaze Sentai V-Force (Japan) (Disc 3),春风战队  （日版） （光碟 3）,SS#780
ss,Hatsukoi Monogatari (Japan),初恋 物语  （日版）,SS#781
ss,HatTrick Hero S (Japan),帽子戏法英雄 S  （日版）,SS#782
ss,Haunted Casino (Japan) (Disc A),魔女赌场  （日版） （光碟 A）,SS#783
ss,Haunted Casino (Japan) (Disc B),魔女赌场  （日版） （光碟 B）,SS#784
ss,Haunted Casino (Japan) (Disc C),魔女赌场  （日版） （光碟 C）,SS#785
ss,Heart of Darkness (Japan) (Proto),黑暗之心  （日版） （工程版）,SS#786
ss,Heartbeat Scramble (Japan),心灵节拍 （日版）,SS#787
ss,Hebereke's Popoitto (Europe),迷糊蛋消除方块  （欧版）,SS#788
ss,Heim Waltz (Japan) (Rev A),海姆华尔茨  （日版） （修正版 A）,SS#789
ss,Heir of Zendor - The Legend and The Land (USA),天空的骑士 - 传说与土地  （美版）,SS#790
ss,Heisei Tensai Bakabon - Susume! Bakabons (Japan),平成天才笨蛋波恩  （日版）,SS#791
ss,Heiwa Pachinko Soushingeki (Japan) (1M),平合总进击  （日版） (1M),SS#792
ss,Henry Explorers (Japan),异形三枪  （日版）,SS#793
ss,Herc's Adventures (USA) (RE),大力神的冒险  （美版） (RE),SS#794
ss,"Hexen (Europe) (En,Fr,De,Es,It)","毁灭巫师  （欧版） (En,Fr,De,Es,It)",SS#795
ss,Hexen (USA),毁灭巫师  （美版）,SS#796
ss,Hexen - Beyond Heretic (Japan),邪教巫师  （日版）,SS#797
ss,"Hi-Octane (Europe) (En,Fr,De,Es)","机动战车  （欧版） (En,Fr,De,Es)",SS#798
ss,Hi-Octane (Japan),机动战车  （日版）,SS#799
ss,"Hi-Octane - The Track Fights Back! (USA) (En,Fr,De,Es)","轨道还击  （美版） (En,Fr,De,Es)",SS#800
ss,Hideo Nomo World Series Baseball (Japan),野茂英雄棒球  （日版）,SS#801
ss,High Velocity - Mountain Racing Challenge (USA),峠  （美版）,SS#802
ss,Highschool Terra Story (Japan),高校恋爱故事  （日版）,SS#803
ss,Highway 2000 (Europe),公路 2000  （欧版）,SS#804
ss,Highway 2000 (USA),公路 2000  （美版）,SS#805
ss,Himitsu Sentai Metamor V (Japan),春风战队 V  （日版）,SS#806
ss,Hissatsu Pachinko Collection (Japan),必杀柏青哥合集  （日版）,SS#807
ss,Hissatsu Pachinko Collection (Japan) (Rev A),必杀柏青哥合集  （日版） （修正版 A）,SS#808
ss,Hissatsu! (Japan),必杀  （日版）,SS#809
ss,Hokuto no Ken (Japan),北斗神拳  （日版）,SS#810
ss,Honkaku 4-nin Uchi Geinoujin Taikyoku Mahjong - The Wareme de Pon (Japan),本格四人打 异能人对战麻雀  （日版）,SS#811
ss,Honkaku Hanafuda (Japan),本格 花札  （日版）,SS#812
ss,Honkaku Pro Mahjong - Tetsuman Special (Japan),本格 职业麻将 - 彻万 特别版  （日版）,SS#813
ss,Honkaku Shougi Shinan - Wakamatsu Shougi Juku (Japan),本格将棋指南 若松将棋塾 （日版）,SS#814
ss,Hop Step Idol (Japan),舞动的偶像  （日版）,SS#815
ss,"Horde, The (Europe)",部落  （欧版）,SS#816
ss,"Horde, The (France)",部落  （法国版）,SS#817
ss,"Horde, The (Germany)",部落  （德国版）,SS#818
ss,"Horde, The (Japan)",部落  （日版）,SS#819
ss,"Horde, The (USA)",部落  （美版）,SS#820
ss,Horror Tour (Japan),穿越死亡线  （日版）,SS#821
ss,Horror Tour (Japan) (Rev B) (12M),穿越死亡线  （日版） （修正版 B） (12M),SS#822
ss,Houkago Ren'ai Club - Koi no Etude (Japan) (Disc 1),放课后恋爱俱乐部 - 恋爱练习曲  （日版） （光碟 1）,SS#823
ss,Houkago Ren'ai Club - Koi no Etude (Japan) (Disc 2),放课后恋爱俱乐部 - 恋爱练习曲  （日版） （光碟 2）,SS#824
ss,Houma Hunter Lime Perfect Collection (Japan) (Disc 1),宝魔猎人 完美 精选集  （日版） （光碟 1）,SS#825
ss,Houma Hunter Lime Perfect Collection (Japan) (Disc 2),宝魔猎人 完美 精选集  （日版） （光碟 2）,SS#826
ss,"House of the Dead, The (Europe)",死亡之屋  （欧版）,SS#827
ss,"House of the Dead, The (Japan)",死亡之屋  （日版）,SS#828
ss,"House of the Dead, The (Japan) (Demo)",死亡之屋  （日版） （演示版）,SS#829
ss,"House of the Dead, The (Japan) (Rev A)",死亡之屋  （日版） （修正版 A）,SS#830
ss,"House of the Dead, The (USA)",死亡之屋  （美版）,SS#831
ss,Hudson Soft - New Soft Line Up for Sega Saturn (Japan),哈德森新作体验版  （日版）,SS#832
ss,Hyper 3-D Pinball (USA),超级3D弹珠球  （美版）,SS#833
ss,Hyper 3D Pinball (Japan),超级 3D 弹珠台  （日版）,SS#834
ss,Hyper Duel (Japan),神枪战机  （日版）,SS#835
ss,"Hyper Golf, The - Devil's Course (Japan)",魔鬼高尔夫球场  （日版）,SS#836
ss,Hyper Reverthion (Japan) (2M),超越转换  （日版） (2M),SS#837
ss,Hyper Securities S (Japan),心跳股票S  （日版）,SS#838
ss,Ide Yousuke Meijin no Shin Jissen Mahjong (Japan) (2M),井出洋介的新实战麻雀  （日版） (2M),SS#839
ss,Idol Janshi Suchie-Pai II (Japan) (Disc 1),美少女雀士2  （日版） （光碟 1）,SS#840
ss,Idol Janshi Suchie-Pai II (Japan) (Disc 2) (Omake Disc),美少女雀士2  （日版） （光碟 2） (Omake Disc),SS#841
ss,Idol Janshi Suchie-Pai Mecha Genteiban - Hatsubai 5 Shuunen Toku Package (Japan) (Disc 1),偶像雀士 MECHA 限定版 - 发行五周年纪念包  （日版） （光碟 1）,SS#842
ss,Idol Janshi Suchie-Pai Mecha Genteiban - Hatsubai 5 Shuunen Toku Package (Japan) (Disc 2),偶像雀士 MECHA 限定版 - 发行五周年纪念包  （日版） （光碟 2）,SS#843
ss,Idol Janshi Suchie-Pai Mecha Genteiban - Hatsubai 5 Shuunen Toku Package (Japan) (Disc 3),偶像雀士 MECHA 限定版 - 发行五周年纪念包  （日版） （光碟 3）,SS#844
ss,Idol Janshi Suchie-Pai Remix (Japan),偶像雀士 REMIX  （日版）,SS#845
ss,Idol Janshi Suchie-Pai Secret Album (Japan),偶像雀士 秘密专辑  （日版）,SS#846
ss,Idol Janshi Suchie-Pai Special (Japan),偶像雀士 特别版  （日版）,SS#847
ss,Idol Mahjong - Final Romance 2 (Japan),偶像麻将 - 最终罗曼史 2  （日版）,SS#848
ss,Idol Mahjong - Final Romance 4 (Japan),偶像麻雀-最终浪漫 4 （日版）,SS#849
ss,Idol Mahjong - Final Romance R (Japan),偶像麻将 - 最终罗曼史 R  （日版）,SS#850
ss,Idol Mahjong - Final Romance R (Japan) (Kisekae Disc Kanzenban),偶像麻将 - 最终罗曼史 R  （日版） (Kisekae Disc Kanzenban),SS#851
ss,Idol Mahjong - Final Romance R (Japan) (Kisekae Disc),偶像麻将 - 最终罗曼史 R  （日版） (Kisekae Disc),SS#852
ss,Impact Racing (Europe),碰撞赛车  （欧版）,SS#853
ss,Impact Racing (Europe) (Demo),碰撞赛车  （欧版） （演示版）,SS#854
ss,Impact Racing (Japan),碰撞赛车  （日版）,SS#855
ss,Impact Racing (USA),碰撞赛车  （美版）,SS#856
ss,In the Hunt (Europe),海底大战争  （欧版）,SS#857
ss,In the Hunt (USA),海底大战争  （美版）,SS#858
ss,In the Hunt (USA) (Beta),海底大战争  （美版） （测试版）,SS#859
ss,"Incredible Hulk, The - The Pantheon Saga (Europe) (En,Fr,De,Es,It)","绿巨人  （欧版） (En,Fr,De,Es,It)",SS#860
ss,"Incredible Hulk, The - The Pantheon Saga (USA)",绿巨人  （美版）,SS#861
ss,Independence Day (USA),独立日  （美版）,SS#862
ss,"Independence Day - The Game (Europe) (En,Fr,De,Es,It,Sv)","独立日 - THE GAME  （欧版） (En,Fr,De,Es,It,Sv)",SS#863
ss,International Victory Goal (Europe),国际化 胜利足球  （欧版）,SS#864
ss,Ippatsu Gyakuten - Gambling King e no Michi (Japan),一发逆转 - 赌王之道  （日版）,SS#865
ss,Irem Arcade Classics (Japan),IREM街机经典  （日版）,SS#866
ss,Iron Man & X-O Manowar in Heavy Metal (Europe),钢铁侠 重金属之战  （欧版）,SS#867
ss,Iron Man & X-O Manowar in Heavy Metal (Japan),钢铁侠 重金属之战  （日版）,SS#868
ss,Iron Man & X-O Manowar in Heavy Metal (USA),钢铁侠 重金属之战  （美版）,SS#869
ss,Iron Storm (USA),钢铁风暴  （美版）,SS#870
ss,Ishin no Arashi (Japan),维新之岚  （日版）,SS#871
ss,Isto E Zico - Zico no Kangaeru Soccer (Japan),伊斯特·艾·吉科～吉科思考的足球  （日版）,SS#872
ss,J. B. Harold - Blue Chicago Blues (Japan) (Disc 1),刑事J.B.哈罗德 - 蓝色芝加哥  （日版） （光碟 1）,SS#873
ss,J. B. Harold - Blue Chicago Blues (Japan) (Disc 2),刑事J.B.哈罗德 - 蓝色芝加哥  （日版） （光碟 2）,SS#874
ss,J.League Go Go Goal! (Japan),J联盟 Go Go Goal! （日版）,SS#875
ss,J.League Jikkyou Honoo no Striker (Japan) (1M),实况J联盟 完美射手 （日版） (1M),SS#876
ss,J.League Jikkyou Honoo no Striker (Japan) (2M),实况J联盟 完美射手 （日版） (2M),SS#877
ss,J.League Pro Soccer Club o Tsukurou! (Japan),J联盟职业创造球会 （日版）,SS#878
ss,J.League Pro Soccer Club o Tsukurou! (Japan) (Rev A),J联盟职业创造球会 （日版） （修正版 A）,SS#879
ss,J.League Pro Soccer Club o Tsukurou! (Japan) (Rev B),J联盟职业创造球会 （日版） （修正版 B）,SS#880
ss,J.League Pro Soccer Club o Tsukurou! 2 (Japan) (1M),J联盟职业创造球会2 （日版） (1M),SS#881
ss,J.League Pro Soccer Club o Tsukurou! 2 (Japan) (2M),J联盟职业创造球会2 （日版） (2M),SS#882
ss,J.League Pro Soccer Club o Tsukurou! 2 (Japan) (3M),J联盟职业创造球会2 （日版） (3M),SS#883
ss,J.League Pro Soccer Club o Tsukurou! 2 (Japan) (4M),J联盟职业创造球会2 （日版） (4M),SS#884
ss,J.League Pro Soccer Club o Tsukurou! 2 (Japan) (Rev C) (32M),J联盟职业创造球会2 （日版） （修正版 C） (32M),SS#885
ss,J.League Pro Soccer Club o Tsukurou! 2 (Japan) (Rev D) (41M),J联盟职业创造球会2 （日版） （修正版 D） (41M),SS#886
ss,"J.League Victory Goal '96 (Japan) (1M, 3M)","J联赛胜利足球96 （日版） (1M, 3M)",SS#887
ss,J.League Victory Goal '96 (Japan) (2M),J联赛胜利足球96 （日版） (2M),SS#888
ss,J.League Victory Goal '97 (Japan),J联赛胜利足球97 （日版）,SS#889
ss,Jantei Battle Cos-Player (Japan) (Demo),雀帝  （日版） （演示版）,SS#890
ss,Jantei Battle Cos-Player (Japan) (Disc 1),雀帝  （日版） （光碟 1）,SS#891
ss,Jantei Battle Cos-Player (Japan) (Disc 2) (Making Disc),雀帝  （日版） （光碟 2） (Making Disc),SS#892
ss,Jantei Battle Cos-Player - Original Genga-shuu (Japan),雀帝 - 原画集  （日版）,SS#893
ss,Japan Super Bass Classic '96 (Japan),日本超经典钓鲈 '96  （日版）,SS#894
ss,"Jewels of the Oracle (Europe) (En,Ja,Fr,De)","先知的魔宝石 （欧版） (En,Ja,Fr,De)",SS#895
ss,"Jewels of the Oracle (USA) (En,Ja,Fr,De) (Proto 1)","先知的魔宝石 （美版） (En,Ja,Fr,De) （工程版1）",SS#896
ss,"Jewels of the Oracle (USA) (En,Ja,Fr,De) (Proto 2)","先知的魔宝石 （美版） (En,Ja,Fr,De) （工程版2）",SS#897
ss,Jikkyou Oshaberi Parodius - Forever with Me (Japan),实况Q版沙罗曼蛇  （日版）,SS#898
ss,Jikkyou Powerful Pro Yakyuu '95 - Kaimakuban (Japan) (2M),实况力量棒球95  开幕版  （日版） (2M),SS#899
ss,Jikkyou Powerful Pro Yakyuu S (Japan),实况力量职业棒球 S  （日版）,SS#900
ss,Jikuu Tantei DD (Dracula Detective) - Maboroshi no Lorelei (Japan) (Disc A),时空侦探DD - 幻之罗蕾莱  (Dracula Detective) - Maboroshi no Lorelei （日版） （光碟 A）,SS#901
ss,Jikuu Tantei DD (Dracula Detective) - Maboroshi no Lorelei (Japan) (Disc B),时空侦探DD - 幻之罗蕾莱  (Dracula Detective) - Maboroshi no Lorelei （日版） （光碟 B）,SS#902
ss,Jissen Mahjong (Japan),实战 麻将  （日版）,SS#903
ss,Jissen Pachinko Hisshou-hou! Twin (Japan),实战 柏青哥必胜法! TWIN  （日版）,SS#904
ss,Jissen! Pachi-Slot Hisshou-hou! 3 (Japan),实战! 柏青哥必胜法! 3  （日版）,SS#905
ss,Jissen! Pachi-Slot Hisshou-hou! 4 (Japan),实战! 柏青哥必胜法! 4  （日版）,SS#906
ss,Jissen! Pachi-Slot Hisshou-hou! Iron Hook - The Great Marine Adventures (Japan),实战! 柏青哥必胜法! 铁钩船长 - 伟大的航海冒险  （日版）,SS#907
ss,Johnny Bazooka (Japan),约翰尼火箭筒  （日版）,SS#908
ss,Johnny Bazookatone (Europe),约翰尼火箭筒  （欧版）,SS#909
ss,Johnny Bazookatone (USA),约翰尼火箭筒  （美版）,SS#910
ss,Jonah Lomu Rugby (Europe),约拿罗木橄榄球  （欧版）,SS#911
ss,Jonah Lomu Rugby (France),约拿罗木橄榄球  （法国版）,SS#912
ss,Joshikousei no Houkago... Pukunpa (Japan),女子高生放课后方块  （日版）,SS#913
ss,Junclassic C.C. & Rope Club (Japan) (2M),ジュン・クラシックＣ．Ｃ．＆ロペ倶楽部  （日版） (2M),SS#914
ss,Jung Rhythm (Japan),荣格节律  （日版）,SS#915
ss,Jungle Park - Saturn Shima (Japan) (Rev A),丛林公园 土星岛  （日版） （修正版 A）,SS#916
ss,K-1 Grand Prix - Fighting Illusion Shou (Japan),K-1大奖赛 - 战斗幻觉 翔  （日版）,SS#917
ss,Kaitei Daisensou (Japan),海底大战争 （日版）,SS#918
ss,Kaitou Saint Tail (Japan),怪盗圣少女 （日版）,SS#919
ss,Kakinoki Shougi (Japan),柿木 将棋  （日版）,SS#920
ss,Kakyuusei (Japan) (Disc 1),下级生 （日版） （光碟 1）,SS#921
ss,Kakyuusei (Japan) (Disc 2) (2M),下级生 （日版） （光碟 2） (2M),SS#922
ss,Kakyuusei (Japan) (Disc 3) (2M),下级生 （日版） （光碟 3） (2M),SS#923
ss,Kamen Rider - Sakusen File 1 (Japan),假面骑士 - 作战文件 1  （日版）,SS#924
ss,Kanazawa Shougi (Japan) (1M),金泽 将棋  （日版） (1M),SS#925
ss,Kanazawa Shougi (Japan) (2M),金泽 将棋  （日版） (2M),SS#926
ss,Kanzen Chuukei Pro Yakyuu Greatest Nine (Japan) (Demo),完全中继 最强九人棒球  （日版） （演示版）,SS#927
ss,Kanzen Chuukei Pro Yakyuu Greatest Nine (Japan) (Rev A),完全中继 最强九人棒球  （日版） （修正版 A）,SS#928
ss,Kanzen Chuukei Pro Yakyuu Greatest Nine (Japan) (Rev B),完全中继 最强九人棒球  （日版） （修正版 B）,SS#929
ss,Keio Flying Squadron 2 (Europe),慶応遊撃隊 2  （欧版）,SS#930
ss,Keiou Yuugekitai - Katsugeki-hen (Japan),慶応遊撃隊 - 活剧篇  （日版）,SS#931
ss,Keiou Yuugekitai - Okiraku Tamatebako (Japan),庆应游击队 お気楽玉手箱 （日版）,SS#932
ss,Kekkon - Marriage (Japan),结婚  （日版）,SS#933
ss,Kekkon - Marriage - Zen'ya (Japan),结婚 - 前夜  （日版）,SS#934
ss,Keriotosse! (Japan),四人抢球  （日版）,SS#935
ss,Keriotosse! (Japan) (Demo),四人抢球  （日版） （演示版）,SS#936
ss,Kidou Senkan Nadesico - The Blank of 3 Years (Japan) (Disc 1),机动战舰 空白的三年 DISC 2 OF 2  （日版） （光碟 1）,SS#937
ss,Kidou Senkan Nadesico - The Blank of 3 Years (Japan) (Disc 2),机动战舰 空白的三年 DISC 2 OF 2  （日版） （光碟 2）,SS#938
ss,Kidou Senkan Nadesico - Yappari Saigo wa Ai ga Katsu (Japan),机动战舰抚子号 - ～やっぱり最後は「愛が勝つ」？～  （日版）,SS#939
ss,Kidou Senshi Gundam - Gihren no Yabou (Japan),机动战士高达 - 基连之野望  （日版）,SS#940
ss,Kidou Senshi Gundam - Gihren no Yabou - Kouryaku Shireisho (Japan),机动战士高达 - 基连之野望 - 攻略指令書  （日版）,SS#941
ss,Kidou Senshi Z Gundam - Kouhen Uchuu o Kakeru (Japan),机动战士 Z 高达 - 后篇 宇宙を駆ける  （日版）,SS#942
ss,Kidou Senshi Z Gundam - Zenpen Zeta no Kodou (Japan),机动战士 Z 高达 - 前編　ゼータの鼓動  （日版）,SS#943
ss,Kindaichi Shounen no Jikenbo - Hoshimitou Kanashimi no Fukushuuki (Japan),金田一少年事件簿 - 星见岛悲伤的复仇鬼  （日版）,SS#944
ss,"King of Boxing, The (Japan)",拳击王  （日版）,SS#945
ss,"King of Fighters '95, The (Europe)",拳皇95  （欧版）,SS#946
ss,"King of Fighters '95, The (Japan) (1M)",拳皇95  （日版） (1M),SS#947
ss,"King of Fighters '95, The (Japan) (2M)",拳皇95  （日版） (2M),SS#948
ss,"King of Fighters '95, The (Japan) (3M)",拳皇95  （日版） (3M),SS#949
ss,"King of Fighters '96, The (Japan) (1M)","拳皇96, THE  （日版） (1M)",SS#950
ss,"King of Fighters '96, The (Japan) (4M, 5M)","拳皇96, THE  （日版） (4M, 5M)",SS#951
ss,"King of Fighters '97, The (Japan)","拳皇97, THE  （日版）",SS#952
ss,Kiss yori... (Japan),ＫＩＳＳより...  （日版）,SS#953
ss,Kiss yori... (Japan) (Rev A),ＫＩＳＳより...  （日版） （修正版 A）,SS#954
ss,"Kisuishou Densetsu Astal (Japan) (1M, 4M)","辉水晶传说  （日版） (1M, 4M)",SS#955
ss,Kisuishou Densetsu Astal (Japan) (3A),辉水晶传说  （日版） (3A),SS#956
ss,Kochira Katsushikaku Kameari Kouenmae - Hashutsujo - Nakagawa Land Dai-Race! no Maki (Japan),乌龙派出所 （日版）,SS#957
ss,Kochira Katsushikaku Kameari Kouenmae - Hashutsujo - Nakagawa Land Dai-Race! no Maki (Japan) (Satakore),乌龙派出所 （日版） (Satakore),SS#958
ss,Koden Koureijutsu - Hyaku Monogatari - Honto ni Atta Kowai Hanashi (Japan) (Disc 1) (Joukan),古伝降霊術 - 百物語 - ～ほんとにあった怖い話～  （日版） （光碟 1） (Joukan),SS#959
ss,Koden Koureijutsu - Hyaku Monogatari - Honto ni Atta Kowai Hanashi (Japan) (Disc 2) (Gekan),古伝降霊術 - 百物語 - ～ほんとにあった怖い話～  （日版） （光碟 2） (Gekan),SS#960
ss,Koi no Summer Fantasy - in Miyazaki Seagaia (Japan),恋爱夏日幻想  （日版）,SS#961
ss,Konami Antiques - MSX Collection Ultra Pack (Japan) (2M),可纳米MSX游戏合集  （日版） (2M),SS#962
ss,Koudou Saisoku Densetsu - Initial D (Japan),头文字D （日版）,SS#963
ss,Kouryuu Sangoku Engi (Japan),皇龙三国演义  （日版）,SS#964
ss,Koutetsu Reiiki - Steeldom (Japan) (2M),钢铁霊域  （日版） (2M),SS#965
ss,Krazy Ivan (Europe),疯狂伊万  （欧版）,SS#966
ss,Krazy Ivan (Germany),疯狂伊万  （德国版）,SS#967
ss,Krazy Ivan (Japan),疯狂伊万  （日版）,SS#968
ss,Kumitate Battle Kuttu Ketto (Japan),改裝車對戰大賽  （日版）,SS#969
ss,Kunoichi Torimonochou (Japan),女忍捕物贴 （日版）,SS#970
ss,Kuro no Danshou - The Literary Fragment (Japan) (2M),黑之断章-记忆碎片  （日版） (2M),SS#971
ss,Kuro no Danshou - The Literary Fragment (Japan) (3M),黑之断章-记忆碎片  （日版） (3M),SS#972
ss,Kurubushi Kyoudai Gekijou Dai-ikkan - Mahjong-hen (Japan) (2M),踝兄弟劇場　第一巻 - 麻将篇  （日版） (2M),SS#973
ss,Kururin Pa! (Japan),雪人方块  （日版）,SS#974
ss,Kuusou Kagaku Sekai Gulliver Boy (Japan) (Disc 1),空想科学世界  （日版） （光碟 1）,SS#975
ss,Kuusou Kagaku Sekai Gulliver Boy (Japan) (Disc 2),空想科学世界  （日版） （光碟 2）,SS#976
ss,Kyuukyoku Tiger II Plus (Japan),究极虎2加强版  （日版）,SS#977
ss,Kyuutenkai (Japan),球转界  （日版）,SS#978
ss,Langrisser - Dramatic Edition (Japan) (1M),梦幻模拟战 - 戏剧版  （日版） (1M),SS#979
ss,Langrisser - Dramatic Edition (Japan) (2M),梦幻模拟战 - 戏剧版  （日版） (2M),SS#980
ss,Langrisser III (Japan) (1M),梦幻模拟战3  （日版） (1M),SS#981
ss,Langrisser III (Japan) (3M),梦幻模拟战3  （日版） (3M),SS#982
ss,Langrisser III (Japan) (Rev A) (5M),梦幻模拟战3  （日版） （修正版 A） (5M),SS#983
ss,Langrisser III (Japan) (Rev A) (7M),梦幻模拟战3  （日版） （修正版 A） (7M),SS#984
ss,"Langrisser IV (Japan) (1M, 3M)","梦幻模拟战4  （日版） (1M, 3M)",SS#985
ss,Langrisser V - The End of Legend (Japan) (1M),梦幻模拟战 V - 传说的终结  （日版） (1M),SS#986
ss,Langrisser V - The End of Legend (Japan) (3M),梦幻模拟战 V - 传说的终结  （日版） (3M),SS#987
ss,Last Bronx (Europe),东京番外地  （欧版）,SS#988
ss,Last Bronx (Japan) (Disc 1) (Arcade Disc),东京番外地  （日版） （光碟 1） (Arcade Disc),SS#989
ss,Last Bronx (Japan) (Disc 2) (Special Disc),东京番外地  （日版） （光碟 2） (Special Disc),SS#990
ss,Last Bronx (USA),东京番外地  （美版）,SS#991
ss,Last Gladiators - Digital Pinball (USA) (3S),最后的角斗士 - 数码 弹珠台  （美版） (3S),SS#992
ss,Last Gladiators - Digital Pinball (USA) (4S),最后的角斗士 - 数码 弹珠台  （美版） (4S),SS#993
ss,Layer Section (Japan) (3M),雷亚战机  （日版） (3M),SS#994
ss,Layer Section (Japan) (6M),雷亚战机  （日版） (6M),SS#995
ss,Layer Section (Japan) (Rev A) (11M),雷亚战机  （日版） （修正版 A） (11M),SS#996
ss,Layer Section II (Japan),雷亚战机2  （日版）,SS#997
ss,Layer Section II (Japan) (Demo),雷亚战机2  （日版） （演示版）,SS#998
ss,"Legend of Heroes I & II, The - Eiyuu Densetsu (Japan)",英雄传说1+2  （日版）,SS#999
ss,Legend of K-1 - Grand Prix '96 (Japan),K1竞技场战士 '96  （日版）,SS#1000
ss,Legend of K-1 - The Best Collection (Japan),K1传说 - 最佳 精选集  （日版）,SS#1001
ss,"Legend of Oasis, The (USA)",绿洲传说  （美版）,SS#1002
ss,LifeScape - Seimei 40 Okunen Haruka na Tabi (Japan) (Disc 1) (Aquasphere) (4M),生命之旅  （日版） （光碟 1） (Aquasphere) (4M),SS#1003
ss,LifeScape - Seimei 40 Okunen Haruka na Tabi (Japan) (Disc 2) (Landsphere) (3M),生命之旅  （日版） （光碟 2） (Landsphere) (3M),SS#1004
ss,LifeScape 2 - Body Bionics - Kyoui no Shouuchuu Jintai (Japan),生命之旅2  （日版）,SS#1005
ss,Linda^3 Kanzenban (Japan),琳达^3 完全版  （日版）,SS#1006
ss,Linkle Liver Story (Japan),智慧河的故事  （日版）,SS#1007
ss,"Loaded (Europe) (En,Fr,De)","装载  （欧版） (En,Fr,De)",SS#1008
ss,"Loaded (Europe) (En,Fr,De) (Alt)","装载  （欧版） (En,Fr,De) (Alt)",SS#1009
ss,"Loaded (USA) (En,Fr)","装载  （美版） (En,Fr)",SS#1010
ss,Lode Runner - The Legend Returns (Japan),探宝奇兵 - 传说归来  （日版）,SS#1011
ss,Lode Runner Extra (Japan),挖金块  （日版）,SS#1012
ss,Logic Puzzle Rainbow Town (Japan),彩虹镇的逻辑难题  （日版）,SS#1013
ss,"Lost Vikings 2 - Norse by Norsewest (Europe) (En,Fr,De)","失落的维京人  （欧版） (En,Fr,De)",SS#1014
ss,"Lost World, The - Jurassic Park (Europe)",侏罗纪公圆：失落的世界  （欧版）,SS#1015
ss,"Lost World, The - Jurassic Park (Japan)",侏罗纪公圆：失落的世界  （日版）,SS#1016
ss,"Lost World, The - Jurassic Park (USA)",侏罗纪公圆：失落的世界  （美版）,SS#1017
ss,Lovely Pop 2 in 1 - Jan Jan Koi Shimasho (Japan),恋爱麻雀可爱的流行二合一  （日版）,SS#1018
ss,LuLu - Un Conte Interactif de Romain Victor-Pujebet (Japan),露露  （日版）,SS#1019
ss,Lunacy (USA) (Disc 1),月花雾幻谭  （美版） （光碟 1）,SS#1020
ss,Lunacy (USA) (Disc 2),月花雾幻谭  （美版） （光碟 2）,SS#1021
ss,Lunar - Silver Star Story (Japan),露娜 - 银河之星  （日版）,SS#1022
ss,Lunar - Silver Star Story (Japan) (Demo),露娜 - 银河之星  （日版） （演示版）,SS#1023
ss,Lunar - Silver Star Story (Japan) (Rev A),露娜 - 银河之星  （日版） （修正版 A）,SS#1024
ss,Lunar - Silver Star Story Complete (Japan),露娜 - 银河之星 COMPLETE  （日版）,SS#1025
ss,Lunar 2 - Eternal Blue (Japan) (Disc 1),露娜 2 - 永恒之蓝  （日版） （光碟 1）,SS#1026
ss,Lunar 2 - Eternal Blue (Japan) (Disc 2),露娜 2 - 永恒之蓝  （日版） （光碟 2）,SS#1027
ss,Lupin Sansei - Pyramid no Kenja (Japan),鲁邦三世 - 金字塔的贤者  （日版）,SS#1028
ss,Lupin the 3rd - The Master File (Japan),鲁邦三世 - THE MASTER FILE  （日版）,SS#1029
ss,Lupin the 3rd Chronicles (Japan) (Disc 1),鲁邦三世 编年史  （日版） （光碟 1）,SS#1030
ss,Lupin the 3rd Chronicles (Japan) (Disc 2),鲁邦三世 编年史  （日版） （光碟 2）,SS#1031
ss,m [emu] - Kimi o Tsutaete (Japan) (2M),Ｍ［ＥＭＵ］　～君を伝えて～  （日版） (2M),SS#1032
ss,Maboroshi no Black Bass (Japan),幻想黑巴斯钓鱼  （日版）,SS#1033
ss,Machi (Japan) (Demo) (1M),街 （日版） （演示版） (1M),SS#1034
ss,Machi (Japan) (Demo) (2M),街 （日版） （演示版） (2M),SS#1035
ss,Machi (Japan) (Demo) (4M),街 （日版） （演示版） (4M),SS#1036
ss,Machine Head (USA),机器头  （美版）,SS#1037
ss,Madden NFL 97 (Europe),疯狂橄榄球97  （欧版）,SS#1038
ss,Madden NFL 97 (USA),疯狂橄榄球97  （美版）,SS#1039
ss,Madden NFL 98 (Europe),疯狂橄榄球98  疯狂橄榄球98  （欧版）,SS#1040
ss,Madden NFL 98 (USA),疯狂橄榄球98  疯狂橄榄球98  （美版）,SS#1041
ss,Madou Monogatari (Japan),魔导物语  （日版）,SS#1042
ss,"Magic Carpet (Europe) (En,Fr,De,Es,Sv)","魔毯  （欧版） (En,Fr,De,Es,Sv)",SS#1043
ss,Magic Carpet (Japan),魔毯  （日版）,SS#1044
ss,Magic Carpet (USA),魔毯  （美版）,SS#1045
ss,Magic Knight Rayearth (Japan) (4M),魔法骑士雷亚斯  （日版） (4M),SS#1046
ss,Magic Knight Rayearth (Japan) (Genteiban) (1M),魔法骑士雷亚斯  （日版） （限定版） (1M),SS#1047
ss,"Magic Knight Rayearth (Japan) (Genteiban) (2M, 3M)","魔法骑士雷亚斯  （日版） （限定版） (2M, 3M)",SS#1048
ss,Magic Knight Rayearth (USA),魔法骑士雷亚斯  （美版）,SS#1049
ss,Magical Drop (Japan),魔法气泡  （日版）,SS#1050
ss,Magical Drop (Japan) (Demo),魔法气泡  （日版） （演示版）,SS#1051
ss,Magical Drop 2 (Japan),魔法彩球2  （日版）,SS#1052
ss,Magical Drop III - Toretate Zoukan-gou! (Japan) (2M),魔法气泡 III - とれたて増刊号!  （日版） (2M),SS#1053
ss,Magical Drop III - Toretate Zoukan-gou! (Japan) (Demo) (1M),魔法气泡 III - とれたて増刊号!  （日版） （演示版） (1M),SS#1054
ss,Magical Drop III - Toretate Zoukan-gou! (Japan) (Demo) (2M),魔法气泡 III - とれたて増刊号!  （日版） （演示版） (2M),SS#1055
ss,Magical Hoppers (Japan),SS游戏魔法草蜢  （日版）,SS#1056
ss,Magical Night Dreams - Cotton 2 (Japan),棉花小魔女 2  （日版）,SS#1057
ss,Magical Night Dreams - Cotton Boomerang (Japan),棉花小魔女  （日版）,SS#1058
ss,Mahjong Doukyuusei Special (Japan),同级生麻雀特别版  （日版）,SS#1059
ss,Mahjong Doukyuusei Special (Japan) (Disc 1) (Shokai Genteiban),同级生麻雀特别版  （日版） （光碟 1） (Shokai Genteiban),SS#1060
ss,Mahjong Doukyuusei Special (Japan) (Disc 2) (Portrait CD) (Shokai Genteiban),同级生麻雀特别版  （日版） （光碟 2） (Portrait CD) (Shokai Genteiban),SS#1061
ss,Mahjong Gakuensai (Japan),麻雀学园祭  （日版）,SS#1062
ss,Mahjong Gakuensai (Japan) (Disc 1) (Shokai Genteiban),麻雀学园祭  （日版） （光碟 1） (Shokai Genteiban),SS#1063
ss,Mahjong Gakuensai (Japan) (Disc 2) (Seiyuu Interview Hi CD) (Shokai Genteiban),麻雀学园祭  （日版） （光碟 2） (Seiyuu Interview Hi CD) (Shokai Genteiban),SS#1064
ss,Mahjong Gakuensai DX - Zenjitsu ni Matsuwaru Funsenki (Japan),麻雀学园祭 DX - 关于前一天的奋斗记  （日版）,SS#1065
ss,Mahjong Ganryuujima (Japan) (4M),麻将 岩流岛  （日版） (4M),SS#1066
ss,Mahjong Gokuu Tenjiku (Japan),麻雀悟空天竺  （日版）,SS#1067
ss,Mahjong Hyper Reaction R (Japan),美女麻雀R  （日版）,SS#1068
ss,Mahjong Kaigan Monogatari - Mahjong-kyou Jidai Sexy Idol-hen (Japan) (2M),麻将 狂 物语 - 麻雀狂时代 性感偶像篇  （日版） (2M),SS#1069
ss,Mahjong Kaigan Monogatari - Mahjong-kyou Jidai Sexy Idol-hen (Japan) (Demo),麻将 狂 物语 - 麻雀狂时代 性感偶像篇  （日版） （演示版）,SS#1070
ss,Mahjong Taikai II Special (Japan) (2M),麻雀大会2特别版  （日版） (2M),SS#1071
ss,Mahjong Taikai II Special (Japan) (Rev A) (10M),麻雀大会2特别版  （日版） （修正版 A） (10M),SS#1072
ss,Mahjong Tenshi - Angel Lips (Japan),麻将天使 天使之唇 （日版）,SS#1073
ss,Mahjong Yon Shimai - Wakakusa Monogatari (Japan),若草物语麻雀四姊妹 （日版）,SS#1074
ss,Mahjong-kyou Jidai Cebu Island '96 (Japan) (Disc 1),麻雀狂时代 麻雀狂时代海滩96  （日版） （光碟 1）,SS#1075
ss,Mahjong-kyou Jidai Cebu Island '96 (Japan) (Disc 2) (Omake Disk),麻雀狂时代 麻雀狂时代海滩96  （日版） （光碟 2） (Omake Disk),SS#1076
ss,Mahjong-kyou Jidai Cogal Houkago-hen (Japan),麻雀狂时代 放学后篇  （日版）,SS#1077
ss,Mahou Gakuen Lunar! (Japan) (1M),魔法学园 露娜!  （日版） (1M),SS#1078
ss,Mahou Gakuen Lunar! (Japan) (2M),魔法学园 露娜!  （日版） (2M),SS#1079
ss,Mahou no Janshi - Poe Poe Poemy (Japan) (2M),魔法女雀士  （日版） (2M),SS#1080
ss,Mahou Shoujo Pretty Samy - Heart no Kimochi (Japan),魔法女雀士 - ハートのきもち  （日版）,SS#1081
ss,Mahou Shoujo Pretty Samy - Osorubeshi Shintai Sokutei! Kakubakuhatsu 5-Byou-mae!! (Japan),魔法女雀士 - 恐るべし身体測定！核爆発５秒前!!  （日版）,SS#1082
ss,Mahoutsukai ni Naru Houhou (Japan),成为魔法使的方法  （日版）,SS#1083
ss,Mainichi Kawaru Quiz Bangumi - Quiz 365 (Japan),毎日替わるクイズ番組 クイズ365  （日版）,SS#1084
ss,"Manoir des Ames Perdues, Le (France)",梦见馆物语  （法国版）,SS#1085
ss,"Mansion de las Almas Ocultas, La (Spain)",梦见馆物语  （西班牙版）,SS#1086
ss,"Mansion of Hidden Souls, The (Europe) (1S)",梦见馆物语  （欧版） (1S),SS#1087
ss,"Mansion of Hidden Souls, The (Europe) (4S)",梦见馆物语  （欧版） (4S),SS#1088
ss,"Mansion of Hidden Souls, The (USA)",梦见馆物语  （美版）,SS#1089
ss,Manx TT SuperBike (Europe),麦斯超级机车赛TT  （欧版）,SS#1090
ss,Manx TT SuperBike (Japan),麦斯超级机车赛TT  （日版）,SS#1091
ss,Manx TT SuperBike (USA),麦斯超级机车赛TT  （美版）,SS#1092
ss,Maria - Kimi-tachi ga Umareta Wake (Japan) (Demo),玛丽亚 - 你们出生的理由  （日版） （演示版）,SS#1093
ss,Maria - Kimi-tachi ga Umareta Wake (Japan) (Disc 1),玛丽亚 - 你们出生的理由  （日版） （光碟 1）,SS#1094
ss,Maria - Kimi-tachi ga Umareta Wake (Japan) (Disc 2),玛丽亚 - 你们出生的理由  （日版） （光碟 2）,SS#1095
ss,Marica - Shinjitsu no Sekai (Japan),玛丽卡 真实的世界  （日版）,SS#1096
ss,Marie no Atelier Ver. 1.3 - Salburg no Renkinjutsushi (Japan),塞班的炼金术士 玛莉工作室  （日版）,SS#1097
ss,Mario Mushano no Chou Shougi Juku - Mario Mushano's Hyper Shogi School (Japan),マリオ武者野の超将棋塾  （日版）,SS#1098
ss,Marvel Super Heroes (Europe),美国超人  （欧版）,SS#1099
ss,Marvel Super Heroes (Japan),美国超人  （日版）,SS#1100
ss,Marvel Super Heroes (Japan) (Demo),美国超人  （日版） （演示版）,SS#1101
ss,Marvel Super Heroes (USA),美国超人  （美版）,SS#1102
ss,Marvel Super Heroes vs. Street Fighter (Japan),超级漫画英雄VS街头霸王  （日版）,SS#1103
ss,"Mass Destruction (Europe) (En,Fr,De,Es)","大规模破坏  （欧版） (En,Fr,De,Es)",SS#1104
ss,Mass Destruction (USA),大规模破坏  （美版）,SS#1105
ss,Mass Destruction - Otousan ni mo Dekiru Soft (Japan),大规模破坏 - ～お父さんにもできるソフト～  （日版）,SS#1106
ss,Master of Monsters - Neo Generations (Japan),怪兽之主 - 新生代  （日版）,SS#1107
ss,Masters - Harukanaru Augusta 3 (Japan) (2M),高尔夫大师 3  （日版） (2M),SS#1108
ss,Matsukata Hiroki no World Fishing (Japan),松方弘树的超级钓鱼  （日版）,SS#1109
ss,Maximum Force (Europe),铁面悍将  （欧版）,SS#1110
ss,Maximum Force (USA),铁面悍将  （美版）,SS#1111
ss,Mechanical Violator Hakaider - Last Judgement (Japan),人造人间  （日版）,SS#1112
ss,MechWarrior 2 (Japan),机甲战士2  （日版）,SS#1113
ss,MechWarrior 2 - 31st Century Combat - Arcade Combat Edition (Europe),机甲战士2：31世纪之战 - 街机战斗版  （欧版）,SS#1114
ss,MechWarrior 2 - 31st Century Combat - Arcade Combat Edition (USA),机甲战士2：31世纪之战 - 街机战斗版  （美版）,SS#1115
ss,MediaROMancer - DA - Daisuke Asakura (Japan),中世纪浪漫主义者-大冢浅仓  （日版）,SS#1116
ss,Mega Man 8 (USA),洛克人8  （美版）,SS#1117
ss,Mega Man X3 (Europe),洛克人 X3  （欧版）,SS#1118
ss,Mega Man X4 (USA),洛克人X4  （美版）,SS#1119
ss,MeltyLancer - Ginga Shoujo Keisatsu 2086 (Japan),银河少女警察 2086  （日版）,SS#1120
ss,MeltyLancer - Re-inforce (Japan) (Demo),银河少女警察 - RE-INFORCE  （日版） （演示版）,SS#1121
ss,MeltyLancer - Re-inforce (Japan) (Disc 1),银河少女警察 - RE-INFORCE  （日版） （光碟 1）,SS#1122
ss,MeltyLancer - Re-inforce (Japan) (Disc 2),银河少女警察 - RE-INFORCE  （日版） （光碟 2）,SS#1123
ss,MeltyLancer - Re-inforce (Japan) (Disc 3),银河少女警察 - RE-INFORCE  （日版） （光碟 3）,SS#1124
ss,Message Navi (Japan),讯息导航  （日版）,SS#1125
ss,Message Navi (Japan) (Demo),讯息导航  （日版） （演示版）,SS#1126
ss,Message Navi Vol. 2 (Japan),讯息导航 卷 2  （日版）,SS#1127
ss,Metal Black (Japan) (1M),黑色合金战机  （日版） (1M),SS#1128
ss,Metal Black (Japan) (3M),黑色合金战机  （日版） (3M),SS#1129
ss,Metal Fighter Miku (Japan),美少女战斗队  （日版）,SS#1130
ss,Metal Slug - Super Vehicle-001 (Japan),合金弹头 - SUPER VEHICLE-001  （日版）,SS#1131
ss,Metal Slug - Super Vehicle-001 (Japan) (Rev A),合金弹头 - SUPER VEHICLE-001  （日版） （修正版 A）,SS#1132
ss,Mezase Idol Star!! Natsuiro Memories - Mahjong-hen (Japan) (2M),脱衣偶像明星麻将  （日版） (2M),SS#1133
ss,Mighty Hits (Europe),能力大挑战  （欧版）,SS#1134
ss,Mighty Hits (Japan),能力大挑战  （日版）,SS#1135
ss,Minakata Hakudou Toujou (Japan) (Disc 1) (2M),南方珀堂登场  （日版） （光碟 1） (2M),SS#1136
ss,Minakata Hakudou Toujou (Japan) (Disc 2),南方珀堂登场  （日版） （光碟 2）,SS#1137
ss,Minami no Shima ni Buta ga Ita - Lucas no Daibouken (Japan) (2M),南岛大冒险  （日版） (2M),SS#1138
ss,Minnesota Fats - Pool Legend (USA) (R),明州肥仔:桌球传奇  （美版） (R),SS#1139
ss,Minton Keibu no Sousa File - Doukeshi Satsujin Jiken (Japan),道化师 （日版）,SS#1140
ss,Mizubaku Daibouken (Japan),水獭大冒险  （日版）,SS#1141
ss,Mizuki Shigeru no Youkai Zukan Soushuuhen (Japan),水木茂的妖怪图鉴总集编  （日版）,SS#1142
ss,Mobile Suit Gundam (Japan),高达动作版  （日版）,SS#1143
ss,Mobile Suit Gundam (Japan) (Rev A),高达动作版  （日版） （修正版 A）,SS#1144
ss,Mobile Suit Gundam Side Story - Optional Guide (Japan),高达动作版 外传 - OPTIONAL GUIDE  （日版）,SS#1145
ss,Mobile Suit Gundam Side Story I - Senritsu no Blue (Japan),高达动作版 外传 I - 战栗之蓝  （日版）,SS#1146
ss,Mobile Suit Gundam Side Story I - Senritsu no Blue (Japan) (Demo),高达动作版 外传 I - 战栗之蓝  （日版） （演示版）,SS#1147
ss,Mobile Suit Gundam Side Story II - Ao o Uketsugu Mono (Japan),高达动作版 外传 II - 苍之继承者  （日版）,SS#1148
ss,Mobile Suit Gundam Side Story III - Sabakareshi Mono (Japan),高达动作版 外传 III - 受审者  （日版）,SS#1149
ss,Moero!! Pro Yakyuu '95 - Double Header (Japan),燃烧吧!职业棒球 '95 - 双头球  （日版）,SS#1150
ss,Mogitate SegaSaturn - Special Movie (Japan) (2M),MOGITATE 世嘉土星 - 特别版 电影  （日版） (2M),SS#1151
ss,Mogitate SegaSaturn Vol. 2 (Japan),MOGITATE 世嘉土星 卷 2  （日版）,SS#1152
ss,Mogitate SegaSaturn Vol. 3 (Japan),MOGITATE 世嘉土星 卷 3  （日版）,SS#1153
ss,Mogitate SegaSaturn Vol. 4 (Japan),MOGITATE 世嘉土星 卷 4  （日版）,SS#1154
ss,Mogitate SegaSaturn Vol. 5 (Japan),MOGITATE 世嘉土星 卷 5  （日版）,SS#1155
ss,Mogitate SegaSaturn Vol. 6 (Japan),MOGITATE 世嘉土星 卷 6  （日版）,SS#1156
ss,Momotarou Douchuuki (Japan) (1M),桃太郎道中记  （日版） (1M),SS#1157
ss,Momotarou Douchuuki (Japan) (2M),桃太郎道中记  （日版） (2M),SS#1158
ss,Momotarou Douchuuki (Japan) (Rev A) (11M),桃太郎道中记  （日版） （修正版 A） (11M),SS#1159
ss,Monster Slider (Japan),妖精魔法宝石  （日版）,SS#1160
ss,Monster Slider (Japan) (Demo),妖精魔法宝石  （日版） （演示版）,SS#1161
ss,Moon Cradle (Japan) (Disc 1),月面摇篮  （日版） （光碟 1）,SS#1162
ss,Moon Cradle (Japan) (Disc 2),月面摇篮  （日版） （光碟 2）,SS#1163
ss,Moon Cradle (Japan) (Disc 3),月面摇篮  （日版） （光碟 3）,SS#1164
ss,Mortal Kombat II (Europe),真人快打2  （欧版）,SS#1165
ss,Mortal Kombat II (USA),真人快打2  （美版）,SS#1166
ss,Mortal Kombat II Kanzenban (Japan) (4S),真人快打2 完全版  （日版） (4S),SS#1167
ss,Mortal Kombat Trilogy (Europe),真人快打三部曲  （欧版）,SS#1168
ss,Mortal Kombat Trilogy (USA),真人快打三部曲  （美版）,SS#1169
ss,Motteke Tamago with Ganbare! Kamonohashi (Japan),蛋蛋乐  （日版）,SS#1170
ss,Mouja (Japan),金钱猫  （日版）,SS#1171
ss,Mouri Motonari - Chikai no Sanshi (Japan),毛利元就 - 三箭之誓  （日版）,SS#1172
ss,Mr. Bones (Europe) (Disc 1),骨头先生  （欧版） （光碟 1）,SS#1173
ss,Mr. Bones (Europe) (Disc 2),骨头先生  （欧版） （光碟 2）,SS#1174
ss,Mr. Bones (Japan) (Demo),骨头先生  （日版） （演示版）,SS#1175
ss,Mr. Bones (Japan) (Disc 1),骨头先生  （日版） （光碟 1）,SS#1176
ss,Mr. Bones (Japan) (Disc 2),骨头先生  （日版） （光碟 2）,SS#1177
ss,Mr. Bones (USA) (Disc 1),骨头先生  （美版） （光碟 1）,SS#1178
ss,Mr. Bones (USA) (Disc 2),骨头先生  （美版） （光碟 2）,SS#1179
ss,Mujintou Monogatari R - Futari no Love Love Island (Japan),无人岛物语R  （日版）,SS#1180
ss,Murakoshi Seikai no Bakuchou Nihon Rettou (Japan),村越正海之爆钓日本列岛  （日版）,SS#1181
ss,My Best Friends - St. Andrew Jogakuin-hen (Japan),我最好的朋友 - 女学院拼图篇  （日版）,SS#1182
ss,My Dream - On Air ga Matenakute (Japan) (Disc 1),我的梦想：等不及的直播  （日版） （光碟 1）,SS#1183
ss,My Dream - On Air ga Matenakute (Japan) (Disc 2),我的梦想：等不及的直播  （日版） （光碟 2）,SS#1184
ss,"Myst (Europe) (En,Fr,De,Es)","神秘岛 （欧版） (En,Fr,De,Es)",SS#1185
ss,Myst (Japan),神秘岛 （日版）,SS#1186
ss,Myst (Japan) (Rev A),神秘岛 （日版） （修正版 A）,SS#1187
ss,Myst (Korea),神秘岛 （韩国版）,SS#1188
ss,Myst (Taiwan),神秘岛 (Taiwan),SS#1189
ss,Myst (USA),神秘岛 （美版）,SS#1190
ss,Mystaria - The Realms of Lore (Europe),王国传说  （欧版）,SS#1191
ss,Mystaria - The Realms of Lore (USA),王国传说  （美版）,SS#1192
ss,Mystery Mansion - Das Haus der verlorenen Seelen (Germany),神秘大厦-维洛伦西伦大厦  （德国版）,SS#1193
ss,Nanatsu Kaze no Shima Monogatari (Japan) (Disc 1),七风岛物语  （日版） （光碟 1）,SS#1194
ss,Nanatsu Kaze no Shima Monogatari (Japan) (Disc 2) (Premium CD),七风岛物语  （日版） （光碟 2） (Premium CD),SS#1195
ss,Nanatsu no Hikan (Japan) (Demo),七之秘馆  （日版） （演示版）,SS#1196
ss,Nanatsu no Hikan (Japan) (Disc 1) (1M),七之秘馆  （日版） （光碟 1） (1M),SS#1197
ss,Nanatsu no Hikan (Japan) (Disc 1) (2M),七之秘馆  （日版） （光碟 1） (2M),SS#1198
ss,Nanatsu no Hikan (Japan) (Disc 2) (1M),七之秘馆  （日版） （光碟 2） (1M),SS#1199
ss,Nanatsu no Hikan (Japan) (Disc 2) (2M),七之秘馆  （日版） （光碟 2） (2M),SS#1200
ss,"Nanatsu no Hikan (Japan) (Disc 3) (1M, 2M)","七之秘馆  （日版） （光碟 3） (1M, 2M)",SS#1201
ss,NASCAR 98 (Europe),纳斯卡赛车98  （欧版）,SS#1202
ss,NASCAR 98 (France),纳斯卡赛车98  （法国版）,SS#1203
ss,NASCAR 98 (Germany),纳斯卡赛车98  （德国版）,SS#1204
ss,NASCAR 98 (USA),纳斯卡赛车98  （美版）,SS#1205
ss,NBA Action (Europe),美国职业篮球联赛ACTION  （欧版）,SS#1206
ss,NBA Action (USA),美国职业篮球联赛ACTION  （美版）,SS#1207
ss,NBA Action 98 (Europe),美国职业篮球联赛ACTION 98  （欧版）,SS#1208
ss,NBA Action 98 (USA),美国职业篮球联赛ACTION 98  （美版）,SS#1209
ss,NBA Jam - Tournament Edition (Europe),劲爆NBA：联赛版  （欧版）,SS#1210
ss,NBA Jam - Tournament Edition (Japan) (4S),劲爆NBA：联赛版  （日版） (4S),SS#1211
ss,NBA Jam - Tournament Edition (USA) (3S),劲爆NBA：联赛版  （美版） (3S),SS#1212
ss,NBA Jam Extreme (Europe),劲爆NBA：极限  （欧版）,SS#1213
ss,NBA Jam Extreme (Japan),劲爆NBA：极限  （日版）,SS#1214
ss,NBA Jam Extreme (USA),劲爆NBA：极限  （美版）,SS#1215
ss,NBA Live 97 (Europe),劲爆美国职篮97  （欧版）,SS#1216
ss,NBA Live 97 (USA),劲爆美国职篮97  （美版）,SS#1217
ss,NBA Live 98 (Europe),劲爆美国职篮98  （欧版）,SS#1218
ss,NBA Live 98 (USA),劲爆美国职篮98  （美版）,SS#1219
ss,Nekketsu Oyako (Japan),热血亲子  （日版）,SS#1220
ss,Neon Genesis - Evangelion - Koutetsu no Girlfriend (Japan) (Disc 1),新世纪福音战士 - 钢铁的女友  （日版） （光碟 1）,SS#1221
ss,Neon Genesis - Evangelion - Koutetsu no Girlfriend (Japan) (Disc 2),新世纪福音战士 - 钢铁的女友  （日版） （光碟 2）,SS#1222
ss,Neon Genesis Evangelion - Digital Card Library (Japan),新世纪福音战士 - 数码卡片图书馆  （日版）,SS#1223
ss,Next King - Koi no Sennen Oukoku (Japan),恋之千年王国  （日版）,SS#1224
ss,NFL '97 (USA),美国橄榄球联盟 '97  （美版）,SS#1225
ss,NFL '97 (USA) (Rev A),美国橄榄球联盟 '97  （美版） （修正版 A）,SS#1226
ss,NFL Quarterback Club '96 (Japan),美国橄榄球联盟 四分卫 CLUB '96  （日版）,SS#1227
ss,NFL Quarterback Club '96 (USA) (5S),美国橄榄球联盟 四分卫 CLUB '96  （美版） (5S),SS#1228
ss,NFL Quarterback Club '97 (Japan),美国橄榄球联盟 四分卫 CLUB '97  （日版）,SS#1229
ss,NFL Quarterback Club 96 (Europe),NFL四分卫俱乐部96  （欧版）,SS#1230
ss,NFL Quarterback Club 97 (Europe),四分位橄榄球俱乐部97  （欧版）,SS#1231
ss,NFL Quarterback Club 97 (USA),四分位橄榄球俱乐部97  （美版）,SS#1232
ss,NHL 97 (Europe),NHL冰球97  （欧版）,SS#1233
ss,NHL 97 (Germany),NHL冰球97  （德国版）,SS#1234
ss,NHL 97 (Japan),NHL冰球97  （日版）,SS#1235
ss,NHL 97 (USA),NHL冰球97  （美版）,SS#1236
ss,NHL 98 (Europe),NHL冰球98  （欧版）,SS#1237
ss,NHL 98 (USA),NHL冰球98  （美版）,SS#1238
ss,NHL All-Star Hockey (Europe),加拿大冰球联赛 ALL-STAR HOCKEY  （欧版）,SS#1239
ss,NHL All-Star Hockey (USA) (1S),加拿大冰球联赛 ALL-STAR HOCKEY  （美版） (1S),SS#1240
ss,NHL All-Star Hockey (USA) (2S),加拿大冰球联赛 ALL-STAR HOCKEY  （美版） (2S),SS#1241
ss,NHL All-Star Hockey 98 (Europe),加拿大冰球联赛 ALL-STAR HOCKEY 98  （欧版）,SS#1242
ss,NHL All-Star Hockey 98 (USA),加拿大冰球联赛 ALL-STAR HOCKEY 98  （美版）,SS#1243
ss,NHL Powerplay '96 (Europe),NHL强力赛96  （欧版）,SS#1244
ss,NHL Powerplay '96 (Japan),NHL强力赛96  （日版）,SS#1245
ss,NHL Powerplay '96 (USA),NHL强力赛96  （美版）,SS#1246
ss,Night Striker S (Japan),午夜风暴S  （日版）,SS#1247
ss,Night Warriors - Darkstalkers' Revenge (Europe),恶魔战士 - 恶魔的复仇  （欧版）,SS#1248
ss,Night Warriors - Darkstalkers' Revenge (USA),恶魔战士 - 恶魔的复仇  （美版）,SS#1249
ss,Nightruth - Explanation of the Paranormal - Futatsu dake no Shinjitsu (Japan),夜之真实 - 超自然体验 - FUTATSU DAKE NO SHINJITSU  （日版）,SS#1250
ss,Nightruth - Explanation of the Paranormal - Making of Nightruth II - Voice Selection (Japan),夜之真实 - 超自然体验 - MAKING OF 夜之真实 II - 声音精选  （日版）,SS#1251
ss,Nightruth - Explanation of the Paranormal - Maria (Japan),夜之真实 - 超自然体验 - 玛丽亚  （日版）,SS#1252
ss,Nightruth - Explanation of the Paranormal - Nightruth Voice Selection - Radio Drama-hen (Japan) (2M),夜之真实 - 超自然体验 - 夜之真实 声音精选 - 广播剧篇  （日版） (2M),SS#1253
ss,Nightruth - Explanation of the Paranormal - The Making of Nightruth (Japan) (2M),夜之真实 - 超自然体验 - 夜之真实的标记  （日版） (2M),SS#1254
ss,Nightruth - Explanation of the Paranormal 01 - Yami no Tobira (Japan) (2M),夜之真实 - 超自然体验 01 - 黑暗之门  （日版） (2M),SS#1255
ss,NiGHTS into Dreams... (Europe),梦精灵 （欧版）,SS#1256
ss,NiGHTS into Dreams... (Japan),梦精灵 （日版）,SS#1257
ss,NiGHTS into Dreams... (Japan) (Demo),梦精灵 （日版） （演示版）,SS#1258
ss,NiGHTS into Dreams... (Korea),梦精灵 （韩国版）,SS#1259
ss,NiGHTS into Dreams... (USA) (Demo),梦精灵 （美版） （演示版）,SS#1260
ss,NiGHTS into Dreams... (USA) (with 3D Control Pad) (RE),梦精灵 （美版） (with 3D Control Pad) (RE),SS#1261
ss,"NiGHTS into Dreams... (USA, Brazil)","梦精灵 (USA, Brazil)",SS#1262
ss,Nihon Daihyou Team no Kantoku ni Naruu! Sekaihatsu Soccer RPG - Become the Coach for the National Team! (Japan),日本代表队领队·世界第一个足球RPG!  （日版）,SS#1263
ss,Nihon Pro Mahjong Renmei Kounin - Doujou Yaburi (Japan),日本专业麻雀連盟公認 - 道場破り  （日版）,SS#1264
ss,Nile-gawa no Yoake (Japan) (Rev A),尼罗河的黎明  （日版） （修正版 A）,SS#1265
ss,Ninja Jajamaru-kun - Onigiri Ninpouchou Gold (Japan),忍者茶茶丸 - 鬼斬忍法帖・金  （日版）,SS#1266
ss,Ninja Jajamaru-kun - Onigiri Ninpouchou Gold (Japan) (Demo),忍者茶茶丸 - 鬼斬忍法帖・金  （日版） （演示版）,SS#1267
ss,Ninkuu - Tsuyokina Yatsura no Daigekitotsu! (Japan),忍空 ～强气な奴等の大激突!  （日版）,SS#1268
ss,Ninpen Manmaru (Japan),忍ペンまん丸  （日版）,SS#1269
ss,Nissan Presents - Over Drivin' GT-R (Japan),日产极品赛车' GT-R  （日版）,SS#1270
ss,Nissan Presents - Over Drivin' GT-R (Japan) (Demo),日产极品赛车' GT-R  （日版） （演示版）,SS#1271
ss,Nissan Presents - Over Drivin' GT-R (Japan) (Rev A),日产极品赛车' GT-R  （日版） （修正版 A）,SS#1272
ss,No-appointment Gals Olympos (Japan),超次元奇遇  （日版）,SS#1273
ss,Nobunaga no Yabou - Shouseiroku (Japan) (2M),信长的野望 将星录  （日版） (2M),SS#1274
ss,Nobunaga no Yabou Returns (Japan),信长野望回归版  （日版）,SS#1275
ss,Nobunaga no Yabou Sengoku Gunyuuden (Japan),信长野望 战国群雄传  （日版）,SS#1276
ss,Nobunaga no Yabou Tenshouki (Japan),信长之野望 天翔记  （日版）,SS#1277
ss,Nobunaga no Yabou Tenshouki with Power-Up Kit (Japan),信长野望天翔记加强版  （日版）,SS#1278
ss,NOeL 3 - Not Digital (Japan) (Disc 1),恋爱热线 - 并非数码  （日版） （光碟 1）,SS#1279
ss,NOeL 3 - Not Digital (Japan) (Disc 2),恋爱热线 - 并非数码  （日版） （光碟 2）,SS#1280
ss,NOeL 3 - Not Digital (Japan) (Disc 3),恋爱热线 - 并非数码  （日版） （光碟 3）,SS#1281
ss,Nonomura Byouin no Hitobito (Japan),野野村病院的人们  （日版）,SS#1282
ss,Noon (Japan) (Rev A),正午  （日版） （修正版 A）,SS#1283
ss,Norse by Norsewest - The Return of the Lost Vikings (USA),失落的维京人2  （美版）,SS#1284
ss,Ochigee Designer Tsukutte Pon! (Japan),做一个失败的游戏设计师吧!  （日版）,SS#1285
ss,Off-World Interceptor Extreme (Europe),火爆大脚车  （欧版）,SS#1286
ss,Off-World Interceptor Extreme (Japan),火爆大脚车  （日版）,SS#1287
ss,Off-World Interceptor Extreme (USA),火爆大脚车  （美版）,SS#1288
ss,Oh-chan no Oekaki Logic (Japan),逻辑绘图方块  （日版）,SS#1289
ss,Ojousama Express (Japan) (Disc 1),大小姐 特急  （日版） （光碟 1）,SS#1290
ss,Ojousama Express (Japan) (Disc 2),大小姐 特急  （日版） （光碟 2）,SS#1291
ss,Ojousama o Nerae!! (Japan),瞄准大小姐!!  （日版）,SS#1292
ss,Ojousama o Nerae!! (Japan) (Rev A),瞄准大小姐!!  （日版） （修正版 A）,SS#1293
ss,Okudera Yasuhiko no Sekai o Mezase! Soccer Kids - Nyuumon-hen (Japan),奥寺康彦の世界をめざせ!　サッカー・キッズ　入門編  （日版）,SS#1294
ss,"Olympic Soccer (Europe) (En,Fr,De,Es,It)","奥运足球  （欧版） (En,Fr,De,Es,It)",SS#1295
ss,Olympic Soccer (Germany),奥运足球  （德国版）,SS#1296
ss,Olympic Soccer (Japan),奥运足球  （日版）,SS#1297
ss,Olympic Soccer (USA),奥运足球  （美版）,SS#1298
ss,Omakase! Savers (Japan),退魔业  （日版）,SS#1299
ss,Ooedo Renaissance (Japan),大江户复兴  （日版）,SS#1300
ss,"Oracle no Houseki - Jewels of the Oracle (Japan) (En,Ja,Fr,De)","神谕的宝石 - 先知的宝石  （日版） (En,Ja,Fr,De)",SS#1301
ss,Ousama Game (Japan) (Disc 1) (Ichigo Disc),王国游戏  （日版） （光碟 1） (Ichigo Disc),SS#1302
ss,Ousama Game (Japan) (Disc 2) (Momo Disc),王国游戏  （日版） （光碟 2） (Momo Disc),SS#1303
ss,P.T.O. - Pacific Theater of Operations II (USA),P.T.O. - 激战太平洋 II  （美版）,SS#1304
ss,Pachi-Slot Kanzen Kouryaku Uni-Colle '97 - Universal Collection (Japan),柏青哥完全攻略合集97 （日版）,SS#1305
ss,Pachinko Hall - Shinsou Daikaiten (Japan),柏青哥新装大开店  （日版）,SS#1306
ss,Pad Nifty (Japan),俏皮话  （日版）,SS#1307
ss,Pad Nifty 1.1 & Habitat II (Japan),俏皮话 1.1 & 栖息地 II  （日版）,SS#1308
ss,Pandemonium! (Europe),混乱大冒险  （欧版）,SS#1309
ss,Pandemonium! (USA),混乱大冒险  （美版）,SS#1310
ss,Paneltia Story - Koeln no Daibouken (Japan),帕尼尔塔大冒险 - 小铁的大冒险  （日版）,SS#1311
ss,Panic-chan (Japan) (Rev A) (10M),潘神迷宫  （日版） （修正版 A） (10M),SS#1312
ss,Panic-chan (Japan) (Rev A) (11M),潘神迷宫  （日版） （修正版 A） (11M),SS#1313
ss,Panzer Dragoon (Europe) (Demo) (5S),铁甲飞龙  （欧版） （演示版） (5S),SS#1314
ss,Panzer Dragoon (Europe) (Demo) (6S),铁甲飞龙  （欧版） （演示版） (6S),SS#1315
ss,"Panzer Dragoon (Europe) (En,Fr,De,Es,It)","铁甲飞龙  （欧版） (En,Fr,De,Es,It)",SS#1316
ss,Panzer Dragoon (Japan) (2M),铁甲飞龙  （日版） (2M),SS#1317
ss,"Panzer Dragoon (Japan) (3A, 3B)","铁甲飞龙  （日版） (3A, 3B)",SS#1318
ss,Panzer Dragoon (Japan) (4B),铁甲飞龙  （日版） (4B),SS#1319
ss,Panzer Dragoon (Japan) (5A),铁甲飞龙  （日版） (5A),SS#1320
ss,Panzer Dragoon (Japan) (Demo 1),铁甲飞龙  （日版） (Demo 1),SS#1321
ss,Panzer Dragoon (Japan) (Demo 2),铁甲飞龙  （日版） (Demo 2),SS#1322
ss,Panzer Dragoon (USA) (1S),铁甲飞龙  （美版） (1S),SS#1323
ss,Panzer Dragoon (USA) (5S),铁甲飞龙  （美版） (5S),SS#1324
ss,Panzer Dragoon (USA) (Demo) (2S),铁甲飞龙  （美版） （演示版） (2S),SS#1325
ss,Panzer Dragoon (USA) (Demo) (3S),铁甲飞龙  （美版） （演示版） (3S),SS#1326
ss,Panzer Dragoon (USA) (Demo) (4S),铁甲飞龙  （美版） （演示版） (4S),SS#1327
ss,Panzer Dragoon II Zwei (Europe),铁甲飞龙2  （欧版）,SS#1328
ss,Panzer Dragoon II Zwei (Japan),铁甲飞龙2  （日版）,SS#1329
ss,Panzer Dragoon II Zwei (USA),铁甲飞龙2  （美版）,SS#1330
ss,Panzer Dragoon Saga (Europe) (Disc 1),铁甲飞龙:传奇  （欧版） （光碟 1）,SS#1331
ss,Panzer Dragoon Saga (Europe) (Disc 2),铁甲飞龙:传奇  （欧版） （光碟 2）,SS#1332
ss,Panzer Dragoon Saga (Europe) (Disc 3),铁甲飞龙:传奇  （欧版） （光碟 3）,SS#1333
ss,Panzer Dragoon Saga (Europe) (Disc 4),铁甲飞龙:传奇  （欧版） （光碟 4）,SS#1334
ss,Panzer Dragoon Saga (USA) (Disc 1),铁甲飞龙:传奇  （美版） （光碟 1）,SS#1335
ss,Panzer Dragoon Saga (USA) (Disc 2),铁甲飞龙:传奇  （美版） （光碟 2）,SS#1336
ss,Panzer Dragoon Saga (USA) (Disc 3),铁甲飞龙:传奇  （美版） （光碟 3）,SS#1337
ss,Panzer Dragoon Saga (USA) (Disc 4),铁甲飞龙:传奇  （美版） （光碟 4）,SS#1338
ss,Pappara Paoon (Japan) (2M),啪啪方块  （日版） (2M),SS#1339
ss,Parodius (Europe),沙罗曼蛇  （欧版）,SS#1340
ss,Pastel Muses (Japan),蜡笔女神  （日版）,SS#1341
ss,PD Ultraman Link (Japan),PD奥特曼连线  （日版）,SS#1342
ss,Pebble Beach Golf Links (Europe) (3S),圆石滩高尔夫球场  （欧版） (3S),SS#1343
ss,Pebble Beach Golf Links (Europe) (4S),圆石滩高尔夫球场  （欧版） (4S),SS#1344
ss,Pebble Beach Golf Links (USA),圆石滩高尔夫球场  （美版）,SS#1345
ss,Pebble Beach Golf Links - Stadler ni Chousen (Japan),圆石滩高尔夫球场 - STADLER 的挑战  （日版）,SS#1346
ss,PGA Tour 97 (Europe),PGA巡回赛97  （欧版）,SS#1347
ss,PGA Tour 97 (Japan),PGA巡回赛97  （日版）,SS#1348
ss,PGA Tour 97 (USA),PGA巡回赛97  （美版）,SS#1349
ss,PhantasM (Japan) (Disc 1),幽灵 （日版） （光碟 1）,SS#1350
ss,PhantasM (Japan) (Disc 2),幽灵 （日版） （光碟 2）,SS#1351
ss,PhantasM (Japan) (Disc 3) (2M),幽灵 （日版） （光碟 3） (2M),SS#1352
ss,PhantasM (Japan) (Disc 4),幽灵 （日版） （光碟 4）,SS#1353
ss,PhantasM (Japan) (Disc 5),幽灵 （日版） （光碟 5）,SS#1354
ss,PhantasM (Japan) (Disc 6) (4M),幽灵 （日版） (Disc 6) (4M),SS#1355
ss,PhantasM (Japan) (Disc 6) (5M),幽灵 （日版） (Disc 6) (5M),SS#1356
ss,PhantasM (Japan) (Disc 7),幽灵 （日版） (Disc 7),SS#1357
ss,PhantasM (Japan) (Disc 8),幽灵 （日版） (Disc 8),SS#1358
ss,"Photo CD Operating System (Europe) (En,Ja,Fr,De,Es,It)","相片 CD 操作系统  （欧版） (En,Ja,Fr,De,Es,It)",SS#1359
ss,"Photo CD Operating System (Europe) (En,Ja,Fr,De,Es,It) (2S)","相片 CD 操作系统  （欧版） (En,Ja,Fr,De,Es,It) (2S)",SS#1360
ss,Photo Genic (Japan),照片回忆 （日版）,SS#1361
ss,"Photograph of a Crime, The - Hankou Shashin - Shibarareta Shoujo-tachi no Mita Mono wa (Japan)",犯行写真 - 想看被捆绑的少女吗  （日版）,SS#1362
ss,Pia Carrot e Youkoso!! 2 (Japan) (Disc 1) (Game Disc) (2M),快餐店之恋2 （日版） （光碟 1） (Game Disc) (2M),SS#1363
ss,Pia Carrot e Youkoso!! 2 (Japan) (Disc 1) (Game Disc) (3M),快餐店之恋2 （日版） （光碟 1） (Game Disc) (3M),SS#1364
ss,Pia Carrot e Youkoso!! 2 (Japan) (Disc 1) (Game Disc) (4M),快餐店之恋2 （日版） （光碟 1） (Game Disc) (4M),SS#1365
ss,Pia Carrot e Youkoso!! 2 (Japan) (Disc 2) (Special Disc) (1M),快餐店之恋2 （日版） （光碟 2） (Special Disc) (1M),SS#1366
ss,Pia Carrot e Youkoso!! 2 (Japan) (Disc 2) (Special Disc) (2M),快餐店之恋2 （日版） （光碟 2） (Special Disc) (2M),SS#1367
ss,Pia Carrot e Youkoso!! We've Been Waiting for You (Japan),快餐店之恋!! 我们一直在等着你  （日版）,SS#1368
ss,Pia Carrot e Youkoso!! We've Been Waiting for You (Japan) (Demo),快餐店之恋!! 我们一直在等着你  （日版） （演示版）,SS#1369
ss,PictFlash Don Don (Japan),连续不断地闪烁  （日版）,SS#1370
ss,Pinball Graffiti (Europe),涂鸦弹珠台  （欧版）,SS#1371
ss,Pinball Graffiti (Europe) (Demo),涂鸦弹珠台  （欧版） （演示版）,SS#1372
ss,Pinball Graffiti (Japan),涂鸦弹珠台  （日版）,SS#1373
ss,Planet Joker (Japan),星球扑克  （日版）,SS#1374
ss,Playboy - Karaoke Collection Volume 1 (Japan),花花公子-卡拉OK 精选集 卷 1  （日版）,SS#1375
ss,Playboy - Karaoke Collection Volume 2 (Japan) (2M),花花公子-卡拉OK 精选集 卷 2  （日版） (2M),SS#1376
ss,Pocket Fighter (Japan),口袋战士  （日版）,SS#1377
ss,Policenauts (Japan) (Disc 1),宇宙骑警  （日版） （光碟 1）,SS#1378
ss,Policenauts (Japan) (Disc 2),宇宙骑警  （日版） （光碟 2）,SS#1379
ss,Policenauts (Japan) (Disc 3),宇宙骑警  （日版） （光碟 3）,SS#1380
ss,Popoitto Hebereke (Japan),POPOITTO HEBEREKE  （日版）,SS#1381
ss,Powerslave (USA),力之奴仆  （美版）,SS#1382
ss,Preview Sega Saturn Vol. 1 (Europe),预告 世嘉土星 卷 1  （欧版）,SS#1383
ss,PriKura (Princess Kurara) Daisakusen (Japan),普里库拉公主 大作战  (Princess Kurara) Daisakusen （日版）,SS#1384
ss,PriKura (Princess Kurara) Daisakusen (Japan) (Demo),普里库拉公主 大作战  (Princess Kurara) Daisakusen （日版） （演示版）,SS#1385
ss,"Primal Rage (Europe) (En,Fr,De,Es,It,Pt)","恐龙佣兵  （欧版） (En,Fr,De,Es,It,Pt)",SS#1386
ss,Primal Rage (Japan),恐龙佣兵  （日版）,SS#1387
ss,Primal Rage (USA),恐龙佣兵  （美版）,SS#1388
ss,Prime Selection Vol. 1 (Japan),プライムセレクションVol．1 （日版）,SS#1389
ss,Princess Crown (Japan) (1M),公主皇冠  （日版） (1M),SS#1390
ss,Princess Crown (Japan) (Rev A) (11M),公主皇冠  （日版） （修正版 A） (11M),SS#1391
ss,Princess Crown (Japan) (Rev A) (13M),公主皇冠  （日版） （修正版 A） (13M),SS#1392
ss,Princess Maker - Yumemiru Yousei (Japan),美少女梦工厂 - 梦幻妖精  （日版）,SS#1393
ss,Princess Maker - Yumemiru Yousei (Japan) (Demo) (2M),美少女梦工厂 - 梦幻妖精  （日版） （演示版） (2M),SS#1394
ss,Princess Maker 2 (Japan) (1M),美少女梦工厂2 （日版） (1M),SS#1395
ss,Princess Maker 2 (Japan) (4M),美少女梦工厂2 （日版） (4M),SS#1396
ss,Princess Quest (Japan),公主冒险  （日版）,SS#1397
ss,Princess Quest (Japan) (Rev A) (11M),公主冒险  （日版） （修正版 A） (11M),SS#1398
ss,Prisoner of Ice - Jashin Kourin (Japan),南极冰人  （日版）,SS#1399
ss,Private Idol Disc - Data-hen - Race Queen F (Japan),私人偶像光碟 - 数据篇 - RACE QUEEN F  （日版）,SS#1400
ss,Private Idol Disc - Data-hen - Race Queen G (Japan),私人偶像光碟 - 数据篇 - RACE QUEEN G  （日版）,SS#1401
ss,Private Idol Disc - Tokubetsu-hen - Can Gal '97 (Japan),私人偶像光碟 - 特别篇 - CAN GAL '97  （日版）,SS#1402
ss,Private Idol Disc - Tokubetsu-hen - Cosplayers (Japan) (2M),私人偶像光碟 - 特别篇 - COSPLAYERS  （日版） (2M),SS#1403
ss,Private Idol Disc - Tokubetsu-hen - Kogal Daihyakka 100 (Japan),私人偶像光碟 - 特别篇 - 少女大百科 100  （日版）,SS#1404
ss,Private Idol Disc Vol. 1 - Yuu Kinoshita (Japan),私人偶像光碟 卷 1 - 木下优  （日版）,SS#1405
ss,Private Idol Disc Vol. 10 - Mai Masaki (Japan),私人偶像光碟 卷 10 - 真崎麻衣  （日版）,SS#1406
ss,Private Idol Disc Vol. 11 - Mayumi Hirose (Japan) (2M),私人偶像光碟 卷 11 - 廣瀬真弓  （日版） (2M),SS#1407
ss,Private Idol Disc Vol. 2 - Miki Uchiyama (Japan),私人偶像光碟 卷 2 - 内田美纪  （日版）,SS#1408
ss,Private Idol Disc Vol. 3 - Akemi Ooshima (Japan) (2M),私人偶像光碟 卷 3 - 大岛朱美  （日版） (2M),SS#1409
ss,Private Idol Disc Vol. 4 - Mirei Kuroda (Japan),私人偶像光碟 卷 4 - 黑田美礼  （日版）,SS#1410
ss,Private Idol Disc Vol. 5 - Nanako Fujisaki (Japan),私人偶像光碟 卷 5 - 藤崎奈奈子  （日版）,SS#1411
ss,Private Idol Disc Vol. 6 - Satomi Yoshida (Japan),私人偶像光碟 卷 6 - 吉田里深  （日版）,SS#1412
ss,Private Idol Disc Vol. 7 - Kaori Asou (Japan),私人偶像光碟 卷 7 - 麻生香织  （日版）,SS#1413
ss,Private Idol Disc Vol. 8 - Emiko Furukawa (Japan),私人偶像光碟 卷 8 - 古川恵美子  （日版）,SS#1414
ss,Private Idol Disc Vol. 9 - Keiko Nagamatsu (Japan),私人偶像光碟 卷 9 - 永松惠子  （日版）,SS#1415
ss,Pro Mahjong Kiwame-S (Japan),职业麻将 极-S  （日版）,SS#1416
ss,Pro Mahjong Kiwame-S (Japan) (Rev A),职业麻将 极-S  （日版） （修正版 A）,SS#1417
ss,Pro Shinan Mahjong - Tsuwamono (Japan),职业麻将兵  （日版）,SS#1418
ss,Pro Yakyuu Greatest Nine '97 (Japan) (Rev A),最强九人棒球 '97  （日版） （修正版 A）,SS#1419
ss,Pro Yakyuu Greatest Nine '97 (Japan) (Rev B),最强九人棒球 '97  （日版） （修正版 B）,SS#1420
ss,Pro Yakyuu Greatest Nine '97 - Make Miracle (Japan),最强九人棒球 '97 - MAKE MIRACLE  （日版）,SS#1421
ss,Pro Yakyuu Greatest Nine '98 (Japan) (Rev A),最强九人棒球 '98  （日版） （修正版 A）,SS#1422
ss,Pro Yakyuu Greatest Nine '98 (Japan) (Rev B),最强九人棒球 '98  （日版） （修正版 B）,SS#1423
ss,Pro Yakyuu Greatest Nine '98 - Summer Action (Japan),最强九人棒球 '98 - 夏季 ACTION  （日版）,SS#1424
ss,Pro Yakyuu Team mo Tsukurou! (Japan),创造职业棒球队!  （日版）,SS#1425
ss,Pro Yakyuu Team mo Tsukurou! (Japan) (Rev B),创造职业棒球队!  （日版） （修正版 B）,SS#1426
ss,Pro-Pinball (USA),专业弹珠台  （美版）,SS#1427
ss,Pro-Pinball - The Web (Europe),专业弹珠台 - THE WEB  （欧版）,SS#1428
ss,"Psychotron, The (Japan)",精神武器  （日版）,SS#1429
ss,Pup-Breeder (Japan),布里德  （日版）,SS#1430
ss,"Puyo Puyo Sun (Japan) (1M, 3M)","泡泡通太阳  （日版） (1M, 3M)",SS#1431
ss,Puyo Puyo Sun (Japan) (2M),泡泡通太阳  （日版） (2M),SS#1432
ss,Puyo Puyo Sun (Japan) (Rev A) (10M),泡泡通太阳  （日版） （修正版 A） (10M),SS#1433
ss,Puyo Puyo Sun for SegaNet (Japan),泡泡通太阳 世嘉网络版  （日版）,SS#1434
ss,Puyo Puyo Tsuu (Japan) (1M),魔法气泡  （日版） (1M),SS#1435
ss,Puyo Puyo Tsuu (Japan) (3M),魔法气泡  （日版） (3M),SS#1436
ss,"Puzzle Bobble 2X (Japan) (2M1, 2MB1)","泡泡龙2X  （日版） (2M1, 2MB1)",SS#1437
ss,Puzzle Bobble 2X (Japan) (2M2),泡泡龙2X  （日版） (2M2),SS#1438
ss,Puzzle Bobble 3 (Japan) (1M),泡泡通2  （日版） (1M),SS#1439
ss,Puzzle Bobble 3 (Japan) (2M),泡泡通2  （日版） (2M),SS#1440
ss,Puzzle Bobble 3 for SegaNet (Japan),泡泡通2 世嘉网络版  （日版）,SS#1441
ss,Pyon Pyon Kyaruru no Mahjong Biyori (Japan) (2M),活蹦乱跳的麻将日和  （日版） (2M),SS#1442
ss,Quake (Europe),雷神之锤  （欧版）,SS#1443
ss,Quake (USA),雷神之锤  （美版）,SS#1444
ss,Quantum Gate I - Akumu no Joshou (Japan),昆腾之门 - 恶梦的序章  （日版）,SS#1445
ss,Quarterback Attack (USA),四分卫 进攻  （美版）,SS#1446
ss,Quiz Nanairo Dreams - Nijiirochou no Kiseki (Japan),七彩梦-虹色町的奇迹  （日版）,SS#1447
ss,Quiz Nanairo Dreams - Nijiirochou no Kiseki (Japan) (Rev A),七彩梦-虹色町的奇迹  （日版） （修正版 A）,SS#1448
ss,QuoVadis (Japan),惑星强袭  （日版）,SS#1449
ss,QuoVadis 2 - Wakusei Kyoushuu Ovan Rei (Japan) (Demo),惑星强袭2  （日版） （演示版）,SS#1450
ss,QuoVadis 2 - Wakusei Kyoushuu Ovan Rei (Japan) (Disc 1),惑星强袭2  （日版） （光碟 1）,SS#1451
ss,QuoVadis 2 - Wakusei Kyoushuu Ovan Rei (Japan) (Disc 2),惑星强袭2  （日版） （光碟 2）,SS#1452
ss,Rabbit (Japan),罗媚斗  （日版）,SS#1453
ss,Rabbit (Japan) (Demo),罗媚斗  （日版） （演示版）,SS#1454
ss,Race Drivin' (Japan) (2M),赛车驾驶  （日版） (2M),SS#1455
ss,Radiant Silvergun (Japan),闪亮银枪  （日版）,SS#1456
ss,Rampage - World Tour (Europe),狂暴大破坏-世界之旅  （欧版）,SS#1457
ss,Rampage - World Tour (USA),狂暴大破坏-世界之旅  （美版）,SS#1458
ss,Rampo (Japan) (Disc 1),乱步谜案  （日版） （光碟 1）,SS#1459
ss,Rampo (Japan) (Disc 2),乱步谜案  （日版） （光碟 2）,SS#1460
ss,Rapyulus Panic (Japan),美少女综艺合集  （日版）,SS#1461
ss,"Rayman (Europe) (En,Fr,De) (1S)","雷曼  （欧版） (En,Fr,De) (1S)",SS#1462
ss,"Rayman (Europe) (En,Fr,De) (6S)","雷曼  （欧版） (En,Fr,De) (6S)",SS#1463
ss,Rayman (Japan),雷曼  （日版）,SS#1464
ss,Rayman (USA) (Demo),雷曼  （美版） （演示版）,SS#1465
ss,Rayman (USA) (R2),雷曼  （美版） (R2),SS#1466
ss,Real Bout Garou Densetsu (Japan) (2M),真说  饿狼传说  （日版） (2M),SS#1467
ss,"Real Bout Garou Densetsu (Japan) (Ja,Es) (Demo)","真说  饿狼传说  （日版） (Ja,Es) （演示版）",SS#1468
ss,Real Bout Garou Densetsu Special (Japan),真说  饿狼传说 特别版  （日版）,SS#1469
ss,Real Bout Garou Densetsu Special (Japan) (Rev A),真说  饿狼传说 特别版  （日版） （修正版 A）,SS#1470
ss,Real Mahjong Adventure Umi e - Summer Waltz (Japan),真实麻将冒险 - 夏日华尔茨  （日版）,SS#1471
ss,Real Mahjong Adventure Umi e - Summer Waltz (Japan) (P's Club Genteiban),真实麻将冒险 - 夏日华尔茨  （日版） (P's Club Genteiban),SS#1472
ss,"Real Sound - Kaze no Regret (Japan) (Disc 1) (2M, 3M)","真实声音 风之歌  （日版） （光碟 1） (2M, 3M)",SS#1473
ss,Real Sound - Kaze no Regret (Japan) (Disc 1) (4M),真实声音 风之歌  （日版） （光碟 1） (4M),SS#1474
ss,Real Sound - Kaze no Regret (Japan) (Disc 2) (1M),真实声音 风之歌  （日版） （光碟 2） (1M),SS#1475
ss,Real Sound - Kaze no Regret (Japan) (Disc 2) (2M),真实声音 风之歌  （日版） （光碟 2） (2M),SS#1476
ss,Real Sound - Kaze no Regret (Japan) (Disc 3) (1M),真实声音 风之歌  （日版） （光碟 3） (1M),SS#1477
ss,Real Sound - Kaze no Regret (Japan) (Disc 3) (2M),真实声音 风之歌  （日版） （光碟 3） (2M),SS#1478
ss,Real Sound - Kaze no Regret (Japan) (Disc 4) (2M),真实声音 风之歌  （日版） （光碟 4） (2M),SS#1479
ss,Real Sound - Kaze no Regret (Japan) (Disc 4) (3M),真实声音 风之歌  （日版） （光碟 4） (3M),SS#1480
ss,Refrain Love - Anata ni Aitai (Japan) (Disc 1),爱的重奏 - ANATA NI AITAI  （日版） （光碟 1）,SS#1481
ss,Refrain Love - Anata ni Aitai (Japan) (Disc 2),爱的重奏 - ANATA NI AITAI  （日版） （光碟 2）,SS#1482
ss,Resident Evil (Europe),生化危机  （欧版）,SS#1483
ss,Resident Evil (USA),生化危机  （美版）,SS#1484
ss,Return to Zork (Japan) (1M),回归大魔域  （日版） (1M),SS#1485
ss,Return to Zork (Japan) (Rev A) (10M),回归大魔域  （日版） （修正版 A） (10M),SS#1486
ss,Revolution X - Music Is the Weapon (Europe),革命X - 音乐就是武器  （欧版）,SS#1487
ss,Revolution X - Music Is the Weapon (Germany) (5S),革命X - 音乐就是武器  （德国版） (5S),SS#1488
ss,Revolution X - Music Is the Weapon (Japan) (10S),革命X - 音乐就是武器  （日版） (10S),SS#1489
ss,Revolution X - Music Is the Weapon (USA),革命X - 音乐就是武器  （美版）,SS#1490
ss,Revolution X - Music Is the Weapon (USA) (Beta),革命X - 音乐就是武器  （美版） （测试版）,SS#1491
ss,Riglordsaga (Japan) (Demo),王国传说  （日版） （演示版）,SS#1492
ss,Riglordsaga (Japan) (Made in Japan) (1M),王国传说  （日版） (Made in Japan) (1M),SS#1493
ss,Riglordsaga (Japan) (Made in Japan) (4M),王国传说  （日版） (Made in Japan) (4M),SS#1494
ss,Riglordsaga (Japan) (Made in U.S.A.) (1S),王国传说  （日版） (Made in U.S.A.) (1S),SS#1495
ss,Riglordsaga (Japan) (Made in U.S.A.) (4S),王国传说  （日版） (Made in U.S.A.) (4S),SS#1496
ss,Riglordsaga 2 (Japan) (1M),王国传说 2  （日版） (1M),SS#1497
ss,Riglordsaga 2 (Japan) (2M),王国传说 2  （日版） (2M),SS#1498
ss,"Rise 2 - Resurrection (Europe) (En,Fr,De,Es,It)","上升2：复活  （欧版） (En,Fr,De,Es,It)",SS#1499
ss,"Rise 2 - Resurrection (Europe) (En,Fr,De,Es,It) (Beta)","上升2：复活  （欧版） (En,Fr,De,Es,It) （测试版）",SS#1500
ss,"Rise 2 - Resurrection (Japan) (En,Fr,De,Es,It)","上升2：复活  （日版） (En,Fr,De,Es,It)",SS#1501
ss,"Rise 2 - Resurrection (USA) (En,Fr,De,Es,It)","上升2：复活  （美版） (En,Fr,De,Es,It)",SS#1502
ss,Riven - A Sequencia de Myst (Brazil) (Disc 1),神秘岛 - 星空断层  （巴西版） （光碟 1）,SS#1503
ss,Riven - A Sequencia de Myst (Brazil) (Disc 2),神秘岛 - 星空断层  （巴西版） （光碟 2）,SS#1504
ss,Riven - A Sequencia de Myst (Brazil) (Disc 3),神秘岛 - 星空断层  （巴西版） （光碟 3）,SS#1505
ss,Riven - A Sequencia de Myst (Brazil) (Disc 4),神秘岛 - 星空断层  （巴西版） （光碟 4）,SS#1506
ss,Riven - The Sequel to Myst (Europe) (Disc 1),神秘岛2  （欧版） （光碟 1）,SS#1507
ss,Riven - The Sequel to Myst (Europe) (Disc 2),神秘岛2  （欧版） （光碟 2）,SS#1508
ss,Riven - The Sequel to Myst (Europe) (Disc 3),神秘岛2  （欧版） （光碟 3）,SS#1509
ss,Riven - The Sequel to Myst (Europe) (Disc 4),神秘岛2  （欧版） （光碟 4）,SS#1510
ss,Riven - The Sequel to Myst (Japan) (Disc 1),神秘岛2  （日版） （光碟 1）,SS#1511
ss,Riven - The Sequel to Myst (Japan) (Disc 2),神秘岛2  （日版） （光碟 2）,SS#1512
ss,Riven - The Sequel to Myst (Japan) (Disc 3),神秘岛2  （日版） （光碟 3）,SS#1513
ss,Riven - The Sequel to Myst (Japan) (Disc 4),神秘岛2  （日版） （光碟 4）,SS#1514
ss,RMJ - The Mystery Hospital (Japan),神秘病院  （日版）,SS#1515
ss,"Road & Track Presents - The Need for Speed (Europe) (En,De)","极品飞车1  （欧版） (En,De)",SS#1516
ss,Road & Track Presents - The Need for Speed (USA),极品飞车1  （美版）,SS#1517
ss,Road Rash (Europe),暴力摩托  （欧版）,SS#1518
ss,Road Rash (Japan),暴力摩托  （日版）,SS#1519
ss,Road Rash (USA),暴力摩托  （美版）,SS#1520
ss,Robo Pit (Europe),机器人格斗场  （欧版）,SS#1521
ss,Robo Pit (Japan),机器人格斗场  （日版）,SS#1522
ss,Robo Pit (USA),机器人格斗场  （美版）,SS#1523
ss,Robotica (USA),毁灭战士  （美版）,SS#1524
ss,Robotica - Cybernation Revolt (Europe),毁灭战士 - 机器人起义  （欧版）,SS#1525
ss,Rockman 8 - Metal Heroes (Japan),洛克人8 - 钢铁英雄们  （日版）,SS#1526
ss,Rockman X3 (Japan) (2M),洛克人X3  （日版） (2M),SS#1527
ss,Rockman X4 (Japan) (1M),洛克人X4  （日版） (1M),SS#1528
ss,Rockman X4 (Japan) (3M),洛克人X4  （日版） (3M),SS#1529
ss,Romance of the Three Kingdoms IV - Wall of Fire (USA),三国志4  （美版）,SS#1530
ss,Ronde (Japan) (Disc 1),轮舞曲  （日版） （光碟 1）,SS#1531
ss,Ronde (Japan) (Disc 2),轮舞曲  （日版） （光碟 2）,SS#1532
ss,Roommate - Inoue Ryouko (Japan),室友 - 井上凉子  （日版）,SS#1533
ss,Roommate - Inoue Ryouko (Japan) (Rev A),室友 - 井上凉子  （日版） （修正版 A）,SS#1534
ss,Roommate - Ryouko in Summer Vacation (Japan) (2M),室友 - 凉子的暑假  （日版） (2M),SS#1535
ss,Roommate 3 - Ryouko Kaze no Kagayaku Asa ni (Japan),井上凉子3 风的早晨  （日版）,SS#1536
ss,Roommate 3 - Ryouko Kaze no Kagayaku Asa ni (Japan) (Rev A),井上凉子3 风的早晨  （日版） （修正版 A）,SS#1537
ss,Roommate W - Futari (Japan) (Disc 1),室友 W - 两个人  （日版） （光碟 1）,SS#1538
ss,Roommate W - Futari (Japan) (Disc 2),室友 W - 两个人  （日版） （光碟 2）,SS#1539
ss,RoX - 6 = Six (Japan),ROX - 6 = SIX  （日版）,SS#1540
ss,Ruriiro no Yuki (Japan),琉璃色的雪  （日版）,SS#1541
ss,Ryouko no Oshaberi Room (Japan),井上凉子联动资料集  （日版）,SS#1542
ss,Ryouri no Tetsujin - Kitchen Stadium Tour (Japan),料理达人 - 厨房之旅  （日版）,SS#1543
ss,Ryuuteki Gosennen - Dragons of China (Japan),龙的五千年  （日版）,SS#1544
ss,Sakamoto Ryouma - Ishin Kaikoku (Japan),坂本龙马 - 维新开国  （日版）,SS#1545
ss,Sakura Taisen (Japan) (Disc 1) (6M),樱大战  （日版） （光碟 1） (6M),SS#1546
ss,"Sakura Taisen (Japan) (Disc 1) (7M, 9M, 10M)","樱大战  （日版） （光碟 1） (7M, 9M, 10M)",SS#1547
ss,"Sakura Taisen (Japan) (Disc 1) (8M, 13M)","樱大战  （日版） （光碟 1） (8M, 13M)",SS#1548
ss,Sakura Taisen (Japan) (Disc 2) (6M),樱大战  （日版） （光碟 2） (6M),SS#1549
ss,Sakura Taisen (Japan) (Disc 2) (7M),樱大战  （日版） （光碟 2） (7M),SS#1550
ss,"Sakura Taisen (Japan) (Disc 2) (8M, 9M)","樱大战  （日版） （光碟 2） (8M, 9M)",SS#1551
ss,Sakura Taisen - Hanagumi Taisen Columns (Japan) (1M),樱大战 - 花组对战方块  （日版） (1M),SS#1552
ss,Sakura Taisen - Hanagumi Taisen Columns (Japan) (2M),樱大战 - 花组对战方块  （日版） (2M),SS#1553
ss,Sakura Taisen - Hanagumi Tsuushin (Japan) (1M),樱大战 - 花组 通信  （日版） (1M),SS#1554
ss,Sakura Taisen - Hanagumi Tsuushin (Japan) (2M),樱大战 - 花组 通信  （日版） (2M),SS#1555
ss,Sakura Taisen - Jouki Radio Show (Japan) (Disc 1) (Yuugi-ban),樱大战 - 蒸汽广播节目  （日版） （光碟 1） (Yuugi-ban),SS#1556
ss,Sakura Taisen - Jouki Radio Show (Japan) (Disc 2) (Kayou-ban),樱大战 - 蒸汽广播节目  （日版） （光碟 2） (Kayou-ban),SS#1557
ss,Sakura Taisen - Teigeki Graph - Teigeki Graph in Sakura Wars (Japan) (Disc 1),樱大战 帝击画报 （日版） （光碟 1）,SS#1558
ss,Sakura Taisen - Teigeki Graph - Teigeki Graph in Sakura Wars (Japan) (Disc 2),樱大战 帝击画报 （日版） （光碟 2）,SS#1559
ss,"Sakura Taisen 2 - Kimi, Shinitamou Koto Nakare (Japan) (Demo)",樱大战2 - ～愿君平安～  （日版） （演示版）,SS#1560
ss,"Sakura Taisen 2 - Kimi, Shinitamou Koto Nakare (Japan) (Disc 1) (Rev A)",樱大战2 - ～愿君平安～  （日版） （光碟 1） （修正版 A）,SS#1561
ss,"Sakura Taisen 2 - Kimi, Shinitamou Koto Nakare (Japan) (Disc 1) (Shokai Tokutenban)",樱大战2 - ～愿君平安～  （日版） （光碟 1） (Shokai Tokutenban),SS#1562
ss,"Sakura Taisen 2 - Kimi, Shinitamou Koto Nakare (Japan) (Disc 1) (Shokai Tokutenban) (1M, 3M, 4M)","樱大战2 - ～愿君平安～  （日版） （光碟 1） (Shokai Tokutenban) (1M, 3M, 4M)",SS#1563
ss,"Sakura Taisen 2 - Kimi, Shinitamou Koto Nakare (Japan) (Disc 2) (Rev A) (10M, 11M)","樱大战2 - ～愿君平安～  （日版） （光碟 2） （修正版 A） (10M, 11M)",SS#1564
ss,"Sakura Taisen 2 - Kimi, Shinitamou Koto Nakare (Japan) (Disc 2) (Rev A) (12M)",樱大战2 - ～愿君平安～  （日版） （光碟 2） （修正版 A） (12M),SS#1565
ss,"Sakura Taisen 2 - Kimi, Shinitamou Koto Nakare (Japan) (Disc 2) (Shokai Tokutenban)",樱大战2 - ～愿君平安～  （日版） （光碟 2） (Shokai Tokutenban),SS#1566
ss,"Sakura Taisen 2 - Kimi, Shinitamou Koto Nakare (Japan) (Disc 2) (Shokai Tokutenban) (1M, 2M, 4M)","樱大战2 - ～愿君平安～  （日版） （光碟 2） (Shokai Tokutenban) (1M, 2M, 4M)",SS#1567
ss,"Sakura Taisen 2 - Kimi, Shinitamou Koto Nakare (Japan) (Disc 3) (Rev A) (12M)",樱大战2 - ～愿君平安～  （日版） （光碟 3） （修正版 A） (12M),SS#1568
ss,"Sakura Taisen 2 - Kimi, Shinitamou Koto Nakare (Japan) (Disc 3) (Shokai Tokutenban)",樱大战2 - ～愿君平安～  （日版） （光碟 3） (Shokai Tokutenban),SS#1569
ss,"Sakura Taisen 2 - Kimi, Shinitamou Koto Nakare (Japan) (Disc 3) (Shokai Tokutenban) (2M)",樱大战2 - ～愿君平安～  （日版） （光碟 3） (Shokai Tokutenban) (2M),SS#1570
ss,"Sakura Taisen 2 - Kimi, Shinitamou Koto Nakare (Japan) (Disc 3) (Shokai Tokutenban) (3M, 4M, 5M, 6M)","樱大战2 - ～愿君平安～  （日版） （光碟 3） (Shokai Tokutenban) (3M, 4M, 5M, 6M)",SS#1571
ss,Sakura Taisen Teikokukagekidan Taiin Meibo (Japan),樱大战 帝国華撃団隊員名簿  （日版）,SS#1572
ss,Sakura Tsuushin (Japan),樱花 通信  （日版）,SS#1573
ss,Salamander Deluxe Pack Plus (Japan),沙罗曼蛇 豪华版 PLUS  （日版）,SS#1574
ss,"Samurai Spirits - Amakusa Kourin (Japan) (En,Ja,Es,Pt)","侍魂 - 天草降临  （日版） (En,Ja,Es,Pt)",SS#1575
ss,"Samurai Spirits - Amakusa Kourin (Japan) (En,Ja,Es,Pt) (Demo)","侍魂 - 天草降临  （日版） (En,Ja,Es,Pt) （演示版）",SS#1576
ss,Samurai Spirits - Zankurou Musouken (Japan),侍魂 - 斩红郎无双剑  （日版）,SS#1577
ss,Sangokushi Eiketsuden (Japan),三国志 英杰传  （日版）,SS#1578
ss,Sangokushi IV (Japan),三国志 IV  （日版）,SS#1579
ss,Sangokushi IV with Power-Up Kit (Japan),三国志 IV 威力加强版  （日版）,SS#1580
ss,Sangokushi Koumeiden (Japan),三国志 孔明传  （日版）,SS#1581
ss,Sangokushi Returns (Japan),三国志 回归  （日版）,SS#1582
ss,Sangokushi V (Japan),三国志 V  （日版）,SS#1583
ss,Sangokushi V (Japan) (Rev A),三国志 V  （日版） （修正版 A）,SS#1584
ss,Sanguozhi IV (Taiwan),三国志 IV  (Taiwan),SS#1585
ss,Sanguozhi V (Taiwan),三国志 V  (Taiwan),SS#1586
ss,Sanguozhi Yingjiezhuan (Taiwan),三国志 英杰传  (Taiwan),SS#1587
ss,Sankyo Fever - Jikki Simulation S (Japan),本家实战机台柏青哥 S  （日版）,SS#1588
ss,Sankyo Fever - Jikki Simulation S Vol. 2 (Japan),本家实战机台柏青哥 S 卷 2  （日版）,SS#1589
ss,Sankyo Fever - Jikki Simulation S Vol. 3 (Japan),本家实战机台柏青哥 S 卷 3  （日版）,SS#1590
ss,SatMag Sono CD (Japan),SATMAG SONO CD  （日版）,SS#1591
ss,Saturn Bomberman (Europe),土星炸弹人  （欧版）,SS#1592
ss,Saturn Bomberman (Japan),土星炸弹人  （日版）,SS#1593
ss,Saturn Bomberman (Japan) (Demo),土星炸弹人  （日版） （演示版）,SS#1594
ss,Saturn Bomberman (Japan) (SegaNet),土星炸弹人  （日版） (SegaNet),SS#1595
ss,Saturn Bomberman (USA) (1S),土星炸弹人  （美版） (1S),SS#1596
ss,Saturn Bomberman Fight!! (Japan),土星炸弹人 战斗  （日版）,SS#1597
ss,Saturn Bomberman Fight!! (Japan) (Demo),土星炸弹人 战斗  （日版） （演示版）,SS#1598
ss,Saturn CG Selection Vol. 1 (Japan) (Rev A),世嘉土星CG精选集 卷 1  （日版） （修正版 A）,SS#1599
ss,Saturn Music School (Japan),世嘉土星音乐学校  （日版）,SS#1600
ss,Saturn Music School 2 (Japan) (Rev A),世嘉土星音乐学校 2  （日版） （修正版 A）,SS#1601
ss,Saturn Super Henshuubu Hen - Taikenban Saturn Soft Taizen (Japan) (1M),超级土星 編集部　編　体験版サターンソフト大全  （日版） (1M),SS#1602
ss,Saturn Super Henshuubu Hen - Taikenban Saturn Soft Taizen (Japan) (2M),超级土星 編集部　編　体験版サターンソフト大全  （日版） (2M),SS#1603
ss,Saturn Super Vol. 1 (Japan) (6M),超级土星 卷 1  （日版） (6M),SS#1604
ss,Saturn Super Vol. 1 (Japan) (7M),超级土星 卷 1  （日版） (7M),SS#1605
ss,Saturn Super Vol. 1 (Japan) (8M),超级土星 卷 1  （日版） (8M),SS#1606
ss,"Saturn Super Vol. 10 Furoku CD-ROM (Japan) (2M, 3M)","超级土星 卷 10 附录 CD-ROM  （日版） (2M, 3M)",SS#1607
ss,Saturn Super Vol. 11 Furoku CD-ROM (Japan),超级土星 卷 11 附录 CD-ROM  （日版）,SS#1608
ss,Saturn Super Vol. 2 (Japan) (1M),超级土星 卷 2  （日版） (1M),SS#1609
ss,Saturn Super Vol. 2 (Japan) (2M),超级土星 卷 2  （日版） (2M),SS#1610
ss,Saturn Super Vol. 2 (Japan) (6M),超级土星 卷 2  （日版） (6M),SS#1611
ss,Saturn Super Vol. 3 (Japan) (Rev A) (3M),超级土星 卷 3  （日版） （修正版 A） (3M),SS#1612
ss,Saturn Super Vol. 4 (Japan) (2M),超级土星 卷 4  （日版） (2M),SS#1613
ss,Saturn Super Vol. 5 (Japan) (2M),超级土星 卷 5  （日版） (2M),SS#1614
ss,Saturn Super Vol. 6 (Japan) (1M),超级土星 卷 6  （日版） (1M),SS#1615
ss,Saturn Super Vol. 6 (Japan) (2M),超级土星 卷 6  （日版） (2M),SS#1616
ss,Saturn Super Vol. 7 (Japan) (2M),超级土星 卷 7  （日版） (2M),SS#1617
ss,Saturn Super Vol. 8 (Japan),超级土星 卷 8  （日版）,SS#1618
ss,Saturn Super Vol. 9 Furoku CD-ROM (Japan),超级土星 卷 9 附录 CD-ROM  （日版）,SS#1619
ss,Savaki (Japan) (2M),青花鱼  （日版） (2M),SS#1620
ss,Scorcher (Europe),滚石赛车  （欧版）,SS#1621
ss,Scorcher (USA) (RE),滚石赛车  （美版） (RE),SS#1622
ss,Scud - The Disposable Assassin (USA),飞毛腿  （美版）,SS#1623
ss,SD Gundam - GCentury S (Japan),SD高达 - G世纪 S  （日版）,SS#1624
ss,"Sea Bass Fishing (Europe) (En,Fr,De)","钓鲈  （欧版） (En,Fr,De)",SS#1625
ss,SeaBass Fishing (Japan),海巴斯钓鱼  （日版）,SS#1626
ss,SeaBass Fishing 2 (Japan),海巴斯钓鱼2  （日版）,SS#1627
ss,Sega Ages - After Burner II (Japan),世嘉时代 - 冲破火网 II  （日版）,SS#1628
ss,Sega Ages - Columns Arcade Collection (Japan),魔法宝石合集1  （日版）,SS#1629
ss,Sega Ages - Fantasy Zone (Japan),世嘉时代 - 幻想地带  （日版）,SS#1630
ss,Sega Ages - Galaxy Force II (Japan),世嘉时代 - 银河力量 II  （日版）,SS#1631
ss,Sega Ages - I Love Mickey Mouse - Fushigi no Oshiro Daibouken & I Love Donald Duck - Georgia Ou no Hihou (Japan),世嘉时代 - 我爱米老鼠 - 不可思议的御城大冒险 & 我爱唐老鸭 - 乔治的密宝  （日版）,SS#1632
ss,Sega Ages - Memorial Selection Vol. 1 (Japan),世嘉时代 - 经典纪念合集 卷 1  （日版）,SS#1633
ss,Sega Ages - Memorial Selection Vol. 2 (Japan),世嘉时代 - 经典纪念合集 卷 2  （日版）,SS#1634
ss,Sega Ages - OutRun (Japan),世嘉时代 - OUTRUN  （日版）,SS#1635
ss,Sega Ages - OutRun (Japan) (Rev A),世嘉时代 - OUTRUN  （日版） （修正版 A）,SS#1636
ss,Sega Ages - Phantasy Star Collection (Japan),世嘉时代 - 梦幻之星合集  （日版）,SS#1637
ss,Sega Ages - Power Drift (Japan),力量漂移  （日版）,SS#1638
ss,Sega Ages - Rouka ni Ichidanto R (Japan),世嘉时代 - 廊下大百科  （日版）,SS#1639
ss,Sega Ages - Shukudai ga Tanto R (Japan),世嘉时代 - IQ乐园+宿题 R  （日版）,SS#1640
ss,Sega Ages - Space Harrier (Japan),世嘉时代 - 太空哈利  （日版）,SS#1641
ss,Sega Ages - Space Harrier (Japan) (Rev A) (11M),世嘉时代 - 太空哈利  （日版） （修正版 A） (11M),SS#1642
ss,Sega Ages - Space Harrier (Japan) (Rev A) (13M),世嘉时代 - 太空哈利  （日版） （修正版 A） (13M),SS#1643
ss,Sega Ages Volume 1 (Europe),世嘉时代 卷 1  （欧版）,SS#1644
ss,Sega Ages Volume 1 (USA),世嘉时代 卷 1  （美版）,SS#1645
ss,Sega Flash Vol. 1 (Europe),世嘉 FLASH 卷 1  （欧版）,SS#1646
ss,Sega Flash Vol. 2 (Europe),世嘉 FLASH 卷 2  （欧版）,SS#1647
ss,Sega Flash Vol. 3 (Europe),世嘉 FLASH 卷 3  （欧版）,SS#1648
ss,Sega Flash Vol. 3 (Europe) (Rev A),世嘉 FLASH 卷 3  （欧版） （修正版 A）,SS#1649
ss,Sega Flash Vol. 4 (Europe),世嘉 FLASH 卷 4  （欧版）,SS#1650
ss,Sega Flash Vol. 5 (Europe),世嘉 FLASH 卷 5  （欧版）,SS#1651
ss,Sega Flash Vol. 6 (Europe),世嘉 FLASH 卷 6  （欧版）,SS#1652
ss,Sega Flash Vol. 7 (Europe),世嘉 FLASH 卷 7  （欧版）,SS#1653
ss,Sega International Victory Goal (Japan) (5M),世嘉 国际化 胜利足球  （日版） (5M),SS#1654
ss,Sega Rally Championship (Europe) (Made in EU),世嘉拉力  （欧版） (Made in EU),SS#1655
ss,Sega Rally Championship (Europe) (Made in USA),世嘉拉力  （欧版） (Made in USA),SS#1656
ss,Sega Rally Championship (Japan),世嘉拉力  （日版）,SS#1657
ss,Sega Rally Championship (Japan) (Demo),世嘉拉力  （日版） （演示版）,SS#1658
ss,Sega Rally Championship (Korea),世嘉拉力  （韩国版）,SS#1659
ss,Sega Rally Championship (USA),世嘉拉力  （美版）,SS#1660
ss,Sega Rally Championship Plus (Japan),世嘉拉力加强版  （日版）,SS#1661
ss,Sega Rally Championship Plus Netlink Edition (USA),世嘉拉力加强版 网络连接版  （美版）,SS#1662
ss,Sega Saturn Bootleg II - On the Road (USA),世嘉土星 BOOTLEG II - ON THE ROAD  （美版）,SS#1663
ss,Sega Saturn Choice Cuts (USA) (R2),世嘉土星 精选  （美版） (R2),SS#1664
ss,Sega Saturn Choice Cuts (USA) (RE),世嘉土星 精选  （美版） (RE),SS#1665
ss,Sega Saturn de Hakken!! Tamagotchi Park (Japan),世嘉土星 で発见!! TAMAGOTCHI PARK  （日版）,SS#1666
ss,Sega Screams Volume 2 (USA),Sega Screams Volume 2 （美版）,SS#1667
ss,Sega Touring Car Championship (Europe),世嘉观览车大赛  （欧版）,SS#1668
ss,Sega Touring Car Championship (Japan),世嘉观览车大赛  （日版）,SS#1669
ss,Sega Touring Car Championship (Japan) (Demo),世嘉观览车大赛  （日版） （演示版）,SS#1670
ss,Sega Touring Car Championship (USA),世嘉观览车大赛  （美版）,SS#1671
ss,Sega Worldwide Soccer '97 (USA),世嘉 世界联赛足球 '97  （美版）,SS#1672
ss,Sega Worldwide Soccer '98 (Japan),世嘉 世界联赛足球 '98  （日版）,SS#1673
ss,"Sega Worldwide Soccer '98 - Club Edition (Europe) (En,Fr,Es)","世嘉 世界联赛足球 '98 - 俱乐部版  （欧版） (En,Fr,Es)",SS#1674
ss,"Sega Worldwide Soccer '98 - Club Edition (Europe) (En,Fr,Es) (Rev A)","世嘉 世界联赛足球 '98 - 俱乐部版  （欧版） (En,Fr,Es) （修正版 A）",SS#1675
ss,"Sega Worldwide Soccer '98 - Club Edition (Europe) (En,Fr,Es) (Rev B)","世嘉 世界联赛足球 '98 - 俱乐部版  （欧版） (En,Fr,Es) （修正版 B）",SS#1676
ss,Sega Worldwide Soccer 97 (Europe),世嘉 世界联赛足球 97  （欧版）,SS#1677
ss,Sega Worldwide Soccer 97 (Europe) (Alt),世嘉 世界联赛足球 97  （欧版） (Alt),SS#1678
ss,SegaColle Sega Bible Mogitate SegaSaturn Soukan-gou (Japan),S世嘉俱乐部  （日版）,SS#1679
ss,SegaSaturn - Graphic & Sound Tools for Macintosh (Japan),世嘉土星 - 图形和声音工具集 FOR MACINTOSH  （日版）,SS#1680
ss,SegaSaturn - Movie Tools - Cinepak for Sega Saturn (Japan) (Hybrid Version),世嘉土星 - 电影工具集 - 电影摄像机 世嘉土星版  （日版） (Hybrid Version),SS#1681
ss,SegaSaturn - SGL Tool Kit - Sega 3D Game Library (Japan),世嘉土星 - SGL 工具套件 - 世嘉 3D游戏 图书馆  （日版）,SS#1682
ss,SegaSaturn Electronic Book Operator (Japan),世嘉土星 电子书操作指南  （日版）,SS#1683
ss,SegaSaturn FDD Operator (Japan),世嘉土星 FDD 操作指南  （日版）,SS#1684
ss,SegaSaturn Internet 2 (Japan),世嘉土星网络 2  （日版）,SS#1685
ss,SegaSaturn Internet Vol. 1 (Japan),世嘉土星网络 卷 1  （日版）,SS#1686
ss,SegaSaturn Photo CD Operator (Japan),世嘉土星 相片 CD 操作指南  （日版）,SS#1687
ss,SegaSaturn Photo CD Operator (Japan) (Rev A),世嘉土星 相片 CD 操作指南  （日版） （修正版 A）,SS#1688
ss,Segata Sanshirou - Shinken Yuugi (Japan),世嘉三四郎 - 真剑游戏  （日版）,SS#1689
ss,Seifuku Densetsu - Pretty Fighter X (Japan) (1M),制服传说 - 美少女斗士 X  （日版） (1M),SS#1690
ss,Seifuku Densetsu - Pretty Fighter X (Japan) (2B),制服传说 - 美少女斗士 X  （日版） (2B),SS#1691
ss,"Seikai Risshiden - Yoi Kuni, Yoi Seiji (Japan)",政界立志传 - 良国政治  （日版）,SS#1692
ss,Seireki 1999 - Pharaoh no Fukkatsu (Japan),西历 1999 - 法老的复活  （日版）,SS#1693
ss,Sekai no Shasou kara - I Swiss-hen - Alps Tozantetsudou no Tabi (Japan),车窗外的世界 - 瑞士篇 - 阿尔卑斯山登山铁路之旅  （日版）,SS#1694
ss,Sengoku Blade - Sengoku Ace Episode II (Japan) (Demo),战国之刃2  （日版） （演示版）,SS#1695
ss,Sengoku Blade - Sengoku Ace Episode II (Japan) (Disc 1),战国之刃2  （日版） （光碟 1）,SS#1696
ss,Sengoku Blade - Sengoku Ace Episode II (Japan) (Disc 2) (Sengoku Kawaraban - Digital Edition),战国之刃2  （日版） （光碟 2） (Sengoku Kawaraban - Digital Edition),SS#1697
ss,Senken Kigyouden (Japan),仙剑奇侠传  （日版）,SS#1698
ss,Senkutsu Katsuryu Taisen - Chaos Seed (Japan) (Disc 1) (Game Disc) (Rev A) (10M),仙窟活龍大戰 - 仙窟活龙大战 混乱种子  （日版） （光碟 1） (Game Disc) （修正版 A） (10M),SS#1699
ss,Senkutsu Katsuryu Taisen - Chaos Seed (Japan) (Disc 1) (Game Disc) (Rev B) (21M),仙窟活龍大戰 - 仙窟活龙大战 混乱种子  （日版） （光碟 1） (Game Disc) （修正版 B） (21M),SS#1700
ss,Senkutsu Katsuryu Taisen - Chaos Seed (Japan) (Disc 2) (Omake Disc),仙窟活龍大戰 - 仙窟活龙大战 混乱种子  （日版） （光碟 2） (Omake Disc),SS#1701
ss,Senryaku Shougi (Japan),战略 将棋  （日版）,SS#1702
ss,Sentimental Graffiti (Japan) (Disc 1) (Game Disc) (1M),青涩之恋  （日版） （光碟 1） (Game Disc) (1M),SS#1703
ss,Sentimental Graffiti (Japan) (Disc 1) (Game Disc) (2M),青涩之恋  （日版） （光碟 1） (Game Disc) (2M),SS#1704
ss,Sentimental Graffiti (Japan) (Disc 1) (Game Disc) (4M),青涩之恋  （日版） （光碟 1） (Game Disc) (4M),SS#1705
ss,Sentimental Graffiti (Japan) (Disc 1) (Game Disc) (5M),青涩之恋  （日版） （光碟 1） (Game Disc) (5M),SS#1706
ss,"Sentimental Graffiti (Japan) (Disc 2) (Second Window) (1M, 2M)","青涩之恋  （日版） （光碟 2） (Second Window) (1M, 2M)",SS#1707
ss,Sentimental Graffiti (Japan) (Disc 2) (Second Window) (4M),青涩之恋  （日版） （光碟 2） (Second Window) (4M),SS#1708
ss,Sentimental Graffiti (Japan) (Disc 2) (Second Window) (5M),青涩之恋  （日版） （光碟 2） (Second Window) (5M),SS#1709
ss,Sentimental Graffiti - First Window (Japan),青涩之恋 - FIRST WINDOW  （日版）,SS#1710
ss,Sento Monogatari Sono I (Japan),占都物语 I  （日版）,SS#1711
ss,Sexy Parodius (Japan),性感疯狂大射击  （日版）,SS#1712
ss,Shadows of the Tusk (Japan),梦幻侠影  （日版）,SS#1713
ss,Shanghai - Banri no Choujou - The Great Wall (Japan) (1M),上海：万里长城 - 万里长城  （日版） (1M),SS#1714
ss,Shanghai - Banri no Choujou - The Great Wall (Japan) (Rev A) (15M),上海：万里长城 - 万里长城  （日版） （修正版 A） (15M),SS#1715
ss,Shanghai - Great Moments (Japan) (1M),上海 伟大时刻 （日版） (1M),SS#1716
ss,Shanghai - Great Moments (Japan) (2M),上海 伟大时刻 （日版） (2M),SS#1717
ss,Shanghai - Triple-Threat (USA),上海 - 三重威胁  （美版）,SS#1718
ss,She'sn (Japan),KID恋爱  （日版）,SS#1719
ss,Shellshock (Europe),弹震症  （欧版）,SS#1720
ss,Shellshock (France),弹震症  （法国版）,SS#1721
ss,Shellshock (Germany),弹震症  （德国版）,SS#1722
ss,Shellshock (USA),弹震症  （美版）,SS#1723
ss,Shellshock - Jus' Keepin' da Peace (Japan),弹震症 - 贝壳冲击  （日版）,SS#1724
ss,Shichisei Toushin Guyferd - Crown Kaimetsu Sakusen (Japan),七星斗神 - クラウン壊滅作戦  （日版）,SS#1725
ss,Shichuu Suimei Pitagraph (Japan) (2M),四柱推命  （日版） (2M),SS#1726
ss,Shienryuu (Japan),紫炎龙U  （日版）,SS#1727
ss,Shin Kaitei Gunkan - Koutetsu no Kodoku (Japan),新海底军舰 钢铁之孤独  （日版）,SS#1728
ss,Shin Megami Tensei - Devil Summoner (Japan) (Rev A),真女神转生-恶魔召唤师  （日版） （修正版 A）,SS#1729
ss,Shin Megami Tensei - Devil Summoner (Japan) (Rev B),真女神转生-恶魔召唤师  （日版） （修正版 B）,SS#1730
ss,Shin Megami Tensei - Devil Summoner - Akuma Zensho (Japan),真女神转生-恶魔召唤师 - AKUMA ZENSHO  （日版）,SS#1731
ss,Shin Seiki Evangelion (Japan),新世纪福音战士  （日版）,SS#1732
ss,Shin Seiki Evangelion - 2nd Impression (Japan) (Made in Japan),新世纪福音战士 - 2ND IMPRESSION  （日版） (Made in Japan),SS#1733
ss,Shin Seiki Evangelion - 2nd Impression (Japan) (Made in U.S.A.),新世纪福音战士 - 2ND IMPRESSION  （日版） (Made in U.S.A.),SS#1734
ss,Shin Seiki Evangelion - Eva to Yukaina Nakama-tachi (Japan),新世纪福音战士 - EVA TO YUKAINA NAKAMA-TACHI  （日版）,SS#1735
ss,Shin Shinobiden (Japan),新忍传 （日版）,SS#1736
ss,Shin Theme Park (Japan),新主题公园  （日版）,SS#1737
ss,Shingata Kururin Pa! (Japan),新型方块对战 （日版）,SS#1738
ss,Shining Force III (Europe) (R),光明力量 III  （欧版） (R),SS#1739
ss,Shining Force III (USA),光明力量 III  （美版）,SS#1740
ss,Shining Force III (USA) (Beta),光明力量 III  （美版） （测试版）,SS#1741
ss,Shining Force III - Scenario 1 - Outo no Kyoshin (Japan),光明力量 III - 剧本 1 - 王都的巨神  （日版）,SS#1742
ss,Shining Force III - Scenario 1 - Outo no Kyoshin (Japan) (Demo),光明力量 III - 剧本 1 - 王都的巨神  （日版） （演示版）,SS#1743
ss,Shining Force III - Scenario 1 - Outo no Kyoshin (Japan) (Rev A),光明力量 III - 剧本 1 - 王都的巨神  （日版） （修正版 A）,SS#1744
ss,Shining Force III - Scenario 2 - Nerawareta Miko (Japan),光明力量 III - 剧本 2 - 猎物是神子  （日版）,SS#1745
ss,Shining Force III - Scenario 2 - Nerawareta Miko (Japan) (Rev A),光明力量 III - 剧本 2 - 猎物是神子  （日版） （修正版 A）,SS#1746
ss,Shining Force III - Scenario 3 - Hyouheki no Jashinguu (Japan),光明力量 III - 剧本 3 - 冰壁邪神宫  （日版）,SS#1747
ss,Shining Force III Premium Disc (Japan),光明力量 III PREMIUM DISC  （日版）,SS#1748
ss,Shining the Holy Ark (Europe),光明圣柜  （欧版）,SS#1749
ss,Shining the Holy Ark (Japan) (1M),光明圣柜  （日版） (1M),SS#1750
ss,Shining the Holy Ark (Japan) (3M),光明圣柜  （日版） (3M),SS#1751
ss,Shining the Holy Ark (USA),光明圣柜  （美版）,SS#1752
ss,Shining Wisdom (Europe),光明智慧  （欧版）,SS#1753
ss,Shining Wisdom (Japan),光明智慧  （日版）,SS#1754
ss,Shining Wisdom (Japan) (Demo),光明智慧  （日版） （演示版）,SS#1755
ss,Shining Wisdom (Japan) (Rev A),光明智慧  （日版） （修正版 A）,SS#1756
ss,Shining Wisdom (USA),光明智慧  （美版）,SS#1757
ss,Shining Wisdom (USA) (Beta),光明智慧  （美版） （测试版）,SS#1758
ss,Shinobi Legions (USA),新忍传  （美版）,SS#1759
ss,Shinobi-X - Shin Shinobi Den (Europe),忍者-X - 新忍传  （欧版）,SS#1760
ss,Shinouken (Japan),神凰拳  （日版）,SS#1761
ss,Shinpi no Sekai El-Hazard - El-Hazard - The Magnificent World for Sega Saturn (Japan) (2M),神秘的世界 （日版） (2M),SS#1762
ss,Shinrei Jusatsushi Taroumaru (Japan),心灵咒杀师 太郎丸  （日版）,SS#1763
ss,Shinsetsu Samurai Spirits - Bushidou Retsuden (Japan),侍魂 - 武士道列传  （日版）,SS#1764
ss,Shinsetsu Yumemi Yakata - Tobira no Oku ni Dareka ga... (Japan) (Rev A) (1M),真说梦见馆...  （日版） （修正版 A） (1M),SS#1765
ss,"Shinsetsu Yumemi Yakata - Tobira no Oku ni Dareka ga... (Japan) (Rev A) (2A, 2B)","真说梦见馆...  （日版） （修正版 A） (2A, 2B)",SS#1766
ss,Shinsetsu Yumemi Yakata - Tobira no Oku ni Dareka ga... (Japan) (Rev A) (5M),真说梦见馆...  （日版） （修正版 A） (5M),SS#1767
ss,Shippuu Mahou Daisakusen - Kingdom-Grandprix (Japan),疾风魔法大作战 - 王国大奖赛  （日版）,SS#1768
ss,Shiroki Majo - Mou Hitotsu no Eiyuu Densetsu (Japan) (Demo),英雄传说3白发魔女  （日版） （演示版）,SS#1769
ss,Shiroki Majo - Mou Hitotsu no Eiyuu Densetsu (Japan) (Disc 1),英雄传说3白发魔女  （日版） （光碟 1）,SS#1770
ss,Shiroki Majo - Mou Hitotsu no Eiyuu Densetsu (Japan) (Disc 2),英雄传说3白发魔女  （日版） （光碟 2）,SS#1771
ss,Shockwave Assault (Europe),冲击波：入侵地球  （欧版）,SS#1772
ss,Shockwave Assault (USA),冲击波：入侵地球  （美版）,SS#1773
ss,Shougi Matsuri (Japan),将棋 祭典  （日版）,SS#1774
ss,Shoujo Kakumei Utena - Itsuka Kakumei Sareru Monogatari (Japan) (Disc 1),少女革命 - 终将迎来革命的故事  （日版） （光碟 1）,SS#1775
ss,Shoujo Kakumei Utena - Itsuka Kakumei Sareru Monogatari (Japan) (Disc 2),少女革命 - 终将迎来革命的故事  （日版） （光碟 2）,SS#1776
ss,Shouryuu Sangoku Engi (Japan),升龙三国演义  （日版）,SS#1777
ss,Shunsai (Japan),骏才  （日版）,SS#1778
ss,Shusse Mahjong Daisettai (Japan),出世 麻将 大接待  （日版）,SS#1779
ss,Shutsudou! Miniskirt Police (Japan) (2M),出击迷你裙女警 （日版） (2M),SS#1780
ss,Sid Meier's Civilization - Shin Sekai Shichidai Bunmei (Japan),文明帝国 - 新世界七大文明  （日版）,SS#1781
ss,Side Pocket 2 - Densetsu no Hustler (Japan),花式撞球2 （日版）,SS#1782
ss,Side Pocket 3 (Japan),花式撞球3 （日版）,SS#1783
ss,Side Pocket 3 (Japan) (Demo),花式撞球3 （日版） （演示版）,SS#1784
ss,Silhouette Mirage (Japan),侧影幻像  （日版）,SS#1785
ss,Silhouette Mirage (Japan) (Demo),侧影幻像  （日版） （演示版）,SS#1786
ss,Silhouette Mirage (Japan) (Rev A),侧影幻像  （日版） （修正版 A）,SS#1787
ss,SimCity 2000 (Europe),模拟城市 2000  （欧版）,SS#1788
ss,SimCity 2000 (Japan) (Rev A),模拟城市 2000  （日版） （修正版 A）,SS#1789
ss,SimCity 2000 (USA),模拟城市 2000  （美版）,SS#1790
ss,Simulation RPG Tkool (Japan),模拟RPG工具  （日版）,SS#1791
ss,Simulation Zoo (Japan),模拟动物园  （日版）,SS#1792
ss,"Skeleton Warriors (Europe) (En,Fr,De,Es,It)","骷髅战士  （欧版） (En,Fr,De,Es,It)",SS#1793
ss,Skeleton Warriors (USA),骷髅战士  （美版）,SS#1794
ss,Skull Fang - Kuuga Gaiden (Japan),空牙外传  （日版）,SS#1795
ss,Sky Target (Europe),空中目标 （欧版）,SS#1796
ss,Sky Target (Japan),空中目标 （日版）,SS#1797
ss,Sky Target (USA),空中目标 （美版）,SS#1798
ss,Slam 'n Jam '96 featuring Magic & Kareem (Japan),大灌篮96：魔术队对贾巴尔  （日版）,SS#1799
ss,Slam 'n Jam '96 featuring Magic & Kareem - Signature Edition (Europe),大灌篮96：魔术队对贾巴尔 - 签名版  （欧版）,SS#1800
ss,Slam 'n Jam '96 featuring Magic & Kareem - Signature Edition (USA),大灌篮96：魔术队对贾巴尔 - 签名版  （美版）,SS#1801
ss,Slayers Royal (Japan),魔剑美神  （日版）,SS#1802
ss,Slayers Royal 2 (Japan) (1M),魔剑美神2  （日版） (1M),SS#1803
ss,Slayers Royal 2 (Japan) (2M),魔剑美神2  （日版） (2M),SS#1804
ss,Snatcher (Japan),诱拐者  （日版）,SS#1805
ss,Soeldnerschild (Japan),少年佣兵团  （日版）,SS#1806
ss,Sokkou Seitokai - Sonic Council (Japan),速攻生徒会  （日版）,SS#1807
ss,Sol Divide (Japan),太阳表决  （日版）,SS#1808
ss,Solar Eclipse (USA) (2S),全日蚀  （美版） (2S),SS#1809
ss,Solo Crisis (Japan) (1M),魔物危机 （日版） (1M),SS#1810
ss,Solo Crisis (Japan) (2M),魔物危机 （日版） (2M),SS#1811
ss,Solo Crisis (Japan) (Demo),魔物危机 （日版） （演示版）,SS#1812
ss,Sonic 3D - Flickies' Island (Europe),索尼克3D岛  （欧版）,SS#1813
ss,Sonic 3D - Flickies' Island (Japan),索尼克3D岛  （日版）,SS#1814
ss,Sonic 3D Blast (USA),索尼克 3D BLAST  （美版）,SS#1815
ss,Sonic Jam (Europe),索尼克JAM  （欧版）,SS#1816
ss,Sonic Jam (Japan),索尼克JAM  （日版）,SS#1817
ss,Sonic Jam (Japan) (Rev A),索尼克JAM  （日版） （修正版 A）,SS#1818
ss,Sonic Jam (USA),索尼克JAM  （美版）,SS#1819
ss,Sonic R (Europe),索尼克R  （欧版）,SS#1820
ss,Sonic R (Japan) (1M),索尼克R  （日版） (1M),SS#1821
ss,Sonic R (Japan) (2M),索尼克R  （日版） (2M),SS#1822
ss,Sonic R (Japan) (Demo),索尼克R  （日版） （演示版）,SS#1823
ss,"Sonic R (USA, Brazil)","索尼克R  (USA, Brazil)",SS#1824
ss,Sonic Wings Special (Japan),音速战机  （日版）,SS#1825
ss,Sorvice (Japan),Sorvice （日版）,SS#1826
ss,Sotsugyou - Graduation S (Japan),卒业 S  （日版）,SS#1827
ss,Sotsugyou Album (Japan),卒业 相册  （日版）,SS#1828
ss,Sotsugyou Crossworld (Japan),卒业 CROSSWORLD  （日版）,SS#1829
ss,Sotsugyou II - Neo Generation (Japan) (1M),卒业2  （日版） (1M),SS#1830
ss,Sotsugyou II - Neo Generation (Japan) (2M),卒业2  （日版） (2M),SS#1831
ss,Sotsugyou III - Wedding Bell (Japan),卒业3  （日版）,SS#1832
ss,Soukuu no Tsubasa - Gotha World (Japan) (Demo),苍空之翼  （日版） （演示版）,SS#1833
ss,Soukuu no Tsubasa - Gotha World (Japan) (Disc 1),苍空之翼  （日版） （光碟 1）,SS#1834
ss,Soukuu no Tsubasa - Gotha World (Japan) (Disc 2),苍空之翼  （日版） （光碟 2）,SS#1835
ss,Soukyuu Gurentai (Japan),蒼穹紅蓮隊  （日版）,SS#1836
ss,Soukyuu Gurentai (Japan) (Rev A),蒼穹紅蓮隊  （日版） （修正版 A）,SS#1837
ss,Soukyuu Gurentai - Otokuyou (Japan),蒼穹紅蓮隊 - 御德用  （日版）,SS#1838
ss,Sound Novel Machi (Japan) (Disc 1) (10.11-10.13 Incl.) (1M),街 命运的交叉点  （日版） （光碟 1） (10.11-10.13 Incl.) (1M),SS#1839
ss,Sound Novel Machi (Japan) (Disc 2) (10.13-10.15 Incl.) (1M),街 命运的交叉点  （日版） （光碟 2） (10.13-10.15 Incl.) (1M),SS#1840
ss,Sound Novel Machi (Japan) (Disc 2) (10.13-10.15 Incl.) (2M),街 命运的交叉点  （日版） （光碟 2） (10.13-10.15 Incl.) (2M),SS#1841
ss,Sound Novel Tkool 2 (Japan),音响小说工具2  （日版）,SS#1842
ss,Sound Qube (Japan),声音魔盒  （日版）,SS#1843
ss,Soviet Strike (Europe),攻击苏联  （欧版）,SS#1844
ss,Soviet Strike (France),攻击苏联  （法国版）,SS#1845
ss,Soviet Strike (Germany),攻击苏联  （德国版）,SS#1846
ss,Soviet Strike (Japan),攻击苏联  （日版）,SS#1847
ss,Soviet Strike (USA),攻击苏联  （美版）,SS#1848
ss,Space Hulk - Vengeance of the Blood Angels (Europe),太空战舰：血天使的复仇  （欧版）,SS#1849
ss,Space Hulk - Vengeance of the Blood Angels (USA),太空战舰：血天使的复仇  （美版）,SS#1850
ss,Space Invaders (Japan),太空侵略者  （日版）,SS#1851
ss,Space Jam (Europe),空中大灌篮  （欧版）,SS#1852
ss,Space Jam (Japan),空中大灌篮  （日版）,SS#1853
ss,Space Jam (USA),空中大灌篮  （美版）,SS#1854
ss,Special Disc with SegaSaturn Internet 2 (Japan),世嘉土星互联网套件光碟 2  （日版）,SS#1855
ss,Spot Goes to Hollywood (Europe),酷儿在好莱坞  （欧版）,SS#1856
ss,Spot Goes to Hollywood (Japan),酷儿在好莱坞  （日版）,SS#1857
ss,Spot Goes to Hollywood (USA),酷儿在好莱坞  （美版）,SS#1858
ss,Stakes Winner - GI Kanzen Seiha e no Michi (Japan),赛马冠军 - 制霸之道  （日版）,SS#1859
ss,Stakes Winner 2 - Saikyouba Densetsu (Japan),赛马冠军2 - 最强马传说  （日版）,SS#1860
ss,Standby Say You! (Japan),随时待命 （日版）,SS#1861
ss,"Star Bowling Vol. 2, The (Japan) (Disc 1)","明星保龄球 卷 2, THE  （日版） （光碟 1）",SS#1862
ss,"Star Bowling Vol. 2, The (Japan) (Disc 2)","明星保龄球 卷 2, THE  （日版） （光碟 2）",SS#1863
ss,"Star Bowling, The (Japan) (Disc 1)",明星保龄球  （日版） （光碟 1）,SS#1864
ss,"Star Bowling, The (Japan) (Disc 2)",明星保龄球  （日版） （光碟 2）,SS#1865
ss,Star Fighter (USA),星际战士  （美版）,SS#1866
ss,"StarFighter 3000 (Europe) (En,Fr,De,Es,It)","星际战士 3000  （欧版） (En,Fr,De,Es,It)",SS#1867
ss,StarFighter 3000 (Japan),星际战士 3000  （日版）,SS#1868
ss,Steam-Heart's (Japan),蒸汽之心  （日版）,SS#1869
ss,Steamgear Mash (Japan) (1M),蒸汽齿轮  （日版） (1M),SS#1870
ss,Steamgear Mash (Japan) (2M),蒸汽齿轮  （日版） (2M),SS#1871
ss,Steep Slope Sliders (Europe),速降滑雪  （欧版）,SS#1872
ss,Steep Slope Sliders (Japan),速降滑雪  （日版）,SS#1873
ss,Steep Slope Sliders (Japan) (Demo),速降滑雪  （日版） （演示版）,SS#1874
ss,Steep Slope Sliders (USA),速降滑雪  （美版）,SS#1875
ss,Stellar Assault SS (Japan),行星攻击 SS  （日版）,SS#1876
ss,Stellar Assault SS (Japan) (Demo),行星攻击 SS  （日版） （演示版）,SS#1877
ss,"Story of Thor 2, The (Europe)",光之继承者2  （欧版）,SS#1878
ss,Strahl - Himerareshi Nanatsu no Hikari (Japan),钢铁要塞秘之光  （日版）,SS#1879
ss,Street Fighter - Real Battle on Film (Japan) (2M),街头霸王 - REAL BATTLE ON FILM  （日版） (2M),SS#1880
ss,Street Fighter - Real Battle on Film (Japan) (3M),街头霸王 - REAL BATTLE ON FILM  （日版） (3M),SS#1881
ss,Street Fighter - Real Battle on Film (Japan) (4M),街头霸王 - REAL BATTLE ON FILM  （日版） (4M),SS#1882
ss,Street Fighter - The Movie (Europe) (2S),街头霸王：电影版  （欧版） (2S),SS#1883
ss,Street Fighter - The Movie (Europe) (4S),街头霸王：电影版  （欧版） (4S),SS#1884
ss,Street Fighter - The Movie (USA),街头霸王：电影版  （美版）,SS#1885
ss,Street Fighter Alpha - Warriors' Dreams (Europe),少年街霸：斗士的梦想  （欧版）,SS#1886
ss,Street Fighter Alpha - Warriors' Dreams (USA),少年街霸：斗士的梦想  （美版）,SS#1887
ss,Street Fighter Alpha - Warriors' Dreams (USA) (Beta),少年街霸：斗士的梦想  （美版） （测试版）,SS#1888
ss,Street Fighter Alpha 2 (Europe),少年街霸2  （欧版）,SS#1889
ss,Street Fighter Alpha 2 (USA),少年街霸2  （美版）,SS#1890
ss,Street Fighter Collection (Europe) (Disc 1) (R),街头霸王合集  （欧版） （光碟 1） (R),SS#1891
ss,Street Fighter Collection (Europe) (Disc 2) (R),街头霸王合集  （欧版） （光碟 2） (R),SS#1892
ss,Street Fighter Collection (Japan) (Demo),街头霸王合集  （日版） （演示版）,SS#1893
ss,Street Fighter Collection (Japan) (Disc 1),街头霸王合集  （日版） （光碟 1）,SS#1894
ss,Street Fighter Collection (Japan) (Disc 2),街头霸王合集  （日版） （光碟 2）,SS#1895
ss,Street Fighter Collection (USA) (Disc 1),街头霸王合集  （美版） （光碟 1）,SS#1896
ss,Street Fighter Collection (USA) (Disc 2),街头霸王合集  （美版） （光碟 2）,SS#1897
ss,Street Fighter II Movie (Japan) (Disc 1),街头霸王 II 电影  （日版） （光碟 1）,SS#1898
ss,Street Fighter II Movie (Japan) (Disc 2),街头霸王 II 电影  （日版） （光碟 2）,SS#1899
ss,Street Fighter Zero (Japan) (1M),街头霸王ZERO  （日版） (1M),SS#1900
ss,Street Fighter Zero (Japan) (2M),街头霸王ZERO  （日版） (2M),SS#1901
ss,Street Fighter Zero (Japan) (Rev A) (10M),街头霸王ZERO  （日版） （修正版 A） (10M),SS#1902
ss,Street Fighter Zero 2 (Japan),街头霸王ZERO2  （日版）,SS#1903
ss,Street Fighter Zero 2 (Japan) (Demo),街头霸王ZERO2  （日版） （演示版）,SS#1904
ss,Street Fighter Zero 2' (Japan),街头霸王ZERO2'  （日版）,SS#1905
ss,Street Fighter Zero 3 (Japan),街头霸王ZERO3  （日版）,SS#1906
ss,Street Racer (Europe),街头赛车  （欧版）,SS#1907
ss,Street Racer Extra (Japan),街头赛车加强版  （日版）,SS#1908
ss,"Striker 96 (Europe) (En,Fr,De,Es,It)","射手96  （欧版） (En,Fr,De,Es,It)",SS#1909
ss,"Striker 96 (Japan) (En,Fr,De,Es,It)","射手96  （日版） (En,Fr,De,Es,It)",SS#1910
ss,Striker 96 (USA),射手96  （美版）,SS#1911
ss,Strikers 1945 (Japan),打击者1945  （日版）,SS#1912
ss,Strikers 1945 (Japan) (Demo),打击者1945  （日版） （演示版）,SS#1913
ss,Strikers 1945 II (Japan),打击者1945二代  （日版）,SS#1914
ss,Suchie-Pai Adventure - Doki Doki Nightmare (Japan) (Disc 1),SUCHIE-PAI 冒险 - 让人心跳的噩梦  （日版） （光碟 1）,SS#1915
ss,Suchie-Pai Adventure - Doki Doki Nightmare (Japan) (Disc 2),SUCHIE-PAI 冒险 - 让人心跳的噩梦  （日版） （光碟 2）,SS#1916
ss,Sugoventure - Dragon Master Silk Gaiden (Japan),すごべんちゃー - 龙之少女 外传  （日版）,SS#1917
ss,Suiko Enbu (Japan),水浒演武  （日版）,SS#1918
ss,Suiko Enbu - Fuuun Saiki (Japan),水浒演武 - 风云再起  （日版）,SS#1919
ss,Suiko Enbu - Fuuun Saiki (Japan) (Demo),水浒演武 - 风云再起  （日版） （演示版）,SS#1920
ss,Suikoden - Tendou Hyaku Hachi-sei (Japan),水浒传 - 天導一〇八星  （日版）,SS#1921
ss,Suikoden - Tenmei no Chikai (Japan) (2M),水浒传 - 天命之誓  （日版） (2M),SS#1922
ss,Super Adventure Rockman (Japan) (Disc 1) (Episode 1 - Tsuki no Shinden),超级洛克人大冒险  （日版） （光碟 1） (Episode 1 - Tsuki no Shinden),SS#1923
ss,Super Adventure Rockman (Japan) (Disc 1) (Episode 1 - Tsuki no Shinden) (1M),超级洛克人大冒险  （日版） （光碟 1） (Episode 1 - Tsuki no Shinden) (1M),SS#1924
ss,Super Adventure Rockman (Japan) (Disc 2) (Episode 2 - Shitou! Wily Numbers),超级洛克人大冒险  （日版） （光碟 2） (Episode 2 - Shitou! Wily Numbers),SS#1925
ss,Super Adventure Rockman (Japan) (Disc 2) (Episode 2 - Shitou! Wily Numbers) (1M),超级洛克人大冒险  （日版） （光碟 2） (Episode 2 - Shitou! Wily Numbers) (1M),SS#1926
ss,Super Adventure Rockman (Japan) (Disc 3) (Episode 3 - Saigo no Tatakai!!),超级洛克人大冒险  （日版） （光碟 3） (Episode 3 - Saigo no Tatakai!!),SS#1927
ss,Super Adventure Rockman (Japan) (Disc 3) (Episode 3 - Saigo no Tatakai!!) (1M),超级洛克人大冒险  （日版） （光碟 3） (Episode 3 - Saigo no Tatakai!!) (1M),SS#1928
ss,Super Casino Special (Japan),超级赌场 特别版  （日版）,SS#1929
ss,Super Puzzle Fighter II Turbo (Europe),超级方块战士2：加速版  （欧版）,SS#1930
ss,Super Puzzle Fighter II Turbo (USA),超级方块战士2：加速版  （美版）,SS#1931
ss,Super Puzzle Fighter II X (Japan),街霸方块  （日版）,SS#1932
ss,Super Real Mahjong Graffiti (Japan) (2M),超真实麻雀 Graffiti  （日版） (2M),SS#1933
ss,Super Real Mahjong Graffiti (Japan) (P's Club Special Edition) (2M),超真实麻雀 Graffiti  （日版） (P's Club Special Edition) (2M),SS#1934
ss,Super Real Mahjong P.V (Japan) (2M),超真实麻将 PV  （日版） (2M),SS#1935
ss,Super Real Mahjong P7 (Japan) (3M),超真实麻雀P7 （日版） (3M),SS#1936
ss,Super Real Mahjong P7 (Japan) (P's Club Special Edition),超真实麻雀P7 （日版） (P's Club Special Edition),SS#1937
ss,Super Real Mahjong PVI (Japan),超真实麻雀P6 （日版）,SS#1938
ss,Super Real Mahjong PVI (Japan) (P's Club Special Edition),超真实麻雀P6 （日版） (P's Club Special Edition),SS#1939
ss,Super Robot Taisen F (Japan) (Demo),超级机器人大战 F  （日版） （演示版）,SS#1940
ss,"Super Robot Taisen F (Japan) (Rev A) (10M, 11M, 12M, 13M)","超级机器人大战 F  （日版） （修正版 A） (10M, 11M, 12M, 13M)",SS#1941
ss,Super Robot Taisen F (Japan) (Rev B) (21M),超级机器人大战 F  （日版） （修正版 B） (21M),SS#1942
ss,"Super Robot Taisen F - Kanketsu-hen (Japan) (2M, 3M)","超级机器人大战 F - 完结篇  （日版） (2M, 3M)",SS#1943
ss,Super Robot Taisen F - Kanketsu-hen (Japan) (5M),超级机器人大战 F - 完结篇  （日版） (5M),SS#1944
ss,Super Robot Taisen F - Kanketsu-hen (Japan) (Rev A) (10M),超级机器人大战 F - 完结篇  （日版） （修正版 A） (10M),SS#1945
ss,Super Robot Taisen F - Kanketsu-hen (Japan) (Rev A) (11M),超级机器人大战 F - 完结篇  （日版） （修正版 A） (11M),SS#1946
ss,Super Tempo (Japan),超级节拍  （日版）,SS#1947
ss,Swagman (Europe) (Demo),梦魔  （欧版） （演示版）,SS#1948
ss,"Swagman (Europe) (En,Fr,De)","梦魔  （欧版） (En,Fr,De)",SS#1949
ss,Sword & Sorcery (Japan) (2M),剑与魔杖  （日版） (2M),SS#1950
ss,Sword & Sorcery (Japan) (Rev A) (10M),剑与魔杖  （日版） （修正版 A） (10M),SS#1951
ss,System-Disc (KD02) Columbia (Japan) (16M), ,SS#1952
ss,Tactical Fighter (Japan),策略格斗  （日版）,SS#1953
ss,Tactics Formula (Japan),玩具比赛车  （日版）,SS#1954
ss,Tactics Formula (Japan) (Demo),玩具比赛车  （日版） （演示版）,SS#1955
ss,Tactics Ogre - Let Us Cling Together (Japan),皇家骑士团-命运之轮  （日版）,SS#1956
ss,Tadaima Wakusei Kaitaku-chuu! (Japan),我回来啦!外星开发中!  （日版）,SS#1957
ss,Taiheiyou no Arashi 2 - 3D Heiki Data-shuu (Japan),太平洋之岚 2 - 三维海基数据  （日版）,SS#1958
ss,Taiheiyou no Arashi 2 - Shippuu no Moudou (Japan),太平洋之岚2  （日版）,SS#1959
ss,Taikou Risshiden II (Japan) (2M),太阁立志传2  （日版） (2M),SS#1960
ss,Taikou Risshiden II (Japan) (Rev A) (10M),太阁立志传2  （日版） （修正版 A） (10M),SS#1961
ss,Taikyoku Shougi - Kiwame II (Japan),对局将棋 - 极 II  （日版）,SS#1962
ss,Taito Chase H.Q. + S.C.I. (Japan),TAITO 追踪HQ + S.C.I.  （日版）,SS#1963
ss,Taklamakan - Tonkou Denki (Japan),タクラマカン　～敦煌傅奇～  （日版）,SS#1964
ss,Tama - Adventurous Ball in Giddy Labyrinth (Japan),滚球迷宫冒险  （日版）,SS#1965
ss,Tanjou - Debut S (Japan) (1M),诞生 - DEBUT S  （日版） (1M),SS#1966
ss,Tanjou - Debut S (Japan) (5M),诞生 - DEBUT S  （日版） (5M),SS#1967
ss,Tantei Jinguuji Saburou - Mikan no Report (Japan),探偵 神宮寺三郎 - 未完的报告  （日版）,SS#1968
ss,Tantei Jinguuji Saburou - Yume no Owari ni (Japan) (3M),探偵 神宮寺三郎 - 在梦的终点  （日版） (3M),SS#1969
ss,Tech Saturn Apr.1997 (Japan),土星科技 四月1997  （日版）,SS#1970
ss,Tech Saturn Aug.1997 (Japan),土星科技 八月1997  （日版）,SS#1971
ss,"Tech Saturn Feb.1997 - E, Chocolate Kurereba Morau yo (Japan)","土星科技 二月1997 - E, CHOCOLATE KUREREBA MORAU YO  （日版）",SS#1972
ss,Tech Saturn Jan.1997 - Kizuitara Gekkan-ka (Japan),土星科技 一月1997 - KIZUITARA GEKKAN-KA  （日版）,SS#1973
ss,Tech Saturn Jul.1997 (Japan),土星科技 七月1997  （日版）,SS#1974
ss,Tech Saturn Jun.1997 (Japan),土星科技 六月1997  （日版）,SS#1975
ss,"Tech Saturn Mar.1997 - Okaeshi wa Marshmallow, Cookie, Howaito Choco (Japan)","土星科技 三月1997 - OKAESHI WA MARSHMALLOW, COOKIE, HOWAITO CHOCO  （日版）",SS#1976
ss,Tech Saturn May.1997 (Japan),土星科技 五月1997  （日版）,SS#1977
ss,Tech Saturn Oct.1997 (Japan),土星科技 十月1997  （日版）,SS#1978
ss,Tech Saturn Sep.1997 (Japan),土星科技 九月1997  （日版）,SS#1979
ss,Tech Saturn Tsuushin - Autumn 1995 - Special CD-ROM (Japan),土星科技 通信 - 秋季 1995 - 特别版 CD-ROM  （日版）,SS#1980
ss,Tech Saturn Tsuushin - Spring 1995 (Japan),土星科技 通信 - 春季 1995  （日版）,SS#1981
ss,Tech Saturn Tsuushin - Winter 1995 - Taikenban & Demo-ban ga Tenkomori! (Japan),土星科技 通信 - 冬季 1995 - TAIKENBAN & DEMO-BAN GA TENKOMORI!  （日版）,SS#1982
ss,Tech Saturn Tsuushin Vol. 4 - Spring 1996 - Youriyou Meippai Kikaku Tenkomori (Japan),土星科技 通信 卷 4 - 春季 1996 - YOURIYOU MEIPPAI KIKAKU TENKOMORI  （日版）,SS#1983
ss,Tech Saturn Tsuushin Vol. 5 - Summer 1996 (Japan),土星科技 通信 卷 5 - 夏季 1996  （日版）,SS#1984
ss,Tech Saturn Vol. 1-1996 - Yatchimatta! (Japan),土星科技 卷 1-1996 - YATCHIMATTA!  （日版）,SS#1985
ss,Tech Saturn Vol. 2-1996 - Maitsuki 8-nichi wa Tessa no Hi - Ataru to Sugo Iyo (Japan),土星科技 卷 2-1996 - MAITSUKI 8-NICHI WA TESSA NO HI - ATARU TO SUGO IYO  （日版）,SS#1986
ss,Techno Motor (Japan),音乐编辑  （日版）,SS#1987
ss,Teitoku no Ketsudan II (Japan),提督的决断2  （日版）,SS#1988
ss,Teitoku no Ketsudan III (Japan),提督的决断3  （日版）,SS#1989
ss,Teitoku no Ketsudan III with Power-Up Kit (Japan),提督的决断3 威力加强版  （日版）,SS#1990
ss,Tekkyuu - True Pinball (Japan),铁球 - 真实弹珠  （日版）,SS#1991
ss,Tempest 2000 (Europe),暴风雨 2000  （欧版）,SS#1992
ss,Tempest 2000 (USA),暴风雨 2000  （美版）,SS#1993
ss,Ten Pin Alley (USA),大满贯保龄球  （美版）,SS#1994
ss,Tenant Wars (Japan),房客战争  （日版）,SS#1995
ss,Tenant Wars (Japan) (Demo),房客战争  （日版） （演示版）,SS#1996
ss,Tenchi Muyou! Mimiri Onsen - Yukemuri no Tabi (Japan) (Disc 1),天地无用! 魅御理温泉 - ～湯けむりの旅～  （日版） （光碟 1）,SS#1997
ss,Tenchi Muyou! Mimiri Onsen - Yukemuri no Tabi (Japan) (Disc 2),天地无用! 魅御理温泉 - ～湯けむりの旅～  （日版） （光碟 2）,SS#1998
ss,Tenchi Muyou! Rensa Hitsuyou (Japan),天地无用! 连锁必要  （日版）,SS#1999
ss,Tenchi Muyou! Ryououki Gokuraku CD-ROM for Sega Saturn (Japan) (1M),天地无用! 魎皇鬼 CD-ROM 世嘉土星版  （日版） (1M),SS#2000
ss,Tenchi Muyou! Toukou Muyou - Aniraji Collection (Japan) (Disc 1),天地无用! 登校无用 - ANIRAJI 精选集  （日版） （光碟 1）,SS#2001
ss,Tenchi Muyou! Toukou Muyou - Aniraji Collection (Japan) (Disc 2),天地无用! 登校无用 - ANIRAJI 精选集  （日版） （光碟 2）,SS#2002
ss,Tenchi o Kurau II - Sekiheki no Tatakai (Japan),吞食天地 II - 赤壁之战  （日版）,SS#2003
ss,Tenga Seiha (Japan),天下制霸  （日版）,SS#2004
ss,Tengai Makyou - Daiyon no Mokushiroku - The Apocalypse IV (Japan) (Demo),天外魔境 - 第四默示录 IV  （日版） （演示版）,SS#2005
ss,Tengai Makyou - Daiyon no Mokushiroku - The Apocalypse IV (Japan) (Disc 1),天外魔境 - 第四默示录 IV  （日版） （光碟 1）,SS#2006
ss,Tengai Makyou - Daiyon no Mokushiroku - The Apocalypse IV (Japan) (Disc 2),天外魔境 - 第四默示录 IV  （日版） （光碟 2）,SS#2007
ss,Tennis Arena (Japan),网球竞技场  （日版）,SS#2008
ss,Terra Cresta 3D (Japan) (2M),火凤凰3D  （日版） (2M),SS#2009
ss,Terra Phantastica (Japan),大地女神幻想曲  （日版）,SS#2010
ss,"Terry Pratchett's Discworld (Europe) (En,Fr,De,Es,It)","泰瑞普莱契的碟形世界  （欧版） (En,Fr,De,Es,It)",SS#2011
ss,Tetris Plus (Europe),俄罗斯方块  （欧版）,SS#2012
ss,Tetris Plus (Japan),俄罗斯方块  （日版）,SS#2013
ss,Tetris Plus (USA),俄罗斯方块  （美版）,SS#2014
ss,Tetris S (Japan),俄罗斯方块S  （日版）,SS#2015
ss,Tetris S (Japan) (Rev A),俄罗斯方块S  （日版） （修正版 A）,SS#2016
ss,Texthoth Ludo - Arcana Senki (Japan),テクストート・ルド ～アルカナ戦記～  （日版）,SS#2017
ss,"Theme Park (Europe) (En,Fr,De,Es,Sv)","主题乐园  （欧版） (En,Fr,De,Es,Sv)",SS#2018
ss,Theme Park (Japan),主题乐园  （日版）,SS#2019
ss,Theme Park (USA),主题乐园  （美版）,SS#2020
ss,Thor - Seireioukiden (Japan),光之继承者 雷神传说 精灵王纪传  （日版）,SS#2021
ss,Three Dirty Dwarves (Europe),爆笑三人组  （欧版）,SS#2022
ss,Three Dirty Dwarves (Japan) (2M),爆笑三人组  （日版） (2M),SS#2023
ss,Three Dirty Dwarves (USA) (RE),爆笑三人组  （美版） (RE),SS#2024
ss,Thunder Force Gold Pack 1 (Japan),雷鸟黄金包 1  （日版）,SS#2025
ss,Thunder Force Gold Pack 2 (Japan) (Rev A),雷鸟黄金包 2  （日版） （修正版 A）,SS#2026
ss,Thunder Force V (Japan),雷鸟5  （日版）,SS#2027
ss,Thunder Force V (Japan) (Demo),雷鸟5  （日版） （演示版）,SS#2028
ss,Thunder Storm & Road Blaster (Japan) (Disc 1) (Thunder Storm),雷电合集  （日版） （光碟 1） (Thunder Storm),SS#2029
ss,Thunder Storm & Road Blaster (Japan) (Disc 2) (Road Blaster),雷电合集  （日版） （光碟 2） (Road Blaster),SS#2030
ss,Thunderhawk II (Japan),雷霆飞鹰 II  （日版）,SS#2031
ss,Thunderstrike 2 (USA),雷霆一击2  （美版）,SS#2032
ss,Thunderstrike 2 (USA) (Rev A),雷霆一击2  （美版） （修正版 A）,SS#2033
ss,Tilk - Aoi Umi kara Kita Shoujo (Japan),蒂尔克～来自蓝色大海的少女～  （日版）,SS#2034
ss,"Tilt! (Europe) (En,Fr,De)","倾斜!  （欧版） (En,Fr,De)",SS#2035
ss,Time Bokan Series - Bokan to Ippatsu! Doronbow Kanpekiban (Japan),小双侠 时间飞船 （日版）,SS#2036
ss,Time Commando (Japan),时空游侠  （日版）,SS#2037
ss,"Time Gal & Ninja Hayate (Japan) (En,Ja) (Disc 1) (Time Gal)","时间少女和忍者哈亚特  （日版） (En,Ja) （光碟 1） (Time Gal)",SS#2038
ss,"Time Gal & Ninja Hayate (Japan) (En,Ja) (Disc 2) (Ninja Hayate) (3M)","时间少女和忍者哈亚特  （日版） (En,Ja) （光碟 2） (Ninja Hayate) (3M)",SS#2039
ss,Titan Wars (Europe),泰坦战争  （欧版）,SS#2040
ss,Titan Wars (Japan),泰坦战争  （日版）,SS#2041
ss,TNN Motor Sports HardCore 4X4 (USA),TNN汽车运动 铁杆 4X4  （美版）,SS#2042
ss,Tokimeki Mahjong Graffiti - Toshishita no Tenshi-tachi (Japan),心跳麻雀 年少的天使们 （日版）,SS#2043
ss,Tokimeki Mahjong Paradise - Koi no Tenpai Beat (Japan),心跳麻雀  （日版）,SS#2044
ss,Tokimeki Memorial - Forever with You (Japan) (1M),心跳回忆：永远属于你  （日版） (1M),SS#2045
ss,Tokimeki Memorial - Forever with You (Japan) (2M),心跳回忆：永远属于你  （日版） (2M),SS#2046
ss,Tokimeki Memorial - Forever with You (Japan) (Special-ban) (2M),心跳回忆：永远属于你  （日版） (Special-ban) (2M),SS#2047
ss,Tokimeki Memorial Drama Series Vol. 1 - Nijiiro no Seishun (Japan),心跳回忆话剧集 卷 1 - NIJIIRO NO SEISHUN  （日版）,SS#2048
ss,Tokimeki Memorial Drama Series Vol. 1 - Nijiiro no Seishun (Japan) (Demo),心跳回忆话剧集 卷 1 - NIJIIRO NO SEISHUN  （日版） （演示版）,SS#2049
ss,Tokimeki Memorial Drama Series Vol. 2 - Irodori no Love Song (Japan) (Disc 1) (2M),心跳回忆话剧集 卷 2 - IRODORI NO LOVE SONG  （日版） （光碟 1） (2M),SS#2050
ss,Tokimeki Memorial Drama Series Vol. 2 - Irodori no Love Song (Japan) (Disc 2) (2M),心跳回忆话剧集 卷 2 - IRODORI NO LOVE SONG  （日版） （光碟 2） (2M),SS#2051
ss,Tokimeki Memorial Drama Series Vol. 3 - Tabidachi no Uta (Japan) (Disc 1),心跳回忆话剧集 卷 3 - TABIDACHI NO UTA  （日版） （光碟 1）,SS#2052
ss,Tokimeki Memorial Drama Series Vol. 3 - Tabidachi no Uta (Japan) (Disc 2),心跳回忆话剧集 卷 3 - TABIDACHI NO UTA  （日版） （光碟 2）,SS#2053
ss,Tokimeki Memorial Selection - Fujisaki Shiori (Japan),心跳回忆 被挑选者 - 藤崎诗织  （日版）,SS#2054
ss,Tokimeki Memorial Taisen Puzzledama (Japan) (1M),心跳回忆：对战方块  （日版） (1M),SS#2055
ss,Tokimeki Memorial Taisen Puzzledama (Japan) (2M),心跳回忆：对战方块  （日版） (2M),SS#2056
ss,Tokimeki Memorial Taisen Tokkaedama (Japan),心跳回忆 对战方块  （日版）,SS#2057
ss,Tokuso Kidoutai J-SWAT (Japan),T特捜機動隊J-SWAT  （日版）,SS#2058
ss,Tokyo Shadow (Japan) (Disc 1),东京暗影  （日版） （光碟 1）,SS#2059
ss,Tokyo Shadow (Japan) (Disc 2),东京暗影  （日版） （光碟 2）,SS#2060
ss,Tokyo Shadow (Japan) (Disc 3),东京暗影  （日版） （光碟 3）,SS#2061
ss,Tomb Raider (Europe),古墓丽影  （欧版）,SS#2062
ss,Tomb Raider (USA),古墓丽影  （美版）,SS#2063
ss,Tomb Raiders (Japan),盗墓者  （日版）,SS#2064
ss,Tomb Raiders (Japan) (Demo),盗墓者  （日版） （演示版）,SS#2065
ss,Top Anglers - Super Fishing Big Fight 2 (Japan),顶级垂钓者 - 超级钓鱼大战 2  （日版）,SS#2066
ss,Torico (Europe) (Disc 1),月花雾幻谭  （欧版） （光碟 1）,SS#2067
ss,Torico (Europe) (Disc 2),月花雾幻谭  （欧版） （光碟 2）,SS#2068
ss,Touge King the Spirits (Japan),山顶赛车  （日版）,SS#2069
ss,Touge King the Spirits 2 (Japan),山顶赛车 2  （日版）,SS#2070
ss,Touge King the Spirits 2 (Japan) (Demo),山顶赛车 2  （日版） （演示版）,SS#2071
ss,Tour Party - Sotsugyou Ryokou ni Ikou (Japan) (Rev A),ツアーパーティー 卒業旅行にいこう （日版） （修正版 A）,SS#2072
ss,Tournament Leader (Japan),高尔夫锦标赛领队  （日版）,SS#2073
ss,Touryuu Densetsu Elan Doree (Japan),斗龙传说  （日版）,SS#2074
ss,Toushinden S (Japan),斗神传S  （日版）,SS#2075
ss,Toushinden URA (Japan),斗神传 URA  （日版）,SS#2076
ss,"Tower, The (Japan)",塔  （日版）,SS#2077
ss,Transport Tycoon (Japan),运输大亨  （日版）,SS#2078
ss,"Trash It (Europe) (En,Fr,De,Es,It)","TRASH IT  （欧版） (En,Fr,De,Es,It)",SS#2079
ss,True Pinball (Europe),铁球  （欧版）,SS#2080
ss,True Pinball (USA),铁球  （美版）,SS#2081
ss,Tryrush Deppy (Japan),猛冲的戴皮  （日版）,SS#2082
ss,Tsuukai!! Slot Shooting (Japan),痛快!槽射!  （日版）,SS#2083
ss,"Tunnel B1 (Europe) (En,Fr,De,Es,It)","隧道B1  （欧版） (En,Fr,De,Es,It)",SS#2084
ss,Tunnel B1 (USA),隧道B1  （美版）,SS#2085
ss,TurfWind '96 - Take Yutaka Kyousouba Ikusei Game (Japan),ターフウィンド’９６ 武豊 競走馬育成ゲーム  （日版）,SS#2086
ss,Tutankhamen no Nazo - A.N.K.H (Japan) (Disc 1),图坦卡门之谜 - A.N.K.H  （日版） （光碟 1）,SS#2087
ss,Tutankhamen no Nazo - A.N.K.H (Japan) (Disc 2),图坦卡门之谜 - A.N.K.H  （日版） （光碟 2）,SS#2088
ss,Twinkle Star Sprites (Japan) (Disc 1) (Game Disc),魔幻小妖精/闪亮小妖精  （日版） （光碟 1） (Game Disc),SS#2089
ss,Twinkle Star Sprites (Japan) (Disc 2) (Omake Disc),魔幻小妖精/闪亮小妖精  （日版） （光碟 2） (Omake Disc),SS#2090
ss,"UEFA Euro 96 - England (Europe) (En,Fr,De,Es,It,Pt)","欧洲杯 96 - 英格兰  （欧版） (En,Fr,De,Es,It,Pt)",SS#2091
ss,Ultimate Mortal Kombat 3 (Europe),终极 真人快打3  （欧版）,SS#2092
ss,Ultimate Mortal Kombat 3 (Europe) (Rev A),终极 真人快打3  （欧版） （修正版 A）,SS#2093
ss,Ultimate Mortal Kombat 3 (USA),终极 真人快打3  （美版）,SS#2094
ss,Ultraman - Hikari no Kyojin Densetsu (Japan),奥特曼 - 光之巨人传说  （日版）,SS#2095
ss,Ultraman Zukan (Japan),奥特曼图鉴  （日版）,SS#2096
ss,Ultraman Zukan 2 (Japan),奥特曼图鉴 2  （日版）,SS#2097
ss,Ultraman Zukan 3 (Japan),奥特曼图鉴 3  （日版）,SS#2098
ss,Umanari 1 Furlong Theater (Japan),马背上的剧场 （日版）,SS#2099
ss,Universal Nuts (Japan),神秘奇迹  （日版）,SS#2100
ss,Uno DX (Japan),乌诺牌DX  （日版）,SS#2101
ss,"Unsolved, The (Japan) (Disc 1)",未解之谜  （日版） （光碟 1）,SS#2102
ss,"Unsolved, The (Japan) (Disc 2)",未解之谜  （日版） （光碟 2）,SS#2103
ss,"Unsolved, The (Japan) (Disc 3)",未解之谜  （日版） （光碟 3）,SS#2104
ss,Valora Valley Golf (Europe),瓦洛拉谷高尔夫  （欧版）,SS#2105
ss,Valora Valley Golf (USA),瓦洛拉谷高尔夫  （美版）,SS#2106
ss,"Vampire Hunter - Darkstalker's Revenge (Japan) (En,Ja) (Demo)","吸血鬼猎人 - 暗语者的复仇  （日版） (En,Ja) （演示版）",SS#2107
ss,Vampire Hunter - Darkstalkers' Revenge (Japan) (1M),恶魔猎人 恶魔的复仇  （日版） (1M),SS#2108
ss,"Vampire Hunter - Darkstalkers' Revenge (Japan) (2M, 4M)","恶魔猎人 恶魔的复仇  （日版） (2M, 4M)",SS#2109
ss,Vampire Hunter - Darkstalkers' Revenge (Japan) (3M),恶魔猎人 恶魔的复仇  （日版） (3M),SS#2110
ss,Vampire Savior (Japan),恶魔战士3 救世主  （日版）,SS#2111
ss,Vandal Hearts - Ushinawareta Kodai Bunmei (Japan),汪达尔之心：失落古文明  （日版）,SS#2112
ss,Vatlva (Japan) (Demo),乱斗赛车  （日版） （演示版）,SS#2113
ss,Vatlva (Japan) (Rev A),乱斗赛车  （日版） （修正版 A）,SS#2114
ss,Victory Boxing (Europe),胜利 拳击  （欧版）,SS#2115
ss,Victory Boxing (Europe) (Demo),胜利 拳击  （欧版） （演示版）,SS#2116
ss,Victory Goal (Japan) (1A),胜利足球  （日版） (1A),SS#2117
ss,Victory Goal (Japan) (2B),胜利足球  （日版） (2B),SS#2118
ss,Victory Goal (Japan) (3A),胜利足球  （日版） (3A),SS#2119
ss,Victory Goal Worldwide Edition (Japan),世嘉胜利足球  （日版）,SS#2120
ss,Virtua Cop (Europe),VR战警 （欧版）,SS#2121
ss,Virtua Cop (Europe) (2S),VR战警 （欧版） (2S),SS#2122
ss,Virtua Cop (Europe) (4S),VR战警 （欧版） (4S),SS#2123
ss,Virtua Cop (Europe) (7S),VR战警 （欧版） (7S),SS#2124
ss,"Virtua Cop (Japan) (1M, 5M)","VR战警 （日版） (1M, 5M)",SS#2125
ss,Virtua Cop (Japan) (2M),VR战警 （日版） (2M),SS#2126
ss,"Virtua Cop (USA) (5S, 6S)","VR战警 （美版） (5S, 6S)",SS#2127
ss,Virtua Cop (USA) (7S),VR战警 （美版） (7S),SS#2128
ss,"Virtua Cop (USA) (8S, 12S)","VR战警 （美版） (8S, 12S)",SS#2129
ss,Virtua Cop 2 (Europe),VR战警2  （欧版）,SS#2130
ss,Virtua Cop 2 (Japan) (2M),VR战警2  （日版） (2M),SS#2131
ss,Virtua Cop 2 (Japan) (3M),VR战警2  （日版） (3M),SS#2132
ss,Virtua Cop 2 (Japan) (Rev B) (23M),VR战警2  （日版） （修正版 B） (23M),SS#2133
ss,Virtua Cop 2 (USA),VR战警2  （美版）,SS#2134
ss,Virtua Fighter (Europe) (Made in EU),VR战士  （欧版） (Made in EU),SS#2135
ss,Virtua Fighter (Europe) (Made in USA),VR战士  （欧版） (Made in USA),SS#2136
ss,Virtua Fighter (Japan),VR战士  （日版）,SS#2137
ss,Virtua Fighter (Japan) (Demo),VR战士  （日版） （演示版）,SS#2138
ss,Virtua Fighter (USA),VR战士  （美版）,SS#2139
ss,Virtua Fighter 2 (Europe) (Made in EU),VR战士2  （欧版） (Made in EU),SS#2140
ss,Virtua Fighter 2 (Europe) (Made in USA),VR战士2  （欧版） (Made in USA),SS#2141
ss,Virtua Fighter 2 (Europe) (Rev A) (Made in EU),VR战士2  （欧版） （修正版 A） (Made in EU),SS#2142
ss,Virtua Fighter 2 (Europe) (Rev A) (Made in USA),VR战士2  （欧版） （修正版 A） (Made in USA),SS#2143
ss,Virtua Fighter 2 (Japan) (Demo),VR战士2  （日版） （演示版）,SS#2144
ss,Virtua Fighter 2 (Japan) (Rev B),VR战士2  （日版） （修正版 B）,SS#2145
ss,"Virtua Fighter 2 (Japan) (Rev B) (32B, 37M)","VR战士2  （日版） （修正版 B） (32B, 37M)",SS#2146
ss,Virtua Fighter 2 (Japan) (Rev B) (35C),VR战士2  （日版） （修正版 B） (35C),SS#2147
ss,"Virtua Fighter 2 (Japan) (Rev B) (36B, 36C)","VR战士2  （日版） （修正版 B） (36B, 36C)",SS#2148
ss,Virtua Fighter 2 (Japan) (Rev B) (39B),VR战士2  （日版） （修正版 B） (39B),SS#2149
ss,Virtua Fighter 2 (Japan) (Rev C) (42M),VR战士2  （日版） （修正版 C） (42M),SS#2150
ss,Virtua Fighter 2 (Korea),VR战士2  （韩国版）,SS#2151
ss,Virtua Fighter 2 (USA),VR战士2  （美版）,SS#2152
ss,Virtua Fighter 2 (USA) (RE),VR战士2  （美版） (RE),SS#2153
ss,Virtua Fighter CG Portrait Collection (Europe),VR战士 CG合集 精选集  （欧版）,SS#2154
ss,Virtua Fighter CG Portrait Collection (Japan),VR战士 CG合集 精选集  （日版）,SS#2155
ss,Virtua Fighter CG Portrait Series - The Final - Dural (Japan),VR战士 CG合集系列 - THE FINAL - DURAL  （日版）,SS#2156
ss,Virtua Fighter CG Portrait Series Vol. 1 - Sarah Bryant (Japan) (1M),VR战士 CG合集系列 卷 1 - SARAH BRYANT  （日版） (1M),SS#2157
ss,Virtua Fighter CG Portrait Series Vol. 1 - Sarah Bryant (Japan) (Rev A),VR战士 CG合集系列 卷 1 - SARAH BRYANT  （日版） （修正版 A）,SS#2158
ss,Virtua Fighter CG Portrait Series Vol. 10 - Jeffry McWild (Japan) (4M),VR战士 CG合集系列 卷 10 - JEFFRY MCWILD  （日版） (4M),SS#2159
ss,Virtua Fighter CG Portrait Series Vol. 2 - Jacky Bryant (Japan),VR战士 CG合集系列 卷 2 - JACKY BRYANT  （日版）,SS#2160
ss,Virtua Fighter CG Portrait Series Vol. 3 - Akira Yuki (Japan) (2M),VR战士 CG合集系列 卷 3 - AKIRA YUKI  （日版） (2M),SS#2161
ss,Virtua Fighter CG Portrait Series Vol. 4 - Pai Chan (Japan) (2M),VR战士 CG合集系列 卷 4 - PAI CHAN  （日版） (2M),SS#2162
ss,Virtua Fighter CG Portrait Series Vol. 4 - Pai Chan (Japan) (3M),VR战士 CG合集系列 卷 4 - PAI CHAN  （日版） (3M),SS#2163
ss,Virtua Fighter CG Portrait Series Vol. 5 - Wolf Hawkfield (Japan),VR战士 CG合集系列 卷 5 - WOLF HAWKFIELD  （日版）,SS#2164
ss,Virtua Fighter CG Portrait Series Vol. 6 - Lau Chan (Japan) (4M),VR战士 CG合集系列 卷 6 - LAU CHAN  （日版） (4M),SS#2165
ss,Virtua Fighter CG Portrait Series Vol. 7 - Shun Di (Japan) (2M),VR战士 CG合集系列 卷 7 - SHUN DI  （日版） (2M),SS#2166
ss,Virtua Fighter CG Portrait Series Vol. 8 - Lion Rafale (Japan) (2M),VR战士 CG合集系列 卷 8 - LION RAFALE  （日版） (2M),SS#2167
ss,Virtua Fighter CG Portrait Series Vol. 9 - Kage Maru (Japan) (2M),VR战士 CG合集系列 卷 9 - KAGE MARU  （日版） (2M),SS#2168
ss,Virtua Fighter Kids (Europe),VR战士口袋版  （欧版）,SS#2169
ss,Virtua Fighter Kids (Japan),VR战士口袋版  （日版）,SS#2170
ss,Virtua Fighter Kids (Japan) (Java Tea Original),VR战士口袋版  （日版） (Java Tea Original),SS#2171
ss,Virtua Fighter Kids (Korea),VR战士口袋版  （韩国版）,SS#2172
ss,Virtua Fighter Kids (USA),VR战士口袋版  （美版）,SS#2173
ss,Virtua Fighter Remix (Europe),VR战士REMIX  （欧版）,SS#2174
ss,"Virtua Fighter Remix (Japan) (2M, 5M)","VR战士REMIX  （日版） (2M, 5M)",SS#2175
ss,Virtua Fighter Remix (Japan) (4M),VR战士REMIX  （日版） (4M),SS#2176
ss,Virtua Fighter Remix (Japan) (6M),VR战士REMIX  （日版） (6M),SS#2177
ss,Virtua Fighter Remix (Japan) (SegaNet),VR战士REMIX  （日版） (SegaNet),SS#2178
ss,Virtua Fighter Remix (Korea),VR战士REMIX  （韩国版）,SS#2179
ss,Virtua Fighter Remix (USA),VR战士REMIX  （美版）,SS#2180
ss,"Virtua Photo Studio - Cameraman Simulation (Japan) (1M, 2M)","VR摄影棚 - 模拟摄影师  （日版） (1M, 2M)",SS#2181
ss,Virtua Racing (Europe),VR赛车  （欧版）,SS#2182
ss,Virtua Racing (Japan),VR赛车  （日版）,SS#2183
ss,Virtua Racing (USA) (12S),VR赛车  （美版） (12S),SS#2184
ss,Virtua Racing (USA) (15S),VR赛车  （美版） (15S),SS#2185
ss,Virtuacall S (Japan) (Disc 1) (Game Honpen),虚拟来电 S  （日版） （光碟 1） (Game Honpen),SS#2186
ss,Virtuacall S (Japan) (Disc 2) (Shokai Gentei Yobikake-kun),虚拟来电 S  （日版） （光碟 2） (Shokai Gentei Yobikake-kun),SS#2187
ss,Virtual Casino (Japan),虚拟赌场  （日版）,SS#2188
ss,Virtual Casino (USA),虚拟赌场  （美版）,SS#2189
ss,Virtual Golf (Europe),VR高尔夫  （欧版）,SS#2190
ss,Virtual Hydlide (Europe),虚拟梦幻仙境  （欧版）,SS#2191
ss,Virtual Hydlide (Japan) (2M),虚拟梦幻仙境  （日版） (2M),SS#2192
ss,Virtual Hydlide (USA) (P4H),虚拟梦幻仙境  （美版） (P4H),SS#2193
ss,Virtual Hydlide (USA) (P5H),虚拟梦幻仙境  （美版） (P5H),SS#2194
ss,Virtual Kyoutei (Japan),VR赛艇  （日版）,SS#2195
ss,Virtual Kyoutei 2 (Japan) (2M),VR赛艇 2  （日版） (2M),SS#2196
ss,Virtual Mahjong (Japan),虚拟麻雀  （日版）,SS#2197
ss,Virtual Mahjong 2 - My Fair Lady (Japan),虚拟麻雀 2 - MY F青空 LADY  （日版）,SS#2198
ss,Virtual On - Cyber Troopers (Europe),电脑战机  （欧版）,SS#2199
ss,Virtual On - Cyber Troopers (USA),电脑战机  （美版）,SS#2200
ss,Virtual On - Cyber Troopers Net Link Edition (USA),电脑战机 网络链接版  （美版）,SS#2201
ss,Virtual Open Tennis (Europe),虚拟开幕网球  （欧版）,SS#2202
ss,Virtual Open Tennis (Japan),虚拟开幕网球  （日版）,SS#2203
ss,Virtual Open Tennis (USA),虚拟开幕网球  （美版）,SS#2204
ss,Virtual Volleyball (Japan),虚拟排球  （日版）,SS#2205
ss,Virus (Japan) (Demo),病毒  （日版） （演示版）,SS#2206
ss,Virus (Japan) (Disc 1),病毒  （日版） （光碟 1）,SS#2207
ss,Virus (Japan) (Disc 2),病毒  （日版） （光碟 2）,SS#2208
ss,Virus (Japan) (Disc 3),病毒  （日版） （光碟 3）,SS#2209
ss,Voice Fantasia S - Ushinawareta Voice Power (Japan) (Disc 1),声音幻想曲 S - 失去的声音力量  （日版） （光碟 1）,SS#2210
ss,Voice Fantasia S - Ushinawareta Voice Power (Japan) (Disc 2) (Premium CD-ROM),声音幻想曲 S - 失去的声音力量  （日版） （光碟 2） (Premium CD-ROM),SS#2211
ss,Voice Idol Maniacs - Pool Bar Story (Japan) (Disc 1) (2M),声优台球  （日版） （光碟 1） (2M),SS#2212
ss,Voice Idol Maniacs - Pool Bar Story (Japan) (Disc 2),声优台球  （日版） （光碟 2）,SS#2213
ss,VR Golf '97 (USA),VR高尔夫97  （美版）,SS#2214
ss,VR Soccer (USA),VR足球  （美版）,SS#2215
ss,Wachenroeder (Japan),钢铁世纪  （日版）,SS#2216
ss,Waialae no Kiseki - Extra 36 Holes (Japan),瓦乐奇迹高尔夫 - EXTRA 36 HOLES  （日版）,SS#2217
ss,Waku Waku 7 (Japan),火热火热7  （日版）,SS#2218
ss,Waku Waku 7 (Japan) (Demo),火热火热7  （日版） （演示版）,SS#2219
ss,Waku Waku Puyo Puyo Dungeon (Japan) (3M),火热火热对噗呦噗呦  （日版） (3M),SS#2220
ss,Waku Waku Puyo Puyo Dungeon (Japan) (4M),火热火热对噗呦噗呦  （日版） (4M),SS#2221
ss,Waku Waku Puyo Puyo Dungeon (Japan) (Demo),火热火热对噗呦噗呦  （日版） （演示版）,SS#2222
ss,Waku^2 Monster (Japan),火热怪物蛋  （日版）,SS#2223
ss,WanChai Connection (Japan) (Disc A),湾仔事件  （日版） （光碟 A）,SS#2224
ss,"WanChai Connection (Japan) (Disc B) (3A, 3C)","湾仔事件  （日版） （光碟 B） (3A, 3C)",SS#2225
ss,Wangan Dead Heat (Japan),湾岸 DEAD HEAT  （日版）,SS#2226
ss,Wangan Dead Heat + Real Arrange (Japan) (Disc 1),湾岸赛车  （日版） （光碟 1）,SS#2227
ss,Wangan Dead Heat + Real Arrange (Japan) (Disc 2) (Addition),湾岸赛车  （日版） （光碟 2） (Addition),SS#2228
ss,Wangan Trial Love (Japan),湾岸 试恋  （日版）,SS#2229
ss,Wara Wara Wars - Gekitou! Daigundan Battle (Japan),战役军团  （日版）,SS#2230
ss,"WarCraft II - The Dark Saga (Europe) (En,Fr,De,Es,It)","魔兽争霸2：暗黑传说  （欧版） (En,Fr,De,Es,It)",SS#2231
ss,WarCraft II - The Dark Saga (Japan),魔兽争霸2：暗黑传说  （日版）,SS#2232
ss,WarCraft II - The Dark Saga (USA),魔兽争霸2：暗黑传说  （美版）,SS#2233
ss,Welcome House (Japan),欢迎房子  （日版）,SS#2234
ss,Wheel's (Japan),车轮  （日版）,SS#2235
ss,Whizz (Europe),专家兔  （欧版）,SS#2236
ss,Whizz (Japan),专家兔  （日版）,SS#2237
ss,Willy Wombat (Japan),蝙蝠狼  （日版）,SS#2238
ss,Wing Arms (Europe),华丽击坠王  （欧版）,SS#2239
ss,Wing Arms (USA) (4S),华丽击坠王  （美版） (4S),SS#2240
ss,Wing Arms (USA) (5S),华丽击坠王  （美版） (5S),SS#2241
ss,Wing Arms - Kareinaru Gekitsuiou (Japan) (Rev A),华丽击坠王  （日版） （修正版 A）,SS#2242
ss,Winning Post (USA),赛马大亨  （美版）,SS#2243
ss,Winning Post 2 (Japan) (2M),赛马大亨 2  （日版） (2M),SS#2244
ss,Winning Post 2 (Japan) (Rev A) (10M),赛马大亨 2  （日版） （修正版 A） (10M),SS#2245
ss,Winning Post 2 - Final '97 (Japan),赛马大亨 2 - FINAL '97  （日版）,SS#2246
ss,Winning Post 2 - Program '96 (Japan),赛马大亨 2 - PROGRAM '96  （日版）,SS#2247
ss,Winning Post 3 (Japan) (2M),赛马大亨 3  （日版） (2M),SS#2248
ss,Winning Post 3 (Japan) (3M),赛马大亨 3  （日版） (3M),SS#2249
ss,Winning Post 3 - Program '98 (Japan),赛马大亨 3 - PROGRAM '98  （日版）,SS#2250
ss,Winning Post EX (Japan) (2M),赛马大亨 EX  （日版） (2M),SS#2251
ss,Winter Heat (Europe),冬季奥运会  （欧版）,SS#2252
ss,Winter Heat (Europe) (Demo),冬季奥运会  （欧版） （演示版）,SS#2253
ss,Winter Heat (Japan),冬季奥运会  （日版）,SS#2254
ss,Winter Heat (USA),冬季奥运会  （美版）,SS#2255
ss,WipEout (Europe),反重力赛车  （欧版）,SS#2256
ss,WipEout (Japan) (2M),反重力赛车  （日版） (2M),SS#2257
ss,WipEout (USA),反重力赛车  （美版）,SS#2258
ss,WipEout 2097 (Europe),反重力赛车 2097  （欧版）,SS#2259
ss,WipEout 2097 (Europe) (Demo),反重力赛车 2097  （欧版） （演示版）,SS#2260
ss,Wipeout XL (Japan),反重力赛车XL  （日版）,SS#2261
ss,With You - Mitsumeteitai (Japan) (Disc 1),想见你  （日版） （光碟 1）,SS#2262
ss,With You - Mitsumeteitai (Japan) (Disc 2),想见你  （日版） （光碟 2）,SS#2263
ss,Wizard's Harmony (Japan),巫师融洽  （日版）,SS#2264
ss,Wizard's Harmony 2 (Japan) (1M),巫师融洽2  （日版） (1M),SS#2265
ss,Wizard's Harmony 2 (Japan) (2M),巫师融洽2  （日版） (2M),SS#2266
ss,Wizardry - Llylgamyn Saga (Japan),巫术：123合集  （日版）,SS#2267
ss,Wizardry Nemesis - The Wizardry Adventure (Japan) (Disc 1),巫术 冒险之卷 - 巫术大冒险  （日版） （光碟 1）,SS#2268
ss,Wizardry Nemesis - The Wizardry Adventure (Japan) (Disc 2),巫术 冒险之卷 - 巫术大冒险  （日版） （光碟 2）,SS#2269
ss,Wizardry VI & VII Complete (Japan) (3M),巫术 VI & VII COMPLETE  （日版） (3M),SS#2270
ss,Wizardry VI & VII Complete (Japan) (Sample-ban) (3M),巫术 VI & VII COMPLETE  （日版） (Sample-ban) (3M),SS#2271
ss,Wolf Fang SS - Kuuga 2001 (Japan),空牙 2001  （日版）,SS#2272
ss,"World Advanced Daisenryaku - Koutetsu no Senpuu (Japan) (1M, 4M)","大战略 - 钢铁雄风  （日版） (1M, 4M)",SS#2273
ss,World Advanced Daisenryaku - Koutetsu no Senpuu (Japan) (2M),大战略 - 钢铁雄风  （日版） (2M),SS#2274
ss,World Advanced Daisenryaku - Koutetsu no Senpuu (Japan) (Rev A) (10M),大战略 - 钢铁雄风  （日版） （修正版 A） (10M),SS#2275
ss,World Advanced Daisenryaku - Sakusen File (Japan) (1M),大战略 - 作战文件  （日版） (1M),SS#2276
ss,World Advanced Daisenryaku - Sakusen File (Japan) (2M),大战略 - 作战文件  （日版） (2M),SS#2277
ss,World Cup '98 France - Road to Win (Japan),法国世界杯 '98 - 胜利之路  （日版）,SS#2278
ss,"World Cup Golf - In Hyatt Dorado Beach (Japan) (En,Ja)","世界杯高尔夫  （日版） (En,Ja)",SS#2279
ss,World Cup Golf - Professional Edition (Europe) (1S),高尔夫世界杯：专业版  （欧版） (1S),SS#2280
ss,World Cup Golf - Professional Edition (Europe) (3S),高尔夫世界杯：专业版  （欧版） (3S),SS#2281
ss,World Cup Golf - Professional Edition (France),高尔夫世界杯：专业版  （法国版）,SS#2282
ss,World Cup Golf - Professional Edition (Germany) (Rev A),高尔夫世界杯：专业版  （德国版） （修正版 A）,SS#2283
ss,World Cup Golf - Professional Edition (USA) (RE2),高尔夫世界杯：专业版  （美版） (RE2),SS#2284
ss,World Evolution Soccer (Japan),世界进化足球  （日版）,SS#2285
ss,World Heroes Perfect (Japan),世界英雄完美版  （日版）,SS#2286
ss,World League Soccer '98 (Europe),世界联盟足球 '98  （欧版）,SS#2287
ss,World Series Baseball (Europe),世界棒球大赛  （欧版）,SS#2288
ss,World Series Baseball (USA),世界棒球大赛  （美版）,SS#2289
ss,World Series Baseball 98 (USA),世界棒球大赛 98  （美版）,SS#2290
ss,World Series Baseball II (Europe),世界棒球大赛 II  （欧版）,SS#2291
ss,World Series Baseball II (Japan),世界棒球大赛 II  （日版）,SS#2292
ss,World Series Baseball II (USA) (1S),世界棒球大赛 II  （美版） (1S),SS#2293
ss,World Series Baseball II (USA) (2S),世界棒球大赛 II  （美版） (2S),SS#2294
ss,"Worldwide Soccer '98 (USA) (En,Fr,Es)","世界联赛足球 '98  （美版） (En,Fr,Es)",SS#2295
ss,Worldwide Soccer - Sega International Victory Goal Edition (Korea),世界联赛足球 - 世嘉 国际胜利进球版  （韩国版）,SS#2296
ss,Worldwide Soccer - Sega International Victory Goal Edition (USA) (RE),世界联赛足球 - 世嘉 国际胜利进球版  （美版） (RE),SS#2297
ss,Worms (Europe),百战天虫  （欧版）,SS#2298
ss,Worms (Japan),百战天虫  （日版）,SS#2299
ss,Worms (USA),百战天虫  （美版）,SS#2300
ss,WWF In Your House (Europe),美国职业摔交联盟：你的房子  （欧版）,SS#2301
ss,WWF In Your House (Japan),美国职业摔交联盟：你的房子  （日版）,SS#2302
ss,WWF In Your House (USA),美国职业摔交联盟：你的房子  （美版）,SS#2303
ss,WWF WrestleMania - The Arcade Game (Europe),美国职业摔交联盟：街机游戏  （欧版）,SS#2304
ss,WWF WrestleMania - The Arcade Game (Europe) (Demo),美国职业摔交联盟：街机游戏  （欧版） （演示版）,SS#2305
ss,WWF WrestleMania - The Arcade Game (Japan),美国职业摔交联盟：街机游戏  （日版）,SS#2306
ss,WWF WrestleMania - The Arcade Game (USA),美国职业摔交联盟：街机游戏  （美版）,SS#2307
ss,X Japan - Virtual Shock 001 (Japan) (3M),X JAPAN - 虚拟冲击 001  （日版） (3M),SS#2308
ss,X Japan - Virtual Shock 001 (Japan) (4M),X JAPAN - 虚拟冲击 001  （日版） (4M),SS#2309
ss,X-Men - Children of the Atom (Europe) (2S),X战警 - 磁场原子人  （欧版） (2S),SS#2310
ss,X-Men - Children of the Atom (Europe) (3S),X战警 - 磁场原子人  （欧版） (3S),SS#2311
ss,X-Men - Children of the Atom (Japan),X战警 - 磁场原子人  （日版）,SS#2312
ss,X-Men - Children of the Atom (Japan) (Demo),X战警 - 磁场原子人  （日版） （演示版）,SS#2313
ss,X-Men - Children of the Atom (USA),X战警 - 磁场原子人  （美版）,SS#2314
ss,X-Men vs. Street Fighter (Japan) (1M),X战警 大对抗 街头霸王  （日版） (1M),SS#2315
ss,X-Men vs. Street Fighter (Japan) (2M),X战警 大对抗 街头霸王  （日版） (2M),SS#2316
ss,X-Men vs. Street Fighter (Japan) (3M),X战警 大对抗 街头霸王  （日版） (3M),SS#2317
ss,Xianjian Qixiazhuan (Taiwan),仙剑奇侠传  (Taiwan),SS#2318
ss,"Yakyuuken Special, The - Kon'ya wa 12-kaisen!! (Japan) (1M)",野球拳特别版 - 今夜大战12回合!!  （日版） (1M),SS#2319
ss,Yellow Brick Road (Japan) (3M),黄砖路  （日版） (3M),SS#2320
ss,Yoshimoto Mahjong Club (Japan),彩京麻将俱乐部  （日版）,SS#2321
ss,Yoshimura Shougi (Japan),吉村 将棋  （日版）,SS#2322
ss,Yoshiyuki Sadamoto Illustrations (Japan),贞本义行的插画  （日版）,SS#2323
ss,Yu-No - Konoyo no Hate de Koi o Utau Shoujo (Japan) (Disc A),在世界尽头咏唱爱的少女  （日版） （光碟 A）,SS#2324
ss,Yu-No - Konoyo no Hate de Koi o Utau Shoujo (Japan) (Disc B),在世界尽头咏唱爱的少女  （日版） （光碟 B）,SS#2325
ss,Yu-No - Konoyo no Hate de Koi o Utau Shoujo (Japan) (Disc C),在世界尽头咏唱爱的少女  （日版） （光碟 C）,SS#2326
ss,Yumimi Mix Remix (Japan),吉泽弓美复刻版  （日版）,SS#2327
ss,Yumimi Mix Remix (Japan) (Demo),吉泽弓美复刻版  （日版） （演示版）,SS#2328
ss,Yuukyuu Gensoukyoku (Japan),悠久幻想曲  （日版）,SS#2329
ss,Yuukyuu Gensoukyoku (Japan) (Alt),悠久幻想曲  （日版） (Alt),SS#2330
ss,Yuukyuu Gensoukyoku (Japan) (Demo),悠久幻想曲  （日版） （演示版）,SS#2331
ss,Yuukyuu Gensoukyoku 2nd Album (Japan),悠久幻想曲2  （日版）,SS#2332
ss,Yuukyuu Gensoukyoku 2nd Album (Japan) (2M),悠久幻想曲2  （日版） (2M),SS#2333
ss,Yuukyuu Gensoukyoku 2nd Album (Japan) (Demo),悠久幻想曲2  （日版） （演示版）,SS#2334
ss,Yuukyuu Gensoukyoku Ensemble (Japan),悠久幻想曲 ENSEMBLE  （日版）,SS#2335
ss,Yuukyuu Gensoukyoku Ensemble 2 (Japan),悠久幻想曲 ENSEMBLE 2  （日版）,SS#2336
ss,Yuukyuu no Kobako Official Collection (Japan),悠久的小箱 官方 精选集  （日版）,SS#2337
ss,Yuukyuu no Kobako Official Collection (Japan) (1M),悠久的小箱 官方 精选集  （日版） (1M),SS#2338
ss,Yuushun - Classic Road (Japan),優駿 - 古典之路  （日版）,SS#2339
ss,Z (Europe),Z  （欧版）,SS#2340
ss,Zanma Chou Ougi - Valhollian (Japan),斬魔超奥義 （日版）,SS#2341
ss,Zap! Snowboarding Trix '98 (Japan),猛冲!滑雪板 '98  （日版）,SS#2342
ss,Zap! Snowboarding Trix (Japan),猛冲!滑雪板  （日版）,SS#2343
ss,Zen Nihon Pro Wres featuring Virtua (Japan),全日本职业摔跤 FEATURING VIRTUA  （日版）,SS#2344
ss,Zen Nihon Pro Wres featuring Virtua (Japan) (Rev A),全日本职业摔跤 FEATURING VIRTUA  （日版） （修正版 A）,SS#2345
ss,Zenkoku Seifuku Bishoujo Grand Prix - Find Love (Japan),全国制服美少女 - 寻找爱  （日版）,SS#2346
ss,Zero Divide - The Final Conflict (Japan),战斗程序零号 - 最后的冲突  （日版）,SS#2347
ss,Zero4 Champ DooZy-J Type-R (Japan),零4赛车  （日版）,SS#2348
ss,Zoku Gussun Oyoyo (Japan) (2M),豆豆君  （日版） (2M),SS#2349
ss,Zoku Hatsukoi Monogatari - Shuugaku Ryokou (Japan) (Disc 1) (Shougakusei Jidai),续初恋物语：修学旅行 - 修学旅行  （日版） （光碟 1） (Shougakusei Jidai),SS#2350
ss,Zoku Hatsukoi Monogatari - Shuugaku Ryokou (Japan) (Disc 2) (Chuugakusei Jidai),续初恋物语：修学旅行 - 修学旅行  （日版） （光碟 2） (Chuugakusei Jidai),SS#2351
ss,Zoku Hatsukoi Monogatari - Shuugaku Ryokou (Japan) (Disc 3) (Koukousei Jidai),续初恋物语：修学旅行 - 修学旅行  （日版） （光碟 3） (Koukousei Jidai),SS#2352
ss,Zoku Hatsukoi Monogatari - Shuugaku Ryokou (Japan) (Disc 4) (Daigakusei Jidai & Koukou kara Daigaku ni Agaru ma no Haruyasumi),续初恋物语：修学旅行 - 修学旅行  （日版） （光碟 4） (Daigakusei Jidai & Koukou kara Daigaku ni Agaru ma no Haruyasumi),SS#2353
ss,Zoop (Japan),放大  （日版）,SS#2354
ss,Zork I - The Great Underground Empire (Japan),大魔域 I - 伟大的地下帝国  （日版）,SS#2355
