title_id,serial,name,region
0004000000037500,CTR-AGRP,Tom Clancys Ghost Recon: Shadow Wars,EUR
0004000000038900,CTR-ASMP,Super Monkey Ball 3D,EUR
0004000000038C00,CTR-ALGP,LEGO Star Wars III: The Clone Wars,EUR
0004000000033600,CTR-AQEP,The Legend of Zelda: Ocarina of Time 3D,EUR
0004000000053F00,CTR-AREP,Super Mario 3D Land,EUR
0004000000049100,CTR-ANRP,Star Fox 64 3D (Rev02),EUR
0004000000031D00,CTR-AWAP,PilotWings Resort,EUR
0004000000038B00,CTR-ABMP,Resident Evil: The Mercenaries 3D,EUR
0004000000033800,CTR-ABBP,Puzzle Bobble Universe,EUR
0004000000033900,CTR-ARYP,Rayman 3D,EUR
0004000000033C00,CTR-ASSP,Super Street Fighter IV: 3D Edition,EUR
0004000000038A00,CTR-ADDP,Dead or Alive: Dimensions,EUR
0004000000033A00,CTR-ASCP,Tom Clancys Splinter Cell 3D,EUR
0004000000033B00,CTR-ARRP,Ridge Racer 3D,EUR
0004000000056200,CTR-ADLP,Doctor Lautrec and The Forgotten Knights,EUR
0004000000030700,CTR-AMKP,Mario Kart 7,EUR
000400000004B300,CTR-AQNP,Cubic Ninja,EUR
0004000000032300,CTR-ASDP,Steel Diver,EUR
000400000004C100,CTR-ATLP,Tetris,EUR
0004000000037600,CTR-ASFP,Asphalt 3D,EUR
0004000000045600,CTR-APCP,LEGO Pirates of the Caribbean: The Video Game,EUR
0004000000037800,CTR-ADRP,Driver: Renegade 3D,EUR
0004000000033D00,CTR-AS3P,The Sims 3,EUR
0004000000033E00,CTR-AMDP,Madden NFL Football,EUR
0004000000032800,CTR-ARRJ,Ridge Racer 3D,JPN
0004000000066D00,CTR-ACCP,Super Pokemon Rumble,EUR
000400000005D700,CTR-AABP,Tales of the Abyss,EUR
0004000000043500,CTR-AGLP,Green Lantern: Rise of the Manhunters,EUR
0004000000043B00,CTR-AGTP,Thor: God of Thunder,EUR
000400000004C800,CTR-ADTP,Dream Trigger 3D,EUR
0004000000035800,CTR-ARRE,Ridge Racer 3D,USA
0004000000031C00,CTR-AWAE,PilotWings Resort,USA
0004000000033500,CTR-AQEE,The Legend of Zelda: Ocarina of Time 3D,USA
0004000000032400,CTR-ASDE,Steel Diver,USA
0004000000031700,CTR-ADCE,Nintendogs + Cats: Toy Poodle & New Friends,USA
0004000000035A00,CTR-AGRE,Tom Clancys Ghost Recon: Shadow Wars,USA
0004000000032D00,CTR-ASSE,Super Street Fighter IV: 3D Edition,USA
0004000000051100,CTR-ABLP,Blazblue: Continuum Shift II,EUR
000400000004A100,CTR-ACVE,Cave Story 3D,USA
0004000000030800,CTR-AMKE,Mario Kart 7,USA
0004000000054000,CTR-AREE,Super Mario 3D Land,USA
0004000000037000,CTR-ASME,Super Monkey Ball 3D,USA
0004000000062300,CTR-ASNE,Sonic Generations,USA
0004000000049000,CTR-ANRE,Star Fox 64 3D (Rev02),USA
0004000000055B00,CTR-ASVE,Shinobi,USA
0004000000045F00,CTR-ABTE,Bit.Trip Saga,USA
000400000004EA00,CTR-ASGP,SpongeBob SquigglePants,EUR
0004000000043A00,CTR-ACAP,Captain America: Super Soldier,EUR
0004000000037C00,CTR-AEEP,Pro Evolution Soccer 2011 3D,EUR
0004000000047900,CTR-AT2E,Harvest Moon 3D: The Tale of Two Towns,USA
0004000000034F00,CTR-ADDE,Dead or Alive: Dimensions,USA
0004000000037900,CTR-ATNP,The Adventures of Tintin: The Secret of the Unicorn,EUR
0004000000038800,CTR-AMTE,Shin Megami Tensei: Devil Survivor Overclocked,USA
0004000000043800,CTR-ATLE,Tetris Axis,USA
0004000000047B00,CTR-AN3E,Nano Assault,USA
000400000005AA00,CTR-ASVP,Shinobi,EUR
0004000000044400,CTR-ANTF,Naruto Shippuden 3D: The New Era,FRA
0004000000043400,CTR-AS9P,Sudoku: The Puzzle Game Collection,EUR
0004000000034B00,CTR-ATTP,Combat of Giants: Dinosaurs 3D,EUR
000400000004B200,CTR-AZOP,Zoo Resort 3D,EUR
000400000004AC00,CTR-ABLZ,Blazblue: Continuum Shift II,USA
000400000004D000,CTR-ATFP,Transformers: Dark of the Moon - Stealth Force Edition,EUR
0004000000064900,CTR-AC3E,Ace Combat: Assault Horizon Legacy,USA
0004000000031F00,CTR-AKKJ,Layton Kyouju to Kiseki no Kamen,JPN
0004000000030500,CTR-ASSJ,Super Street Fighter IV: 3D Edition,JPN
000400000006A600,CTR-AF4P,F1 2011,EUR
000400000006CC00,CTR-AC3P,Ace Combat: Assault Horizon Legacy,EUR
0004000000045400,CTR-APPP,DualPenSports,EUR
000400000004EB00,CTR-ASHE,Mahjong Cub3d,USA
0004000000066C00,CTR-ACCE,Pokemon Rumble Blast,USA
000400000005A300,CTR-AS4E,The Sims 3: Pets,USA
000400000004A400,CTR-AHPE,LEGO Harry Potter: Years 5-7,USA
0004000000037400,CTR-APCE,LEGO Pirates of the Caribbean: The Video Game,USA
0004000000061100,CTR-ACNP,Cartoon Network: Punch Time Explosion,EUR
0004000000035400,CTR-ALGE,LEGO Star Wars III: The Clone Wars,USA
0004000000052400,CTR-AWEE,WWE All Stars,USA
0004000000044700,CTR-AF2P,FIFA 12,EUR
0004000000034D00,CTR-A66E,Samurai Warriors Chronicles,USA
0004000000040100,CTR-ASCZ,Tom Clancys Splinter Cell 3D,USA
000400000005EE00,CTR-ABRP,Resident Evil: Revelations,EUR
0004000000047A00,CTR-AF2E,FIFA Soccer 12,USA
0004000000035E00,CTR-ABBE,Bust-a-Move Universe,USA
000400000004DD00,CTR-AWPE,Wipeout 2,USA
000400000004E900,CTR-AMSP,Marvel Super Hero Squad: The Infinity Gauntlet,EUR
0004000000068B00,CTR-AP9E,Pac-Man Party 3D,USA
0004000000035700,CTR-ARBE,Rabbids Travel in Time 3D,USA
0004000000044500,CTR-ASGE,SpongeBob SquigglePants,USA
0004000000037700,CTR-ARBP,Rabbids 3D,EUR
0004000000056400,CTR-AWEP,WWE All Stars,EUR
000400000004E400,CTR-ACQE,Cooking Mama 4: Kitchen Magic,USA
0004000000037A00,CTR-AMJP,Michael Jackson: The Experience 3D,EUR
0004000000044900,CTR-AGXP,Generator Rex: Agent of Providence,EUR
0004000000035600,CTR-AEEE,Pro Evolution Soccer 2011 3D,USA
0004000000067500,CTR-AE2E,Pro Evolution Soccer 2012 3D,USA
0004000000043600,CTR-ADTE,Dream Trigger 3D,USA
0004000000030D00,CTR-ADAE,Nintendogs + Cats: Golden Retriever & New Friends,USA
0004000000043900,CTR-ACNE,Cartoon Network: Punch Time Explosion,USA
0004000000036300,CTR-APGE,Pac-Man & Galaga Dimensions,USA
0004000000036000,CTR-ADRE,Driver: Renegade,USA
0004000000036100,CTR-AHCE,James Noirs Hollywood Crimes,USA
0004000000036E00,CTR-ASPE,Skylanders: Spyros Adventure,USA
0004000000037B00,CTR-AHCP,James Noirs Hollywood Crimes 3D,EUR
000400000007E900,CTR-ATKP,Tekken 3D Prime Edition,EUR
0004000000054800,CTR-ACME,Mario & Sonic at the London 2012 Olympic Games,USA
0004000000061300,CTR-AABE,Tales of the Abyss,USA
0004000000080300,CTR-ATKE,Tekken 3D Prime Edition,USA
0004000000081E00,CTR-AMGE,Metal Gear Solid: Snake Eater 3D,USA
0004000000060200,CTR-ABRE,Resident Evil: Revelations,USA
0004000000054900,CTR-ACMP,Mario & Sonic at the London 2012 Olympic Games,EUR
0004000000034C00,CTR-ASFE,Asphalt 3D,USA
0004000000035300,CTR-AGLE,Green Lantern: Rise of the Manhunters,USA
0004000000044300,CTR-AHFE,Happy Feet Two,USA
0004000000031200,CTR-ADBE,Nintendogs + Cats: French Bulldog & New Friends,USA
0004000000036400,CTR-ARYE,Rayman 3D,USA
0004000000035900,CTR-ABME,Resident Evil: The Mercenaries 3D,USA
0004000000036600,CTR-APPE,DualPenSports,USA
0004000000051500,CTR-ANSP,Need for Speed: The Run,EUR
0004000000046500,CTR-AQNE,Cubic Ninja,USA
0004000000035500,CTR-AMDE,Madden NFL Football,USA
0004000000036500,CTR-AS3E,The Sims 3,USA
0004000000048100,CTR-AMHJ,Monster Hunter 3G,JPN
0004000000082400,CTR-AMGP,Metal Gear Solid: Snake Eater 3D,EUR
0004000000036800,CTR-ADLE,Doctor Lautrec and the Forgotten Knights,USA
0004000000061200,CTR-ANKE,Nicktoons MLB 3D,USA
000400000004A500,CTR-ATFE,Transformers: Dark of the Moon - Stealth Force Edition,USA
0004000000048D00,CTR-ARFE,Reel Fishing Paradise 3D,USA
0004000000040500,CTR-AGTE,Thor: God of Thunder,USA
0004000000035100,CTR-ATTE,Combat of Giants: Dinosaurs 3D,USA
0004000000036900,CTR-AFRE,Frogger 3D,USA
0004000000044B00,CTR-APFE,Petz Fantasy 3D,USA
000400000004EC00,CTR-APUE,Puzzler Mind Gym 3D,USA
0004000000073600,CTR-ALFP,One Piece: Unlimited Cruise SP,EUR
0004000000030C00,CTR-ADAP,Nintendogs + Cats: Golden Retriever & New Friends (Rev01),EUR
0004000000030200,CTR-AKDP,Kid Icarus: Uprising,EUR
000400000004C400,CTR-ABWE,Brunswick Pro Bowling,USA
0004000000048C00,CTR-AS9E,Nikolis Pencil Puzzle,USA
000400000004C600,CTR-APBE,Pinball Hall of Fame: The Williams Collection,USA
0004000000044600,CTR-ADEE,Deca Sports Extreme,USA
000400000004DA00,CTR-AF4E,F1 2011,USA
0004000000040200,CTR-A66P,Samurai Warriors Chronicles,EUR
0004000000040400,CTR-ACRP,Crush 3D,EUR
0004000000043300,CTR-ADEP,Sports Island 3D,EUR
0004000000030100,CTR-AKDE,Kid Icarus: Uprising,USA
0004000000037100,CTR-ACRE,Crush 3D,USA
0004000000062000,CTR-ALDE,Lets Ride! Best in Breed 3D,USA
0004000000062100,CTR-AP8E,Paws & Claws: Pampered Pets Resort 3D,USA
0004000000062200,CTR-ASNP,Sonic Generations,EUR
0004000000048600,CTR-AJWE,Jaws: Ultimate Predator,USA
000400000004C200,CTR-AHSE,Horses 3D,USA
0004000000046400,CTR-AG3E,Gabrielles Ghostly Groove 3D,USA
0004000000037200,CTR-AFCE,Face Racers: Photo Finish,USA
0004000000061400,CTR-AW2E,Carnival Games: Wild West 3D,USA
000400000004AD00,CTR-ACPE,Centipede: Infestation,USA
0004000000061A00,CTR-AS7E,Spider-Man: Edge of Time,USA
0004000000040700,CTR-ABNE,Ben 10: Galactic Racing,USA
0004000000052200,CTR-AFME,Funky Barn 3D,USA
0004000000044000,CTR-AMSE,Marvel Super Hero Squad: The Infinity Gauntlet,USA
000400000004C500,CTR-AT9E,The Oregon Trail,USA
0004000000031600,CTR-ADCP,Nintendogs + Cats: Toy Poodle & New Friends,EUR
000400000004D200,CTR-ACVP,Cave Story 3D,EUR
0004000000040600,CTR-ACAE,Captain America: Super Soldier,USA
0004000000044D00,CTR-AZOE,Zoo Resort 3D,USA
000400000006A400,CTR-AAZE,Cars 2,USA
0004000000036B00,CTR-AGSE,Gem Smashers,USA
0004000000036C00,CTR-AGXE,Generator Rex: Agent of Providence,USA
0004000000065000,CTR-ASXP,Secret Mysteries in London,EUR
000400000006D500,CTR-AAZP,Cars 2,EUR
0004000000064F00,CTR-AMZP,Mahjong 3D: Warriors of the Emperor,EUR
0004000000048500,CTR-AMJE,Michael Jackson: The Experience 3D,USA
000400000004A000,CTR-ATNE,The Adventures of Tintin: The Game,USA
000400000004CC00,CTR-AKZE,DreamWorks Super Star Kartz,USA
0004000000044A00,CTR-AGUE,Imagine Fashion Designer,USA
0004000000036200,CTR-APZE,Pet Zombies,USA
0004000000037300,CTR-AHDE,The Hidden,USA
000400000005A900,CTR-AS4P,The Sims 3: Pets,EUR
000400000004E200,CTR-APUP,Puzzler Mind Gym 3D,EUR
0004000000051400,CTR-ANSE,Need for Speed: The Run,USA
0004000000048F00,CTR-AC9E,NASCAR Unleashed,USA
000400000004E000,CTR-ACTE,Puppies 3D,USA
0004000000057100,CTR-ASZE,Shifting World,USA
000400000006DA00,CTR-ARTP,Rhythm Thief & the Emperors Treasure,EUR
0004000000044200,CTR-AFDP,Anglers Club: Ultimate Bass Fishing 3D,EUR
000400000004F600,CTR-ANCP,NCIS 3D,EUR
0004000000039800,CTR-A78J,Gundam: The 3D Battle,JPN
000400000007C800,CTR-AGAP,Mario Tennis Open,EUR
0004000000075F00,CTR-ABTP,Bit.Trip Saga,EUR
000400000005A700,CTR-AF5P,35 Classic Games,EUR
0004000000045D00,CTR-APGP,Pac-Man & Galaga Dimensions,EUR
000400000005A500,CTR-ARMP,Rayman Origins,EUR
0004000000049200,CTR-AHPP,LEGO Harry Potter: Years 5-7,EUR
0004000000073D00,CTR-AW2P,Carnival Games: Wild West 3D,EUR
0004000000066200,CTR-AFBP,Crash Time 3D,EUR
000400000009A900,CTR-AS8D,The Amazing Spider-Man,EUR
0004000000074000,CTR-AH6P,Heroes of Ruin,EUR
0004000000061700,CTR-AE2P,Pro Evolution Soccer 2012 3D,EUR
0004000000079500,CTR-ALCP,Spirit Camera: The Cursed Memoir,EUR
0004000000082300,CTR-AF6P,50 Classic Games,EUR
000400000006D700,CTR-AP3P,Pets Paradise Resort 3D,EUR
000400000005C900,CTR-AP9P,Pac-Man Party 3D,EUR
0004000000031100,CTR-ADBP,Nintendogs + Cats: French Bulldog & New Friends,EUR
0004000000095500,CTR-AKHP,Kingdom Hearts 3D: Dream Drop Distance,EUR
0004000000091600,CTR-ATHP,Theatrhythm Final Fantasy,EUR
0004000000074600,CTR-ATWJ,Dragon Quest Monsters: Terry no Wonderland 3D,JPN
000400000004EE00,CTR-AKHJ,Kingdom Hearts 3D: Dream Drop Distance,JPN
000400000005C300,CTR-AMRJ,Slime MoriMori Dragon Quest 3: Taikaizoku to Shippo Dan,JPN
0004000000033400,CTR-AQEJ,Zelda no Densetsu: Toki no Ocarina 3D,JPN
000400000007AF00,CTR-ABEP,New Super Mario Bros. 2,EUR
0004000000067F00,CTR-AS7F,Spider-Man: Aux Frontieres du Temps,FRA
0004000000080000,CTR-ABSP,Battleship,EUR
0004000000033300,CTR-ASFJ,Asphalt 3D: Nitro Racing,JPN
0004000000030600,CTR-AMKJ,Mario Kart 7,JPN
0004000000093500,CTR-AMCP,Madagascar 3: Europes Most Wanted,EUR
0004000000098500,CTR-ALBF,LEGO Batman 2: DC Super Heroes (Rev01),FRA
0004000000053B00,CTR-ABRJ,Biohazard: Revelations,JPN
0004000000072000,CTR-AFEJ,Fire Emblem: Kakusei,JPN
0004000000093300,CTR-ATQP,"Freakyforms Deluxe: Your Creations, Alive!",EUR
00040000000A8800,CTR-AKKF,Professeur Layton et le Masque des Miracles,FRA
0004000000048000,CTR-AM9J,Hatsune Miku and Future Stars: Project Mirai,JPN
0004000000073900,CTR-AXXJ,Project X Zone,JPN
0004000000031E00,CTR-A66J,Sengoku Musou Chronicle,JPN
00040000000A4D00,CTR-AZCJ,Sengoku Musou Chronicle 2nd,JPN
0004000000090F00,CTR-ATDJ,Taiko no Tatsujin: Chibi Dragon to Fushigi na Orb,JPN
000400000007C100,CTR-AMMP,Mensa Academy,EUR
0004000000053500,CTR-ACMK,Mario & Sonic at London Olympics,KOR
0004000000089D00,CTR-AREK,Super Mario 3D Land,KOR
0004000000054100,CTR-AREJ,Super Mario 3D Land,JPN
00040000000A0000,CTR-ABRW,Biohazard: Revelations,TWN
000400000008B400,CTR-AMKW,Mario Kart 7,TWN
00040000000C1F00,CTR-AN4Z,Naruto SD Powerful Shippuden,CHN
000400000008F900,CTR-AQEW,The Legend of Zelda: Ocarina of Time 3D,CHN
0004000000055900,CTR-AR5P,Rabbids Rumble,EUR
0004000000032B00,CTR-ATTJ,Combat of Giants: Dinosaurs 3D,JPN
000400000008D400,CTR-AN3J,Nano Assault,JPN
000400000004A700,CTR-AABJ,Tales Of the Abyss,JPN
000400000009F600,CTR-AVHJ,Senran Kagura Burst: Guren no Shoujotachi,JPN
0004000000043700,CTR-ASRJ,Tohoku Daigaku Karei Igaku Kenkyuusho: Kawashima Ryuuta Kyouju Kanshuu - Monosugoku Nou wo Kitaeru 5-Funkan no Oni Training,JPN
0004000000080100,CTR-ASJJ,Sekaiju no Meikyuu IV: Denshou no Kyoshin,JPN
00040000000A5F00,CTR-AG5P,Paper Mario: Sticker Star,EUR
0004000000076500,CTR-AGGP,Luigis Mansion 2,EUR
00040000000B1D00,CTR-AMHP,Monster Hunter 3 Ultimate,EUR
00040000000CCF00,CTR-AYTP,Donkey Kong Country Returns 3D,EUR
0004000000034A00,CTR-ABLJ,Blazblue: Continuum Shift II,JPN
0004000000039A00,CTR-ACBJ,Culdcept,JPN
000400000009F100,CTR-AFEP,Fire Emblem: Awakening,EUR
00040000000B0A00,CTR-AECP,Disney Epic Mickey: The Power of Illusion,EUR
00040000000CCE00,CTR-AYTE,Donkey Kong Country Returns 3D,USA
00040000000A0500,CTR-AFEE,Fire Emblem: Awakening,USA
00040000000BD300,CTR-ASJE,Etrian Odyssey IV: Legends of the Titan,USA
00040000000BA800,CTR-APDE,Pokemon Mystery Dungeon: Gates to Infinity,USA
0004000000096700,CTR-AKGE,Zero Escape: Virtues Last Reward,USA
0004000000096600,CTR-ACFE,Castlevania Lords of Shadow: Mirror of Fate,USA
0004000000067600,CTR-ARTE,Rhythm Thief & the Emperors Treasure,USA
0004000000057600,CTR-ARME,Rayman Origins,USA
00040000000A8500,CTR-AKKE,Professor Layton and the Miracle Mask,USA
00040000000A5E00,CTR-AG5E,Paper Mario: Sticker Star,USA
000400000007AE00,CTR-ABEE,New Super Mario Bros. 2,USA
00040000000AE400,CTR-AMHE,Monster Hunter 3 Ultimate,USA
000400000007C700,CTR-AGAE,Mario Tennis Open (Rev01),USA
000400000008D300,CTR-AKHE,Kingdom Hearts 3D: Dream Drop Distance,USA
0004000000075100,CTR-AH6E,Heroes of Ruin,USA
000400000009E500,CTR-ACFP,Castlevania Lords of Shadow: Mirror of Fate,EUR
00040000000AD500,CTR-AA8E,LEGO City Undercover: The Chase Begins,USA
00040000000A2D00,CTR-AECE,Disney Epic Mickey: The Power of Illusion,USA
000400000005A200,CTR-ALBE,LEGO Batman 2: DC Super Heroes,USA
00040000000A2C00,CTR-AC7E,Code of Princess,USA
00040000000A5900,CTR-ABQE,Harvest Moon 3D: A New Beginning,USA
000400000009D300,CTR-AMUP,Riding Stables 3D,EUR
000400000007C000,CTR-AHAP,Sherlock Holmes: The Mystery of the Frozen City,EUR
00040000000AF900,CTR-AV2P,Survivor 3D: The Ultimate Adventure,EUR
0004000000086400,CTR-EGDP,Animal Crossing: New Leaf,EUR
000400000005F500,CTR-AG3P,Gabrielles Ghostly Groove 3D,EUR
000400000008FB00,CTR-AM7P,Myst,EUR
0004000000084F00,CTR-AACP,New Art Academy,EUR
000400000005A800,CTR-AS2D,Schlag den Raab: Das 2. Spiel,GER
00040000000DD700,CTR-AXXP,Project X Zone,EUR
0004000000056100,CTR-AFRP,Frogger 3D,EUR
000400000004A200,CTR-AGUP,Imagine Fashion Designer 3D,EUR
0004000000066000,CTR-ABNP,Ben 10: Galactic Racing,EUR
0004000000057000,CTR-AM4P,Monster 4x4 3D,EUR
0004000000065200,CTR-AUPP,Order Up!!,EUR
000400000005F600,CTR-ARFP,Reel Fishing Paradise 3D,EUR
000400000007A200,CTR-AC8P,Rollercoaster Tycoon 3D,EUR
0004000000097900,CTR-ASZP,Shifting World,EUR
000400000008EE00,CTR-ATPP,Transformers Prime: The Game,EUR
0004000000066100,CTR-AWSP,Winter Sports 2012: Feel The Spirit,EUR
000400000006A900,CTR-AWWP,Word Wizard 3D,EUR
00040000000CD200,CTR-AQRP,The Croods: Prehistoric Party!,EUR
00040000000AF700,CTR-APRP,LEGO Legends of Chima: Lavals Journey,EUR
000400000004E300,CTR-APBP,Pinball Hall of Fame 3D: The Williams Collection,EUR
00040000000A8700,CTR-AKKD,Professor Layton und die Maske der Wunder,GER
00040000000AEB00,CTR-AKGP,Zero Escape: Virtues Last Reward,EUR
000400000008FC00,CTR-ALLP,Sonic & All-Stars Racing Transformed,EUR
0004000000033F00,CTR-AHFP,Happy Feet Two,EUR
0004000000045500,CTR-ANTP,Naruto Shippuden 3D: The New Era,EUR
00040000000D9000,CTR-AYMP,Mario & Luigi: Dream Team Bros.,EUR
0004000000073C00,CTR-AM3Z,My Foal 3D,EUR
0004000000084B00,CTR-AHUP,Cats & Dogs: Pets at Play,EUR
000400000007A900,CTR-ALAE,LEGO The Lord of the Rings,USA
0004000000055400,CTR-AR5E,Rabbids Rumble,USA
000400000007FE00,CTR-ATPE,Transformers Prime: The Game,USA
000400000005A600,CTR-AFMP,Funky Barn 3D,EUR
00040000000B5100,CTR-ALAD,LEGO The Lord of the Rings,GER
0004000000065100,CTR-AS7P,Spider-Man: Edge of Time,EUR
000400000004B100,CTR-AKZP,DreamWorks Super Star Kartz,EUR
00040000000B1B00,CTR-AH8P,Hotel Transylvania,EUR
00040000000CBA00,CTR-AL8K,Nintendo 3DS Guide Louvre,KOR
00040000000C8D00,CTR-AH5P,Monster High: Skultimate Roller Maze,EUR
0004000000095600,CTR-APEP,Pippi Longstocking 3D,EUR
000400000008ED00,CTR-AQLP,Ice Age 4: Continental Drift - Arctic Games,EUR
00040000000AF400,CTR-ANGP,Angry Birds Trilogy (REV01),EUR
000400000009C000,CTR-AMTP,Shin Megami Tensei: Devil Survivor Overclocked,EUR
00040000000A3700,CTR-AJ5X,Jewel Master: Atlantis 3D,EUR
000400000006A700,CTR-ARDP,Arcade Classics 3D,EUR
0004000000087C00,CTR-AB2P,Bella Sara: The Magical Horse Adventures,EUR
0004000000092000,CTR-AGVP,Gummy Bears: Magical Medallion,EUR
000400000009D500,CTR-AHEP,Spy Hunter,EUR
000400000004DE00,CTR-ACTP,Puppies World 3D,EUR
000400000004E100,CTR-ABAP,Imagine Babies 3D,EUR
000400000004DB00,CTR-AHSP,Imagine Champion Rider 3D,EUR
000400000004DC00,CTR-AF3P,Imagine Fashion World 3D,EUR
00040000000C4400,CTR-AN4P,Naruto Powerful Shippuden,EUR
0004000000061800,CTR-AE2D,Pro Evolution Soccer 2012 3D,GER
00040000000B0100,CTR-AWTD,Pro Evolution Soccer 2013 3D,GER
000400000006D000,CTR-AZDP,Azada,EUR
00040000000AD600,CTR-AA8P,LEGO City Undercover: The Chase Begins,EUR
0004000000098600,CTR-ALBD,LEGO Batman 2: DC Super Heroes,GER
00040000000BA900,CTR-APDP,Pokemon Mystery Dungeon: Gates to Infinity,EUR
000400000004A300,CTR-APFP,Petz Fantasy 3D,EUR
0004000000086100,CTR-AL3P,Farming Simulator 2012 3D,EUR
00040000000A2A00,CTR-AM5Z,Mahjong Mysteries: Ancient Athena 3D,EUR
0004000000091A00,CTR-AJCP,Junior Games 3D,EUR
000400000008E100,CTR-AJLZ,Jewel Master: Cradle of Rome 2,EUR
0004000000092100,CTR-AB6P,Bowling Bonanza 3D,EUR
00040000000D4800,CTR-AAPP,My Riding Stables 3D: Jumping for the Team,EUR
00040000000B6500,CTR-ARGP,Rise of the Guardians,EUR
00040000000B3600,CTR-ABVP,Ben 10: Omniverse,EUR
000400000007A300,CTR-AT2P,Harvest Moon 3D: The Tale of Two Towns,EUR
00040000000A8900,CTR-AKKS,El Profesor Layton y la Mascara de los Prodigios,SPA
00040000000DD000,CTR-APNP,Disney Planes,EUR
00040000000C8B00,CTR-AFHP,Fast & Furious: Showdown,EUR
00040000000A8A00,CTR-AKKI,Il Layton e la maschera dei Miracoli,ITA
00040000000A5000,CTR-ADPD,Disney Princess: My Fairytale Adventure,EUR
0004000000084100,CTR-AF6Z,50 Classic Games 3D,EUR
0004000000093400,CTR-AL9P,One Piece: Unlimited Cruise SP 2,EUR
0004000000095100,CTR-ATHE,Theatrhythm Final Fantasy,USA
0004000000038600,CTR-ASLE,Scribblenauts Unlimited,USA
0004000000055F00,CTR-AGGE,Luigis Mansion: Dark Moon,USA
0004000000031500,CTR-ADCJ,Nintendogs + Cats: Toy Poodle & New Friends,JPN
0004000000078200,CTR-ATHJ,Theatrhythm Final Fantasy,JPN
0004000000030000,CTR-AKDJ,Shin Hikari Shinwa: Palutena no Kagami,JPN
0004000000043E00,CTR-ABMJ,BioHazard: The Mercenaries 3D,JPN
00040000000E7E00,CTR-AZHP,My Western Horse 3D,EUR
00040000000C7800,CTR-AVKP,Viking Invasion 2: Tower Defense,EUR
0004000000086200,CTR-EGDJ,Tobidase Doubutsu no Mori,JPN
00040000000BAA00,CTR-AGKJ,Gyakuten Saiban 5,JPN
000400000005E900,CTR-AFFJ,Bravely Default: Flying Fairy,JPN
00040000000A7700,CTR-AKBJ,AKB48+Me,JPN
0004000000032100,CTR-ALPJ,New Love Plus,JPN
00040000000BAC00,CTR-ACFJ,Castlevania Lords of Shadow: Sadame no Makyou,JPN
0004000000078A00,CTR-AS6J,Super Robot Taisen UX,JPN
0004000000065E00,CTR-AD7J,Dragon Quest VII: Eden no Senshitachi,JPN
000400000006D200,CTR-AFLJ,Fantasy Life,JPN
0004000000095000,CTR-APDJ,Pokemon Fushigi no Dungeon: Magnagate to Mugendai no Meikyuu,JPN
0004000000065C00,CTR-ALVJ,Labyrinth no Kanata,JPN
000400000004D800,CTR-AKNJ,Ken to Mahou to Gakuen Mono 3D,JPN
0004000000073700,CTR-ABQJ,Bokujou Monogatari: Hajimari no Daichi,JPN
0004000000035B00,CTR-ANTJ,Naruto Shippuden: Shinobi Rittai Emaki! Saikyou Ninkai Kessen!!,JPN
0004000000076400,CTR-AGGJ,Luigi Mansion 2,JPN
000400000004D700,CTR-ACCJ,Super Pokemon Scramble,JPN
0004000000030300,CTR-ASDJ,Steel Diver,JPN
0004000000034300,CTR-AQNJ,Cubic Ninja,JPN
0004000000034500,CTR-ARBJ,Rabbids Time Travel,JPN
0004000000039C00,CTR-APPJ,Touch! Double Pen Sports,JPN
00040000000D6D00,CTR-AMXZ,Shin Megami Tensei IV,TWN
0004000000090800,CTR-ADBW,Nintendogs + Cats: French Bulldog & New Friends,TWN
0004000000090700,CTR-ADAW,Nintendogs + Cats: Shiba & New Friends,TWN
0004000000090900,CTR-ADCW,Nintendogs + Cats: Toy Poodle & New Friends,TWN
00040000000B9100,CTR-AGAW,Mario Tennis Open,TWN
00040000000B8A00,CTR-ABEW,New Super Mario Bros. 2,TWN
0004000000089E00,CTR-AREW,Super Mario 3D Land,TWN
0004000000080A00,CTR-ANRW,Star Fox 64 3D (Rev01),TWN
00040000000CB200,CTR-ASRW,Tohoku Daigaku Karei Igaku Kenkyuusho: Kawashima Ryuuta Kyouju Kanshuu - Monosugoku Nou wo Kitaeru 5-Funkan no Oni Training,TWN
00040000000D0000,CTR-AGGW,Luigis Mansion 2,TWN
00040000000EA600,CTR-ASJP,Etrian Odyssey IV: Legends of the Titan,EUR
000400000008A100,CTR-AP6P,Purr Pals: Purrfection,EUR
0004000000065800,CTR-AR4J,Rune Factory 4,JPN
0004000000068000,CTR-AC7J,Code of Princess,JPN
0004000000071F00,CTR-ACHJ,Crayon Shin-Chan: Uchuu de Achoo!? Yuujou no Oba-Karate!!,JPN
0004000000034800,CTR-ADLJ,Doctor Lautrec to Boukyaku no Kishidan,JPN
0004000000053700,CTR-ALTJ,E.X. Troopers,JPN
000400000006D400,CTR-AE4J,Inazuma Eleven Go: Shine,JPN
00040000000A1B00,CTR-ANPJ,Inazuma Eleven Go 2: Chrono Stone - Neppuu,JPN
0004000000047E00,CTR-ALFJ,One Piece: Unlimited Cruise SP,JPN
00040000000C0200,CTR-AL6J,Layton Kyouju to Choubunmei A no Isan,JPN
0004000000071A00,CTR-AGJJ,SD Gundam G Generation 3D,JPN
0004000000072A00,CTR-AS5J,Shin Sangoku Musou VS,JPN
000400000008C600,CTR-ATRJ,Time Travelers,JPN
0004000000032000,CTR-ADDJ,Dead or Alive: Dimensions,JPN
0004000000033700,CTR-ADEJ,Deca Sporta: 3D Sports,JPN
0004000000082900,CTR-AG9J,Guild 01,JPN
000400000006CB00,CTR-AD3P,3D Game Collection: 55-in-1,EUR
00040000000BD400,CTR-AAGP,Puzzler Brain Games,EUR
0004000000056300,CTR-APWP,Puzzler World 2012 3D,EUR
00040000000A2B00,CTR-AF8P,FIFA 13,EUR
00040000000E7D00,CTR-AZFP,Animal Hospital,EUR
0004000000039900,CTR-APGJ,Pac-Man & Galaga Dimensions,JPN
0004000000065700,CTR-ANLJ,Nicola Kanshuu: Model * Oshare Audition 2,JPN
0004000000039700,CTR-ANQJ,Nikoli no Sudoku 3D: 8-tsu no Puzzle de 1000-mon,JPN
00040000000B7600,CTR-AHKP,Around the World with Hello Kitty & Friends,EUR
000400000004B500,CTR-AH4J,Monster Hunter 4,JPN
000400000008B600,CTR-AG2P,3D MahJongg,EUR
00040000000A7C00,CTR-AJEF,Jewel Master: Cradle of Egypt 2 3D,EUR
00040000000A3200,CTR-AG8P,Gardenscapes,EUR
00040000000B5000,CTR-ALAF,LEGO The Lord of the Rings,FRA
00040000000E5C00,CTR-AMXE,Shin Megami Tensei IV,USA
000400000004AF00,CTR-ABZE,Boulder Dash-XL 3D,USA
00040000000A9100,CTR-ACLE,Style Savvy: Trendsetters,USA
000400000004E500,CTR-ARHE,Real Heroes: Firefighter 3D,USA
00040000000B3C00,CTR-ASRE,Brain Age: Concentration Training,USA
0004000000091D00,CTR-AG6E,Skylanders Giants,USA
0004000000039500,CTR-ANMJ,Animal Resort: Dobutsuen o Tsukurou!!,JPN
0004000000065600,CTR-AYGJ,Yuugen Gaisha Brave Company,JPN
0004000000030400,CTR-ANRJ,Star Fox 64 3D (Rev01),JPN
000400000004B800,CTR-AFAJ,Fish On,JPN
0004000000039600,CTR-AFSJ,Pro Yakyuu Famista 2011,JPN
000400000004BF00,CTR-AENJ,Minna no Ennichi,JPN
0004000000036F00,CTR-ASUJ,Hana to Ikimono Rittai Zukan,JPN
0004000000068C00,CTR-AHVE,Heavy Fire: The Chosen Few 3D,USA
00040000000D2100,CTR-AANE,Turbo: Super Stunt Squad,USA
00040000000C5600,CTR-AHQE,Shin Megami Tensei: Devil Summoner - Soul Hackers,USA
00040000000A8C00,CTR-AK8J,Kokuga,JPN
0004000000065F00,CTR-ASVJ,Shinobi 3D,JPN
0004000000074300,CTR-AMYE,My Pet Puppy 3D,USA
000400000007B000,CTR-ALCE,Spirit Camera: The Cursed Memoir,USA
00040000000EC700,CTR-BSKE,Etrian Odyssey Untold: The Millennium Girl,USA
000400000004CF00,CTR-AM2E,Alien Chaos 3D,USA
000400000005C800,CTR-AQ8E,Crosswords Plus,USA
00040000000D2800,CTR-AR4E,Rune Factory 4,USA
0004000000048700,CTR-AM4E,Monster 4x4 3D,USA
0004000000081000,CTR-AJCE,Junior Classic Games 3D,USA
000400000007C200,CTR-AM7E,Myst,USA
00040000000A2600,CTR-AH8E,Hotel Transylvania (Rev01),USA
0004000000095800,CTR-AACE,Art Academy: Lessons for Everyone,USA
0004000000088900,CTR-AS8E,The Amazing Spider-Man,USA
00040000000B0600,CTR-ATZE,The Trash Pack,USA
0004000000054B00,CTR-AN8E,Top Trumps NBA All Stars,USA
000400000009F200,CTR-AD4E,Adventure Time: Hey Ice King! Whyd You Steal Our Garbage?!!,USA
00040000000DD900,CTR-AH9E,Hakuoki: Memories of the Shinsengumi,USA
0004000000097100,CTR-AWRE,Wreck-It Ralph,USA
00040000000E6B00,CTR-AEAE,Hot Wheels: Worlds Best Driver,USA
0004000000055D00,CTR-EKJA,Pokemon X,EUR
0004000000055E00,CTR-EK2A,Pokemon Y,EUR
0004000000098500,CTR-ALBF,LEGO Batman 2: DC Super Heroes,FRA
0004000000090A00,CTR-ABZP,Boulder Dash-XL 3D,EUR
0004000000084A00,CTR-AJLP,Jewel Master: Cradle of Rome 2,EUR
00040000000E7900,CTR-AFYP,Fifa 14: Legacy Edition,EUR
00040000000B0700,CTR-AWTE,Pro Evolution Soccer 2013 3D,USA
000400000009F300,CTR-AW3E,Wipeout 3,USA
00040000000A2100,CTR-AF7E,Finding Nemo: Escape to the Big Blue - Special Edition,USA
0004000000083900,CTR-ADPE,Disney Princess: My Fairytale Adventure,USA
00040000000AE300,CTR-ALYE,Lalaloopsy Carnival of Friends,USA
00040000000D2300,CTR-AD6E,Scribblenauts Unmasked: A DC Comics Adventure,USA
00040000000ED200,CTR-AY8E,Wipeout: Create & Crash,USA
00040000000CD000,CTR-AAEP,Games Festival 1,EUR
00040000000D2000,CTR-AL5E,LEGO Marvel Super Heroes: Universe in Peril,USA
00040000000D5B00,CTR-ANYE,Nickelodeon Teenage Mutant Ninja Turtles,USA
0004000000047800,CTR-AF3E,Imagine Fashion Life,USA
0004000000086900,CTR-AQLE,Ice Age 4: Continental Drift - Arctic Games,USA
00040000000D7000,CTR-AZEP,Batman: Arkham Origins Blackgate,EUR
00040000000F9900,CTR-AHXE,Hometown Story,USA
00040000000CB400,CTR-ARVP,Sonic: Lost World,EUR
00040000000E6500,CTR-BSFE,Skylanders Swap Force,USA
00040000000F2400,CTR-ANXE,SpongeBob SquarePants: Planktons Robotic Revenge,USA
00040000000EBD00,CTR-AEBE,Regular Show: Mordecai and Rigby in 8-Bit Land,USA
00040000000F2200,CTR-ANDE,Angry Birds: Star Wars,USA
00040000000CBF00,CTR-ARXE,Beyblade: Evolution,USA
00040000000F7B00,CTR-AXBP,Inazuma Eleven 3: Bomb Blast,EUR
00040000000F7D00,CTR-AXSP,Inazuma Eleven 3: Lightning Bolt,EUR
00040000000F2D00,CTR-AEQE,Ben 10: Omniverse 2,USA
00040000000F0B00,CTR-AEFE,Monster High: 13 Wishes,USA
00040000000F1200,CTR-AEJE,Pac-Man and the Ghostly Adventures,USA
00040000000E7100,CTR-AZBE,Power Rangers Megaforce,USA
0004000000089500,CTR-AM5P,Mahjong Mysteries: Ancient Athena 3D,EUR
0004000000084E00,CTR-ASEP,Secrets of the Titanic,EUR
000400000007D600,CTR-AC5E,50 Classic Games 3D,USA
00040000000D5A00,CTR-AYME,Mario & Luigi: Dream Team,USA
000400000006CD00,CTR-AJQP,Jewel Quest Mysteries 3: The Seventh Gate,EUR
00040000000EC400,CTR-BZLP,The Legend of Zelda: A Link Between Worlds,EUR
00040000000FF800,CTR-ADME,Moshi Monsters: Katsuma Unleashed,USA
00040000000E5B00,CTR-AAWE,Phineas and Ferb: Quest for Cool Stuff,USA
00040000000ECD00,CTR-AY9E,Adventure Time: Explore the Dungeon Because I DONT KNOW!,USA
00040000000AA200,CTR-AYJE,Young Justice: Legacy,USA
00040000000F8100,CTR-ATSE,Mario Party: Island Tour,USA
0004000000086300,CTR-EGDE,Animal Crossing: New Leaf,USA
00040000000EC300,CTR-BZLE,The Legend of Zelda: A Link Between Worlds,USA
000400000004CD00,CTR-AC2E,Crash City Mayhem,USA
00040000000DF600,CTR-AAVE,Barbie Dreamhouse Party,USA
00040000000FC600,CTR-BTRP,Bravely Default,EUR
00040000000AE200,CTR-ANGE,Angry Birds Trilogy,USA
0004000000071700,CTR-ABSE,Battleship,USA
0004000000084900,CTR-AP6E,Purr Pals: Purrfection,USA
0004000000087D00,CTR-AMCE,Madagascar 3: The Video Game,USA
00040000000A2900,CTR-AF8E,FIFA Soccer 13,USA
0004000000095700,CTR-AACJ,Shin Egokoro Kyoushitsu,JPN
0004000000040300,CTR-ALCJ,Shinrei Camera: Tsuiteru Techou,JPN
0004000000049F00,CTR-HARP,AR Games (DEMO),EUR
0004000000057300,CTR-AQEP,The Legend of Zelda: Ocarina of Time 3D (DEMO),EUR
0004000000064A00,CTR-AMAJ,Moe Moe Daisensou * Gendaiban 3D,JPN
00040000000D5100,CTR-BKNJ,Meitantei Conan: Marionette Symphony,JPN
00040000000F8300,CTR-BRDP,One Piece: Romance Dawn,EUR
0004000000032500,CTR-ACMJ,Mario & Sonic at London Olympics,JPN
00040000000C0100,CTR-ALMJ,Magi: Hajimari no Meikyuu,JPN
0004000000055E00,CTR-EK2A,Pokemon Y,USA
0004000000055D00,CTR-EKJA,Pokemon X,USA
0004000000081600,CTR-AMKP,Mario Kart 7 (DEMO),EUR
000400000007D500,CTR-AREP,Super Mario 3D Land (DEMO),EUR
0004000000038200,CTR-AWAP,PilotWings Resort (DEMO),EUR
0004000000059C00,CTR-ABCJ,Chousoku Henkei Gyrozetter: Albatross no Tsubasa,JPN
0004000000078500,CTR-ADNJ,Danball Senki Baku Boost (Rev01),JPN
00040000000A8100,CTR-AHLE,Hello Kitty Picnic with Sanrio Friends,USA
0004000000091700,CTR-ACGE,Classic Games Overload: Card & Puzzle Edition,USA
00040000000A5800,CTR-AA9E,Moshi Monsters: Moshlings Theme Park,USA
00040000000A8100,CTR-AHLE,Hello Kitty Picnic with Sanrio Friends (Rev01),USA
00040000000B2500,CTR-ABEP,New Super Mario Bros. 2 (DEMO),EUR
0004000000046100,CTR-ADAP,Nintendogs + Cats (DEMO),EUR
000400000005CD00,CTR-ANRP,Star Fox 64 3D (Rev01) (DEMO),EUR
000400000004BD00,CTR-ASDP,Steel Diver (DEMO),EUR
0004000000095C00,CTR-AMQJ,Disney Magic Castle: My Happy Life,JPN
00040000000F6000,CTR-ADWW,Doraemon: Nobitas Number Adventure,TWN
00040000000F3100,CTR-AL6D,Professor Layton und das Vermaechtnis von Aslant,GER
00040000000CC400,CTR-AHNJ,Hatsune Miku: Project Mirai 2,JPN
00040000000F5800,CTR-BUWJ,One Piece: Unlimited World Red,JPN
0004000000059E00,CTR-AWMJ,Onna no Ko to Misshitsu ni Itara **shichau Kamoshirenai,JPN
00040000000C8100,CTR-AG5W,Paper Mario: Sticker Star,TWN
00040000000F2600,CTR-ANFJ,PazuDora Z: Puzzle & Dragons Z (DEMO),JPN
0004000000060B00,CTR-AABP,Movie Player (DEMO),EUR
0004000000045200,CTR-ASSP,Super Street Fighter IV: 3D Edition (DEMO),EUR
00040000000F0D00,CTR-AEGE,Doodle Jump Adventures,USA
000400000009E800,CTR-ASBE,Super Black Bass 3D,USA
00040000000D6B00,CTR-AZEE,Batman: Arkham Origins Blackgate,USA
0004000000048400,CTR-ADDE,Dead or Alive Dimensions (DEMO),USA
00040000000BB600,CTR-ACLE,Style Savvy: Trendsetters (DEMO),USA
0004000000104D00,CTR-AYME,Mario and Luigi Dream Team (DEMO),USA
000400000004BC00,CTR-ASDE,Steel Diver (DEMO),USA
0004000000081500,CTR-AMKE,Mario Kart 7 (DEMO),USA
0004000000038100,CTR-AWAE,Pilotwings Resort (DEMO),USA
000400000005CC00,CTR-ANRE,Star Fox 64 3D (Rev01) (DEMO),USA
0004000000055D00,CTR-EKJA,Pokemon X,JPN
0004000000055E00,CTR-EK2A,Pokemon Y,JPN
00040000000F6C00,CTR-AYXJ,Yu-Gi-Oh! Zexal: Gekitotsu Duel Carnival,JPN
00040000000DF800,CTR-BGAJ,Shingeki no Kyojin: Jinrui Saigo no Tsubasa,JPN
00040000000E9C00,CTR-BLKJ,Fantasy Life Link!,JPN
00040000000CF400,CTR-AYWJ,Youkai Watch,JPN
00040000000CB900,CTR-AL8P,Nintendo 3DS Guide Louvre,UKV
00040000000D5600,CTR-AL8F,Nintendo 3DS Guide Louvre,FRA
00040000000D5900,CTR-AL8S,Nintendo 3DS Guide Louvre,SPA
00040000000D5700,CTR-AL8D,Nintendo 3DS Guide Louvre,GER
00040000000D5800,CTR-AL8I,Nintendo 3DS Guide Louvre,ITA
00040000000CB700,CTR-AL8J,Nintendo 3DS Guide Louvre,JPN
0004000000038400,CTR-ASSE,Super Street Fighter IV 3D Edition (DEMO),USA
0004000000038300,CTR-ALGE,LEGO Star Wars III: The Clone Wars (DEMO),USA
0004000000098700,CTR-AWRP,Wreck-It Ralph (Rev01),EUR
000400000005A400,CTR-ALBP,LEGO Batman 2: DC Super Heroes,EUR
000400000007AA00,CTR-ALAP,LEGO The Lord of the Rings,EUR
000400000004C000,CTR-ASPP,Skylanders: Spyros Adventure,EUR
00040000000E8300,CTR-AZJP,LEGO Friends,EUR
00040000000E5E00,CTR-ABUP,My Exotic Farm,EUR
0004000000098A00,CTR-AFKP,Outdoors Unleashed: Africa 3D,EUR
00040000000A3000,CTR-AF8D,Fifa 13,GER
00040000000DC100,CTR-AANP,Turbo: Super Stunt Squad,EUR
00040000000F1C00,CTR-AERP,My Vet Practice 3D,EUR
00040000000AFD00,CTR-AX4J,Metal Max 4: Gekkou no Diva,JPN
00040000000A0B00,CTR-ANEJ,Daigassou! Band Brothers P,JPN
00040000000DCA00,CTR-BDWJ,Danball Senki W Chou Custom,JPN
00040000000F4000,CTR-BDNJ,Danball Senki Wars,JPN
00040000000AFC00,CTR-ADJJ,Digimon World Re:Digitize Decode,JPN
0004000000102D00,CTR-BDDJ,Highschool DxD,JPN
0004000000102600,CTR-AY9P,Adventure Time: Explore the Dungeon Because I DONT KNOW!,EUR
00040000000FCE00,CTR-AH9P,Hakuoki: Memories of the Shinsengumi,EUR
00040000000E7A00,CTR-AFYD,Fifa 14: Legacy Edition,GER
00040000000F7A00,CTR-ANDP,Angry Birds: Star Wars,EUR
00040000000F7900,CTR-ANYP,Nickelodeon Teenage Mutant Ninja Turtles,EUR
0004000000032A00,CTR-ABBJ,Tobidasu! Puzzle Bobble 3D,JPN
0004000000032E00,CTR-ASMJ,Super Monkey Ball 3D,JPN
00040000000A7300,CTR-AB5E,Bratz: Fashion Boutique,USA
0004000000034200,CTR-AV4J,Virus Shooter XX,JPN
0004000000039F00,CTR-AB9J,Bikkuriman Kanjuku Haoh: Sanmi Douran Sensouki,JPN
00040000000D4C00,CTR-AA3D,Bibi Blocksberg: Das grosse Hexenbesen-Rennen 2,GER
00040000000CBE00,CTR-ARXP,Beyblade: Evolution,EUR
00040000000FD000,CTR-AEBP,Regular Show: Mordecai and Rigby in 8-Bit Land,EUR
00040000000CD100,CTR-AAFP,Games Festival 2,EUR
00040000000F5D00,CTR-AL5D,LEGO Marvel Super Heroes: Universe in Peril,GER
00040000000EAE00,CTR-ABQP,Harvest Moon 3D: A New Beginning,EUR
00040000000EDE00,CTR-AZBP,Power Rangers Megaforce,EUR
00040000000F7100,CTR-AYYP,My Little Baby 3D,EUR
00040000000C0000,CTR-AZSJ,Seisou no Amazones,JPN
000400000008C500,CTR-EC6J,Tomodachi Collection: Shin Seikatsu,JPN
00040000000F3000,CTR-AL6P,Professor Layton and the Azran Legacy,UKV
00040000000C2A00,CTR-ADHP,Mystery Case Files: Dire Grove,EUR
00040000000F4400,CTR-ANXP,SpongeBob SquarePants: Planktons Robotic Revenge,EUR
00040000000F0A00,CTR-AEFP,Monster High: 13 Wishes,EUR
00040000000F8200,CTR-ATSP,Mario Party: Island Tour,EUR
00040000000A8600,CTR-AKKP,Professor Layton and the Miracle Mask,UKV
00040000000DD500,CTR-ADYP,Disney Infinity,EUR
00040000000F1B00,CTR-AEQP,Ben 10: Omniverse 2,EUR
00040000000E7F00,CTR-BSFP,Skylanders Swap Force,EUR
00040000000A3500,CTR-AG6P,Skylanders Giants,EUR
0004000000051B00,CTR-ABHJ,Senran Kagura: Shoujotachi no Shinei,JPN
0004000000106600,CTR-AEHZ,Disney Frozen: Olafs Quest,EUR
00040000000F3200,CTR-AL6F,Professeur Layton et lHeritage des Aslantes,FRA
00040000000D1400,CTR-AA6P,I Love my Pets,EUR
000400000006D100,CTR-ALXP,Luxor,EUR
000400000006CE00,CTR-AJ4P,Jewel Quest IV: Heritage,EUR
0004000000101F00,CTR-AD5Z,Cloudy with a Chance of Meatballs 2,EUR
0004000000065B00,CTR-AQBJ,Medarot 7: Kabuto Ver.,JPN
0004000000065A00,CTR-AQWJ,Medarot 7: Kuwagata Ver.,JPN
000400000009EF00,CTR-AQVJ,Medarot Dual: Kabuto Ver.,JPN
00040000000B8600,CTR-AMME,American Mensa Academy,USA
00040000000C7500,CTR-ANJP,My Farm 3D,EUR
00040000000AF800,CTR-APRE,LEGO Legends of Chima: Lavals Journey,USA
0004000000072100,CTR-ASBP,Super Black Bass 3D,EUR
000400000009F000,CTR-AQAJ,Medarot Dual: Kuwagata Ver.,JPN
00040000000C6400,CTR-AXXE,Project X Zone,USA
00040000000B1E00,CTR-AF7P,Finding Nemo: Escape to the Big Blue - Special Edition,EUR
00040000000D2700,CTR-AZLE,Puzzler World 2013,USA
00040000000A5B00,CTR-ASLP,Scribblenauts Unlimited (Rev02),EUR
0004000000113800,CTR-BZLE,The Legend of Zelda: A Link Between Worlds (DEMO),USA
00040000000B0800,CTR-APNE,Disney Planes,USA
0004000000112000,CTR-BTTJ,Toshin Toshi: Girls Gift RPG,JPN
00040000000F0E00,CTR-AEHE,Disney Frozen: Olafs Quest,USA
0004000000105A00,CTR-AFJE,The LEGO Movie Videogame,USA
00040000000B6200,CTR-AFHE,Fast & Furious: Showdown,USA
00040000000FC500,CTR-BTRE,Bravely Default,USA
00040000000C8C00,CTR-ARVE,Sonic: Lost World,USA
0004000000068900,CTR-AKTP,Brain Training 3D,EUR
00040000000C3900,CTR-AZGJ,PazuDora Z: Puzzle & Dragons Z,JPN
000400000009FA00,CTR-ATQE,"Freakyforms Deluxe: Your Creations, Alive!",USA
00040000000B0400,CTR-ARGE,Rise of the Guardians,USA
00040000000B0500,CTR-AHKE,Travel Adventures with Hello Kitty,USA
000400000009D000,CTR-ABVE,Ben 10: Omniverse,USA
00040000000B6300,CTR-ANLE,Girls Fashion Shoot,USA
00040000000EA700,CTR-AZJE,LEGO Friends,USA
0004000000052300,CTR-APWE,Puzzler World 2012 3D,USA
0004000000051200,CTR-AC8E,Rollercoaster Tycoon 3D,USA
00040000000F7F00,CTR-AXGP,Inazuma Eleven 3: Team Ogre Attacks!,EUR
00040000000B9C00,CTR-ADYE,Disney Infinity,USA
00040000000F5500,CTR-AHQP,Shin Megami Tensei: Devil Summoner - Soul Hackers,EUR
0004000000111300,CTR-BMFP,2 in 1: Horses 3D My Foal 3D + My Riding Stables 3D - Rivals in the Saddle,EUR
00040000000B6F00,CTR-ANLD,Girls Fashion Shoot,GER
0004000000072B00,CTR-AM8P,Murder on the Titanic,EUR
00040000000AAB00,CTR-AH5E,Monster High: Skultimate Roller Maze,USA
0004000000047D00,CTR-ANCE,NCIS 3D,USA
00040000000B4400,CTR-AJEE,Jewel Master: Cradle of Egypt 2 3D,USA
0004000000116A00,CTR-BRDZ,One Piece: Romance Dawn,USA
000400000009C900,CTR-AHEE,Spy Hunter,USA
00040000000B9B00,CTR-AQRE,The Croods: Prehistoric Party!,USA
000400000007A700,CTR-AMZE,Mahjong 3D: Warriors of the Emperor,USA
00040000000E6000,CTR-BMPK,MapleStory: The Girls Fate,KOR
000400000004C300,CTR-ABAE,Imagine Babyz,USA
000400000003CF00,CTR-AN4E,Naruto Powerful Shippuden,USA
00040000000B3500,CTR-ALLE,Sonic & All-Stars Racing Transformed,USA
00040000000E6A00,CTR-AD5E,Cloudy With a Chance of Meatballs 2,USA
0004000000109000,CTR-AEGZ,Doodle Jump Adventures,EUR
000400000009D100,CTR-AJLE,Jewel Master: Cradle Of Rome 2,USA
0004000000046200,CTR-ADAE,Nintendogs + Cats  (DEMO),USA
00040000000F4500,CTR-AVHP,Senran Kagura Burst,EUR
0004000000116000,CTR-BBTD,Bibi & Tina: Das Spiel zum Kinofilm!,EUR
00040000000DEA00,CTR-AFYE,Fifa 14: Legacy Edition,USA
0004000000061F00,CTR-AD2E,Deer Drive Legends,USA
00040000000F2F00,CTR-AL6E,Professor Layton and the Azran Legacy,USA
000400000011C300,CTR-BSCD,Sternenschweif 3D: Das Geheimnis im Zauberwald,GER
0004000000111500,CTR-BMGP,Life with Horses 3D,EUR
0004000000111C00,CTR-ATAP,Yoshis New Island,EUR
0004000000044800,CTR-AF2D,Fifa 12,GER
000400000010BE00,CTR-BALJ,Hoshi no Kirby: Triple Deluxe,JPN
0004000000112800,CTR-BNWJ,Magi: Aratanaru Sekai,JPN
00040000000CF500,CTR-BDMJ,Dragon Quest Monsters 2: Iru to Ruka no Fushigi na Fushigi na Kagi,JPN
0004000000111B00,CTR-ATAE,Yoshis New Island,USA
00040000000C2E00,CTR-AQ7P,HarmoKnight,EUR
00040000000F1E00,CTR-AGKP,Phoenix Wright: Ace Attorney - Dual Destinies,EUR
00040000000B0B00,CTR-AECX,Disney Epic Mickey: The Power of Illusion,EUR
00040000000DD100,CTR-APNZ,Disney Planes,NLD
00040000000B0000,CTR-AWTP,Pro Evolution Soccer 2013 3D,EUR
00040000000B1F00,CTR-AF7X,Finding Nemo: Escape to the Big Blue - Special Edition,EUR
000400000006D600,CTR-AAZZ,Cars 2,EUR
000400000006D900,CTR-AELP,4 Elements,EUR
00040000000C9C00,CTR-NLMA,Poke Transporter,EUR
00040000000C9B00,CTR-JTTA,Pokemon Bank,WLD
0004000E00055D00,CTR-EKJA,Pokemon X (Update 1.2),WLD
0004000E00055E00,CTR-EK2A,Pokemon Y (Update 1.2),WLD
0004000000105500,CTR-AGCP,Madagascar 3: Europes Most Wanted & The Croods: Prehistoric Party! Combo Pack,EUR
00040000000C7100,CTR-JMUP,Monster Hunter 3 Ultimate Data Transfer Program,EUR
00040002000A5401,CTR-JMDP,Mutant Mudds (DEMO),EUR
00040000000A8B00,CTR-AKKH,Professor Layton en het Masker der Wonderen,NLD
00040000000C7300,CTR-JS7A,Save Data Transfer Tool,EUR
0004000000051800,CTR-JFRP,Nintendo Letter Box,EUR
00040000000FFB00,CTR-QA5P,Super Mario Bros. Deluxe,EUR
00040000000CCD00,CTR-JYTP,Youtube,EUR
0004000000112600,CTR-BR3E,Cut the Rope: Triple Treat,USA
0004000000100500,CTR-AVSP,Professor Layton vs. Phoenix Wright: Ace Attorney,EUR
0004000E00102600,CTR-AY9P,Adventure Time: Explore the Dungeon Because I DONT KNOW! (Update 1.1),EUR
0004000E000AF700,CTR-APRP,LEGO Legends of Chima: Lavals Journey (Update 1.1),EUR
0004000E000D9000,CTR-AYMP,Mario and Luigi: Dream Team Bros. (Update 1.1),EUR
0004000E00030700,CTR-AMKP,Mario Kart 7 (Update 1.1),EUR
0004000E000A9000,CTR-ACLP,New Style Boutique (Update 1.1),EUR
0004000E00065000,CTR-ASXP,Secret Mysteries in London (Update 1.1),EUR
0004000E0009C000,CTR-AMTP,Shin Megami Tensei: Devil Survivor Overclocked (Update 1.1),EUR
0004000E000D7E00,CTR-JNUP,Steel Diver: Sub Wars (Update 1.1),EUR
0004000E00102000,CTR-AFJP,The LEGO Movie Videogame (Update 1.1),EUR
00040000000AC900,CTR-AKMJ,Kuma-Tomo,JPN
0004000000074700,CTR-AG7J,Gon: BakuBakuBakuBaku Adventure,JPN
0004000000071E00,CTR-BBKJ,Boku wa Koukuu Kanseikan: Airport Hero 3D - Haneda with JAL,JPN
00040000000EE200,CTR-AX5J,Boku wa Koukuu Kanseikan: Airport Hero 3D - Naha Premium,JPN
00040000000BBD00,CTR-AZLP,Puzzler World 2013,EUR
00040000000E7C00,CTR-AEAP,Hot Wheels: Worlds Best Driver,EUR
00040000000B3900,CTR-ARJJ,Tetsudou Nippon! Rosen Tabi: Nagaragawa Tetsudou Hen,JPN
0004000000053800,CTR-AFRJ,Frogger 3D,JPN
000400000010BC00,CTR-BTSJ,Bokujou Monogatari: Tsunagaru Shin Tenchi,JPN
00040000000EC200,CTR-BZLJ,The Legend of Zelda: Kamigami no Triforce 2,JPN
0004000000049300,CTR-ARNJ,Runabout 3D: Drive Impossible,JPN
000400000006D300,CTR-AEDJ,Inazuma Eleven Go: Dark,JPN
0004000000034900,CTR-APSJ,Pro Yakyuu Spirits 2011,JPN
00040000000CF800,CTR-BSKJ,Shin Sekaiju no Meikyuu: Millennium no Shoujo,JPN
0004000000084C00,CTR-ACVJ,Cave Story 3D,JPN
00040000000F4E00,CTR-BLPJ,New Love Plus+,JPN
0004000000064D00,CTR-AGAJ,Mario Tennis Open,JPN
00040000000DBC00,CTR-BRDJ,One Piece: Romance Dawn - Bouken no Yoake,JPN
0004000000074500,CTR-AJGJ,Tantei Jinguuji Saburo: Fukushuu no Rondo,JPN
0004000000039E00,CTR-ATLJ,Tetris,JPN
000400000009EC00,CTR-ATCJ,Tousouchuu: Shijou Saikyou no Hunter-Tachi Kara Nigekire!,JPN
00040000000FB200,CTR-BNBJ,Nobunaga no Yabou,JPN
00040000000F5100,CTR-BGKJ,Sangokushi,JPN
0004000000039B00,CTR-AHBJ,Pocket Soccer League: Calciobit,JPN
0004000000032900,CTR-AEEJ,Winning Eleven 3D Soccer,JPN
0004000000064700,CTR-AC3J,Ace Combat 3D: Cross Rumble,JPN
0004000000053200,CTR-ANWJ,Nazo Waku Yakata: Oto no Ma ni Ma ni,JPN
0004000000078B00,CTR-AVSJ,Layton Kyouju vs Gyakuten Saiban,JPN
0004000000056A00,CTR-ACQJ,Cooking Mama 4,JPN
0004000000034100,CTR-ASHJ,Shanghai 3D Cube,JPN
00040000000D4000,CTR-AHAJ,Sherlock Holmes: Puzzle City,JPN
000400000004CA00,CTR-ASNJ,Sonic Generations: Ao no Bouken,JPN
00040000000D1200,CTR-AAKJ,Zyuden Sentai Kyoryuger: Game de Gaburincho!!,JPN
000400000005D100,CTR-ACLJ,Wagamama Fashion: Girls Mode - Yokubari Sengen,JPN
00040000000C0300,CTR-APTJ,Pretty Rhythm: My Deco Rainbow Wedding,JPN
0004000000060600,CTR-AYMJ,Mario & Luigi RPG 4: Dream Adventure,JPN
0004000000101300,CTR-BHBJ,Hero Bank,JPN
0004000000101200,CTR-BPTJ,Puyo Puyo Tetris,JPN
00040000000A9000,CTR-ACLP,New Style Boutique,EUR
00040000000C3B00,CTR-AU9J,PachiPara 3D: Deluxe Umi Monogatari - Pachi-Pro Fuuunroko - Hana Kotou no Shoubushi Tachi,JPN
0004000000039400,CTR-AKTJ,Kuukan Sagashimono Kei: Nouryoku Kaihatsu 3D Nou Training,JPN
0004000000053D00,CTR-AMEJ,Mameshiba,JPN
0004000000031000,CTR-ADBJ,Nintendogs + Cats: French Bulldog & New Friends,JPN
00040000000A5D00,CTR-AG5J,Paper Mario: Super Seal,JPN
000400000007AD00,CTR-ABEJ,New Super Mario Bros. 2,JPN
0004000000031B00,CTR-AWAJ,PilotWings Resort,JPN
0004000000077800,CTR-ACTJ,Kawaii Koinu 3D,JPN
00040000000B3800,CTR-ADZJ,Dangerous Ji-San to 1000-nin no Otomodachi Ja,JPN
000400000006AB00,CTR-AS4J,The Sims 3: Pets,JPN
00040000000D1F00,CTR-AECJ,Disney Epic Mickey: Mickey no Fushigi na Bouken,JPN
000400000005A000,CTR-AEPJ,Earthpedia,JPN
0004000000054D00,CTR-AEZJ,ESSE RakuRaku Kakeibo,JPN
0004000000095B00,CTR-AKVJ,Kobito Dukan: Kobito Kansatsu Set,JPN
000400000008D500,CTR-AM6J,Mamegoma: Yoi Ko Marui Ko Genki na Ko,JPN
000400000005E300,CTR-AK9J,Nekketsu Kouha Kunio-Kun Special,JPN
0004000000069F00,CTR-ATKJ,Tekken 3D Prime Edition,JPN
00040000000CC000,CTR-AYTJ,Donkey Kong Returns 3D,JPN
00040000000A1C00,CTR-ARAJ,Inazuma Eleven Go 2: Chrono Stone - Raimei,JPN
00040000000C1D00,CTR-APOJ,Oshare de Kawaii! Koinu to Asobo! Machi-Hen,JPN
00040000000C1C00,CTR-APIJ,Oshare de Kawaii! Koinu to Asobo! Umi-Hen,JPN
00040000000A7800,CTR-AEKJ,Aikatsu! Cinderella Lesson,JPN
0004000000065D00,CTR-AGUJ,Girls Fashion 3D: Mezase! Top Stylist,JPN
0004000000056600,CTR-AP2J,Puyo Puyo!! 20th Anniversary,JPN
00040000000FB300,CTR-BTCJ,Toriko: Ultimate Survival,JPN
00040000000DBD00,CTR-AAUJ,SIMPLE Series for Nintendo 3DS Vol.1: THE Mahjong,JPN
00040000000DC700,CTR-AK2J,Nekketsu Kouha Kunio-Kun SP: Rantou Kyousoukyoku,JPN
0004000000109400,CTR-BDFP,Spot the Differences,EUR
00040000000A2500,CTR-AGAP,Mario Tennis Open (DEMO),EUR
00040000000B1100,CTR-AKKP,Professor Layton and the Miracle Mask (DEMO),EUR
000400000007A000,CTR-AMGJ,Metal Gear Solid: Snake Eater 3D,JPN
00040000000ACC00,CTR-AGYJ,Gaist Crusher,JPN
000400000010BB00,CTR-BGSJ,Inazuma Eleven Go: Galaxy Supernova,JPN
000400000005DD00,CTR-AH9J,Hakuouki 3D,JPN
00040000000D4100,CTR-AL3J,Farming Simulator 3D: Pocket Nouen,JPN
0004000000118400,CTR-AUGJ,Oshaberi Usagi: Mecha Kawa Oshare Collection,JPN
0004000000116700,CTR-BR3P,Cut the Rope: Triple Treat,EUR
00040000000A0600,CTR-AJEP,Jewel Master: Cradle of Egypt 2 3D,EUR
00040000000EB500,CTR-ASPJ,Skylanders: Spyro no Daibouken,JPN
0004000000129100,CTR-ATAE,Yoshis New Island (DEMO),USA
00040000000BB800,CTR-AETJ,Inazuma Eleven 1-2-3!! Endou Mamoru Densetsu,JPN
0004000000030B00,CTR-ADAJ,Nintendogs + Cats: Shiba & New Friends,JPN
000400000010BA00,CTR-BGVJ,Inazuma Eleven Go: Galaxy Big Bang,JPN
000400000004B700,CTR-AHTJ,G1 Grand Prix,JPN
0004000000104C00,CTR-BK2J,Kobito Dukan: Kobito no Fushigi Jikken Set,JPN
0004000000056800,CTR-AMPJ,Bikkuri! Tobidasu! Mahou no Pen,JPN
00040000000A7400,CTR-AUXJ,UnchainBlades EXXiV,JPN
00040000000F3300,CTR-AL6S,El profesor Layton y el legado de los ashalanti,SPA
00040000000F3400,CTR-AL6I,Il professor Layton e leredita degli Aslant,ITA
00040000000AD900,CTR-ADGJ,Dragon Ball Heroes: Ultimate Mission,JPN
00040000000E8700,CTR-BMBJ,Mushibugyo,JPN
0004000000100600,CTR-AVSZ,Professor Layton vs. Phoenix Wright: Ace Attorney,EUR
0004000000067B00,CTR-AF4J,F1 2011,JPN
0004000000105400,CTR-BP2J,Pretty Rhythm: Rainbow Live Kira Kira My Design,JPN
00040000000E8600,CTR-BPQJ,DokiDoki! PreCure Narikiri Life!,JPN
00040000000CF700,CTR-AD9J,Doraemon: Nobita no Himitsu Dougu Hakubutsukan,JPN
000400000009CC00,CTR-AHVJ,Heavy Fire: The Chosen Few,JPN
00040000000D1500,CTR-AL5P,LEGO Marvel Super Heroes: Universe in Peril,EUR
00040000000FBB00,CTR-AYFP,Best of Board Games,EUR
00040000000DD400,CTR-ATSJ,Mario Party: Island Tour,JPN
0004000000030700,CTR-AMKP,Mario Kart 7 (Rev02),EUR
0004000000110B00,CTR-BCXJ,Game Center CX: 3-Choume no Arino,JPN
0004000000053A00,CTR-AP4J,Poyo Poyo Kansatsu Nikki,JPN
0004000000034600,CTR-AGRJ,Tom Clancys Ghost Recon: Shadow Wars,JPN
00040000000ACA00,CTR-AT6J,Toriko: Gourmet Monsters!,JPN
00040000000E8500,CTR-BT5J,Toriko: Gourmet Battle!,JPN
00040000000BF800,CTR-AF9F,Farmscapes,EUR
000400000004D900,CTR-ADVJ,Devil Survivor: Over clock,JPN
000400000011B800,CTR-BLHE,LEGO The Hobbit,USA
0004000000091400,CTR-ARHP,Real Heroes: Firefighter 3D,EUR
0004000000091000,CTR-AHQJ,Devil Summoner: Soul Hackers,JPN
0004000000088A00,CTR-AMXJ,Shin Megami Tensei IV,JPN
00040000000BB900,CTR-AYDJ,Acrylic Palette: Irodori Cafe - Cheers,JPN
00040000000D1100,CTR-BEAJ,Beast Saga: Saikyou Gekiotsu Coliseum,JPN
00040000000CF600,CTR-BCCJ,Conception II: Shichisei no Michibiki to Mazuru no Akumu,JPN
00040000000AB300,CTR-AHZJ,Hello Kitty to Issho! Block Crash Z,JPN
000400000006DB00,CTR-AHGJ,Hime Girl Paradise: Mechikawa! Agemori Sensation!,JPN
00040000000AFE00,CTR-AN4J,Naruto SD Powerful Shippuden,JPN
00040000000C1900,CTR-APMJ,Osawari Tantei Nameko Daihanshoku,JPN
0004000000053600,CTR-AP5J,Penguin no Mondai: The Wars,JPN
0004000000105300,CTR-BNGJ,Bandai Namco Games Presents J Legend Retsuden,JPN
00040000000AC700,CTR-AVGJ,Cardfight!! Vanguard: Ride to Victory!!,JPN
0004000000080700,CTR-AHKJ,Hello Kitty to Sekai Ryokou! Iron na Kuni e Odekake Shimasho,JPN
00040000000EB800,CTR-AHXJ,HomeTown Story,JPN
0004000000078100,CTR-ARTJ,Rhythm Kaitou R: Koutei Napoleon no Isan,JPN
0004000000071D00,CTR-AFVJ,FabStyle,JPN
00040000000F5000,CTR-AXAJ,Kamen Rider: Travelers Senki,JPN
00040000000DBE00,CTR-AT8J,Tamagotchi no Doki Doki Dream Omisetchi,JPN
0004000000111700,CTR-ADYJ,Disney Infinity,JPN
00040000000F4100,CTR-BEXJ,Exstetra,JPN
0004000000112700,CTR-BLCJ,Koneko no Album: My Little Cat,JPN
00040000000DC600,CTR-AWCJ,Nuigurumi no Cakeyasan: Mahou no Patissiere,JPN
00040000000EE100,CTR-BCBJ,Sentouchuu Densetsu no Shinobi to Survival Battle,JPN
00040000000ED800,CTR-AAVP,Barbie Dreamhouse Party,EUR
00040000000F5A00,CTR-AEGP,Doodle Jump Adventures,UKV
0004000000071800,CTR-AHHP,"Horrid Henry: The Good, The Bad & The Bugly",EUR
00040000000F4300,CTR-AEJP,Pac-Man and The Ghostly Adventures,EUR
00040000000FFB00,CTR-QA5P,Super Mario Bros. Deluxe,EUR
0004000000064E00,CTR-AM3P,The Whitakers present: Milton & Friends 3D,UKV
0004000000064600,CTR-AZTJ,Azito 3D,JPN
000400000005E600,CTR-AALJ,A-Ressha de Ikou 3D,JPN
0004000000106700,CTR-BKPJ,CharaPet Tsukutte! Sodatete! Character Shougakkou,JPN
0004000000112900,CTR-BNMJ,Doraemon: Shin Nobita no Daimakyou - Peko to 5-nin no Tankentai,JPN
00040000000D8E00,CTR-BHPJ,Hoppechan: Tsukutte! Asonde! Punipuni Town!! (Rev01),JPN
0004000000107F00,CTR-BKEJ,Karous: The Beast of Re:Eden,JPN
0004000000097000,CTR-JT9P,Bird Mania 3D,EUR
00040000000BC100,CTR-JKSP,Liberation Maiden,EUR
0004000000112C00,CTR-BCCE,Conception II: Children of the Seven Stars,USA
00040000000AA700,CTR-AHRJ,KasekiHorider: MugenGear,JPN
0004000000102300,CTR-AFJD,The LEGO Movie Videogame,GER
000400000011EA00,CTR-BLHY,LEGO The Hobbit,GER
0004000000105200,CTR-BGBJ,Crayon Shin Chan: Arashi wo Yobu Kasukabe Eiga Stars!,JPN
0004000000068800,CTR-ANQP,Sudoku + 7 Other Complex Puzzles By Nikoli,EUR
00040000000C5400,CTR-ARVJ,Sonic: Lost World,JPN
00040000000C9100,CTR-AUFJ,Sayonara Umihara Kawase,JPN
0004000000037F00,CTR-AS3J,The Sims 3,JPN
00040000000DB600,CTR-BTRJ,Bravely Default: For the Sequel,JPN
00040000000EA900,CTR-AMQE,Disney Magical World,USA
00040000000F4900,CTR-BGMJ,Gardening Mama: Mama to Mori no Nakama Tachi,JPN
0004000000104800,CTR-BBBJ,Metal Fight Beyblade: 4D x Zero-G Ultimate Tournament,JPN
00040000000F3500,CTR-AL6H,Professor Layton en de Erfenis van de Azran,NLD
000400000005DE00,CTR-AKGJ,Kyokugen Dasshutsu ADV: Zennin Shiboudesu,JPN
00040000000C8F00,CTR-AEWJ,Anpanman to Asobo: New Aiueo Kyoushitsu,JPN
00040000000B0200,CTR-AWTI,Pro Evolution Soccer 2013 3D,ITA
0004000000059F00,CTR-AE2J,World Soccer Winning Eleven 2012,JPN
00040000000A7600,CTR-AWTJ,World Soccer Winning Eleven 2013,JPN
0004000000102700,CTR-BW4J,World Soccer Winning Eleven 2014,JPN
00040000000AC800,CTR-AHWJ,Boku wa Koukuu Kanseikan: Airport Hero 3D - Honolulu,JPN
00040000000BFF00,CTR-AN6J,Boku wa Koukuu Kanseikan: Airport Hero 3D - Narita with ANA,JPN
0004000000110C00,CTR-AH7J,Boku wa Koukuu Kanseikan: Airport Hero 3D - Shin Chitose with JAL,JPN
00040000000EE300,CTR-BD6J,Tamagotchi! Session no Dream School,JPN
00040000000AB100,CTR-AA9P,Moshi Monsters: Moshlings Theme Park,EUR
0004000000128F00,CTR-ATAP,Yoshis New Island (DEMO),EUR
000400000010EC00,CTR-BHKJ,Hello Kitty to Mahou no Apron: Rhythm Cooking,JPN
0004000000089400,CTR-AJ5P,Jewel Link: Legends of Atlantis 3D,EUR
00040000000B0C00,CTR-AFND,Funfair Party Games,GER
0004000000108800,CTR-BHDJ,Gyakuten Saiban 123: Naruhodo Selection,JPN
0004000000118100,CTR-BKRJ,Meitantei Conan: Phantom Rhapsody,JPN
00040000000A9800,CTR-AN9J,Nicola Kanshuu: Model * Oshare Audition Platina,JPN
0004000000118700,CTR-AFXP,Hollywood Fame: Hidden Object Adventure,EUR
0004000000103100,CTR-BSDJ,Nankou Furaku Sangokuden: Shu to Toki no Doujaku,JPN
000400000008D600,CTR-AZNJ,Nikoli no Sudoku 3D Dai-ni-Shuu: 8-tsu no Puzzle de 1000-Mon,JPN
0004000000034000,CTR-AS9J,Sudoku to 3-Tsu no Puzzle: Nikoli no Puzzle Variety,JPN
0004000000038C00,CTR-ALGP,LEGO Star Wars III: The Clone Wars (Rev01),EUR
00040000000F4D00,CTR-AY5J,Kodomo ni Anshin Shite Ataerareru Game Series: Sekai Meisaku Douwa - Oyako de Yomeru Game Ehon Bouken-Hen,JPN
00040000000F4C00,CTR-AY4J,Kodomo ni Anshin Shite Ataerareru Game Series: Sekai Meisaku Douwa - Oyako de Yomeru Game Ehon Princess-Hen,JPN
00040000000DBB00,CTR-AAXJ,Starry * Sky: In Spring 3D,JPN
00040000000E9D00,CTR-AZPJ,Starry * Sky: In Summer 3D,JPN
00040000000E4400,CTR-AX6J,Starry * Sky: In Autumn 3D,JPN
00040000000E5500,CTR-AX7J,Starry * Sky: In Winter 3D,JPN
0004000000084400,CTR-ARMJ,Rayman Origins,JPN
00040000000FB400,CTR-AYCJ,Model * Oshare Audition: Dream Girl,JPN
00040000000D8F00,CTR-AGWJ,Mamegoma Happy! Sweets Farm,JPN
00040000000F9C00,CTR-AYSJ,Penguin no Mondai+ Bakushou! Roulette Battle!!,JPN
000400000006F200,CTR-TAEP,The Legend of Zelda,EUR
0004000000042A00,CTR-QAAP,The Legend Of Zelda: Links Awakening,EUR
0004000000030800,CTR-AMKE,Mario Kart 7 (Rev01),USA
0004000000126000,CTR-JR8P,Pokemon Link: Battle!,EUR
0004000000068F00,CTR-JCAP,Pullblox,EUR
00040000000D7E00,CTR-JNUP,Steel Diver: Sub Wars,EUR
00040000000B4A00,CTR-AVCJ,Tongari Boushi to Mahou no Machi,JPN
0004000000115000,CTR-JBKP,Weapon Shop de Omasse,EUR
00040000000F9800,CTR-BDPJ,Makai Ouji: Devils and Realist - Dairiou no Hihou,JPN
00040000000F7C00,CTR-AXBZ,Inazuma Eleven 3: Bomb Blast,EUR
00040000000F4200,CTR-BAKJ,Aikatsu! 2-nin no My Princess,JPN
00040000000F9E00,CTR-AJ5J,Jewel Master,JPN
0004000000090E00,CTR-ALHJ,Lost Heroes,JPN
000400000011B700,CTR-BLHP,LEGO The Hobbit,EUR
000400000009F600,CTR-AVHJ,Senran Kagura Burst: Guren no Shoujotachi (Rev01),JPN
0004000000102000,CTR-AFJP,The LEGO Movie Videogame,EUR
00040000000A5200,CTR-ADPX,Disney Princess: My Fairytale Adventure,EUR
00040000000A3600,CTR-AG6X,Skylanders Giants,EUR
00040000000DD600,CTR-ADYZ,Disney Infinity,EUR
000400000010E100,CTR-AEFZ,Monster High: 13 Wishes,EUR
0004000000126400,CTR-BGGJ,Guru Guru Tamagotchi!,JPN
000400000006AC00,CTR-ARCJ,Minna de Auto Race 3D,JPN
0004000000111600,CTR-BMPJ,Maple Story: Unmei no Shoujo,JPN
00040000000E9A00,CTR-BTHJ,Theatrhythm Final Fantasy: Curtain Call,JPN
0004000000051A00,CTR-AZKJ,Zoo Keeper 3D,JPN
00040000000C6C00,CTR-AJUP,Jewel Match 3,EUR
0004000000078300,CTR-ADWJ,DoraKazu: Nobita no Suuji Daibouken,JPN
0004000000043F00,CTR-AFDJ,Fishing 3D,JPN
00040000000C1E00,CTR-AKCJ,Kawaii Koneko 3D,JPN
00040000000DBA00,CTR-AATJ,Kira*Meki Oshare Salon! Watashi no Shigoto wa Biyoushi-San,JPN
00040000000F7500,CTR-AYUJ,Oshare na Koinu 3D,JPN
0004000000047F00,CTR-AUCJ,UnchainBlades ReXX,JPN
00040000000C2B00,CTR-AR2P,Mystery Case Files: Return to Ravenhearst,EUR
000400000008A000,CTR-AB7P,Cocoto: Alien Brick Breaker,EUR
000400000006CF00,CTR-AJ6P,Jewel Quest: The Sapphire Dragon,EUR
0004000000072C00,CTR-ASAP,Secret Agent Files: Miami,EUR
00040000000ACE00,CTR-AEUJ,Elminage Gothic 3D Remix: Ulm Zakir to Yami no Gishiki,JPN
0004000000089700,CTR-AU3J,PachiPara 3D: Ooumi Monogatari 2 - Pachi Pro Fuuunroku Hana - Kibou to Uragiri no Gakuen Seikatsu,JPN
000400000004BE00,CTR-AE3J,Ochaken to Itsumo Nakayoshi,JPN
00040000000FE900,CTR-BSPJ,SPEC: Kan,JPN
00040000000DCE00,CTR-AJ3P,Mario Golf: World Tour,EUR
00040000000A1A00,CTR-AQCJ,Ouchi Mainichi Tamagotchi,JPN
0004000000056700,CTR-AT5J,Cho~rich! Tamagotchi no Puchi Puchi Omisetchi,JPN
00040000000A5300,CTR-AJ3J,Mario Golf: World Tour,JPN
000400000005D100,CTR-ACLJ,Wagamama Fashion: Girls Mode - Yokubari Sengen! Tokimeki Up!,JPN
0004000000124100,CTR-BJSJ,JS Girl: Doki Doki Model Challenge,JPN
00040000000D7200,CTR-AASP,Hidden Expedition: Titanic,EUR
00040000000C3400,CTR-AN7J,Osawari Tantei Ozawa Rina Rising 3: Nameko wa Banana no Yume wo Miruka?,JPN
0004000000121000,CTR-AHXP,Hometown Story,EUR
0004000000109300,CTR-BSMP,Shanghai Mahjong,EUR
00040000000FBD00,CTR-AYHP,Best of Arcade Games,EUR
0004000000118800,CTR-BCSP,Best of Casual Games,EUR
00040000000F4800,CTR-AXYE,The Amazing Spider-Man 2,USA
000400000010BF00,CTR-BALE,Kirby Triple Deluxe,USA
00040000000B3A00,CTR-ARLJ,Neratte! Tobashite! Rilakkuma GuraGura Sweets Tower,JPN
00040000000FA800,CTR-BKMJ,Kuma-Mon * Bomber: Puzzle de Kuma-Mon Taisou,JPN
000400000011C000,CTR-AXYP,The Amazing Spider-Man 2,EUR
0004000000065900,CTR-ACJJ,Girls RPG: Cinderellife,JPN
0004000000078600,CTR-AFMJ,Happy * Animal Bokujou,JPN
00040000000AB700,CTR-AMCJ,Madagascar 3,JPN
0004000000090D00,CTR-APQJ,Smile Precure! Lets Go! Marchen World,JPN
00040000000A1D00,CTR-AWNJ,Wan Nyan Doubutsu Byouin 2 (Rev01),JPN
00040000000F9D00,CTR-BASJ,Kuroko no Basuke: Shouri e no Kiseki,JPN
0004000000034400,CTR-ASCJ,Tom Clancys Splinter Cell 3D,JPN
000400000012D700,CTR-BGME,Gardening Mama 2: Forest Friends,USA
00040000000DCD00,CTR-AJ3E,Mario Golf: World Tour,USA
0004000000124900,CTR-BUBJ,Choujin Ultra Baseball Action Card Battle,JPN
000400000010EB00,CTR-BSKP,Etrian Odyssey Untold: The Millennium Girl,EUR
0004000000046A00,CTR-AG3J,Ushimitsu Monstruo: Linze to Mahou no Rhythm,JPN
0004000000125100,CTR-BDTE,Legends of Oz: Dorothys Return,USA
000400000005DF00,CTR-ATEJ,TOEIC Test: Chousoku Training,JPN
0004000000056900,CTR-AP9J,Pac-Man Party 3D,JPN
00040000000DAD00,CTR-ABYP,Barbie: Fun & Fashion Dogs,EUR
0004000000125000,CTR-BMTP,Me & My Furry Patients 3D,EUR
000400000006AA00,CTR-AD3D,3D Game Collection: 55-in-1,EUR
000400000006A800,CTR-ACWP,Chevrolet Camaro: Wild Ride 3D,EUR
00040000000A1E00,CTR-AD8J,Chibi * Devi!,JPN
00040000000F1D00,CTR-AEYP,My Baby Pet Hotel 3D,EUR
0004000000060800,CTR-AJPJ,Jewel Pet: Mahou no Rhythm de Ieie!,JPN
00040000000A7B00,CTR-AJYJ,Jewel Pet: Mahou de Oshare ni Dance * Deco!,JPN
0004000000104A00,CTR-BJPJ,Jewel Pet: Cafe de Mahou no Cooking!,JPN
00040000000D6F00,CTR-AAQP,Mystery Case Files: Ravenhearst,EUR
0004000000109100,CTR-BCMP,Candy Match 3,EUR
000400000005ED00,CTR-ACQP,Cooking Mama 4,EUR
000400000010C000,CTR-BALP,Kirby Triple Deluxe,EUR
0004000000057400,CTR-AQEE,The Legend of Zelda: Ocarina of Time 3D (DEMO),USA
0004000000081200,CTR-AA2J,Doraemon: Nobita to Kiseki no Shima,JPN
00040000000F6700,CTR-AYZP,Putty Squad,EUR
0004000000105100,CTR-BVXJ,Vitamin X Evolution Plus,JPN
000400000004CB00,CTR-ACRJ,Nightmare Puzzle: Crush 3D,JPN
00040000000B9900,CTR-ARHD,Real Heroes: Firefighter 3D,GER
00040000000D5000,CTR-AHVP,Heavy Fire: The Chosen Few 3D,EUR
00040000000EA500,CTR-BDCJ,Dora-Chie: Mini-Dora Ongakutai to 7-tsu no Chie,JPN
0004000000055A00,CTR-ACZP,The Cube,EUR
000400000004A800,CTR-ASBJ,Super Black Bass: 3D Fight,JPN
00040000000BCD00,CTR-AAJP,Mystery Murders: Jack the Ripper,EUR
0004000000127C00,CTR-BSBJ,World Soccer Winning Eleven 2014: Aoki Samurai no Chousen,JPN
00040000000FA500,CTR-BC5J,Cooking Mama 5,JPN
0004000000049600,CTR-ARFJ,Fish Eyes 3D,JPN
00040000000C2500,CTR-AWKJ,Oshigoto Theme Park 2,JPN
0004000000127400,CTR-AYZE,Putty Squad,USA
0004000000078900,CTR-AHMJ,Oshare Hamster to Kurasou: Issho ni Odekake,JPN
000400000006E200,CTR-ANSJ,Need for Speed: The Run,JPN
00040000000B6C00,CTR-AK7J,Oresama Kingdom: Ikemen Kareshi o Get Shiyo! Moe Kyun School Days,JPN
00040000000D3F00,CTR-ANNJ,Ninja Jajamaru-kun: Sakura-hime to Karyu no Himitsu,JPN
0004000000064500,CTR-ATNJ,Tintin no Bouken: Unicorn-Gou no Himitsu,JPN
00040000000B6400,CTR-AFNP,Funfair Party Games,EUR
0004000000101400,CTR-APZJ,PazuDora Z Gentei Challenge-ban (DEMO),JPN
0004000000060700,CTR-ASKJ,Ryoume de Unou o Kitaeru: 3D Sokudoku Jutsu,JPN
00040000000C6500,CTR-AFUJ,"Shoshinsha kara Nippon Ichi made: Soroban, Anzan, Flash Anzan",JPN
00040000000A4F00,CTR-ADPP,Disney Princess: My Fairytale Adventure,EUR
0004000000120700,CTR-BVGJ,Cardfight!! Vanguard Lock On Victory!!,JPN
00040000000C3600,CTR-AQQJ,Persona Q: Shadow of the Labyrinth,JPN
0004000000111900,CTR-BFSP,Farming Simulator 14,EUR
000400000008C400,CTR-EC6P,Tomodachi Life,EUR
0004000000127100,CTR-BDTP,Legends of Oz: Dorothys Return,EUR
00040000000F4600,CTR-AD5P,Cloudy with a Chance of Meatballs 2,UKV
000400000008C300,CTR-EC6E,Tomodachi Life,USA
000400000004D400,CTR-APYJ,Dog School: Lovely Puppy,JPN
00040000000D4300,CTR-AFZJ,Kipper no Eigo Kyoushitsu: Floppys Phonics Vol. 1 - Kipper-Hen,JPN
00040000000D4200,CTR-AX2J,Kipper no Eigo Kyoushitsu: Floppys Phonics Vol. 2 - Biff-Hen,JPN
00040000000D4400,CTR-AX3J,Kipper no Eigo Kyoushitsu: Floppys Phonics Vol. 3 - Chip-Hen,JPN
00040000000ADA00,CTR-ANAJ,Pika Pika Nurse Monogatari 2,JPN
0004000000112F00,CTR-AE4P,Inazuma Eleven Go: Light,EUR
0004000000113000,CTR-AEDP,Inazuma Eleven Go: Shadow,EUR
0004000000116600,CTR-BTDE,How to Train Your Dragon 2,USA
00040000000CF900,CTR-BPCJ,Pokemon Art Academy,JPN
0004000000138100,CTR-BUXJ,Konchuu Monster Super Battle,JPN
0004000000100A00,CTR-ADMP,Moshi Monsters: Katsuma Unleashed,EUR
00040000000ACD00,CTR-AU2J,PachiPara 3D: Ooumi Monogatari 2 with Agnes Lum - Pachi-Pro Fuuunroku Hana - Kesareta License,JPN
0004000000073800,CTR-AUMJ,PachiPara 3D: Premium Umi Monogatari - Yumemiru Otome to Pachinko Ou Ketteisen,JPN
0004000000090B00,CTR-ASZJ,Shifting World: Shiro to Kuro no Meikyuu,JPN
0004000000102F00,CTR-BT7J,Taiko no Tatsujin: Don to Katsu no Jikuu Daibouken,JPN
0004000000060F00,CTR-JA9P,Pyramids  (PROTOTYPE DEMO),EUR
00040000000B4800,CTR-ANLP,Girls Fashion Shoot,EUR
0004000000138800,CTR-BMCP,The Mysterious Cities of Gold: Secret Paths,EUR
00040000000C2200,CTR-AHLD,Hello Kitty Picnic with Sanrio Characters,GER
00040000000F5400,CTR-AEJJ,Pac World,JPN
0004000000117E00,CTR-BUWP,One Piece: Unlimited World Red,EUR
0004000000046700,CTR-AS8P,The Amazing Spider-Man,EUR
0004000000038500,CTR-ASFE,Asphalt 3D (DEMO),USA
0004000000111200,CTR-BSWJ,Kirameki Waku Waku Sweets,JPN
000400000004F000,CTR-ADRJ,Driver: Renegade 3D,JPN
0004000000130B00,CTR-BFSE,Farming Simulator 14,USA
00040000000FBA00,CTR-AYEE,Transformers: Rise of the Dark Spark,USA
0004000000126600,CTR-AYEP,Transformers: Rise of the Dark Spark,EUR
0004000000037D00,CTR-AEEI,Pro Evolution Soccer 2011 3D,ITA
000400000012E400,CTR-AJ3P,Mario Golf World Tour (DEMO),EUR
0004000000122C00,CTR-BALP,Kirby Triple Deluxe (DEMO),EUR
0004000000104900,CTR-BVZJ,VitaminZ Revolution,JPN
0004000000115300,CTR-AJXJ,Jukugo: Sokubiki Jiten,JPN
00040000000ED900,CTR-AY7P,Bella Sara 2: The Magic of Drasilmare,EUR
00040000000D0900,CTR-BPCP,Pokemon Art Academy,EUR
0004000000120800,CTR-BDZJ,Island Days,JPN
00040000000C6300,CTR-JGCP,Gunman Clive,EUR
00040000000AE100,CTR-NCGA,Pokemon Dream Radar,WLD
0004000000132B00,CTR-AYXP,Yu-Gi-Oh! Zexal: World Duel Carnival,EUR
0004000000118600,CTR-BTDP,How to Train Your Dragon 2,EUR
0004000000108A00,CTR-JEGP,EDGE,EUR
0004000000098900,CTR-JD9P,Cave Story,EUR
00040000000ED400,CTR-JSTP,Steamworld Dig,EUR
0004000000102800,CTR-AAWP,Phineas and Ferb: Quest for Cool Stuff,EUR
0004000000106200,CTR-AHBP,Nintendo Pocket Football Club,EUR
0004000000123D00,CTR-BUWE,One Piece: Unlimited World Red,USA
000400000006E900,CTR-TABP,Super Mario Bros. 3,EUR
000400000012F800,CTR-BYHJ,Youkai Watch 2: Honke,JPN
00040000000B0300,CTR-JFDP,Fractured Soul,EUR
000400000012F900,CTR-BYGJ,Youkai Watch 2: Ganso,JPN
000400000012EE00,CTR-BCUE,Scooby-Doo! & Looney Tunes Cartoon Universe: Adventure,USA
00040000000DC900,CTR-ADSJ,Chibi * Devi! 2: Mahou no Yume Ehon,JPN
00040000000F7200,CTR-AYVJ,Maru Gou! Nanami to Issho ni Gakubo! English Joutatsu no Kotsu Riron-Hen,JPN
000400000010CC00,CTR-AL6P,Professor Layton and the Azran Legacy (DEMO),UKV
00040000000CFB00,CTR-AHKZ,Around the World with Hello Kitty & Friends,NLD
000400000012FB00,CTR-BTAJ,Gundam Try Age SP,JPN
0004000000102E00,CTR-BATJ,Hamatora: Look at Smoking World,JPN
000400000012A800,CTR-BH2J,Hoppechan: Minna de Odekake! Wakuwaku Hoppe Land!!,JPN
0004000000032600,CTR-JRVA,Pokedex 3D,USA
0004000000072500,CTR-JC9E,Ambassador Certificate,USA
0004000000070600,CTR-TAME,Ice Climber (v1),USA
000400000006F700,CTR-TAGE,Wrecking Crew (v1),USA
0004000000070300,CTR-TALE,Balloon Fight (v1),USA
0004000000070000,CTR-TAKE,Donkey Kong Jr. (v1),USA
000400000006EE00,CTR-TADE,Metroid (v2),USA
000400000006FA00,CTR-TAHE,NES Open Tournament Golf (v1),USA
000400000006E500,CTR-TAAE,Super Mario Bros. (v2),USA
000400000006F100,CTR-TAEE,The Legend of Zelda (v1),USA
0004000000071200,CTR-TARE,Yoshi (v1),USA
0004000000070900,CTR-TANE,Zelda II: The Adventure of Link (v1),USA
0004000000074900,CTR-PAAE,F-Zero: Maximum Velocity,USA
0004000000083B00,CTR-ATAJ,Yoshis New Island,JPN
0004000000076A00,CTR-PAJE,Fire Emblem: The Sacred Stones,USA
0004000000075C00,CTR-PAGE,Kirby & the Amazing Mirror,USA
0004000000075300,CTR-PADE,Yoshis Island: Super Mario Advance 3,USA
0004000000074C00,CTR-PABE,Mario Kart: Super Circuit,USA
0004000000075900,CTR-PAFE,"WarioWare, Inc.: Mega Microgame$!",USA
0004000000076D00,CTR-PAKE,The Legend of Zelda: The Minish Cap,USA
0004000000074F00,CTR-PACE,Wario Land 4,USA
0004000000075600,CTR-PAEE,Metroid Fusion,USA
0004000000076700,CTR-PAHE,Mario vs. Donkey Kong,USA
000400000009D300,CTR-AMUP,Riding Stables 3D: Rivals in the Saddle (Rev01),EUR
000400000004AA00,CTR-JESE,Nintendo Video,USA
0004000000057700,CTR-JFLE,Netflix (v1),USA
0004000000127B00,CTR-BHCJ,Happiness Charge PreCure! Kawa-Run * Collection,JPN
0004000000124500,CTR-BLNY,LEGO Ninjago: Nindroids,GER
0004000000118C00,CTR-BLNE,LEGO Ninjago: Nindroids,USA
000400000012F600,CTR-BTFJ,Thomas to Asonde Oboeru Kotobato Kazu to ABC,JPN
000400000B000100,BBB-PKBL,Pokemon Blue,EUR
000400000B000500,BBB-PKCR,Pokemon Crystal,EUR
000400000B000300,BBB-PKGD,Pokemon Gold,EUR
00040000000FA600,CTR-BS2J,Soni Pro,JPN
000400000012D400,CTR-BNTE,Teenage Mutant Ninja Turtles,USA
00040000000FA700,CTR-AYLJ,Fate/Kaleid Liner: Prisma * Illya,JPN
000400000B000000,BBB-PKRD,Pokemon Red,EUR
000400000B000400,BBB-PKSV,Pokemon Silver,EUR
000400000B000200,BBB-PKYL,Pokemon Yellow,EUR
0004000000120600,CTR-BDBJ,Dragon Ball Heroes: Ultimate Mission 2,JPN
0004000000138C00,CTR-BM3P,Me & My Pets 3D,EUR
0004000000074800,CTR-PAAJ,F-Zero,JPN
0004000000076900,CTR-PAJJ,Fire Emblem: Seima no Kouseki,JPN
0004000000075B00,CTR-PAGJ,Hoshi no Kirby: Kagami no Daimeikyuu,JPN
0004000000075800,CTR-PAFJ,Made in Wario,JPN
0004000000074B00,CTR-PABJ,Mario Kart Advance,JPN
0004000000076600,CTR-PAHJ,Mario vs. Donkey Kong,JPN
0004000000075500,CTR-PAEJ,Metroid Fusion,JPN
0004000000075200,CTR-PADJ,Super Mario Advance 3: Yoshi Island + Mario Brothers,JPN
0004000000074E00,CTR-PACJ,Wario Land Advance: Youki no Otakara,JPN
0004000000076C00,CTR-PAKJ,Zelda no Densetsu: Fushigi no Boushi,JPN
00040000000FB100,CTR-BNUJ,Senran Kagura 2: Shinku,JPN
000400000013F100,CTR-BFSJ,Farming Simulator 14: Pocket Nouen 2,JPN
0004000000118B00,CTR-BLNP,LEGO Ninjago: Nindroids,EUR
00040000000BBB00,CTR-GAUP,Sonic the Hedgehog 2,EUR
00040000000DE200,CTR-JSNP,3D Shinobi III: Return of the Ninja Master,EUR
0004000000096100,CTR-JVVP,VVVVVV,EUR
0004000000144200,CTR-ARKJ,Tetsudou Nippon! Rosen Tabi: Kashima Rinkai Tetsudou Hen,JPN
0004000000123B00,CTR-BAQP,Atlantic Quest,EUR
000400000012E100,CTR-BTWP,Teenage Mutant Ninja Turtles,EUR
0004000000113300,CTR-BMKJ,Medarot 8: Kabuto Ver.,JPN
0004000000113400,CTR-BMQJ,Medarot 8: Kuwagata Ver.,JPN
0004000000106500,CTR-AEHP,Disney Frozen: Olafs Quest,UKV
0004000000100700,CTR-AVSE,Professor Layton vs. Phoenix Wright: Ace Attorney,USA
000400000012AD00,CTR-BGDJ,Gaist Crusher God,JPN
0004000000127A00,CTR-AKXJ,Boku wa Koukuu Kanseikan: Airport Hero 3D - Kansai Sky Story,JPN
00040000000B8B00,CTR-AXCJ,Dairantou Smash Bros. for Nintendo 3DS,JPN
00040000000B1700,CTR-AFZP,"Phonics Fun with Biff, Chip & Kipper Vol. 1",EUR
00040000000B1800,CTR-AX2P,"Phonics Fun with Biff, Chip & Kipper Vol. 2",EUR
00040000000B1900,CTR-AX3P,"Phonics Fun with Biff, Chip & Kipper Vol. 3",EUR
000400000014C200,CTR-NXCE,Super Smash Bros. Special Demo Version (DEMO),USA
00040000000FD500,CTR-BTHE,Theatrhythm Final Fantasy: Curtain Call,USA
000400000014C300,CTR-NXCP,Super Smash Bros. Special Demo Version (DEMO),EUR
0004000000140D00,CTR-BM4P,Outback Pet Rescue 3D,EUR
00040000000FCA00,CTR-BTHP,Theatrhythm Final Fantasy: Curtain Call,EUR
000400000012D600,CTR-BC5E,Cooking Mama 5: Bon Appetit!,USA
000400000005A400,CTR-ALBP,LEGO Batman 2: DC Super Heroes (Rev01),EUR
000400000006D700,CTR-AP3P,Pets Paradise Resort 3D (Rev01),EUR
000400000009FF00,CTR-ABRK,Biohazard: Revelations,KOR
000400000007AF00,CTR-ABEP,New Super Mario Bros. 2 + 10 DLC,EUR
0004000000113100,CTR-AFLP,Fantasy Life,EUR
000400000013CB00,CTR-BFTD,Fifa 15,GER
00040000000BBF00,CTR-JCZE,Crimson Shroud,USA
000400000012AF00,CTR-BTKP,Tenkai Knights: Brave Battle,EUR
0004000000109200,CTR-BHHP,Hello Kitty Happy Happy Family,EUR
0004000000122E00,CTR-BALE,Kirby Triple Deluxe (DEMO),USA
0004000000073C00,CTR-AM3Z,My Foal 3D (Rev02),EUR
000400000014C800,CTR-JV7E,Azure Striker Gunvolt,USA
000400000014CD00,CTR-KMGE,Mighty Gunvolt,USA
000400000012E700,CTR-JURE,Moon Chronicles: Episode 1,USA
0004000000119A00,CTR-JK8E,Shovel Knight,USA
000400000013CA00,CTR-BFTP,Fifa 15,EUR
0004000000106400,CTR-JBCE,Rustys Real Deal Baseball,USA
0004000000055000,CTR-SAFP,3D Classics: Kirbys Adventure,EUR
0004000000055200,CTR-SAAP,3D Classics: Kid Icarus,EUR
00040000000C8800,CTR-JHSP,Splash or Crash,EUR
00040000000EE000,CTR-AXCP,Super Smash Bros. for Nintendo 3DS,EUR
0004000000054400,CTR-SACE,3D Classics: TwinBee,USA
00040000000B6E00,CTR-JAUE,Crashmo,USA
0004000000134900,CTR-KDKE,Demon King Box,USA
000400000013C700,CTR-BFTE,Fifa 15,USA
0004000000066300,CTR-JMFE,Mighty Switch Force!,USA
00040000000C2800,CTR-JMGE,Mighty Switch Force! 2,USA
00040000000A3100,CTR-JD8E,THE DENPA MEN: They Came By Wave,USA
00040000000C3300,CTR-JD2E,THE DENPA MEN 2: Beyond The Waves,USA
000400000011DE00,CTR-JDRE,THE DENPA MEN 3: The Rise of Digitoll,USA
0004000000140E00,CTR-BHQJ,Haikyu!! Tsunage! Itadaki no Keshiki!!,JPN
00040000000C1400,CTR-JAQE,10-in-1: Arcade Collection,USA
00040000000C0B00,CTR-JGFE,3D Galaxy Force II,USA
0004000000113D00,CTR-JXSE,Bird Mania Christmas 3D,USA
0004000000081100,CTR-JCRE,Colors! 3D,USA
0004000000083800,CTR-JELE,Ketzals Corridors,USA
0004000000147E00,CTR-JVXE,Kirby Fighters Deluxe,USA
0004000000130500,CTR-NACE,Photos with Mario,USA
0004000000086600,CTR-JMDE,Mutant Mudds,USA
00040000000C5100,CTR-JPDE,Picdun 2: Witchs Curse,USA
00040000000AFA00,CTR-JPXE,PIX3D,USA
000400000010D200,CTR-JRXE,Retro City Rampage: DX,USA
000400000013CC00,CTR-JKJE,SkyPeace,USA
00040000000E6D00,CTR-JSYE,SpeedX 3D Hyper Edition,USA
0004000000137300,CTR-KTPE,Tappingo 2,USA
00040000000EDF00,CTR-AXCE,Super Smash Bros. for Nintendo 3DS,USA
0004000000115200,CTR-BTKJ,Tenkai Knights: Brave Battle,JPN
0004000000120900,CTR-BKKJ,Kinki no Magna,JPN
000400000012F400,CTR-BGRP,Disney Violetta: Rhythm & Music,EUR
00040000000B9A00,CTR-ATZP,The Trash Pack,EUR
0004000000144100,CTR-BREJ,Nazotoki Battle TORE! Densetsu no Makyuu o Fukkatsu Saseyo!,JPN
0004000000127300,CTR-JEPE,Picross e4,USA
00040000000D2500,CTR-AD6P,Scribblenauts Unmasked: A DC Comics Adventure,EUR
000400000009B200,CTR-JB3E,Bomb Monkey,USA
000400000013F800,CTR-BRRP,Rayman and Rabbids Family Pack,EUR
000400000011D700,CTR-BFGJ,Monster Hunter 4G,JPN
0004000000127D00,CTR-BTKE,Tenkai Knights: Brave Battle,USA
0004000000068200,CTR-JA9E,Pyramids,USA
0004000000086E00,CTR-JF2E,Fun! Fun! Minigolf TOUCH!,USA
000400000005CA00,CTR-JLGE,Lets Golf 3D,USA
0004000000135F00,CTR-BPME,Pac-Man and the Ghostly Adventures 2,USA
0004000000115500,CTR-BZRJ,Majin Bone: Jikan to Kuukan no Majin,JPN
000400000013BE00,CTR-BS9P,Skylanders Trap Team,EUR
000400000014A300,CTR-NAHA,Pokemon Omega Ruby and Alpha Sapphire: Special Demo Version (DEMO),WLD
0004000000068E00,CTR-JCAE,Pushmo,USA
0004000000051E00,CTR-AQ9A,Pokedex 3D Pro,USA
000400000012E200,CTR-BELP,2 in 1 : My Vet Practice 3D and My Baby Pet Hotel 3D,EUR
0004000000141A00,CTR-BFGW,Monster Hunter 4G,TWN
000400000013BC00,CTR-BWCP,Winx Club: Saving Alfea,EUR
000400000008CB00,CTR-APIP,Petz Beach,EUR
000400000008CA00,CTR-APOP,Petz Countryside,EUR
0004000000136F00,CTR-BSHP,Survivor: Heroes,EUR
000400000012F800,CTR-BYHJ,Youkai Watch 2: Honke (Rev01),JPN
000400000012F900,CTR-BYGJ,Youkai Watch 2: Ganso (Rev03),JPN
000400000012F800,CTR-BYHJ,Youkai Watch 2: Honke (Rev03),JPN
000400000012F800,CTR-BYHJ,Youkai Watch 2: Honke (Rev02),JPN
000400000012F900,CTR-BYGJ,Youkai Watch 2: Ganso (Rev02),JPN
000400000012F900,CTR-BYGJ,Youkai Watch 2: Ganso (Rev01),JPN
0004000000118500,CTR-AXFJ,Kouekizaidan Houjin Nihon Kanji Nouryoku Kentei Kyoukai: Kanken Training,JPN
0004000000125200,CTR-BPFE,Poptropica: Forgotten Islands,USA
0004000000131200,CTR-BS9E,Skylanders Trap Team,USA
0004000000077C00,CTR-APIE,Petz Beach,USA
000400000012CE00,CTR-BDKE,Duck Dynasty,USA
0004000000135A00,CTR-BPMP,Pac-Man and the Ghostly Adventures 2,EUR
000400000012DF00,CTR-BSSP,Power Rangers: Super Megaforce,EUR
0004000000077B00,CTR-APOE,Petz Countryside,USA
0004000000056C00,CTR-JKZJ,Ugoku Memo Tobari 3D,JPN
00040000000D4B00,CTR-AMQP,Disney Magical World,EUR
000400000012F500,CTR-ATUJ,Tales of the World: Reve Unitia,JPN
00040000000D0A00,CTR-BPCE,Pokemon Art Academy,USA
00040000000C2900,CTR-JSAE,Shantae and the Pirates Curse,USA
000400000014E600,CTR-AXCP,Super Smash Bros. (DEMO),EUR
0004000000126E00,CTR-JYHE,Pyramids 2,USA
0004000000134A00,CTR-BLDE,The Legend of Korra: A New Era Begins,USA
000400000010ED00,CTR-BCHJ,Choko Inu no Chokotto Fushigi na Monogatari: Chocolate Hime to Mahou no Recipe,JPN
000400000014AA00,CTR-BEDJ,Tetsudou Nippon! Rosen Tabi: Eizan Densha Hen,JPN
0004000000148200,CTR-BT2P,Top Model 3D,EUR
0004000000135E00,CTR-BMUP,Teenage Mutant Ninja Turtles: Danger of the Ooze,EUR
0004000000137100,CTR-BH6E,Disney Big Hero 6: Battle in the Bay,USA
000400000007CD00,CTR-JLLE,Sakura Samurai: Art of the Sword,USA
0004000000149E00,CTR-JRWE,KORG DSN-12,USA
000400000007C400,CTR-JAME,Dillons Rolling Western,USA
0004000000116D00,CTR-JZNE,Color Zen,USA
0004000000054200,CTR-SAAE,3D Classics: Kid Icarus,USA
000400000007FC00,CTR-JENE,Zen Pinball 3D,USA
000400000014EE00,CTR-KC2E,The Legend of Dark Witch,USA
0004000000123F00,CTR-JTZE,Thorium Wars: Attack of the Skyfighter,USA
000400000013D500,CTR-BMHP,I Love My Horse,EUR
000400000013D600,CTR-BLGP,I Love My Little Girl,EUR
000400000013D700,CTR-BLBP,I Love My Little Boy,EUR
00040000000F5600,CTR-JZPE,Zombie Panic in Wonderland DX,USA
000400000012CF00,CTR-BSSE,Power Rangers: Super Megaforce,USA
00040000000DA000,CTR-JHJE,3D Sonic The Hedgehog,USA
00040000000E7600,CTR-JKEE,Attack of the Friday Monsters! A Tokyo Tale,USA
000400000010F600,CTR-AVME,Harvest Moon 3D: The Lost Valley,USA
000400000014A500,CTR-BP9P,Horse Vet 3D,EUR
000400000008FF00,CTR-JABE,Art of Balance TOUCH!,USA
000400000002FF00,BIGBLUEMENU,BigBlueMenu,EUR
0004000000132100,CTR-BFRP,Ultimate NES Remix,EUR
0004000000137400,CTR-BPRE,Disney Planes: Fire & Rescue,USA
00040000000DA100,CTR-JRAE,3D Streets of Rage,USA
0004000000086C00,CTR-JEVE,escapeVektor,USA
0004000000112B00,CTR-JEUE,Inazuma Eleven,USA
00040000000B9E00,CTR-JNAE,Nano Assault EX,USA
000400000011D500,CTR-BPSE,Pikmin Short Movies 3D,USA
000400000013EE00,CTR-KWDE,Woah Dave!,USA
0004000000124000,CTR-JWPE,The Keep,USA
000400000011DD00,CTR-BTME,LEGO Batman 3: Beyond Gotham,USA
0004000000127500,CTR-BSYE,Sonic Boom: Shattered Crystal,USA
0004000000148A00,CTR-ARSP,Riding Star 3D,EUR
00040000000C9D00,CTR-JB7E,Mario and Donkey Kong: Minis on the Move,USA
0004000000054700,CTR-SABE,3D Classics: Xevious,USA
000400000013D200,CTR-JNNE,Ninja Battle Heroes,USA
0004000000131D00,CTR-BMUE,Teenage Mutant Ninja Turtles: Danger of the Ooze,USA
000400000012A900,CTR-BTMZ,LEGO Batman 3: Beyond Gotham,GER
000400000013BD00,CTR-BPRP,Disney Planes: Fire & Rescue,EUR
000400000010F800,CTR-JB2E,BlazBlue: Clone Phantasma,USA
0004000000139100,CTR-JMXE,KemonoMix +,USA
0004000000132400,CTR-BTLP,Tetris Ultimate,EUR
0004000000087700,CTR-JNSE,NightSky,USA
00040000000AAC00,CTR-JRGE,Rage of the Gladiator,USA
00040000000DAA00,CTR-JA6E,Super Little Acorns 3D Turbo,USA
0004000000139300,CTR-KSFE,Siesta Fiesta,USA
00040000000EAD00,CTR-AK8E,Kokuga,USA
00040000000AE000,CTR-JA2E,Fluidity: Spin Cycle,USA
0004000000081700,CTR-JHLE,Hulu Plus,USA
00040000000C6F00,CTR-JMUE,Monster Hunter 3 Ultimate Data Transfer Program,USA
0004000E00055D00,CTR-EKJA,Pokemon X (Update 1.3),WLD
0004000E00055E00,CTR-EK2A,Pokemon Y (Update 1.3),WLD
00040000000D7D00,CTR-JNUE,Steel Diver: Sub Wars,USA
0004000000051700,CTR-JFRE,Swapnote,USA
0004000000126A00,CTR-NC6E,Tomodachi Life: Move-In Version,USA
00040000000B0F00,CTR-JYTE,Youtube,USA
0004008C00009800,CTR-HMMP,NES Jumping Mario Theme,EUR
000400000012EC00,CTR-BTLE,Tetris Ultimate,USA
000400000011C200,CTR-BTMP,LEGO Batman 3: Beyond Gotham,EUR
0004000000126D00,CTR-AVTE,Adventure Time: The Secret of the Nameless Kingdom,USA
0004000000123400,CTR-AQQE,Persona Q: Shadow of the Labyrinth,USA
000400000014EF00,CTR-BKYE,Hello Kitty and Sanrio Friends 3D Racing,USA
0004000000137500,CTR-BWCE,Winx Club: Saving Alfea,USA
0004000000144400,CTR-BG3J,One Piece: Super Grand Battle! X,JPN
0004000000149800,CTR-KPQE,PICROSS e5,USA
0004000000132F00,CTR-BSQP,Safari Quest,EUR
0004000000054300,CTR-SAEE,3D Classics: Excitebike,USA
00040000000D3300,CTR-TCZP,The Mysterious Murasame Castle,EUR
000400000012CB00,CTR-JK8P,Shovel Knight,EUR
00040000000F8000,CTR-AXGZ,Inazuma Eleven 3: Team Ogre Attacks!,EUR
0004000000117200,CTR-JPKJ,Puchicon 3-Gou: SmileBASIC,JPN
000400000011C500,CTR-ECLA,Pocket Monsters Alpha Sapphire,JPN
000400000011C400,CTR-ECRA,Pocket Monsters Omega Ruby,JPN
0004000000149F00,CTR-AQQP,Persona Q: Shadow of the Labyrinth,EUR
000400000012C200,CTR-BSYP,Sonic Boom: Shattered Crystal,EUR
0004000000102900,CTR-JETP,PICROSS e3,EUR
000400000014A000,CTR-BHFP,My Life On A Farm 3D,EUR
0004000000113200,CTR-AFLE,Fantasy Life,USA
000400000012DA00,CTR-JWPP,The Keep,EUR
00040000000ADF00,CTR-JAEP,Alien Chaos 3D,EUR
0004000000126700,CTR-JWTP,Another World: 20th Anniversary Edition,EUR
00040000000D2F00,CTR-JB7P,Mario and Donkey Kong: Minis on the Move,EUR
00040000000CBC00,CTR-JP2P,PICROSS e2,EUR
000400000011C500,CTR-ECLA,Pokemon Alpha Sapphire,USA
000400000011C400,CTR-ECRA,Pokemon Omega Ruby,USA
0004000000143B00,CTR-BPGE,Penguins of Madagascar,USA
000400000011E900,CTR-BLHZ,LEGO The Hobbit,FRA
00040000000F5B00,CTR-AL5F,LEGO Marvel Super Heroes: Universe in Peril,FRA
000400000011C500,CTR-ECLA,Pokemon Alpha Sapphire,EUR
000400000011C400,CTR-ECRA,Pokemon Omega Ruby,EUR
000400000014E500,CTR-AXCE,Super Smash Bros. (DEMO),USA
00040000000E7500,CTR-JKEP,Attack of the Friday Monsters! A Tokyo Tale,EUR
00040000000BC300,CTR-JCZP,Crimson Shroud,EUR
00040000000DD200,CTR-APNR,Disney Planes,RUS
000400000014F600,CTR-BMNP,Asterix: The Mansions of the Gods,EUR
0004000000148300,CTR-BD4D,Die drei ??? Kids: Jagd auf das Phantom,GER
0004000000144300,CTR-BNKJ,Hero Bank 2,JPN
0004000000155500,CTR-KCXP,Castle Conqueror EX,EUR
00040000000DC300,CTR-JAGP,Pick-A-Gem,EUR
00040000000BCA00,CTR-JMBP,Crazy Chicken: Directors Cut 3D,EUR
0004000000137C00,CTR-AVTP,Adventure Time: The Secret of the Nameless Kingdom,EUR
0004000000120500,CTR-BM9J,Shin Sekaiju no Meikyuu 2: Fafnir no Kishi,JPN
00040000000A9200,CTR-JEXP,PICROSS e,EUR
00040000000F7E00,CTR-AXSZ,Inazuma Eleven 3: Lightning Bolt,EUR
000400000007F500,CTR-AT8P,Urban Trial Freestyle,EUR
0004000000118200,CTR-BAMJ,Elminage Ibun: Ame no Mihashira Kai,JPN
0004000000143200,CTR-BWTJ,Anpanman to Touch de Wakuwaku Training,JPN
0004000000134400,CTR-BDEJ,Doraeigo: Nobita to Yousei no Fushigi Collection,JPN
000400000014AB00,CTR-BM8J,MahoCole: Mahou * Idol Collection,JPN
0004000000116900,CTR-AUFP,Sayonara Umihara Kawase,EUR
00040000000D1800,CTR-JBLP,Bloody Vampire,EUR
0004000000108D00,CTR-JRXP,Retro City Rampage: DX,EUR
000400000011B900,CTR-JPHP,Talking Phrasebook,EUR
000400000012FE00,CTR-BSLJ,Osawari Tantei Ozawa Rina: Nameko Rhythm,JPN
00040000000B4500,CTR-MA2P,Breakthru Films: Fat Hamster,EUR
00040000000B4100,CTR-MAXP,Breakthru Films: Little Postman,EUR
00040000000B3F00,CTR-MAVP,Breakthru Films: Magical Dance,EUR
00040000000B4200,CTR-MAYP,Breakthru Films: Papas Boy,EUR
00040000000B4000,CTR-MAWP,Breakthru Films: Scarecrow,EUR
00040000000B4300,CTR-MAZP,Breakthru Films: Spirits of the Piano,EUR
00040000000B3E00,CTR-MAUP,Breakthru Films: Transformation,EUR
00040000000F2700,CTR-MBJP,Shaun the Sheep (Episode 1-5),EUR
00040000000F2900,CTR-MBLP,Shaun the Sheep (Episode 11-15),EUR
00040000000F2800,CTR-MBKP,Shaun the Sheep (Episode 6-10),EUR
00040000000F2A00,CTR-MBMP,Shaun the Sheep (all episodes + Making of),EUR
0004000000096F00,CTR-MAAP,The 3D Machine,EUR
00040000000C5A00,CTR-MA8P,The 3D Machine Series: Episode 1,EUR
00040000000C5B00,CTR-MA9P,The 3D Machine Series: Episode 2,EUR
00040000000C5C00,CTR-MBAP,The 3D Machine Series: Episode 3,EUR
00040000000C5D00,CTR-MBBP,The 3D Machine Series: Episode 4,EUR
00040000000C5E00,CTR-MBCP,The 3D Machine Series: Episode 5,EUR
00040000000D9300,CTR-MBFP,The Beet Party: Episode 1 - Beet Poets,EUR
00040000000AEF00,CTR-MAQP,The Beet Party: Episode 2 - Beet Scratch,EUR
00040000000AEC00,CTR-MAMP,The Beet Party: Episode 3 - Jurassic Fridge,EUR
00040000000BB400,CTR-MA6P,The Beet Party: Episode 4 - UnderWaterMelon,EUR
00040000000D9400,CTR-MBGP,The Beet Party: Episode 5 - Unidentified Flying Waffle,EUR
00040000000D9500,CTR-MBHP,The Beet Party: Episode 6 - Call Me Aneek Neek,EUR
00040000000A3A00,CTR-MADP,The Incredible Barbazan: Episode 1 - The Cabinet of Fear,EUR
00040000000A3800,CTR-MABP,The Incredible Barbazan: Episode 2 - The Fire Juggler,EUR
00040000000A3D00,CTR-MAGP,The Incredible Barbazan: Episode 3 - The Human Cannonball 2,EUR
00040000000A3B00,CTR-MAEP,The Incredible Barbazan: Episode 4 - The Knife Thrower,EUR
00040000000A3C00,CTR-MAFP,The Incredible Barbazan: Episode 5 - Raging Bull,EUR
00040000000A3F00,CTR-MAHP,The Incredible Barbazan: Episode 6 - Up Your Sleeve,EUR
000400000010B800,CTR-MBSP,"Treasures of the World 3D (Barcelona, Paris, Rome)",EUR
0004000000134500,CTR-BG2J,Shingeki no Kyojin: Jinrui Saigo no Tsubasa CHAIN,JPN
0004000000144700,CTR-BFPJ,Fujiko F. Fujio Characters Daishuugou! SF Dotabata Party!,JPN
00040000000DB500,CTR-JHJP,3D Sonic The Hedgehog,EUR
0004000000079600,CTR-JRSP,Jett Rocket II: The Wrath of Taikai,EUR
0004000000142000,CTR-KMSE,My First Songs,USA
0004000000143D00,CTR-JFEP,2048,EUR
00040000000D9D00,CTR-JA7E,3D Altered Beast,USA
0004000000054500,CTR-SADE,3D Classics: Urban Champion,USA
00040000000D9E00,CTR-JDLE,3D Ecco the Dolphin,USA
00040000000C0C00,CTR-JSHE,3D Space Harrier,USA
00040000000C0D00,CTR-JHAE,3D Super Hang-On,USA
00040000000C4300,CTR-JKCE,Ikachan,USA
00040000000A6200,CTR-TBME,Super Mario Bros. 2,USA
0004000000094E00,CTR-TATE,Super Mario Bros.: The Lost Levels,USA
0004000000146300,CTR-BPGP,Penguins of Madagascar,EUR
000400000012CC00,CTR-JTVP,Toy Stunt Bike,EUR
00040000000BC000,CTR-JAPE,Aero Porter,USA
000400000014C900,CTR-KBME,Battleminer,USA
0004000000147A00,CTR-JVQE,Dededes Drum Dash Deluxe,USA
000400000010E900,CTR-JCJE,Squids Odyssey,USA
0004000000119700,CTR-JRYE,Quell Reflect,USA
000400000008FE00,CTR-JSKE,1001 Spikes,USA
000400000014DF00,CTR-BC4J,Sengoku Musou Chronicle 3,JPN
000400000014E000,CTR-BA3J,Aikatsu! 365-Hi no Idol Days,JPN
00040000000F9B00,CTR-BDSJ,Derby Stallion Gold,JPN
0004000000112300,CTR-JQ7E,Cubit: The Hardcore Platformer Robot,USA
0004000000149300,CTR-BWRP,WRC: FIA World Rally Championship,EUR
00040000000DCC00,CTR-JCBE,Chain Blaster,USA
00040000000AE800,CTR-JBWE,Family Bowling 3D,USA
000400000008E300,CTR-JMVE,Marvel Pinball 3D,USA
0004000000155100,CTR-BYSJ,Youkai Watch 2: Shinuchi,JPN
0004000000132000,CTR-BFRE,Ultimate NES Remix,USA
0004000000128600,CTR-JGYE,Bike Rider DX2: Galaxy,USA
0004000000127600,CTR-JJAE,Alien On The Run,USA
00040000000F2B00,CTR-JAXE,Mahjong 3D: Essentials,USA
00040000000FC000,CTR-JCXE,Bike Rider DX,USA
0004000000087A00,CTR-JSXE,SpeedX 3D,USA
0004000000147900,CTR-BCZP,Crazy Construction,EUR
0004000000133300,CTR-BHDP,Phoenix Wright: Ace Attorney Trilogy,EUR
000400000012FF00,CTR-BLTJ,Gotouchi Tetsudou: Gotouchi Chara to Nihon Zenkoku no Tabi,JPN
0004000000148B00,CTR-KFRP,Fairune,EUR
000400000013C100,CTR-KHZE,Hazumi,USA
000400000013D800,CTR-KSGE,Scarygirl Illustration Kit,USA
0004000000128500,CTR-JN2E,Smash Cat Heroes,USA
00040000000E6800,CTR-JSWE,Star Wars Pinball,USA
00040000000D2400,CTR-JWHP,Witch & Hero,EUR
000400000014D600,CTR-KXEE,Xeodrifter,USA
0004000000084D00,CTR-ACUP,AeternoBlade,EUR
000400000014FA00,CTR-BS8J,Cooking Mama: Watashi no Sweets Shop,JPN
00040000000EF200,CTR-RCDE,Mega Man II,USA
00040000000EF500,CTR-RCEE,Mega Man III,USA
00040000000EF800,CTR-RCFE,Mega Man IV,USA
00040000000EFB00,CTR-RCGE,Mega Man V,USA
00040000000A1600,CTR-TBFE,Mega Man VI,USA
000400000004F100,CTR-RAWE,Mega Man: Dr. Wilys Revenge,USA
00040000000F0000,CTR-QA2E,Mega Man Xtreme 2,USA
00040000000EFE00,CTR-QAZE,Mega Man Xtreme,USA
0004000000093200,CTR-JZSP,Zombie Slayer Diox,EUR
0004000000112500,CTR-JXSP,Bird Mania Christmas 3D,EUR
0004000000108E00,CTR-JFBP,Cocoro: Line Defender,EUR
00040000000B7F00,CTR-ASLX,Scribblenauts Unlimited,UKV
0004000000129700,CTR-JFXP,My First Songs 2,EUR
000400000010E200,CTR-BCEJ,Final Fantasy Explorers,JPN
0004000000138D00,CTR-JYHP,Pyramids 2,EUR
000400000014AE00,CTR-BSYJ,Sonic Toon: Island Adventure,JPN
000400000008AA00,CTR-JSLP,3D Solitaire,EUR
0004000000147500,CTR-BH6Z,Disney Big Hero 6: Battle in the Bay,EUR
00040000000A7E00,CTR-JKGP,Crazy Kangaroo,EUR
00040000000B7500,CTR-JMSP,Monster Shooter,EUR
0004000000102C00,CTR-JC4P,Cube Tactics,EUR
00040000000D9600,CTR-JDMP,The Starship Damrey,EUR
000400000009F400,CTR-JKFP,Johnny Kung Fu,EUR
00040000000B4900,CTR-JHHP,Johnny Hotshot,EUR
0004000000157200,CTR-KSMP,Sumico,EUR
0004000000153D00,CTR-KTMP,Toys Vs Monsters,EUR
00040000000A8400,CTR-JCDE,Castle Conqueror Defender,USA
00040000000F8600,CTR-TDME,Mighty Final Fight,USA
000400000014DA00,CTR-KBMP,Battleminer,EUR
000400000013A000,CTR-BPMJ,Pac World 2,JPN
0004000000140900,CTR-BSNJ,Syunsoku Mezase! Zenkoku Saikyou Runner,JPN
0004000000144800,CTR-BTVJ,12-Sai. Honto no Kimochi,JPN
000400000009C700,CTR-JPLP,Planet Crashers,EUR
0004000000121100,CTR-JTLP,Turtle Tale,EUR
00040000000B0D00,CTR-JRBP,Rising Board 3D,EUR
00040000000CC600,CTR-JGWP,Dillons Rolling Western: The Last Ranger,EUR
0004000000152A00,CTR-BCNJ,Sumikko Gurashi: Koko Ga Ochitsukundesu,JPN
0004000000117800,CTR-JXRP,European Conqueror 3D,EUR
00040000000DA200,CTR-JS4P,BUGS vs. TANKS!,EUR
000400000009E700,CTR-AC2P,Crash City Mayhem,EUR
0004000000150900,CTR-KBUP,Brutus & Futee,EUR
00040000000EDA00,CTR-JPAP,Pure Chess,EUR
000400000010A600,CTR-JF4P,Fishdom H2O: Hidden Odyssey,EUR
0004000000103200,CTR-BWNJ,Wannyan Pet Shop,JPN
0004000000103200,CTR-BWNJ,Wannyan Pet Shop (Rev02),JPN
0004000000030600,CTR-AMKJ,Mario Kart 7 (Rev02),JPN
000400000012FA00,CTR-BJWJ,Dolly Kanon Dokidoki Tokimeki Himitsu no Ongaku Katsudou Start Desu!!,JPN
00040000000CEF00,CTR-JS2P,Swords & Soldiers 3D,EUR
0004000000093100,CTR-JSSP,Samurai Sword Destiny,EUR
0004000000141E00,CTR-KMDP,MindFeud,EUR
0004000000152B00,CTR-BGYJ,Rilakkuma Nakayoshi Collection,JPN
0004000000154E00,CTR-BNAJ,Boku wa Koukuu Kanseikan: Airport Hero 3D - Narita All Stars,JPN
0004000000052100,CTR-JF2P,Fun! Fun! Minigolf Touch!,EUR
0004000000033600,CTR-AQEP,The Legend of Zelda: Ocarina of Time 3D (Rev01),EUR
00040000000AD300,CTR-JA2P,Hydroventure: Spin Cycle,EUR
000400000008A900,CTR-JMAP,Mad Dog McCree,EUR
0004000000132300,CTR-JVHP,Van Helsing sniper Zx100,EUR
000400000012B600,CTR-JN4J,Nekketsu Mahou Monogatari,JPN
000400000014A900,CTR-BSAJ,Soroban - Anzan - Flash Anzan Kanzenhan,JPN
00040000000BC200,CTR-JAPP,Aero Porter,EUR
000400000008C200,CTR-JEVP,escapeVektor,EUR
000400000008F000,CTR-JABP,Art of Balance TOUCH!,EUR
00040000000F7600,CTR-JPMP,"Chibi-Robo! Lets Go, Photo!",EUR
0004000000124C00,CTR-JK9P,Tiny Games: Knights & Dragons,EUR
00040000000AF200,CTR-JSGP,Samurai G,EUR
0004000000148400,CTR-JWMP,Comic Workshop,EUR
0004000000149700,CTR-JEQP,Painting Workshop,EUR
00040000000BB500,CTR-JPQJ,Club Nintendo Picross,JPN
0004000000153400,CTR-KXXJ,Club Nintendo Picross Plus,JPN
00040000000E8C00,CTR-JWHJ,Majo to Yuusha,JPN
00040000000FF900,CTR-QA5J,Super Mario Bros. Deluxe,JPN
0004000000124300,CTR-JQ7P,Cubit: The Hardcore Platformer Robot,EUR
00040000000B7400,CTR-JRGP,Rage of the Gladiator,EUR
000400000013BF00,CTR-JWJP,Parking Star 3D,EUR
00040000000F7400,CTR-JC2P,Coaster Creator 3D,EUR
00040000000E7300,CTR-JAQP,10-in-1: Arcade Collection,EUR
0004000000092200,CTR-JH4P,Sudoku by Nikoli,EUR
00040000000ED000,CTR-JWKP,Wakedas,EUR
00040000000FB700,CTR-JCRJ,Colors! 3D,JPN
0004000000077E00,CTR-JD8J,Denpa Ningen no RPG,JPN
00040000000B1A00,CTR-JPXP,PIX3D,EUR
000400000010A400,CTR-JANP,Angry Bunnies,EUR
000400000010A500,CTR-JB8P,Bubble Pop World,EUR
0004000000117C00,CTR-JZNP,Color Zen,EUR
0004000000127000,CTR-JZKP,Color Zen Kids,EUR
000400000010A300,CTR-JZ2P,My Style Studio Hair Salon,EUR
000400000015FB00,CTR-KFGP,Monster Hunter 4 Ultimate (DEMO),EUR
00040000000F4F00,CTR-BC6J,Kenka Banchou 6: Soul & Blood,JPN
0004000000033400,CTR-AQEJ,Zelda no Densetsu: Toki no Ocarina 3D (Rev01),JPN
0004000000072700,CTR-JMFP,Mighty Switch Force!,EUR
00040000000C6B00,CTR-JMGP,Mighty Switch Force! 2,EUR
0004000000117500,CTR-JPRP,Vacation Adventures: Park Ranger,EUR
0004000000143800,CTR-KVAP,Vacation Adventures: Park Ranger 2,EUR
00040000000A9900,CTR-JMNP,Crazy Chicken: Pirates 3D,EUR
0004000000060F00,CTR-JA9P,Pyramids,EUR
000400000007AC00,CTR-JELP,SpeedThru: Potzols Puzzle,EUR
00040000000CBB00,CTR-JPDP,Picdun 2: Witchs Curse,EUR
00040000000F2000,CTR-JAJP,Brunch Panic,EUR
0004000000091800,CTR-JSJP,Sweet Memories Blackjack,EUR
0004000000117900,CTR-JRYP,Quell Reflect,EUR
00040000000BC600,CTR-JLLP,Hana Samurai: Art of the Sword,EUR
00040000000A7100,CTR-JB9P,Balloon Pop Remix,EUR
00040000000B0E00,CTR-JDNP,Dot Runner: Complete Edition,EUR
0004000000054E00,CTR-SAEP,3D Classics: Excitebike,EUR
000400000012C300,CTR-JVMP,Best of Mahjong,EUR
000400000012C400,CTR-JVTP,Best of Solitaire,EUR
000400000008C900,CTR-JMVP,Marvel Pinball 3D,EUR
000400000006A200,CTR-JENP,Zen Pinball 3D,EUR
0004000000159300,CTR-KPBP,PuzzleBox setup,EUR
000400000012D000,CTR-JBBP,Bit Boy!! ARCADE,EUR
00040000000DD800,CTR-AFAP,FISH ON 3D,EUR
00040000000BB200,CTR-JDPP,Dress To Play: Cute Witches!,EUR
00040000000EB300,CTR-JA8P,Dress To Play: Magic Bubbles!,EUR
000400000014F400,CTR-JCMP,Monster Combine TD,EUR
0004000000154100,CTR-AFJJ,LEGO Movie: The Game,JPN
0004000000154000,CTR-BFKJ,Sega 3D Fukkoku Archives,JPN
000400000009AC00,CTR-JCVF,Deco Photo 3D,FRA
00040000000DE100,CTR-JLMP,Lolas Math Train,EUR
0004000000147400,CTR-JZGP,Undead Bowling,EUR
00040000000A7D00,CTR-JSXP,SpeedX 3D,EUR
00040000000EA800,CTR-JSYP,SpeedX 3D Hyper Edition,EUR
00040000000FCC00,CTR-JR3P,Rabi Laby 3,EUR
0004000000111A00,CTR-JKVP,Kung Fu Rabbit,EUR
0004000000132C00,CTR-KSFP,Siesta Fiesta,EUR
000400000014F700,CTR-KDKP,Demon King Box,EUR
0004000000060E00,CTR-JBFP,Block Factory,EUR
0004000000150A00,CTR-BCLP,Imagine Collection,EUR
00040000000A6D00,CTR-JCDP,Castle Conqueror Defender,EUR
0004000000143900,CTR-KCWP,Christmas Wonderland 4,EUR
0004000000131C00,CTR-BLLJ,The Legend of Legacy,JPN
000400000008D100,CTR-JBBE,Bit Boy!! ARCADE,USA
0004000000092600,CTR-JCKE,Deer Hunting King,USA
00040000000AE500,CTR-JAFE,Outdoors Unleashed: Africa 3D,USA
00040000000C1500,CTR-JWAE,Wild Adventures: Ultimate Deer Hunt 3D,USA
0004000000157A00,CTR-JVNP,3D After Burner II,EUR
00040000000F0C00,CTR-JDDP,101 Dino Pets 3D,EUR
0004000000117700,CTR-JP8P,101 Penguin Pets 3D,EUR
0004000000157100,CTR-JHDP,101 Pony Pets 3D,EUR
0004000000110F00,CTR-JCUP,Castle Clout 3D,EUR
0004000000158700,CTR-KFRE,Fairune,USA
00040000000BCB00,CTR-JUEE,Tokyo Crash Mobs,USA
00040000000EBA00,CTR-JZGE,Undead Bowling,USA
000400000007FF00,CTR-JZSE,Zombie Slayer Diox,USA
000400000014E200,CTR-KHZP,Hazumi,EUR
000400000011C700,CTR-JBZP,BearShark,EUR
0004000000136E00,CTR-JUYP,Citizens of Earth,EUR
00040000000B7A00,CTR-JHHE,Johnny HotShot,USA
0004000000090000,CTR-JKFE,Johnny Kung Fu,USA
0004000000123E00,CTR-JXNE,Strike Force Foxx,USA
000400000009EA00,CTR-JTLE,Turtle Tale (v1),USA
00040000000F9700,CTR-JKUJ,Order Land!,JPN
000400000015A900,CTR-AL5J,LEGO Marvel Super Heroes: The Game,JPN
0004000000031B00,CTR-AWAJ,Pilotwings Resort (Rev01),JPN
0004000000116300,CTR-JSRP,Banana Bliss: Jungle Puzzles,EUR
00040000000F0F00,CTR-JGPP,Governor of Poker,EUR
00040000000E8200,CTR-JRRP,Groove Heaven,EUR
00040000000ECB00,CTR-JMYP,Skater Cat,EUR
00040000000E5A00,CTR-JRQP,Robot Rescue 3D,EUR
00040000000C3A00,CTR-ADXJ,Devil Survivor 2: Break Record,JPN
0004000000154300,CTR-KSLE,Space Lift Danger Panic!,USA
0004000000124800,CTR-JZQE,Undead Storm Nightmare,USA
000400000008CC00,CTR-JCVP,Sparkle Snapshots 3D,EUR
000400000012C100,CTR-JUYE,Citizens of Earth,USA
000400000010A700,CTR-JC5P,The Mysterious Cities of Gold: Secret Paths (V1),EUR
000400000015CE00,CTR-JWGP,Gunman Clive 2,EUR
0004000000134600,CTR-JWVJ,Home Menu Kazareru Badge Toreru Center,JPN
0004000000154800,CTR-BPNE,SpongeBob HeroPants,USA
0004000000157900,CTR-BCRJ,Ace Combat 3D: Cross Rumble+,JPN
0004000000134300,CTR-BL2J,Lost Heroes 2,JPN
0004000000144600,CTR-AYPJ,Yowamushi Pedal: Ashita e no High Cadence,JPN
00040000000D6800,CTR-JLHE,League of Heroes,USA
000400000015F100,CTR-KDZE,Drop Zone: Under Fire,USA
0004000000139700,CTR-BH6P,Disney Big Hero 6: Battle in the Bay,UKV
0004000000146C00,CTR-BL3J,Lost Heroes 2 (Premium Edition),JPN
00040000000B1000,CTR-JHFP,Heavy Fire: Special Operations 3D,EUR
00040000000FBE00,CTR-JHVP,Heavy Fire: Black Arms 3D,EUR
000400000010AF00,CTR-JSAP,Shantae and the Pirates Curse,EUR
0004000000125600,CTR-AJRP,The Legend of Zelda: Majoras Mask 3D,EUR
0004000000126100,CTR-BFGP,Monster Hunter 4 Ultimate,EUR
00040000000C6600,CTR-JKZE,Flipnote Studio 3D,USA
00040000000C9200,CTR-JKAJ,Layton Kyouju to Kiseki no Kamen+,JPN
0004000000077F00,CTR-JR3J,Rabi x Rabi: Episode 3,JPN
00040000000B6900,CTR-JYPJ,Onna Katei Kyoushi Jitka-sensei to Misshitsu ni Itara Marumaru Shichau Kamoshirenai,JPN
00040000000E9200,CTR-JD4J,@Simple DL Series Vol. 12: The Dasshutsu Game - Kiken na 5-tsu no Misshitsu,JPN
00040000000E9300,CTR-JD5J,@Simple DL Series Vol. 14: The Dasshutsu Game - Uragiri no Misshitsu,JPN
000400000015AE00,CTR-AJRP,The Legend of Zelda: Majoras Mask 3D (DEMO),EUR
000400000015A300,CTR-BCRP,Ace Combat: Assault Horizon Legacy+,EUR
0004000000153C00,CTR-BPNP,SpongeBob HeroPants,EUR
0004000000129600,CTR-JYSP,AiRace Xeno,EUR
00040000000D6E00,CTR-AJRJ,Zelda no Densetsu: Majora no Kamen 3D (Rev01),JPN
00040000000BCE00,CTR-JT4P,2 Fast 4 Gnomz,EUR
00040000000C1700,CTR-JARP,AiRace Speed,EUR
0004000000153E00,CTR-KSLP,Space Lift Danger Panic!,EUR
00040000000ED300,CTR-JT8P,Tangram Style,EUR
0004000000155900,CTR-JZQP,Undead Storm Nightmare,EUR
00040000000F2E00,CTR-JH8P,Happy Circus,EUR
0004000000160300,CTR-KMZE,KAMI,USA
000400000014F800,CTR-BS7J,Nanatsu no Taizai: The Seven Deadly Sins - Unjust Sin,JPN
0004000000126300,CTR-BFGE,Monster Hunter 4 Ultimate,USA
0004000000146800,CTR-KTAE,Tangram Attack,USA
0004000000152400,CTR-JF8P,3D Fantasy Zone,EUR
000400000009AB00,CTR-JCVD,Foto-Zauber 3D,GER
0004000000125500,CTR-AJRE,The Legend of Zelda: Majoras Mask 3D,USA
0004000000162C00,CTR-MBXJ,Grandpa Carls Flying House 3D,JPN
0004000000164900,CTR-MBTJ,Sugar Rush 3D,JPN
00040000000D1E00,CTR-JB7J,Mario and Donkey Kong: Mini Mini Carnival,JPN
0004000000139900,CTR-KPZJ,Shinobi no Pazuru,JPN
000400000014F900,CTR-BKVJ,DoraMoji: Nobita no Kanji Daisakusen,JPN
0004000000162800,CTR-KHNJ,Hippariinya,JPN
0004000000164C00,CTR-KMZJ,Kami,JPN
000400000015DB00,CTR-JLHJ,League of Heroes,JPN
0004000000156100,CTR-KMTJ,Mercenaries Saga 2,JPN
0004000000154900,CTR-BFFP,Flap Flap,EUR
0004000000118300,CTR-BFDJ,Sekaiju To Fushigi no Dungeon,JPN
0004000000154700,CTR-AA8J,LEGO City Undercover: The Chase Begins,JPN
00040000000E8800,CTR-JGCJ,Gunman Story,JPN
0004000000164B00,CTR-JWGJ,Gunman Story 2,JPN
0004000000122A00,CTR-BM2P,2 in 1: Horses 3D Vol.3: My Riding Stables 3D - Jumping for the Team and My Western Horse 3D,EUR
00040000000A2E00,CTR-JK3P,Family Tennis 3D,EUR
00040000000C2300,CTR-JKTP,Family Kart 3D,EUR
000400000015F300,CTR-JUZP,Zombie Incident,EUR
0004000000155B00,CTR-BC5P,Cooking Mama: Bon Appetit!,EUR
000400000012DB00,CTR-AHRE,Fossil Fighters: Frontier,USA
0004000000155C00,CTR-BGMP,Gardening Mama: Forest Friends,EUR
0004000000120A00,CTR-AVNJ,Marvel Disk Wars: Avengers - Ultimate Heroes,JPN
00040000000EDF00,CTR-AXCE,Super Smash Bros. for Nintendo 3DS (Rev02),USA
0004000000152500,CTR-BC3J,Kiniro no Corda 3: Full Voice Special,JPN
0004000000138000,CTR-BTPJ,Shin Tennis no Oujisama: Go to the top,JPN
000400000015E300,CTR-BS5J,Doraemon: Nobita no Uchuu Eiyuuki,JPN
000400000015B700,CTR-BMEP,Best Friends: My Horse 3D,EUR
0004000000160500,CTR-JTZJ,The Sky Fighters: Thorium Sensou,JPN
0004000000152900,CTR-BKLJ,Ansatsu Kyoushitsu: Koro-sensei Daihouimou!!,JPN
0004000000157F00,CTR-JYRP,3D OutRun,EUR
0004000000138900,CTR-KPRP,Proun+,EUR
0004000000132500,CTR-AY6A,Code Name: S.T.E.A.M.,USA
000400000011EC00,CTR-BMRP,2 in 1 : Horses 3D Vol.2: Rivals in the Saddle and Jumping for the Team 3D,EUR
000400000015A200,CTR-KLLP,OlliOlli,EUR
0004000000165300,CTR-KMEP,Music on: Electric Guitar,EUR
000400000012C900,CTR-JYLJ,Mario vs. Donkey Kong: Minna de Mini-Land,JPN
000400000015EE00,CTR-BNCP,Navy Commander,EUR
0004000000160F00,CTR-JFNE,Adventure Bar Story,USA
000400000012C800,CTR-JYLE,Mario vs. Donkey Kong: Tipping Stars,USA
0004000000159400,CTR-SPDE,3D Visual Experience,USA
0004000000164400,CTR-KPFE,50 Pinch Barrage!!,USA
0004000000123700,CTR-JCTE,Chat-A-Lot,USA
0004000000158500,CTR-JEFE,Excave,USA
0004000000154200,CTR-JRZE,Iron Combat: War in the Air,USA
0004000000143500,CTR-KCPE,Mes Comptines,USA
0004000000119600,CTR-JZDE,Quell Memento,USA
000400000013ED00,CTR-KSJE,Secret Journeys: Cities of the World,USA
0004000000126F00,CTR-JULE,Soccer Up Online,USA
0004000000148600,CTR-KRNE,Ive Got To Run: Complete Edition!,USA
000400000013FB00,CTR-KFSE,Pong Pong Candy,USA
000400000014E700,CTR-BLSZ,LEGO Ninjago: Schatten des Ronin,GER
000400000015EE00,CTR-BNCP,Navy Commander,EUR
0004000000124400,CTR-BLNZ,LEGO Ninjago: Nindroids,FRA
0004000000150800,CTR-KTME,Toys Vs Monsters,USA
000400000012AA00,CTR-BTMY,LEGO Batman 3: Beyond Gotham,FRA
0004000000102100,CTR-AFJF,The LEGO Movie Videogame,FRA
0004000000142100,CTR-BTSE,Story of Seasons,USA
0004000000136D00,CTR-ARAP,Inazuma Eleven GO: Chrono Stones - Thunderflash,EUR
0004000000136C00,CTR-ANPP,Inazuma Eleven GO: Chrono Stones - Wildfire,EUR
000400000014EB00,CTR-BLSE,LEGO Ninjago: Shadow of Ronin,USA
0004000000161D00,CTR-AJTP,Jet Dog,EUR
0004000000140000,CTR-BTQJ,Theatrhythm Dragon Quest,JPN
000400000015E800,CTR-BPAJ,PriPara & Pretty Rhythm: PriPara de Tsukaeru Oshare Item 1450!,JPN
000400000014E800,CTR-BLSY,LEGO Ninjago: L Ombre de Ronin,FRA
000400000015E500,CTR-AK5J,Kuroko no Basuke: Mirai e no Kizuna,JPN
000400000015E400,CTR-BF4J,Nashijiru Busha!! Funassyi vs Dragons,JPN
0004000000157000,CTR-BKYP,Hello Kitty and Sanrio Friends 3D Racing,EUR
0004000000134D00,CTR-BMXP,2 in 1 : Life with Horses 3D + My Baby Pet Hotel 3D,EUR
0004000000064200,CTR-JEXJ,Picross e,JPN
0004000000084600,CTR-JP2J,Picross e2,JPN
00040000000EEA00,CTR-JETJ,Picross e3,JPN
000400000010F000,CTR-JEPJ,Picross e4,JPN
00040000000DC400,CTR-JLHP,League of Heroes,EUR
0004000000061900,CTR-AE2I,Pro Evolution Soccer 2012 3D,ITA
000400000010AE00,CTR-JWCP,World Conqueror 3D,EUR
000400000F700200,KTR-CAFP,Xenoblade Chronicles 3D (N3DS Only),EUR
000400000F700000,KTR-CAFJ,Xenoblade (N3DS Only),JPN
0004000000030400,CTR-ANRJ,Star Fox 64 3D (Rev03),JPN
0004000000165700,CTR-KMGP,Mighty Gunvolt,EUR
000400000015FE00,CTR-JFNP,Adventure Bar Story,EUR
000400000012AE00,CTR-JEFP,Excave,EUR
0004000000165600,CTR-JV7P,Azure Striker Gunvolt,EUR
000400000015B200,CTR-BFDE,Etrian Mystery Dungeon,USA
0004000000154500,CTR-JCPE,BOXBOY!,USA
000400000013F600,CTR-KGGP,Glory of Generals,EUR
00040000000C0700,CTR-JSHP,3D Space Harrier,EUR
000400000014A600,CTR-BM6P,My Pet School 3D,EUR
0004000000140B00,CTR-BFMJ,Terra Formars: Akaki Hoshi no Gekitou,JPN
0004000000107C00,CTR-JPME,Chibi-Robo! Photo Finder,USA
00040000000BBE00,CTR-JKSE,Liberation Maiden,USA
000400000007FD00,CTR-JVVE,VVVVVV,USA
000400000F700100,KTR-CAFE,Xenoblade Chronicles 3D (N3DS Only),USA
000400000009B300,CTR-JD9E,Cave Story,USA
00040000000F1400,CTR-AGKE,Phoenix Wright: Ace Attorney - Dual Destinies,USA
000400000008C400,CTR-EC6P,Tomodachi Life (Rev01),EUR
0004000000167B00,CTR-KPBJ,Puzzle Bottle,JPN
0004000000163D00,CTR-KRHJ,Radio Hammer,JPN
0004000000125E00,CTR-JWXJ,Samurai Defender,JPN
0004000000163600,CTR-KS3J,@Simple DL Series Vol. 36: The Misshitsukara no Dasshutsu: Tabi wa Michidzure! Tetsudou-Hen,JPN
0004000000156900,CTR-KJSJ,@Simple DL Series Vol. 37: The Kyojin,JPN
0004000000167A00,CTR-JZPJ,Zombie Panic in Wonderland DX,JPN
0004000000162D00,CTR-BTMJ,LEGO Batman 3: The Game - Gotham kara Uchuu e,JPN
00040000000C3C00,CTR-AR6J,Rodea the Sky Soldier,JPN
000400000015F700,CTR-KYAJ,Bokura no Nanokakan Sensou: Yuujou Adventure,JPN
000400000012E000,CTR-JZPP,Zombie Panic in Wonderland DX,EUR
0004000000153B00,CTR-AALP,A-Train 3D: City Simulator,EUR
00040000000DC200,CTR-JA7P,3D Altered Beast,EUR
0004000000161500,CTR-KHBP,Heart Beaten,EUR
0004000000153A00,CTR-JRZP,Iron Combat: War in the Air,EUR
0004000000117600,CTR-JTPP,Tappingo,EUR
00040000000DE300,CTR-JDLP,3D Ecco the Dolphin,EUR
0004000000148500,CTR-KC2P,The Legend of Dark Witch: Chronicle 2D ACT,EUR
000400000014DD00,CTR-BLSP,LEGO Ninjago: Shadow of Ronin,EUR
0004000000157E00,CTR-BJLP,Jewel Link Double Pack: Safari Quest & Atlantic Quest,EUR
0004000000154600,CTR-JCPP,BOXBOY!,EUR
000400000011C100,CTR-JCTP,Chat-A-Lot,EUR
00040000000DE400,CTR-JRAP,3D Streets of Rage,EUR
0004000000158100,CTR-JFCP,3D Fantasy Zone II W,EUR
00040000000DAE00,CTR-JL8P,Super Little Acorns 3D Turbo,EUR
00040000000DC800,CTR-BSEJ,Bravely Second: End Layer,JPN
0004000000162A00,CTR-KDYJ,Dasshutsu Adventure: Noroi no Suuretsu,JPN
0004000000166000,CTR-JHDJ,Pony Pet 3D,JPN
0004000000169B00,CTR-KHYJ,Shin Hyu Stone,JPN
0004000000167D00,CTR-JZDJ,Shizuku Memory,JPN
0004000000156800,CTR-KJKJ,@Simple DL Series Vol. 38: The Item Sagashi - Joshikousei Tantei Shinjitsu no Jikenbo,JPN
0004000000154400,CTR-BPZP,Pazuru,EUR
0004000000162500,CTR-KSRJ,3D Bare Knuckle II: Shitou e no Chinkon Uta,JPN
0004000000160A00,CTR-KGCJ,Minna no Decoration Card,JPN
0004000000162100,CTR-KZBJ,Nikki no Tabisuru Quiz,JPN
0004000000162900,CTR-KTBJ,Touch Battle Tank 3D-3,JPN
0004000000162300,CTR-AZMJ,Puzzle & Dragons: Super Mario Bros. Edition,JPN
0004000000166200,CTR-JTME,Runny Egg,USA
000400000015C500,CTR-JEJE,Excave II: Wizard Of The Underworld,USA
0004000000166100,CTR-KDRE,DOOORS,USA
0004000000159500,CTR-ADXE,Shin Megami Tensei: Devil Survivor 2 Record Breaker,USA
000400000012D800,CTR-ECDJ,Girls Mode 3: Kirakira * Code,JPN
0004000000152800,CTR-BRSJ,Raishi,JPN
000400000014AC00,CTR-BDYJ,Future Card Buddy Fight: Yuujou no Jounetsu Fight!,JPN
000400000012CA00,CTR-JYLP,Mario vs. Donkey Kong: Tipping Stars,EUR
00040000000EE000,CTR-AXCP,Super Smash Bros. for Nintendo 3DS (Rev01),EUR
0004000000137800,CTR-AZGP,Puzzle & Dragons Z + Puzzle & Dragons: Super Mario Bros. Edition,EUR
0004000000147B00,CTR-JVQP,Dededes Drum Dash Deluxe,EUR
00040000000C3000,CTR-JYJP,Snow Moto Racing 3D,EUR
0004000000147F00,CTR-JVXP,Kirby Fighters Deluxe,EUR
000400000012D000,CTR-JBBP,Bit Boy!! ARCADE (v1),EUR
0004000000136E00,CTR-JUYP,Citizens of Earth (v1),EUR
00040000000B4F00,CTR-JAUP,Fallblox,EUR
0004000000096200,CTR-JNSP,NightSky,EUR
0004000000053F00,CTR-AREP,Super Mario 3D Land (Rev01),EUR
0004000000169100,CTR-KBKP,Bloo Kid 2,EUR
0004000000166900,CTR-BKAJ,Boku wa Koukuu Kanseikan: Airport Hero 3D - Haneda All Stars,JPN
000400000008C300,CTR-EC6E,Tomodachi Life (Rev01),USA
00040000000AF700,CTR-APRP,LEGO Legends of Chima: Lavals Journey (Rev01),EUR
0004000000073C00,CTR-AM3Z,My Foal 3D (Rev01),EUR
000400000016B600,CTR-KPMP,Puzzle & Dragons Z + Puzzle & Dragons: Super Mario Bros. Edition (DEMO),EUR
0004000000169400,CTR-JXQJ,Dynamite Johnny,JPN
0004000000162B00,CTR-KSBJ,The Legend of Kusakari: Shiba Kari no Densetsu,JPN
0004000000132500,CTR-AY6A,Code Name: S.T.E.A.M.,EUR
000400000015E900,CTR-BM5J,Minarai Majo to Mocomoco Friends,JPN
0004000000153F00,CTR-BFCJ,Nashijiru Action! Funassyi no Yukai na Ohanassyi,JPN
0004000000132500,CTR-AY6A,Code Name: S.T.E.A.M.: Lincoln VS Aliens,JPN
00040000000A9000,CTR-ACLP,New Style Boutique (Rev01),EUR
0004000000102B00,CTR-AL5Y,LEGO Marvel Super Heroes: Universe in Peril,USA
0004000000158200,CTR-JT7P,3D Thunder Blade,EUR
00040000000F2100,CTR-JD7P,Darts Up 3D,EUR
000400000014DA00,CTR-KBMP,Battleminer (v2),EUR
00040000000C2F00,CTR-JMTP,Aqua Moto Racing 3D,EUR
00040000000F5C00,CTR-AL5S,LEGO Marvel Super Heroes: Universe in Peril,SPA
0004000000102200,CTR-AFJS,The LEGO Movie Videogame,SPA
0004000000033500,CTR-AQEE,The Legend of Zelda: Ocarina of Time 3D (Rev01),USA
000400000012C100,CTR-JUYE,Citizens of Earth (v1),USA
0004000000138F00,CTR-BHDE,Phoenix Wright: Ace Attorney Trilogy,USA
0004000000115100,CTR-JBKE,Weapon Shop de Omasse,USA
000400000016FC00,CTR-KAKJ,Gekidou! Arbeiter Koji,JPN
0004000000097A00,CTR-AQLI,Ice Age 4: Continental Drift - Arctic Games,ITA
0004000000031100,CTR-ADBP,Nintendogs + Cats: French Bulldog & New Friends (Rev01),EUR
0004000000030C00,CTR-ADAP,Nintendogs + Cats: Golden Retriever & New Friends,EUR
0004000000030C00,CTR-ADAP,Nintendogs + Cats: Golden Retriever & New Friends (Rev02),EUR
0004000000053F00,CTR-AREP,Super Mario 3D Land (Rev02),EUR
00040000000AF400,CTR-ANGP,Angry Birds Trilogy,EUR
000400000015E600,CTR-BNJJ,Downtown Nekketsu Jidaigeki,JPN
0004000000145400,CTR-AHRD,Fossil Fighters: Frontier,GER
0004000000031D00,CTR-AWAP,Pilotwings Resort (Rev01),EUR
0004000000164300,CTR-BKKE,Lord of Magna: Maiden Heaven,USA
0004000000137700,CTR-AZGE,Puzzle & Dragons Z + Puzzle & Dragons: Super Mario Bros. Edition,USA
000400000013BB00,CTR-AX8A,Dr. Mario Gyakuten! Tokkouyaku & Saikin Bokumetsu,WLD
000400000015DF00,CTR-KLKJ,Killca Drive,JPN
000400000015DA00,CTR-KNSJ,Tobidasu! Nyanko Daisensou,JPN
0004000000031500,CTR-ADCJ,Nintendogs + Cats: Toy Poodle & New Friends (Rev02),JPN
000400000015EA00,CTR-BQRJ,Tribe Cool Crew: The G@me,JPN
000400000014A800,CTR-BRXJ,Hatsune Miku: Project Mirai Deluxe,JPN
0004000000031600,CTR-ADCP,Nintendogs + Cats: Toy Poodle & New Friends (Rev02),EUR
0004000000164F00,CTR-ATJJ,Tetsudou Nippon! Rosen Tabi: Ohmi Tetsudou Hen,JPN
000400000011C600,CTR-JR8A,Pokemon Battle Trozei,WLD
0004000000144500,CTR-BS3J,Stella Glow,JPN
000400000015CB00,CTR-BRAJ,Shin Rorona no Atelier: Hajimari no Monogatari - Arland no Renkinjutsushi,JPN
0004000000155A00,CTR-BPJJ,Rhythm Tengoku: The Best+,JPN
000400000016A200,CTR-KPRJ,Loop Line Racing,JPN
0004000000170100,CTR-JVHJ,Vampire Sniper,JPN
0004000000159A00,CTR-BLJZ,LEGO Jurassic World,GER
0004000000163C00,CTR-BDVJ,Dragon Ball Z: Chou Kyuukyoku Butouden,JPN
0004000000098700,CTR-AWRP,Wreck-It Ralph,EUR
00040000000EF000,CTR-JDRJ,Denpa Ningen no RPG 3,JPN
0004000000159900,CTR-BLJP,LEGO Jurassic World,EUR
000400000015B000,CTR-BLJE,LEGO Jurassic World,USA
0004000000169700,CTR-ATXP,My Zoo: Vet Practice 3D,EUR
00040000000F3F00,CTR-BPPJ,PoPoLoCrois: Bokujou Monogatari,JPN
0004000000139A00,CTR-KRRJ,Cororoke no Mori Poitto,JPN
0004000000139F00,CTR-KGNJ,Gu-nyan,JPN
000400000012BE00,CTR-AVMP,Harvest Moon: The Lost Valley,EUR
0004000000159B00,CTR-BLJY,LEGO Jurassic World,FRA
000400000012DD00,CTR-BFYJ,Fire Emblem if: Anya Oukoku,JPN
000400000012DC00,CTR-BFXJ,Fire Emblem If: Byakuya Oukoku,JPN
0004000000168900,CTR-AGPP,Garfield Kart,EUR
0004000000168E00,CTR-BPLP,Paddington: Adventures In London,EUR
0004000000168B00,CTR-AYRP,Yakari: The Mystery Of Four Seasons,EUR
0004000000162600,CTR-KGHJ,3D Gunstar Heroes,JPN
000400000016FD00,CTR-JMDJ,Mud Attack! Max Vs Dorodoro Seijin,JPN
0004000000148400,CTR-JWMP,Comic Workshop (v1),EUR
0004000000149700,CTR-JEQP,Painting Workshop (v1),EUR
0004000000166F00,CTR-KW2P,Comic Workshop 2,EUR
000400000016AC00,CTR-JWXE,Samurai Defender,USA
00040000000B7C00,CTR-JSTE,Steamworld Dig,USA
000400000015A400,CTR-KLLE,OlliOlli,USA
0004000000167000,CTR-ALWP,I Love My Dogs,EUR
0004000000167100,CTR-ALKP,I Love My Cats,EUR
0004000000068D00,CTR-JCAJ,Hikuosu,JPN
00040000000AAD00,CTR-JAUJ,Hikuotsu,JPN
0004000000164E00,CTR-AKJJ,Kaitou Joker: Toki o Koeru Kaitou to Ushinawareta Houseki,JPN
000400000016C700,CTR-BYAJ,Yo-kai Watch Busters: Akanekodan,JPN
000400000016C600,CTR-BYBJ,Yo-kai Watch Busters: Shiroinutai,JPN
0004000000164D00,CTR-KGDJ,Gourmet Dream,JPN
0004000000152F00,CTR-KP9J,Ping Pong Trick Shot,JPN
0004000000177200,CTR-KPWJ,Ping Pong Trick Shot 2,JPN
000400000012DE00,CTR-BFZJ,Fire Emblem if: Special Edition,JPN
000400000016E200,CTR-BTUJ,Chou Tousouchuu Atsumare! Saikyou no Tousousha-tachi,JPN
000400000015D300,CTR-BUSP,The Smurfs,EUR
0004000000173D00,CTR-KCCJ,Cube Creator 3D,JPN
0004000000092C00,CTR-JUEJ,Gyouretsu NageLoop,JPN
0004000000045600,CTR-APCP,LEGO Pirates of the Caribbean: The Video Game (Rev01),EUR
000400000012AB00,CTR-BTMX,LEGO Batman 3: Beyond Gotham,SPA
000400000011EB00,CTR-BLHX,LEGO The Hobbit,SPA
000400000014AD00,CTR-BDGJ,Dai Gyakuten Saiban: Naruhodou Ryuunosuke no Bouken,JPN
0004000000134200,CTR-BKTJ,Hello Kitty to Sanrio Characters: World Rock Tour,JPN
0004000000168A00,CTR-ALJP,Lucky Luke & The Daltons,EUR
0004000000162700,CTR-KSNJ,3D Sonic The Hedgehog 2,JPN
0004000000176C00,CTR-KG6J,Oh! Gattiman Kyuukyoku no Omega Chinpou to Momige 26,JPN
000400000015F200,CTR-BM9E,Etrian Odyssey 2 Untold: The Fafnir Knight,USA
00040000000E9B00,CTR-AZUJ,Dasshutsu Adventure: Zetsubou Yousai,JPN
000400000014F000,CTR-EDHJ,Doubutsu no Mori: Happy Home Designer,JPN
000400000015E700,CTR-BRGJ,Langrisser Re:Incarnation Tensei,JPN
000400000015D500,CTR-BCPJ,Corpse Party: Blood Covered - Repeated Fear,JPN
000400000016F700,CTR-KPNJ,Puchicon Magazine: Soukangou,JPN
0004000000141D00,CTR-KXSJ,Daigassou! Band Brothers P Debut,JPN
0004000000170900,CTR-BNYJ,Nobunaga no Yabou 2,JPN
0004000000174900,CTR-AWJJ,Wannyan Dobutsu Byouin: Suteki na Juui-San ni Narou!,JPN
0004000000174D00,CTR-BSJJ,San Goku Shi 2,JPN
0004000000170300,CTR-BG5J,Go! Princess PreCure Sugar Oukoku to 6-nin no Princess!,JPN
0004000000170800,CTR-BH3J,HoppeChan: Punitto Shibotte Daibouken!,JPN
0004000000031100,CTR-ADBP,Nintendogs + Cats: French Bulldog & New Friends (Rev02),EUR
000400000015C000,CTR-BCRE,Ace Combat: Assault Horizon Legacy+,USA
000400000004C100,CTR-ATLP,Tetris (Rev01),EUR
0004000000174C00,CTR-AVRJ,Bonbon Ribbon: Tokimeki Coord Kirakira Dance,JPN
0004000000030700,CTR-AMKP,Mario Kart 7 (Rev01),EUR
0004000000146200,CTR-JSZE,Swords & Darkness,USA
000400000015CA00,CTR-JSPE,Ninja Usagimaru: The Gem of Blessings,USA
0004000000161900,CTR-ARJE,Japanese Rail Sim 3D: Journey in Suburbs #1,USA
0004000000169800,CTR-AGPE,Garfield Kart,USA
000400000016B900,CTR-BPLE,Paddington: Adventures in London,USA
00040000000B8F00,CTR-JGCE,Gunman Clive,USA
00040000000B5200,CTR-ALAS,LEGO The Lord of the Rings,SPA
0004000000158C00,CTR-JT7E,3D Thunder Blade,USA
00040000000ED100,CTR-AVHE,Senran Kagura Burst,USA
0004000000127900,CTR-BSRJ,Super Robot Taisen BX,JPN
000400000012E900,CTR-JUZE,Zombie Incident,USA
00040000000D0500,CTR-JRQE,Robot Rescue 3D,USA
0004000000140100,CTR-BTMV,LEGO Batman 3: Beyond Gotham,ITA
0004000000159D00,CTR-BLJV,LEGO Jurassic World,ITA
0004000000147100,CTR-ADNE,LBX: Little Battlers eXperience,USA
000400000015CD00,CTR-BQ8J,Dragon Quest VIII: Sora to Umi to Daichi to Norowareshi Himegimi,JPN
0004000000131F00,CTR-BFRJ,Famicom Remix Best Choice,JPN
000400000016E800,CTR-KP6P,Picross e6,EUR
0004000000152000,CTR-BG2P,Shingeki no Kyojin: Humanity in Chains,EUR
00040000000F8400,CTR-JCXP,Bike Rider DX,EUR
0004000000161100,CTR-JGYP,Bike Rider DX2: Galaxy,EUR
000400000016B100,CTR-KMTP,Mercenaries Saga 2: Order Of The Silver Eagle,EUR
000400000016A500,CTR-JWXP,Samurai Defender,EUR
0004000000055100,CTR-SABP,3D Classics: Xevious,EUR
000400000015B800,CTR-KSRP,3D Streets of Rage II,EUR
00040000000BCC00,CTR-JUEP,Tokyo Crash Mobs,EUR
000400000015F400,CTR-KMZP,KAMI,EUR
000400000010DF00,CTR-JCJP,Squids Odyssey,EUR
000400000016EC00,CTR-JNNP,Ninja Battle Heroes,EUR
0004000000149D00,CTR-BKEP,Karous: The Beast of Re:Eden,EUR
0004000000161000,CTR-KNAE,Angry Video Game Nerd Adventures,USA
000400000015B900,CTR-KGHP,3D Gunstar Heroes,EUR
000400000007A400,CTR-JFQP,Flick Golf 3D,EUR
0004000000167400,CTR-KFPP,Fantasy Pirates,EUR
0004000000175900,CTR-KCCP,Cube Creator 3D,EUR
000400000011D600,CTR-BPSP,Pikmin Short Movies 3D,EUR
000400000014C600,CTR-KXCP,Smash Controller,EUR
0004000000147200,CTR-ADNP,LBX: Little Battlers eXperience,EUR
000400000012F300,CTR-JFKP,Photos with Animal Crossing,EUR
0004000000165800,CTR-BNUP,Senran Kagura 2: Deep Crimson,EUR
000400000013FF00,CTR-BSGJ,Asonde Shogi ga Kyoukunaru! Kane Hoshi Shogi DX,JPN
0004000000168700,CTR-BKQJ,Kobayashi ga Kawai Sugite Tsurai!! Game Demo Kyun Moe MAX ga Tomara Nai,JPN
0004000000176600,CTR-BTYJ,Tetsudou Nippon! Rosen Tabi: Yui Rail Hen,JPN
000400000016EA00,CTR-BFDP,Etrian Mystery Dungeon,EUR
0004000000148C00,CTR-BRXE,Hatsune Miku: Project Mirai DX,USA
0004000000165800,CTR-BNUP,Senran Kagura 2: Deep Crimson,EUR
0004000000124600,CTR-BLNX,LEGO Ninjago: Nindroids,SPA
0004000000148900,CTR-BRXP,Hatsune Miku: Project Mirai DX,EUR
0004000000165000,CTR-BNUE,Senran Kagura 2: Deep Crimson,USA
00040000000C8D00,CTR-AH5P,Monster High: Skultimate Roller Maze (Rev01),EUR
000400000016AE00,CTR-BL5P,Skylanders SuperChargers Racing,EUR
0004000000176B00,CTR-BTNP,Teenage Mutant Ninja Turtles: Master Splinters Training Pack,EUR
0004000000166E00,CTR-BARJ,MonHun Nikki: Poka Poka Airu Mura DX,JPN
0004000000154D00,CTR-AULJ,Atelier Deco La Doll Collection,JPN
0004000000159C00,CTR-BLJX,LEGO Jurassic World,SPA
0004000000044800,CTR-AF2D,Fifa 12 (Rev01),GER
000400000014F100,CTR-EDHE,Animal Crossing: Happy Home Designer,USA
000400000014F200,CTR-EDHP,Animal Crossing: Happy Home Designer,EUR
0004000000170600,CTR-BLSJ,LEGO Ninjago: Ronin no Kage,JPN
0004000000149B00,CTR-BPXJ,Pokemon Chou Fushigi no Dungeon,JPN
0004000000169A00,CTR-BBPJ,Katachi Shin Hakken! Rittai Picross 2,JPN
000400000017C300,CTR-BTBP,Thomas and Friends: Steaming around Sodor,EUR
000400000016F100,CTR-BY5E,Are You Smarter Than a 5th Grader?,USA
0004000000169600,CTR-BDVP,Dragon Ball Z: Extreme Butoden,EUR
0004000000169E00,CTR-BP5J,Pro Yakyuu Famista Returns,JPN
0004000000163000,CTR-BXLE,Chibi-Robo! Zip Lash,USA
000400000016DB00,CTR-BLLE,The Legend of Legacy,USA
0004000000160200,CTR-BBME,Goosebumps: The Game,USA
0004000000152600,CTR-BXLJ,Nagenawa Action! Guru Guru! Chibi Robo!,JPN
0004000000160900,CTR-BUSE,The Smurfs,USA
0004000000177000,CTR-EA3P,The Legend of Zelda: Tri Force Heroes,EUR
0004000000176E00,CTR-EA3J,Zelda no Densetsu: Tri Force 3-Juushi,JPN
0004000000149100,CTR-AGFE,Gravity Falls: Legend of the Gnome Gemulets,USA
0004000000176F00,CTR-EA3E,The Legend of Zelda: Tri Force Heroes,USA
000400000016CD00,CTR-BDVE,Dragon Ball Z: Extreme Butoden,USA
0004000000116000,CTR-BBTD,Bibi & Tina: Das Spiel zum Kinofilm! (Rev01),GER
0004000000049100,CTR-ANRP,Star Fox 64 3D (Rev03),EUR
000400000014A000,CTR-BHFP,My Life on a Farm 3D (Rev01),EUR
000400000008C400,CTR-EC6P,Tomodachi Life (Rev02),EUR
000400000015F000,CTR-BFNE,Adventure Time: Finn & Jake Investigations,USA
000400000017C900,CTR-AKSP,Shovel Knight,EUR
000400000014D900,CTR-AGFP,Gravity Falls: Legend of the Gnome Gemulets,EUR
000400000017AF00,CTR-BPEP,The Peanuts Movie: Snoopys Grand Adventure,EUR
0004000000161A00,CTR-BFNP,Adventure Time: Finn & Jake Investigations,EUR
0004000000162F00,CTR-BXLP,Chibi-Robo! Zip Lash,EUR
000400000014E900,CTR-BLSX,LEGO Ninjago: La Sombra de Ronin,SPA
000400000017E100,CTR-AKSE,Shovel Knight,USA
0004000000169900,CTR-BPEE,The Peanuts Movie: Snoopys Grand Adventure,USA
0004000000176000,CTR-BRQE,Barbie & Her Sisters: Puppy Rescue,USA
0004000000167700,CTR-AYWE,Yo-Kai Watch,USA
000400000016B000,CTR-BHKP,Hello Kitty And The Apron Of Magic: Rhythm Cooking,EUR
0004000000168C00,CTR-ADNZ,LBX: Little Battlers eXperience,EUR
0004000000043E00,CTR-ABMJ,Biohazard: The Mercenaries 3D (Rev01),JPN
0004000000091000,CTR-AHQJ,Devil Summoner: Soul Hackers (Rev01),JPN
0004000000115400,CTR-BD7J,7th Dragon III Code: VFD,JPN
0004000000178300,CTR-APJJ,PriPara Mezase! Idol * Grand Prix No.1!,JPN
0004000000175600,CTR-BH4P,Horse Life 4,EUR
0004000000169500,CTR-AR6P,Rodea the Sky Soldier,EUR
0004000000168800,CTR-AR6E,Rodea the Sky Soldier,USA
000400000014FC00,CTR-BXPJ,Project X Zone 2: Brave New World (Original Game Sound Edition),JPN
000400000017D600,CTR-BTJJ,Tetsudou Nippon! Rosen Tabi: Joumou Denki Tetsudou Hen,JPN
0004000000155000,CTR-BD2J,Disney Magic Castle: My Happy Life 2,JPN
000400000016E600,CTR-ADXP,Shin Megami Tensei: Devil Survivor 2 Record Breaker,EUR
000400000012EA00,CTR-BKTP,Hello Kitty & Friends: Rock n World Tour,EUR
0004000000185A00,CTR-ECFA,Minna no Pokemon Scramble,JPN
000400000016A100,CTR-ECDP,Nintendo Presents: New Style Boutique 2: Fashion Forward,EUR
0004000000173700,CTR-BS3E,Stella Glow,USA
000400000017B000,CTR-BRQP,Barbie & Her Sisters: Puppy Rescue,EUR
0004000000174600,CTR-BPXE,Pokemon Super Mystery Dungeon,USA
000400000006FB00,CTR-TAHP,NES Open Tournament Golf,EUR
00040000000A2400,CTR-AGAE,Mario Tennis Open (DEMO),USA
000400000015AD00,CTR-AJRE,The Legend of Zelda: Majoras Mask 3D (DEMO),USA
000400000017F200,CTR-BM5E,Moco Moco Friends,USA
000400000016E500,CTR-BMSP,Monster High: New Ghoul in School,EUR
000400000015D400,CTR-BKFP,Kung Fu Panda: Showdown of Legendary Legends,EUR
0004000000178B00,CTR-ALNP,I Love My Pony,EUR
0004000000155400,CTR-BXXJ,Monster Hunter X,JPN
000400000016DA00,CTR-BMSE,Monster High: New Ghoul in School,USA
000400000009F200,CTR-AD4E,Adventure Time: Hey Ice King! Whyd You Steal Our Garbage?!! (Rev01),USA
00040000000EB100,CTR-AA8P,LEGO City Undercover: The Chase Begins (DEMO),EUR
000400000010AC00,CTR-ARVP,Sonic Lost World (DEMO),EUR
0004000000172200,CTR-BLJJ,LEGO Jurassic World,JPN
000400000014FB00,CTR-BX2J,Project X Zone 2: Brave New World,JPN
0004000000132800,CTR-AYNP,Mario & Luigi: Paper Jam Bros.,EUR
0004000000182500,CTR-AFTP,Fireman Sam: To The Rescue,EUR
0004000000178500,CTR-BSVJ,Sumikko Gurashi: Omise Hajimerun Desu,JPN
000400000015B300,CTR-BKFE,Kung Fu Panda: Showdown of Legendary Legends,USA
000400000017B100,CTR-BRQZ,Barbie & Her Sisters: Puppy Rescue,EUR
0004000000174800,CTR-BGLJ,Gudetama: Hanjuku de Tanomuwa,JPN
000400000017B300,CTR-BFLJ,Monster Strike,JPN
0004000000089000,CTR-JSPJ,Shippuu no Usagi-Maru: Megumi no Tama to Fuuma no Shirushi,JPN
0004000000176D00,CTR-KRBJ,Shippuu no Usagi-Maru: Nazo no Karakuri Shiro,JPN
0004000000174B00,CTR-BH6J,Disney Baymax: Heroes Battle,JPN
0004000000174A00,CTR-BYDJ,Shokugeki no Souma: Yuujou to Kizuna no Hitosara,JPN
0004000000180E00,CTR-AK3J,Sega 3D Fukkoku Archives 2,JPN
000400000015FC00,CTR-BTSP,Story of Seasons,EUR
0004000000041900,CTR-RAFP,Kirbys Dream Land,EUR
000400000007DC00,CTR-RBNP,Kirbys Dream Land 2,EUR
0004000000069200,CTR-RBKP,Kirbys Block Ball,EUR
000400000008AD00,CTR-RBYP,Kirbys Star Stacker,EUR
000400000008B100,CTR-RBZP,Kirbys Pinball Land,EUR
000400000017D800,CTR-BDXJ,Downtown no Gaki no Tsukai Yaarahen de!! Zettai ni Tsukamatte Haikenai Gasu Kurobikari Land,JPN
0004000000177600,CTR-BDAJ,Kaite Oboeru: DoraGana,JPN
0004000000030B00,CTR-ADAJ,Nintendogs + Cats: Shiba & New Friends (Rev02),JPN
0004000000181100,CTR-BP8J,Shantae: Kaizoku no Noroi,JPN
0004000000178000,CTR-BMVJ,Dream Girl Premier,JPN
0004000000169D00,CTR-AK4J,Aikatsu! My No.1 Stage!,JPN
0004000000174E00,CTR-BA9J,Medarot 9: Kabuto Ver.,JPN
0004000000174F00,CTR-BB9J,Medarot 9: Kuwagata Ver.,JPN
0004000000169C00,CTR-BMDJ,Chao Illust Club,JPN
0004000000181000,CTR-BM7J,My Melody: Negai ga Kanau Fushigi na Hako,JPN
0004000000170400,CTR-BNPJ,Niko*Puchi Girls Runway,JPN
0004000000178200,CTR-ARZJ,Sousaku Alice to Oujisama!,JPN
000400000005A500,CTR-ARMP,Rayman Origins (Rev01),EUR
0004000000170500,CTR-BCFJ,Cardfight!! Vanguard G: Stride To Victory!!,JPN
000400000017D400,CTR-BPKJ,Boku wa Koukuu Kanseikan: Airport Hero 3D - Kanku All Stars,JPN
000400000017C200,CTR-AYWZ,Yo-Kai Watch,EUR
000400000017D500,CTR-BZHJ,Zelda Musou: Hyrule All-Stars,JPN
0004000000185A00,CTR-ECFA,Pokemon Rumble World,EUR
000400000004A300,CTR-APFP,Petz Fantasy 3D (Rev01),EUR
000400000017E300,CTR-BGXP,Mario & Sonic at the Rio 2016 Olympic Games (Rev01),EUR
000400000017F800,CTR-KCAJ,Hako Boy! Mouhito Hako,JPN
0004000000132700,CTR-AYNE,Mario & Luigi: Paper Jam,USA
000400000016E700,CTR-BCEP,Final Fantasy Explorers,EUR
0004000000168200,CTR-ALEY,LEGO Marvel Avengers,GER
0004000000168500,CTR-ALEE,LEGO Marvel Avengers,USA
000400000016ED00,CTR-BCEE,Final Fantasy Explorers,USA
0004000000062200,CTR-ASNP,Sonic Generations (Rev01),EUR
000400000007C800,CTR-AGAP,Mario Tennis Open (Rev01),EUR
00040000000EE000,CTR-AXCP,Super Smash Bros. for Nintendo 3DS (Rev05),EUR
000400000017C800,CTR-BLLP,The Legend of Legacy,EUR
0004000000168000,CTR-ALEP,LEGO Marvel Avengers,EUR
0004000000162000,CTR-BX2P,Project X Zone 2,EUR
000400000016E900,CTR-BM9P,Etrian Odyssey 2 Untold: The Fafnir Knight,EUR
0004000000174400,CTR-BPXP,Pokemon Super Mystery Dungeon,EUR
0004000000168100,CTR-ALEZ,LEGO Marvel Avengers,FRA
0004000000174100,CTR-BMME,Mega Man Legacy Collection,USA
0004000000160C00,CTR-BX2E,Project X Zone 2,USA
0004000000179800,CTR-BFZE,Fire Emblem Fates: Special Edition,USA
000400000014A400,CTR-BGXJ,Mario & Sonic at Rio Olympics,JPN
0004000000185600,CTR-AYWE,Yo-Kai Watch (DEMO),USA
0004000000179400,CTR-BFXE,Fire Emblem Fates: Birthright,USA
0004000000179600,CTR-BFYE,Fire Emblem Fates: Conquest,USA
000400000017BB00,CTR-BSED,Bravely Second: End Layer,EUR
000400000016A600,CTR-BTEP,Terraria,EUR
00040000000D9000,CTR-AYMP,Mario & Luigi: Dream Team Bros. (Rev01),EUR
000400000018B600,CTR-BBMP,Goosebumps: The Game,EUR
000400000018CC00,CTR-BPPE,Return to PopoloCrois: A Story of Seasons Fairytale,USA
0004000000168400,CTR-ALEV,LEGO Marvel Avengers,ITA
000400000017C700,CTR-BS3P,Stella Glow,EUR
000400000016A900,CTR-BTEE,Terraria,USA
000400000017E200,CTR-BGXE,Mario & Sonic at the Rio 2016 Olympic Games,USA
000400000017EB00,CTR-BZHP,Hyrule Warriors Legends,EUR
000400000017EA00,CTR-BZHE,Hyrule Warriors Legends,USA
0004000000055300,CTR-SACP,3D Classics: TwinBee,EUR
0004000000080F00,CTR-JEKP,Mario & Sonic at the London 2012 Olympic Games: Virtual Card Album,EUR
000400000018A100,CTR-AYNP,Mario & Luigi: Paper Jam (DEMO),EUR
0004000000168300,CTR-ALEX,LEGO Marvel Vengadores,SPA
000400000014A100,CTR-BWLP,Luv Me Buddies Wonderland,EUR
0004000000132600,CTR-AYNJ,Mario & Luigi RPG: Paper Mario MIX,JPN
0004000000172100,CTR-AEHJ,Disney Anna to Yuki no Joou: Olaf no Okurimono,JPN
0004000000187C00,CTR-BHTJ,Haikyu!! Cross Team Match!,JPN
0004000000169F00,CTR-BGPJ,Medarot Girls Mission: Kabuto Ver.,JPN
000400000016A000,CTR-BGQJ,Medarot Girls Mission: Kuwagata Ver.,JPN
000400000017BA00,CTR-BSEE,Bravely Second: End Layer,USA
0004000000187F00,CTR-BRGE,Langrisser Re:Incarnation -TENSEI-,USA
000400000017D700,CTR-BA2J,Ansatsu Kyoushitsu: Assassin Ikusei Keikaku!!,JPN
0004000000160E00,CTR-BWDJ,Disney Art Academy,JPN
0004000000190900,CTR-BP6J,Pom Pom Purin: Korokoro Daibouken,JPN
000400000018E200,CTR-BYEJ,The Misshitsukara no Dasshutsu Archives 1 (Simple Series for Nintendo 3DS Vol. 2),JPN
000400000018FE00,CTR-BP3J,The Misshitsukara no Dasshutsu Archives 2 (Simple Series for Nintendo 3DS Vol. 3),JPN
0004000000193500,CTR-BTEJ,Terraria,JPN
0004000000167800,CTR-AYWP,Yo-Kai Watch,EUR
0004000000178400,CTR-ARPJ,Raishi: Konpeki no Shou,JPN
0004000000185E00,CTR-AK3E,SEGA 3D Classics Collection,USA
0004000000185A00,CTR-ECFA,Pokemon Rumble World,USA
0004000000177F00,CTR-BMMJ,Rockman Classics Collection,JPN
0004000000166B00,CTR-BG4J,Shin Megami Tensei IV: Final,JPN
000400000018B000,CTR-AYKJ,Youkai Sangokushi,JPN
0004000000053B00,CTR-ABRJ,Biohazard: Revelations (Rev01),JPN
000400000004D900,CTR-ADVJ,Devil Survivor: Over clock (Rev01),JPN
0004000000048100,CTR-AMHJ,Monster Hunter 3G (Rev01),JPN
0004000000053200,CTR-ANWJ,Nazo Waku Yakata: Oto no Ma ni Ma ni (Rev01),JPN
0004000000086200,CTR-EGDJ,Tobidase Doubutsu no Mori (Rev01),JPN
000400000018E300,CTR-ALEJ,LEGO Marvel Avengers,JPN
000400000008C500,CTR-EC6J,Tomodachi Collection: Shin Seikatsu (Rev02),JPN
0004000000193200,CTR-BZHE,Hyrule Warriors Legends (DEMO),USA
000400000016AD00,CTR-BJ3J,Dragon Quest Monsters: Joker 3,JPN
000400000018B400,CTR-BNNJ,Doraemon: Shin Nobita no Nihon Tanjou,JPN
0004000000161700,CTR-BWDE,Disney Art Academy,USA
0004000000179700,CTR-BFYP,Fire Emblem Fates: Conquest,EUR
0004000000179500,CTR-BFXP,Fire Emblem Fates: Birthright,EUR
0004000000170B00,CTR-BTNE,Teenage Mutant Ninja Turtles: Master Splinters Training Pack,USA
000400000018E900,CTR-BHAJ,Boku no Hero Academia: Battle for All,JPN
000400000017A800,CTR-BFZP,Fire Emblem Fates: Special Edition,EUR
0004000000193400,CTR-BZHP,Hyrule Warriors Legends (DEMO),EUR
0004000000189600,CTR-AT3E,Kirby: Planet Robobot (DEMO),USA
0004000000165E00,CTR-BL5E,Skylanders SuperChargers Racing,USA
0004000000183600,CTR-AT3A,Kirby: Planet Robobot,EUR
0004000000183600,CTR-AT3A,Hoshi no Kirby: Robobo Planet,JPN
0004000000090F00,CTR-ATDJ,Taiko no Tatsujin: Chibi Dragon to Fushigi na Orb (Rev01),JPN
00040000000B8B00,CTR-AXCJ,Dairantou Smash Bros. for Nintendo 3DS (Rev01),JPN
0004000000073700,CTR-ABQJ,Bokujou Monogatari: Hajimari no Daichi (Rev02),JPN
0004000000166A00,CTR-BG6J,Gyakuten Saiban 6,JPN
0004000000031000,CTR-ADBJ,Nintendogs + Cats: French Bulldog & New Friends (Rev02),JPN
000400000018C300,CTR-BMJP,Mike the Knight and the Great Gallop,EUR
0004000000183600,CTR-AT3A,Kirby: Planet Robobot,USA
0004000000192400,CTR-BGXP,Mario & Sonic at the Rio 2016 Olympic Games (DEMO),EUR
000400000008F800,CTR-AQEK,The Legend of Zelda: Ocarina of Time 3D,KOR
0004000000055D00,CTR-EKJA,Pokemon X,KOR
0004000000055E00,CTR-EK2A,Pokemon Y,KOR
000400000011C400,CTR-ECRA,Pokemon Omega Ruby,KOR
000400000011C500,CTR-ECLA,Pokemon Alpha Sapphire,KOR
0004000000150200,CTR-BNUK,Senran Kagura 2: Deep Crimson,KOR
0004000000167600,CTR-AYWK,Yo-Kai Watch,KOR
0004000000183100,CTR-AR6K,Rodea the Sky Soldier,KOR
0004000000105000,CTR-AH4K,Monster Hunter 4,KOR
0004000000091E00,CTR-ATKK,Tekken 3D Prime Edition,KOR
0004000000190E00,CTR-BT8J,Taiko no Tatsujin: Don Don! Mystery Adventure,JPN
0004000000152C00,CTR-BKJJ,Kouenji Joshi Soccer 3: Koisuru Eleven Itsuka wa Heaven,JPN
0004000000185300,CTR-BB3J,Bokujou Monogatari: 3-tsu no Sato no Taisetsu na Tomodachi,JPN
0004000000155100,CTR-BYSJ,Youkai Watch 2: Shinuchi (Rev01),JPN
000400000016C700,CTR-BYAJ,Yo-kai Watch Busters: Akanekodan (Rev01),JPN
000400000016C600,CTR-BYBJ,Yo-kai Watch Busters: Shiroinutai (Rev01),JPN
000400000017EF00,CTR-BLWD,LEGO Star Wars: Das Erwachen der Macht,GER
000400000017B200,CTR-BZEE,Zero Escape: Zero Time Dilemma,USA
000400000017ED00,CTR-BLWP,LEGO Star Wars: The Force Awakens,EUR
0004000000179300,CTR-AKMP,Teddy Together,EUR
000400000017F900,CTR-BLWE,LEGO Star Wars: The Force Awakens,USA
00040000000F5700,CTR-AY3J,Culdcept Revolt,JPN
0004000000180F00,CTR-BZGJ,Zero Escape: Toki no Dilemma,JPN
000400000017EE00,CTR-BLWF,LEGO Star Wars: Le Reveil de la Force,FRA
000400000017F000,CTR-BLWS,LEGO Star Wars: El Despertar de la Fuerza,SPA
000400000017F100,CTR-BLWI,LEGO Star Wars: Il Risveglio della Forza,ITA
0004000000185B00,CTR-BXXP,Monster Hunter Generations,EUR
0004000000161600,CTR-BWDP,Disney Art Academy,EUR
000400000018F800,CTR-BD7E,7th Dragon III Code: VFD,USA
0004000000064D00,CTR-AGAJ,Mario Tennis Open (Rev01),JPN
0004000000191000,CTR-BY3J,Yo-Kai Watch 3: Sushi,JPN
0004000000191100,CTR-BY4J,Yo-Kai Watch 3: Tempura,JPN
0004000000187000,CTR-BXXE,Monster Hunter Generations,USA
0004000000197600,CTR-BVSJ,Sumikko Gurashi: Mura o Tsukurun desu,JPN
0004000000182F00,CTR-BPWJ,Puzzle & Dragons X: Kami no Shou,JPN
0004000000182E00,CTR-BPVJ,Puzzle & Dragons X: Ryuu no Shou,JPN
0004000000197300,CTR-KH7J,Higanbana no Saku Yoru ni Daiichiya,JPN
00040000000B8B00,CTR-AXCJ,Dairantou Smash Bros. for Nintendo 3DS (Rev07),JPN
0004000000178100,CTR-BA7J,12-Sai. Koisuru Diary,JPN
000400000018D000,CTR-BMZJ,Sekaiju no Meikyuu V: Nagaki Shinwa no Hate,JPN
000400000019D300,CTR-BTGJ,Tetsudou Nippon! Rosen Tabi: Kikansha Thomas-hen Oigawa Tetsudou!,JPN
0004000000196D00,CTR-BDLJ,Dragon Ball: Fusions,JPN
000400000016E300,CTR-BCAE,Metroid Prime: Federation Force,USA
0004000000125500,CTR-AJRE,The Legend of Zelda: Majoras Mask 3D (Rev01),USA
0004000000196500,CTR-ECDE,Style Savvy: Fashion Forward,USA
0004000000055D00,CTR-EKJA,Pokemon X,TWN
0004000000055E00,CTR-EK2A,Pokemon Y,TWN
000400000016CE00,CTR-BCAJ,Metroid Prime: Federation Force,JPN
0004000000196900,CTR-AKSJ,Shovel Knight,JPN
0004000000175200,CTR-BCAP,Metroid Prime: Federation Force,EUR
000400000019A200,CTR-BG4E,Shin Megami Tensei IV: Apocalypse,USA
000400000018F000,CTR-AD7P,Dragon Quest VII: Fragments of the Forgotten Past,EUR
000400000018EF00,CTR-AD7E,Dragon Quest VII: Fragments of the Forgotten Past,USA
000400000019E700,CTR-BG8J,Armed Blue Gunvolt: Striker Pack,JPN
0004000000164700,CTR-BS6P,Sonic Boom: Fire & Ice,EUR
0004000000161300,CTR-BS6E,Sonic Boom: Fire & Ice,USA
0004000000197700,CTR-AK2E,River City: Tokyo Rumble,USA
000400000019AA00,CTR-BYHE,Yo-Kai Watch 2: Fleshy Souls,USA
000400000019A900,CTR-BYGE,Yo-Kai Watch 2: Bony Spirits,USA
000400000019BE00,CTR-BAAP,Mario Party: Star Rush,EUR
00040000001A5600,CTR-BG8E,Azure Striker Gunvolt: Striker Pack,USA
000400000018AF00,CTR-BD2P,Disney Magical World 2,EUR
000400000018AE00,CTR-BD2E,Disney Magical World 2,USA
0004000000177A00,CTR-KRGJ,Kamen Rider Ghost: Game de Kaigan!!,JPN
000400000018A500,CTR-BPJP,Rhythm Paradise Megamix,EUR
0004000000030D00,CTR-ADAE,Nintendogs + Cats: Golden Retriever & New Friends (Rev02),USA
00040000001AA000,CTR-BYGE,Yo-Kai Watch 2: Fleshy Souls and Bony Spirits (DEMO),USA
000400000019E600,CTR-AJAE,Shantae and the Pirates Curse,USA
000400000019D900,CTR-AJAP,Shantae and the Pirates Curse,EUR
000400000018EA00,CTR-BUZJ,One Piece: Daikaizoku Coliseum,JPN
000400000018EB00,CTR-BDJJ,Downtown Nekketsu Monogatari SP,JPN
0004000000194200,CTR-BCPE,Corpse Party,USA
00040000001A3500,CTR-AVAE,Harvest Moon: Skytree Village,USA
0004000000199900,CTR-AJSJ,Chou Sentou-chuu Kyuukyoku no Shinobu to Battle Player Choujou Kessen!,JPN
00040000001A4D00,CTR-BK3J,Kobito Game Taizen,JPN
000400000019A700,CTR-AK3P,Sega 3D Classics Collection,EUR
00040000001A6800,CTR-BF6Z,Disney 2-Pack - Frozen: Olafs Quest + Big Hero 6: Battle in the Bay,EUR
000400000016E100,CTR-AAHJ,Monster Hunter Stories,JPN
0004000000193900,CTR-BAAJ,Mario Party: Star Rush,JPN
000400000019BD00,CTR-BAAE,Mario Party: Star Rush,USA
00040000001A6500,CTR-BRWZ,Cartoon Network: Battle Crashers,EUR
000400000004D300,CTR-ADDP,Dead or Alive: Dimensions (DEMO),EUR
0004000000196400,CTR-BXXP,Monster Hunter Generations (DEMO),EUR
000400000019B000,CTR-BYGZ,Yo-Kai Watch 2: Bony Spirits,EUR
000400000019B100,CTR-BYHZ,Yo-Kai Watch 2: Fleshy Souls,EUR
0004000000190D00,CTR-BLWJ,LEGO Star Wars: Force no Kakusei,JPN
0004000000170700,CTR-BS6J,Sonic Toon: Fire & Ice,JPN
00040000001A0D00,CTR-AKAJ,Saiki Kusuo no Psi Nan: Shijou Psi Dai no Psi Nan!?,JPN
000400000018B200,CTR-BUTJ,Beyblade Burst,JPN
0004000000164800,CTR-BNDA,Pocket Monsters Sun,JPN
0004000000175E00,CTR-BNEA,Pocket Monsters Moon,JPN
0004000000175E00,CTR-BNEA,Pokemon Moon,EUR
0004000000164800,CTR-BNDA,Pokemon Sun,EUR
0004000000192000,CTR-BRWE,Cartoon Network: Battle Crashers,USA
00040000001AA100,CTR-BP7J,PriPara Mezameyo! Megami no Dress Design,JPN
0004000000164800,CTR-BNDA,Pokemon Sun,USA
0004000000175E00,CTR-BNEA,Pokemon Moon,USA
00040000001AA900,CTR-BDLE,Dragon Ball: Fusions,USA
0004000000197200,CTR-AKFJ,Aikatsu Stars! My Special Appeal,JPN
00040000001AE000,CTR-BTXJ,Tetsudou Nippon! Rosen Tabi: Aizu Tetsudou-hen,JPN
00040000001A1500,CTR-BLNJ,LEGO Ninjago: Nindroids,JPN
000400000019EA00,CTR-KPUJ,Moero!! Pro Yakyuu 2016,JPN
000400000019D400,CTR-KPJJ,Dot Paint,JPN
000400000F700200,KTR-CAFP,Xenoblade Chronicles 3D (Rev01) (N3DS Only),EUR
000400000018B300,CTR-BRPJ,RPG Tsukuru Fes,JPN
00040000001A0300,CTR-AJHJ,Super Mario Maker for Nintendo 3DS,JPN
0004000000187E00,CTR-BBPP,Picross 3D: Round 2,EUR
00040000001A0500,CTR-AJHP,Super Mario Maker for Nintendo 3DS,EUR
00040000001A6B00,CTR-BG4P,Shin Megami Tensei IV: Apocalypse,EUR
00040000001A0400,CTR-AJHE,Super Mario Maker for Nintendo 3DS,USA
00040000001A6C00,CTR-BD7P,7th Dragon III Code: VFD,EUR
000400000019CD00,CTR-ARUJ,All Kamen Rider: Rider Revolution,JPN
000400000019D100,CTR-AUDJ,Digimon Universe: Appli Monsters,JPN
0004000000198D00,CTR-EAAJ,Tobidase Doubutsu no Mori: amiibo+,JPN
0004000000190A00,CTR-KWMJ,Megami Meguri,JPN
0004000000197500,CTR-BPUJ,Puyo Puyo Chronicle,JPN
00040000001AF400,CTR-ALZJ,Yo-kai Watch 3: Sukiyaki,JPN
00040000001B3800,CTR-KMRJ,Gurumin 3D,JPN
0004000000198F00,CTR-EAAP,Animal Crossing: New Leaf - Welcome Amiibo,EUR
0004000000125600,CTR-AJRP,The Legend of Zelda: Majoras Mask 3D (Rev01),EUR
00040000000EE000,CTR-AXCP,Super Smash Bros. for Nintendo 3DS (Rev04),EUR
0004000000031600,CTR-ADCP,Nintendogs + Cats: Toy Poodle & New Friends (Rev01),EUR
00040000001A7400,CTR-BPYJ,Jikkyou Powerful Pro Yakyuu Heroes,JPN
00040000001ADD00,CTR-AKQJ,Momotarou Dentetsu 2017: Tachiagare Nippon!!,JPN
00040000001A1600,CTR-BNHJ,Hyakumasu Dora-San Nobita no Time Battle,JPN
0004000000178800,CTR-ADQJ,Miitopia,JPN
00040000001AD000,CTR-BN3J,A-Ressha de Ikou 3D NEO,JPN
0004000000194E00,CTR-BKCJ,Kunio-kun Nekketsu Complete: Famicom-Hen,JPN
00040000001AA400,CTR-BGJJ,Gudetama: Okawari Ikagassuka,JPN
0004000000044700,CTR-AF2P,Fifa 12 (Rev01),EUR
000400000018F200,CTR-BQ8P,Dragon Quest VIII: Journey of the Cursed King,EUR
000400000018F100,CTR-BQ8E,Dragon Quest VIII: Journey of the Cursed King,USA
00040000000BF600,CTR-AH8F,Hotel Transylvania,EUR
00040000000EE000,CTR-AXCP,Super Smash Bros. for Nintendo 3DS (Rev10),EUR
000400000019CF00,CTR-AWFJ,Kamiwaza Wanda: Kirakira Ichibangai Kikiippatsu,JPN
0004000000197500,CTR-BPUJ,Puyo Puyo Chronicle,JPN
00040000001A4200,CTR-AJNP,Poochy & Yoshis Woolly World,EUR
0004000000103200,CTR-BWNJ,Wannyan Pet Shop (Rev03),JPN
00040000001AD400,CTR-BC2J,HakoBoy! Hakozume Box,JPN
00040000001A4100,CTR-AJNE,Poochy & Yoshis Woolly World,USA
0004000000198E00,CTR-EAAE,Animal Crossing: New Leaf - Welcome Amiibo,USA
00040000001A1D00,CTR-BF6E,Disney 2-Pack - Frozen: Olafs Quest + Big Hero 6: Battle in the Bay,USA
00040000000D7800,CTR-ABYE,Barbie: Groom and Glam Pups,USA
00040000001ACB00,CTR-BDQJ,Dragon Quest Monsters: Joker 3 Professional,JPN
00040000001AFB00,CTR-BW3J,Osomatsu-san Matsu Matsuri!,JPN
00040000001A3200,CTR-AJNJ,Poochy! to Yoshi Wool World,JPN
00040000001B4600,CTR-AWYJ,Jikkyou Powerful Pro Yakyuu Heroes: Jisedai World Hobby Fair 17 Winter Tokubetsu Taikenban (DEMO),JPN
00040000001AAA00,CTR-BDLP,Dragon Ball: Fusions,EUR
00040000000B8B00,CTR-AXCJ,Dairantou Smash Bros. for Nintendo 3DS (Rev03),JPN
0004000000173C00,CTR-AVTJ,Adventure Time: Nameless Oukoku no 3-nin no Princess,JPN
000400000019D000,CTR-AR8J,Rilu Rilu Fairilu Kirakira * Hajimete no Fairilu Magic,JPN
0004000000098600,CTR-ALBD,LEGO Batman 2: DC Super Heroes (Rev01),GER
00040000000EE000,CTR-AXCP,Super Smash Bros. for Nintendo 3DS (Rev03),EUR
000400000019F500,CTR-BB3E,Story of Seasons: Trio of Towns,USA
0004000000188D00,CTR-AUNP,Mario Sports Superstars,EUR
0004000000065800,CTR-AR4J,Rune Factory 4 (Rev01),JPN
0004000000197100,CTR-AGQJ,Monster Hunter XX: Double Cross,JPN
000400000004EA00,CTR-ASGP,SpongeBob SquigglePants (Rev01),EUR
00040000001B6C00,CTR-AJNE,Poochy & Yoshis Woolly World (DEMO),USA
000400000F700100,KTR-CAFE,Xenoblade Chronicles 3D (Rev01) (N3DS Only),USA
0004000000044500,CTR-ASGE,SpongeBob SquigglePants (Rev01),USA
00040000000EDF00,CTR-AXCE,Super Smash Bros. for Nintendo 3DS (Rev05),USA
00040000000EDF00,CTR-AXCE,Super Smash Bros. for Nintendo 3DS (Rev06),USA
00040000000EDF00,CTR-AXCE,Super Smash Bros. for Nintendo 3DS (Rev10),USA
0004000000054000,CTR-AREE,Super Mario 3D Land (Rev01),USA
0004000000062300,CTR-ASNE,Sonic Generations (Rev01),USA
0004000000037400,CTR-APCE,LEGO Pirates of the Caribbean: The Video Game (Rev01),USA
00040000000D5A00,CTR-AYME,Mario & Luigi: Dream Team (Rev01),USA
000400000007C700,CTR-AGAE,Mario Tennis Open,USA
00040000000A2600,CTR-AH8E,Hotel Transylvania,USA
0004000000047900,CTR-AT2E,Harvest Moon 3D: The Tale of Two Towns (Rev02),USA
0004000000096700,CTR-AKGE,Zero Escape: Virtues Last Reward (Rev02),USA
00040000000EDF00,CTR-AXCE,Super Smash Bros. for Nintendo 3DS (Rev07),USA
00040000000EDF00,CTR-AXCE,Super Smash Bros. for Nintendo 3DS (Rev01),USA
00040000000EDF00,CTR-AXCE,Super Smash Bros. for Nintendo 3DS (Rev03),USA
0004000000188C00,CTR-AUNE,Mario Sports Superstars,USA
00040000000A8500,CTR-AKKE,Professor Layton and the Miracle Mask (Rev01),USA
000400000019AC00,CTR-BYHP,Yo-Kai Watch 2: Fleshy Souls,EUR
000400000019AB00,CTR-BYGP,Yo-Kai Watch 2: Bony Spirits,EUR
000400000007A300,CTR-AT2P,Harvest Moon 3D: The Tale of Two Towns (Rev01),EUR
00040000000EDF00,CTR-AXCE,Super Smash Bros. for Nintendo 3DS (Rev04),USA
00040000001A2B00,CTR-AJJJ,Fire Emblem Echoes: Mou Hitori no Eiyuu Ou,JPN
00040000001AE300,CTR-BDUJ,Doraemon: Nobita no Nankyoku Kachikochi Daibouken,JPN
00040000001A4C00,CTR-BGHJ,Manga-ka Debut Monogatari: Suteki na Manga o Egakou,JPN
00040000001AA300,CTR-BF3J,Sega 3D Fukkoku Archives 3: Final Stage,JPN
00040000001A0300,CTR-AJHJ,Super Mario Maker for Nintendo 3DS (Rev02),JPN
00040000001A0E00,CTR-BFAJ,Future Card Buddyfight Mezase! Buddy Champion!,JPN
0004000000188B00,CTR-AUNJ,Mario Sports Superstars,JPN
00040000001B3F00,CTR-BYFJ,Pro Yakyuu Famista Climax,JPN
00040000001B4300,CTR-BD9J,Dragon Ball Heroes: Ultimate Mission X,JPN
00040000001B3F00,CTR-BYFJ,Pro Yakyuu Famista Climax (Rev01),JPN
0004000000054100,CTR-AREJ,Super Mario 3D Land (Rev01),JPN
0004000000054100,CTR-AREJ,Super Mario 3D Land (Rev02),JPN
00040000001B4A00,CTR-A9CJ,Cube Creator DX,JPN
00040000001B4100,CTR-AJJP,Fire Emblem Echoes: Shadows of Valentia,EUR
0004000000033900,CTR-ARYP,Rayman 3D (Rev01),EUR
00040000001B9C00,CTR-BS8E,Cooking Mama: Sweet Shop,USA
00040000001AE100,CTR-AEVJ,Shingeki no Kyojin: Shichi-Kara no Dasshutsu,JPN
00040000001B4000,CTR-AJJE,Fire Emblem Echoes: Shadows of Valentia,USA
00040000000B8B00,CTR-AXCJ,Dairantou Smash Bros. for Nintendo 3DS (Rev10),JPN
000400000004E400,CTR-ACQE,Cooking Mama 4: Kitchen Magic (Rev01),USA
00040000001B9500,CTR-BS8P,Cooking Mama: Sweet Shop,EUR
00040000001A6900,CTR-AVAP,Harvest Moon: Skytree Village,EUR
00040000001B6300,CTR-BHSJ,Kawaii Pet to Kurasou! Wan Nyan & Mini Mini Animal (Rev01),JPN
00040000000DF800,CTR-BGAJ,Shingeki no Kyojin: Jinrui Saigo no Tsubasa (Rev01),JPN
000400000008C500,CTR-EC6J,Tomodachi Collection: Shin Seikatsu (Rev01),JPN
00040000001B7500,CTR-A8FP,Farming Simulator 18,EUR
00040000001B7900,CTR-A8FE,Farming Simulator 18,USA
0004000000043E00,CTR-ABMJ,Biohazard: The Mercenaries 3D (Rev02),JPN
00040000000B8B00,CTR-AXCJ,Dairantou Smash Bros. for Nintendo 3DS (Rev05),JPN
0004000000030600,CTR-AMKJ,Mario Kart 7 (Rev01),JPN
0004000000134500,CTR-BG2J,Shingeki no Kyojin: Jinrui Saigo no Tsubasa CHAIN (Rev01),JPN
0004000000152A00,CTR-BCNJ,Sumikko Gurashi: Koko Ga Ochitsukundesu (Rev02),JPN
0004000000178500,CTR-BSVJ,Sumikko Gurashi: Omise Hajimerun Desu (Rev01),JPN
000400000F708700,KTR-CDRE,Runbow Pocket Deluxe Edition (N3DS Only),USA
00040000001A4900,CTR-BAGP,Ever Oasis,EUR
000400000004A700,CTR-AABJ,Tales Of the Abyss (Rev01),JPN
0004000000155100,CTR-BYSJ,Youkai Watch 2: Shinuchi (Rev02),JPN
00040000001B4500,CTR-AL4J,The Alliance Alive,JPN
00040000001BB900,CTR-JN5J,Neko Atsume,JPN
00040000001B3B00,CTR-KCVJ,Kamen Rider Atsume,JPN
0004000000180B00,CTR-KLNJ,Seisen Chronicle,JPN
00040000001B9D00,CTR-BRPP,RPG Maker Fes,EUR
00040000001A4800,CTR-BAGE,Ever Oasis,USA
00040000001BD500,CTR-BRPE,RPG Maker Fes,USA
00040000001A0C00,CTR-BRBJ,Radiant Historia: Perfect Chronology,JPN
0004000000196F00,CTR-JHUA,Kirby no Suikomi Daisakusen,JPN
00040000001AE500,CTR-AG4J,Pika Pika Nurse Monogatari: Shounika Haitsumo Oosawagi,JPN
0004000000032800,CTR-ARRJ,Ridge Racer 3D (Rev02),JPN
0004000000072000,CTR-AFEJ,Fire Emblem: Kakusei (Rev01),JPN
0004000000049600,CTR-ARFJ,Fish Eyes 3D (Rev01),JPN
0004000000030000,CTR-AKDJ,Shin Hikari Shinwa: Palutena no Kagami (Rev01),JPN
00040000001AE600,CTR-BP4J,100% Pascal Sensei: Kanpeki Paint Bombers,JPN
0004000000164A00,CTR-BAGJ,Ever Oasis: Seirei to Tanebito no Mirage,JPN
00040000001A9200,CTR-BRCJ,Hey! Pikmin,JPN
00040000001BDE00,CTR-A8FJ,Farming Simulator 18: Pocket Nouen 4,JPN
00040000001B8000,CTR-B2KJ,Kouekizaidan Houjin Nihon Kanji Nouryoku Kentei Kyoukai: Kanken Training 2,JPN
00040000001C1900,CTR-BLFJ,Laytons Mystery Journey: Katrielle to Daifugou no Inbou,JPN
00040000001BFD00,CTR-AWHJ,"Sumikko Gurashi: Koko, Dokonan Desu?",JPN
00040000000B3D00,CTR-ASRP,Dr. Kawashimas Devilish Brain Training: Can You Stay Focused? (Rev01),EUR
00040000001AF800,CTR-BRCP,Hey! Pikmin,EUR
00040000001B4F00,CTR-ADQP,Miitopia,EUR
000400000016E100,CTR-AAHJ,Monster Hunter Stories (Rev01),JPN
0004000000199200,CTR-BTZJ,Dragon Quest XI: Sugisarishi Toki o Motomete,JPN
00040000001B4E00,CTR-ADQE,Miitopia,USA
00040000001AFA00,CTR-BRCE,Hey! Pikmin,USA
00040000001AE200,CTR-AJ2J,Dai Gyakuten Saiban 2: Naruhodou Ryuunosuke no Kakugo,JPN
00040000001C1800,CTR-BWSJ,The Snack World: TreJarers,JPN
00040000001B2500,CTR-BD5J,Sekaiju to Fushigi no Dungeon 2,JPN
00040000001BF400,CTR-BG9J,Tantei Jinguuji Saburou: Ghost of the Dusk,JPN
00040000001BC600,CTR-AAHP,Monster Hunter Stories,EUR
00040000001C5900,CTR-BRCE,Hey! Pikmin (DEMO),USA
00040000001BC500,CTR-AAHE,Monster Hunter Stories,USA
00040000001BFB00,CTR-A9AP,Metroid: Samus Returns,EUR
00040000001BFC00,CTR-A9AJ,Metroid: Samus Returns,JPN
00040000001BB200,CTR-A9AE,Metroid: Samus Returns,USA
00040000001B2900,CTR-BYSP,Yo-Kai Watch 2: Psychic Specters,EUR
000400000F70C100,KTR-CFMJ,Fire Emblem Musou (N3DS Only),JPN
00040000001B9000,CTR-BRMP,Mario & Luigi: Superstar Saga + Bowsers Minions,EUR
000400000F70CD00,KTR-CFMP,Fire Emblem Warriors (N3DS Only),EUR
00040000001CA800,CTR-BLFP,Laytons Mystery Journey: Katrielle and the Millionaires Conspiracy,EUR
00040000001BEC00,CTR-AY3E,Culdcept Revolt,USA
00040000001CB400,CTR-BLFE,Laytons Mystery Journey: Katrielle and the Millionaires Conspiracy,USA
00040000001B8F00,CTR-BRME,Mario & Luigi: Superstar Saga + Bowsers Minions,USA
00040000001B5500,CTR-BB3P,Story of Seasons: Trio of Towns,EUR
00040000001BCA00,CTR-AY3P,Culdcept Revolt,EUR
000400000F70CC00,KTR-CFME,Fire Emblem Warriors (N3DS Only),USA
00040000001C5100,CTR-BMZE,Etrian Odyssey V: Beyond the Myth,USA
0004000000194B00,CTR-BRMJ,Mario & Luigi: RPG1 DX,JPN
00040000001B2400,CTR-AJ9J,Shin Megami Tensei: Deep Strange Journey,JPN
00040000001C2100,CTR-AJ8P,Kirby Battle Royale,EUR
00040000001A0400,CTR-AJHE,Super Mario Maker for Nintendo 3DS (Rev02),USA
00040000001C5300,CTR-BMZP,Etrian Odyssey V: Beyond the Myth,EUR
00040000001C4E00,CTR-BHRE,Mario Party: The Top 100,USA
00040000001C9A00,CTR-B2PJ,Idol Time PriPara: Yume All-Star Live!,JPN
00040000001C2E00,CTR-BT4J,Tamagotchi no Puchi Puchi Omisechi: Ninki no Omise Atsume Maseta,JPN
00040000001B5100,CTR-A2BA,Pokemon Ultra Moon,EUR
00040000001B5000,CTR-A2AA,Pokemon Ultra Sun,EUR
00040000001B5100,CTR-A2BA,Pocket Monsters Ultra Moon,JPN
00040000001B5000,CTR-A2AA,Pocket Monsters Ultra Sun,JPN
00040000001B5100,CTR-A2BA,Pokemon Ultra Moon,USA
00040000001B5000,CTR-A2AA,Pokemon Ultra Sun,USA
00040000001B8700,KTR-BD3E,Minecraft: New Nintendo 3DS Edition (N3DS Only),USA
00040000001CC600,CTR-BDJE,River City: Rival Showdown,USA
00040000001B2700,CTR-BYSE,Yo-kai Watch 2: Psychic Specters,USA
00040000001C2600,CTR-AJBP,Nintendo presents: New Style Boutique 3: Styling Star,EUR
00040000001A8B00,CTR-AJ8J,Kirby Battle Deluxe!,JPN
00040000001C3100,CTR-BVBJ,Beyblade Burst God,JPN
00040000001B9E00,CTR-AXRJ,Gyakuten Saiban 4,JPN
000400000019F600,CTR-AJBJ,Girls Mode 4: Star Stylist,JPN
00040000001C2D00,CTR-BG7J,Miracle Tunes! Game de Tune Up! Tabun!,JPN
00040000001B6D00,CTR-AJNP,Poochy & Yoshis Woolly World (DEMO),EUR
00040000000B1300,CTR-AKKF,Professeur Layton et le Masque des Miracles (DEMO),FRA
0004000000113A00,CTR-BZLP,The Legend of Zelda: A Link Between Worlds (DEMO),EUR
0004000000185900,CTR-AYWP,Yo-Kai Watch (DEMO),EUR
00040000001C4D00,CTR-BHRP,Mario Party: The Top 100,EUR
00040000001AA200,CTR-AKPJ,Shingeki no Kyoujin 2: Mirai no Zahyou,JPN
00040000001CC400,CTR-A22J,Bokujou Monogatari: Futago no Mura +,JPN
00040000001C2C00,CTR-BWKJ,Crayon Shin-Chan Gekiatsu! Oden wa Rudo Dai Konran!!,JPN
00040000001C4600,CTR-A2PJ,12-Sai. Torokeru Puzzle Futari no Harmony,JPN
00040000001CC300,CTR-B2CJ,PriPri Chi-chan! PriPri DecoRoom!,JPN
00040000001C2000,CTR-AJ8E,Kirby Battle Royale,USA
00040000001C2A00,CTR-BKUJ,Medarot Classics: Kabuto Version,JPN
00040000001C2B00,CTR-BKWJ,Medarot Classics: Kuwagata Version,JPN
00040000001C3000,CTR-B2SJ,SuiChara: Sweets Gakkou e Youkoso!,JPN
00040000001D0900,CTR-KBXJ,Battleminerz,JPN
00040000001C9400,CTR-BYNJ,Youkai Watch Busters 2: Hihou Densetsu Banbarayaa Sword,JPN
00040000001C9C00,CTR-BYMJ,Youkai Watch Busters 2: Hihou Densetsu Banbarayaa Magnum,JPN
00040000001C2F00,CTR-BC8J,Cake-ya San Monogatari: Ooishii Sweets o Tsukurou!,JPN
00040000000D8E00,CTR-BHPJ,Hoppechan: Tsukutte! Asonde! Punipuni Town!!,JPN
000400000F70D400,KTR-CEGE,Guide The Ghost (N3DS Only),USA
00040000001C0A00,CTR-BHRJ,Mario Party 100: Mini Game Collection,JPN
00040000001CD900,CTR-BRBP,Radiant Historia: Perfect Chronology,EUR
00040000001C8F00,CTR-BRBE,Radiant Historia: Perfect Chronology,USA
000400000F701C00,KTR-CANJ,Neji Maki Knight 2 (N3DS Only),JPN
00040000001C9900,CTR-K9PJ,Oekaki Puzzle Pic-a-Pix,JPN
00040000001D1700,CTR-LPEJ,Link Picture Link-a-Pix,JPN
00040000001BE100,CTR-J3FJ,Pictlogica Final Fantasy,JPN
000400000F701700,KTR-CBRJ,The Binding of Isaac: Rebirth (N3DS),JPN
00040000001C1E00,CTR-A98A,Detective Pikachu,EUR
00040000001CA000,CTR-BNLJ,Doraemon: Nobita no Takarajima,JPN
00040000000E6C00,CTR-APNY,Disney Planes,EUR
00040000001C1E00,CTR-A98A,Meitantei Pikachu,JPN
0004000000189100,CTR-KBMJ,Battleminer,JPN
00040000001C1E00,CTR-A98A,Detective Pikachu,USA
00040000001CCD00,CTR-AL4E,The Alliance Alive,USA
000400000F705900,KTR-CDFJ,Dragon Fang (N3DS),JPN
00040000001A4B00,CTR-KJDJ,Doubutsu Sentai Zyuohger: Battle Cube Puzzle,JPN
00040000001B2800,CTR-BYSZ,Yo-kai Watch 2: Psychic Specters,EUR
00040000001CA400,CTR-BFBJ,Future Card Buddyfight: Tanjou! Oretachi no Saikyou Body!,JPN
00040000001C9500,CTR-BYCJ,Biyoushi Debut Monogatari: Top Sutairisuto o Mezasou!,JPN
00040000001CFE00,CTR-A3KJ,Tanoshiku - Omoshiroku - Kanken Shougakusei,JPN
00040000001C9600,CTR-BW2J,Wan Nyan Doubutsu Byouin Pet no Oisha-san ni Narou!,JPN
00040000001D0F00,CTR-BWAJ,Kawaii Pet to Kurasou! Wan Nyan & Idol Animal,JPN
00040000001A5A00,CTR-KR8J,Legna Tactica,JPN
00040000001C4900,CTR-A9EJ,The Dead Heat Breakers,JPN
00040000001A3300,CTR-JKCJ,Ikachan,JPN
00040000001ACD00,CTR-KBWJ,Brave Dungeon,JPN
00040000001CD200,CTR-AJ9E,Shin Megami Tensei: Strange Journey Redux,USA
00040000001CE100,CTR-AJ9P,Shin Megami Tensei: Strange Journey Redux,EUR
0004000000189800,CTR-AT3P,Kirby: Planet Robobot (DEMO),EUR
00040000001CF400,CTR-A9EP,Dillons Dead-Heat Breakers,EUR
00040000001AD300,CTR-KCKJ,Sayonara! HakoBoy!,JPN
0004000000120C00,CTR-EC6K,Chin gumoa Apateu,KOR
00040000001A0500,CTR-AJHP,Super Mario Maker for Nintendo 3DS (Rev02),EUR
0004000000196700,CTR-AFWJ,Choukaiten Sushi Striker: The Way of Sushido,JPN
00040000001C1D00,CTR-AFWP,Sushi Striker: The Way of Sushido,EUR
00040000001CB000,CTR-BZPJ,Susume! Kinopio Taichou,JPN
00040000001CB200,CTR-BZPP,Captain Toad: Treasure Tracker,EUR
00040000001C1C00,CTR-AFWE,Sushi Striker: The Way of Sushido,USA
00040000001D1C00,CTR-AWXA,WarioWare Gold,EUR
0004000000078500,CTR-ADNJ,Danball Senki Baku Boost,JPN
00040000001CA300,CTR-BZMJ,Sekaiju no Meikyuu X Cross,JPN
00040000001D1C00,CTR-AWXA,Made in Wario Gorgeous,JPN
00040000001CB100,CTR-BZPE,Captain Toad: Treasure Tracker,USA
00040000001D1C00,CTR-AWXA,WarioWare Gold,USA
00040000001CEF00,CTR-BYBE,Yo-kai Watch Blasters: White Dog Squad,USA
00040000001D1500,CTR-A3RP,Mario & Luigi: Bowsers Inside Story + Bowser Jrs Journey,EUR
00040000001D1400,CTR-A3RE,Mario & Luigi: Bowsers Inside Story + Bowser Jrs Journey,USA
00040000001D1800,CTR-BGNJ,RuÄ«ji Manshon [Rev 1],JPN
00040000001D1A00,CTR-BGNP,Luigis Mansion,EUR
00040000001D1900,CTR-BGNE,Luigis Mansion,USA
00040000001D1E00,CTR-BE4E,Kirbys Extra Epic Yarn,USA
00040000001D1F00,CTR-BE4P,Kirbys Extra Epic Yarn,EUR
00040000001D1200,CTR-BE4J,Keito no Kirby Plus [Rev 1],JPN
00040000001D5200,CTR-BZMP,Etrian Odyssey Nexus,EUR
00040000001D4E00,CTR-BZME,Etrian Odyssey Nexus,USA
00040000001BF900,CTR-BRZP,3in1 Horses,EUR
00040000001CBC00,CTR-BG9E,Jake Hunter Detective Story: Ghost of the Dusk,USA
00040000001D6700,CTR-ALZE,Yo-Kai Watch 3,USA
00040000001D6800,CTR-ALZP,Yo-Kai Watch 3,EUR
00040000001CBE00,CTR-AQ2J,Persona Q2 - New Cinema Labyrinth,JPN
00040000001D7600,CTR-AQ2P,Persona Q2 - New Cinema Labyrinth,EUR
00040000001D7100,CTR-AQ2E,Persona Q2 - New Cinema Labyrinth,USA
00040000001D9300,CTR-AUTE,Atooi Collection,USA
