serial,name,region
BJBJ,007 - Everything or Nothing (Japan),Japan
BJBE,"007 - Everything or Nothing (USA, Europe) (En,Fr,De)",USA
A7OE,"007 - NightFire (USA, Europe) (En,Fr,De)",USA
BFBP,"2 Disney Games - Disney Sports - Football + Disney Sports - Skateboarding (Europe) (En,Fr,De,Es,It)",Europe
BLQP,"2 Disney Games - Lilo & Stitch 2 + Peter Pan - Return to Neverland (Europe) (En,Fr,De,Es+En,Fr,De,Es,It,Nl)",Europe
BQJE,"2 Game Pack! - Hot Wheels - Stunt Track Challenge + Hot Wheels - World Race (USA, Europe)",USA
BB4P,"2 Game Pack! - Matchbox Missions - Emergency Response & Air, Land and Sea Rescue (Europe) (En,Fr,De,Es,It)",Europe
BB4E,"2 Game Pack! - Matchbox Missions - Emergency Response + Air, Land and Sea Rescue (USA)",USA
BUQP,"2 Game Pack! - Uno & Skip-Bo (Europe) (En,Fr,De,Es,It)",Europe
BUQE,2 Game Pack! - Uno + Skip-Bo (USA),USA
BINY,"2 Games in 1 - Alla Ricerca di Nemo + Gli Incredibili - Una 'Normale' Famiglia di Supereroi (Italy) (Es,It+It)",Italy
BL5P,"2 Games in 1 - Bionicle + Knights' Kingdom (Europe) (En,Fr,De,Da+En,De)",Europe
BLBX,"2 Games in 1 - Brother Bear + The Lion King (Europe) (En,Fr,De,Es,It,Nl,Sv,Da)",Europe
BINZ,"2 Games in 1 - Buscando a Nemo + Los Increibles (Spain) (Es,It+Es)",Spain
BW2E,2 Games in 1 - Cartoon Network Block Party + Cartoon Network Speedway (USA),USA
BW9P,"2 Games in 1 - Columns Crown + ChuChu Rocket! (Europe) (En+En,Ja,Fr,De,Es)",Europe
BDZD,2 Games in 1 - Die Monster AG + Findet Nemo (Germany),Germany
BLPS,"2 Games in 1 - Disney Princesas + El Rey Leon (Spain) (Es+En,Fr,De,Es,It,Nl,Sv,Da)",Spain
BWBS,"2 Games in 1 - Disney Princesas + Hermano Oso (Spain) (Es+En,Fr,De,Es,It,Nl,Sv,Da)",Spain
BLDS,2 Games in 1 - Disney Princesas + Lizzie McGuire (Spain),Spain
BWBP,"2 Games in 1 - Disney Princess + Brother Bear (Europe) (En+En,Fr,De,Es,It,Nl,Sv,Da)",Europe
BLDP,2 Games in 1 - Disney Princess + Lizzie McGuire (Europe),Europe
BWBF,"2 Games in 1 - Disney Princesse + Frere des Ours (France) (Fr+En,Fr,De,Es,It,Nl,Sv,Da)",France
BLPF,"2 Games in 1 - Disney Princesse + Le Roi Lion (France) (Fr+En,Fr,De,Es,It,Nl,Sv,Da)",France
BLPI,"2 Games in 1 - Disney Principesse + Il Re Leone (Italy) (It+En,Fr,De,Es,It,Nl,Sv,Da)",Italy
BWBI,"2 Games in 1 - Disney Principesse + Koda, Fratello Orso (Italy) (It+En,Fr,De,Es,It,Nl,Sv,Da)",Italy
BWBD,"2 Games in 1 - Disneys Prinzessinnen + Baerenbrueder (Germany) (De+En,Fr,De,Es,It,Nl,Sv,Da)",Germany
BLPD,"2 Games in 1 - Disneys Prinzessinnen + Der Koenig der Loewen (Germany) (De+En,Fr,De,Es,It,Nl,Sv,Da)",Germany
BZPP,"2 Games in 1 - Dr. Mario + Puzzle League (Europe) (En,Fr,De,Es,It)",Europe
BLFE,2 Games in 1 - Dragon Ball Z - The Legacy of Goku I & II (USA),USA
BIND,2 Games in 1 - Findet Nemo + Die Unglaublichen (Germany),Germany
BFWY,"2 Games in 1 - Findet Nemo + Findet Nemo - Das Abenteuer Geht Weiter (Germany) (De+Fr,De,Nl)",Germany
BFWP,"2 Games in 1 - Finding Nemo + Finding Nemo - The Continuing Adventures (Europe) (En+En,Es,It,Sv,Da)",Europe
BFWZ,"2 Games in 1 - Finding Nemo + Finding Nemo - The Continuing Adventures (Europe) (Es,It+En,Es,It,Sv,Da)",Europe
BFWX,"2 Games in 1 - Finding Nemo + Finding Nemo - The Continuing Adventures (Europe) (Fr,Nl+Fr,De,Nl)",Europe
BINP,2 Games in 1 - Finding Nemo + The Incredibles (Europe),Europe
BINX,"2 Games in 1 - Finding Nemo + The Incredibles (Europe) (Fr,Nl)",Europe
BNEE,2 Games in 1 - Finding Nemo - The Continuing Adventures + The Incredibles (USA),USA
BWCE,2 Games in 1 - Golden Nugget Casino + Texas Hold 'em Poker (USA),USA
BHZP,2 Games in 1 - Hot Wheels - Velocity X + Hot Wheels - World Race (Europe),Europe
BHZE,2 Games in 1 - Hot Wheels - Velocity X + Hot Wheels - World Race (USA),USA
BRSF,2 Games in 1 - Les Razmoket Rencontrent les Delajungle + SpongeBob SquarePants - SuperSponge (France) (Fr+En),France
BDZI,"2 Games in 1 - Monsters & Co. + Alla Ricerca di Nemo (Italy) (En,Fr,It+Es,It)",Italy
BDZH,"2 Games in 1 - Monsters en Co. + Finding Nemo (Netherlands) (En,Es,Nl+Fr,Nl)",Netherlands
BDZP,"2 Games in 1 - Monsters, Inc. + Finding Nemo (Europe)",Europe
BDZE,"2 Games in 1 - Monsters, Inc. + Finding Nemo (USA)",USA
BDZF,"2 Games in 1 - Monstres & Cie + Le Monde de Nemo (France) (En,Fr,It+Fr,Nl)",France
BDZS,"2 Games in 1 - Monstruos, S.A. + Buscando a Nemo (Spain) (En,Es,Nl+Es,It)",Spain
BARP,"2 Games in 1 - Moto GP + GT Advance 3 - Pro Concept Racing (Europe) (En,Fr,De,Es,It+En)",Europe
BRZF,"2 Games in 1 - Power Rangers - Ninja Storm + Power Rangers - La Force du Temps (France) (En,Fr,De+Fr)",France
BRZP,"2 Games in 1 - Power Rangers - Ninja Storm + Power Rangers - Time Force (Europe) (En,Fr,De+En)",Europe
BRZD,"2 Games in 1 - Power Rangers - Ninja Storm + Power Rangers - Time Force (Germany) (En,Fr,De+De)",Germany
BRZE,"2 Games in 1 - Power Rangers - Ninja Storm + Power Rangers - Time Force (USA) (En,Fr,De+En)",USA
BWQE,2 Games in 1 - Quad Desert Fury + Monster Trucks (USA),USA
BRSP,2 Games in 1 - Rugrats - Go Wild + SpongeBob SquarePants - SuperSponge (Europe),Europe
BPUS,"2 Games in 1 - Scooby-Doo + Scooby-Doo 2 - Desatado (Spain) (Es+En,Fr,De,Es,It)",Spain
BPUF,"2 Games in 1 - Scooby-Doo + Scooby-Doo 2 - Les Monstres Se Dechainent (France) (Fr+En,Fr,De,Es,It)",France
BPUP,2 Games in 1 - Scooby-Doo + Scooby-Doo 2 - Monsters Unleashed (Europe),Europe
BPUE,2 Games in 1 - Scooby-Doo + Scooby-Doo 2 - Monsters Unleashed (USA),USA
BCVP,"2 Games in 1 - Scooby-Doo! - Mystery Mayhem + Scooby-Doo and the Cyber Chase (Europe) (En,Fr,De+En)",Europe
BCVE,"2 Games in 1 - Scooby-Doo! - Mystery Mayhem + Scooby-Doo and the Cyber Chase (USA) (En,Fr,De+En)",USA
BW3P,"2 Games in 1 - Sonic Advance + ChuChu Rocket! (Europe) (En,Ja,Fr,De,Es)",Europe
BW4P,"2 Games in 1 - Sonic Advance + Sonic Battle (Europe) (En,Ja,Fr,De,Es+En,Ja,Fr,De,Es,It)",Europe
BW5P,"2 Games in 1 - Sonic Advance + Sonic Pinball Party (Europe) (En,Ja,Fr,De,Es+En,Ja,Fr,De,Es,It)",Europe
BW7P,"2 Games in 1 - Sonic Battle + ChuChu Rocket! (Europe) (En,Ja,Fr,De,Es,It+En,Ja,Fr,De,Es)",Europe
BW6P,"2 Games in 1 - Sonic Battle + Sonic Pinball Party (Europe) (En,Ja,Fr,De,Es,It)",Europe
BW8P,"2 Games in 1 - Sonic Pinball Party + Columns Crown (Europe) (En,Ja,Fr,De,Es,It+En)",Europe
BBJP,"2 Games in 1 - SpongeBob SquarePants - Battle for Bikini Bottom + Jimmy Neutron Boy Genius (Europe) (En,Fr,De+En,Fr,De,Es)",Europe
BU2E,2 Games in 1 - SpongeBob SquarePants - Battle for Bikini Bottom + Nicktoons - Freeze Frame Frenzy (USA),USA
BX6E,2 Games in 1 - SpongeBob SquarePants - Battle for Bikini Bottom + The Fairly OddParents! - Breakin' da Rules (USA),USA
BDFP,2 Games in 1 - SpongeBob SquarePants - Revenge of the Flying Dutchman + SpongeBob SquarePants - SuperSponge (Europe),Europe
BDFE,2 Games in 1 - SpongeBob SquarePants - Revenge of the Flying Dutchman + SpongeBob SquarePants - SuperSponge (USA),USA
BSZP,2 Games in 1 - SpongeBob SquarePants - SuperSponge + SpongeBob SquarePants - Battle for Bikini Bottom (Europe),Europe
BSZX,"2 Games in 1 - SpongeBob SquarePants - SuperSponge + SpongeBob SquarePants - Battle for Bikini Bottom (Europe) (En+En,Fr,De)",Europe
BLPP,"2 Games in 1 - The Lion King + Disney Princess (Europe) (En,Fr,De,Es,It,Nl,Sv,Da+En)",Europe
B2BP,"2 Games in 1 - The SpongeBob SquarePants Movie + SpongeBob SquarePants and Friends in Freeze Frame Frenzy (Europe) (En,Fr,De,Es,It,Nl+En,Fr,De,Es,Nl)",Europe
BUFE,2 Games in 1! - Dragon Ball Z - Buu's Fury + Dragon Ball GT - Transformation (USA),USA
BZPE,2 Games in One! - Dr. Mario + Puzzle League (USA),USA
B69P,"2 Games in One! - Gauntlet + Rampart (Europe) (En,Fr,De,Es,It)",Europe
B69E,2 Games in One! - Gauntlet + Rampart (USA),USA
B68P,"2 Games in One! - Marble Madness + Klax (Europe) (En,Fr,De,Es,It)",Europe
B68E,2 Games in One! - Marble Madness + Klax (USA),USA
B6BP,"2 Games in One! - Paperboy + Rampage (Europe) (En,Fr,De,Es,It)",Europe
B6BE,2 Games in One! - Paperboy + Rampage (USA),USA
B6AP,"2 Games in One! - Spy Hunter + Super Sprint (Europe) (En,Fr,De,Es,It)",Europe
B6AE,2 Games in One! - Spy Hunter + Super Sprint (USA),USA
B6PE,2 Great Games! - Pac-Man World + Ms. Pac-Man - Maze Madness (USA),USA
BT5F,2 Jeux en 1 - Titeuf - Ze Gag Machine + Titeuf - Mega Compet (France),France
B2AP,"2 in 1 - Asterix & Obelix - Bash Them All! + Asterix & Obelix XXL (Europe) (En,Fr,De,Es,It,Nl)",Europe
BCSP,"2 in 1 - V-Rally 3 + Stuntman (Europe) (En,Fr,De,Es,It)",Europe
BS7P,"2 in 1 Game Pack - Shrek 2 & Shark Tale (Europe) (En,Fr,De,Es,It,Sv+En,Fr,De,Es,It)",Europe
BS7E,2 in 1 Game Pack - Shrek 2 + Shark Tale (USA),USA
BX3P,"2 in 1 Game Pack - Spider-Man & Spider-Man 2 (Europe) (En,Fr,De+En,Fr,De,Es,It)",Europe
BX2E,"2 in 1 Game Pack - Spider-Man - Mysterio's Menace + X2 - Wolverine's Revenge (USA, Europe)",USA
BX4E,"2 in 1 Game Pack - Tony Hawk's Underground + Kelly Slater's Pro Surfer (USA, Europe)",USA
BXGP,2-in-1 Fun Pack - Shrek 2 + Madagascar (Europe),Europe
BXGE,2-in-1 Fun Pack - Shrek 2 + Madagascar (USA),USA
BXHP,2-in-1 Fun Pack - Shrek 2 + Madagascar - Operation Penguin (Europe),Europe
BXHE,2-in-1 Fun Pack - Shrek 2 + Madagascar - Operation Penguin (USA),USA
B6WE,"2006 FIFA World Cup - Germany 2006 (USA, Europe) (En,Fr,De,Es,It)",USA
B2YE,2K Sports - Major League Baseball 2K7 (USA),USA
BYMP,2K Sports - Major League Baseball 2K7 (USA) (Beta),USA
BC4E,3 Game Pack! - Candy Land + Chutes and Ladders + Original Memory Game (USA),USA
BXCE,3 Game Pack! - Ker Plunk! + Toss Across + Tip It (USA),USA
B3OE,3 Game Pack! - Mouse Trap + Simon + Operation (USA),USA
B3UE,3 Game Pack! - The Game of Life + Payday + Yahtzee (USA),USA
B44P,"3 Games in 1 - Rugrats - I Gotta Go Party + SpongeBob SquarePants - SuperSponge + Tak and the Power of Juju (Europe) (En+En+En,Fr,De)",Europe
BRQP,3 Games in One - Darts + Roll-a-Ball + Shuffle Bowl (Europe),Europe
BRQE,3 Games in One - Darts + Roll-a-Ball + Shuffle Bowl (USA),USA
B6ZP,"3 Games in One! - Breakout + Centipede + Warlords (Europe) (En,Fr,De,Es,It)",Europe
B6ZE,3 Games in One! - Breakout + Centipede + Warlords (USA),USA
B62P,"3 Games in One! - Super Breakout + Millipede + Lunar Lander (Europe) (En,Fr,De,Es,It)",Europe
B62E,3 Games in One! - Super Breakout + Millipede + Lunar Lander (USA),USA
B64P,"3 Games in One! - Yars' Revenge + Asteroids + Pong (Europe) (En,Fr,De,Es,It)",Europe
B64E,3 Games in One! - Yars' Revenge + Asteroids + Pong (USA),USA
BI6E,4 Games on One Game Pak (Nickelodeon Movies) (USA),USA
BI7E,4 Games on One Game Pak (Nicktoons) (USA),USA
BI4E,"4 Games on One Game Pak (Racing) (USA) (En,Fr,De,Es,It)",USA
AQRP,"ATV - Quad Power Racing (Europe) (En,Fr,De,Es,It) (Rev 1)",Europe
AQRE,"ATV - Quad Power Racing (USA, Europe)",USA
B3BP,"ATV - Thunder Ridge Riders (Europe) (En,Fr,De,Es,It)",Europe
B3BE,ATV - Thunder Ridge Riders (USA),USA
BH5D,Ab durch die Hecke (Germany),Germany
BAEE,"Ace Combat Advance (USA, Europe)",USA
ALXP,Ace Lightning (Europe),Europe
AAOJ,Acrobat Kid (Japan),Japan
BACP,"Action Man - Robot Atak (Europe) (En,Fr,De,Es,It)",Europe
BAVE,Activision Anthology (USA),USA
A2GJ,Advance GT2 (Japan) (En),Japan
AG7J,Advance GTA (Japan) (En),Japan
AG7J,Advance GTA (Japan) (En) (Rev 1),Japan
BGCP,"Advance Guardian Heroes (Europe) (En,Fr)",Europe
BAGJ,Advance Guardian Heroes (Japan),Japan
BGCE,Advance Guardian Heroes (USA),USA
AR7J,Advance Rally (Japan) (En),Japan
AWRP,"Advance Wars (Europe) (En,Fr,De,Es)",Europe
AWRP,"Advance Wars (Europe) (En,Fr,De,Es) (Virtual Console)",Europe
AWRE,Advance Wars (USA),USA
AWRE,Advance Wars (USA) (Rev 1),USA
AWRE,Advance Wars (USA) (Virtual Console),USA
AW2P,"Advance Wars 2 - Black Hole Rising (Europe) (En,Fr,De,Es,It)",Europe
AW2P,"Advance Wars 2 - Black Hole Rising (Europe) (En,Fr,De,Es,It) (Virtual Console)",Europe
AW2E,Advance Wars 2 - Black Hole Rising (USA),USA
AW2E,Advance Wars 2 - Black Hole Rising (USA) (Virtual Console),USA
ADEJ,Adventure of Tokyo Disney Sea (Japan),Japan
AJXD,"Adventures of Jimmy Neutron Boy Genius vs. Jimmy Negatron, The (Germany)",Germany
AGBJ,"Adventures of Jimmy Neutron Boy Genius vs. Jimmy Negatron, The (Germany) (Beta)",Germany
AJXE,"Adventures of Jimmy Neutron Boy Genius vs. Jimmy Negatron, The (USA, Europe)",USA
BJYE,"Adventures of Jimmy Neutron Boy Genius, The - Attack of the Twonkies (USA, Europe)",USA
BJNE,"Adventures of Jimmy Neutron Boy Genius, The - Jet Fusion (USA, Europe)",USA
AAOP,Aero the Acro-Bat (Europe),Europe
AAOE,Aero the Acro-Bat (USA),USA
AEJE,Aero the Acro-Bat (USA) (Beta 1),USA
XXXX,Aero the Acro-Bat - Rascal Rival Revenge (USA) (Beta 2),USA
ACEP,"Agassi Tennis Generation (Europe) (En,Fr,De,Es,It)",Europe
ACEE,Agassi Tennis Generation (USA),USA
BHQP,"Agent Hugo - Roborumble (Europe) (En,Fr,De,Es,It,Nl,Pt,Sv,No,Da,Fi)",Europe
AILP,"Aggressive Inline (Europe) (En,Fr,De)",Europe
AILE,Aggressive Inline (USA),USA
ANPF,"Aigle de Guerre, L' (France)",France
AAKJ,"AirForce Delta II (Japan) (En,Ja,Fr,De)",Japan
AAKE,"AirForce Delta Storm (USA) (En,Ja,Fr,De)",USA
BAZJ,Aka-chan Doubutsuen (Japan),Japan
BAZJ,Aka-chan Doubutsuen (Japan) (Rev 1),Japan
AAMJ,Akumajou Dracula - Circle of the Moon (China),China
AAMJ,Akumajou Dracula - Circle of the Moon (Japan),Japan
AAMJ,Akumajou Dracula - Circle of the Moon (Japan) (Castlevania Advance Collection),Japan
AAMJ,Akumajou Dracula - Circle of the Moon (Japan) (Virtual Console),Japan
BADP,"Aladdin (Europe) (En,Fr,De,Es)",Europe
AJ6J,Aladdin (Japan),Japan
BADE,"Aladdin (USA) (En,Fr,De,Es)",USA
BABJ,Aleck Bordon Adventure - Tower & Shaft Advance (Japan),Japan
BAWX,"Alex Rider - Stormbreaker (Europe) (En,Fr,De,Es)",Europe
BAWE,Alex Rider - Stormbreaker (USA),USA
BAHP,"Alien Hominid (Europe) (En,Fr,De,Es,It)",Europe
AEVE,"Alienators - Evolution Continues (USA, Europe)",USA
BALE,"All Grown Up! - Express Yourself (USA, Europe)",USA
AA3E,All-Star Baseball 2003 (USA),USA
ASNB,All-Star Baseball 2004 (USA) (Beta 1),USA
AA3E,All-Star Baseball 2004 (USA) (Beta 2),USA
AA7E,All-Star Baseball 2004 Featuring Derek Jeter (USA),USA
AARP,"Altered Beast - Guardian of the Realms (Europe) (En,Fr,De,Es,It)",Europe
AARE,Altered Beast - Guardian of the Realms (USA),USA
A7ME,"Amazing Virtual Sea-Monkeys, The (USA)",USA
AABE,American Bass Challenge (USA),USA
BJWE,"American Dragon - Jake Long - Rise of the Huntsclan (USA, Europe) (Beta 1)",USA
BJWE,"American Dragon - Jake Long - Rise of the Huntsclan (USA, Europe) (Beta 2)",USA
BJWE,"American Dragon - Jake Long - Rise of the Huntsclan (USA, Europe) (Beta 3)",USA
BJWE,"American Dragon - Jake Long - Rise of the Huntsclan (USA, Europe) (Beta 4)",USA
BJWE,"American Dragon - Jake Long - Rise of the Huntsclan (USA, Europe) (Beta 5)",USA
BJWE,"American Dragon - Jake Long - Rise of the Huntsclan (USA, Europe) (Beta 6)",USA
BAPE,"American Dragon - Jake Long - Rise of the Huntsclan (USA, Europe) (En,Fr,De,Es,It)",USA
BAPE,"American Dragon - Jake Long - Rise of the Huntsclan (USA, Europe) (En,Fr,De,Es,It) (Beta 7)",USA
BIDE,American Idol (USA),USA
AFGP,"American Tail, An - Fievel's Gold Rush (Europe) (En,Fr,De,Es,It)",Europe
AFGE,"American Tail, An - Fievel's Gold Rush (USA) (En,Es)",USA
AFNJ,Angel Collection - Mezase! Gakuen no Fashion Leader (Japan),Japan
BECJ,Angel Collection 2 - Pichimo ni Narou (Japan),Japan
AAGJ,Angelique (Japan),Japan
AANJ,Animal Mania - Dokidoki Aishou Check (Japan),Japan
AAQP,Animal Snap - Rescue Them 2 by 2 (Europe),Europe
AAQE,Animal Snap - Rescue Them 2 by 2 (USA),USA
BAYJ,Animal Yokochou - Doki Doki Kyuushutsu Daisakusen! no Maki (Japan),Japan
BAXJ,Animal Yokochou - Doki Doki Shinkyuu Shiken! no Maki (Japan),Japan
AGBJ,"Animaniacs - Hollywood Hypnotics (Europe) (En,Fr,De,Es,It) (Proto)",Europe
ANIP,"Animaniacs - Lights, Camera, Action! (Europe) (En,Fr,De,Es,It)",Europe
BUYP,"Ant Bully, The (Europe) (En,Fr,De,Es,It)",Europe
BUYE,"Ant Bully, The (USA) (En,Fr)",USA
ANZP,"Antz - Extreme Racing (Europe) (En,Fr,De,Es,It,Nl)",Europe
ANUE,Antz - Extreme Racing (USA),USA
AAZJ,Ao-Zora to Nakama-tachi - Yume no Bouken (Japan),Japan
BPLE,Archer Maclean's 3D Pool (USA),USA
BB5E,Arctic Tale (USA),USA
AMEE,"Army Men - Operation Green (USA) (En,Fr,De,Es,It)",USA
AY3E,Army Men - Turf Wars (USA),USA
ASAE,"Army Men Advance (USA, Europe) (En,Fr,De,Es,It)",USA
B8DP,"Around the World in 80 Days (Europe) (En,Fr,De,Es,It,Nl)",Europe
B8DE,Around the World in 80 Days (USA),USA
B2NE,"Arthur and the Invisibles (USA) (En,Fr,Es)",USA
B2NP,"Arthur and the Minimoys (Europe) (En,Fr,De,Es,It,Nl)",Europe
BAMJ,Ashita no Joe - Makka ni Moeagare! (Japan),Japan
AOBP,"Asterix & Obelix - Bash Them All! (Europe) (En,Fr,De,Es,It,Nl)",Europe
BLXP,"Asterix & Obelix XXL (Europe) (En,Fr,De,Es,It,Nl)",Europe
BTAP,"Astro Boy - Omega Factor (Europe) (En,Ja,Fr,De,Es,It)",Europe
BTAE,"Astro Boy - Omega Factor (USA) (En,Ja,Fr,De,Es,It)",USA
BTAJ,Astro Boy - Tetsuwan Atom - Atom Heart no Himitsu (Japan),Japan
AAVP,Atari Anniversary Advance (Europe),Europe
AAVE,Atari Anniversary Advance (USA),USA
ATLX,"Atlantis - The Lost Empire (Europe) (En,Fr,De,Es,It,Nl)",Europe
ATLE,"Atlantis - The Lost Empire (USA, Europe)",USA
BETE,"Atomic Betty (USA, Europe)",USA
BQZE,Avatar - The Last Airbender (USA),USA
BBWE,Avatar - The Last Airbender - The Burning Earth (USA),USA
BQZP,"Avatar - The Legend of Aang (Europe) (En,Fr,De,Nl)",Europe
BBWP,"Avatar - The Legend of Aang - The Burning Earth (Europe) (En,De)",Europe
AJCF,"Aventures de Jackie Chan, Les - La Legende de la Main Noire (France)",France
AZAJ,Azumanga Daiou Advance (Japan),Japan
BBMJ,B-Densetsu! Battle B-Daman - Fire Spirits! (Japan),Japan
BDXJ,B-Densetsu! Battle B-Daman - Moero! B-Damashii!! (Japan),Japan
A8LJ,BB Ball (Japan),Japan
AT9E,BMX Trick Racer (USA),USA
BBVP,"Babar to the Rescue (Europe) (En,Fr,De,Da)",Europe
BBVE,"Babar to the Rescue (USA) (En,Fr,Es)",USA
ABKE,"Back Track (USA, Europe)",USA
BBCP,"Back to Stone (Europe) (En,Fr)",Europe
BBCE,"Back to Stone (USA) (En,Fr)",USA
ACKE,Backyard Baseball (USA),USA
BCYE,Backyard Baseball 2006 (USA),USA
AYBE,Backyard Basketball (USA),USA
AYFE,Backyard Football (USA),USA
BYFE,Backyard Football 2006 (USA),USA
BYHE,Backyard Hockey (USA),USA
BS6E,Backyard Skateboarding (USA),USA
BC7E,Backyard Sports - Baseball 2007 (USA),USA
BB7E,Backyard Sports - Basketball 2007 (USA),USA
BF7E,Backyard Sports - Football 2007 (USA),USA
ADFJ,Bakunetsu Dodge Ball Fighters (Japan),Japan
AHEJ,Bakuten Shoot Beyblade - Gekitou! Saikyou Blader (Japan),Japan
A3EJ,Bakuten Shoot Beyblade 2002 - Gekisen! Team Battle!! Kouryuu no Shou - Daichi Hen (Japan),Japan
A3WJ,Bakuten Shoot Beyblade 2002 - Gekisen! Team Battle!! Seiryuu no Shou - Takao Hen (Japan),Japan
AB8J,Bakuten Shoot Beyblade 2002 - Ikuze! Bakutou! Chou Jiryoku Battle!! (Japan),Japan
BGDP,"Baldur's Gate - Dark Alliance (Europe) (En,Fr,De,Es,It)",Europe
BGDE,Baldur's Gate - Dark Alliance (USA),USA
AEEE,Ballistic - Ecks vs. Sever (USA),USA
BKZX,"Banjo-Kazooie - Grunty's Revenge (Europe) (En,Fr,De)",Europe
BKZE,"Banjo-Kazooie - Grunty's Revenge (USA, Europe)",USA
BKZI,Banjo-Kazooie - La Vendetta di Grunty (Italy),Italy
BKZS,Banjo-Kazooie - La Venganza de Grunty (Spain),Spain
XXXX,Banjo-Pilot (Europe) (Beta 1),Europe
BAJP,"Banjo-Pilot (Europe) (En,Fr,De,Es,It)",Europe
BAJE,Banjo-Pilot (USA),USA
BAUP,"Barbie - The Princess and the Pauper (Europe) (En,Fr,De,Es,It,Nl)",Europe
BAUE,Barbie - The Princess and the Pauper (USA),USA
BBIP,"Barbie Diaries, The - High School Mystery (Europe)",Europe
BBIE,"Barbie Diaries, The - High School Mystery (USA)",USA
AI8P,"Barbie Horse Adventures (Europe) (En,Fr,De,Es,It,Nl)",Europe
AI8E,Barbie Horse Adventures - Blue Ribbon Race (USA),USA
AVBP,"Barbie Software - Groovy Games (Europe) (En,Fr,De,Es,It)",Europe
AVBE,Barbie Software - Groovy Games (USA),USA
BBEP,"Barbie Superpack - Secret Agent + Groovy Games (Europe) (En,Fr,De,Es,It)",Europe
BBEE,Barbie Superpack - Secret Agent + Groovy Games (USA),USA
BE5P,"Barbie and the Magic of Pegasus (Europe) (En,Fr,De,Es,It,Nl)",Europe
BE5E,Barbie and the Magic of Pegasus (USA),USA
BBNE,Barbie as The Island Princess (USA),USA
BB3P,"Barbie in the 12 Dancing Princesses (Europe) (En,Fr,De,Es,It)",Europe
BB3E,Barbie in the 12 Dancing Princesses (USA),USA
BBYX,"Barnyard (Europe) (En,Fr,De,Es,It,Nl)",Europe
BBYE,Barnyard (USA),USA
BBYE,"Barnyard (USA) (En,Fr,De,Es,It,Nl) (Beta)",USA
ABPE,Baseball Advance (USA),USA
AZBJ,Bass Tsuri Shiyouze! - Tournament wa Senryaku da! (Japan),Japan
BATE,"Batman - Rise of Sin Tzu (USA) (En,Fr,Es)",USA
ABTP,"Batman - Vengeance (Europe) (En,Fr,De,Es,It,Nl)",Europe
ABTE,"Batman - Vengeance (USA) (En,Fr,Es)",USA
BBGE,"Batman Begins (USA, Europe) (En,Fr,De,Es,It,Nl)",USA
BDXE,Battle B-Daman (USA),USA
BBME,Battle B-Daman - Fire Spirits! (USA),USA
AREJ,Battle Network - Rockman EXE (Japan),Japan
AREJ,Battle Network - Rockman EXE (Japan) (Virtual Console),Japan
AE2J,Battle Network - Rockman EXE 2 (Japan),Japan
AE2J,Battle Network - Rockman EXE 2 (Japan) (Rev 1),Japan
AE2J,Battle Network - Rockman EXE 2 (Japan) (Rev 1) (Virtual Console),Japan
AE2J,Battle Network - Rockman EXE 2 (World) (Ja) (Mega Man Battle Network Legacy Collection),
A6BJ,Battle Network - Rockman EXE 3 (Japan),Japan
A6BJ,Battle Network - Rockman EXE 3 (Japan) (Rev 1),Japan
A6BJ,Battle Network - Rockman EXE 3 (Japan) (Rev 1) (Virtual Console),Japan
A3XJ,Battle Network - Rockman EXE 3 - Black (Japan) (Promo),Japan
A3XJ,Battle Network - Rockman EXE 3 - Black (Japan) (Rev 1),Japan
A3XJ,Battle Network - Rockman EXE 3 - Black (Japan) (Rev 1) (Virtual Console),Japan
BBFJ,Battle X Battle - Kyodai Gyo Densetsu (Japan),Japan
ABEP,"BattleBots - Beyond the BattleBox (Europe) (En,Fr,De)",Europe
ABEE,BattleBots - Beyond the BattleBox (USA),USA
BBDE,BattleBots - Design & Destroy (USA),USA
RARE,Battletoads (USA) (Proto),USA
AH5J,Beast Shooter - Mezase Beast King! (Japan),Japan
BKFE,"Bee Game, The (USA)",USA
BBOE,"Berenstain Bears and the Spooky Old Tree, The (USA)",USA
BHBP,"Best Friends - Hunde & Katzen (Germany) (En,De)",Germany
A8YJ,Best Play Pro Yakyuu (Japan),Japan
BB2P,"Beyblade G-Revolution (Europe) (En,De,Es,It)",Europe
BB2E,Beyblade G-Revolution (USA),USA
BEYP,"Beyblade V-Force - Ultimate Blader Jam (Europe) (En,Fr,De,Es,It)",Europe
BEYE,Beyblade V-Force - Ultimate Blader Jam (USA),USA
BBXD,Bibi Blocksberg - Der Magische Hexenkreis (Germany),Germany
BUXD,Bibi und Tina - Ferien auf dem Martinshof (Germany),Germany
BUXD,Bibi und Tina - Ferien auf dem Martinshof (Germany) (Rev 1),Germany
BIBE,"Bible Game, The (USA)",USA
BKFX,"Biene Maja, Die - Klatschmohnwiese in Gefahr (Germany)",Germany
B63P,"Big Mutha Truckers (Europe) (En,Fr,De,Es,It)",Europe
B63E,Big Mutha Truckers (USA),USA
BIOP,"Bionicle (Europe) (En,Fr,De,Da)",Europe
BIOE,Bionicle (USA),USA
A5AE,"Bionicle - Matoran Adventures (USA, Europe) (En,Fr,De,Es,It,Nl,Sv,Da)",USA
BILP,"Bionicle - Maze of Shadows (Europe) (En,De)",Europe
BILP,"Bionicle - Maze of Shadows (Europe) (En,De) (Rev 1)",Europe
BILE,Bionicle - Maze of Shadows (USA),USA
BIHP,"Bionicle Heroes (Europe) (En,Fr,De,Es,It,Da)",Europe
BIHE,"Bionicle Heroes (USA) (En,Fr,De,Es,It,Da)",USA
AB6P,Black Belt Challenge (Europe),Europe
AWEJ,Black Black - Bura Bura (Japan),Japan
AXBJ,Black Matrix Zero (Japan),Japan
AQXP,Blackthorne (Europe),Europe
AQXE,Blackthorne (USA),USA
BBHE,Blades of Thunder (USA),USA
BLEJ,Bleach Advance - Kurenai ni Somaru Soul Society (Japan),Japan
ABRE,Blender Bros. (USA),USA
ABRE,Blender Bros. (World),
B6EE,Board Game Classics (USA),USA
B6EP,"Board Game Classics - Backgammon & Chess & Draughts (Europe) (En,Fr,De,Es,It)",Europe
BB9J,Boboboubo Boubobo - 9 Kyoku Senshi Gag Yuugou (Japan),Japan
BOSJ,Boboboubo Boubobo - Bakutou Hajike Taisen (Japan),Japan
BOBJ,Boboboubo Boubobo - Maji de!! Shinken Battle (Japan),Japan
A8VJ,Boboboubo Boubobo - Ougi 87.5 Bakuretsu Hanage Shinken (Japan),Japan
U3IP,"Boktai - The Sun Is in Your Hand (Europe) (En,Fr,De,Es,It)",Europe
U3IE,Boktai - The Sun Is in Your Hand (USA),USA
A3IJ,Boktai - The Sun Is in Your Hand (USA) (Sample),USA
U32P,"Boktai 2 - Solar Boy Django (Europe) (En,Fr,De,Es,It)",Europe
U32E,Boktai 2 - Solar Boy Django (USA),USA
ABCJ,Boku wa Koukuu Kanseikan (Japan) (Rev 1),Japan
A4NJ,Bokujou Monogatari - Mineral Town no Nakama-tachi (Japan),Japan
BFGJ,Bokujou Monogatari - Mineral Town no Nakama-tachi for Girl (Japan),Japan
U3IJ,Bokura no Taiyou - Taiyou Action RPG (Japan),Japan
AJZJ,Bomberman Jetters - Densetsu no Bomberman (Japan),Japan
BOMJ,Bomberman Jetters - Game Collection (Japan),Japan
AMHP,"Bomberman Max 2 - Blue Advance (Europe) (En,Fr,De)",Europe
AMHE,Bomberman Max 2 - Blue Advance (USA),USA
AMHJ,Bomberman Max 2 - Bomberman Version (Japan),Japan
AMYJ,Bomberman Max 2 - Max Version (Japan),Japan
AMYP,"Bomberman Max 2 - Red Advance (Europe) (En,Fr,De)",Europe
AMYE,Bomberman Max 2 - Red Advance (USA),USA
ABSJ,Bomberman Story (Japan),Japan
ABSE,"Bomberman Tournament (USA, Europe)",USA
BKWE,Bookworm (USA),USA
APJJ,Bouken Yuuki Pluster World - Densetsu no Plust Gate (Japan),Japan
BPDJ,Bouken Yuuki Pluster World - Densetsu no Plust Gate EX (Japan),Japan
A2PJ,Bouken Yuuki Pluster World - Pluston GP (Japan),Japan
BOVJ,Bouken-ou Beet - Busters Road (Japan),Japan
BBSJ,Boukyaku no Senritsu (Japan),Japan
ABDP,"Boulder Dash EX (Europe) (En,Fr,De)",Europe
ABDJ,Boulder Dash EX (Japan),Japan
ABDE,Boulder Dash EX (USA),USA
ABOE,"Boxing Fever (USA, Europe)",USA
A2RP,"Bratz (Europe) (En,Fr,De,Es,It)",Europe
A2RE,"Bratz (USA) (En,Fr,Es)",USA
BBZP,"Bratz - Babyz (Europe) (En,Es,It)",Europe
BBZE,Bratz - Babyz (USA),USA
BXFP,"Bratz - Forever Diamondz (Europe) (En,Fr,Es,It)",Europe
BXFD,Bratz - Forever Diamondz (Germany),Germany
BXFE,Bratz - Forever Diamondz (USA),USA
BRRF,Bratz - Rock Angelz (France),France
BRRD,Bratz - Rock Angelz (Germany),Germany
BRRS,Bratz - Rock Angelz (Spain),Spain
BRRE,"Bratz - Rock Angelz (USA, Europe)",USA
BBUP,Bratz - The Movie (Europe),Europe
BBUX,"Bratz - The Movie (Europe) (Es,It)",Europe
BBUD,Bratz - The Movie (Germany),Germany
BBUE,Bratz - The Movie (USA),USA
ABFP,Breath of Fire (Europe),Europe
ABFX,"Breath of Fire (Europe) (En,Fr,De)",Europe
ABFE,Breath of Fire (USA),USA
ABFJ,Breath of Fire - Ryuu no Senshi (Japan),Japan
AB2P,Breath of Fire II (Europe),Europe
AB2E,Breath of Fire II (USA),USA
AB2J,Breath of Fire II - Shimei no Ko (Japan),Japan
ABYP,Britney's Dance Beat (Europe),Europe
ABYY,"Britney's Dance Beat (Europe) (En,De)",Europe
ABYX,"Britney's Dance Beat (Europe) (En,Fr)",Europe
ABYE,Britney's Dance Beat (USA),USA
ABJP,"Broken Sword - The Shadow of the Templars (Europe) (En,Fr,De,Es,It)",Europe
ABJE,"Broken Sword - The Shadow of the Templars (USA) (En,Fr,De,Es,It)",USA
BBRP,Brother Bear (Europe),Europe
BBRX,"Brother Bear (Europe) (Fr,De,Es,It,Nl,Sv,Da)",Europe
BBRE,Brother Bear (USA),USA
ALEP,"Bruce Lee - Return of the Legend (Europe) (En,Fr,De,Es,It)",Europe
ALEE,Bruce Lee - Return of the Legend (USA),USA
AONP,"Bubble Bobble - Old & New (Europe) (En,Fr,De,Es,It)",Europe
A2BJ,Bubble Bobble - Old & New (Japan),Japan
AONE,Bubble Bobble - Old & New (USA),USA
AVYD,Buffy - Im Bann der Daemonen - Koenig Darkhuls Zorn (Germany),Germany
AVYF,Buffy contre les Vampires - La Colere de Darkhul (France),France
AVYE,"Buffy the Vampire Slayer - Wrath of the Darkhul King (USA, Europe)",USA
BBKJ,Bura Bura Donkey (Japan),Japan
AUQP,"Butt-Ugly Martians - B.K.M. Battles (Europe) (En,Fr,De,Es,It)",Europe
ABWE,Butt-Ugly Martians - B.K.M. Battles (USA),USA
BCME,CIMA - The Enemy (USA),USA
AC7P,"CT Special Forces (Europe) (En,Fr,De,Es,It,Nl)",Europe
AC7P,"CT Special Forces (Europe) (En,Fr,De,Es,It,Nl) (Beta)",Europe
AC7E,"CT Special Forces (USA) (En,Fr,De,Es,It,Nl)",USA
A9CP,"CT Special Forces - Back to Hell (Europe) (En,Fr,De,Es,It,Nl)",Europe
A9CE,"CT Special Forces 2 - Back in the Trenches (USA) (En,Fr,De,Es,It,Nl)",USA
BC3P,"CT Special Forces 3 - Bioterror (Europe) (En,Fr,De,Es,It,Nl)",Europe
BCGP,Cabbage Patch Kids - The Patch Puppy Rescue (Europe),Europe
BCGE,Cabbage Patch Kids - The Patch Puppy Rescue (USA),USA
A8HE,Cabela's Big Game Hunter (USA),USA
BG5E,"Cabela's Big Game Hunter - 2005 Adventures (USA, Europe)",USA
ACPE,"Caesars Palace Advance - Millennium Gold Edition (USA, Europe)",USA
BIXJ,Calciobit (Japan),Japan
BLCP,Camp Lazlo - Leaky Lake Games (Europe),Europe
BLCE,Camp Lazlo - Leaky Lake Games (USA),USA
BC6E,Capcom Classics Mini Mix (USA),USA
AKYJ,Captain Tsubasa - Eikou no Kiseki (Japan),Japan
ACBE,Car Battler Joe (USA),USA
A8CJ,Card Party (Japan),Japan
PEAJ,Card e-Reader (Japan),Japan
PSAJ,Card e-Reader+ (Japan),Japan
BKSJ,Cardcaptor Sakura - Sakura Card Hen - Sakura to Card to Otomodachi (Japan),Japan
BKSJ,Cardcaptor Sakura - Sakura Card Hen - Sakura to Card to Otomodachi (Japan) (Rev 1),Japan
BK3J,Cardcaptor Sakura - Sakura Card de Mini Game (Japan),Japan
BEAP,"Care Bears - The Care Quest (Europe) (En,Fr,De,Es,It,Nl,Pt,Da)",Europe
BEAE,"Care Bears - The Care Quest (USA) (En,Fr,Es)",USA
AEDP,"Carrera Power Slide (Europe) (En,Fr,De,Es,It,Nl)",Europe
BCAY,"Cars (Europe) (Es,Pt)",Europe
BCAX,"Cars (Europe) (Fr,Nl)",Europe
BCAZ,"Cars (Europe) (Sv,No,Da,Fi)",Europe
BCAD,Cars (Germany),Germany
BCAJ,Cars (Japan),Japan
BCAE,"Cars (USA, Europe)",USA
BCPP,"Cars - Mater-National Championship (Europe) (En,Fr,De,Es,It,Nl)",Europe
BCPE,"Cars - Mater-National Championship (USA) (En,Fr)",USA
BCAI,Cars - Motori Ruggenti (Italy),Italy
AC9E,Cartoon Network Block Party (USA),USA
AHYE,Cartoon Network Block Party (USA) (Beta),USA
ANRE,Cartoon Network Speedway (USA),USA
ACSP,"Casper (Europe) (En,Fr,De,Es,It,Nl,Pt)",Europe
ACSE,"Casper (USA) (En,Fr,Es)",USA
AAMP,Castlevania (Europe),Europe
AAMP,Castlevania (Europe) (Castlevania Advance Collection),Europe
AAMP,Castlevania (Europe) (Virtual Console),Europe
A2CJ,Castlevania - Akatsuki no Minuet (Japan),Japan
A2CJ,Castlevania - Akatsuki no Minuet (Japan) (Castlevania Advance Collection),Japan
A2CJ,Castlevania - Akatsuki no Minuet (Japan) (Virtual Console),Japan
A2CP,"Castlevania - Aria of Sorrow (Europe) (En,Fr,De)",Europe
A2CP,"Castlevania - Aria of Sorrow (Europe) (En,Fr,De) (Castlevania Advance Collection)",Europe
A2CP,"Castlevania - Aria of Sorrow (Europe) (En,Fr,De) (Virtual Console)",Europe
A2CE,Castlevania - Aria of Sorrow (USA),USA
A2CE,Castlevania - Aria of Sorrow (USA) (Castlevania Advance Collection),USA
A2CE,Castlevania - Aria of Sorrow (USA) (Virtual Console),USA
ACHJ,Castlevania - Byakuya no Concerto (Japan),Japan
ACHJ,Castlevania - Byakuya no Concerto (Japan) (Castlevania Advance Collection),Japan
AAME,Castlevania - Circle of the Moon (USA),USA
AAME,Castlevania - Circle of the Moon (USA) (Castlevania Advance Collection),USA
AAME,Castlevania - Circle of the Moon (USA) (Virtual Console),USA
ACHP,Castlevania - Harmony of Dissonance (Europe),Europe
ACHP,Castlevania - Harmony of Dissonance (Europe) (Castlevania Advance Collection),Europe
ACHE,Castlevania - Harmony of Dissonance (USA),USA
ACHE,Castlevania - Harmony of Dissonance (USA) (Castlevania Advance Collection),USA
BXKP,"Castlevania Double Pack (Europe) (En,Fr,De)",Europe
BXKE,Castlevania Double Pack (USA),USA
AWNP,"Castleween (Europe) (En,Fr,De,Es,It)",Europe
AQTP,"Cat in the Hat, The (Europe) (En,Fr,De,Es,It)",Europe
BCTE,"Cat in the Hat, The (USA)",USA
BCWE,"Catwoman (USA, Europe) (En,Fr,De,Es,It,Nl)",USA
AN3X,"Catz (Europe) (En,Fr,De,It)",Europe
AN3E,"Catz (USA, Europe)",USA
AMAC,Chaoji Maliou 2 (China),China
AA2C,Chaoji Maliou Shijie (China),China
BCFP,"Charlie and the Chocolate Factory (Europe) (En,Fr,Es,Nl)",Europe
BCFE,"Charlie and the Chocolate Factory (USA) (En,Fr,Es,Nl)",USA
BCJP,"Charlotte's Web (Europe) (En,Fr,De,Es,It)",Europe
BCJE,"Charlotte's Web (USA) (En,Fr,De,Es,It)",USA
BCQE,"Cheetah Girls, The (USA)",USA
ACYP,Chessmaster (Europe),Europe
ACYF,Chessmaster (France),France
ACYD,Chessmaster (Germany),Germany
ACYE,Chessmaster (USA),USA
A55I,Chi Vuol Essere Milionario (Italy),Italy
BCHJ,Chicken Little (Japan),Japan
BCHE,"Chicken Little (USA, Europe) (En,Fr,De,Es,It,Nl)",USA
B6FP,"Chicken Shoot (Europe) (En,Fr,De,Es,It)",Europe
B6FE,Chicken Shoot (USA),USA
B6GP,"Chicken Shoot 2 (Europe) (En,Fr,De,Es,It)",Europe
B6GE,Chicken Shoot 2 (USA),USA
AGDJ,Chinmoku no Iseki - Estpolis Gaiden (Japan),Japan
AGDJ,Chinmoku no Iseki - Estpolis Gaiden (Japan) (Virtual Console),Japan
AOCJ,Chobits for Game Boy Advance - Atashi Dake no Hito (Japan),Japan
A5BJ,Chocobo Land - A Game of Dice (Japan),Japan
AQAJ,Choro Q Advance (Japan),Japan
AQAJ,Choro Q Advance (Japan) (Rev 1),Japan
AQ2J,Choro Q Advance 2 (Japan),Japan
ACJJ,Chou Makaimura R (Japan),Japan
ACJJ,Chou Makaimura R (Japan) (Virtual Console),Japan
B2WE,"Chronicles of Narnia, The - The Lion, the Witch and the Wardrobe (USA, Europe) (En,Fr,De,Es,It,Nl,Sv,Da)",USA
ACRP,"ChuChu Rocket! (Europe) (En,Ja,Fr,De,Es)",Europe
ACRJ,"ChuChu Rocket! (Japan) (En,Ja,Fr,De,Es)",Japan
ACRJ,"ChuChu Rocket! (Japan) (En,Ja,Fr,De,Es) (Virtual Console)",Japan
ACRE,"ChuChu Rocket! (USA) (En,Ja,Fr,De,Es)",USA
BCDP,"Cinderella - Magical Dreams (Europe) (En,Fr,De,Es,It)",Europe
BCDE,"Cinderella - Magical Dreams (USA) (En,Fr,De,Es,It)",USA
B43J,Cinnamon - Fuwafuwa Daisakusen (Japan),Japan
B2SJ,Cinnamon - Yume no Daibouken (Japan),Japan
BPSJ,Cinnamoroll - Koko ni Iru yo (Japan),Japan
FBME,"Classic NES Series - Bomberman (USA, Europe)",USA
FADE,Classic NES Series - Castlevania (USA),USA
FDKE,"Classic NES Series - Donkey Kong (USA, Europe)",USA
FDME,"Classic NES Series - Dr. Mario (USA, Europe)",USA
FEBE,"Classic NES Series - Excitebike (USA, Europe)",USA
FICE,"Classic NES Series - Ice Climber (USA, Europe)",USA
FMRE,"Classic NES Series - Metroid (USA, Europe)",USA
FP7E,"Classic NES Series - Pac-Man (USA, Europe)",USA
FSME,"Classic NES Series - Super Mario Bros. (USA, Europe)",USA
FZLE,"Classic NES Series - The Legend of Zelda (USA, Europe)",USA
FXVE,"Classic NES Series - Xevious (USA, Europe)",USA
FLBE,"Classic NES Series - Zelda II - The Adventure of Link (USA, Europe)",USA
BC5P,"Cocoto - Kart Racer (Europe) (En,Fr,De,Es,It)",Europe
BC8P,"Cocoto - Platform Jumper (Europe) (En,Fr,De,Es,It)",Europe
BNDE,Codename - Kids Next Door - Operation S.O.D.A. (USA),USA
ACMP,"Colin McRae Rally 2.0 (Europe) (En,Fr,De)",Europe
ACME,"Colin McRae Rally 2.0 (USA) (En,Fr,De)",USA
ACGP,Columns Crown (Europe),Europe
ACGJ,Columns Crown (Japan),Japan
ACGE,Columns Crown (USA),USA
AQCJ,Combat Choro Q - Advance Daisakusen (Japan),Japan
BW5E,"Combo Pack - Sonic Advance + Sonic Pinball Party (USA) (En,Ja,Fr,De,Es+En,Ja,Fr,De,Es,It)",USA
ACZP,"Comix Zone (Europe) (En,Fr,De,Es,It)",Europe
AAWP,Contra Advance - The Alien Wars EX (Europe),Europe
AAWP,Contra Advance - The Alien Wars EX (Europe) (Virtual Console),Europe
AAWE,Contra Advance - The Alien Wars EX (USA),USA
AAWE,Contra Advance - The Alien Wars EX (USA) (Virtual Console),USA
AAWJ,Contra Hard Spirits (Japan) (En),Japan
AAWJ,Contra Hard Spirits (Japan) (En) (Virtual Console),Japan
AVCE,"Corvette (USA) (En,Fr,De,Es,It)",USA
BF2D,Cosmo & Wanda - Wenn Elfen Helfen! - Das Schattenduell (Germany),Germany
B5AP,"Crash & Spyro Super Pack Volume 1 (Europe) (En,Fr,De,Es,It,Nl)",Europe
B52P,"Crash & Spyro Super Pack Volume 2 (Europe) (En,Fr,De,Es,It,Nl)",Europe
B53P,"Crash & Spyro Super Pack Volume 3 (Europe) (En,Fr,De,Es,It)",Europe
B54E,Crash & Spyro Superpack - Spyro - Season of Ice + Crash Bandicoot - The Huge Adventure (USA),USA
ACQE,Crash Bandicoot - The Huge Adventure (USA),USA
AC8P,"Crash Bandicoot 2 - N-Tranced (Europe) (En,Fr,De,Es,It,Nl)",Europe
AC8E,Crash Bandicoot 2 - N-Tranced (USA),USA
ACUJ,Crash Bandicoot Advance (Japan),Japan
BKDJ,Crash Bandicoot Advance - Wakuwaku Tomodachi Daisakusen! (Japan),Japan
AC8J,Crash Bandicoot Advance 2 - Guruguru Saimin Dai-panic! (Japan),Japan
BCNJ,Crash Bandicoot Bakusou! Nitro Cart (Japan),Japan
BD4P,"Crash Bandicoot Fusion (Europe) (En,Fr,De,Es,It)",Europe
BD4E,Crash Bandicoot Purple - Ripto's Rampage (USA),USA
BD4E,Crash Bandicoot Purple - Ripto's Rampage (USA) (Rev 1),USA
ACQP,"Crash Bandicoot XS (Europe) (En,Fr,De,Es,It,Nl)",Europe
BCNP,"Crash Nitro Kart (Europe) (En,Fr,De,Es,It,Nl)",Europe
BCNE,Crash Nitro Kart (USA),USA
B8AE,Crash Superpack - Crash Bandicoot 2 - N-Tranced + Crash Nitro Kart (USA),USA
BQCP,"Crash of the Titans (Europe) (En,Fr,De,Es,It,Nl)",Europe
BQCE,"Crash of the Titans (USA) (En,Fr)",USA
BKCJ,Crayon Shin-chan - Arashi o Yobu Cinemaland no Daibouken! (Japan),Japan
ACCP,"Crazy Chase (Europe) (En,Fr,De)",Europe
APXJ,"Crazy Chase (Europe) (En,Fr,De) (Beta)",Europe
ACCE,Crazy Chase (USA),USA
APXJ,Crazy Chase (USA) (Beta),USA
BCRP,"Crazy Frog Racer (Europe) (En,Fr,De,Nl)",Europe
A3CP,"Crazy Taxi - Catch a Ride (Europe) (En,Fr,De,Es,It)",Europe
A3CE,Crazy Taxi - Catch a Ride (USA),USA
ACTY,"Creatures (Europe) (En,Es,It)",Europe
ACTX,"Creatures (Europe) (En,Fr,De)",Europe
A6CJ,Croket! - Yume no Banker Survival! (Japan),Japan
BK2J,Croket! 2 - Yami no Bank to Banqueen (Japan),Japan
B3KJ,Croket! 3 - Granu Oukoku no Nazo (Japan),Japan
BK4J,Croket! 4 - Bank no Mori no Mamorigami (Japan),Japan
BK5J,Croket! Great - Toki no Boukensha (Japan),Japan
ARQP,Cross Town Heroes (Europe),Europe
ARQE,Cross Town Heroes (USA),USA
AQDP,"Crouching Tiger, Hidden Dragon (Europe) (En,Fr,De,Es,It)",Europe
AQDE,"Crouching Tiger, Hidden Dragon (USA) (En,Fr,Es)",USA
ACFE,"Cruis'n Velocity (USA, Europe)",USA
BCBE,Crushed Baseball (USA),USA
ACXE,Cubix - Robots for Everyone - Clash 'N Bash (USA),USA
B3JP,"Curious George (Europe) (En,Fr,De,Es,It,Sv,Da)",Europe
B3JE,Curious George (USA),USA
ARJJ,Custom Robo GX (Japan),Japan
AZ3J,Cyberdrive Zoids - Kijuu no Senshi Hyuu (Japan),Japan
BBKP,"DK - King of Swing (Europe) (En,Fr,De,Es,It)",Europe
BBKE,DK - King of Swing (USA),USA
AHMJ,Dai-mahjong. (Japan),Japan
ZBBJ,Daigassou! Band-Brothers - Request Selection (Japan) (DS Expansion Cartridge),Japan
ADSJ,Daisenryaku for Game Boy Advance (Japan),Japan
ATDJ,Daisuki Teddy (Japan),Japan
BDNJ,Dan Doh!! Tobase Shouri no Smile Shot (Japan),Japan
AXHJ,Dan Doh!! Xi (Japan),Japan
A9SJ,Dancing Sword - Senkou (Japan),Japan
BQYD,Danny Phantom - Dschungelstadt (Germany),Germany
BUEX,"Danny Phantom - The Ultimate Enemy (Europe) (En,De,Es)",Europe
BUEP,"Danny Phantom - The Ultimate Enemy (Europe) (En,Fr,Nl)",Europe
BUEE,Danny Phantom - The Ultimate Enemy (USA),USA
BQYE,Danny Phantom - Urban Jungle (USA),USA
AVLX,"Daredevil (Europe) (En,Fr,Es,It)",Europe
AVLD,Daredevil (Germany),Germany
AVLE,"Daredevil (USA, Europe)",USA
A2DJ,Darius R (Japan) (En),Japan
ADAE,"Dark Arena (USA, Europe)",USA
ALHJ,Dark Empire (Japan) (Proto),Japan
AX2P,"Dave Mirra Freestyle BMX 2 (Europe) (En,Fr,De,Es,It)",Europe
AX2P,"Dave Mirra Freestyle BMX 2 (Europe) (En,Fr,De,Es,It) (Rev 1)",Europe
AX2E,Dave Mirra Freestyle BMX 2 (USA),USA
AB3E,"Dave Mirra Freestyle BMX 3 (USA, Europe)",USA
ABQP,"David Beckham Soccer (Europe) (En,Fr,De,Es,It)",Europe
ABQE,"David Beckham Soccer (USA) (En,Es)",USA
AD6P,"Davis Cup (Europe) (En,Fr,De,Es,It)",Europe
AD6E,"Davis Cup (USA) (En,Fr,De,Es,It)",USA
BDEP,"Dead to Rights (Europe) (En,Fr,De,Es,It)",Europe
BDEE,Dead to Rights (USA),USA
AAKP,"Deadly Skies (Europe) (En,Ja,Fr,De)",Europe
BZNE,Deal or No Deal (USA),USA
A2FE,Defender (USA),USA
A2FP,"Defender - For All Mankind (Europe) (En,Fr,De,Es,It)",Europe
ADHP,Defender of the Crown (Europe),Europe
ADHE,Defender of the Crown (USA),USA
AC5E,DemiKids - Dark Version (USA),USA
AL4E,DemiKids - Light Version (USA),USA
A9AP,Demon Driver - Time to Burn Rubber! (Europe),Europe
A9AE,Demon Driver - Time to Burn Rubber! (USA),USA
ADBP,"Denki Blocks! (Europe) (En,Fr,De,Es,It)",Europe
ADBJ,Denki Blocks! (Japan),Japan
ADBE,"Denki Blocks! (USA) (En,Es)",USA
ASTJ,Densetsu no Stafy (Japan),Japan
AVFJ,Densetsu no Stafy 2 (Japan),Japan
AVFJ,Densetsu no Stafy 2 (Japan) (Virtual Console),Japan
B3DJ,Densetsu no Stafy 3 (Japan),Japan
B3DJ,Densetsu no Stafy 3 (Japan) (Rev 1),Japan
B3DJ,Densetsu no Stafy 3 (Japan) (Rev 1) (Virtual Console),Japan
A8PJ,Derby Stallion Advance (Japan),Japan
ADIE,Desert Strike Advance (USA),USA
BIDD,Deutschland Sucht den Superstar (Germany),Germany
ADXP,"Dexter's Laboratory - Chess Challenge (Europe) (En,Fr,De,Es)",Europe
ADXE,Dexter's Laboratory - Chess Challenge (USA),USA
ADLP,"Dexter's Laboratory - Deesaster Strikes! (Europe) (En,Fr,De,Es,It)",Europe
ADLE,"Dexter's Laboratory - Deesaster Strikes! (USA) (En,Fr,De,Es,It)",USA
ADLE,"Dexter's Laboratory - Deesaster Strikes! (USA) (En,Fr,De,Es,It) (Rev 1)",USA
A3OJ,Di Gi Charat - DigiCommunication (Japan),Japan
ADDJ,Diadroids World - Evil Teikoku no Yabou (Japan),Japan
RARE,Diddy Kong Pilot (USA) (Beta 2),USA
BDKJ,DigiCommunication Nyo - Datou! Black Gemagema Dan (Japan),Japan
A8SP,"Digimon - Battle Spirit (Europe) (En,Fr,De,Es,It)",Europe
A8SE,Digimon - Battle Spirit (USA),USA
BDSP,"Digimon - Battle Spirit 2 (Europe) (En,Fr,De,Es,It)",Europe
BDSE,"Digimon - Battle Spirit 2 (USA) (En,Fr,De,Es,It)",USA
BDGP,"Digimon Racing (Europe) (En,Fr,De,Es,It)",Europe
BDJJ,Digimon Racing (Japan),Japan
BDGE,"Digimon Racing (USA) (En,Fr,De,Es,It)",USA
AD3E,"Dinotopia - The Timestone Pirates (USA, Europe) (En,Fr,De,Es,It,Nl)",USA
AQDS,Disney Princesas (Spain),Spain
AQPE,"Disney Princess (USA, Europe)",USA
BQNP,"Disney Princess - Royal Adventure (Europe) (En,Fr,De)",Europe
BQNE,Disney Princess - Royal Adventure (USA),USA
AQPF,Disney Princesse (France),France
AQPI,Disney Principesse (Italy),Italy
A3DJ,Disney Sports - American Football (Japan),Japan
A2AP,"Disney Sports - Basketball (Europe) (En,Fr,De,Es,It)",Europe
A2AJ,Disney Sports - Basketball (Japan),Japan
A2AE,Disney Sports - Basketball (USA),USA
A6DP,"Disney Sports - Football (Soccer) (Europe) (En,Fr,De,Es,It)",Europe
A3DE,Disney Sports - Football (USA),USA
AOMP,"Disney Sports - Motocross (Europe) (En,Fr,De,Es,It)",Europe
AOMJ,Disney Sports - Motocross (Japan),Japan
AOME,Disney Sports - Motocross (USA),USA
A4DP,"Disney Sports - Skateboarding (Europe) (En,Fr,De,Es,It)",Europe
A4DJ,Disney Sports - Skateboarding (Japan),Japan
A4DE,Disney Sports - Skateboarding (USA),USA
A5DP,"Disney Sports - Snowboarding (Europe) (En,Fr,De,Es,It)",Europe
A5DJ,Disney Sports - Snowboarding (Japan),Japan
A5DE,Disney Sports - Snowboarding (USA),USA
A6DJ,Disney Sports - Soccer (Japan),Japan
A6DE,Disney Sports - Soccer (USA),USA
BL4E,"Disney's Game + TV Episode - Lizzie McGuire 2 - Lizzie Diaries (USA) (En,Fr)",USA
BD8E,"Disney's Party (USA, Europe) (En,Fr,De,Es,It)",USA
AQPD,Disneys Prinzessinnen (Germany),Germany
ASNC,Dog Trainer (Europe) (DS Cheat Cartridge),Europe
A7CE,Dog Trainer 2 (Europe) (DS Cheat Cartridge),Europe
B82P,Dogz (Europe),Europe
B82Y,"Dogz (Europe) (En,Fr,De,It)",Europe
B82X,Dogz (France),France
B82E,Dogz (USA),USA
BFEP,Dogz - Fashion (Europe),Europe
BFEE,Dogz - Fashion (USA),USA
BIMP,Dogz 2 (Europe),Europe
BIMX,"Dogz 2 (Europe) (En,Fr,De,It)",Europe
BIME,Dogz 2 (USA),USA
BIME,Dogz 2 (USA) (Rev 1),USA
ADQE,Dokapon - Monster Hunter (USA),USA
ADQP,"Dokapon - Monster Hunter! (Europe) (En,Fr,De)",Europe
ADQJ,Dokapon Q - Monster Hunter! (Japan),Japan
A56J,Dokidoki Cooking Series 1 - Komugi-chan no Happy Cake (Japan),Japan
A8OJ,Dokidoki Cooking Series 2 - Gourmet Kitchen - Suteki na Obentou (Japan),Japan
AYAJ,Dokodemo Taikyoku - Yakuman Advance (Japan),Japan
AYAJ,Dokodemo Taikyoku - Yakuman Advance (Japan) (Rev 1),Japan
ADOJ,Domo-kun no Fushigi Television (Japan),Japan
BDAJ,Don-chan Puzzle - Hanabi de Doon! Advance (Japan),Japan
ADKP,"Donald Duck Advance (Europe) (En,Fr,De,Es,It)",Europe
AADJ,Donald Duck Advance (Japan),Japan
ADKE,Donald Duck Advance (USA),USA
A5NP,"Donkey Kong Country (Europe) (En,Fr,De,Es,It)",Europe
A5NE,Donkey Kong Country (USA),USA
B2DP,"Donkey Kong Country 2 (Europe) (En,Fr,De,Es,It)",Europe
B2DE,Donkey Kong Country 2 (USA),USA
BDQP,"Donkey Kong Country 3 (Europe) (En,Fr,De,Es,It)",Europe
BDQE,Donkey Kong Country 3 (USA),USA
A5NE,Donkey Kong Country 3 (USA) (Beta),USA
ADME,"Doom (USA, Europe)",USA
A9DP,Doom II (Europe),Europe
A9DE,Doom II (USA),USA
BXPE,Dora the Explorer - Dora's World Adventure! (USA),USA
BERE,Dora the Explorer - Super Spies (USA),USA
BDOP,"Dora the Explorer - Super Star Adventures! (Europe) (En,Fr,Nl)",Europe
BDOE,Dora the Explorer - Super Star Adventures! (USA),USA
AERE,Dora the Explorer - The Search for the Pirate Pig's Treasure (USA),USA
B2EE,Dora the Explorer Double Pack (USA),USA
B2EE,Dora the Explorer Double Pack (USA) (Beta),USA
ADPJ,Doraemon - Dokodemo Walker (Japan),Japan
ADRJ,Doraemon - Midori no Wakusei Dokidoki Daikyuushutsu! (Japan),Japan
BDDJ,Double Dragon Advance (Japan),Japan
BDDE,Double Dragon Advance (USA),USA
BW2P,Double Game! - Cartoon Network Block Party & Cartoon Network Speedway (Europe),Europe
BWCP,Double Game! - Golden Nugget Casino & Texas Hold 'em Poker (Europe),Europe
BWQP,Double Game! - Quad Desert Fury & Monster Trucks (Europe),Europe
BW3J,"Double Pack - Sonic Advance & ChuChu Rocket! (Japan) (En,Ja,Fr,De,Es)",Japan
BW4J,"Double Pack - Sonic Battle & Sonic Advance (Japan) (En,Ja,Fr,De,Es+En,Ja)",Japan
BW6J,"Double Pack - Sonic Pinball Party & Sonic Battle (Japan) (En,Ja+En,Ja,Fr,De,Es,It)",Japan
A8DJ,Doubutsu-jima no Chobigurumi (Japan),Japan
A8DJ,Doubutsu-jima no Chobigurumi (Japan) (Rev 1),Japan
BDCJ,Doubutsu-jima no Chobigurumi 2 - Tama-chan Monogatari (Japan),Japan
ADWE,"Downforce (Europe) (En,Fr,De,Es,It)",Europe
BDTJ,Downtown - Nekketsu Monogatari EX (Japan),Japan
BZPJ,Dr. Mario & Panel de Pon (Japan),Japan
A6TP,"Dr. Muto (Europe) (En,Fr,De,Es,It)",Europe
AQTE,Dr. Seuss' The Cat in the Hat (USA),USA
BUOP,Dr. Sudoku (Europe),Europe
BUOE,Dr. Sudoku (USA),USA
BDVJ,Dragon Ball - Advance Adventure (Japan),Japan
BDVK,Dragon Ball - Advance Adventure (Korea),Korea
BDVP,"Dragon Ball - Advanced Adventure (Europe) (En,Fr,De,Es,It)",Europe
BDVE,Dragon Ball - Advanced Adventure (USA),USA
BT4E,Dragon Ball GT - Transformation (USA),USA
AZJJ,Dragon Ball Z - Bukuu Tougeki (Japan),Japan
BG3E,Dragon Ball Z - Buu's Fury (USA),USA
ADZE,Dragon Ball Z - Collectible Card Game (USA),USA
AZJK,Dragon Ball Z - Moogongtoogeuk (Korea),Korea
AZJP,"Dragon Ball Z - Supersonic Warriors (Europe) (En,Fr,De,Es,It)",Europe
AZJE,Dragon Ball Z - Supersonic Warriors (USA),USA
BDBP,"Dragon Ball Z - Taiketsu (Europe) (En,Fr,De,Es,It)",Europe
BDBE,Dragon Ball Z - Taiketsu (USA),USA
ALGP,"Dragon Ball Z - The Legacy of Goku (Europe) (En,Fr,De,Es,It)",Europe
ALGE,Dragon Ball Z - The Legacy of Goku (USA),USA
ALFP,"Dragon Ball Z - The Legacy of Goku II (Europe) (En,Fr,De,Es,It)",Europe
ALFE,Dragon Ball Z - The Legacy of Goku II (USA),USA
ALFJ,Dragon Ball Z - The Legacy of Goku II International (Japan),Japan
A5GJ,Dragon Drive - World D Break (Japan),Japan
AT2J,Dragon Quest Characters - Torneko no Daibouken 2 Advance - Fushigi no Dungeon (Japan),Japan
BD3J,Dragon Quest Characters - Torneko no Daibouken 3 Advance - Fushigi no Dungeon (Japan),Japan
A9HJ,Dragon Quest Monsters - Caravan Heart (Japan),Japan
BD9E,Dragon Tales - Dragon Adventures (USA),USA
BJDP,"Dragon's Rock (Europe) (En,Fr,De,Es,It)",Europe
AJYE,"Drake & Josh (USA) (En,Fr)",USA
BQ7E,"Drake & Josh (USA) (En,Fr) (Beta)",USA
V49P,"Drill Dozer (Europe) (En,Fr,De,Es,It) (Virtual Console)",Europe
V49E,Drill Dozer (USA),USA
B3RP,"Driv3r (Europe) (En,Fr,De,Es,It)",Europe
B3RE,Driv3r (USA),USA
ADVP,"Driven (Europe) (En,Fr,De,Es,It)",Europe
ADVE,"Driven (USA) (En,Fr,De,Es,It)",USA
ADUP,"Driver 2 Advance (Europe) (En,Fr,De,Es,It)",Europe
ADUP,"Driver 2 Advance (Europe) (En,Fr,De,Es,It) (Beta 2)",Europe
ADUE,Driver 2 Advance (USA),USA
AOEX,"Drome Racers (Europe) (En,Fr,De,Da)",Europe
AOEE,Drome Racers (USA),USA
AD7P,"Droopy's Tennis Open (Europe) (En,Fr,De,Es,It,Nl)",Europe
AD7P,"Droopy's Tennis Open (Europe) (En,Fr,De,Es,It,Nl) (Beta)",Europe
AB9J,Dual Blades (Japan),Japan
AB9E,Dual Blades (USA),USA
AA9J,Duel Masters (Japan),Japan
BD6P,"Duel Masters - Kaijudo Showdown (Europe) (En,Fr,De,Es,It)",Europe
BD6E,Duel Masters - Kaijudo Showdown (USA),USA
AA9P,"Duel Masters - Sempai Legends (Europe) (En,Fr,De,Es,It)",Europe
AA9E,Duel Masters - Sempai Legends (USA),USA
BDUP,"Duel Masters - Shadow of the Code (Europe) (En,Fr,De,Es,It)",Europe
BDUE,Duel Masters - Shadow of the Code (USA),USA
BD2J,Duel Masters 2 - Invincible Advance (Japan),Japan
BD5J,Duel Masters 2 - Kirifuda Shoubu Ver. (Japan),Japan
BDUJ,Duel Masters 3 (Japan),Japan
BDUJ,Duel Masters 3 (Japan) (Rev 1),Japan
AD9P,"Duke Nukem Advance (Europe) (En,Fr,De,It)",Europe
AD9E,Duke Nukem Advance (USA),USA
AD4P,"Dungeons & Dragons - Eye of the Beholder (Europe) (En,Fr,De,Es,It)",Europe
AD4E,Dungeons & Dragons - Eye of the Beholder (USA),USA
B36P,"Dynasty Warriors Advance (Europe) (En,Fr,De,Es,It)",Europe
B36E,Dynasty Warriors Advance (USA),USA
AETP,"E.T. - The Extra-Terrestrial (Europe) (En,Fr,De,Es,It,Nl)",Europe
AETE,E.T. - The Extra-Terrestrial (USA),USA
AGRP,ESPN Final Round Golf (Europe),Europe
AGRE,ESPN Final Round Golf 2002 (USA),USA
AMGE,ESPN Great Outdoor Games - Bass 2002 (USA),USA
AMGP,ESPN Great Outdoor Games - Bass Tournament (Europe),Europe
AWIP,ESPN International Winter Sports (Europe),Europe
AWIE,ESPN International Winter Sports 2002 (USA),USA
AWXP,ESPN Winter X-Games Snowboarding 2 (Europe),Europe
AWXJ,ESPN Winter X-Games Snowboarding 2002 (Japan) (En),Japan
AWXE,ESPN Winter X-Games Snowboarding 2002 (USA),USA
AXSP,"ESPN X-Games Skateboarding (Europe) (En,Fr,De,Es,It)",Europe
AXSJ,ESPN X-Games Skateboarding (Japan) (En),Japan
AXSE,ESPN X-Games Skateboarding (USA),USA
AMOJ,EX Monopoly (Japan),Japan
AMOJ,EX Monopoly (Japan) (Rev 1),Japan
A22J,EZ-Talk - Shokyuu Hen 1 (Japan),Japan
A23J,EZ-Talk - Shokyuu Hen 2 (Japan),Japan
A24J,EZ-Talk - Shokyuu Hen 3 (Japan),Japan
A25J,EZ-Talk - Shokyuu Hen 4 (Japan),Japan
A26J,EZ-Talk - Shokyuu Hen 5 (Japan),Japan
A27J,EZ-Talk - Shokyuu Hen 6 (Japan),Japan
AEJE,"Earthworm Jim (USA, Europe)",USA
AJ4P,"Earthworm Jim 2 (Europe) (En,Fr,De,Es,It)",Europe
AJ4E,Earthworm Jim 2 (USA),USA
AESP,"Ecks V Sever (Europe) (En,Fr,De,Es,It)",Europe
AESE,"Ecks vs Sever (USA) (En,Fr,De,Es,It)",USA
AEEP,"Ecks vs. Sever II - Ballistic (Europe) (En,Fr,De,Es,It)",Europe
AE3P,"Ed, Edd n Eddy - Jawbreakers! (Europe) (En,Fr,De,Es,It)",Europe
AE3E,"Ed, Edd n Eddy - Jawbreakers! (USA)",USA
AE3E,"Ed, Edd n Eddy - Jawbreakers! (USA) (Rev 1)",USA
BEDP,"Ed, Edd n Eddy - The Mis-Edventures (Europe) (En,Fr)",Europe
BEDE,"Ed, Edd n Eddy - The Mis-Edventures (USA) (En,Fr)",USA
AEME,"Egg Mania (USA) (En,Fr,Es)",USA
AEMJ,Egg Mania - Tsukande! Mawashite! Dossun Puzzle!! (Japan),Japan
AEMP,"Eggo Mania (Europe) (En,Fr,De,Es,It,Nl)",Europe
AEMP,"Eggo Mania (Europe) (En,Fr,De,Es,It,Nl) (Beta)",Europe
AEKJ,Elemix! (Japan),Japan
ANWJ,Elevator Action - Old & New (Japan),Japan
BELP,"Elf - The Movie (Europe) (En,Fr,De,Es,It)",Europe
BELE,"Elf - The Movie (USA) (En,Fr,De,Es,It)",USA
BEBE,Elf Bowling 1 & 2 (USA),USA
BZRE,"Enchanted - Once Upon Andalasia (USA) (En,Fr)",USA
BENP,"Eragon (Europe) (En,Fr,De,Es,It)",Europe
BENE,Eragon (USA),USA
BEJJ,Erementar Gerad - Tozasareshi Uta (Japan),Japan
BG6P,"Essence of War, The - Glory Days (Europe) (En,Fr,De,Es,It)",Europe
AELP,"European Super League (Europe) (En,Fr,De,Es,It)",Europe
AMGJ,Exciting Bass (Japan),Japan
AWTD,Expedition der Stachelbeeren - Zoff im Zoo (Germany),Germany
AEGP,"Extreme Ghostbusters - Code Ecto-1 (Europe) (En,Fr,De,Es,It,Pt)",Europe
AEGE,Extreme Ghostbusters - Code Ecto-1 (USA),USA
BESX,"Extreme Skate Adventure (Europe) (Fr,De)",Europe
BESE,Extreme Skate Adventure (USA) (Rev 1),USA
BESE,"Extreme Skate Adventure (USA, Europe)",USA
BE4J,Eyeshield 21 - DevilBats DevilDays (Japan),Japan
AFTE,"F-14 Tomcat (USA, Europe)",USA
BFTJ,F-Zero - Climax (Japan),Japan
BFTJ,F-Zero - Climax (Japan) (Virtual Console),Japan
BFZJ,F-Zero - Falcon Densetsu (Japan),Japan
BFZJ,F-Zero - Falcon Densetsu (Japan) (Virtual Console),Japan
BFZP,"F-Zero - GP Legend (Europe) (En,Fr,De,Es,It)",Europe
BFZP,"F-Zero - GP Legend (Europe) (En,Fr,De,Es,It) (Virtual Console)",Europe
BFZE,F-Zero - GP Legend (USA),USA
BFZE,F-Zero - GP Legend (USA) (Proto 1) (Netcard),USA
BFZE,F-Zero - GP Legend (USA) (Proto 10) (Netcard),USA
BFZE,F-Zero - GP Legend (USA) (Proto 11) (Netcard),USA
BFZE,F-Zero - GP Legend (USA) (Proto 12) (Netcard),USA
BFZE,F-Zero - GP Legend (USA) (Proto 13) (Netcard),USA
BFZE,F-Zero - GP Legend (USA) (Proto 2) (Netcard),USA
BFZE,F-Zero - GP Legend (USA) (Proto 3) (Netcard),USA
BFZE,F-Zero - GP Legend (USA) (Proto 4) (Netcard),USA
BFZE,F-Zero - GP Legend (USA) (Proto 5) (Netcard),USA
BFZE,F-Zero - GP Legend (USA) (Proto 6) (Netcard),USA
BFZE,F-Zero - GP Legend (USA) (Proto 7) (Netcard),USA
BFZE,F-Zero - GP Legend (USA) (Proto 8) (Netcard),USA
BFZE,F-Zero - GP Legend (USA) (Proto 9) (Netcard),USA
BFZE,F-Zero - GP Legend (USA) (Virtual Console),USA
AFZE,"F-Zero - Maximum Velocity (USA, Europe)",USA
AFZE,"F-Zero - Maximum Velocity (USA, Europe) (Virtual Console)",USA
AFZJ,F-Zero for Game Boy Advance (Japan),Japan
AFZJ,F-Zero for Game Boy Advance (Japan) (Virtual Console),Japan
AF8X,"F1 2002 (Europe) (En,Fr,De,Es,It)",Europe
AF8E,"F1 2002 (USA, Europe)",USA
BYAE,F24 Stealth Fighter (USA),USA
BF6E,"FIFA Soccer 06 (USA, Europe) (En,Fr,De,Es,It,Nl)",USA
B7FE,"FIFA Soccer 07 (USA, Europe) (En,Fr,De,Es)",USA
AFJE,"FIFA Soccer 2003 (USA, Europe) (En,Fr,De,Es,It)",USA
BFIE,"FIFA Soccer 2004 (USA, Europe) (En,Fr,De,Es,It)",USA
BF5E,"FIFA Soccer 2005 (USA, Europe) (En,Fr,De,Es,It,Nl)",USA
AFLP,"FILA Decathlon (Europe) (En,Fr,De,Es,It,Sv)",Europe
AF6E,"Fairly OddParents!, The - Breakin' da Rules (USA)",USA
BFOP,"Fairly OddParents!, The - Clash with the Anti-World (Europe) (En,De,Es,Nl)",Europe
BFOE,"Fairly OddParents!, The - Clash with the Anti-World (USA)",USA
AFVE,"Fairly OddParents!, The - Enter the Cleft (USA)",USA
BF2P,"Fairly OddParents!, The - Shadow Showdown (Europe)",Europe
BF2E,"Fairly OddParents!, The - Shadow Showdown (USA)",USA
FSRJ,Famicom Mini - Dai-2-ji Super Robot Taisen (Japan) (Promo),Japan
FGZJ,Famicom Mini - Kidou Senshi Z Gundam - Hot Scramble (Japan) (Promo),Japan
FSMJ,Famicom Mini 01 - Super Mario Bros. (Japan) (En) (Rev 1),Japan
FDKJ,Famicom Mini 02 - Donkey Kong (Japan) (En),Japan
FICJ,Famicom Mini 03 - Ice Climber (Japan) (En),Japan
FEBJ,Famicom Mini 04 - Excitebike (Japan) (En),Japan
FZLJ,Famicom Mini 05 - Zelda no Densetsu 1 - The Hyrule Fantasy (Japan),Japan
FPMJ,Famicom Mini 06 - Pac-Man (Japan) (En),Japan
FXVJ,Famicom Mini 07 - Xevious (Japan) (En),Japan
FMPJ,Famicom Mini 08 - Mappy (Japan) (En),Japan
FBMJ,Famicom Mini 09 - Bomberman (Japan) (En),Japan
FSOJ,Famicom Mini 10 - Star Soldier (Japan) (En),Japan
FMBJ,Famicom Mini 11 - Mario Bros. (Japan),Japan
FCLJ,Famicom Mini 12 - Clu Clu Land (Japan),Japan
FBFJ,Famicom Mini 13 - Balloon Fight (Japan),Japan
FWCJ,Famicom Mini 14 - Wrecking Crew (Japan),Japan
FDMJ,Famicom Mini 15 - Dr. Mario (Japan),Japan
FDDJ,Famicom Mini 16 - Dig Dug (Japan),Japan
FTBJ,Famicom Mini 17 - Takahashi Meijin no Bouken-jima (Japan),Japan
FMKJ,Famicom Mini 18 - Makaimura (Japan),Japan
FTWJ,Famicom Mini 19 - Twin Bee (Japan),Japan
FGGJ,Famicom Mini 20 - Ganbare Goemon! - Karakuri Douchuu (Japan),Japan
FM2J,Famicom Mini 21 - Super Mario Bros. 2 (Japan),Japan
FNMJ,Famicom Mini 22 - Nazo no Murasame Jou (Japan),Japan
FMRJ,Famicom Mini 23 - Metroid (Japan),Japan
FPTJ,Famicom Mini 24 - Hikari Shinwa - Palthena no Kagami (Japan),Japan
FLBJ,Famicom Mini 25 - The Legend of Zelda 2 - Link no Bouken (Japan),Japan
FFMJ,"Famicom Mini 26 - Famicom Mukashibanashi - Shin Onigashima - Zen, Kouhen (Japan)",Japan
FTKJ,"Famicom Mini 27 - Famicom Tantei Club - Kieta Koukeisha - Zen, Kouhen (Japan)",Japan
FTUJ,"Famicom Mini 28 - Famicom Tantei Club Part II - Ushiro ni Tatsu Shoujo - Zen, Kouhen (Japan)",Japan
FADJ,Famicom Mini 29 - Akumajou Dracula (Japan),Japan
FSDJ,Famicom Mini 30 - SD Gundam World - Gachapon Senshi Scramble Wars (Japan),Japan
FICC,Famicom Mini Collection (China) (En) (Proto),China
AWTF,"Famille Delajungle, La - A la Poursuite de Darwin (France)",France
AWLF,"Famille Delajungle, La - Le Film (France)",France
B2FE,Family Feud (USA),USA
AATJ,Family Tennis Advance (Japan),Japan
AN7J,Famista Advance (Japan),Japan
AJEJ,Fancy Pocket (Japan),Japan
AGLC,Fanqiejiang Wangguo Da Maoxian (China) (Proto),China
BF4P,Fantastic 4 (Europe),Europe
BF4X,"Fantastic 4 (Europe) (Fr,De,Es,Nl)",Europe
BF4E,Fantastic 4 (USA),USA
BH4P,"Fantastic 4 - Flame On (Europe) (En,Fr,Es,It)",Europe
BH4E,Fantastic 4 - Flame On (USA),USA
BFCJ,Fantastic Children (Japan),Japan
AAXJ,Fantastic Maerchen - Cake-ya-san Monogatari + Doubutsu Chara Navi Uranai - Kosei Shinri Gaku (Japan),Japan
BF4I,"Fantastici 4, I (Italy)",Italy
BFUE,Fear Factor - Unleashed (USA),USA
AF9J,Field of Nine - Digital Edition 2001 (Japan),Japan
BOXP,FightBox (Europe),Europe
BFFP,"Final Fantasy I & II - Dawn of Souls (Europe) (En,Fr,De,Es,It)",Europe
BFFE,Final Fantasy I & II - Dawn of Souls (USA),USA
BFFJ,"Final Fantasy I, II Advance (Japan) (Rev 1)",Japan
BFFJ,"Final Fantasy I, II Advance (Japan) (Rev 1) (Virtual Console)",Japan
BZ4P,"Final Fantasy IV Advance (Europe) (En,Fr,De,Es,It)",Europe
BZ4J,Final Fantasy IV Advance (Japan),Japan
BZ4J,Final Fantasy IV Advance (Japan) (Rev 1),Japan
BZ4J,Final Fantasy IV Advance (Japan) (Rev 1) (Virtual Console),Japan
BZ4E,Final Fantasy IV Advance (USA),USA
AFXP,"Final Fantasy Tactics Advance (Europe) (En,Fr,De,Es,It)",Europe
AFXP,"Final Fantasy Tactics Advance (Europe) (En,Fr,De,Es,It) (Virtual Console)",Europe
AFXJ,Final Fantasy Tactics Advance (Japan),Japan
AFXJ,Final Fantasy Tactics Advance (Japan) (Virtual Console),Japan
AFXE,Final Fantasy Tactics Advance (USA),USA
AFXE,Final Fantasy Tactics Advance (USA) (Virtual Console),USA
BZ5P,"Final Fantasy V Advance (Europe) (En,Fr,De,Es,It)",Europe
BZ5J,Final Fantasy V Advance (Japan),Japan
BZ5J,Final Fantasy V Advance (Japan) (Virtual Console),Japan
BZ5E,Final Fantasy V Advance (USA),USA
BZ6P,"Final Fantasy VI Advance (Europe) (En,Fr,De,Es,It)",Europe
BZ6J,Final Fantasy VI Advance (Japan),Japan
BZ6J,Final Fantasy VI Advance (Japan) (Virtual Console),Japan
BZ6E,Final Fantasy VI Advance (USA),USA
AFFP,Final Fight One (Europe),Europe
AFFP,Final Fight One (Europe) (Virtual Console),Europe
AFFJ,Final Fight One (Japan),Japan
AFFJ,Final Fight One (Japan) (Virtual Console),Japan
AFFE,Final Fight One (USA),USA
AFFE,Final Fight One (USA) (Virtual Console),USA
AFWJ,Final Fire Pro Wrestling - Yume no Dantai Unei! (Japan),Japan
AFWJ,Final Fire Pro Wrestling - Yume no Dantai Unei! (Japan) (Rev 1),Japan
AZID,Findet Nemo (Germany),Germany
AZID,Findet Nemo (Germany) (Beta),Germany
AZIY,"Finding Nemo (Europe) (Es,It)",Europe
AZIX,"Finding Nemo (Europe) (Fr,Nl)",Europe
BFNJ,Finding Nemo (Japan),Japan
AZIE,"Finding Nemo (USA, Europe)",USA
BZIJ,Finding Nemo - Aratanaru Bouken (Japan),Japan
BZIX,"Finding Nemo - The Continuing Adventures (Europe) (En,Es,It,Sv,Da)",Europe
BZIY,"Finding Nemo - The Continuing Adventures (Europe) (Fr,De,Nl)",Europe
BZIE,"Finding Nemo - The Continuing Adventures (USA, Europe)",USA
AE7Y,"Fire Emblem (Europe) (En,Es,It)",Europe
AE7Y,"Fire Emblem (Europe) (En,Es,It) (Virtual Console)",Europe
AE7X,"Fire Emblem (Europe) (En,Fr,De)",Europe
AE7X,"Fire Emblem (Europe) (En,Fr,De) (Virtual Console)",Europe
AE7E,Fire Emblem (USA) (Virtual Console),USA
AE7E,"Fire Emblem (USA, Australia)",USA
AFEJ,Fire Emblem - Fuuin no Tsurugi (Japan),Japan
AFEJ,Fire Emblem - Fuuin no Tsurugi (Japan) (Virtual Console),Japan
AE7J,Fire Emblem - Rekka no Ken (Japan),Japan
AFEJ,Fire Emblem - Rekka no Ken (Japan) (Beta 1),Japan
AFEJ,Fire Emblem - Rekka no Ken (Japan) (Beta 2),Japan
AE7J,Fire Emblem - Rekka no Ken (Japan) (Virtual Console),Japan
BE8J,Fire Emblem - Seima no Kouseki (Japan),Japan
AE7J,Fire Emblem - Seima no Kouseki (Japan) (Beta),Japan
BE8J,Fire Emblem - Seima no Kouseki (Japan) (Virtual Console),Japan
BE8P,"Fire Emblem - The Sacred Stones (Europe) (En,Fr,De,Es,It)",Europe
BE8P,"Fire Emblem - The Sacred Stones (Europe) (En,Fr,De,Es,It) (Virtual Console)",Europe
BE8E,Fire Emblem - The Sacred Stones (USA) (Virtual Console),USA
BE8E,"Fire Emblem - The Sacred Stones (USA, Australia)",USA
AFPE,"Fire Pro Wrestling (USA, Europe)",USA
AFYE,Fire Pro Wrestling 2 (USA),USA
AFPJ,Fire Pro Wrestling A (Japan),Japan
AFSP,"Flintstones, The - Big Trouble in Bedrock (Europe) (En,Fr,De,Es,It)",Europe
AFSE,"Flintstones, The - Big Trouble in Bedrock (USA)",USA
BLHP,"Flushed Away (Europe) (En,Fr,De,Es,It)",Europe
BLHE,Flushed Away (USA),USA
BF3P,"Ford Racing 3 (Europe) (En,Fr,De,Es,It)",Europe
BF3E,Ford Racing 3 (USA),USA
AFMJ,Formation Soccer 2002 (Japan),Japan
AFOE,"Fortress (USA, Europe)",USA
BFYP,Foster's Home for Imaginary Friends (Europe),Europe
BFYE,Foster's Home for Imaginary Friends (USA),USA
BFKP,"Franklin the Turtle (Europe) (En,Fr,De,Es,It,Sv,No,Da,Fi) (Rev 2)",Europe
BFKP,"Franklin the Turtle (Europe) (En,Fr,De,It,Sv,No,Da,Fi)",Europe
BFKP,"Franklin the Turtle (Europe) (En,Fr,De,It,Sv,No,Da,Fi) (Rev 1)",Europe
BFKE,"Franklin the Turtle (USA) (En,Fr,De,Es,It,Sv,No,Da,Fi)",USA
BFLP,"Franklin's Great Adventures (Europe) (En,Fr,De,Es,It,Nl,Pt,Da)",Europe
BFLE,"Franklin's Great Adventures (USA) (En,Fr,Es)",USA
BFSP,"Freekstyle (Europe) (En,Fr,De,Es,It)",Europe
AGBJ,"Freekstyle (Europe) (En,Fr,De,Es,It) (Beta)",Europe
BFSE,Freekstyle (USA),USA
ARFP,Freestyle Scooter (Europe),Europe
BFJJ,Frogger - Kodaibunmei no Nazo (Japan),Japan
AFBJ,Frogger - Mahou no Kuni no Daibouken (Japan),Japan
AFQP,"Frogger Advance - The Great Quest (Europe) (En,Fr,De,Es,It)",Europe
AFQE,Frogger Advance - The Great Quest (USA),USA
AFRP,"Frogger's Adventures - Temple of the Frog (Europe) (En,Fr,De,Es,It)",Europe
AFRE,"Frogger's Adventures - Temple of the Frog (USA) (En,Fr,De,Es,It)",USA
AFBP,"Frogger's Adventures 2 - The Lost Wand (Europe) (En,Fr,De,Es,It)",Europe
AFBE,"Frogger's Adventures 2 - The Lost Wand (USA) (En,Es)",USA
BFJE,Frogger's Journey - The Forgotten Relic (USA),USA
AUSJ,From TV Animation One Piece - Mezase! King of Berry (Japan),Japan
AO7J,From TV Animation One Piece - Nanatsu-jima no Daihihou (Japan),Japan
BCMJ,Frontier Stories (Japan),Japan
BFDJ,Fruits Mura no Doubutsu-tachi (Japan),Japan
BFDJ,Fruits Mura no Doubutsu-tachi (Japan) (Rev 1),Japan
BFDJ,Fruits Mura no Doubutsu-tachi (Japan) (Rev 2),Japan
AF4J,Fushigi no Kuni no Alice (Japan),Japan
AFAJ,Fushigi no Kuni no Angelique (Japan),Japan
BFPJ,Futari wa Pretty Cure - Arienaai! Yume no Sono wa Daimeikyuu (Japan),Japan
BFMJ,Futari wa Pretty Cure Max Heart - Maji Maji! Fight de IN Janai (Japan),Japan
AGBJ,GBA AV Adapter (China),China
ZMPE,GBA Jukebox (USA),USA
AMAJ,GBA Movie Player - 2nd Version (World) (V2.00),
PDA1,GBA Personal Organizer (USA),USA
ARCE,GP-1 Racing (USA) (Proto),USA
ACAE,"GT Advance - Championship Racing (USA, Europe)",USA
AGWP,GT Advance 2 - Rally Racing (Europe),Europe
AGWE,GT Advance 2 - Rally Racing (USA),USA
A2GP,GT Advance 3 - Pro Concept Racing (Europe),Europe
A2GE,GT Advance 3 - Pro Concept Racing (USA),USA
ATCX,GT Championship (Europe),Europe
AGBJ,GT Racers (Europe) (Beta 1),Europe
AGBJ,GT Racers (Europe) (Beta 2),Europe
BJAP,"GT Racers (Europe) (En,Fr,De,Es,It)",Europe
ABIJ,Gachasute! Dino Device - Blue (Japan),Japan
AAIJ,Gachasute! Dino Device - Red (Japan),Japan
A4XJ,Gachasute! Dino Device 2 - Dragon (Japan),Japan
A4WJ,Gachasute! Dino Device 2 - Phoenix (Japan),Japan
ANYJ,Gachinko Pro Yakyuu (Japan),Japan
AQ2P,"Gadget Racers (Europe) (En,Fr,De)",Europe
AQAE,Gadget Racers (USA),USA
BGHJ,Gakkou no Kaidan - Hyakuyoubako no Fuuin (Japan),Japan
AYSJ,Gakkou o Tsukurou!! Advance (Japan),Japan
BASJ,Gakuen Alice - Dokidoki Fushigi Taiken (Japan),Japan
BASJ,Gakuen Alice - Dokidoki Fushigi Taiken (Japan) (Rev 1),Japan
BGSJ,Gakuen Senki Muryou (Japan),Japan
AGZJ,Galaxy Angel Game Boy Advance - Moridakusan Tenshi no Full-Course - Okawari Jiyuu (Japan),Japan
AG8E,"Galidor - Defenders of the Outer Dimension (USA) (En,Fr,De,Es,It,Nl,Sv,Da)",USA
ATYJ,Gambler Densetsu Tetsuya - Yomigaeru Densetsu (Japan),Japan
AQWE,Game & Watch Gallery 4 (USA),USA
AQWE,Game & Watch Gallery 4 (USA) (Virtual Console),USA
AQWP,Game & Watch Gallery Advance (Europe),Europe
AQWP,Game & Watch Gallery Advance (Europe) (Virtual Console),Europe
AQWJ,Game Boy Gallery 4 (Japan) (Virtual Console),Japan
BGWJ,Game Boy Wars Advance 1+2 (Japan),Japan
BGWJ,Game Boy Wars Advance 1+2 (Japan) (Virtual Console),Japan
BG7E,Games Explosion! (USA),USA
BG8J,Ganbare! Dodge Fighters (Japan),Japan
BH5I,"Gang del Bosco, La (Italy)",Italy
BGOP,"Garfield - The Search for Pooky (Europe) (En,Fr,De,Es,It) (Rev 2)",Europe
BGOP,"Garfield - The Search for Pooky (Europe) (En,Fr,De,It)",Europe
BGOP,"Garfield - The Search for Pooky (Europe) (En,Fr,De,It) (Rev 1)",Europe
BGOE,"Garfield - The Search for Pooky (USA) (En,Fr,De,Es,It)",USA
BG9P,"Garfield and His Nine Lives (Europe) (En,Fr,De,Es,It,Nl)",Europe
BG9E,"Garfield and His Nine Lives (USA) (En,Fr,Es)",USA
AYGE,Gauntlet - Dark Legacy (USA),USA
BGKJ,Gegege no Kitarou - Kikiippatsu! Youkai Rettou (Japan),Japan
AGEP,"Gekido Advance - Kintaro's Revenge (Europe) (En,Fr,De,Es,It)",Europe
AGEE,Gekido Advance - Kintaro's Revenge (USA),USA
ANNJ,Gekitou Densetsu Noah - Dream Management (Japan),Japan
ACBJ,Gekitou! Car Battler Go!! (Japan),Japan
AZSE,Gem Smashers (USA),USA
BGJJ,Genseishin Justirisers - Souchaku! Hoshi no Senshi-tachi (Japan),Japan
BGMJ,Gensou Maden Saiyuuki - Hangyaku no Toushin-taishi (Japan),Japan
AGKJ,Gensou Suikoden - Card Stories (Japan),Japan
BGIJ,Get Ride! Amdriver - Senkou no Hero Tanjou! (Japan),Japan
BGPJ,Get Ride! Amdriver - Shutsugeki! Battle Party (Japan),Japan
BGBJ,Get! - Boku no Mushi Tsukamaete (Japan),Japan
ABMP,Get's!! Loto Club (Japan) (Proto),Japan
BGFJ,GetBackers Dakkanya - Jagan Fuuin! (Japan),Japan
AGBJ,GetBackers Dakkanya - Jigoku no Scaramouche (Japan),Japan
A8GJ,GetBackers Dakkanya - Metropolis Dakkan Sakusen! (Japan),Japan
BR8E,"Ghost Rider (USA, Europe) (En,Fr,De,Es,It,Nl)",USA
AGVJ,Ghost Trap (Japan),Japan
B3ZP,"Global Star - Sudoku Fever (Europe) (En,Fr,De,Es,It)",Europe
B3ZE,Global Star - Sudoku Fever (USA),USA
BJGE,Glucoboy (Australia),Australia
AGQP,"Go! Go! Beckham! - Adventure on Soccer Island (Europe) (En,Fr,De,Es,It)",Europe
AG4P,"Godzilla - Domination! (Europe) (En,Fr,De,Es,It)",Europe
AG4E,Godzilla - Domination! (USA),USA
AGNJ,Goemon - New Age Shutsudou! (Japan),Japan
AG4J,Gojira - Kaijuu Dairantou Advance (Japan),Japan
BGGE,"Golden Nugget Casino (USA, Europe)",USA
AGSF,Golden Sun (France),France
AGSD,Golden Sun (Germany),Germany
AGSI,Golden Sun (Italy),Italy
AGSS,Golden Sun (Spain),Spain
AGSE,"Golden Sun (USA, Europe)",USA
AGFD,Golden Sun - Die Vergessene Epoche (Germany),Germany
AGFF,Golden Sun - L'Age Perdu (France),France
AGFI,Golden Sun - L'Era Perduta (Italy),Italy
AGFS,Golden Sun - La Edad Perdida (Spain),Spain
AGFE,"Golden Sun - The Lost Age (USA, Europe)",USA
AGFE,"Golden Sun - The Lost Age (USA, Europe) (Virtual Console)",USA
AGAP,Gradius Advance (Europe),Europe
AGAE,Gradius Galaxies (USA),USA
AGAJ,Gradius Generation (Japan),Japan
BGTP,"Grand Theft Auto (Europe) (En,Fr,De,Es,It)",Europe
BGTE,Grand Theft Auto (USA),USA
AG9J,Greatest Nine (Japan),Japan
BUSE,Green Eggs and Ham by Dr. Seuss (USA),USA
BGQE,Greg Hastings' Tournament Paintball Max'd (USA),USA
AGGP,"Gremlins - Stripe vs Gizmo (Europe) (En,Fr,De,Es,It,Pt)",Europe
AGGP,"Gremlins - Stripe vs Gizmo (Europe) (En,Fr,De,Es,It,Pt) (Beta)",Europe
AGGE,Gremlins - Stripe vs Gizmo (USA),USA
BIEE,"Grim Adventures of Billy & Mandy, The (USA)",USA
AGBJ,"Grim Adventures of Billy & Mandy, The (USA) (Beta)",USA
ARVJ,Groove Adventure Rave - Hikari to Yami no Daikessen (Japan),Japan
ARIJ,Groove Adventure Rave - Hikari to Yami no Daikessen 2 (Japan),Japan
AGXP,Guilty Gear X - Advance Edition (Europe),Europe
AGXJ,Guilty Gear X - Advance Edition (Japan),Japan
AGXE,Guilty Gear X - Advance Edition (USA),USA
BGVE,Gumby vs. the Astrobots (USA),USA
BHGP,"Gunstar Future Heroes (Europe) (En,Ja,Fr,De,Es,It)",Europe
BGXJ,Gunstar Super Heroes (Japan),Japan
BHGE,Gunstar Super Heroes (USA),USA
AIBJ,Guranbo (Japan),Japan
AIBJ,Guranbo (Japan) (Virtual Console),Japan
AGCJ,Guru Logichamp (Japan),Japan
ASBJ,Gyakuten Saiban (Japan),Japan
ASBJ,Gyakuten Saiban (Japan) (Rev 1),Japan
ASBJ,Gyakuten Saiban (Japan) (Rev 1) (Virtual Console),Japan
A3GJ,Gyakuten Saiban 2 (Japan),Japan
A3GJ,Gyakuten Saiban 2 (Japan) (Virtual Console),Japan
A3JJ,Gyakuten Saiban 3 (Japan),Japan
A3JJ,Gyakuten Saiban 3 (Japan) (Virtual Console),Japan
A8EJ,Hachiemon (Japan),Japan
BHRJ,Hagane no Renkinjutsushi - Meisou no Rondo (Japan),Japan
BH2J,Hagane no Renkinjutsushi - Omoide no Sonata (Japan),Japan
A2HJ,Hajime no Ippo - The Fighting! (Japan),Japan
AM7J,Hamepane - Tokyo Mew Mew (Japan),Japan
AJHJ,Hamster Club 3 (Japan),Japan
A4KJ,Hamster Club 4 - Shigetchi Daidassou (Japan),Japan
AHBJ,Hamster Monogatari 2 GBA (Japan),Japan
A83J,Hamster Monogatari 3 GBA (Japan),Japan
BHSJ,Hamster Monogatari 3EX 4 Special (Japan),Japan
BHCJ,Hamster Monogatari Collection (Japan),Japan
A82J,Hamster Paradise - Pure Heart (Japan),Japan
AHAJ,Hamster Paradise Advanchu (Japan),Japan
B85P,"Hamtaro - Ham-Ham Games (Europe) (En,Fr,De,Es,It)",Europe
B85A,"Hamtaro - Ham-Ham Games (Japan, USA) (En,Ja)",Japan
AH3P,"Hamtaro - Ham-Ham Heartbreak (Europe) (En,Fr,De,Es,It)",Europe
AH3E,Hamtaro - Ham-Ham Heartbreak (USA),USA
A84P,"Hamtaro - Rainbow Rescue (Europe) (En,Fr,De,Es,It)",Europe
A84E,Hamtaro - Rainbow Rescue (USA) (Proto),USA
BHAJ,Hanabi Hyakkei Advance (Japan),Japan
ADYJ,Hanafuda Trump Mahjong - Depachika Wayouchuu (Japan),Japan
AH6E,"Hardcore Pinball (USA, Europe)",USA
BHOP,"Hardcore Pool (Europe) (En,De,Es,It)",Europe
BHOF,Hardcore Pool (France),France
BHNP,"Harlem Globetrotters - World Tour (Europe) (En,Fr,De,Es,It)",Europe
BHNE,Harlem Globetrotters - World Tour (USA),USA
AHQJ,Harobots - Robo Hero Battling!! (Japan),Japan
BHPJ,Harry Potter - Quidditch World Cup (Japan),Japan
BHPE,"Harry Potter - Quidditch World Cup (USA, Europe) (En,Fr,De,Es,It,Nl,Da)",USA
A7HE,"Harry Potter and the Chamber of Secrets (USA, Europe) (En,Fr,De,Es,It,Nl,Pt,Sv,No,Da)",USA
BH8E,"Harry Potter and the Goblet of Fire (USA, Europe) (En,Fr,De,Es,It,Nl,Da)",USA
BJXE,"Harry Potter and the Order of the Phoenix (USA, Europe) (En,Fr,De,Es,It,Nl,Da)",USA
BHTE,"Harry Potter and the Prisoner of Azkaban (USA, Europe) (En,Fr,De,Es,It,Nl,Da)",USA
AHRE,"Harry Potter and the Sorcerer's Stone (USA, Europe) (En,Fr,De,Es,It,Nl,Pt,Sv,No,Da)",USA
BHTJ,Harry Potter to Azkaban no Shuujin (Japan),Japan
A7HJ,Harry Potter to Himitsu no Heya (Japan),Japan
AHRJ,Harry Potter to Kenja no Ishi (Japan),Japan
A4NP,Harvest Moon - Friends of Mineral Town (Europe),Europe
A4ND,Harvest Moon - Friends of Mineral Town (Germany),Germany
A4NE,Harvest Moon - Friends of Mineral Town (USA),USA
BFGE,Harvest Moon - More Friends of Mineral Town (USA),USA
AHSJ,Hatena Satena (Japan),Japan
ALIE,"Haunted Mansion, The (USA) (Proto)",USA
BHJP,"Heidi - The Game (Europe) (En,Fr,De,Es,It)",Europe
B86P,Hello Kitty - Happy Party Pals (Europe),Europe
B86X,"Hello Kitty - Happy Party Pals (Europe) (En,Fr,De,Es)",Europe
B86E,Hello Kitty - Happy Party Pals (USA),USA
AKTJ,Hello Kitty Collection - Miracle Fashion Maker (Japan),Japan
BHDJ,Hello! Idol Debut - Kids Idol Ikusei Game (Japan),Japan
BHDJ,Hello! Idol Debut - Kids Idol Ikusei Game (Japan) (Rev 1),Japan
B8FP,"Herbie - Fully Loaded (Europe) (En,Fr,De)",Europe
B8FE,Herbie - Fully Loaded (USA),USA
AAEP,"Hey Arnold! - The Movie (Europe) (En,Fr,De)",Europe
AAEE,"Hey Arnold! - The Movie (Europe) (En,Fr,De) (Beta)",Europe
AAEE,Hey Arnold! - The Movie (USA),USA
BHHJ,Hi Hi Puffy AmiYumi (Japan),Japan
BHHP,"Hi Hi Puffy AmiYumi - Kaznapped! (Europe) (En,De)",Europe
BHHE,Hi Hi Puffy AmiYumi - Kaznapped! (USA),USA
AHZJ,Higanbana (Japan) (Rev 1),Japan
ASSE,"High Heat Major League Baseball 2002 (USA, Europe)",USA
AHXJ,High Heat Major League Baseball 2003 (Japan) (En),Japan
AHHE,High Heat Major League Baseball 2003 (USA),USA
BJ2E,High School Musical - Livin' the Dream (USA),USA
BJ2E,High School Musical - Livin' the Dream (USA) (Beta),USA
AHKJ,Hikaru no Go (Japan),Japan
AHKJ,Hikaru no Go (Japan) (Rev 1),Japan
AKEJ,Hikaru no Go 2 (Japan),Japan
GHTJ,Hikaru no Go 3 - Senyou Joy Carry Cartridge (Japan) (Rewritable Cartridge),Japan
BNBJ,Himawari Doubutsu Byouin - Pet no Oishasan Ikusei Game (Japan),Japan
BNBJ,Himawari Doubutsu Byouin - Pet no Oishasan Ikusei Game (Japan) (Rev 1),Japan
A3HJ,Hime Kishi Monogatari - Princess Blue (Japan),Japan
AHIJ,Hitsuji no Kimochi. (Japan),Japan
AH9J,Hobbit no Bouken - Lord of the Rings - Hajimari no Monogatari (Japan),Japan
AH9P,"Hobbit, The - The Prelude to the Lord of the Rings (Europe) (En,Fr,De,Es,It)",Europe
AH9E,"Hobbit, The - The Prelude to the Lord of the Rings (USA)",USA
BIWE,"Holy Bible, The - World English Bible (USA) (Proto)",USA
BHMP,"Home on the Range (Europe) (En,Fr,De,Es)",Europe
BHME,"Home on the Range (USA) (En,Fr)",USA
BHUE,Horsez (USA),USA
B8KJ,Hoshi no Kirby - Kagami no Daimeikyuu (Japan) (Rev 1),Japan
B8KJ,Hoshi no Kirby - Kagami no Daimeikyuu (Japan) (Rev 1) (Virtual Console),Japan
A7KJ,Hoshi no Kirby - Yume no Izumi Deluxe (Japan),Japan
A7KJ,Hoshi no Kirby - Yume no Izumi Deluxe (Japan) (Virtual Console),Japan
AHPP,Hot Potato! (Europe),Europe
AHPX,"Hot Potato! (Europe) (En,Fr,De)",Europe
AHPE,Hot Potato! (USA),USA
BHXP,"Hot Wheels - All Out (Europe) (En,Fr,De,Es,It)",Europe
BHXE,Hot Wheels - All Out (USA),USA
AHWP,"Hot Wheels - Burnin' Rubber (Europe) (En,Fr)",Europe
AHWE,Hot Wheels - Burnin' Rubber (USA),USA
BHEE,"Hot Wheels - Stunt Track Challenge (USA, Europe)",USA
AH8P,Hot Wheels - Velocity X (Europe),Europe
AH8E,Hot Wheels - Velocity X (USA),USA
BHWP,Hot Wheels - World Race (Europe),Europe
BHWE,Hot Wheels - World Race (USA),USA
AHWJ,Hot Wheels Advance (Japan) (En),Japan
B7IJ,Hudson Best Collection Vol. 1 - Bomberman Collection (Japan),Japan
B72J,Hudson Best Collection Vol. 2 - Lode Runner Collection (Japan),Japan
B73J,Hudson Best Collection Vol. 3 - Action Collection (Japan),Japan
B74J,Hudson Best Collection Vol. 4 - Nazotoki Collection (Japan),Japan
B75J,Hudson Best Collection Vol. 5 - Shooting Collection (Japan),Japan
B76J,Hudson Best Collection Vol. 6 - Bouken-jima Collection (Japan),Japan
AZHP,"Hugo - Bukkazoom! (Europe) (En,Fr,De,Es,It,Nl,Pt,Sv,No,Da,Fi,Pl)",Europe
AHJP,"Hugo - The Evil Mirror (Europe) (En,Fr,De,Es,It,Nl,Pt,Sv,No,Da,Fi,Pl)",Europe
AHJE,"Hugo - The Evil Mirror (USA) (En,Fr,Es)",USA
B2HP,"Hugo 2 in 1 (Europe) (En,Fr,De,Es,It,Nl,Pt,Sv,No,Da,Fi,Pl)",Europe
A8NJ,Hunter X Hunter - Minna Tomodachi Daisakusen!! (Japan),Japan
A8NJ,Hunter X Hunter - Minna Tomodachi Daisakusen!! (Japan) (Rev 1),Japan
AFEC,Huo-Wen Zhanji - Fengyin Zhi Jian (China) (Proto),China
AWIJ,Hyper Sports 2002 Winter (Japan),Japan
A4CE,I Spy Challenger! (USA),USA
A3KP,IK+ (Europe),Europe
A3KE,IK+ (USA),USA
AIAP,"Ice Age (Europe) (En,Fr,De,Es,It)",Europe
AIAJ,Ice Age (Japan),Japan
AIAE,"Ice Age (USA) (En,Fr,Es)",USA
BIAP,"Ice Age 2 - The Meltdown (Europe) (En,Fr,De,Es,It,Nl)",Europe
BIAE,Ice Age 2 - The Meltdown (USA),USA
AR3E,"Ice Nine (USA, Europe) (En,Fr,De,Es,It)",USA
BIVP,Ignition Collection - Volume 1 (Europe),Europe
BICI,"Incredibili, Gli - Una 'Normale' Famiglia di Supereroi (Italy)",Italy
AHLP,"Incredible Hulk, The (Europe) (En,Fr,De,Es,It)",Europe
AHLE,"Incredible Hulk, The (USA)",USA
BICX,"Incredibles, The (Europe) (Fr,Nl)",Europe
BICE,"Incredibles, The (USA, Europe)",USA
BIQX,"Incredibles, The - Rise of the Underminer (Europe) (En,Fr,De,Es,It,Nl,Pt)",Europe
BIQE,"Incredibles, The - Rise of the Underminer (USA, Europe)",USA
BICS,"Increibles, Los (Spain)",Spain
AINJ,Initial D - Another Stage (Japan),Japan
CUNE,Inky and the Alien Aquarium (World) (Demo 1),
AIGP,"Inspector Gadget - Advance Mission (Europe) (En,Fr,De,Es,It,Nl)",Europe
AIGE,Inspector Gadget - Advance Mission (USA),USA
AIRP,"Inspector Gadget Racing (Europe) (En,Fr,De,Es,It,Nl)",Europe
AIKP,International Karate Advanced (Europe),Europe
AISP,International Superstar Soccer (Europe),Europe
AY2P,International Superstar Soccer Advance (Europe),Europe
AI9J,Inukko Club (Japan),Japan
AIYJ,Inuyasha - Naraku no Wana! Mayoi no Mori no Shoutaijou (Japan),Japan
AIVP,Invader (Europe),Europe
AIOE,"Invincible Iron Man, The (USA, Europe)",USA
AI3E,"Iridion 3D (USA, Europe)",USA
AI3E,Iridion 3D (World),
AI2P,"Iridion II (Europe) (En,Fr,De)",Europe
AI2E,Iridion II (USA),USA
1234,Iridion II (USA) (Beta),USA
AI2E,Iridion II (World),
BIRK,Iron Kid (Korea),Korea
AXTE,"Island Xtreme Stunts (USA, Europe) (En,Fr,De,Es,It,Nl,Sv,Da)",USA
AIEJ,Isseki Hatchou - Kore 1ppon de 8shurui! (Japan),Japan
BPIE,"It's Mr. Pants (USA, Europe)",USA
AJPJ,J.League Pocket (Japan),Japan
AJPJ,J.League Pocket (Japan) (Rev 1),Japan
AJ2J,J.League Pocket 2 (Japan),Japan
AC2J,J.League Pro Soccer Club o Tsukurou! Advance (Japan),Japan
A2JJ,J.League Winning Eleven Advance 2002 (Japan),Japan
AGRJ,JGTO Kounin Golf Master - Japan Golf Tour Game (Japan),Japan
AGMJ,JGTO Kounin Golf Master Mobile - Japan Golf Tour Game (Japan),Japan
AJCE,"Jackie Chan Adventures - Legend of the Dark Hand (USA, Europe)",USA
BNJJ,Jajamaru Jr. Denshouki - Jalecolle mo Arisourou (Japan),Japan
AJDP,"James Pond - Codename Robocod (Europe) (En,Fr,De,Es,It,Nl,Pt)",Europe
AJDE,"James Pond - Codename Robocod (USA) (En,Fr,Es,Pt)",USA
AJJE,"Jazz Jackrabbit (USA, Europe)",USA
AJRE,Jet Grind Radio (USA),USA
AJRP,Jet Set Radio (Europe),Europe
AJWJ,Jikkyou World Soccer Pocket (Japan),Japan
AJKJ,Jikkyou World Soccer Pocket 2 (Japan),Japan
AJNX,"Jimmy Neutron - Boy Genius (Europe) (En,Fr,De,Es)",Europe
AJNE,Jimmy Neutron - Boy Genius (USA),USA
BJYF,Jimmy Neutron un Garcon Genial - L'Attaque des Twonkies (France),France
AZGJ,Jinsei Game Advance (Japan),Japan
AJUJ,Jissen Pachi-Slot Hisshouhou! - Juuou Advance (Japan),Japan
AFZC,Jisu F-Zero Weilai Saiche (China),China
AJME,"Jonny Moseley Mad Trix (USA) (En,Fr,De,Es,It)",USA
BJKP,"Juka and the Monophonic Menace (Europe) (En,Fr,De,Es,It)",Europe
BJKE,"Juka and the Monophonic Menace (USA) (En,Fr,Es)",USA
AJFP,"Jungle Book 2, The (Europe) (En,Fr,De,Es,It,Nl)",Europe
AJFE,"Jungle Book, The (USA) (En,Fr,De,Es,It,Nl)",USA
AJQJ,Jurassic Park III - Advanced Action (Japan),Japan
AJQP,"Jurassic Park III - Dino Attack (Europe) (En,Fr,De,Es,It)",Europe
AJQE,Jurassic Park III - Island Attack (USA),USA
AJ3J,Jurassic Park III - Kyouryuu ni Ainiikou! (Japan),Japan
AJ3P,"Jurassic Park III - Park Builder (Europe) (En,Fr,De,Es,It)",Europe
AJ3E,Jurassic Park III - Park Builder (USA),USA
ADNP,"Jurassic Park III - The DNA Factor (Europe) (En,Fr,De,Es,It)",Europe
ADNE,Jurassic Park III - The DNA Factor (USA),USA
ADNJ,Jurassic Park III - Ushinawareta Idenshi (Japan),Japan
AJ8J,Jurassic Park Institute Tour - Dinosaur Rescue (Japan),Japan
BJLE,Justice League - Chronicles (USA),USA
AGBJ,Justice League - Chronicles (USA) (Beta),USA
AJLP,"Justice League - Injustice for All (Europe) (En,Fr,De,Es,It)",Europe
AJLE,Justice League - Injustice for All (USA),USA
AJLE,Justice League - Injustice for All (USA) (Beta),USA
BJHP,"Justice League Heroes - The Flash (Europe) (En,Fr,De,Es,It)",Europe
BJHE,Justice League Heroes - The Flash (USA),USA
AKVJ,K-1 Pocket Grand Prix (Japan),Japan
A2OJ,K-1 Pocket Grand Prix 2 (Japan),Japan
AKKP,"KAO the Kangaroo (Europe) (En,Fr,De,Es,It,Nl)",Europe
AKKE,"KAO the Kangaroo (USA) (En,Fr,De,Es,It,Nl)",USA
AKDJ,Kaeru B Back (Japan),Japan
BKOJ,Kaiketsu Zorori to Mahou no Yuuenchi - Ohimesama o Sukue! (Japan),Japan
AKZJ,Kamaitachi no Yoru Advance (Japan),Japan
AG2J,Kami no Kijutsu - Illusion of the Evil Eyes (Japan),Japan
BK8J,Kappa no Kai-kata - Kaatan Daibouken! (Japan),Japan
AYKE,"Karnaaj Rally (USA, Europe)",USA
BN4J,Kawa no Nushi Tsuri 3 & 4 (Japan),Japan
BN4J,Kawa no Nushi Tsuri 3 & 4 (Japan) (Virtual Console),Japan
AN5J,Kawa no Nushi Tsuri 5 - Fushigi no Mori kara (Japan),Japan
B82J,Kawaii Koinu Wonderful (Japan),Japan
BKGJ,Kawaii Pet Game Gallery (Japan),Japan
BKPJ,Kawaii Pet Game Gallery 2 (Japan),Japan
A63J,Kawaii Pet Shop Monogatari 3 (Japan),Japan
AKLJ,Kaze no Klonoa - Yumemiru Teikoku (Japan),Japan
AN6J,Kaze no Klonoa G2 - Dream Champ Tournament (Japan),Japan
AN6J,Kaze no Klonoa G2 - Dream Champ Tournament (Japan) (Virtual Console),Japan
ATPJ,Keitai Denjuu Telefang 2 - Power (Japan),Japan
ATSJ,Keitai Denjuu Telefang 2 - Speed (Japan),Japan
AS3E,"Kelly Slater's Pro Surfer (USA, Europe)",USA
BKJJ,Keroro Gunsou - Taiketsu! Gekisou Keronprix Daisakusen de Arimasu!! (Japan),Japan
BG2J,"Kessaku Sen! - Ganbare Goemon 1, 2 - Yuki Hime to Magginesu (Japan)",Japan
BYLP,"Kid Paddle (Europe) (Fr,Nl)",Europe
BCXE,Kid's Cards (USA),USA
BH6J,Kidou Gekidan Haro Ichiza - Haro no Puyo Puyo (Japan),Japan
BGNJ,Kidou Senshi Gundam SEED - Tomo to Kimi to Koko de. (Japan),Japan
B42J,Kidou Senshi Gundam SEED Destiny (Japan),Japan
AALJ,Kidou Tenshi Angelic Layer - Misaki to Yume no Tenshi-tachi (Japan),Japan
XXXE,Kien (USA) (Proto),USA
AKGJ,Kikaika Guntai - Mech Platoon (Japan),Japan
AKIJ,Kiki Kaikai Advance (Japan),Japan
BKHP,"Kill Switch (Europe) (En,Fr,De,Es,It)",Europe
BKHE,Kill Switch (USA),USA
B3LP,"Killer 3D Pool (Europe) (En,Fr,De,Es,It)",Europe
B3LE,Killer 3D Pool (USA),USA
AEYP,"Kim Possible (Europe) (En,Fr,De,Es)",Europe
AEYP,"Kim Possible (Europe) (En,Fr,De,Es) (Rev 1)",Europe
BKMJ,Kim Possible (Japan),Japan
AEYE,Kim Possible - Revenge of Monkey Fist (USA),USA
BKMP,"Kim Possible 2 - Drakken's Demise (Europe) (En,Fr,De,Es)",Europe
BKME,"Kim Possible 2 - Drakken's Demise (USA) (En,Fr)",USA
BQPE,"Kim Possible 3 - Team Possible (USA) (En,Fr)",USA
BKQP,"King Kong - The Official Game of the Movie (Europe) (En,Fr,De,Es,It,Nl)",Europe
BKQX,"King Kong - The Official Game of the Movie (Europe) (En,Sv,No,Da,Fi)",Europe
AEXE,"King of Fighters EX 2, The - Howling Blood (Europe)",Europe
AEXJ,"King of Fighters EX 2, The - Howling Blood (Japan) (Rev 1)",Japan
AEXE,"King of Fighters EX 2, The - Howling Blood (USA)",USA
AEXE,"King of Fighters EX 2, The - Howling Blood (USA) (Beta)",USA
AKOP,"King of Fighters EX, The - NeoBlood (Europe)",Europe
AKOJ,"King of Fighters EX, The - NeoBlood (Japan)",Japan
AKOE,"King of Fighters EX, The - NeoBlood (USA)",USA
AKOE,"King of Fighters EX, The - NeoBlood (USA) (Rev 1)",USA
B8CP,"Kingdom Hearts - Chain of Memories (Europe) (En,Fr,De,Es,It)",Europe
B8CJ,Kingdom Hearts - Chain of Memories (Japan),Japan
B8CE,Kingdom Hearts - Chain of Memories (USA),USA
AK5J,Kinniku Banzuke - Kimero! Kiseki no Kanzen Seiha (Japan),Japan
AK4J,Kinniku Banzuke - Kongou-kun no Daibouken! (Japan),Japan
AK2J,Kinnikuman II-Sei - Seigi Choujin e no Michi (Japan),Japan
B8KP,"Kirby & The Amazing Mirror (Europe) (En,Fr,De,Es,It)",Europe
B8KP,"Kirby & The Amazing Mirror (Europe) (En,Fr,De,Es,It) (Virtual Console)",Europe
B8KE,Kirby & The Amazing Mirror (USA),USA
A7KP,"Kirby - Nightmare in Dream Land (Europe) (En,Fr,De,Es,It)",Europe
A7KP,"Kirby - Nightmare in Dream Land (Europe) (En,Fr,De,Es,It) (Virtual Console)",Europe
A7KE,Kirby - Nightmare in Dream Land (USA),USA
A7KE,Kirby - Nightmare in Dream Land (USA) (Virtual Console),USA
A2VJ,Kisekko Gurumii - Chesty to Nuigurumi-tachi no Mahou no Bouken (Japan),Japan
B2KJ,Kiss x Kiss - Seirei Gakuen (Japan),Japan
AKMJ,Kiwame Mahjong Deluxe - Mirai Senshi 21 (Japan),Japan
AKLP,Klonoa - Empire of Dreams (Europe),Europe
AKLE,Klonoa - Empire of Dreams (USA),USA
AN6E,Klonoa 2 - Dream Champ Tournament (USA),USA
AN6E,Klonoa 2 - Dream Champ Tournament (USA) (Virtual Console),USA
AK7J,Klonoa Heroes - Densetsu no Star Medal (Japan),Japan
BKNP,"Knights' Kingdom (Europe) (En,De)",Europe
BKNE,Knights' Kingdom (USA),USA
BAKP,"Koala Brothers - Outback Adventures (Europe) (En,Fr,De,Es,It,Nl,Pt,Da)",Europe
BAKE,"Koala Brothers - Outback Adventures (USA) (En,Fr,De,Es,It,Nl,Pt,Da)",USA
BDIJ,Koinu to Issho - Aijou Monogatari (Japan),Japan
BI2J,Koinu to Issho 2 (Japan),Japan
BISJ,Koinu-chan no Hajimete no Osanpo - Koinu no Kokoro Ikusei Game (Japan),Japan
AKCJ,Konami Arcade Game Collection (Japan),Japan
AKCE,Konami Collector's Series - Arcade Advanced (USA),USA
AKCP,"Konami Collector's Series - Arcade Classics (Europe) (En,Fr,De,Es,It)",Europe
AKWP,Konami Krazy Racers (Europe),Europe
AKWP,Konami Krazy Racers (Europe) (Virtual Console),Europe
AKWE,Konami Krazy Racers (USA),USA
AKWE,Konami Krazy Racers (USA) (Beta),USA
AKWE,Konami Krazy Racers (USA) (Virtual Console),USA
AKWJ,Konami Wai Wai Racing Advance (Japan),Japan
AKWJ,Konami Wai Wai Racing Advance (Japan) (Virtual Console),Japan
BQBJ,Konchuu Monster - Battle Master (Japan),Japan
BQSJ,Konchuu Monster - Battle Stadium (Japan),Japan
BQKJ,Konchuu no Mori no Daibouken - Fushigi na Sekai no Juunin-tachi (Japan),Japan
BK7P,Kong - King of Atlantis (Europe),Europe
BK7E,Kong - King of Atlantis (USA),USA
BKQE,"Kong - The 8th Wonder of the World (USA) (En,Fr,Es)",USA
AKQP,"Kong - The Animated Series (Europe) (En,Fr,De,Es,It,Nl)",Europe
AKQE,"Kong - The Animated Series (USA) (En,Fr,De,Es,It,Nl)",USA
BKBJ,Konjiki no Gashbell!! - Makai no Bookmark (Japan),Japan
A4GJ,Konjiki no Gashbell!! - Unare! Yuujou no Zakeru (Japan),Japan
BGYJ,Konjiki no Gashbell!! - Unare! Yuujou no Zakeru 2 (Japan),Japan
BKEJ,Konjiki no Gashbell!! The Card Battle for GBA (Japan),Japan
BUDJ,Konjiki no Gashbell!! Yuujou no Zakeru - Dream Tag Tournament (Japan),Japan
KHPJ,Korokoro Puzzle - Happy Panecchu! (Japan),Japan
A8MJ,Kotoba no Puzzle - Mojipittan Advance (Japan),Japan
A8MJ,Kotoba no Puzzle - Mojipittan Advance (Japan) (Virtual Console),Japan
BK6J,Kouchuu Ouja Mushiking - Greatest Champion e no Michi (Japan),Japan
A54J,Koukou Juken Advance Series Eigo Koubun Hen - 26 Units Shuuroku (Japan),Japan
A53J,Koukou Juken Advance Series Eijukugo Hen - 650 Phrases Shuuroku (Japan),Japan
A52J,Koukou Juken Advance Series Eitango Hen - 2000 Words Shuuroku (Japan),Japan
BKTJ,Koutetsu Teikoku (Japan),Japan
B9AJ,Kunio-kun Nekketsu Collection 1 (Japan),Japan
B9BJ,Kunio-kun Nekketsu Collection 2 (Japan),Japan
B9CJ,Kunio-kun Nekketsu Collection 3 (Japan),Japan
AGOJ,Kurohige no Golf Shiyouyo (Japan),Japan
AKUJ,Kurohige no Kurutto Jintori (Japan),Japan
AKRP,Kurukuru Kururin (Europe),Europe
AKRJ,Kurukuru Kururin (Japan),Japan
A9QJ,Kururin Paradise (Japan),Japan
ALBP,"LEGO Bionicle (Europe) (En,Fr,De,Es,It,Nl,Sv,Da)",Europe
ALBE,"LEGO Bionicle (USA) (En,Fr)",USA
AL2P,"LEGO Island 2 - The Brickster's Revenge (Europe) (En,Fr,De,Es,It,Nl,Sv,Da)",Europe
AL2E,"LEGO Island 2 - The Brickster's Revenge (USA) (En,Fr)",USA
ALRP,"LEGO Racers 2 (Europe) (En,Fr,De,Es,It,Nl,Sv,Da)",Europe
ALRE,"LEGO Racers 2 (USA) (En,Fr)",USA
BLWJ,LEGO Star Wars - The Video Game (Japan),Japan
BLWE,"LEGO Star Wars - The Video Game (USA, Europe) (En,Fr,De,Es,It,Nl,Da)",USA
BL7P,"LEGO Star Wars II - The Original Trilogy (Europe) (En,Fr,De,Es,It,Da)",Europe
BL7E,LEGO Star Wars II - The Original Trilogy (USA),USA
ALDP,"Lady Sia (Europe) (En,Fr,De,Es,It,Nl)",Europe
ALDE,"Lady Sia (USA) (En,Fr,De,Es,It,Nl)",USA
ALAP,"Land Before Time, The (Europe) (En,Fr,De,Es,It)",Europe
ALAE,"Land Before Time, The (USA) (En,Es)",USA
BLOP,"Land Before Time, The - Into the Mysterious Beyond (Europe) (En,Fr,De,Es,It,Nl,Pt,Da)",Europe
BLOE,"Land Before Time, The - Into the Mysterious Beyond (USA) (En,Fr,Es)",USA
BL8P,"Lara Croft Tomb Raider - Legend (Europe) (En,Fr,De,Es,It)",Europe
BL8E,"Lara Croft Tomb Raider - Legend (USA) (En,Fr,De,Es,It)",USA
AL9P,"Lara Croft Tomb Raider - The Prophecy (Europe) (En,Fr,De,Es,It)",Europe
AUTJ,Lara Croft Tomb Raider - The Prophecy (Japan),Japan
AL9E,"Lara Croft Tomb Raider - The Prophecy (USA) (En,Fr,De,Es,It)",USA
BQTF,"Lea - Passion Veterinaire (France) (En,Fr)",France
AVDJ,Legend of Dynamic - Goushouden - Houkai no Rondo (Japan),Japan
B3YP,"Legend of Spyro, The - A New Beginning (Europe) (En,Fr,De,Es,It,Nl)",Europe
B3YE,"Legend of Spyro, The - A New Beginning (USA)",USA
AZLP,"Legend of Zelda, The - A Link to the Past & Four Swords (Europe) (En,Fr,De,Es,It)",Europe
AZLE,"Legend of Zelda, The - A Link to the Past & Four Swords (USA)",USA
BZMP,"Legend of Zelda, The - The Minish Cap (Europe) (En,Fr,De,Es,It)",Europe
BZME,"Legend of Zelda, The - The Minish Cap (USA)",USA
A2LE,"Legends of Wrestling II (USA, Europe)",USA
BLJK,Legendz - Buhwarhaneun Siryeonyi Seom (Korea),Korea
BLVJ,Legendz - Sign of Nekuromu (Japan),Japan
BLJJ,Legendz - Yomigaeru Shiren no Shima (Japan),Japan
BLYD,Lemony Snicket - Raetselhafte Ereignisse (Germany),Germany
BLYI,Lemony Snicket - Una Serie di Sfortunati Eventi (Italy),Italy
BLYX,"Lemony Snicket's A Series of Unfortunate Events (Europe) (Fr,Es)",Europe
BLYE,"Lemony Snicket's A Series of Unfortunate Events (USA, Europe)",USA
BL9E,Let's Ride! - Dreamer (USA),USA
BEFE,Let's Ride! - Friends Forever (USA),USA
B34E,Let's Ride! - Sunshine Stables (USA),USA
BRNJ,Licca-chan no Oshare Nikki (Japan),Japan
BRPJ,Lilliput Oukoku - Lillimoni to Issho Puni! (Japan),Japan
ALTP,"Lilo & Stitch (Europe) (En,Fr,De,Es,It,Nl)",Europe
ALTP,"Lilo & Stitch (Europe) (En,Fr,De,Es,It,Nl) (Rev 1)",Europe
BLSJ,Lilo & Stitch (Japan),Japan
ALTE,Lilo & Stitch (USA),USA
BLSP,"Lilo & Stitch 2 (Europe) (En,Fr,De,Es)",Europe
BLSE,Lilo & Stitch 2 - Haemsterviel Havoc (USA),USA
BLKE,"Lion King 1 1-2, The (USA)",USA
BLKP,"Lion King, The (Europe) (En,Fr,De,Es,It,Nl,Sv,Da)",Europe
ALQJ,Little Buster Q (Japan),Japan
BEIE,Little Einsteins (USA),USA
ALCE,"Little League Baseball 2002 (USA) (En,Es)",USA
BN9E,"Little Mermaid, The - Magic in Two Kingdoms (USA, Europe) (En,Fr,De,Es,It)",USA
BLIJ,Little Patissier - Cake no Oshiro (Japan),Japan
BLMP,"Lizzie McGuire (Europe) (En,Fr,De,Es)",Europe
BLME,Lizzie McGuire - On the Go! (USA),USA
BL2E,"Lizzie McGuire 2 - Lizzie Diaries (USA) (En,Fr)",USA
BL3E,Lizzie McGuire 3 - Homecoming Havoc (USA),USA
A39J,Lode Runner (Japan),Japan
BLTE,"Looney Tunes - Back in Action (USA, Europe) (En,Fr,De,Es,It)",USA
BLNP,Looney Tunes Double Pack (Europe),Europe
BLNE,Looney Tunes Double Pack (USA),USA
ALPJ,"Lord of the Rings, The - Futatsu no Tou (Japan)",Japan
B3AJ,"Lord of the Rings, The - Nakatsukuni Daisanki (Japan)",Japan
BLRJ,"Lord of the Rings, The - Ou no Kikan (Japan)",Japan
ALOP,"Lord of the Rings, The - The Fellowship of the Ring (Europe) (En,Fr,De,Es,It)",Europe
ALOE,"Lord of the Rings, The - The Fellowship of the Ring (USA)",USA
ALOE,"Lord of the Rings, The - The Fellowship of the Ring (USA) (Rev 1)",USA
BLRE,"Lord of the Rings, The - The Return of the King (USA, Europe) (En,Fr,De,Es,It)",USA
B3AE,"Lord of the Rings, The - The Third Age (USA, Europe) (En,Fr,De,Es,It)",USA
ALPE,"Lord of the Rings, The - The Two Towers (USA, Europe) (En,Fr,De,Es,It,Nl)",USA
ALVP,"Lost Vikings, The (Europe) (En,Fr,De,Es)",Europe
ALVE,"Lost Vikings, The (USA)",USA
ALHJ,Love Hina Advance - Shukufuku no Kane wa Naru Kana (Japan),Japan
AWRC,Lu-Hai-Kong Dazhan (China) (Proto),China
ALLP,"Lucky Luke - Wanted! (Europe) (En,Fr,De,Es,It,Nl)",Europe
AGDE,Lufia - The Ruins of Lore (USA),USA
ALNJ,Lunar Legend (Japan),Japan
ALNE,Lunar Legend (USA),USA
AMLE,M&M's - Blast! (USA),USA
BEME,M&M's - Break' Em (USA) (Rev 1),USA
BM9J,MAER Heaven - Knockin' on Heaven's Door (Japan),Japan
A5ME,MLB SlugFest 2004 (USA),USA
A2XE,"MX 2002 Featuring Ricky Carmichael (USA, Europe)",USA
BGZP,Madagascar (Europe),Europe
BGZX,"Madagascar (Europe) (Fr,De,Pt)",Europe
BGZI,Madagascar (Italy),Italy
BGZJ,Madagascar (Japan),Japan
BGZH,Madagascar (Netherlands),Netherlands
BGZS,Madagascar (Spain),Spain
BGZE,Madagascar (USA),USA
BM7S,Madagascar - Operacion Pinguino (Spain),Spain
BM7P,Madagascar - Operation Penguin (Europe),Europe
BM7X,"Madagascar - Operation Penguin (Europe) (Fr,De)",Europe
BM7Y,"Madagascar - Operation Penguin (Europe) (It,Nl)",Europe
BM7E,Madagascar - Operation Penguin (USA),USA
B6ME,Madden NFL 06 (USA),USA
B7ME,Madden NFL 07 (USA),USA
A2ME,Madden NFL 2002 (USA),USA
ANJE,Madden NFL 2003 (USA),USA
BMDE,Madden NFL 2004 (USA),USA
BMFE,Madden NFL 2005 (USA),USA
AZWJ,Made in Wario (Japan),Japan
AZWJ,Made in Wario (Japan) (Virtual Console),Japan
A2IJ,Magi Nation (Japan),Japan
AJOJ,Magical Houshin (Japan),Japan
AQMP,"Magical Quest 2 Starring Mickey & Minnie (Europe) (En,Fr,De)",Europe
AQME,"Magical Quest 2 Starring Mickey & Minnie (USA) (En,Fr,De)",USA
BMQP,"Magical Quest 3 Starring Mickey & Donald (Europe) (En,Fr,De)",Europe
BMQE,"Magical Quest 3 Starring Mickey & Donald (USA) (En,Fr,De)",USA
A3MP,"Magical Quest Starring Mickey & Minnie (Europe) (En,Fr,De,Es,It)",Europe
A3ME,Magical Quest Starring Mickey & Minnie (USA),USA
AMVJ,Magical Vacation (Japan),Japan
AMVJ,Magical Vacation (Japan) (Virtual Console),Japan
AMPJ,Mahjong Keiji (Japan),Japan
BNGJ,Mahou Sensei Negima! - Private Lesson - Damedesuu Toshokan-jima (Japan),Japan
BNMJ,Mahou Sensei Negima! - Private Lesson 2 - Ojamashimasuu Parasite de Chuu (Japan),Japan
AWNJ,Mahou no Pumpkin - Ann to Greg no Daibouken (Japan),Japan
AMCJ,Mail de Cute (Japan),Japan
B3NP,Majesco's Sports Pack (Europe),Europe
B3NE,Majesco's Sports Pack (USA),USA
BWAJ,Majokko Cream-chan no Gokko Series 1 - Wannyan Idol Gakuen (Japan),Japan
BE2J,Majokko Cream-chan no Gokko Series 2 - Kisekae Angel (Japan),Japan
AMKC,Maliou Kadingche - Chaoji Saidao (China) (Proto),China
A88C,Maliou Yu Luyiji RPG (China) (Proto),China
0000,Mandrake the Magician (Italy) (Proto),Italy
ACOJ,Manga-ka Debut Monogatari - Akogare! Manga Ka Ikusei Game! (Japan),Japan
ACOJ,Manga-ka Debut Monogatari - Akogare! Manga Ka Ikusei Game! (Japan) (Rev 1),Japan
AMRP,"Maniac Racers Advance (Europe) (En,Fr,De,Es,It)",Europe
A4MP,"Manic Miner (Europe) (En,Fr,De,Es,It)",Europe
BQLP,"March of the Penguins (Europe) (En,Fr,De,Es,It)",Europe
BQLE,March of the Penguins (USA),USA
ANSJ,"Marie, Elie & Anis no Atelier - Soyokaze kara no Dengon (Japan)",Japan
A88P,"Mario & Luigi - Superstar Saga (Europe) (En,Fr,De,Es,It)",Europe
A88P,"Mario & Luigi - Superstar Saga (Europe) (En,Fr,De,Es,It) (Virtual Console)",Europe
A88E,Mario & Luigi - Superstar Saga (USA),USA
A88E,Mario & Luigi - Superstar Saga (USA) (Virtual Console),USA
A88J,Mario & Luigi RPG (Japan),Japan
A88J,Mario & Luigi RPG (Japan) (Virtual Console),Japan
BMGU,Mario Golf - Advance Tour (Australia),Australia
BMGP,Mario Golf - Advance Tour (Europe),Europe
BMGP,Mario Golf - Advance Tour (Europe) (Virtual Console),Europe
BMGF,Mario Golf - Advance Tour (France),France
BMGD,Mario Golf - Advance Tour (Germany),Germany
BMGI,Mario Golf - Advance Tour (Italy),Italy
BMGS,Mario Golf - Advance Tour (Spain),Spain
BMGE,Mario Golf - Advance Tour (USA),USA
BMGE,Mario Golf - Advance Tour (USA) (Virtual Console),USA
BMGJ,Mario Golf - GBA Tour (Japan),Japan
BMGJ,Mario Golf - GBA Tour (Japan) (Virtual Console),Japan
AMKP,Mario Kart - Super Circuit (Europe),Europe
AMKP,Mario Kart - Super Circuit (Europe) (Virtual Console),Europe
AMKE,Mario Kart - Super Circuit (USA),USA
AMKE,Mario Kart - Super Circuit (USA) (Proto) (Netcard),USA
AMKE,Mario Kart - Super Circuit (USA) (Virtual Console),USA
AMKJ,Mario Kart Advance (Japan),Japan
AMKJ,Mario Kart Advance (Japan) (Virtual Console),Japan
B8MP,"Mario Party Advance (Europe) (En,Fr,De,Es,It)",Europe
B8MP,"Mario Party Advance (Europe) (En,Fr,De,Es,It) (Virtual Console)",Europe
B8MJ,Mario Party Advance (Japan),Japan
B8MJ,Mario Party Advance (Japan) (Virtual Console),Japan
B8ME,Mario Party Advance (USA),USA
B8ME,Mario Party Advance (USA) (Virtual Console),USA
BMVE,Mario Pinball Land (USA) (Virtual Console),USA
BMVE,"Mario Pinball Land (USA, Australia)",USA
BTMP,"Mario Power Tennis (Europe) (En,Fr,De,Es,It)",Europe
BTMP,"Mario Power Tennis (Europe) (En,Fr,De,Es,It) (Virtual Console)",Europe
BTME,"Mario Tennis - Power Tour (USA) (En,Fr,De,Es,It) (Virtual Console)",USA
BTME,"Mario Tennis - Power Tour (USA, Australia) (En,Fr,De,Es,It)",USA
BTMJ,Mario Tennis Advance (Japan),Japan
BTMJ,Mario Tennis Advance (Japan) (Virtual Console),Japan
BM5P,"Mario vs. Donkey Kong (Europe) (En,Fr,De,Es,It)",Europe
BM5J,Mario vs. Donkey Kong (Japan),Japan
BM5E,"Mario vs. Donkey Kong (USA, Australia)",USA
B4MP,"Marvel - Ultimate Alliance (Europe) (En,It)",Europe
B4ME,Marvel - Ultimate Alliance (USA),USA
AKSE,"Mary-Kate and Ashley - Girls Night Out (USA, Europe)",USA
AAYE,"Mary-Kate and Ashley - Sweet 16 - Licensed to Drive (USA, Europe)",USA
AGUE,Masters of the Universe - He-Man - Power of Grayskull (USA),USA
AHOX,"Mat Hoffman's Pro BMX (Europe) (Fr,De)",Europe
AHOE,"Mat Hoffman's Pro BMX (USA, Europe)",USA
AH2E,"Mat Hoffman's Pro BMX 2 (USA, Europe)",USA
BMRJ,Matantei Loki Ragnarok - Gensou no Labyrinth (Japan),Japan
A63J,Matantei Loki Ragnarok - Gensou no Labyrinth (Japan) (Beta) (Debug),Japan
BMRJ,Matantei Loki Ragnarok - Gensou no Labyrinth (Japan) (Rev 1),Japan
BIYE,Math Patrol - The Kleptoid Threat (USA),USA
RZWJ,Mawaru - Made in Wario (Japan),Japan
BMEE,Max Payne (USA),USA
BMEP,"Max Payne Advance (Europe) (En,Fr,De)",Europe
BEEP,"Maya the Bee - Sweet Gold (Europe) (En,Fr,De,Es,It)",Europe
ABVP,"Maya the Bee - The Great Adventure (Europe) (En,Fr,De,Es,It)",Europe
BFQE,"Mazes of Fate (USA) (En,Fr,De,Es,It)",USA
AKGP,"Mech Platoon (Europe) (En,Fr,De,Es,It)",Europe
AKGE,Mech Platoon (USA),USA
ABYE,Mechanic Mechanica (Japan) (Proto),Japan
A8BP,Medabots - Metabee (Europe),Europe
A8BP,Medabots - Metabee (Europe) (Virtual Console),Europe
A8BS,Medabots - Metabee (Spain),Spain
A8BE,Medabots - Metabee (USA),USA
A8BE,Medabots - Metabee (USA) (Virtual Console),USA
A9BP,Medabots - Rokusho (Europe),Europe
A9BP,Medabots - Rokusho (Europe) (Virtual Console),Europe
A9BS,Medabots - Rokusho (Spain),Spain
A9BE,Medabots - Rokusho (USA),USA
A9BE,Medabots - Rokusho (USA) (Virtual Console),USA
AK8P,"Medabots AX - Metabee Ver. (Europe) (En,Fr,De,Es,It)",Europe
AK8P,"Medabots AX - Metabee Ver. (Europe) (En,Fr,De,Es,It) (Virtual Console)",Europe
AK8E,Medabots AX - Metabee Ver. (USA),USA
AK8E,Medabots AX - Metabee Ver. (USA) (Virtual Console),USA
AK9P,"Medabots AX - Rokusho Ver. (Europe) (En,Fr,De,Es,It)",Europe
AK9P,"Medabots AX - Rokusho Ver. (Europe) (En,Fr,De,Es,It) (Virtual Console)",Europe
AK9E,Medabots AX - Rokusho Ver. (USA),USA
AK9E,Medabots AX - Rokusho Ver. (USA) (Virtual Console),USA
BMHE,"Medal of Honor - Infiltrator (USA, Europe) (En,Fr,De)",USA
AUGX,"Medal of Honor - Underground (Europe) (En,Fr,Es,It) (Ubi Soft)",Europe
AUGP,"Medal of Honor - Underground (Europe) (En,Fr,Es,It) (Zoo Digital)",Europe
AUGE,Medal of Honor - Underground (USA),USA
BMHJ,Medal of Honor Advance (Japan),Japan
AGHJ,Medarot G - Kabuto (Japan),Japan
AGHJ,Medarot G - Kabuto (Japan) (Virtual Console),Japan
AGIJ,Medarot G - Kuwagata (Japan),Japan
AGIJ,Medarot G - Kuwagata (Japan) (Virtual Console),Japan
ANAJ,Medarot Navi - Kabuto (Japan),Japan
ANAJ,Medarot Navi - Kabuto (Japan) (Virtual Console),Japan
AVIJ,Medarot Navi - Kuwagata (Japan),Japan
AVIJ,Medarot Navi - Kuwagata (Japan) (Virtual Console),Japan
A5KJ,Medarot Ni Core - Kabuto (Japan),Japan
A5KJ,Medarot Ni Core - Kabuto (Japan) (Rev 1),Japan
A5KJ,Medarot Ni Core - Kabuto (Japan) (Rev 1) (Virtual Console),Japan
A5QJ,Medarot Ni Core - Kuwagata (Japan),Japan
A5QJ,Medarot Ni Core - Kuwagata (Japan) (Virtual Console),Japan
BRHP,"Meet the Robinsons (Europe) (En,Fr,De,Es,It,Nl)",Europe
BRHE,Meet the Robinsons (USA),USA
A6MP,Mega Man & Bass (Europe),Europe
A6MP,Mega Man & Bass (Europe) (Virtual Console),Europe
A6ME,Mega Man & Bass (USA),USA
A6ME,Mega Man & Bass (USA) (Virtual Console),USA
A89E,Mega Man - Battle Chip Challenge (USA),USA
A89E,Mega Man - Battle Chip Challenge (USA) (Virtual Console),USA
AREE,Mega Man - Battle Network (USA),USA
AREE,Mega Man - Battle Network (USA) (Virtual Console),USA
AE2E,Mega Man - Battle Network 2 (USA),USA
AE2E,Mega Man - Battle Network 2 (USA) (Beta) (Debug),USA
AE2E,"Mega Man - Battle Network 2 (USA, Europe) (Virtual Console)",USA
A3XE,Mega Man - Battle Network 3 - Blue Version (USA),USA
A3XE,Mega Man - Battle Network 3 - Blue Version (USA) (Virtual Console),USA
A6BE,Mega Man - Battle Network 3 - White Version (USA),USA
A6BE,Mega Man - Battle Network 3 - White Version (USA) (Virtual Console),USA
B4BE,Mega Man - Battle Network 4 - Blue Moon (USA),USA
B4BE,Mega Man - Battle Network 4 - Blue Moon (USA) (Virtual Console),USA
B4WE,Mega Man - Battle Network 4 - Red Sun (USA),USA
B4WE,Mega Man - Battle Network 4 - Red Sun (USA) (Virtual Console),USA
BRKE,Mega Man - Battle Network 5 - Team Colonel (USA),USA
BRBE,Mega Man - Battle Network 5 - Team Protoman (USA),USA
BR6E,Mega Man - Battle Network 6 - Cybeast Falzar (USA),USA
BR6E,Mega Man - Battle Network 6 - Cybeast Falzar (USA) (Virtual Console),USA
BR5E,Mega Man - Battle Network 6 - Cybeast Gregar (USA),USA
BR5E,Mega Man - Battle Network 6 - Cybeast Gregar (USA) (Virtual Console),USA
AZCE,Mega Man Zero (USA) (Virtual Console),USA
AZCE,"Mega Man Zero (USA, Europe)",USA
A62E,Mega Man Zero 2 (USA),USA
A62E,Mega Man Zero 2 (USA) (Virtual Console),USA
BZ3E,Mega Man Zero 3 (USA),USA
BZ3E,Mega Man Zero 3 (USA) (Virtual Console),USA
B4ZE,Mega Man Zero 4 (USA),USA
B4ZE,Mega Man Zero 4 (USA) (Virtual Console),USA
A89P,Megaman - Battle Chip Challenge (Europe),Europe
A89P,Megaman - Battle Chip Challenge (Europe) (Virtual Console),Europe
AREP,Megaman - Battle Network (Europe),Europe
AREP,Megaman - Battle Network (Europe) (Virtual Console),Europe
AM2P,Megaman - Battle Network 2 (Europe),Europe
A3XP,Megaman - Battle Network 3 - Blue Version (Europe),Europe
A3XP,Megaman - Battle Network 3 - Blue Version (Europe) (Virtual Console),Europe
A6BP,Megaman - Battle Network 3 - White Version (Europe),Europe
A6BP,Megaman - Battle Network 3 - White Version (Europe) (Virtual Console),Europe
B4BP,Megaman - Battle Network 4 - Blue Moon (Europe),Europe
B4BP,Megaman - Battle Network 4 - Blue Moon (Europe) (Virtual Console),Europe
B4WP,Megaman - Battle Network 4 - Red Sun (Europe),Europe
B4WP,Megaman - Battle Network 4 - Red Sun (Europe) (Virtual Console),Europe
BRKP,Megaman - Battle Network 5 - Team Colonel (Europe),Europe
BRBP,Megaman - Battle Network 5 - Team Protoman (Europe),Europe
BR6P,Megaman - Battle Network 6 - Cybeast Falzar (Europe),Europe
BR6P,Megaman - Battle Network 6 - Cybeast Falzar (Europe) (Virtual Console),Europe
BR5P,Megaman - Battle Network 6 - Cybeast Gregar (Europe),Europe
BR5P,Megaman - Battle Network 6 - Cybeast Gregar (Europe) (Virtual Console),Europe
A62P,Megaman Zero 2 (Europe),Europe
A62P,Megaman Zero 2 (Europe) (Virtual Console),Europe
BZ3P,Megaman Zero 3 (Europe),Europe
BZ3P,Megaman Zero 3 (Europe) (Virtual Console),Europe
B4ZP,Megaman Zero 4 (Europe),Europe
B4ZP,Megaman Zero 4 (Europe) (Virtual Console),Europe
BQVP,"Meine Tierarztpraxis (Germany) (En,De)",Germany
BQTP,"Meine Tierpension (Germany) (En,De)",Germany
BQAJ,Meitantei Conan - Akatsuki no Monument (Japan),Japan
AC4J,Meitantei Conan - Nerawareta Tantei (Japan),Japan
AMIP,Men in Black - The Series (Europe),Europe
AMIE,Men in Black - The Series (USA),USA
BMAJ,Mermaid Melody - Pichi Pichi Pitch (Japan),Japan
BM8J,Mermaid Melody - Pichi Pichi Pitch - Pichi Pichi Party (Japan),Japan
B3MJ,Mermaid Melody - Pichi Pichi Pitch - Pichi Pichitto Live Start! (Japan),Japan
A9TJ,Metal Max 2 Kai (Japan),Japan
A9TJ,Metal Max 2 Kai (Japan) (Rev 1),Japan
BSMP,Metal Slug Advance (Europe),Europe
BSMJ,Metal Slug Advance (Japan),Japan
BSME,Metal Slug Advance (USA),USA
AAPJ,Metalgun Slinger (Japan),Japan
BMXP,"Metroid - Zero Mission (Europe) (En,Fr,De,Es,It)",Europe
BMXP,"Metroid - Zero Mission (Europe) (En,Fr,De,Es,It) (Beta)",Europe
BMXP,"Metroid - Zero Mission (Europe) (En,Fr,De,Es,It) (Virtual Console)",Europe
BMXJ,Metroid - Zero Mission (Japan),Japan
BMXJ,Metroid - Zero Mission (Japan) (Virtual Console),Japan
BMXE,Metroid - Zero Mission (USA),USA
BMXE,Metroid - Zero Mission (USA) (Beta),USA
BMXE,Metroid - Zero Mission (USA) (Virtual Console),USA
AMTP,"Metroid Fusion (Europe) (En,Fr,De,Es,It)",Europe
METJ,"Metroid Fusion (Europe) (En,Fr,De,Es,It) (Beta 1)",Europe
METJ,"Metroid Fusion (Europe) (En,Fr,De,Es,It) (Beta 2)",Europe
AMTP,"Metroid Fusion (Europe) (En,Fr,De,Es,It) (Virtual Console)",Europe
AMTJ,Metroid Fusion (Japan),Japan
AMTJ,Metroid Fusion (Japan) (Virtual Console),Japan
AMTE,Metroid Fusion (USA),USA
AMTE,Metroid Fusion (USA) (Virtual Console),USA
BMKJ,Mezase! Koushien (Japan),Japan
BM4J,Mickey no Pocket Resort (Japan),Japan
BM3J,Mickey to Donald no Magical Quest 3 (Japan),Japan
A3MJ,Mickey to Minnie no Magical Quest (Japan),Japan
A29J,Mickey to Minnie no Magical Quest 2 (Japan),Japan
AXZP,"Micro Machines (Europe) (En,Fr,De,Es,It)",Europe
AMQP,"Midnight Club - Street Racing (Europe) (En,Fr,De,Es,It)",Europe
AMQE,Midnight Club - Street Racing (USA),USA
AM3E,"Midway's Greatest Arcade Hits (USA, Europe)",USA
BMBE,Mighty Beanz - Pocket Puzzles (USA),USA
BQTX,"Mijn Dierenpension (Netherlands) (En,Nl)",Netherlands
BQVX,"Mijn Dierenpraktijk (Netherlands) (En,Nl)",Netherlands
AM9P,"Mike Tyson Boxing (Europe) (En,Fr,De,Es,It)",Europe
AM6E,"Mike Tyson Boxing (USA) (En,Fr,De,Es,It)",USA
AODJ,Minami no Umi no Odyssey (Japan),Japan
AHCJ,Mini Moni. - Mika no Happy Morning Chatty (Japan),Japan
AOHJ,Mini Moni. - Onegai Ohoshi-sama! (Japan),Japan
APYJ,"Minna de Puyo Puyo (Japan) (En,Ja)",Japan
BMOJ,Minna no Ouji-sama (Japan),Japan
BKKJ,"Minna no Shiiku Series - Boku no Kabuto, Kuwagata (Japan)",Japan
AB7J,Minna no Shiiku Series 1 - Boku no Kabutomushi (Japan),Japan
AW7J,Minna no Shiiku Series 2 - Boku no Kuwagata (Japan),Japan
BTLJ,Minna no Soft Series - Happy Trump 20 (Japan),Japan
BHYJ,Minna no Soft Series - Hyokkori Hyoutan-jima - Don Gabacho Daikatsuyaku no Maki (Japan),Japan
BMJJ,Minna no Soft Series - Minna no Mahjong (Japan),Japan
BSGJ,Minna no Soft Series - Minna no Shougi (Japan),Japan
BSGJ,Minna no Soft Series - Minna no Shougi (Japan) (Rev 1),Japan
BUOJ,Minna no Soft Series - Numpla Advance (Japan),Japan
BSHJ,Minna no Soft Series - Shanghai (Japan),Japan
BSHJ,Minna no Soft Series - Shanghai (Japan) (Rev 1),Japan
BTTJ,Minna no Soft Series - Tetris Advance (Japan),Japan
BTTJ,Minna no Soft Series - Tetris Advance (Japan) (Rev 1),Japan
BMZJ,Minna no Soft Series - Zooo (Japan),Japan
ARME,"Minority Report - Everybody Runs (USA, Europe)",USA
B3IJ,Mirakuru! Panzou - 7-tsu no Hoshi no Uchuu Kaizoku (Japan),Japan
AIHP,"Mission Impossible - Operation Surma (Europe) (En,Fr,De,Es,It)",Europe
AIHE,"Mission Impossible - Operation Surma (USA) (En,Fr,Es)",USA
BMXC,Miteluode - Lingdian Renwu (China),China
AMTC,Miteluode Ronghe (China),China
AMBJ,Mobile Pro Yakyuu - Kantoku no Saihai (Japan),Japan
BGNE,Mobile Suit Gundam SEED - Battle Assault (USA),USA
BJCJ,Moero!! Jaleco Collection (Japan),Japan
BM2J,Momotarou Dentetsu G - Gold Deck o Tsukure! (Japan),Japan
AMMJ,Momotarou Matsuri (Japan) (Rev 1),Japan
BUMP,"Monopoly (Europe) (En,Fr,De,Es)",Europe
BUME,Monopoly (USA),USA
AMXD,"Monster AG, Die (Germany)",Germany
AMFJ,Monster Farm Advance (Japan),Japan
A2QJ,Monster Farm Advance 2 (Japan),Japan
AM8P,"Monster Force (Europe) (En,Fr,De,Es,It)",Europe
AM8E,Monster Force (USA),USA
ANFJ,Monster Gate (Japan),Japan
ANFJ,Monster Gate (Japan) (Rev 1),Japan
A6GJ,Monster Gate - Ooinaru Dungeon - Fuuin no Orb (Japan),Japan
AMNJ,Monster Guardians (Japan),Japan
BQ7P,Monster House (Europe),Europe
BQ7X,"Monster House (Europe) (En,Fr,De,Es)",Europe
BQ7E,"Monster House (USA) (En,Fr)",USA
AJAP,Monster Jam - Maximum Destruction (Europe),Europe
AJAE,Monster Jam - Maximum Destruction (USA),USA
AA4J,Monster Maker 4 - Flash Card (Japan),Japan
AA5J,Monster Maker 4 - Killer Dice (Japan),Japan
AMFE,Monster Rancher Advance (USA),USA
A2QE,Monster Rancher Advance 2 (USA),USA
A3NJ,Monster Summoner (Japan),Japan
BMTE,"Monster Truck Madness (USA, Europe)",USA
BMCE,"Monster Trucks (USA, Europe)",USA
BYMP,"Monster Trucks Mayhem (Europe) (En,Fr,De,Es,It)",Europe
BYME,Monster Trucks Mayhem (USA),USA
A4BP,Monster! Bass Fishing (Europe),Europe
A4BE,Monster! Bass Fishing (USA),USA
AMXX,"Monsters, Inc. (Europe) (En,Es,Nl)",Europe
AMXY,"Monsters, Inc. (Europe) (En,Fr,It)",Europe
AMXJ,"Monsters, Inc. (Japan)",Japan
AMXE,"Monsters, Inc. (USA, Europe)",USA
MCAT,Mooncat's Trio (World),
AU3P,"Moorhen 3 - The Chicken Chase! (Europe) (En,Fr,De,Es,It)",Europe
AMSJ,Morita Shougi Advance (Japan),Japan
BMNS,"Morning Adventure, The (Spain) (Promo)",Spain
AXDP,"Mortal Kombat - Deadly Alliance (Europe) (En,Fr,De,Es,It)",Europe
AXDE,"Mortal Kombat - Deadly Alliance (USA) (En,Fr,De,Es,It)",USA
AW4E,"Mortal Kombat - Tournament Edition (USA) (En,Fr,De,Es,It)",USA
AM5P,Mortal Kombat Advance (Europe),Europe
AM5E,Mortal Kombat Advance (USA),USA
A2UJ,Mother 1+2 (Japan),Japan
A3UJ,Mother 3 (Japan),Japan
A3UJ,Mother 3 (Japan) (Virtual Console),Japan
A9MP,"Moto Racer Advance (Europe) (En,Fr,De,Es,It)",Europe
A9ME,"Moto Racer Advance (USA) (En,Fr,De,Es,It)",USA
AM4P,"MotoGP (Europe) (En,Fr,De,Es,It)",Europe
AM4J,MotoGP (Japan) (En),Japan
AM4E,"MotoGP (USA) (En,Fr,De,Es,It)",USA
0000,Motocross Challenge (USA) (Proto),USA
AMRJ,Motocross Maniacs Advance (Japan),Japan
AMRE,"Motocross Maniacs Advance (USA) (En,Es)",USA
AZRP,"Mr Nutz (Europe) (En,Fr,De,Es,It)",Europe
AD2P,Mr. Driller 2 (Europe),Europe
AD2P,Mr. Driller 2 (Europe) (Virtual Console),Europe
AD2J,Mr. Driller 2 (Japan),Japan
AD2J,Mr. Driller 2 (Japan) (Virtual Console),Japan
BR2E,Mr. Driller 2 (USA),USA
BR2E,Mr. Driller 2 (USA) (Virtual Console),USA
AD5J,Mr. Driller A - Fushigi na Pacteria (Japan),Japan
AD5J,Mr. Driller A - Fushigi na Pacteria (Japan) (Virtual Console),Japan
BICJ,Mr. Incredible (Japan),Japan
BIQJ,Mr. Incredible - Kyouteki Underminer Toujou (Japan),Japan
BPCP,"Ms. Pac-Man - Maze Madness (Europe) (En,Fr,De,Es,It)",Europe
BPCE,Ms. Pac-Man - Maze Madness (USA),USA
BMLE,"Mucha Lucha! - Mascaritas of the Lost Code (USA) (En,Fr,Es)",USA
AG6J,Mugenborg (Japan),Japan
AUMP,"Mummy, The (Europe) (En,Fr,De,Es,It)",Europe
AUME,"Mummy, The (USA) (En,Fr,De,Es,It)",USA
AMWP,Muppet Pinball Mayhem (Europe),Europe
AMWE,Muppet Pinball Mayhem (USA),USA
AZME,"Muppets, The - On with the Show! (USA, Europe) (En,Fr,De,Es,It,Nl)",USA
ZMPJ,Music Recorder MP3 (Japan),Japan
AMUJ,Mutsu - Water Looper Mutsu (Japan),Japan
BL6E,My Little Pony - Crystal Princess - The Runaway Rainbow (USA),USA
ANHE,NASCAR Heat 2002 (USA),USA
ABNE,"NBA Jam 2002 (USA, Europe)",USA
FADP,NES Classics - Castlevania (Europe),Europe
ABZE,NFL Blitz 2002 (USA),USA
ANKE,NFL Blitz 2003 (USA),USA
ANLE,NHL 2002 (USA),USA
AN4E,NHL Hitz 2003 (USA),USA
AKPJ,Nakayoshi Mahjong - KabuReach (Japan),Japan
AH7J,Nakayoshi Pet Advance Series 1 - Kawaii Hamster (Japan),Japan
AI7J,Nakayoshi Pet Advance Series 2 - Kawaii Koinu (Japan),Japan
AN3J,Nakayoshi Pet Advance Series 3 - Kawaii Koneko (Japan),Japan
AN3J,Nakayoshi Pet Advance Series 3 - Kawaii Koneko (Japan) (Rev 1),Japan
BKIJ,Nakayoshi Pet Advance Series 4 - Kawaii Koinu Mini - Wanko to Asobou!! Kogata-ken (Japan),Japan
AHVJ,Nakayoshi Youchien - Sukoyaka Enji Ikusei Game (Japan),Japan
AHVJ,Nakayoshi Youchien - Sukoyaka Enji Ikusei Game (Japan) (Rev 1),Japan
ANMP,Namco Museum (Europe),Europe
ANMJ,Namco Museum (Japan) (En),Japan
ANME,Namco Museum (USA),USA
B5NP,"Namco Museum - 50th Anniversary (Europe) (En,Fr,De,Es,It)",Europe
B5NE,Namco Museum - 50th Anniversary (USA),USA
ANDE,Nancy Drew - Message in a Haunted Mansion (USA),USA
ANPJ,Napoleon (Japan),Japan
ANPJ,Napoleon (Japan) (Virtual Console),Japan
AYRJ,Narikiri Jockey Game - Yuushun Rhapsody (Japan),Japan
AUEJ,Naruto - Konoha Senki (Japan),Japan
AUEJ,Naruto - Konoha Senki (Japan) (Rev 1),Japan
A7AE,Naruto - Ninja Council (USA),USA
BN2E,Naruto - Ninja Council 2 (USA),USA
A7AJ,Naruto - Ninjutsu Zenkai! Saikyou Ninja Daikesshuu (Japan),Japan
A7AJ,Naruto - Ninjutsu Zenkai! Saikyou Ninja Daikesshuu (Japan) (Rev 1),Japan
BN2J,Naruto - Saikyou Ninja Daikesshuu 2 (Japan),Japan
BNRJ,Naruto RPG - Uketsugareshi Hi no Ishi (Japan),Japan
BNRJ,Naruto RPG - Uketsugareshi Hi no Ishi (Japan) (Rev 1),Japan
AN2J,Natural 2 - Duo (Japan),Japan
BN7E,"Need for Speed - Carbon - Own the City (USA, Europe) (En,Fr,De,Es,It)",USA
BNWE,"Need for Speed - Most Wanted (USA, Europe) (En,Fr,De,It)",USA
AZFP,"Need for Speed - Porsche Unleashed (Europe) (En,Fr,De,Es,It)",Europe
AZFE,Need for Speed - Porsche Unleashed (USA),USA
BNSE,"Need for Speed - Underground (USA, Europe) (En,Fr,De,It)",USA
BNFE,"Need for Speed - Underground 2 (USA, Europe) (En,Fr,De,It)",USA
ARNJ,Neoromance Game - Harukanaru Toki no Naka de (Japan),Japan
ARNJ,Neoromance Game - Harukanaru Toki no Naka de (Japan) (Rev 1),Japan
ATXP,"Next Generation Tennis (Europe) (En,Fr,De,Es,It,Pt)",Europe
BUJE,Nicktoons - Attack of the Toybots (USA),USA
BNVE,Nicktoons - Battle for Volcano Island (USA),USA
BCCE,Nicktoons - Freeze Frame Frenzy (USA),USA
ANQP,"Nicktoons Racing (Europe) (En,Fr,De,Es,It)",Europe
ANQE,Nicktoons Racing (USA),USA
ANQP,Nicktoons Racing (USA) (Beta),USA
BNUE,Nicktoons Unite! (USA),USA
ANTJ,Nihon Pro Mahjong Renmei Kounin - Tetsuman Advance - Menkyo Kaiden Series (Japan),Japan
ANXP,Ninja Cop (Europe),Europe
ANXE,Ninja Five-O (USA),USA
ZMDE,"Nintendo MP3 Player (Europe) (En,Fr,De,Es,It)",Europe
BKRJ,No No No Puzzle Chailien (Japan),Japan
AGPE,"No Rules - Get Phat (USA, Europe) (En,Fr,De,Es,It,Nl)",USA
ANOJ,Nobunaga Ibun (Japan),Japan
ANBJ,Nobunaga no Yabou (Japan),Japan
BNKP,"Noddy - A Day in Toyland (Europe) (En,Fr,Es,It,Nl,Pt,Da)",Europe
BNKE,"Noddy - A Day in Toyland (USA) (En,Fr,Es)",USA
BH5F,"Nos Voisins, les Hommes (France)",France
BNYJ,Nyan Nyan Nyanko no NyanCollection (Japan),Japan
BIKJ,Ochaken Kururin - Honwaka Puzzle de Hotto Shiyo (Japan),Japan
BO2J,Ochaken no Bouken-jima - Honwaka Yume no Island (Japan),Japan
BDRJ,Ochaken no Heya (Japan),Japan
BCUJ,Ochaken no Yume Bouken (Japan),Japan
BODD,Oddworld - Munch's Oddysee (Germany),Germany
BODE,"Oddworld - Munch's Oddysee (USA, Europe)",USA
A87J,Ohanaya-san Monogatari GBA - Iyashikei Ohanaya-san Ikusei Game (Japan),Japan
BOJJ,Ojarumaru - Gekkouchou Sanpo de Ojaru (Japan),Japan
AOKJ,Okumanchouja Game - Nottori Daisakusen! (Japan),Japan
BONE,One Piece (USA),USA
BIPJ,One Piece - Dragon Dream (Japan),Japan
BO8K,One Piece - Going Baseball - Haejeok Yaku (Korea),Korea
B08J,One Piece - Going Baseball - Kaizoku Yakyuu (Japan),Japan
AO7K,One Piece - Ilgop Seomui Debomool (Korea),Korea
A6OP,Onimusha Tactics (Europe),Europe
A6OJ,Onimusha Tactics (Japan),Japan
A6OE,Onimusha Tactics (USA),USA
BITJ,Onmyou Taisenki - Zeroshiki (Japan),Japan
BOAX,"Open Season (Europe) (En,Fr,De,Es,It,Sv,No,Da,Fi)",Europe
BOAP,"Open Season (Europe) (En,Fr,Es,Nl)",Europe
BOAE,"Open Season (USA) (En,Fr,Es)",USA
BAAE,Operation Armored Liberty (USA),USA
AORJ,Oriental Blue - Ao no Tengai (Japan),Japan
AICJ,Oshaberi Inko Club (Japan),Japan
AICJ,Oshaberi Inko Club (Japan) (Beta),Japan
AOPJ,Oshare Princess (Japan),Japan
AO2J,Oshare Princess 2 + Doubutsu Kyaranabi Uranai (Japan),Japan
BO3J,Oshare Princess 3 (Japan),Japan
BO5J,Oshare Princess 5 (Japan),Japan
A5SJ,Oshare Wanko (Japan),Japan
BOFD,Ottifanten Pinball (Germany),Germany
AGSJ,Ougon no Taiyou - Hirakareshi Fuuin (Japan),Japan
AGFJ,Ougon no Taiyou - Ushinawareshi Toki (Japan),Japan
AGFJ,Ougon no Taiyou - Ushinawareshi Toki (Japan) (Virtual Console),Japan
BH5P,Over the Hedge (Europe),Europe
BH5E,Over the Hedge (USA),USA
BH5H,Over the Hedge - Beesten bij de Buren (Netherlands),Netherlands
BH7P,"Over the Hedge - Hammy Goes Nuts! (Europe) (En,Fr,De,Es,It,Nl)",Europe
BH7E,Over the Hedge - Hammy Goes Nuts! (USA),USA
BOZE,Ozzy & Drix (USA),USA
BPVY,"Paard & Pony - Mijn Manege (Netherlands) (En,Nl)",Netherlands
BYPY,"Paard & Pony - Paard in Galop (Netherlands) (En,Nl)",Netherlands
APCP,Pac-Man Collection (Europe),Europe
APCP,Pac-Man Collection (Europe) (Virtual Console),Europe
APCJ,Pac-Man Collection (Japan) (En),Japan
APCJ,Pac-Man Collection (Japan) (En) (Virtual Console),Japan
APCE,Pac-Man Collection (USA),USA
APCE,Pac-Man Collection (USA) (Virtual Console),USA
BP8P,"Pac-Man Pinball Advance (Europe) (En,Fr,De,Es,It)",Europe
BP8E,Pac-Man Pinball Advance (USA),USA
B6PP,"Pac-Man World & Ms. Pac-Man - Maze Madness (Europe) (En,Fr,De,Es,It)",Europe
BPAP,"Pac-Man World (Europe) (En,Fr,De,Es,It)",Europe
BPAE,Pac-Man World (USA),USA
B2CP,"Pac-Man World 2 (Europe) (En,Fr,De,Es,It)",Europe
B2CE,Pac-Man World 2 (USA),USA
AGBJ,Pac-Man World 2 (USA) (Beta),USA
BHBE,Paws & Claws - Best Friends - Dogs & Cats (USA),USA
BURE,Paws & Claws - Pet Resort (USA),USA
BQVE,Paws & Claws - Pet Vet (USA),USA
BPKP,"Payback (Europe) (En,Fr,De,Es,It)",Europe
BPZJ,Pazuninn - Umininn no Puzzle de Nimu (Japan),Japan
AQAP,Penny Racers (Europe),Europe
APPP,"Peter Pan - Return to Neverland (Europe) (En,Fr,De,Es,It,Nl)",Europe
APPP,"Peter Pan - Return to Neverland (Europe) (En,Fr,De,Es,It,Nl) (Rev 1)",Europe
APPE,Peter Pan - Return to Neverland (USA),USA
APPE,Peter Pan - Return to Neverland (USA) (Rev 1),USA
BPTP,"Peter Pan - The Motion Picture Event (Europe) (En,Fr,De,Es,It)",Europe
BPTE,Peter Pan - The Motion Picture Event (USA),USA
AJHE,Petz - Hamsterz Life 2 (USA),USA
BNBE,Petz Vet (USA),USA
BEFP,"Pferd & Pony - Best Friends - Mein Pferd (Germany) (En,De)",Germany
BYPP,"Pferd & Pony - Lass Uns Reiten 2 (Germany) (En,De)",Germany
BHUP,"Pferd & Pony - Mein Gestuet (Germany) (En,De)",Germany
B94D,Pferd & Pony - Mein Pferdehof & Pferd and Pony - Lass Uns Reiten 2 (Germany),Germany
BPVP,"Pferd & Pony - Mein Pferdehof (Germany) (En,De)",Germany
APXP,"Phalanx (Europe) (En,Fr,De,Es,It,Nl)",Europe
APXJ,Phalanx (Japan),Japan
APXE,Phalanx (USA),USA
AYCP,Phantasy Star Collection (Europe),Europe
AYCE,Phantasy Star Collection (USA),USA
0000,"Phantom, The (Italy) (Proto)",Italy
BFXE,Phil of the Future (USA),USA
BP3J,Pia Carrot e Youkoso!! 3.3 (Japan),Japan
A9NX,"Piglet's Big Game (Europe) (En,Fr,De,Es,It,Nl)",Europe
A9NE,Piglet's Big Game (USA),USA
BPNJ,Pikapika Nurse Monogatari - Nurse Ikusei Game (Japan),Japan
APZP,"Pinball Advance (Europe) (En,Fr,De,Es,It)",Europe
APLP,Pinball Challenge Deluxe (Europe),Europe
A2TP,Pinball Tycoon (Europe),Europe
A2TE,Pinball Tycoon (USA),USA
APDP,"Pinball of the Dead, The (Europe) (En,Fr,De,Es,It)",Europe
AZOJ,"Pinball of the Dead, The (Japan)",Japan
APDE,"Pinball of the Dead, The (USA)",USA
AP7P,"Pink Panther - Pinkadelic Pursuit (Europe) (En,Fr,De,Es,It)",Europe
APEE,Pink Panther - Pinkadelic Pursuit (USA),USA
APNJ,Pinky Monkey Town (Japan),Japan
APIP,"Pinky and the Brain - The Master Plan (Europe) (En,Fr,De,Es,It)",Europe
AP6J,Pinobee & Phoebee (Japan),Japan
APBE,"Pinobee - Wings of Adventure (USA, Europe)",USA
APBJ,Pinobee no Daibouken (Japan),Japan
BPVX,"Pippa Funnell - Stable Adventure (Europe) (En,Fr)",Europe
BYPX,"Pippa Funnell 2 (Europe) (En,Fr)",Europe
B8QE,"Pirates of the Caribbean - Dead Man's Chest (USA, Europe) (En,Fr,De,Es,It)",USA
A8QP,"Pirates of the Caribbean - The Curse of the Black Pearl (Europe) (En,Fr,De,Es,It)",Europe
A8QE,"Pirates of the Caribbean - The Curse of the Black Pearl (USA) (En,Fr,De,Es,It)",USA
BPHF,Pitfall - L'Expedition Perdue (France),France
BPHP,Pitfall - The Lost Expedition (Europe),Europe
BPHE,Pitfall - The Lost Expedition (USA),USA
APFE,"Pitfall - The Mayan Adventure (USA, Europe)",USA
BQ9Q,Pixeline i Pixieland (Denmark),Denmark
APMP,"Planet Monsters (Europe) (En,Fr,De,Es,It,Nl)",Europe
APME,"Planet Monsters (USA) (En,Fr,De,Es,It,Nl)",USA
AYNP,"Planet of the Apes (Europe) (En,Fr,De,Es,It,Nl)",Europe
AYNE,"Planet of the Apes (USA) (En,Fr,De,Es,It,Nl)",USA
ASHJ,Play Novel - Silent Hill (Japan),Japan
ZMBJ,Play-Yan Micro (Japan),Japan
BTDE,Pocket Dogs (USA),USA
BPEJ,Pocket Monsters - Emerald (Japan),Japan
BPRJ,Pocket Monsters - FireRed (Japan),Japan
BPRJ,Pocket Monsters - FireRed (Japan) (Rev 1),Japan
BPGJ,Pocket Monsters - LeafGreen (Japan),Japan
BPGJ,Pocket Monsters - LeafGreen (Japan) (Rev 1),Japan
AXVJ,Pocket Monsters - Ruby (Japan),Japan
AXVJ,Pocket Monsters - Ruby (Japan) (Pokemon Box),Japan
AXVJ,Pocket Monsters - Ruby (Japan) (Rev 1),Japan
AXPJ,Pocket Monsters - Sapphire (Japan),Japan
AXPJ,Pocket Monsters - Sapphire (Japan) (Pokemon Box),Japan
AXPJ,Pocket Monsters - Sapphire (Japan) (Rev 1),Japan
B5BJ,Pocket Monsters Diamond - Pocket Monsters Pearl - Manaphy Present Campaign Senyou Cartridge (Japan) (En),Japan
AP9P,"Pocket Music (Europe) (En,Fr,De,Es,It)",Europe
BPJE,Pocket Professor - Kwik Notes - Volume One (USA),USA
APKE,Pocky & Rocky with Becky (USA),USA
BTDJ,Poke Inu (Japan),Japan
BUUJ,Pokemon - 10th Anniversary Distribution (Europe) (Kiosk),Europe
BUUJ,Pokemon - 10th Anniversary Distribution (France) (Kiosk),France
BUUJ,Pokemon - 10th Anniversary Distribution (Germany) (Kiosk),Germany
BUUJ,Pokemon - 10th Anniversary Distribution (Italy) (Kiosk),Italy
BUUJ,Pokemon - 10th Anniversary Distribution (Spain) (Kiosk),Spain
BUUJ,Pokemon - Aura Mew Distribution (Europe) (Kiosk),Europe
BUUJ,Pokemon - Aura Mew Distribution (France) (Kiosk),France
BUUJ,Pokemon - Aura Mew Distribution (Germany) (Kiosk),Germany
BUUJ,Pokemon - Aura Mew Distribution (Italy) (Kiosk),Italy
BUUJ,Pokemon - Aura Mew Distribution (Spain) (Kiosk),Spain
JPAJ,Pokemon - Aurora Ticket Distribution (USA) (Kiosk),USA
BPGD,Pokemon - Blattgruene Edition (Germany),Germany
BUUJ,Pokemon - Doel Deoxys Distribution (Netherlands) (Ja) (Kiosk),Netherlands
BPES,Pokemon - Edicion Esmeralda (Spain),Spain
BPRS,Pokemon - Edicion Rojo Fuego (Spain),Spain
AXVS,Pokemon - Edicion Rubi (Spain),Spain
AXVS,Pokemon - Edicion Rubi (Spain) (Rev 1),Spain
BPGS,Pokemon - Edicion Verde Hoja (Spain),Spain
AXPS,Pokemon - Edicion Zafiro (Spain),Spain
AXPS,Pokemon - Edicion Zafiro (Spain) (Rev 1),Spain
BPEE,"Pokemon - Emerald Version (USA, Europe)",USA
BPRD,Pokemon - Feuerrote Edition (Germany),Germany
BPRE,"Pokemon - FireRed Version (USA, Europe)",USA
BPRE,"Pokemon - FireRed Version (USA, Europe) (Rev 1)",USA
BPRE,"Pokemon - FireRed Version (USA, Europe) (Rev 10) (Switch)",USA
BPGE,"Pokemon - LeafGreen Version (USA, Europe)",USA
BPGE,"Pokemon - LeafGreen Version (USA, Europe) (Rev 1)",USA
BPGE,"Pokemon - LeafGreen Version (USA, Europe) (Rev 10) (Switch)",USA
AGBJ,Pokemon - Liechi Berry Glitch Fix & Shiny Zigzagoon Distribution (Europe) (Kiosk),Europe
AXVD,Pokemon - Rubin-Edition (Germany),Germany
AXVD,Pokemon - Rubin-Edition (Germany) (Debug Version),Germany
AXVD,Pokemon - Rubin-Edition (Germany) (Rev 1),Germany
AXVE,"Pokemon - Ruby Version (USA, Europe)",USA
AXVE,"Pokemon - Ruby Version (USA, Europe) (Rev 1)",USA
AXVE,"Pokemon - Ruby Version (USA, Europe) (Rev 2)",USA
AXPD,Pokemon - Saphir-Edition (Germany),Germany
AXPD,Pokemon - Saphir-Edition (Germany) (Rev 1),Germany
AXPE,"Pokemon - Sapphire Version (USA, Europe)",USA
AXPE,"Pokemon - Sapphire Version (USA, Europe) (Rev 1)",USA
AXPE,"Pokemon - Sapphire Version (USA, Europe) (Rev 2)",USA
B5BJ,Pokemon - Slot 2 Distribution (Japan) (Proto),Japan
BPED,Pokemon - Smaragd-Edition (Germany),Germany
BPEF,Pokemon - Version Emeraude (France),France
BPRF,Pokemon - Version Rouge Feu (France),France
AXVF,Pokemon - Version Rubis (France),France
AXVF,Pokemon - Version Rubis (France) (Rev 1),France
AXPF,Pokemon - Version Saphir (France),France
AXPF,Pokemon - Version Saphir (France) (Rev 1),France
BPGF,Pokemon - Version Vert Feuille (France),France
BPRI,Pokemon - Versione Rosso Fuoco (Italy),Italy
AXVI,Pokemon - Versione Rubino (Italy),Italy
AXVI,Pokemon - Versione Rubino (Italy) (Rev 1),Italy
BPEI,Pokemon - Versione Smeraldo (Italy),Italy
BPGI,Pokemon - Versione Verde Foglia (Italy),Italy
AXPI,Pokemon - Versione Zaffiro (Italy),Italy
AXPI,Pokemon - Versione Zaffiro (Italy) (Rev 1),Italy
B24J,Pokemon Fushigi no Dungeon - Aka no Kyuujotai (Japan),Japan
B24P,"Pokemon Mystery Dungeon - Red Rescue Team (Europe) (En,Fr,De,Es,It)",Europe
B24E,"Pokemon Mystery Dungeon - Red Rescue Team (USA, Australia)",USA
BPPP,"Pokemon Pinball - Ruby & Sapphire (Europe) (En,Fr,De,Es,It)",Europe
BPPJ,Pokemon Pinball - Ruby & Sapphire (Japan),Japan
BPPJ,Pokemon Pinball - Ruby & Sapphire (Japan) (Rev 1),Japan
BPPE,Pokemon Pinball - Ruby & Sapphire (USA),USA
BPXE,"Polar Express, The (USA, Europe) (En,Fr,De,Es,It)",USA
BIIP,"Polarium Advance (Europe) (En,Fr,De,Es,It)",Europe
BIIP,"Polarium Advance (Europe) (En,Fr,De,Es,It) (Virtual Console)",Europe
BIIE,Polarium Advance (USA),USA
BIIE,Polarium Advance (USA) (Virtual Console),USA
B3FP,"Polly Pocket! - Super Splash Island (Europe) (En,Fr,De,Es,It) (DSI)",Europe
AOTP,"Polly Pocket! - Super Splash Island (Europe) (En,Fr,De,Es,It) (Vivendi)",Europe
B3FE,Polly Pocket! - Super Splash Island (USA) (DSI),USA
AOTE,Polly Pocket! - Super Splash Island (USA) (Vivendi),USA
BIDP,Pop Idol (Europe),Europe
APOE,"Popeye - Rush for Spinach (USA, Europe) (En,Fr,De,Es,It)",USA
BROP,"Postman Pat and the Greendale Rocket (Europe) (En,No,Da)",Europe
BBQJ,Power Poke Dash (Japan),Japan
B8PJ,"Power Pro Kun Pocket 1, 2 (Japan)",Japan
AP3J,Power Pro Kun Pocket 3 (Japan),Japan
AP3J,Power Pro Kun Pocket 3 (Japan) (Rev 1),Japan
AP4J,Power Pro Kun Pocket 4 (Japan),Japan
AP4J,Power Pro Kun Pocket 4 (Japan) (Rev 1),Japan
A5PJ,Power Pro Kun Pocket 5 (Japan),Japan
A5PJ,Power Pro Kun Pocket 5 (Japan) (Rev 1),Japan
BP6J,Power Pro Kun Pocket 6 (Japan),Japan
BP7J,Power Pro Kun Pocket 7 (Japan),Japan
BPOX,"Power Rangers - Dino Thunder (Europe) (Fr,De)",Europe
BPOE,"Power Rangers - Dino Thunder (USA, Europe)",USA
APRF,Power Rangers - La Force du Temps (France),France
BPWP,"Power Rangers - Ninja Storm (Europe) (En,Fr,De)",Europe
BPWE,Power Rangers - Ninja Storm (USA),USA
APRD,Power Rangers - Time Force (Germany),Germany
APRE,"Power Rangers - Time Force (USA, Europe)",USA
APWE,"Power Rangers - Wild Force (USA, Europe)",USA
BRDY,"Power Rangers S.P.D. (Europe) (En,Es,It)",Europe
BRDX,"Power Rangers S.P.D. (Europe) (En,Fr,De)",Europe
BRDE,"Power Rangers S.P.D. (USA, Europe)",USA
AP5P,"Powerpuff Girls, The - Him and Seek (Europe) (En,Fr,De,Es)",Europe
AP5E,"Powerpuff Girls, The - Him and Seek (USA)",USA
APTP,"Powerpuff Girls, The - Mojo Jojo A-Go-Go (Europe) (En,Fr,De,Es,It,Nl)",Europe
APTE,"Powerpuff Girls, The - Mojo Jojo A-Go-Go (USA) (En,Fr,De,Es,It,Nl)",USA
APHE,"Prehistorik Man (USA, Europe) (En,Fr,De,Es,It,Nl)",USA
APHE,"Prehistorik Man (USA, Europe) (En,Fr,De,Es,It,Nl) (Beta)",USA
BAQP,"Premier Action Soccer (Europe) (En,Fr,De,Es,It)",Europe
BPMP,"Premier Manager 2003-04 (Europe) (En,Fr,De,It)",Europe
BPMP,"Premier Manager 2003-04 (Europe) (En,Fr,De,It) (Rev 1)",Europe
BP4P,"Premier Manager 2004-2005 (Europe) (En,Fr,De,It)",Europe
BP5P,"Premier Manager 2005-2006 (Europe) (En,Fr,De,It)",Europe
B2QP,"Prince of Persia - The Sands of Time & Lara Croft Tomb Raider - The Prophecy (Europe) (En,Fr,De,Es,It,Nl+En,Fr,De,Es,It)",Europe
BPYP,"Prince of Persia - The Sands of Time (Europe) (En,Fr,De,Es,It,Nl)",Europe
BPYE,"Prince of Persia - The Sands of Time (USA) (En,Fr,Es)",USA
BPYE,"Prince of Persia - The Sands of Time (USA) (En,Fr,Es) (Rev 1)",USA
BNPP,"Princess Natasha - Student, Secret Agent, Princess (Europe) (En,Fr,De,Es,It)",Europe
BNPE,"Princess Natasha - Student, Secret Agent, Princess (USA)",USA
AVEP,"Pro Beach Soccer (Europe) (En,Fr,De,Es,It,Pt)",Europe
B2OJ,Pro Mahjong Tsuwamono GBA (Japan),Japan
ATEP,Pro Tennis WTA Tour (Europe),Europe
ALMJ,Pro Yakyuu Team o Tsukurou! Advance (Japan),Japan
BD7E,"Proud Family, The (USA)",USA
APUJ,PukuPuku Tennen Kairanban (Japan),Japan
BPQJ,PukuPuku Tennen Kairanban - Koi no Cupid Daisakusen (Japan),Japan
B3PJ,PukuPuku Tennen Kairanban - Youkoso! Illusion Land he (Japan),Japan
APGP,"Punch King - Arcade Boxing (Europe) (En,Fr,Es)",Europe
APGE,Punch King - Arcade Boxing (USA),USA
BYXE,Puppy Luv - Spa and Resort (USA),USA
APYP,"Puyo Pop (Europe) (En,Ja)",Europe
APYE,"Puyo Pop (USA) (En,Ja)",USA
BPFP,"Puyo Pop Fever (Europe) (En,Fr,De,Es,It)",Europe
BPFJ,"Puyo Puyo Fever (Japan) (En,Ja,Fr,De,Es,It)",Japan
AEHJ,Puzzle & Tantei Collection (Japan),Japan
BPBJ,Pyuu to Fuku! Jaguar - Byoo to Deru! Megane-kun (Japan),Japan
BQDE,"Quad Desert Fury (USA, Europe)",USA
ABTE,Quake (USA) (Proto),USA
A55F,Qui Veut Gagner des Millions (France),France
A55S,Quiere Ser Millonario (Spain),Spain
BR3P,"R-Type III - The Third Lightning (Europe) (En,Fr,De,Es,It)",Europe
BR3E,R-Type III - The Third Lightning (USA),USA
A8TJ,RPG Tsukuru Advance (Japan),Japan
BRWP,"Racing Fever (Europe) (En,De,Es,It)",Europe
BRWF,Racing Fever (France),France
BRAP,"Racing Gears Advance (Europe) (En,Fr,De,Es,It)",Europe
BRAE,Racing Gears Advance (USA),USA
ARXE,"Rampage - Puzzle Attack (USA, Europe)",USA
BRFE,"Rapala Pro Fishing (USA, Europe)",USA
BNLU,"Ratatouille (Australia, Greece) (En)",Australia
BNLP,"Ratatouille (Europe) (En,It,Sv,No,Da)",Europe
BNLY,"Ratatouille (Europe) (Es,Pt)",Europe
BNLX,"Ratatouille (Europe) (Fr,De,Nl)",Europe
BNLE,Ratatouille (USA),USA
BRME,Rave Master - Special Attack Force! (USA),USA
BX5P,"Rayman - 10th Anniversary (Europe) (En,Fr,De,Es,It,Nl,Sv,No,Da,Fi)",Europe
BX5E,"Rayman - 10th Anniversary (USA) (En,Fr,De,Es,It)",USA
BRYE,"Rayman - Hoodlum's Revenge (USA) (En,Fr,Es)",USA
BRYP,"Rayman - Hoodlums' Revenge (Europe) (En,Fr,De,Es,It,Nl)",Europe
BQ3P,"Rayman - Raving Rabbids (Europe) (En,Fr,De,Es,It,Nl)",Europe
BQ3E,"Rayman - Raving Rabbids (USA) (En,Fr,Es)",USA
AYZP,"Rayman 3 (Europe) (En,Fr,De,Es,It,Nl,Sv,No,Da,Fi)",Europe
AYZP,"Rayman 3 (Europe) (En,Fr,De,Es,It,Nl,Sv,No,Da,Fi) (Beta)",Europe
AYZE,Rayman 3 (USA) (Beta),USA
AYZE,"Rayman 3 (USA) (En,Fr,Es)",USA
ARYP,"Rayman Advance (Europe) (En,Fr,De,Es,It)",Europe
ARYP,"Rayman Advance (Europe) (En,Fr,De,Es,It) (Beta)",Europe
ARYE,"Rayman Advance (USA) (En,Fr,De,Es,It)",USA
BALX,"Razbitume! - Restez Branches! (Europe) (En,Fr)",Europe
A5WF,"Razmoket Rencontrent les Delajungle, Les (France)",France
AR5F,"Razmoket, Les - A Moi la Fiesta (France)",France
ARGF,"Razmoket, Les - Voler N'Est Pas Jouer (France)",France
ARFE,Razor Freestyle Scooter (USA),USA
AR2P,"Ready 2 Rumble Boxing - Round 2 (Europe) (En,Fr,De)",Europe
AR2E,Ready 2 Rumble Boxing - Round 2 (USA),USA
BRLP,"Rebelstar - Tactical Command (Europe) (En,Fr,De,Es,It)",Europe
BRLE,Rebelstar - Tactical Command (USA),USA
ARHJ,Recca no Honoo - The Game (Japan),Japan
AR9P,"Reign of Fire (Europe) (En,Fr,De,Es,It)",Europe
AR9E,"Reign of Fire (USA) (En,Fr,De,Es,It)",USA
BR9J,Relaxuma na Mainichi (Japan),Japan
AQHE,Rescue Heroes - Billy Blazes! (USA),USA
0000,Resident Evil 2 (Unknown) (Proto),
A3RP,"Revenge of Shinobi, The (Europe) (En,Fr,De,Es,It)",Europe
A3RP,"Revenge of Shinobi, The (Europe) (En,Fr,De,Es,It) (Beta)",Europe
A3RE,"Revenge of Shinobi, The (USA)",USA
A7SP,"Revenge of the Smurfs, The (Europe) (En,Fr,De,Es,It,Nl)",Europe
BRIJ,Rhythm Tengoku (Japan),Japan
BRIJ,Rhythm Tengoku (Japan) (Rev 1),Japan
ARDE,"Ripping Friends, The - The World's Most Manly Men! (USA, Europe)",USA
BDTE,River City Ransom EX (USA),USA
BREE,Riviera - The Promised Land (USA),USA
BREJ,Riviera - Yakusoku no Chi Riviera (Japan),Japan
BREJ,Riviera - Yakusoku no Chi Riviera (Japan) (Rev 1),Japan
A9RP,"Road Rash - Jailbreak (Europe) (En,Fr,De,Es,It)",Europe
A9RE,Road Rash - Jailbreak (USA),USA
ACVE,Robopon 2 - Cross Version (USA),USA
ARPE,Robopon 2 - Ring Version (USA),USA
ACVJ,Robot Poncots 2 - Cross Version (Japan),Japan
ARPJ,Robot Poncots 2 - Ring Version (Japan),Japan
ARWP,"Robot Wars - Advanced Destruction (Europe) (En,Fr,De,Es,It)",Europe
ARUE,Robot Wars - Advanced Destruction (USA),USA
ARSP,"Robot Wars - Extreme Destruction (Europe) (En,Fr,De,Es,It,Nl)",Europe
ARBE,"Robotech - The Macross Saga (USA, Europe) (En,Fr,De,Es,It,Nl)",USA
BRTP,"Robots (Europe) (En,Fr,De,Es,It)",Europe
BRTJ,Robots (Japan),Japan
BRTE,Robots (USA),USA
A4RP,Rock 'N Roll Racing (Europe),Europe
A4RE,Rock 'N Roll Racing (USA),USA
BR7P,"Rock'em Sock'em Robots (Europe) (En,Fr,De,Es,It)",Europe
BR7E,Rock'em Sock'em Robots (USA),USA
AR4E,"Rocket Power - Beach Bandits (USA, Europe)",USA
ARKE,"Rocket Power - Dream Scheme (USA, Europe)",USA
ARKF,Rocket Power - Le Cauchemar d'Otto (France),France
AZZE,Rocket Power - Zero Gravity Zone (USA),USA
AFCJ,Rockman & Forte (Japan),Japan
AFCJ,Rockman & Forte (Japan) (Virtual Console),Japan
A89J,Rockman EXE - Battle Chip GP (Japan),Japan
A89J,Rockman EXE - Battle Chip GP (Japan) (Virtual Console),Japan
B4BJ,Rockman EXE 4 - Tournament Blue Moon (Japan),Japan
B4BJ,Rockman EXE 4 - Tournament Blue Moon (Japan) (Rev 1),Japan
B4WJ,Rockman EXE 4 - Tournament Red Sun (Japan),Japan
B4WJ,Rockman EXE 4 - Tournament Red Sun (Japan) (Rev 1),Japan
B4WJ,Rockman EXE 4 - Tournament Red Sun (Japan) (Rev 1) (Virtual Console),Japan
BR4J,Rockman EXE 4.5 - Real Operation (Japan),Japan
BR4J,Rockman EXE 4.5 - Real Operation (Japan) (Virtual Console),Japan
BRBJ,Rockman EXE 5 - Team of Blues (Japan),Japan
BRBJ,Rockman EXE 5 - Team of Blues (Japan) (Virtual Console),Japan
BRKJ,Rockman EXE 5 - Team of Colonel (Japan),Japan
BRKJ,Rockman EXE 5 - Team of Colonel (Japan) (Virtual Console),Japan
BR6J,Rockman EXE 6 - Dennoujuu Falzar (Japan),Japan
BR6J,Rockman EXE 6 - Dennoujuu Falzar (Japan) (Virtual Console),Japan
BR5J,Rockman EXE 6 - Dennoujuu Gregar (Japan),Japan
BR5J,Rockman EXE 6 - Dennoujuu Gregar (Japan) (Virtual Console),Japan
ARZJ,Rockman Zero (Japan),Japan
ARZJ,Rockman Zero (Japan) (Virtual Console),Japan
A62J,Rockman Zero 2 (Japan),Japan
A62J,Rockman Zero 2 (Japan) (Virtual Console),Japan
BZ3J,Rockman Zero 3 (Japan),Japan
BZ3J,Rockman Zero 3 (Japan) (Virtual Console),Japan
B4ZJ,Rockman Zero 4 (Japan),Japan
B4ZJ,Rockman Zero 4 (Japan) (Virtual Console),Japan
AROP,"Rocky (Europe) (En,Fr,De,Es,It)",Europe
AR8E,"Rocky (USA) (En,Fr,De,Es,It)",USA
ARGE,"Rugrats - Castle Capers (USA, Europe)",USA
A5WE,"Rugrats - Go Wild (USA, Europe)",USA
AR5E,"Rugrats - I Gotta Go Party (USA, Europe)",USA
ARGS,Rugrats - Travesuras en el Castillo (Spain),Spain
BG4J,SD Gundam Force (Japan) (En),Japan
BGEE,SD Gundam Force (USA),USA
BGAJ,SD Gundam G Generation Advance (Japan),Japan
AYPP,"SEGA Arcade Gallery (Europe) (En,Fr,De,Es,It)",Europe
AYPE,SEGA Arcade Gallery (USA),USA
AYLP,SEGA Rally Championship (Europe),Europe
AYLJ,SEGA Rally Championship (Japan) (En),Japan
AYLE,SEGA Rally Championship (USA),USA
A3PP,SEGA Smash Pack (Europe),Europe
A3PE,SEGA Smash Pack (USA),USA
ATHJ,SK8 - Tony Hawk's Pro Skater 2 (Japan),Japan
BSXE,"SSX 3 (USA, Europe)",USA
AXYE,"SSX Tricky (USA, Europe) (En,Fr,De)",USA
AWUP,"Sabre Wulf (Europe) (En,Fr,De)",Europe
AWUE,Sabre Wulf (USA),USA
A3BP,"Sabrina the Teenage Witch - Potion Commotion (Europe) (En,Fr,De,Es,It,Nl)",Europe
A3BE,"Sabrina the Teenage Witch - Potion Commotion (USA) (En,Fr,Es)",USA
ASMJ,Saibara Rieko no Dendou Mahjong (Japan),Japan
ACLJ,Sakura Momoko no UkiUki Carnival (Japan),Japan
AWGP,"Salt Lake 2002 (Europe) (En,Fr,De,Es,It,Nl)",Europe
AS5E,"Salt Lake 2002 (USA) (En,Fr,De,Es,It,Nl)",USA
ASNJ,Samsara Naga 1x2 (Japan),Japan
ASNJ,Samsara Naga 1x2 (Japan) (Rev 1),Japan
ASNJ,Samsara Naga 1x2 (Japan) (Rev 2),Japan
AOSJ,Samurai Deeper Kyo (Japan),Japan
AOSE,Samurai Deeper Kyo (USA),USA
AECJ,Samurai Evolution - Oukoku Geist (Japan),Japan
AJTE,"Samurai Jack - The Amulet of Time (USA, Europe)",USA
ASXJ,Sangokushi (Japan),Japan
B3EJ,Sangokushi - Eiketsuden (Japan),Japan
B3QJ,Sangokushi - Koumeiden (Japan),Japan
A85J,Sanrio Puroland - All Characters (Japan),Japan
AXXP,Santa Claus Jr. Advance (Europe),Europe
AXXP,Santa Claus Jr. Advance (Europe) (Beta),Europe
AUZE,Santa Claus Saves the Earth (Europe),Europe
B33E,"Santa Clause 3, The - The Escape Clause (USA)",USA
A57J,Scan Hunter - Sennen Kaigyo o Oe! (Japan),Japan
AP8P,Scooby-Doo (Europe),Europe
AP8F,Scooby-Doo (France),France
AP8D,Scooby-Doo (Germany),Germany
AP8S,Scooby-Doo (Spain),Spain
AP8E,Scooby-Doo (USA),USA
BMUX,"Scooby-Doo 2 - Monsters Unleashed (Europe) (En,Fr,De,Es,It)",Europe
BMUE,"Scooby-Doo 2 - Monsters Unleashed (USA, Europe)",USA
ASDX,"Scooby-Doo and the Cyber Chase (Europe) (En,Fr,De)",Europe
ASDE,"Scooby-Doo and the Cyber Chase (USA, Europe)",USA
BMMP,"Scooby-Doo! - Mystery Mayhem (Europe) (En,Fr,De)",Europe
BMME,"Scooby-Doo! - Mystery Mayhem (USA) (En,Fr)",USA
B25X,"Scooby-Doo! - Unmasked (Europe) (En,Fr)",Europe
B25Y,"Scooby-Doo! - Unmasked (Europe) (Es,It)",Europe
B25E,"Scooby-Doo! - Unmasked (USA) (En,Fr)",USA
ASZP,"Scorpion King, The - Sword of Osiris (Europe) (En,Fr,De,Es,It)",Europe
ASZE,"Scorpion King, The - Sword of Osiris (USA)",USA
AQBP,"Scrabble (Europe) (En,Fr,De,Es)",Europe
BLAE,Scrabble Blast! (USA),USA
BLAP,Scrabble Scramble! (Europe),Europe
BLAX,"Scrabble Scramble! (Europe) (En,Fr,De,Es,It,Nl)",Europe
V49J,Screw Breaker - Goushin DoriRureRo (Japan),Japan
BHVP,"Scurge - Hive (Europe) (En,Fr,De,Es,It)",Europe
BHVE,"Scurge - Hive (USA) (En,Fr,Es)",USA
ALJE,Sea Trader - Rise of Taipan (USA),USA
AAHP,"Secret Agent Barbie - Royal Jewels Mission (Europe) (En,Fr,De,Es,It)",Europe
AAHE,Secret Agent Barbie - Royal Jewels Mission (USA),USA
A7GJ,Sengoku Kakumei Gaiden (Japan),Japan
BKAJ,Sennen Kazoku (Japan),Japan
BKAJ,Sennen Kazoku (Japan) (Rev 1),Japan
BKAJ,Sennen Kazoku (Japan) (Rev 1) (Virtual Console),Japan
BSYJ,Sentouin Yamada Hajime (Japan),Japan
AENP,"Serious Sam Advance (Europe) (En,Fr,De)",Europe
AENE,"Serious Sam Advance (USA) (En,Fr,De)",USA
BHLE,Shaman King - Legacy of the Spirits - Soaring Hawk (USA),USA
BWSE,Shaman King - Legacy of the Spirits - Sprinting Wolf (USA),USA
BSOP,"Shaman King - Master of Spirits (Europe) (En,Fr,De)",Europe
BSOE,Shaman King - Master of Spirits (USA),USA
B2MP,"Shaman King - Master of Spirits 2 (Europe) (En,Fr,De)",Europe
B2ME,Shaman King - Master of Spirits 2 (USA),USA
AKAJ,Shaman King Card Game - Chou Senjiryakketsu 2 (Japan),Japan
AL3J,Shaman King Card Game - Chou Senjiryakketsu 3 (Japan),Japan
BBAP,Shamu's Deep Sea Adventures (Europe),Europe
ASVJ,Shanghai Advance (Japan),Japan
BSUX,"Shark Tale (Europe) (Fr,De,Es)",Europe
BSUI,Shark Tale (Italy),Italy
B9TJ,Shark Tale (Japan),Japan
BSUE,"Shark Tale (USA, Europe)",USA
ASCD,Shaun Palmer's Pro Snowboarder (Germany),Germany
ASCE,"Shaun Palmer's Pro Snowboarder (USA, Europe)",USA
AEPP,"Sheep (Europe) (En,Fr,De,Es,It)",Europe
A6RE,Shifting Gears - Road Trip (USA),USA
B4KJ,"Shikakui Atama o Maruku Suru. Advance - Kanji, Keisan (Japan)",Japan
B4RJ,"Shikakui Atama o Maruku Suru. Advance - Kokugo, Sansuu, Shakai, Rika (Japan)",Japan
A64J,Shimura Ken no Baka Tonosama - Bakushou Tenka Touitsu Game (Japan),Japan
A64J,Shimura Ken no Baka Tonosama - Bakushou Tenka Touitsu Game (Japan) (Rev 1),Japan
U33J,Shin Bokura no Taiyou - Gyakushuu no Sabata (Japan),Japan
AAJJ,Shin Kisekae Monogatari (Japan),Japan
AAUJ,Shin Megami Tensei (Japan),Japan
BDHJ,Shin Megami Tensei - Devil Children - Honoo no Sho (Japan),Japan
BDYJ,Shin Megami Tensei - Devil Children - Koori no Sho (Japan),Japan
BDLJ,Shin Megami Tensei - Devil Children - Messiah Riser (Japan),Japan
A8ZJ,Shin Megami Tensei - Devil Children - Puzzle de Call! (Japan),Japan
AL4J,Shin Megami Tensei Devil Children - Hikari no Sho (Japan),Japan
AC5J,Shin Megami Tensei Devil Children - Yami no Sho (Japan),Japan
AC5J,Shin Megami Tensei Devil Children - Yami no Sho (Japan) (Beta),Japan
A5TJ,Shin Megami Tensei II (Japan),Japan
ARAJ,Shin Nihon Pro Wrestling - Toukon Retsuden Advance (Japan),Japan
B36J,Shin Sangoku Musou Advance (Japan),Japan
B36J,Shin Sangoku Musou Advance (Japan) (Rev 1),Japan
BKCS,Shin chan - Aventuras en Cineland (Spain),Spain
BC2S,Shin chan contra los Munecos de Shock Gahn (Spain),Spain
BKVJ,Shingata Medarot - Kabuto Version (Japan),Japan
BKUJ,Shingata Medarot - Kuwagata Version (Japan),Japan
AF5J,Shining Force - Kuroki Ryuu no Fukkatsu (Japan),Japan
AF5J,Shining Force - Kuroki Ryuu no Fukkatsu (Japan) (Virtual Console),Japan
AF5P,"Shining Force - Resurrection of the Dark Dragon (Europe) (En,Fr,De,Es,It)",Europe
AF5E,Shining Force - Resurrection of the Dark Dragon (USA),USA
AHUP,"Shining Soul (Europe) (En,Fr,De,Es,It)",Europe
AHUJ,Shining Soul (Japan),Japan
AHUJ,Shining Soul (Japan) (Virtual Console),Japan
AHUE,Shining Soul (USA),USA
AU2P,"Shining Soul II (Europe) (En,Fr,De,Es,It)",Europe
AU2J,Shining Soul II (Japan),Japan
AU2J,Shining Soul II (Japan) (Virtual Console),Japan
AU2E,Shining Soul II (USA),USA
AVSJ,Shinyaku Seiken Densetsu (Japan),Japan
ANVJ,Shiren Monsters - Netsal (Japan),Japan
AH4P,"Shrek - Hassle at the Castle (Europe) (En,Fr,De,Es,It,Nl)",Europe
AH4E,"Shrek - Hassle at the Castle (USA) (En,Fr,De,Es,It,Nl)",USA
AOIP,"Shrek - Reekin' Havoc (Europe) (En,Fr,De,Es,It,Nl)",Europe
AOIE,"Shrek - Reekin' Havoc (USA) (En,Fr,De,Es,It,Nl)",USA
B4IP,"Shrek - Smash n' Crash Racing (Europe) (En,Fr,De,Es,It)",Europe
B4IE,Shrek - Smash n' Crash Racing (USA),USA
B4UP,"Shrek - Super Slam (Europe) (En,Fr,De,Es,It,Nl)",Europe
B4UE,Shrek - Super Slam (USA),USA
AS4E,"Shrek - Swamp Kart Speedway (USA) (En,Fr,De,Es,It,Nl) (Rev 1)",USA
AS4E,"Shrek - Swamp Kart Speedway (USA, Europe) (En,Fr,De,Es,It,Nl)",USA
BSEX,"Shrek 2 (Europe) (Fr,De,Es,It,Sv)",Europe
BSEE,"Shrek 2 (USA, Europe)",USA
BSIX,"Shrek 2 - Beg for Mercy (Europe) (Fr,De,Es,It)",Europe
BSIE,"Shrek 2 - Beg for Mercy (USA, Europe)",USA
B3HP,"Shrek the Third (Europe) (En,Fr,De,Es,It,Nl)",Europe
B3HE,Shrek the Third (USA),USA
B3GE,"Sigma Star Saga (USA, Europe)",USA
AIPP,"Silent Scope (Europe) (En,Fr,De,Es,It)",Europe
AIPJ,Silent Scope (Japan),Japan
AIPE,"Silent Scope (USA) (En,Fr,De,Es,It)",USA
A7IJ,Silk to Cotton (Japan),Japan
A5CP,"SimCity 2000 (Europe) (En,Fr,De,Es,It)",Europe
A5CP,"SimCity 2000 (Europe) (En,Fr,De,Es,It) (Rev 1)",Europe
A5CE,SimCity 2000 (USA),USA
A5CE,SimCity 2000 (USA) (Rev 1),USA
AZKJ,"Simple 2960 Tomodachi Series Vol. 1 - The Table Game Collection - Mahjong, Shougi, Hanafuda, Reversi (Japan)",Japan
AZ9J,Simple 2960 Tomodachi Series Vol. 2 - The Block Kuzushi (Japan),Japan
AZ9J,Simple 2960 Tomodachi Series Vol. 2 - The Block Kuzushi (Japan) (Rev 1),Japan
BS3J,Simple 2960 Tomodachi Series Vol. 3 - The Itsudemo Puzzle - Massugu Soroete Straws (Japan),Japan
BS4J,Simple 2960 Tomodachi Series Vol. 4 - The Trump - Minna de Asoberu 12 Shurui no Trump Game (Japan),Japan
BS4J,Simple 2960 Tomodachi Series Vol. 4 - The Trump - Minna de Asoberu 12 Shurui no Trump Game (Japan) (Rev 1),Japan
A4AX,"Simpsons, The - Road Rage (Europe) (En,Fr,De,Es,It)",Europe
A4AE,"Simpsons, The - Road Rage (USA, Europe)",USA
B46E,"Sims 2, The (USA, Europe) (En,Fr,De,Es,It,Nl)",USA
B4OX,"Sims 2, The - Pets (Europe) (En,Fr,De,Es,It,Nl)",Europe
B4OE,"Sims 2, The - Pets (USA, Europe)",USA
B4PJ,"Sims, The (Japan)",Japan
ASIE,"Sims, The - Bustin' Out (USA) (En,Fr,De,Es,It,Nl) (Rev 1)",USA
ASIE,"Sims, The - Bustin' Out (USA, Europe) (En,Fr,De,Es,It,Nl)",USA
A4PJ,Sister Princess - RePure (Japan),Japan
ASTC,Sitafei De Chuanshuo (China) (Proto),China
AVFC,Sitafei De Chuanshuo 2 (China) (Proto),China
BSDP,"Sitting Ducks (Europe) (En,Fr,De,Es,It,Nl)",Europe
BSDE,"Sitting Ducks (USA) (En,Fr,De,Es,It,Nl)",USA
B4DP,"Sky Dancers - They Magically Fly! (Europe) (En,Fr,De,Es,It)",Europe
B4DE,Sky Dancers - They Magically Fly! (USA),USA
A9KJ,Slime Morimori Dragon Quest - Shougeki no Shippo Dan (Japan),Japan
ATBJ,Slot! Pro 2 Advance - GoGo Juggler & New Tairyou (Japan),Japan
ASFJ,Slot! Pro Advance - Takarabune & Ooedo Sakurafubuki 2 (Japan),Japan
BSVP,"Smashing Drive (Europe) (En,Fr,De,Es,It)",Europe
BSVE,Smashing Drive (USA),USA
ASGP,"Smuggler's Run (Europe) (En,Fr,De,Es,It)",Europe
ASGE,Smuggler's Run (USA),USA
AEAJ,Snap Kid's (Japan),Japan
ASQP,"Snood (Europe) (En,Fr,De,Es,It)",Europe
ASQE,Snood (USA),USA
B2VP,"Snood 2 - On Vacation (Europe) (En,Fr,De,Es,It)",Europe
B2VE,Snood 2 - On Vacation (USA),USA
AK6E,"Soccer Kid (USA, Europe)",USA
ALSE,"Soccer Mania (USA, Europe) (En,Fr,De,Es,It,Nl,Sv,Da)",USA
ASOP,"Sonic Advance (Europe) (En,Ja,Fr,De,Es)",Europe
ASOJ,"Sonic Advance (Japan) (En,Ja)",Japan
ASOJ,"Sonic Advance (Japan) (En,Ja) (Rev 1)",Japan
ASOJ,"Sonic Advance (Japan) (En,Ja) (Rev 1) (Virtual Console)",Japan
ASOE,"Sonic Advance (USA) (En,Ja)",USA
A2NP,"Sonic Advance 2 (Europe) (En,Ja,Fr,De,Es,It)",Europe
A2NJ,"Sonic Advance 2 (Japan) (En,Ja,Fr,De,Es,It)",Japan
A2NJ,"Sonic Advance 2 (Japan) (En,Ja,Fr,De,Es,It) (Virtual Console)",Japan
A2NE,Sonic Advance 2 (USA) (Beta),USA
A2NE,"Sonic Advance 2 (USA) (En,Ja,Fr,De,Es,It)",USA
B3SP,"Sonic Advance 3 (Europe) (En,Ja,Fr,De,Es,It)",Europe
B3SP,"Sonic Advance 3 (Europe) (En,Ja,Fr,De,Es,It) (Beta)",Europe
B3SJ,"Sonic Advance 3 (Japan) (En,Ja,Fr,De,Es,It)",Japan
B3SJ,"Sonic Advance 3 (Japan) (En,Ja,Fr,De,Es,It) (Virtual Console)",Japan
B3SE,"Sonic Advance 3 (USA) (En,Ja,Fr,De,Es,It)",USA
BSBP,"Sonic Battle (Europe) (En,Ja,Fr,De,Es,It)",Europe
BSBJ,"Sonic Battle (Japan) (En,Ja)",Japan
BSBE,"Sonic Battle (USA) (En,Ja,Fr,De,Es,It)",USA
A3VP,"Sonic Pinball Party (Europe) (En,Ja,Fr,De,Es,It)",Europe
A86J,"Sonic Pinball Party (Japan) (En,Ja,Fr,De,Es,It)",Japan
A3VE,"Sonic Pinball Party (USA) (En,Ja,Fr,De,Es,It)",USA
BIJE,Sonic The Hedgehog - Genesis (USA),USA
A3QP,"Sound of Thunder, A (Europe) (En,Fr,De,Es,It)",Europe
A3QE,"Sound of Thunder, A (USA) (En,Fr,De,Es,It)",USA
A5UP,Space Channel 5 - Ulala's Cosmic Attack (Europe),Europe
A5UE,Space Channel 5 - Ulala's Cosmic Attack (USA),USA
AJSJ,Space Hexcite - Maetel Legend EX (Japan),Japan
AIDF,Space Invaders (France),France
AIDE,"Space Invaders (USA, Europe)",USA
AIDJ,Space Invaders EX (Japan) (En),Japan
AS6P,"Speedball 2 (Europe) (En,Fr,De,Es,It)",Europe
AKXF,Spider-Man (France),France
AKXD,Spider-Man (Germany),Germany
AKXE,"Spider-Man (USA, Europe)",USA
BC9P,"Spider-Man - Battle for New York (Europe) (En,Fr,De,Es,It)",Europe
BC9E,Spider-Man - Battle for New York (USA),USA
ASEJ,Spider-Man - Mysterio no Kyoui (Japan),Japan
ASEE,"Spider-Man - Mysterio's Menace (USA, Europe)",USA
BSPX,"Spider-Man 2 (Europe) (En,Fr,De,Es)",Europe
BSPI,Spider-Man 2 (Italy),Italy
BSPE,"Spider-Man 2 (USA, Europe)",USA
BI3P,Spider-Man 3 (Europe),Europe
BI3F,Spider-Man 3 (France),France
BI3D,Spider-Man 3 (Germany),Germany
BI3I,Spider-Man 3 (Italy),Italy
BI3S,Spider-Man 3 (Spain),Spain
BI3E,Spider-Man 3 (USA),USA
AC6D,Spirit - Der Wilde Mustang - Auf der Suche nach Homeland (Germany),Germany
AC6F,Spirit - L'Etalon des Plaines - A la Recherche de la Terre Natale (France),France
AC6P,Spirit - Stallion of the Cimarron - Search for Homeland (Europe),Europe
AC6E,Spirit - Stallion of the Cimarron - Search for Homeland (USA),USA
AWNE,Spirits & Spells (USA),USA
BSQP,"SpongeBob SquarePants - Battle for Bikini Bottom (Europe) (En,Fr,De)",Europe
BSQE,SpongeBob SquarePants - Battle for Bikini Bottom (USA),USA
BQ4P,"SpongeBob SquarePants - Creature from the Krusty Krab (Europe) (En,Fr,De,Es,It,Nl,Sv,Da)",Europe
BQ4E,SpongeBob SquarePants - Creature from the Krusty Krab (USA),USA
BQQX,"SpongeBob SquarePants - Lights, Camera, Pants! (Europe) (En,Fr,De,Es,It,Nl,Sv)",Europe
BQQE,"SpongeBob SquarePants - Lights, Camera, Pants! (USA)",USA
BQQE,"SpongeBob SquarePants - Lights, Camera, Pants! (USA) (Beta 1)",USA
BQQE,"SpongeBob SquarePants - Lights, Camera, Pants! (USA) (Beta 2)",USA
AQ3E,"SpongeBob SquarePants - Revenge of the Flying Dutchman (USA, Europe)",USA
ASPE,"SpongeBob SquarePants - SuperSponge (USA, Europe)",USA
SBSP,"SpongeBob SquarePants - SuperSponge (USA, Europe) (Beta 16)",USA
BSNX,"SpongeBob SquarePants Movie, The (Europe) (En,Fr,De,Es,It,Nl)",Europe
BSNE,"SpongeBob SquarePants Movie, The (USA)",USA
BSNE,"SpongeBob SquarePants Movie, The (USA) (Beta 2)",USA
BNVP,"SpongeBob SquarePants and Friends - Battle for Volcano Island (Europe) (En,Fr,De,Es,It,Nl)",Europe
BNUP,"SpongeBob SquarePants and Friends Unite! (Europe) (En,Fr,De,Es,Nl)",Europe
BCCX,"SpongeBob SquarePants and Friends in Freeze Frame Frenzy (Europe) (En,Fr,De,Es,Nl)",Europe
BUJX,"SpongeBob and Friends - Attack of the Toybots (Europe) (En,De)",Europe
BZXE,SpongeBob's Atlantis SquarePantis (USA),USA
BZXE,SpongeBob's Atlantis SquarePantis (USA) (Beta),USA
AKBE,Sports Illustrated for Kids - Baseball (USA),USA
AKFE,Sports Illustrated for Kids - Football (USA),USA
B23E,Sportsmans Pack 2 in 1 - Cabela's Big Game Hunter + Rapala Pro Fishing (USA),USA
AHNP,"Spy Hunter (Europe) (En,Ja,Fr,De,Es)",Europe
AHNE,"Spy Hunter (USA) (En,Ja,Fr,De,Es)",USA
AV3P,Spy Kids 3-D - Game Over (Europe),Europe
AV3E,Spy Kids 3-D - Game Over (USA),USA
A2KE,Spy Kids Challenger (USA),USA
BSSE,"Spy Muppets - License to Croak (USA) (En,Fr,De,Es,It,Nl)",USA
AOWE,Spyro - Attack of the Rhynocs (USA),USA
ASYP,"Spyro - Season of Ice (Europe) (En,Fr,De,Es,It)",Europe
ASYE,Spyro - Season of Ice (USA),USA
A2SP,"Spyro 2 - Season of Flame (Europe) (En,Fr,De,Es,It)",Europe
A2SE,Spyro 2 - Season of Flame (USA),USA
A4SJ,Spyro Advance (Japan),Japan
BS8J,Spyro Advance - Wakuwaku Tomodachi Daisakusen! (Japan),Japan
AOWP,"Spyro Adventure (Europe) (En,Fr,De,Es,It,Nl)",Europe
BSTP,"Spyro Fusion (Europe) (En,Fr,De,Es,It)",Europe
BSTE,Spyro Orange - The Cortex Conspiracy (USA),USA
BSTE,Spyro Orange - The Cortex Conspiracy (USA) (Rev 1),USA
B8SE,Spyro Superpack - Spyro - Season of Ice + Spyro 2 - Season of Flame (USA),USA
A9GP,Stadium Games (Europe),Europe
A9GE,Stadium Games (USA),USA
AS2X,"Star Wars - Episode II - Attack of the Clones (Europe) (En,Fr,De,Es,It)",Europe
AS2E,Star Wars - Episode II - Attack of the Clones (USA),USA
BE3P,"Star Wars - Episode III - Revenge of the Sith (Europe) (En,Fr,De,Es,It,Nl)",Europe
BE3E,"Star Wars - Episode III - Revenge of the Sith (USA) (En,Fr,Es)",USA
BSWP,"Star Wars - Flight of the Falcon (Europe) (En,Fr,De)",Europe
BSWE,Star Wars - Flight of the Falcon (USA),USA
ASWX,"Star Wars - Jedi Power Battles (Europe) (En,Fr,De,Es)",Europe
ASWE,Star Wars - Jedi Power Battles (USA),USA
A2WP,"Star Wars - The New Droid Army (Europe) (En,Fr,De,Es)",Europe
A2WE,Star Wars - The New Droid Army (USA),USA
BCKP,"Star Wars Trilogy - Apprentice of the Force (Europe) (En,Fr,De,Es,It,Nl)",Europe
BCKE,"Star Wars Trilogy - Apprentice of the Force (USA) (En,Fr,Es)",USA
AS8P,"Star X (Europe) (En,Fr,De,Es,It,Nl)",Europe
AS8E,"Star X (USA) (En,Fr,De,Es,It,Nl)",USA
AYHP,"Starsky & Hutch (Europe) (En,Fr,De,Es,It)",Europe
AYHE,Starsky & Hutch (USA),USA
AYHE,Starsky & Hutch (USA) (Beta),USA
BKTP,Steel Empire (Europe),Europe
B35P,"Strawberry Shortcake - Ice Cream Island - Riding Camp (Europe) (En,Fr,De,Es,It,Nl,Pt,Da)",Europe
B35P,"Strawberry Shortcake - Ice Cream Island - Riding Camp (Europe) (En,Fr,De,Es,It,Nl,Pt,Da) (Rev 1)",Europe
B35E,Strawberry Shortcake - Summertime Adventure (USA),USA
BQWE,Strawberry Shortcake - Summertime Adventure - Special Edition (USA),USA
B4TE,Strawberry Shortcake - Sweet Dreams (USA),USA
AZUP,Street Fighter Alpha 3 (Europe),Europe
AZUE,Street Fighter Alpha 3 (USA),USA
AZUJ,Street Fighter Zero 3 Upper (Japan),Japan
A3ZE,"Street Jam Basketball (USA, Europe)",USA
BCZP,"Street Racing Syndicate (Europe) (En,Fr,De,Es,It)",Europe
BCZE,Street Racing Syndicate (USA),USA
AFHP,Strike Force Hydra (Europe),Europe
AFHE,Strike Force Hydra (USA),USA
ASLP,Stuart Little 2 (Europe) (Rev 1),Europe
ASLF,Stuart Little 2 (France),France
ASLE,"Stuart Little 2 (USA, Europe)",USA
AUXP,"Stuntman (Europe) (En,Fr,De,Es,It)",Europe
AUXE,"Stuntman (USA) (En,Fr,Es)",USA
B4LJ,Sugar Sugar Rune - Heart Ga Ippai! Moegi Gakuen (Japan),Japan
BZCE,"Suite Life of Zack & Cody, The - Tipton Caper (USA) (En,Fr)",USA
AA6P,"Sum of All Fears, The (Europe) (En,Fr,De,Es,It)",Europe
AA6E,"Sum of All Fears, The (USA) (En,Fr,De,Es,It)",USA
AB4J,Summon Night - Craft Sword Monogatari (Japan),Japan
B3CJ,Summon Night - Craft Sword Monogatari - Hajimari no Ishi (Japan),Japan
BSKJ,Summon Night - Craft Sword Monogatari 2 (Japan),Japan
AB4E,Summon Night - Swordcraft Story (USA),USA
BSKE,Summon Night - Swordcraft Story 2 (USA),USA
BG6E,Super Army War (USA),USA
AABP,Super Black Bass Advance (Europe),Europe
AABJ,Super Black Bass Advance (Japan),Japan
AVZP,"Super Bubble Pop (Europe) (En,Fr,De,Es,It,Nl,Pt,Sv)",Europe
AVZE,Super Bubble Pop (USA),USA
ABMP,"Super Bust-A-Move (Europe) (En,Fr,De,Es,It)",Europe
ABME,"Super Bust-A-Move (USA) (En,Fr,Es)",USA
BSAJ,"Super Chinese 1, 2 Advance (Japan)",Japan
BCLE,Super Collapse! II (USA),USA
ADFP,Super Dodge Ball Advance (Europe),Europe
ADFE,Super Dodge Ball Advance (USA),USA
ADFE,Super Dodge Ball Advance (USA) (Beta),USA
ADFE,Super Dodge Ball Advance (USA) (Rev 1),USA
A5NJ,Super Donkey Kong (Japan),Japan
B2DJ,Super Donkey Kong 2 (Japan),Japan
BDQJ,Super Donkey Kong 3 (Japan),Japan
AZNP,Super Dropzone - Intergalactic Rescue Mission (Europe),Europe
AZNE,Super Dropzone - Intergalactic Rescue Mission (USA),USA
BDPE,Super Duper Sumos (USA),USA
AG5E,Super Ghouls'n Ghosts (USA) (Virtual Console),USA
AG5E,"Super Ghouls'n Ghosts (USA, Europe)",USA
BF8E,"Super Hornet FA 18F (USA, Europe)",USA
AMAE,"Super Mario Advance (USA, Europe)",USA
AMAE,"Super Mario Advance (USA, Europe) (Virtual Console)",USA
AMAJ,Super Mario Advance - Super Mario USA + Mario Brothers (Japan),Japan
AMAJ,Super Mario Advance - Super Mario USA + Mario Brothers (Japan) (Virtual Console),Japan
AA2P,"Super Mario Advance 2 - Super Mario World (Europe) (En,Fr,De,Es)",Europe
AA2E,"Super Mario Advance 2 - Super Mario World (USA, Australia)",USA
AA2J,Super Mario Advance 2 - Super Mario World + Mario Brothers (Japan),Japan
A3AP,"Super Mario Advance 3 - Yoshi's Island (Europe) (En,Fr,De,Es,It)",Europe
A3AP,"Super Mario Advance 3 - Yoshi's Island (Europe) (En,Fr,De,Es,It) (Virtual Console)",Europe
A3AE,Super Mario Advance 3 - Yoshi's Island (USA),USA
A3AE,Super Mario Advance 3 - Yoshi's Island (USA) (Virtual Console),USA
A3AJ,Super Mario Advance 3 - Yoshi's Island + Mario Brothers (Japan),Japan
A3AJ,Super Mario Advance 3 - Yoshi's Island + Mario Brothers (Japan) (Virtual Console),Japan
AX4J,Super Mario Advance 4 - Super Mario 3 + Mario Brothers (Japan),Japan
AX4J,Super Mario Advance 4 - Super Mario 3 + Mario Brothers (Japan) (Rev 1),Japan
AX4J,Super Mario Advance 4 - Super Mario 3 + Mario Brothers (Japan) (Rev 2),Japan
AX4J,Super Mario Advance 4 - Super Mario 3 + Mario Brothers (Japan) (Rev 2) (Switch Online),Japan
AX4J,Super Mario Advance 4 - Super Mario 3 + Mario Brothers (Japan) (Rev 2) (Virtual Console),Japan
AX4P,"Super Mario Advance 4 - Super Mario Bros. 3 (Europe) (En,Fr,De,Es,It)",Europe
AX4P,"Super Mario Advance 4 - Super Mario Bros. 3 (Europe) (En,Fr,De,Es,It) (Rev 1)",Europe
AX4P,"Super Mario Advance 4 - Super Mario Bros. 3 (Europe) (En,Fr,De,Es,It) (Rev 1) (Switch Online)",Europe
AX4P,"Super Mario Advance 4 - Super Mario Bros. 3 (Europe) (En,Fr,De,Es,It) (Rev 1) (Virtual Console)",Europe
AX4E,Super Mario Advance 4 - Super Mario Bros. 3 (USA),USA
AX4E,Super Mario Advance 4 - Super Mario Bros. 3 (USA) (Rev 1) (Switch Online),USA
AX4E,Super Mario Advance 4 - Super Mario Bros. 3 (USA) (Rev 1) (Virtual Console),USA
AX4E,"Super Mario Advance 4 - Super Mario Bros. 3 (USA, Australia) (Rev 1)",USA
BMVP,Super Mario Ball (Europe),Europe
BMVP,Super Mario Ball (Europe) (Virtual Console),Europe
BMVJ,Super Mario Ball (Japan),Japan
BMVJ,Super Mario Ball (Japan) (Virtual Console),Japan
FSMJ,Super Mario Bros. (Japan) (Hot Mario Campaign),Japan
ALUP,"Super Monkey Ball Jr. (Europe) (En,Fr,De,Es,It)",Europe
ALUE,Super Monkey Ball Jr. (USA),USA
ABMJ,Super Puzzle Bobble Advance (Japan) (En),Japan
AZ8P,Super Puzzle Fighter II (Europe),Europe
AZ8E,Super Puzzle Fighter II (USA),USA
AZ8E,Super Puzzle Fighter II (USA) (Rev 1),USA
BDMJ,Super Real Mahjong Dousoukai (Japan),Japan
AOGP,Super Robot Taisen - Original Generation (Europe),Europe
AOGJ,Super Robot Taisen - Original Generation (Japan),Japan
AOGE,Super Robot Taisen - Original Generation (USA),USA
B2RJ,Super Robot Taisen - Original Generation 2 (Japan),Japan
B2RE,Super Robot Taisen - Original Generation 2 (USA),USA
ASRJ,Super Robot Taisen A (Japan),Japan
A6SJ,Super Robot Taisen D (Japan),Japan
B6JJ,Super Robot Taisen J (Japan),Japan
AJ9J,Super Robot Taisen R (Japan),Japan
AXRP,Super Street Fighter II Turbo - Revival (Europe),Europe
AXRP,Super Street Fighter II Turbo - Revival (Europe) (Rev 1),Europe
AXRP,Super Street Fighter II Turbo - Revival (Europe) (Rev 1) (Virtual Console),Europe
AXRE,Super Street Fighter II Turbo - Revival (USA),USA
AXRE,Super Street Fighter II Turbo - Revival (USA) (Virtual Console),USA
AXRJ,Super Street Fighter II X - Revival (Japan),Japan
AXRJ,Super Street Fighter II X - Revival (Japan) (Virtual Console),Japan
ASUP,"Superman - Countdown to Apokolips (Europe) (En,Fr,De,Es,It)",Europe
ASUE,Superman - Countdown to Apokolips (USA),USA
BQXE,"Superman Returns - Fortress of Solitude (USA, Europe) (En,Fr,De,Es,It)",USA
BXUX,"Surf's Up (Europe) (En,Fr,De,Es,It)",Europe
BXUP,"Surf's Up (Europe) (En,Fr,Es)",Europe
BXUE,"Surf's Up (USA) (En,Fr,Es)",USA
ASKJ,Sutakomi - Star Communicator (Japan),Japan
ABGJ,Sweet Cookie Pie (Japan),Japan
AVSP,Sword of Mana (Europe),Europe
AVSY,"Sword of Mana (Europe) (Es,It)",Europe
AVSX,"Sword of Mana (Europe) (Fr,De)",Europe
AVSE,"Sword of Mana (USA, Australia)",USA
BSFJ,Sylvanian Families - Fashion Designer ni Naritai! - Kurumi-risu no Onnanoko (Japan),Japan
BS5J,Sylvanian Families - Yousei no Stick to Fushigi no Ki - Marron-inu no Onnanoko (Japan),Japan
A4LJ,Sylvanian Families 4 - Meguru Kisetsu no Tapestry (Japan),Japan
BTGP,TG Rally (Europe),Europe
BEXE,"TMNT (USA) (En,Fr,Es)",USA
BEXP,"TMNT - Teenage Mutant Ninja Turtles (Europe) (En,Fr,De,Es,It)",Europe
ATQP,TOCA World Touring Cars (Europe),Europe
ATOE,Tactics Ogre - The Knight of Lodis (USA),USA
ATOJ,Tactics Ogre Gaiden - The Knight of Lodis (Japan),Japan
BU6J,Taiketsu! Ultra Hero (Japan),Japan
BJWX,"Tak - The Great Juju Challenge (Europe) (En,Fr,De,Nl)",Europe
BJWE,"Tak - The Great Juju Challenge (USA, Europe)",USA
BT9X,"Tak 2 - The Staff of Dreams (Europe) (En,Fr,De,Es,It)",Europe
BT9E,Tak 2 - The Staff of Dreams (USA),USA
BJUP,"Tak and the Power of Juju (Europe) (En,Fr,De)",Europe
BJUX,"Tak and the Power of Juju (Europe) (Es,It)",Europe
BJUE,Tak and the Power of Juju (USA),USA
AN8P,"Tales of Phantasia (Europe) (En,Fr,De,Es,It)",Europe
AN8J,Tales of Phantasia (Japan),Japan
AN8E,"Tales of Phantasia (USA, Australia)",USA
AN9J,Tales of the World - Narikiri Dungeon 2 (Japan),Japan
B3TJ,Tales of the World - Narikiri Dungeon 3 (Japan),Japan
A9PJ,Tales of the World - Summoner's Lineage (Japan),Japan
AYMJ,Tanbi Musou - Meine Liebe (Japan),Japan
ATAP,"Tang Tang (Europe) (En,Fr,De,Es,It,Fi)",Europe
ATAE,Tang Tang (USA),USA
BTIJ,Tantei Gakuen Q - Kyuukyoku Trick ni Idome! (Japan),Japan
BTQJ,Tantei Gakuen Q - Meitantei wa Kimi da! (Japan),Japan
BT3J,Tantei Jinguuji Saburou - Shiroi Kage no Shoujo (Japan),Japan
AJGF,Tarzan - L'Appel de la Jungle (France),France
AJGE,"Tarzan - Return to the Jungle (USA, Europe)",USA
AJGD,Tarzan - Rueckkehr in den Dschungel (Germany),Germany
AXQF,Taxi 3 (France),France
BBLE,"Teen Titans (USA) (En,Fr)",USA
BZUE,"Teen Titans 2 (USA) (En,Fr)",USA
BNTP,"Teenage Mutant Ninja Turtles (Europe) (En,Fr,De,Es,It)",Europe
BNTE,Teenage Mutant Ninja Turtles (USA),USA
BT2P,"Teenage Mutant Ninja Turtles 2 - Battle Nexus (Europe) (En,Fr,De,Es,It)",Europe
BT2E,Teenage Mutant Ninja Turtles 2 - Battle Nexus (USA),USA
BT8P,"Teenage Mutant Ninja Turtles Double Pack (Europe) (En,Fr,De,Es,It)",Europe
BT8E,"Teenage Mutant Ninja Turtles Double Pack (USA) (En,Fr,De,Es,It)",USA
ATKP,Tekken Advance (Europe),Europe
ATKJ,Tekken Advance (Japan),Japan
ATKE,Tekken Advance (USA),USA
BTPE,Ten Pin Alley 2 (USA),USA
AT8P,"Tennis Masters Series 2003 (Europe) (En,Fr,De,Es,It,Pt)",Europe
AVAJ,Tennis no Ouji-sama - Aim at the Victory! (Japan),Japan
ATIJ,Tennis no Ouji-sama - Genius Boys Academy (Japan),Japan
A9LJ,Tennis no Ouji-sama 2003 - Cool Blue (Japan),Japan
A8RJ,Tennis no Ouji-sama 2003 - Passion Red (Japan),Japan
B4GJ,Tennis no Ouji-sama 2004 - Glorious Gold (Japan),Japan
B4SJ,Tennis no Ouji-sama 2004 - Stylish Silver (Japan),Japan
AO3P,"Terminator 3 - Rise of the Machines (Europe) (En,Fr,De,Es,It)",Europe
AO3E,Terminator 3 - Rise of the Machines (USA),USA
ATWY,"Tetris Worlds (Europe) (En,Es,It)",Europe
ATWX,"Tetris Worlds (Europe) (En,Fr,De,Nl)",Europe
ATWJ,Tetris Worlds (Japan),Japan
ATWJ,Tetris Worlds (Japan) (Rev 1),Japan
ATWE,Tetris Worlds (USA),USA
BXAE,Texas Hold 'em Poker (Europe) (Rev 1),Europe
BXAE,Texas Hold 'em Poker (USA),USA
BRVE,That's So Raven (USA),USA
BZSE,"That's So Raven 2 - Supernatural Style (USA) (En,Fr)",USA
A3TE,"Three Stooges, The (USA)",USA
B65E,Three-in-One Pack - Connect Four + Perfection + Trouble (USA),USA
B66E,Three-in-One Pack - Risk + Battleship + Clue (USA),USA
B66E,Three-in-One Pack - Risk + Battleship + Clue (USA) (Rev 1),USA
B67E,Three-in-One Pack - Sorry! + Aggravation + Scrabble Junior (USA),USA
BTHE,Thunder Alley (USA),USA
BTBE,"Thunderbirds (USA, Europe)",USA
ATNP,Thunderbirds - International Rescue (Europe),Europe
BTWE,"Tiger Woods PGA Tour 2004 (USA, Europe)",USA
AT5X,"Tiger Woods PGA Tour Golf (Europe) (En,Fr,De,Es,It)",Europe
AT5E,"Tiger Woods PGA Tour Golf (USA, Europe)",USA
BNCJ,Tim Burton's The Nightmare Before Christmas - The Pumpkin King (Japan),Japan
BNCE,"Tim Burton's The Nightmare Before Christmas - The Pumpkin King (USA, Europe) (En,Fr,De,Es,It)",USA
ATTP,"Tiny Toon Adventures - Buster's Bad Dream (Europe) (En,Fr,De,Es,It)",Europe
ATTE,Tiny Toon Adventures - Scary Dreams (USA),USA
AWSP,"Tiny Toon Adventures - Wacky Stackers (Europe) (En,Fr,De,Es,It)",Europe
AWSE,Tiny Toon Adventures - Wacky Stackers (USA),USA
ATVP,Tir et But - Edition Champions du Monde (France),France
BTCF,Titeuf - Mega Compet (France),France
AT7F,Titeuf - Ze Gag Machine (France),France
ATMF,Titi et les Bijoux Magiques (France),France
AF7J,Tokimeki Yume Series 1 - Ohanaya-san ni Narou! (Japan),Japan
BTFJ,Tokyo Majin Gakuen - Fuju Houroku (Japan),Japan
BTZP,"Tokyo Xtreme Racer Advance (Europe) (En,Fr,De,Es,It)",Europe
BTZE,Tokyo Xtreme Racer Advance (USA),USA
AR6P,"Tom Clancy's Rainbow Six - Rogue Spear (Europe) (En,Fr,De,Es,It)",Europe
AR6E,"Tom Clancy's Rainbow Six - Rogue Spear (USA) (En,Fr,De,Es,It)",USA
AO4P,"Tom Clancy's Splinter Cell (Europe) (En,Fr,De,Es,It,Nl)",Europe
A3BP,"Tom Clancy's Splinter Cell (Europe) (En,Fr,De,Es,It,Nl) (Beta)",Europe
AO4E,"Tom Clancy's Splinter Cell (USA) (En,Fr,Es)",USA
BSLP,"Tom Clancy's Splinter Cell - Pandora Tomorrow (Europe) (En,Fr,De,Es,It,Nl)",Europe
BSLE,"Tom Clancy's Splinter Cell - Pandora Tomorrow (USA) (En,Fr,Es)",USA
ATJP,"Tom and Jerry - The Magic Ring (Europe) (En,Fr,De,Es,It)",Europe
ATJE,"Tom and Jerry - The Magic Ring (USA) (En,Fr,De,Es,It)",USA
BJTP,"Tom and Jerry Tales (Europe) (En,Fr,De,Es,It)",Europe
BJTE,"Tom and Jerry Tales (USA) (En,Fr,Es)",USA
AIFP,"Tom and Jerry in Infurnal Escape (Europe) (En,Fr,De,Es,It)",Europe
AIFE,Tom and Jerry in Infurnal Escape (USA),USA
AGLJ,Tomato Adventure (Japan),Japan
AGLJ,Tomato Adventure (Japan) (Virtual Console),Japan
BIIC,Tongqin Yi Bi (China) (Proto),China
BT7E,Tonka - On the Job (USA),USA
BH9P,Tony Hawk's American Sk8land (Europe),Europe
BH9X,"Tony Hawk's American Sk8land (Europe) (Fr,De,Es,It)",Europe
BH9E,Tony Hawk's American Sk8land (USA),USA
BXSP,"Tony Hawk's Downhill Jam (Europe) (En,Fr,De,Es,It)",Europe
BXSE,Tony Hawk's Downhill Jam (USA),USA
ATHF,Tony Hawk's Pro Skater 2 (France),France
ATHD,Tony Hawk's Pro Skater 2 (Germany),Germany
ATHE,"Tony Hawk's Pro Skater 2 (USA, Europe)",USA
AT3F,Tony Hawk's Pro Skater 3 (France),France
AT3D,Tony Hawk's Pro Skater 3 (Germany),Germany
AT3E,"Tony Hawk's Pro Skater 3 (USA, Europe)",USA
AT6E,"Tony Hawk's Pro Skater 4 (USA, Europe)",USA
BTOE,"Tony Hawk's Underground (USA, Europe)",USA
B2TE,"Tony Hawk's Underground 2 (USA, Europe)",USA
AT7P,"Tootuff - The Gag Machine (Europe) (En,Fr,De,Es,It) (Proto)",Europe
ATCP,Top Gear GT Championship (Europe),Europe
ATCE,Top Gear GT Championship (USA),USA
BTGX,"Top Gear Rally (Europe) (En,Fr,De,Es,It)",Europe
AYEJ,Top Gear Rally (Japan),Japan
BTGE,Top Gear Rally (USA),USA
A2YE,"Top Gun - Combat Zones (USA) (En,Fr,De,Es,It)",USA
ATGE,"Top Gun - Firestorm Advance (USA, Europe) (En,Fr,De,Es,It)",USA
B27P,"Top Spin 2 (Europe) (En,Fr,De,Es,It)",Europe
B27E,"Top Spin 2 (USA) (En,Fr,De,Es,It)",USA
ATUP,"Total Soccer 2002 (Europe) (En,Fr,De,Es,It,Nl)",Europe
ATUJ,Total Soccer Advance (Japan),Japan
ATFP,"Total Soccer Manager (Europe) (En,Fr,De,Es,It,Nl)",Europe
BTUP,"Totally Spies! (Europe) (En,Fr,De,Es,It,Nl)",Europe
BTUE,Totally Spies! (USA),USA
B2LP,"Totally Spies! 2 - Undercover (Europe) (En,Fr,De,Es,It,Nl)",Europe
B2LE,"Totally Spies! 2 - Undercover (USA) (En,Fr)",USA
AH3J,Tottoko Hamutarou 3 - Love Love Daibouken Dechu (Japan),Japan
A84J,Tottoko Hamutarou 4 - Nijiiro Daikoushin Dechu (Japan),Japan
BZWJ,Touhai Densetsu Akagi - Yami ni Mai Orita Tensai (Japan),Japan
A59J,Toukon Heat (Japan),Japan
BTRJ,"Tower SP, The (Japan)",Japan
BTRE,"Tower SP, The (USA)",USA
ATRJ,Toy Robo Force (Japan),Japan
AZQP,"Treasure Planet (Europe) (En,Fr,De,Es,It,Nl)",Europe
AZQP,"Treasure Planet (Europe) (En,Fr,De,Es,It,Nl) (Rev 1)",Europe
AZQE,Treasure Planet (USA),USA
SBFP,Tremblay Island (World) (En) (v1.1),
SBFP,Tremblay Island (World) (En) (v1.1) (Kickstarter Edition),
SBFP,Tremblay Island (World) (En) (v1.1) (Solid State Version),
SBFP,Tremblay Island (World) (Fr) (v1.1) (Solid State Version),
B9SP,"Trick Star (Europe) (En,Fr,De,Es,It)",Europe
BTJP,"Tringo (Europe) (En,Fr,De,Es,It)",Europe
BTJE,Tringo (USA),USA
BT6P,Trollz - Hair Affair! (Europe),Europe
BT6Y,"Trollz - Hair Affair! (Europe) (En,De,It)",Europe
BT6X,"Trollz - Hair Affair! (Europe) (En,Fr,Es)",Europe
BT6E,Trollz - Hair Affair! (USA),USA
BTNP,Tron 2.0 - Killer App (Europe),Europe
BTNE,Tron 2.0 - Killer App (USA),USA
BIIJ,Tsuukin Hitofude (Japan),Japan
BIIJ,Tsuukin Hitofude (Japan) (Virtual Console),Japan
AK3E,Turbo Turtle Adventure (USA),USA
AT4P,"Turok - Evolution (Europe) (En,Fr,De,Es,It)",Europe
AT4E,Turok - Evolution (USA),USA
ATMP,Tweety and the Magic Gems (Europe),Europe
ATMD,Tweety and the Magic Gems (Germany),Germany
ATMH,Tweety and the Magic Gems (Netherlands),Netherlands
ATME,Tweety and the Magic Gems (USA),USA
AMJJ,Tweety no Hearty Party (Japan),Japan
BFVJ,Twin Series 1 - Mezase Debut! - Fashion Designer Monogatari + Kawaii Pet Game Gallery 2 (Japan),Japan
BOPJ,Twin Series 2 - Oshare Princess 4 + Renai Uranai Daisakusen! + Renai Party Game - Sweet Heart (Japan),Japan
BQMJ,Twin Series 3 - Konchuu Monster - Ouja Ketteisen + Super Chinese Labyrinth (Japan),Japan
BHFJ,Twin Series 4 - Hamu Hamu Monster EX - Hamster Monogatari RPG + Fantasy Puzzle - Hamster Monogatari - Mahou no Meikyuu 1.2.3 (Japan),Japan
BMWJ,Twin Series 5 - Mahou no Kuni no Cake-ya-san Monogatari + Wanwan Meitantei EX (Japan),Japan
BWNJ,Twin Series 6 - Wannyan Idol Gakuen + Koinu to Issho Special (Japan),Japan
B2PJ,Twin Series 7 - Twin Puzzle - Kisekae Wanko EX + Nyaa to Chuu no Rainbow Magic 2 (Japan),Japan
BTYE,"Ty the Tasmanian Tiger 2 - Bush Rescue (USA, Europe) (En,Fr,De)",USA
BTVE,Ty the Tasmanian Tiger 3 - Night of the Quinkan (USA),USA
AUCJ,Uchuu Daisakusen Choco Vader - Uchuu kara no Shinryakusha (Japan),Japan
BUVJ,Uchuu no Stellvia (Japan),Japan
BUHJ,Ueki no Housoku - Jingi Sakuretsu! Nouryokusha Battle (Japan),Japan
AEWJ,Ui-Ire - World Soccer Winning Eleven (Japan),Japan
BUZE,Ultimate Arcade Games (USA),USA
AVEE,Ultimate Beach Soccer (USA),USA
ABUE,"Ultimate Brain Games (USA, Europe)",USA
BUCE,Ultimate Card Games (USA) (Rev 1),USA
BUCE,Ultimate Card Games (USA) (Rev 2),USA
BUCE,"Ultimate Card Games (USA, Europe)",USA
AK2E,Ultimate Muscle - The Kinnikuman Legacy - The Path of the Superhero (USA),USA
BUAE,Ultimate Puzzle Games (USA),USA
BULP,Ultimate Spider-Man (Europe),Europe
BULX,"Ultimate Spider-Man (Europe) (Fr,De,Es,It)",Europe
BULE,Ultimate Spider-Man (USA),USA
BUWE,Ultimate Winter Games (USA),USA
BUTJ,Ultra Keibitai - Monster Attack (Japan),Japan
BU4E,Unfabulous (USA),USA
BU4E,Unfabulous (USA) (Beta 1),USA
BU4E,Unfabulous (USA) (Beta 10),USA
BU4E,Unfabulous (USA) (Beta 11),USA
BU4E,Unfabulous (USA) (Beta 12),USA
BU4E,Unfabulous (USA) (Beta 2),USA
BU4E,Unfabulous (USA) (Beta 3),USA
BU4E,Unfabulous (USA) (Beta 4),USA
BU4E,Unfabulous (USA) (Beta 5),USA
BU4E,Unfabulous (USA) (Beta 6),USA
BU4E,Unfabulous (USA) (Beta 7),USA
BU4E,Unfabulous (USA) (Beta 8),USA
BU4E,Unfabulous (USA) (Beta 9),USA
BICD,"Unglaublichen, Die (Germany)",Germany
BUIP,"Uno - Free Fall (Europe) (En,Fr,De,Es,It)",Europe
BUIE,Uno - Free Fall (USA),USA
BU5P,"Uno 52 (Europe) (En,Fr,De,Es,It)",Europe
BU5E,Uno 52 (USA),USA
AYIE,"Urban Yeti! (USA, Europe)",USA
BOCJ,"Urbz, The - Sims in the City (Japan)",Japan
BOCE,"Urbz, The - Sims in the City (USA, Europe) (En,Fr,De,Es,It,Nl)",USA
AVMJ,V-Master Cross (Japan),Japan
AVRP,"V-Rally 3 (Europe) (En,Fr,De,Es,It)",Europe
AVRJ,V-Rally 3 (Japan),Japan
AVRE,"V-Rally 3 (USA) (En,Fr,Es)",USA
AVPP,"V.I.P. (Europe) (En,Fr,De,Es,It,Nl)",Europe
BANP,"Van Helsing (Europe) (En,Fr,De,Es,It)",Europe
BANE,Van Helsing (USA),USA
BRXJ,Vattroller X (Japan),Japan
BH5S,Vecinos Invasores (Spain),Spain
BZTE,VeggieTales - LarryBoy and the Bad Apple (USA),USA
AVTP,"Virtua Tennis (Europe) (En,Fr,De,Es,It)",Europe
AVTE,Virtua Tennis (USA),USA
AVKP,"Virtual Kasparov (Europe) (En,Fr,De,Es,It)",Europe
AVKE,"Virtual Kasparov (USA) (En,Fr,De,Es,It)",USA
BWTP,"W.i.t.c.h. (Europe) (En,Fr,De,Es,It)",Europe
ATEE,WTA Tour Tennis (USA),USA
ACIJ,WTA Tour Tennis Pocket (Japan),Japan
AW8E,"WWE - Road to WrestleMania X8 (USA, Europe)",USA
BWWE,"WWE - Survivor Series (USA, Europe)",USA
AWFE,"WWF - Road to WrestleMania (USA, Europe)",USA
BSRE,"Wade Hixton's Counter Punch (USA, Europe)",USA
BMYJ,Wagamama Fairy Mirumo de Pon! - 8 Nin no Toki no Yousei (Japan),Japan
BMIJ,Wagamama Fairy Mirumo de Pon! - Dokidoki Memorial Panic (Japan),Japan
BWPJ,Wagamama Fairy Mirumo de Pon! - Nazo no Kagi to Shinjitsu no Tobira (Japan),Japan
AWKJ,Wagamama Fairy Mirumo de Pon! - Ougon Maracas no Densetsu (Japan),Japan
BMPJ,Wagamama Fairy Mirumo de Pon! - Taisen Mahoudama (Japan),Japan
BWFJ,Wagamama Fairy Mirumo de Pon! - Yume no Kakera (Japan),Japan
AWDE,Wakeboarding Unleashed Featuring Shaun Murray (Europe),Europe
AWDE,Wakeboarding Unleashed Featuring Shaun Murray (USA),USA
AWAC,Waliou Xunbao Ji (China),China
AZWC,Waliou Zhizao (China),China
BWXJ,Wanko Mix Chiwanko World (Japan),Japan
BWKJ,Wanko de Kururin! Wancle (Japan),Japan
BWDJ,Wannyan Doubutsu Byouin - Doubutsu no Oishasan Ikusei Game (Japan),Japan
BWDJ,Wannyan Doubutsu Byouin - Doubutsu no Oishasan Ikusei Game (Japan) (Rev 1),Japan
BWMJ,Wanwan Meitantei (Japan),Japan
AWAE,"Wario Land 4 (USA, Europe)",USA
AWAE,"Wario Land 4 (USA, Europe) (Virtual Console)",USA
AWAJ,Wario Land Advance - Youki no Otakara (Japan),Japan
AWAJ,Wario Land Advance - Youki no Otakara (Japan) (Virtual Console),Japan
RZWE,"WarioWare - Twisted! (USA, Australia)",USA
AZWE,"WarioWare, Inc. - Mega Microgame$! (USA)",USA
AZWE,"WarioWare, Inc. - Mega Microgame$! (USA) (Beta)",USA
AZWE,"WarioWare, Inc. - Mega Microgame$! (USA) (Virtual Console)",USA
AZWP,"WarioWare, Inc. - Minigame Mania (Europe) (En,Fr,De,Es,It)",Europe
AZWP,"WarioWare, Inc. - Minigame Mania (Europe) (En,Fr,De,Es,It) (Virtual Console)",Europe
A55H,Weekend Miljonairs (Netherlands),Netherlands
A55D,Wer Wird Millionaer (Germany),Germany
BWEE,Whac-A-Mole (USA),USA
A73J,Whistle! - Dai-37-kai Tokyo-to Chuugakkou Sougou Taiiku Soccer Taikai (Japan),Japan
A55U,Who Wants to Be a Millionaire (Australia),Australia
A55P,Who Wants to Be a Millionaire (Europe),Europe
B55P,Who Wants to Be a Millionaire - 2nd Edition (Europe),Europe
BWJP,Who Wants to Be a Millionaire Junior (Europe),Europe
AWLE,"Wild Thornberrys Movie, The (USA, Europe)",USA
AGBJ,"Wild Thornberrys Movie, The (USA, Europe) (Beta)",USA
AWTE,"Wild Thornberrys, The - Chimp Chase (USA, Europe)",USA
BWLE,"Wild, The (USA, Europe) (En,Fr,De,Es)",USA
BWUD,"Wilden Fussball-Kerle, Die - Entscheidung im Teufelstopf (Germany)",Germany
BXWD,"Wilden Fussball-Kerle, Die - Gefahr im Wilde Kerle Land (Germany)",Germany
BWIP,"WinX Club (Europe) (En,Fr,De,Es,It)",Europe
BWIE,WinX Club (USA),USA
BWVP,"WinX Club - Quest for the Codex (Europe) (En,Fr,De,Es,It)",Europe
BWVE,WinX Club - Quest for the Codex (USA),USA
AW9P,"Wing Commander - Prophecy (Europe) (En,Fr,De,Es,It)",Europe
AW9E,Wing Commander - Prophecy (USA),USA
AWQP,Wings (Europe),Europe
AWQE,Wings (USA),USA
BWZP,"Winnie the Pooh's Rumbly Tumbly Adventure & Rayman 3 (Europe) (En,Fr,De,Es,It,Nl+En,Fr,De,Es,It,Nl,Sv,No,Da,Fi)",Europe
BWHP,"Winnie the Pooh's Rumbly Tumbly Adventure (Europe) (En,Fr,De,Es,It,Nl)",Europe
BWHE,"Winnie the Pooh's Rumbly Tumbly Adventure (USA) (En,Fr,Es)",USA
AWPJ,Winning Post for Game Boy Advance (Japan),Japan
AWPJ,Winning Post for Game Boy Advance (Japan) (Rev 1),Japan
AWPJ,Winning Post for Game Boy Advance (Japan) (Rev 2),Japan
BWYP,"Winter Sports (Europe) (En,Fr,De,Es,It)",Europe
AWZJ,Wizardry Summoner (Japan),Japan
AWZJ,Wizardry Summoner (Japan) (Rev 1),Japan
AWOE,"Wolfenstein 3D (USA, Europe)",USA
AWWJ,Woody Woodpecker - Crazy Castle 5 (Japan),Japan
AWWP,"Woody Woodpecker in Crazy Castle 5 (Europe) (En,Fr,De)",Europe
AWWE,Woody Woodpecker in Crazy Castle 5 (USA),USA
BB8E,Word Safari - The Friendship Totems (USA),USA
AASJ,World Advance Soccer - Shouri e no Michi (Japan),Japan
BP9P,"World Championship Poker (Europe) (En,Fr,De,Es,It)",Europe
BP9E,World Championship Poker (USA),USA
BWOP,"World Poker Tour (Europe) (En,Fr,De)",Europe
B26E,World Poker Tour (USA),USA
BWRE,World Reborn (USA),USA
BWRE,World Reborn (USA) (Proto),USA
AWCP,World Tennis Stars (Europe),Europe
AWCE,World Tennis Stars (USA),USA
AWYP,"Worms - World Party (Europe) (En,Fr,De,Es,It)",Europe
AWYE,"Worms - World Party (USA) (En,Fr,De,Es,It)",USA
AWBP,"Worms Blast (Europe) (En,Fr,De,Es,It)",Europe
AXIP,X-Bladez - Inline Skater (Europe),Europe
AXIE,X-Bladez - Inline Skater (USA),USA
AXME,"X-Men - Reign of Apocalypse (USA, Europe)",USA
B3XP,"X-Men - The Official Game (Europe) (En,Fr,Es,It)",Europe
B3XE,X-Men - The Official Game (USA),USA
AWVF,X-Men 2 - La Vengeance de Wolverine (France),France
AWVE,"X2 - Wolverine's Revenge (USA, Europe)",USA
BXME,XS Moto (USA),USA
BBKC,Yaobai Senxigang (China) (Proto),China
A3AC,Yaoxi Dao (China),China
AGBJ,Yoshi Sample (Japan) (En) (SDK 3.0) (Tech Demo),Japan
KYGE,Yoshi Topsy-Turvy (USA),USA
KYGJ,Yoshi no Banyuuinryoku (Japan),Japan
KYGP,"Yoshi's Universal Gravitation (Europe) (En,Fr,De,Es,It)",Europe
AFUJ,Youkaidou (Japan),Japan
BYYP,"Yu Yu Hakusho - Ghostfiles - Spirit Detective (Europe) (En,Fr,De,Es,It)",Europe
BYYE,Yu Yu Hakusho - Ghostfiles - Spirit Detective (USA),USA
BRGE,"Yu Yu Hakusho - Ghostfiles - Tournament Tactics (USA, Europe)",USA
BY7E,"Yu-Gi-Oh! - 7 Trials to Glory - World Championship Tournament 2005 (USA) (En,Ja,Fr,De,Es,It)",USA
BYOP,"Yu-Gi-Oh! - Day of the Duelist - World Championship Tournament 2005 (Europe) (En,Ja,Fr,De,Es,It)",Europe
BYDP,"Yu-Gi-Oh! - Destiny Board Traveler (Europe) (En,Fr,De,Es,It)",Europe
BYDE,Yu-Gi-Oh! - Destiny Board Traveler (USA),USA
AYDP,"Yu-Gi-Oh! - Dungeon Dice Monsters (Europe) (En,Fr,De,Es,It)",Europe
AYDJ,Yu-Gi-Oh! - Dungeon Dice Monsters (Japan),Japan
AYDE,"Yu-Gi-Oh! - Dungeon Dice Monsters (USA) (En,Es)",USA
AY8P,"Yu-Gi-Oh! - Reshef of Destruction (Europe) (En,Fr,De,Es,It)",Europe
AY8E,Yu-Gi-Oh! - Reshef of Destruction (USA),USA
BYSJ,Yu-Gi-Oh! - Sugoroku no Sugoroku (Japan),Japan
AY5E,Yu-Gi-Oh! - The Eternal Duelist Soul (USA),USA
AY7P,"Yu-Gi-Oh! - The Sacred Cards (Europe) (En,Fr,De,Es,It)",Europe
AY7E,Yu-Gi-Oh! - The Sacred Cards (USA),USA
BY6E,"Yu-Gi-Oh! - Ultimate Masters - World Championship Tournament 2006 (USA) (En,Ja,Fr,De,Es,It)",USA
BY6P,"Yu-Gi-Oh! - Ultimate Masters Edition - World Championship Tournament 2006 (Europe) (En,Ja,Fr,De,Es,It)",Europe
BYWP,"Yu-Gi-Oh! - World Championship Tournament 2004 (Europe) (En,Ja,Fr,De,Es,It)",Europe
BYWE,"Yu-Gi-Oh! - World Championship Tournament 2004 (USA) (En,Ja,Fr,De,Es,It)",USA
AYWP,"Yu-Gi-Oh! - Worldwide Edition - Stairway to the Destined Duel (Europe) (En,Ja,Fr,De,Es,It)",Europe
AYWE,"Yu-Gi-Oh! - Worldwide Edition - Stairway to the Destined Duel (USA) (En,Ja,Fr,De,Es,It)",USA
BY2P,"Yu-Gi-Oh! Double Pack (Europe) (En,Fr,De,Es,It)",Europe
BY2E,Yu-Gi-Oh! Double Pack (USA),USA
BYVE,"Yu-Gi-Oh! Double Pack 2 (USA) (En,Fr,De,Es,It)",USA
AY5J,Yu-Gi-Oh! Duel Monsters 5 Expert 1 (Japan),Japan
AYTJ,Yu-Gi-Oh! Duel Monsters 5 Expert 1 - Taikenban (Japan),Japan
AY6J,Yu-Gi-Oh! Duel Monsters 6 Expert 2 (Japan),Japan
AY7J,Yu-Gi-Oh! Duel Monsters 7 - Kettou Toshi Densetsu (Japan),Japan
AY8J,Yu-Gi-Oh! Duel Monsters 8 - Hametsu no Daijashin (Japan),Japan
BY6J,"Yu-Gi-Oh! Duel Monsters Expert 2006 (Japan) (En,Ja,Fr,De,Es,It)",Japan
BY3J,"Yu-Gi-Oh! Duel Monsters Expert 3 (Japan) (En,Ja,Fr,De,Es,It)",Japan
BYGJ,Yu-Gi-Oh! Duel Monsters GX - Mezase Duel King! (Japan),Japan
AYWJ,"Yu-Gi-Oh! Duel Monsters International - Worldwide Edition (Japan) (En,Ja,Fr,De,Es,It)",Japan
AYWJ,"Yu-Gi-Oh! Duel Monsters International - Worldwide Edition (Japan) (En,Ja,Fr,De,Es,It) (Rev 1)",Japan
BYIJ,"Yu-Gi-Oh! Duel Monsters International 2 (Japan) (En,Ja)",Japan
BYGP,Yu-Gi-Oh! GX - Duel Academy (Europe),Europe
BYGE,Yu-Gi-Oh! GX - Duel Academy (USA),USA
AW3J,Yumemi-chan no Naritai Series 3 - Watashi no Makesalon (Japan),Japan
A4VJ,Yuujou no Victory Goal 4v4 Arashi - Get the Goal!! (Japan),Japan
AUYJ,Yuureiyashiki no Nijuuyojikan (Japan),Japan
AZEJ,Z.O.E. 2173 - Testament (Japan),Japan
AZPP,"Zapper (Europe) (En,Fr,De,Es,It)",Europe
AZPE,Zapper - One Wicked Cricket! (USA),USA
A4GE,Zatchbell! - Electric Arena (USA),USA
BZMJ,Zelda no Densetsu - Fushigi no Boushi (Japan),Japan
AZLJ,Zelda no Densetsu - Kamigami no Triforce & 4tsu no Tsurugi (Japan),Japan
AGTJ,Zen-Nihon GT Senshuken (Japan),Japan
A2ZJ,Zen-Nihon Shounen Soccer Taikai 2 - Mezase Nihon-ichi! (Japan),Japan
AF3J,Zero One (Japan),Japan
BZOJ,Zero One SP (Japan),Japan
AZTJ,Zero-Tours (Japan),Japan
BZGJ,Zettaizetsumei Dangerous Jiisan - Naki no 1-kai - Zettaifukujuu Violence Kouchou - Wagahai ga 1-ban Erainjai!! (Japan),Japan
BZDJ,Zettaizetsumei Dangerous Jiisan - Shijou Saikyou no Dogeza (Japan),Japan
BJ3J,Zettaizetsumei Dangerous Jiisan 3 - Hateshinaki Mamonogatari (Japan),Japan
BZ2J,Zettaizetsumei Dangerous Jiisan Tsuu - Ikari no Oshioki Blues (Japan),Japan
AKRC,Zhuanzhuanbang (China) (Proto),China
A9QC,Zhuanzhuanbang Tiantang (China) (Proto),China
AZDP,"Zidane - Football Generation 2002 (Europe) (En,Fr,De,Es,It)",Europe
BZYE,Zoey 101 (USA),USA
AZ2E,Zoids - Legacy (USA),USA
AZ2E,Zoids - Legacy (USA) (Beta 1),USA
AZ2E,Zoids - Legacy (USA) (Beta 10),USA
AZ2E,Zoids - Legacy (USA) (Beta 11),USA
AZ2E,Zoids - Legacy (USA) (Beta 12),USA
AZ2E,Zoids - Legacy (USA) (Beta 2),USA
AZ2E,Zoids - Legacy (USA) (Beta 3),USA
AZ2E,Zoids - Legacy (USA) (Beta 4),USA
AZ2E,Zoids - Legacy (USA) (Beta 5),USA
AZ2E,Zoids - Legacy (USA) (Beta 6),USA
AZ2E,Zoids - Legacy (USA) (Beta 7),USA
AZ2E,Zoids - Legacy (USA) (Beta 8),USA
AZ2E,Zoids - Legacy (USA) (Beta 9),USA
ATZJ,Zoids Saga (Japan),Japan
ATZJ,Zoids Saga (Japan) (Rev 1),Japan
BZFJ,Zoids Saga - Fuzors (Japan),Japan
AZ2J,Zoids Saga II (Japan),Japan
AZ2J,Zoids Saga II (Japan) (Rev 1) (Proto),Japan
U32J,Zoku Bokura no Taiyou - Taiyou Shounen Django (Japan),Japan
U32J,Zoku Bokura no Taiyou - Taiyou Shounen Django (Japan) (Rev 1),Japan
AZEP,"Zone of the Enders - The Fist of Mars (Europe) (En,Fr,De)",Europe
AZEE,Zone of the Enders - The Fist of Mars (USA),USA
ANCP,"ZooCube (Europe) (En,Fr,De,Es,It)",Europe
ANCJ,ZooCube (Japan),Japan
ANCE,ZooCube (USA),USA
BMZP,"Zooo - Action Puzzle Game (Europe) (En,Fr,De,Es,It)",Europe
BVDJ,bit Generations - Boundish (Japan) (En),Japan
BVAJ,bit Generations - Coloris (Japan) (En),Japan
BVBJ,bit Generations - Dialhex (Japan) (En),Japan
BVHJ,bit Generations - Digidrive (Japan) (En),Japan
BVCJ,bit Generations - Dotstream (Japan) (En),Japan
BVEJ,bit Generations - Orbital (Japan) (En),Japan
BVGJ,bit Generations - Soundvoyager (Japan) (En),Japan
PSAE,e-Reader (USA),USA
BEVE,everGirl (USA),USA
AX3F,xXx (France),France
AX3E,"xXx (USA, Europe)",USA
