serial,name,region
T-48073-00,007 Shitou - The Duel (Japan) (En),Japan
MK-1281,10 Super Jogos (Brazil) (En),Brazil
00054503-00,16t (Japan) (Game no Kanzume Otokuyou),Japan
00054503-00,16t (Japan) (Sega Game Toshokan),Japan
T-106273-00,2020 Nen Super Baseball (Japan),Japan
00000000-00,3 Block Match (World),World
00000000-00,3 Block Match (World) (v1.1),World
T-113076-00,3 Ninjas Kick Back (USA),USA
00000000-00,30 Years of Nintendon't (World),World
00000000-00,30 Years of Nintendon't (World) (Digital),World
MK-1717-00,6-Pak (USA),USA
MK-1401-00,"688 Attack Sub (USA, Europe)",USA
00000000-00,99 Balls (World),World
G-4532-00,A Ressha de Ikou MD (Japan),Japan
00000000-00,AA6061 (World),World
MK-1234-50,ATP Tour (Europe),Europe
MK-1234-00,ATP Tour Championship Tennis (USA),USA
MK-1224-00,ATP Tour Championship Tennis (USA) (Beta 1),USA
MK-1234-00,ATP Tour Championship Tennis (USA) (Beta 2),USA
MK-1234-00,ATP Tour Championship Tennis (USA) (Beta 3),USA
MK-1234-00,ATP Tour Championship Tennis (USA) (Beta 4),USA
MK-1234-00,ATP Tour Championship Tennis (USA) (Beta 5),USA
MK-1234-00,ATP Tour Championship Tennis (USA) (Beta 6),USA
MK-1234-00,ATP Tour Championship Tennis (USA) (Beta 7),USA
G-4086-1.00,Aa Harimanada (Japan),Japan
T139066-50,Aaahh!!! Real Monsters (Europe),Europe
T139066-00,Aaahh!!! Real Monsters (USA),USA
00000000-00,Aaahh!!! Real Monsters (USA) (Beta),USA
LGM-01-0-v1.00,"Abbaye des Morts, L' (World) (Beta)",World
00000000-00,Abyssal Infants (World) (Proto 1) (4MB Jam),World
00000000-00,Abyssal Infants (World) (Proto 2),World
00000000-00,Abyssal Infants (World) (Proto 3),World
TECTOY-2005-01,Academia do Saber (Brazil) (Mega Drive 4),Brazil
T-00000-00,Action 52 (USA),USA
00000000-00,Addam (World),World
T-164046-00,"Addams Family Values (Europe) (En,Fr,De)",Europe
T-XXXXXX-XX,Addams Family Values (USA) (Proto),USA
T-081236-00,"Addams Family, The (USA, Europe)",USA
????????-??,"Addams Family, The (USA, Europe) (Beta)",USA
T-25123-00,Advanced Busterhawk Gley Lancer (Japan),Japan
00000000-00,Advanced Daisenryaku - Deutsch Dengeki Sakusen (Japan) (Beta),Japan
00005505-01,Advanced Daisenryaku - Deutsch Dengeki Sakusen (Japan) (Rev A),Japan
MK-1535-00,"Adventures of Batman & Robin, The (Europe)",Europe
MK-1535-00,"Adventures of Batman & Robin, The (USA)",USA
MK-0000-00,"Adventures of Batman & Robin, The (USA) (Beta 1)",USA
MK-1535-00,"Adventures of Batman & Robin, The (USA) (Beta 10)",USA
MK-1535-00,"Adventures of Batman & Robin, The (USA) (Beta 11)",USA
MK-1535-00,"Adventures of Batman & Robin, The (USA) (Beta 12)",USA
MK-0000-00,"Adventures of Batman & Robin, The (USA) (Beta 2)",USA
MK-0000-00,"Adventures of Batman & Robin, The (USA) (Beta 3)",USA
MK-1535-00,"Adventures of Batman & Robin, The (USA) (Beta 4)",USA
MK-1535-00,"Adventures of Batman & Robin, The (USA) (Beta 5)",USA
MK-1535-00,"Adventures of Batman & Robin, The (USA) (Beta 6)",USA
MK-1535-00,"Adventures of Batman & Robin, The (USA) (Beta 7)",USA
MK-1535-00,"Adventures of Batman & Robin, The (USA) (Beta 8)",USA
MK-1535-00,"Adventures of Batman & Robin, The (USA) (Beta 9)",USA
T-164056-00,"Adventures of Mighty Max, The (Europe)",Europe
T-164056-00,"Adventures of Mighty Max, The (USA)",USA
T-86056-00,"Adventures of Rocky and Bullwinkle and Friends, The (USA)",USA
00000000-00,"Adventures of the Gummi Bears, The (Russia)",Russia
T-33013-00,Aero Blasters (Japan) (En),Japan
T-15056-50,Aero the Acro-Bat (Europe),Europe
T-15056-50,Aero the Acro-Bat (Europe) (Sample),Europe
T-15056-00,Aero the Acro-Bat (USA),USA
T-15166-50,Aero the Acro-Bat 2 (Europe),Europe
T-15166-00,Aero the Acro-Bat 2 (USA),USA
T-76046-10,Aerobiz (USA),USA
T-76136-00,Aerobiz Supersonic (USA),USA
T-17013-00,After Burner II (Japan) (En),Japan
MK-1104-00,"After Burner II (USA, Europe)",USA
G-3051,Ah Q Lianhuan Pao (Taiwan),Taiwan
T-33026-00,Air Buster (USA),USA
T-20023-00,Air Diver (Japan) (En),Japan
T-35026-00,Air Diver (USA),USA
00000000-00,Air Hockey (Brazil) (Mega Drive 4),Brazil
GM-00000000-00,Air Hockey (Europe) (Sega Reactor),Europe
T-76083-20,Air Management - Oozora ni Kakeru (Japan),Japan
T-76143-00,Air Management II - Koukuuou o Mezase (Japan),Japan
00000000-00,Akal (World) (Proto),World
XXXXXXXX-XX,Akira (USA) (Proto),USA
ACLD012-00,"Al Michaels Announces HardBall III (USA, Europe)",USA
TOOL000,Al Unser Jr.'s Road to the Top (USA) (Proto),USA
MK-1058-00,Aladdin (Europe),Europe
G-4111-00,Aladdin (Japan),Japan
MK-1058-00,Aladdin (USA),USA
T-70196-00,Aladdin (USA) (Beta 1),USA
MK-1058-00,Aladdin (USA) (Beta 2),USA
MK-1058-00,Aladdin (USA) (Beta 3),USA
MK-1058-00,Aladdin (USA) (Final Cut),USA
00054004-02,Alex Kidd - Cheongong Maseong (Korea),Korea
00054004-00,Alex Kidd - Tenkuu Majou (Japan),Japan
00054004-02,Alex Kidd in the Enchanted Castle (Europe),Europe
00054004-01,Alex Kidd in the Enchanted Castle (USA),USA
00054004-01,Alex Kidd in the Enchanted Castle (USA) (Sega Channel),USA
T-000000-00,Alfred Chicken (USA) (Proto),USA
T-081096-00,"Alien 3 (USA, Europe)",USA
T--81096-01,"Alien 3 (USA, Europe) (Rev A)",USA
00000000-00,Alien Cat 2 (World) (Evercade),World
00000000-00,Alien Cat 2 (World) (v1.1),World
00000000-00,Alien Cat 2 (World) (v1.2) (itch.io),World
MK-01186-00,Alien Soldier (Europe),Europe
G-004130-00,Alien Soldier (Japan),Japan
MK-01186-00,Alien Soldier (USA) (Virtual Console),USA
MK-01186-00,"Alien Soldier (USA, Europe) (Switch Online)",USA
00001121-00,Alien Storm (World),World
00001121-00,Alien Storm (World) (SEGA Classic Collection),World
T-45033-00,Alisia Dragoon (Europe),Europe
T-45033-00,Alisia Dragoon (Japan),Japan
T-45033-00,Alisia Dragoon (Japan) (Mega Drive Mini),Japan
T-45033-00,Alisia Dragoon (USA),USA
T-45033-00,Alisia Dragoon (USA) (Genesis Mini),USA
50936396-00,Alligator Game (World),World
00000000-00,AlterEgo - Dreamwalker (World) (Evercade),World
00054002-01,"Altered Beast (Japan, USA) (En) (Rev 1)",Japan
00054002-01,"Altered Beast (Japan, USA) (En) (Sega 3D Classics)",Japan
00054002-02,"Altered Beast (USA, Europe) (Rev 2)",USA
00054002-02,"Altered Beast (USA, Europe) (Sega 3D Classics)",USA
33262399-00,Altered Beast II - The Seven Depths of Hell (World) (Proto),World
T-83056-00,American Gladiators (USA),USA
00000000-00,Anaconda (Brazil) (Mega Drive 4),Brazil
T-101016-01,Andre Agassi Tennis (Europe),Europe
T-101016-00,Andre Agassi Tennis (USA),USA
00000000-00,Andre Agassi Tennis (USA) (Beta),USA
00000000-00,Angry Birds - Star Wars (Russia),Russia
00000000-00,Angry Birds in Russia (Russia),Russia
T-95176-00,"Animaniacs (Europe) (En,Fr,De)",Europe
T-95176-00,Animaniacs (USA),USA
00000000-00,Aniversario (Brazil) (Mega Drive 4),Brazil
00000000-00,Annexed Territory (World),World
T-70106-00,Another World (Europe),Europe
T-76103-00,Aoki Ookami to Shiroki Mejika - Genchou Hishi (Japan),Japan
TECTOY-2005-01,Aquaduto (Brazil) (Mega Drive 4),Brazil
T-50436-00,"Aquatic Games Starring James Pond and the Aquabats, The (USA, Europe)",USA
MK-1715-00,"Arcade Classics (USA, Europe)",USA
MK-1010-00,Arcade Legends Sega Mega Drive (World) (Radica),World
MK-1090-00,Arcade Legends Street Fighter II' - Special Champion Edition (World) (Radica),World
T-081056-00,"Arch Rivals - The Arcade Game (USA, Europe)",USA
T-32053-00,Arcus Odyssey (Japan),Japan
T-32053-00,Arcus Odyssey (USA),USA
T-32053-00,Arcus Odyssey (World) (Evercade),World
T-95196-50,Argentina Soccer 2006 (Argentina) (Pirate),
MK-1041-00,Ariel - The Little Mermaid (China) (En) (Pirate),China
MK-1041-00,Ariel - The Little Mermaid (USA) (Sega Channel),USA
MK-1041-00,"Ariel - The Little Mermaid (USA, Europe)",USA
SIK-ROTO-XZ,"Arkagis Revolution (World) (En,Es) (Beta 2)",World
SIK-ROTO-YX,"Arkagis Revolution (World) (En,Es) (Beta 3)",World
SIK-ROTO-YZ,"Arkagis Revolution (World) (En,Es) (Beta 4)",World
SIK-ROTO-WX,"Arkagis Revolution (World) (En,Fr,Es) (Beta 1)",World
SIK-ROTO-ZW,"Arkagis Revolution (World) (En,Fr,Es) (Beta 5)",World
SIK-ROTO-00,"Arkagis Revolution (World) (En,Fr,Es) (Beta 6)",World
SIK-ROTO-00,"Arkagis Revolution (World) (En,Fr,Es) (Digital)",World
SIK-ROTO-00,Arkagis Revolution - Input Diagnostics (World),World
00001203-00,"Arnold Palmer Tournament Golf (USA, Europe)",USA
00001203-01,"Arnold Palmer Tournament Golf (USA, Europe) (Rev A) (Beta) (Sega Channel)",USA
00004039-00,"Arrow Flash (Japan, Europe) (En)",Japan
00004039-00,Arrow Flash (USA),USA
MK-1703-00,Art Alive (World),World
MK-1703-00,Art Alive (World) (Sega Channel),World
MK-01146-00,Art of Fighting (Europe),Europe
MK-1146-00,Art of Fighting (USA),USA
MK-1146-00,Art of Fighting (USA) (Beta),USA
00000000-00,Aruiwa Korega Risouno Seikatsu (World) (Ja),World
00000000-00,Asa Delta (Brazil) (Mega Drive 4),Brazil
00000000-00,Astebros (World) (Demo 1),World
00000000-00,Astebros (World) (Demo 2),World
00000000-00,Astebros (World) (En) (Demo 3),World
00000000-00,"Astebros (World) (En,Ja,Fr,De,Es,It,Pt-BR,Zh) (Demo 4)",World
00000000-00,Astebros (World) (Fr) (Demo 3),World
00000000-00,Asteraoult Wars (World) (Fr),World
MK-1532-50,"Asterix and the Great Rescue (Europe) (En,Fr,De,Es,It)",Europe
MK-1532-00,Asterix and the Great Rescue (USA),USA
MK-1532-50,Asterix and the Power of the Gods (Europe) (Beta),Europe
MK-1095-00,"Asterix and the Power of the Gods (Europe) (En,Fr,De,Es)",Europe
02621534-00,Astro Robo Sasa (World) (Proto),World
T-24016-00,Atomic Robo-Kid (Japan),Japan
T-24016-00,Atomic Robo-Kid (USA),USA
MK1140-00,Atomic Runner (Europe),Europe
T-13073-00,Atomic Runner (USA),USA
00000000-00,Aureole - Wings of Hope (Europe) (Promo),Europe
T-172106-01,Australian Rugby League (Europe),Europe
T-172106-01,Australian Rugby League (Europe) (Beta),Europe
00000000-00,Automata (World) (Proto),World
00000000-00,Avuado (World) (Proto),World
T-48153-00,"Awesome Possum (Japan) (En,Ja)",Japan
T-48226-00,Awesome Possum Kicks Dr. Machino's Butt (USA),USA
T-48096-00,Awesome Possum Kicks Dr. Machino's Butt! (USA) (Beta 1),USA
T-48226-00,Awesome Possum Kicks Dr. Machino's Butt! (USA) (Beta 2),USA
T-48226-00,Awesome Possum Kicks Dr. Machino's Butt! (USA) (Beta 3),USA
00054503-00,Aworg - Hero in the Sky (Japan) (Sega Game Toshokan),Japan
00005514-00,"Ayrton Senna's Super Monaco GP II (Japan, Europe) (En,Ja)",Japan
00001135-00,"Ayrton Senna's Super Monaco GP II (USA) (En,Ja)",USA
T-50586-01,"B.O.B. (USA, Europe)",USA
MK-xxxx-00,"B.O.B. (USA, Europe) (Beta)",USA
MK-1145-00,Baby Boom (USA) (Proto 1),USA
MK-1145-00,Baby Boom (USA) (Proto 2),USA
MK-1145-00,Baby Boom (USA) (Proto 3),USA
TSNEAKE-RS,Baby's Day Out (USA) (Proto 1),USA
T-112056-00,Baby's Day Out (USA) (Proto 2),USA
T-69046-50,Back to the Future Part III (Europe),Europe
T-69046-00,Back to the Future Part III (USA),USA
T-28043-00,"Bad Omen (Japan, Korea) (En)",Japan
00004521-00,Bahamut Senki (Japan),Japan
BLY0001-00,Bailey the Brave (World),World
MK-1078-50,"Ball Jacks (Japan, Europe) (En)",Japan
MK-0000-00,"Ballz 3D - Fighting at its Ballziest (USA, Europe) (Beta 1)",USA
T-156016-00,"Ballz 3D - Fighting at its Ballziest (USA, Europe) (Beta 2)",USA
T-119126-00,"Ballz 3D - The Battle of the Ballz (USA, Europe)",USA
12345678-01,Bao Long Tu - Violent Dragon Rabbit (World) (Proto),World
MK-0000-00,Barbarian (World) (F.L.) (Amiga 500),World
MK-0000-00,Barbarian (World) (F.L.) (Amstrad CPC),World
MK-0000-00,Barbarian (World) (F.L.) (Atari ST),World
MK-0000-00,Barbarian (World) (F.L.) (Commodore 64),World
MK-0000-00,Barbarian (World) (F.L.) (ZX Spectrum),World
00000000-00,Barbarian (World) (Z-team),World
T-112026-00,Barbie Super Model (USA),USA
00000000-00,Barbie Super Model (USA) (Beta),USA
T-112066-00,Barbie Vacation Adventure (USA) (Proto),USA
00000000-00,Bare Knuckle II (Japan) (En) (Beta),Japan
G-4116-00,Bare Knuckle III (Japan),Japan
G-4116-00,Bare Knuckle III (Japan) (Beta),Japan
00000000-00,Bare Knuckled Princess (World) (Proto) (bitbitJAM 2016),World
T-119186-00,Barkley Shut Up and Jam 2 (USA),USA
T-119066-01,Barkley Shut Up and Jam 2 (USA) (Beta),USA
T-119066-00,"Barkley Shut Up and Jam! (USA, Europe)",USA
MK-1534-00,Barney's Hide & Seek Game (USA),USA
MK-1534-00,Barney's Hide & Seek Game (USA) (Sega Channel),USA
T-100096-00,Bass Masters Classic (USA),USA
T-100116-00,Bass Masters Classic - Pro Edition (USA),USA
00000000-00,Batalha Naval (Brazil) (Mega Drive 4),Brazil
MK-1044-50,Batman (Europe),Europe
T-15043-00,Batman (Japan) (En),Japan
T-015046-00,Batman - Revenge of the Joker (USA),USA
T-15016-00,Batman - The Video Game (USA),USA
T-81336-00,Batman Forever (World),World
MK-1045-00,Batman Returns (World),World
00000000-02,Batman Returns MD (World) (Demo 1),World
00000000-02,Batman Returns MD (World) (Demo 2),World
00000000-02,Batman Returns MD (World) (Demo 3),World
T-000000-00,Battle City (World) (Proto) (Pirate),World
T-88136-00,"Battle Frenzy (USA) (En,Fr,De,Es) (Sega Channel)",USA
G-4040-00,Battle Golfer Yui (Japan),Japan
T-23013-00,Battle Mania (Japan),Japan
exercise-only,Battle Mania (Japan) (Beta),Japan
T-23043-00,"Battle Mania Daiginjou (Japan, Korea) (Ja)",Japan
T-XXXXX-XX,"Battle Squadron (USA, Europe)",USA
T-50066-00,"Battle Squadron (USA, Europe) (Rev 1) (Beta) (Sega Channel)",USA
00000000-00,"Battle Women (World) (En,Fr,De,Es,It,Pt-BR,Pl,Ru,Uz)",World
T-69066-00,Battlemaster (USA),USA
T-22066-00,Battletech - A Game of Armored Combat (USA),USA
G-4074-00,Battletoads (World),World
T-97066-00,Battletoads-Double Dragon (USA),USA
T-49053-00,Beast Warriors (Japan),Japan
T-49116-00,Beast Wrestler (USA),USA
T-49053-00,Beast Wrestler (USA) (Beta),USA
T-49116-00,Beast Wrestler (World) (Evercade),World
T-124026-01,Beastball (Europe) (Proto),Europe
T-124026-01,Beastball (World) (Evercade),World
T-15106-00,Beauty and the Beast - Belle's Quest (USA),USA
T-15116-00,Beauty and the Beast - Roar of the Beast (USA),USA
T-139016-50,Beavis and Butt-Head (Europe),Europe
T-139016-00,Beavis and Butt-Head (USA),USA
T-139016-00,Beavis and Butt-Head (USA) (Beta),USA
T112046-00,Beethoven's 2nd - The Quest for Pups (USA) (Proto),USA
SF-001,"Beggar Prince (USA, Europe) (Rev 1) (Super Fighter Team)",USA
SF-001,"Beggar Prince (USA, Europe) (Super Fighter Team)",USA
00000000-00,Bell Sensei no Ongaku Kyoushitu (World) (Ja) (v1.02),World
00000000-00,Bell Sensei no Uranai-kan (World) (Ja),World
00000000-00,Bell Sensei no Uranai-kan 2 (World) (Ja),World
00000000-00,Ben 10 (Russia),Russia
MK-1548-00,"Berenstain Bears' Camping Adventure, The (USA)",USA
MK-0000-00,"Berenstain Bears' Camping Adventure, The (USA) (Beta 1)",USA
MK-1548-00,"Berenstain Bears' Camping Adventure, The (USA) (Beta 10)",USA
MK-1548-00,"Berenstain Bears' Camping Adventure, The (USA) (Beta 11)",USA
MK-1548-00,"Berenstain Bears' Camping Adventure, The (USA) (Beta 12)",USA
MK-1548-00,"Berenstain Bears' Camping Adventure, The (USA) (Beta 13)",USA
MK-1548-00,"Berenstain Bears' Camping Adventure, The (USA) (Beta 14)",USA
MK-1548-00,"Berenstain Bears' Camping Adventure, The (USA) (Beta 15)",USA
MK-1548-00,"Berenstain Bears' Camping Adventure, The (USA) (Beta 16)",USA
MK-1548-00,"Berenstain Bears' Camping Adventure, The (USA) (Beta 17)",USA
MK-1548-00,"Berenstain Bears' Camping Adventure, The (USA) (Beta 18)",USA
MK-1548-00,"Berenstain Bears' Camping Adventure, The (USA) (Beta 19)",USA
MK-0000-00,"Berenstain Bears' Camping Adventure, The (USA) (Beta 2)",USA
MK-1548-00,"Berenstain Bears' Camping Adventure, The (USA) (Beta 20)",USA
MK-0000-00,"Berenstain Bears' Camping Adventure, The (USA) (Beta 3)",USA
MK-0000-00,"Berenstain Bears' Camping Adventure, The (USA) (Beta 4)",USA
MK-0000-00,"Berenstain Bears' Camping Adventure, The (USA) (Beta 5)",USA
MK-1548-00,"Berenstain Bears' Camping Adventure, The (USA) (Beta 6)",USA
MK-1548-00,"Berenstain Bears' Camping Adventure, The (USA) (Beta 7)",USA
MK-1548-00,"Berenstain Bears' Camping Adventure, The (USA) (Beta 8)",USA
MK-1548-00,"Berenstain Bears' Camping Adventure, The (USA) (Beta 9)",USA
MK-1548-00,"Berenstain Bears' Camping Adventure, The (USA) (Sega Channel)",USA
T-49143-00,Best of the Best - Championship Karate (Europe) (Proto),Europe
T-107016-00,Best of the Best - Championship Karate (USA),USA
MK-1354-00,Beyond Oasis (USA),USA
MK-1354-00,Beyond Oasis (USA) (Beta),USA
T-119146-00,Beyond Zero Tolerance (USA) (Proto 1),USA
T-119146-00,Beyond Zero Tolerance (USA) (Proto 2),USA
00000000-00,Bil Bolha (Brazil) (Mega Drive 4),Brazil
T-50606-00,"Bill Walsh College Football (USA, Europe)",USA
T-50826-00,Bill Walsh College Football 95 (USA),USA
T-113096-50,Bill's Tomato Game (USA) (Proto),USA
T-55016-02,Bimini Run (USA),USA
00000000-00,Bio Evil (World) (Demo 1),World
00000000-00,Bio Evil (World) (Demo 2),World
00000000-00,Bio Evil (World) (Demo 3),World
MK-1060-00,"Bio Hazard Battle (USA, Europe)",USA
00000000-00,"Bio Hazard Battle (USA, Europe) (Beta 1)",USA
G-4087-00,"Bio Hazard Battle (USA, Europe) (Beta 2)",USA
T-16043-00,Bishoujo Senshi Sailor Moon (Japan),Japan
00000005-00,Black Baron (World) (Proto),World
00000000-00,Black Jewel Reborn (World) (Demo 1),World
00000000-00,Black Jewel Reborn (World) (Demo 2),World
00000000-00,Black Jewel Reborn (World) (Demo 3),World
T-50686-00,"Blades of Vengeance (USA, Europe)",USA
T-15076-00,Blaster Master 2 (USA),USA
?-??????-00,Blaster Master 2 (USA) (Beta 1),USA
T-15076-00,Blaster Master 2 (USA) (Beta 2),USA
T-81406-00,Blockbuster World Video Game Championship II (USA),USA
T-50106-01,Blockout (World),World
T8812650-01,"Bloodshot (Europe) (En,Fr,De,Es)",Europe
T-46013-00,Blue Almanac (Japan),Japan
MK-1533-00,Body Count (Brazil) (En),Brazil
MK-1533-00,"Body Count (Europe) (En,Fr,De,Es,It)",Europe
00000000-00,"Body Count (Europe) (En,Fr,De,Es,It) (Beta)",Europe
00000000-00,Body Count (USA) (Beta 1),USA
MK-1533-00,Body Count (USA) (Beta 2),USA
MK-1533-00,Body Count (USA) (Beta 3),USA
MK-1533-00,Body Count (USA) (Beta 4),USA
MK-1533-00,Body Count (USA) (Sega Channel),USA
MK-0000-00,"Bomb on Basic City (World) (En,Fr)",World
TECTOY-2005-01,Bomber (Europe) (Sega Reactor),Europe
TECTOY-2005-01,Bomber (USA) (Sega Gopher),USA
XXXXXXXX-XX,Bombx (World),World
G-4046-00,"Bonanza Bros. (Japan, Europe) (En,Ja)",Japan
G-4046-01,"Bonanza Bros. (Japan, Europe) (En,Ja) (Rev A)",Japan
MK-1124-00,"Bonanza Bros. (USA, Europe, Korea) (En) (Rev B)",USA
00000000-00,"Bone Marrow (World) (En,Ru) (Demo 1)",World
00000000-00,"Bone Marrow (World) (En,Ru) (Demo 2)",World
MK-1055-00,"Bonkers (USA, Europe)",USA
MK-1145-00,"Bonkers (USA, Europe) (Beta 1)",USA
MK-1145-00,"Bonkers (USA, Europe) (Beta 2)",USA
MK-1145-00,"Bonkers (USA, Europe) (Beta 3)",USA
MK-1055-00,"Bonkers (USA, Europe) (Beta 4)",USA
MK-1055-00,"Bonkers (USA, Europe) (Beta 5)",USA
T-125066-00,Boogerman - A Pick and Flick Adventure (Europe),Europe
T-125066-00,Boogerman - A Pick and Flick Adventure (USA),USA
T-058033-00,Boogie Woogie Bowling (Japan),Japan
GM-00000000-00,Bottle Taps Race (Europe) (Sega Reactor),Europe
GM-00000000-00,Bottle Taps Race (USA),USA
00107026-00,Boxing Legends of the Ring (USA),USA
T-93016-50,Bram Stoker's Dracula (Europe),Europe
T-93016-01,Bram Stoker's Dracula (USA),USA
MK-XXXXX-XX,"Brave Battle Saga - Legend of the Magic Warrior (USA, Europe)",USA
00000000-00,Break An Egg (World),World
00000000-00,Break An Egg (World) (Beta) (0h Game Jam),World
T-124056-00,BreakThru! (USA) (Proto),USA
T-119076-00,Brett Hull Hockey 95 (USA),USA
T-120106-50,Brian Lara Cricket (Australia),Australia
T-120106-00,Brian Lara Cricket (Europe),Europe
T-120146-50,Brian Lara Cricket 96 (Europe),Europe
T-120146-50,Brian Lara Cricket 96 (Europe) (Rev 1),Europe
T-83136-50,"Brutal - Paws of Fury (Europe) (En,Fr,De)",Europe
T-83136-00,Brutal - Paws of Fury (USA),USA
T-115026-00,Bubba 'N' Stix (Europe),Europe
T-115026-00,Bubba 'N' Stix (USA),USA
T-000000-00,Bubba N Stix (Europe) (Beta),Europe
T-015096-50,Bubble and Squeak (Europe),Europe
T-015096-00,Bubble and Squeak (USA),USA
T-119136-00,"Bubsy II (USA, Europe)",USA
T-119026-00,"Bubsy in - Claws Encounters of the Furred Kind (USA, Europe)",USA
T-50286-00,"Buck Rogers - Countdown to Doomsday (USA, Europe)",USA
T-50016-00,Budokan - The Martial Spirit (Europe),Europe
T-50016-00,Budokan - The Martial Spirit (USA) (Rev 1) (Beta),USA
REV-1.00JN-20150131,Bug Hunt (World),World
MK-1840-00,"Bugs Bunny in Double Trouble (Europe) (En,Fr,De,Es,It)",Europe
MK-1840-00,Bugs Bunny in Double Trouble (USA),USA
T-50556-00,"Bulls versus Blazers and the NBA Playoffs (USA, Europe)",USA
T-50366-00,"Bulls vs Lakers and the NBA Playoffs (USA, Europe)",USA
MK-1029-00,Burning Force (Europe),Europe
T-14023-00,Burning Force (Japan) (En),Japan
T-14026-00,Burning Force (USA),USA
T-14026-00,Burning Force (World) (Evercade),World
T-11086-00,"Cadash (USA, Korea) (En)",USA
00000000-00,Cadilac Dinosauro (World) (v1.0),World
00000000-00,Cadilac Dinosauro (World) (v1.1),World
00000000-00,Cadilac Dinosauro (World) (v1.2),World
T-22033-00,Caesar no Yabou (Japan),Japan
T-22056-00,Caesar no Yabou II (Japan),Japan
T-70146-00,Caesars Palace (USA),USA
T-87046-00,Cal Ripken Jr. Baseball (USA),USA
00000000-00,Calamity (World) (Fr) (v1.1),World
T-58026-00,Caliber.50 (USA),USA
MK-1207-00,"California Games (USA, Europe)",USA
0000000-00,Call of Duty - Ghosts (Russia),Russia
00000000-00,Canhao (Brazil) (Mega Drive 4),Brazil
00000000-00,Cannon Fire Chaos (World),World
T-070366-50,Cannon Fodder (Europe),Europe
T-070366-50,Cannon Fodder (World) (Evercade),World
00000000-00,Capoeira Boy (World) (Pt),World
MK-1031-50,Captain America and the Avengers (Europe),Europe
T-13056-00,Captain America and the Avengers (USA),USA
T-13056-00,Captain America and the Avengers (USA) (Beta),USA
T-13056-00,Captain America and the Avengers (World) (Marvel MaXimum Collection),World
T-13103-00,"Captain Lang (Japan) (En,Ja)",Japan
MK-1031-00,Captain Planet and the Planeteers (Europe),Europe
T-95026-00,Captain Planet and the Planeteers (Europe) (Beta),Europe
00000000-00,Carmageddon (World) (v1.1),World
00000000-00,Carmageddon (World) (v1.6),World
00000000-00,Carmageddon (World) (v1.7),World
00000005-00,"Casanova - Love Mission (World) (En,Fr,De,It,Ru) (v5.7.9.1920)",World
SF-009,Cascade (World),World
00000000-00,Castle Cat (World),World
00000000-00,Castle Cat 2 - The Miami Invasion (World),World
00000000-00,Castle Cat 3 - The Vegas Connection (World),World
00001015-00,"Castle of Illusion Starring Mickey Mouse (USA, Europe)",USA
T-95076-00,Castlevania - Bloodlines (USA),USA
T-95076-00,Castlevania - Bloodlines (USA) (Beta 1),USA
T-95076-00,Castlevania - Bloodlines (USA) (Beta 2),USA
T-95076-00,Castlevania - Bloodlines (USA) (Castlevania Anniversary Collection),USA
T-95076-00,"Castlevania - Bloodlines (USA, Europe) (Switch Online)",USA
T-95076-00,Castlevania - The New Generation (Europe),Europe
T-95076-00,Castlevania - The New Generation (Europe) (Beta),Europe
T-95076-00,Castlevania - The New Generation (Europe) (Mega Drive Mini),Europe
00000000-00,Cavalos & Peoes (Brazil) (Mega Drive 4),Brazil
ANDYG002-B1,Cave Story - Doukutsu Monogatari (World) (De) (v0.8.8),World
ANDYG002-B1,Cave Story - Doukutsu Monogatari (World) (En) (v0.8.8),World
ANDYG002-B1,Cave Story - Doukutsu Monogatari (World) (Es) (v0.8.8),World
ANDYG002-B1,Cave Story - Doukutsu Monogatari (World) (Fi) (v0.8.8),World
ANDYG002-B1,Cave Story - Doukutsu Monogatari (World) (Fr) (v0.8.8),World
ANDYG002-B1,Cave Story - Doukutsu Monogatari (World) (It) (v0.8.8),World
ANDYG002-B1,Cave Story - Doukutsu Monogatari (World) (Ko) (v0.8.8),World
ANDYG002-B1,Cave Story - Doukutsu Monogatari (World) (Pt-BR) (v0.8.8),World
ANDYG002-B1,Cave Story - Doukutsu Monogatari (World) (Pt-PT) (v0.8.8),World
ANDYG002-B1,Cave Story - Doukutsu Monogatari (World) (Ru) (v0.8.8),World
ANDYG002-B1,Cave Story - Doukutsu Monogatari (World) (Zh) (v0.8.8),World
00000000-00,Cells & Bombs (World),World
T-50146-11,"Centurion - Defender of Rome (USA, Europe)",USA
T-50146-11,"Centurion - Defender of Rome (USA, Europe) (Sega Channel)",USA
MK-1047-00,"Chakan (USA, Europe)",USA
MK-1047-00,"Chakan (USA, Europe) (Sega Channel)",USA
MK-1010-00,Chameleon Kid (Japan) (En),Japan
T-081296-00,Champions World Class Soccer (World) (Beta),World
T-081296-00,"Champions World Class Soccer (World) (En,Fr,De,Es)",World
T-58056-00,Championship Bowling (USA),USA
T-87076-00,Championship Pool (USA),USA
T-97046-00,Championship Pro-Am (USA),USA
0000-0001,Chaoji Mahjong Club (Taiwan),Taiwan
Txxxxx-00,"Chaos Engine 2, The (Europe) (Proto)",Europe
T-104066-00,"Chaos Engine, The (Europe)",Europe
00000000-00,"Chaperon Violet, Le (World) (Fr) (Proto)",World
T-11106-00,Chase H.Q. II (USA),USA
00000000-00,Chase and the Gurgloos (World),World
T-137036-00,Chavez II (Mexico),Mexico
MK-1540-00,"Cheese Cat-Astrophe Starring Speedy Gonzales (Europe) (En,Fr,De,Es)",Europe
T-13073-00,Chelnov (Japan),Japan
T-76103-00,Chengjisihan II - Yuanchao Mishi Zhi Canglang Yu Bailu (China) (Pirate),China
00000000-00,Chess (Russia) (En),Russia
T-148156-00,"Chessmaster, The (USA) (Sega Channel)",USA
T-33056-00,Chester Cheetah - Too Cool to Fool (USA),USA
T-33066-00,Chester Cheetah - Wild Wild Quest (USA),USA
T-70186-00,Chi Chi's Pro Challenge Golf (USA),USA
T-14123-01,Chibi Maruko-chan - Wakuwaku Shopping (Japan),Japan
G-4083-00,"Chiki Chiki Boys (Japan, Korea) (Ja)",Japan
MK-1075-00,"Chiki Chiki Boys (USA, Europe)",USA
00000000-00,Chip 'n Dale - Rescue Rangers (Russia),Russia
00000000-00,Chip 'n Dale - Rescue Rangers 2 (Russia),Russia
G-5546-00,Chou Kyuukai Miracle Nine (Japan),Japan
T-32043-00,Chou Touryuu Retsuden - Dino Land (Japan) (En),Japan
T-70036-00,Chuck Rock (Europe),Europe
T-70036-00,Chuck Rock (USA),USA
T-70063-00,Chuck Rock II (Japan) (En),Japan
T-115016-50,Chuck Rock II - Son of Chuck (Europe),Europe
T-115016-00,Chuck Rock II - Son of Chuck (USA),USA
T-115016-00,Chuck Rock II - Son of Chuck (USA) (Beta),USA
MK-0000-00,"Citadel of Chaos, The (World) (En,Fr) (v2.0)",World
MK-0000-00,"Citadel of Chaos, The (World) (En,Fr) (v2.1)",World
MK-0000-00,"Citadel of Chaos, The (World) (En,Fr) (v2.23)",World
MK-0000-00,"Citadel of Chaos, The (World) (En,Fr) (v3.0)",World
MK-1199-00,Classic Collection (Europe),Europe
T-125036-00,ClayFighter (Europe),Europe
T-125036-00,ClayFighter (USA),USA
T-93036-00,Cliffhanger (Europe),Europe
T-93036-00,Cliffhanger (USA),USA
T-89016-00,Clue (USA),USA
T-172016-00,Coach K College Basketball (USA),USA
T-172046-00,College Football USA 96 (USA),USA
T-172046-00,College Football USA 96 (USA) (Beta),USA
T-172126-01,College Football USA 97 (USA),USA
MK-1227-00,College Football's National Championship (USA),USA
MK-1225-00,College Football's National Championship (USA) (Beta 1),USA
MK-1227-00,College Football's National Championship (USA) (Beta 10),USA
MK-1227-00,College Football's National Championship (USA) (Beta 11),USA
MK-1227-00,College Football's National Championship (USA) (Beta 12),USA
MK-1227-00,College Football's National Championship (USA) (Beta 13),USA
MK-1227-00,College Football's National Championship (USA) (Beta 14),USA
MK-1227-00,College Football's National Championship (USA) (Beta 15),USA
MK-1227-00,College Football's National Championship (USA) (Beta 16),USA
MK-1227-00,College Football's National Championship (USA) (Beta 17),USA
MK-1227-00,College Football's National Championship (USA) (Beta 18),USA
MK-1227-00,College Football's National Championship (USA) (Beta 19),USA
MK-1225-00,College Football's National Championship (USA) (Beta 2),USA
MK-1225-00,College Football's National Championship (USA) (Beta 3),USA
MK-1227-00,College Football's National Championship (USA) (Beta 4),USA
MK-1227-00,College Football's National Championship (USA) (Beta 5),USA
MK-1227-00,College Football's National Championship (USA) (Beta 6),USA
MK-1227-00,College Football's National Championship (USA) (Beta 7),USA
MK-1227-00,College Football's National Championship (USA) (Beta 8),USA
MK-1227-00,College Football's National Championship (USA) (Beta 9),USA
MK-1241-00,College Football's National Championship II (USA),USA
T-81576-00,College Slam (USA),USA
00000000-00,Color Jumper (World) (v1.1),World
00054035-00,Columns (Japan) (En),Japan
00054035-01,"Columns (USA, Europe)",USA
00054035-01,"Columns (USA, Europe) (Sega Channel)",USA
00054035-01,Columns (World) (Sega Ages),World
T-23056-00,Columns III (USA),USA
00004801-00,"Columns III - Taiketsu! Columns World (Japan, Korea) (Ja)",Japan
T-119106-00,"Combat Cars (USA, Europe)",USA
MK-1569-50,Comix Zone (Europe) (Beta 1),Europe
MK-1569-50,Comix Zone (Europe) (Beta 2),Europe
MK-1569-50,"Comix Zone (Europe) (En,Fr,De,Es)",Europe
G-4132-00,"Comix Zone (Japan) (En,Ja)",Japan
MK-1569-00,Comix Zone (USA),USA
XXX-XXXX-XX,Comix Zone (USA) (Beta 1),USA
MK-1569-00,Comix Zone (USA) (Beta 10),USA
MK-10044-00,Comix Zone (USA) (Beta 2),USA
MK-10044-00,Comix Zone (USA) (Beta 3),USA
MK-1569-00,Comix Zone (USA) (Beta 4),USA
MK-1569-00,Comix Zone (USA) (Beta 5),USA
MK-1569-00,Comix Zone (USA) (Beta 6),USA
MK-1569-00,Comix Zone (USA) (Beta 7),USA
MK-1569-00,Comix Zone (USA) (Beta 8),USA
MK-1569-00,Comix Zone (USA) (Beta 9),USA
STI-0001-00,Comix Zone (USA) (Demo 1) (Sega Channel),USA
MK-10044-00,Comix Zone (USA) (Demo 2) (Sega Channel),USA
MK-1569-00,Comix Zone (USA) (Demo 3) (Sega Channel),USA
MK-1569-00,Comix Zone (USA) (Sega Smash Pack 2),USA
MK-1569-00,Comix Zone (USA) (Virtual Console),USA
00000001-00,Congo - The Game (USA) (Proto),USA
00000000-00,Connection Crafts Museum (World),World
T-95106-00,Contra - Hard Corps (USA) (Contra Anniversary Collection),USA
T-95106-00,Contra - Hard Corps (USA) (Genesis Mini),USA
T-95106-00,"Contra - Hard Corps (USA, Korea) (En)",USA
T-95093-00,Contra - The Hard Corps (Japan),Japan
T-95093-00,Contra - The Hard Corps (Japan) (Contra Anniversary Collection),Japan
T-95093-00,Contra - The Hard Corps (Japan) (Mega Drive Mini),Japan
T-70196-00,Cool Spot (Europe),Europe
T-70013-00,"Cool Spot (Japan, Korea) (En)",Japan
T-70196-00,Cool Spot (USA),USA
T-70196-00,Cool Spot (USA) (Beta),USA
T-70016-00,Corporation (Europe),Europe
00000000-00,"Cosmic Spacehead (Europe) (En,Fr,De,Es) (Rev 1)",Europe
00000000-00,"Cosmic Spacehead (USA, Europe) (En,Fr,De,Es)",USA
00000000-00,Cowboy Shooters (World) (Proto),World
G-4024-00,Crack Down (Europe),Europe
G-4024-00,Crack Down (Japan) (En),Japan
T-47046-00,Crack Down (USA),USA
T-16033-00,Crayon Shin-chan - Arashi o Yobu Enji (Japan),Japan
00000000-00,Crazy Driver (World),World
00000000-00,Crazy Driver (World) (v1.1),World
00000000-00,Criatura (World),World
T-29016-00,CrossFire (USA),USA
T-29023-00,CrossFire (USA) (Sample),USA
T-13063-00,Crude Buster (Japan) (En),Japan
T-XXXXX-XX,Crue Ball (Japan) (En),Japan
T-50386-XX,"Crue Ball - Heavy Metal Pinball (USA, Europe)",USA
T-144026-00,Crusader of Centy (USA),USA
G-4087-00,Crying - Aseimei Sensou (Japan) (En),Japan
MK-1544-00,Crystal's Pony Tale (USA),USA
00000000-00,Crystal's Pony Tale (USA) (Beta 1),USA
MK-1544-00,Crystal's Pony Tale (USA) (Beta 10),USA
MK-1544-00,Crystal's Pony Tale (USA) (Beta 11),USA
MK-1544-00,Crystal's Pony Tale (USA) (Beta 12),USA
MK-1544-00,Crystal's Pony Tale (USA) (Beta 13),USA
MK-1544-00,Crystal's Pony Tale (USA) (Beta 14),USA
MK-1544-00,Crystal's Pony Tale (USA) (Beta 15),USA
MK-1544-00,Crystal's Pony Tale (USA) (Beta 2),USA
MK-1544-00,Crystal's Pony Tale (USA) (Beta 3),USA
MK-1544-00,Crystal's Pony Tale (USA) (Beta 4),USA
MK-1544-00,Crystal's Pony Tale (USA) (Beta 5),USA
MK-1544-00,Crystal's Pony Tale (USA) (Beta 6),USA
MK-1544-00,Crystal's Pony Tale (USA) (Beta 7),USA
MK-1544-00,Crystal's Pony Tale (USA) (Beta 8),USA
MK-1544-00,Crystal's Pony Tale (USA) (Beta 9),USA
T-22013-00,Curse (Japan) (En),Japan
T-37016-00,Curse (USA) (Proto) (Sega Channel),USA
00000000-00,"Curse of Illmoore Bay, The (World) (Demo 1)",World
00000000-00,"Curse of Illmoore Bay, The (World) (Demo 2)",World
00000000-00,"Curse of Illmoore Bay, The (World) (Demo 3)",World
GM-00000000-00,"Cursed Knight, The (World) (Demo 1)",World
GM-00000000-00,"Cursed Knight, The (World) (Demo 2)",World
GM-00000000-00,"Cursed Knight, The (World) (Demo 3)",World
00000000-00,"Cursed Knight, The (World) (Demo 5)",World
GM-00000000-00,"Cursed Knight, The (World) (En,Fr) (Demo 4)",World
00000000-00,"Cursed Knight, The (World) (En,Fr) (Demo 6)",World
T-81516-00,"CutThroat Island (USA, Europe)",USA
T-81516-00,"CutThroat Island (USA, Europe) (Beta)",USA
T-20033-00,Cutie Suzuki no Ringside Angel (Japan),Japan
00000000-00,Cyber Mission (World) (Demo 1),World
00000000-00,Cyber Mission (World) (Demo 2),World
00004029-00,Cyber Police - ESWAT (Japan) (En),Japan
T-70016-00,Cyber-Cop (USA),USA
00004027-00,Cyberball (World),World
MK-1024-00,"Cyborg Justice (USA, Europe)",USA
MK-1024-00,"Cyborg Justice (USA, Europe) (Beta)",USA
MK-1027-00,"DEcapAttack (USA, Europe, Korea) (En)",USA
MK-1139-50,DJ Boy (Europe),Europe
G-4032-00,DJ Boy (Japan) (En),Japan
T-33016-00,DJ Boy (USA),USA
00000000-00,DOOM Sixternal (World),World
T-76053-10,Da Hanghai Shidai (Taiwan) (Pirate),Taiwan
T-76163-00,Da Hanghai Shidai II (Taiwan) (Simplified) (Pirate),Taiwan
T-76163-00,Da Hanghai Shidai II (Taiwan) (Traditional) (Pirate),Taiwan
00005505-01,Da Zhanlue - Shandian Qixi (China) (Pirate),China
64013-00,Daana (Korea),Korea
00000000-00,Daemon Claw - Origins of Nnar (World),World
XXXXXXXX-XX,Daffy Duck in Hollywood (Europe) (Beta),Europe
MK-1024-00,"Daffy Duck in Hollywood (Europe) (En,Fr,De,Es,It)",Europe
64013-00,Dahna - Megami Tanjou (Japan),Japan
T-76053-10,Daikoukai Jidai (Japan),Japan
T-76163-00,Daikoukai Jidai II (Japan),Japan
00004013-00,Daimakaimura (Japan),Japan
T-XXXXX-XX,Dan Marino's Power Play Football (USA) (Proto),USA
T-14033-00,Dangerous Seed (Japan) (En),Japan
****???-00,Danny Sullivan's Indy Heat (USA) (Proto),USA
00000000-00,"Darius (World) (Genesis Mini, Mega Drive Mini)",World
T-11193-00,Darius - Extra Version (Japan) (En) (Columbus Circle),Japan
HC-0005,"Darius - Extra Version (USA, Europe) (Strictly Limited Games)",USA
T-11083-00,Darius II (Japan),Japan
T-11083-00,Darius II (World) (Ja) (Darius Cozmic Collection),World
T-50096-00,"Dark Castle (USA, Europe)",USA
00001014-00,Dark Empires (USA) (Proto),USA
00000000-00,Darkwing Duck (Russia),Russia
G-4033-00,"Darwin 4081 (Japan, Korea) (En)",Japan
G-4033-00,"Darwin 4081 (Japan, Korea) (En) (Beta)",Japan
T-13093-00,Dashin' Desperadoes (Europe) (Proto),Europe
T-13066-00,Dashin' Desperadoes (USA),USA
30103030-01,Dashin' Desperadoes (USA) (Beta),USA
T-86036-00,David Crane's Amazing Tennis (USA),USA
MK-1214-00,David Robinson Basketball (Japan) (En),Japan
MK-1214-00,David Robinson Basketball (Japan) (En) (Beta),Japan
MK-1214-00,"David Robinson's Supreme Court (USA, Europe)",USA
T-49143-00,Davis Cup II (Europe) (Proto 1),Europe
T-11111-00,Davis Cup II (USA) (Proto 2),USA
T-48163-00,Davis Cup Tennis (Japan),Japan
T-48206-00,"Davis Cup World Tour (USA, Europe)",USA
T-48206-00,"Davis Cup World Tour (USA, Europe) (Beta)",USA
T-015156-50,Daze Before Christmas (Australia),Australia
T-000000-00,Daze Before Christmas (Australia) (Beta),Australia
T-33033-00,Deadly Moves (USA),USA
0200205-17,Death Caliber (Russia),Russia
T-56036-00,Death Duel (USA),USA
T-56036-00,Death Duel (USA) (Beta),USA
MK-0000-00,Death Sword (World) (Apple II),World
MK-0000-00,Death Sword (World) (PC),World
T-15186-00,"Death and Return of Superman, The (Europe)",Europe
T-15186-00,"Death and Return of Superman, The (USA)",USA
00000000-00,Debtor (World),World
00000000-00,Debtor (World) (v1.1) (itch.io),World
0200211-11,Deer Hunter (Russia),Russia
0200211-09,Deer Hunter (Russia) (Alt),Russia
00000000-00,Deflektor (World),World
00000000-00,Defrag Death Race (World) (v1.1.0),World
T-81486-00,"Demolition Man (USA, Europe)",USA
T-81486-00,"Demolition Man (USA, Europe) (Beta)",USA
00000000-00,Demons of Asteborg (World) (Demo 2),World
00000000-00,Demons of Asteborg (World) (En) (Demo 1),World
00000000-01,"Demons of Asteborg (World) (En,Fr,De,Es,It,Pt-BR) (v1.1) (Demo 1)",World
00000000-01,"Demons of Asteborg (World) (En,Fr,De,Es,It,Pt-BR) (v1.1) (Demo 2)",World
00000000-01,"Demons of Asteborg (World) (En,Fr,De,Es,It,Pt-BR) (v1.1) (Demo 3)",World
00000000-00,"Demons of Asteborg (World) (En,Fr,De,Es,It,Pt-BR) (v1.11) (Evercade)",World
00000000-00,Demons of Asteborg (World) (Fr) (Demo 1),World
xx-xxxx-xx,"Desert Demolition (USA, Europe) (Beta 1)",USA
mk-1062-00,"Desert Demolition (USA, Europe) (Beta 2)",USA
mk-1062-00,"Desert Demolition (USA, Europe) (Beta 3)",USA
mk-1062-00,"Desert Demolition (USA, Europe) (Beta 4)",USA
mk-1062-00,"Desert Demolition (USA, Europe) (Beta 5)",USA
mk-1062-00,"Desert Demolition (USA, Europe) (Beta 6)",USA
MK-1062-00,"Desert Demolition (USA, Europe) (Beta 7)",USA
MK-1062-00,"Desert Demolition (USA, Europe) (Beta 8)",USA
MK-1062-00,"Desert Demolition (USA, Europe) (Beta 9)",USA
MK-1062-00,"Desert Demolition Starring Road Runner and Wile E. Coyote (USA, Europe)",USA
T-50326-00,"Desert Strike - Return to the Gulf (USA, Europe)",USA
T-106093-00,"Desert Strike - Wangan Sakusen (Japan, Korea) (Ja)",Japan
00054503-00,Devi to Pii (Japan) (Mega Drive Mini 2),Japan
T-18053-00,Devil Crash MD (Japan) (En),Japan
T-47066-00,Devilish (USA) (Beta),USA
T-47066-00,Devilish - The Next Possession (USA),USA
00000000-00,Devwill Too MD (World) (Demo 1),World
00000000-00,Devwill Too MD (World) (Demo 2),World
00000000-00,Devwill Too MD (World) (Evercade),World
00000000-00,Devwill Too MD (World) (v1.1) (Evercade),World
MK-1555-00,"Dexstar (USA, Europe) (Beta 1)",USA
MK-1555-00,"Dexstar (USA, Europe) (Beta 2)",USA
00001014-00,Dick Tracy (World),World
T-048236-00,"Dick Vitale's 'Awesome, Baby!' College Hoops (USA)",USA
T-70276-00,"Dino Dini's Soccer (Europe) (En,Fr,De)",Europe
T-32043-00,Dino Land (USA),USA
T-32043-00,Dino Land (World) (Evercade),World
00000000-00,Dino Runner (World) (v1.2),World
00000000-00,"Dinosaur Game (World) (En,Es) (v3.52)",World
T-112036-00,"Dinosaur's Tale, A (USA)",USA
MK-1197-00,"Disney Collection, The - QuackShot Starring Donald Duck + Castle of Illusion Starring Mickey Mouse (Europe)",Europe
00000000-00,Dithered Nightmare Fuel (World) (Demo 2),World
00000000-00,Divine Sealing (Japan),Japan
TECTOY-2005-01,Domine o Territorio (Brazil) (Mega Drive 4),Brazil
00000000-00,Domino (Russia),Russia
00000000-01,Dominus (USA) (Proto),USA
00000000-01,Dominus (USA) (Proto) (Alt),USA
MK-1192-01,Donald in Maui Mallard (Europe) (Rev A),Europe
T-239016-00,"Donald in Maui Mallard (USA, Brazil) (En)",USA
00000000-00,Dongfang Sheng Zhong Yi - Trouble Lotus (World) (Proto),World
MK-1706-40,Dongguri Techi Jakjeon (Korea),Korea
T-132066-00,Doom Troopers (USA),USA
00004094-00,Doraemon - Yume Dorobou to 7 Nin no Gozans (Japan),Japan
MK-1063,Double Clutch (Europe),Europe
MK-1063-6BU,Double Clutch (Europe) (Beta),Europe
00000000-00,Double Cooked (World),World
00000000-00,Double Cooked (World) (v1.1),World
ACLD009-00,"Double Dragon (USA, Europe)",USA
T-081166-00,"Double Dragon 3 - The Arcade Game (USA, Europe)",USA
T-74023-00,Double Dragon II - The Revenge (Japan) (En),Japan
T-74023-00,Double Dragon II - The Revenge (Japan) (En) (Beta),Japan
T-97106-00,Double Dragon V - The Shadow Falls (USA),USA
T-95126-00,Double Dribble - The Playoff Edition (USA),USA
MK-0000-00,Double Symbol (World) (v1.34),World
MK-0000-00,Double Symbol (World) (v1.35),World
ANDYG002-B1,Doukutsu Monogatari (World) (Ja) (v0.8.8),World
MK-0000-00,Downforce - Red Hot Princess Carnage (World) (Proto) (bitbitJAM 2016),World
MK-1706-50,Dr. Robotnik's Mean Bean Machine (Europe),Europe
MK-1706-00,Dr. Robotnik's Mean Bean Machine (USA),USA
??-????-00,Dr. Robotnik's Mean Bean Machine (USA) (Beta 1),USA
MK-1706-00,Dr. Robotnik's Mean Bean Machine (USA) (Beta 2),USA
T-70286-00,Dragon - The Bruce Lee Story (Europe),Europe
T-81496-00,Dragon - The Bruce Lee Story (USA),USA
T-133013-00,Dragon Ball Z - Buyuu Retsuden (Japan),Japan
T-133016-00,Dragon Ball Z - L'Appel du Destin (France),France
G-5542-00,Dragon Slayer - Eiyuu Densetsu (Japan),Japan
G-5544-00,Dragon Slayer - Eiyuu Densetsu II (Japan),Japan
EXA-0001-00,Dragon's Castle (World) (Proto),World
T-67023-00,Dragon's Eye Plus - Shanghai III (Japan),Japan
T-48116-00,"Dragon's Fury (USA, Europe)",USA
T-11136-00,Dragon's Lair (USA) (Proto),USA
T-48143-00,Dragon's Revenge (Japan) (En),Japan
T-048266-00,"Dragon's Revenge (USA, Europe)",USA
T-50376-00,Dream Team USA (Japan),Japan
00000000-00,Driftin Rage (World) (Proto),World
00000000-00,Drunk as I Like (World) (Beta),World
00000000-00,Drunk as I Like (World) (GitHub),World
00000000-00,Drunk as I Like (World) (Itch.io),World
00000000-00,Drunk as I Like 2 - Drunk... Again (World),World
0000-0001,Du Shen Zhi - Menghuan Poker (Taiwan),Taiwan
T-274026-01,Duke Nukem 3D (Brazil) (En),Brazil
T-76106-00,Duli Zhanzheng (China) (Pirate),China
T-70246-00,Dune - The Battle for Arrakis (USA),USA
T-70246-00,Dune II - Kampf um den Wuestenplaneten (Germany),Germany
T-70246-00,Dune II - The Battle for Arrakis (Europe),Europe
T-70246-50,Dune II - The Battle for Arrakis (Europe) (Beta),Europe
MK-1304-00,"Dungeons & Dragons - Warriors of the Eternal Sun (USA, Europe)",USA
T-68033-01,Dyna Brothers (Japan),Japan
T-68063-00,Dyna Brothers 2 (Japan),Japan
T-68063-00,Dyna Brothers 2 Special (Japan) (Virtual Console),Japan
00004038-00,Dynamite Duke (World),World
00004038-00,Dynamite Duke (World) (Beta),World
00004038-00,Dynamite Duke (World) (Rev A),World
G-004117-00,Dynamite Headdy (Japan),Japan
T-471110-00,Dynamite Headdy (Japan) (En) (Beta 1),Japan
MK-1543-00,Dynamite Headdy (Japan) (En) (Beta 2),Japan
MK-1543-00,Dynamite Headdy (Japan) (En) (Beta 3),Japan
MK-1543-00,"Dynamite Headdy (USA, Europe)",USA
MK-1543-00,"Dynamite Headdy (USA, Europe) (Beta)",USA
T-860XX-00,DynoBlaze (USA) (Proto),USA
T-50236-50,EA Hockey (Europe),Europe
T-50236-00,EA Hockey (Japan) (En),Japan
T-50536-50,EA Sports Double Header (Europe),Europe
T-93056-00,ESPN Baseball Tonight (USA),USA
T-93176-00,ESPN National Hockey Night (USA),USA
T-93176-00,ESPN National Hockey Night (USA) (Beta),USA
T-93166-00,ESPN Speed World (USA),USA
T-93166-00,ESPN Speed World (USA) (Beta),USA
T-093046-00,ESPN Sunday Night NFL (USA),USA
T-093046-00,ESPN Sunday Night NFL (USA) (Beta),USA
00001110-01,"ESWAT - City under Siege (USA, Europe) (Rev A)",USA
T-49176-01,Earnest Evans (USA),USA
T-49176-01,Earnest Evans (USA) (Beta),USA
T-70386-00,Earthworm Jim (Europe),Europe
T-132036-00,Earthworm Jim (USA),USA
T-132036-00,Earthworm Jim (USA) (Beta),USA
T-132036-00,Earthworm Jim (World) (Evercade),World
T-70446-50,Earthworm Jim 2 (Europe),Europe
T-132056-50,Earthworm Jim 2 (Europe) (Beta),Europe
T-132056-00,Earthworm Jim 2 (USA),USA
T-132056-00,Earthworm Jim 2 (USA) (Beta),USA
T-132036-00,Earthworm Jim VideoHints 1 (USA) (Auto Demo) (Sega Channel),USA
T-132036-00,Earthworm Jim VideoHints 2 (USA) (Auto Demo) (Sega Channel),USA
MK-1553-00,"Ecco - The Tides of Time (Europe) (En,Fr,De,Es)",Europe
MK-1553-00,Ecco - The Tides of Time (USA),USA
MK-1042-01,Ecco - The Tides of Time (USA) (Beta 1),USA
MK-1042-01,Ecco - The Tides of Time (USA) (Beta 2),USA
MK-1042-01,Ecco - The Tides of Time (USA) (Beta 3),USA
MK-1553-00,Ecco - The Tides of Time (USA) (Sega Channel),USA
MK-1554-00,"Ecco Jr. (USA, Australia)",USA
MK-1554-00,"Ecco Jr. (USA, Australia) (Beta)",USA
G-4106-00,Ecco the Dolphin (Japan),Japan
MK-0000-00,Ecco the Dolphin (Japan) (Beta),Japan
MK-1042-00,"Ecco the Dolphin (USA, Europe, Korea) (En)",USA
MK-1042-01,"Ecco the Dolphin (USA, Europe, Korea) (En) (Rev A) (Beta)",USA
G-4123-00,Ecco the Dolphin II (Japan),Japan
T-32063-00,El.Viento (Japan),Japan
T-32063-00,El.Viento (USA),USA
T-32063-00,El.Viento (World) (Evercade),World
T-32063--00,El.Viento (World) (Retro-Bit),World
00000000-00,"Eldritch Monarch, The (World) (Proto)",World
T-18043-00,Elemental Master (Japan),Japan
T-49236-00,Elemental Master (USA),USA
00000000-00,Elf Run (World),World
T-73033-00,Eliminate Down (Japan) (En),Japan
T-73033,Eliminate Down (World) (Retro-Bit),World
T-50976-00,Elitserien 95 (Sweden),Sweden
T-172096-00,Elitserien 96 (Sweden),Sweden
T-081046-00,Empire of Steel (Europe),Europe
MK-1032-00,Escape from Mars Starring Taz (USA) (Beta 1),USA
MK-1546-00,Escape from Mars Starring Taz (USA) (Beta 10),USA
MK-1546-00,Escape from Mars Starring Taz (USA) (Beta 11),USA
MK-1032-00,Escape from Mars Starring Taz (USA) (Beta 2),USA
MK-1032-00,Escape from Mars Starring Taz (USA) (Beta 3),USA
MK-1032-00,Escape from Mars Starring Taz (USA) (Beta 4),USA
MK-1032-00,Escape from Mars Starring Taz (USA) (Beta 5),USA
MK-1546-00,Escape from Mars Starring Taz (USA) (Beta 6),USA
MK-1546-00,Escape from Mars Starring Taz (USA) (Beta 7),USA
MK-1546-00,Escape from Mars Starring Taz (USA) (Beta 8),USA
MK-1546-00,Escape from Mars Starring Taz (USA) (Beta 9),USA
MK-1145-00,Eternal Champions (Europe),Europe
MK-1145-00,Eternal Champions (Europe) (Beta),Europe
G-4114-00,"Eternal Champions (Japan, Korea) (En)",Japan
G-4114-00,"Eternal Champions (Japan, Korea) (En) (Beta)",Japan
MK-1145-00,Eternal Champions (USA),USA
T-76113-10,Europa Sensen (Japan),Japan
00000001-01,European Club Football (Europe) (Beta),Europe
T-70046-00,European Club Soccer (Europe),Europe
00000001-01,European Club Soccer (Europe) (Beta),Europe
MK-1215-00,Evander Holyfield's 'Real Deal' Boxing (World),World
MK-1074-00,"Ex-Mutants (USA, Europe)",USA
G-004097-00,Ex-Ranza (Japan) (En),Japan
T-00000-00,Ex-Ranza (Japan) (En) (Beta),Japan
T-49186-00,Exile (USA),USA
T-49186-00,Exile (USA) (Sega Channel),USA
T-49186-00,Exile (World) (Evercade),World
T-49093-00,Exile - Toki no Hazama he (Japan),Japan
T-132026-00,Exo Squad (Europe),Europe
T-132026-00,Exo Squad (USA),USA
T-132026-00,Exo Squad (USA) (Beta),USA
T-50716-00,"F-117 Night Storm (USA, Europe)",USA
T--------00,F-117 Stealth - Operation - Night Storm (Japan),Japan
T-104036-04,F-15 Strike Eagle II (Europe),Europe
T-104036-03,F-15 Strike Eagle II (USA),USA
00000001-00,F-15 Strike Eagle II (USA) (Beta),USA
T-104036-03,F-15 Strike Eagle II (USA) (Sample),USA
T-50276-00,F-22 Interceptor (USA) (Beta),USA
T-50276-00,F-22 Interceptor (USA) (Sega Channel),USA
T-50276-00,F-22 Interceptor - Advanced Tactical Fighter (Japan),Japan
T-50276-00,F-22 Interceptor - Advanced Tactical Fighter (USA) (Rev 1),USA
T-50276-00,"F-22 Interceptor - Advanced Tactical Fighter (USA, Europe) (F-202)",USA
T-880660-00,F1 (Europe),Europe
T-88146-50,F1 - World Championship Edition (Europe),Europe
T-50016-00,F1 - World Championship Edition (USA) (Proto 1),USA
T-71013-00,F1 Circus MD (Japan),Japan
T-71013-00,F1 Circus MD (USA) (Proto) (Sega Channel),USA
T-28216-00,FIFA 2003 (Argentina) (Pirate),
T-172206-00,"FIFA 98 - Road to World Cup (Europe) (En,Fr,Es,It,Sv)",Europe
T--------00,"FIFA International Soccer (Japan) (En,Ja)",Japan
T-50706-00,"FIFA International Soccer (USA, Europe) (En,Fr,De,Es)",USA
T-183457-01,"FIFA Soccer 2000 (China) (En,Fr,De,Es,It,Sv) (Pirate)",China
T-50916-01,"FIFA Soccer 95 (Korea) (En,Fr,De,Es)",Korea
T-50916-00,"FIFA Soccer 95 (USA, Europe) (En,Fr,De,Es)",USA
T-172086-00,"FIFA Soccer 96 (USA, Europe) (En,Fr,De,Es,It,Sv)",USA
T-172156-01,"FIFA Soccer 97 (USA, Europe) (En,Fr,De,Es,It,Sv)",USA
T-172086-00,"FIFA Soccer 99 (China) (En,Fr,De,Es,It,Sv) (Pirate)",China
T-50156-01,"Faery Tale Adventure, The (USA, Europe)",USA
T-83076-00,Family Feud (USA),USA
MK-1021-00,"Fantasia (USA, Europe)",USA
MK-1021-00,"Fantasia (USA, Europe) (Sega Channel)",USA
MK-1021-01,Fantasia (World) (Rev A),World
00000000-00,"Fantastic Dizzy (USA, Europe) (Beta)",USA
00000000-00,"Fantastic Dizzy (USA, Europe) (En,Fr,De,Es,It)",USA
T-274026-01,Fantasy Pinball (Brazil) (Mega Drive 4),Brazil
G-4120-00,"Fantasy Zone (World) (Mega Drive Mini 2, Genesis Mini 2)",World
T-43023-00,Fastest 1 (Japan) (En),Japan
MK-1083-00,"Fatal Fury (Europe, Korea) (En)",Europe
T-103016-00,Fatal Fury (USA),USA
T-103046-00,"Fatal Fury 2 (USA, Korea) (En)",USA
00000000-00,Fatal Fury One (World),World
00001309-00,"Fatal Labyrinth (USA, Europe) (En,Ja)",USA
T-50256-00,"Fatal Rewind (USA, Europe)",USA
T-50256-00,"Fatal Rewind (USA, Europe) (Rev 1)",USA
T-44013-00,Fatman (Japan) (En),Japan
00000000-00,Felix the Cat (Russia),Russia
00000000-00,Feliz 2025 (World) (Proto),World
0001-0001,Fengkuang Taohuayuan (Taiwan),Taiwan
T-81016-00,Ferrari Grand Prix Challenge (Europe),Europe
T-81016-00,Ferrari Grand Prix Challenge (USA),USA
T-79196-50,"Fever Pitch Soccer (Europe) (En,Fr,De,Es,It)",Europe
00000000-00,Fica 1 (Brazil) (Mega Drive 4),Brazil
T-33086-00,Fido Dido (USA) (Proto),USA
00000000-00,Fight Game 3 500 (World),World
00000000-00,Fight Game II 1000 (World),World
00000000-00,Fight Game II 3000 (World),World
T-24063-00,"Fighting Masters (Japan, Korea) (En)",Japan
T-24056-00,Fighting Masters (USA),USA
T-11033-00,Final Blow (Japan) (En),Japan
T-11033-00,Final Blow (Japan) (En) (Beta),Japan
00000000-00,Final Fight MD (World) (Demo 1),World
00000000-00,Final Fight MD (World) (Demo 2),World
00000000-00,Final Fight MD (World) (Demo 3),World
00000000-00,Final Fight MD (World) (Proto 1),World
00000000-00,Final Fight MD (World) (Proto 2),World
00000000-00,Final Fight MD (World) (Proto 3),World
00000000-00,Final Fight MD (World) (Proto 4),World
00000000-00,Final Fight MD (World) (Proto 5),World
T-32013-00,"Final Zone (Japan, USA) (En)",Japan
T-32013-00,Final Zone (World) (Evercade),World
T-11123-00,Fire Mustang (Japan),Japan
T-34016-00,Fire Shark (Europe),Europe
T-34016-00,Fire Shark (USA),USA
T-34016--00,Fire Shark (World) (Retro-Bit),World
00000000-00,Firebrawl (World) (v1.02),World
MK-1000-12,Fix-It Felix Jr. (World) (Pirate),World
00000000-00,FlammenWerfer (World),World
00000000-00,Flappy Bird (World) (Ru),World
00004007-00,Flash Point (Japan) (En) (Proto),Japan
T-79066-50,"Flashback (Europe) (En,Fr)",Europe
XXXXXXXX-XX,"Flashback (Europe) (En,Fr) (Beta)",Europe
T-15083,Flashback (Japan),Japan
T-79066,"Flashback - The Quest for Identity (USA) (En,Fr)",USA
00001022-00,"Flicky (USA, Europe)",USA
T-113046-00,"Flink (Europe) (En,Fr,De)",Europe
MK-1088-50,"Flintstones, The (Europe)",Europe
T-11173-00,"Flintstones, The (Japan)",Japan
06001-TF-00,"Flintstones, The (USA) (En-US,En-GB,Fr,De,Es,It) (Ocean) (Sega Channel)",USA
00001014-00,"Flintstones, The (USA) (Ocean) (Proto)",USA
T-11116-00,"Flintstones, The (USA)",USA
G-4015-00,"Flintstones, The (USA) (Beta)",USA
00000000-00,Forca Alienigena (Brazil),Brazil
T-81506-00,Foreman for Real (World),World
00004016-00,"Forgotten Worlds (World) (En,Ja)",World
00004016-01,"Forgotten Worlds (World) (En,Ja) (Rev A)",World
T-088066-00,Formula One (USA),USA
T-000000-00,Formula One (USA) (Beta),USA
00000000-00,Foxy Land (World) (Digital),World
00000000-00,Foxy Land (World) (v1.1) (Evercade),World
00000000-00,Foxy Land (World) (v1.1) (itch.io),World
T-81476-00,"Frank Thomas Big Hurt Baseball (USA, Europe)",USA
T-50901-00,Frogger (USA),USA
T-50901-00,Frogger (USA) (Rev 1),USA
00000000-00,From Below (World) (Proto),World
T-133037-00,From TV Animation Slam Dunk - Kyougou Makkou Taiketsu! (Japan),Japan
T-93126-00,Fun 'n Games (Europe),Europe
T-97056-00,Fun 'n' Games (USA),USA
XXXXXXXX-XX,Fun Car Rally (USA) (Beta),USA
WISEGAME-11-03-1993,Funny World & Balloon Boy (USA),USA
T-14083-00,Fushigi no Umi no Nadia (Japan),Japan
XXXXXXXX-XX,Futari de Puyo Puyo Sun (Japan) (Mega Drive Mini 2),Japan
G-5540-00,Futbol Argentino 96 (Argentina) (Pirate),
T-50916-00,Futbol Argentino 98 - Pasion de Multitudes (Argentina) (Pirate),
T-95196-50,Futbol Argentino Deluxe (Argentina) (Pirate),
MK-1120-00,G-LOC - Air Battle (USA) (Sega Channel),USA
MK-1120-00,G-LOC - Air Battle (World),World
00000000-00,G-LOC - Air Battle (World) (Beta),World
MK-0000-00,G-Zero (World) (Demo 1),World
MK-0000-00,G-Zero (World) (Demo 2) (15 Cars),World
MK-0000-00,G-Zero (World) (Demo 2) (5 Cars),World
T-83036-00,Gadget Twins (USA),USA
T-49013-03,"Gaiares (Japan, USA) (En)",Japan
T-49013-03,Gaiares (World) (Evercade),World
T-49013--03,Gaiares (World) (Retro-Bit),World
00004036-00,Gain Ground (Europe),Europe
00004036-00,Gain Ground (Japan) (En),Japan
00004036-00,Gain Ground (USA),USA
00000000-00,Gain Ground (USA) (Beta),USA
T-68013-00,Galaxy Force II (Japan) (En),Japan
T-68013-00,Galaxy Force II (Japan) (En) (Virtual Console),Japan
T-68013-01,"Galaxy Force II (USA, Europe) (Rev B)",USA
T-68013-01,"Galaxy Force II (USA, Europe) (SEGA Classic Collection)",USA
T-45013-00,Gambler Jiko Chuushinha - Katayama Masayuki no Mahjong Doujou (Japan),Japan
T-68???-??,Game no Kanzume Otokuyou (Japan) (Sega Channel),Japan
T-49166-00,Gang Du Shaonian (China) (Pirate),China
MK-1556-00,"Garfield - Caught in the Act (USA, Europe)",USA
MK-1556-00,"Garfield - Caught in the Act (USA, Europe) (Beta)",USA
T-239056-00,Gargoyles (USA),USA
T-239056-00,Gargoyles (USA) (Beta 1),USA
T-239056-00,Gargoyles (USA) (Beta 2),USA
G-4100,Garou Densetsu - Shukumei no Tatakai (Japan),Japan
T-146023-00,Garou Densetsu 2 - Aratanaru Tatakai (Japan),Japan
T-86016-00,Garry Kitchen's Super Battletank - War in the Gulf (USA),USA
T-48123-00,"Gauntlet (Japan) (En,Ja)",Japan
T-57192-00,"Gauntlet (Japan) (En,Ja) (Beta)",Japan
T-48123-00,"Gauntlet IV (USA, Europe) (Beta)",USA
T-48216-00,"Gauntlet IV (USA, Europe) (En,Ja)",USA
00-0-019-00,"Gedou Tiequan (China) (En,Ja) (Pirate)",China
00000000-00,Gemesis (World),World
00000000-00,Gemesis (World) (v1.1),World
T-76036-10,Gemfire (USA),USA
00000000-00,Gen Poker (World),World
T-50626-00,"General Chaos (USA, Europe)",USA
T-106253-00,General Chaos Daikonsen (Japan),Japan
T-48326-00,"Generations Lost (USA, Europe)",USA
00000000-00,Genesis Clicker (World),World
T-76066-00,Genghis Khan II - Clan of the Gray Wolf (USA),USA
00000000-00,Gensou Senki Kokou no Ryuu - Crying Dragon (Japan) (Proto),Japan
T-081116-00,George Foreman's KO Boxing (Europe),Europe
T-081116-00,George Foreman's KO Boxing (USA),USA
00004030-00,"Ghostbusters (Japan) (En,Ja)",Japan
00004030-01,"Ghostbusters (USA, Europe) (En,Ja)",USA
00004030-01,"Ghostbusters (USA, Europe) (En,Ja) (Beta)",USA
00004013-01,"Ghouls'n Ghosts (Japan, USA) (En,Ja)",Japan
00004013-02,"Ghouls'n Ghosts (World) (En,Ja) (Rev A)",World
00004013-01,"Ghouls'n Ghosts (World) (En,Ja) (Rev A) (Sega Channel)",World
T-70066-00,Global Gladiators (Europe),Europe
00000000-00,Gluf (World) (Evercade),World
00000000-00,Gluf (World) (Itch.io),World
00000000-00,Gnome Runner (World),World
00000000-00,Gnome Runner (World) (v1.0.1),World
4533,Go Net (Japan),Japan
00000000-00,Go to Terry House (World) (v1.1),World
00000000-00,Goblin Coffee Break (World) (v1.0.0),World
00000000-00,Goblin Coffee Break (World) (v1.0.1),World
T-119036-50,Gods (Europe),Europe
T-85013-00,Gods (Japan),Japan
T87016-00,Gods (USA),USA
T87016-00,Gods (USA) (Beta),USA
ANDYG010-00,Gold Rush (World),World
00054018-02,Golden Axe (USA) (Rev B) (Sega Smash Pack),USA
00054018-00,Golden Axe (World),World
00054018-00,Golden Axe (World) (Beta),World
00054018-01,Golden Axe (World) (Rev A),World
00054018-00,Golden Axe (World) (Rev A) (Beta),World
00001122-00,Golden Axe II (World),World
00004093-00,Golden Axe III (Europe) (Virtual Console),Europe
00004093-00,Golden Axe III (Japan) (En),Japan
00000000-00,Golfanalia (World),World
00000000-00,Golfanalia (World) (v1.0.1),World
00000000-00,Golfanalia (World) (v1.1.0),World
00000000-00,Golfanalia (World) (v1.1.1),World
00000000-00,Golfanalia (World) (v1.2.0),World
00000000-00,Golfanalia 2 (World),World
00000000-00,Golfanalia 2 (World) (Beta),World
T-86066-00,Goofy's Hysterical History Tour (USA),USA
T-144013-00,Gouketsuji Ichizoku (Japan),Japan
T-32023-00,"Granada (Japan, USA) (En)",Japan
T-32023-01,"Granada (Japan, USA) (En) (Rev A)",Japan
T-32023-01,"Granada (Japan, USA) (En) (Rev A) (Beta)",Japan
T-32023-01,Granada (World) (Evercade),World
T-49133-00,GrandSlam - The Tennis Tournament '92 (Japan),Japan
MK-1217-00,GrandSlam - The Tennis Tournament (Europe),Europe
00000007-RS,Gravibots (World),World
00000007-RS,Gravibots (World) (dmaSafe),World
T-12063-00,Great Circus Mystery - Mickey to Minnie Magical Adventure 2 (Japan),Japan
T-12076-00,"Great Circus Mystery Starring Mickey & Minnie, The (USA)",USA
00000001-00,"Great Waldo Search, The (USA)",USA
MK-1228-00,Greatest Heavyweights (Europe),Europe
G-5538-00,Greatest Heavyweights (Japan) (En),Japan
MK-1228-00,Greatest Heavyweights (USA),USA
MK-1035-00,"Greendog - The Beached Surfer Dude! (USA, Europe)",USA
001-v0,"Griel's Quest (World) (En,Fr,Es,It,Pt-BR,Fi,Ca,Gl)",World
T-048256-00,Grind Stormer (USA),USA
T-11076-00,Growl (USA),USA
T-11076-00,Growl (USA) (Beta),USA
00000000-00,Grubbin (World),World
00000000-00,Guerra dos Monstros (Brazil) (Mega Drive 4),Brazil
20200630-01,GunSlugs (World) (Beta 3),World
20200630-01,GunSlugs (World) (Beta 4),World
20200630-01,GunSlugs (World) (Beta 5),World
T-79086-50,Gunship (Europe),Europe
08213050-00,Gunslinger (World),World
08213050-00,Gunslinger (World) (PAL),World
MK-01077-00,Gunstar Heroes (Europe),Europe
G-004103-00,Gunstar Heroes (Japan),Japan
00001105-03,Gunstar Heroes (Japan) (Beta),Japan
MK-01077-00,Gunstar Heroes (USA),USA
MK-1030-00,Gynoug (Europe),Europe
T-25093-00,Gynoug (Japan) (En),Japan
T-25093-00,Gynoug (World) (Ratalaika Games),World
T-14083-00,Haidi Liang Wanli (Lanbaoshi Zhi Mi) (China) (Pirate),China
T-76136-00,Hangkong Baye II (China) (Pirate),China
T-48026-00,Hard Drivin' (World),World
T-119086-00,"HardBall '94 (USA, Europe)",USA
T-119176-00,HardBall '95 (USA),USA
ACLD003-00,"HardBall! (USA, Europe)",USA
T-50616-00,"Haunting Starring Polterguy (USA, Europe)",USA
T-50616-00,"Haunting Starring Polterguy (USA, Europe) (Beta)",USA
T-120056-00,Havoc (Europe),Europe
49117272-00,Hayato's Journey (World),World
T-79196,Head-On Soccer (USA),USA
T-22053-00,Heavy Nova (USA),USA
T-27013-00,Heavy Unit - Mega Drive Special (Japan) (En),Japan
MK-1137-00,Hellfire (Europe),Europe
T-25073-00,Hellfire (Japan) (En),Japan
T-35036-00,Hellfire (USA),USA
T-35036-00,Hellfire (USA) (Beta),USA
20200630-01,Heroes of Loot (World) (RC1),World
T-18023-00,Herzog Zwei (Japan),Japan
MK-1400-00,"Herzog Zwei (USA, Europe)",USA
T-999999-00,Hex Sweeper (World),World
WUFS0001-01,Hexaduel (World) (Proto),World
TECTOY-2005-01,Hexagonos (Brazil) (Mega Drive 4),Brazil
MK-0000-00,Hide the Baby (World) (v1.1),World
T-13076-00,"High Seas Havoc (USA) (En,Ja)",USA
00000000-00,"High Seas Havoc (USA) (En,Ja) (Beta)",USA
T-11096-00,Hit the Ice - VHL - The Official Video Hockey League (USA),USA
00004012-00,Hokuto no Ken - Shin Seikimatsu Kyuuseishu Densetsu (Japan),Japan
MK-1046-00,"Home Alone (USA, Europe)",USA
XXXXXXX-00,"Home Alone (USA, Europe) (Beta)",USA
MK-1536-00,Home Alone 2 - Lost in New York (USA),USA
MK-1536-00,Home Alone 2 - Lost in New York (USA) (Sega Channel),USA
00000000-00,Honey Soldier MD (World),World
00004076-00,Honoo no Toukyuuji - Dodge Danpei (Japan),Japan
T-93026-50,Hook (Europe),Europe
T-93026-01,Hook (USA),USA
T-119186-00,Hoops Shut Up and Jam 2 (World) (Evercade),World
T-119066-00,Hoops Shut Up and Jam! (World) (Evercade),World
00000000-00,Hover Tank X-Treme (World) (Proto),World
T-76063-10,Huangshi Xue Yi (China) (Pirate),China
T-83046-00,"Humans, The (USA)",USA
00000000-00,"Hunter Girls (World) (En,Fr,De,Es,It,Pt-BR,Pl,Ru,Uz) (Digital)",World
MK-01077-00,Huoqiang Yingxiong (China) (Pirate),China
T-079136-00,Hurricanes (Europe),Europe
G-5541-00,"Hybrid Front, The (Japan)",Japan
00001022-00,"Hybrid Front, The (Japan) (Beta)",Japan
G-4075-00,Hyokkori Hyoutan-jima - Daitouryou wo Mezase! (Japan),Japan
T-95126-00,Hyper Dunk (Europe),Europe
T-95083-00,Hyper Dunk - The Playoff Edition (Japan) (En),Japan
T-95096-00,Hyper Dunk - The Playoff Edition (Japan) (En) (Beta),Japan
00054503-00,Hyper Marbles (Japan) (Game no Kanzume Otokuyou),Japan
00054503-00,Hyper Marbles (Japan) (Sega Game Toshokan),Japan
00004042-00,I Love Mickey Mouse - Fushigi no Oshiro Daibouken (Japan),Japan
G-4080-00,I Love Mickey and Donald - Fushigi na Magic Box (Japan),Japan
G-4080-01,I Love Mickey and Donald - Fushigi na Magic Box (Japan) (Rev 1),Japan
00000000-00,IK+ Deluxe (World),World
T-50836-00,"IMG International Tour Tennis (USA, Europe)",USA
00054503-00,Ikasuze! Koi no Doki Doki Penguin Land MD (Japan) (Game no Kanzume Otokuyou),Japan
00054503-00,Ikasuze! Koi no Doki Doki Penguin Land MD (Japan) (Sega Game Toshokan),Japan
T-50186-00,"Immortal, The (USA, Europe)",USA
T-50186-00,"Immortal, The (World) (Evercade)",World
T-50186-00,"Immortal, The (World) (QUByte Classics)",World
00000000-00,ImpossibleTicTacToe (World) (Proto),World
T-081246-00,"Incredible Crash Dummies, The (USA, Europe)",USA
????????-??,"Incredible Crash Dummies, The (USA, Europe) (Beta)",USA
T-79106-00,"Incredible Hulk, The (USA, Europe)",USA
T-79046-50,Indiana Jones and the Last Crusade (Europe),Europe
T-79046-00,Indiana Jones and the Last Crusade (USA),USA
00000000-00,Inkventure (World),World
T-28023-00,"Insector X (Japan, Korea) (En)",Japan
T-28026-00,Insector X (USA),USA
MK-1048-00,Instruments of Chaos Starring Young Indiana Jones (USA),USA
XXXXXXX-00,Instruments of Chaos Starring Young Indiana Jones (USA) (Beta 1),USA
MK-1048-00,Instruments of Chaos Starring Young Indiana Jones (USA) (Beta 2),USA
MK-1048-00,Instruments of Chaos Starring Young Indiana Jones (USA) (Beta 3),USA
MK-1048-00,Instruments of Chaos Starring Young Indiana Jones (USA) (Beta 4),USA
MK-1048-00,Instruments of Chaos Starring Young Indiana Jones (USA) (Beta 5),USA
MK-1048-00,Instruments of Chaos Starring Young Indiana Jones (USA) (Beta 6),USA
MK-1048-00,Instruments of Chaos Starring Young Indiana Jones (USA) (Beta 7),USA
MK-1048-00,Instruments of Chaos Starring Young Indiana Jones (USA) (Beta 8),USA
MK-1048-00,Instruments of Chaos Starring Young Indiana Jones (USA) (Beta 9),USA
T-88056-50,International Rugby (Europe),Europe
T-93146-00,"International Sensible Soccer (Europe) (En,Fr,De,It)",Europe
T-95196-50,"International Superstar Soccer Deluxe (Europe, Brazil) (En)",Europe
0200309-18,Iraq War 2003 (China) (En),China
0200311-11,Iraq War 2003 (Russia),Russia
00000000-00,Irena - Genesis Metal Fury (World) (Demo 1),World
00000000-00,Irena - Genesis Metal Fury (World) (Demo 2),World
00000000-00,Irena - Genesis Metal Fury (World) (Demo 3),World
00000000-00,Irena - Genesis Metal Fury (World) (Demo 4),World
00000000-00,Irena - Genesis Metal Fury (World) (Demo 5),World
00000000-00,Irena - Genesis Metal Fury (World) (Demo 6),World
00000000-00,Irmaos Aratu (World) (Pt-BR),World
MK-1830-00,Iron Hammer (USA) (Sega Channel),USA
00000000-00,Iron Man (Russia),Russia
00000000-00,Iron Man (World),World
00000000-00,Iron Man (World) (v1.01),World
00000000-00,Iso Shooter (World),World
T-XXXXX-XX,It Came from the Desert (USA) (Proto),USA
T-081286-00,"Itchy & Scratchy Game, The (USA) (Proto)",USA
00000000-00,Ivanhoe (World) (Proto),World
00000000-00,Ixion (World) (Proto),World
T-79156-00,"Izzy's Quest for the Olympic Rings (USA, Europe)",USA
T-105013-00,J. League Champion Soccer (Japan),Japan
00005518-00,J. League Pro Striker (Japan),Japan
00005518-03,J. League Pro Striker (Japan) (Rev A),Japan
G-5540-00,J. League Pro Striker 2 (Japan),Japan
00005532-00,J. League Pro Striker Perfect (Japan),Japan
T-119016-00,"Jack Nicklaus' Power Challenge Golf (USA, Europe)",USA
MK-1204-00,"James 'Buster' Douglas Knockout Boxing (USA, Europe)",USA
T-088016-00,James Bond 007 - The Duel (Europe),Europe
T-048156-00,James Bond 007 - The Duel (USA),USA
T-50126-01,"James Pond - Underwater Agent (USA, Europe)",USA
T-50646-00,"James Pond 3 (USA, Europe)",USA
T-106123-00,"James Pond II (Japan, Korea) (Ja)",Japan
T-50296-00,"James Pond II - Codename - Robocod (USA, Europe)",USA
T-70296-00,Jammit (USA),USA
G-4096-00,Janou Touryuumon (Japan),Japan
T-49033-01,Jantei Monogatari (Japan),Japan
T-50466-01,"Jashin Draxos (Japan, Korea) (En)",Japan
00000000-00,Jelly Boy (Europe) (Proto),Europe
T-49226-00,Jennifer Capriati Tennis (USA),USA
T-83026-00,Jeopardy! (USA),USA
T-83116-00,Jeopardy! - Deluxe Edition (USA),USA
T-83126-00,Jeopardy! - Sports Edition (USA),USA
T-56056-00,Jerry Glanville's Pigskin Footbrawl (USA),USA
T-34036-00,Jesse 'The Body' Ventura - Wrestling Superstars (USA) (Proto),USA
G-4047-00,Jewel Master (Japan) (En),Japan
MK-1025-00,"Jewel Master (USA, Europe)",USA
T-24083-00,Jim Power - The Arcade Game (USA) (Proto),USA
T-107036-00,Jim Power - The Lost Dimension in 3D (World),World
00101FFC-23,Jimmy The Fruit Catcher (World) (v1.01),World
T-70206-00,Jimmy White's Whirlwind Snooker (Europe),Europe
T-103036-00,Joe & Mac (USA),USA
MK-1205-00,Joe Montana Football (World),World
MK-1209-00,Joe Montana II - Sports Talk Football (World),World
MK-1209-01,Joe Montana II - Sports Talk Football (World) (Rev A),World
T-50316-00,"John Madden Football '92 (USA, Europe)",USA
T-50446-00,"John Madden Football '93 (USA, Europe)",USA
T-50446-01,"John Madden Football '93 (USA, Europe) (Rev 1)",USA
T-50016-00,"John Madden Football (USA, Europe)",USA
T-50056-00,"John Madden Football (USA, Europe) (Sega Channel)",USA
T-50516-00,John Madden Football - Championship Edition (USA),USA
T-50316-00,John Madden Football - Pro Football (Japan) (En),Japan
T-50346-0,"Jordan vs Bird (USA, Europe)",USA
T-50346-1,"Jordan vs Bird (USA, Europe) (Rev 1)",USA
T-106223-00,Jordan vs Bird - One on One (Japan),Japan
T-79036,Journey from Darkness - Strider Returns (USA),USA
00000000-25,"Journey to Oblivion (World) (En,Pt) (Demo 1)",World
00000000-25,"Journey to Oblivion (World) (En,Pt) (Demo 2)",World
MK-1127-00,JuJu Densetsu (Japan) (En),Japan
T-81306-00,Judge Dredd (World),World
XXXXXXXX-XX,Judge Dredd (World) (Beta),World
T-22023-00,"Junction (Japan, USA) (En)",Japan
T-70176-00,"Jungle Book, The (Europe)",Europe
T-70176-00,"Jungle Book, The (Europe) (Beta)",Europe
T-70176-00,"Jungle Book, The (USA)",USA
T-50576-00,"Jungle Strike (USA, Europe)",USA
T-XXXXX-XX,"Jungle Strike (USA, Europe) (Beta)",USA
T-106203-00,Jungle Strike - Uketsugareta Kyouki (Japan),Japan
T-101016-00,Junker's High (Japan) (En) (Beta 1),Japan
00000000-00,Junte 4 (Brazil) (Mega Drive 4),Brazil
MK-1056-00,Jurassic Park (Europe),Europe
MK-1056-00,Jurassic Park (Europe) (Sega Channel),Europe
MK-1056-00,Jurassic Park (Japan) (En),Japan
MK-1056-00,Jurassic Park (USA),USA
MK-1056-00,Jurassic Park (USA) (Beta),USA
MK-1056-00,Jurassic Park (USA) (Sega Channel),USA
MK-1557-00,"Jurassic Park - Rampage Edition (USA, Europe)",USA
xx-xxxx-xx,"Jurassic Park - Rampage Edition (USA, Europe) (Beta 1)",USA
xx-xxxx-xx,"Jurassic Park - Rampage Edition (USA, Europe) (Beta 2)",USA
xx-xxxx-xx,"Jurassic Park - Rampage Edition (USA, Europe) (Beta 3)",USA
MK-1557-00,"Jurassic Park - Rampage Edition (USA, Europe) (Beta 4)",USA
MK-1557-00,"Jurassic Park - Rampage Edition (USA, Europe) (Beta 5)",USA
MK-1557-00,"Jurassic Park - Rampage Edition (USA, Europe) (Beta 6)",USA
MK-1557-00,"Jurassic Park - Rampage Edition (USA, Europe) (Beta 7)",USA
MK-1557-00,"Jurassic Park - Rampage Edition (USA, Europe) (Beta 8)",USA
MK-1557-00,"Jurassic Park - Rampage Edition (USA, Europe) (Beta 9)",USA
00000000-00,Jurl (World),World
T-81456-00,Justice League Task Force (World),World
00054002-00,Juuouki (Japan) (En),Japan
T-25013-00,Juusou Kihei Leynos (Japan),Japan
T-25013-00,Juusou Kihei Leynos (Japan) (Switch Online),Japan
T-25013-00,Juusou Kihei Leynos (Japan) (Virtual Console),Japan
T-47026-00,Ka-Ge-Ki (Japan),Japan
T-47026-00,Ka-Ge-Ki - Fists of Steel (USA),USA
T-48356-00,"Kawasaki Superbike Challenge (USA, Europe)",USA
T-000000-00,"Kawasaki Superbike Challenge (USA, Europe) (Beta)",USA
T-49143-00,"Kick Boxing, The (Japan, Korea) (En)",Japan
XXXXXXXX-01,Kick Off 3 - European Challenge (Europe) (Beta 1) (Menu),Europe
XXXXXXXX-01,Kick Off 3 - European Challenge (Europe) (Beta 1) (Menu) (Alt),Europe
XXXXXXXX-01,Kick Off 3 - European Challenge (Europe) (Beta 1) (Players),Europe
T-150016-00,Kick Off 3 - European Challenge (Europe) (Beta 2),Europe
T-23086-50,"Kick Off 3 - European Challenge (Europe) (En,Fr,De,Es,It)",Europe
MK-1010-00,"Kid Chameleon (USA, Europe)",USA
MK-1010-00,"Kid Chameleon (USA, Europe) (Beta)",USA
T-16013-00,Kidou Keisatsu Patlabor - 98-Shiki Kidou Seyo! (Japan),Japan
T-106213-00,"Killing Game Show, The (Japan) (En)",Japan
00000000-00,King & Balloon MD (World),World
T-28053-00,King Salmon (Japan),Japan
T-23026-00,King Salmon - The Big Catch (USA),USA
MK-1086-50,King of the Monsters (Europe),Europe
G-4104-00,King of the Monsters (Japan),Japan
T-103026-00,King of the Monsters (USA),USA
T-103056-00,King of the Monsters 2 (USA),USA
T-50136-01,"King's Bounty - The Conqueror's Quest (USA, Europe)",USA
00000000-00,Kingdom Euphoria (World),World
T-46033-00,Kishi Densetsu (Japan),Japan
00054503-00,Kiss Shot (Japan) (Sega Game Toshokan),Japan
T-14063-00,Klax (Japan) (Namco),Japan
T-48016-00,"Klax (USA, Europe) (Tengen)",USA
T-48016-00,"Klax (USA, Europe) (Tengen) (Beta)",USA
54320669-00,"Klirk, The (World)",World
54320669-00,"Klirk, The (World) (PAL)",World
T-148166-00,Klondike (USA) (Sega Channel),USA
MK-0000-00,Knights & Demons (World),World
00000000-00,Kolobok - Pyramid (Russia),Russia
00004017-00,Kongque Wang 2 - Huanying Cheng (China) (Pirate),China
T-28033-00,Koutetsu Teikoku (Japan),Japan
T-081036-00,"Krusty's Super Fun House (USA, Europe)",USA
T-081036-01,"Krusty's Super Fun House (USA, Europe) (Rev A)",USA
00004017-00,Kujaku Ou 2 - Geneijou (Japan),Japan
00000000-00,Kunio no Nekketsu - School Fighters (World) (Beta 1),World
00000000-00,"Kunio no Nekketsu - School Fighters (World) (En,Ja) (v1.7)",World
00000000-00,Kunio no Nekketsu - School Fighters (World) (Ja) (Beta 2),World
00000000-00,Kunio no Nekketsu - School Fighters (World) (v1.5),World
00000000-00,Kunio no Nekketsu - School Fighters (World) (v1.6),World
T-49043-00,Kuuga - Operation Code 'Vapor Trail' (Japan),Japan
T-14103-00,Kyuukai Douchuuki (Japan),Japan
T-14103-00,Kyuukai Douchuuki (Japan) (Rev 1) (Beta) (Sega Channel),Japan
T-24033-00,Kyuukyoku Tiger (Japan) (En),Japan
T-106153-00,LHX Attack Chopper (Japan),Japan
T-50416-00,"LHX Attack Chopper (USA, Europe)",USA
T-50846-00,"La Russa Baseball 95 (USA, Australia)",USA
00000000-00,"Ladder's Room (World) (En,Ja)",World
T-50046-00,"Lakers versus Celtics and the NBA Playoffs (USA, Europe)",USA
T-50046-00,"Lakers versus Celtics and the NBA Playoffs (USA, Europe) (Beta)",USA
MK-1353-00,Landstalker (USA),USA
MK-1353,Landstalker (USA) (Beta),USA
MK-1353-00,Landstalker (USA) (Genesis Mini),USA
MK-1353-00,Landstalker (USA) (Sega Channel),USA
MK-1353-00,Landstalker - Die Schatze von Konig Nolo (Germany),Germany
MK-1353-00,Landstalker - Die Schatze von Konig Nolo (Germany) (Mega Drive Mini),Germany
00005517-005,Landstalker - Koutei no Zaihou (Japan),Japan
00005517-00,Landstalker - Koutei no Zaihou (Japan) (Mega Drive Mini),Japan
MK-1353-00,Landstalker - Le Tresor du Roi Nole (France),France
MK-1353-00,Landstalker - Le Tresor du Roi Nole (France) (Mega Drive Mini),France
MK-1353-00,Landstalker - The Treasures of King Nole (Europe),Europe
MK-1353-00,Landstalker - The Treasures of King Nole (Europe) (Mega Drive Mini),Europe
T-25103-00,Langrisser (Japan),Japan
T-025143-00,Langrisser II (Japan),Japan
T-025143-01,Langrisser II (Japan) (Rev A),Japan
T-025143-02,Langrisser II (Japan) (Rev B),Japan
T-93066-00,Last Action Hero (USA),USA
00004012-00,"Last Battle (USA, Europe, Korea) (En)",USA
00000000-00,"Last Defense (World) (En,Es)",World
00000000-00,"Last Defense 2 (World) (En,Es)",World
T-48336-00,"Lawnmower Man, The (USA, Europe)",USA
12345678-00,"Lawnmower Man, The (USA, Europe) (Beta)",USA
00000000-00,Left Right Up Down You and Me (World),World
T-50406-01,"Legend of Galahad, The (USA, Europe)",USA
SF-002,"Legend of Wukong (USA, Europe) (Super Fighter Team)",USA
MK-1354-00,"Legende de Thor, La (France)",France
MK-1354-00,"Legende de Thor, La (France) (Mega Drive Mini)",France
00000000-00,Lego Batman (Russia),Russia
00000000-00,Lego Pirates of the Caribbean (Russia),Russia
MK-1704-00,Lemmings (Europe),Europe
T-15063-01,"Lemmings (Japan, Korea) (En)",Japan
T-15063-00,Lemmings (USA),USA
T-113036-00,Lemmings 2 - The Tribes (Europe),Europe
T-113036-00,Lemmings 2 - The Tribes (USA),USA
T-95096-00,Lethal Enforcers (Europe),Europe
T-95073-00,Lethal Enforcers (Japan) (En),Japan
T-95096-00,Lethal Enforcers (USA),USA
T-95096-FF,Lethal Enforcers (USA) (Beta),USA
T-95136-00,Lethal Enforcers II - Gun Fighters (Europe),Europe
T-95136-00,Lethal Enforcers II - Gun Fighters (USA),USA
T-76106-00,Liberty or Death (USA),USA
MK-01187-00,"Light Crusader (Europe) (En,Fr,De,Es)",Europe
MK-01187-00,"Light Crusader (Europe) (En,Ja,Fr,De,Es) (Mega Drive Mini)",Europe
G-005545-00,"Light Crusader (Japan) (En,Ja)",Japan
G-005545-00,"Light Crusader (Japan) (En,Ja) (Mega Drive Mini)",Japan
G-005545-00,"Light Crusader (Korea) (En,Ko)",Korea
MK-01187-00,Light Crusader (USA),USA
G-????,Light Crusader (USA) (Beta 1),USA
MK-01187-00,Light Crusader (USA) (Beta 2),USA
MK-01187-00,Light Crusader (USA) (Genesis Mini),USA
MK-1143,Lightening Force - Quest for the Darkstar (USA),USA
T-18063-00,Lightening Force - Quest for the Darkstar (USA) (Sega Ages),USA
T-70316-00,"Lion King, The (World)",World
T-70316-00,"Lion King, The (World) (Beta)",World
T-70316-00,"Lion King, The (World) (Disney Classic Games)",World
T-83126-00,Lobo (USA) (Proto),USA
T-83126-00,Lobo (USA) (Proto) (Alt),USA
00000000-00,Lock and Toad (World),World
G-005534-00,Lord Monarch - Tokoton Sentou Densetsu (Japan),Japan
T-70226-50,"Lost Vikings, The (Europe) (En,Fr,De)",Europe
T-.oOOo.,"Lost Vikings, The (Europe) (En,Fr,De) (Beta)",Europe
T-125016-00,"Lost Vikings, The (USA)",USA
T-119216-00,"Lost Vikings, The (USA) (Rev 1)",USA
MK-1846-00,"Lost World, The - Jurassic Park (USA, Europe)",USA
T-50746-00,"Lotus II (USA, Europe)",USA
?-?????-??,"Lotus II (USA, Europe) (Beta)",USA
T-50476-03,"Lotus Turbo Challenge (USA, Europe)",USA
T000000-00,Lufia & The Fortress of Doom (USA) (Proto),USA
00000000-00,Lunch Break (World),World
00000000-00,Lyle in Cube Sector (World) (v1.01),World
MK-1402-01,"M-1 Abrams Battle Tank (USA, Europe)",USA
MK-4407-00,MD Sonic The Hedgehog (World),World
T-50816-00,MLBPA Baseball (USA),USA
T-35046-00,MUSHA - Metallic Uniframe Super Hybrid Armor (USA),USA
T-35046-00,"MUSHA - Metallic Uniframe Super Hybrid Armor (USA, Europe) (Switch Online)",USA
MDMFF-BK-05,Mad Stalker - Full Metal Forth (Japan) (En) (Columbus Circle),Japan
00000000-06,"Mad Stalker - Full Metal Forth (USA, Europe) (Strictly Limited Games)",USA
T-50676-00,"Madden NFL '94 (USA, Europe)",USA
T-50926-00,"Madden NFL 95 (USA, Europe)",USA
T-172076-00,"Madden NFL 96 (USA, Europe)",USA
T-172136-00,"Madden NFL 97 (USA, Europe)",USA
T-172196-00,Madden NFL 98 (USA),USA
T-66023-00,Madou Monogatari I (Japan),Japan
4024-00,Magic Bubble (Taiwan) (En),Taiwan
SF-008,"Magic Girl (USA, Europe) (Super Fighter Team)",USA
MK-1558-00,"Magic School Bus, The - Space Exploration Game (USA)",USA
MK-0000-00,"Magic School Bus, The - Space Exploration Game (USA) (Beta 1)",USA
MK-1558-00,"Magic School Bus, The - Space Exploration Game (USA) (Beta 10)",USA
MK-1558-00,"Magic School Bus, The - Space Exploration Game (USA) (Beta 11)",USA
MK-1558-00,"Magic School Bus, The - Space Exploration Game (USA) (Beta 12)",USA
MK-0000-00,"Magic School Bus, The - Space Exploration Game (USA) (Beta 2)",USA
MK-0000-00,"Magic School Bus, The - Space Exploration Game (USA) (Beta 3)",USA
MK-0000-00,"Magic School Bus, The - Space Exploration Game (USA) (Beta 4)",USA
MK-0000-00,"Magic School Bus, The - Space Exploration Game (USA) (Beta 5)",USA
MK-0000-00,"Magic School Bus, The - Space Exploration Game (USA) (Beta 6)",USA
MK-0000-00,"Magic School Bus, The - Space Exploration Game (USA) (Beta 7)",USA
MK-0000-00,"Magic School Bus, The - Space Exploration Game (USA) (Beta 8)",USA
MK-1558-00,"Magic School Bus, The - Space Exploration Game (USA) (Beta 9)",USA
G-4041-00,Magical Hat no Buttobi Turbo! Daibouken (Japan),Japan
G-4068-00,Magical Taruruuto-kun (Japan),Japan
G-4015-00,Mahjong Cop Ryuu - Shiro Ookami no Yabou (Japan),Japan
MDGM-0001-0001,Mahjong Qingren (Taiwan),Taiwan
00000000-00,Mai Nurse (World) (v1.02),World
T-25053-00,Mamono Hunter Youko - Dai 7 no Keishou (Japan),Japan
T-120076-50,Man Overboard! (Europe),Europe
00000000-00,Mansion of Sadness (World) (El),World
00000000-00,Mansion of Sadness (World) (En),World
T-11143-00,Maou Renjishi (Japan),Japan
T-48113-00,Marble Madness (Japan) (En),Japan
T-50306-00,"Marble Madness (USA, Europe)",USA
00000000-00,Mario 3 - Around the World (Russia),Russia
T-50806-00,"Mario Andretti Racing (USA, Europe)",USA
MK-1210-00,"Mario Lemieux Hockey (USA, Europe)",USA
T-88086-00,Marko (USA),USA
T-88086-00,"Marko's Magic Football (Europe) (En,Fr,De,Es)",Europe
T-XXXXX-00,"Marko's Magic Football (Europe) (En,Fr,De,Es) (Beta)",Europe
MK-1841-00,"Marsupilami (Europe) (En,Fr,De,Es,It)",Europe
MK-1841-00,"Marsupilami (USA) (En,Fr,De,Es,It)",USA
T-14093-01,Marvel Land (Japan),Japan
T-14046-00,Marvel Land (USA),USA
T-14093-01,Marvel Land (USA) (Beta),USA
T-93086-00,Mary Shelley's Frankenstein (USA),USA
T-63013-03,Master of Monsters (Japan),Japan
T-63013-00,Master of Monsters (Japan) (Beta),Japan
T-63013-03,Master of Monsters (USA),USA
T-11063-00,Master of Weapon (Japan) (En),Japan
T-46023-00,Maten no Soumetsu (Japan),Japan
T-152016-00,Math Blaster - Episode 1 (USA),USA
G-4078-00,Mazin Saga (Asia) (En),Asia
G-4078-00,"Mazin Saga (Japan, Korea) (Ja)",Japan
T-23036-00,Mazin Saga - Mutant Fighter (USA),USA
MK-1069-00,Mazin Wars (Europe),Europe
MK-01067-00,McDonald's Treasure Land Adventure (Europe),Europe
G-004102-00,McDonald's Treasure Land Adventure (Japan),Japan
00001105-03,"McDonald's Treasure Land Adventure (Japan) (En,Ja) (Beta)",Japan
MK-1067-00,McDonald's Treasure Land Adventure (USA),USA
00054503-00,Medal City (Japan) (Sega Game Toshokan),Japan
MK-1195,Mega 6 Vol. 3 (Europe),Europe
00000000-00,Mega Ataxx (World),World
MK-1573-00,"Mega Bomberman (Europe, Korea) (En)",Europe
MK-1573-00,Mega Bomberman (USA),USA
MK-0000-00,"Mega Casanova (World) (En,Ru) (v1.3) (Digital)",World
MK-0000-00,"Mega Casanova 2 (World) (En,De,Ru) (Digital)",World
MK-0000-00,"Mega Casanova 3 (World) (En,De,Ru) (Digital)",World
MK-0000-00,"Mega Cheril Perils (World) (En,Es)",World
MK-0000-00,Mega Flappy Sis (World),World
MK-1707-50,Mega Games 2 (Europe),Europe
MK-1708-50,"Mega Games 3 (Europe, Asia) (En)",Europe
MK-1188,Mega Games 6 (Europe),Europe
MK-1189,Mega Games 6 Vol. 2 (Europe),Europe
00000000-00,"Mega Games I (USA, Europe)",USA
T-12046-00,Mega Man - The Wily Wars (Europe),Europe
T-12053-00,Mega Man - The Wily Wars (USA) (Genesis Mini),USA
T-12053-00,Mega Man - The Wily Wars (World) (Retro-Bit),World
00000000-01,Mega Man X (World) (ROM 2) (Demo 1),World
00000000-01,Mega Man X (World) (ROM 2) (Demo 2),World
XXXXXXXX-XX,Mega Mindtris (World),World
XXXXXXXX-XX,Mega Mindtris (World) (v1.2),World
00000000-00,Mega Pang (World) (Proto),World
00000000-00,Mega Platform Countdown (World),World
00000000-00,Mega Q-bert (World) (v1.2),World
00000000-00,Mega Q-bert (World) (v1.2) (PAL),World
19760107-01,Mega R-Type (World) (Demo 1),World
19760107-01,Mega R-Type (World) (Demo 2),World
T-48366-00,Mega SWIV (Europe),Europe
00000000-00,Mega Slow Mole (World) (Demo 3),World
00000000-00,Mega Slow Mole (World) (Demo 4),World
00000000-00,Mega Slow Mole (World) (Demo 5),World
T-93246-50,Mega Turrican (Europe),Europe
00000001-00,Mega Turrican (Japan) (En) (Proto),Japan
T-13086-00,Mega Turrican (USA),USA
T-13086-00,"Mega Turrican (USA, Europe) (Virtual Console)",USA
T-13086-00,"Mega Turrican - Director's Cut (USA, Europe)",USA
NEKO0000-00,Mega Xmas '89 (World),World
T-68053-00,Mega lo Mania (Japan),Japan
T-70056-00,Mega-lo-Mania (Europe),Europe
C-19921-01,Mega-lo-Mania (Europe) (Beta),Europe
T-70056-00,Mega-lo-Mania (France),France
T-70056-00,Mega-lo-Mania (World) (Evercade),World
00054503-00,MegaMind (Japan) (Sega Game Toshokan),Japan
T-14073-00,MegaPanel (Japan),Japan
68850514-00,MegaSurvivor (World),World
T-14113-00,MegaTrax (Japan) (En),Japan
00000000-00,Megapong (World) (v1.1),World
00000000-00,Megarunner (World),World
GAXE-001-00,Meka Grappler X (World),World
MK-1658-00,"Menacer - 6-Game Cartridge (USA, Europe)",USA
T-24046-00,Menghuan Moni Zhan (China) (Pirate),China
T-025143-01,Menghuan Moni Zhan 2 (China) (Pirate),China
5503-00,Menghuan Zhi Xing III (China) (Pirate),China
G-005534-00,Mengnake Huangzu - Zuizhong Zhandou Chuanshuo (China) (Pirate),China
00001119-00,"Mercs (World) (En,Ja)",World
86747378-00,Merry Xmas (World) (Proto),World
MK-0000-00,Metal Blast 2277 (World),World
T-60033-01,Metal Fangs (Japan),Japan
XXXXXXXX-XX,Metal Gear (World),World
XXXXXXXX-XX,Metal Gear (World) (v1.1),World
00000000-00,Metal Slug (World) (Proto),World
00000000-00,Metal Slug Warfare (World) (Demo 1),World
00000000-00,Metal Slug Warfare (World) (Demo 2),World
00000000-00,Metal Slug Warfare (World) (Demo 3),World
00000000-00,Metal Slug Warfare (World) (Demo 4),World
00000000-00,Metal Slug Warfare (World) (Demo 5),World
00004028-00,"Michael Jackson's Moonwalker (Japan, USA) (En)",Japan
00004017-00,"Michael Jackson's Moonwalker (Japan, USA) (En) (Beta)",Japan
00004028-01,Michael Jackson's Moonwalker (World) (Rev A),World
T-70066-00,Mick & Mack as the Global Gladiators (USA),USA
T-70066-00,Mick & Mack as the Global Gladiators (USA) (Beta),USA
T-93216-00,Mickey Mania (Europe),Europe
G-4131-00,Mickey Mania - The Timeless Adventures of Mickey Mouse (Japan),Japan
T-93156-00,Mickey Mania - The Timeless Adventures of Mickey Mouse (USA),USA
T-113016-50,Mickey Mania - The Timeless Adventures of Mickey Mouse (USA) (Beta 1),USA
T-113016-50,Mickey Mania - The Timeless Adventures of Mickey Mouse (USA) (Beta 2),USA
T112046-00,Mickey's Ultimate Challenge (USA),USA
00000000-00,Micro Machines (Europe),Europe
00000000-00,Micro Machines (Europe) (Rev 1),Europe
00000000-00,Micro Machines (Europe) (Rev 2),Europe
00000000-00,Micro Machines (USA) (Rev 1),USA
00000000-00,Micro Machines - Military (Europe) (Beta),Europe
00000000-00,Micro Machines - Military (Europe) (J-Cart),Europe
00000000-00,Micro Machines - Turbo Tournament 96 (Europe) (J-Cart),Europe
00000000-00,Micro Machines - Turbo Tournament 96 (Europe) (Rev 1) (J-Cart),Europe
T-120096-50,Micro Machines 2 - Turbo Tournament (Europe),Europe
T-120096-50,Micro Machines 2 - Turbo Tournament (Europe) (Beta 1),Europe
00000000-00,Micro Machines 2 - Turbo Tournament (Europe) (Beta 2),Europe
T-13043-00,Midnight Resistance (Japan),Japan
T-13016-00,Midnight Resistance (USA),USA
T-13016-00,Midnight Resistance (World) (Evercade),World
T-97126-50,Midway Presents Arcade's Greatest Hits (Europe),Europe
T-088026-00,"Mig-29 Fighter Pilot (Europe) (En,Fr,De,Es,It,Nl,Sv,Fi)",Europe
T-48133-00,Mig-29 Fighter Pilot (Japan),Japan
T-088026-00,Mig-29 Fighter Pilot (USA),USA
T-50166-01,"Might and Magic - Gates to Another World (USA, Europe)",USA
T-XXXXX-XX,Might and Magic III - Isles of Terra (USA) (Proto),USA
00000000-00,Mighty Mighty Missile (World),World
00000000-00,Mighty Mighty Missile (World) (Classic Gaming Expo 2004),World
MK-1570-00,Mighty Morphin Power Rangers (Europe),Europe
MK-1570-00,Mighty Morphin Power Rangers (Europe) (Beta),Europe
MK-1570-00,Mighty Morphin Power Rangers (USA),USA
T-xxxxx-xx,Mighty Morphin Power Rangers (USA) (Beta 1),USA
T-xxxxx-xx,Mighty Morphin Power Rangers (USA) (Beta 2),USA
MK-1570-00,Mighty Morphin Power Rangers (USA) (Beta 3),USA
MK-1570-00,Mighty Morphin Power Rangers (USA) (Beta 4),USA
MK-1570-00,Mighty Morphin Power Rangers (USA) (Beta 5),USA
MK-1578-00,Mighty Morphin Power Rangers - The Movie (Europe),Europe
MK-1578-00,Mighty Morphin Power Rangers - The Movie (USA),USA
T-133037-00,Mighty Morphin Power Rangers - The Movie (USA) (Beta 1),USA
MK-1578-00,Mighty Morphin Power Rangers - The Movie (USA) (Beta 2),USA
MK-1578-00,Mighty Morphin Power Rangers - The Movie (USA) (Beta 3),USA
MK-1578-00,Mighty Morphin Power Rangers - The Movie (USA) (Beta 4),USA
ACLD005-00,"Mike Ditka Power Football (USA, Europe)",USA
ACLD005-00,"Mike Ditka Power Football (USA, Europe) (Alt)",USA
00000000-43,Mikeyeldey - The Album (World),World
T-49073-00,Minato no Traysia (Japan),Japan
00000000-00,Miner Mole (World) (Proto),World
SIK-MINI-02,Miniplanets (World) (v1.2),World
SIK-MINI-03,Miniplanets (World) (v1.3),World
SIK-MINI-04,Miniplanets Remix (World),World
T-13106-00,Minnesota Fats - Pool Legend (USA),USA
T-87056-00,"Miracle Piano Teaching System, The (USA)",USA
RS333444-01,Misplaced (World) (En),World
RS333444-01,Misplaced (World) (Ru),World
00000000-00,Mission - Cleanup (World),World
T-380160-00,Mondu's Fight Palace (USA) (Beta),USA
T-89026-00,Monopoly (USA),USA
T-89026-00,Monopoly (USA) (Beta),USA
G-5519-00,Monster World IV (Japan),Japan
G-9999-00,"Monster World IV (USA, Europe) (En,Ja) (Virtual Console)",USA
G-9999-00,"Monster World IV (World) (En,Ja) (Genesis Mini, Mega Drive Mini)",World
T-81186-01,"Mortal Kombat (USA, Europe) (Rev A) (Beta)",USA
T-81186-00,Mortal Kombat (World),World
T-81536-50,Mortal Kombat 3 (Europe),Europe
T-097116-00,Mortal Kombat 3 (USA),USA
T-081346-00,Mortal Kombat II (World),World
00000000-00,Mosaico (Brazil) (Super Mega Drive 3),Brazil
00000000-00,Mountain Sports (USA) (Auto Demo),USA
T-164016-00,Mr. Nutz (Europe),Europe
00000001-00,Mr. Nutz - Hoppin' Mad (Europe) (Proto),Europe
00000000-00,Ms. Bell's Music Class (World) (En),World
T-48036-00,"Ms. Pac-Man (USA, Europe)",USA
T-49083-00,Mugen Senshi Valis (Japan),Japan
T-70096-00,Muhammad Ali Heavyweight Boxing (Europe),Europe
T-70056-00,Muhammad Ali Heavyweight Boxing (USA),USA
T-XXXXX-XX,Muhammad Ali Heavyweight Boxing (USA) (Beta 1),USA
T-XXXXX-XX,Muhammad Ali Heavyweight Boxing (USA) (Beta 2),USA
T-35013-00,Musha Aleste (Japan),Japan
T-35013-00,Musha Aleste (Japan) (Switch Online),Japan
T-106183-00,Mutant League Football (Japan),Japan
T-50566-00,"Mutant League Football (USA, Europe)",USA
T-50766-00,"Mutant League Hockey (USA, Europe)",USA
00000000-00,Mutuca (World) (Proto 1),World
00000000-00,Mutuca (World) (Pt) (Proto 2),World
00000005-00,Mysterious Adventures (World) (Proto),World
00001011-00,"Mystic Defender (USA, Europe) (En,Ja)",USA
00001011-00,"Mystic Defender (USA, Europe) (En,Ja) (Beta)",USA
00001011-01,"Mystic Defender (USA, Europe) (En,Ja) (Rev A)",USA
T-11143-00,Mystical Fighter (USA),USA
00000000-00,Mythdragon - A Dream of Hunting (World) (v1.6.0),World
MK-1221-00,NBA Action '94 (USA),USA
MK-1221-00,NBA Action '94 (USA) (Beta 1),USA
MK-1221-00,NBA Action '94 (USA) (Beta 2),USA
MK-1236-00,"NBA Action '95 Starring David Robinson (USA, Europe)",USA
0000000-70,"NBA Action '95 Starring David Robinson (USA, Europe) (Beta 1)",USA
MK-1236-00,"NBA Action '95 Starring David Robinson (USA, Europe) (Beta 10)",USA
0000000-92,"NBA Action '95 Starring David Robinson (USA, Europe) (Beta 11)",USA
0000000-99,"NBA Action '95 Starring David Robinson (USA, Europe) (Beta 12)",USA
0000000-a2,"NBA Action '95 Starring David Robinson (USA, Europe) (Beta 13)",USA
MK-1236-00,"NBA Action '95 Starring David Robinson (USA, Europe) (Beta 14)",USA
MK-1236-00,"NBA Action '95 Starring David Robinson (USA, Europe) (Beta 15)",USA
MK-1236-00,"NBA Action '95 Starring David Robinson (USA, Europe) (Beta 16)",USA
MK-1236-00,"NBA Action '95 Starring David Robinson (USA, Europe) (Beta 17)",USA
MK-1236-00,"NBA Action '95 Starring David Robinson (USA, Europe) (Beta 18)",USA
MK-1236-00,"NBA Action '95 Starring David Robinson (USA, Europe) (Beta 19)",USA
0000000-77,"NBA Action '95 Starring David Robinson (USA, Europe) (Beta 2)",USA
MK-1236-00,"NBA Action '95 Starring David Robinson (USA, Europe) (Beta 20)",USA
MK-1236-00,"NBA Action '95 Starring David Robinson (USA, Europe) (Beta 21)",USA
MK-1236-00,"NBA Action '95 Starring David Robinson (USA, Europe) (Beta 22)",USA
MK-1236-00,"NBA Action '95 Starring David Robinson (USA, Europe) (Beta 23)",USA
MK-1236-00,"NBA Action '95 Starring David Robinson (USA, Europe) (Beta 24)",USA
MK-1236-00,"NBA Action '95 Starring David Robinson (USA, Europe) (Beta 25)",USA
0000000-7a,"NBA Action '95 Starring David Robinson (USA, Europe) (Beta 3)",USA
0000000-7f,"NBA Action '95 Starring David Robinson (USA, Europe) (Beta 4)",USA
0000000-80,"NBA Action '95 Starring David Robinson (USA, Europe) (Beta 5)",USA
MK-1236-00,"NBA Action '95 Starring David Robinson (USA, Europe) (Beta 6)",USA
MK-1236-00,"NBA Action '95 Starring David Robinson (USA, Europe) (Beta 7)",USA
MK-1236-00,"NBA Action '95 Starring David Robinson (USA, Europe) (Beta 8)",USA
0000000-90,"NBA Action '95 Starring David Robinson (USA, Europe) (Beta 9)",USA
T-081126-00,"NBA All-Star Challenge (USA, Europe)",USA
T-97136-50,NBA Hang Time (Europe),Europe
T-97136-00,NBA Hang Time (USA),USA
T-81033-00,NBA Jam (Japan) (En),Japan
T-081326-00,"NBA Jam (USA, Europe)",USA
T-XXXXX-00,"NBA Jam (USA, Europe) (Beta)",USA
T-081326-01,"NBA Jam (USA, Europe) (Rev 1)",USA
T-81406-00,NBA Jam - Tournament Edition (World),World
T-50936-00,"NBA Live 95 (USA, Europe)",USA
T-172056-00,"NBA Live 96 (USA, Europe)",USA
T-172166-00,"NBA Live 97 (USA, Europe)",USA
T-172186-00,NBA Live 98 (USA),USA
T-50936-00,NBA Live Nong-gu 95 (Korea),Korea
T-106173-00,NBA Playoffs - Bulls vs Blazers (Japan),Japan
T--------00,NBA Pro Basketball '94 (Japan),Japan
T-106133-00,NBA Pro Basketball - Bulls vs Lakers and the NBA Playoffs (Japan),Japan
T-50756-00,"NBA Showdown '94 (USA, Europe)",USA
T-158016-00,NCAA Final Four Basketball (USA),USA
T-148066-00,NCAA Final Four Special Edition (USA) (Demo 1) (Sega Channel),USA
T-148066-00,NCAA Final Four Special Edition (USA) (Demo 2) (Sega Channel),USA
T-87106-00,NCAA Football (USA),USA
MK-1237-00,NFL '95 (USA),USA
T-00000-00,NFL '95 (USA) (Beta 1),USA
MK-1237-00,NFL '95 (USA) (Beta 10),USA
MK-1237-00,NFL '95 (USA) (Beta 11),USA
MK-1237-00,NFL '95 (USA) (Beta 12),USA
MK-1237-00,NFL '95 (USA) (Beta 13),USA
MK-1237-00,NFL '95 (USA) (Beta 14),USA
MK-1237-00,NFL '95 (USA) (Beta 15),USA
MK-1237-00,NFL '95 (USA) (Beta 16),USA
MK-1237-00,NFL '95 (USA) (Beta 17),USA
MK-1237-00,NFL '95 (USA) (Beta 18),USA
MK-1237-00,NFL '95 (USA) (Beta 19),USA
T-00000-00,NFL '95 (USA) (Beta 2),USA
MK-1237-00,NFL '95 (USA) (Beta 20),USA
MK-1237-00,NFL '95 (USA) (Beta 21),USA
T-00000-00,NFL '95 (USA) (Beta 3),USA
T-00000-00,NFL '95 (USA) (Beta 4),USA
T-00000-00,NFL '95 (USA) (Beta 5),USA
T-00000-00,NFL '95 (USA) (Beta 6),USA
T-00000-00,NFL '95 (USA) (Beta 7),USA
T-00000-00,NFL '95 (USA) (Beta 8),USA
MK-1237-00,NFL '95 (USA) (Beta 9),USA
MK-1243-00,NFL 98 (USA),USA
MK-1225-00,NFL Football '94 (Japan) (En),Japan
MK-1225-00,NFL Football '94 (Japan) (En) (Sega Channel),Japan
MK-1225-00,NFL Football '94 Starring Joe Montana (USA),USA
T-106263-00,NFL Pro Football '94 (Japan),Japan
T-081276-00,NFL Quarterback Club (World),World
T-081586-00,"NFL Quarterback Club 96 (USA, Europe)",USA
MK-1216-00,"NFL Sports Talk Football '93 Starring Joe Montana (USA, Europe)",USA
MK-1216-01,"NFL Sports Talk Football '93 Starring Joe Montana (USA, Europe) (Rev A)",USA
G-1D5511-00,NHK Taiga Drama - Taiheiki (Japan),Japan
T-50656-00,"NHL '94 (USA, Europe)",USA
T-50656-00,"NHL '94 (USA, Europe) (NHL 06)",USA
T-50856-00,"NHL 95 (USA, Europe)",USA
T-172036-00,"NHL 96 (USA, Europe)",USA
T-172146-03,"NHL 97 (USA, Europe)",USA
T-172176-00,NHL 98 (USA),USA
MK-1230-00,NHL All-Star Hockey 95 (USA),USA
XXXXXXXX-XX,NHL All-Star Hockey 95 (USA) (Beta 1),USA
MK-1230-00,NHL All-Star Hockey 95 (USA) (Beta 10),USA
MK-1230-00,NHL All-Star Hockey 95 (USA) (Beta 11),USA
MK-1230-00,NHL All-Star Hockey 95 (USA) (Beta 12),USA
MK-1230-00,NHL All-Star Hockey 95 (USA) (Beta 13),USA
MK-1230-00,NHL All-Star Hockey 95 (USA) (Beta 14),USA
MK-1230-00,NHL All-Star Hockey 95 (USA) (Beta 15),USA
MK-1230-00,NHL All-Star Hockey 95 (USA) (Beta 16),USA
XXXXXXXX-XX,NHL All-Star Hockey 95 (USA) (Beta 2),USA
XXXXXXXX-XX,NHL All-Star Hockey 95 (USA) (Beta 3),USA
XXXXXXXX-XX,NHL All-Star Hockey 95 (USA) (Beta 4),USA
XXXXXXXX-XX,NHL All-Star Hockey 95 (USA) (Beta 5),USA
MK-1230-00,NHL All-Star Hockey 95 (USA) (Beta 6),USA
MK-1230-00,NHL All-Star Hockey 95 (USA) (Beta 7),USA
MK-1230-00,NHL All-Star Hockey 95 (USA) (Beta 8),USA
MK-1230-00,NHL All-Star Hockey 95 (USA) (Beta 9),USA
T-50236-00,NHL Hockey (USA),USA
T-50236-00,NHL Hockey (USA) (Rev 1) (Beta),USA
T-122016-00,NHLPA Hockey (USA) (Proto) (HeartBeat Catalyst),USA
T-50396-00,"NHLPA Hockey 93 (USA, Europe)",USA
T-50396-01,"NHLPA Hockey 93 (USA, Europe) (Rev 1)",USA
T-50236-00,"NHLPA Hockey 93 (USA, Europe) (Rev 1) (Sample)",USA
T-50396-00,"NHLPA Hockey 93 (USA, Europe) (Rev 2)",USA
T-72023-00,Nakajima Satoru Kanshuu - F-1 Hero MD (Japan),Japan
T-72013-00,Nakajima Satoru Kanshuu - F1 Grand Prix (Japan),Japan
T-72033-00,Nakajima Satoru Kanshuu - F1 Super License (Japan),Japan
T-74033-00,Nekketsu Koukou Dodgeball-bu - Soccer Hen MD (Japan),Japan
G-5527-00,New 3D Golf Simulation - Devil's Course (Japan),Japan
T-114033-00,New 3D Golf Simulation - Harukanaru Augusta (Japan),Japan
G-5525-00,New 3D Golf Simulation - Pebble Beach no Hatou (Japan),Japan
G-5529-00,New 3D Golf Simulation - Waialae no Kiseki (Japan),Japan
T-76126-00,New Horizons (USA),USA
BT-104-00,New Super Mario Bros. + Tanchiki (Russia),Russia
00000000-00,New World Merchants (World),World
T-11013-00,"NewZealand Story, The (Japan) (En)",Japan
T-081366-00,Newman Haas IndyCar Featuring Nigel Mansell (World),World
99999999-99,Nick Faldo's Championship Golf (Europe) (Proto),Europe
T-95186-00,Nigel Mansell's World Championship Racing (Europe),Europe
T-83066-00,Nigel Mansell's World Championship Racing (USA),USA
00000000-00,NightVein (World) (Demo 1),World
00000000-00,NightVein (World) (Demo 2),World
00000000-00,NightVein (World) (Demo 3),World
MK-1575-00,Nightmare Circus (Brazil) (En),Brazil
T-000000-00,Nightmare Circus (Brazil) (En) (Beta 1),Brazil
MK-1575-00,Nightmare Circus (Brazil) (En) (Beta 2),Brazil
00000000-00,Nightmare Fuel (World) (Demo 1),World
G-4522-00,Nikkan Sports Pro Yakyuu VAN (Japan),Japan
G-4524-00,Ninja Burai Densetsu (Japan),Japan
00005502-00,Ninja Burai Densetsu (Japan) (Beta),Japan
00000000-00,Ninja Gaiden (Japan) (En) (Proto),Japan
T-113086-00,No Escape (USA),USA
T-76013-10,Nobunaga no Yabou - Bushou Fuuunroku (Japan),Japan
T-76153-00,Nobunaga no Yabou - Haouden (Japan),Japan
T-76133-00,Nobunaga no Yabou - Zenkoku Ban (Japan),Japan
T-76076-00,Nobunaga's Ambition (USA),USA
T-50786-00,"Normy's Beach Babe-O-Rama (USA, Europe)",USA
MK-1831-00,Nuclear Rush (USA) (Proto),USA
00000000-00,Numbloxx (World),World
MK-0000-00,Nyordax (World),World
T-19401J00,Nyuushi Chokuzen Check - Nanmon Kimon Kiki Kaikai (Japan) (Sega Channel),Japan
00000000-00,Ocean Beach Volley (World) (Proto),World
00000000-00,Odeio Carros (World),World
00000000-00,Oh Mummy Genesis (World),World
00000000-00,Old Towers (USA) (Piepacker),USA
00000000-00,Old Towers (World),World
00000000-00,Old Towers (World) (v1.1),World
76334511-12,Old Towers (World) (v1.2),World
T-79016-50,"Olympic Gold (Europe) (En,Fr,De,Es,It,Nl,Pt,Sv)",Europe
T-79016-00,"Olympic Gold (Japan, USA) (En,Fr,De,Es,It,Nl,Pt,Sv)",Japan
T-79016-00,"Olympic Gold (Japan, USA, Korea) (En,Fr,De,Es,It,Nl,Pt,Sv) (Rev A)",Japan
T-100116-50,Olympic Summer Games (Europe),Europe
T-100116-00,Olympic Summer Games (USA),USA
00000000-00,Omega Blast (World) (Ja),World
00001011-00,On Dal Jang Goon (Korea),Korea
ACLD004-00,"Onslaught (USA, Europe)",USA
MK-1572-50,"Ooze, The (Europe)",Europe
MK-1572-50,"Ooze, The (Europe) (Beta)",Europe
MK-1572-00,"Ooze, The (Japan, USA) (En)",Japan
MK-1572-00,"Ooze, The (USA) (Beta 1)",USA
MK-1572-00,"Ooze, The (USA) (Beta 2)",USA
MK-1572-00,"Ooze, The (USA) (Beta 3)",USA
MK-1572-00,"Ooze, The (USA) (Beta 4)",USA
MK-1572-00,"Ooze, The (USA) (Beta 5)",USA
MK-1572-00,"Ooze, The (USA) (Beta 6)",USA
T-76096-00,Operation Europe - Path to Victory 1939-45 (USA),USA
00000000-00,Or Maybe This Is the Perfect Life (World),World
00000000-00,Or Maybe This Is the Perfect Life - The Harry Fox Story (World),World
WUFSGRBL-00,Ordinary Gerbil (World),World
00004005-01,Osomatsu-kun Hachamecha Gekijou (Japan),Japan
MK1531-00,"Ottifants, The (Europe) (De) (Beta)",Europe
MK1531-00,"Ottifants, The (Europe) (En,Fr,De,Es,It)",Europe
T-70106-00,Out of This World (USA),USA
00000000-00,Out of This World (USA) (Beta),USA
????????-??,Out of the Vortex (USA) (Proto 1),USA
MK-1540-00,Out of the Vortex (USA) (Proto 2),USA
00004052-00,OutRun (Japan) (En),Japan
00004052-00,OutRun (USA) (Sega Smash Pack),USA
00004052-00,"OutRun (USA, Europe)",USA
MK-1118-50,OutRun 2019 (Europe),Europe
T-44033-00,OutRun 2019 (Japan) (En),Japan
MK-1118-00,OutRun 2019 (USA),USA
MK-1118-00,OutRun 2019 (USA) (Beta),USA
G-4119-00,OutRunners (Japan) (En),Japan
T-13096-00,OutRunners (USA),USA
T-13096-00,OutRunners (USA) (Sega Channel),USA
T-122026-00,Outback Joey (USA) (HeartBeat Catalyst),USA
T-87036-00,Outlander (USA),USA
T-87036-00,Outlander (USA) (Beta),USA
T-122036-00,Outworld 2375 A.D. (USA) (HeartBeat Catalyst),USA
TITAN002-XX,Overdrive 2 (World) (Revision 2017),World
00004014-00,Ozaki Naomichi no Super Masters (Japan),Japan
T-76056-00,P.T.O. - Pacific Theater of Operations (USA),USA
T-50796-00,"PGA European Tour (USA, Europe)",USA
T-172066-00,"PGA Tour 96 (USA, Europe)",USA
T-50086-01,"PGA Tour Golf (USA, Europe)",USA
T-50086-02,"PGA Tour Golf (USA, Europe) (Rev 1)",USA
T-106113-00,PGA Tour Golf II (Japan),Japan
T-50486-00,"PGA Tour Golf II (USA, Europe)",USA
T-50486-01,"PGA Tour Golf II (USA, Europe) (Rev 1)",USA
T-50946-00,"PGA Tour Golf III (USA, Europe)",USA
T-14116-00,Pac-Attack (USA),USA
T-14126-00,Pac-Man 2 - The New Adventures (USA),USA
T-48056-00,"Pac-Mania (USA, Europe)",USA
T-14116-00,Pac-Panic (Europe),Europe
T-73013-02,Pachinko Kuunyan (Japan),Japan
00054503-00,Paddle Fighter (Japan) (Game no Kanzume Otokuyou),Japan
00054503-00,Paddle Fighter (Japan) (Sega Game Toshokan),Japan
MK-1180-00,"Pagemaster, The (Europe)",Europe
T-161016-00,"Pagemaster, The (USA)",USA
T-161016-00,"Pagemaster, The (USA) (Beta)",USA
T-15103-00,Panorama Cotton (Japan),Japan
00000000-00,Panorama Cotton (Japan) (Beta),Japan
T-15XXX-00,Panorama Cotton (USA) (Strictly Limited Games),USA
XXXXXXXX-XX,Paperboy & RoadBlasters (USA) (Auto Demo),USA
T-48086-00,"Paperboy (Japan) (En,Ja)",Japan
T-48086-00,"Paperboy (USA, Europe)",USA
T-48086-00,"Paperboy (USA, Europe) (Beta)",USA
T-48176-00,"Paperboy 2 (USA, Europe)",USA
MK-0000-00,Papi Commando (World),World
MK-0000-00,Papi Commando Remix (World),World
MK-0000-00,Papi Commando Remix Deluxe (World),World
MK-0000-00,Papi Commando Remix Deluxe (World) (v1.1),World
00000000-00,Parachute (World) (Pt) (v1.1),World
00004107-00,Party Quiz Mega Q (Japan),Japan
20200630-01,Passing Breeze - An Arcade Adventure (World),World
MK-1201-00,Pat Riley Basketball (USA),USA
MK-1201-00,Pat Riley Basketball (USA) (Beta),USA
XXXXXXXX-XX,Payne Stewart Pro Golf (USA) (Proto 1),USA
XXXXXXXX-XX,Payne Stewart Pro Golf (USA) (Proto 2),USA
MK-1231-00,Pebble Beach Golf Links (Europe),Europe
MK-1231-00,Pebble Beach Golf Links (USA),USA
MK-1231-01,Pebble Beach Golf Links (USA) (Rev A) (Sega Channel),USA
00000000-00,Pedreiro Polar (Brazil) (Super Mega Drive 3),Brazil
T-119096-00,"Pele II - World Tournament Soccer (USA, Europe)",USA
T-119046-00,"Pele! (USA, Europe)",USA
ACLD???-00,"Pele! (USA, Europe) (Sample)",USA
00000000-00,Pense Bem (Brazil) (Mega Drive 4),Brazil
G-4133-00,Pepenga Pengo (Japan) (En),Japan
00000000-00,Perlin & Pinpin - The Robin Tower - Back to School (World) (Demo 1),World
00000000-00,Perlin & Pinpin - The Robin Tower - Back to School (World) (Demo 2),World
T-120066-03,Pete Sampras Tennis (Europe) (Rev 2) (MDSTEE13),Europe
00000000-00,"Pete Sampras Tennis (USA, Europe) (MDST6636) (J-Cart)",USA
00000000-00,"Pete Sampras Tennis (USA, Europe) (Rev 1) (MDST17FF) (J-Cart)",USA
G-5524-00,Phantasy Star - Sennenki no Owari ni (Japan),Japan
G-5524-00,Phantasy Star - Sennenki no Owari ni (Japan) (Mega Drive Mini),Japan
G-5524-00,Phantasy Star - Sennenki no Owari ni (Japan) (SEGA Classic Collection),Japan
00005501-01,Phantasy Star II (Brazil),Brazil
00005501-01,"Phantasy Star II (USA, Europe)",USA
00005501-01,"Phantasy Star II (USA, Europe) (Beta)",USA
00005501-02,"Phantasy Star II (USA, Europe) (Rev A)",USA
00005501-02,"Phantasy Star II (USA, Europe) (Rev A) (Mega Drive Mini 2, Genesis Mini 2)",USA
00005501-02,"Phantasy Star II (USA, Europe) (Rev A) (SEGA Classic Collection)",USA
00005501-02,"Phantasy Star II (USA, Europe) (Rev A) (Virtual Console)",USA
00054503-00,Phantasy Star II - Amia's Adventure (Japan) (Game no Kanzume Vol. 1),Japan
00054503-00,Phantasy Star II - Amia's Adventure (Japan) (Sega Game Toshokan),Japan
00054503-00,Phantasy Star II - Anne's Adventure (Japan) (Game no Kanzume Vol. 2),Japan
00054503-00,Phantasy Star II - Anne's Adventure (Japan) (Sega Game Toshokan),Japan
00054503-00,Phantasy Star II - Huey's Adventure (Japan) (Game no Kanzume Vol. 1),Japan
00054503-00,Phantasy Star II - Huey's Adventure (Japan) (Sega Game Toshokan),Japan
00005501-00,Phantasy Star II - Kaerazaru Toki no Owari ni (Japan),Japan
00005501-00,Phantasy Star II - Kaerazaru Toki no Owari ni (Japan) (Mega Drive Mini 2),Japan
00054503-00,Phantasy Star II - Kinds's Adventure (Japan) (Sega Game Toshokan),Japan
00054503-00,Phantasy Star II - Nei's Adventure (Japan) (Sega Game Toshokan),Japan
00054503-00,Phantasy Star II - Rudger's Adventure (Japan) (Sega Game Toshokan),Japan
00054503-00,Phantasy Star II - Shilka's Adventure (Japan) (Sega Game Toshokan),Japan
00054503-00,Phantasy Star II - Yushis's Adventure (Japan) (Sega Game Toshokan),Japan
MK-1303-00,Phantasy Star III - Generations of Doom (Brazil),Brazil
1303-01,"Phantasy Star III - Generations of Doom (USA, Europe) (SEGA Classic Collection)",USA
1303-01,"Phantasy Star III - Generations of Doom (USA, Europe, Korea) (En)",USA
MK-1307,Phantasy Star IV (Europe),Europe
MK-1307-00,Phantasy Star IV (USA),USA
MK-1307-00,Phantasy Star IV (USA) (Beta 1),USA
MK-1307-00,Phantasy Star IV (USA) (Beta 2),USA
MK-1307-00,Phantasy Star IV (USA) (Beta 3),USA
MK-1307-00,Phantasy Star IV (USA) (Beta 4),USA
MK-1307-00,Phantasy Star IV (USA) (Beta 5),USA
MK-1307-00,Phantasy Star IV (USA) (Genesis Mini),USA
MK-1307-00,Phantasy Star IV (USA) (Sample),USA
T-139036-50,"Phantom 2040 (Europe) (En,Fr,De)",Europe
T-139036-00,Phantom 2040 (USA),USA
XXXXXXXX-XX,Phantom Gear (World) (Demo 1),World
XXXXXXXX-XX,Phantom Gear (World) (Demo 10),World
XXXXXXXX-XX,Phantom Gear (World) (Demo 11),World
XXXXXXXX-XX,Phantom Gear (World) (Demo 2),World
XXXXXXXX-XX,Phantom Gear (World) (Demo 3),World
XXXXXXXX-XX,Phantom Gear (World) (Demo 4),World
XXXXXXXX-XX,Phantom Gear (World) (Demo 5),World
XXXXXXXX-XX,Phantom Gear (World) (Demo 6),World
XXXXXXXX-XX,Phantom Gear (World) (Demo 7),World
XXXXXXXX-XX,Phantom Gear (World) (Demo 8),World
XXXXXXXX-XX,Phantom Gear (World) (Demo 9),World
MK-1131-00,Phelios (Europe),Europe
T-14013-00,Phelios (Japan) (En),Japan
T-14013-00,Phelios (Japan) (En) (Virtual Console),Japan
T-14013-00,Phelios (USA),USA
T-14013-00,Phelios (World) (Evercade),World
T-574023-01,"Pier Solar and the Great Architects (Europe) (En,Fr,De) (Reprint A)",Europe
T-574023-00,"Pier Solar and the Great Architects (Europe) (En,Fr,De) (Reprint)",Europe
T-574016-01,"Pier Solar and the Great Architects (Europe) (En,Fr,De) (Rev 1) (Collector's Edition)",Europe
T-574013-00,"Pier Solar and the Great Architects (Japan) (En,Fr,Es)",Japan
00000000-00,Pier Solar and the Great Architects (USA) (Beta),USA
T-574023-02,"Pier Solar and the Great Architects (USA) (En,Es,Pt) (Reprint B)",USA
T-101046-00,"Pink Goes to Hollywood (USA, Europe)",USA
?-??????-00,"Pink Goes to Hollywood (USA, Europe) (Beta)",USA
T-239026-00,Pinocchio (Europe),Europe
T-239026-00,Pinocchio (USA),USA
T-15086-50,"Pirates of Dark Water, The (Europe)",Europe
T-15086-00,"Pirates of Dark Water, The (USA)",USA
00000000-00,Pirates of the Caribbean - On Stranger Tides (Russia),Russia
T-104026-02,Pirates! Gold (USA),USA
00000000-00,Pirates! Gold (USA) (Beta 1),USA
00000000-00,Pirates! Gold (USA) (Beta 2),USA
00000000-00,Piruja (World) (Proto),World
00000000-00,Pistoleiro (World) (Proto),World
T-48076-00,"Pit-Fighter (World) (En,Ja)",World
T-48076-00,"Pit-Fighter (World) (En,Ja) (Beta)",World
T-48076-00,Pit-Fighter II (USA) (Proto),USA
T-130036-50,Pitfall - The Mayan Adventure (Europe),Europe
T-130036-00,Pitfall - The Mayan Adventure (USA),USA
T-19402J-00,Planet Message Quiz (Japan) (Sega Channel),Japan
00000000-00,Plants vs. Zombies (Russia),Russia
00000000-00,Plato Protagoras (World),World
T-239036-00,Pocahontas (Europe),Europe
T-239036-00,Pocahontas (USA),USA
00000000-00,Pop'n Wizz (World) (Proto),World
T-1340-16,Popeye in High Seas High-Jinks (USA) (Proto),USA
T-50026-00,Populous (Europe),Europe
T-50026-00,Populous (Japan) (En),Japan
T-33033-00,"Power Athlete (Japan, Korea) (En)",Japan
T7914650-00,"Power Drive (Europe) (En,Fr,De,Es,Pt)",Europe
T79146-00,"Power Drive (USA) (En,Fr,De,Es,Pt) (Sega Channel)",USA
ACLD005-00,Power Football (World) (Evercade),World
T-106103-00,"Power Monger (Japan, Korea) (Ja)",Japan
T-50426-00,"Power Monger (USA, Europe)",USA
T-48093-00,Power Wing (USA) (Proto),USA
T-14036-00,Powerball (USA),USA
T-081076-00,"Predator 2 (USA, Europe)",USA
00000000-00,Prefrontal Mega (World) (Proto),World
MK-1191-00,Premier Manager (Europe),Europe
MK-1280-00,Premier Manager 97 (Europe),Europe
MK-1280-00,Premier Manager 97 (World) (Evercade),World
T-148096-00,Primal Rage (USA) (Demo 1) (Test Drive) (Sega Channel),USA
T-81186-01,Primal Rage (USA) (Demo 2) (Sega Channel) (Rental),USA
T-148086-00,Primal Rage (USA) (Demo 3) (Sega Channel) (Showdown),USA
T-48426-00,"Primal Rage (USA, Europe)",USA
T-81186-01,"Primal Rage (USA, Europe) (Beta)",USA
MK-1240-00,Prime Time NFL Starring Deion Sanders (USA),USA
T-88076-00,Prince of Persia (Europe),Europe
MK-0000-00,Prince of Persia (Europe) (Beta 3),Europe
T-048286-00,Prince of Persia (USA),USA
00000000-00,Prince of Persia 2 (Europe) (Proto),Europe
00000000-00,Pringles Game (World),World
00000000-00,Prisonela MD (World) (v1.1),World
00000000-00,Prisonela MD (World) (v1.2),World
T-021016-00,Pro Moves Soccer (USA),USA
T-97036-00,Pro Quarterback (USA),USA
G-5547,Pro Striker - Final Stage (Japan),Japan
00004529-00,Pro Yakyuu Super League '91 (Japan),Japan
T-95106-00,"Probotector (Europe) (En,Fr,De)",Europe
T-95106-00,"Probotector (Europe) (En,Fr,De) (60 Hz) (Contra Anniversary Collection)",Europe
T-95106-00,"Probotector (Europe) (En,Fr,De) (Contra Anniversary Collection)",Europe
T-95106-00,"Probotector (Europe) (En,Fr,De) (Mega Drive Mini)",Europe
00000000-00,Professor Bell's House of Fortune (World),World
00000000-00,Professor Bell's House of Fortune 2 (World),World
MB-75L7L-00,Project MD (World),World
MB-75L7L-00,Project MD (World) (v1.1),World
MB-75L7L-00,Project MD (World) (v1.2),World
MB-75L7L-00,Project MD (World) (v1.3),World
T-26013-00,Psy-O-Blade (Japan),Japan
00000000-00,Psycho Pinball (Europe) (Beta),Europe
T-120086-50,"Psycho Pinball (Europe) (En,Fr,De,Es,It)",Europe
T-120086-50,"Psycho Pinball (Europe) (En,Fr,De,Es,It) (Rev 1)",Europe
T-120086-50,Psycho Pinball (World) (Evercade),World
T-113016-50,Puggsy (Europe),Europe
T-113016,Puggsy (USA),USA
XXXXXXXX-01,Puggsy (USA) (Beta),USA
G-4098-00,Pulseman (Japan),Japan
G-4068-00,Pulseman (Japan) (Beta),Japan
T-12026-00,"Punisher, The (Europe)",Europe
T-12026-00,"Punisher, The (USA)",USA
00054503-00,Putter Golf (Japan) (Game no Kanzume Otokuyou),Japan
00054503-00,Putter Golf (Japan) (Sega Game Toshokan),Japan
00000000-00,Putty Squad (Europe) (Proto 1),Europe
00000000-00,Putty Squad (Europe) (Proto 2),Europe
G-4082-00,Puyo Puyo (Japan),Japan
T-66013-00,Puyo Puyo Tsuu (Japan),Japan
T-66013-01,Puyo Puyo Tsuu (Japan) (Rev A),Japan
T-66013-01,Puyo Puyo Tsuu (Japan) (Rev A) (Virtual Console),Japan
G-4128-00,Puzzle & Action - Ichidanto-R (Japan),Japan
G-4128-00,Puzzle & Action - Ichidanto-R (World) (Ja) (Sega Ages),World
G-4118-00,Puzzle & Action - Tanto-R (Japan),Japan
00000000-00,Puzzli (World) (v1.1),World
00054503-00,Pyramid Magic (Japan) (Game no Kanzume Otokuyou),Japan
00054503-00,Pyramid Magic (Japan) (Sega Game Toshokan),Japan
00054503-00,Pyramid Magic II (Japan) (Sega Game Toshokan),Japan
00054503-00,Pyramid Magic III (Japan) (Sega Game Toshokan),Japan
00054503-00,Pyramid Magic Special (Japan) (Sega Game Toshokan),Japan
00004054-00,"QuackShot Starring Donald Duck (USA) (En,Ja) (Sega Channel)",USA
00004054-00,"QuackShot Starring Donald Duck (World) (En,Ja)",World
00004054-01,"QuackShot Starring Donald Duck (World) (En,Ja) (Rev A)",World
00004054-01,"QuackShot Starring Donald Duck (World) (En,Ja) (Rev A) (Alt)",World
T-14056-00,Quad Challenge (USA),USA
T-14056-00,Quad Challenge (World) (Evercade),World
00000000-00,"Question, The (World) (Proto 1)",World
00000000-00,"Question, The (World) (Proto 2)",World
00000000-00,"Question, The (World) (Proto 3)",World
00000000-00,"Question, The (World) (Proto 4)",World
T-48196-00,R.B.I. Baseball '93 (USA),USA
T-48126-00,R.B.I. Baseball '93 (USA) (Beta),USA
T-048296-00,"R.B.I. Baseball '94 (USA, Europe)",USA
T-48126-00,R.B.I. Baseball '95 (USA) (Proto),USA
T-48096-00,R.B.I. Baseball 3 (USA),USA
T-48096-00,R.B.I. Baseball 3 (USA) (Beta),USA
T-48063-00,"R.B.I. Baseball 4 (Japan) (En,Ja)",Japan
T-48126-00,R.B.I. Baseball 4 (USA),USA
T-48126-00,R.B.I. Baseball 4 (USA) (Beta),USA
00000000-00,RGB Pals (World),World
T-48246-00,Race Drivin' (USA),USA
T-40016-00,Race Drivin' (USA) (Beta),USA
00000005-00,Racer (World) (v1.2) (Digital),World
T-130026-50,Radical Rex (Europe),Europe
T-130026-00,Radical Rex (Europe) (Beta),Europe
T-130026-00,Radical Rex (USA),USA
T-22043-03,"Raiden Trad (Japan, USA) (En)",Japan
T-11073-00,Rainbow Islands Extra (Japan) (En),Japan
MK-1000-12,Ralph (Russia) (Pirate),Russia
00054010-00,"Rambo III (Japan, USA) (En,Ja)",Japan
00054010-01,"Rambo III (USA, Europe, Korea) (En,Ja) (Rev A)",USA
T-48000-00,"Rampart (Japan, Korea) (Ja)",Japan
T-48106-00,Rampart (USA),USA
MK-1076-00,Ranger X (Europe),Europe
MK-1076-00,Ranger X (USA),USA
T-20053-00,Ransei no Hasha (Japan),Japan
T-11043-00,Rastan Saga II (Japan) (En),Japan
T-11026-00,Rastan Saga II (USA),USA
00000000-00,Red Queen Rampage (World) (Proto) (bitbitJAM 2016),World
T-48376-00,"Red Zone (USA, Europe)",USA
00000000-00,Redline Reaver (World) (Proto),World
00000000-00,Reknum (World) (Demo 1),World
00000000-00,Reknum (World) (Demo 2),World
MK-1068-00,"Ren & Stimpy Show Presents, The - Stimpy's Invention (Europe)",Europe
MK-1068-00,"Ren & Stimpy Show Presents, The - Stimpy's Invention (Europe) (Sega Channel)",Europe
MK-1068-00,"Ren & Stimpy Show Presents, The - Stimpy's Invention (USA)",USA
??-????-00,"Ren & Stimpy Show Presents, The - Stimpy's Invention (USA) (Beta)",USA
55508-00,Rent a Hero (Japan),Japan
G-4524-00,Renzhe Wu lei Chuanshuo (China) (Pirate),China
XXXXXXXX-01,Resq (Europe) (Proto),Europe
00000000-00,Retro Games Hunters (World) (Demo 1),World
00000000-00,Return to Genesis (World),World
00001105-00,"Revenge of Shinobi, The (Japan, USA) (En)",Japan
00001105-01,"Revenge of Shinobi, The (USA, Europe)",USA
00001105-02,"Revenge of Shinobi, The (USA, Europe) (Rev A)",USA
00001105-02,"Revenge of Shinobi, The (USA, Europe) (Rev A) (Beta)",USA
00001105-03,"Revenge of Shinobi, The (USA, Europe) (Rev B)",USA
00001105-03,"Revenge of Shinobi, The (World) (Rev B) (Virtual Console)",World
T-81566-00,"Revolution X (USA, Europe)",USA
MK-1552-00,Richard Scarry's Busytown (USA),USA
MK-0000-00,Richard Scarry's Busytown (USA) (Beta 1),USA
MK-1552-00,Richard Scarry's Busytown (USA) (Beta 2),USA
MK-1552-00,Richard Scarry's Busytown (USA) (Beta 3),USA
MK-1552-00,Richard Scarry's Busytown (USA) (Beta 4),USA
MK-1552-00,Richard Scarry's Busytown (USA) (Beta 5),USA
MK-1552-00,Richard Scarry's Busytown (USA) (Beta 6),USA
MK-1552-00,Richard Scarry's Busytown (USA) (Beta 7),USA
MK-1552-00,Richard Scarry's Busytown (USA) (Sega Channel),USA
92133933-00,Rick Dangerous DX (World) (v1.2),World
92133932-00,Rick Dangerous DX (World) (v1.3),World
00054503-00,Riddle Wired (Japan) (Sega Game Toshokan),Japan
00000000-00,Right 2 Repair (World),World
00000000-00,Right 2 Repair (World) (Global Game Jam 2020),World
T-50176-00,"Rings of Power (USA, Europe)",USA
T-081426-50,Rise of the Robots (Europe),Europe
T-89036-00,Risk (USA),USA
T-50466-00,"Risky Woods (USA, Europe)",USA
MK-1555-00,"Ristar (USA, Europe)",USA
MK-1555-00,"Ristar (USA, Europe) (Beta)",USA
00004126-00,Ristar - The Shooting Star (Japan) (En) (Beta 1),Japan
00004126-00,Ristar - The Shooting Star (Japan) (En) (Beta 2),Japan
G-4126-00,"Ristar - The Shooting Star (Japan, Korea) (En)",Japan
T-XXXXX-XX,Road Rash (Japan),Japan
T-50116-00,"Road Rash (USA, Europe)",USA
T-50966-00,"Road Rash 3 (USA, Europe)",USA
T-7752-1,"Road Rash 3 (USA, Europe) (Beta)",USA
T-106143-00,Road Rash II (Japan),Japan
T-106143-00,Road Rash II (Japan) (Mega Drive Mini),Japan
T-50496-XX,Road Rash II (USA) (Genesis Mini),USA
T-50496-XX,"Road Rash II (USA, Europe)",USA
T-50496-02,"Road Rash II (USA, Europe) (Rev 1)",USA
T-48136-00,Road Riot 4WD (USA) (Proto),USA
T-48066-00,RoadBlasters (Japan) (En),Japan
T-48066-00,RoadBlasters (USA),USA
T-40016-00,RoadBlasters (USA) (Beta),USA
00000000-00,Robert Cop 2 (World),World
00000000-00,Robert Cop 2 (World) (Beta),World
T-081226-00,"RoboCop 3 (USA, Europe)",USA
T-70216-50,RoboCop Versus The Terminator (Europe),Europe
T-70066-00,RoboCop Versus The Terminator (Europe) (Beta),Europe
T-70043-00,"RoboCop Versus The Terminator (Japan, Korea) (En)",Japan
T-70166,RoboCop Versus The Terminator (USA),USA
T-70066-00,RoboCop Versus The Terminator (USA) (Beta),USA
00054503-00,Robot Battler (Japan) (Sega Game Toshokan),Japan
0000000-00,Robot Wreckage (USA) (Beta),USA
T-125056-50,Rock 'n' Roll Racing (Europe),Europe
T-125056-00,Rock n' Roll Racing (USA),USA
T-95046-00,Rocket Knight Adventures (Europe),Europe
T-95046-FF,Rocket Knight Adventures (Europe) (Beta),Europe
T-95063-00,Rocket Knight Adventures (Japan) (En),Japan
T-95046-00,Rocket Knight Adventures (USA),USA
T-95046-FF,Rocket Knight Adventures (USA) (Beta),USA
00000000-00,"Rocket Panda (USA, Europe)",USA
20200630-00,"Rocket Panda (USA, Europe) (Demo 1)",USA
00054004-00,Rockheaven (Asia) (Ja) (Pirate),Asia
T-12053-00,Rockman - Mega World (Japan),Japan
T-12053-00,Rockman - Mega World (Japan) (Mega Drive Mini),Japan
T-33023-00,Rockworld (Asia) (Ja) (Pirate),Asia
T-81106-00,Roger Clemens' MVP Baseball (USA),USA
MK-1140-00,Rolling Thunder 2 (Europe),Europe
T-14133-00,Rolling Thunder 2 (Japan) (En),Japan
T-14066-00,Rolling Thunder 2 (USA),USA
T-14096-00,Rolling Thunder 3 (USA),USA
T-50526-00,"Rolo to the Rescue (USA, Europe)",USA
T-76016-10,Romance of the Three Kingdoms II (USA),USA
T-76086-00,Romance of the Three Kingdoms III - Dragon of Destiny (USA),USA
00000000-00,Romeow and Julicat (World) (Evercade),World
T-95196-50,Ronaldinho 98 (Brazil) (Pirate),Brazil
T-76063-10,Royal Blood (Japan),Japan
T-50956-00,"Rugby World Cup 95 (USA, Europe) (En,Fr,It)",USA
T-11153-00,"Runark (Japan, Korea) (En)",Japan
00000000-00,Ryuthela (World),World
G-004113-00,Ryuuko no Ken (Japan),Japan
T-49103-01,SD Valis (Japan),Japan
MK-0000--00,SEGA Master System Brawl (World),World
33440290-20,SMB4MD (World) (Pirate),World
00000000-00,ST II' Turbo (USA) (Proto) (Pirate),USA
GM-00000005-00,Sacred Line Genesis (World) (Beta 1),World
GM-00000005-00,Sacred Line Genesis (World) (Beta 2),World
GM-00000005-00,Sacred Line Genesis (World) (Demo 1),World
GM-00000005-00,Sacred Line Genesis (World) (Demo 2),World
00000005-00,Sacred Line II (World) (v1.0.2) (Standard Pack),World
00000005-00,Sacred Line Zero (World) (Proto 2),World
T-11016-00,Sagaia (USA),USA
T-11133-00,Saint Sword (Japan) (En),Japan
T-11056-00,Saint Sword (USA),USA
T-40013-00,Same! Same! Same! (Japan) (En),Japan
T-34016-00,Same! Same! Same! (Japan) (En) (Beta),Japan
T-123456-00,Sampras Tennis 96 (Europe) (J-Cart),Europe
MK-1184-00,Samurai Shodown (Europe),Europe
T-103066-00,Samurai Shodown (USA),USA
G-4127-00,Samurai Spirits (Japan),Japan
G-5510-00,San Guo Zhi Lie Zhuan - Luan Shi Qun Ying (Asia),Asia
T-76023-10,Sangokushi II (Japan),Japan
T-76093-10,Sangokushi III (Japan),Japan
G-5504-00,Sangokushi Retsuden - Ransei no Eiyuutachi (Japan),Japan
T-000000-00,"Sanrin San-chan - Spatter (World) (Mega Drive Mini 2, Genesis Mini 2)",World
T-147013-00,Sansan (Japan),Japan
MK-0000-00,Satan Claus (World),World
T-12066-00,Saturday Night Slammasters (Europe),Europe
T-12066-00,Saturday Night Slammasters (USA),USA
00000000-00,"Satyr in Hell, A (World)",World
00000000-00,"Satyr in Hell, A (World) (Beta 1)",World
00000000-00,"Satyr in Hell, A (World) (Beta 2)",World
00000000-00,"Satyr in Hell, A (World) (Digital)",World
T-151046-50,"Schtroumpfs Autour du Monde, Les (Europe) (En,Fr,De,Es)",Europe
T-81526-00,Scooby-Doo Mystery (USA),USA
00000000-00,Scrabble (Europe) (Proto),Europe
00000000-00,Scream Mr. Jack (World),World
00000000-00,Scream Mr. Jack (World) (Retro Platform Jam #1),World
00000000-00,Seasaw Space Security Squad (World),World
00000000-00,Seasaw Space Security Squad (World) (v1.5.1),World
00000000-00,Seasaw Space Security Squad (World) (v1.6.0),World
00000000-00,Seasaw Space Security Squad (World) (v1.6.1),World
T-113106-50,Second Samurai (Europe),Europe
T-113106-50,Second Samurai (World) (QUByte Classics),World
00000000-00,"Secret of the Four Winds, The (World) (En,Ja,Es)",World
00000000-00,"Secret of the Four Winds, The (World) (En,Ja,Es) (Demo 1)",World
00000000-00,"Secret of the Four Winds, The (World) (En,Ja,Es) (Demo 2)",World
MK-1183-00,Sega Sports 1 (Europe),Europe
MK-1721-45,Sega Top Five (Brazil) (En),Brazil
00009999-00,SegaSonic Bros. (World) (Proto),World
T-93076-00,"Sensible Soccer (Europe) (En,Fr,De,It)",Europe
T-93076-00,"Sensible Soccer (Europe) (En,Fr,De,It) (Beta)",Europe
T-93076-00,"Sensible Soccer (World) (En,Fr,De,It) (Evercade)",World
T-50896-00,Sesame Street Counting Cafe (USA),USA
T-47016-00,Shadow Blasters (USA),USA
00001114-00,"Shadow Dancer - The Secret of Shinobi (USA, Europe) (SEGA Classic Collection)",USA
00001114-00,Shadow Dancer - The Secret of Shinobi (World),World
T-50266-00,"Shadow of the Beast (USA, Europe)",USA
T-60023-00,Shadow of the Beast - Mashou no Okite (Japan) (En),Japan
T-50456-00,"Shadow of the Beast II (USA, Europe)",USA
MK-1352-00,Shadowrun (Asia) (En),Asia
MK-1352-00,Shadowrun (USA),USA
MK-1352-00,Shadowrun (USA) (Beta 1),USA
MK-1352-00,Shadowrun (USA) (Beta 2),USA
MK-1352-00,Shadowrun (USA) (Beta 3),USA
MK-1352-00,Shadowrun (USA) (Beta 4),USA
00001009-00,Shadows of the Wind (Europe) (Proto),Europe
T-120146-50,Shane Warne Cricket (Australia),Australia
T-130016-00,Shanghai II - Dragon's Eye (USA),USA
T-130016-00,Shanghai II - Dragon's Eye (USA) (Beta),USA
00000000-00,Shaolin Carcara (World) (Pt-BR),World
T-50876-00,"Shaq-Fu (USA, Europe)",USA
00000000-00,Shattering Jaws (World) (bitbitJAM 2016),World
00004521-00,Shengzhan Fengyun (China) (Pirate),China
00001309-00,"Shi no Meikyuu - Labyrinth of Death (Japan) (En,Ja) (Game no Kanzume Otokuyou)",Japan
00054503-00,Shi no Meikyuu - Labyrinth of Death (Japan) (Sega Game Toshokan),Japan
T-25023-00,Shijou Saidai no Soukoban (Japan),Japan
T-15053-00,Shikinjou (Japan),Japan
T-49186-00,Shikong Yibian (China) (Pirate),China
G-005536-01,Shin Changsegi - Ragnacenty (Korea),Korea
G-005536-01,Shin Souseiki Ragnacenty (Japan),Japan
T-32023-01,Shin Souseiki Ragnacenty (Japan) (Beta),Japan
MK-1312-00,Shining Force (Europe),Europe
MK-1312-00,Shining Force (USA),USA
MK-1312,Shining Force (USA) (Beta),USA
MK-1312-00,Shining Force (USA) (Genesis Mini),USA
G-5512-00,Shining Force - Kamigami no Isan (Japan),Japan
G-5512-00,Shining Force - Kamigami no Isan (Japan) (Mega Drive Mini),Japan
MK-1315-00,Shining Force II (Europe),Europe
MK-1315-00,Shining Force II (USA),USA
MK-1315-00,Shining Force II (USA) (Beta 1),USA
MK-1315-00,Shining Force II (USA) (Beta 2),USA
MK-1315-00,Shining Force II (USA) (Beta 3),USA
MK-1315-00,Shining Force II (USA) (Sega Channel),USA
G-5521-00,Shining Force II - Inishie no Fuuin (Japan),Japan
G-5506-00,Shining and the Darkness (Japan),Japan
MK-1310-00,Shining in the Darkness (Brazil),Brazil
MK-1310-00,"Shining in the Darkness (USA, Europe)",USA
MK-1136-50,Shinobi III - Return of the Ninja Master (Europe),Europe
MK-1136,Shinobi III - Return of the Ninja Master (USA),USA
MK-1136-00,Shinobi III - Return of the Ninja Master (USA) (Beta),USA
MK-1136,Shinobi III - Return of the Ninja Master (USA) (Genesis Mini),USA
T-26023-00,Shiten Myouou (Japan),Japan
T-67013-00,Shougi no Hoshi (Japan),Japan
T-25036-00,Shove It! ...The Warehouse Game (USA),USA
TECTOY-2001-02,Show do Milhao (Brazil),Brazil
TECTOY-2001-03,Show do Milhao - Volume 2 (Brazil),Brazil
00004073-00,Shura no Mon (Japan),Japan
00000000-00,Shylax (World) (Proto),World
MK-1218-00,Side Pocket (Europe),Europe
T-13083-00,"Side Pocket (Japan, Korea) (En)",Japan
T-13083-00,Side Pocket (USA),USA
00000005-00,Silent Hill Genesis (World) (En) (Proto),World
00000005-00,Silent Hill Genesis (World) (Ru) (Proto),World
T-081026-00,"Simpsons, The - Bart vs. the Space Mutants (USA, Europe)",USA
T-081026-01,"Simpsons, The - Bart vs. the Space Mutants (USA, Europe) (Rev A)",USA
T-081216-02,"Simpsons, The - Bart's Nightmare (USA, Europe)",USA
00000000-00,"Simpsons, The - Trivia Quiz (World) (v2.0)",World
00000000-00,Sir Ababol (World),World
00000000-00,Sir Ababol (World) (v1.01),World
00000000-00,Skazka (World) (v2.0),World
T-115036-00,Skeleton Krew (Europe),Europe
T-115036-00,Skeleton Krew (USA),USA
T-50776-00,"Skitchin' (USA, Europe)",USA
XXXXXXXX-XX,Skull & Crossbones (USA) (Demo 1),USA
XXXXXXXX-XX,Skull & Crossbones (USA) (Demo 2),USA
XXXXXXXX-XX,Skull & Crossbones (USA) (Demo 3),USA
T-XXXXX-XX,Slam - Shaq vs. the Legends (USA) (Proto),USA
T-48093-00,Slap Fight MD (Japan) (En),Japan
T-40___-00,Slap Fight MD (Japan) (En) (Beta),Japan
T-56046-00,Slaughter Sport (USA),USA
00000000-00,"Sleigh Chase (World) (En,Es)",World
T-49123-00,Slime World (Japan) (En),Japan
T-00000-00,Smart Mouse (USA) (Piko Interactive),USA
T-151016-00,"Smurfs, The (Brazil) (En,Fr,De,Es,It)",Brazil
T-151016-00,"Smurfs, The (Europe) (En,Fr,De,Es,It)",Europe
00000000-00,Snail Maze II (World),World
MK-1541-50,Snake Rattle n Roll (Europe),Europe
T-48083-00,Snow Bros. - Nick & Tom (Japan) (En),Japan
T-23046-00,Socket (USA),USA
T-49206,Sol-Deace (USA),USA
T-49206,Sol-Deace (USA) (Rev 1) (Sega Channel),USA
T-49206,Sol-Deace (World) (Evercade),World
T-49206,Sol-Deace (World) (Retro-Bit),World
00000000-00,Solaris (World) (Proto),World
T-124016-00,Soldiers of Fortune (USA),USA
MK-01182-00,Soleil (Europe),Europe
MK-01182-00,Soleil (France),France
MK-01182-00,Soleil (Germany),Germany
MK-01182-00,Soleil (Spain),Spain
00000000-00,Solitaire in Space (World) (Proto),World
MK-1563-00,Sonic & Knuckles (USA) (Sega Channel),USA
MK-1563-00,Sonic & Knuckles (World) (Beta 1),World
MK-1563-00,Sonic & Knuckles (World) (Beta 2),World
MK-1563-00,Sonic & Knuckles (World) (Beta 3),World
MK-1563-00,Sonic & Knuckles (World) (Beta 4),World
MK-1563-00,Sonic & Knuckles (World) (Beta 5),World
MK-1563-00,Sonic & Knuckles (World) (Beta 6),World
MK-1563-00,Sonic & Knuckles (World) (Beta 7),World
MK-1563-00,Sonic & Knuckles (World) (Sonic Classic Collection),World
MK-1563-00,"Sonic & Knuckles + Sonic The Hedgehog (Japan, Korea) (En) (Lock-on Combination)",Japan
MK-1563-00,"Sonic & Knuckles + Sonic The Hedgehog (USA, Europe) (Lock-on Combination)",USA
MK-1563-00,Sonic & Knuckles + Sonic The Hedgehog 2 (World) (Beta),World
MK-1563-00,Sonic & Knuckles + Sonic The Hedgehog 2 (World) (Rev A) (Lock-on Combination),World
MK-1563-00,Sonic & Knuckles + Sonic The Hedgehog 2 + Sonic The Hedgehog 3 (World) (Virtual Console),World
MK-1563-00,Sonic & Knuckles + Sonic The Hedgehog 3 (Europe) (Lock-on Combination),Europe
MK-1563-00,Sonic & Knuckles + Sonic The Hedgehog 3 (Japan) (En) (Lock-on Combination),Japan
MK-1563-00,Sonic & Knuckles + Sonic The Hedgehog 3 (USA) (Lock-on Combination),USA
MK-1079-00,Sonic 3 (Europe),Europe
MK-1844-00,"Sonic 3D Blast (USA, Europe, Korea) (En)",USA
T-000000-00,"Sonic 3D Blast (USA, Europe, Korea) (En) (Beta 1)",USA
MK-1844-00,"Sonic 3D Blast (USA, Europe, Korea) (En) (Beta 2)",USA
MK-1844-00,"Sonic 3D Blast (USA, Europe, Korea) (En) (Beta 3)",USA
MK-1844-00,"Sonic 3D Blast (USA, Europe, Korea) (En) (Beta 4)",USA
MK-1844-00,"Sonic 3D Blast (USA, Europe, Korea) (En) (Beta 5)",USA
MK-1844-00,"Sonic 3D Blast (USA, Europe, Korea) (En) (Beta 6)",USA
MK-1844-00,"Sonic 3D Blast (USA, Europe, Korea) (En) (Beta 7)",USA
FINAL-01,Sonic 3D Blast - Director's Cut (World),World
MK-1190,Sonic Compilation (Europe),Europe
MK-1190-01,"Sonic Compilation (USA, Europe, Korea) (En) (Rev A)",USA
XXXXXXXX-XX,Sonic Crackers (USA) (Proto),USA
00054503-00,Sonic Eraser (Japan) (Sega Game Toshokan),Japan
MK-1537-00,Sonic Spinball (Europe),Europe
MK-1537-00,Sonic Spinball (Europe) (Beta),Europe
MK-1537-00,Sonic Spinball (Europe) (Mega Drive Mini),Europe
G-4112-00,Sonic Spinball (Japan),Japan
MK-1537-00,Sonic Spinball (USA),USA
T-?????-00,Sonic Spinball (USA) (Beta 1),USA
NK-1.3.-00,Sonic Spinball (USA) (Beta 2),USA
MK-1537-00,Sonic Spinball (USA) (Sega Channel),USA
00004049-01,"Sonic The Hedgehog (Japan, Europe, Korea) (En)",Japan
00001009-00,"Sonic The Hedgehog (USA, Europe)",USA
00000000-00,"Sonic The Hedgehog (USA, Europe) (Beta)",USA
00004049-01,"Sonic The Hedgehog (USA, Europe) (Sonic Classic Collection)",USA
00004049-01,Sonic The Hedgehog (World) (Sonic Mega Collection),World
00001051-00,Sonic The Hedgehog 2 (World),World
00004049-01,Sonic The Hedgehog 2 (World) (Beta 1),World
00001051-00,Sonic The Hedgehog 2 (World) (Beta 10),World
00004049-01,Sonic The Hedgehog 2 (World) (Beta 2),World
00004049-01,Sonic The Hedgehog 2 (World) (Beta 3),World
00001051-00,Sonic The Hedgehog 2 (World) (Beta 4),World
00001051-00,Sonic The Hedgehog 2 (World) (Beta 5),World
00001051-00,Sonic The Hedgehog 2 (World) (Beta 6),World
00001051-00,Sonic The Hedgehog 2 (World) (Beta 7),World
00001051-00,Sonic The Hedgehog 2 (World) (Beta 8),World
00001051-00,Sonic The Hedgehog 2 (World) (Beta 9),World
00001051-01,Sonic The Hedgehog 2 (World) (Rev A),World
00001051-01,Sonic The Hedgehog 2 (World) (Rev A) (Sonic Classic Collection),World
00001051-01,Sonic The Hedgehog 2 (World) (Rev A) (Sonic Mega Collection),World
00001051-02,Sonic The Hedgehog 2 (World) (Rev B) (Sonic Compilation ~ Sonic Classics),World
MK-1079-00,"Sonic The Hedgehog 3 (Japan, Korea) (En)",Japan
MK-1079-00,Sonic The Hedgehog 3 (USA),USA
00001079-00,Sonic The Hedgehog 3 (USA) (Beta),USA
MK-1079-00,Sonic The Hedgehog 3 (USA) (Sega Channel),USA
MK-1079-00,Sonic The Hedgehog 3 (USA) (Sonic Classic Collection),USA
MK-1079-00,Sonic The Hedgehog 3 Limited Edition (Japan) (En) (Proto 1),Japan
MK-1079-00,Sonic The Hedgehog 3 Limited Edition (Japan) (En) (Proto 2),Japan
00000000-00,Sonic The Hedgehog 3 Movie Promo (World),World
T-25113-00,Sorcer Kingdom (Japan),Japan
T-25113-00,Sorcer Kingdom (Japan) (Beta),Japan
T-24076-01,Sorcerer's Kingdom (USA),USA
T-24076-00,Sorcerer's Kingdom (USA) (Beta),USA
00054504-00,Sorcerian (Japan),Japan
00054504-01,Sorcerian (Japan) (Rev 1) (Virtual Console),Japan
00000000-00,Sovereign of a Dying Hell (World) (Proto 1) (Touhou Fan Game Jam 15),World
00000000-03,Sovereign of a Dying Hell (World) (Proto 2),World
00000000-00,Space Cavern Blaster (World) (Proto),World
T-106193-00,Space Funky B.O.B. (Japan),Japan
00004002-00,Space Harrier II (Japan) (En) (Launch Cart),Japan
00004002-01,Space Harrier II (World),World
T-48096-00,Space Hero (USA) (Proto),USA
T-11036-00,Space Invaders '91 (USA),USA
00000000-00,Space Invaders (World) (v1.6),World
T-11053-00,Space Invaders 90 (Japan) (En),Japan
T-95166-00,Sparkster (Europe),Europe
T-95166-00,Sparkster (USA),USA
T-95103-00,Sparkster - Rocket Knight Adventures 2 (Japan) (En),Japan
00000000-00,Speed Ball (World) (Proto),World
T-70086-00,Speedball 2 (Europe),Europe
T-68023-00,Speedball 2 (Japan) (En),Japan
T-69026-00,Speedball 2 - Brutal Deluxe (USA),USA
XXXXXXXX-XX,Speedball 2 - Brutal Deluxe (USA) (Beta),USA
T-69026-00,Speedball 2 - Brutal Deluxe (World) (Evercade),World
T-81436-00,"Spider-Man (USA, Europe)",USA
MK-1057-00,"Spider-Man (USA, Europe) (Beta 1)",USA
MK-1057-00,"Spider-Man (USA, Europe) (Beta 2)",USA
T-081256-00,Spider-Man - Venom - Maximum Carnage (World),World
T-081256-00,Spider-Man - Venom - Maximum Carnage (World) (Marvel MaXimum Collection),World
T-081136-00,Spider-Man - X-Men - Arcade's Revenge (Europe) (Rev 1),Europe
T-081136-00,"Spider-Man - X-Men - Arcade's Revenge (USA, Europe)",USA
T-081136-00,Spider-Man - X-Men - Arcade's Revenge (World) (Marvel MaXimum Collection),World
MK-1016-00,Spider-Man vs. The Kingpin (World),World
00000000-00,Spike Hell (World),World
T-151026-00,"Spirou (Europe) (En,Fr,De,Es)",Europe
T-151026-00,"Spirou (Europe) (En,Fr,De,Es) (Beta)",Europe
MK-1061-00,Splatterhouse 2 (Europe),Europe
T-14076-00,Splatterhouse 2 (USA),USA
T-14076-00,Splatterhouse 2 (USA) (Sega Channel),USA
T-14076-00,Splatterhouse 2 (World) (Evercade),World
T-14086-00,Splatterhouse 3 (USA),USA
T-14086-00,Splatterhouse 3 (World) (Evercade),World
T-14143-00,Splatterhouse Part 2 (Japan),Japan
T-14163-00,"Splatterhouse Part 3 (Japan, Korea) (En)",Japan
T-30016-00,Sport Games (Brazil) (En),Brazil
00001211-00,Sports Talk Baseball (USA),USA
T-70326-00,Spot Goes to Hollywood (Europe),Europe
T-81616-01,Spot Goes to Hollywood (USA),USA
ACLD002-03,"Star Control (USA, Europe)",USA
T-25063-00,Star Cruiser (Japan),Japan
XXXXXXXX-XX,Star Mobile (Japan) (Mega Drive Mini 2),Japan
XXXXXXXX-XX,Star Mobile (Japan) (Proto),Japan
XXXXXXXX-XX,"Star Mobile (USA, Europe) (Mega Drive Mini 2, Genesis Mini 2)",USA
T-47056-00,Star Odyssey (USA) (Proto),USA
SF-004,Star Odyssey (USA) (Super Fighter Team),USA
T-70436-50,Star Trek - Deep Space Nine - Crossroads of Time (Europe),Europe
T-132016-00,Star Trek - Deep Space Nine - Crossroads of Time (USA),USA
MK-1313-00,Star Trek - The Next Generation - Echoes from the Past (USA),USA
MK-1313-00,Star Trek - The Next Generation - Echoes from the Past (USA) (Beta 1),USA
MK-1313-00,Star Trek - The Next Generation - Echoes from the Past (USA) (Beta 2),USA
MK-1313-00,Star Trek - The Next Generation - Echoes from the Past (USA) (Beta 3),USA
MK-1313-00,Star Trek - The Next Generation - Echoes from the Past (USA) (Beta 4),USA
MK-1313-00,Star Trek - The Next Generation - Echoes from the Past (USA) (Beta 5),USA
MK-1313-00,Star Trek - The Next Generation - Echoes from the Past (USA) (Beta 6),USA
MK-1313-01,Star Trek - The Next Generation - Echoes from the Past (USA) (Rev A),USA
MK-1035-00,Star Wars (USA) (Proto),USA
T-50216-00,"Starflight (USA, Europe)",USA
T-50216-01,"Starflight (USA, Europe) (Rev A)",USA
T-81396-00,"Stargate (USA, Europe)",USA
00000000-00,"Stargate (USA, Europe) (Beta)",USA
T-81396-00,"Stargate (USA, Europe) (Sample) (NGen)",USA
T-81046-00,Steel Empire (USA),USA
T-81046-00,Steel Empire (USA) (Sega Channel),USA
T-48103-00,"Steel Talons (Japan, Korea) (En,Ja)",Japan
T-48146-00,"Steel Talons (USA, Europe)",USA
T-48146-00,"Steel Talons (USA, Europe) (Beta 1)",USA
T-48146-00,"Steel Talons (USA, Europe) (Beta 2)",USA
00000000-00,Stoat XV (World),World
T-00000-00,Stone Protectors (Japan) (Columbus Circle),Japan
T-00000-00,Stone Protectors (USA) (Proto),USA
T-00000-00,Stone Protectors (World) (Steam),World
T-49113-00,Stormlord (Japan) (En),Japan
T-56026-00,Stormlord (USA),USA
MK-1354-00,"Story of Thor, The (Europe)",Europe
MK-1054-00,"Story of Thor, The (Europe) (Beta 1)",Europe
G-5543-00,"Story of Thor, The (Europe) (Beta 2)",Europe
MK-1354-00,"Story of Thor, The (Europe) (Beta 3)",Europe
MK-1354-00,"Story of Thor, The (Europe) (Mega Drive Mini)",Europe
MK-1354-00,"Story of Thor, The (Germany)",Germany
MK-1354-00,"Story of Thor, The (Germany) (Mega Drive Mini)",Germany
G-5543-00,"Story of Thor, The (Korea)",Korea
MK-1354-00,"Story of Thor, The (Spain)",Spain
MK-1354-00,"Story of Thor, The (Spain) (Mega Drive Mini)",Spain
G-5543-00,"Story of Thor, The - Hikari o Tsugumono (Japan)",Japan
T-12016,Street Fighter II' - Champion Edition (Europe) (Beta),Europe
T-12016,Street Fighter II' - Champion Edition (USA) (Beta),USA
MK-1090-00,Street Fighter II' - Special Champion Edition (Europe),Europe
MK-1090-00,Street Fighter II' - Special Champion Edition (Europe) (Virtual Console),Europe
T-12016,Street Fighter II' - Special Champion Edition (USA),USA
T-12016,Street Fighter II' - Special Champion Edition (USA) (Virtual Console),USA
T-12033,Street Fighter II' Plus - Champion Edition (Japan) (Virtual Console),Japan
T-12033,"Street Fighter II' Plus - Champion Edition (Japan, Korea) (Ja)",Japan
T-177016-00,Street Racer (Europe),Europe
T-177016-50,Street Racer (Europe) (Sample),Europe
T-24083-00,"Street Smart (Japan, USA) (En)",Japan
????????-00,"Street Smart (Japan, USA) (En) (Beta)",Japan
00001019-00,"Streets of Rage (World) (En,Ja)",World
00001019-01,"Streets of Rage (World) (En,Ja) (Rev A) (Sega 3D Classics)",World
00001019-01,Streets of Rage (World) (Rev A),World
MK-1054-00,Streets of Rage 2 (USA),USA
MK-1054-00,Streets of Rage 2 (USA) (Sega 3D Classics),USA
G-4116-00,Streets of Rage 3 (Asia) (En),Asia
MK-1539-00,Streets of Rage 3 (Europe),Europe
MK-1539-00,Streets of Rage 3 (Europe) (Beta 1),Europe
MK-1539-00,Streets of Rage 3 (Europe) (Beta 2),Europe
MK-1539-00,Streets of Rage 3 (Europe) (Beta 3),Europe
MK-1539-00,Streets of Rage 3 (Europe) (Beta 4),Europe
MK-1539-00,Streets of Rage 3 (Europe) (Beta 5),Europe
MK-1539-00,Streets of Rage 3 (USA),USA
G-4116-00,Streets of Rage 3 (USA) (Beta 1),USA
G-4116-00,Streets of Rage 3 (USA) (Beta 2),USA
G-4116-00,Streets of Rage 3 (USA) (Beta 3),USA
MK-1539-00,Streets of Rage 3 (USA) (Rev A) (Beta 1),USA
MK-1539-00,Streets of Rage 3 (USA) (Rev A) (Beta 2),USA
MK-1539-00,Streets of Rage 3 (USA) (Rev A) (Beta 3),USA
MK-1539-00,Streets of Rage 3 (USA) (Rev A) (Beta 4),USA
MK-1539-00,Streets of Rage 3 (USA) (Rev A) (Beta 5),USA
MK-1539-00,Streets of Rage 3 (USA) (Rev A) (Beta 6),USA
MK-1539-00,Streets of Rage 3 (USA) (Rev A) (Beta 7),USA
MK-1054-00,"Streets of Rage II (Japan, Europe) (En,Ja)",Japan
MK-1054-00,"Streets of Rage II (Japan, Europe) (En,Ja) (Mega Drive Mini)",Japan
MK-1054-00,"Streets of Rage II (Japan, Europe) (En,Ja) (Sega 3D Classics)",Japan
00001112-00,Strider (USA) (Sega Channel),USA
00001112-00,"Strider (USA, Europe)",USA
00001112-00,"Strider (USA, Europe) (Virtual Console)",USA
00004037-01,Strider Hiryuu (Japan) (Rev A) (Mega Drive Mini),Japan
00004037-01,Strider Hiryuu (Japan) (Rev A) (Virtual Console),Japan
00004037-00,"Strider Hiryuu (Japan, Korea) (Ja)",Japan
T-79036-50,Strider II (Europe),Europe
MKxxxx-00,Striker (Europe) (Beta),Europe
MK-1185-00,"Striker (Europe) (En,Fr,De,Es,It)",Europe
MK-1551-00,Sub-Terrania (Asia) (En),Asia
MK-1551-00,Sub-Terrania (Asia) (En) (Beta),Asia
MK-1551-00,Sub-Terrania (Europe),Europe
MK-1551-00,Sub-Terrania (USA),USA
00001022-00,Sub-Terrania (USA) (Beta 1),USA
MK-XXXX-XX,Sub-Terrania (USA) (Beta 2),USA
MK-1551-01,Sub-Terrania (USA) (Beta 3),USA
13890474-00,Submarine Attack (World),World
00000000-00,Submarine Canyon Bomber vs Marine Aliens (World),World
00000000-00,Sudoku (World),World
00000000-00,Sukiya (World) (Proto),World
ACLD013-00,"Summer Challenge (USA, Europe)",USA
ACLD013-00,Summer Challenge (World) (Evercade),World
00000001-00,Sumo Slam (World) (Digital),World
T-95026-00,Sunset Riders (Europe),Europe
T-95026-00,Sunset Riders (USA),USA
T-29023-00,Super Airwolf (Japan) (En),Japan
T-50636-00,"Super Baseball 2020 (USA, Europe)",USA
T-87066-00,Super Battleship - The Classic Naval Combat Game (USA),USA
00000000-00,Super Byoon (World),World
00004501-00,Super Daisenryaku (Japan),Japan
00004501-02,Super Daisenryaku (Japan) (Rev A),Japan
MK-1142-00,Super Fantasy Zone (Europe),Europe
T-15023-00,"Super Fantasy Zone (Japan) (En,Ja)",Japan
T-15023-00,"Super Fantasy Zone (USA) (En,Ja) (Genesis Mini)",USA
T-11163-00,Super H.Q. (Japan),Japan
00004011-01,"Super Hang-On (Europe) (En,Ja) (Rev A)",Europe
00004011-00,"Super Hang-On (Japan, USA) (En,Ja)",Japan
00004011-00,"Super Hang-On (Japan, USA) (En,Ja) (Beta) (Sega Channel)",Japan
00004011-00,"Super Hang-On (USA) (En,Ja) (Sega Smash Pack 2)",USA
00000000-00,Super Hard Bouncer (World),World
T-81146-00,Super High Impact (USA),USA
MK-1311-00,Super Hydlide (Europe),Europe
T-20013-00,Super Hydlide (Japan),Japan
T-35016-00,Super Hydlide (USA),USA
MK-1300-00,Super Hydlide (USA) (Beta),USA
T-79076-00,Super Kick Off (Europe),Europe
00004006-00,Super League (Europe),Europe
00004006-00,Super League (Japan),Japan
T-000000-00,"Super Locomotive (World) (Mega Drive Mini 2, Genesis Mini 2)",World
20200630-00,Super Maximum Overkill (World),World
4026-00,"Super Monaco GP (Japan, USA) (En,Ja)",Japan
4026-03,"Super Monaco GP (USA) (En,Ja) (Sega Classic)",USA
4026-01,"Super Monaco GP (World) (En,Ja)",World
4026-02,"Super Monaco GP (World) (En,Ja) (Rev A)",World
ACLD010-00,"Super Off Road (USA, Europe)",USA
MK-1201-00,Super Real Basketball (Europe),Europe
G-4021-00,"Super Real Basketball (Japan, Korea) (En)",Japan
XX-9999-00,"Super Shinobi II, The (Japan) (Beta 1)",Japan
XX-9999-00,"Super Shinobi II, The (Japan) (En,Ja) (Beta 2)",Japan
00004085-00,"Super Shinobi II, The (Japan, Korea) (Ja)",Japan
00000000-00,"Super Shinobi, The (Japan) (En) (Beta) (Sega Channel)",Japan
00000000-00,"Super Shinobi, The (Japan) (En) (Beta) (Sega Smash Pack)",Japan
00000000-00,Super Skidmarks (Europe) (Beta) (J-Cart),Europe
00000000-00,Super Skidmarks (Europe) (J-Cart),Europe
T-081066-00,"Super Smash T.V. (USA, Europe)",USA
85688735-00,Super Star Wars - Holiday Special (World),World
85688735-00,Super Star Wars - Holiday Special (World) (v1.1),World
MK-12056-00,Super Street Fighter II (Europe),Europe
MK-12056-00,Super Street Fighter II (Europe) (Virtual Console),Europe
T-12056-00,Super Street Fighter II (USA),USA
T-12056-00,Super Street Fighter II (USA) (Virtual Console),USA
T-12043-00,Super Street Fighter II - The New Challengers (Japan),Japan
T-12043-00,Super Street Fighter II - The New Challengers (Japan) (Virtual Console),Japan
00004003-00,Super Thunder Blade (Japan) (En) (Launch Cart),Japan
00004003-01,Super Thunder Blade (World),World
T-30013-00,Super Volley Ball (Japan),Japan
T-30016-00,Super Volleyball (USA),USA
T-30016-00,Super Volleyball (USA) (Sega Channel),USA
T-15036-00,Superman (USA),USA
T-15036-00,Superman (USA) (Beta),USA
T-70126-00,Superman - The Man of Steel (Europe),Europe
JN-20140115-01,SupraKillminds! (World),World
G-5522-00,Surging Aura (Japan),Japan
T-55016-02,Swamp Thing (USA) (Proto),USA
00000000-00,Sweetsdigger (World),World
T-50076-01,Sword of Sodan (Japan) (En),Japan
T-50076-01,"Sword of Sodan (USA, Europe)",USA
T-50076-01,Sword of Sodan (World) (Evercade),World
00005502-00,"Sword of Vermilion (USA, Europe)",USA
00005502-00,"Sword of Vermilion (USA, Europe) (Sega Channel)",USA
T-49126-01,Syd of Valis (USA),USA
T-49126--01,Syd of Valis (World) (Retro-Bit),World
T-048346-00,"Sylvester & Tweety in Cagey Capers (USA, Europe)",USA
T-101026-00,"Sylvester & Tweety in Cagey Capers (USA, Europe) (Beta 1)",USA
T-101026-00,"Sylvester & Tweety in Cagey Capers (USA, Europe) (Beta 2)",USA
T-50906-00,"Syndicate (USA, Europe) (En,Fr,De)",USA
T-081176-00,"T2 - Terminator 2 - Judgment Day (USA, Europe)",USA
T-081023-00,T2 - The Arcade Game (Japan) (En),Japan
T-000000-00,T2 - The Arcade Game (USA) (Beta),USA
T-081156-01,"T2 - The Arcade Game (USA, Europe)",USA
T137056-01,TNN Bass Tournament of Champions (USA) (Rev 1),USA
T137066-00,TNN Outdoors Bass Tournament '96 (USA),USA
T-76123-00,Tai Ge Lizhi Chuan (China) (Simplified) (Pirate),China
T-76123-00,Tai Ge Lizhi Chuan (China) (Traditional) (Pirate),China
T-76123-00,Taikou Risshiden (Japan),Japan
T-76073-00,Taipingyang Zhengba Zhan (China) (Pirate),China
MK-1034-00,"TaleSpin (USA, Europe)",USA
MK-1035-00,"TaleSpin (USA, Europe) (Beta)",USA
MK-1052-50,Talmit's Adventure (Europe),Europe
XXXXXXXX-XX,Tanglewood (World) (Demo 1),World
EVIL0106-00,Tanglewood (World) (Demo 10),World
XXXXXXXX-XX,Tanglewood (World) (Demo 2),World
XXXXXXXX-XX,Tanglewood (World) (Demo 3),World
XXXXXXXX-XX,Tanglewood (World) (Demo 4),World
XXXXXXXX-XX,Tanglewood (World) (Demo 5),World
EVIL0106-00,Tanglewood (World) (Demo 6),World
GM-EVIL0106-00,Tanglewood (World) (Demo 7),World
GM-EVIL0106-00,Tanglewood (World) (Demo 8),World
EVIL0106-00,Tanglewood (World) (Demo 9),World
21929282-00,Tank Attack (World),World
00000000-00,Tank You (World) (Gamecodeur Game Jam 19),World
00000000-00,Tanks (Russia),Russia
00000000-00,Tanks 2011 (Russia),Russia
00000000-00,Tanzer (World) (Digital),World
T-25046-00,Target Earth (USA),USA
T-25013-00,Target Earth (USA) (Beta),USA
T-25046-00,"Target Earth (USA, Europe) (Switch Online)",USA
T-24053,Task Force Harrier EX (Japan) (En),Japan
T-24036,Task Force Harrier EX (USA),USA
MK-1546-00,Taz in Escape from Mars (Europe),Europe
MK-1546-00,Taz in Escape from Mars (USA),USA
MK-1032-00,Taz-Mania (World),World
MK-1032-00,Taz-Mania (World) (Beta 1),World
MK-1032-00,Taz-Mania (World) (Beta 2),World
T-50376-00,"Team USA Basketball (USA, Europe)",USA
T-50596-00,"TechnoClash (USA, Europe)",USA
T-56016-00,Technocop (USA),USA
00000000-00,Technocop (USA) (Beta 1),USA
00000000-00,Technocop (USA) (Beta 2),USA
T-61013-00,Tecmo Cup Football Game (Europe) (Proto),Europe
T-36046-00,Tecmo Super Baseball (USA),USA
T-36023-00,Tecmo Super Bowl (Japan) (En),Japan
T-36016-00,Tecmo Super Bowl (USA),USA
T-36016-00,Tecmo Super Bowl (USA) (Beta),USA
T-36043-00,Tecmo Super Bowl II - Special Edition (Japan) (En),Japan
T-36056-00,Tecmo Super Bowl II - Special Edition (USA),USA
T-36066-00,Tecmo Super Bowl III - Final Edition (USA),USA
T-36036-00,Tecmo Super Hockey (USA),USA
T-36033-00,Tecmo Super NBA Basketball (Japan) (En),Japan
T-36026-00,Tecmo Super NBA Basketball (USA),USA
T-44023-00,Tecmo World Cup '92 (Japan) (En),Japan
T-44016,Tecmo World Cup (USA),USA
00054503-00,Teddy Boy Blues (Japan) (Sega Game Toshokan),Japan
T-95016-00,Teenage Mutant Hero Turtles - The Hyperstone Heist (Europe),Europe
T-95066-00,Teenage Mutant Hero Turtles - Tournament Fighters (Europe),Europe
T-95013-00,Teenage Mutant Ninja Turtles - Return of the Shredder (Japan),Japan
T-95013-00,"Teenage Mutant Ninja Turtles - Return of the Shredder (Japan) (Cowabunga Collection, The)",Japan
T-95016-00,Teenage Mutant Ninja Turtles - The Hyperstone Heist (USA),USA
T-95016-00,"Teenage Mutant Ninja Turtles - The Hyperstone Heist (USA) (Cowabunga Collection, The)",USA
00000000-00,Teenage Mutant Ninja Turtles - The Legend Returns (Russia),Russia
T-95053-00,Teenage Mutant Ninja Turtles - Tournament Fighters (Japan),Japan
T-95053-00,"Teenage Mutant Ninja Turtles - Tournament Fighters (Japan) (Cowabunga Collection, The)",Japan
T-95066-00,Teenage Mutant Ninja Turtles - Tournament Fighters (USA),USA
T-95066-00,"Teenage Mutant Ninja Turtles - Tournament Fighters (USA) (Cowabunga Collection, The)",USA
T-76073-00,Teitoku no Ketsudan (Japan),Japan
T-15033-00,Tel-Tel Mahjong (Japan),Japan
T-15013-00,Tel-Tel Stadium (Japan),Japan
00000000-00,Telethugs (World),World
19007019-887,Tennis All Stars (World),World
T-70026-00,"Terminator, The (Europe)",Europe
T-70026-00,"Terminator, The (USA)",USA
T-70026-00,"Terminator, The (USA) (Beta)",USA
T-25133-00,Teshu Budui 357 (China) (Pirate),China
ACLD008-00,"Test Drive II - The Duel (USA, Europe)",USA
MK-0000-00,TetreX (World),World
MK-0000-00,TetreX (World) (v1.1),World
00004007-00,Tetris (Japan) (En) (Mega 6),Japan
XXXXXXXX-XX,Tetris (Japan) (Mega Drive Mini),Japan
XXXXXXXX-XX,Tetris (USA) (Genesis Mini),USA
MK-0000-00,Tetrogen Classic (World) (v1.13),World
T-50986-00,"Theme Park (USA, Europe) (En,Fr,De,Es)",USA
T-100036-00,Thomas the Tank Engine & Friends (USA),USA
00000000-00,"Three Stooges, The (World) (v1.02)",World
M--8010-00,"Thunder Force II (USA, Europe)",USA
T-18013-00,Thunder Force II MD (Japan) (En),Japan
T-18033-00,"Thunder Force III (Japan, USA) (En)",Japan
T-18033-00,"Thunder Force III (Japan, USA) (En) (Rev 1) (Beta)",Japan
MK-1143-50,Thunder Force IV (Europe),Europe
T-18063-00,Thunder Force IV (Japan) (En),Japan
T-18063-00,Thunder Force IV (Japan) (En) (Beta),Japan
MK-1143,Thunder Force IV (Japan) (En) (Sega Ages),Japan
T-11113-00,Thunder Fox (Japan),Japan
T-11066-00,Thunder Fox (USA),USA
00000000-00,Thunder Paw (World),World
00000000-00,Thunder Paw (World) (Demo 1),World
00000000-00,Thunder Paw (World) (Demo 2),World
00000000-00,Thunder Paw (World) (v1.1) (Digital),World
T-43013-00,Thunder Pro Wrestling Retsuden (Japan),Japan
00000000-00,Thundercats (World) (v1.1),World
00000000-00,Thundercats (World) (v2.25),World
T-161026-00,"Tick, The (USA)",USA
00000000-00,Tiger Bureaucrat (World),World
00000000-00,Tiger Bureaucrat (World) (v1.0.1),World
00000000-00,Tiger Bureaucrat (World) (v1.0.2),World
T-23033-00,"Time Dominator 1st (Japan, Korea) (En)",Japan
T-100046-00,Time Killers (Europe),Europe
T-100046-00,Time Killers (USA),USA
0000000-00,Time Trax (USA) (Proto),USA
T-124036-00,Tinhead (USA),USA
T-119236-00,Tinhead (USA) (Rev 1),USA
T-124036-00,Tinhead (World) (QUByte Classics),World
T-151036-50,"Tintin in Tibet (Europe) (En,Fr,De,Es,Nl,Sv)",Europe
T-151036-50,"Tintin in Tibet (Europe) (En,Fr,De,Es,Nl,Sv) (Beta)",Europe
T-95036-00,Tiny Toon Adventures (Korea) (En),Korea
T-95146-00,"Tiny Toon Adventures - ACME All-Stars (Europe) (En,Fr,De)",Europe
T-95146-00,"Tiny Toon Adventures - ACME All-Stars (USA, Korea) (En)",USA
T-95036-00,Tiny Toon Adventures - Buster's Hidden Treasure (Europe),Europe
T-95036-00,Tiny Toon Adventures - Buster's Hidden Treasure (USA),USA
T-49216-00,Todd's Adventures in Slime World (USA),USA
MK-1020-02,"ToeJam & Earl (Japan, Europe) (En) (Rev A)",Japan
MK-1020-00,"ToeJam & Earl (USA, Europe, Korea) (En)",USA
MK-1043-00,ToeJam & Earl in Panic on Funkotron (Asia) (En),Asia
MK-1043-00,ToeJam & Earl in Panic on Funkotron (Europe),Europe
MK-1043-00,ToeJam & Earl in Panic on Funkotron (USA),USA
00000000-00,ToeJam & Earl in Panic on Funkotron (USA) (Beta),USA
MK-1043-00,ToeJam & Earl in Panic on Funkotron (USA) (Sega Channel),USA
MK-1043-00,ToeJam & Earl in Panik auf Funkotron (Germany),Germany
00000000-00,Token Pop (World),World
MK-1127-00,"Toki - Going Ape Spit (USA, Europe)",USA
5503-00,Toki no Keishousha - Phantasy Star III (Japan),Japan
MK-1050-00,Tom Mason's Dinosaurs for Hire (USA),USA
MK-1035-00,Tom Mason's Dinosaurs for Hire (USA) (Beta 1),USA
MK-1050-00,Tom Mason's Dinosaurs for Hire (USA) (Beta 2),USA
MK-1050-00,Tom Mason's Dinosaurs for Hire (USA) (Beta 3),USA
MK-1050-00,Tom Mason's Dinosaurs for Hire (USA) (Beta 4),USA
T-166013-00,Tom and Jerry (Japan) (En),Japan
T-112016-00,Tom and Jerry - Frantic Antics! (USA),USA
T-112016,Tom and Jerry - Frantic Antics! (USA) (Beta),USA
00004006-00,Tommy Lasorda Baseball (USA),USA
00004006-00,Tommy Lasorda Baseball (USA) (Rev A),USA
T-50546-01,"Tony La Russa Baseball (USA, Australia)",USA
DUNE-001-00,Toogle (World),World
DUNE-001-01,Toogle (World) (v1.1),World
T-23066-00,Top Gear 2 (USA),USA
T-73023-00,Top Pro Golf (Japan) (En),Japan
T-73043-00,Top Pro Golf 2 (Japan) (En),Japan
T-88156-50,Total Football (Europe),Europe
T-50996-00,"Toughman Contest (USA, Europe)",USA
G-5513,Tougi Ou - King Colossus (Japan),Japan
MK-1037-00,Toxic Crusaders (USA),USA
T-239046-00,Toy Story (Europe),Europe
T-239046-00,Toy Story (USA),USA
T-86046-00,Toys - Let the Toy Wars begin! (USA),USA
T-34026-00,Trampoline Terror! (USA),USA
T-49166-00,Traysia (USA),USA
T-49166-00,Traysia (USA) (Beta),USA
T-49166-00,Traysia (World) (Evercade),World
T-172116-00,Triple Play - Gold Edition (USA),USA
T-172026-04,Triple Play 96 (USA),USA
MK-0000-00,Tro-Now (World),World
MK-0000-00,Tro-Now (World) (Beta) (bitbitJAM 2015),World
T-23016,Trouble Shooter (USA),USA
T-23016,Trouble Shooter (USA) (Beta),USA
T-97096-00,Troy Aikman NFL Football (USA),USA
T-81386-00,True Lies (World),World
G-4020-00,Truxton (World),World
G-4020-00,"Truxton (World) (Arcade Audio) (Mega Drive Mini 2, Genesis Mini 2)",World
G-4020---00,Truxton (World) (Retro-Bit),World
00000000-00,Tsunagi Kougei-kan (World) (Ja),World
00000000-00,Tsunagi Kougei-kan (World) (Ja) (Beta),World
00001123-00,"Turbo OutRun (Japan, Europe) (En)",Japan
00001123-00,"Turbo OutRun (Japan, Europe) (En) (Beta)",Japan
G-4060-00,Turma da Monica na Terra dos Monstros (Brazil),Brazil
ACLD004-00,"Turrican (USA, Europe)",USA
MK-1128,Twin Cobra - Desert Attack Helicopter (USA),USA
G-4034-00,"Twin Hawk (Japan, Europe) (En)",Japan
G-4034-00,"Twin Hawk (Japan, Europe) (En) (Beta)",Japan
T-61013-00,Twinkle Tale (Japan),Japan
T-XXXXX-XX,"Twisted Flipper (USA, Europe) (Beta 1)",USA
T-50386-XX,"Twisted Flipper (USA, Europe) (Beta 2)",USA
MK-1141,Two Crude Dudes (Europe),Europe
T-13026-00,Two Crude Dudes (USA),USA
T-13063-00,Two Crude Dudes (USA) (Beta),USA
T-13026-00,Two Crude Dudes (World) (Evercade),World
MK-0000-00,"Two Cyclops (World) (En,Pt)",World
00000000-00,Two Ships (World) (v1.0.1),World
T-70316-50,Two Tribes - Populous II (Europe),Europe
T-70056-00,Tyrants - Fight Through Time (USA),USA
00000000-00,UWOL - Quest for Money (World),World
00000000-00,UWOL - Quest for Money (World) (v1.1),World
00000000-00,UWOL - Quest for Money (World) (v1.2),World
T-42023-00,Uchuu Senkan Gomora (Japan) (En),Japan
00000005-00,Ultimate Marvel Quiz Quest (World),World
00000005-00,Ultimate Marvel Quiz Quest (World) (v1.1),World
00000005-00,Ultimate Marvel Quiz Quest (World) (v1.3),World
T-81616-50,Ultimate Mortal Kombat 3 (Europe),Europe
T-097146-00,Ultimate Mortal Kombat 3 (USA),USA
T-11046-00,Ultimate QIX (USA),USA
MK1219-00,"Ultimate Soccer (Europe) (En,Fr,De,Es,It)",Europe
MK1219-00,"Ultimate Soccer (Europe) (En,Fr,De,Es,It) (Beta)",Europe
00000005-00,"Ultimate Tetris (World) (En,Pt)",World
T-SNAKE-MOD,Ultracore (Europe) (Strictly Limited Games),Europe
T-SNAKE-MOD,Ultracore (Japan) (En) (Columbus Circle),Japan
T-SNAKE-MOD,Ultracore (USA) (Strictly Limited Games),USA
T-113066,"Ultracore (USA, Europe) (Switch, PS Vita)",USA
16023-0000,Ultraman (Japan),Japan
T-76026-10,Uncharted Waters (USA),USA
T-74013-00,Undead Line (Japan),Japan
00000000-00,Under the Shrine of Death (World),World
00000000-00,Under the Shrine of Death (World) (v1.1),World
00000000-00,Undersea Treasure Hunting (World),World
ACLD011-00,"Universal Soldier (USA, Europe)",USA
T-119156-00,Unnecessary Roughness '95 (USA),USA
00000000-00,Unstoppable Knight (World),World
00000005-00,Until Dawn (World) (Demo 1),World
00000005-00,Until Dawn (World) (Demo 2),World
T-50886-00,"Urban Strike (USA, Europe)",USA
T-102013-00,Uzu Keobukseon (Korea),Korea
T-48173-00,V-V (Japan) (En),Japan
MK-1576-00,"VR Troopers (USA, Europe)",USA
XXXXXXXX-XX,"VS Puyo Puyo Sun (USA, Europe) (Mega Drive Mini 2, Genesis Mini 2)",USA
T-49196-00,Valis (USA),USA
T-49196-00,Valis (USA) (Beta) (Sega Channel),USA
T-49196-00,Valis (World) (Evercade),World
T-49196--00,Valis (World) (Retro-Bit),World
T-49023-01,Valis III (Japan),Japan
T-49086-01,Valis III (USA),USA
T-49086-01,Valis III (World) (Evercade),World
T-49086--01,Valis III (World) (Retro-Bit),World
T-95043-00,Vampire Killer (Japan) (En),Japan
T-95043-00,Vampire Killer (Japan) (En) (Castlevania Anniversary Collection),Japan
T-95043-00,Vampire Killer (Japan) (En) (Mega Drive Mini),Japan
T-49106-00,Vapor Trail (USA),USA
T-49106-00,Vapor Trail (USA) (Beta),USA
MK-1577-00,Vectorman (USA) (Genesis Mini),USA
MK-1577-00,Vectorman (USA) (Sega Channel),USA
MK-1577-00,"Vectorman (USA, Europe)",USA
xx-xxxx-xx,"Vectorman (USA, Europe) (Beta 1)",USA
xx-xxxx-xx,"Vectorman (USA, Europe) (Beta 2)",USA
MK-1577-00,"Vectorman (USA, Europe) (Beta 3)",USA
MK-1843-00,Vectorman 2 (USA),USA
MK-1577-00,Vectorman 2 (USA) (Beta 1),USA
MK-1843-00,Vectorman 2 (USA) (Beta 2),USA
MK-1843-00,Vectorman 2 (USA) (Beta 3),USA
MK-1843-00,Vectorman 2 (USA) (Beta 4),USA
MK-1843-00,Vectorman 2 (USA) (Beta 5),USA
MK-1843-00,Vectorman 2 (USA) (Beta 6),USA
MK-1843-00,Vectorman 2 (USA) (Sample),USA
T-81556-00,"Venom - Spider-Man - Separation Anxiety (USA, Europe)",USA
T-81556-00,Venom - Spider-Man - Separation Anxiety (World) (Marvel MaXimum Collection),World
00005502-00,Vermilion (Japan),Japan
00005502-00,Vermilion (Japan) (Mega Drive Mini),Japan
T-20043-00,Verytex (Japan),Japan
T-24096-00,Viewpoint (USA),USA
XXXXXXXX-00,Viewpoint (USA) (Beta 1),USA
T-XXXXX-00,Viewpoint (USA) (Beta 2),USA
00000000-00,Vintage Van Halen (World),World
MK-1845-00,Virtua Fighter 2 (Korea) (En),Korea
MK-1845-01,"Virtua Fighter 2 (USA, Europe)",USA
T-103046-00,"Virtua Fighter 2 (USA, Europe) (Beta 1)",USA
T-103046-00,"Virtua Fighter 2 (USA, Europe) (Beta 2)",USA
MK-1845-00,"Virtua Fighter 2 (USA, Europe) (Beta 3)",USA
MK-1845-00,"Virtua Fighter 2 (USA, Europe) (Beta 4)",USA
MK-1845-00,"Virtua Fighter 2 (USA, Europe) (Beta 5)",USA
83604841-00,Virtua Fish (World) (v1.0),World
83604841-00,Virtua Fish (World) (v1.1),World
MK-1229-00,Virtua Racing (Europe),Europe
MK-1229-00,Virtua Racing (Europe) (Beta),Europe
G-7001-00,Virtua Racing (Japan) (En),Japan
MK-1229-00,Virtua Racing (USA),USA
T-81206-00,Virtual Bart (World),World
T-50696-00,"Virtual Pinball (USA, Europe)",USA
00000000-00,Virus Singularity (World),World
T-25133-00,Vixen 357 (Japan),Japan
T-11103,Volfied (Japan) (En),Japan
T-081316-00,WWF RAW (World),World
T-081196-00,WWF Royal Rumble (World),World
T-081086-00,"WWF Super WrestleMania (USA, Europe)",USA
T-81546-00,"WWF WrestleMania - The Arcade Game (USA, Europe)",USA
T-70406-50,Wacky Races (USA) (Proto),USA
MK-1713-00,Wacky Worlds Creativity Studio (USA),USA
MK-1032-00,Wacky Worlds Creativity Studio (USA) (Beta 1),USA
MK-1032-00,Wacky Worlds Creativity Studio (USA) (Beta 2),USA
MK-1032-00,Wacky Worlds Creativity Studio (USA) (Beta 3),USA
MK-1713-00,Wacky Worlds Creativity Studio (USA) (Sega Channel),USA
T-33023-00,Wani Wani World (Japan) (En),Japan
00000000-00,War Marbles Legacy (World),World
00000000-00,War Marbles Legacy (World) (Beta 1),World
00000000-00,War Marbles Legacy (World) (Beta 2),World
T-58016-00,Wardner (USA),USA
T-58013-00,Wardner no Mori Special (Japan),Japan
T-81446-00,"Warlock (USA, Europe)",USA
T-81446-00,"Warlock (USA, Europe) (Beta)",USA
ACLD014-00,"WarpSpeed (USA, Europe)",USA
T-22033-00,Warrior of Rome (USA),USA
T-22056-00,Warrior of Rome II (USA),USA
T-24046-00,Warsong (USA),USA
T-24046-00,Warsong (USA) (Beta),USA
T-8142650,Waterworld (Europe) (Proto),Europe
T-164106-00,Waterworld (USA) (Sega Channel),USA
T-048416-00,"Wayne Gretzky and the NHLPA All-Stars (USA, Europe)",USA
00000000-00,"Wayne Gretzky and the NHLPA All-Stars (USA, Europe) (Beta)",USA
T-100026,Wayne's World (USA),USA
T-14136-00,WeaponLord (USA),USA
00000000-00,"Weave, The (World) (En) (Demo 1)",World
00000000-00,"Weave, The (World) (En,Es) (Demo 2)",World
00000000-00,"Weave, The (World) (Es) (Demo 1)",World
T-83016-00,Wheel of Fortune (USA),USA
T-50336-00,"Where in Time Is Carmen Sandiego (Brazil) (Es,Pt)",Brazil
T-50336-00,"Where in Time Is Carmen Sandiego (USA, Europe) (En,Fr,De,Es,It)",USA
T-50356-00,"Where in the World Is Carmen Sandiego (Brazil) (Es,Pt)",Brazil
T-50356-00,"Where in the World Is Carmen Sandiego (USA, Europe) (En,Fr,De,Es,It)",USA
T-49016-00,Whip Rush (USA),USA
for-CES-only,Whip Rush (USA) (Beta),USA
G4031-00,Whip Rush - Wakusei Voltegas no Nazo (Japan),Japan
T-124066-00,WildSnake (USA) (Proto 1),USA
T-124066-00,WildSnake (USA) (Proto 2),USA
T-97126-00,Williams Arcade's Greatest Hits (USA),USA
MK-1224-50,Wimbledon (Europe),Europe
G-4110-00,Wimbledon Championship Tennis (Japan) (En),Japan
MK-1224-00,Wimbledon Championship Tennis (USA),USA
MK-1224-00,Wimbledon Championship Tennis (USA) (Beta),USA
00000000-00,Windjammers (World) (Proto),World
00000000-00,Windjammers - Bonus Level (World) (Proto),World
T-25076-00,Wings of Wor (USA),USA
ACLD007-00,"Winter Challenge (USA, Europe) (Rev 1)",USA
ACLD007-00,"Winter Challenge (USA, Europe)",USA
ACLD007-00,Winter Challenge (World) (Evercade),World
T-79096,"Winter Olympic Games (USA) (En,Fr,De,Es,It,Pt,Sv,No)",USA
T-79096-50,"Winter Olympics (Europe) (En,Fr,De,Es,It,Pt,Sv,No)",Europe
G-4115-00,"Winter Olympics (Japan) (En,Fr,De,Es,It,Pt,Sv,No)",Japan
00000000-00,Witch n' Wiz (World) (Proto),World
T-113026,Wiz 'N' Liz (USA),USA
T-113026-50,Wiz 'n' Liz - The Frantic Wabbit Wescue (Europe),Europe
T-106233-00,Wizard of the Immortal (Japan),Japan
T-60016-00,Wolfchild (USA),USA
T-81416-00,"Wolverine - Adamantium Rage (USA, Europe)",USA
G-4025-00,"Wonder Boy III - Monster Lair (Japan, Europe) (En)",Japan
G-4060-00,"Wonder Boy V - Monster World III (Japan, Korea) (Ja)",Japan
G-4060-00,"Wonder Boy V - Monster World III (Japan, Korea) (Ja) (Beta)",Japan
G-4060-00,"Wonder Boy in Monster World (USA, Europe)",USA
00004009-01,"World Championship Soccer (Japan, USA) (En)",Japan
00004009-02,"World Championship Soccer (Japan, USA) (En) (Rev A)",Japan
00004009-03,"World Championship Soccer (Japan, USA) (En) (Rev B)",Japan
MK-1233-00,World Championship Soccer II (Europe),Europe
MK-1233-00,World Championship Soccer II (USA),USA
T-XXXXX-00,World Championship Soccer II (USA) (Beta 1),USA
T-XXXXX-00,World Championship Soccer II (USA) (Beta 10),USA
T-XXXXX-00,World Championship Soccer II (USA) (Beta 11),USA
MK-1233-00,World Championship Soccer II (USA) (Beta 12),USA
MK-1233-00,World Championship Soccer II (USA) (Beta 13),USA
MK-1233-00,World Championship Soccer II (USA) (Beta 14),USA
MK-1233-00,World Championship Soccer II (USA) (Beta 15),USA
MK-1233-00,World Championship Soccer II (USA) (Beta 16),USA
MK-1233-00,World Championship Soccer II (USA) (Beta 17),USA
MK-1233-00,World Championship Soccer II (USA) (Beta 18),USA
MK-1233-00,World Championship Soccer II (USA) (Beta 19),USA
T-XXXXX-00,World Championship Soccer II (USA) (Beta 2),USA
T-XXXXX-00,World Championship Soccer II (USA) (Beta 3),USA
T-XXXXX-00,World Championship Soccer II (USA) (Beta 4),USA
T-XXXXX-00,World Championship Soccer II (USA) (Beta 5),USA
T-XXXXX-00,World Championship Soccer II (USA) (Beta 6),USA
T-XXXXX-00,World Championship Soccer II (USA) (Beta 7),USA
T-XXXXX-00,World Championship Soccer II (USA) (Beta 8),USA
T-XXXXX-00,World Championship Soccer II (USA) (Beta 9),USA
T-79026-50,World Class Leader Board (Europe),Europe
T-79026-00,World Class Leaderboard Golf (USA),USA
00004009-05,World Cup Italia '90 (Europe),Europe
00004009-00,World Cup Soccer (Japan) (En),Japan
T-79116-00,"World Cup USA 94 (USA, Europe, Korea) (En,Fr,De,Es,It,Nl,Pt,Sv)",USA
MK-1547-00,World Heroes (Asia) (En),Asia
MK-1547-00,World Heroes (Asia) (En) (Beta 1),Asia
MK-1547-00,World Heroes (Asia) (En) (Beta 2),Asia
MK-1547-00,World Heroes (Asia) (En) (Beta 3),Asia
MK-1547-00,World Heroes (Asia) (En) (Beta 5),Asia
MK-1547-00,World Heroes (USA),USA
XXXXXXXX-XX,World Heroes (USA) (Beta 1),USA
MK-1547-00,World Heroes (USA) (Beta 10),USA
MK-1547-00,World Heroes (USA) (Beta 11),USA
MK-1547-00,World Heroes (USA) (Beta 12),USA
MK-1547-00,World Heroes (USA) (Beta 13),USA
MK-1547-00,World Heroes (USA) (Beta 2),USA
MK-1547-00,World Heroes (USA) (Beta 3),USA
MK-1547-00,World Heroes (USA) (Beta 4),USA
MK-1547-00,World Heroes (USA) (Beta 5),USA
MK-1547-00,World Heroes (USA) (Beta 6),USA
MK-1547-00,World Heroes (USA) (Beta 7),USA
MK-1547-00,World Heroes (USA) (Beta 8),USA
MK-1547-00,World Heroes (USA) (Beta 9),USA
MK-1239-00,World Series Baseball '95 (USA),USA
xx-xx-xxxx-xx,World Series Baseball '95 (USA) (Beta 1),USA
MK-1239-00,World Series Baseball '95 (USA) (Beta 10),USA
MK-1239-00,World Series Baseball '95 (USA) (Beta 11),USA
MK-1239-00,World Series Baseball '95 (USA) (Beta 12),USA
MK-1239-00,World Series Baseball '95 (USA) (Beta 13),USA
MK-1239-00,World Series Baseball '95 (USA) (Beta 14),USA
MK-1239-00,World Series Baseball '95 (USA) (Beta 15),USA
MK-1239-00,World Series Baseball '95 (USA) (Beta 16),USA
MK-1239-00,World Series Baseball '95 (USA) (Beta 17),USA
MK-1239-00,World Series Baseball '95 (USA) (Beta 18),USA
MK-1239-00,World Series Baseball '95 (USA) (Beta 19),USA
xx-xx-xxxx-xx,World Series Baseball '95 (USA) (Beta 2),USA
MK-1239-00,World Series Baseball '95 (USA) (Beta 20),USA
MK-1239-00,World Series Baseball '95 (USA) (Beta 21),USA
MK-1239-00,World Series Baseball '95 (USA) (Beta 22),USA
MK-1239-00,World Series Baseball '95 (USA) (Beta 23),USA
xx-xx-xxxx-xx,World Series Baseball '95 (USA) (Beta 3),USA
MK-1239-00,World Series Baseball '95 (USA) (Beta 4),USA
MK-1239-00,World Series Baseball '95 (USA) (Beta 5),USA
MK-1239-00,World Series Baseball '95 (USA) (Beta 6),USA
MK-1239-00,World Series Baseball '95 (USA) (Beta 7),USA
MK-1239-00,World Series Baseball '95 (USA) (Beta 8),USA
MK-1239-00,World Series Baseball '95 (USA) (Beta 9),USA
MK-1242-00,World Series Baseball '96 (USA),USA
MK-1222-00,World Series Baseball (USA),USA
MK-1222-00,World Series Baseball (USA) (Beta 1),USA
MK-1222-00,World Series Baseball (USA) (Beta 2),USA
MK-1222-00,World Series Baseball (USA) (Beta 3),USA
MK-1222-00,World Series Baseball (USA) (Beta 4),USA
MK-1222-00,World Series Baseball (USA) (Beta 5),USA
MK-1222-00,World Series Baseball (USA) (Beta 6),USA
MK-1222-00,World Series Baseball (USA) (Beta 7),USA
MK-1222-00,World Series Baseball (USA) (Beta 8),USA
MK-1222-00,World Series Baseball (USA) (Beta 9),USA
MK-1222-01,World Series Baseball (USA) (Rev A) (Beta),USA
MK-1222-00,World Series Baseball (USA) (Sega Channel),USA
MK-1244-00,World Series Baseball 98 (USA),USA
T-70046-00,World Trophy Soccer (USA),USA
T-70046-00,World Trophy Soccer (World) (Evercade),World
MK-1070-50,World of Illusion Starring Mickey Mouse and Donald Duck (Europe),Europe
MK-1070-00,"World of Illusion Starring Mickey Mouse and Donald Duck (USA, Korea) (En)",USA
00004054-01,"World of Illusion starring Mickey Mouse & Donald Duck (USA, Korea) (En) (Beta 1)",USA
00004054-01,"World of Illusion starring Mickey Mouse & Donald Duck (USA, Korea) (En) (Beta 2)",USA
00000000-00,World of Tanks (Russia),Russia
MK-1198--00,Worms (Europe),Europe
00000000-00,Worms (Europe) (Beta),Europe
GM-MK-1198--00,Worms (USA) (Limited Run Games),USA
00000000-00,Worms (USA) (Proto),USA
MK-1198-00,Worms (World) (Evercade),World
R-01000-00,Wrath of the Demon (USA) (Proto),USA
00004055-00,"Wrestle War (Japan, Europe) (En)",Japan
00005502-00,"Wrestle War (Japan, Europe) (En) (Beta)",Japan
T-14043-00,Wrestleball (Japan) (En),Japan
T-24076-01,Wushu Shen Jie (China) (Pirate),China
MK-1057-00,X-Men (Europe),Europe
MK-1057-00,X-Men (USA),USA
MK-1550-00,X-Men 2 - Clone Wars (USA) (Sega Channel),USA
MK-1550-00,"X-Men 2 - Clone Wars (USA, Europe)",USA
MK-1032-00,"X-Men 2 - Clone Wars (USA, Europe) (Beta 1)",USA
MK-1550-00,"X-Men 2 - Clone Wars (USA, Europe) (Beta 10)",USA
MK-1550-00,"X-Men 2 - Clone Wars (USA, Europe) (Beta 11)",USA
MK-1550-00,"X-Men 2 - Clone Wars (USA, Europe) (Beta 12)",USA
MK-1550-00,"X-Men 2 - Clone Wars (USA, Europe) (Beta 13)",USA
MK-1550-00,"X-Men 2 - Clone Wars (USA, Europe) (Beta 14)",USA
MK-1550-00,"X-Men 2 - Clone Wars (USA, Europe) (Beta 15)",USA
MK-1550-00,"X-Men 2 - Clone Wars (USA, Europe) (Beta 16)",USA
MK-1550-00,"X-Men 2 - Clone Wars (USA, Europe) (Beta 17)",USA
MK-1550-00,"X-Men 2 - Clone Wars (USA, Europe) (Beta 18)",USA
MK-1550-00,"X-Men 2 - Clone Wars (USA, Europe) (Beta 19)",USA
MK-1032-00,"X-Men 2 - Clone Wars (USA, Europe) (Beta 2)",USA
MK-1032-00,"X-Men 2 - Clone Wars (USA, Europe) (Beta 3)",USA
MK-1550-00,"X-Men 2 - Clone Wars (USA, Europe) (Beta 4)",USA
MK-1550-00,"X-Men 2 - Clone Wars (USA, Europe) (Beta 5)",USA
MK-1550-00,"X-Men 2 - Clone Wars (USA, Europe) (Beta 6)",USA
MK-1550-00,"X-Men 2 - Clone Wars (USA, Europe) (Beta 7)",USA
MK-1550-00,"X-Men 2 - Clone Wars (USA, Europe) (Beta 8)",USA
MK-1550-00,"X-Men 2 - Clone Wars (USA, Europe) (Beta 9)",USA
MK-1574-00,X-Perts (USA),USA
SEGA000-00,X-Perts (USA) (Beta),USA
T-41013-00,XDR - X-Dazedly-Ray (Japan) (En),Japan
BMAP-001-00,"Xeno Crisis (World) (En,Ja,Fr,De,Es,It,Nl,Pt) (Evercade)",World
t-70076-50,Xenon 2 - Megablast (Europe),Europe
t-70076-50,Xenon 2 - Megablast (World) (Evercade),World
G-005536-01,Xin Chuangshiji (China) (Pirate),China
MK-1315-00,Xin Guangming Yu Heian III - Gudai Fengyin (China) (Pirate),China
00005502-00,Xin Shi Zhong Jian (China) (Pirate),China
T-76153-00,Xin Zhang Yewang - Bawang Chuan (China) (Pirate),China
RG-0001-00,Xump 2 (World) (Beta),World
T-48003-00,Xybots II (Japan) (Auto Demo),Japan
CSET0001-00,YM2017 (World) (Digital),World
00000000-00,YM2020 (World),World
RS333445-01,Yazzie (World) (Evercade),World
RS333445-01,Yazzie (World) (Itch.io),World
RS333445-01,Yazzie (World) (Itch.io) (dmaSafe),World
RS333445-01,Yazzie (World) (v1.1) (Evercade),World
MK-0000-00,Yie Ar Kung-Fu (World),World
T-83146-50,Yogi Bear - Cartoon Capers (Europe),Europe
00000000-00,You Shall Not Steal (World) (v3.6),World
XXXXXXX-00,"Young Indiana Jones Chronicles, The (USA) (Beta)",USA
T-49063-00,Ys - Wanderers from Ys (Japan),Japan
T-49146-00,Ys III (USA),USA
T-49063-00,Ys III (USA) (Beta),USA
G-004122-00,Yu Yu Hakusho - Makyou Toitsusen (Japan),Japan
G-004103-00,Yu Yu Hakusho - Makyou Toitsusen (Japan) (Beta) (Sega Channel),Japan
G-5523-00,Yu Yu Hakusho Gaiden (Japan),Japan
G-004122-00,YuYu Hakusho - Sunset Fighters (Brazil),Brazil
00000000-00,ZPF (World),World
ZABU0001-00,Zabu (World) (Demo 1),World
ZABU0001-00,Zabu (World) (Demo 2),World
T-32033-00,Zan - Yasha Enbukyoku (Japan),Japan
T-50036-01,"Zany Golf (USA, Europe)",USA
T-119146-00,Zero Tolerance (Germany) (En),Germany
T-119146-01,"Zero Tolerance (USA, Europe) (Rev A)",USA
T-119146-01,"Zero Tolerance (World) (Evercade, GOG)",World
T-119146-01,Zero Tolerance (World) (Switch),World
T-119146-00,Zero Tolerance Underground (World) (Proto) (Switch),World
MK-1138-50,Zero Wing (Europe),Europe
T-40023-00,Zero Wing (Japan),Japan
T-40023-00,Zero Wing (World) (Retro-Bit),World
T-15176-50,Zero the Kamikaze Squirrel (Europe),Europe
T-15176-00,Zero the Kamikaze Squirrel (USA),USA
GM-T-15176--00,Zero the Kamikaze Squirrel (USA) (Limited Run Games),USA
0000-0001,Zhanqi - Chinese Battle Chess (Taiwan),Taiwan
GTX420-8M05,Zhongguo Xiangqi (Taiwan),Taiwan
MK-0000-00,Zombi Terror (World),World
T-95086-00,Zombies (Europe),Europe
T-95086-00,Zombies Ate My Neighbors (USA),USA
T-95086-00,Zombies Ate My Neighbors (USA) (Limited Run Games),USA
T-83096-00,Zool (World) (Evercade),World
T-50726-50,Zool - Ninja of the 'Nth' Dimension (Europe),Europe
T-83096-00,Zool - Ninja of the 'Nth' Dimension (USA),USA
G-4023-00,Zoom! (World),World
00000000-00,Zooming Secretary - Going Panic (World),World
T-139086-50,Zoop (Europe),Europe
T-139086-00,Zoop (USA),USA
T-139086-00,Zoop (USA) (Beta),USA
T0106083-00,Zou! Zou! Zou! Rescue Daisakusen (Japan) (En),Japan
T-100076-50,seaQuest DSV (Europe),Europe
T-100076-00,seaQuest DSV (USA),USA
