serial,name,region
SHVC-AY2J-JPN,'96 Zenkoku Koukou Soccer Senshuken (Japan),Japan
SHVC-SA,2020 Super Baseball (Japan),Japan
SNS-SA,2020 Super Baseball (USA),USA
SNS-A3NE-USA,3 Ninjas Kick Back (USA),USA
SHVC-ABZJ-JPN,3-jigen Kakutou Ballz (Japan),Japan
SHVC-A83J-JPN,3x3 Eyes - Juuma Houkan (Japan),Japan
SHVC-33,3x3 Eyes - Seima Kourinden (Japan),Japan
SHVC-AYSJ-JPN,4-nin Shougi (Japan),Japan
SHVC-46,46 Okunen Monogatari - Harukanaru Eden e (Japan),Japan
SNS-EL,"7th Saga, The (USA)",USA
SNSP-AJ3P,90 Minutes - European Prime Goal (Europe),Europe
SNS-4A-USA,A.S.P. - Air Strike Patrol (USA),USA
SHVC-N5-JPN,ABC Monday Night Football (Japan),Japan
SNS-N5,ABC Monday Night Football (USA),USA
SNSP-ACMP-EUR,ACME Animation Factory (Europe),Europe
SNS-ACME-USA,ACME Animation Factory (USA),USA
SHVC-ATGJ-JPN,AIII S.V. - A Ressha de Ikou 3 - Super Version (Japan),Japan
SNSP-ANNP-EUR,Aaahh!!! Real Monsters (Europe),Europe
SNS-ANNE-USA,Aaahh!!! Real Monsters (USA),USA
SHVC-AY,Accele Brid (Japan),Japan
SHVC-EE,Ace o Nerae! (Japan),Japan
SHVC-2T,Acrobat Mission (Japan),Japan
SNSP-AR,ActRaiser (Europe),Europe
SNSP-AR,ActRaiser (France),
SNSP-AR,ActRaiser (Germany),
SNS-P-AR,ActRaiser (USA),USA
SNS-P-AR,ActRaiser (USA) (Arcade),USA
SNS-A8-USA,ActRaiser 2 (USA),USA
SHVC-A8-JPN,ActRaiser 2 - Chinmoku e no Seisen (Japan),Japan
SHVC-PE,Action Pachio (Japan),Japan
SHVC-AR,Actraiser (Japan),Japan
SNSP-A8-EUR,"Actraiser 2 (Europe) (En,Fr,De)",Europe
SNSP-VY,"Addams Family Values (Europe) (En,Fr,De)",Europe
SNS-VY,"Addams Family Values (USA) (En,Fr,De)",USA
SNSP-AF,"Addams Family, The (Europe) (En,Fr,De)",Europe
SHVC-AF,"Addams Family, The (Japan)",Japan
SNS-AF,"Addams Family, The (USA)",USA
SNS-AF,"Addams Family, The (USA) (Arcade)",USA
SNSP-AH,"Addams Family, The - Pugsley's Scavenger Hunt (Europe)",Europe
SNS-AH-USA,"Addams Family, The - Pugsley's Scavenger Hunt (USA)",USA
SNS-IB,Advanced Dungeons & Dragons - Eye of the Beholder (USA),USA
SNSP-ABTP-EUR,"Adventures of Batman & Robin, The (Europe)",Europe
SNS-ABTE-USA,"Adventures of Batman & Robin, The (USA)",USA
SNSP-6F,"Adventures of Dr. Franken, The (Europe) (En,Fr,De,Es,It,Nl,Sv)",Europe
SNS-6F,"Adventures of Dr. Franken, The (USA)",USA
SNS-YK,"Adventures of Kid Kleets, The (USA) (En,Fr,Es)",USA
SNSP-AMOP-EUR,"Adventures of Mighty Max, The (Europe)",Europe
SNS-RZ-USA,"Adventures of Rocky and Bullwinkle and Friends, The (USA)",USA
SNS-Y8-USA,Adventures of Yogi Bear (USA),USA
SHVC-RK,"Adventures of the Rocketeer, The (Japan)",Japan
SNS-AERE-USA,Aero Fighters (USA),USA
SNSP-XB,Aero the Acro-Bat (Europe),Europe
SNS-XB-USA,Aero the Acro-Bat (USA),USA
SNSP-AE2P-EUR,Aero the Acro-Bat 2 (Europe),Europe
SNS-AE2E-USA,Aero the Acro-Bat 2 (USA),USA
SNS-AL,Aerobiz (USA),USA
SNS-AG-USA,Aerobiz Supersonic (USA),USA
SNSP-GF,Aguri Suzuki F-1 Super Driving (Europe),Europe
SNSP-ACCP-EUR,Air Cavalry (Europe),Europe
SNS-ACCE-USA,Air Cavalry (USA),USA
SHVC-AL,Air Management - Oozora ni Kakeru (Japan),Japan
SHVC-AL,Air Management - Oozora ni Kakeru (Japan) (Rev 1),Japan
SHVC-AG,Air Management II - Koukuu Ou o Mezase (Japan),Japan
SHVC-AAMJ-JPN,Akagawa Jirou - Majotachi no Nemuri (Japan),Japan
SHVC-AAMJ-JPN,Akagawa Jirou - Majotachi no Nemuri (Japan) (Rev 1) (NP),Japan
SHVC-ACJJ-JPN,Akazukin Chacha (Japan),Japan
SHVC-AD,Akumajou Dracula (Japan),Japan
SHVC-ADZJ-JPN,Akumajou Dracula XX (Japan),Japan
SNS-AUJE-USA,Al Unser Jr.'s Road to the Top (USA),USA
SNSP-RJ,Aladdin (Europe),Europe
SNSP-RJ,Aladdin (France),
SNSP-RJ,Aladdin (Germany),
SHVC-RJ,Aladdin (Japan),Japan
SNSP-RJ,Aladdin (Spain),
SNS-RJ-USA,Aladdin (USA),USA
SHVC-AO,Albert Odyssey (Japan),Japan
SHVC-AO2J-JPN,Albert Odyssey 2 - Jashin no Taidou (Japan),Japan
SHVC-LX,Alcahest (Japan),Japan
SNSP-8A,Alfred Chicken (Europe),Europe
SHVC-AALJ-JPN,Alice no Paint Adventure (Japan),Japan
SNSP-A3,Alien 3 (Europe),Europe
SHVC-A3-JPN,Alien 3 (Japan),Japan
SNS-A3-USA,Alien 3 (USA),USA
SNSP-AP,Alien vs Predator (Europe),Europe
SNS-AP-USA,Alien vs Predator (USA),USA
SHVC-AP-JPN,Aliens vs. Predator (Japan),Japan
SNSP-LU,All-American Championship Football (Europe),Europe
SHVC-ASPJ-JPN,"Amazing Spider-Man, The - Lethal Foes (Japan)",Japan
SHVC-UQ,America Oudan Ultra Quiz (Japan),Japan
SHVC-A5BJ-JPN,American Battle Dome (Japan),Japan
SNS-AA-USA,American Gladiators (USA),USA
SNSP-9W,"American Tail, An - Fievel Goes West (Europe)",Europe
SNS-9W,"American Tail, An - Fievel Goes West (USA)",USA
SHVC-NY-JPN,Andre Agassi Tennis (Japan),Japan
SNS-7A,Andre Agassi Tennis (USA),USA
SHVC-QE,Angelique (Japan),Japan
SHVC-QE,Angelique (Japan) (Premium Box),Japan
SHVC-ABLJ-JPN,Animal Buranden - Brutal (Japan),Japan
SNSP-ANCP-EUR,Animaniacs (Europe),Europe
SHVC-ANCJ-JPN,Animaniacs (Japan),Japan
SNS-ANCE-USA,Animaniacs (USA),USA
SNSP-TW,Another World (Europe),Europe
SHVC-A3KJ-JPN,Aoki Densetsu Shoot! (Japan),Japan
SHVC-7X,Appleseed - Prometheus no Shintaku (Japan),Japan
SHVC-AQ-JPN,Aqutallion (Japan),Japan
SHVC-AAJJ-JPN,Arabian Nights - Sabaku no Seirei Ou (Japan),Japan
SHVC-R9,Araiguma Rascal (Japan),Japan
SNSP-AW7P-EUR,Arcade's Greatest Hits - The Atari Collection 1 (Europe),Europe
SNS-AW7E-USA,Arcade's Greatest Hits - The Atari Collection 1 (USA),USA
SNS-RF-USA,Arcana (USA),USA
SNSP-ASDP-EUR,Archer Maclean's Super Dropzone (Europe),Europe
SHVC-A4,Arcus Spirits (Japan),Japan
SNSP-A9,Ardy Lightfoot (Europe),Europe
SHVC-A9,Ardy Lightfoot (Japan),Japan
SNS-A9,Ardy Lightfoot (USA),USA
SHVC-E8,Area 88 (Japan),Japan
SHVC-YJ,Aretha (Japan),Japan
SHVC-AREJ-JPN,Aretha II - Ariel no Fushigi na Tabi (Japan),Japan
SNSP-A6,Arkanoid - Doh It Again (Europe),Europe
SHVC-A6,Arkanoid - Doh It Again (Japan),Japan
SNS-A6-USA,Arkanoid - Doh It Again (USA),USA
SNSP-RW,Art of Fighting (Europe),Europe
SNS-RW,Art of Fighting (USA),USA
SHVC-X3,Aryol (Japan),Japan
SHVC-A23J-JPN,Asahi Shinbun Rensai - Katou Hifumi Kudan Shougi - Shingiryuu (Japan),Japan
SHVC-ZC,Asameshimae Nyanko (Japan),Japan
SHVC-AJ,Ashita no Joe (Japan),Japan
SNSP-AXOP-EUR,"Asterix & Obelix (Europe) (En,Fr,De,Es)",Europe
SNSP-XE,"Asterix (Europe) (En,Fr,De,Es)",Europe
SHVC-AATJ-JPN,"Atlas, The - Renaissance Voyager (Japan)",Japan
SNSP-AX,Axelay (Europe),Europe
SHVC-AX,Axelay (Japan),Japan
SNS-AX,Axelay (USA),USA
SNSP-B4,B.O.B. (Europe),Europe
SNS-B4,B.O.B. (USA),USA
SHVC-AXBJ-JPN,Bahamut Lagoon (Japan),Japan
SHVC-AAIJ-JPN,Bakukyuu Renpatsu!! Super B-Daman (Japan),Japan
SHVC-A2OJ-JPN,Bakumatsu Kourinden Oni (Japan),Japan
SHVC-ABDJ-JPN,Bakutou Dochers - Bumps-jima wa Oosawagi (Japan),Japan
SHVC-AAGJ-JPN,Ball Bullet Gun (Japan),Japan
SNS-ABZE-USA,Ballz 3D - Fighting at Its Ballziest (USA),USA
SHVC-BK,Barbarossa (Japan),Japan
SNS-8L-USA,Barbie Super Model (USA),USA
SNSP-U5,Barkley Shut Up and Jam! (Europe),Europe
SNS-U5,Barkley Shut Up and Jam! (USA),USA
SHVC-I7-JPN,Barkley no Power Dunk (Japan),Japan
SHVC-ABAJ-JPN,Bass Masters Classic (Japan),Japan
SNS-ABAE-USA,Bass Masters Classic (USA),USA
SNSP-A9BP-EUR,Bass Masters Classic - Pro Edition (Europe),Europe
SNS-A9BE-USA,Bass Masters Classic - Pro Edition (USA),USA
SNS-AB2E-USA,Bassin's Black Bass (USA),USA
SHVC-VC,Bastard!! - Ankoku no Hakaishin (Japan),Japan
SNSP-A3BP-EUR,Batman Forever (Europe),Europe
SHVC-A3BJ-JPN,Batman Forever (Japan),Japan
SNS-A3BE-USA,Batman Forever (USA),USA
SNSP-BJ,Batman Returns (Europe),Europe
SHVC-BJ,Batman Returns (Japan),Japan
SNS-BJ-USA,Batman Returns (USA),USA
SHVC-BZ,Battle Blaze (Japan),Japan
SNS-BZ-USA,Battle Blaze (USA),USA
SNS-4B,Battle Cars (USA),USA
SNSP-BT,Battle Clash (Europe),Europe
SNS-BT,Battle Clash (USA),USA
SHVC-BC,"Battle Commander - Hachibushuu, Shura no Heihou (Japan)",Japan
SHVC-ABCJ-JPN,Battle Cross (Japan),Japan
SHVC-BD,Battle Dodge Ball - Toukyuu Daigekitotsu! (Japan),Japan
SHVC-D2,Battle Dodge Ball II (Japan),Japan
SHVC-BG,Battle Grand Prix (Japan),Japan
SNS-BG,Battle Grand Prix (USA),USA
SHVC-AV2J-JPN,Battle Jockey (Japan),Japan
SHVC-5B,Battle Master - Kyuukyoku no Senshi-tachi (Japan),Japan
SHVC-ABPJ-JPN,Battle Pinball (Japan),Japan
SHVC-ACRJ-JPN,Battle Racers (Japan),Japan
SHVC-ABRJ-JPN,Battle Robot Retsuden (Japan),Japan
SHVC-B8-JPN,Battle Soccer - Field no Hasha (Japan),Japan
SHVC-ABSJ-JPN,Battle Soccer 2 (Japan),Japan
SHVC-A5LJ-JPN,Battle Submarine (Japan),Japan
SHVC-AFHJ,Battle Tycoon - Flash Hiders SFX (Japan),Japan
SHVC-AFHJ,Battle Tycoon - Flash Hiders SFX (Japan) (Rev 1),Japan
SHVC-ZQ,Battle Zeque Den (Japan),Japan
SHVC-V5,BattleTech (Japan),Japan
SHVC-A35J-JPN,BattleTech 3050 (Japan),Japan
SNSP-NX,Battletoads in Battlemaniacs (Europe),Europe
SHVC-8T-JPN,Battletoads in Battlemaniacs (Japan),Japan
SNS-NX-USA,Battletoads in Battlemaniacs (USA),USA
SNSP-UL,Battletoads-Double Dragon (Europe),Europe
SNS-UL,Battletoads-Double Dragon (USA),USA
SHVC-VM,Bazoe! Mahou Sekai (Japan),Japan
SNS-BY-USA,Bazooka Blitzkrieg (USA),USA
SNSP-EW,Beauty and the Beast (Europe),Europe
SNS-EW,Beauty and the Beast (USA),USA
SNSP-ABUP-EUR,Beavis and Butt-Head (Europe),Europe
SNS-ABUE-USA,Beavis and Butt-Head (USA),USA
SNS-6B,Bebe's Kids (USA),USA
SNSP-2V,Beethoven - The Ultimate Canine Caper! (Europe),Europe
SNS-2V,Beethoven - The Ultimate Canine Caper! (USA),USA
SHVC-BO,Benkei Gaiden - Suna no Shou (Japan),Japan
SHVC-AG6J-JPN,Best Shot Pro Golf (Japan),Japan
SNSP-BE,Best of the Best - Championship Karate (Europe),Europe
SNS-BE,Best of the Best - Championship Karate (USA),USA
SHVC-APDJ-JPN,Big Ichigeki! Pachi-Slot Daikouryaku (Japan),Japan
SHVC-AUVJ-JPN,Big Ichigeki! Pachi-Slot Daikouryaku 2 - Universal Collection (Japan),Japan
SNSP-AB9P,Big Sky Trooper (Europe),Europe
SNS-AB9E,Big Sky Trooper (USA),USA
SHVC-EW,Bijo to Yajuu (Japan),Japan
SNSP-ABMP-EUR,Biker Mice from Mars (Europe),Europe
SNS-ABME-USA,Biker Mice from Mars (USA),USA
SNS-CB-USA,Bill Laimbeer's Combat Basketball (USA),USA
SNS-7F,Bill Walsh College Football (USA),USA
SHVC-3K,Bing Bing! Bingo (Japan),Japan
SNSP-BV,BioMetal (Europe),Europe
SHVC-BV,BioMetal (Japan),Japan
SNS-BV-USA,BioMetal (USA),USA
SHVC-ZK,Bishin Densetsu Zoku (Japan),Japan
SHVC-JS,Bishoujo Janshi Suchie-Pai (Japan),Japan
SHVC-JS,Bishoujo Janshi Suchie-Pai (Japan) (Rev 1),Japan
SHVC-AE,Bishoujo Senshi Sailor Moon (Japan),Japan
SHVC-AASJ-JPN,Bishoujo Senshi Sailor Moon - Another Story (Japan),Japan
SHVC-2Q,Bishoujo Senshi Sailor Moon R (Japan),Japan
SHVC-AQSJ-JPN,Bishoujo Senshi Sailor Moon S - Jougai Rantou! Shuyaku Soudatsusen (Japan),Japan
SHVC-3Q,Bishoujo Senshi Sailor Moon S - Kondo wa Puzzle de Oshioki yo! (Japan),Japan
SHVC-AILJ-JPN,Bishoujo Senshi Sailor Moon S - Kurukkurin (Japan),Japan
SHVC-A9PJ-JPN,Bishoujo Senshi Sailor Moon SuperS - Fuwafuwa Panic (Japan),Japan
SHVC-AJQJ-JPN,Bishoujo Senshi Sailor Moon SuperS - Zenin Sanka!! Shuyaku Soudatsusen (Japan),Japan
SHVC-A3QJ-JPN,Bishoujo Wrestler Retsuden - Blizzard Yuki Rannyuu!! (Japan),Japan
SHVC-BL,BlaZeon (Japan),Japan
SNS-BL-USA,BlaZeon - The Bio-Cyborg Challenge (USA),USA
SNSP-6Z,"Blackhawk (Europe) (En,Fr,De)",Europe
SNS-6Z,Blackthorne (USA),USA
SHVC-6Z,Blackthorne - Fukushuu no Kuroki Toge (Japan),Japan
SNSP-WG,Blazing Skies (Europe),Europe
SHVC-AB8J-JPN,Block Kuzushi (Japan),Japan
SHVC-NU,"Blue Crystalrod, The (Japan)",Japan
SNSP-B6,"Blues Brothers, The (Europe)",Europe
SHVC-B6,"Blues Brothers, The (Japan)",Japan
SNS-B6,"Blues Brothers, The (USA)",USA
SHVC-AYWJ-JPN,Bokujou Monogatari (Japan),Japan
SHVC-AYWJ-JPN,Bokujou Monogatari (Japan) (Rev 1),Japan
SHVC-AH9J-JPN,Bomber Man B-Daman (Japan),Japan
SHVC-BB,Bombuzal (Japan),Japan
SNS-ABNE-USA,Bonkers (USA),USA
SHVC-ABNJ-JPN,Bonkers - Hollywood Daisakusen! (Japan),Japan
SNSP-AB4P-EUR,Boogerman - A Pick and Flick Adventure (Europe),Europe
SNS-AB4E-USA,Boogerman - A Pick and Flick Adventure (USA),USA
SHVC-A2LJ-JPN,Bounty Sword (Japan),Japan
SNSP-LL,Boxing Legends of the Ring (Europe),Europe
SNS-LL-USA,Boxing Legends of the Ring (USA),USA
SHVC-3B,Brain Lord (Japan),Japan
SNS-3B,Brain Lord (USA),USA
SNSP-B7,"Brainies, The (Europe)",Europe
SNS-B7,"Brainies, The (USA)",USA
SNSP-5D,Bram Stoker's Dracula (Europe),Europe
SNS-5D,Bram Stoker's Dracula (USA),USA
SHVC-QF,Brandish (Japan),Japan
SNS-QF,Brandish (USA),USA
SHVC-AQGJ-JPN,Brandish 2 - Expert (Japan),Japan
SHVC-AQGJ-JPN,Brandish 2 - The Planet Buster (Japan),Japan
SNS-RB,Brawl Brothers (USA),USA
SNSP-RB,Brawl Brothers - Rival Turf! 2 (Europe),Europe
SNS-ABXE-USA,BreakThru! (USA),USA
SNS-P-BF,Breath of Fire (USA),USA
SHVC-BF,Breath of Fire - Ryuu no Senshi (Japan),Japan
SHVC-BF,Breath of Fire - Ryuu no Senshi (Japan) (Rev 1),Japan
SNSP-AF2P-EUR,Breath of Fire II (Europe),Europe
SNS-AF2E-USA,Breath of Fire II (USA),USA
SHVC-AF2J-JPN,Breath of Fire II - Shimei no Ko (Japan),Japan
SHVC-AF2J-JPN,Breath of Fire II - Shimei no Ko (Japan) (Rev 1),Japan
SNSP-5Y,Brett Hull Hockey (Europe),Europe
SNS-5Y,Brett Hull Hockey (USA),USA
SNS-ABHE-USA,Brett Hull Hockey 95 (USA),USA
M/SNS-AB6E-USA,"Bronkie the Bronchiasaurus (USA) (En,Es)",USA
SNS-AWUE-USA,Brunswick World Tournament of Champions (USA),USA
SNSP-ABLP-EUR,"Brutal - Paws of Fury (Europe) (En,Fr,De)",Europe
SNS-ABLE-USA,Brutal - Paws of Fury (USA),USA
SNSP-ABBP-EUR,Bubsy II (Europe),Europe
SNS-ABBE-USA,Bubsy II (USA),USA
SNSP-YN SNSP-UY,Bubsy in - Claws Encounters of the Furred Kind (Europe),Europe
SNSP-YN SNSP-UY,Bubsy in - Claws Encounters of the Furred Kind (Europe) (Accolade),Europe
SNS-UY,Bubsy in - Claws Encounters of the Furred Kind (USA),USA
SHVC-R7,Bugs Bunny - Hachamecha Daibouken (Japan),Japan
SNSP-R7,Bugs Bunny - Rabbit Rampage (Europe),Europe
SNS-R7,Bugs Bunny - Rabbit Rampage (USA),USA
SNSP-BU,Bulls vs Blazers and the NBA Playoffs (Europe),Europe
SNSP-BU,Bulls vs Blazers and the NBA Playoffs (Europe) (Rev 1),Europe
SNS-BU,Bulls vs Blazers and the NBA Playoffs (USA),USA
SNS-BU,Bulls vs Blazers and the NBA Playoffs (USA) (Rev 1),USA
SHVC-BI-JPN,Burai - Hachigyoku no Yuushi Densetsu (Japan),Japan
SHVC-AYUJ-JPN,Bushi Seiryuuden - Futari no Yuusha (Japan),Japan
SNS-AYKE-USA,Bust-A-Move (USA),USA
SHVC-CV,CB Chara Wars - Ushinawareta Gag (Japan),Japan
SHVC-CC,Cacoma Knight (Japan),Japan
SNS-CC-USA,Cacoma Knight in Bizyland (USA),USA
SNSP-CJ,Cal Ripken Jr. Baseball (Europe),Europe
SNS-CJ,Cal Ripken Jr. Baseball (USA),USA
SHVC-H9,"California Games II (Japan) (En,Ja)",Japan
SNS-C2,California Games II (USA),USA
SHVC-CT,Cameltry (Japan),Japan
SNSP-ACNP-EUR,Cannon Fodder (Europe),Europe
SNS-ASCE-USA,Cannondale Cup (USA),USA
SNS-NL,Capcom's MVP Football (USA),USA
SNS-JL,Capcom's Soccer Shootout (USA),USA
SNSP-6A-UKV,Captain America and the Avengers (Europe),Europe
SNS-6A,Captain America and the Avengers (USA),USA
SNSP-QM,Captain Commando (Europe),Europe
SHVC-QM,Captain Commando (Japan),Japan
SNS-QM,Captain Commando (USA),USA
SNS-CP-USA,"Captain Novolin (USA) (En,Fr,Es)",USA
SHVC-C3,Captain Tsubasa III - Koutei no Chousen (Japan),Japan
SHVC-T4,Captain Tsubasa IV - Pro no Rival-tachi (Japan),Japan
SHVC-ACVJ-JPN,Captain Tsubasa J - The Way to World Youth (Japan),Japan
SHVC-AC5J-JPN,Captain Tsubasa V - Hasha no Shougou Campione (Japan),Japan
SHVC-AS8J-JPN,Caravan Shooting Collection (Japan),Japan
SHVC-RF-JPN,Card Master - Rimusaria no Fuuin (Japan),Japan
SNSP-ACAP-EUR,Carrier Aces (Europe),Europe
SHVC-ACAJ-JPN,Carrier Aces (Japan),Japan
SNS-ACAE-USA,Carrier Aces (USA),USA
SNSP-AXCP-EUR,Casper (Europe),Europe
SHVC-P-AC4J-JPN,Casper (Japan),Japan
SNS-AXCE-USA,Casper (USA),USA
SNS-ADZE-USA,Castlevania - Dracula X (USA),USA
SNSP-ADZP-EUR,Castlevania - Vampire's Kiss (Europe),Europe
SNSP-8W,"Champions - World Class Soccer (Europe) (En,Fr,De,Es)",Europe
SHVC-8W,Champions - World Class Soccer (Japan),Japan
SNS-8W,"Champions - World Class Soccer (USA) (En,Fr,De,Es)",USA
SNSP-5P,Championship Pool (Europe),Europe
SNS-5P,Championship Pool (USA),USA
SNSP-UD-UKV,"Chaos Engine, The (Europe)",Europe
SHVC-AAHJ-JPN,Chaos Seed - Fuusui Kairouki (Japan),Japan
SNS-ZV,Chavez (USA),USA
SNS-AC2E-USA,Chavez II (USA),USA
SHVC-CH,"Chessmaster, The (Japan)",Japan
SNS-CH,"Chessmaster, The (USA)",USA
SNS-CE,Chester Cheetah - Too Cool to Fool (USA),USA
SNS-7C,Chester Cheetah - Wild Wild Quest (USA),USA
SHVC-GO,Chibi Maruko-chan - Harikiri 365-nichi no Maki (Japan),Japan
SHVC-AT8J-JPN,Chibi Maruko-chan - Mezase! Minami no Island!! (Japan),Japan
SHVC-APEJ-JPN,Chinhai (Japan),Japan
SNSP-3C,Choplifter III (Europe),Europe
SHVC-3C,Choplifter III - Rescue-Survive (Japan),Japan
SNS-3C,Choplifter III - Rescue-Survive (USA),USA
SHVC-AANJ-JPN,Chou Aniki - Bakuretsu Rantou Hen (Japan),Japan
SHVC-7G,Chou Gojira - Super Godzilla (Japan),Japan
SHVC-7G,Chou Gojira - Super Godzilla (Japan) (Rev 1),Japan
SHVC-AWOJ-JPN,Chou Mahou Tairiku Wozz (Japan),Japan
SHVC-CM,Chou Makai Mura (Japan),Japan
SHVC-DO,Chou Makai Taisen! Dorabocchan (Japan),Japan
SHVC-M9,Choujikuu Yousai Macross - Scrambled Valkyrie (Japan),Japan
SHVC-XA,Choukou Gasshin Xardion (Japan),Japan
SHVC-ACTJ-JPN,Chrono Trigger (Japan),Japan
SNS-ACTE-USA,Chrono Trigger (USA),USA
SNSP-CK,Chuck Rock (Europe),Europe
SNS-CK,Chuck Rock (USA),USA
SHVC-AKPJ-JPN,Circuit USA (Japan),Japan
SHVC-EQ-JPN,Civilization - Sekai Shichi Daibunmei (Japan),Japan
SHVC-V7,Classic Road (Japan),Japan
SHVC-AV5J-JPN,Classic Road II (Japan),Japan
SNSP-8C,Clay Fighter (Europe),Europe
SNS-8C,Clay Fighter (USA),USA
SNS-7E-USA,Clay Fighter - Tournament Edition (USA),USA
SNSP-ACZP-EUR,Clay Fighter 2 - Judgment Clay (Europe),Europe
SNS-ACZE-USA,Clay Fighter 2 - Judgment Clay (USA),USA
SNSP-Y5,Claymates (Europe),Europe
SNS-Y5,Claymates (USA),USA
SNSP-6C,Cliffhanger (Europe),Europe
SNS-6C,Cliffhanger (USA),USA
SHVC-AJEJ-JPN,Clock Tower (Japan),Japan
SHVC-AQWJ-JPN,Clockwerx (Japan),Japan
SNS-CL,Clue (USA),USA
SNS-AC7E-USA,College Football USA 97 (USA),USA
SNS-ANYE-USA,College Slam (USA),USA
SHVC-BCLJ-JPN,Columns (Japan) (NP),Japan
SHVC-CR,"Combatribes, The (Japan)",Japan
SNS-CR,"Combatribes, The (USA)",USA
SHVC-AUBJ-JPN,Computer Nouryoku Kaiseki - Ultra Baken (Japan),Japan
SNSP-J2,Congo's Caper (Europe),Europe
SNS-J2,Congo's Caper (USA),USA
SNS-CS,Contra III - The Alien Wars (USA),USA
SHVC-CS,Contra Spirits (Japan),Japan
SHVC-B5,Conveni Wars Barcode Battler Senki - Super Senshi Shutsugeki seyo! (Japan),Japan
SNSP-C8,Cool Spot (Europe),Europe
SHVC-C8,Cool Spot (Japan),Japan
SNS-C8,Cool Spot (USA),USA
SNSP-CD,Cool World (Spain),
SNS-CD,Cool World (USA),USA
SHVC-ACLJ-JPN,Coron Land (Japan),Japan
SHVC-CI,Cosmo Gang - The Puzzle (Japan),Japan
SHVC-CA,Cosmo Gang - The Video (Japan),Japan
SHVC-GI,Cosmo Police Galivan II - Arrow of Justice (Japan),Japan
SHVC-KU,Crayon Shin-chan - Arashi o Yobu Enji (Japan),Japan
SHVC-UE,Crayon Shin-chan 2 - Daimaou no Gyakushuu (Japan),Japan
SHVC-AC3J-JPN,Crystal Beans from Dungeon Explorer (Japan),Japan
SHVC-AC6J-JPN,Cu-On-Pa SFC (Japan),Japan
SNSP-AC8P-EUR,Cutthroat Island (Europe),Europe
SNS-AC8E-USA,Cutthroat Island (USA),USA
SHVC-CX,Cyber Knight (Japan),Japan
SHVC-CZ,Cyber Knight II - Chikyuu Teikoku no Yabou (Japan),Japan
SNS-CF,Cyber Spin (USA),USA
SNSP-AV,Cybernator (Europe),Europe
SNS-AV,Cybernator (USA),USA
SHVC-S9,Cyborg 009 (Japan),Japan
SNS-DF,D-Force (USA),USA
SNSP-YF,Daffy Duck - The Marvin Missions (Europe),Europe
SNS-YF,Daffy Duck - The Marvin Missions (USA),USA
SHVC-RT,Dai-3-ji Super Robot Taisen (Japan),Japan
SHVC-RT,Dai-3-ji Super Robot Taisen (Japan) (Rev 1),Japan
SHVC-RT,Dai-3-ji Super Robot Taisen (Japan) (Rev 2),Japan
SHVC-AR4J-JPN,Dai-4-ji Super Robot Taisen (Japan),Japan
SHVC-AR4J-JPN,Dai-4-ji Super Robot Taisen (Japan) (Rev 1),Japan
SHVC-GH,Daibakushou Jinsei Gekijou (Japan),Japan
SHVC-G8,Daibakushou Jinsei Gekijou - Dokidoki Seishun Hen (Japan),Japan
SHVC-AKKJ-JPN,Daibakushou Jinsei Gekijou - Ooedo Nikki (Japan),Japan
SHVC-AZSJ-JPN,Daibakushou Jinsei Gekijou - Zukkoke Salaryman Hen (Japan),Japan
SHVC-AZSJ-JPN,Daibakushou Jinsei Gekijou - Zukkoke Salaryman Hen (Japan) (Rev 1) (NP),Japan
SHVC-ADKJ-JPN,Daikaijuu Monogatari (Japan),Japan
SHVC-ADKJ-JPN,Daikaijuu Monogatari (Japan) (Rev 1),Japan
SHVC-AE6J-JPN,Daikaijuu Monogatari II (Japan),Japan
SHVC-QL,Daikoukai Jidai II (Japan),Japan
SHVC-GS,Daisenryaku Expert (Japan),Japan
SHVC-AEVJ-JPN,Daisenryaku Expert WWII - War in Europe (Japan),Japan
SHVC-DH,Darius Force (Japan),Japan
SNSP-DT,Darius Twin (Europe),Europe
SHVC-DT,Darius Twin (Japan),Japan
SNS-DT,Darius Twin (USA),USA
SHVC-AHLJ-JPN,Dark Half (Japan),Japan
SHVC-QA,Dark Kingdom (Japan),Japan
SHVC-ADUJ-JPN,Dark Law - Meaning of Death (Japan),Japan
SHVC-VI,Date Kimiko no Virtual Tennis (Japan),Japan
SNSP-ZT,David Crane's Amazing Tennis (Europe),Europe
SHVC-ZT,David Crane's Amazing Tennis (Japan),Japan
SNS-ZT,David Crane's Amazing Tennis (USA),USA
SNS-ZT,David Crane's Amazing Tennis (USA) (Arcade),USA
SNSP-ADCP-EUR,Daze Before Christmas (Europe),Europe
SHVC-TE,Dead Dance (Japan),Japan
SHVC-ADTJ-JPN,Deae Tonosama - Appare Ichiban (Japan),Japan
SHVC-9Y,Dear Boys (Japan),Japan
SHVC-DZ,Death Brade (Japan),Japan
SNS-9D,"Death and Return of Superman, The (USA)",USA
SNS-9D,"Death and Return of Superman, The (USA) (Rev 1)",USA
SHVC-ADHJ-JPN,Dekitate High School (Japan),Japan
SNSP-AD6P-EUR,Demolition Man (Europe),Europe
SNS-AD6E-USA,Demolition Man (USA),USA
SHVC-3Z,Demon's Blazon - Makai Mura Monshou Hen (Japan),Japan
SNSP-3Z,Demon's Crest (Europe),Europe
SNS-3Z,Demon's Crest (USA),USA
SNSP-4D,Dennis (Europe),Europe
SNS-4D,Dennis the Menace (USA),USA
SHVC-BOBJ,Densetsu no Ogre Battle - The March of the Black Queen (Japan),Japan
SHVC-BOBJ,Densetsu no Ogre Battle - The March of the Black Queen (Japan) (NP),Japan
SHVC-JQ,Derby Jockey - Kishu Ou e no Michi (Japan),Japan
SHVC-JQ,Derby Jockey - Kishu Ou e no Michi (Japan) (Rev 1),Japan
SHVC-A2DJ-JPN,Derby Jockey 2 (Japan),Japan
SHVC-ZDBJ-JPN,Derby Stallion 96 (Japan),Japan
SHVC-BDBJ-JPN,Derby Stallion 98 (Japan) (NP),Japan
SHVC-A7,Derby Stallion II (Japan),Japan
SHVC-AD3J-JPN,Derby Stallion III (Japan),Japan
SHVC-AD3J-JPN,Derby Stallion III (Japan) (Rev 1),Japan
SHVC-AD3J-JPN,Derby Stallion III (Japan) (Rev 2),Japan
SHVC-AD3J-JPN,Derby Stallion III (Japan) (Rev 3),Japan
SNSP-OS,Desert Fighter (Europe),Europe
SHVC-OS-JPN,Desert Fighter - Suna no Arashi Sakusen (Japan),Japan
SNSP-RG,Desert Strike - Return to the Gulf (Europe),Europe
SNS-RG,Desert Strike - Return to the Gulf (USA),USA
SHVC-RG,Desert Strike - Wangan Sakusen (Japan),Japan
SHVC-EA,Destructive (Japan),Japan
SHVC-ADRJ-JPN,Dharma Doujou (Japan),Japan
SNS-VH-USA,Dig & Spike Volleyball (USA),USA
SHVC-DF,Dimension-Force (Japan),Japan
SNS-DW,Dino City (USA),USA
SNSP-ADSP-EUR,"Dino Dini's Soccer! (Europe) (En,Fr,De)",Europe
SHVC-DW,Dinowars - Kyouryuu Oukoku e no Daibouken (Japan),Japan
SNSP-ADIP-EUR,"Dirt Racer (Europe) (En,Fr,De)",Europe
SNSP-AF9P-EUR,Dirt Trax FX (Europe),Europe
SNS-AF9E-USA,Dirt Trax FX (USA),USA
SHVC-AM4J-JPN,Do-Re-Mi Fantasy - Milon no Dokidoki Daibouken (Japan),Japan
SHVC-AIXJ-JPN,Dokapon 3-2-1 - Arashi o Yobu Yuujou (Japan),Japan
SHVC-AIXJ-JPN,Dokapon 3-2-1 - Arashi o Yobu Yuujou (Japan) (Rev 1),Japan
SHVC-AGNJ-JPN,Dokapon Gaiden - Honoo no Audition (Japan),Japan
SHVC-QI,Dokuritsu Sensou - Liberty or Death (Japan),Japan
SHVC-Z7,Dolucky no A.League Soccer (Japan),Japan
SHVC-IM,Dolucky no Kusayakiu (Japan),Japan
SHVC-AZ8J-JPN,Dolucky no Puzzle Tour '94 (Japan),Japan
SHVC-ADDJ-JPN,Donald Duck no Mahou no Boushi (Japan),Japan
SHVC-AZBJ-JPN,Donald Duck no Maui Mallard (Japan),Japan
SNSP-AZBP-EUR,Donald in Maui Mallard (Europe),Europe
SNSP-8X,"Donkey Kong Country (Europe) (En,Fr,De)",Europe
SNSP-8X,"Donkey Kong Country (Europe) (En,Fr,De) (Rev 1)",Europe
SNS-P-8X,Donkey Kong Country (USA),USA
SNS-P-8X,Donkey Kong Country (USA) (Rev 1),USA
SNS-P-8X,Donkey Kong Country (USA) (Rev 2),USA
SNSP-ADNP-EUR,"Donkey Kong Country 2 - Diddy's Kong Quest (Europe) (En,Fr) (Rev 1)",Europe
SNSP-ADNP-EUR,"Donkey Kong Country 2 - Diddy's Kong Quest (Germany) (En,De)",
SNSP-ADNP-EUR,"Donkey Kong Country 2 - Diddy's Kong Quest (Germany) (En,De) (Rev 1)",
SNS-ADNE-USA,"Donkey Kong Country 2 - Diddy's Kong Quest (USA) (En,Fr)",USA
SNS-ADNE-USA,"Donkey Kong Country 2 - Diddy's Kong Quest (USA) (En,Fr) (Rev 1)",USA
SNSP-A3CP-EUR,"Donkey Kong Country 3 - Dixie Kong's Double Trouble! (Europe) (En,Fr,De)",Europe
SNS-A3CE-USA,"Donkey Kong Country 3 - Dixie Kong's Double Trouble! (USA) (En,Fr)",USA
SNSP-AD8P-EUR,Doom (Europe),Europe
SHVC-AD8J-JPN,Doom (Japan),Japan
SNS-AD8E-USA,Doom (USA),USA
SNS-AM9E-USA,Doom Troopers - Mutant Chronicles (USA),USA
SNS-DM,Doomsday Warrior (USA),USA
SHVC-DR,Doraemon - Nobita to Yousei no Kuni (Japan),Japan
SHVC-DR,Doraemon - Nobita to Yousei no Kuni (Japan) (Rev 1),Japan
SHVC-2D-JPN,Doraemon 2 - Nobita no Toys Land Daibouken (Japan),Japan
SHVC-4T,Doraemon 3 - Nobita to Toki no Hougyoku (Japan),Japan
SHVC-AD4J-JPN,Doraemon 4 - Nobita to Tsuki no Oukoku (Japan),Japan
SHVC-ADGJ-JPN,Dossun! Ganseki Battle (Japan),Japan
SNSP-5E,Double Dragon V - The Shadow Falls (Europe),Europe
SNS-5E,Double Dragon V - The Shadow Falls (USA),USA
SHVC-A88J-JPN,Doukyuusei 2 (Japan) (NP),Japan
SHVC-W9,Down the World - Mervil's Ambition (Japan),Japan
SHVC-NV,Downtown - Nekketsu Baseball Monogatari - Yakyuu de Shoubu da! Kunio-kun (Japan),Japan
SHVC-BDMJ-JPN,Dr. Mario (Japan) (NP),Japan
SNSP-4N,Dragon - The Bruce Lee Story (Europe),Europe
SNS-AD5E-USA,Dragon - The Bruce Lee Story (USA),USA
SNSN-AZ4K-KOR,Dragon Ball Z - Chomutujeon (Korea),Korea
SNSP-AZIF-FRA,Dragon Ball Z - Hyper Dimension (France),
SHVC-AZIJ-JPN,Dragon Ball Z - Hyper Dimension (Japan),Japan
SNSP-EF,Dragon Ball Z - La Legende Saien (France),
SNSP-Z2-FRA/SFRG,Dragon Ball Z - Super Butouden (France),
SHVC-Z2,Dragon Ball Z - Super Butouden (Japan),Japan
SHVC-EF,Dragon Ball Z - Super Butouden 2 (Japan),Japan
SHVC-EF,Dragon Ball Z - Super Butouden 2 (Japan) (Rev 1),Japan
SHVC-AZ4J-JPN,Dragon Ball Z - Super Butouden 3 (Japan),Japan
SHVC-A2ZJ-JPN,Dragon Ball Z - Super Gokuu Den - Kakusei Hen (Japan),Japan
SHVC-AZ5J-JPN,Dragon Ball Z - Super Gokuu Den - Totsugeki Hen (Japan),Japan
SHVC-DB,Dragon Ball Z - Super Saiya Densetsu (Japan),Japan
SHVC-DB,Dragon Ball Z - Super Saiya Densetsu (Japan) (Rev 1),Japan
SNSP-AZ4F-FRA,Dragon Ball Z - Ultime Menace (France),
SHVC-A87J-JPN,Dragon Knight 4 (Japan),Japan
SHVC-DQ,Dragon Quest I & II (Japan),Japan
SHVC-AQ3J-JPN,Dragon Quest III - Soshite Densetsu e... (Japan),Japan
SHVC-D5,Dragon Quest V - Tenkuu no Hanayome (Japan),Japan
SHVC-AQ6J-JPN,Dragon Quest VI - Maboroshi no Daichi (Japan),Japan
SHVC-DS,Dragon Slayer - Eiyuu Densetsu (Japan),Japan
SHVC-DS,Dragon Slayer - Eiyuu Densetsu (Japan) (Rev 1) (NP),Japan
SHVC-A2,Dragon Slayer - Eiyuu Densetsu II (Japan),Japan
SNS-ADVE-USA,Dragon View (USA),USA
SHVC-DG,Dragon's Earth (Japan),Japan
SNSP-DI,"Dragon's Lair (Europe) (En,Fr,De,Es,It,Nl,Sv)",Europe
SNS-DI-USA,Dragon's Lair (USA),USA
SHVC-DI,Dragon's Magic (Japan),Japan
SNSP-DK,Drakkhen (Europe),Europe
SNSP-DK,Drakkhen (Germany),
SHVC-DK,Drakkhen (Japan),Japan
SNS-DK,Drakkhen (USA),USA
SHVC-ADBJ-JPN,Dream Basketball - Dunk & Hoop (Japan),Japan
SNS-VE,Dream T.V. (USA),USA
SHVC-94,Drift King Shutokou Battle '94 - Tsuchiya Keiichi & Bandou Masaaki (Japan),Japan
SHVC-ASXJ-JPN,Drift King Shutokou Battle 2 - Tsuchiya Keiichi & Bandou Masaaki (Japan),Japan
SHVC-DX,Dual Orb - Seirei Tama Densetsu (Japan),Japan
SHVC-AD2J-JPN,Dual Orb II (Japan),Japan
SNSP-DL,"Duel, The - Test Drive II (Europe)",Europe
SNS-DL,"Duel, The - Test Drive II (USA)",USA
SHVC-AD9J-JPN,Dun Quest - Majin Fuuin no Densetsu (Japan),Japan
SNSP-V2,Dungeon Master (Europe),Europe
SHVC-V2,Dungeon Master (Japan),Japan
SHVC-V2,Dungeon Master (Japan) (Rev 1),Japan
SNS-V2,Dungeon Master (USA),USA
SHVC-VQ,Dynamaite the Las Vegas (Japan),Japan
SHVC-YD,Dynamic Stadium (Japan),Japan
SNS-46,E.V.O. - Search for Eden (USA),USA
SNSP-EV,ESPN Baseball Tonight (Europe),Europe
SNS-EV,ESPN Baseball Tonight (USA),USA
SNS-AEHE-USA,ESPN National Hockey Night (USA),USA
SNS-ASWE-USA,ESPN Speedworld (USA),USA
SNS-ASNE-USA,ESPN Sunday Night NFL (USA),USA
SNS-P-ED,Earth Defense Force (Europe),Europe
SNS-ED-USA,Earth Defense Force (USA),USA
SHVC-H3,Earth Light (Japan),Japan
SHVC-AE5J-JPN,Earth Light - Luna Strike (Japan),Japan
SNS-MB-USA,EarthBound (USA),USA
SNSP-AEJP-EUR,Earthworm Jim (Europe),Europe
SHVC-AEJJ-JPN,Earthworm Jim (Japan),Japan
SNS-AEJE-USA,Earthworm Jim (USA),USA
SNS-AEJE-USA,Earthworm Jim (USA) (GamesMaster Special Edition),USA
SNSP-A2EP-EUR,Earthworm Jim 2 (Europe),Europe
SNS-A2EE-USA,Earthworm Jim 2 (USA),USA
SHVC-EK,Edono Kiba (Japan),Japan
SNSP-E7,Eek! The Cat (Europe),Europe
SNS-E7,Eek! The Cat (USA),USA
SHVC-AFLJ-JPN,Eien no Filerna (Japan),Japan
SHVC-H5,Elfaria - The Isle of the Blest (Japan),Japan
SNS-L7,Elite Soccer (USA),USA
SHVC-EL-JPN,Elnard (Japan),Japan
SHVC-AMWJ-JPN,Emerald Dragon (Japan),Japan
SHVC-AEMJ-JPN,Emit Vol. 1 - Toki no Maigo (Japan),Japan
SHVC-AEIJ-JPN,Emit Vol. 2 - Inochigake no Tabi (Japan),Japan
SHVC-AETJ-JPN,Emit Vol. 3 - Watashi ni Sayonara o (Japan),Japan
SNS-AESE-USA,Emmitt Smith Football (USA),USA
SHVC-AZLJ-JPN,Energy Breaker (Japan),Japan
SNSP-EX,Equinox (Europe),Europe
SNS-EX,Equinox (USA),USA
SNSP-WO,"Eric Cantona Football Challenge (France) (En,Fr,De,Es,It,Nl,Sv)",
SHVC-EP,Esparks - Ijikuu kara no Raihousha (Japan),Japan
SHVC-ES,Estpolis Denki (Japan),Japan
SHVC-ES,Estpolis Denki (Japan) (Rev 1),Japan
SHVC-ANIJ-JPN,Estpolis Denki II (Japan),Japan
SNSP-HT,Euro Football Champ (Europe),Europe
SHVC-YP,Europe Sensen (Japan),Japan
SNS-9X,Exertainment Mountain Bike Rally (USA),USA
SNS-ALFE-USA,Exertainment Mountain Bike Rally + Speed Racer (USA),USA
SNSP-EH,Exhaust Heat (Europe),Europe
SHVC-EH,Exhaust Heat (Japan),Japan
SHVC-E2,Exhaust Heat II - F1 Driver e no Michi (Japan),Japan
SNS-GL,Extra Innings (USA),USA
SHVC-IB,Eye of the Beholder (Japan),Japan
SHVC-FG,F-1 Grand Prix (Japan),Japan
SHVC-FV,F-1 Grand Prix - Part II (Japan),Japan
SHVC-VF,F-1 Grand Prix - Part III (Japan),Japan
SHVC-EG,F-15 Super Strike Eagle (Japan),Japan
SNSP-FZ,F-Zero (Europe),Europe
SHVC-FZ,F-Zero (Japan),Japan
SNS-FZ,F-Zero (USA),USA
SNSP-6P,F1 Pole Position (Europe),Europe
SNS-6P,F1 Pole Position (USA),USA
SNSP-2G,F1 Pole Position 2 (Europe),Europe
SNS-EH,F1 ROC - Race of Champions (USA),USA
SNSP-AFWP-EUR,F1 World Championship Edition (Europe),Europe
SNS-E2,F1-ROC II - Race of Champions (USA),USA
SNS-A8FB,"FIFA - A Caminho Da Copa 98 (Brazil) (En,Fr,De,Es,It,Sv)",Brazil
SNSP-A8FP-EUR,"FIFA - Road to World Cup 98 (Europe) (En,Fr,De,Es,It,Sv)",Europe
SNSP-A7IP-EUR,"FIFA 97 (Europe) (En,Fr,De,Es,It,Sv)",Europe
SNSP-84,FIFA International Soccer (Europe),Europe
SHVC-84,FIFA International Soccer (Japan),Japan
SNS-84-USA,FIFA International Soccer (USA),USA
SNSP-A6SP-EUR,"FIFA Soccer 96 (Europe) (En,Fr,De,Es,It,Sv)",Europe
SNS-A6SE-USA,"FIFA Soccer 96 (USA) (En,Fr,De,Es,It,Sv)",USA
SNS-A7IE-USA,"FIFA Soccer 97 (USA) (En,Fr,De,Es,It,Sv)",USA
SNS-2F,Faceball 2000 (USA),USA
SHVC-BTAJ-JPN,Famicom Bunko - Hajimari no Mori (Japan) (NP),Japan
SHVC-BTCJ-JPN,Famicom Tantei Club Part II - Ushiro ni Tatsu Shoujo (Japan) (NP),Japan
SHVC-BTCJ-JPN,Famicom Tantei Club Part II - Ushiro ni Tatsu Shoujo (Japan) (Rev 1) (NP),Japan
SNS-D8,Family Dog (USA),USA
SNS-FN,Family Feud (USA),USA
SNS-FN,Family Feud (USA) (Rev 1),USA
SHVC-AFSJ-JPN,Farland Story (Japan),Japan
SHVC-A2FJ-JPN,Farland Story 2 (Japan),Japan
SNSP-GN,Fatal Fury (Europe),Europe
SNS-GN-USA,Fatal Fury (USA),USA
SNSP-DJ,Fatal Fury 2 (Europe),Europe
SNS-DJ,Fatal Fury 2 (USA),USA
SNSP-3R,Fatal Fury Special (Europe),Europe
SNS-3R,Fatal Fury Special (USA),USA
SHVC-63,Feda - The Emblem of Justice (Japan),Japan
SNSP-AVSP-EUR,"Fever Pitch Soccer (Europe) (En,Fr,De,Es,It)",Europe
SHVC-YH,Fighter's History (Japan),Japan
SNS-YH,Fighter's History (USA) (Rev 1),USA
SHVC-AF3J-JPN,Fighter's History - Mizoguchi Kikiippatsu!! (Japan),Japan
SHVC-XH,Fighting Baseball (Japan),Japan
SNS-MQ,Final Fantasy - Mystic Quest (USA),USA
SNS-MQ,Final Fantasy - Mystic Quest (USA) (Rev 1),USA
SNS-P-F4,Final Fantasy II (USA),USA
SNS-P-F4,Final Fantasy II (USA) (Rev 1),USA
SNS-P-F6,Final Fantasy III (USA),USA
SNS-P-F6,Final Fantasy III (USA) (Rev 1),USA
SHVC-FE,Final Fantasy IV (Japan),Japan
SHVC-FE,Final Fantasy IV (Japan) (Rev 1),Japan
SHVC-FE,Final Fantasy IV - Easy Type (Japan),Japan
SHVC-MQ,Final Fantasy USA - Mystic Quest (Japan),Japan
SHVC-F5,Final Fantasy V (Japan),Japan
SHVC-F6,Final Fantasy VI (Japan),Japan
SNSP-FT,Final Fight (Europe),Europe
SHVC-FT,Final Fight (Japan),Japan
SNS-FT,Final Fight (USA),USA
SNSP-F2,Final Fight 2 (Europe),Europe
SHVC-F2,Final Fight 2 (Japan),Japan
SNS-F2,Final Fight 2 (USA),USA
SNS-AFZE-USA,Final Fight 3 (USA),USA
SHVC-FY,Final Fight Guy (Japan),Japan
SNS-FY,Final Fight Guy (USA),USA
SHVC-AFZJ-JPN,Final Fight Tough (Japan),Japan
SHVC-LL,Final Knockout (Japan),Japan
SHVC-OP-JPN,Final Stretch (Japan),Japan
SHVC-OF,Finalset (Japan),Japan
SHVC-EM,Fire Emblem - Monshou no Nazo (Japan),Japan
SHVC-EM,Fire Emblem - Monshou no Nazo (Japan) (Rev 1),Japan
SHVC-A32J-JPN,Fire Emblem - Seisen no Keifu (Japan),Japan
SHVC-BFRJ-JPN,Fire Emblem - Thracia 776 (Japan),Japan
SHVC-BFRJ-JPN,Fire Emblem - Thracia 776 (Japan) (NP),Japan
SHVC-BFRJ-JPN,Fire Emblem - Thracia 776 (Japan) (Rev 1) (NP),Japan
SHVC-AIFJ-JPN,Fire Fighting (Japan),Japan
SHVC-J4,Fire Pro Joshi - All Star Dream Slam (Japan),Japan
SNS-3S,FireStriker (USA),USA
SNSP-AFMP-EUR,"Firemen, The (Europe) (En,Fr,De)",Europe
SHVC-AFMJ-JPN,"Firemen, The (Japan)",Japan
SNS-FW-USA,Firepower 2000 (USA),USA
SHVC-OQ,First Queen - Ornic Senki (Japan),Japan
SNSP-FK,First Samurai (Europe),Europe
SHVC-FK,First Samurai (Japan),Japan
SNS-FK,First Samurai (USA),USA
SHVC-AQJJ-JPN,Fishing Koushien (Japan),Japan
SNSP-5F,"Flashback (Europe) (En,Fr)",Europe
SNSP-5F,"Flashback (Europe) (En,Fr,De)",Europe
SHVC-LQ,Flashback (Japan),Japan
SNS-5F,"Flashback - The Quest for Identity (USA) (En,Fr,De)",USA
SNS-AFNE,"Flintstones, The (USA) (En,Fr,De,Es,It)",USA
SNSP-9F,"Flintstones, The - The Treasure of Sierra Madrock (Europe)",Europe
SHVC-9F-JPN,"Flintstones, The - The Treasure of Sierra Madrock (Japan)",Japan
SNS-9F-USA,"Flintstones, The - The Treasure of Sierra Madrock (USA)",USA
SHVC-B9,Flying Hero - Bugyuru no Daibouken (Japan),Japan
SNS-UF,Football Fury (USA),USA
SNSP-AFEP-EUR,Foreman for Real (Europe),Europe
SHVC-AFEJ-JPN,Foreman for Real (Japan),Japan
SNS-AFEE-USA,Foreman for Real (USA),USA
SHVC-FQ,Fortune Quest - Dice o Korogase (Japan),Japan
SNSP-AFKP-EUR,Frank Thomas Big Hurt Baseball (Europe),Europe
SHVC-AFKJ-JPN,Frank Thomas Big Hurt Baseball (Japan),Japan
SNS-AFKE-USA,Frank Thomas Big Hurt Baseball (USA),USA
SNS-AF8E-USA,Frantic Flea (USA),USA
SNS-AF7E-USA,Frogger (USA),USA
SHVC-UX,From TV Animation Slam Dunk - Dream Team - Shuueisha Limited (Japan),Japan
SHVC-AIHJ-JPN,From TV Animation Slam Dunk - SD Heat Up!! (Japan),Japan
SHVC-UX,From TV Animation Slam Dunk - Yonkyou Gekitotsu!! (Japan),Japan
SHVC-ASLJ-JPN,From TV Animation Slam Dunk 2 - IH Yosen Kanzen Ban!! (Japan),Japan
SHVC-AGCJ-JPN,Front Mission (Japan),Japan
SHVC-AGCJ-JPN,Front Mission (Japan) (Rev 1),Japan
SHVC-AZGJ-JPN,Front Mission Series - Gun Hazard (Japan),Japan
SHVC-AFTJ-JPN,Full Power (Japan),Japan
SNSP-AFTP-EUR,Full Throttle - All-American Racing (Europe),Europe
SNS-AFTE-USA,Full Throttle - All-American Racing (USA),USA
SNSP-7N,Fun 'n Games (Europe),Europe
SNS-7N,Fun 'n Games (USA),USA
SHVC-ZR,Funaki Masakatsu Hybrid Wrestler - Tougi Denshou (Japan),Japan
SHVC-A7EJ-JPN,Fune Tarou (Japan),Japan
SHVC-AY9J-JPN,Furuta Atsuya no Simulation Pro Yakyuu 2 (Japan),Japan
SHVC-AAXJ-JPN,Fushigi no Dungeon 2 - Fuurai no Shiren (Japan),Japan
SHVC-AAXJ-JPN,Fushigi no Dungeon 2 - Fuurai no Shiren (Japan) (Rev 1) (NP),Japan
SHVC-AGDJ-JPN,G.O.D - Mezame yo to Yobu Koe ga Kikoe (Japan),Japan
SNSP-G7,GP-1 (Europe),Europe
SHVC-G7,GP-1 (Japan),Japan
SNS-G7,GP-1 (USA),USA
SNS-AGRE-USA,GP-1 - Part II (USA),USA
SHVC-AGRJ-JPN,GP-1 RS - Rapid Stream (Japan),Japan
SHVC-IR,GS Mikami - Joreishi wa Nice Body (Japan),Japan
SHVC-AIKJ-JPN,GT Racing (Japan),Japan
SHVC-JG,Gaia Gensouki (Japan),Japan
SHVC-G9,Gaia Saver - Hero Saidai no Sakusen (Japan),Japan
SHVC-AHXJ-JPN,Gakkou de Atta Kowai Hanashi (Japan),Japan
SHVC-XY,Galaxy Robo (Japan),Japan
SHVC-AGWJ-JPN,Galaxy Wars (Japan),Japan
SHVC-GJ,Gambler Jiko Chuushinha - Mahjong Kouisen (Japan),Japan
SHVC-8G,Gambler Jiko Chuushinha 2 - Dorapon Quest (Japan),Japan
SHVC-A7BJ-JPN,Gambling Hourouki (Japan),Japan
SHVC-AGEJ-JPN,Game no Tatsujin (Japan),Japan
SHVC-A2GJ-JPN,Game no Tetsujin - The Shanghai (Japan),Japan
SHVC-AGIJ-JPN,Gamera - Gyaos Gekimetsu Sakusen (Japan),Japan
SHVC-GG,Ganbare Goemon - Yuki Hime Kyuushutsu Emaki (Japan),Japan
SHVC-GG,Ganbare Goemon - Yuki Hime Kyuushutsu Emaki (Japan) (Rev 2),Japan
SHVC-KL,Ganbare Goemon 2 - Kiteretsu Shougun Magginesu (Japan),Japan
SHVC-2U,Ganbare Goemon 3 - Shishi Juurokubee no Karakuri Manjigatame (Japan),Japan
SHVC-2U,Ganbare Goemon 3 - Shishi Juurokubee no Karakuri Manjigatame (Japan) (Rev 2),Japan
SHVC-A4GJ-JPN,Ganbare Goemon Kirakira Douchuu - Boku ga Dancer ni Natta Wake (Japan),Japan
SHVC-A4GJ-JPN,Ganbare Goemon Kirakira Douchuu - Boku ga Dancer ni Natta Wake (Japan) (Rev 1),Japan
SHVC-A4GJ-JPN,Ganbare Goemon Kirakira Douchuu - Boku ga Dancer ni Natta Wake (Japan) (Rev 2),Japan
SHVC-EZ,Ganbare! Daiku no Gen-san (Japan),Japan
SHVC-AGQJ-JPN,Gangan Gan-chan (Japan),Japan
SHVC-AXAJ-JPN,Ganpuru - Gunman's Proof (Japan),Japan
SHVC-O4,Ganso Pachi-Slot Nihonichi (Japan),Japan
SHVC-OY,Ganso Pachinko Ou (Japan),Japan
SHVC-GN-JPN,Garou Densetsu - Shukumei no Tatakai (Japan),Japan
SHVC-GN-JPN,Garou Densetsu - Shukumei no Tatakai (Japan) (Rev 1),Japan
SHVC-DJ,Garou Densetsu 2 - Aratanaru Tatakai (Japan),Japan
SHVC-DJ,Garou Densetsu 2 - Aratanaru Tatakai (Japan) (Rev 1),Japan
SHVC-3R,Garou Densetsu Special (Japan),Japan
SNSP-SB,Garry Kitchen's Super Battletank (Europe),Europe
SNS-SB-USA,Garry Kitchen's Super Battletank - War in the Gulf (USA),USA
SNS-SB-USA,Garry Kitchen's Super Battletank - War in the Gulf (USA) (Rev 1),USA
SHVC-GD,Gdleen (Japan),Japan
SHVC-GD,Gdleen (Japan) (Rev 1),Japan
SHVC-G4,Gegege no Kitarou - Fukkatsu! Tenma Daiou (Japan),Japan
SHVC-KV,Gekitotsu Dangan Jidousha Kessen - Battle Mobile (Japan),Japan
SHVC-AWNJ-JPN,Gekitou Burning Pro Wres (Japan),Japan
SNS-RL,Gemfire (USA),USA
SNS-6G,Genghis Khan II - Clan of the Gray Wolf (USA),USA
SHVC-BGJJ-JPN,Genjuu Ryodan (Japan) (NP),Japan
SHVC-2I,Genocide 2 (Japan),Japan
SNS-GK-USA,George Foreman's KO Boxing (USA),USA
SNS-GK-USA,George Foreman's KO Boxing (USA) (Rev 1),USA
SHVC-T5,Gerry Anderson's Thunderbirds - Kokusai Kyuujotai Shutsudou Seyo!! (Japan),Japan
SHVC-ALEJ-JPN,Getsumen no Anubis (Japan),Japan
SHVC-ET,Ghost Chaser Densei (Japan),Japan
SNSP-AGJP-EUR,Ghoul Patrol (Europe),Europe
SHVC-AGJJ-JPN,Ghoul Patrol (Japan),Japan
SNS-AGJE-USA,Ghoul Patrol (USA),USA
SHVC-AJPJ-JPN,Gindama Oyakata no Pachinko Hisshouhou (Japan),Japan
SHVC-AJPJ-JPN,Gindama Oyakata no Pachinko Hisshouhou (Japan) (Rev 1),Japan
SHVC-GE,Ginga Eiyuu Densetsu (Japan),Japan
SHVC-AQPJ-JPN,Ginga Sengoku Gunyuuden Rai (Japan),Japan
SHVC-AHFJ-JPN,Gionbana (Japan),Japan
SHVC-ACKJ-JPN,Go Go Ackman (Japan),Japan
SHVC-A92J-JPN,Go Go Ackman 2 (Japan),Japan
SHVC-AVPJ-JPN,Go Go Ackman 3 (Japan),Japan
SHVC-R5,Go! Go! Dodge League (Japan),Japan
SHVC-R5,Go! Go! Dodge League (Japan) (Rev 1),Japan
SNS-SU,Goal! (USA),USA
SNSP-GZ,Gods (Europe),Europe
SNS-GZ,Gods (USA),USA
SHVC-AG2J-JPN,Gojira - Kaijuu Daikessen (Japan),Japan
SHVC-A3LJ-JPN,Gokinjo Boukentai (Japan),Japan
SHVC-AGPJ-JPN,Gokujou Parodius (Japan),Japan
SHVC-AHOJ-JPN,Gon (Japan),Japan
SNSP-G6,Goof Troop (Europe),Europe
SNSP-G6,Goof Troop (France),
SNSP-G6,Goof Troop (Germany),
SNS-G6,Goof Troop (USA),USA
SHVC-G6,Goofy to Max - Kaizoku-jima no Daibouken (Japan),Japan
SHVC-AGKJ-JPN,Gouketsuji Ichizoku (Japan),Japan
SHVC-AV6J-JPN,Gourmet Sentai Barayarou (Japan),Japan
SHVC-MY,Gousou Jinrai Densetsu - Musha (Japan),Japan
SHVC-G3,Gradius III (Japan),Japan
SNS-G3,Gradius III (USA),USA
SHVC-AIRJ-JPN,Granhistoria - Genshi Sekaiki (Japan),Japan
SHVC-AIRJ-JPN,Granhistoria - Genshi Sekaiki (Japan) (Rev 1),Japan
SHVC-K8,"Great Battle Gaiden 2, The - Matsuri da Wasshoi (Japan)",Japan
SHVC-3L,"Great Battle II, The - Last Fighter Twin (Japan)",Japan
SHVC-B3,"Great Battle III, The (Japan)",Japan
SHVC-4F,"Great Battle IV, The (Japan)",Japan
SHVC-AG5J-JPN,"Great Battle V, The (Japan)",Japan
SNSP-4C,"Great Circus Mystery Starring Mickey & Minnie, The (Europe)",Europe
SNS-4C,"Great Circus Mystery Starring Mickey & Minnie, The (USA)",USA
SNS-GW,"Great Waldo Search, The (USA)",USA
SHVC-GU,GunForce (Japan),Japan
SNS-GU,GunForce (USA),USA
SNSP-JO,HAL's Hole in One Golf (Europe),Europe
SNS-JO,HAL's Hole in One Golf (USA),USA
SHVC-IL,Habu Meijin no Omoshiro Shougi (Japan),Japan
SHVC-AHGJ-JPN,Hagane (Japan),Japan
SNSP-AHGP-EUR,Hagane - The Final Conflict (Europe),Europe
SNS-AHGE-USA,Hagane - The Final Conflict (USA),USA
SHVC-AMJJ-JPN,Haisei Mahjong - Ryouga (Japan),Japan
SHVC-E3,Hakunetsu Pro Yakyuu '93 - Ganba League (Japan),Japan
SHVC-E3,Hakunetsu Pro Yakyuu '94 - Ganba League 3 (Japan),Japan
SHVC-GL,Hakunetsu Pro Yakyuu - Ganba League (Japan),Japan
SHVC-GL,Hakunetsu Pro Yakyuu - Ganba League (Japan) (Rev 1),Japan
SHVC-AVNJ-JPN,Hameln no Violin Hiki (Japan),Japan
SNS-LJ-USA,Hammer Lock Wrestling (USA),USA
SHVC-AY4J-JPN,Hana no Keiji - Kumo no Kanata ni (Japan),Japan
SHVC-IJ-JPN,Hanafuda Ou (Japan),Japan
SNSN-3D-KOR/SKOR,Hanguk Pro Yagu (Korea),Korea
SHVC-HH-JPN,"Hanjuku Hero - Ah, Sekai yo Hanjuku Nare...!! (Japan)",Japan
SHVC-HJ,Hansei Zaru Jiro-kun no Daibouken (Japan),Japan
SHVC-UR-JPN,Haou Taikei Ryuu Knight - Lord of Paladin (Japan),Japan
SHVC-UR-JPN,Haou Taikei Ryuu Knight - Lord of Paladin (Japan) (Rev 1),Japan
SHVC-ABKJ-JPN,Harapeko Bakka (Japan),Japan
SNS-3Y,HardBall III (USA),USA
SNS-HV,Harley's Humongous Adventure (USA),USA
SNSP-AYWP-EUR,Harvest Moon (Europe),Europe
SNSP-AYWP-EUR,Harvest Moon (Germany),
SNS-AYWE-USA,Harvest Moon (USA),USA
SHVC-AHHJ-JPN,Hashire Hebereke (Japan),Japan
SHVC-HT,Hat Trick Hero (Japan),Japan
SHVC-2Y,Hat Trick Hero 2 (Japan),Japan
SHVC-EB,Hatayama Hatch no Pro Yakyuu News! - Jitsumei Ban (Japan),Japan
SHVC-2M,Hayazashi Nidan Morita Shougi (Japan),Japan
SHVC-A2MJ-JPN,Hayazashi Nidan Morita Shougi 2 (Japan),Japan
SNS-AVSE-USA,Head-On Soccer (USA),USA
SHVC-O3,Hebereke no Oishii Puzzle wa Irimasenka (Japan),Japan
SHVC-HU-JPN,Hebereke no Popoon (Japan),Japan
SNSP-HU,Hebereke's Popoitto (Europe),Europe
SNSP-HU,Hebereke's Popoon (Europe),Europe
SHVC-AKHJ-JPN,Heian Fuuunden (Japan),Japan
SHVC-AG7J-JPN,Heisei Gunjin Shougi (Japan),Japan
SHVC-QQ,Heisei Inu Monogatari Bow - Pop'n Smash!! (Japan),Japan
SHVC-AO5J-JPN,Heisei Shin Onigashima - Kouhen (Japan),Japan
SHVC-AO4J-JPN,Heisei Shin Onigashima - Zenpen (Japan),Japan
SHVC-AHWJ-JPN,Heiwa Pachinko World (Japan),Japan
SHVC-AWTJ-JPN,Heiwa Pachinko World 2 (Japan),Japan
SHVC-A3WJ-JPN,Heiwa Pachinko World 3 (Japan),Japan
SHVC-AQUJ-JPN,Heiwa Parlor! Mini 8 - Pachinko Jikki Simulation Game (Japan),Japan
SHVC-PN-JPN,Hello! Pac-Man (Japan),Japan
SHVC-HE,Heracles no Eikou III - Kamigami no Chinmoku (Japan),Japan
SHVC-4E,Heracles no Eikou IV - Kamigami kara no Okurimono (Japan),Japan
SHVC-HS,Hero Senki - Project Olympus (Japan),Japan
SHVC-AYTJ-JPN,Hi no Ouji - Yamato Takeru (Japan),Japan
SHVC-PK,Higashio Osamu Kanshuu Super Pro Yakyuu Stadium (Japan),Japan
SHVC-HR,Hiouden - Mamono-tachi to no Chikai (Japan),Japan
SHVC-HK-JPN,Hiryuu no Ken S - Golden Fighter (Japan),Japan
SHVC-HK-JPN,Hiryuu no Ken S - Hyper Version (Japan),Japan
SHVC-AHPJ-JPN,Hissatsu Pachinko Collection (Japan),Japan
SHVC-A2HJ-JPN,Hissatsu Pachinko Collection 2 (Japan),Japan
SHVC-A3HJ-JPN,Hissatsu Pachinko Collection 3 (Japan),Japan
SHVC-AH4J-JPN,Hissatsu Pachinko Collection 4 (Japan),Japan
SHVC-IH,Hisshou 777 Fighter - Pachi-Slot Ryuuguu Densetsu (Japan),Japan
SHVC-72,Hisshou 777 Fighter II - Pachi-Slot Maruhi Jouhou (Japan),Japan
SHVC-A73J-JPN,Hisshou 777 Fighter III - Kokuryuu Ou no Fukkatsu (Japan),Japan
SHVC-APNJ-JPN,Hisshou Pachi-Slot Fun (Japan),Japan
SNS-HC-USA,Hit the Ice - VHL - The Official Video Hockey League (USA),USA
SHVC-K5,Hokuto no Ken 5 - Tenma Ryuuseiden Ai Zetsu Shou (Japan),Japan
SHVC-K6,Hokuto no Ken 6 - Gekitou Denshouken Haou e no Michi (Japan),Japan
SHVC-K7,Hokuto no Ken 7 - Seiken Retsuden Denshousha e no Michi (Japan),Japan
SHVC-AI,Holy Striker (Japan),Japan
SHVC-ADQJ-JPN,Holy Umbrella - Dondera no Mubou!! (Japan),Japan
SNSP-HA,Home Alone (Europe),Europe
SHVC-HA-JPN,Home Alone (Japan),Japan
SNS-HA-USA,Home Alone (USA),USA
SNSP-HN,Home Alone 2 - Lost in New York (Europe),Europe
SNS-HN-USA,Home Alone 2 - Lost in New York (USA),USA
SNS-AHIE-USA,Home Improvement - Power Tool Pursuit! (USA),USA
SHVC-OM,Honkaku Mahjong - Tetsuman (Japan),Japan
SHVC-AOXJ-JPN,Honkaku Mahjong - Tetsuman II (Japan),Japan
SHVC-AV3J-JPN,Honkaku Shougi - Fuuunji Ryuuou (Japan),Japan
SHVC-AKWJ-JPN,Honkakuha Igo - Gosei (Japan),Japan
SHVC-87,Honke Hanafuda (Japan),Japan
SHVC-AFPJ-JPN,Honke Sankyo Fever - Jikki Simulation (Japan),Japan
SHVC-AFPJ-JPN,Honke Sankyo Fever 2 - Jikki Simulation (Japan),Japan
SHVC-AFPJ-JPN,Honke Sankyo Fever 3 - Jikki Simulation (Japan),Japan
SHVC-DD,Honoo no Toukyuuji - Dodge Danpei (Japan),Japan
SHVC-HO,Hook (Japan),Japan
SNS-HO,Hook (USA),USA
SHVC-AFJJ-JPN,Hoshi no Kirby 3 (Japan),Japan
SHVC-AKFJ-JPN,Hoshi no Kirby Super Deluxe (Japan),Japan
SHVC-AKFJ-JPN,Hoshi no Kirby Super Deluxe (Japan) (Rev 1),Japan
SHVC-AKFJ-JPN,Hoshi no Kirby Super Deluxe (Japan) (Rev 2),Japan
SHVC-ABEJ-JPN,Houkago in Beppin Jogakuin (Japan),Japan
SHVC-AJHJ-JPN,Hourai Gakuen no Bouken! - Tenkousei Scramble (Japan),Japan
SHVC-HB,Human Baseball (Japan),Japan
SHVC-HG,Human Grand Prix (Japan),Japan
SHVC-2G,Human Grand Prix II (Japan),Japan
SHVC-AGXJ-JPN,Human Grand Prix III - F1 Triple Battle (Japan),Japan
SHVC-AG4J-JPN,Human Grand Prix IV - F1 Dream Battle (Japan),Japan
SNSP-U9,"Humans, The (Europe)",Europe
SNSP-U9,"Humans, The (Germany)",
SNSP-ABKP-EUR,Hungry Dinosaurs (Europe),Europe
SNSP-RO,"Hunt for Red October, The (Europe)",Europe
SNS-RO,"Hunt for Red October, The (USA)",USA
SNSP-AHUP-EUR,Hurricanes (Europe),Europe
SNS-AHUE-USA,Hurricanes (USA),USA
SHVC-AZEJ-JPN,Hyper Iria (Japan),Japan
SNSP-HQ,Hyper V-Ball (Europe),Europe
SNS-HQ,Hyper V-Ball (USA),USA
SNSP-HZ,HyperZone (Europe),Europe
SHVC-HZ,HyperZone (Japan),Japan
SNS-HZ,HyperZone (USA),USA
SHVC-ID,Idea no Hi (Japan),Japan
SNS-AIFE-USA,"Ignition Factor, The (USA)",USA
SHVC-AIVJ-JPN,Igo Club (Japan),Japan
SHVC-AIVJ-JPN,Igo Club (Japan) (Rev 2),Japan
SHVC-H8-JPN,Ihatov Monogatari (Japan),Japan
SHVC-IY-JPN,Ikari no Yousai (Japan),Japan
SNS-JG,Illusion of Gaia (USA),USA
SNSP-JG,Illusion of Time (Europe),Europe
SNSP-JG,Illusion of Time (France),
SNSP-JG,Illusion of Time (Germany),
SNSP-JG,Illusion of Time (Germany) (Rev 1),
SNSP-JG,Illusion of Time (Spain),
SHVC-ARIJ-JPN,Illvanian no Shiro (Japan),Japan
SNS-DN-USA,Imperium (USA),USA
SHVC-AV7J-JPN,Inazuma Serve da! Super Beach Volley (Japan),Japan
SNSP-AIYP-EUR,Incantation (Europe),Europe
SNS-AIYE-USA,Incantation (USA),USA
SNSP-C7,"Incredible Crash Dummies, The (Europe)",Europe
SNS-C7,"Incredible Crash Dummies, The (USA)",USA
SHVC-C7,"Incredible Crash Dummies, The - Dr. Zabu o Sukuidase (Japan)",Japan
8U-UKV,"Incredible Hulk, The (Europe)",Europe
SNS-8U,"Incredible Hulk, The (USA)",USA
SNSP-AIJP-EUR,Indiana Jones' Greatest Adventures (Europe),Europe
SHVC-AIJJ-JPN,Indiana Jones' Greatest Adventures (Japan),Japan
SNS-AIJE-USA,Indiana Jones' Greatest Adventures (USA),USA
SNS-IN,Inindo - Way of the Ninja (USA),USA
SNS-5G,Inspector Gadget (USA),USA
SNSP-8S-UKV-1,"International Sensible Soccer - World Champions Limited Edition (Europe) (En,Fr,De,It) (Rev 1)",Europe
SNSP-3U-EUR,International Superstar Soccer (Europe),Europe
SNS-3U,International Superstar Soccer (USA),USA
SNSP-AWJP-EUR,International Superstar Soccer Deluxe (Europe),Europe
SNS-AWJE-USA,International Superstar Soccer Deluxe (USA),USA
SNSP-IT,International Tennis Tour (Europe),Europe
SHVC-IT,International Tennis Tour (Japan),Japan
SNS-IT,International Tennis Tour (USA),USA
SHVC-AUMJ-JPN,Ippatsu Gyakuten (Japan),Japan
SNS-MT,"Irem Skins Game, The (USA)",USA
SNS-MT,"Irem Skins Game, The (USA) (Arcade)",USA
SHVC-AICJ-JPN,Iron Commando - Koutetsu no Senshi (Japan),Japan
SHVC-A5IJ-JPN,Isozuri - Ritou Hen (Japan),Japan
SHVC-I2,Itadaki Street 2 - Neon Sign wa Barairo ni (Japan),Japan
SNS-AISE-USA,"Itchy & Scratchy Game, The (USA)",USA
SHVC-ZBPJ-JPN,Itoi Shigesato no Bass Tsuri No. 1 (Japan),Japan
SHVC-Q2,Itou Hatasu Rokudan no Shougi Doujou (Japan),Japan
SHVC-Q2,Itou Hatasu Rokudan no Shougi Doujou (Japan) (Rev 1),Japan
SNSP-AIZP-EUR,Izzy's Quest for the Olympic Rings (Europe),Europe
SNS-AIZE-USA,Izzy's Quest for the Olympic Rings (USA),USA
SHVC-AJ6J-JPN,J.League '96 Dream Stadium (Japan),Japan
SHVC-JL,J.League Excite Stage '94 (Japan),Japan
SHVC-JL,J.League Excite Stage '94 (Japan) (Rev 1),Japan
SHVC-AJ2J-JPN,J.League Excite Stage '95 (Japan),Japan
SHVC-AE3J-JPN,J.League Excite Stage '96 (Japan),Japan
SHVC-AE3J-JPN,J.League Excite Stage '96 (Japan) (Rev 1),Japan
SHVC-JE,J.League Soccer Prime Goal (Japan),Japan
SHVC-JE,J.League Soccer Prime Goal (Japan) (Rev 1),Japan
SHVC-2H,J.League Soccer Prime Goal 2 (Japan),Japan
SHVC-AJ3J-JPN,J.League Soccer Prime Goal 3 (Japan),Japan
SHVC-AJSJ-JPN,J.League Super Soccer '95 - Jikkyou Stadium (Japan),Japan
SHVC-VX,J.League Super Soccer (Japan),Japan
SNS-64,J.R.R. Tolkien's The Lord of the Rings - Volume 1 (USA),USA
SNSP-64,J.R.R. Tolkien's The Lord of the Rings - Volume One (Europe),Europe
SNSP-64,J.R.R. Tolkien's The Lord of the Rings - Volume One (Germany),
SHVC-A94J-JPN,JB The Super Bass (Japan),Japan
SHVC-TJAJ-JPN,JRA PAT (Japan) (TJAJ),Japan
SHVC-TJAJ-JPN,JRA PAT (Japan) (TJBJ),Japan
SHVC-AJWJ-JPN,JWP Joshi Pro Wres - Pure Wrestle Queens (Japan),Japan
SNSP-JN,Jack Nicklaus Golf (Europe),Europe
SNSP-JN,Jack Nicklaus Golf (France),
SNS-JN,Jack Nicklaus Golf (USA),USA
SHVC-BR,Jaleco Rally Big Run - The Supreme 4WD Challenge (Japan),Japan
SNSP-JJ,James Bond Jr (Europe),Europe
SNS-JJ,James Bond Jr (USA),USA
SNSP-JX,James Pond's Crazy Sports (Europe),Europe
SHVC-AJMJ-JPN,Jammes (Japan),Japan
SHVC-AV4J-JPN,Janyuuki - Gokuu Randa (Japan),Japan
SNSP-AJBP-EUR,Jelly Boy (Europe),Europe
SNS-JY,Jeopardy! (USA),USA
SNS-7Y,Jeopardy! - Deluxe Edition (USA),USA
SNS-8Y,Jeopardy! - Sports Edition (USA),USA
SHVC-JB,Jerry Boy (Japan),Japan
SNS-8J,"Jetsons, The - Invasion of the Planet Pirates (USA)",USA
SHVC-Z5,Jigsaw Party (Japan),Japan
SHVC-AJOJ-JPN,Jikkyou Oshaberi Parodius (Japan),Japan
SHVC-AJXJ-JPN,Jikkyou Power Pro Wrestling '96 - Max Voltage (Japan),Japan
SHVC-YX,Jikkyou Powerful Pro Yakyuu '94 (Japan),Japan
SHVC-A57J-JPN,Jikkyou Powerful Pro Yakyuu '96 - Kaimaku Ban (Japan),Japan
SHVC-A57J-JPN,Jikkyou Powerful Pro Yakyuu '96 - Kaimaku Ban (Japan) (Rev 1),Japan
SHVC-AJ5J-JPN,Jikkyou Powerful Pro Yakyuu - Basic Ban '98 (Japan),Japan
SHVC-AP2J-JPN,Jikkyou Powerful Pro Yakyuu 2 (Japan),Japan
SHVC-AP2J-JPN,Jikkyou Powerful Pro Yakyuu 2 (Japan) (Rev 1),Japan
SHVC-AP2J-JPN,Jikkyou Powerful Pro Yakyuu 2 (Japan) (Rev 2),Japan
SHVC-A3JJ-JPN,Jikkyou Powerful Pro Yakyuu 3 (Japan),Japan
SHVC-AQ7J-JPN,Jikkyou Powerful Pro Yakyuu 3 - '97 Haru (Japan),Japan
SHVC-AQ7J-JPN,Jikkyou Powerful Pro Yakyuu 3 - '97 Haru (Japan) (Rev 1),Japan
SHVC-3U,Jikkyou World Soccer - Perfect Eleven (Japan),Japan
SHVC-3U,Jikkyou World Soccer - Perfect Eleven (Japan) (Rev 1),Japan
SHVC-AWJJ-JPN,Jikkyou World Soccer 2 - Fighting Eleven (Japan),Japan
SHVC-AWJJ-JPN,Jikkyou World Soccer 2 - Fighting Eleven (Japan) (Rev 1) (NP),Japan
SNS-AWIE-USA,Jim Lee's WildC.A.T.S - Covert-Action-Teams (USA),USA
SNS-6J,Jim Power - The Lost Dimension in 3D (USA),USA
SNSP-JC,Jimmy Connors Pro Tennis Tour (Europe),Europe
SNSP-JC,Jimmy Connors Pro Tennis Tour (France),
SNSP-JC,Jimmy Connors Pro Tennis Tour (Germany),
SHVC-JC,Jimmy Connors Pro Tennis Tour (Japan),Japan
SNS-JC,Jimmy Connors Pro Tennis Tour (USA),USA
SNS-AFUE-USA,Jimmy Houston's Bass Tournament U.S.A. (USA),USA
SHVC-AFUJ-JPN,Jissen Bass Fishing Hisshouhou in USA (Japan),Japan
SHVC-AKOJ-JPN,Jissen Kyoutei (Japan),Japan
SHVC-AZHJ-JPN,Jissen Pachi-Slot Hisshouhou! Twin (Japan),Japan
SHVC-AZOJ-JPN,Jissen Pachi-Slot Hisshouhou! Twin Vol. 2 (Japan),Japan
SHVC-A9ZJ-JPN,Jissen Pachinko Hisshouhou! 2 (Japan),Japan
SHVC-AJIJ-JPN,Jissen! Mahjong Shinan (Japan),Japan
SHVC-PI,Jissen! Pachi-Slot Hisshouhou! (Japan),Japan
SHVC-XU,Jissen! Pachi-Slot Hisshouhou! 2 (Japan),Japan
SHVC-AJCJ-JPN,Jissen! Pachi-Slot Hisshouhou! Classic (Japan),Japan
SHVC-AY8J-JPN,Jissen! Pachi-Slot Hisshouhou! Yamasa Densetsu (Japan),Japan
SHVC-JK,JoJo no Kimyou na Bouken (Japan),Japan
SNS-JT,Joe & Mac (USA),USA
SHVC-JT,Joe & Mac - Tatakae Genshijin (Japan),Japan
SNS-J3,Joe & Mac 2 - Lost in the Tropics (USA),USA
SNSP-J3,"Joe & Mac 3 - Lost in the Tropics (Europe) (En,Fr,De)",Europe
SNSP-MF,John Madden Football '93 (Europe),Europe
SNS-MF-USA,John Madden Football '93 (USA),USA
SNS-MF-USA,John Madden Football '93 (USA) (Rev 1),USA
SNS-JM,John Madden Football (USA),USA
SHVC-ZTMJ-JPN,Joushou Mahjong Tenpai (Japan),Japan
SNSP-AJDP-EUR,Judge Dredd (Europe),Europe
SHVC-AJDJ-JPN,Judge Dredd (Japan),Japan
SNS-AJDE-USA,Judge Dredd (USA),USA
SHVC-JO,Jumbo Ozaki no Hole in One (Japan),Japan
SHVC-AJUJ-JPN,Jumpin' Derby (Japan),Japan
SNSP-7K,"Jungle Book, The (Europe)",Europe
SHVC-7K,"Jungle Book, The (Japan)",Japan
SNS-7K,"Jungle Book, The (USA)",USA
SNSP-AJGP-EUR,Jungle Strike (Europe),Europe
SNS-AJGE-USA,Jungle Strike (USA),USA
SHVC-AJGJ-JPN,Jungle Strike - Uketsugareta Kyouki (Japan),Japan
SHVC-JW-JPN,Jungle Wars 2 - Kodai Mahou Atimos no Nazo (Japan),Japan
SHVC-5J,Jungle no Ouja Tar-chan - Sekaimanyuu Daikakutou no Maki (Japan),Japan
SNSP-J8,Jurassic Park (Europe),Europe
SNSP-J8,Jurassic Park (France),
SNSP-J8,Jurassic Park (Germany),
SNSP-J8,Jurassic Park (Italy),
SHVC-J8,Jurassic Park (Japan),Japan
SNSP-J8,Jurassic Park (Spain),
SNS-J8,Jurassic Park (USA),USA
SNS-J8,Jurassic Park (USA) (Rev 1),USA
SNSP-A2JP-EUR,"Jurassic Park Part 2 - The Chaos Continues (Europe) (En,Fr,De,It)",Europe
SNS-A2JE-USA,"Jurassic Park Part 2 - The Chaos Continues (USA) (En,Fr,De,It)",USA
SNSP-AJLP-EUR,Justice League Task Force (Europe),Europe
SHVC-AJLJ-JPN,Justice League Task Force (Japan),Japan
SNS-AJLE-USA,Justice League Task Force (USA),USA
SHVC-JU,Jutei Senki (Japan),Japan
SHVC-AV,Juusou Kihei Valken (Japan),Japan
SNSP-PJ-EUR,K.H. Rummenigge's Player Manager (Germany),
SNS-BB,Ka-blooey (USA),USA
SHVC-IF,Kabuki Chou Reach Mahjong Tonpuusen (Japan),Japan
SHVC-QR,Kabuki Rocks (Japan),Japan
SHVC-4K,Kachiuma Yosou Soft - Baken Renkinjutsu (Japan),Japan
SHVC-UK,Kachou Shima Kousaku (Japan),Japan
SHVC-HV,Kagakusha Harley no Haran Banjou (Japan),Japan
SHVC-66,Kaite Tsukutte Asoberu Dezaemon (Japan),Japan
SHVC-AKAJ-JPN,Kakinoki Shougi (Japan),Japan
SHVC-EU-JPN,Kamaitachi no Yoru (Japan),Japan
SHVC-K4,Kamen Rider (Japan),Japan
SHVC-KA-JPN,Kamen Rider SD - Shutsugeki!! Rider Machine (Japan),Japan
SHVC-OH,Karura Ou (Japan),Japan
SHVC-AVFJ-JPN,Kashiwagi Shigetaka no Top Water Bassing (Japan),Japan
SHVC-AKCJ-JPN,Kat's Run - Zen-Nihon K-Car Senshuken (Japan),Japan
SHVC-A9HJ-JPN,Katou Hifumi Kudan - Shougi Club (Japan),Japan
SHVC-AKNJ-JPN,Kawa no Nushi Tsuri 2 (Japan),Japan
SNS-KC,Kawasaki Caribbean Challenge (USA),USA
SNSP-AKEP-EUR,Kawasaki Superbike Challenge (Europe),Europe
SNS-AKEE-USA,Kawasaki Superbike Challenge (USA),USA
SHVC-K9,Keeper (Japan),Japan
SHVC-8K-JPN,Keiba Eight Special (Japan),Japan
SHVC-8K-JPN,Keiba Eight Special (Japan) (Rev 1),Japan
SHVC-82,Keiba Eight Special 2 (Japan),Japan
SNS-JR,Ken Griffey Jr. Presents Major League Baseball (USA),USA
SNS-JR,Ken Griffey Jr. Presents Major League Baseball (USA) (Rev 1),USA
SNS-A9GE-USA,Ken Griffey Jr.'s Winning Run (USA),USA
SNS-M7-USA,Kendo Rage (USA),USA
SHVC-BX,Kentou Ou World Champion (Japan),Japan
SHVC-YB,Kenyuu Densetsu Yaiba (Japan),Japan
SHVC-NE-JPN,Kero Kero Keroppi no Bouken Nikki - Nemureru Mori no Keroleen (Japan),Japan
SHVC-IX,Kessen! Dokapon Oukoku IV - Densetsu no Yuusha-tachi (Japan),Japan
SNSP-PJ-UKV,Kevin Keegan's Player Manager (Europe),Europe
SNSP-KO-NOE,Kick Off (Europe),Europe
SNSP-37,"Kick Off 3 - European Challenge (Europe) (En,Fr,De,Es,It)",Europe
SNSP-ZI,Kid Klown in Crazy Chase (Europe),Europe
SNS-ZI,Kid Klown in Crazy Chase (USA),USA
SHVC-ZI-JPN,Kid Klown no Crazy Chase (Japan),Japan
SHVC-AGMJ-JPN,Kidou Butouden G Gundam (Japan),Japan
SHVC-PX-JPN,Kidou Keisatsu Patlabor (Japan),Japan
SHVC-78,Kidou Senshi Gundam - Cross Dimension 0079 (Japan),Japan
SHVC-GP,Kidou Senshi Gundam F91 - Formula Senki 0122 (Japan),Japan
SHVC-VU,Kidou Senshi V Gundam (Japan),Japan
SHVC-AO6J-JPN,Kidou Senshi Z Gundam - Away to the Newtype (Japan),Japan
SHVC-DY-JPN,Kidou Soukou Dion (Japan),Japan
SHVC-KK,Kikikai-kai - Nazo no Kuro Manteau (Japan),Japan
SHVC-MJ-JPN,Kikou Keisatsu Metal Jack (Japan),Japan
SHVC-JD,Kikuni Masahiko no Jantoushi Doraou (Japan),Japan
SHVC-2K,Kikuni Masahiko no Jantoushi Doraou 2 (Japan),Japan
SNSP-AKLP-EUR,Killer Instinct (Europe),Europe
SNS-AKLE-USA,Killer Instinct (USA),USA
SNS-AKLE-USA,Killer Instinct (USA) (Rev 1),USA
SHVC-AKJJ-JPN,Kindai Mahjong Special (Japan),Japan
SNS-AAKE-USA,King Arthur & The Knights of Justice (USA),USA
SNSP-RC,King Arthur's World (Europe),Europe
SNS-RC,King Arthur's World (USA),USA
SNSP-EI-NOE,King of Dragons (Europe),Europe
SNS-EI-USA,King of Dragons (USA),USA
SHVC-EI,"King of Dragons, The (Japan)",Japan
SHVC-KP,"King of Rally, The (Japan)",Japan
SNSP-KM-EUR,King of the Monsters (Europe),Europe
SHVC-KM-JPN,King of the Monsters (Japan),Japan
SNS-KM,King of the Monsters (USA),USA
SNS-A7SE-USA,King of the Monsters 2 (USA),USA
SHVC-KT,King of the Monsters 2 - The Next Thing (Japan),Japan
SHVC-J7,Kingyo Chuuihou! - Tobidase! Game Gakuen (Japan),Japan
SHVC-KI-JPN,Kinnikuman - Dirty Challenger (Japan),Japan
SHVC-CG,Kirby Bowl (Japan),Japan
SNS-AKFE-USA,Kirby Super Star (USA),USA
SHVC-BKKJ-JPN,Kirby no Kirakira Kids (Japan),Japan
SNS-PQ,Kirby's Avalanche (USA),USA
SNSP-CG,Kirby's Dream Course (Europe),Europe
SNS-CG,Kirby's Dream Course (USA),USA
SNS-AFJE-USA,Kirby's Dream Land 3 (USA),USA
SNSP-AKFP-EUR,Kirby's Fun Pak (Europe),Europe
SNSP-PQ,Kirby's Ghost Trap (Europe),Europe
SHVC-AZ6J-JPN,Kishin Douji Zenki - Battle Raiden (Japan),Japan
SHVC-AZDJ-JPN,Kishin Douji Zenki - Denei Raibu (Japan),Japan
SHVC-AZTJ-JPN,Kishin Douji Zenki - Tenchi Meidou (Japan),Japan
SHVC-HD,Kishin Kourinden Oni (Japan),Japan
SHVC-AVKJ-JPN,Kiteretsu Daihyakka - Choujikuu Sugoroku (Japan),Japan
SNSP-LO,Knights of the Round (Europe),Europe
SHVC-LO,Knights of the Round (Japan),Japan
SNS-LO,Knights of the Round (USA),USA
SHVC-ADFJ-JPN,Konpeki no Kantai (Japan),Japan
SHVC-AOOJ-JPN,Kouryaku Casino Bar (Japan),Japan
SHVC-VL-JPN,Kouryuu Densetsu Villgust - Kieta Shoujo (Japan),Japan
SHVC-AKVJ-JPN,Kouryuu no Mimi (Japan),Japan
SHVC-QG,Kouryuuki (Japan),Japan
SHVC-KQ,Koushien 2 (Japan),Japan
SHVC-3V,Koushien 3 (Japan),Japan
SHVC-A4VJ-JPN,Koushien 4 (Japan),Japan
SHVC-ASGJ-JPN,Kousoku Shikou Shougi Ou (Japan),Japan
SHVC-PZ,Koutetsu no Kishi (Japan),Japan
SHVC-2Z,Koutetsu no Kishi 2 - Sabaku no Rommel Gundan (Japan),Japan
SHVC-APZJ-JPN,Koutetsu no Kishi 3 - Gekitotsu Europe Sensen (Japan),Japan
SHVC-FH,Krusty World (Japan),Japan
SNSP-FH,Krusty's Super Fun House (Europe),Europe
SNSP-FH,Krusty's Super Fun House (Europe) (Rev 1),Europe
SNS-FH-USA,Krusty's Super Fun House (USA),USA
SNS-FH-USA,Krusty's Super Fun House (USA) (Rev 1),USA
SHVC-QO,Kunio no Oden (Japan),Japan
SHVC-ND,Kunio-kun no Dodge Ball Da yo Zenin Shuugou! (Japan),Japan
SHVC-ND,Kunio-kun no Dodge Ball Da yo Zenin Shuugou! - Tournament Special (Japan),Japan
SHVC-AKUJ-JPN,Kuusou Kagaku Sekai Gulliver Boy (Japan),Japan
SNS-AKPE-USA,Kyle Petty's No Fear Racing (USA),USA
SHVC-AKMJ-JPN,Kyuuyaku Megami Tensei (Japan),Japan
SHVC-A8YJ-JPN,La Wares (Japan),Japan
SHVC-ALSJ-JPN,Lady Stalker - Kako kara no Chousen (Japan),Japan
SNSP-LA,Lagoon (Europe),Europe
SNSP-LA,Lagoon (Germany),
SHVC-LA,Lagoon (Japan),Japan
SNS-LA-USA,Lagoon (USA),USA
SNSP-P-L8,Lamborghini American Challenge (Europe),Europe
SNS-L8,Lamborghini American Challenge (USA),USA
SHVC-ADLJ-JPN,Laplace no Ma (Japan),Japan
SHVC-QJ,Larry Nixon's Super Bass Fishing (Japan),Japan
SHVC-QJ,Larry Nixon's Super Bass Fishing (Japan) (Rev 1),Japan
SHVC-L6-JPN,Las Vegas Dream in Golden Paradise (Japan),Japan
SNSP-L5,Last Action Hero (Europe),Europe
SNS-L5,Last Action Hero (USA),USA
SHVC-3T-JPN,"Last Battle, The (Japan)",Japan
SHVC-ALBJ-JPN,Last Bible III (Japan),Japan
SNSP-LW-EUR,"Lawnmower Man, The (Europe)",Europe
SNS-LW,"Lawnmower Man, The (USA)",USA
SHVC-LC,Leading Company (Japan),Japan
SHVC-L9,Leading Jockey (Japan),Japan
SHVC-ALJJ-JPN,Leading Jockey 2 (Japan),Japan
SNSP-6L,Legend (Europe),Europe
SNS-6L,Legend (USA),USA
SNS-P-ZL,"Legend of Zelda, The - A Link to the Past (Canada)",Canada
SNSP-ZL,"Legend of Zelda, The - A Link to the Past (Europe)",Europe
SNSP-ZL,"Legend of Zelda, The - A Link to the Past (France)",
SNSP-ZL,"Legend of Zelda, The - A Link to the Past (Germany)",
SNS-P-ZL,"Legend of Zelda, The - A Link to the Past (USA)",USA
SNSP-GG,"Legend of the Mystical Ninja, The (Europe)",Europe
SNSP-GG,"Legend of the Mystical Ninja, The (Germany)",
SNS-GG,"Legend of the Mystical Ninja, The (USA)",USA
SNSP-LE,Lemmings (Europe),Europe
SHVC-LE,Lemmings (Japan),Japan
SNS-LE,Lemmings (USA),USA
SNS-LE,Lemmings (USA) (Rev 1),USA
SNSP-L2,Lemmings 2 - The Tribes (Europe),Europe
SHVC-L2,Lemmings 2 - The Tribes (Japan),Japan
SNS-L2,Lemmings 2 - The Tribes (USA),USA
SHVC-LN,Lennus - Kodai Kikai no Kioku (Japan),Japan
SHVC-ALNJ-JPN,Lennus II - Fuuin no Shito (Japan),Japan
SNS-LY,Lester the Unlikely (USA),USA
SNSP-LK,Lethal Enforcers (Europe),Europe
SHVC-LK,Lethal Enforcers (Japan),Japan
SNS-LK,Lethal Enforcers (USA),USA
SNSP-L3,Lethal Weapon (Europe),Europe
SNS-L3,Lethal Weapon (USA),USA
SNS-L3,Lethal Weapon (USA) (Arcade),USA
SHVC-26,Libble Rabble (Japan),Japan
SNS-7L,Liberty or Death (USA),USA
SHVC-LF,Light Fantasy (Japan),Japan
SHVC-ALRJ-JPN,Light Fantasy II (Japan),Japan
SNSP-ALKP-EUR,"Lion King, The (Europe)",Europe
SHVC-ALKJ-JPN,"Lion King, The (Japan)",Japan
SNS-ALKE-USA,"Lion King, The (USA)",USA
SHVC-LI-JPN,Little Magic (Japan),Japan
SHVC-ALMJ-JPN,Little Master - Nijiiro no Maseki (Japan),Japan
SHVC-5V,Live A Live (Japan),Japan
SNS-AZ,Lock On (USA),USA
SHVC-7Z,Lode Runner Twin - Justy to Liberty no Daibouken (Japan),Japan
SHVC-ALWJ-JPN,Lodoss-tou Senki (Japan),Japan
SHVC-A6YJ-JPN,Logos Panic Goaisatsu (Japan),Japan
SNSP-DV,Looney Tunes - Road Runner (Europe),Europe
SHVC-DV,Looney Tunes - Road Runner vs Wile E. Coyote (Japan),Japan
SNS-ALTE-USA,Looney Tunes B-Ball (USA),USA
SNSP-ALTP,Looney Tunes Basketball (Europe),Europe
SHVC-LM,Lord Monarch (Japan),Japan
SHVC-LM,Lord Monarch (Japan) (Rev 1) (NP),Japan
SNS-IZ,Lord of Darkness (USA),USA
SNS-LV,Lost Vikings 2 (USA),USA
SNSP-LV,"Lost Vikings II, The - Norse by Norsewest (Europe) (En,Fr,De)",Europe
SNSP-LV,"Lost Vikings, The (Europe)",Europe
SNSP-LV,"Lost Vikings, The (France) (En,Fr)",
SNSP-LV,"Lost Vikings, The (Germany)",
SNSP-LV,"Lost Vikings, The (Spain)",
SNS-LV,"Lost Vikings, The (USA)",USA
SNSP-AOMD-NOE,Lothar Matthaeus Super Soccer (Germany),
SHVC-ALQJ-JPN,Love Quest (Japan),Japan
SNSP-ALYP-EUR,"Lucky Luke (Europe) (En,Fr,De,Es)",Europe
SNS-ES,Lufia & the Fortress of Doom (USA),USA
SNSP-ANIP-EUR,Lufia (Europe),Europe
SNSP-ANIP-EUR,Lufia (Germany),
SNSP-ANIP-EUR,Lufia (Netherlands),
SNSP-ANIP-EUR,Lufia (Spain),
SNS-ANIE-USA,Lufia II - Rise of the Sinistrals (USA),USA
SHVC-ALPJ-JPN,Lupin Sansei - Densetsu no Hihou o Oe! (Japan),Japan
SNS-XH,MLBPA Baseball (USA),USA
SHVC-VP,MVP Baseball (Japan),Japan
SNS-9M,Madden NFL '94 (USA),USA
SNSP-ANLP-EUR,Madden NFL 95 (Europe),Europe
SNS-ANLE-USA,Madden NFL 95 (USA),USA
SNS-A6FE-USA,Madden NFL 96 (USA),USA
SNS-A7NE-USA,Madden NFL 97 (USA),USA
SNS-A8NE-USA,Madden NFL 98 (USA),USA
SHVC-ADYJ-JPN,Madou Monogatari - Hanamaru Daiyouchienji (Japan),Japan
SHVC-C9-JPN,Maerchen Adventure Cotton 100% (Japan),Japan
SNSP-YG,Magic Boy (Europe),Europe
SNS-YG,Magic Boy (USA),USA
SHVC-D9,Magic Johnson no Super Slam Dunk (Japan),Japan
SNSP-MD,Magic Sword (Europe),Europe
SHVC-MD,Magic Sword (Japan),Japan
SNS-MD,Magic Sword (USA),USA
SHVC-AD7J-JPN,Magical Drop (Japan),Japan
SHVC-AOKJ-JPN,Magical Drop 2 (Japan),Japan
SHVC-AOKJ-JPN,Magical Drop 2 (Japan) (Bunka Housou Special Version),Japan
SHVC-AIAJ-JPN,Magical Pop'n (Japan),Japan
SNSP-MI,"Magical Quest Starring Mickey Mouse, The (Europe)",Europe
SNSP-MI,"Magical Quest Starring Mickey Mouse, The (Europe) (Rev 1)",Europe
SNSP-MI,"Magical Quest Starring Mickey Mouse, The (Germany)",
SNSP-MI,"Magical Quest Starring Mickey Mouse, The (Germany) (Rev 1)",
SNS-MI,"Magical Quest Starring Mickey Mouse, The (USA)",USA
SHVC-TL,Magical Taruruuto-kun - Magic Adventure (Japan),Japan
SHVC-AMBJ-JPN,Magna Braban - Henreki no Yuusha (Japan),Japan
SHVC-AHMJ-JPN,Mahjong Club (Japan),Japan
SHVC-59,Mahjong Gokuu Tenjiku (Japan),Japan
SHVC-AHVJ-JPN,Mahjong Hanjouki (Japan),Japan
SHVC-ARUJ-JPN,Mahjong Hishouden - Shin Naki no Ryuu (Japan),Japan
SHVC-Y3,Mahjong Sengoku Monogatari (Japan),Japan
SHVC-AIQJ-JPN,Mahjong Taikai II (Japan),Japan
SHVC-AIQJ-JPN,Mahjong Taikai II (Japan) (Rev 1),Japan
SHVC-TY,"Mahjong Touhaiden, The (Japan)",Japan
SHVC-9P,Mahou Poi Poi Poitto! (Japan),Japan
SHVC-AGUJ-JPN,Mahoujin Guruguru (Japan),Japan
SHVC-A99J-JPN,Mahoujin Guruguru 2 (Japan),Japan
SHVC-ZM,Majin Tensei (Japan),Japan
SHVC-ZM,Majin Tensei (Japan) (Rev 1),Japan
SHVC-ZM,Majin Tensei (Japan) (Rev 2),Japan
SHVC-AZ2J-JPN,Majin Tensei II - Spiral Nemesis (Japan),Japan
SNSP-MT,Major Title (Europe),Europe
SHVC-MT,Major Title (Japan),Japan
SHVC-AOHJ-JPN,Majuu Ou (Japan),Japan
SHVC-MM-JPN,Maka Maka (Japan),Japan
SHVC-M7-JPN,Makeruna! Makendou (Japan),Japan
SHVC-AM2J-JPN,Makeruna! Makendou 2 - Kimero! Youkai Souridaijin (Japan),Japan
SNSP-AOMP-EUR,Manchester United Championship Soccer (Europe),Europe
SNSP-MU,Mario Is Missing! (Europe),Europe
SNSP-MU,Mario Is Missing! (France),
SNSP-MU,Mario Is Missing! (Germany),
SNS-MU-USA,Mario Is Missing! (USA),USA
SNSP-MP,Mario Paint (Europe),Europe
SHVC-ACXJ-JPN,Mario no Super Picross (Japan),Japan
SHVC-WE,Mario to Wario (Japan) (En),Japan
SNS-AMYE-USA,Mario's Early Years - Fun with Letters (USA),USA
SNS-YR,Mario's Early Years - Fun with Numbers (USA),USA
SNS-AMEE-USA,Mario's Early Years - Preschool Fun (USA),USA
SNS-8M,Mario's Time Machine (USA),USA
SNS-AOAE-USA,Mark Davis' The Fishing Master (USA),USA
SNSP-AMRP-EUR,"Marko's Magic Football (Europe) (En,Fr,De,Es)",Europe
SHVC-AMNJ-JPN,Marmalade Boy (Japan),Japan
SHVC-AHZJ-JPN,Marvel Super Heroes - War of the Gems (Japan),Japan
SNSP-AHZP-EUR,Marvel Super Heroes in War of the Gems (Europe),Europe
SNS-AHZE-USA,Marvel Super Heroes in War of the Gems (USA),USA
SHVC-AVRJ-JPN,Marvelous - Mouhitotsu no Takara-jima (Japan),Japan
SNS-AFRE-USA,Mary Shelley's Frankenstein (USA),USA
SHVC-AV9J-JPN,Mask (Japan),Japan
SNSP-AMGP-EUR,"Mask, The (Europe)",Europe
SNS-AMGE-USA,"Mask, The (USA)",USA
SHVC-O2,Masters - Harukanaru Augusta 2 (Japan),Japan
SHVC-AO3J-JPN,Masters New - Harukanaru Augusta 3 (Japan),Japan
SHVC-AO3J-JPN,Masters New - Harukanaru Augusta 3 (Japan) (Rev 1),Japan
SHVC-AZ9J-JPN,Maten Densetsu - Senritsu no Ooparts (Japan),Japan
SNS-AMME-USA,Math Blaster - Episode 1 (USA),USA
SHVC-AMVJ-JPN,Matsukata Hiroki no Super Trawling (Japan),Japan
SHVC-24,Matsumura Kunihiro Den - Saikyou no Rekishi o Nurikaero! (Japan),Japan
SNS-AZBE-USA,Maui Mallard in Cold Shadow (USA),USA
SHVC-JZ,Mazinger Z (Japan),Japan
SNS-TS-USA,Mecarobot Golf (USA),USA
SNSP-WM,MechWarrior (Europe),Europe
SNSP-WM,MechWarrior (France),
SNSP-WM,MechWarrior (Germany),
SNSP-WM,MechWarrior (Italy),
SNSP-WM,MechWarrior (Spain),
SNS-WM,MechWarrior (USA),USA
SNSP-A35P-EUR,MechWarrior 3050 (Europe),Europe
SNS-A35E-USA,MechWarrior 3050 (USA),USA
SNSP-A7RP-EUR,Mega Man 7 (Europe),Europe
SNS-A7RE-USA,Mega Man 7 (USA),USA
SNS-RQ,Mega Man Soccer (USA),USA
SNSP-RX,Mega Man X (Europe),Europe
SNS-P-RX,Mega Man X (USA),USA
SNS-P-RX,Mega Man X (USA) (Rev 1),USA
SNSP-ARXP-EUR,Mega Man X2 (Europe),Europe
SNS-ARXE-USA,Mega Man X2 (USA),USA
SNSP-AR3P-EUR,Mega Man X3 (Europe),Europe
SNS-AR3E-USA,Mega Man X3 (USA),USA
SHVC-MZ-JPN,Mega lo Mania - Jikuu Daisenryaku (Japan),Japan
SNSP-MZ-NOE,"Mega-Lo-Mania (Europe) (En,Fr,De)",Europe
SHVC-YZ,Melfand Stories (Japan),Japan
SNSP-KD,Metal Combat - Falcon's Revenge (Europe),Europe
SNS-KD,Metal Combat - Falcon's Revenge (USA),USA
SNSP-6M-NOE,Metal Marines (Europe),Europe
SNS-6M-USA,Metal Marines (USA),USA
SHVC-MX-JPN,Metal Max 2 (Japan),Japan
SHVC-AZMJ-JPN,Metal Max Returns (Japan),Japan
SNS-AMHE-USA,Metal Morph (USA),USA
SHVC-BMSJ-JPN,Metal Slader Glory - Director's Cut (Japan) (NP),Japan
SNS-AWME-USA,Metal Warriors (USA),USA
SHVC-AMAJ-JPN,Michael Andretti's IndyCar Challenge (Japan),Japan
SNS-AMAE-USA,Michael Andretti's IndyCar Challenge (USA),USA
SNSP-AWCP-EUR,Michael Jordan - Chaos in the Windy City (Europe),Europe
SNS-AWCE-USA,Michael Jordan - Chaos in the Windy City (USA),USA
SNSP-AMIP-EUR,Mickey Mania (Europe),Europe
SHVC-AMIJ-JPN,Mickey Mania - The Timeless Adventures of Mickey Mouse (Japan),Japan
SNS-AMIE-USA,Mickey Mania - The Timeless Adventures of Mickey Mouse (USA),USA
SHVC-MI,Mickey no Magical Adventure (Japan),Japan
SHVC-MI,Mickey no Magical Adventure (Japan) (Rev 1),Japan
SHVC-ZJ,Mickey no Tokyo Disneyland Daibouken (Japan),Japan
SHVC-AM3J-JPN,Mickey to Donald - Magical Adventure 3 (Japan),Japan
SHVC-4C,Mickey to Minnie - Magical Adventure 2 (Japan),Japan
SNS-6U,Mickey's Ultimate Challenge (USA),USA
SNSP-AH3P-EUR,Micro Machines (Europe),Europe
SNS-AH3E-USA,Micro Machines (USA),USA
SNSP-A2XP-EUR,Micro Machines 2 - Turbo Tournament (Europe),Europe
SHVC-MV,Might and Magic - Book II (Japan),Japan
SNSP-MG,Might and Magic II (Europe),Europe
SNSP-MG,Might and Magic II (Germany),
SNS-3H-USA,Might and Magic III - Isles of Terra (USA),USA
SNS-AMOE-USA,Mighty Max (USA),USA
SHVC-PM-JPN,Mighty Morphin Power Rangers (Japan),Japan
SNSP-A3RP-EUR,Mighty Morphin Power Rangers - The Fighting Edition (Europe),Europe
SNS-A3RE-USA,Mighty Morphin Power Rangers - The Fighting Edition (USA),USA
SNSP-A2RP-EUR,Mighty Morphin Power Rangers - The Movie (Europe),Europe
SNS-A2RE-USA,Mighty Morphin Power Rangers - The Movie (USA),USA
SHVC-AQ9J-JPN,Milandra (Japan),Japan
SHVC-NG,Militia (Japan),Japan
SHVC-BM4J-JPN,Mini Yonku Let's & Go!! - Power WGP 2 (Japan),Japan
SHVC-A4WJ-JPN,Mini Yonku Shining Scorpion - Let's & Go!! (Japan),Japan
SHVC-ACPJ-JPN,Miracle Casino Paradise (Japan),Japan
SHVC-QP,Miracle Girls (Japan),Japan
SNS-MR,"Miracle Piano Teaching System, The (USA)",USA
SHVC-AFAJ-JPN,Miyaji Shachou no Pachinko Fan - Shouri Sengen 2 (Japan),Japan
SHVC-AYHJ-JPN,Mizuki Shigeru no Youkai Hyakkiyakou (Japan),Japan
SNSP-AJYP-EUR,Mohawk & Headphone Jack (Europe),Europe
SNS-AJYE-USA,Mohawk & Headphone Jack (USA),USA
SHVC-AH8J-JPN,Momotarou Dentetsu Happy (Japan),Japan
SHVC-ML,Monopoly (Japan),Japan
SHVC-AMLJ-JPN,"Monopoly Game 2, The (Japan)",Japan
SHVC-AMKJ-JPN,Monstania (Japan),Japan
SHVC-3M,Monster Maker III - Hikari no Majutsushi (Japan),Japan
SHVC-AK2J-JPN,Monster Maker Kids - Ousama ni Naritai (Japan),Japan
SNSP-KX,Mortal Kombat (Europe),Europe
SNSP-KX,Mortal Kombat (Europe) (Rev 1),Europe
SNS-28-USA,Mortal Kombat (USA),USA
SHVC-KX,Mortal Kombat - Shinken Kourin Densetsu (Japan),Japan
SNSP-A3MP-EUR,Mortal Kombat 3 (Europe),Europe
SNS-A3ME-USA,Mortal Kombat 3 (USA),USA
SNSP-28,Mortal Kombat II (Europe),Europe
SNSP-28,Mortal Kombat II (Europe) (Rev 1),Europe
SNS-28,Mortal Kombat II (USA),USA
SNS-28,Mortal Kombat II (USA) (Rev 1),USA
SHVC-28,Mortal Kombat II - Kyuukyoku Shinken (Japan),Japan
SHVC-MB,Mother 2 - Gyiyg no Gyakushuu (Japan),Japan
SHVC-WK,Motoko-chan no Wonder Kitchen (Japan),Japan
SHVC-AOEJ-JPN,Motteke Oh! Dorobou (Japan),Japan
SHVC-M2,Mouryou Senki Madara 2 (Japan),Japan
SNSP-AUNP-EUR,Mr. Do! (Europe),Europe
SHVC-AUNJ-JPN,Mr. Do! (Japan),Japan
SNS-AUNE-USA,Mr. Do! (USA),USA
SNSP-N8,"Mr. Nutz (Europe) (En,Fr)",Europe
SHVC-ANUJ-JPN,Mr. Nutz (Japan),Japan
SNS-N8,"Mr. Nutz (USA) (En,Fr)",USA
SNSP-AN8P-EUR,Ms. Pac-Man (Europe),Europe
SNS-AN8E-USA,Ms. Pac-Man (USA),USA
SHVC-AK6J-JPN,Mujintou Monogatari (Japan),Japan
SHVC-A3VJ-JPN,Multi Play Volleyball (Japan),Japan
SHVC-ZW,Muscle Bomber - The Body Explosion (Japan),Japan
SNS-MY,Musya - The Classic Japanese Tale of Horror (USA),USA
SHVC-MC,Mystery Circle (Japan),Japan
SHVC-AEAJ-JPN,Mystic Ark (Japan),Japan
SNSP-MQ,Mystic Quest Legend (Europe),Europe
SNSP-MQ,Mystic Quest Legend (France),
SNSP-MQ,Mystic Quest Legend (Germany),
SNSP-NB,NBA All-Star Challenge (Europe),Europe
SHVC-NB,NBA All-Star Challenge (Japan),Japan
SNS-NB,NBA All-Star Challenge (USA),USA
SNSP-ANJP-EUR,NBA Give 'n Go (Europe),Europe
SNS-ANJE-USA,NBA Give 'n Go (USA),USA
SNS-AXGE-USA,NBA Hang Time (USA),USA
SNSP-8N,NBA Jam (Europe),Europe
SNSP-8N,NBA Jam (Europe) (Rev 1),Europe
SHVC-8N,NBA Jam (Japan),Japan
SNS-8N-USA,NBA Jam (USA),USA
SNS-8N-USA,NBA Jam (USA) (Rev 1),USA
SNSP-AJTP-EUR,NBA Jam - Tournament Edition (Europe),Europe
SHVC-AJTJ-JPN,NBA Jam - Tournament Edition (Japan),Japan
SNS-AJTE-USA,NBA Jam - Tournament Edition (USA),USA
SHVC-ANJJ-JPN,NBA Jikkyou Basket - Winning Dunk (Japan),Japan
SNSP-ANBP-EUR,NBA Live 95 (Europe),Europe
SHVC-ANBJ-JPN,NBA Live 95 (Japan),Japan
SNS-ANBE-USA,NBA Live 95 (USA),USA
SNSP-A6BP-EUR,NBA Live 96 (Europe),Europe
SNS-A6BE-USA,NBA Live 96 (USA),USA
SNSP-A7LP-EUR,NBA Live 97 (Europe),Europe
SNS-A7LE-USA,NBA Live 97 (USA),USA
SNS-A8LE-USA,NBA Live 98 (USA),USA
SHVC-6N,NBA Pro Basketball '94 - Bulls vs Suns (Japan),Japan
SHVC-BU,NBA Pro Basketball - Bulls vs Blazers (Japan),Japan
SNS-6N,NBA Showdown (USA),USA
SNS-DU,NCAA Basketball (USA),USA
SNS-DU,NCAA Basketball (USA) (Arcade),USA
SNS-DU,NCAA Basketball (USA) (Rev 1),USA
SNS-AFIE-USA,NCAA Final Four Basketball (USA),USA
SNS-AFBE-USA,NCAA Football (USA),USA
SNSP-NF,NFL Football (Europe),Europe
SHVC-NF,NFL Football (Japan),Japan
SNS-NF,NFL Football (USA),USA
SHVC-9M,NFL Pro Football '94 (Japan),Japan
SHVC-Q9,NFL Quarterback Club '95 (Japan),Japan
SNSP-Q9,NFL Quarterback Club (Europe),Europe
SNS-Q9,NFL Quarterback Club (USA),USA
SNSP-AQBP-EUR,NFL Quarterback Club 96 (Europe),Europe
SHVC-AQBJ-JPN,NFL Quarterback Club 96 (Japan),Japan
SNS-AQBE-USA,NFL Quarterback Club 96 (USA),USA
SNS-4H,NHL '94 (USA),USA
SNSP-ANHP-EUR,NHL 95 (Europe),Europe
SNS-ANHE-USA,NHL 95 (USA),USA
SNSP-A6HP-EUR,NHL 96 (Europe),Europe
SNS-6H,NHL 96 (USA),USA
SNSP-AH7P-EUR,NHL 97 (Europe),Europe
SNSP-AH7P-EUR,NHL 97 (Europe) (Rev 1),Europe
SNS-AH7E-USA,NHL 97 (USA),USA
SNS-AH7E-USA,NHL 97 (USA) (Rev 1),USA
SNS-AH8E-USA,NHL 98 (USA),USA
SNSP-4H,NHL Hockey '94 (Europe),Europe
SHVC-4H,NHL Pro Hockey '94 (Japan),Japan
SNS-NH-USA,"NHL Stanley Cup (USA) (En,Fr)",USA
SNSP-HY,NHLPA Hockey 93 (Europe),Europe
SNS-HY,NHLPA Hockey 93 (USA),USA
SHVC-ANSJ-JPN,Nage Libre - Seijaku no Suishin (Japan),Japan
SHVC-I5-JPN,Nakajima Satoru Kanshuu - F-1 Hero '94 (Japan),Japan
SHVC-S4,Nakajima Satoru Kanshuu - Super F-1 Hero (Japan),Japan
SHVC-OU,Nakano Kouichi Kanshuu Keirin Ou (Japan),Japan
SHVC-RY,Naki no Ryuu - Mahjong Hishouden (Japan),Japan
SHVC-NO,Namcot Open (Japan),Japan
SHVC-N7,Nangoku Shounen Papuwa-kun (Japan),Japan
SHVC-QV,Naruhodo! The World (Japan),Japan
SHVC-ACBJ-JPN,Natsuki Crisis Battle (Japan),Japan
SNS-7W,Natsume Championship Wrestling (USA),USA
SHVC-JH-JPN,Naxat Super Pinball - Jaki Crush (Japan),Japan
SHVC-AEBJ-JPN,Nekketsu Tairiku Burning Heroes (Japan),Japan
SHVC-W3,Neugier - Umi to Kaze no Kodou (Japan),Japan
SHVC-GA,New 3D Golf Simulation - Harukanaru Augusta (Japan),Japan
SHVC-GA,New 3D Golf Simulation - Harukanaru Augusta (Japan) (Rev 1),Japan
SHVC-GB-JPN,New 3D Golf Simulation - Pebble Beach no Hatou (Japan),Japan
SHVC-GC,New 3D Golf Simulation - Waialae no Kiseki (Japan),Japan
SNS-QL,New Horizons (USA),USA
SHVC-A4YJ-JPN,New Yatterman - Nandai Kandai Yajirobee (Japan),Japan
SNSP-ANMP-EUR,Newman Haas IndyCar featuring Nigel Mansell (Europe),Europe
SNS-ANME-USA,Newman Haas IndyCar featuring Nigel Mansell (USA),USA
SHVC-NN,Nice de Shot (Japan),Japan
SHVC-AACJ-JPN,Nichibutsu Arcade Classics (Japan),Japan
SHVC-AAEJ-JPN,Nichibutsu Arcade Classics 2 - Heiankyou Alien (Japan),Japan
SHVC-AECJ-JPN,Nichibutsu Collection 1 (Japan),Japan
SHVC-A2BJ-JPN,Nichibutsu Collection 2 (Japan),Japan
SNS-ANGE-USA,Nickelodeon GUTS (USA),USA
SHVC-NC,Nigel Mansell F-1 Challenge (Japan),Japan
SHVC-ANMJ-JPN,Nigel Mansell IndyCar (Japan),Japan
SNSP-M8,Nigel Mansell's World Championship Racing (Europe),Europe
SNSP-M8,Nigel Mansell's World Championship Racing (Europe) (Gremlin Graphics),Europe
SNSP-M8,Nigel Mansell's World Championship Racing (Europe) (Rev 1),Europe
SNS-M8,Nigel Mansell's World Championship Racing (USA),USA
SNS-ANRE-USA,Ninja Gaiden Trilogy (USA),USA
SHVC-ANRJ-JPN,Ninja Ryuuken Den Tomoe (Japan),Japan
SNS-NI,Ninjawarriors (USA),USA
SNSP-NI,Ninjawarriors - The New Generation (Europe),Europe
SHVC-NI,"Ninjawarriors Again, The (Japan)",Japan
SHVC-ANTJ-JPN,Nintama Rantarou (Japan),Japan
SHVC-A2NJ-JPN,Nintama Rantarou 2 (Japan),Japan
SHVC-AEXJ-JPN,Nintama Rantarou 3 (Japan),Japan
SHVC-ANXJ-JPN,Nintama Rantarou Special (Japan),Japan
SNSP-LR,Nintendo Scope 6 (Europe),Europe
SHVC-AI3J-JPN,Nishijin Pachinko 3 (Japan),Japan
SHVC-ANPJ-JPN,Nishijin Pachinko Monogatari (Japan),Japan
SHVC-AN5J-JPN,Nishijin Pachinko Monogatari 2 (Japan),Japan
SHVC-NP-JPN,Nitropunks - Might Heads (Japan),Japan
SNS-ANOE-USA,No Escape (USA),USA
SHVC-NK,Nobunaga no Yabou - Haouden (Japan),Japan
SHVC-NK,Nobunaga no Yabou - Haouden (Japan) (Rev 1),Japan
SHVC-AN6J-JPN,Nobunaga no Yabou - Tenshouki (Japan),Japan
SNS-NZ-USA,Nobunaga's Ambition (USA),USA
SNS-NR-USA,Nolan Ryan's Baseball (USA),USA
SHVC-AAPJ-JPN,Nomark Baku Haitou - Shijou Saikyou no Janshi-tachi (Japan),Japan
SHVC-99,Nontan to Issho - Kurukuru Puzzle (Japan),Japan
SHVC-NS,Nosferatu (Japan),Japan
SNS-NS,Nosferatu (USA),USA
SHVC-AN7J-JPN,Numbers Paradise (Japan),Japan
SNS-7B,Obitus (USA),USA
SHVC-ON,Oda Nobunaga - Haou no Gundan (Japan),Japan
SHVC-07,Odekake Lester - Lelele no Le (^^; (Japan),Japan
SHVC-BORJ-JPN,Oekaki Logic (Japan) (NP),Japan
SHVC-BOSJ-JPN,Oekaki Logic 2 (Japan) (NP),Japan
SNS-OB,Ogre Battle - The March of the Black Queen (USA),USA
SHVC-OG,Okamoto Ayako to Match Play Golf - Ko Olina Golf Club in Hawaii (Japan),Japan
SHVC-ZY,Olivia no Mystery (Japan),Japan
SNSP-AO9P-EUR,Olympic Summer Games (Europe),Europe
SNS-AO9E-USA,Olympic Summer Games (USA),USA
SNSP-CT,On the Ball (Europe),Europe
SNS-CT,On the Ball (USA),USA
SHVC-ZMCJ-JPN,Ongaku Tsukuru Kanadeeru (Japan),Japan
SHVC-OV,Onizuka Katsuya Super Virtual Boxing - Shin Kentou Ou Densetsu (Japan),Japan
SHVC-AOAJ-JPN,Oomono Black Bass Fishing - Jinzouko Hen (Japan),Japan
SHVC-OA-JPN,Oonita Atsushi FMW (Japan),Japan
SHVC-OZ,Oozumou Spirits (Japan),Japan
SNS-YP,Operation Europe - Path to Victory 1939-45 (USA),USA
SNSP-IY-NOE,Operation Logic Bomb - The Ultimate Search & Destroy (Europe),Europe
SNS-IY-USA,Operation Logic Bomb - The Ultimate Search & Destroy (USA),USA
SNSP-AOSP-EUR,Operation Starfi5h (Europe),Europe
SNS-36,Operation Thunderbolt (USA),USA
SHVC-ACUJ-JPN,Oraga Land Shusai - Best Farmer Shuukakusai (Japan),Japan
SNS-AOZE-USA,Oscar (USA),USA
SHVC-OJ-JPN,Ossu!! Karate-bu (Japan),Japan
SHVC-TO,Othello World (Japan),Japan
SHVC-AOCJ-JPN,Otoboke Ninja Colosseum (Japan),Japan
SHVC-OT-JPN,Otogirisou (Japan),Japan
SHVC-AOUJ-JPN,Ou-chan no Oekaki Logic (Japan),Japan
SNS-TW-USA,Out of this World (USA),USA
SNS-P8-USA,Out to Lunch (USA),USA
SHVC-TW,Outer World (Japan),Japan
SNSP-LD,Outlander (Europe),Europe
SNS-LD,Outlander (USA),USA
SHVC-APUJ-JPN,P-Man (Japan),Japan
SNS-TK,P.T.O. - Pacific Theater of Operations (USA),USA
SNS-ATEE-USA,P.T.O. II - Pacific Theater of Operations (USA),USA
SNS-AEPE,PGA European Tour (USA),USA
SNSP-ASGP,PGA Tour 96 (Europe),Europe
SNS-ASGE,PGA Tour 96 (USA),USA
SNS-ASGE,PGA Tour 96 (USA) (Rev 1),USA
SNSP-PG,PGA Tour Golf (Europe),Europe
SHVC-PG,PGA Tour Golf (Japan),Japan
SNS-PG,PGA Tour Golf (USA),USA
SNS-PG,PGA Tour Golf (USA) (Rev 1),USA
SNSP-P9,Pac-Attack (Europe),Europe
SNS-P9,Pac-Attack (USA),USA
SNSP-APTP-EUR,Pac-In-Time (Europe),Europe
SHVC-APTJ-JPN,Pac-In-Time (Japan),Japan
SNS-APTE-USA,Pac-In-Time (USA),USA
SNSP-25-EUR,Pac-Man 2 - The New Adventures (Europe),Europe
SNSP-25-EUR,Pac-Man 2 - The New Adventures (France),
SNSP-25-EUR,Pac-Man 2 - The New Adventures (Germany),
SNS-25-USA,Pac-Man 2 - The New Adventures (USA),USA
SHVC-AGAJ-JPN,Pachi-Slot Gambler (Japan),Japan
SHVC-AUYJ-JPN,Pachi-Slot Kanzen Kouryaku - Universal Shindai Nyuuka Volume 1 (Japan),Japan
SHVC-77,Pachi-Slot Kenkyuu (Japan),Japan
SHVC-7P,Pachi-Slot Land - Pachipachi Coin no Densetsu (Japan),Japan
SHVC-P5,Pachi-Slot Love Story (Japan),Japan
SHVC-A2WJ-JPN,Pachi-Slot Monogatari - PAL Kougyou Special (Japan),Japan
SHVC-9K,Pachi-Slot Monogatari - Universal Special (Japan),Japan
SHVC-APVJ-JPN,Pachinko Challenger (Japan),Japan
SHVC-APSJ-JPN,Pachinko Fan - Shouri Sengen (Japan),Japan
SHVC-APKJ-JPN,Pachinko Maruhi Hisshouhou (Japan),Japan
SHVC-KS,Pachinko Monogatari - Pachi-Slot mo Aru deyo!! (Japan),Japan
SHVC-A2PJ-JPN,Pachinko Monogatari 2 - Nagoya Shachihoko no Teiou (Japan),Japan
SHVC-ALCJ-JPN,Pachinko Ren-chan Tengoku - Super CR Special (Japan),Japan
SHVC-A77J-JPN,Pachinko Tetsujin - Nanaban Shoubu (Japan),Japan
SHVC-PC,Pachinko Wars (Japan),Japan
SHVC-PC,Pachinko Wars II (Japan),Japan
SHVC-PA,Pachio-kun Special (Japan),Japan
SHVC-OC,Pachio-kun Special 2 (Japan),Japan
SHVC-AP3J-JPN,Pachio-kun Special 3 (Japan),Japan
M/SNS-APYE-USA,"Packy & Marlon (USA) (En,Fr,Es)",USA
SNSP-APMP-EUR,"Pagemaster, The (Europe)",Europe
SNS-APME-USA,"Pagemaster, The (USA)",USA
SNS-LN,Paladin's Quest (USA),USA
SHVC-AYLJ-JPN,Panel de Pon (Japan),Japan
SHVC-ANAJ-JPN,Panic in Nakayoshi World (Japan),Japan
SNSP-P2,Paperboy 2 (Europe),Europe
SNS-P2,Paperboy 2 (USA),USA
SHVC-AQAJ-JPN,Parlor! Mini - Pachinko Jikki Simulation Game (Japan),Japan
SHVC-AQAJ-JPN,Parlor! Mini - Pachinko Jikki Simulation Game (Japan) (Rev 1),Japan
SHVC-AQCJ-JPN,Parlor! Mini 2 - Pachinko Jikki Simulation Game (Japan),Japan
SHVC-AQVJ-JPN,Parlor! Mini 3 - Pachinko Jikki Simulation Game (Japan),Japan
SHVC-AQXJ-JPN,Parlor! Mini 4 - Pachinko Jikki Simulation Game (Japan),Japan
SHVC-AQYJ-JPN,Parlor! Mini 5 - Pachinko Jikki Simulation Game (Japan),Japan
SHVC-AQRJ-JPN,Parlor! Mini 6 - Pachinko Jikki Simulation Game (Japan),Japan
SHVC-AQMJ-JPN,Parlor! Mini 7 - Pachinko Jikki Simulation Game (Japan),Japan
SHVC-AZCJ-JPN,Parlor! Parlor! IV CR (Japan),Japan
SNSP-PD,Parodius (Europe),Europe
SHVC-PD,Parodius Da! - Shinwa kara Owarai e (Japan),Japan
SNS-R6,"Peace Keepers, The (USA)",USA
SHVC-AONJ-JPN,Pebble Beach no Hatou New - Tournament Edition (Japan),Japan
SNSP-PH-EUR,Phalanx (Europe),Europe
SNS-PH,Phalanx (USA),USA
SHVC-PH-JPN,Phalanx - The Enforce Fighter A-144 (Japan),Japan
SNSP-A24P-EUR,"Phantom 2040 (Europe) (En,Fr,De)",Europe
SNS-A24E-USA,Phantom 2040 (USA),USA
SHVC-BPIJ-JPN,Picross NP Vol. 1 (Japan) (NP),Japan
SHVC-BPIJ-JPN,Picross NP Vol. 1 (Japan) (Rev 1) (NP),Japan
SHVC-BP2J-JPN,Picross NP Vol. 2 (Japan) (NP),Japan
SHVC-BP2J-JPN,Picross NP Vol. 2 (Japan) (Rev 1) (NP),Japan
SHVC-BP3J-JPN,Picross NP Vol. 3 (Japan) (NP),Japan
SHVC-BP4J-JPN,Picross NP Vol. 4 (Japan) (NP),Japan
SHVC-BP4J-JPN,Picross NP Vol. 4 (Japan) (Rev 1) (NP),Japan
SHVC-BP5J-JPN,Picross NP Vol. 5 (Japan) (NP),Japan
SHVC-BP6J-JPN,Picross NP Vol. 6 (Japan) (NP),Japan
SHVC-BP7J-JPN,Picross NP Vol. 7 (Japan) (NP),Japan
SHVC-BP8J-JPN,Picross NP Vol. 8 (Japan) (NP),Japan
SNS-Z5,Pieces (USA),USA
SNSP-P8-UKV,Pierre le Chef Is... Out to Lunch (Europe),Europe
SHVC-A9AJ-JPN,Pikiinya! (Japan),Japan
SNSP-PW,Pilotwings (Europe),Europe
SHVC-PW,Pilotwings (Japan),Japan
SNS-PW,Pilotwings (USA),USA
SNSP-7D,Pinball Dreams (Europe),Europe
SNS-7D-USA,Pinball Dreams (USA),USA
SNSP-APFP-EUR,Pinball Fantasies (Europe),Europe
SNS-APFE-USA,Pinball Fantasies (USA),USA
SHVC-7D-JPN,Pinball Pinball (Japan),Japan
SNSP-YW,Pink Goes to Hollywood (Europe),Europe
SNS-YW,Pink Goes to Hollywood (USA),USA
SHVC-YW,Pink Panther (Japan),Japan
SNSP-ACGP,Pinocchio (Europe),Europe
SHVC-ACGJ-JPN,Pinocchio (Japan),Japan
SNS-ACGE-USA,Pinocchio (USA),USA
SHVC-PP-JPN,Pipe Dream (Japan),Japan
SNSP-8P,"Pirates of Dark Water, The (Europe)",Europe
SNS-8P,"Pirates of Dark Water, The (USA)",USA
SNSP-PF,Pit-Fighter (Europe),Europe
SNS-PF-USA,Pit-Fighter (USA),USA
SHVC-APAJ-JPN,Pitfall - Maya no Daibouken (Japan),Japan
SNSP-APAP-EUR,Pitfall - The Mayan Adventure (Europe),Europe
SNS-APAE-USA,Pitfall - The Mayan Adventure (USA),USA
SHVC-A3TJ-JPN,"Planet's Champ TG 3000, The (Japan)",Japan
SNSP-P4,Plok (Europe),Europe
SNSP-P4,"Plok (France) (En,Fr)",
SNSP-P4,Plok (Germany),
SNS-P4,Plok (USA),USA
SHVC-P4-JPN,Plok! (Japan),Japan
SNSP-KK-EUR,Pocky & Rocky (Europe),Europe
SNS-KK-USA,Pocky & Rocky (USA),USA
SNSP-29-EUR,Pocky & Rocky 2 (Europe),Europe
SNS-29-USA,Pocky & Rocky 2 (USA),USA
SHVC-APOJ-JPN,Pokonyan! - Henpokorin Adventure (Japan),Japan
SNSP-PT,Pop'n TwinBee (Europe),Europe
SHVC-PT,Pop'n TwinBee (Japan),Japan
SNSP-T7,Pop'n TwinBee - Rainbow Bell Adventures (Europe),Europe
SNSP-T7,Pop'n TwinBee - Rainbow Bell Adventures (Germany),
SHVC-XI,Popeye - Ijiwaru Majo Sea Hag no Maki (Japan),Japan
SHVC-IW,Popful Mail (Japan),Japan
SHVC-APHJ-JPN,Popoitto Hebereke (Japan),Japan
SNSP-PO,Populous (Europe),Europe
SHVC-PO,Populous (Japan),Japan
SNS-PO-USA,Populous (USA),USA
SNSP-PL,Populous II - Trials of the Olympian Gods (Europe),Europe
SNSP-PL,Populous II - Trials of the Olympian Gods (Germany),
SHVC-PL,Populous II - Trials of the Olympian Gods (Japan),Japan
SNS-APPE-USA,Porky Pig's Haunted Holiday (USA),USA
SHVC-P3,Power Athlete (Japan),Japan
SNSP-APWP-EUR,"Power Drive (Europe) (En,Fr,De,Es,Pt)",Europe
SNS-AGKE-USA,Power Instinct (USA),USA
SHVC-BPLJ-JPN,Power Lode Runner (Japan) (NP),Japan
SNS-P3-USA,Power Moves (USA),USA
SNSP-AOTP-EUR,Power Piggs of the Dark Age (Europe),Europe
SNS-AOTE-USA,Power Piggs of the Dark Age (USA),USA
SNSP-PM,Power Rangers (Europe),Europe
SNS-A4RE-USA,Power Rangers Zeo - Battle Racers (USA),USA
SHVC-BPSJ-JPN,Power Soukoban (Japan),Japan
SHVC-ALUJ-JPN,Power of the Hired (Japan),Japan
SNS-JR,PowerFest 94 - Ken Griffey Jr. Presents Major League Baseball (USA),USA
SNSP-PM,PowerMonger (Europe),Europe
SHVC-PM-JPN,PowerMonger - Mashou no Bouryaku (Japan),Japan
SNSP-APUP-EUR,"Prehistorik Man (Europe) (En,Fr,De)",Europe
SNS-APUE-USA,"Prehistorik Man (USA) (En,Fr,Es)",USA
SNSP-AR9P-EUR,Primal Rage (Europe),Europe
SNS-AR9E-USA,Primal Rage (USA),USA
SNSP-PR,Prince of Persia (Europe),Europe
SHVC-PR,Prince of Persia (Japan),Japan
SNS-PR,Prince of Persia (USA),USA
SNSP-AOPP-EUR,Prince of Persia 2 (Europe),Europe
SNS-AOPE-USA,Prince of Persia 2 (USA),USA
SHVC-AOIJ-JPN,Princess Maker - Legend of Another World (Japan),Japan
SHVC-AVAJ-JPN,Princess Minerva (Japan),Japan
SHVC-JM,Pro Football '93 (Japan),Japan
SHVC-FB,Pro Football (Japan),Japan
SHVC-AARJ-JPN,Pro Kishi Jinsei Simulation - Shougi no Hanamichi (Japan),Japan
SHVC-ZZ,Pro Mahjong Kiwame (Japan),Japan
SHVC-ZZ,Pro Mahjong Kiwame (Japan) (Rev 1),Japan
SHVC-ZO,Pro Mahjong Kiwame II (Japan),Japan
SHVC-ZO,Pro Mahjong Kiwame II (Japan) (Rev 1),Japan
SHVC-AZ3J-JPN,Pro Mahjong Kiwame III (Japan),Japan
SHVC-AQZJ-JPN,Pro Mahjong Tsuwamono (Japan),Japan
SHVC-AQZJ-JPN,Pro Mahjong Tsuwamono (Japan) (Renkaban),Japan
SNS-QB,Pro Quarterback (USA),USA
SHVC-PS,Pro Soccer (Japan),Japan
SNS-UI,Pro Sport Hockey (USA),USA
SHVC-A97J-JPN,Pro Yakyuu Nettou Puzzle Stadium (Japan),Japan
SHVC-AU4J,Pro Yakyuu Star (Japan),Japan
SHVC-PY,Psycho Dream (Japan),Japan
SNSP-PV,"Push-Over (Europe) (En,Fr,De,Es)",Europe
SNS-PV,Push-Over (USA),USA
SHVC-PU-JPN,Putty Moon (Japan),Japan
SNSP-APQP-EUR,Putty Squad (Europe),Europe
SHVC-AYKJ-JPN,Puzzle Bobble (Japan),Japan
SNSP-AYKP-EUR,Puzzle Bobble - Bust-A-Move (Europe),Europe
SHVC-ANVJ-JPN,Puzzle Nintama Rantarou - Ninjutsu Gakuen Puzzle Taikai no Dan (Japan),Japan
SHVC-ASUJ-JPN,Puzzle'n Desu! (Japan),Japan
SHVC-Q3-JPN,Q-bert 3 (Japan),Japan
SNS-Q3-USA,Q-bert 3 (USA),USA
SNSP-ER,R-Type III (Europe),Europe
SNS-ER-USA,R-Type III (USA),USA
SHVC-ER-JPN,R-Type III - The Third Lightning (Japan),Japan
SHVC-V3-JPN,R.P.M. Racing (Japan),Japan
SHVC-ARDJ-JPN,RPG Tsukuru - Super Dante (Japan),Japan
SHVC-ZR2J-JPN,RPG Tsukuru 2 (Japan),Japan
SNSP-RV,Race Drivin' (Europe),Europe
SNS-RV,Race Drivin' (USA),USA
SNS-RP-USA,Radical Psycho Machine Racing (USA),USA
SNS-ARRE-USA,Radical Rex (USA),USA
SHVC-RD,Raiden Densetsu (Japan),Japan
SNS-RD-USA,Raiden Trad (USA),USA
SHVC-WO,Ramos Ruy no World Wide Soccer (Japan),Japan
SNS-RM,Rampart (USA),USA
SNSP-R2,Ranma 1-2 (Europe),Europe
SNSP-R2,Ranma 1-2 (France),
SHVC-R4,Ranma 1-2 - Akanekodan Teki Hihou (Japan),Japan
SHVC-R2,Ranma 1-2 - Bakuretsu Rantou Hen (Japan),Japan
SHVC-5K-JPN,Ranma 1-2 - Chougi Ranbu Hen (Japan),Japan
SHVC-RA,Ranma 1-2 - Chounai Gekitou Hen (Japan),Japan
SNS-R2,Ranma 1-2 - Hard Battle (USA),USA
SHVC-ARPJ-JPN,Ranma 1-2 - Ougi Jaanken (Japan),Japan
SNS-ARVE-USA,"Rap Jam - Volume One (USA) (En,Fr,Es)",USA
SNSP-ARQP-EUR,Realm (Europe),Europe
SNS-ARQE-USA,Realm (USA),USA
SHVC-RO,Red October (Japan),Japan
SNS-6R,Redline F-1 Racer (USA),USA
SHVC-AYRJ-JPN,Rejoice - Aretha Oukoku no Kanata (Japan),Japan
SNS-5R-USA,Relief Pitcher (USA),USA
SNS-ARBE-USA,"Ren & Stimpy Show, The - Buckeroo$! (USA)",USA
SNS-6Y,"Ren & Stimpy Show, The - Fire Dogs (USA)",USA
SNSP-ARTP-EUR,"Ren & Stimpy Show, The - Time Warp (Europe)",Europe
SNS-ARTE-USA,"Ren & Stimpy Show, The - Time Warp (USA)",USA
SNSP-V8,"Ren & Stimpy Show, The - Veediots! (Europe)",Europe
SNS-V8,"Ren & Stimpy Show, The - Veediots! (USA)",USA
SHVC-AVCJ-JPN,Rendering Ranger R2 (Japan) (En),Japan
SHVC-ARAJ-JPN,Res Arcana - Diana Ray - Uranai no Meikyuu (Japan),Japan
SHVC-WD,Return of Double Dragon (Japan),Japan
SNSP-AXRP-EUR,Revolution X (Europe),Europe
SNSP-AXRP-EUR,Revolution X (Germany),
SHVC-AXRJ-JPN,Revolution X (Japan),Japan
SNS-AXRE-USA,Revolution X (USA),USA
SNS-XR-USA,"Rex Ronan - Experimental Surgeon (USA) (En,Es)",USA
SHVC-XG-JPN,Riddick Bowe Boxing (Japan),Japan
SNS-XG-USA,Riddick Bowe Boxing (USA),USA
SHVC-AIDJ-JPN,Rin Kaihou Kudan no Igo Taidou (Japan),Japan
SHVC-ARKJ,Ring ni Kakero (Japan) (NP),Japan
SNS-QG,Rise of the Phoenix (USA),USA
SNSP-AROP-EUR,Rise of the Robots (Europe),Europe
SHVC-AROJ-JPN,Rise of the Robots (Japan),Japan
SNS-AROE-USA,Rise of the Robots (USA),USA
SNSP-RB,Rival Turf (Europe),Europe
SNS-RB,Rival Turf! (USA),USA
SNS-RR,Road Riot 4WD (USA),USA
SNS-DV,Road Runner's Death Valley Rally (USA),USA
SNSP-R3,RoboCop 3 (Europe),Europe
SNS-R3,RoboCop 3 (USA),USA
SNS-R3,RoboCop 3 (USA) (Arcade),USA
SNSP-VR,RoboCop versus The Terminator (Europe),Europe
SNS-VR,RoboCop versus The Terminator (USA),USA
SNS-E9,Robotrek (USA),USA
SNSP-RN,Rock n' Roll Racing (Europe),Europe
SHVC-RN-JPN,Rock n' Roll Racing (Japan),Japan
SNS-RN-USA,Rock n' Roll Racing (USA),USA
SNS-RK,"Rocketeer, The (USA)",USA
SHVC-AR6J-JPN,Rockman & Forte (Japan),Japan
SHVC-A7RJ-JPN,Rockman 7 - Shukumei no Taiketsu! (Japan),Japan
SHVC-RX,Rockman X (Japan),Japan
SHVC-RX,Rockman X (Japan) (Rev 1),Japan
SHVC-ARXJ-JPN,Rockman X2 (Japan),Japan
SHVC-AR3J-JPN,Rockman X3 (Japan),Japan
SHVC-RQ,Rockman's Soccer (Japan),Japan
SNS-8D,Rocko's Modern Life - Spunky's Dangerous Day (USA),USA
SNS-NP-USA,Rocky Rodent (USA),USA
SNS-VP,Roger Clemens' MVP Baseball (USA),USA
SNS-VP,Roger Clemens' MVP Baseball (USA) (Rev 1),USA
SHVC-6X,Rokudenashi Blues - Taiketsu! Tokyo Shitennou (Japan),Japan
SNS-XL,Romance of the Three Kingdoms II (USA),USA
SNS-S3,Romance of the Three Kingdoms III - Dragon of Destiny (USA),USA
SNS-AS4E-USA,Romance of the Three Kingdoms IV - Wall of Fire (USA),USA
SHVC-RS,Romancing Sa-Ga (Japan),Japan
SHVC-RS,Romancing Sa-Ga (Japan) (Rev 1),Japan
SHVC-2L,Romancing Sa-Ga 2 (Japan),Japan
SHVC-AL3J-JPN,Romancing Sa-Ga 3 (Japan),Japan
SHVC-AL3J-JPN,Romancing Sa-Ga 3 (Japan) (Rev 1),Japan
SHVC-RC,Royal Conquest (Japan),Japan
SHVC-AORJ-JPN,Rudra no Hihou (Japan),Japan
SHVC-AINJ-JPN,Ruin Arm (Japan),Japan
SNSP-RU,Run Saber (Europe),Europe
SNS-RU,Run Saber (USA),USA
SHVC-RB,Rushing Beat (Japan),Japan
SHVC-RB,Rushing Beat Ran - Fukusei Toshi (Japan),Japan
SHVC-R6,Rushing Beat Shura (Japan),Japan
SHVC-DA,Ryuuki Heidan Danzarb (Japan),Japan
SHVC-RW-JPN,Ryuuko no Ken (Japan),Japan
SHVC-RW-JPN,Ryuuko no Ken (Japan) (Rev 1),Japan
SHVC-AAFJ-JPN,Ryuuko no Ken 2 (Japan),Japan
SNSP-9J-EUR,S.O.S - Sink or Swim (Europe),Europe
SNS-9J,S.O.S - Sink or Swim (USA),USA
SHVC-AGFJ-JPN,SD F-1 Grand Prix (Japan),Japan
SHVC-AXXJ-JPN,SD Gundam - Power Formation Puzzle (Japan),Japan
SHVC-ZX3J-JPN,SD Gundam G Next (Japan),Japan
SHVC-X2,SD Gundam GX (Japan),Japan
SHVC-KG,SD Gundam Gaiden - Knight Gundam Monogatari - Ooinaru Isan (Japan),Japan
SHVC-KG,SD Gundam Gaiden - Knight Gundam Monogatari - Ooinaru Isan (Japan) (Rev 1),Japan
SHVC-EN,SD Gundam Gaiden 2 - Entaku no Kishi (Japan),Japan
SHVC-HL,SD Hiryuu no Ken (Japan),Japan
SHVC-GM,SD Kidou Senshi Gundam - V Sakusen Shidou (Japan),Japan
SHVC-ZG,SD Kidou Senshi Gundam 2 (Japan),Japan
SHVC-BS,SD The Great Battle - Aratanaru Chousen (Japan),Japan
SNS-TT-USA,SOS (USA),USA
SNS-AK9E-USA,SWAT Kats - The Radical Squadron (USA),USA
SHVC-AJNJ-JPN,Saibara Rieko no Mahjong Hourouki (Japan),Japan
SHVC-ASYJ-JPN,Saikousoku Shikou Shougi Mahjong (Japan),Japan
SHVC-AS7J-JPN,Saikyou - Takada Nobuhiko (Japan),Japan
SNSP-AE-FRA,Sailormoon (France),
SHVC-AMZJ-JPN,Sakurai Shouichi no Jankiryuu Mahjong Hisshouhou (Japan),Japan
SHVC-ZS5J-JPN,Same Game (Japan),Japan
SHVC-IV-JPN,Samsara Naga 2 (Japan),Japan
SNSP-A7SP-EUR,Samurai Shodown (Europe),Europe
SNS-A7SE-USA,Samurai Shodown (USA),USA
SHVC-A7SJ-JPN,Samurai Spirits (Japan),Japan
SHVC-A3AJ-JPN,Sangokushi Eiketsuden (Japan),Japan
SNSN-S3-HKG,Sangokushi III (Hong Kong),
SHVC-S3,Sangokushi III (Japan),Japan
SHVC-S3,Sangokushi III (Japan) (Rev 1),Japan
SHVC-AS4J-JPN,Sangokushi IV (Japan),Japan
SHVC-AS4J-JPN,Sangokushi IV (Japan) (Rev 1),Japan
SHVC-W2,Sangokushi Seishi - Tenbu Spirits (Japan),Japan
SHVC-AFFJ-JPN,Sankyo Fever! Fever! (Japan),Japan
SHVC-38,Sanrio Shanghai (Japan),Japan
SHVC-S7,Sanrio World Smash Ball! (Japan),Japan
SHVC-IO,Sanspo Fishing - Keiryuu Ou (Japan),Japan
SNSP-ZW-EUR,Saturday Night Slam Masters (Europe),Europe
SNS-ZW,Saturday Night Slam Masters (USA),USA
SNS-AXDE-USA,Scooby-Doo Mystery (USA),USA
SNSP-ASQP-EUR,SeaQuest DSV (Europe),Europe
SNS-ASQE-USA,SeaQuest DSV (USA),USA
SNSP-AEOP-EUR,Secret of Evermore (Europe),Europe
SNSP-AEOP-EUR,Secret of Evermore (France),
SNSP-AEOP-EUR,Secret of Evermore (Germany),
SNSP-AEOP-EUR,Secret of Evermore (Spain),
SNS-AEOE-USA,Secret of Evermore (USA),USA
SNSP-K2,Secret of Mana (Europe),Europe
SNSP-K2,Secret of Mana (Europe) (Rev 1),Europe
SNSP-K2,Secret of Mana (France),
SNSP-K2,Secret of Mana (France) (Rev 1),
SNSP-K2,Secret of Mana (Germany),
SNS-P-K2,Secret of Mana (USA),USA
SHVC-ASFJ-JPN,Seifuku Densetsu Pretty Fighter (Japan),Japan
SHVC-AB5J-JPN,Seijuu Maden Beasts & Blades (Japan),Japan
SHVC-K2,Seiken Densetsu 2 (Japan),Japan
SHVC-A3DJ-JPN,Seiken Densetsu 3 (Japan),Japan
SHVC-G5-JPN,Sengoku Denshou (Japan),Japan
SHVC-G5-JPN,Sengoku no Hasha - Tenkafubu e no Michi (Japan),Japan
SNSP-8S-UKV-1,"Sensible Soccer - European Champions (Europe) (En,Fr,De,It)",Europe
SHVC-TT,Septentrion (Japan),Japan
SHVC-TS-JPN,Serizawa Nobuo no Birdie Try (Japan),Japan
SHVC-AJAJ-JPN,Sgt. Saunders' Combat! (Japan),Japan
SNSP-WR,Shadowrun (Europe),Europe
SNSP-WR,Shadowrun (Germany),
SHVC-WR,Shadowrun (Japan),Japan
SNSP-WR,Shadowrun (Sweden),
SNS-P-WR,Shadowrun (USA),USA
SHVC-A4SJ-JPN,Shanghai - Banri no Choujou (Japan),Japan
SHVC-A4SJ-JPN,Shanghai - Banri no Choujou (Japan) (Rev 1),Japan
SNSP-DE,Shanghai II - Dragon's Eye (Europe),Europe
SNS-DE,Shanghai II - Dragon's Eye (USA),USA
SHVC-AS3J-JPN,Shanghai III (Japan),Japan
SNSP-AQFP-EUR,Shaq-Fu (Europe),Europe
SNS-AQFE-USA,Shaq-Fu (USA),USA
SHVC-AP8J-JPN,Shichuusuimeigaku Nyuumon - Shin Tougenkyou (Japan),Japan
SHVC-OO-JPN,Shien - The Blade Chaser (Japan),Japan
SNS-OO-USA,Shien's Revenge (USA),USA
SHVC-ATXJ-JPN,Shijou Saikyou League Serie A - Ace Striker (Japan),Japan
SHVC-QS,Shijou Saikyou no Quiz Ou Ketteisen Super (Japan),Japan
SHVC-AAUJ-JPN,Shiki Eiyuu Den - Jinryuu Densetsu (Japan),Japan
SHVC-ABIJ-JPN,Shimono Masaki no Fishing to Bassing (Japan),Japan
SHVC-AI2J-JPN,Shin Ikkakusenkin (Japan),Japan
SHVC-AEDJ-JPN,Shin Kidou Senki Gundam W - Endless Duel (Japan),Japan
SHVC-KZ,Shin Mahjong (Japan),Japan
SHVC-ME,Shin Megami Tensei (Japan),Japan
SHVC-ME,Shin Megami Tensei (Japan) (Rev 1),Japan
SHVC-ZE,Shin Megami Tensei II (Japan),Japan
SHVC-ZE,Shin Megami Tensei II (Japan) (Rev 1),Japan
SHVC-ZE,Shin Megami Tensei II (Japan) (Rev 2),Japan
SHVC-AMXJ-JPN,Shin Megami Tensei if... (Japan),Japan
SHVC-AMXJ-JPN,Shin Megami Tensei if... (Japan) (Rev 1),Japan
SHVC-M5-JPN,Shin Momotarou Densetsu (Japan),Japan
SHVC-M5-JPN,Shin Momotarou Densetsu (Japan) (Rev 1),Japan
SHVC-QN,Shin Nekketsu Kouha - Kunio-tachi no Banka (Japan),Japan
SHVC-NJ-JPN,Shin Nihon Pro Wrestling - Chou Senshi in Tokyo Dome - Fantastic Story (Japan),Japan
SHVC-9V-JPN,Shin Nihon Pro Wrestling Kounin - '94 Battlefield in Tokyo Dome (Japan),Japan
SHVC-AB7J-JPN,Shin Nihon Pro Wrestling Kounin - '95 Tokyo Dome Battle 7 (Japan),Japan
SHVC-ARMJ-JPN,Shin SD Sengokuden - Daishougun Retsuden (Japan),Japan
SHVC-AHJJ-JPN,Shin Shougi Club (Japan),Japan
SHVC-XN-JPN,Shin Star Trek - Ooinaru Isan IFD no Nazo o Oe (Japan),Japan
SHVC-NT,Shinchou Kouki (Japan),Japan
SHVC-ASIJ-JPN,"Shinri Game 2, The - Magical Trip (Japan)",Japan
SHVC-AK3J-JPN,"Shinri Game 3, The (Japan)",Japan
SHVC-AK,"Shinri Game, The - Akuma no Kokoroji (Japan)",Japan
SHVC-CF,Shinseiki GPX Cyber Formula (Japan),Japan
SHVC-OL-JPN,Shinseiki Odysselya (Japan),Japan
SHVC-AOLJ-JPN,Shinseiki Odysselya II (Japan),Japan
SHVC-AWGJ-JPN,Shinzui Taikyoku Igo - Go Sennin (Japan),Japan
SHVC-ALOJ-JPN,Shiroi Ring e - Twinkle Little Star (Japan),Japan
SHVC-KN,Shodai Nekketsu Kouha Kunio-kun (Japan),Japan
SHVC-KN,Shodai Nekketsu Kouha Kunio-kun (Japan) (Rev 1),Japan
SHVC-MS,Shodan Morita Shougi (Japan),Japan
SHVC-A28J-JPN,Shodani Nintei - Shodan Pro Mahjong (Japan),Japan
SHVC-A9HJ-JPN,Shougi Club (Japan),Japan
SHVC-FJ,Shougi Fuurinkazan (Japan),Japan
SHVC-AMSJ-JPN,Shougi Saikyou (Japan),Japan
SHVC-AX2J-JPN,Shougi Saikyou II - Jissen Taikyoku Hen (Japan),Japan
SHVC-AVEJ-JPN,Shougi Zanmai (Japan),Japan
SHVC-AS,Shounen Ashibe - Goma-chan no Yuuenchi Daibouken (Japan),Japan
SHVC-EO,Shounen Ninja Sasuke (Japan),Japan
SHVC-AYQJ-JPN,"Shounin yo, Taishi o Idake!! (Japan)",Japan
SHVC-AIMJ-JPN,Shuushoku Game (Japan),Japan
SNS-EQ,Sid Meier's Civilization (USA),USA
SHVC-4P,Side Pocket (Japan),Japan
SNS-4P,Side Pocket (USA),USA
SHVC-AN,SimAnt (Japan),Japan
SNS-AN-USA,SimAnt - The Electronic Ant Colony (USA),USA
SNSP-SC,SimCity (Europe),Europe
SNSP-SC,SimCity (France),
SNSP-SC,SimCity (Germany),
SHVC-SC,SimCity (Japan),Japan
SNS-SC,SimCity (USA),USA
SNSP-SC,SimCity 2000 - The Ultimate City Simulator (Europe),Europe
SHVC-ALIJ-JPN,SimCity Jr. (Japan),Japan
SHVC-SE,SimEarth - The Living Planet (Japan),Japan
SHVC-SE,SimEarth - The Living Planet (Japan) (Rev 1),Japan
SNS-SE,SimEarth - The Living Planet (USA),USA
SHVC-BN,"Simpsons, The - Bart no Fushigi na Yume no Daibouken (Japan)",Japan
SNSP-BN,"Simpsons, The - Bart's Nightmare (Europe)",Europe
SNS-BN-USA,"Simpsons, The - Bart's Nightmare (USA)",USA
SHVC-AHAJ-JPN,Simulation Pro Yakyuu (Japan),Japan
SHVC-XS,Ski Paradise with Snowboard (Japan),Japan
SNS-SL,Skuljagger - Revolt of the Westicans (USA),USA
SHVC-SI,Sky Mission (Japan),Japan
SNSP-LZ,Skyblazer (Europe),Europe
SNS-LZ-USA,Skyblazer (USA),USA
SHVC-E9,Slap Stick (Japan),Japan
SHVC-UZ,Slayers (Japan),Japan
SNS-JB,Smart Ball (USA),USA
SHVC-TV,Smash T.V. (Japan),Japan
SNSP-JA,Smash Tennis (Europe),Europe
SNSP-A8RP-EUR,"Smurfs Travel the World, The (Europe) (En,Fr,De,Es)",Europe
SNSP-8R,"Smurfs, The (Europe) (En,Fr,De,Es,It)",Europe
SHVC-A3PJ-JPN,Snoopy Concert (Japan),Japan
SNS-ASHE-USA,Snow White in Happily Ever After (USA),USA
SNSP-YK,"Soccer Kid (Europe) (En,Fr,De,Es,It)",Europe
SHVC-YK,Soccer Kid (Japan),Japan
SNSP-JL,Soccer Shootout (Europe),Europe
SNS-UD-USA,Soldiers of Fortune (USA),USA
SHVC-AAAJ-JPN,Solid Runner (Japan),Japan
SHVC-EX,Solstice II (Japan),Japan
SHVC-YM,Song Master (Japan),Japan
SNSP-SK,Sonic Blast Man (Europe),Europe
SHVC-SK,Sonic Blast Man (Japan),Japan
SNS-SK,Sonic Blast Man (USA),USA
SHVC-2C,Sonic Blast Man II (Japan),Japan
SNS-2C,Sonic Blast Man II (USA),USA
SHVC-HW-JPN,Sonic Wings (Japan),Japan
SHVC-AK7J-JPN,Soreyuke Ebisumaru Karakuri Meiro - Kieta Goemon no Nazo!! (Japan),Japan
SHVC-A2KJ-JPN,Sotsugyou Bangai Hen - Nee Mahjong Shiyo! (Japan),Japan
SHVC-AB,Sougou Kakutougi - Astral Bout (Japan),Japan
SHVC-EJ,Sougou Kakutougi - Astral Bout 2 - The Total Fighters (Japan),Japan
SHVC-AABJ-JPN,Sougou Kakutougi Rings - Astral Bout 3 (Japan),Japan
SHVC-VO,Soukou Kihei Votoms - The Battling Road (Japan),Japan
SHVC-SV,Soul & Sword (Japan),Japan
SHVC-SO,Soul Blader (Japan),Japan
SNSP-SO,Soul Blazer (Europe),Europe
SNSP-SO,Soul Blazer (France),
SNSP-SO,Soul Blazer (Germany),
SNS-SO-USA,Soul Blazer (USA),USA
SHVC-ZSNJ-JPN,Sound Novel Tsukuru (Japan),Japan
SNSP-5A-EUR,Space Ace (Europe),Europe
SHVC-IS-JPN,Space Ace (Japan),Japan
SNS-5A-USA,Space Ace (USA),USA
SHVC-BT,Space Bazooka (Japan),Japan
SNS-FL,Space Football - One on One (USA),USA
SHVC-B4-JPN,Space Funky B.O.B. (Japan),Japan
SNSP-IC,Space Invaders (Europe),Europe
SNS-IC,Space Invaders (USA),USA
SHVC-IC,Space Invaders - The Original Game (Japan),Japan
SNS-AT,Space Megaforce (USA),USA
SNSP-HJ,Spanky's Quest (Europe),Europe
SNS-HJ,Spanky's Quest (USA),USA
SHVC-ADWJ-JPN,Spark World (Japan),Japan
SNSP-ASSP-EUR,Sparkster (Europe),Europe
SHVC-ASSJ-JPN,Sparkster (Japan),Japan
SNS-ASSE-USA,Sparkster (USA),USA
SNSP-7Q,Spectre (Europe),Europe
SNS-7Q,Spectre (USA),USA
SNS-9S,Speed Racer in My Most Dangerous Adventures (USA),USA
SNS-ASEE-USA,Speedy Gonzales - Los Gatos Bandidos (USA),USA
SNS-ASEE-USA,Speedy Gonzales - Los Gatos Bandidos (USA) (Rev 1),USA
SNS-ADME-USA,Spider-Man (USA),USA
SNSP-AMCP-EUR,Spider-Man - Venom - Maximum Carnage (Europe),Europe
SNS-AMCE-USA,Spider-Man - Venom - Maximum Carnage (USA),USA
SNSP-MN,Spider-Man - X-Men - Arcade's Revenge (Europe),Europe
SNS-MN,Spider-Man - X-Men - Arcade's Revenge (USA),USA
SNSP-SX,Spindizzy Worlds (Europe),Europe
SHVC-SX,Spindizzy Worlds (Japan),Japan
SNS-SX,Spindizzy Worlds (USA),USA
SNSP-AUOP-EUR,"Spirou (Europe) (En,Fr,De,Es)",Europe
SNS-AWBE-USA,"Sporting News Baseball, The (USA)",USA
SNS-LU,Sports Illustrated Championship Football & Baseball (USA),USA
SHVC-AXJJ-JPN,Spriggan Powered (Japan),Japan
SHVC-AKGJ-JPN,Sprinter Monogatari - Mezase!! Ikkakusenkin (Japan),Japan
SHVC-ASAJ,St. Andrews - Eikou to Rekishi no Old Course (Japan),Japan
SHVC-AKQJ-JPN,Stable Star - Kyuusha Monogatari (Japan),Japan
SHVC-FO,Star Fox (Japan),Japan
SHVC-FO,Star Fox (Japan) (Rev 1),Japan
SNS-FO,Star Fox (USA),USA
SNS-FO,Star Fox (USA) (Rev 2),USA
SNS-FO,Star Fox - Super Weekend (USA),USA
SHVC-ARFJ-JPN,Star Ocean (Japan),Japan
SNS-A9DE-USA,Star Trek - Deep Space Nine - Crossroads of Time (USA),USA
SNS-ASTE-USA,Star Trek - Starfleet Academy - Starship Bridge Simulator (USA),USA
SNSP-XN,Star Trek - The Next Generation - Future's Past (Europe),Europe
SNS-XN,Star Trek - The Next Generation - Future's Past (USA),USA
SHVC-AVLJ-JPN,Stardust Suplex (Japan),Japan
SNSP-AGTP-EUR,"Stargate (Europe) (En,Fr,De)",Europe
SHVC-AGTJ-JPN,Stargate (Japan),Japan
SNS-AGTE-USA,Stargate (USA),USA
SNSP-FO,Starwing (Europe),Europe
SNSP-FO,Starwing (Europe) (Rev 1),Europe
SNSP-FO,Starwing (Germany),
SNSP-FO,Starwing - Competition (Europe),Europe
SNSP-FO,Starwing - Competition (Germany),
SHVC-H7,Stealth (Japan),Japan
SNS-5S,Steel Talons (USA),USA
SNS-AS2E,Sterling Sharpe - End 2 End (USA),USA
SHVC-ASOJ-JPN,Stone Protectors (Japan),Japan
SNS-ASOE-USA,Stone Protectors (USA),USA
SNS-RA,Street Combat (USA),USA
SNSP-AUZP-EUR,Street Fighter Alpha 2 (Europe),Europe
SNS-AUZE-USA,Street Fighter Alpha 2 (USA),USA
SNSP-S2,Street Fighter II (Europe),Europe
SHVC-S2,Street Fighter II (Japan),Japan
SNS-S2,Street Fighter II (USA),USA
SNSP-TI,Street Fighter II Turbo (Europe),Europe
SNSP-TI,Street Fighter II Turbo (Europe) (Rev 1),Europe
SHVC-TI,Street Fighter II Turbo (Japan),Japan
SNS-TI-USA,Street Fighter II Turbo (USA),USA
SNS-TI-USA,Street Fighter II Turbo (USA) (Rev 1),USA
SHVC-AUZJ-JPN,Street Fighter Zero 2 (Japan),Japan
SNSP-ASRP-EUR,Street Racer (Europe),Europe
SNSP-ASRP-EUR,Street Racer (Europe) (Rev 1),Europe
SHVC-ASRJ-JPN,Street Racer (Japan),Japan
SNS-ASRE-USA,Street Racer (USA),USA
SNS-J6,Street Sports - Jammit (USA),USA
SNS-AHYE,Street Sports - Street Hockey '95 (USA),USA
SHVC-SG,Strike Gunner S.T.G (Japan),Japan
SNS-SG,Strike Gunner S.T.G (USA),USA
SNSP-KE,"Striker (Europe) (En,Fr,De,Es,It,Nl,Sv)",Europe
SNSP-CQ,Stunt Race FX (Europe),Europe
SNS-CQ,Stunt Race FX (USA) (Rev 1),USA
SHVC-QH,Sugoi Hebereke (Japan),Japan
SHVC-XQ,Sugoro Quest++ - Dicenics (Japan),Japan
SHVC-AU5J-JPN,Sugoroku Ginga Senki (Japan),Japan
SNSP-6S,Sunset Riders (Europe),Europe
SNS-6S,Sunset Riders (USA),USA
SHVC-A5YJ-JPN,Supapoon (Japan),Japan
SHVC-A3YJ-JPN,Supapoon DX (Japan),Japan
SHVC-PB,Super 3D Baseball (Japan),Japan
SHVC-R8-JPN,Super 4WD - The Baja (Japan),Japan
SNSP-H2,Super Adventure Island (Europe),Europe
SNS-H2-USA,Super Adventure Island (USA),USA
SNSP-E4-EUR,Super Adventure Island II (Europe),Europe
SNS-E4,Super Adventure Island II (USA),USA
SNSP-AZ,Super Air Diver (Europe),Europe
SHVC-AZ,Super Air Diver (Japan),Japan
SHVC-AADJ-JPN,Super Air Diver 2 (Japan),Japan
SNSP-AT,Super Aleste (Europe),Europe
SHVC-AT,Super Aleste (Japan),Japan
SNS-8A,Super Alfred Chicken (USA),USA
SHVC-G2,Super Aoki Ookami to Shiroki Mejika - Genchou Hishi (Japan),Japan
SNS-AU,"Super Aquatic Games Starring the Aquabats, The (USA)",USA
SNSP-ZH,Super B.C. Kid (Europe),Europe
SHVC-B2,Super Back to the Future Part II (Japan),Japan
SHVC-A4TJ,Super Baken Ou '95 (Japan),Japan
SNS-UB,Super Baseball Simulator 1.000 (USA),USA
SNS-SP,Super Bases Loaded (USA),USA
SNS-3D,Super Bases Loaded 2 (USA),USA
SNS-AB3E-USA,Super Bases Loaded 3 - License to Steal (USA),USA
SNS-FA,Super Batter Up (USA),USA
SNS-8B,Super Battleship (USA),USA
SHVC-SB,Super Battletank (Japan),Japan
SNSP-2X,Super Battletank 2 (Europe),Europe
SHVC-2X,Super Battletank 2 (Japan),Japan
SNSP-2X,Super Battletank 2 (Spain),
SNS-2X-USA,Super Battletank 2 (USA),USA
SHVC-BM,Super Bikkuriman (Japan),Japan
SHVC-IP-JPN,Super Billiard - Championship Pool (Japan),Japan
SHVC-BH,Super Birdie Rush (Japan),Japan
SHVC-BQ-JPN,Super Black Bass (Japan),Japan
SNS-BQ-USA,Super Black Bass (USA),USA
SHVC-AB2J-JPN,Super Black Bass 2 (Japan),Japan
SHVC-A3SJ-JPN,Super Black Bass 3 (Japan),Japan
SHVC-A3SJ-JPN,Super Black Bass 3 (Japan) (Rev 1),Japan
SHVC-H6,Super Bomber Man (Japan),Japan
SHVC-APBJ-JPN,Super Bomber Man - Panic Bomber W (Japan),Japan
SHVC-M4,Super Bomber Man 2 (Japan),Japan
SHVC-M4,Super Bomber Man 2 (Japan) (Caravan You Taikenban),Japan
SHVC-AS6J-JPN,Super Bomber Man 3 (Japan),Japan
SHVC-A4BJ-JPN,Super Bomber Man 4 (Japan),Japan
SHVC-A5SJ-JPN,Super Bomber Man 5 (Japan),Japan
SHVC-A5SJ-JPN,Super Bomber Man 5 (Japan) (Caravan Event Ban),Japan
SNSP-H6,Super Bomberman (Europe),Europe
SNS-H6,Super Bomberman (USA),USA
SNSP-M4,Super Bomberman 2 (Europe),Europe
SNS-M4,Super Bomberman 2 (USA),USA
SNSP-AS6P-EUR,Super Bomberman 3 (Europe),Europe
SHVC-ABOJ-JPN,Super Bombliss (Japan),Japan
SNS-ANKE-USA,Super Bonk (USA),USA
SHVC-BW,Super Bowling (Japan),Japan
SNS-BW,Super Bowling (USA),USA
SNS-SN,Super Buster Bros. (USA),USA
SNS-SN,Super Buster Bros. (USA) (Rev 1),USA
SNS-C6,Super Caesars Palace (USA),USA
SHVC-KH,Super Casino - Caesars Palace (Japan),Japan
SHVC-KH,Super Casino - Caesars Palace (Japan) (Rev 1),Japan
SHVC-OE,Super Casino 2 (Japan),Japan
SHVC-AVIJ-JPN,Super Castles (Japan),Japan
SNSP-AD,Super Castlevania IV (Europe),Europe
SNS-P-AD,Super Castlevania IV (USA),USA
SNS-QT,Super Chase H.Q. (USA),USA
SHVC-ACWJ,Super Chinese Fighter (Japan),Japan
SHVC-CW,Super Chinese World (Japan),Japan
SHVC-CU-JPN,Super Chinese World 2 - Uchuuichi Butou Taikai (Japan),Japan
SHVC-AWQJ-JPN,Super Chinese World 3 - Chou Jigen Daisakusen (Japan),Japan
SNSP-CN,Super Conflict (Europe),Europe
SNS-CN,Super Conflict (USA),USA
SHVC-SU,Super Cup Soccer (Japan),Japan
SHVC-QK,Super Daikoukai Jidai (Japan),Japan
SHVC-QK,Super Daikoukai Jidai (Japan) (Rev 1) (NP),Japan
SNSP-AVDF-FAH,Super Dany (France),
SHVC-ZN-JPN,Super Dogfight (Japan),Japan
SHVC-8X,Super Donkey Kong (Japan),Japan
SHVC-8X,Super Donkey Kong (Japan) (Rev 1),Japan
SHVC-ADNJ-JPN,Super Donkey Kong 2 - Dixie & Diddy (Japan),Japan
SHVC-ADNJ-JPN,Super Donkey Kong 2 - Dixie & Diddy (Japan) (Rev 1),Japan
SHVC-A3CJ-JPN,Super Donkey Kong 3 - Nazo no Kremis-tou (Japan),Japan
SHVC-A3CJ-JPN,Super Donkey Kong 3 - Nazo no Kremis-tou (Japan) (Rev 1),Japan
SNSP-WD,Super Double Dragon (Europe),Europe
SNS-WD,Super Double Dragon (USA),USA
SHVC-7V,Super Double Yakuman (Japan),Japan
SHVC-AYXJ-JPN,Super Double Yakuman II (Japan),Japan
SHVC-XO,Super Drakkhen (Japan),Japan
SHVC-ADOJ-JPN,Super Drift Out - World Rally Championships (Japan),Japan
SHVC-DU-JPN,Super Dunk Shot (Japan),Japan
SHVC-DC,Super Dunk Star (Japan),Japan
SHVC-ED,Super E.D.F. (Japan),Japan
SHVC-FC,Super F1 Circus (Japan),Japan
SHVC-N2,Super F1 Circus 2 (Japan),Japan
SHVC-N3,Super F1 Circus 3 (Japan),Japan
SHVC-AN4J-JPN,Super F1 Circus Gaiden (Japan),Japan
SHVC-FC,Super F1 Circus Limited (Japan),Japan
SHVC-BFWJ-JPN,Super Famicom Wars (Japan) (NP),Japan
SHVC-23,Super Family Circuit (Japan),Japan
SHVC-A25J,Super Family Gelaende (Japan) (NP),Japan
SHVC-JA,Super Family Tennis (Japan),Japan
SHVC-FA,Super Famista (Japan),Japan
SHVC-FI,Super Famista 2 (Japan),Japan
SHVC-N6,Super Famista 3 (Japan),Japan
SHVC-AF4J-JPN,Super Famista 4 (Japan),Japan
SHVC-AF4J-JPN,Super Famista 4 (Japan) (Rev 1),Japan
SHVC-A27J-JPN,Super Famista 5 (Japan),Japan
SHVC-F9,Super Final Match Tennis (Japan),Japan
SHVC-FP,Super Fire Pro Wrestling (Japan),Japan
SHVC-AQQJ-JPN,Super Fire Pro Wrestling - Queen's Special (Japan),Japan
SHVC-FF,Super Fire Pro Wrestling 2 (Japan),Japan
SHVC-F3-JPN,Super Fire Pro Wrestling III - Easy Type (Japan),Japan
SHVC-F3-JPN,Super Fire Pro Wrestling III - Final Bout (Japan),Japan
SHVC-F3-JPN,Super Fire Pro Wrestling III - Final Bout (Japan) (Rev 1),Japan
SHVC-AP4J-JPN,Super Fire Pro Wrestling Special (Japan),Japan
SHVC-AP4J-JPN,Super Fire Pro Wrestling Special (Japan) (Rev 1),Japan
SHVC-AF6J-JPN,Super Fire Pro Wrestling X (Japan),Japan
SHVC-AF6J-JPN,Super Fire Pro Wrestling X Premium (Japan),Japan
SHVC-ANFJ-JPN,Super Fishing Big Fight (Japan),Japan
SHVC-FS,Super Formation Soccer (Japan),Japan
SHVC-A3FJ,Super Formation Soccer 94 - World Cup Edition (Japan),Japan
SHVC-A3FJ,Super Formation Soccer 94 - World Cup Final Data (Japan),Japan
SHVC-A95J-JPN,Super Formation Soccer 95 della Serie A (Japan),Japan
SHVC-A95J-JPN,Super Formation Soccer 95 della Serie A (Japan) (UCC Xaqua Version),Japan
SHVC-A96J,Super Formation Soccer 96 - World Club Edition (Japan),Japan
SHVC-2S,Super Formation Soccer II (Japan),Japan
SHVC-GX,Super Gachapon World - SD Gundam X (Japan),Japan
SHVC-SGB-JPN,Super Game Boy (Japan),Japan
SNS-A-SG(USA),Super Game Boy (World) (Rev 2),World
SHVC-A-SGB2,Super Game Boy 2 (Japan),Japan
SHVC-ZH,Super Genjin (Japan),Japan
SNSP-CM,Super Ghouls'n Ghosts (Europe),Europe
SNS-CM,Super Ghouls'n Ghosts (USA),USA
SNSP-SU,Super Goal! (Europe),Europe
SNS-JV-USA,Super Goal! 2 (USA),USA
SNS-7G,Super Godzilla (USA),USA
SHVC-5N,Super Gomoku Narabe - Renju (Japan),Japan
SHVC-AGSJ-JPN,Super Gomoku Shougi - Jouseki Kenkyuu Hen (Japan),Japan
SHVC-AP7J-JPN,Super Gussun Oyoyo (Japan),Japan
SHVC-A8BJ-JPN,Super Gussun Oyoyo 2 (Japan),Japan
SHVC-HF,Super H.Q. - Criminal Chaser (Japan),Japan
SHVC-Q5,Super Hanafuda (Japan),Japan
SHVC-AHNJ-JPN,Super Hanafuda 2 (Japan),Japan
SHVC-HX,Super High Impact (Japan),Japan
SNS-HX-USA,Super High Impact (USA),USA
SHVC-OX,Super Hockey '94 (Japan),Japan
SNSP-NH,Super Hockey (Europe),Europe
SNSP-NH,"Super Hockey (France) (En,Fr)",
SHVC-IK,Super Honmei - GI Seiha (Japan),Japan
SNSP-OX,Super Ice Hockey (Europe),Europe
SHVC-IG,Super Igo - Go Ou (Japan),Japan
SHVC-OI,Super Indy Champ (Japan),Japan
SHVC-IN-JPN,Super Inindou - Datou Nobunaga (Japan),Japan
SNSP-ACIP,Super International Cricket (Europe),Europe
SNS-J5,Super James Pond (USA),USA
SNSP-J5,Super James Pond II (Europe),Europe
SHVC-V6,Super James Pond II (Japan),Japan
SHVC-AJ4J-JPN,Super Jangou (Japan),Japan
SHVC-LG,Super Jinsei Game (Japan),Japan
SHVC-LG,Super Jinsei Game (Japan) (Rev 1),Japan
SHVC-AL2J-JPN,Super Jinsei Game 2 (Japan),Japan
SHVC-AL2J-JPN,Super Jinsei Game 2 (Japan) (Rev 2),Japan
SHVC-A3XJ-JPN,Super Jinsei Game 3 (Japan),Japan
SHVC-A3XJ-JPN,Super Jinsei Game 3 (Japan) (Rev 1),Japan
SHVC-KB,Super Keiba (Japan),Japan
SHVC-AKBJ,Super Keiba 2 (Japan),Japan
SHVC-AKRJ,Super Keirin (Japan),Japan
SHVC-BE,Super Kick Boxing - Best of the Best (Japan),Japan
SHVC-KO-JPN,Super Kick Off (Japan),Japan
SHVC-Q6,Super Koukou Yakyuu - Ikkyuu Nyuukon (Japan),Japan
SHVC-KJ (KIS-2),Super Kyousouba - Kaze no Sylphid (Japan),Japan
SHVC-AKYJ-JPN,Super Kyoutei (Japan),Japan
SHVC-AKYJ-JPN,Super Kyoutei (Japan) (Rev 1),Japan
SHVC-A2YJ-JPN,Super Kyoutei 2 (Japan),Japan
SHVC-HI,Super Kyuukyoku Harikiri Stadium (Japan),Japan
SHVC-9H,Super Kyuukyoku Harikiri Stadium 2 (Japan),Japan
SHVC-SJ,Super Linearball (Japan),Japan
SHVC-2E,Super Loopz (Japan),Japan
SHVC-ACHJ-JPN,Super Mad Champ (Japan),Japan
SHVC-SM,Super Mahjong (Japan),Japan
SHVC-2A,Super Mahjong 2 - Honkaku 4-nin Uchi! (Japan),Japan
SHVC-2A,Super Mahjong 2 - Honkaku 4-nin Uchi! (Japan) (Rev 1),Japan
SHVC-Q8,Super Mahjong 3 - Karakuchi (Japan),Japan
SHVC-IQ,Super Mahjong Taikai (Japan),Japan
SHVC-IQ,Super Mahjong Taikai (Japan) (Rev 1),Japan
SHVC-IQ,Super Mahjong Taikai (Japan) (Rev 2),Japan
SHVC-IQ,Super Mahjong Taikai (Japan) (Rev 3),Japan
SHVC-IQ,Super Mahjong Taikai (Japan) (Rev 4),Japan
SHVC-IQ,Super Mahjong Taikai (Japan) (Rev 5),Japan
SHVC-YI,Super Mario - Yoshi Island (Japan),Japan
SHVC-YI,Super Mario - Yoshi Island (Japan) (Rev 1),Japan
SHVC-YI,Super Mario - Yoshi Island (Japan) (Rev 2),Japan
SNSP-4M,Super Mario All-Stars (Europe),Europe
SNS-4M,Super Mario All-Stars (USA),USA
SNS-5M-USA,Super Mario All-Stars + Super Mario World (USA),USA
SNSP-5M,Super Mario All-Stars and Super Mario World (Europe),Europe
SHVC-4M,Super Mario Collection (Japan),Japan
SHVC-4M,Super Mario Collection (Japan) (Rev 1),Japan
SNSP-MK,Super Mario Kart (Europe),Europe
SHVC-MK,Super Mario Kart (Japan),Japan
SNS-MK,Super Mario Kart (USA),USA
SHVC-ARWJ-JPN,Super Mario RPG (Japan),Japan
SNS-ARWE-USA,Super Mario RPG - Legend of the Seven Stars (USA),USA
SNSP-MW-NOE-1,Super Mario World (Europe),Europe
SNSP-MW-NOE-1,Super Mario World (Europe) (Rev 1),Europe
SHVC-MW,Super Mario World (Japan) (En) (Arcade) [b],Japan
SNS-MW-USA-1,Super Mario World (USA),USA
SHVC-MW,Super Mario World - Super Mario Bros. 4 (Japan),Japan
SNSP-YI,"Super Mario World 2 - Yoshi's Island (Europe) (En,Fr,De)",Europe
SNSP-YI,"Super Mario World 2 - Yoshi's Island (Europe) (En,Fr,De) (Rev 1)",Europe
SNS-YI-USA,Super Mario World 2 - Yoshi's Island (USA),USA
SNS-YI-USA,Super Mario World 2 - Yoshi's Island (USA) (Rev 1),USA
SNSP-RI,"Super Metroid (Europe) (En,Fr,De)",Europe
SHVC-AB3J-JPN,Super Moero!! Pro Yakyuu (Japan),Japan
SHVC-AH6J-JPN,Super Momotarou Dentetsu DX (Japan),Japan
SHVC-AH6J-JPN,Super Momotarou Dentetsu DX (Japan) (JR Nishi-Nihon Presents),Japan
SHVC-H4,Super Momotarou Dentetsu II (Japan),Japan
SHVC-AMDJ-JPN,Super Momotarou Dentetsu III (Japan),Japan
SHVC-AMDJ-JPN,Super Momotarou Dentetsu III (Japan) (Rev 1),Japan
SHVC-AMDJ-JPN,Super Momotarou Dentetsu III (Japan) (Rev 2),Japan
SNSP-ASMP-EUR,Super Morph (Europe),Europe
SHVC-XD,Super Naxat Open - Golf de Shoubu da Dorabocchan (Japan),Japan
SHVC-ANQJ-JPN,Super Nazo Puyo - Rulue no Roux (Japan),Japan
SHVC-A8PJ-JPN,Super Nazo Puyo Tsuu - Rulue no Tetsuwan Hanjouki (Japan),Japan
SHVC-NM,Super Nichibutsu Mahjong (Japan),Japan
SHVC-2N,Super Nichibutsu Mahjong 2 - Zenkoku Seiha Hen (Japan),Japan
SHVC-3J,Super Nichibutsu Mahjong 3 - Yoshimoto Gekijou Hen (Japan),Japan
SHVC-A4MJ-JPN,Super Nichibutsu Mahjong 4 - Kisokenkyuu Hen (Japan),Japan
SNS-CW-USA,Super Ninja Boy (USA),USA
SHVC-8Q-JPN,Super Ninja-kun (Japan),Japan
SHVC-IZ,Super Nobunaga no Yabou - Bushou Fuuunroku (Japan),Japan
SHVC-IZ,Super Nobunaga no Yabou - Bushou Fuuunroku (Japan) (Rev 1),Japan
SHVC-NZ,Super Nobunaga no Yabou - Zenkoku Ban (Japan),Japan
SNS-DH,Super Nova (USA),USA
SNSP-OR,Super Off Road (Europe),Europe
SHVC-FR,Super Off Road (Japan),Japan
SNS-OR,Super Off Road (USA),USA
SNS-R8-USA,Super Off Road - The Baja (USA),USA
SHVC-ABGJ-JPN,Super Okumanchouja Game (Japan),Japan
SHVC-ABGJ-JPN,Super Okumanchouja Game (Japan) (Rev 1) (NP),Japan
SHVC-OK,Super Oozumou - Nessen Ooichiban (Japan),Japan
SHVC-QU,Super Pachi-Slot Mahjong (Japan),Japan
SHVC-ADXJ-JPN,Super Pachinko Taisen (Japan),Japan
SNSP-SN,Super Pang (Europe),Europe
SHVC-SN,Super Pang (Japan),Japan
SNSP-XP-EUR,Super Pinball - Behind the Mask (Europe),Europe
SHVC-3P-JPN,Super Pinball - Behind the Mask (Japan),Japan
SNS-XP-USA,Super Pinball - Behind the Mask (USA),USA
SNS-XP-USA,Super Pinball - Behind the Mask (USA) (Rev 1),USA
SHVC-APLJ-JPN,Super Pinball II - The Amazing Odyssey (Japan),Japan
SNS-SF,Super Play Action Football (USA),USA
SHVC-M3,Super Power League (Japan),Japan
SHVC-Z4,Super Power League 2 (Japan),Japan
SHVC-Z4,Super Power League 2 (Japan) (Rev 1),Japan
SHVC-AP9J,Super Power League 3 (Japan),Japan
SHVC-AE7J,Super Power League 4 (Japan),Japan
SNSP-CS,Super Probotector - Alien Rebels (Europe),Europe
SHVC-SP,Super Professional Baseball (Japan),Japan
SHVC-PB,Super Professional Baseball II (Japan),Japan
SNSP-4Q,Super Punch-Out!! (Europe),Europe
SHVC-4Q,Super Punch-Out!! (Japan) (NP),Japan
SNS-4Q,Super Punch-Out!! (USA),USA
SNSP-YU,Super Putty (Europe),Europe
SNS-YU,Super Putty (USA),USA
SHVC-A7PJ-JPN,Super Puyo Puyo Tsuu (Japan),Japan
SHVC-A7PJ-JPN,Super Puyo Puyo Tsuu Remix (Japan),Japan
SNSP-SR,Super R-Type (Europe),Europe
SHVC-SR,Super R-Type (Japan),Japan
SNS-SR,Super R-Type (USA),USA
SNS-ARLE,Super R.B.I. Baseball (USA),USA
SHVC-4S,Super Real Mahjong PIV (Japan),Japan
SHVC-A5PJ-JPN,Super Real Mahjong PV Paradise - All-Star 4-nin Uchi (Japan),Japan
SHVC-E6,Super Robot Taisen EX (Japan),Japan
SHVC-ALXJ-JPN,Super Robot Taisen Gaiden - Masou Kishin - The Lord of Elemental (Japan),Japan
SHVC-IU,Super Royal Blood (Japan),Japan
SHVC-I3,Super Rugby (Japan),Japan
SNSP-WV,Super SWIV (Europe),Europe
SHVC-SQ,Super SWIV (Japan),Japan
SHVC-I4,Super Sangokushi (Japan),Japan
SHVC-XL,Super Sangokushi II (Japan),Japan
SHVC-XL,Super Sangokushi II (Japan) (Rev 1),Japan
SHVC-SSA SHVC-LR,Super Scope 6 (Japan),Japan
SNS-LR,Super Scope 6 (USA),USA
SHVC-DE,Super Shanghai - Dragon's Eye (Japan) (Activision),Japan
SHVC-DE,Super Shanghai - Dragon's Eye (Japan) (HOT B),Japan
SHVC-SD,Super Shougi (Japan),Japan
SHVC-SD,Super Shougi (Japan) (Rev 1),Japan
SHVC-2B,Super Shougi 2 (Japan),Japan
SHVC-A3IJ-JPN,Super Shougi 3 - Kitaihei (Japan),Japan
SNS-D9,Super Slam Dunk (USA),USA
HVC-ZX,Super Slap Shot (Japan),Japan
SNS-ZX,Super Slap Shot (USA),USA
SNSP-TV,Super Smash T.V. (Europe),Europe
SNS-TV-USA,Super Smash T.V. (USA),USA
SHVC-AWSJ-JPN,Super Snakey (Japan),Japan
SNSP-FS,Super Soccer (Europe),Europe
SNS-FS,Super Soccer (USA),USA
SNS-FS,Super Soccer (USA) (Arcade),USA
SNS-HT,Super Soccer Champ (USA),USA
SNS-LT-USA,"Super Solitaire (USA) (En,Fr,De,Es,It)",USA
SHVC-VN,Super Soukoban (Japan),Japan
SHVC-SS,Super Stadium (Japan),Japan
SNSP-V4,Super Star Wars (Europe),Europe
SNSP-V4,Super Star Wars (Europe) (Rev 1),Europe
SHVC-V4,Super Star Wars (Japan),Japan
SHVC-ARJJ-JPN,Super Star Wars - Jedi no Fukushuu (Japan),Japan
SNSP-ARJP-EUR,Super Star Wars - Return of the Jedi (Europe),Europe
SNSP-ARJP-EUR,Super Star Wars - Return of the Jedi (Europe) (Rev 1),Europe
SNS-ARJE-USA,Super Star Wars - Return of the Jedi (USA),USA
SNS-ARJE-USA,Super Star Wars - Return of the Jedi (USA) (Rev 1),USA
SHVC-V9,Super Star Wars - Teikoku no Gyakushuu (Japan),Japan
SNSP-E5,Super Star Wars - The Empire Strikes Back (Europe),Europe
SNSP-E5,Super Star Wars - The Empire Strikes Back (Europe) (Rev 1),Europe
SNS-E5,Super Star Wars - The Empire Strikes Back (USA),USA
SNS-E5,Super Star Wars - The Empire Strikes Back (USA) (Rev 1),USA
SNSP-XW,Super Street Fighter II (Europe),Europe
SNS-XW,Super Street Fighter II (USA),USA
SHVC-XW,Super Street Fighter II - The New Challengers (Japan),Japan
SNSP-EG,"Super Strike Eagle (Europe) (En,Fr,De,Es,It)",Europe
SNS-EG,Super Strike Eagle (USA),USA
SNSP-SG,Super Strike Gunner (Europe),Europe
SHVC-AIBJ-JPN,Super Tekkyuu Fight! (Japan),Japan
SNSP-ST,Super Tennis (Europe),Europe
SNSP-ST,Super Tennis (Europe) (Rev 1),Europe
SNS-ST,Super Tennis (USA),USA
SNS-ST,Super Tennis (USA) (Arcade),USA
SHVC-ST,Super Tennis - World Circuit (Japan),Japan
SHVC-T2,Super Tetris 2 + Bombliss (Japan),Japan
SHVC-T2,Super Tetris 2 + Bombliss (Japan) (Genteiban),Japan
SHVC-T2,Super Tetris 2 + Bombliss (Japan) (Rev 1),Japan
SHVC-AT3J-JPN,Super Tetris 3 (Japan),Japan
SNSP-5L,Super Troll Islands (Europe),Europe
SNS-5L,Super Troll Islands (USA),USA
SHVC-9T-JPN,Super Troll Islands - Shiawase o Ageru (Japan),Japan
SHVC-AT7J-JPN,Super Trump Collection (Japan),Japan
SHVC-AQKJ-JPN,Super Trump Collection 2 (Japan),Japan
SHVC-AIOJ-JPN,Super Tsumeshougi 1000 (Japan),Japan
SNSP-TU,Super Turrican (Europe),Europe
SHVC-T9,Super Turrican (Japan),Japan
SNS-TU,Super Turrican (USA),USA
SNSP-A2TP-EUR,Super Turrican 2 (Europe),Europe
SNS-A2TE-USA,Super Turrican 2 (USA),USA
SHVC-UB,Super Ultra Baseball (Japan),Japan
SHVC-UO,Super Ultra Baseball 2 (Japan),Japan
SHVC-UN,Super Uno (Japan),Japan
SHVC-UN,Super Uno (Japan) (Rev 1),Japan
SHVC-VA,Super Valis - Akaki Tsuki no Otome (Japan),Japan
SNS-VA,Super Valis IV (USA),USA
SHVC-AXYJ-JPN,Super Variable Geo (Japan),Japan
SHVC-VB,Super Volley II (Japan),Japan
SHVC-SW,Super Wagyan Land (Japan),Japan
SHVC-S6,Super Wagyan Land 2 (Japan),Japan
SNS-WI,Super Widget (USA),USA
SHVC-AWAJ-JPN,Super Wrestle Angels (Japan),Japan
SHVC-A82J-JPN,Super Yakyuudou (Japan),Japan
SHVC-ZU,Super Zugan - Hakotenjou kara no Shoutaijou (Japan),Japan
SHVC-AJZJ-JPN,Super Zugan 2 - Tsukanpo Fighter (Japan),Japan
SHVC-Q7,Super!! Pachinko (Japan),Japan
SHVC-3X,Sutobasu Yarou Show (Japan),Japan
SHVC-BSHJ-JPN,Sutte Hakkun (Japan),Japan
SHVC-8H-JPN,Suzuka 8 Hours (Japan),Japan
SNS-8H,Suzuka 8 Hours (USA),USA
SHVC-GF,Suzuki Aguri no F-1 Super Driving (Japan),Japan
SHVC-S5,Sword Maniac (Japan),Japan
SHVC-AW,Sword World SFC (Japan),Japan
SHVC-7M,Sword World SFC 2 - Inishie no Kyojin Densetsu (Japan),Japan
SHVC-7M,Sword World SFC 2 - Inishie no Kyojin Densetsu (Japan) (Rev 1),Japan
SNSP-AFYP-UKV,"Syndicate (Europe) (En,Fr,De)",Europe
SHVC-AFYJ-JPN,Syndicate (Japan),Japan
SNS-AFYE-USA,Syndicate (USA),USA
SNSP-SY,Syvalion (Europe),Europe
SHVC-SY,Syvalion (Japan),Japan
SNSP-XV,T2 - The Arcade Game (Europe),Europe
SHVC-XV,T2 - The Arcade Game (Japan),Japan
SNS-XV,T2 - The Arcade Game (USA),USA
SNSP-BX,TKO Super Championship Boxing (Europe),Europe
SNS-BX,TKO Super Championship Boxing (USA),USA
SNS-ATNE-USA,TNN Bass Tournament of Champions (USA),USA
SHVC-AG8J-JPN,Table Game Daishuugou!! (Japan),Japan
SHVC-AZZJ-JPN,Tactical Soccer (Japan),Japan
SHVC-AO7J-JPN,Tactics Ogre - Let Us Cling Together (Japan),Japan
SHVC-AO7J-JPN,Tactics Ogre - Let Us Cling Together (Japan) (Rev 1),Japan
SHVC-AO7J-JPN,Tactics Ogre - Let Us Cling Together (Japan) (Rev 2),Japan
SHVC-ATYJ-JPN,Tadaima Yuusha Boshuuchuu Okawari (Japan),Japan
SHVC-II,"Taekwon-Do (Japan) (Ja,Ko)",Japan
SNSN-II-KOR/SKOR,Taekwon-Do (Korea),Korea
SHVC-TB,Taiketsu!! Brass Numbers (Japan),Japan
SHVC-TD-JPN,Taikou Risshiden (Japan),Japan
SHVC-IA,Taikyoku Igo - Goliath (Japan),Japan
SHVC-AIIJ-JPN,Taikyoku Igo - Idaten (Japan),Japan
SHVC-H2,Takahashi Meijin no Daibouken-jima (Japan),Japan
SHVC-AT2J,Takahashi Meijin no Daibouken-jima II (Japan),Japan
SHVC-AGBJ,Take Yutaka GI Memory (Japan),Japan
SHVC-JV-JPN,Takeda Nobuhiro no Super Cup Soccer (Japan),Japan
SHVC-ATKJ,Takeda Nobuhiro no Super League Soccer (Japan),Japan
SHVC-AITJ-JPN,Takemiya Masaki Kudan no Igo Taishou (Japan),Japan
SHVC-ATVJ-JPN,Tales of Phantasia (Japan),Japan
SHVC-BTTJ-JPN,Tamagotch Town (Japan) (NP),Japan
SHVC-AT5J-JPN,Tarot Mystery (Japan),Japan
SHVC-J2,Tatakae Genshijin 2 - Rookie no Bouken (Japan),Japan
SHVC-J3,Tatakae Genshijin 3 - Shuyaku wa Yappari Joe & Mac (Japan),Japan
SNS-TZ,Taz-Mania (USA),USA
SNS-TZ,Taz-Mania (USA) (Rev 1),USA
SNS-AQ,Tecmo Secret of the Stars (USA),USA
SHVC-ATBJ-JPN,Tecmo Super Baseball (Japan),Japan
SNS-ATBE-USA,Tecmo Super Baseball (USA),USA
SHVC-7T,Tecmo Super Bowl (Japan),Japan
SNS-7T,Tecmo Super Bowl (USA),USA
SHVC-ASBJ-JPN,Tecmo Super Bowl II - Special Edition (Japan),Japan
SNS-ASBE-USA,Tecmo Super Bowl II - Special Edition (USA),USA
SHVC-AW4J-JPN,Tecmo Super Bowl III - Final Edition (Japan),Japan
SNS-AW4E-USA,Tecmo Super Bowl III - Final Edition (USA),USA
SNSP-XM,Tecmo Super NBA Basketball (Europe),Europe
SHVC-NA,Tecmo Super NBA Basketball (Japan),Japan
SHVC-NA,Tecmo Super NBA Basketball (Japan) (Rev 1),Japan
SNS-XM,Tecmo Super NBA Basketball (USA),USA
SNSP-8F,Teenage Mutant Hero Turtles - Tournament Fighters (Europe),Europe
SNSP-MH,Teenage Mutant Hero Turtles IV - Turtles in Time (Europe),Europe
SHVC-KY,Teenage Mutant Ninja Turtles - Mutant Warriors (Japan),Japan
SNSP-8F-AUS,Teenage Mutant Ninja Turtles - Tournament Fighters (Australia),Australia
SNS-KY,Teenage Mutant Ninja Turtles - Tournament Fighters (USA),USA
SHVC-TM-JPN,Teenage Mutant Ninja Turtles - Turtles in Time (Japan),Japan
SNS-TM-USA,Teenage Mutant Ninja Turtles IV - Turtles in Time (USA),USA
SHVC-TK,Teitoku no Ketsudan (Japan),Japan
SHVC-TK,Teitoku no Ketsudan (Japan) (Rev 1),Japan
SHVC-ATEJ-JPN,Teitoku no Ketsudan II (Japan),Japan
SHVC-ATEJ-JPN,Teitoku no Ketsudan II (Japan) (Rev 1),Japan
SHVC-APCJ,Tekichuu Keiba Juku (Japan),Japan
SHVC-AMUJ-JPN,Tenchi Muyou! - Game Hen (Japan),Japan
SHVC-AQTJ-JPN,Tenchi Souzou (Japan),Japan
SHVC-AKTJ-JPN,Tenchi o Kurau - Sangokushi Gunyuuden (Japan),Japan
SHVC-AZRJ-JPN,Tengai Makyou Zero (Japan),Japan
SHVC-AZRJ-JPN,Tengai Makyou Zero (Japan) (Shounen Jump no Shou),Japan
SHVC-LJ-JPN,Tenryuu Genichirou no Pro Wres Revolution (Japan),Japan
SHVC-UA,Tenshi no Uta - Shiroki Tsubasa no Inori (Japan),Japan
SNSP-TP,Terminator 2 - Judgment Day (Europe),Europe
SNS-TP,Terminator 2 - Judgment Day (USA),USA
SNS-TN,"Terminator, The (USA)",USA
SNSP-AQTP-EUR,Terranigma (Europe),Europe
SNSP-AQTP-EUR,Terranigma (France),
SNSP-AQTP-EUR,Terranigma (Germany),
SNSP-AQTP-EUR,Terranigma (Germany) (Rev 1),
SNSP-AQTP-EUR,Terranigma (Spain),
SNSP-ATFP-EUR,Tetris & Dr. Mario (Europe),Europe
SNS-ATFE-USA,Tetris & Dr. Mario (USA),USA
SNSP-27,Tetris 2 (Europe),Europe
SNS-27-USA,Tetris 2 (USA),USA
SNS-27-USA,Tetris 2 (USA) (Rev 1),USA
SNSP-AYLP-EUR,"Tetris Attack (Europe) (En,Ja)",Europe
SNS-AYLE-USA,"Tetris Attack (USA) (En,Ja)",USA
SHVC-4G,Tetris Battle Gaiden (Japan),Japan
SHVC-27-JPN,Tetris Flash (Japan),Japan
SHVC-ZB,Tetsuwan Atom (Japan),Japan
SNSP-ATQP-EUR,"Theme Park (Europe) (En,Fr,De)",Europe
SHVC-ATQJ-JPN,Theme Park (Japan),Japan
SNSP-6T,Thomas the Tank Engine & Friends (Europe),Europe
SNS-6T,Thomas the Tank Engine & Friends (USA),USA
SHVC-TF,Thoroughbred Breeder (Japan),Japan
SHVC-QW,Thoroughbred Breeder II (Japan),Japan
SHVC-AIWJ,Thoroughbred Breeder III (Japan),Japan
SHVC-TH,Thunder Spirits (Japan),Japan
SNS-TH-USA,Thunder Spirits (USA),USA
SNS-ATHE-USA,"Tick, The (USA)",USA
SNSP-XT,Time Slip (Europe),Europe
SNS-XT,Time Slip (USA),USA
SNSP-X8,Time Trax (Europe),Europe
SNS-X8,Time Trax (USA),USA
SNSP-ATCP-EUR,Timecop (Europe),Europe
SHVC-ATCJ-JPN,Timecop (Japan),Japan
SNS-ATCE-USA,Timecop (USA),USA
SNSP-AJ9P-EUR,Timon & Pumbaa's Jungle Games (Europe),Europe
SNS-AJ9E-USA,Timon & Pumbaa's Jungle Games (USA),USA
SNS-9N,Tin Star (USA),USA
SNSP-A2VP-EUR,"Tintin - Prisoners of the Sun (Europe) (En,Fr,De,Es)",Europe
SNSP-AT6P-EUR,"Tintin in Tibet (Europe) (En,Fr,De,Nl)",Europe
SHVC-TA-JPN,Tiny Toon Adventures (Japan),Japan
SHVC-TA-JPN,Tiny Toon Adventures (Japan) (Rev 1),Japan
SNSP-TA,Tiny Toon Adventures - Buster Busts Loose! (Europe),Europe
SNSP-TA,Tiny Toon Adventures - Buster Busts Loose! (Spain),
SNS-TA-USA,Tiny Toon Adventures - Buster Busts Loose! (USA),USA
SHVC-5Z,Tiny Toon Adventures - Dotabata Daiundoukai (Japan),Japan
SNS-5Z,Tiny Toon Adventures - Wacky Sports Challenge (USA),USA
SNSP-5Z,Tiny Toon Adventures - Wild & Wacky Sports (Europe),Europe
SNSP-5Z,Tiny Toon Adventures - Wild & Wacky Sports (Europe) (Rev 1),Europe
SNS-A9WE-USA,Todd McFarlane's Spawn - The Video Game (USA),USA
SHVC-AM8J-JPN,Tokimeki Memorial - Densetsu no Ki no Shita de (Japan),Japan
SHVC-AM8J-JPN,Tokimeki Memorial - Densetsu no Ki no Shita de (Japan) (Rev 1),Japan
SHVC-ATMJ-JPN,Tokoro's Mahjong (Japan),Japan
SNSP-TJ,Tom and Jerry (Europe),Europe
SNS-TJ,Tom and Jerry (USA),USA
SHVC-TJ,Tom to Jerry (Japan),Japan
SNS-XS,Tommy Moe's Winter Extreme - Skiing and Snowboarding (USA),USA
SNS-WO,Tony Meola's Sidekicks Soccer (USA),USA
SNSP-TR,Top Gear (Europe),Europe
SNS-TR,Top Gear (USA),USA
SNSP-2P,Top Gear 2 (Europe),Europe
SNS-2P,Top Gear 2 (USA),USA
SNSP-A3TP-EUR,Top Gear 3000 (Europe),Europe
SNS-A3TE-USA,Top Gear 3000 (USA),USA
SHVC-QC,Top Management II (Japan),Japan
SHVC-TR,Top Racer (Japan),Japan
SHVC-2P,Top Racer 2 (Japan),Japan
SHVC-ACSJ-JPN,Toride (Japan),Japan
SHVC-TQ,Torneko no Daibouken - Fushigi no Dungeon (Japan),Japan
SHVC-TQ,Torneko no Daibouken - Fushigi no Dungeon (Japan) (Rev 1),Japan
SNSP-XC,Total Carnage (Europe),Europe
SNS-XC,Total Carnage (USA),USA
SHVC-ALAJ-JPN,Tottemo! Lucky Man - Lucky Cookie Roulette de Totsugekii (Japan),Japan
SHVC-ACQJ-JPN,Touge Densetsu - Saisoku Battle (Japan),Japan
SHVC-AT9J-JPN,Tower Dream (Japan),Japan
SNSP-AQHP-EUR,"Toy Story (Europe) (En,Fr,De)",Europe
SHVC-AQHJ-JPN,Toy Story (Japan),Japan
SNS-AQHE-USA,Toy Story (USA),USA
SNS-YT-USA,Toys - Let the Toy Wars begin! (USA),USA
SHVC-A2SJ-JPN,Traverse - Starlight & Prairie (Japan),Japan
SHVC-AEGJ-JPN,Treasure Hunter G (Japan),Japan
SHVC-T6,Trinea (Japan),Japan
SNSP-TX,Troddlers (Europe),Europe
SNS-TX,Troddlers (USA),USA
SNS-YQ,Troy Aikman NFL Football (USA),USA
SNSP-GB-EUR,True Golf Classics - Pebble Beach Golf Links (Europe),Europe
SNS-GB,True Golf Classics - Pebble Beach Golf Links (USA),USA
SNS-TG,True Golf Classics - Waialae Country Club (USA),USA
SNS-W8,True Golf Classics - Wicked 18 (USA),USA
SNSP-ATLP-EUR,True Lies (Europe),Europe
SNSP-ATLP-EUR,True Lies (Germany),
SHVC-ATLJ-JPN,True Lies (Japan),Japan
SNS-ATLE-USA,True Lies (USA),USA
SHVC-LT,Trump Island (Japan),Japan
SHVC-A7MJ-JPN,Tsukikomori (Japan),Japan
SHVC-A7MJ-JPN,Tsukikomori (Japan) (Rev 1) (NP),Japan
SHVC-KW-JPN,Tsuppari Oozumou - Risshinshusse Hen (Japan),Japan
SHVC-2O,Tsuri Tarou (Japan),Japan
SHVC-ATPJ-JPN,Tsuyoshi Shikkari Shinasai - Taisen Puzzle Dama (Japan),Japan
SNSP-TE,Tuff E Nuff (Europe),Europe
SNS-TE,Tuff E Nuff (USA),USA
SNSP-ATTP-EUR,Turbo Toons (Europe),Europe
SHVC-ATUJ-JPN,Turf Hero (Japan),Japan
SHVC-AYZJ-JPN,Turf Memories (Japan),Japan
SNSP-ZN,Turn and Burn - No-Fly Zone (Europe),Europe
SNSP-ZN,Turn and Burn - No-Fly Zone (Spain),
SNS-ZN-USA,Turn and Burn - No-Fly Zone (USA),USA
SHVC-T7,TwinBee - Rainbow Bell Adventure (Japan),Japan
SNS-83,"Twisted Tales of Spike McFang, The (USA)",USA
SHVC-Y9,U.F.O. Kamen Yakisoban - Kettler no Kuroi Inbou (Japan),Japan
SHVC-Y9,U.F.O. Kamen Yakisoban - Kettler no Kuroi Inbou (Japan) (Keihin Ban),Japan
SNSP-E8,U.N. Squadron (Europe),Europe
SNS-E8,U.N. Squadron (USA),USA
SHVC-UI,USA Ice Hockey (Japan),Japan
SHVC-UI,USA Ice Hockey (Japan) (Rev 1),Japan
SHVC-3A,Uchuu Race - Astro Go! Go! (Japan),Japan
SHVC-T8,Uchuu no Kishi Tekkaman Blade (Japan),Japan
SHVC-AVGJ-JPN,Ultima - Kyouryuu Teikoku (Japan),Japan
SNS-7U,Ultima - Runes of Virtue II (USA),USA
SNS-71,Ultima - The Black Gate (USA),USA
SNS-U6,Ultima - The False Prophet (USA),USA
SHVC-6V,Ultima Gaiden - Kuro Kishi no Inbou (Japan),Japan
SHVC-U6,Ultima VI - Itsuwari no Yogensha (Japan),Japan
SHVC-7I,Ultima VII - The Black Gate (Japan),Japan
SNS-HP,Ultimate Fighter (USA),USA
SHVC-UF-JPN,Ultimate Football (Japan),Japan
SNSP-A3MP-EUR,Ultimate Mortal Kombat 3 (Europe),Europe
SNS-A3ZE-USA,Ultimate Mortal Kombat 3 (USA),USA
SHVC-U2,Ultra Baseball Jitsumei Ban (Japan),Japan
SHVC-ABJJ,Ultra Baseball Jitsumei Ban 2 (Japan),Japan
SHVC-AU2J,Ultra Baseball Jitsumei Ban 3 (Japan),Japan
SHVC-A7YJ-JPN,Ultra League - Moero! Soccer Daikessen!! (Japan),Japan
SHVC-U7,Ultra Seven (Japan),Japan
SHVC-UM,Ultraman (Japan),Japan
SNS-UM,Ultraman (USA),USA
SHVC-A6UJ-JPN,Umi no Nushi Tsuri (Japan),Japan
SHVC-A6UJ-JPN,Umi no Nushi Tsuri (Japan) (Rev 1),Japan
SHVC-ATAJ-JPN,Umihara Kawase (Japan),Japan
SHVC-AUFJ,Umizuri Meijin - Suzuki Hen (Japan),Japan
SNS-QK,Uncharted Waters (USA),USA
SHVC-ANZJ-JPN,Undake 30 Same Game Daisakusen - Mario Version (Japan),Japan
SHVC-AUCJ-JPN,Undercover Cops (Japan),Japan
SNS-4L,Uniracers (USA),USA
SNSP-4L,Unirally (Europe),Europe
SNS-UC,"Untouchables, The (USA)",USA
SNSP-AUSP-EUR,Urban Strike (Europe),Europe
SNS-AUSE-USA,Urban Strike (USA),USA
SHVC-UT-JPN,Ushio to Tora (Japan),Japan
SNSP-UP,Utopia (Germany),
SHVC-UP,Utopia (Japan),Japan
SNSP-UP,Utopia - The Creation of a Nation (Europe),Europe
SNS-UP,Utopia - The Creation of a Nation (USA),USA
SNSP-8Z-EUR,Val d'Isere Championship (Europe),Europe
SNSP-8Z-EUR,Val d'Isere Championship (France),
SNSP-VS,Vegas Stakes (Europe),Europe
SNS-VS,Vegas Stakes (USA),USA
SNSP-A2CP-EUR,Venom - Spider-Man - Separation Anxiety (Europe),Europe
SNS-A2CE-USA,Venom - Spider-Man - Separation Anxiety (USA),USA
SHVC-AVWJ-JPN,Verne World (Japan),Japan
SHVC-VD,Viking no Daimeiwaku (Japan),Japan
SNSP-AVBP-EUR,Virtual Bart (Europe),Europe
SHVC-AVBJ-JPN,Virtual Bart (Japan),Japan
SNS-AVBE-USA,Virtual Bart (USA),USA
SNSP-VX,Virtual Soccer (Europe),Europe
SHVC-VJ,Virtual Wars (Japan),Japan
SHVC-VT-JPN,Volleyball Twin (Japan),Japan
SNSP-4V,"Vortex (Europe) (En,Es)",Europe
SHVC-4V,"Vortex (Japan) (En,Ja)",Japan
SNS-4V,"Vortex (USA) (En,Es)",USA
SHVC-AU3J-JPN,Vs. Collection (Japan),Japan
SNS-AWRE-USA,WCW Super Brawl Wrestling (USA),USA
SNSP-AWFP-EUR,WWF Raw (Europe),Europe
SNS-AWFE-USA,WWF Raw (USA),USA
SHVC-WU,WWF Royal Rumble (Japan),Japan
SNS-WU,WWF Royal Rumble (USA),USA
SNSP-WF,WWF Super WrestleMania (Europe),Europe
SHVC-WF,WWF Super WrestleMania (Japan),Japan
SNS-WF,WWF Super WrestleMania (USA),USA
SNSP-AWVP-EUR,WWF WrestleMania - The Arcade Game (Europe),Europe
SHVC-AWVJ-JPN,WWF WrestleMania - The Arcade Game (Japan),Japan
SNS-AWVE-USA,WWF WrestleMania - The Arcade Game (USA),USA
SHVC-AWLJ-JPN,Wagyan Paradise (Japan),Japan
SHVC-OW-JPN,Wakataka Oozumou - Yume no Kyoudai Taiketsu (Japan),Japan
SHVC-ASKJ-JPN,Wakuwaku Ski Wonder Spur (Japan),Japan
SHVC-WA,Wally o Sagase! - Ehon no Kuni no Daibouken (Japan),Japan
SNS-A2AE-USA,War 2410 (USA),USA
SNS-AZNE-USA,War 3010 - The Revolution (USA),USA
SHVC-55,Waratte Iitomo! Tamolympic (Japan),Japan
SNSP-65,Wario's Woods (Europe),Europe
SNS-65-USA,Wario's Woods (USA),USA
SNSP-AWKP-EUR,Warlock (Europe),Europe
SHVC-AWKJ-JPN,Warlock (Japan),Japan
SNS-AWKE-USA,Warlock (USA),USA
SNS-WP,WarpSpeed (USA),USA
SNSP-AWEP-EUR,Waterworld (Europe),Europe
SNS-AWZE,Wayne Gretzky and the NHLPA All-Stars (USA),USA
SNSP-WW,Wayne's World (Europe),Europe
SNS-WW,Wayne's World (USA),USA
SNS-6D-USA,We're Back! - A Dinosaur's Story (USA),USA
SNSP-AWDP-EUR,WeaponLord (Europe),Europe
SNS-AWDE-USA,WeaponLord (USA),USA
SHVC-AWHJ-JPN,Wedding Peach (Japan),Japan
SNS-WL,Wheel of Fortune (USA),USA
SNS-XF,Wheel of Fortune - Deluxe Edition (USA),USA
SNS-WN,"Where in Time Is Carmen Sandiego (USA) (En,Fr,De,Es,It)",USA
SNSP-WX,"Where in the World Is Carmen Sandiego (Europe) (En,Fr,De,Es,It)",Europe
SNS-WX,"Where in the World Is Carmen Sandiego (USA) (En,Fr,De,Es,It)",USA
SNSP-SH,Whirlo (Europe),Europe
SNSP-AZWP-EUR,Whizz (Europe),Europe
SNS-AZWE-USA,Whizz (USA),USA
SNSP-4W,Wild Guns (Europe),Europe
SHVC-4W,Wild Guns (Japan),Japan
SNS-4W,Wild Guns (USA),USA
SNS-AWSE-USA,Wild Snake (USA),USA
SHVC-CQ,Wild Trax (Japan) (Rev 1),Japan
SNSP-AW8P-EUR,Williams Arcade's Greatest Hits (Europe),Europe
SNS-AW8E-USA,Williams Arcade's Greatest Hits (USA),USA
SNSP-WC,Wing Commander (Europe),Europe
SNSP-WC,Wing Commander (Germany),
SHVC-WC,Wing Commander (Japan),Japan
SNS-WC,Wing Commander (USA),USA
SNSP-2W,Wing Commander - The Secret Missions (Europe),Europe
SNS-2W,Wing Commander - The Secret Missions (USA),USA
SNS-WG,Wings 2 - Aces High (USA),USA
SHVC-WJ,Winning Post (Japan),Japan
SHVC-WJ,Winning Post (Japan) (Rev 1),Japan
SHVC-AW9J-JPN,Winning Post 2 - Program '96 (Japan),Japan
SHVC-AW9J-JPN,Winning Post 2 - Program '96 (Japan) (Rev 1),Japan
SNSP-ASXP,Winter Gold (Europe),Europe
SNSP-W4,"Winter Olympic Games - Lillehammer '94 (Europe) (En,Fr,De,Es,It,Pt,Sv,No)",Europe
SNS-W4,"Winter Olympic Games - Lillehammer '94 (USA) (En,Fr,De,Es,It,Pt,Sv,No)",USA
SHVC-WQ,Wizap! - Ankoku no Ou (Japan),Japan
SNS-W6,"Wizard of Oz, The (USA)",USA
SHVC-BWZJ-JPN,Wizardry I-II-III - Story of Llylgamyn (Japan) (NP),Japan
SNS-W5,Wizardry V - Heart of the Maelstrom (USA),USA
SHVC-W5,Wizardry V - Saika no Chuushin (Japan),Japan
SHVC-AW6J-JPN,Wizardry VI - Kindan no Mahitsu (Japan),Japan
SNS-WH,Wolfchild (USA),USA
SNS-6W,Wolfenstein 3-D (USA),USA
SNSP-6W,Wolfenstein 3D (Europe),Europe
SHVC-6W,Wolfenstein 3D - The Claw of Eisenfaust (Japan),Japan
SHVC-AWXJ-JPN,Wolverine (Japan),Japan
SNS-AWXE-USA,Wolverine - Adamantium Rage (USA),USA
SHVC-APJJ-JPN,Wonder Project J - Kikai no Shounen Pino (Japan),Japan
SHVC-UH,Wondrous Magic (Japan),Japan
SNS-WT,Wordtris (USA),USA
SNSP-WY,World Class Rugby (Europe),Europe
SNSP-WY,World Class Rugby (France),
SHVC-WY,World Class Rugby (Japan),Japan
SHVC-2R-JPN,World Class Rugby 2 - Kokunai Gekitou Hen '93 (Japan),Japan
SNSP-5W,"World Cup Striker (Europe) (En,Fr,De)",Europe
SHVC-5W,World Cup Striker (Japan),Japan
SNSP-U4,"World Cup USA 94 (Europe) (En,Fr,De,Es,It,Nl,Pt,Sv)",Europe
SHVC-U4-JPN,"World Cup USA 94 (Japan) (En,Fr,De,Es,It,Nl,Pt,Sv)",Japan
SNS-U4-USA,"World Cup USA 94 (USA) (En,Fr,De,Es,It,Nl,Pt,Sv)",USA
SNSP-WZ-FAH,World Heroes (Europe),Europe
SHVC-WZ-JPN,World Heroes (Japan),Japan
SNS-WZ,World Heroes (USA),USA
SHVC-JI-JPN,World Heroes 2 (Japan),Japan
SNS-JI,World Heroes 2 (USA),USA
SNSP-LB,World League Basketball (Europe),Europe
SNS-WS-USA,World League Soccer (USA),USA
SNSP-AW5P-EUR,World Masters Golf (Europe),Europe
SHVC-WO,World Soccer (Japan),Japan
SNS-WO,World Soccer 94 - Road to Glory (USA),USA
SNSP-AW3P-UKV,Worms (Europe),Europe
SHVC-BWCJ-JPN,Wrecking Crew '98 (Japan),Japan
SNSP-XZ,X Zone (Europe),Europe
SNSP-X7-EUR,X-Kaliber 2097 (Europe),Europe
SNS-X7,X-Kaliber 2097 (USA),USA
SNSP-AXMP-EUR,X-Men - Mutant Apocalypse (Europe),Europe
SHVC-AXMJ-JPN,X-Men - Mutant Apocalypse (Japan),Japan
SNS-AXME-USA,X-Men - Mutant Apocalypse (USA),USA
SHVC-XK-JPN,Xak - The Art of Visual Stage (Japan),Japan
SHVC-SH,Xandra no Daibouken - Valkyrie to no Deai (Japan),Japan
SNS-XA,Xardion (USA),USA
SHVC-YA,Yadamon - Wonderland Dreams (Japan),Japan
SHVC-ADJJ-JPN,Yakouchuu (Japan),Japan
SHVC-AYMJ-JPN,Yam Yam (Japan),Japan
SHVC-UY-JPN,Yamaneko Bubsy no Daibouken (Japan),Japan
SHVC-Y8-JPN,Yogi Bear (Japan),Japan
SNSP-Y8-EUR,Yogi Bear's Cartoon Capers (Europe),Europe
SHVC-3G,Yokoyama Mitsuteru Sangokushi (Japan),Japan
SHVC-3G,Yokoyama Mitsuteru Sangokushi (Japan) (Rev 1),Japan
SHVC-32-JPN,Yokoyama Mitsuteru Sangokushi 2 (Japan),Japan
SHVC-AYBJ-JPN,Yokoyama Mitsuteru Sangokushi Bangi - Sugoroku Eiyuu-ki (Japan),Japan
SHVC-5U,Yokozuna Monogatari (Japan),Japan
SHVC-5U,Yokozuna Monogatari (Japan) (Rev 1),Japan
SHVC-YC,Yoshi no Cookie (Japan),Japan
SHVC-RH,Yoshi no Road Hunting (Japan),Japan
SNSP-YC,Yoshi's Cookie (Europe),Europe
SNS-YC,Yoshi's Cookie (USA),USA
SNSP-RH,Yoshi's Safari (Europe),Europe
SNS-RH,Yoshi's Safari (USA),USA
SHVC-ADPJ-JPN,Youchien Senki Madara (Japan),Japan
SHVC-AYOJ-JPN,Youkai Buster - Ruka no Daibouken (Japan),Japan
SNSP-Y6,Young Merlin (Europe),Europe
SNS-Y6,Young Merlin (USA),USA
SHVC-YS,Ys III - Wanderers from Ys (Japan),Japan
SNS-YS,Ys III - Wanderers from Ys (USA),USA
SHVC-Y4,Ys IV - Mask of the Sun (Japan),Japan
SHVC-AYVJ-JPN,Ys V - Expert (Japan),Japan
SHVC-AYVJ-JPN,Ys V - Ushinawareta Suna no Miyako Kefin (Japan),Japan
SHVC-YY,Yu Yu Hakusho (Japan),Japan
SHVC-AYYJ-JPN,Yu Yu Hakusho - Tokubetsu Hen (Japan),Japan
SHVC-Y2-JPN,Yu Yu Hakusho 2 - Kakutou no Shou (Japan),Japan
SHVC-AY3J-JPN,Yu Yu Hakusho Final - Makai Saikyou Retsuden (Japan),Japan
SHVC-UG,Yumemaboroshi no Gotoku (Japan),Japan
SHVC-UJ,Yuujin Janjuu Gakuen (Japan),Japan
SHVC-9U,Yuujin Janjuu Gakuen 2 (Japan),Japan
SHVC-U3,Yuujin no Furi Furi Girls (Japan),Japan
SHVC-UU-JPN,Yuuyu no Quiz de Go! Go! (Japan),Japan
SHVC-TOBJ-JPN,Zaitaku Touhyou System - SPAT4-Wide (Japan),Japan
SHVC-AZAJ-JPN,Zakuro no Aji (Japan),Japan
SHVC-ZS,Zan II Spirits (Japan),Japan
SHVC-Z3,Zan III Spirits (Japan),Japan
SHVC-ZL,Zelda no Densetsu - Kamigami no Triforce (Japan),Japan
SHVC-ZL,Zelda no Densetsu - Kamigami no Triforce (Japan) (Rev 1),Japan
SHVC-ZL,Zelda no Densetsu - Kamigami no Triforce (Japan) (Rev 2),Japan
SHVC-AGVJ-JPN,Zen-Nihon GT Senshuken (Japan),Japan
SHVC-JP,Zen-Nihon Pro Wres (Japan),Japan
SHVC-JF,Zen-Nihon Pro Wres - Fight da Pon! (Japan),Japan
SHVC-APRJ-JPN,Zen-Nihon Pro Wres 2 - 3-4 Budoukan (Japan),Japan
SHVC-2J-JPN,Zen-Nihon Pro Wres' - Sekai Saikyou Tag (Japan),Japan
SHVC-AZJJ-JPN,Zenkoku Juudan Ultra Shinri Game (Japan),Japan
SHVC-AY5J,Zenkoku Koukou Soccer (Japan),Japan
SHVC-AY7J,Zenkoku Koukou Soccer 2 (Japan),Japan
SHVC-Q4,Zero 4 Champ RR (Japan),Japan
SHVC-ARZJ-JPN,Zero 4 Champ RR-Z (Japan),Japan
SNSP-AZKP-EUR,Zero the Kamikaze Squirrel (Europe),Europe
SNSP-AZKP-EUR,Zero the Kamikaze Squirrel (Europe) (Rev 1),Europe
SNS-AZKE-USA,Zero the Kamikaze Squirrel (USA),USA
SHVC-ZD,Zico Soccer (Japan),Japan
SHVC-ZP,Zig Zag Cat - Dachou Club mo Oosawagi da (Japan),Japan
SNSP-ZA,Zombies (Europe),Europe
SNS-ZA-USA,Zombies Ate My Neighbors (USA),USA
SNSP-Z8,Zool - Ninja of the 'Nth' Dimension (Europe),Europe
SNS-Z8-USA,Zool - Ninja of the 'Nth' Dimension (USA),USA
SHVC-Z8-JPN,Zool no Yume Bouken (Japan),Japan
SNSP-AZPP-EUR,Zoop (Europe),Europe
SNS-AZPE-USA,Zoop (USA),USA
SHVC-BZMJ-JPN,Zootto Mahjong! (Japan) (NP),Japan
